
 Ansys Mechanical Enterprise Academic Student      


 *------------------------------------------------------------------*
 |                                                                  |
 |   W E L C O M E   T O   T H E   A N S Y S (R)  P R O G R A M     |
 |                                                                  |
 *------------------------------------------------------------------*




 ***************************************************************
 *         ANSYS MAPDL 2026 R1          LEGAL NOTICES          *
 ***************************************************************
 *                                                             *
 * Copyright (c) 2026 Synopsys, Inc. and ANSYS, Inc.           *
 * All rights reserved.                                        *
 * Unauthorized use, distribution or duplication is            *
 * prohibited.                                                 *
 *                                                             *
 * Ansys is a registered trademark of Ansys, Inc. or its       *
 * subsidiaries in the United States or other countries.       *
 * See the Ansys, Inc. online documentation or the Ansys, Inc. *
 * documentation CD or online help for the complete Legal      *
 * Notice.                                                     *
 *                                                             *
 ***************************************************************
 *                                                             *
 * THIS ANSYS SOFTWARE PRODUCT AND PROGRAM DOCUMENTATION       *
 * INCLUDE TRADE SECRETS AND CONFIDENTIAL AND PROPRIETARY      *
 * PRODUCTS OF ANSYS, INC., ITS SUBSIDIARIES, OR LICENSORS.    *
 * The software products and documentation are furnished by    *
 * Ansys, Inc. or its subsidiaries under a software license    *
 * agreement that contains provisions concerning               *
 * non-disclosure, copying, length and nature of use,          *
 * compliance with exporting laws, warranties, disclaimers,    *
 * limitations of liability, and remedies, and other           *
 * provisions.  The software products and documentation may be *
 * used, disclosed, transferred, or copied only in accordance  *
 * with the terms and conditions of that software license      *
 * agreement.                                                  *
 *                                                             *
 * Ansys, Inc. is a UL registered                              *
 * ISO 9001:2015 company.                                      *
 *                                                             *
 ***************************************************************
 *                                                             *
 * This product is subject to U.S. laws governing export and   *
 * re-export.                                                  *
 *                                                             *
 * For U.S. Government users, except as specifically granted   *
 * by the Ansys, Inc. software license agreement, the use,     *
 * duplication, or disclosure by the United States Government  *
 * is subject to restrictions stated in the Ansys, Inc.        *
 * software license agreement and FAR 12.212 (for non-DOD      *
 * licenses).                                                  *
 *                                                             *
 ***************************************************************

 2026 R1 
     
 Point Releases and Patches installed:   
     
 Ansys, Inc. License Manager 2026 R1 
 Discovery (full install) 2026 R1
 Core WB Files 2026 R1   
 optiSLang Core UI 2026 R1   
 CFX (includes CFD-Post) 2026 R1 
 Chemkin 2026 R1 
 EnSight 2026 R1 
 FENSAP-ICE 2026 R1  
 Fluent (includes CFD-Post) 2026 R1  
 Polyflow (includes CFD-Post) 2026 R1
 Forte (includes EnSight) 2026 R1
 Rocky 2026 R1   
 TurboGrid 2026 R1   
 ACIS Geometry Interface 2026 R1 
 AutoCAD Geometry Interface 2026 R1  
 Catia, Version 4 Geometry Interface 2026 R1 
 Catia, Version 5 Geometry Interface 2026 R1 
 Catia, Version 6 Geometry Interface 2026 R1 
 Creo Elements/Direct Modeling Geometry Interface 2026 R1
 Creo Parametric Geometry Interface 2026 R1  
 Inventor Geometry Interface 2026 R1 
 JTOpen Geometry Interface 2026 R1   
 NX Geometry Interface 2026 R1   
 Parasolid Geometry Interface  2026 R1   
 Solid Edge Geometry Interface 2026 R1   
 SOLIDWORKS Geometry Interface 2026 R1   
 Speos 2026 R1   
 SpaceClaim 2026 R1  
 Speos RPC 2026 R1   
 Zemax OpticStudio 2026 R1   
 Dynamic Reporting 2026 R1   
 Aqwa 2026 R1
 Autodyn 2026 R1 
 Material Calibration App 2026 R1
 Mechanical Products 2026 R1 
 Motion 2026 R1  
 Academic Student 2026 R1


          *****  MAPDL COMMAND LINE ARGUMENTS  *****
  INITIAL JOBNAME              = stage10                                                                                                                                                                                                                                                 
  BATCH MODE REQUESTED (-b)    = LIST
  INPUT FILE COPY MODE (-c)    = COPY
       1 PARALLEL PROCESSES REQUESTED WITH SINGLE THREAD PER PROCESS
    TOTAL OF     1 CORES REQUESTED
  INPUT FILE NAME              = C:\Users\asus\AppData\Local\Temp\FDM_stage10_contact_augmented_fkn_0p1_04hlpojd\input.dat
  OUTPUT FILE NAME             = C:\Users\asus\AppData\Local\Temp\FDM_stage10_contact_augmented_fkn_0p1_04hlpojd\mapdl.out

 RELEASE= 2026 R1              BUILD= 26.1      UP20260202   VERSION=WINDOWS x64 
 CURRENT JOBNAME=stage10  21:08:19  SEP 14, 2026  Elapsed Time=       0.203

     1  /BATCH  
     2  /FILNAME,stage10_contact
     3  /TITLE,Stage 10 contact-control verification
     4  /PREP7  
     5  ET,1,182
     6  KEYOPT,1,3,2
     7  ET,2,169
     8  ET,3,172
     9  KEYOPT,3,2,0
    10  KEYOPT,3,4,0
    11  KEYOPT,3,10,2   
    12  R,1,1   
    13  R,3,0.1,0.1,0,2 
    14  MP,EX,1,2000
    15  MP,PRXY,1,0.3   
    16  MP,ALPX,1,0.0001
    17  MP,MU,1,0   
    18  TYPE,1  
    19  REAL,1  
    20  MAT,1   
    21  N,1,0,0,0   
    22  N,2,0.25,0,0
    23  N,3,0.5,0,0 
    24  N,4,0.75,0,0
    25  N,5,1,0,0   
    26  N,6,1.25,0,0
    27  N,7,1.5,0,0 
    28  N,8,1.75,0,0
    29  N,9,2,0,0   
    30  N,10,2.25,0,0   
    31  N,11,2.5,0,0
    32  N,12,2.75,0,0   
    33  N,13,3,0,0  
    34  N,14,3.25,0,0   
    35  N,15,3.5,0,0
    36  N,16,3.75,0,0   
    37  N,17,4,0,0  
    38  N,18,4.25,0,0   
    39  N,19,4.5,0,0
    40  N,20,4.75,0,0   
    41  N,21,5,0,0  
    42  N,22,5.25,0,0   
    43  N,23,5.5,0,0
    44  N,24,5.75,0,0   
    45  N,25,6,0,0  
    46  N,26,6.25,0,0   
    47  N,27,6.5,0,0
    48  N,28,6.75,0,0   
    49  N,29,7,0,0  
    50  N,30,7.25,0,0   
    51  N,31,7.5,0,0
    52  N,32,7.75,0,0   
    53  N,33,8,0,0  
    54  N,34,8.25,0,0   
    55  N,35,8.5,0,0
    56  N,36,8.75,0,0   
    57  N,37,9,0,0  
    58  N,38,9.25,0,0   
    59  N,39,9.5,0,0
    60  N,40,9.75,0,0   
    61  N,41,10,0,0 
    62  N,42,0,0.25,0   
    63  N,43,0.25,0.25,0
    64  N,44,0.5,0.25,0 
    65  N,45,0.75,0.25,0
    66  N,46,1,0.25,0   
    67  N,47,1.25,0.25,0
    68  N,48,1.5,0.25,0 
    69  N,49,1.75,0.25,0
    70  N,50,2,0.25,0   
    71  N,51,2.25,0.25,0
    72  N,52,2.5,0.25,0 
    73  N,53,2.75,0.25,0
    74  N,54,3,0.25,0   
    75  N,55,3.25,0.25,0
    76  N,56,3.5,0.25,0 
    77  N,57,3.75,0.25,0
    78  N,58,4,0.25,0   
    79  N,59,4.25,0.25,0
    80  N,60,4.5,0.25,0 
    81  N,61,4.75,0.25,0
    82  N,62,5,0.25,0   
    83  N,63,5.25,0.25,0
    84  N,64,5.5,0.25,0 
    85  N,65,5.75,0.25,0
    86  N,66,6,0.25,0   
    87  N,67,6.25,0.25,0
    88  N,68,6.5,0.25,0 
    89  N,69,6.75,0.25,0
    90  N,70,7,0.25,0   
    91  N,71,7.25,0.25,0
    92  N,72,7.5,0.25,0 
    93  N,73,7.75,0.25,0
    94  N,74,8,0.25,0   
    95  N,75,8.25,0.25,0
    96  N,76,8.5,0.25,0 
    97  N,77,8.75,0.25,0
    98  N,78,9,0.25,0   
    99  N,79,9.25,0.25,0
   100  N,80,9.5,0.25,0 
   101  N,81,9.75,0.25,0
   102  N,82,10,0.25,0  
   103  N,83,0,0.5,0
   104  N,84,0.25,0.5,0 
   105  N,85,0.5,0.5,0  
   106  N,86,0.75,0.5,0 
   107  N,87,1,0.5,0
   108  N,88,1.25,0.5,0 
   109  N,89,1.5,0.5,0  
   110  N,90,1.75,0.5,0 
   111  N,91,2,0.5,0
   112  N,92,2.25,0.5,0 
   113  N,93,2.5,0.5,0  
   114  N,94,2.75,0.5,0 
   115  N,95,3,0.5,0
   116  N,96,3.25,0.5,0 
   117  N,97,3.5,0.5,0  
   118  N,98,3.75,0.5,0 
   119  N,99,4,0.5,0
   120  N,100,4.25,0.5,0
   121  N,101,4.5,0.5,0 
   122  N,102,4.75,0.5,0
   123  N,103,5,0.5,0   
   124  N,104,5.25,0.5,0
   125  N,105,5.5,0.5,0 
   126  N,106,5.75,0.5,0
   127  N,107,6,0.5,0   
   128  N,108,6.25,0.5,0
   129  N,109,6.5,0.5,0 
   130  N,110,6.75,0.5,0
   131  N,111,7,0.5,0   
   132  N,112,7.25,0.5,0
   133  N,113,7.5,0.5,0 
   134  N,114,7.75,0.5,0
   135  N,115,8,0.5,0   
   136  N,116,8.25,0.5,0
   137  N,117,8.5,0.5,0 
   138  N,118,8.75,0.5,0
   139  N,119,9,0.5,0   
   140  N,120,9.25,0.5,0
   141  N,121,9.5,0.5,0 
   142  N,122,9.75,0.5,0
   143  N,123,10,0.5,0  
   144  N,124,0,0.75,0  
   145  N,125,0.25,0.75,0   
   146  N,126,0.5,0.75,0
   147  N,127,0.75,0.75,0   
   148  N,128,1,0.75,0  
   149  N,129,1.25,0.75,0   
   150  N,130,1.5,0.75,0
   151  N,131,1.75,0.75,0   
   152  N,132,2,0.75,0  
   153  N,133,2.25,0.75,0   
   154  N,134,2.5,0.75,0
   155  N,135,2.75,0.75,0   
   156  N,136,3,0.75,0  
   157  N,137,3.25,0.75,0   
   158  N,138,3.5,0.75,0
   159  N,139,3.75,0.75,0   
   160  N,140,4,0.75,0  
   161  N,141,4.25,0.75,0   
   162  N,142,4.5,0.75,0
   163  N,143,4.75,0.75,0   
   164  N,144,5,0.75,0  
   165  N,145,5.25,0.75,0   
   166  N,146,5.5,0.75,0
   167  N,147,5.75,0.75,0   
   168  N,148,6,0.75,0  
   169  N,149,6.25,0.75,0   
   170  N,150,6.5,0.75,0
   171  N,151,6.75,0.75,0   
   172  N,152,7,0.75,0  
   173  N,153,7.25,0.75,0   
   174  N,154,7.5,0.75,0
   175  N,155,7.75,0.75,0   
   176  N,156,8,0.75,0  
   177  N,157,8.25,0.75,0   
   178  N,158,8.5,0.75,0
   179  N,159,8.75,0.75,0   
   180  N,160,9,0.75,0  
   181  N,161,9.25,0.75,0   
   182  N,162,9.5,0.75,0
   183  N,163,9.75,0.75,0   
   184  N,164,10,0.75,0 
   185  N,165,0,1,0 
   186  N,166,0.25,1,0  
   187  N,167,0.5,1,0   
   188  N,168,0.75,1,0  
   189  N,169,1,1,0 
   190  N,170,1.25,1,0  
   191  N,171,1.5,1,0   
   192  N,172,1.75,1,0  
   193  N,173,2,1,0 
   194  N,174,2.25,1,0  
   195  N,175,2.5,1,0   
   196  N,176,2.75,1,0  
   197  N,177,3,1,0 
   198  N,178,3.25,1,0  
   199  N,179,3.5,1,0   
   200  N,180,3.75,1,0  
   201  N,181,4,1,0 
   202  N,182,4.25,1,0  
   203  N,183,4.5,1,0   
   204  N,184,4.75,1,0  
   205  N,185,5,1,0 
   206  N,186,5.25,1,0  
   207  N,187,5.5,1,0   
   208  N,188,5.75,1,0  
   209  N,189,6,1,0 
   210  N,190,6.25,1,0  
   211  N,191,6.5,1,0   
   212  N,192,6.75,1,0  
   213  N,193,7,1,0 
   214  N,194,7.25,1,0  
   215  N,195,7.5,1,0   
   216  N,196,7.75,1,0  
   217  N,197,8,1,0 
   218  N,198,8.25,1,0  
   219  N,199,8.5,1,0   
   220  N,200,8.75,1,0  
   221  N,201,9,1,0 
   222  N,202,9.25,1,0  
   223  N,203,9.5,1,0   
   224  N,204,9.75,1,0  
   225  N,205,10,1,0
   226  N,206,0,1.25,0  
   227  N,207,0.25,1.25,0   
   228  N,208,0.5,1.25,0
   229  N,209,0.75,1.25,0   
   230  N,210,1,1.25,0  
   231  N,211,1.25,1.25,0   
   232  N,212,1.5,1.25,0
   233  N,213,1.75,1.25,0   
   234  N,214,2,1.25,0  
   235  N,215,2.25,1.25,0   
   236  N,216,2.5,1.25,0
   237  N,217,2.75,1.25,0   
   238  N,218,3,1.25,0  
   239  N,219,3.25,1.25,0   
   240  N,220,3.5,1.25,0
   241  N,221,3.75,1.25,0   
   242  N,222,4,1.25,0  
   243  N,223,4.25,1.25,0   
   244  N,224,4.5,1.25,0
   245  N,225,4.75,1.25,0   
   246  N,226,5,1.25,0  
   247  N,227,5.25,1.25,0   
   248  N,228,5.5,1.25,0
   249  N,229,5.75,1.25,0   
   250  N,230,6,1.25,0  
   251  N,231,6.25,1.25,0   
   252  N,232,6.5,1.25,0
   253  N,233,6.75,1.25,0   
   254  N,234,7,1.25,0  
   255  N,235,7.25,1.25,0   
   256  N,236,7.5,1.25,0
   257  N,237,7.75,1.25,0   
   258  N,238,8,1.25,0  
   259  N,239,8.25,1.25,0   
   260  N,240,8.5,1.25,0
   261  N,241,8.75,1.25,0   
   262  N,242,9,1.25,0  
   263  N,243,9.25,1.25,0   
   264  N,244,9.5,1.25,0
   265  N,245,9.75,1.25,0   
   266  N,246,10,1.25,0 
   267  N,247,0,1.5,0   
   268  N,248,0.25,1.5,0
   269  N,249,0.5,1.5,0 
   270  N,250,0.75,1.5,0
   271  N,251,1,1.5,0   
   272  N,252,1.25,1.5,0
   273  N,253,1.5,1.5,0 
   274  N,254,1.75,1.5,0
   275  N,255,2,1.5,0   
   276  N,256,2.25,1.5,0
   277  N,257,2.5,1.5,0 
   278  N,258,2.75,1.5,0
   279  N,259,3,1.5,0   
   280  N,260,3.25,1.5,0
   281  N,261,3.5,1.5,0 
   282  N,262,3.75,1.5,0
   283  N,263,4,1.5,0   
   284  N,264,4.25,1.5,0
   285  N,265,4.5,1.5,0 
   286  N,266,4.75,1.5,0
   287  N,267,5,1.5,0   
   288  N,268,5.25,1.5,0
   289  N,269,5.5,1.5,0 
   290  N,270,5.75,1.5,0
   291  N,271,6,1.5,0   
   292  N,272,6.25,1.5,0
   293  N,273,6.5,1.5,0 
   294  N,274,6.75,1.5,0
   295  N,275,7,1.5,0   
   296  N,276,7.25,1.5,0
   297  N,277,7.5,1.5,0 
   298  N,278,7.75,1.5,0
   299  N,279,8,1.5,0   
   300  N,280,8.25,1.5,0
   301  N,281,8.5,1.5,0 
   302  N,282,8.75,1.5,0
   303  N,283,9,1.5,0   
   304  N,284,9.25,1.5,0
   305  N,285,9.5,1.5,0 
   306  N,286,9.75,1.5,0
   307  N,287,10,1.5,0  
   308  N,288,0,1.75,0  
   309  N,289,0.25,1.75,0   
   310  N,290,0.5,1.75,0
   311  N,291,0.75,1.75,0   
   312  N,292,1,1.75,0  
   313  N,293,1.25,1.75,0   
   314  N,294,1.5,1.75,0
   315  N,295,1.75,1.75,0   
   316  N,296,2,1.75,0  
   317  N,297,2.25,1.75,0   
   318  N,298,2.5,1.75,0
   319  N,299,2.75,1.75,0   
   320  N,300,3,1.75,0  
   321  N,301,3.25,1.75,0   
   322  N,302,3.5,1.75,0
   323  N,303,3.75,1.75,0   
   324  N,304,4,1.75,0  
   325  N,305,4.25,1.75,0   
   326  N,306,4.5,1.75,0
   327  N,307,4.75,1.75,0   
   328  N,308,5,1.75,0  
   329  N,309,5.25,1.75,0   
   330  N,310,5.5,1.75,0
   331  N,311,5.75,1.75,0   
   332  N,312,6,1.75,0  
   333  N,313,6.25,1.75,0   
   334  N,314,6.5,1.75,0
   335  N,315,6.75,1.75,0   
   336  N,316,7,1.75,0  
   337  N,317,7.25,1.75,0   
   338  N,318,7.5,1.75,0
   339  N,319,7.75,1.75,0   
   340  N,320,8,1.75,0  
   341  N,321,8.25,1.75,0   
   342  N,322,8.5,1.75,0
   343  N,323,8.75,1.75,0   
   344  N,324,9,1.75,0  
   345  N,325,9.25,1.75,0   
   346  N,326,9.5,1.75,0
   347  N,327,9.75,1.75,0   
   348  N,328,10,1.75,0 
   349  N,329,0,2,0 
   350  N,330,0.25,2,0  
   351  N,331,0.5,2,0   
   352  N,332,0.75,2,0  
   353  N,333,1,2,0 
   354  N,334,1.25,2,0  
   355  N,335,1.5,2,0   
   356  N,336,1.75,2,0  
   357  N,337,2,2,0 
   358  N,338,2.25,2,0  
   359  N,339,2.5,2,0   
   360  N,340,2.75,2,0  
   361  N,341,3,2,0 
   362  N,342,3.25,2,0  
   363  N,343,3.5,2,0   
   364  N,344,3.75,2,0  
   365  N,345,4,2,0 
   366  N,346,4.25,2,0  
   367  N,347,4.5,2,0   
   368  N,348,4.75,2,0  
   369  N,349,5,2,0 
   370  N,350,5.25,2,0  
   371  N,351,5.5,2,0   
   372  N,352,5.75,2,0  
   373  N,353,6,2,0 
   374  N,354,6.25,2,0  
   375  N,355,6.5,2,0   
   376  N,356,6.75,2,0  
   377  N,357,7,2,0 
   378  N,358,7.25,2,0  
   379  N,359,7.5,2,0   
   380  N,360,7.75,2,0  
   381  N,361,8,2,0 
   382  N,362,8.25,2,0  
   383  N,363,8.5,2,0   
   384  N,364,8.75,2,0  
   385  N,365,9,2,0 
   386  N,366,9.25,2,0  
   387  N,367,9.5,2,0   
   388  N,368,9.75,2,0  
   389  N,369,10,2,0
   390  N,370,0,2.25,0  
   391  N,371,0.25,2.25,0   
   392  N,372,0.5,2.25,0
   393  N,373,0.75,2.25,0   
   394  N,374,1,2.25,0  
   395  N,375,1.25,2.25,0   
   396  N,376,1.5,2.25,0
   397  N,377,1.75,2.25,0   
   398  N,378,2,2.25,0  
   399  N,379,2.25,2.25,0   
   400  N,380,2.5,2.25,0
   401  N,381,2.75,2.25,0   
   402  N,382,3,2.25,0  
   403  N,383,3.25,2.25,0   
   404  N,384,3.5,2.25,0
   405  N,385,3.75,2.25,0   
   406  N,386,4,2.25,0  
   407  N,387,4.25,2.25,0   
   408  N,388,4.5,2.25,0
   409  N,389,4.75,2.25,0   
   410  N,390,5,2.25,0  
   411  N,391,5.25,2.25,0   
   412  N,392,5.5,2.25,0
   413  N,393,5.75,2.25,0   
   414  N,394,6,2.25,0  
   415  N,395,6.25,2.25,0   
   416  N,396,6.5,2.25,0
   417  N,397,6.75,2.25,0   
   418  N,398,7,2.25,0  
   419  N,399,7.25,2.25,0   
   420  N,400,7.5,2.25,0
   421  N,401,7.75,2.25,0   
   422  N,402,8,2.25,0  
   423  N,403,8.25,2.25,0   
   424  N,404,8.5,2.25,0
   425  N,405,8.75,2.25,0   
   426  N,406,9,2.25,0  
   427  N,407,9.25,2.25,0   
   428  N,408,9.5,2.25,0
   429  N,409,9.75,2.25,0   
   430  N,410,10,2.25,0 
   431  N,411,0,2.5,0   
   432  N,412,0.25,2.5,0
   433  N,413,0.5,2.5,0 
   434  N,414,0.75,2.5,0
   435  N,415,1,2.5,0   
   436  N,416,1.25,2.5,0
   437  N,417,1.5,2.5,0 
   438  N,418,1.75,2.5,0
   439  N,419,2,2.5,0   
   440  N,420,2.25,2.5,0
   441  N,421,2.5,2.5,0 
   442  N,422,2.75,2.5,0
   443  N,423,3,2.5,0   
   444  N,424,3.25,2.5,0
   445  N,425,3.5,2.5,0 
   446  N,426,3.75,2.5,0
   447  N,427,4,2.5,0   
   448  N,428,4.25,2.5,0
   449  N,429,4.5,2.5,0 
   450  N,430,4.75,2.5,0
   451  N,431,5,2.5,0   
   452  N,432,5.25,2.5,0
   453  N,433,5.5,2.5,0 
   454  N,434,5.75,2.5,0
   455  N,435,6,2.5,0   
   456  N,436,6.25,2.5,0
   457  N,437,6.5,2.5,0 
   458  N,438,6.75,2.5,0
   459  N,439,7,2.5,0   
   460  N,440,7.25,2.5,0
   461  N,441,7.5,2.5,0 
   462  N,442,7.75,2.5,0
   463  N,443,8,2.5,0   
   464  N,444,8.25,2.5,0
   465  N,445,8.5,2.5,0 
   466  N,446,8.75,2.5,0
   467  N,447,9,2.5,0   
   468  N,448,9.25,2.5,0
   469  N,449,9.5,2.5,0 
   470  N,450,9.75,2.5,0
   471  N,451,10,2.5,0  
   472  N,452,0,2.75,0  
   473  N,453,0.25,2.75,0   
   474  N,454,0.5,2.75,0
   475  N,455,0.75,2.75,0   
   476  N,456,1,2.75,0  
   477  N,457,1.25,2.75,0   
   478  N,458,1.5,2.75,0
   479  N,459,1.75,2.75,0   
   480  N,460,2,2.75,0  
   481  N,461,2.25,2.75,0   
   482  N,462,2.5,2.75,0
   483  N,463,2.75,2.75,0   
   484  N,464,3,2.75,0  
   485  N,465,3.25,2.75,0   
   486  N,466,3.5,2.75,0
   487  N,467,3.75,2.75,0   
   488  N,468,4,2.75,0  
   489  N,469,4.25,2.75,0   
   490  N,470,4.5,2.75,0
   491  N,471,4.75,2.75,0   
   492  N,472,5,2.75,0  
   493  N,473,5.25,2.75,0   
   494  N,474,5.5,2.75,0
   495  N,475,5.75,2.75,0   
   496  N,476,6,2.75,0  
   497  N,477,6.25,2.75,0   
   498  N,478,6.5,2.75,0
   499  N,479,6.75,2.75,0   
   500  N,480,7,2.75,0  
   501  N,481,7.25,2.75,0   
   502  N,482,7.5,2.75,0
   503  N,483,7.75,2.75,0   
   504  N,484,8,2.75,0  
   505  N,485,8.25,2.75,0   
   506  N,486,8.5,2.75,0
   507  N,487,8.75,2.75,0   
   508  N,488,9,2.75,0  
   509  N,489,9.25,2.75,0   
   510  N,490,9.5,2.75,0
   511  N,491,9.75,2.75,0   
   512  N,492,10,2.75,0 
   513  N,493,0,3,0 
   514  N,494,0.25,3,0  
   515  N,495,0.5,3,0   
   516  N,496,0.75,3,0  
   517  N,497,1,3,0 
   518  N,498,1.25,3,0  
   519  N,499,1.5,3,0   
   520  N,500,1.75,3,0  
   521  N,501,2,3,0 
   522  N,502,2.25,3,0  
   523  N,503,2.5,3,0   
   524  N,504,2.75,3,0  
   525  N,505,3,3,0 
   526  N,506,3.25,3,0  
   527  N,507,3.5,3,0   
   528  N,508,3.75,3,0  
   529  N,509,4,3,0 
   530  N,510,4.25,3,0  
   531  N,511,4.5,3,0   
   532  N,512,4.75,3,0  
   533  N,513,5,3,0 
   534  N,514,5.25,3,0  
   535  N,515,5.5,3,0   
   536  N,516,5.75,3,0  
   537  N,517,6,3,0 
   538  N,518,6.25,3,0  
   539  N,519,6.5,3,0   
   540  N,520,6.75,3,0  
   541  N,521,7,3,0 
   542  N,522,7.25,3,0  
   543  N,523,7.5,3,0   
   544  N,524,7.75,3,0  
   545  N,525,8,3,0 
   546  N,526,8.25,3,0  
   547  N,527,8.5,3,0   
   548  N,528,8.75,3,0  
   549  N,529,9,3,0 
   550  N,530,9.25,3,0  
   551  N,531,9.5,3,0   
   552  N,532,9.75,3,0  
   553  N,533,10,3,0
   554  N,534,0,3.25,0  
   555  N,535,0.25,3.25,0   
   556  N,536,0.5,3.25,0
   557  N,537,0.75,3.25,0   
   558  N,538,1,3.25,0  
   559  N,539,1.25,3.25,0   
   560  N,540,1.5,3.25,0
   561  N,541,1.75,3.25,0   
   562  N,542,2,3.25,0  
   563  N,543,2.25,3.25,0   
   564  N,544,2.5,3.25,0
   565  N,545,2.75,3.25,0   
   566  N,546,3,3.25,0  
   567  N,547,3.25,3.25,0   
   568  N,548,3.5,3.25,0
   569  N,549,3.75,3.25,0   
   570  N,550,4,3.25,0  
   571  N,551,4.25,3.25,0   
   572  N,552,4.5,3.25,0
   573  N,553,4.75,3.25,0   
   574  N,554,5,3.25,0  
   575  N,555,5.25,3.25,0   
   576  N,556,5.5,3.25,0
   577  N,557,5.75,3.25,0   
   578  N,558,6,3.25,0  
   579  N,559,6.25,3.25,0   
   580  N,560,6.5,3.25,0
   581  N,561,6.75,3.25,0   
   582  N,562,7,3.25,0  
   583  N,563,7.25,3.25,0   
   584  N,564,7.5,3.25,0
   585  N,565,7.75,3.25,0   
   586  N,566,8,3.25,0  
   587  N,567,8.25,3.25,0   
   588  N,568,8.5,3.25,0
   589  N,569,8.75,3.25,0   
   590  N,570,9,3.25,0  
   591  N,571,9.25,3.25,0   
   592  N,572,9.5,3.25,0
   593  N,573,9.75,3.25,0   
   594  N,574,10,3.25,0 
   595  N,575,0,3.5,0   
   596  N,576,0.25,3.5,0
   597  N,577,0.5,3.5,0 
   598  N,578,0.75,3.5,0
   599  N,579,1,3.5,0   
   600  N,580,1.25,3.5,0
   601  N,581,1.5,3.5,0 
   602  N,582,1.75,3.5,0
   603  N,583,2,3.5,0   
   604  N,584,2.25,3.5,0
   605  N,585,2.5,3.5,0 
   606  N,586,2.75,3.5,0
   607  N,587,3,3.5,0   
   608  N,588,3.25,3.5,0
   609  N,589,3.5,3.5,0 
   610  N,590,3.75,3.5,0
   611  N,591,4,3.5,0   
   612  N,592,4.25,3.5,0
   613  N,593,4.5,3.5,0 
   614  N,594,4.75,3.5,0
   615  N,595,5,3.5,0   
   616  N,596,5.25,3.5,0
   617  N,597,5.5,3.5,0 
   618  N,598,5.75,3.5,0
   619  N,599,6,3.5,0   
   620  N,600,6.25,3.5,0
   621  N,601,6.5,3.5,0 
   622  N,602,6.75,3.5,0
   623  N,603,7,3.5,0   
   624  N,604,7.25,3.5,0
   625  N,605,7.5,3.5,0 
   626  N,606,7.75,3.5,0
   627  N,607,8,3.5,0   
   628  N,608,8.25,3.5,0
   629  N,609,8.5,3.5,0 
   630  N,610,8.75,3.5,0
   631  N,611,9,3.5,0   
   632  N,612,9.25,3.5,0
   633  N,613,9.5,3.5,0 
   634  N,614,9.75,3.5,0
   635  N,615,10,3.5,0  
   636  N,616,0,3.75,0  
   637  N,617,0.25,3.75,0   
   638  N,618,0.5,3.75,0
   639  N,619,0.75,3.75,0   
   640  N,620,1,3.75,0  
   641  N,621,1.25,3.75,0   
   642  N,622,1.5,3.75,0
   643  N,623,1.75,3.75,0   
   644  N,624,2,3.75,0  
   645  N,625,2.25,3.75,0   
   646  N,626,2.5,3.75,0
   647  N,627,2.75,3.75,0   
   648  N,628,3,3.75,0  
   649  N,629,3.25,3.75,0   
   650  N,630,3.5,3.75,0
   651  N,631,3.75,3.75,0   
   652  N,632,4,3.75,0  
   653  N,633,4.25,3.75,0   
   654  N,634,4.5,3.75,0
   655  N,635,4.75,3.75,0   
   656  N,636,5,3.75,0  
   657  N,637,5.25,3.75,0   
   658  N,638,5.5,3.75,0
   659  N,639,5.75,3.75,0   
   660  N,640,6,3.75,0  
   661  N,641,6.25,3.75,0   
   662  N,642,6.5,3.75,0
   663  N,643,6.75,3.75,0   
   664  N,644,7,3.75,0  
   665  N,645,7.25,3.75,0   
   666  N,646,7.5,3.75,0
   667  N,647,7.75,3.75,0   
   668  N,648,8,3.75,0  
   669  N,649,8.25,3.75,0   
   670  N,650,8.5,3.75,0
   671  N,651,8.75,3.75,0   
   672  N,652,9,3.75,0  
   673  N,653,9.25,3.75,0   
   674  N,654,9.5,3.75,0
   675  N,655,9.75,3.75,0   
   676  N,656,10,3.75,0 
   677  N,657,0,4,0 
   678  N,658,0.25,4,0  
   679  N,659,0.5,4,0   
   680  N,660,0.75,4,0  
   681  N,661,1,4,0 
   682  N,662,1.25,4,0  
   683  N,663,1.5,4,0   
   684  N,664,1.75,4,0  
   685  N,665,2,4,0 
   686  N,666,2.25,4,0  
   687  N,667,2.5,4,0   
   688  N,668,2.75,4,0  
   689  N,669,3,4,0 
   690  N,670,3.25,4,0  
   691  N,671,3.5,4,0   
   692  N,672,3.75,4,0  
   693  N,673,4,4,0 
   694  N,674,4.25,4,0  
   695  N,675,4.5,4,0   
   696  N,676,4.75,4,0  
   697  N,677,5,4,0 
   698  N,678,5.25,4,0  
   699  N,679,5.5,4,0   
   700  N,680,5.75,4,0  
   701  N,681,6,4,0 
   702  N,682,6.25,4,0  
   703  N,683,6.5,4,0   
   704  N,684,6.75,4,0  
   705  N,685,7,4,0 
   706  N,686,7.25,4,0  
   707  N,687,7.5,4,0   
   708  N,688,7.75,4,0  
   709  N,689,8,4,0 
   710  N,690,8.25,4,0  
   711  N,691,8.5,4,0   
   712  N,692,8.75,4,0  
   713  N,693,9,4,0 
   714  N,694,9.25,4,0  
   715  N,695,9.5,4,0   
   716  N,696,9.75,4,0  
   717  N,697,10,4,0
   718  E,1,2,43,42 
   719  E,2,3,44,43 
   720  E,3,4,45,44 
   721  E,4,5,46,45 
   722  E,5,6,47,46 
   723  E,6,7,48,47 
   724  E,7,8,49,48 
   725  E,8,9,50,49 
   726  E,9,10,51,50
   727  E,10,11,52,51   
   728  E,11,12,53,52   
   729  E,12,13,54,53   
   730  E,13,14,55,54   
   731  E,14,15,56,55   
   732  E,15,16,57,56   
   733  E,16,17,58,57   
   734  E,17,18,59,58   
   735  E,18,19,60,59   
   736  E,19,20,61,60   
   737  E,20,21,62,61   
   738  E,21,22,63,62   
   739  E,22,23,64,63   
   740  E,23,24,65,64   
   741  E,24,25,66,65   
   742  E,25,26,67,66   
   743  E,26,27,68,67   
   744  E,27,28,69,68   
   745  E,28,29,70,69   
   746  E,29,30,71,70   
   747  E,30,31,72,71   
   748  E,31,32,73,72   
   749  E,32,33,74,73   
   750  E,33,34,75,74   
   751  E,34,35,76,75   
   752  E,35,36,77,76   
   753  E,36,37,78,77   
   754  E,37,38,79,78   
   755  E,38,39,80,79   
   756  E,39,40,81,80   
   757  E,40,41,82,81   
   758  E,42,43,84,83   
   759  E,43,44,85,84   
   760  E,44,45,86,85   
   761  E,45,46,87,86   
   762  E,46,47,88,87   
   763  E,47,48,89,88   
   764  E,48,49,90,89   
   765  E,49,50,91,90   
   766  E,50,51,92,91   
   767  E,51,52,93,92   
   768  E,52,53,94,93   
   769  E,53,54,95,94   
   770  E,54,55,96,95   
   771  E,55,56,97,96   
   772  E,56,57,98,97   
   773  E,57,58,99,98   
   774  E,58,59,100,99  
   775  E,59,60,101,100 
   776  E,60,61,102,101 
   777  E,61,62,103,102 
   778  E,62,63,104,103 
   779  E,63,64,105,104 
   780  E,64,65,106,105 
   781  E,65,66,107,106 
   782  E,66,67,108,107 
   783  E,67,68,109,108 
   784  E,68,69,110,109 
   785  E,69,70,111,110 
   786  E,70,71,112,111 
   787  E,71,72,113,112 
   788  E,72,73,114,113 
   789  E,73,74,115,114 
   790  E,74,75,116,115 
   791  E,75,76,117,116 
   792  E,76,77,118,117 
   793  E,77,78,119,118 
   794  E,78,79,120,119 
   795  E,79,80,121,120 
   796  E,80,81,122,121 
   797  E,81,82,123,122 
   798  E,83,84,125,124 
   799  E,84,85,126,125 
   800  E,85,86,127,126 
   801  E,86,87,128,127 
   802  E,87,88,129,128 
   803  E,88,89,130,129 
   804  E,89,90,131,130 
   805  E,90,91,132,131 
   806  E,91,92,133,132 
   807  E,92,93,134,133 
   808  E,93,94,135,134 
   809  E,94,95,136,135 
   810  E,95,96,137,136 
   811  E,96,97,138,137 
   812  E,97,98,139,138 
   813  E,98,99,140,139 
   814  E,99,100,141,140
   815  E,100,101,142,141   
   816  E,101,102,143,142   
   817  E,102,103,144,143   
   818  E,103,104,145,144   
   819  E,104,105,146,145   
   820  E,105,106,147,146   
   821  E,106,107,148,147   
   822  E,107,108,149,148   
   823  E,108,109,150,149   
   824  E,109,110,151,150   
   825  E,110,111,152,151   
   826  E,111,112,153,152   
   827  E,112,113,154,153   
   828  E,113,114,155,154   
   829  E,114,115,156,155   
   830  E,115,116,157,156   
   831  E,116,117,158,157   
   832  E,117,118,159,158   
   833  E,118,119,160,159   
   834  E,119,120,161,160   
   835  E,120,121,162,161   
   836  E,121,122,163,162   
   837  E,122,123,164,163   
   838  E,124,125,166,165   
   839  E,125,126,167,166   
   840  E,126,127,168,167   
   841  E,127,128,169,168   
   842  E,128,129,170,169   
   843  E,129,130,171,170   
   844  E,130,131,172,171   
   845  E,131,132,173,172   
   846  E,132,133,174,173   
   847  E,133,134,175,174   
   848  E,134,135,176,175   
   849  E,135,136,177,176   
   850  E,136,137,178,177   
   851  E,137,138,179,178   
   852  E,138,139,180,179   
   853  E,139,140,181,180   
   854  E,140,141,182,181   
   855  E,141,142,183,182   
   856  E,142,143,184,183   
   857  E,143,144,185,184   
   858  E,144,145,186,185   
   859  E,145,146,187,186   
   860  E,146,147,188,187   
   861  E,147,148,189,188   
   862  E,148,149,190,189   
   863  E,149,150,191,190   
   864  E,150,151,192,191   
   865  E,151,152,193,192   
   866  E,152,153,194,193   
   867  E,153,154,195,194   
   868  E,154,155,196,195   
   869  E,155,156,197,196   
   870  E,156,157,198,197   
   871  E,157,158,199,198   
   872  E,158,159,200,199   
   873  E,159,160,201,200   
   874  E,160,161,202,201   
   875  E,161,162,203,202   
   876  E,162,163,204,203   
   877  E,163,164,205,204   
   878  E,165,166,207,206   
   879  E,166,167,208,207   
   880  E,167,168,209,208   
   881  E,168,169,210,209   
   882  E,169,170,211,210   
   883  E,170,171,212,211   
   884  E,171,172,213,212   
   885  E,172,173,214,213   
   886  E,173,174,215,214   
   887  E,174,175,216,215   
   888  E,175,176,217,216   
   889  E,176,177,218,217   
   890  E,177,178,219,218   
   891  E,178,179,220,219   
   892  E,179,180,221,220   
   893  E,180,181,222,221   
   894  E,181,182,223,222   
   895  E,182,183,224,223   
   896  E,183,184,225,224   
   897  E,184,185,226,225   
   898  E,185,186,227,226   
   899  E,186,187,228,227   
   900  E,187,188,229,228   
   901  E,188,189,230,229   
   902  E,189,190,231,230   
   903  E,190,191,232,231   
   904  E,191,192,233,232   
   905  E,192,193,234,233   
   906  E,193,194,235,234   
   907  E,194,195,236,235   
   908  E,195,196,237,236   
   909  E,196,197,238,237   
   910  E,197,198,239,238   
   911  E,198,199,240,239   
   912  E,199,200,241,240   
   913  E,200,201,242,241   
   914  E,201,202,243,242   
   915  E,202,203,244,243   
   916  E,203,204,245,244   
   917  E,204,205,246,245   
   918  E,206,207,248,247   
   919  E,207,208,249,248   
   920  E,208,209,250,249   
   921  E,209,210,251,250   
   922  E,210,211,252,251   
   923  E,211,212,253,252   
   924  E,212,213,254,253   
   925  E,213,214,255,254   
   926  E,214,215,256,255   
   927  E,215,216,257,256   
   928  E,216,217,258,257   
   929  E,217,218,259,258   
   930  E,218,219,260,259   
   931  E,219,220,261,260   
   932  E,220,221,262,261   
   933  E,221,222,263,262   
   934  E,222,223,264,263   
   935  E,223,224,265,264   
   936  E,224,225,266,265   
   937  E,225,226,267,266   
   938  E,226,227,268,267   
   939  E,227,228,269,268   
   940  E,228,229,270,269   
   941  E,229,230,271,270   
   942  E,230,231,272,271   
   943  E,231,232,273,272   
   944  E,232,233,274,273   
   945  E,233,234,275,274   
   946  E,234,235,276,275   
   947  E,235,236,277,276   
   948  E,236,237,278,277   
   949  E,237,238,279,278   
   950  E,238,239,280,279   
   951  E,239,240,281,280   
   952  E,240,241,282,281   
   953  E,241,242,283,282   
   954  E,242,243,284,283   
   955  E,243,244,285,284   
   956  E,244,245,286,285   
   957  E,245,246,287,286   
   958  E,247,248,289,288   
   959  E,248,249,290,289   
   960  E,249,250,291,290   
   961  E,250,251,292,291   
   962  E,251,252,293,292   
   963  E,252,253,294,293   
   964  E,253,254,295,294   
   965  E,254,255,296,295   
   966  E,255,256,297,296   
   967  E,256,257,298,297   
   968  E,257,258,299,298   
   969  E,258,259,300,299   
   970  E,259,260,301,300   
   971  E,260,261,302,301   
   972  E,261,262,303,302   
   973  E,262,263,304,303   
   974  E,263,264,305,304   
   975  E,264,265,306,305   
   976  E,265,266,307,306   
   977  E,266,267,308,307   
   978  E,267,268,309,308   
   979  E,268,269,310,309   
   980  E,269,270,311,310   
   981  E,270,271,312,311   
   982  E,271,272,313,312   
   983  E,272,273,314,313   
   984  E,273,274,315,314   
   985  E,274,275,316,315   
   986  E,275,276,317,316   
   987  E,276,277,318,317   
   988  E,277,278,319,318   
   989  E,278,279,320,319   
   990  E,279,280,321,320   
   991  E,280,281,322,321   
   992  E,281,282,323,322   
   993  E,282,283,324,323   
   994  E,283,284,325,324   
   995  E,284,285,326,325   
   996  E,285,286,327,326   
   997  E,286,287,328,327   
   998  E,288,289,330,329   
   999  E,289,290,331,330   
  1000  E,290,291,332,331   
  1001  E,291,292,333,332   
  1002  E,292,293,334,333   
  1003  E,293,294,335,334   
  1004  E,294,295,336,335   
  1005  E,295,296,337,336   
  1006  E,296,297,338,337   
  1007  E,297,298,339,338   
  1008  E,298,299,340,339   
  1009  E,299,300,341,340   
  1010  E,300,301,342,341   
  1011  E,301,302,343,342   
  1012  E,302,303,344,343   
  1013  E,303,304,345,344   
  1014  E,304,305,346,345   
  1015  E,305,306,347,346   
  1016  E,306,307,348,347   
  1017  E,307,308,349,348   
  1018  E,308,309,350,349   
  1019  E,309,310,351,350   
  1020  E,310,311,352,351   
  1021  E,311,312,353,352   
  1022  E,312,313,354,353   
  1023  E,313,314,355,354   
  1024  E,314,315,356,355   
  1025  E,315,316,357,356   
  1026  E,316,317,358,357   
  1027  E,317,318,359,358   
  1028  E,318,319,360,359   
  1029  E,319,320,361,360   
  1030  E,320,321,362,361   
  1031  E,321,322,363,362   
  1032  E,322,323,364,363   
  1033  E,323,324,365,364   
  1034  E,324,325,366,365   
  1035  E,325,326,367,366   
  1036  E,326,327,368,367   
  1037  E,327,328,369,368   
  1038  E,329,330,371,370   
  1039  E,330,331,372,371   
  1040  E,331,332,373,372   
  1041  E,332,333,374,373   
  1042  E,333,334,375,374   
  1043  E,334,335,376,375   
  1044  E,335,336,377,376   
  1045  E,336,337,378,377   
  1046  E,337,338,379,378   
  1047  E,338,339,380,379   
  1048  E,339,340,381,380   
  1049  E,340,341,382,381   
  1050  E,341,342,383,382   
  1051  E,342,343,384,383   
  1052  E,343,344,385,384   
  1053  E,344,345,386,385   
  1054  E,345,346,387,386   
  1055  E,346,347,388,387   
  1056  E,347,348,389,388   
  1057  E,348,349,390,389   
  1058  E,349,350,391,390   
  1059  E,350,351,392,391   
  1060  E,351,352,393,392   
  1061  E,352,353,394,393   
  1062  E,353,354,395,394   
  1063  E,354,355,396,395   
  1064  E,355,356,397,396   
  1065  E,356,357,398,397   
  1066  E,357,358,399,398   
  1067  E,358,359,400,399   
  1068  E,359,360,401,400   
  1069  E,360,361,402,401   
  1070  E,361,362,403,402   
  1071  E,362,363,404,403   
  1072  E,363,364,405,404   
  1073  E,364,365,406,405   
  1074  E,365,366,407,406   
  1075  E,366,367,408,407   
  1076  E,367,368,409,408   
  1077  E,368,369,410,409   
  1078  E,370,371,412,411   
  1079  E,371,372,413,412   
  1080  E,372,373,414,413   
  1081  E,373,374,415,414   
  1082  E,374,375,416,415   
  1083  E,375,376,417,416   
  1084  E,376,377,418,417   
  1085  E,377,378,419,418   
  1086  E,378,379,420,419   
  1087  E,379,380,421,420   
  1088  E,380,381,422,421   
  1089  E,381,382,423,422   
  1090  E,382,383,424,423   
  1091  E,383,384,425,424   
  1092  E,384,385,426,425   
  1093  E,385,386,427,426   
  1094  E,386,387,428,427   
  1095  E,387,388,429,428   
  1096  E,388,389,430,429   
  1097  E,389,390,431,430   
  1098  E,390,391,432,431   
  1099  E,391,392,433,432   
  1100  E,392,393,434,433   
  1101  E,393,394,435,434   
  1102  E,394,395,436,435   
  1103  E,395,396,437,436   
  1104  E,396,397,438,437   
  1105  E,397,398,439,438   
  1106  E,398,399,440,439   
  1107  E,399,400,441,440   
  1108  E,400,401,442,441   
  1109  E,401,402,443,442   
  1110  E,402,403,444,443   
  1111  E,403,404,445,444   
  1112  E,404,405,446,445   
  1113  E,405,406,447,446   
  1114  E,406,407,448,447   
  1115  E,407,408,449,448   
  1116  E,408,409,450,449   
  1117  E,409,410,451,450   
  1118  E,411,412,453,452   
  1119  E,412,413,454,453   
  1120  E,413,414,455,454   
  1121  E,414,415,456,455   
  1122  E,415,416,457,456   
  1123  E,416,417,458,457   
  1124  E,417,418,459,458   
  1125  E,418,419,460,459   
  1126  E,419,420,461,460   
  1127  E,420,421,462,461   
  1128  E,421,422,463,462   
  1129  E,422,423,464,463   
  1130  E,423,424,465,464   
  1131  E,424,425,466,465   
  1132  E,425,426,467,466   
  1133  E,426,427,468,467   
  1134  E,427,428,469,468   
  1135  E,428,429,470,469   
  1136  E,429,430,471,470   
  1137  E,430,431,472,471   
  1138  E,431,432,473,472   
  1139  E,432,433,474,473   
  1140  E,433,434,475,474   
  1141  E,434,435,476,475   
  1142  E,435,436,477,476   
  1143  E,436,437,478,477   
  1144  E,437,438,479,478   
  1145  E,438,439,480,479   
  1146  E,439,440,481,480   
  1147  E,440,441,482,481   
  1148  E,441,442,483,482   
  1149  E,442,443,484,483   
  1150  E,443,444,485,484   
  1151  E,444,445,486,485   
  1152  E,445,446,487,486   
  1153  E,446,447,488,487   
  1154  E,447,448,489,488   
  1155  E,448,449,490,489   
  1156  E,449,450,491,490   
  1157  E,450,451,492,491   
  1158  E,452,453,494,493   
  1159  E,453,454,495,494   
  1160  E,454,455,496,495   
  1161  E,455,456,497,496   
  1162  E,456,457,498,497   
  1163  E,457,458,499,498   
  1164  E,458,459,500,499   
  1165  E,459,460,501,500   
  1166  E,460,461,502,501   
  1167  E,461,462,503,502   
  1168  E,462,463,504,503   
  1169  E,463,464,505,504   
  1170  E,464,465,506,505   
  1171  E,465,466,507,506   
  1172  E,466,467,508,507   
  1173  E,467,468,509,508   
  1174  E,468,469,510,509   
  1175  E,469,470,511,510   
  1176  E,470,471,512,511   
  1177  E,471,472,513,512   
  1178  E,472,473,514,513   
  1179  E,473,474,515,514   
  1180  E,474,475,516,515   
  1181  E,475,476,517,516   
  1182  E,476,477,518,517   
  1183  E,477,478,519,518   
  1184  E,478,479,520,519   
  1185  E,479,480,521,520   
  1186  E,480,481,522,521   
  1187  E,481,482,523,522   
  1188  E,482,483,524,523   
  1189  E,483,484,525,524   
  1190  E,484,485,526,525   
  1191  E,485,486,527,526   
  1192  E,486,487,528,527   
  1193  E,487,488,529,528   
  1194  E,488,489,530,529   
  1195  E,489,490,531,530   
  1196  E,490,491,532,531   
  1197  E,491,492,533,532   
  1198  E,493,494,535,534   
  1199  E,494,495,536,535   
  1200  E,495,496,537,536   
  1201  E,496,497,538,537   
  1202  E,497,498,539,538   
  1203  E,498,499,540,539   
  1204  E,499,500,541,540   
  1205  E,500,501,542,541   
  1206  E,501,502,543,542   
  1207  E,502,503,544,543   
  1208  E,503,504,545,544   
  1209  E,504,505,546,545   
  1210  E,505,506,547,546   
  1211  E,506,507,548,547   
  1212  E,507,508,549,548   
  1213  E,508,509,550,549   
  1214  E,509,510,551,550   
  1215  E,510,511,552,551   
  1216  E,511,512,553,552   
  1217  E,512,513,554,553   
  1218  E,513,514,555,554   
  1219  E,514,515,556,555   
  1220  E,515,516,557,556   
  1221  E,516,517,558,557   
  1222  E,517,518,559,558   
  1223  E,518,519,560,559   
  1224  E,519,520,561,560   
  1225  E,520,521,562,561   
  1226  E,521,522,563,562   
  1227  E,522,523,564,563   
  1228  E,523,524,565,564   
  1229  E,524,525,566,565   
  1230  E,525,526,567,566   
  1231  E,526,527,568,567   
  1232  E,527,528,569,568   
  1233  E,528,529,570,569   
  1234  E,529,530,571,570   
  1235  E,530,531,572,571   
  1236  E,531,532,573,572   
  1237  E,532,533,574,573   
  1238  E,534,535,576,575   
  1239  E,535,536,577,576   
  1240  E,536,537,578,577   
  1241  E,537,538,579,578   
  1242  E,538,539,580,579   
  1243  E,539,540,581,580   
  1244  E,540,541,582,581   
  1245  E,541,542,583,582   
  1246  E,542,543,584,583   
  1247  E,543,544,585,584   
  1248  E,544,545,586,585   
  1249  E,545,546,587,586   
  1250  E,546,547,588,587   
  1251  E,547,548,589,588   
  1252  E,548,549,590,589   
  1253  E,549,550,591,590   
  1254  E,550,551,592,591   
  1255  E,551,552,593,592   
  1256  E,552,553,594,593   
  1257  E,553,554,595,594   
  1258  E,554,555,596,595   
  1259  E,555,556,597,596   
  1260  E,556,557,598,597   
  1261  E,557,558,599,598   
  1262  E,558,559,600,599   
  1263  E,559,560,601,600   
  1264  E,560,561,602,601   
  1265  E,561,562,603,602   
  1266  E,562,563,604,603   
  1267  E,563,564,605,604   
  1268  E,564,565,606,605   
  1269  E,565,566,607,606   
  1270  E,566,567,608,607   
  1271  E,567,568,609,608   
  1272  E,568,569,610,609   
  1273  E,569,570,611,610   
  1274  E,570,571,612,611   
  1275  E,571,572,613,612   
  1276  E,572,573,614,613   
  1277  E,573,574,615,614   
  1278  E,575,576,617,616   
  1279  E,576,577,618,617   
  1280  E,577,578,619,618   
  1281  E,578,579,620,619   
  1282  E,579,580,621,620   
  1283  E,580,581,622,621   
  1284  E,581,582,623,622   
  1285  E,582,583,624,623   
  1286  E,583,584,625,624   
  1287  E,584,585,626,625   
  1288  E,585,586,627,626   
  1289  E,586,587,628,627   
  1290  E,587,588,629,628   
  1291  E,588,589,630,629   
  1292  E,589,590,631,630   
  1293  E,590,591,632,631   
  1294  E,591,592,633,632   
  1295  E,592,593,634,633   
  1296  E,593,594,635,634   
  1297  E,594,595,636,635   
  1298  E,595,596,637,636   
  1299  E,596,597,638,637   
  1300  E,597,598,639,638   
  1301  E,598,599,640,639   
  1302  E,599,600,641,640   
  1303  E,600,601,642,641   
  1304  E,601,602,643,642   
  1305  E,602,603,644,643   
  1306  E,603,604,645,644   
  1307  E,604,605,646,645   
  1308  E,605,606,647,646   
  1309  E,606,607,648,647   
  1310  E,607,608,649,648   
  1311  E,608,609,650,649   
  1312  E,609,610,651,650   
  1313  E,610,611,652,651   
  1314  E,611,612,653,652   
  1315  E,612,613,654,653   
  1316  E,613,614,655,654   
  1317  E,614,615,656,655   
  1318  E,616,617,658,657   
  1319  E,617,618,659,658   
  1320  E,618,619,660,659   
  1321  E,619,620,661,660   
  1322  E,620,621,662,661   
  1323  E,621,622,663,662   
  1324  E,622,623,664,663   
  1325  E,623,624,665,664   
  1326  E,624,625,666,665   
  1327  E,625,626,667,666   
  1328  E,626,627,668,667   
  1329  E,627,628,669,668   
  1330  E,628,629,670,669   
  1331  E,629,630,671,670   
  1332  E,630,631,672,671   
  1333  E,631,632,673,672   
  1334  E,632,633,674,673   
  1335  E,633,634,675,674   
  1336  E,634,635,676,675   
  1337  E,635,636,677,676   
  1338  E,636,637,678,677   
  1339  E,637,638,679,678   
  1340  E,638,639,680,679   
  1341  E,639,640,681,680   
  1342  E,640,641,682,681   
  1343  E,641,642,683,682   
  1344  E,642,643,684,683   
  1345  E,643,644,685,684   
  1346  E,644,645,686,685   
  1347  E,645,646,687,686   
  1348  E,646,647,688,687   
  1349  E,647,648,689,688   
  1350  E,648,649,690,689   
  1351  E,649,650,691,690   
  1352  E,650,651,692,691   
  1353  E,651,652,693,692   
  1354  E,652,653,694,693   
  1355  E,653,654,695,694   
  1356  E,654,655,696,695   
  1357  E,655,656,697,696   
  1358  D,1,UY,0
  1359  D,2,UY,0
  1360  D,3,UY,0
  1361  D,4,UY,0
  1362  D,5,UY,0
  1363  D,6,UY,0
  1364  D,7,UY,0
  1365  D,8,UY,0
  1366  D,9,UY,0
  1367  D,10,UY,0   
  1368  D,11,UY,0   
  1369  D,12,UY,0   
  1370  D,13,UY,0   
  1371  D,14,UY,0   
  1372  D,15,UY,0   
  1373  D,16,UY,0   
  1374  D,17,UY,0   
  1375  D,18,UY,0   
  1376  D,19,UY,0   
  1377  D,20,UY,0   
  1378  D,21,UY,0   
  1379  D,22,UY,0   
  1380  D,23,UY,0   
  1381  D,24,UY,0   
  1382  D,25,UY,0   
  1383  D,26,UY,0   
  1384  D,27,UY,0   
  1385  D,28,UY,0   
  1386  D,29,UY,0   
  1387  D,30,UY,0   
  1388  D,31,UY,0   
  1389  D,32,UY,0   
  1390  D,33,UY,0   
  1391  D,34,UY,0   
  1392  D,35,UY,0   
  1393  D,36,UY,0   
  1394  D,37,UY,0   
  1395  D,38,UY,0   
  1396  D,39,UY,0   
  1397  D,40,UY,0   
  1398  D,41,UY,0   
  1399  D,1,UX,0
  1400  N,900001,0,4.02,0   
  1401  N,900002,10,4.02,0  
  1402  D,900001,ALL,0  
  1403  D,900002,ALL,0  
  1404  TYPE,2  
  1405  REAL,3  
  1406  MAT,1   
  1407  E,900001,900002 
  1408  TYPE,3  
  1409  REAL,3  
  1410  MAT,1   
  1411  E,658,657   
  1412  E,659,658   
  1413  E,660,659   
  1414  E,661,660   
  1415  E,662,661   
  1416  E,663,662   
  1417  E,664,663   
  1418  E,665,664   
  1419  E,666,665   
  1420  E,667,666   
  1421  E,668,667   
  1422  E,669,668   
  1423  E,670,669   
  1424  E,671,670   
  1425  E,672,671   
  1426  E,673,672   
  1427  E,674,673   
  1428  E,675,674   
  1429  E,676,675   
  1430  E,677,676   
  1431  E,678,677   
  1432  E,679,678   
  1433  E,680,679   
  1434  E,681,680   
  1435  E,682,681   
  1436  E,683,682   
  1437  E,684,683   
  1438  E,685,684   
  1439  E,686,685   
  1440  E,687,686   
  1441  E,688,687   
  1442  E,689,688   
  1443  E,690,689   
  1444  E,691,690   
  1445  E,692,691   
  1446  E,693,692   
  1447  E,694,693   
  1448  E,695,694   
  1449  E,696,695   
  1450  E,697,696   
  1451  ALLSEL,ALL  
  1452  FINISH  
  1453  /SOLU   
  1454  ANTYPE,STATIC   
  1455  NLGEOM,ON   
  1456  AUTOTS,ON   
  1457  KBC,0   
  1458  NROPT,FULL  
  1459  OUTRES,ALL,LAST 
  1460  TREF,20 
  1461  NSEL,S,NODE,,1,697  
  1462  BF,ALL,TEMP,120 
  1463  ALLSEL,ALL  
  1464  TIME,1  
  1465  NSUBST,20,200,5 
  1466  SOLVE   
  1467  FINISH  
  1468  /POST1  
  1469  SET,LAST
  1470  ETABLE,CPRES,CONT,PRES  
  1471  ETABLE,PENE,CONT,PENE   
  1472  ETABLE,CSTAT,CONT,STAT  
  1473  ETABLE,CSFRIC,CONT,SFRIC
  1474  *CFOPEN,contact_values,csv  
  1475  EIDV=642
  1476  XV=0.125
  1477  *GET,PV,ELEM,642,ETAB,CPRES 
  1478  *GET,PENV,ELEM,642,ETAB,PENE
  1479  *GET,STATV,ELEM,642,ETAB,CSTAT  
  1480  *GET,FRICV,ELEM,642,ETAB,CSFRIC 
  1481  *VWRITE,EIDV,XV,PV,PENV,STATV,FRICV 
  1482  (6(E24.16,',')) 
  1483  EIDV=643
  1484  XV=0.375
  1485  *GET,PV,ELEM,643,ETAB,CPRES 
  1486  *GET,PENV,ELEM,643,ETAB,PENE
  1487  *GET,STATV,ELEM,643,ETAB,CSTAT  
  1488  *GET,FRICV,ELEM,643,ETAB,CSFRIC 
  1489  *VWRITE,EIDV,XV,PV,PENV,STATV,FRICV 
  1490  (6(E24.16,',')) 
  1491  EIDV=644
  1492  XV=0.625
  1493  *GET,PV,ELEM,644,ETAB,CPRES 
  1494  *GET,PENV,ELEM,644,ETAB,PENE
  1495  *GET,STATV,ELEM,644,ETAB,CSTAT  
  1496  *GET,FRICV,ELEM,644,ETAB,CSFRIC 
  1497  *VWRITE,EIDV,XV,PV,PENV,STATV,FRICV 
  1498  (6(E24.16,',')) 
  1499  EIDV=645
  1500  XV=0.875
  1501  *GET,PV,ELEM,645,ETAB,CPRES 
  1502  *GET,PENV,ELEM,645,ETAB,PENE
  1503  *GET,STATV,ELEM,645,ETAB,CSTAT  
  1504  *GET,FRICV,ELEM,645,ETAB,CSFRIC 
  1505  *VWRITE,EIDV,XV,PV,PENV,STATV,FRICV 
  1506  (6(E24.16,',')) 
  1507  EIDV=646
  1508  XV=1.125
  1509  *GET,PV,ELEM,646,ETAB,CPRES 
  1510  *GET,PENV,ELEM,646,ETAB,PENE
  1511  *GET,STATV,ELEM,646,ETAB,CSTAT  
  1512  *GET,FRICV,ELEM,646,ETAB,CSFRIC 
  1513  *VWRITE,EIDV,XV,PV,PENV,STATV,FRICV 
  1514  (6(E24.16,',')) 
  1515  EIDV=647
  1516  XV=1.375
  1517  *GET,PV,ELEM,647,ETAB,CPRES 
  1518  *GET,PENV,ELEM,647,ETAB,PENE
  1519  *GET,STATV,ELEM,647,ETAB,CSTAT  
  1520  *GET,FRICV,ELEM,647,ETAB,CSFRIC 
  1521  *VWRITE,EIDV,XV,PV,PENV,STATV,FRICV 
  1522  (6(E24.16,',')) 
  1523  EIDV=648
  1524  XV=1.625
  1525  *GET,PV,ELEM,648,ETAB,CPRES 
  1526  *GET,PENV,ELEM,648,ETAB,PENE
  1527  *GET,STATV,ELEM,648,ETAB,CSTAT  
  1528  *GET,FRICV,ELEM,648,ETAB,CSFRIC 
  1529  *VWRITE,EIDV,XV,PV,PENV,STATV,FRICV 
  1530  (6(E24.16,',')) 
  1531  EIDV=649
  1532  XV=1.875
  1533  *GET,PV,ELEM,649,ETAB,CPRES 
  1534  *GET,PENV,ELEM,649,ETAB,PENE
  1535  *GET,STATV,ELEM,649,ETAB,CSTAT  
  1536  *GET,FRICV,ELEM,649,ETAB,CSFRIC 
  1537  *VWRITE,EIDV,XV,PV,PENV,STATV,FRICV 
  1538  (6(E24.16,',')) 
  1539  EIDV=650
  1540  XV=2.125
  1541  *GET,PV,ELEM,650,ETAB,CPRES 
  1542  *GET,PENV,ELEM,650,ETAB,PENE
  1543  *GET,STATV,ELEM,650,ETAB,CSTAT  
  1544  *GET,FRICV,ELEM,650,ETAB,CSFRIC 
  1545  *VWRITE,EIDV,XV,PV,PENV,STATV,FRICV 
  1546  (6(E24.16,',')) 
  1547  EIDV=651
  1548  XV=2.375
  1549  *GET,PV,ELEM,651,ETAB,CPRES 
  1550  *GET,PENV,ELEM,651,ETAB,PENE
  1551  *GET,STATV,ELEM,651,ETAB,CSTAT  
  1552  *GET,FRICV,ELEM,651,ETAB,CSFRIC 
  1553  *VWRITE,EIDV,XV,PV,PENV,STATV,FRICV 
  1554  (6(E24.16,',')) 
  1555  EIDV=652
  1556  XV=2.625
  1557  *GET,PV,ELEM,652,ETAB,CPRES 
  1558  *GET,PENV,ELEM,652,ETAB,PENE
  1559  *GET,STATV,ELEM,652,ETAB,CSTAT  
  1560  *GET,FRICV,ELEM,652,ETAB,CSFRIC 
  1561  *VWRITE,EIDV,XV,PV,PENV,STATV,FRICV 
  1562  (6(E24.16,',')) 
  1563  EIDV=653
  1564  XV=2.875
  1565  *GET,PV,ELEM,653,ETAB,CPRES 
  1566  *GET,PENV,ELEM,653,ETAB,PENE
  1567  *GET,STATV,ELEM,653,ETAB,CSTAT  
  1568  *GET,FRICV,ELEM,653,ETAB,CSFRIC 
  1569  *VWRITE,EIDV,XV,PV,PENV,STATV,FRICV 
  1570  (6(E24.16,',')) 
  1571  EIDV=654
  1572  XV=3.125
  1573  *GET,PV,ELEM,654,ETAB,CPRES 
  1574  *GET,PENV,ELEM,654,ETAB,PENE
  1575  *GET,STATV,ELEM,654,ETAB,CSTAT  
  1576  *GET,FRICV,ELEM,654,ETAB,CSFRIC 
  1577  *VWRITE,EIDV,XV,PV,PENV,STATV,FRICV 
  1578  (6(E24.16,',')) 
  1579  EIDV=655
  1580  XV=3.375
  1581  *GET,PV,ELEM,655,ETAB,CPRES 
  1582  *GET,PENV,ELEM,655,ETAB,PENE
  1583  *GET,STATV,ELEM,655,ETAB,CSTAT  
  1584  *GET,FRICV,ELEM,655,ETAB,CSFRIC 
  1585  *VWRITE,EIDV,XV,PV,PENV,STATV,FRICV 
  1586  (6(E24.16,',')) 
  1587  EIDV=656
  1588  XV=3.625
  1589  *GET,PV,ELEM,656,ETAB,CPRES 
  1590  *GET,PENV,ELEM,656,ETAB,PENE
  1591  *GET,STATV,ELEM,656,ETAB,CSTAT  
  1592  *GET,FRICV,ELEM,656,ETAB,CSFRIC 
  1593  *VWRITE,EIDV,XV,PV,PENV,STATV,FRICV 
  1594  (6(E24.16,',')) 
  1595  EIDV=657
  1596  XV=3.875
  1597  *GET,PV,ELEM,657,ETAB,CPRES 
  1598  *GET,PENV,ELEM,657,ETAB,PENE
  1599  *GET,STATV,ELEM,657,ETAB,CSTAT  
  1600  *GET,FRICV,ELEM,657,ETAB,CSFRIC 
  1601  *VWRITE,EIDV,XV,PV,PENV,STATV,FRICV 
  1602  (6(E24.16,',')) 
  1603  EIDV=658
  1604  XV=4.125
  1605  *GET,PV,ELEM,658,ETAB,CPRES 
  1606  *GET,PENV,ELEM,658,ETAB,PENE
  1607  *GET,STATV,ELEM,658,ETAB,CSTAT  
  1608  *GET,FRICV,ELEM,658,ETAB,CSFRIC 
  1609  *VWRITE,EIDV,XV,PV,PENV,STATV,FRICV 
  1610  (6(E24.16,',')) 
  1611  EIDV=659
  1612  XV=4.375
  1613  *GET,PV,ELEM,659,ETAB,CPRES 
  1614  *GET,PENV,ELEM,659,ETAB,PENE
  1615  *GET,STATV,ELEM,659,ETAB,CSTAT  
  1616  *GET,FRICV,ELEM,659,ETAB,CSFRIC 
  1617  *VWRITE,EIDV,XV,PV,PENV,STATV,FRICV 
  1618  (6(E24.16,',')) 
  1619  EIDV=660
  1620  XV=4.625
  1621  *GET,PV,ELEM,660,ETAB,CPRES 
  1622  *GET,PENV,ELEM,660,ETAB,PENE
  1623  *GET,STATV,ELEM,660,ETAB,CSTAT  
  1624  *GET,FRICV,ELEM,660,ETAB,CSFRIC 
  1625  *VWRITE,EIDV,XV,PV,PENV,STATV,FRICV 
  1626  (6(E24.16,',')) 
  1627  EIDV=661
  1628  XV=4.875
  1629  *GET,PV,ELEM,661,ETAB,CPRES 
  1630  *GET,PENV,ELEM,661,ETAB,PENE
  1631  *GET,STATV,ELEM,661,ETAB,CSTAT  
  1632  *GET,FRICV,ELEM,661,ETAB,CSFRIC 
  1633  *VWRITE,EIDV,XV,PV,PENV,STATV,FRICV 
  1634  (6(E24.16,',')) 
  1635  EIDV=662
  1636  XV=5.125
  1637  *GET,PV,ELEM,662,ETAB,CPRES 
  1638  *GET,PENV,ELEM,662,ETAB,PENE
  1639  *GET,STATV,ELEM,662,ETAB,CSTAT  
  1640  *GET,FRICV,ELEM,662,ETAB,CSFRIC 
  1641  *VWRITE,EIDV,XV,PV,PENV,STATV,FRICV 
  1642  (6(E24.16,',')) 
  1643  EIDV=663
  1644  XV=5.375
  1645  *GET,PV,ELEM,663,ETAB,CPRES 
  1646  *GET,PENV,ELEM,663,ETAB,PENE
  1647  *GET,STATV,ELEM,663,ETAB,CSTAT  
  1648  *GET,FRICV,ELEM,663,ETAB,CSFRIC 
  1649  *VWRITE,EIDV,XV,PV,PENV,STATV,FRICV 
  1650  (6(E24.16,',')) 
  1651  EIDV=664
  1652  XV=5.625
  1653  *GET,PV,ELEM,664,ETAB,CPRES 
  1654  *GET,PENV,ELEM,664,ETAB,PENE
  1655  *GET,STATV,ELEM,664,ETAB,CSTAT  
  1656  *GET,FRICV,ELEM,664,ETAB,CSFRIC 
  1657  *VWRITE,EIDV,XV,PV,PENV,STATV,FRICV 
  1658  (6(E24.16,',')) 
  1659  EIDV=665
  1660  XV=5.875
  1661  *GET,PV,ELEM,665,ETAB,CPRES 
  1662  *GET,PENV,ELEM,665,ETAB,PENE
  1663  *GET,STATV,ELEM,665,ETAB,CSTAT  
  1664  *GET,FRICV,ELEM,665,ETAB,CSFRIC 
  1665  *VWRITE,EIDV,XV,PV,PENV,STATV,FRICV 
  1666  (6(E24.16,',')) 
  1667  EIDV=666
  1668  XV=6.125
  1669  *GET,PV,ELEM,666,ETAB,CPRES 
  1670  *GET,PENV,ELEM,666,ETAB,PENE
  1671  *GET,STATV,ELEM,666,ETAB,CSTAT  
  1672  *GET,FRICV,ELEM,666,ETAB,CSFRIC 
  1673  *VWRITE,EIDV,XV,PV,PENV,STATV,FRICV 
  1674  (6(E24.16,',')) 
  1675  EIDV=667
  1676  XV=6.375
  1677  *GET,PV,ELEM,667,ETAB,CPRES 
  1678  *GET,PENV,ELEM,667,ETAB,PENE
  1679  *GET,STATV,ELEM,667,ETAB,CSTAT  
  1680  *GET,FRICV,ELEM,667,ETAB,CSFRIC 
  1681  *VWRITE,EIDV,XV,PV,PENV,STATV,FRICV 
  1682  (6(E24.16,',')) 
  1683  EIDV=668
  1684  XV=6.625
  1685  *GET,PV,ELEM,668,ETAB,CPRES 
  1686  *GET,PENV,ELEM,668,ETAB,PENE
  1687  *GET,STATV,ELEM,668,ETAB,CSTAT  
  1688  *GET,FRICV,ELEM,668,ETAB,CSFRIC 
  1689  *VWRITE,EIDV,XV,PV,PENV,STATV,FRICV 
  1690  (6(E24.16,',')) 
  1691  EIDV=669
  1692  XV=6.875
  1693  *GET,PV,ELEM,669,ETAB,CPRES 
  1694  *GET,PENV,ELEM,669,ETAB,PENE
  1695  *GET,STATV,ELEM,669,ETAB,CSTAT  
  1696  *GET,FRICV,ELEM,669,ETAB,CSFRIC 
  1697  *VWRITE,EIDV,XV,PV,PENV,STATV,FRICV 
  1698  (6(E24.16,',')) 
  1699  EIDV=670
  1700  XV=7.125
  1701  *GET,PV,ELEM,670,ETAB,CPRES 
  1702  *GET,PENV,ELEM,670,ETAB,PENE
  1703  *GET,STATV,ELEM,670,ETAB,CSTAT  
  1704  *GET,FRICV,ELEM,670,ETAB,CSFRIC 
  1705  *VWRITE,EIDV,XV,PV,PENV,STATV,FRICV 
  1706  (6(E24.16,',')) 
  1707  EIDV=671
  1708  XV=7.375
  1709  *GET,PV,ELEM,671,ETAB,CPRES 
  1710  *GET,PENV,ELEM,671,ETAB,PENE
  1711  *GET,STATV,ELEM,671,ETAB,CSTAT  
  1712  *GET,FRICV,ELEM,671,ETAB,CSFRIC 
  1713  *VWRITE,EIDV,XV,PV,PENV,STATV,FRICV 
  1714  (6(E24.16,',')) 
  1715  EIDV=672
  1716  XV=7.625
  1717  *GET,PV,ELEM,672,ETAB,CPRES 
  1718  *GET,PENV,ELEM,672,ETAB,PENE
  1719  *GET,STATV,ELEM,672,ETAB,CSTAT  
  1720  *GET,FRICV,ELEM,672,ETAB,CSFRIC 
  1721  *VWRITE,EIDV,XV,PV,PENV,STATV,FRICV 
  1722  (6(E24.16,',')) 
  1723  EIDV=673
  1724  XV=7.875
  1725  *GET,PV,ELEM,673,ETAB,CPRES 
  1726  *GET,PENV,ELEM,673,ETAB,PENE
  1727  *GET,STATV,ELEM,673,ETAB,CSTAT  
  1728  *GET,FRICV,ELEM,673,ETAB,CSFRIC 
  1729  *VWRITE,EIDV,XV,PV,PENV,STATV,FRICV 
  1730  (6(E24.16,',')) 
  1731  EIDV=674
  1732  XV=8.125
  1733  *GET,PV,ELEM,674,ETAB,CPRES 
  1734  *GET,PENV,ELEM,674,ETAB,PENE
  1735  *GET,STATV,ELEM,674,ETAB,CSTAT  
  1736  *GET,FRICV,ELEM,674,ETAB,CSFRIC 
  1737  *VWRITE,EIDV,XV,PV,PENV,STATV,FRICV 
  1738  (6(E24.16,',')) 
  1739  EIDV=675
  1740  XV=8.375
  1741  *GET,PV,ELEM,675,ETAB,CPRES 
  1742  *GET,PENV,ELEM,675,ETAB,PENE
  1743  *GET,STATV,ELEM,675,ETAB,CSTAT  
  1744  *GET,FRICV,ELEM,675,ETAB,CSFRIC 
  1745  *VWRITE,EIDV,XV,PV,PENV,STATV,FRICV 
  1746  (6(E24.16,',')) 
  1747  EIDV=676
  1748  XV=8.625
  1749  *GET,PV,ELEM,676,ETAB,CPRES 
  1750  *GET,PENV,ELEM,676,ETAB,PENE
  1751  *GET,STATV,ELEM,676,ETAB,CSTAT  
  1752  *GET,FRICV,ELEM,676,ETAB,CSFRIC 
  1753  *VWRITE,EIDV,XV,PV,PENV,STATV,FRICV 
  1754  (6(E24.16,',')) 
  1755  EIDV=677
  1756  XV=8.875
  1757  *GET,PV,ELEM,677,ETAB,CPRES 
  1758  *GET,PENV,ELEM,677,ETAB,PENE
  1759  *GET,STATV,ELEM,677,ETAB,CSTAT  
  1760  *GET,FRICV,ELEM,677,ETAB,CSFRIC 
  1761  *VWRITE,EIDV,XV,PV,PENV,STATV,FRICV 
  1762  (6(E24.16,',')) 
  1763  EIDV=678
  1764  XV=9.125
  1765  *GET,PV,ELEM,678,ETAB,CPRES 
  1766  *GET,PENV,ELEM,678,ETAB,PENE
  1767  *GET,STATV,ELEM,678,ETAB,CSTAT  
  1768  *GET,FRICV,ELEM,678,ETAB,CSFRIC 
  1769  *VWRITE,EIDV,XV,PV,PENV,STATV,FRICV 
  1770  (6(E24.16,',')) 
  1771  EIDV=679
  1772  XV=9.375
  1773  *GET,PV,ELEM,679,ETAB,CPRES 
  1774  *GET,PENV,ELEM,679,ETAB,PENE
  1775  *GET,STATV,ELEM,679,ETAB,CSTAT  
  1776  *GET,FRICV,ELEM,679,ETAB,CSFRIC 
  1777  *VWRITE,EIDV,XV,PV,PENV,STATV,FRICV 
  1778  (6(E24.16,',')) 
  1779  EIDV=680
  1780  XV=9.625
  1781  *GET,PV,ELEM,680,ETAB,CPRES 
  1782  *GET,PENV,ELEM,680,ETAB,PENE
  1783  *GET,STATV,ELEM,680,ETAB,CSTAT  
  1784  *GET,FRICV,ELEM,680,ETAB,CSFRIC 
  1785  *VWRITE,EIDV,XV,PV,PENV,STATV,FRICV 
  1786  (6(E24.16,',')) 
  1787  EIDV=681
  1788  XV=9.875
  1789  *GET,PV,ELEM,681,ETAB,CPRES 
  1790  *GET,PENV,ELEM,681,ETAB,PENE
  1791  *GET,STATV,ELEM,681,ETAB,CSTAT  
  1792  *GET,FRICV,ELEM,681,ETAB,CSFRIC 
  1793  *VWRITE,EIDV,XV,PV,PENV,STATV,FRICV 
  1794  (6(E24.16,',')) 
  1795  *CFCLOS 
  1796  *CFOPEN,reaction,csv
  1797  RFY=0   
  1798  *GET,RV,NODE,1,RF,FY
  1799  RFY=RFY+RV  
  1800  *GET,RV,NODE,2,RF,FY
  1801  RFY=RFY+RV  
  1802  *GET,RV,NODE,3,RF,FY
  1803  RFY=RFY+RV  
  1804  *GET,RV,NODE,4,RF,FY
  1805  RFY=RFY+RV  
  1806  *GET,RV,NODE,5,RF,FY
  1807  RFY=RFY+RV  
  1808  *GET,RV,NODE,6,RF,FY
  1809  RFY=RFY+RV  
  1810  *GET,RV,NODE,7,RF,FY
  1811  RFY=RFY+RV  
  1812  *GET,RV,NODE,8,RF,FY
  1813  RFY=RFY+RV  
  1814  *GET,RV,NODE,9,RF,FY
  1815  RFY=RFY+RV  
  1816  *GET,RV,NODE,10,RF,FY   
  1817  RFY=RFY+RV  
  1818  *GET,RV,NODE,11,RF,FY   
  1819  RFY=RFY+RV  
  1820  *GET,RV,NODE,12,RF,FY   
  1821  RFY=RFY+RV  
  1822  *GET,RV,NODE,13,RF,FY   
  1823  RFY=RFY+RV  
  1824  *GET,RV,NODE,14,RF,FY   
  1825  RFY=RFY+RV  
  1826  *GET,RV,NODE,15,RF,FY   
  1827  RFY=RFY+RV  
  1828  *GET,RV,NODE,16,RF,FY   
  1829  RFY=RFY+RV  
  1830  *GET,RV,NODE,17,RF,FY   
  1831  RFY=RFY+RV  
  1832  *GET,RV,NODE,18,RF,FY   
  1833  RFY=RFY+RV  
  1834  *GET,RV,NODE,19,RF,FY   
  1835  RFY=RFY+RV  
  1836  *GET,RV,NODE,20,RF,FY   
  1837  RFY=RFY+RV  
  1838  *GET,RV,NODE,21,RF,FY   
  1839  RFY=RFY+RV  
  1840  *GET,RV,NODE,22,RF,FY   
  1841  RFY=RFY+RV  
  1842  *GET,RV,NODE,23,RF,FY   
  1843  RFY=RFY+RV  
  1844  *GET,RV,NODE,24,RF,FY   
  1845  RFY=RFY+RV  
  1846  *GET,RV,NODE,25,RF,FY   
  1847  RFY=RFY+RV  
  1848  *GET,RV,NODE,26,RF,FY   
  1849  RFY=RFY+RV  
  1850  *GET,RV,NODE,27,RF,FY   
  1851  RFY=RFY+RV  
  1852  *GET,RV,NODE,28,RF,FY   
  1853  RFY=RFY+RV  
  1854  *GET,RV,NODE,29,RF,FY   
  1855  RFY=RFY+RV  
  1856  *GET,RV,NODE,30,RF,FY   
  1857  RFY=RFY+RV  
  1858  *GET,RV,NODE,31,RF,FY   
  1859  RFY=RFY+RV  
  1860  *GET,RV,NODE,32,RF,FY   
  1861  RFY=RFY+RV  
  1862  *GET,RV,NODE,33,RF,FY   
  1863  RFY=RFY+RV  
  1864  *GET,RV,NODE,34,RF,FY   
  1865  RFY=RFY+RV  
  1866  *GET,RV,NODE,35,RF,FY   
  1867  RFY=RFY+RV  
  1868  *GET,RV,NODE,36,RF,FY   
  1869  RFY=RFY+RV  
  1870  *GET,RV,NODE,37,RF,FY   
  1871  RFY=RFY+RV  
  1872  *GET,RV,NODE,38,RF,FY   
  1873  RFY=RFY+RV  
  1874  *GET,RV,NODE,39,RF,FY   
  1875  RFY=RFY+RV  
  1876  *GET,RV,NODE,40,RF,FY   
  1877  RFY=RFY+RV  
  1878  *GET,RV,NODE,41,RF,FY   
  1879  RFY=RFY+RV  
  1880  *VWRITE,RFY 
  1881  (E24.16)
  1882  *CFCLOS 
  1883  FINISH  
  1884  /EXIT,NOSAVE

 RUN SETUP PROCEDURE FROM FILE= C:\Program Files\ANSYS Inc\ANSYS Student\v261\Ansys\apdl\start.ans

 /INPUT FILE= C:\Program Files\ANSYS Inc\ANSYS Student\v261\Ansys\apdl\start.ans  LINE=       0

 CURRENT JOBNAME REDEFINED AS stage10_contact

 TITLE= 
 Stage 10 contact-control verification                                         


 *** MAPDL - ENGINEERING ANALYSIS SYSTEM  RELEASE 2026 R1          26.1     ***
 Ansys Mechanical Enterprise Academic Student      
 01055371  VERSION=WINDOWS x64   21:08:19  SEP 14, 2026 Elapsed Time=      5.873

 Stage 10 contact-control verification                                         



          ***** MAPDL ANALYSIS DEFINITION (PREP7) *****

 ELEMENT TYPE          1 IS PLANE182     2-D 4-NODE PLANE STRS SOLID 
  KEYOPT( 1- 6)=        0      0      0        0      0      0
  KEYOPT( 7-12)=        0      0      0        0      0      0
  KEYOPT(13-18)=        0      0      0        0      0      0

 CURRENT NODAL DOF SET IS  UX    UY  
  TWO-DIMENSIONAL MODEL

 ELEMENT TYPE       1 IS PLANE182     2-D 4-NODE PLANE STRN SOLID 
  KEYOPT( 1- 6)=        0      0      2        0      0      0
  KEYOPT( 7-12)=        0      0      0        0      0      0
  KEYOPT(13-18)=        0      0      0        0      0      0

 CURRENT NODAL DOF SET IS  UX    UY  
  TWO-DIMENSIONAL MODEL

 ELEMENT TYPE          2 IS TARGE169     2-D TARGET SEGMENT          
  KEYOPT( 1- 6)=        0      0      0        0      0      0
  KEYOPT( 7-12)=        0      0      0        0      0      0
  KEYOPT(13-18)=        0      0      0        0      0      0

 CURRENT NODAL DOF SET IS  UX    UY  
  TWO-DIMENSIONAL MODEL

 ELEMENT TYPE          3 IS CONTA172     2D 3-NODE SURF-SURF CONTACT 
  KEYOPT( 1- 6)=        0      0      0        0      0      0
  KEYOPT( 7-12)=        0      0      0        0      0      0
  KEYOPT(13-18)=        0      0      0        0      0      0

 CURRENT NODAL DOF SET IS  UX    UY  
  TWO-DIMENSIONAL MODEL

 ELEMENT TYPE       3 IS CONTA172     2D 3-NODE SURF-SURF CONTACT 
  KEYOPT( 1- 6)=        0      0      0        0      0      0
  KEYOPT( 7-12)=        0      0      0        0      0      0
  KEYOPT(13-18)=        0      0      0        0      0      0

 CURRENT NODAL DOF SET IS  UX    UY  
  TWO-DIMENSIONAL MODEL

 ELEMENT TYPE       3 IS CONTA172     2D 3-NODE SURF-SURF CONTACT 
  KEYOPT( 1- 6)=        0      0      0        0      0      0
  KEYOPT( 7-12)=        0      0      0        0      0      0
  KEYOPT(13-18)=        0      0      0        0      0      0

 CURRENT NODAL DOF SET IS  UX    UY  
  TWO-DIMENSIONAL MODEL

 ELEMENT TYPE       3 IS CONTA172     2D 3-NODE SURF-SURF CONTACT 
  KEYOPT( 1- 6)=        0      0      0        0      0      0
  KEYOPT( 7-12)=        0      0      0        2      0      0
  KEYOPT(13-18)=        0      0      0        0      0      0

 CURRENT NODAL DOF SET IS  UX    UY  
  TWO-DIMENSIONAL MODEL

 REAL CONSTANT SET          1  ITEMS   1 TO   6
    1.0000       0.0000       0.0000       0.0000       0.0000       0.0000    

 REAL CONSTANT SET          3  ITEMS   1 TO   6
   0.10000      0.10000       0.0000       2.0000       0.0000       0.0000    

 MATERIAL          1     EX   =   2000.000      

 MATERIAL          1     PRXY =  0.3000000      

 MATERIAL          1     ALPX =  0.1000000E-03  

 MATERIAL          1     MU   =   0.000000      

 ELEMENT TYPE SET TO         1

 REAL CONSTANT NUMBER=        1

 MATERIAL NUMBER SET TO         1

 NODE          1  KCS=      0  X,Y,Z=  0.0000       0.0000       0.0000     

 NODE          2  KCS=      0  X,Y,Z= 0.25000       0.0000       0.0000     

 NODE          3  KCS=      0  X,Y,Z= 0.50000       0.0000       0.0000     

 NODE          4  KCS=      0  X,Y,Z= 0.75000       0.0000       0.0000     

 NODE          5  KCS=      0  X,Y,Z=  1.0000       0.0000       0.0000     

 NODE          6  KCS=      0  X,Y,Z=  1.2500       0.0000       0.0000     

 NODE          7  KCS=      0  X,Y,Z=  1.5000       0.0000       0.0000     

 NODE          8  KCS=      0  X,Y,Z=  1.7500       0.0000       0.0000     

 NODE          9  KCS=      0  X,Y,Z=  2.0000       0.0000       0.0000     

 NODE         10  KCS=      0  X,Y,Z=  2.2500       0.0000       0.0000     

 NODE         11  KCS=      0  X,Y,Z=  2.5000       0.0000       0.0000     

 NODE         12  KCS=      0  X,Y,Z=  2.7500       0.0000       0.0000     

 NODE         13  KCS=      0  X,Y,Z=  3.0000       0.0000       0.0000     

 NODE         14  KCS=      0  X,Y,Z=  3.2500       0.0000       0.0000     

 NODE         15  KCS=      0  X,Y,Z=  3.5000       0.0000       0.0000     

 NODE         16  KCS=      0  X,Y,Z=  3.7500       0.0000       0.0000     

 NODE         17  KCS=      0  X,Y,Z=  4.0000       0.0000       0.0000     

 NODE         18  KCS=      0  X,Y,Z=  4.2500       0.0000       0.0000     

 NODE         19  KCS=      0  X,Y,Z=  4.5000       0.0000       0.0000     

 NODE         20  KCS=      0  X,Y,Z=  4.7500       0.0000       0.0000     

 NODE         21  KCS=      0  X,Y,Z=  5.0000       0.0000       0.0000     

 NODE         22  KCS=      0  X,Y,Z=  5.2500       0.0000       0.0000     

 NODE         23  KCS=      0  X,Y,Z=  5.5000       0.0000       0.0000     

 NODE         24  KCS=      0  X,Y,Z=  5.7500       0.0000       0.0000     

 NODE         25  KCS=      0  X,Y,Z=  6.0000       0.0000       0.0000     

 NODE         26  KCS=      0  X,Y,Z=  6.2500       0.0000       0.0000     

 NODE         27  KCS=      0  X,Y,Z=  6.5000       0.0000       0.0000     

 NODE         28  KCS=      0  X,Y,Z=  6.7500       0.0000       0.0000     

 NODE         29  KCS=      0  X,Y,Z=  7.0000       0.0000       0.0000     

 NODE         30  KCS=      0  X,Y,Z=  7.2500       0.0000       0.0000     

 NODE         31  KCS=      0  X,Y,Z=  7.5000       0.0000       0.0000     

 NODE         32  KCS=      0  X,Y,Z=  7.7500       0.0000       0.0000     

 NODE         33  KCS=      0  X,Y,Z=  8.0000       0.0000       0.0000     

 NODE         34  KCS=      0  X,Y,Z=  8.2500       0.0000       0.0000     

 NODE         35  KCS=      0  X,Y,Z=  8.5000       0.0000       0.0000     

 NODE         36  KCS=      0  X,Y,Z=  8.7500       0.0000       0.0000     

 NODE         37  KCS=      0  X,Y,Z=  9.0000       0.0000       0.0000     

 NODE         38  KCS=      0  X,Y,Z=  9.2500       0.0000       0.0000     

 NODE         39  KCS=      0  X,Y,Z=  9.5000       0.0000       0.0000     

 NODE         40  KCS=      0  X,Y,Z=  9.7500       0.0000       0.0000     

 NODE         41  KCS=      0  X,Y,Z=  10.000       0.0000       0.0000     

 NODE         42  KCS=      0  X,Y,Z=  0.0000      0.25000       0.0000     

 NODE         43  KCS=      0  X,Y,Z= 0.25000      0.25000       0.0000     

 NODE         44  KCS=      0  X,Y,Z= 0.50000      0.25000       0.0000     

 NODE         45  KCS=      0  X,Y,Z= 0.75000      0.25000       0.0000     

 NODE         46  KCS=      0  X,Y,Z=  1.0000      0.25000       0.0000     

 NODE         47  KCS=      0  X,Y,Z=  1.2500      0.25000       0.0000     

 NODE         48  KCS=      0  X,Y,Z=  1.5000      0.25000       0.0000     

 NODE         49  KCS=      0  X,Y,Z=  1.7500      0.25000       0.0000     

 NODE         50  KCS=      0  X,Y,Z=  2.0000      0.25000       0.0000     

 NODE         51  KCS=      0  X,Y,Z=  2.2500      0.25000       0.0000     

 NODE         52  KCS=      0  X,Y,Z=  2.5000      0.25000       0.0000     

 NODE         53  KCS=      0  X,Y,Z=  2.7500      0.25000       0.0000     

 NODE         54  KCS=      0  X,Y,Z=  3.0000      0.25000       0.0000     

 NODE         55  KCS=      0  X,Y,Z=  3.2500      0.25000       0.0000     

 NODE         56  KCS=      0  X,Y,Z=  3.5000      0.25000       0.0000     

 NODE         57  KCS=      0  X,Y,Z=  3.7500      0.25000       0.0000     

 NODE         58  KCS=      0  X,Y,Z=  4.0000      0.25000       0.0000     

 NODE         59  KCS=      0  X,Y,Z=  4.2500      0.25000       0.0000     

 NODE         60  KCS=      0  X,Y,Z=  4.5000      0.25000       0.0000     

 NODE         61  KCS=      0  X,Y,Z=  4.7500      0.25000       0.0000     

 NODE         62  KCS=      0  X,Y,Z=  5.0000      0.25000       0.0000     

 NODE         63  KCS=      0  X,Y,Z=  5.2500      0.25000       0.0000     

 NODE         64  KCS=      0  X,Y,Z=  5.5000      0.25000       0.0000     

 NODE         65  KCS=      0  X,Y,Z=  5.7500      0.25000       0.0000     

 NODE         66  KCS=      0  X,Y,Z=  6.0000      0.25000       0.0000     

 NODE         67  KCS=      0  X,Y,Z=  6.2500      0.25000       0.0000     

 NODE         68  KCS=      0  X,Y,Z=  6.5000      0.25000       0.0000     

 NODE         69  KCS=      0  X,Y,Z=  6.7500      0.25000       0.0000     

 NODE         70  KCS=      0  X,Y,Z=  7.0000      0.25000       0.0000     

 NODE         71  KCS=      0  X,Y,Z=  7.2500      0.25000       0.0000     

 NODE         72  KCS=      0  X,Y,Z=  7.5000      0.25000       0.0000     

 NODE         73  KCS=      0  X,Y,Z=  7.7500      0.25000       0.0000     

 NODE         74  KCS=      0  X,Y,Z=  8.0000      0.25000       0.0000     

 NODE         75  KCS=      0  X,Y,Z=  8.2500      0.25000       0.0000     

 NODE         76  KCS=      0  X,Y,Z=  8.5000      0.25000       0.0000     

 NODE         77  KCS=      0  X,Y,Z=  8.7500      0.25000       0.0000     

 NODE         78  KCS=      0  X,Y,Z=  9.0000      0.25000       0.0000     

 NODE         79  KCS=      0  X,Y,Z=  9.2500      0.25000       0.0000     

 NODE         80  KCS=      0  X,Y,Z=  9.5000      0.25000       0.0000     

 NODE         81  KCS=      0  X,Y,Z=  9.7500      0.25000       0.0000     

 NODE         82  KCS=      0  X,Y,Z=  10.000      0.25000       0.0000     

 NODE         83  KCS=      0  X,Y,Z=  0.0000      0.50000       0.0000     

 NODE         84  KCS=      0  X,Y,Z= 0.25000      0.50000       0.0000     

 NODE         85  KCS=      0  X,Y,Z= 0.50000      0.50000       0.0000     

 NODE         86  KCS=      0  X,Y,Z= 0.75000      0.50000       0.0000     

 NODE         87  KCS=      0  X,Y,Z=  1.0000      0.50000       0.0000     

 NODE         88  KCS=      0  X,Y,Z=  1.2500      0.50000       0.0000     

 NODE         89  KCS=      0  X,Y,Z=  1.5000      0.50000       0.0000     

 NODE         90  KCS=      0  X,Y,Z=  1.7500      0.50000       0.0000     

 NODE         91  KCS=      0  X,Y,Z=  2.0000      0.50000       0.0000     

 NODE         92  KCS=      0  X,Y,Z=  2.2500      0.50000       0.0000     

 NODE         93  KCS=      0  X,Y,Z=  2.5000      0.50000       0.0000     

 NODE         94  KCS=      0  X,Y,Z=  2.7500      0.50000       0.0000     

 NODE         95  KCS=      0  X,Y,Z=  3.0000      0.50000       0.0000     

 NODE         96  KCS=      0  X,Y,Z=  3.2500      0.50000       0.0000     

 NODE         97  KCS=      0  X,Y,Z=  3.5000      0.50000       0.0000     

 NODE         98  KCS=      0  X,Y,Z=  3.7500      0.50000       0.0000     

 NODE         99  KCS=      0  X,Y,Z=  4.0000      0.50000       0.0000     

 NODE        100  KCS=      0  X,Y,Z=  4.2500      0.50000       0.0000     

 NODE        101  KCS=      0  X,Y,Z=  4.5000      0.50000       0.0000     

 NODE        102  KCS=      0  X,Y,Z=  4.7500      0.50000       0.0000     

 NODE        103  KCS=      0  X,Y,Z=  5.0000      0.50000       0.0000     

 NODE        104  KCS=      0  X,Y,Z=  5.2500      0.50000       0.0000     

 NODE        105  KCS=      0  X,Y,Z=  5.5000      0.50000       0.0000     

 NODE        106  KCS=      0  X,Y,Z=  5.7500      0.50000       0.0000     

 NODE        107  KCS=      0  X,Y,Z=  6.0000      0.50000       0.0000     

 NODE        108  KCS=      0  X,Y,Z=  6.2500      0.50000       0.0000     

 NODE        109  KCS=      0  X,Y,Z=  6.5000      0.50000       0.0000     

 NODE        110  KCS=      0  X,Y,Z=  6.7500      0.50000       0.0000     

 NODE        111  KCS=      0  X,Y,Z=  7.0000      0.50000       0.0000     

 NODE        112  KCS=      0  X,Y,Z=  7.2500      0.50000       0.0000     

 NODE        113  KCS=      0  X,Y,Z=  7.5000      0.50000       0.0000     

 NODE        114  KCS=      0  X,Y,Z=  7.7500      0.50000       0.0000     

 NODE        115  KCS=      0  X,Y,Z=  8.0000      0.50000       0.0000     

 NODE        116  KCS=      0  X,Y,Z=  8.2500      0.50000       0.0000     

 NODE        117  KCS=      0  X,Y,Z=  8.5000      0.50000       0.0000     

 NODE        118  KCS=      0  X,Y,Z=  8.7500      0.50000       0.0000     

 NODE        119  KCS=      0  X,Y,Z=  9.0000      0.50000       0.0000     

 NODE        120  KCS=      0  X,Y,Z=  9.2500      0.50000       0.0000     

 NODE        121  KCS=      0  X,Y,Z=  9.5000      0.50000       0.0000     

 NODE        122  KCS=      0  X,Y,Z=  9.7500      0.50000       0.0000     

 NODE        123  KCS=      0  X,Y,Z=  10.000      0.50000       0.0000     

 NODE        124  KCS=      0  X,Y,Z=  0.0000      0.75000       0.0000     

 NODE        125  KCS=      0  X,Y,Z= 0.25000      0.75000       0.0000     

 NODE        126  KCS=      0  X,Y,Z= 0.50000      0.75000       0.0000     

 NODE        127  KCS=      0  X,Y,Z= 0.75000      0.75000       0.0000     

 NODE        128  KCS=      0  X,Y,Z=  1.0000      0.75000       0.0000     

 NODE        129  KCS=      0  X,Y,Z=  1.2500      0.75000       0.0000     

 NODE        130  KCS=      0  X,Y,Z=  1.5000      0.75000       0.0000     

 NODE        131  KCS=      0  X,Y,Z=  1.7500      0.75000       0.0000     

 NODE        132  KCS=      0  X,Y,Z=  2.0000      0.75000       0.0000     

 NODE        133  KCS=      0  X,Y,Z=  2.2500      0.75000       0.0000     

 NODE        134  KCS=      0  X,Y,Z=  2.5000      0.75000       0.0000     

 NODE        135  KCS=      0  X,Y,Z=  2.7500      0.75000       0.0000     

 NODE        136  KCS=      0  X,Y,Z=  3.0000      0.75000       0.0000     

 NODE        137  KCS=      0  X,Y,Z=  3.2500      0.75000       0.0000     

 NODE        138  KCS=      0  X,Y,Z=  3.5000      0.75000       0.0000     

 NODE        139  KCS=      0  X,Y,Z=  3.7500      0.75000       0.0000     

 NODE        140  KCS=      0  X,Y,Z=  4.0000      0.75000       0.0000     

 NODE        141  KCS=      0  X,Y,Z=  4.2500      0.75000       0.0000     

 NODE        142  KCS=      0  X,Y,Z=  4.5000      0.75000       0.0000     

 NODE        143  KCS=      0  X,Y,Z=  4.7500      0.75000       0.0000     

 NODE        144  KCS=      0  X,Y,Z=  5.0000      0.75000       0.0000     

 NODE        145  KCS=      0  X,Y,Z=  5.2500      0.75000       0.0000     

 NODE        146  KCS=      0  X,Y,Z=  5.5000      0.75000       0.0000     

 NODE        147  KCS=      0  X,Y,Z=  5.7500      0.75000       0.0000     

 NODE        148  KCS=      0  X,Y,Z=  6.0000      0.75000       0.0000     

 NODE        149  KCS=      0  X,Y,Z=  6.2500      0.75000       0.0000     

 NODE        150  KCS=      0  X,Y,Z=  6.5000      0.75000       0.0000     

 NODE        151  KCS=      0  X,Y,Z=  6.7500      0.75000       0.0000     

 NODE        152  KCS=      0  X,Y,Z=  7.0000      0.75000       0.0000     

 NODE        153  KCS=      0  X,Y,Z=  7.2500      0.75000       0.0000     

 NODE        154  KCS=      0  X,Y,Z=  7.5000      0.75000       0.0000     

 NODE        155  KCS=      0  X,Y,Z=  7.7500      0.75000       0.0000     

 NODE        156  KCS=      0  X,Y,Z=  8.0000      0.75000       0.0000     

 NODE        157  KCS=      0  X,Y,Z=  8.2500      0.75000       0.0000     

 NODE        158  KCS=      0  X,Y,Z=  8.5000      0.75000       0.0000     

 NODE        159  KCS=      0  X,Y,Z=  8.7500      0.75000       0.0000     

 NODE        160  KCS=      0  X,Y,Z=  9.0000      0.75000       0.0000     

 NODE        161  KCS=      0  X,Y,Z=  9.2500      0.75000       0.0000     

 NODE        162  KCS=      0  X,Y,Z=  9.5000      0.75000       0.0000     

 NODE        163  KCS=      0  X,Y,Z=  9.7500      0.75000       0.0000     

 NODE        164  KCS=      0  X,Y,Z=  10.000      0.75000       0.0000     

 NODE        165  KCS=      0  X,Y,Z=  0.0000       1.0000       0.0000     

 NODE        166  KCS=      0  X,Y,Z= 0.25000       1.0000       0.0000     

 NODE        167  KCS=      0  X,Y,Z= 0.50000       1.0000       0.0000     

 NODE        168  KCS=      0  X,Y,Z= 0.75000       1.0000       0.0000     

 NODE        169  KCS=      0  X,Y,Z=  1.0000       1.0000       0.0000     

 NODE        170  KCS=      0  X,Y,Z=  1.2500       1.0000       0.0000     

 NODE        171  KCS=      0  X,Y,Z=  1.5000       1.0000       0.0000     

 NODE        172  KCS=      0  X,Y,Z=  1.7500       1.0000       0.0000     

 NODE        173  KCS=      0  X,Y,Z=  2.0000       1.0000       0.0000     

 NODE        174  KCS=      0  X,Y,Z=  2.2500       1.0000       0.0000     

 NODE        175  KCS=      0  X,Y,Z=  2.5000       1.0000       0.0000     

 NODE        176  KCS=      0  X,Y,Z=  2.7500       1.0000       0.0000     

 NODE        177  KCS=      0  X,Y,Z=  3.0000       1.0000       0.0000     

 NODE        178  KCS=      0  X,Y,Z=  3.2500       1.0000       0.0000     

 NODE        179  KCS=      0  X,Y,Z=  3.5000       1.0000       0.0000     

 NODE        180  KCS=      0  X,Y,Z=  3.7500       1.0000       0.0000     

 NODE        181  KCS=      0  X,Y,Z=  4.0000       1.0000       0.0000     

 NODE        182  KCS=      0  X,Y,Z=  4.2500       1.0000       0.0000     

 NODE        183  KCS=      0  X,Y,Z=  4.5000       1.0000       0.0000     

 NODE        184  KCS=      0  X,Y,Z=  4.7500       1.0000       0.0000     

 NODE        185  KCS=      0  X,Y,Z=  5.0000       1.0000       0.0000     

 NODE        186  KCS=      0  X,Y,Z=  5.2500       1.0000       0.0000     

 NODE        187  KCS=      0  X,Y,Z=  5.5000       1.0000       0.0000     

 NODE        188  KCS=      0  X,Y,Z=  5.7500       1.0000       0.0000     

 NODE        189  KCS=      0  X,Y,Z=  6.0000       1.0000       0.0000     

 NODE        190  KCS=      0  X,Y,Z=  6.2500       1.0000       0.0000     

 NODE        191  KCS=      0  X,Y,Z=  6.5000       1.0000       0.0000     

 NODE        192  KCS=      0  X,Y,Z=  6.7500       1.0000       0.0000     

 NODE        193  KCS=      0  X,Y,Z=  7.0000       1.0000       0.0000     

 NODE        194  KCS=      0  X,Y,Z=  7.2500       1.0000       0.0000     

 NODE        195  KCS=      0  X,Y,Z=  7.5000       1.0000       0.0000     

 NODE        196  KCS=      0  X,Y,Z=  7.7500       1.0000       0.0000     

 NODE        197  KCS=      0  X,Y,Z=  8.0000       1.0000       0.0000     

 NODE        198  KCS=      0  X,Y,Z=  8.2500       1.0000       0.0000     

 NODE        199  KCS=      0  X,Y,Z=  8.5000       1.0000       0.0000     

 NODE        200  KCS=      0  X,Y,Z=  8.7500       1.0000       0.0000     

 NODE        201  KCS=      0  X,Y,Z=  9.0000       1.0000       0.0000     

 NODE        202  KCS=      0  X,Y,Z=  9.2500       1.0000       0.0000     

 NODE        203  KCS=      0  X,Y,Z=  9.5000       1.0000       0.0000     

 NODE        204  KCS=      0  X,Y,Z=  9.7500       1.0000       0.0000     

 NODE        205  KCS=      0  X,Y,Z=  10.000       1.0000       0.0000     

 NODE        206  KCS=      0  X,Y,Z=  0.0000       1.2500       0.0000     

 NODE        207  KCS=      0  X,Y,Z= 0.25000       1.2500       0.0000     

 NODE        208  KCS=      0  X,Y,Z= 0.50000       1.2500       0.0000     

 NODE        209  KCS=      0  X,Y,Z= 0.75000       1.2500       0.0000     

 NODE        210  KCS=      0  X,Y,Z=  1.0000       1.2500       0.0000     

 NODE        211  KCS=      0  X,Y,Z=  1.2500       1.2500       0.0000     

 NODE        212  KCS=      0  X,Y,Z=  1.5000       1.2500       0.0000     

 NODE        213  KCS=      0  X,Y,Z=  1.7500       1.2500       0.0000     

 NODE        214  KCS=      0  X,Y,Z=  2.0000       1.2500       0.0000     

 NODE        215  KCS=      0  X,Y,Z=  2.2500       1.2500       0.0000     

 NODE        216  KCS=      0  X,Y,Z=  2.5000       1.2500       0.0000     

 NODE        217  KCS=      0  X,Y,Z=  2.7500       1.2500       0.0000     

 NODE        218  KCS=      0  X,Y,Z=  3.0000       1.2500       0.0000     

 NODE        219  KCS=      0  X,Y,Z=  3.2500       1.2500       0.0000     

 NODE        220  KCS=      0  X,Y,Z=  3.5000       1.2500       0.0000     

 NODE        221  KCS=      0  X,Y,Z=  3.7500       1.2500       0.0000     

 NODE        222  KCS=      0  X,Y,Z=  4.0000       1.2500       0.0000     

 NODE        223  KCS=      0  X,Y,Z=  4.2500       1.2500       0.0000     

 NODE        224  KCS=      0  X,Y,Z=  4.5000       1.2500       0.0000     

 NODE        225  KCS=      0  X,Y,Z=  4.7500       1.2500       0.0000     

 NODE        226  KCS=      0  X,Y,Z=  5.0000       1.2500       0.0000     

 NODE        227  KCS=      0  X,Y,Z=  5.2500       1.2500       0.0000     

 NODE        228  KCS=      0  X,Y,Z=  5.5000       1.2500       0.0000     

 NODE        229  KCS=      0  X,Y,Z=  5.7500       1.2500       0.0000     

 NODE        230  KCS=      0  X,Y,Z=  6.0000       1.2500       0.0000     

 NODE        231  KCS=      0  X,Y,Z=  6.2500       1.2500       0.0000     

 NODE        232  KCS=      0  X,Y,Z=  6.5000       1.2500       0.0000     

 NODE        233  KCS=      0  X,Y,Z=  6.7500       1.2500       0.0000     

 NODE        234  KCS=      0  X,Y,Z=  7.0000       1.2500       0.0000     

 NODE        235  KCS=      0  X,Y,Z=  7.2500       1.2500       0.0000     

 NODE        236  KCS=      0  X,Y,Z=  7.5000       1.2500       0.0000     

 NODE        237  KCS=      0  X,Y,Z=  7.7500       1.2500       0.0000     

 NODE        238  KCS=      0  X,Y,Z=  8.0000       1.2500       0.0000     

 NODE        239  KCS=      0  X,Y,Z=  8.2500       1.2500       0.0000     

 NODE        240  KCS=      0  X,Y,Z=  8.5000       1.2500       0.0000     

 NODE        241  KCS=      0  X,Y,Z=  8.7500       1.2500       0.0000     

 NODE        242  KCS=      0  X,Y,Z=  9.0000       1.2500       0.0000     

 NODE        243  KCS=      0  X,Y,Z=  9.2500       1.2500       0.0000     

 NODE        244  KCS=      0  X,Y,Z=  9.5000       1.2500       0.0000     

 NODE        245  KCS=      0  X,Y,Z=  9.7500       1.2500       0.0000     

 NODE        246  KCS=      0  X,Y,Z=  10.000       1.2500       0.0000     

 NODE        247  KCS=      0  X,Y,Z=  0.0000       1.5000       0.0000     

 NODE        248  KCS=      0  X,Y,Z= 0.25000       1.5000       0.0000     

 NODE        249  KCS=      0  X,Y,Z= 0.50000       1.5000       0.0000     

 NODE        250  KCS=      0  X,Y,Z= 0.75000       1.5000       0.0000     

 NODE        251  KCS=      0  X,Y,Z=  1.0000       1.5000       0.0000     

 NODE        252  KCS=      0  X,Y,Z=  1.2500       1.5000       0.0000     

 NODE        253  KCS=      0  X,Y,Z=  1.5000       1.5000       0.0000     

 NODE        254  KCS=      0  X,Y,Z=  1.7500       1.5000       0.0000     

 NODE        255  KCS=      0  X,Y,Z=  2.0000       1.5000       0.0000     

 NODE        256  KCS=      0  X,Y,Z=  2.2500       1.5000       0.0000     

 NODE        257  KCS=      0  X,Y,Z=  2.5000       1.5000       0.0000     

 NODE        258  KCS=      0  X,Y,Z=  2.7500       1.5000       0.0000     

 NODE        259  KCS=      0  X,Y,Z=  3.0000       1.5000       0.0000     

 NODE        260  KCS=      0  X,Y,Z=  3.2500       1.5000       0.0000     

 NODE        261  KCS=      0  X,Y,Z=  3.5000       1.5000       0.0000     

 NODE        262  KCS=      0  X,Y,Z=  3.7500       1.5000       0.0000     

 NODE        263  KCS=      0  X,Y,Z=  4.0000       1.5000       0.0000     

 NODE        264  KCS=      0  X,Y,Z=  4.2500       1.5000       0.0000     

 NODE        265  KCS=      0  X,Y,Z=  4.5000       1.5000       0.0000     

 NODE        266  KCS=      0  X,Y,Z=  4.7500       1.5000       0.0000     

 NODE        267  KCS=      0  X,Y,Z=  5.0000       1.5000       0.0000     

 NODE        268  KCS=      0  X,Y,Z=  5.2500       1.5000       0.0000     

 NODE        269  KCS=      0  X,Y,Z=  5.5000       1.5000       0.0000     

 NODE        270  KCS=      0  X,Y,Z=  5.7500       1.5000       0.0000     

 NODE        271  KCS=      0  X,Y,Z=  6.0000       1.5000       0.0000     

 NODE        272  KCS=      0  X,Y,Z=  6.2500       1.5000       0.0000     

 NODE        273  KCS=      0  X,Y,Z=  6.5000       1.5000       0.0000     

 NODE        274  KCS=      0  X,Y,Z=  6.7500       1.5000       0.0000     

 NODE        275  KCS=      0  X,Y,Z=  7.0000       1.5000       0.0000     

 NODE        276  KCS=      0  X,Y,Z=  7.2500       1.5000       0.0000     

 NODE        277  KCS=      0  X,Y,Z=  7.5000       1.5000       0.0000     

 NODE        278  KCS=      0  X,Y,Z=  7.7500       1.5000       0.0000     

 NODE        279  KCS=      0  X,Y,Z=  8.0000       1.5000       0.0000     

 NODE        280  KCS=      0  X,Y,Z=  8.2500       1.5000       0.0000     

 NODE        281  KCS=      0  X,Y,Z=  8.5000       1.5000       0.0000     

 NODE        282  KCS=      0  X,Y,Z=  8.7500       1.5000       0.0000     

 NODE        283  KCS=      0  X,Y,Z=  9.0000       1.5000       0.0000     

 NODE        284  KCS=      0  X,Y,Z=  9.2500       1.5000       0.0000     

 NODE        285  KCS=      0  X,Y,Z=  9.5000       1.5000       0.0000     

 NODE        286  KCS=      0  X,Y,Z=  9.7500       1.5000       0.0000     

 NODE        287  KCS=      0  X,Y,Z=  10.000       1.5000       0.0000     

 NODE        288  KCS=      0  X,Y,Z=  0.0000       1.7500       0.0000     

 NODE        289  KCS=      0  X,Y,Z= 0.25000       1.7500       0.0000     

 NODE        290  KCS=      0  X,Y,Z= 0.50000       1.7500       0.0000     

 NODE        291  KCS=      0  X,Y,Z= 0.75000       1.7500       0.0000     

 NODE        292  KCS=      0  X,Y,Z=  1.0000       1.7500       0.0000     

 NODE        293  KCS=      0  X,Y,Z=  1.2500       1.7500       0.0000     

 NODE        294  KCS=      0  X,Y,Z=  1.5000       1.7500       0.0000     

 NODE        295  KCS=      0  X,Y,Z=  1.7500       1.7500       0.0000     

 NODE        296  KCS=      0  X,Y,Z=  2.0000       1.7500       0.0000     

 NODE        297  KCS=      0  X,Y,Z=  2.2500       1.7500       0.0000     

 NODE        298  KCS=      0  X,Y,Z=  2.5000       1.7500       0.0000     

 NODE        299  KCS=      0  X,Y,Z=  2.7500       1.7500       0.0000     

 NODE        300  KCS=      0  X,Y,Z=  3.0000       1.7500       0.0000     

 NODE        301  KCS=      0  X,Y,Z=  3.2500       1.7500       0.0000     

 NODE        302  KCS=      0  X,Y,Z=  3.5000       1.7500       0.0000     

 NODE        303  KCS=      0  X,Y,Z=  3.7500       1.7500       0.0000     

 NODE        304  KCS=      0  X,Y,Z=  4.0000       1.7500       0.0000     

 NODE        305  KCS=      0  X,Y,Z=  4.2500       1.7500       0.0000     

 NODE        306  KCS=      0  X,Y,Z=  4.5000       1.7500       0.0000     

 NODE        307  KCS=      0  X,Y,Z=  4.7500       1.7500       0.0000     

 NODE        308  KCS=      0  X,Y,Z=  5.0000       1.7500       0.0000     

 NODE        309  KCS=      0  X,Y,Z=  5.2500       1.7500       0.0000     

 NODE        310  KCS=      0  X,Y,Z=  5.5000       1.7500       0.0000     

 NODE        311  KCS=      0  X,Y,Z=  5.7500       1.7500       0.0000     

 NODE        312  KCS=      0  X,Y,Z=  6.0000       1.7500       0.0000     

 NODE        313  KCS=      0  X,Y,Z=  6.2500       1.7500       0.0000     

 NODE        314  KCS=      0  X,Y,Z=  6.5000       1.7500       0.0000     

 NODE        315  KCS=      0  X,Y,Z=  6.7500       1.7500       0.0000     

 NODE        316  KCS=      0  X,Y,Z=  7.0000       1.7500       0.0000     

 NODE        317  KCS=      0  X,Y,Z=  7.2500       1.7500       0.0000     

 NODE        318  KCS=      0  X,Y,Z=  7.5000       1.7500       0.0000     

 NODE        319  KCS=      0  X,Y,Z=  7.7500       1.7500       0.0000     

 NODE        320  KCS=      0  X,Y,Z=  8.0000       1.7500       0.0000     

 NODE        321  KCS=      0  X,Y,Z=  8.2500       1.7500       0.0000     

 NODE        322  KCS=      0  X,Y,Z=  8.5000       1.7500       0.0000     

 NODE        323  KCS=      0  X,Y,Z=  8.7500       1.7500       0.0000     

 NODE        324  KCS=      0  X,Y,Z=  9.0000       1.7500       0.0000     

 NODE        325  KCS=      0  X,Y,Z=  9.2500       1.7500       0.0000     

 NODE        326  KCS=      0  X,Y,Z=  9.5000       1.7500       0.0000     

 NODE        327  KCS=      0  X,Y,Z=  9.7500       1.7500       0.0000     

 NODE        328  KCS=      0  X,Y,Z=  10.000       1.7500       0.0000     

 NODE        329  KCS=      0  X,Y,Z=  0.0000       2.0000       0.0000     

 NODE        330  KCS=      0  X,Y,Z= 0.25000       2.0000       0.0000     

 NODE        331  KCS=      0  X,Y,Z= 0.50000       2.0000       0.0000     

 NODE        332  KCS=      0  X,Y,Z= 0.75000       2.0000       0.0000     

 NODE        333  KCS=      0  X,Y,Z=  1.0000       2.0000       0.0000     

 NODE        334  KCS=      0  X,Y,Z=  1.2500       2.0000       0.0000     

 NODE        335  KCS=      0  X,Y,Z=  1.5000       2.0000       0.0000     

 NODE        336  KCS=      0  X,Y,Z=  1.7500       2.0000       0.0000     

 NODE        337  KCS=      0  X,Y,Z=  2.0000       2.0000       0.0000     

 NODE        338  KCS=      0  X,Y,Z=  2.2500       2.0000       0.0000     

 NODE        339  KCS=      0  X,Y,Z=  2.5000       2.0000       0.0000     

 NODE        340  KCS=      0  X,Y,Z=  2.7500       2.0000       0.0000     

 NODE        341  KCS=      0  X,Y,Z=  3.0000       2.0000       0.0000     

 NODE        342  KCS=      0  X,Y,Z=  3.2500       2.0000       0.0000     

 NODE        343  KCS=      0  X,Y,Z=  3.5000       2.0000       0.0000     

 NODE        344  KCS=      0  X,Y,Z=  3.7500       2.0000       0.0000     

 NODE        345  KCS=      0  X,Y,Z=  4.0000       2.0000       0.0000     

 NODE        346  KCS=      0  X,Y,Z=  4.2500       2.0000       0.0000     

 NODE        347  KCS=      0  X,Y,Z=  4.5000       2.0000       0.0000     

 NODE        348  KCS=      0  X,Y,Z=  4.7500       2.0000       0.0000     

 NODE        349  KCS=      0  X,Y,Z=  5.0000       2.0000       0.0000     

 NODE        350  KCS=      0  X,Y,Z=  5.2500       2.0000       0.0000     

 NODE        351  KCS=      0  X,Y,Z=  5.5000       2.0000       0.0000     

 NODE        352  KCS=      0  X,Y,Z=  5.7500       2.0000       0.0000     

 NODE        353  KCS=      0  X,Y,Z=  6.0000       2.0000       0.0000     

 NODE        354  KCS=      0  X,Y,Z=  6.2500       2.0000       0.0000     

 NODE        355  KCS=      0  X,Y,Z=  6.5000       2.0000       0.0000     

 NODE        356  KCS=      0  X,Y,Z=  6.7500       2.0000       0.0000     

 NODE        357  KCS=      0  X,Y,Z=  7.0000       2.0000       0.0000     

 NODE        358  KCS=      0  X,Y,Z=  7.2500       2.0000       0.0000     

 NODE        359  KCS=      0  X,Y,Z=  7.5000       2.0000       0.0000     

 NODE        360  KCS=      0  X,Y,Z=  7.7500       2.0000       0.0000     

 NODE        361  KCS=      0  X,Y,Z=  8.0000       2.0000       0.0000     

 NODE        362  KCS=      0  X,Y,Z=  8.2500       2.0000       0.0000     

 NODE        363  KCS=      0  X,Y,Z=  8.5000       2.0000       0.0000     

 NODE        364  KCS=      0  X,Y,Z=  8.7500       2.0000       0.0000     

 NODE        365  KCS=      0  X,Y,Z=  9.0000       2.0000       0.0000     

 NODE        366  KCS=      0  X,Y,Z=  9.2500       2.0000       0.0000     

 NODE        367  KCS=      0  X,Y,Z=  9.5000       2.0000       0.0000     

 NODE        368  KCS=      0  X,Y,Z=  9.7500       2.0000       0.0000     

 NODE        369  KCS=      0  X,Y,Z=  10.000       2.0000       0.0000     

 NODE        370  KCS=      0  X,Y,Z=  0.0000       2.2500       0.0000     

 NODE        371  KCS=      0  X,Y,Z= 0.25000       2.2500       0.0000     

 NODE        372  KCS=      0  X,Y,Z= 0.50000       2.2500       0.0000     

 NODE        373  KCS=      0  X,Y,Z= 0.75000       2.2500       0.0000     

 NODE        374  KCS=      0  X,Y,Z=  1.0000       2.2500       0.0000     

 NODE        375  KCS=      0  X,Y,Z=  1.2500       2.2500       0.0000     

 NODE        376  KCS=      0  X,Y,Z=  1.5000       2.2500       0.0000     

 NODE        377  KCS=      0  X,Y,Z=  1.7500       2.2500       0.0000     

 NODE        378  KCS=      0  X,Y,Z=  2.0000       2.2500       0.0000     

 NODE        379  KCS=      0  X,Y,Z=  2.2500       2.2500       0.0000     

 NODE        380  KCS=      0  X,Y,Z=  2.5000       2.2500       0.0000     

 NODE        381  KCS=      0  X,Y,Z=  2.7500       2.2500       0.0000     

 NODE        382  KCS=      0  X,Y,Z=  3.0000       2.2500       0.0000     

 NODE        383  KCS=      0  X,Y,Z=  3.2500       2.2500       0.0000     

 NODE        384  KCS=      0  X,Y,Z=  3.5000       2.2500       0.0000     

 NODE        385  KCS=      0  X,Y,Z=  3.7500       2.2500       0.0000     

 NODE        386  KCS=      0  X,Y,Z=  4.0000       2.2500       0.0000     

 NODE        387  KCS=      0  X,Y,Z=  4.2500       2.2500       0.0000     

 NODE        388  KCS=      0  X,Y,Z=  4.5000       2.2500       0.0000     

 NODE        389  KCS=      0  X,Y,Z=  4.7500       2.2500       0.0000     

 NODE        390  KCS=      0  X,Y,Z=  5.0000       2.2500       0.0000     

 NODE        391  KCS=      0  X,Y,Z=  5.2500       2.2500       0.0000     

 NODE        392  KCS=      0  X,Y,Z=  5.5000       2.2500       0.0000     

 NODE        393  KCS=      0  X,Y,Z=  5.7500       2.2500       0.0000     

 NODE        394  KCS=      0  X,Y,Z=  6.0000       2.2500       0.0000     

 NODE        395  KCS=      0  X,Y,Z=  6.2500       2.2500       0.0000     

 NODE        396  KCS=      0  X,Y,Z=  6.5000       2.2500       0.0000     

 NODE        397  KCS=      0  X,Y,Z=  6.7500       2.2500       0.0000     

 NODE        398  KCS=      0  X,Y,Z=  7.0000       2.2500       0.0000     

 NODE        399  KCS=      0  X,Y,Z=  7.2500       2.2500       0.0000     

 NODE        400  KCS=      0  X,Y,Z=  7.5000       2.2500       0.0000     

 NODE        401  KCS=      0  X,Y,Z=  7.7500       2.2500       0.0000     

 NODE        402  KCS=      0  X,Y,Z=  8.0000       2.2500       0.0000     

 NODE        403  KCS=      0  X,Y,Z=  8.2500       2.2500       0.0000     

 NODE        404  KCS=      0  X,Y,Z=  8.5000       2.2500       0.0000     

 NODE        405  KCS=      0  X,Y,Z=  8.7500       2.2500       0.0000     

 NODE        406  KCS=      0  X,Y,Z=  9.0000       2.2500       0.0000     

 NODE        407  KCS=      0  X,Y,Z=  9.2500       2.2500       0.0000     

 NODE        408  KCS=      0  X,Y,Z=  9.5000       2.2500       0.0000     

 NODE        409  KCS=      0  X,Y,Z=  9.7500       2.2500       0.0000     

 NODE        410  KCS=      0  X,Y,Z=  10.000       2.2500       0.0000     

 NODE        411  KCS=      0  X,Y,Z=  0.0000       2.5000       0.0000     

 NODE        412  KCS=      0  X,Y,Z= 0.25000       2.5000       0.0000     

 NODE        413  KCS=      0  X,Y,Z= 0.50000       2.5000       0.0000     

 NODE        414  KCS=      0  X,Y,Z= 0.75000       2.5000       0.0000     

 NODE        415  KCS=      0  X,Y,Z=  1.0000       2.5000       0.0000     

 NODE        416  KCS=      0  X,Y,Z=  1.2500       2.5000       0.0000     

 NODE        417  KCS=      0  X,Y,Z=  1.5000       2.5000       0.0000     

 NODE        418  KCS=      0  X,Y,Z=  1.7500       2.5000       0.0000     

 NODE        419  KCS=      0  X,Y,Z=  2.0000       2.5000       0.0000     

 NODE        420  KCS=      0  X,Y,Z=  2.2500       2.5000       0.0000     

 NODE        421  KCS=      0  X,Y,Z=  2.5000       2.5000       0.0000     

 NODE        422  KCS=      0  X,Y,Z=  2.7500       2.5000       0.0000     

 NODE        423  KCS=      0  X,Y,Z=  3.0000       2.5000       0.0000     

 NODE        424  KCS=      0  X,Y,Z=  3.2500       2.5000       0.0000     

 NODE        425  KCS=      0  X,Y,Z=  3.5000       2.5000       0.0000     

 NODE        426  KCS=      0  X,Y,Z=  3.7500       2.5000       0.0000     

 NODE        427  KCS=      0  X,Y,Z=  4.0000       2.5000       0.0000     

 NODE        428  KCS=      0  X,Y,Z=  4.2500       2.5000       0.0000     

 NODE        429  KCS=      0  X,Y,Z=  4.5000       2.5000       0.0000     

 NODE        430  KCS=      0  X,Y,Z=  4.7500       2.5000       0.0000     

 NODE        431  KCS=      0  X,Y,Z=  5.0000       2.5000       0.0000     

 NODE        432  KCS=      0  X,Y,Z=  5.2500       2.5000       0.0000     

 NODE        433  KCS=      0  X,Y,Z=  5.5000       2.5000       0.0000     

 NODE        434  KCS=      0  X,Y,Z=  5.7500       2.5000       0.0000     

 NODE        435  KCS=      0  X,Y,Z=  6.0000       2.5000       0.0000     

 NODE        436  KCS=      0  X,Y,Z=  6.2500       2.5000       0.0000     

 NODE        437  KCS=      0  X,Y,Z=  6.5000       2.5000       0.0000     

 NODE        438  KCS=      0  X,Y,Z=  6.7500       2.5000       0.0000     

 NODE        439  KCS=      0  X,Y,Z=  7.0000       2.5000       0.0000     

 NODE        440  KCS=      0  X,Y,Z=  7.2500       2.5000       0.0000     

 NODE        441  KCS=      0  X,Y,Z=  7.5000       2.5000       0.0000     

 NODE        442  KCS=      0  X,Y,Z=  7.7500       2.5000       0.0000     

 NODE        443  KCS=      0  X,Y,Z=  8.0000       2.5000       0.0000     

 NODE        444  KCS=      0  X,Y,Z=  8.2500       2.5000       0.0000     

 NODE        445  KCS=      0  X,Y,Z=  8.5000       2.5000       0.0000     

 NODE        446  KCS=      0  X,Y,Z=  8.7500       2.5000       0.0000     

 NODE        447  KCS=      0  X,Y,Z=  9.0000       2.5000       0.0000     

 NODE        448  KCS=      0  X,Y,Z=  9.2500       2.5000       0.0000     

 NODE        449  KCS=      0  X,Y,Z=  9.5000       2.5000       0.0000     

 NODE        450  KCS=      0  X,Y,Z=  9.7500       2.5000       0.0000     

 NODE        451  KCS=      0  X,Y,Z=  10.000       2.5000       0.0000     

 NODE        452  KCS=      0  X,Y,Z=  0.0000       2.7500       0.0000     

 NODE        453  KCS=      0  X,Y,Z= 0.25000       2.7500       0.0000     

 NODE        454  KCS=      0  X,Y,Z= 0.50000       2.7500       0.0000     

 NODE        455  KCS=      0  X,Y,Z= 0.75000       2.7500       0.0000     

 NODE        456  KCS=      0  X,Y,Z=  1.0000       2.7500       0.0000     

 NODE        457  KCS=      0  X,Y,Z=  1.2500       2.7500       0.0000     

 NODE        458  KCS=      0  X,Y,Z=  1.5000       2.7500       0.0000     

 NODE        459  KCS=      0  X,Y,Z=  1.7500       2.7500       0.0000     

 NODE        460  KCS=      0  X,Y,Z=  2.0000       2.7500       0.0000     

 NODE        461  KCS=      0  X,Y,Z=  2.2500       2.7500       0.0000     

 NODE        462  KCS=      0  X,Y,Z=  2.5000       2.7500       0.0000     

 NODE        463  KCS=      0  X,Y,Z=  2.7500       2.7500       0.0000     

 NODE        464  KCS=      0  X,Y,Z=  3.0000       2.7500       0.0000     

 NODE        465  KCS=      0  X,Y,Z=  3.2500       2.7500       0.0000     

 NODE        466  KCS=      0  X,Y,Z=  3.5000       2.7500       0.0000     

 NODE        467  KCS=      0  X,Y,Z=  3.7500       2.7500       0.0000     

 NODE        468  KCS=      0  X,Y,Z=  4.0000       2.7500       0.0000     

 NODE        469  KCS=      0  X,Y,Z=  4.2500       2.7500       0.0000     

 NODE        470  KCS=      0  X,Y,Z=  4.5000       2.7500       0.0000     

 NODE        471  KCS=      0  X,Y,Z=  4.7500       2.7500       0.0000     

 NODE        472  KCS=      0  X,Y,Z=  5.0000       2.7500       0.0000     

 NODE        473  KCS=      0  X,Y,Z=  5.2500       2.7500       0.0000     

 NODE        474  KCS=      0  X,Y,Z=  5.5000       2.7500       0.0000     

 NODE        475  KCS=      0  X,Y,Z=  5.7500       2.7500       0.0000     

 NODE        476  KCS=      0  X,Y,Z=  6.0000       2.7500       0.0000     

 NODE        477  KCS=      0  X,Y,Z=  6.2500       2.7500       0.0000     

 NODE        478  KCS=      0  X,Y,Z=  6.5000       2.7500       0.0000     

 NODE        479  KCS=      0  X,Y,Z=  6.7500       2.7500       0.0000     

 NODE        480  KCS=      0  X,Y,Z=  7.0000       2.7500       0.0000     

 NODE        481  KCS=      0  X,Y,Z=  7.2500       2.7500       0.0000     

 NODE        482  KCS=      0  X,Y,Z=  7.5000       2.7500       0.0000     

 NODE        483  KCS=      0  X,Y,Z=  7.7500       2.7500       0.0000     

 NODE        484  KCS=      0  X,Y,Z=  8.0000       2.7500       0.0000     

 NODE        485  KCS=      0  X,Y,Z=  8.2500       2.7500       0.0000     

 NODE        486  KCS=      0  X,Y,Z=  8.5000       2.7500       0.0000     

 NODE        487  KCS=      0  X,Y,Z=  8.7500       2.7500       0.0000     

 NODE        488  KCS=      0  X,Y,Z=  9.0000       2.7500       0.0000     

 NODE        489  KCS=      0  X,Y,Z=  9.2500       2.7500       0.0000     

 NODE        490  KCS=      0  X,Y,Z=  9.5000       2.7500       0.0000     

 NODE        491  KCS=      0  X,Y,Z=  9.7500       2.7500       0.0000     

 NODE        492  KCS=      0  X,Y,Z=  10.000       2.7500       0.0000     

 NODE        493  KCS=      0  X,Y,Z=  0.0000       3.0000       0.0000     

 NODE        494  KCS=      0  X,Y,Z= 0.25000       3.0000       0.0000     

 NODE        495  KCS=      0  X,Y,Z= 0.50000       3.0000       0.0000     

 NODE        496  KCS=      0  X,Y,Z= 0.75000       3.0000       0.0000     

 NODE        497  KCS=      0  X,Y,Z=  1.0000       3.0000       0.0000     

 NODE        498  KCS=      0  X,Y,Z=  1.2500       3.0000       0.0000     

 NODE        499  KCS=      0  X,Y,Z=  1.5000       3.0000       0.0000     

 NODE        500  KCS=      0  X,Y,Z=  1.7500       3.0000       0.0000     

 NODE        501  KCS=      0  X,Y,Z=  2.0000       3.0000       0.0000     

 NODE        502  KCS=      0  X,Y,Z=  2.2500       3.0000       0.0000     

 NODE        503  KCS=      0  X,Y,Z=  2.5000       3.0000       0.0000     

 NODE        504  KCS=      0  X,Y,Z=  2.7500       3.0000       0.0000     

 NODE        505  KCS=      0  X,Y,Z=  3.0000       3.0000       0.0000     

 NODE        506  KCS=      0  X,Y,Z=  3.2500       3.0000       0.0000     

 NODE        507  KCS=      0  X,Y,Z=  3.5000       3.0000       0.0000     

 NODE        508  KCS=      0  X,Y,Z=  3.7500       3.0000       0.0000     

 NODE        509  KCS=      0  X,Y,Z=  4.0000       3.0000       0.0000     

 NODE        510  KCS=      0  X,Y,Z=  4.2500       3.0000       0.0000     

 NODE        511  KCS=      0  X,Y,Z=  4.5000       3.0000       0.0000     

 NODE        512  KCS=      0  X,Y,Z=  4.7500       3.0000       0.0000     

 NODE        513  KCS=      0  X,Y,Z=  5.0000       3.0000       0.0000     

 NODE        514  KCS=      0  X,Y,Z=  5.2500       3.0000       0.0000     

 NODE        515  KCS=      0  X,Y,Z=  5.5000       3.0000       0.0000     

 NODE        516  KCS=      0  X,Y,Z=  5.7500       3.0000       0.0000     

 NODE        517  KCS=      0  X,Y,Z=  6.0000       3.0000       0.0000     

 NODE        518  KCS=      0  X,Y,Z=  6.2500       3.0000       0.0000     

 NODE        519  KCS=      0  X,Y,Z=  6.5000       3.0000       0.0000     

 NODE        520  KCS=      0  X,Y,Z=  6.7500       3.0000       0.0000     

 NODE        521  KCS=      0  X,Y,Z=  7.0000       3.0000       0.0000     

 NODE        522  KCS=      0  X,Y,Z=  7.2500       3.0000       0.0000     

 NODE        523  KCS=      0  X,Y,Z=  7.5000       3.0000       0.0000     

 NODE        524  KCS=      0  X,Y,Z=  7.7500       3.0000       0.0000     

 NODE        525  KCS=      0  X,Y,Z=  8.0000       3.0000       0.0000     

 NODE        526  KCS=      0  X,Y,Z=  8.2500       3.0000       0.0000     

 NODE        527  KCS=      0  X,Y,Z=  8.5000       3.0000       0.0000     

 NODE        528  KCS=      0  X,Y,Z=  8.7500       3.0000       0.0000     

 NODE        529  KCS=      0  X,Y,Z=  9.0000       3.0000       0.0000     

 NODE        530  KCS=      0  X,Y,Z=  9.2500       3.0000       0.0000     

 NODE        531  KCS=      0  X,Y,Z=  9.5000       3.0000       0.0000     

 NODE        532  KCS=      0  X,Y,Z=  9.7500       3.0000       0.0000     

 NODE        533  KCS=      0  X,Y,Z=  10.000       3.0000       0.0000     

 NODE        534  KCS=      0  X,Y,Z=  0.0000       3.2500       0.0000     

 NODE        535  KCS=      0  X,Y,Z= 0.25000       3.2500       0.0000     

 NODE        536  KCS=      0  X,Y,Z= 0.50000       3.2500       0.0000     

 NODE        537  KCS=      0  X,Y,Z= 0.75000       3.2500       0.0000     

 NODE        538  KCS=      0  X,Y,Z=  1.0000       3.2500       0.0000     

 NODE        539  KCS=      0  X,Y,Z=  1.2500       3.2500       0.0000     

 NODE        540  KCS=      0  X,Y,Z=  1.5000       3.2500       0.0000     

 NODE        541  KCS=      0  X,Y,Z=  1.7500       3.2500       0.0000     

 NODE        542  KCS=      0  X,Y,Z=  2.0000       3.2500       0.0000     

 NODE        543  KCS=      0  X,Y,Z=  2.2500       3.2500       0.0000     

 NODE        544  KCS=      0  X,Y,Z=  2.5000       3.2500       0.0000     

 NODE        545  KCS=      0  X,Y,Z=  2.7500       3.2500       0.0000     

 NODE        546  KCS=      0  X,Y,Z=  3.0000       3.2500       0.0000     

 NODE        547  KCS=      0  X,Y,Z=  3.2500       3.2500       0.0000     

 NODE        548  KCS=      0  X,Y,Z=  3.5000       3.2500       0.0000     

 NODE        549  KCS=      0  X,Y,Z=  3.7500       3.2500       0.0000     

 NODE        550  KCS=      0  X,Y,Z=  4.0000       3.2500       0.0000     

 NODE        551  KCS=      0  X,Y,Z=  4.2500       3.2500       0.0000     

 NODE        552  KCS=      0  X,Y,Z=  4.5000       3.2500       0.0000     

 NODE        553  KCS=      0  X,Y,Z=  4.7500       3.2500       0.0000     

 NODE        554  KCS=      0  X,Y,Z=  5.0000       3.2500       0.0000     

 NODE        555  KCS=      0  X,Y,Z=  5.2500       3.2500       0.0000     

 NODE        556  KCS=      0  X,Y,Z=  5.5000       3.2500       0.0000     

 NODE        557  KCS=      0  X,Y,Z=  5.7500       3.2500       0.0000     

 NODE        558  KCS=      0  X,Y,Z=  6.0000       3.2500       0.0000     

 NODE        559  KCS=      0  X,Y,Z=  6.2500       3.2500       0.0000     

 NODE        560  KCS=      0  X,Y,Z=  6.5000       3.2500       0.0000     

 NODE        561  KCS=      0  X,Y,Z=  6.7500       3.2500       0.0000     

 NODE        562  KCS=      0  X,Y,Z=  7.0000       3.2500       0.0000     

 NODE        563  KCS=      0  X,Y,Z=  7.2500       3.2500       0.0000     

 NODE        564  KCS=      0  X,Y,Z=  7.5000       3.2500       0.0000     

 NODE        565  KCS=      0  X,Y,Z=  7.7500       3.2500       0.0000     

 NODE        566  KCS=      0  X,Y,Z=  8.0000       3.2500       0.0000     

 NODE        567  KCS=      0  X,Y,Z=  8.2500       3.2500       0.0000     

 NODE        568  KCS=      0  X,Y,Z=  8.5000       3.2500       0.0000     

 NODE        569  KCS=      0  X,Y,Z=  8.7500       3.2500       0.0000     

 NODE        570  KCS=      0  X,Y,Z=  9.0000       3.2500       0.0000     

 NODE        571  KCS=      0  X,Y,Z=  9.2500       3.2500       0.0000     

 NODE        572  KCS=      0  X,Y,Z=  9.5000       3.2500       0.0000     

 NODE        573  KCS=      0  X,Y,Z=  9.7500       3.2500       0.0000     

 NODE        574  KCS=      0  X,Y,Z=  10.000       3.2500       0.0000     

 NODE        575  KCS=      0  X,Y,Z=  0.0000       3.5000       0.0000     

 NODE        576  KCS=      0  X,Y,Z= 0.25000       3.5000       0.0000     

 NODE        577  KCS=      0  X,Y,Z= 0.50000       3.5000       0.0000     

 NODE        578  KCS=      0  X,Y,Z= 0.75000       3.5000       0.0000     

 NODE        579  KCS=      0  X,Y,Z=  1.0000       3.5000       0.0000     

 NODE        580  KCS=      0  X,Y,Z=  1.2500       3.5000       0.0000     

 NODE        581  KCS=      0  X,Y,Z=  1.5000       3.5000       0.0000     

 NODE        582  KCS=      0  X,Y,Z=  1.7500       3.5000       0.0000     

 NODE        583  KCS=      0  X,Y,Z=  2.0000       3.5000       0.0000     

 NODE        584  KCS=      0  X,Y,Z=  2.2500       3.5000       0.0000     

 NODE        585  KCS=      0  X,Y,Z=  2.5000       3.5000       0.0000     

 NODE        586  KCS=      0  X,Y,Z=  2.7500       3.5000       0.0000     

 NODE        587  KCS=      0  X,Y,Z=  3.0000       3.5000       0.0000     

 NODE        588  KCS=      0  X,Y,Z=  3.2500       3.5000       0.0000     

 NODE        589  KCS=      0  X,Y,Z=  3.5000       3.5000       0.0000     

 NODE        590  KCS=      0  X,Y,Z=  3.7500       3.5000       0.0000     

 NODE        591  KCS=      0  X,Y,Z=  4.0000       3.5000       0.0000     

 NODE        592  KCS=      0  X,Y,Z=  4.2500       3.5000       0.0000     

 NODE        593  KCS=      0  X,Y,Z=  4.5000       3.5000       0.0000     

 NODE        594  KCS=      0  X,Y,Z=  4.7500       3.5000       0.0000     

 NODE        595  KCS=      0  X,Y,Z=  5.0000       3.5000       0.0000     

 NODE        596  KCS=      0  X,Y,Z=  5.2500       3.5000       0.0000     

 NODE        597  KCS=      0  X,Y,Z=  5.5000       3.5000       0.0000     

 NODE        598  KCS=      0  X,Y,Z=  5.7500       3.5000       0.0000     

 NODE        599  KCS=      0  X,Y,Z=  6.0000       3.5000       0.0000     

 NODE        600  KCS=      0  X,Y,Z=  6.2500       3.5000       0.0000     

 NODE        601  KCS=      0  X,Y,Z=  6.5000       3.5000       0.0000     

 NODE        602  KCS=      0  X,Y,Z=  6.7500       3.5000       0.0000     

 NODE        603  KCS=      0  X,Y,Z=  7.0000       3.5000       0.0000     

 NODE        604  KCS=      0  X,Y,Z=  7.2500       3.5000       0.0000     

 NODE        605  KCS=      0  X,Y,Z=  7.5000       3.5000       0.0000     

 NODE        606  KCS=      0  X,Y,Z=  7.7500       3.5000       0.0000     

 NODE        607  KCS=      0  X,Y,Z=  8.0000       3.5000       0.0000     

 NODE        608  KCS=      0  X,Y,Z=  8.2500       3.5000       0.0000     

 NODE        609  KCS=      0  X,Y,Z=  8.5000       3.5000       0.0000     

 NODE        610  KCS=      0  X,Y,Z=  8.7500       3.5000       0.0000     

 NODE        611  KCS=      0  X,Y,Z=  9.0000       3.5000       0.0000     

 NODE        612  KCS=      0  X,Y,Z=  9.2500       3.5000       0.0000     

 NODE        613  KCS=      0  X,Y,Z=  9.5000       3.5000       0.0000     

 NODE        614  KCS=      0  X,Y,Z=  9.7500       3.5000       0.0000     

 NODE        615  KCS=      0  X,Y,Z=  10.000       3.5000       0.0000     

 NODE        616  KCS=      0  X,Y,Z=  0.0000       3.7500       0.0000     

 NODE        617  KCS=      0  X,Y,Z= 0.25000       3.7500       0.0000     

 NODE        618  KCS=      0  X,Y,Z= 0.50000       3.7500       0.0000     

 NODE        619  KCS=      0  X,Y,Z= 0.75000       3.7500       0.0000     

 NODE        620  KCS=      0  X,Y,Z=  1.0000       3.7500       0.0000     

 NODE        621  KCS=      0  X,Y,Z=  1.2500       3.7500       0.0000     

 NODE        622  KCS=      0  X,Y,Z=  1.5000       3.7500       0.0000     

 NODE        623  KCS=      0  X,Y,Z=  1.7500       3.7500       0.0000     

 NODE        624  KCS=      0  X,Y,Z=  2.0000       3.7500       0.0000     

 NODE        625  KCS=      0  X,Y,Z=  2.2500       3.7500       0.0000     

 NODE        626  KCS=      0  X,Y,Z=  2.5000       3.7500       0.0000     

 NODE        627  KCS=      0  X,Y,Z=  2.7500       3.7500       0.0000     

 NODE        628  KCS=      0  X,Y,Z=  3.0000       3.7500       0.0000     

 NODE        629  KCS=      0  X,Y,Z=  3.2500       3.7500       0.0000     

 NODE        630  KCS=      0  X,Y,Z=  3.5000       3.7500       0.0000     

 NODE        631  KCS=      0  X,Y,Z=  3.7500       3.7500       0.0000     

 NODE        632  KCS=      0  X,Y,Z=  4.0000       3.7500       0.0000     

 NODE        633  KCS=      0  X,Y,Z=  4.2500       3.7500       0.0000     

 NODE        634  KCS=      0  X,Y,Z=  4.5000       3.7500       0.0000     

 NODE        635  KCS=      0  X,Y,Z=  4.7500       3.7500       0.0000     

 NODE        636  KCS=      0  X,Y,Z=  5.0000       3.7500       0.0000     

 NODE        637  KCS=      0  X,Y,Z=  5.2500       3.7500       0.0000     

 NODE        638  KCS=      0  X,Y,Z=  5.5000       3.7500       0.0000     

 NODE        639  KCS=      0  X,Y,Z=  5.7500       3.7500       0.0000     

 NODE        640  KCS=      0  X,Y,Z=  6.0000       3.7500       0.0000     

 NODE        641  KCS=      0  X,Y,Z=  6.2500       3.7500       0.0000     

 NODE        642  KCS=      0  X,Y,Z=  6.5000       3.7500       0.0000     

 NODE        643  KCS=      0  X,Y,Z=  6.7500       3.7500       0.0000     

 NODE        644  KCS=      0  X,Y,Z=  7.0000       3.7500       0.0000     

 NODE        645  KCS=      0  X,Y,Z=  7.2500       3.7500       0.0000     

 NODE        646  KCS=      0  X,Y,Z=  7.5000       3.7500       0.0000     

 NODE        647  KCS=      0  X,Y,Z=  7.7500       3.7500       0.0000     

 NODE        648  KCS=      0  X,Y,Z=  8.0000       3.7500       0.0000     

 NODE        649  KCS=      0  X,Y,Z=  8.2500       3.7500       0.0000     

 NODE        650  KCS=      0  X,Y,Z=  8.5000       3.7500       0.0000     

 NODE        651  KCS=      0  X,Y,Z=  8.7500       3.7500       0.0000     

 NODE        652  KCS=      0  X,Y,Z=  9.0000       3.7500       0.0000     

 NODE        653  KCS=      0  X,Y,Z=  9.2500       3.7500       0.0000     

 NODE        654  KCS=      0  X,Y,Z=  9.5000       3.7500       0.0000     

 NODE        655  KCS=      0  X,Y,Z=  9.7500       3.7500       0.0000     

 NODE        656  KCS=      0  X,Y,Z=  10.000       3.7500       0.0000     

 NODE        657  KCS=      0  X,Y,Z=  0.0000       4.0000       0.0000     

 NODE        658  KCS=      0  X,Y,Z= 0.25000       4.0000       0.0000     

 NODE        659  KCS=      0  X,Y,Z= 0.50000       4.0000       0.0000     

 NODE        660  KCS=      0  X,Y,Z= 0.75000       4.0000       0.0000     

 NODE        661  KCS=      0  X,Y,Z=  1.0000       4.0000       0.0000     

 NODE        662  KCS=      0  X,Y,Z=  1.2500       4.0000       0.0000     

 NODE        663  KCS=      0  X,Y,Z=  1.5000       4.0000       0.0000     

 NODE        664  KCS=      0  X,Y,Z=  1.7500       4.0000       0.0000     

 NODE        665  KCS=      0  X,Y,Z=  2.0000       4.0000       0.0000     

 NODE        666  KCS=      0  X,Y,Z=  2.2500       4.0000       0.0000     

 NODE        667  KCS=      0  X,Y,Z=  2.5000       4.0000       0.0000     

 NODE        668  KCS=      0  X,Y,Z=  2.7500       4.0000       0.0000     

 NODE        669  KCS=      0  X,Y,Z=  3.0000       4.0000       0.0000     

 NODE        670  KCS=      0  X,Y,Z=  3.2500       4.0000       0.0000     

 NODE        671  KCS=      0  X,Y,Z=  3.5000       4.0000       0.0000     

 NODE        672  KCS=      0  X,Y,Z=  3.7500       4.0000       0.0000     

 NODE        673  KCS=      0  X,Y,Z=  4.0000       4.0000       0.0000     

 NODE        674  KCS=      0  X,Y,Z=  4.2500       4.0000       0.0000     

 NODE        675  KCS=      0  X,Y,Z=  4.5000       4.0000       0.0000     

 NODE        676  KCS=      0  X,Y,Z=  4.7500       4.0000       0.0000     

 NODE        677  KCS=      0  X,Y,Z=  5.0000       4.0000       0.0000     

 NODE        678  KCS=      0  X,Y,Z=  5.2500       4.0000       0.0000     

 NODE        679  KCS=      0  X,Y,Z=  5.5000       4.0000       0.0000     

 NODE        680  KCS=      0  X,Y,Z=  5.7500       4.0000       0.0000     

 NODE        681  KCS=      0  X,Y,Z=  6.0000       4.0000       0.0000     

 NODE        682  KCS=      0  X,Y,Z=  6.2500       4.0000       0.0000     

 NODE        683  KCS=      0  X,Y,Z=  6.5000       4.0000       0.0000     

 NODE        684  KCS=      0  X,Y,Z=  6.7500       4.0000       0.0000     

 NODE        685  KCS=      0  X,Y,Z=  7.0000       4.0000       0.0000     

 NODE        686  KCS=      0  X,Y,Z=  7.2500       4.0000       0.0000     

 NODE        687  KCS=      0  X,Y,Z=  7.5000       4.0000       0.0000     

 NODE        688  KCS=      0  X,Y,Z=  7.7500       4.0000       0.0000     

 NODE        689  KCS=      0  X,Y,Z=  8.0000       4.0000       0.0000     

 NODE        690  KCS=      0  X,Y,Z=  8.2500       4.0000       0.0000     

 NODE        691  KCS=      0  X,Y,Z=  8.5000       4.0000       0.0000     

 NODE        692  KCS=      0  X,Y,Z=  8.7500       4.0000       0.0000     

 NODE        693  KCS=      0  X,Y,Z=  9.0000       4.0000       0.0000     

 NODE        694  KCS=      0  X,Y,Z=  9.2500       4.0000       0.0000     

 NODE        695  KCS=      0  X,Y,Z=  9.5000       4.0000       0.0000     

 NODE        696  KCS=      0  X,Y,Z=  9.7500       4.0000       0.0000     

 NODE        697  KCS=      0  X,Y,Z=  10.000       4.0000       0.0000     

 ELEMENT      1       1      2     43     42

 ELEMENT      2       2      3     44     43

 ELEMENT      3       3      4     45     44

 ELEMENT      4       4      5     46     45

 ELEMENT      5       5      6     47     46

 ELEMENT      6       6      7     48     47

 ELEMENT      7       7      8     49     48

 ELEMENT      8       8      9     50     49

 ELEMENT      9       9     10     51     50

 ELEMENT     10      10     11     52     51

 ELEMENT     11      11     12     53     52

 ELEMENT     12      12     13     54     53

 ELEMENT     13      13     14     55     54

 ELEMENT     14      14     15     56     55

 ELEMENT     15      15     16     57     56

 ELEMENT     16      16     17     58     57

 ELEMENT     17      17     18     59     58

 ELEMENT     18      18     19     60     59

 ELEMENT     19      19     20     61     60

 ELEMENT     20      20     21     62     61

 ELEMENT     21      21     22     63     62

 ELEMENT     22      22     23     64     63

 ELEMENT     23      23     24     65     64

 ELEMENT     24      24     25     66     65

 ELEMENT     25      25     26     67     66

 ELEMENT     26      26     27     68     67

 ELEMENT     27      27     28     69     68

 ELEMENT     28      28     29     70     69

 ELEMENT     29      29     30     71     70

 ELEMENT     30      30     31     72     71

 ELEMENT     31      31     32     73     72

 ELEMENT     32      32     33     74     73

 ELEMENT     33      33     34     75     74

 ELEMENT     34      34     35     76     75

 ELEMENT     35      35     36     77     76

 ELEMENT     36      36     37     78     77

 ELEMENT     37      37     38     79     78

 ELEMENT     38      38     39     80     79

 ELEMENT     39      39     40     81     80

 ELEMENT     40      40     41     82     81

 ELEMENT     41      42     43     84     83

 ELEMENT     42      43     44     85     84

 ELEMENT     43      44     45     86     85

 ELEMENT     44      45     46     87     86

 ELEMENT     45      46     47     88     87

 ELEMENT     46      47     48     89     88

 ELEMENT     47      48     49     90     89

 ELEMENT     48      49     50     91     90

 ELEMENT     49      50     51     92     91

 ELEMENT     50      51     52     93     92

 ELEMENT     51      52     53     94     93

 ELEMENT     52      53     54     95     94

 ELEMENT     53      54     55     96     95

 ELEMENT     54      55     56     97     96

 ELEMENT     55      56     57     98     97

 ELEMENT     56      57     58     99     98

 ELEMENT     57      58     59    100     99

 ELEMENT     58      59     60    101    100

 ELEMENT     59      60     61    102    101

 ELEMENT     60      61     62    103    102

 ELEMENT     61      62     63    104    103

 ELEMENT     62      63     64    105    104

 ELEMENT     63      64     65    106    105

 ELEMENT     64      65     66    107    106

 ELEMENT     65      66     67    108    107

 ELEMENT     66      67     68    109    108

 ELEMENT     67      68     69    110    109

 ELEMENT     68      69     70    111    110

 ELEMENT     69      70     71    112    111

 ELEMENT     70      71     72    113    112

 ELEMENT     71      72     73    114    113

 ELEMENT     72      73     74    115    114

 ELEMENT     73      74     75    116    115

 ELEMENT     74      75     76    117    116

 ELEMENT     75      76     77    118    117

 ELEMENT     76      77     78    119    118

 ELEMENT     77      78     79    120    119

 ELEMENT     78      79     80    121    120

 ELEMENT     79      80     81    122    121

 ELEMENT     80      81     82    123    122

 ELEMENT     81      83     84    125    124

 ELEMENT     82      84     85    126    125

 ELEMENT     83      85     86    127    126

 ELEMENT     84      86     87    128    127

 ELEMENT     85      87     88    129    128

 ELEMENT     86      88     89    130    129

 ELEMENT     87      89     90    131    130

 ELEMENT     88      90     91    132    131

 ELEMENT     89      91     92    133    132

 ELEMENT     90      92     93    134    133

 ELEMENT     91      93     94    135    134

 ELEMENT     92      94     95    136    135

 ELEMENT     93      95     96    137    136

 ELEMENT     94      96     97    138    137

 ELEMENT     95      97     98    139    138

 ELEMENT     96      98     99    140    139

 ELEMENT     97      99    100    141    140

 ELEMENT     98     100    101    142    141

 ELEMENT     99     101    102    143    142

 ELEMENT    100     102    103    144    143

 ELEMENT    101     103    104    145    144

 ELEMENT    102     104    105    146    145

 ELEMENT    103     105    106    147    146

 ELEMENT    104     106    107    148    147

 ELEMENT    105     107    108    149    148

 ELEMENT    106     108    109    150    149

 ELEMENT    107     109    110    151    150

 ELEMENT    108     110    111    152    151

 ELEMENT    109     111    112    153    152

 ELEMENT    110     112    113    154    153

 ELEMENT    111     113    114    155    154

 ELEMENT    112     114    115    156    155

 ELEMENT    113     115    116    157    156

 ELEMENT    114     116    117    158    157

 ELEMENT    115     117    118    159    158

 ELEMENT    116     118    119    160    159

 ELEMENT    117     119    120    161    160

 ELEMENT    118     120    121    162    161

 ELEMENT    119     121    122    163    162

 ELEMENT    120     122    123    164    163

 ELEMENT    121     124    125    166    165

 ELEMENT    122     125    126    167    166

 ELEMENT    123     126    127    168    167

 ELEMENT    124     127    128    169    168

 ELEMENT    125     128    129    170    169

 ELEMENT    126     129    130    171    170

 ELEMENT    127     130    131    172    171

 ELEMENT    128     131    132    173    172

 ELEMENT    129     132    133    174    173

 ELEMENT    130     133    134    175    174

 ELEMENT    131     134    135    176    175

 ELEMENT    132     135    136    177    176

 ELEMENT    133     136    137    178    177

 ELEMENT    134     137    138    179    178

 ELEMENT    135     138    139    180    179

 ELEMENT    136     139    140    181    180

 ELEMENT    137     140    141    182    181

 ELEMENT    138     141    142    183    182

 ELEMENT    139     142    143    184    183

 ELEMENT    140     143    144    185    184

 ELEMENT    141     144    145    186    185

 ELEMENT    142     145    146    187    186

 ELEMENT    143     146    147    188    187

 ELEMENT    144     147    148    189    188

 ELEMENT    145     148    149    190    189

 ELEMENT    146     149    150    191    190

 ELEMENT    147     150    151    192    191

 ELEMENT    148     151    152    193    192

 ELEMENT    149     152    153    194    193

 ELEMENT    150     153    154    195    194

 ELEMENT    151     154    155    196    195

 ELEMENT    152     155    156    197    196

 ELEMENT    153     156    157    198    197

 ELEMENT    154     157    158    199    198

 ELEMENT    155     158    159    200    199

 ELEMENT    156     159    160    201    200

 ELEMENT    157     160    161    202    201

 ELEMENT    158     161    162    203    202

 ELEMENT    159     162    163    204    203

 ELEMENT    160     163    164    205    204

 ELEMENT    161     165    166    207    206

 ELEMENT    162     166    167    208    207

 ELEMENT    163     167    168    209    208

 ELEMENT    164     168    169    210    209

 ELEMENT    165     169    170    211    210

 ELEMENT    166     170    171    212    211

 ELEMENT    167     171    172    213    212

 ELEMENT    168     172    173    214    213

 ELEMENT    169     173    174    215    214

 ELEMENT    170     174    175    216    215

 ELEMENT    171     175    176    217    216

 ELEMENT    172     176    177    218    217

 ELEMENT    173     177    178    219    218

 ELEMENT    174     178    179    220    219

 ELEMENT    175     179    180    221    220

 ELEMENT    176     180    181    222    221

 ELEMENT    177     181    182    223    222

 ELEMENT    178     182    183    224    223

 ELEMENT    179     183    184    225    224

 ELEMENT    180     184    185    226    225

 ELEMENT    181     185    186    227    226

 ELEMENT    182     186    187    228    227

 ELEMENT    183     187    188    229    228

 ELEMENT    184     188    189    230    229

 ELEMENT    185     189    190    231    230

 ELEMENT    186     190    191    232    231

 ELEMENT    187     191    192    233    232

 ELEMENT    188     192    193    234    233

 ELEMENT    189     193    194    235    234

 ELEMENT    190     194    195    236    235

 ELEMENT    191     195    196    237    236

 ELEMENT    192     196    197    238    237

 ELEMENT    193     197    198    239    238

 ELEMENT    194     198    199    240    239

 ELEMENT    195     199    200    241    240

 ELEMENT    196     200    201    242    241

 ELEMENT    197     201    202    243    242

 ELEMENT    198     202    203    244    243

 ELEMENT    199     203    204    245    244

 ELEMENT    200     204    205    246    245

 ELEMENT    201     206    207    248    247

 ELEMENT    202     207    208    249    248

 ELEMENT    203     208    209    250    249

 ELEMENT    204     209    210    251    250

 ELEMENT    205     210    211    252    251

 ELEMENT    206     211    212    253    252

 ELEMENT    207     212    213    254    253

 ELEMENT    208     213    214    255    254

 ELEMENT    209     214    215    256    255

 ELEMENT    210     215    216    257    256

 ELEMENT    211     216    217    258    257

 ELEMENT    212     217    218    259    258

 ELEMENT    213     218    219    260    259

 ELEMENT    214     219    220    261    260

 ELEMENT    215     220    221    262    261

 ELEMENT    216     221    222    263    262

 ELEMENT    217     222    223    264    263

 ELEMENT    218     223    224    265    264

 ELEMENT    219     224    225    266    265

 ELEMENT    220     225    226    267    266

 ELEMENT    221     226    227    268    267

 ELEMENT    222     227    228    269    268

 ELEMENT    223     228    229    270    269

 ELEMENT    224     229    230    271    270

 ELEMENT    225     230    231    272    271

 ELEMENT    226     231    232    273    272

 ELEMENT    227     232    233    274    273

 ELEMENT    228     233    234    275    274

 ELEMENT    229     234    235    276    275

 ELEMENT    230     235    236    277    276

 ELEMENT    231     236    237    278    277

 ELEMENT    232     237    238    279    278

 ELEMENT    233     238    239    280    279

 ELEMENT    234     239    240    281    280

 ELEMENT    235     240    241    282    281

 ELEMENT    236     241    242    283    282

 ELEMENT    237     242    243    284    283

 ELEMENT    238     243    244    285    284

 ELEMENT    239     244    245    286    285

 ELEMENT    240     245    246    287    286

 ELEMENT    241     247    248    289    288

 ELEMENT    242     248    249    290    289

 ELEMENT    243     249    250    291    290

 ELEMENT    244     250    251    292    291

 ELEMENT    245     251    252    293    292

 ELEMENT    246     252    253    294    293

 ELEMENT    247     253    254    295    294

 ELEMENT    248     254    255    296    295

 ELEMENT    249     255    256    297    296

 ELEMENT    250     256    257    298    297

 ELEMENT    251     257    258    299    298

 ELEMENT    252     258    259    300    299

 ELEMENT    253     259    260    301    300

 ELEMENT    254     260    261    302    301

 ELEMENT    255     261    262    303    302

 ELEMENT    256     262    263    304    303

 ELEMENT    257     263    264    305    304

 ELEMENT    258     264    265    306    305

 ELEMENT    259     265    266    307    306

 ELEMENT    260     266    267    308    307

 ELEMENT    261     267    268    309    308

 ELEMENT    262     268    269    310    309

 ELEMENT    263     269    270    311    310

 ELEMENT    264     270    271    312    311

 ELEMENT    265     271    272    313    312

 ELEMENT    266     272    273    314    313

 ELEMENT    267     273    274    315    314

 ELEMENT    268     274    275    316    315

 ELEMENT    269     275    276    317    316

 ELEMENT    270     276    277    318    317

 ELEMENT    271     277    278    319    318

 ELEMENT    272     278    279    320    319

 ELEMENT    273     279    280    321    320

 ELEMENT    274     280    281    322    321

 ELEMENT    275     281    282    323    322

 ELEMENT    276     282    283    324    323

 ELEMENT    277     283    284    325    324

 ELEMENT    278     284    285    326    325

 ELEMENT    279     285    286    327    326

 ELEMENT    280     286    287    328    327

 ELEMENT    281     288    289    330    329

 ELEMENT    282     289    290    331    330

 ELEMENT    283     290    291    332    331

 ELEMENT    284     291    292    333    332

 ELEMENT    285     292    293    334    333

 ELEMENT    286     293    294    335    334

 ELEMENT    287     294    295    336    335

 ELEMENT    288     295    296    337    336

 ELEMENT    289     296    297    338    337

 ELEMENT    290     297    298    339    338

 ELEMENT    291     298    299    340    339

 ELEMENT    292     299    300    341    340

 ELEMENT    293     300    301    342    341

 ELEMENT    294     301    302    343    342

 ELEMENT    295     302    303    344    343

 ELEMENT    296     303    304    345    344

 ELEMENT    297     304    305    346    345

 ELEMENT    298     305    306    347    346

 ELEMENT    299     306    307    348    347

 ELEMENT    300     307    308    349    348

 ELEMENT    301     308    309    350    349

 ELEMENT    302     309    310    351    350

 ELEMENT    303     310    311    352    351

 ELEMENT    304     311    312    353    352

 ELEMENT    305     312    313    354    353

 ELEMENT    306     313    314    355    354

 ELEMENT    307     314    315    356    355

 ELEMENT    308     315    316    357    356

 ELEMENT    309     316    317    358    357

 ELEMENT    310     317    318    359    358

 ELEMENT    311     318    319    360    359

 ELEMENT    312     319    320    361    360

 ELEMENT    313     320    321    362    361

 ELEMENT    314     321    322    363    362

 ELEMENT    315     322    323    364    363

 ELEMENT    316     323    324    365    364

 ELEMENT    317     324    325    366    365

 ELEMENT    318     325    326    367    366

 ELEMENT    319     326    327    368    367

 ELEMENT    320     327    328    369    368

 ELEMENT    321     329    330    371    370

 ELEMENT    322     330    331    372    371

 ELEMENT    323     331    332    373    372

 ELEMENT    324     332    333    374    373

 ELEMENT    325     333    334    375    374

 ELEMENT    326     334    335    376    375

 ELEMENT    327     335    336    377    376

 ELEMENT    328     336    337    378    377

 ELEMENT    329     337    338    379    378

 ELEMENT    330     338    339    380    379

 ELEMENT    331     339    340    381    380

 ELEMENT    332     340    341    382    381

 ELEMENT    333     341    342    383    382

 ELEMENT    334     342    343    384    383

 ELEMENT    335     343    344    385    384

 ELEMENT    336     344    345    386    385

 ELEMENT    337     345    346    387    386

 ELEMENT    338     346    347    388    387

 ELEMENT    339     347    348    389    388

 ELEMENT    340     348    349    390    389

 ELEMENT    341     349    350    391    390

 ELEMENT    342     350    351    392    391

 ELEMENT    343     351    352    393    392

 ELEMENT    344     352    353    394    393

 ELEMENT    345     353    354    395    394

 ELEMENT    346     354    355    396    395

 ELEMENT    347     355    356    397    396

 ELEMENT    348     356    357    398    397

 ELEMENT    349     357    358    399    398

 ELEMENT    350     358    359    400    399

 ELEMENT    351     359    360    401    400

 ELEMENT    352     360    361    402    401

 ELEMENT    353     361    362    403    402

 ELEMENT    354     362    363    404    403

 ELEMENT    355     363    364    405    404

 ELEMENT    356     364    365    406    405

 ELEMENT    357     365    366    407    406

 ELEMENT    358     366    367    408    407

 ELEMENT    359     367    368    409    408

 ELEMENT    360     368    369    410    409

 ELEMENT    361     370    371    412    411

 ELEMENT    362     371    372    413    412

 ELEMENT    363     372    373    414    413

 ELEMENT    364     373    374    415    414

 ELEMENT    365     374    375    416    415

 ELEMENT    366     375    376    417    416

 ELEMENT    367     376    377    418    417

 ELEMENT    368     377    378    419    418

 ELEMENT    369     378    379    420    419

 ELEMENT    370     379    380    421    420

 ELEMENT    371     380    381    422    421

 ELEMENT    372     381    382    423    422

 ELEMENT    373     382    383    424    423

 ELEMENT    374     383    384    425    424

 ELEMENT    375     384    385    426    425

 ELEMENT    376     385    386    427    426

 ELEMENT    377     386    387    428    427

 ELEMENT    378     387    388    429    428

 ELEMENT    379     388    389    430    429

 ELEMENT    380     389    390    431    430

 ELEMENT    381     390    391    432    431

 ELEMENT    382     391    392    433    432

 ELEMENT    383     392    393    434    433

 ELEMENT    384     393    394    435    434

 ELEMENT    385     394    395    436    435

 ELEMENT    386     395    396    437    436

 ELEMENT    387     396    397    438    437

 ELEMENT    388     397    398    439    438

 ELEMENT    389     398    399    440    439

 ELEMENT    390     399    400    441    440

 ELEMENT    391     400    401    442    441

 ELEMENT    392     401    402    443    442

 ELEMENT    393     402    403    444    443

 ELEMENT    394     403    404    445    444

 ELEMENT    395     404    405    446    445

 ELEMENT    396     405    406    447    446

 ELEMENT    397     406    407    448    447

 ELEMENT    398     407    408    449    448

 ELEMENT    399     408    409    450    449

 ELEMENT    400     409    410    451    450

 ELEMENT    401     411    412    453    452

 ELEMENT    402     412    413    454    453

 ELEMENT    403     413    414    455    454

 ELEMENT    404     414    415    456    455

 ELEMENT    405     415    416    457    456

 ELEMENT    406     416    417    458    457

 ELEMENT    407     417    418    459    458

 ELEMENT    408     418    419    460    459

 ELEMENT    409     419    420    461    460

 ELEMENT    410     420    421    462    461

 ELEMENT    411     421    422    463    462

 ELEMENT    412     422    423    464    463

 ELEMENT    413     423    424    465    464

 ELEMENT    414     424    425    466    465

 ELEMENT    415     425    426    467    466

 ELEMENT    416     426    427    468    467

 ELEMENT    417     427    428    469    468

 ELEMENT    418     428    429    470    469

 ELEMENT    419     429    430    471    470

 ELEMENT    420     430    431    472    471

 ELEMENT    421     431    432    473    472

 ELEMENT    422     432    433    474    473

 ELEMENT    423     433    434    475    474

 ELEMENT    424     434    435    476    475

 ELEMENT    425     435    436    477    476

 ELEMENT    426     436    437    478    477

 ELEMENT    427     437    438    479    478

 ELEMENT    428     438    439    480    479

 ELEMENT    429     439    440    481    480

 ELEMENT    430     440    441    482    481

 ELEMENT    431     441    442    483    482

 ELEMENT    432     442    443    484    483

 ELEMENT    433     443    444    485    484

 ELEMENT    434     444    445    486    485

 ELEMENT    435     445    446    487    486

 ELEMENT    436     446    447    488    487

 ELEMENT    437     447    448    489    488

 ELEMENT    438     448    449    490    489

 ELEMENT    439     449    450    491    490

 ELEMENT    440     450    451    492    491

 ELEMENT    441     452    453    494    493

 ELEMENT    442     453    454    495    494

 ELEMENT    443     454    455    496    495

 ELEMENT    444     455    456    497    496

 ELEMENT    445     456    457    498    497

 ELEMENT    446     457    458    499    498

 ELEMENT    447     458    459    500    499

 ELEMENT    448     459    460    501    500

 ELEMENT    449     460    461    502    501

 ELEMENT    450     461    462    503    502

 ELEMENT    451     462    463    504    503

 ELEMENT    452     463    464    505    504

 ELEMENT    453     464    465    506    505

 ELEMENT    454     465    466    507    506

 ELEMENT    455     466    467    508    507

 ELEMENT    456     467    468    509    508

 ELEMENT    457     468    469    510    509

 ELEMENT    458     469    470    511    510

 ELEMENT    459     470    471    512    511

 ELEMENT    460     471    472    513    512

 ELEMENT    461     472    473    514    513

 ELEMENT    462     473    474    515    514

 ELEMENT    463     474    475    516    515

 ELEMENT    464     475    476    517    516

 ELEMENT    465     476    477    518    517

 ELEMENT    466     477    478    519    518

 ELEMENT    467     478    479    520    519

 ELEMENT    468     479    480    521    520

 ELEMENT    469     480    481    522    521

 ELEMENT    470     481    482    523    522

 ELEMENT    471     482    483    524    523

 ELEMENT    472     483    484    525    524

 ELEMENT    473     484    485    526    525

 ELEMENT    474     485    486    527    526

 ELEMENT    475     486    487    528    527

 ELEMENT    476     487    488    529    528

 ELEMENT    477     488    489    530    529

 ELEMENT    478     489    490    531    530

 ELEMENT    479     490    491    532    531

 ELEMENT    480     491    492    533    532

 ELEMENT    481     493    494    535    534

 ELEMENT    482     494    495    536    535

 ELEMENT    483     495    496    537    536

 ELEMENT    484     496    497    538    537

 ELEMENT    485     497    498    539    538

 ELEMENT    486     498    499    540    539

 ELEMENT    487     499    500    541    540

 ELEMENT    488     500    501    542    541

 ELEMENT    489     501    502    543    542

 ELEMENT    490     502    503    544    543

 ELEMENT    491     503    504    545    544

 ELEMENT    492     504    505    546    545

 ELEMENT    493     505    506    547    546

 ELEMENT    494     506    507    548    547

 ELEMENT    495     507    508    549    548

 ELEMENT    496     508    509    550    549

 ELEMENT    497     509    510    551    550

 ELEMENT    498     510    511    552    551

 ELEMENT    499     511    512    553    552

 ELEMENT    500     512    513    554    553

 ELEMENT    501     513    514    555    554

 ELEMENT    502     514    515    556    555

 ELEMENT    503     515    516    557    556

 ELEMENT    504     516    517    558    557

 ELEMENT    505     517    518    559    558

 ELEMENT    506     518    519    560    559

 ELEMENT    507     519    520    561    560

 ELEMENT    508     520    521    562    561

 ELEMENT    509     521    522    563    562

 ELEMENT    510     522    523    564    563

 ELEMENT    511     523    524    565    564

 ELEMENT    512     524    525    566    565

 ELEMENT    513     525    526    567    566

 ELEMENT    514     526    527    568    567

 ELEMENT    515     527    528    569    568

 ELEMENT    516     528    529    570    569

 ELEMENT    517     529    530    571    570

 ELEMENT    518     530    531    572    571

 ELEMENT    519     531    532    573    572

 ELEMENT    520     532    533    574    573

 ELEMENT    521     534    535    576    575

 ELEMENT    522     535    536    577    576

 ELEMENT    523     536    537    578    577

 ELEMENT    524     537    538    579    578

 ELEMENT    525     538    539    580    579

 ELEMENT    526     539    540    581    580

 ELEMENT    527     540    541    582    581

 ELEMENT    528     541    542    583    582

 ELEMENT    529     542    543    584    583

 ELEMENT    530     543    544    585    584

 ELEMENT    531     544    545    586    585

 ELEMENT    532     545    546    587    586

 ELEMENT    533     546    547    588    587

 ELEMENT    534     547    548    589    588

 ELEMENT    535     548    549    590    589

 ELEMENT    536     549    550    591    590

 ELEMENT    537     550    551    592    591

 ELEMENT    538     551    552    593    592

 ELEMENT    539     552    553    594    593

 ELEMENT    540     553    554    595    594

 ELEMENT    541     554    555    596    595

 ELEMENT    542     555    556    597    596

 ELEMENT    543     556    557    598    597

 ELEMENT    544     557    558    599    598

 ELEMENT    545     558    559    600    599

 ELEMENT    546     559    560    601    600

 ELEMENT    547     560    561    602    601

 ELEMENT    548     561    562    603    602

 ELEMENT    549     562    563    604    603

 ELEMENT    550     563    564    605    604

 ELEMENT    551     564    565    606    605

 ELEMENT    552     565    566    607    606

 ELEMENT    553     566    567    608    607

 ELEMENT    554     567    568    609    608

 ELEMENT    555     568    569    610    609

 ELEMENT    556     569    570    611    610

 ELEMENT    557     570    571    612    611

 ELEMENT    558     571    572    613    612

 ELEMENT    559     572    573    614    613

 ELEMENT    560     573    574    615    614

 ELEMENT    561     575    576    617    616

 ELEMENT    562     576    577    618    617

 ELEMENT    563     577    578    619    618

 ELEMENT    564     578    579    620    619

 ELEMENT    565     579    580    621    620

 ELEMENT    566     580    581    622    621

 ELEMENT    567     581    582    623    622

 ELEMENT    568     582    583    624    623

 ELEMENT    569     583    584    625    624

 ELEMENT    570     584    585    626    625

 ELEMENT    571     585    586    627    626

 ELEMENT    572     586    587    628    627

 ELEMENT    573     587    588    629    628

 ELEMENT    574     588    589    630    629

 ELEMENT    575     589    590    631    630

 ELEMENT    576     590    591    632    631

 ELEMENT    577     591    592    633    632

 ELEMENT    578     592    593    634    633

 ELEMENT    579     593    594    635    634

 ELEMENT    580     594    595    636    635

 ELEMENT    581     595    596    637    636

 ELEMENT    582     596    597    638    637

 ELEMENT    583     597    598    639    638

 ELEMENT    584     598    599    640    639

 ELEMENT    585     599    600    641    640

 ELEMENT    586     600    601    642    641

 ELEMENT    587     601    602    643    642

 ELEMENT    588     602    603    644    643

 ELEMENT    589     603    604    645    644

 ELEMENT    590     604    605    646    645

 ELEMENT    591     605    606    647    646

 ELEMENT    592     606    607    648    647

 ELEMENT    593     607    608    649    648

 ELEMENT    594     608    609    650    649

 ELEMENT    595     609    610    651    650

 ELEMENT    596     610    611    652    651

 ELEMENT    597     611    612    653    652

 ELEMENT    598     612    613    654    653

 ELEMENT    599     613    614    655    654

 ELEMENT    600     614    615    656    655

 ELEMENT    601     616    617    658    657

 ELEMENT    602     617    618    659    658

 ELEMENT    603     618    619    660    659

 ELEMENT    604     619    620    661    660

 ELEMENT    605     620    621    662    661

 ELEMENT    606     621    622    663    662

 ELEMENT    607     622    623    664    663

 ELEMENT    608     623    624    665    664

 ELEMENT    609     624    625    666    665

 ELEMENT    610     625    626    667    666

 ELEMENT    611     626    627    668    667

 ELEMENT    612     627    628    669    668

 ELEMENT    613     628    629    670    669

 ELEMENT    614     629    630    671    670

 ELEMENT    615     630    631    672    671

 ELEMENT    616     631    632    673    672

 ELEMENT    617     632    633    674    673

 ELEMENT    618     633    634    675    674

 ELEMENT    619     634    635    676    675

 ELEMENT    620     635    636    677    676

 ELEMENT    621     636    637    678    677

 ELEMENT    622     637    638    679    678

 ELEMENT    623     638    639    680    679

 ELEMENT    624     639    640    681    680

 ELEMENT    625     640    641    682    681

 ELEMENT    626     641    642    683    682

 ELEMENT    627     642    643    684    683

 ELEMENT    628     643    644    685    684

 ELEMENT    629     644    645    686    685

 ELEMENT    630     645    646    687    686

 ELEMENT    631     646    647    688    687

 ELEMENT    632     647    648    689    688

 ELEMENT    633     648    649    690    689

 ELEMENT    634     649    650    691    690

 ELEMENT    635     650    651    692    691

 ELEMENT    636     651    652    693    692

 ELEMENT    637     652    653    694    693

 ELEMENT    638     653    654    695    694

 ELEMENT    639     654    655    696    695

 ELEMENT    640     655    656    697    696

 SPECIFIED CONSTRAINT UY   FOR SELECTED NODES            1 TO           1 BY           1
 REAL=  0.00000000       IMAG=  0.00000000    

 SPECIFIED CONSTRAINT UY   FOR SELECTED NODES            2 TO           2 BY           1
 REAL=  0.00000000       IMAG=  0.00000000    

 SPECIFIED CONSTRAINT UY   FOR SELECTED NODES            3 TO           3 BY           1
 REAL=  0.00000000       IMAG=  0.00000000    

 SPECIFIED CONSTRAINT UY   FOR SELECTED NODES            4 TO           4 BY           1
 REAL=  0.00000000       IMAG=  0.00000000    

 SPECIFIED CONSTRAINT UY   FOR SELECTED NODES            5 TO           5 BY           1
 REAL=  0.00000000       IMAG=  0.00000000    

 SPECIFIED CONSTRAINT UY   FOR SELECTED NODES            6 TO           6 BY           1
 REAL=  0.00000000       IMAG=  0.00000000    

 SPECIFIED CONSTRAINT UY   FOR SELECTED NODES            7 TO           7 BY           1
 REAL=  0.00000000       IMAG=  0.00000000    

 SPECIFIED CONSTRAINT UY   FOR SELECTED NODES            8 TO           8 BY           1
 REAL=  0.00000000       IMAG=  0.00000000    

 SPECIFIED CONSTRAINT UY   FOR SELECTED NODES            9 TO           9 BY           1
 REAL=  0.00000000       IMAG=  0.00000000    

 SPECIFIED CONSTRAINT UY   FOR SELECTED NODES           10 TO          10 BY           1
 REAL=  0.00000000       IMAG=  0.00000000    

 SPECIFIED CONSTRAINT UY   FOR SELECTED NODES           11 TO          11 BY           1
 REAL=  0.00000000       IMAG=  0.00000000    

 SPECIFIED CONSTRAINT UY   FOR SELECTED NODES           12 TO          12 BY           1
 REAL=  0.00000000       IMAG=  0.00000000    

 SPECIFIED CONSTRAINT UY   FOR SELECTED NODES           13 TO          13 BY           1
 REAL=  0.00000000       IMAG=  0.00000000    

 SPECIFIED CONSTRAINT UY   FOR SELECTED NODES           14 TO          14 BY           1
 REAL=  0.00000000       IMAG=  0.00000000    

 SPECIFIED CONSTRAINT UY   FOR SELECTED NODES           15 TO          15 BY           1
 REAL=  0.00000000       IMAG=  0.00000000    

 SPECIFIED CONSTRAINT UY   FOR SELECTED NODES           16 TO          16 BY           1
 REAL=  0.00000000       IMAG=  0.00000000    

 SPECIFIED CONSTRAINT UY   FOR SELECTED NODES           17 TO          17 BY           1
 REAL=  0.00000000       IMAG=  0.00000000    

 SPECIFIED CONSTRAINT UY   FOR SELECTED NODES           18 TO          18 BY           1
 REAL=  0.00000000       IMAG=  0.00000000    

 SPECIFIED CONSTRAINT UY   FOR SELECTED NODES           19 TO          19 BY           1
 REAL=  0.00000000       IMAG=  0.00000000    

 SPECIFIED CONSTRAINT UY   FOR SELECTED NODES           20 TO          20 BY           1
 REAL=  0.00000000       IMAG=  0.00000000    

 SPECIFIED CONSTRAINT UY   FOR SELECTED NODES           21 TO          21 BY           1
 REAL=  0.00000000       IMAG=  0.00000000    

 SPECIFIED CONSTRAINT UY   FOR SELECTED NODES           22 TO          22 BY           1
 REAL=  0.00000000       IMAG=  0.00000000    

 SPECIFIED CONSTRAINT UY   FOR SELECTED NODES           23 TO          23 BY           1
 REAL=  0.00000000       IMAG=  0.00000000    

 SPECIFIED CONSTRAINT UY   FOR SELECTED NODES           24 TO          24 BY           1
 REAL=  0.00000000       IMAG=  0.00000000    

 SPECIFIED CONSTRAINT UY   FOR SELECTED NODES           25 TO          25 BY           1
 REAL=  0.00000000       IMAG=  0.00000000    

 SPECIFIED CONSTRAINT UY   FOR SELECTED NODES           26 TO          26 BY           1
 REAL=  0.00000000       IMAG=  0.00000000    

 SPECIFIED CONSTRAINT UY   FOR SELECTED NODES           27 TO          27 BY           1
 REAL=  0.00000000       IMAG=  0.00000000    

 SPECIFIED CONSTRAINT UY   FOR SELECTED NODES           28 TO          28 BY           1
 REAL=  0.00000000       IMAG=  0.00000000    

 SPECIFIED CONSTRAINT UY   FOR SELECTED NODES           29 TO          29 BY           1
 REAL=  0.00000000       IMAG=  0.00000000    

 SPECIFIED CONSTRAINT UY   FOR SELECTED NODES           30 TO          30 BY           1
 REAL=  0.00000000       IMAG=  0.00000000    

 SPECIFIED CONSTRAINT UY   FOR SELECTED NODES           31 TO          31 BY           1
 REAL=  0.00000000       IMAG=  0.00000000    

 SPECIFIED CONSTRAINT UY   FOR SELECTED NODES           32 TO          32 BY           1
 REAL=  0.00000000       IMAG=  0.00000000    

 SPECIFIED CONSTRAINT UY   FOR SELECTED NODES           33 TO          33 BY           1
 REAL=  0.00000000       IMAG=  0.00000000    

 SPECIFIED CONSTRAINT UY   FOR SELECTED NODES           34 TO          34 BY           1
 REAL=  0.00000000       IMAG=  0.00000000    

 SPECIFIED CONSTRAINT UY   FOR SELECTED NODES           35 TO          35 BY           1
 REAL=  0.00000000       IMAG=  0.00000000    

 SPECIFIED CONSTRAINT UY   FOR SELECTED NODES           36 TO          36 BY           1
 REAL=  0.00000000       IMAG=  0.00000000    

 SPECIFIED CONSTRAINT UY   FOR SELECTED NODES           37 TO          37 BY           1
 REAL=  0.00000000       IMAG=  0.00000000    

 SPECIFIED CONSTRAINT UY   FOR SELECTED NODES           38 TO          38 BY           1
 REAL=  0.00000000       IMAG=  0.00000000    

 SPECIFIED CONSTRAINT UY   FOR SELECTED NODES           39 TO          39 BY           1
 REAL=  0.00000000       IMAG=  0.00000000    

 SPECIFIED CONSTRAINT UY   FOR SELECTED NODES           40 TO          40 BY           1
 REAL=  0.00000000       IMAG=  0.00000000    

 SPECIFIED CONSTRAINT UY   FOR SELECTED NODES           41 TO          41 BY           1
 REAL=  0.00000000       IMAG=  0.00000000    

 SPECIFIED CONSTRAINT UX   FOR SELECTED NODES            1 TO           1 BY           1
 REAL=  0.00000000       IMAG=  0.00000000    

 NODE     900001  KCS=      0  X,Y,Z=  0.0000       4.0200       0.0000     

 NODE     900002  KCS=      0  X,Y,Z=  10.000       4.0200       0.0000     

 SPECIFIED CONSTRAINT UX   FOR SELECTED NODES       900001 TO      900001 BY           1
 REAL=  0.00000000       IMAG=  0.00000000    
 ADDITIONAL DOFS=  UY  

 SPECIFIED CONSTRAINT UX   FOR SELECTED NODES       900002 TO      900002 BY           1
 REAL=  0.00000000       IMAG=  0.00000000    
 ADDITIONAL DOFS=  UY  

 ELEMENT TYPE SET TO         2

 REAL CONSTANT NUMBER=        3

 MATERIAL NUMBER SET TO         1

 ELEMENT    641  900001 900002      0

 ELEMENT TYPE SET TO         3

 REAL CONSTANT NUMBER=        3

 MATERIAL NUMBER SET TO         1

 ELEMENT    642     658    657      0

 ELEMENT    643     659    658      0

 ELEMENT    644     660    659      0

 ELEMENT    645     661    660      0

 ELEMENT    646     662    661      0

 ELEMENT    647     663    662      0

 ELEMENT    648     664    663      0

 ELEMENT    649     665    664      0

 ELEMENT    650     666    665      0

 ELEMENT    651     667    666      0

 ELEMENT    652     668    667      0

 ELEMENT    653     669    668      0

 ELEMENT    654     670    669      0

 ELEMENT    655     671    670      0

 ELEMENT    656     672    671      0

 ELEMENT    657     673    672      0

 ELEMENT    658     674    673      0

 ELEMENT    659     675    674      0

 ELEMENT    660     676    675      0

 ELEMENT    661     677    676      0

 ELEMENT    662     678    677      0

 ELEMENT    663     679    678      0

 ELEMENT    664     680    679      0

 ELEMENT    665     681    680      0

 ELEMENT    666     682    681      0

 ELEMENT    667     683    682      0

 ELEMENT    668     684    683      0

 ELEMENT    669     685    684      0

 ELEMENT    670     686    685      0

 ELEMENT    671     687    686      0

 ELEMENT    672     688    687      0

 ELEMENT    673     689    688      0

 ELEMENT    674     690    689      0

 ELEMENT    675     691    690      0

 ELEMENT    676     692    691      0

 ELEMENT    677     693    692      0

 ELEMENT    678     694    693      0

 ELEMENT    679     695    694      0

 ELEMENT    680     696    695      0

 ELEMENT    681     697    696      0

 SELECT ALL ENTITIES OF TYPE= ALL  AND BELOW


 ***** ROUTINE COMPLETED *****  ELAPSED TIME =         5.954



 *****  MAPDL SOLUTION ROUTINE  *****


 PERFORM A STATIC ANALYSIS
  THIS WILL BE A NEW ANALYSIS

 LARGE DEFORMATION ANALYSIS

 USE AUTOMATIC TIME STEPPING THIS LOAD STEP

 STEP BOUNDARY CONDITION KEY= 0

 USE THE FULL NEWTON-RAPHSON OPTION FOR  ALL DEGREES OF FREEDOM
   AND USE THE DEFAULT ADAPTIVE DESCENT OPTION

 WRITE ALL  ITEMS TO THE DATABASE WITH A FREQUENCY OF LAST
   FOR ALL APPLICABLE ENTITIES

 REFERENCE TEMPERATURE=  20.000  (TUNIF=  20.000)

 SELECT       FOR ITEM=NODE COMPONENT=    
  IN RANGE         1 TO        697 STEP          1

        697  NODES (OF        699  DEFINED) SELECTED BY  NSEL  COMMAND.

 SPECIFIED BODY FORCE TEMP FOR ALL SELECTED NODES SET TO   120.000000 

 SELECT ALL ENTITIES OF TYPE= ALL  AND BELOW

 TIME=  1.0000    

 USE      20 SUBSTEPS INITIALLY THIS LOAD STEP FOR ALL  DEGREES OF FREEDOM
 FOR AUTOMATIC TIME STEPPING:
   USE    200 SUBSTEPS AS A MAXIMUM
   USE      5 SUBSTEPS AS A MINIMUM

 *****  MAPDL SOLVE    COMMAND  *****

 *** SELECTION OF ELEMENT TECHNOLOGIES FOR APPLICABLE ELEMENTS ***
                ---GIVE SUGGESTIONS ONLY---

 ELEMENT TYPE  1 IS PLANE182 WITH PLANE STRAIN OPTION. IT IS ASSOCIATED WITH
 LINEAR MATERIALS ONLY AND POISSON'S RATIO IS NOT GREATER THAN 0.49.
 KEYOPT(1)=3 IS SUGGESTED.



 *** MAPDL - ENGINEERING ANALYSIS SYSTEM  RELEASE 2026 R1          26.1     ***
 Ansys Mechanical Enterprise Academic Student      
 01055371  VERSION=WINDOWS x64   21:08:19  SEP 14, 2026 Elapsed Time=      6.008

 Stage 10 contact-control verification                                         



                       S O L U T I O N   O P T I O N S

   PROBLEM DIMENSIONALITY. . . . . . . . . . . . .2-D                  
   DEGREES OF FREEDOM. . . . . . UX   UY  
   ANALYSIS TYPE . . . . . . . . . . . . . . . . .STATIC (STEADY-STATE)
   NONLINEAR GEOMETRIC EFFECTS . . . . . . . . . .ON
   NEWTON-RAPHSON OPTION . . . . . . . . . . . . .FULL             
   GLOBALLY ASSEMBLED MATRIX . . . . . . . . . . .SYMMETRIC  

 *** NOTE ***                            ELAPSED TIME =       6.013   TIME= 21:08:19
 The conditions for direct assembly have been met.  No .emat or .erot    
 files will be produced.                                                 

                      L O A D   S T E P   O P T I O N S

   LOAD STEP NUMBER. . . . . . . . . . . . . . . .     1
   TIME AT END OF THE LOAD STEP. . . . . . . . . .  1.0000    
   AUTOMATIC TIME STEPPING . . . . . . . . . . . .    ON
      INITIAL NUMBER OF SUBSTEPS . . . . . . . . .    20
      MAXIMUM NUMBER OF SUBSTEPS . . . . . . . . .   200
      MINIMUM NUMBER OF SUBSTEPS . . . . . . . . .     5
   MAXIMUM NUMBER OF EQUILIBRIUM ITERATIONS. . . .    15
   STEP CHANGE BOUNDARY CONDITIONS . . . . . . . .    NO
   STRESS-STIFFENING . . . . . . . . . . . . . . .    ON
   TERMINATE ANALYSIS IF NOT CONVERGED . . . . . .YES (EXIT)  
   CONVERGENCE CONTROLS. . . . . . . . . . . . . .USE DEFAULTS
   PRINT OUTPUT CONTROLS . . . . . . . . . . . . .NO PRINTOUT
   DATABASE OUTPUT CONTROLS
      ITEM     FREQUENCY   COMPONENT
       ALL       LAST               


 SOLUTION MONITORING INFO IS WRITTEN TO FILE= stage10_contact.mntr                                                                                                                                                                                                                                                

 *** NOTE ***                            ELAPSED TIME =       6.109   TIME= 21:08:19
 Rigid-deformable contact pair identified by real constant set 3 and     
 contact element type 3 has been set up.  Please verify constraints on   
 target nodes which may be automatically fixed by MAPDL.                 
 Contact algorithm: Augmented Lagrange method
 Contact detection at: Gauss integration point
 Target element geometry R1                   0.10000    
 Default contact stiffness factor FKN          1.0000    
 The resulting initial contact stiffness       8000.0    
 Penetration tolerance factor FTOLN            2.0000    
 The resulting penetration tolerance          0.50000    
 Frictionless contact pair is defined
 Update contact stiffness at each iteration
 Average contact surface length               0.25000    
 Average contact pair depth                   0.25000    
 Average target surface length                 10.000    
 Default pinball region factor PINB            2.0000    
 The resulting pinball region                 0.50000    
 *WARNING*: Initial penetration is included.

 *** NOTE ***                            ELAPSED TIME =       6.110   TIME= 21:08:19
 Min.  Initial gap 2.E-02 was detected between contact element 646 and   
 target element 641.                                                     
 You may move entire target surface by: x= 0, y= -2.E-02, z= 0, to bring 
 it in contact.                                                          
 ****************************************
  

 *** WARNING ***                         ELAPSED TIME =       6.110   TIME= 21:08:19
 All selected contact pairs are initially open.  Rigid body motion can   
 occur.  You may use auto CNOF by setting KEYOPT(5) to close small       
 gaps.                                                                   
  
  
 MAXIMUM NUMBER OF EQUILIBRIUM ITERATIONS HAS BEEN MODIFIED              
  TO BE, NEQIT = 25, BY SOLUTION CONTROL LOGIC.                          


 Range of element maximum matrix coefficients in global coordinates
 Maximum = 993.589744 at element 314.                                    
 Minimum = 993.589744 at element 203.                                    

   *** ELEMENT MATRIX FORMULATION TIMES
     TYPE    NUMBER     ENAME   TOTAL ELAPSED   AVG ELAPSED

        1       640  PLANE182          0.0611   0.000095525
        2         1  TARGE169          0.0000   0.000004300
        3        40  CONTA172          0.0042   0.000105292
 Elapsed Time at end of element matrix formulation = 6.3980496.          

 ALL CURRENT MAPDL DATA WRITTEN TO FILE NAME= stage10_contact.rdb
  FOR POSSIBLE RESUME FROM THIS POINT
     FORCE CONVERGENCE VALUE  =   5.238      CRITERION=  0.2619E-01

 SPARSE MATRIX DIRECT SOLVER.
  Number of equations =        1352,    Maximum wavefront =     14


  Memory allocated on this process
  -------------------------------------------------------------------
  Equation solver memory allocated                     =     1.373 MB
  Equation solver memory required for in-core mode     =     1.324 MB
  Equation solver memory required for out-of-core mode =     0.800 MB
  Total (solver and non-solver) memory allocated       =   396.006 MB

 *** NOTE ***                            ELAPSED TIME =       6.453   TIME= 21:08:20
 The Sparse Matrix Solver is currently running in the in-core memory     
 mode.  This memory mode uses the most amount of memory in order to      
 avoid using the hard drive as much as possible, which most often        
 results in the fastest solution time.  This mode is recommended if      
 enough physical memory is present to accommodate all of the solver      
 data.                                                                   
 Sparse solver maximum pivot= 3974.35897 at node 277 UX.                 
 Sparse solver minimum pivot= 279.550557 at node 62 UX.                  
 Sparse solver minimum pivot in absolute value= 279.550557 at node 62    
 UX.                                                                     
     DISP CONVERGENCE VALUE   =  0.6500E-02  CRITERION=  0.3250E-03
    EQUIL ITER   1 COMPLETED.  NEW TRIANG MATRIX.  MAX DOF INC=  0.6500E-02
     DISP CONVERGENCE VALUE   =  0.6500E-02  CRITERION=  0.3250E-03
     LINE SEARCH PARAMETER =   1.000     SCALED MAX DOF INC =  0.6500E-02
     FORCE CONVERGENCE VALUE  =  0.1703E-02  CRITERION=  0.5000E-04
    EQUIL ITER   2 COMPLETED.  NEW TRIANG MATRIX.  MAX DOF INC=  0.2113E-05
     DISP CONVERGENCE VALUE   =  0.2113E-05  CRITERION=  0.3251E-03 <<< CONVERGED
     LINE SEARCH PARAMETER =   1.000     SCALED MAX DOF INC =  0.2113E-05
     FORCE CONVERGENCE VALUE  =  0.7193E-09  CRITERION=  0.5000E-04 <<< CONVERGED

 *** WARNING ***                         ELAPSED TIME =       6.704   TIME= 21:08:20
 A reference force value times the tolerance is used by the              
 Newton-Raphson method for checking convergence.  The calculated         
 reference FORCE CONVERGENCE VALUE = 5.410751814E-10 is less than a      
 threshold.  This threshold is internally calculated.  You can           
 overwrite it by specifying MINREF on the CNVTOL command.  Check         
 results carefully.                                                      
    >>> SOLUTION CONVERGED AFTER EQUILIBRIUM ITERATION   2

   *** ELEMENT RESULT CALCULATION TIMES
     TYPE    NUMBER     ENAME   TOTAL ELAPSED   AVG ELAPSED

        1       640  PLANE182          0.0439   0.000068624
        3        40  CONTA172          0.0022   0.000055758

   *** NODAL LOAD CALCULATION TIMES
     TYPE    NUMBER     ENAME   TOTAL ELAPSED   AVG ELAPSED

        1       640  PLANE182          0.0010   0.000001594
        3        40  CONTA172          0.0001   0.000001870
 *** LOAD STEP     1   SUBSTEP     1  COMPLETED.    CUM ITER =      2
 *** TIME =  0.500000E-01     TIME INC =  0.500000E-01
 *** AUTO STEP TIME:  NEXT TIME INC = 0.50000E-01  UNCHANGED

     FORCE CONVERGENCE VALUE  =  0.3407E-02  CRITERION=  0.3281E-01
     DISP CONVERGENCE VALUE   =  0.4230E-05  CRITERION=  0.3253E-03 <<< CONVERGED
    EQUIL ITER   1 COMPLETED.  NEW TRIANG MATRIX.  MAX DOF INC=  0.4230E-05
     DISP CONVERGENCE VALUE   =  0.4228E-05  CRITERION=  0.3253E-03 <<< CONVERGED
     LINE SEARCH PARAMETER =  0.9994     SCALED MAX DOF INC =  0.4228E-05
     FORCE CONVERGENCE VALUE  =  0.4550E-12  CRITERION=  0.5000E-04 <<< CONVERGED
    >>> SOLUTION CONVERGED AFTER EQUILIBRIUM ITERATION   1
 *** LOAD STEP     1   SUBSTEP     2  COMPLETED.    CUM ITER =      3
 *** TIME =  0.100000         TIME INC =  0.500000E-01
 *** AUTO TIME STEP:  NEXT TIME INC = 0.75000E-01  INCREASED (FACTOR = 1.5000)

     FORCE CONVERGENCE VALUE  =  0.6394E-02  CRITERION=  0.4926E-01
     DISP CONVERGENCE VALUE   =  0.7941E-05  CRITERION=  0.4884E-03 <<< CONVERGED
    EQUIL ITER   1 COMPLETED.  NEW TRIANG MATRIX.  MAX DOF INC=  0.7941E-05
     DISP CONVERGENCE VALUE   =  0.7933E-05  CRITERION=  0.4884E-03 <<< CONVERGED
     LINE SEARCH PARAMETER =  0.9990     SCALED MAX DOF INC =  0.7933E-05
     FORCE CONVERGENCE VALUE  =  0.2477E-11  CRITERION=  0.5000E-04 <<< CONVERGED
    >>> SOLUTION CONVERGED AFTER EQUILIBRIUM ITERATION   1
 *** LOAD STEP     1   SUBSTEP     3  COMPLETED.    CUM ITER =      4
 *** TIME =  0.175000         TIME INC =  0.750000E-01
 *** AUTO TIME STEP:  NEXT TIME INC = 0.11250      INCREASED (FACTOR = 1.5000)

     FORCE CONVERGENCE VALUE  =  0.1440E-01  CRITERION=  0.7399E-01
     DISP CONVERGENCE VALUE   =  0.1790E-04  CRITERION=  0.7335E-03 <<< CONVERGED
    EQUIL ITER   1 COMPLETED.  NEW TRIANG MATRIX.  MAX DOF INC=  0.1790E-04
     DISP CONVERGENCE VALUE   =  0.1787E-04  CRITERION=  0.7335E-03 <<< CONVERGED
     LINE SEARCH PARAMETER =  0.9985     SCALED MAX DOF INC =  0.1787E-04
     FORCE CONVERGENCE VALUE  =  0.1870E-10  CRITERION=  0.5000E-04 <<< CONVERGED
    >>> SOLUTION CONVERGED AFTER EQUILIBRIUM ITERATION   1
 *** LOAD STEP     1   SUBSTEP     4  COMPLETED.    CUM ITER =      5
 *** TIME =  0.287500         TIME INC =  0.112500    
 *** AUTO TIME STEP:  NEXT TIME INC = 0.16875      INCREASED (FACTOR = 1.5000)

     FORCE CONVERGENCE VALUE  =   9.533      CRITERION=  0.3250    
     DISP CONVERGENCE VALUE   =  0.3085E-02  CRITERION=  0.1254E-02
    EQUIL ITER   1 COMPLETED.  NEW TRIANG MATRIX.  MAX DOF INC=  0.3085E-02
     DISP CONVERGENCE VALUE   =  0.3081E-02  CRITERION=  0.1254E-02
     LINE SEARCH PARAMETER =  0.9987     SCALED MAX DOF INC =  0.3081E-02
     FORCE CONVERGENCE VALUE  =  0.3350E-02  CRITERION=  0.7905E-01 <<< CONVERGED
    EQUIL ITER   2 COMPLETED.  NEW TRIANG MATRIX.  MAX DOF INC= -0.8030E-05
     DISP CONVERGENCE VALUE   =  0.8030E-05  CRITERION=  0.1254E-02 <<< CONVERGED
     LINE SEARCH PARAMETER =   1.000     SCALED MAX DOF INC = -0.8030E-05
     FORCE CONVERGENCE VALUE  =  0.8145E-08  CRITERION=  0.7905E-01 <<< CONVERGED
    >>> SOLUTION CONVERGED AFTER EQUILIBRIUM ITERATION   2
 *** LOAD STEP     1   SUBSTEP     5  COMPLETED.    CUM ITER =      7
 *** TIME =  0.456250         TIME INC =  0.168750    
 *** AUTO TIME STEP:  NEXT TIME INC = 0.20000      INCREASED (FACTOR = 1.1852)

     FORCE CONVERGENCE VALUE  =   14.98      CRITERION=  0.6563    
     DISP CONVERGENCE VALUE   =  0.4921E-02  CRITERION=  0.1732E-02
    EQUIL ITER   1 COMPLETED.  NEW TRIANG MATRIX.  MAX DOF INC=  0.4921E-02
     DISP CONVERGENCE VALUE   =  0.4915E-02  CRITERION=  0.1732E-02
     LINE SEARCH PARAMETER =  0.9989     SCALED MAX DOF INC =  0.4915E-02
     FORCE CONVERGENCE VALUE  =  0.1170E-01  CRITERION=  0.2965     <<< CONVERGED
    EQUIL ITER   2 COMPLETED.  NEW TRIANG MATRIX.  MAX DOF INC=  0.2680E-04
     DISP CONVERGENCE VALUE   =  0.2680E-04  CRITERION=  0.1732E-02 <<< CONVERGED
     LINE SEARCH PARAMETER =   1.000     SCALED MAX DOF INC =  0.2680E-04
     FORCE CONVERGENCE VALUE  =  0.8921E-04  CRITERION=  0.2965     <<< CONVERGED
    >>> SOLUTION CONVERGED AFTER EQUILIBRIUM ITERATION   2
 *** LOAD STEP     1   SUBSTEP     6  COMPLETED.    CUM ITER =      9
 *** TIME =  0.656250         TIME INC =  0.200000    
 *** AUTO STEP TIME:  NEXT TIME INC = 0.20000      UNCHANGED

     FORCE CONVERGENCE VALUE  =  0.1676      CRITERION=  0.5211    
     DISP CONVERGENCE VALUE   =  0.4951E-03  CRITERION=  0.1740E-02 <<< CONVERGED
    EQUIL ITER   1 COMPLETED.  NEW TRIANG MATRIX.  MAX DOF INC= -0.4951E-03
     DISP CONVERGENCE VALUE   =  0.4951E-03  CRITERION=  0.1740E-02 <<< CONVERGED
     LINE SEARCH PARAMETER =   1.000     SCALED MAX DOF INC = -0.4951E-03
     FORCE CONVERGENCE VALUE  =  0.2454E-02  CRITERION=  0.5158     <<< CONVERGED
    >>> SOLUTION CONVERGED AFTER EQUILIBRIUM ITERATION   1
 *** LOAD STEP     1   SUBSTEP     7  COMPLETED.    CUM ITER =     10
 *** TIME =  0.856250         TIME INC =  0.200000    
 *** AUTO TIME STEP:  NEXT TIME INC = 0.14375      DECREASED (FACTOR = 0.7188)

     FORCE CONVERGENCE VALUE  =  0.3000E-01  CRITERION=  0.6722    
     DISP CONVERGENCE VALUE   =  0.7612E-04  CRITERION=  0.1740E-02 <<< CONVERGED
    EQUIL ITER   1 COMPLETED.  NEW TRIANG MATRIX.  MAX DOF INC=  0.7612E-04
     DISP CONVERGENCE VALUE   =  0.7587E-04  CRITERION=  0.1740E-02 <<< CONVERGED
     LINE SEARCH PARAMETER =  0.9967     SCALED MAX DOF INC =  0.7587E-04
     FORCE CONVERGENCE VALUE  =  0.2116E-03  CRITERION=  0.6744     <<< CONVERGED
    >>> SOLUTION CONVERGED AFTER EQUILIBRIUM ITERATION   1
 *** LOAD STEP     1   SUBSTEP     8  COMPLETED.    CUM ITER =     11
 *** TIME =   1.00000         TIME INC =  0.143750    


 *** MAPDL BINARY FILE STATISTICS
  BUFFER SIZE USED= 16384
        1.438 MB WRITTEN ON ELEMENT SAVED DATA FILE: stage10_contact.esav
        0.250 MB WRITTEN ON ASSEMBLED MATRIX FILE: stage10_contact.full
        0.812 MB WRITTEN ON RESULTS FILE: stage10_contact.rst

 FINISH SOLUTION PROCESSING


 ***** ROUTINE COMPLETED *****  ELAPSED TIME =         8.866



 *** MAPDL - ENGINEERING ANALYSIS SYSTEM  RELEASE 2026 R1          26.1     ***
 Ansys Mechanical Enterprise Academic Student      
 01055371  VERSION=WINDOWS x64   21:08:22  SEP 14, 2026 Elapsed Time=      8.884

 Stage 10 contact-control verification                                         



          ***** MAPDL RESULTS INTERPRETATION (POST1) *****

 *** NOTE ***                            ELAPSED TIME =       8.885   TIME= 21:08:22
 Reading results into the database (SET command) will update the current 
 displacement and force boundary conditions in the database with the     
 values from the results file for that load set.  Note that any          
 subsequent solutions will use these values unless action is taken to    
 either SAVE the current values or not overwrite them (/EXIT,NOSAVE).    


 USE LAST SUBSTEP ON RESULT FILE  FOR LOAD CASE 0 

 SET COMMAND GOT LOAD STEP=     1  SUBSTEP=     8  CUMULATIVE ITERATION=    11
   TIME/FREQUENCY=  1.0000    
 TITLE= Stage 10 contact-control verification                                   

 STORE CPRES    FROM ITEM=CONT COMP=PRES  FOR ALL SELECTED ELEMENTS

 STORE PENE     FROM ITEM=CONT COMP=PENE  FOR ALL SELECTED ELEMENTS

 STORE CSTAT    FROM ITEM=CONT COMP=STAT  FOR ALL SELECTED ELEMENTS

 STORE CSFRIC   FROM ITEM=CONT COMP=SFRI  FOR ALL SELECTED ELEMENTS

 OPENED FILE= contact_values.csv FOR COMMAND FILE DATA 


 PARAMETER EIDV =     642.0000000    

 PARAMETER XV =    0.1250000000    

 *GET  PV        FROM  ELEM       642  ITEM=ETAB CPRES     VALUE=  13.1267619    

 *GET  PENV      FROM  ELEM       642  ITEM=ETAB PENE      VALUE= 0.820422592E-02

 *GET  STATV     FROM  ELEM       642  ITEM=ETAB CSTAT     VALUE=  2.00000000    

 *GET  FRICV     FROM  ELEM       642  ITEM=ETAB CSFRIC    VALUE=  0.00000000    

 PARAMETER EIDV =     643.0000000    

 PARAMETER XV =    0.3750000000    

 *GET  PV        FROM  ELEM       643  ITEM=ETAB CPRES     VALUE=  13.1259723    

 *GET  PENV      FROM  ELEM       643  ITEM=ETAB PENE      VALUE= 0.820373232E-02

 *GET  STATV     FROM  ELEM       643  ITEM=ETAB CSTAT     VALUE=  2.00000000    

 *GET  FRICV     FROM  ELEM       643  ITEM=ETAB CSFRIC    VALUE=  0.00000000    

 PARAMETER EIDV =     644.0000000    

 PARAMETER XV =    0.6250000000    

 *GET  PV        FROM  ELEM       644  ITEM=ETAB CPRES     VALUE=  13.1251082    

 *GET  PENV      FROM  ELEM       644  ITEM=ETAB PENE      VALUE= 0.820319261E-02

 *GET  STATV     FROM  ELEM       644  ITEM=ETAB CSTAT     VALUE=  2.00000000    

 *GET  FRICV     FROM  ELEM       644  ITEM=ETAB CSFRIC    VALUE=  0.00000000    

 PARAMETER EIDV =     645.0000000    

 PARAMETER XV =    0.8750000000    

 *GET  PV        FROM  ELEM       645  ITEM=ETAB CPRES     VALUE=  13.1241732    

 *GET  PENV      FROM  ELEM       645  ITEM=ETAB PENE      VALUE= 0.820260821E-02

 *GET  STATV     FROM  ELEM       645  ITEM=ETAB CSTAT     VALUE=  2.00000000    

 *GET  FRICV     FROM  ELEM       645  ITEM=ETAB CSFRIC    VALUE=  0.00000000    

 PARAMETER EIDV =     646.0000000    

 PARAMETER XV =     1.125000000    

 *GET  PV        FROM  ELEM       646  ITEM=ETAB CPRES     VALUE=  13.1231861    

 *GET  PENV      FROM  ELEM       646  ITEM=ETAB PENE      VALUE= 0.820199121E-02

 *GET  STATV     FROM  ELEM       646  ITEM=ETAB CSTAT     VALUE=  2.00000000    

 *GET  FRICV     FROM  ELEM       646  ITEM=ETAB CSFRIC    VALUE=  0.00000000    

 PARAMETER EIDV =     647.0000000    

 PARAMETER XV =     1.375000000    

 *GET  PV        FROM  ELEM       647  ITEM=ETAB CPRES     VALUE=  13.1221700    

 *GET  PENV      FROM  ELEM       647  ITEM=ETAB PENE      VALUE= 0.820135605E-02

 *GET  STATV     FROM  ELEM       647  ITEM=ETAB CSTAT     VALUE=  2.00000000    

 *GET  FRICV     FROM  ELEM       647  ITEM=ETAB CSFRIC    VALUE=  0.00000000    

 PARAMETER EIDV =     648.0000000    

 PARAMETER XV =     1.625000000    

 *GET  PV        FROM  ELEM       648  ITEM=ETAB CPRES     VALUE=  13.1211390    

 *GET  PENV      FROM  ELEM       648  ITEM=ETAB PENE      VALUE= 0.820071157E-02

 *GET  STATV     FROM  ELEM       648  ITEM=ETAB CSTAT     VALUE=  2.00000000    

 *GET  FRICV     FROM  ELEM       648  ITEM=ETAB CSFRIC    VALUE=  0.00000000    

 PARAMETER EIDV =     649.0000000    

 PARAMETER XV =     1.875000000    

 *GET  PV        FROM  ELEM       649  ITEM=ETAB CPRES     VALUE=  13.1200995    

 *GET  PENV      FROM  ELEM       649  ITEM=ETAB PENE      VALUE= 0.820006197E-02

 *GET  STATV     FROM  ELEM       649  ITEM=ETAB CSTAT     VALUE=  2.00000000    

 *GET  FRICV     FROM  ELEM       649  ITEM=ETAB CSFRIC    VALUE=  0.00000000    

 PARAMETER EIDV =     650.0000000    

 PARAMETER XV =     2.125000000    

 *GET  PV        FROM  ELEM       650  ITEM=ETAB CPRES     VALUE=  13.1190491    

 *GET  PENV      FROM  ELEM       650  ITEM=ETAB PENE      VALUE= 0.819940586E-02

 *GET  STATV     FROM  ELEM       650  ITEM=ETAB CSTAT     VALUE=  2.00000000    

 *GET  FRICV     FROM  ELEM       650  ITEM=ETAB CSFRIC    VALUE=  0.00000000    

 PARAMETER EIDV =     651.0000000    

 PARAMETER XV =     2.375000000    

 *GET  PV        FROM  ELEM       651  ITEM=ETAB CPRES     VALUE=  13.1179790    

 *GET  PENV      FROM  ELEM       651  ITEM=ETAB PENE      VALUE= 0.819873670E-02

 *GET  STATV     FROM  ELEM       651  ITEM=ETAB CSTAT     VALUE=  2.00000000    

 *GET  FRICV     FROM  ELEM       651  ITEM=ETAB CSFRIC    VALUE=  0.00000000    

 PARAMETER EIDV =     652.0000000    

 PARAMETER XV =     2.625000000    

 *GET  PV        FROM  ELEM       652  ITEM=ETAB CPRES     VALUE=  13.1168752    

 *GET  PENV      FROM  ELEM       652  ITEM=ETAB PENE      VALUE= 0.819804706E-02

 *GET  STATV     FROM  ELEM       652  ITEM=ETAB CSTAT     VALUE=  2.00000000    

 *GET  FRICV     FROM  ELEM       652  ITEM=ETAB CSFRIC    VALUE=  0.00000000    

 PARAMETER EIDV =     653.0000000    

 PARAMETER XV =     2.875000000    

 *GET  PV        FROM  ELEM       653  ITEM=ETAB CPRES     VALUE=  13.1157222    

 *GET  PENV      FROM  ELEM       653  ITEM=ETAB PENE      VALUE= 0.819732621E-02

 *GET  STATV     FROM  ELEM       653  ITEM=ETAB CSTAT     VALUE=  2.00000000    

 *GET  FRICV     FROM  ELEM       653  ITEM=ETAB CSFRIC    VALUE=  0.00000000    

 PARAMETER EIDV =     654.0000000    

 PARAMETER XV =     3.125000000    

 *GET  PV        FROM  ELEM       654  ITEM=ETAB CPRES     VALUE=  13.1145039    

 *GET  PENV      FROM  ELEM       654  ITEM=ETAB PENE      VALUE= 0.819656439E-02

 *GET  STATV     FROM  ELEM       654  ITEM=ETAB CSTAT     VALUE=  2.00000000    

 *GET  FRICV     FROM  ELEM       654  ITEM=ETAB CSFRIC    VALUE=  0.00000000    

 PARAMETER EIDV =     655.0000000    

 PARAMETER XV =     3.375000000    

 *GET  PV        FROM  ELEM       655  ITEM=ETAB CPRES     VALUE=  13.1132073    

 *GET  PENV      FROM  ELEM       655  ITEM=ETAB PENE      VALUE= 0.819575461E-02

 *GET  STATV     FROM  ELEM       655  ITEM=ETAB CSTAT     VALUE=  2.00000000    

 *GET  FRICV     FROM  ELEM       655  ITEM=ETAB CSFRIC    VALUE=  0.00000000    

 PARAMETER EIDV =     656.0000000    

 PARAMETER XV =     3.625000000    

 *GET  PV        FROM  ELEM       656  ITEM=ETAB CPRES     VALUE=  13.1118217    

 *GET  PENV      FROM  ELEM       656  ITEM=ETAB PENE      VALUE= 0.819488848E-02

 *GET  STATV     FROM  ELEM       656  ITEM=ETAB CSTAT     VALUE=  2.00000000    

 *GET  FRICV     FROM  ELEM       656  ITEM=ETAB CSFRIC    VALUE=  0.00000000    

 PARAMETER EIDV =     657.0000000    

 PARAMETER XV =     3.875000000    

 *GET  PV        FROM  ELEM       657  ITEM=ETAB CPRES     VALUE=  13.1103420    

 *GET  PENV      FROM  ELEM       657  ITEM=ETAB PENE      VALUE= 0.819396367E-02

 *GET  STATV     FROM  ELEM       657  ITEM=ETAB CSTAT     VALUE=  2.00000000    

 *GET  FRICV     FROM  ELEM       657  ITEM=ETAB CSFRIC    VALUE=  0.00000000    

 PARAMETER EIDV =     658.0000000    

 PARAMETER XV =     4.125000000    

 *GET  PV        FROM  ELEM       658  ITEM=ETAB CPRES     VALUE=  13.1087713    

 *GET  PENV      FROM  ELEM       658  ITEM=ETAB PENE      VALUE= 0.819298159E-02

 *GET  STATV     FROM  ELEM       658  ITEM=ETAB CSTAT     VALUE=  2.00000000    

 *GET  FRICV     FROM  ELEM       658  ITEM=ETAB CSFRIC    VALUE=  0.00000000    

 PARAMETER EIDV =     659.0000000    

 PARAMETER XV =     4.375000000    

 *GET  PV        FROM  ELEM       659  ITEM=ETAB CPRES     VALUE=  13.1071191    

 *GET  PENV      FROM  ELEM       659  ITEM=ETAB PENE      VALUE= 0.819194922E-02

 *GET  STATV     FROM  ELEM       659  ITEM=ETAB CSTAT     VALUE=  2.00000000    

 *GET  FRICV     FROM  ELEM       659  ITEM=ETAB CSFRIC    VALUE=  0.00000000    

 PARAMETER EIDV =     660.0000000    

 PARAMETER XV =     4.625000000    

 *GET  PV        FROM  ELEM       660  ITEM=ETAB CPRES     VALUE=  13.1054077    

 *GET  PENV      FROM  ELEM       660  ITEM=ETAB PENE      VALUE= 0.819087960E-02

 *GET  STATV     FROM  ELEM       660  ITEM=ETAB CSTAT     VALUE=  2.00000000    

 *GET  FRICV     FROM  ELEM       660  ITEM=ETAB CSFRIC    VALUE=  0.00000000    

 PARAMETER EIDV =     661.0000000    

 PARAMETER XV =     4.875000000    

 *GET  PV        FROM  ELEM       661  ITEM=ETAB CPRES     VALUE=  13.1036725    

 *GET  PENV      FROM  ELEM       661  ITEM=ETAB PENE      VALUE= 0.818979507E-02

 *GET  STATV     FROM  ELEM       661  ITEM=ETAB CSTAT     VALUE=  2.00000000    

 *GET  FRICV     FROM  ELEM       661  ITEM=ETAB CSFRIC    VALUE=  0.00000000    

 PARAMETER EIDV =     662.0000000    

 PARAMETER XV =     5.125000000    

 *GET  PV        FROM  ELEM       662  ITEM=ETAB CPRES     VALUE=  13.1019664    

 *GET  PENV      FROM  ELEM       662  ITEM=ETAB PENE      VALUE= 0.818872871E-02

 *GET  STATV     FROM  ELEM       662  ITEM=ETAB CSTAT     VALUE=  2.00000000    

 *GET  FRICV     FROM  ELEM       662  ITEM=ETAB CSFRIC    VALUE=  0.00000000    

 PARAMETER EIDV =     663.0000000    

 PARAMETER XV =     5.375000000    

 *GET  PV        FROM  ELEM       663  ITEM=ETAB CPRES     VALUE=  13.1003637    

 *GET  PENV      FROM  ELEM       663  ITEM=ETAB PENE      VALUE= 0.818772754E-02

 *GET  STATV     FROM  ELEM       663  ITEM=ETAB CSTAT     VALUE=  2.00000000    

 *GET  FRICV     FROM  ELEM       663  ITEM=ETAB CSFRIC    VALUE=  0.00000000    

 PARAMETER EIDV =     664.0000000    

 PARAMETER XV =     5.625000000    

 *GET  PV        FROM  ELEM       664  ITEM=ETAB CPRES     VALUE=  13.0989680    

 *GET  PENV      FROM  ELEM       664  ITEM=ETAB PENE      VALUE= 0.818685442E-02

 *GET  STATV     FROM  ELEM       664  ITEM=ETAB CSTAT     VALUE=  2.00000000    

 *GET  FRICV     FROM  ELEM       664  ITEM=ETAB CSFRIC    VALUE=  0.00000000    

 PARAMETER EIDV =     665.0000000    

 PARAMETER XV =     5.875000000    

 *GET  PV        FROM  ELEM       665  ITEM=ETAB CPRES     VALUE=  13.0979166    

 *GET  PENV      FROM  ELEM       665  ITEM=ETAB PENE      VALUE= 0.818619737E-02

 *GET  STATV     FROM  ELEM       665  ITEM=ETAB CSTAT     VALUE=  2.00000000    

 *GET  FRICV     FROM  ELEM       665  ITEM=ETAB CSFRIC    VALUE=  0.00000000    

 PARAMETER EIDV =     666.0000000    

 PARAMETER XV =     6.125000000    

 *GET  PV        FROM  ELEM       666  ITEM=ETAB CPRES     VALUE=  13.0973973    

 *GET  PENV      FROM  ELEM       666  ITEM=ETAB PENE      VALUE= 0.818587281E-02

 *GET  STATV     FROM  ELEM       666  ITEM=ETAB CSTAT     VALUE=  2.00000000    

 *GET  FRICV     FROM  ELEM       666  ITEM=ETAB CSFRIC    VALUE=  0.00000000    

 PARAMETER EIDV =     667.0000000    

 PARAMETER XV =     6.375000000    

 *GET  PV        FROM  ELEM       667  ITEM=ETAB CPRES     VALUE=  13.0976591    

 *GET  PENV      FROM  ELEM       667  ITEM=ETAB PENE      VALUE= 0.818603719E-02

 *GET  STATV     FROM  ELEM       667  ITEM=ETAB CSTAT     VALUE=  2.00000000    

 *GET  FRICV     FROM  ELEM       667  ITEM=ETAB CSFRIC    VALUE=  0.00000000    

 PARAMETER EIDV =     668.0000000    

 PARAMETER XV =     6.625000000    

 *GET  PV        FROM  ELEM       668  ITEM=ETAB CPRES     VALUE=  13.0990386    

 *GET  PENV      FROM  ELEM       668  ITEM=ETAB PENE      VALUE= 0.818689913E-02

 *GET  STATV     FROM  ELEM       668  ITEM=ETAB CSTAT     VALUE=  2.00000000    

 *GET  FRICV     FROM  ELEM       668  ITEM=ETAB CSFRIC    VALUE=  0.00000000    

 PARAMETER EIDV =     669.0000000    

 PARAMETER XV =     6.875000000    

 *GET  PV        FROM  ELEM       669  ITEM=ETAB CPRES     VALUE=  13.1019921    

 *GET  PENV      FROM  ELEM       669  ITEM=ETAB PENE      VALUE= 0.818874501E-02

 *GET  STATV     FROM  ELEM       669  ITEM=ETAB CSTAT     VALUE=  2.00000000    

 *GET  FRICV     FROM  ELEM       669  ITEM=ETAB CSFRIC    VALUE=  0.00000000    

 PARAMETER EIDV =     670.0000000    

 PARAMETER XV =     7.125000000    

 *GET  PV        FROM  ELEM       670  ITEM=ETAB CPRES     VALUE=  13.1071458    

 *GET  PENV      FROM  ELEM       670  ITEM=ETAB PENE      VALUE= 0.819196599E-02

 *GET  STATV     FROM  ELEM       670  ITEM=ETAB CSTAT     VALUE=  2.00000000    

 *GET  FRICV     FROM  ELEM       670  ITEM=ETAB CSFRIC    VALUE=  0.00000000    

 PARAMETER EIDV =     671.0000000    

 PARAMETER XV =     7.375000000    

 *GET  PV        FROM  ELEM       671  ITEM=ETAB CPRES     VALUE=  13.1153908    

 *GET  PENV      FROM  ELEM       671  ITEM=ETAB PENE      VALUE= 0.819711853E-02

 *GET  STATV     FROM  ELEM       671  ITEM=ETAB CSTAT     VALUE=  2.00000000    

 *GET  FRICV     FROM  ELEM       671  ITEM=ETAB CSFRIC    VALUE=  0.00000000    

 PARAMETER EIDV =     672.0000000    

 PARAMETER XV =     7.625000000    

 *GET  PV        FROM  ELEM       672  ITEM=ETAB CPRES     VALUE=  13.1279740    

 *GET  PENV      FROM  ELEM       672  ITEM=ETAB PENE      VALUE= 0.820498401E-02

 *GET  STATV     FROM  ELEM       672  ITEM=ETAB CSTAT     VALUE=  2.00000000    

 *GET  FRICV     FROM  ELEM       672  ITEM=ETAB CSFRIC    VALUE=  0.00000000    

 PARAMETER EIDV =     673.0000000    

 PARAMETER XV =     7.875000000    

 *GET  PV        FROM  ELEM       673  ITEM=ETAB CPRES     VALUE=  13.1468592    

 *GET  PENV      FROM  ELEM       673  ITEM=ETAB PENE      VALUE= 0.821678713E-02

 *GET  STATV     FROM  ELEM       673  ITEM=ETAB CSTAT     VALUE=  2.00000000    

 *GET  FRICV     FROM  ELEM       673  ITEM=ETAB CSFRIC    VALUE=  0.00000000    

 PARAMETER EIDV =     674.0000000    

 PARAMETER XV =     8.125000000    

 *GET  PV        FROM  ELEM       674  ITEM=ETAB CPRES     VALUE=  13.1747785    

 *GET  PENV      FROM  ELEM       674  ITEM=ETAB PENE      VALUE= 0.823423639E-02

 *GET  STATV     FROM  ELEM       674  ITEM=ETAB CSTAT     VALUE=  2.00000000    

 *GET  FRICV     FROM  ELEM       674  ITEM=ETAB CSFRIC    VALUE=  0.00000000    

 PARAMETER EIDV =     675.0000000    

 PARAMETER XV =     8.375000000    

 *GET  PV        FROM  ELEM       675  ITEM=ETAB CPRES     VALUE=  13.2170620    

 *GET  PENV      FROM  ELEM       675  ITEM=ETAB PENE      VALUE= 0.826066360E-02

 *GET  STATV     FROM  ELEM       675  ITEM=ETAB CSTAT     VALUE=  2.00000000    

 *GET  FRICV     FROM  ELEM       675  ITEM=ETAB CSFRIC    VALUE=  0.00000000    

 PARAMETER EIDV =     676.0000000    

 PARAMETER XV =     8.625000000    

 *GET  PV        FROM  ELEM       676  ITEM=ETAB CPRES     VALUE=  13.2802300    

 *GET  PENV      FROM  ELEM       676  ITEM=ETAB PENE      VALUE= 0.830014329E-02

 *GET  STATV     FROM  ELEM       676  ITEM=ETAB CSTAT     VALUE=  2.00000000    

 *GET  FRICV     FROM  ELEM       676  ITEM=ETAB CSFRIC    VALUE=  0.00000000    

 PARAMETER EIDV =     677.0000000    

 PARAMETER XV =     8.875000000    

 *GET  PV        FROM  ELEM       677  ITEM=ETAB CPRES     VALUE=  13.3845510    

 *GET  PENV      FROM  ELEM       677  ITEM=ETAB PENE      VALUE= 0.836534426E-02

 *GET  STATV     FROM  ELEM       677  ITEM=ETAB CSTAT     VALUE=  2.00000000    

 *GET  FRICV     FROM  ELEM       677  ITEM=ETAB CSFRIC    VALUE=  0.00000000    

 PARAMETER EIDV =     678.0000000    

 PARAMETER XV =     9.125000000    

 *GET  PV        FROM  ELEM       678  ITEM=ETAB CPRES     VALUE=  13.5465393    

 *GET  PENV      FROM  ELEM       678  ITEM=ETAB PENE      VALUE= 0.846658694E-02

 *GET  STATV     FROM  ELEM       678  ITEM=ETAB CSTAT     VALUE=  2.00000000    

 *GET  FRICV     FROM  ELEM       678  ITEM=ETAB CSFRIC    VALUE=  0.00000000    

 PARAMETER EIDV =     679.0000000    

 PARAMETER XV =     9.375000000    

 *GET  PV        FROM  ELEM       679  ITEM=ETAB CPRES     VALUE=  13.8909717    

 *GET  PENV      FROM  ELEM       679  ITEM=ETAB PENE      VALUE= 0.868185703E-02

 *GET  STATV     FROM  ELEM       679  ITEM=ETAB CSTAT     VALUE=  2.00000000    

 *GET  FRICV     FROM  ELEM       679  ITEM=ETAB CSFRIC    VALUE=  0.00000000    

 PARAMETER EIDV =     680.0000000    

 PARAMETER XV =     9.625000000    

 *GET  PV        FROM  ELEM       680  ITEM=ETAB CPRES     VALUE=  14.5489984    

 *GET  PENV      FROM  ELEM       680  ITEM=ETAB PENE      VALUE= 0.909312442E-02

 *GET  STATV     FROM  ELEM       680  ITEM=ETAB CSTAT     VALUE=  2.00000000    

 *GET  FRICV     FROM  ELEM       680  ITEM=ETAB CSFRIC    VALUE=  0.00000000    

 PARAMETER EIDV =     681.0000000    

 PARAMETER XV =     9.875000000    

 *GET  PV        FROM  ELEM       681  ITEM=ETAB CPRES     VALUE=  8.01499367    

 *GET  PENV      FROM  ELEM       681  ITEM=ETAB PENE      VALUE= 0.500937086E-02

 *GET  STATV     FROM  ELEM       681  ITEM=ETAB CSTAT     VALUE=  1.50000000    

 *GET  FRICV     FROM  ELEM       681  ITEM=ETAB CSFRIC    VALUE=  0.00000000    

  COMMAND FILE CLOSED 


 OPENED FILE= reaction.csv FOR COMMAND FILE DATA 


 PARAMETER RFY =     0.000000000    

 *GET  RV        FROM  NODE         1  ITEM=RF   FY    VALUE=  1.64243843     

 PARAMETER RFY =     1.642438429    

 *GET  RV        FROM  NODE         2  ITEM=RF   FY    VALUE=  3.33521264     

 PARAMETER RFY =     4.977651071    

 *GET  RV        FROM  NODE         3  ITEM=RF   FY    VALUE=  3.33765052     

 PARAMETER RFY =     8.315301594    

 *GET  RV        FROM  NODE         4  ITEM=RF   FY    VALUE=  3.33597046     

 PARAMETER RFY =     11.65127206    

 *GET  RV        FROM  NODE         5  ITEM=RF   FY    VALUE=  3.33617459     

 PARAMETER RFY =     14.98744665    

 *GET  RV        FROM  NODE         6  ITEM=RF   FY    VALUE=  3.33600112     

 PARAMETER RFY =     18.32344777    

 *GET  RV        FROM  NODE         7  ITEM=RF   FY    VALUE=  3.33602676     

 PARAMETER RFY =     21.65947453    

 *GET  RV        FROM  NODE         8  ITEM=RF   FY    VALUE=  3.33608161     

 PARAMETER RFY =     24.99555613    

 *GET  RV        FROM  NODE         9  ITEM=RF   FY    VALUE=  3.33620692     

 PARAMETER RFY =     28.33176306    

 *GET  RV        FROM  NODE        10  ITEM=RF   FY    VALUE=  3.33638562     

 PARAMETER RFY =     31.66814867    

 *GET  RV        FROM  NODE        11  ITEM=RF   FY    VALUE=  3.33661953     

 PARAMETER RFY =     35.00476820    

 *GET  RV        FROM  NODE        12  ITEM=RF   FY    VALUE=  3.33690513     

 PARAMETER RFY =     38.34167333    

 *GET  RV        FROM  NODE        13  ITEM=RF   FY    VALUE=  3.33724031     

 PARAMETER RFY =     41.67891363    

 *GET  RV        FROM  NODE        14  ITEM=RF   FY    VALUE=  3.33762129     

 PARAMETER RFY =     45.01653492    

 *GET  RV        FROM  NODE        15  ITEM=RF   FY    VALUE=  3.33804262     

 PARAMETER RFY =     48.35457754    

 *GET  RV        FROM  NODE        16  ITEM=RF   FY    VALUE=  3.33849596     

 PARAMETER RFY =     51.69307350    

 *GET  RV        FROM  NODE        17  ITEM=RF   FY    VALUE=  3.33896902     

 PARAMETER RFY =     55.03204252    

 *GET  RV        FROM  NODE        18  ITEM=RF   FY    VALUE=  3.33944419     

 PARAMETER RFY =     58.37148671    

 *GET  RV        FROM  NODE        19  ITEM=RF   FY    VALUE=  3.33989682     

 PARAMETER RFY =     61.71138352    

 *GET  RV        FROM  NODE        20  ITEM=RF   FY    VALUE=  3.34029328     

 PARAMETER RFY =     65.05167680    

 *GET  RV        FROM  NODE        21  ITEM=RF   FY    VALUE=  3.34058868     

 PARAMETER RFY =     68.39226548    

 *GET  RV        FROM  NODE        22  ITEM=RF   FY    VALUE=  3.34072425     

 PARAMETER RFY =     71.73298973    

 *GET  RV        FROM  NODE        23  ITEM=RF   FY    VALUE=  3.34062461     

 PARAMETER RFY =     75.07361434    

 *GET  RV        FROM  NODE        24  ITEM=RF   FY    VALUE=  3.34019509     

 PARAMETER RFY =     78.41380943    

 *GET  RV        FROM  NODE        25  ITEM=RF   FY    VALUE=  3.33931952     

 PARAMETER RFY =     81.75312895    

 *GET  RV        FROM  NODE        26  ITEM=RF   FY    VALUE=  3.33785918     

 PARAMETER RFY =     85.09098813    

 *GET  RV        FROM  NODE        27  ITEM=RF   FY    VALUE=  3.33565377     

 PARAMETER RFY =     88.42664190    

 *GET  RV        FROM  NODE        28  ITEM=RF   FY    VALUE=  3.33252580     

 PARAMETER RFY =     91.75916770    

 *GET  RV        FROM  NODE        29  ITEM=RF   FY    VALUE=  3.32828989     

 PARAMETER RFY =     95.08745759    

 *GET  RV        FROM  NODE        30  ITEM=RF   FY    VALUE=  3.32276853     

 PARAMETER RFY =     98.41022612    

 *GET  RV        FROM  NODE        31  ITEM=RF   FY    VALUE=  3.31581542     

 PARAMETER RFY =     101.7260415    

 *GET  RV        FROM  NODE        32  ITEM=RF   FY    VALUE=  3.30734667     

 PARAMETER RFY =     105.0333882    

 *GET  RV        FROM  NODE        33  ITEM=RF   FY    VALUE=  3.29737760     

 PARAMETER RFY =     108.3307658    

 *GET  RV        FROM  NODE        34  ITEM=RF   FY    VALUE=  3.28606079     

 PARAMETER RFY =     111.6168266    

 *GET  RV        FROM  NODE        35  ITEM=RF   FY    VALUE=  3.27371771     

 PARAMETER RFY =     114.8905443    

 *GET  RV        FROM  NODE        36  ITEM=RF   FY    VALUE=  3.26085423     

 PARAMETER RFY =     118.1513985    

 *GET  RV        FROM  NODE        37  ITEM=RF   FY    VALUE=  3.24815018     

 PARAMETER RFY =     121.3995487    

 *GET  RV        FROM  NODE        38  ITEM=RF   FY    VALUE=  3.23641625     

 PARAMETER RFY =     124.6359650    

 *GET  RV        FROM  NODE        39  ITEM=RF   FY    VALUE=  3.22651792     

 PARAMETER RFY =     127.8624829    

 *GET  RV        FROM  NODE        40  ITEM=RF   FY    VALUE=  3.21927435     

 PARAMETER RFY =     131.0817572    

 *GET  RV        FROM  NODE        41  ITEM=RF   FY    VALUE=  1.60807837     

 PARAMETER RFY =     132.6898356    

  COMMAND FILE CLOSED 


 EXIT THE MAPDL POST1 DATABASE PROCESSOR


 ***** ROUTINE COMPLETED *****  ELAPSED TIME =         8.930



 EXIT MAPDL WITHOUT SAVING DATABASE


 NUMBER OF WARNING MESSAGES ENCOUNTERED=          2
 NUMBER OF ERROR   MESSAGES ENCOUNTERED=          0

+--------------------- M A P D L   S T A T I S T I C S ------------------------+

Release: 2026 R1            Build: 26.1       Update: UP20260202   Platform: WINDOWS x64 
Date Run: 09/14/2026   Time: 21:08     Process ID: 18452
Operating System: Windows 11  (Build: 26200)

Processor Model: AMD Ryzen 7 7435HS

Compiler: Intel(R) Fortran Compiler Classic Version 2021.9  (Build: 20230302)
          Intel(R) C/C++ Compiler Classic Version 2021.9  (Build: 20230302)
          AOCL-BLAS 5.1.1 Build 20251008
          Intel(R) oneAPI Math Kernel Library Version 2024.2.3-Product Build 20250403

Number of machines requested            :    1
Total number of cores available         :   16
Number of physical cores available      :    8
Number of processes requested           :    1
Number of threads per process requested :    1
Total number of cores requested         :    1 (Shared Memory Parallel)                    

GPU Acceleration: Not Requested

Job Name: stage10_contact
Input File: C:\Users\asus\AppData\Local\Temp\FDM_stage10_contact_augmented_fkn_0p1_04hlpojd\input.dat
Working Directory: C:\Users\asus\AppData\Local\Temp\FDM_stage10_contact_augmented_fkn_0p1_04hlpojd

Total CPU time for main thread                    :        3.5 seconds
Total CPU time summed for all threads             :        3.3 seconds

Elapsed time spent obtaining a license            :        1.3 seconds
Elapsed time spent pre-processing model (/PREP7)  :        0.1 seconds
Elapsed time spent solution - preprocessing       :        0.1 seconds
Elapsed time spent computing solution             :        2.7 seconds
   Elapsed time in element formation & assembly   :        1.2 seconds
   Elapsed time in equation solver                :        0.1 seconds
   Elapsed time in element result calculations    :        0.5 seconds
Elapsed time spent solution - postprocessing      :        0.0 seconds
Elapsed time spent post-processing model (/POST1) :        0.0 seconds
 
Equation solver used                              :            Sparse (symmetric)
Sparse direct equation solver computational rate  :        1.5 Gflops

Sum of disk space used on all processes           :        4.5 MB

Sum of memory used on all processes               :       63.0 MB
Sum of memory allocated on all processes          :     2304.0 MB
Physical memory available                         :         16 GB
Total amount of I/O written to disk               :        0.0 GB
Total amount of I/O read from disk                :        0.1 GB

+------------------ E N D   M A P D L   S T A T I S T I C S -------------------+


 *-----------------------------------------------------------------------------*
 |                                                                             |
 |                               RUN COMPLETED                                 |
 |                                                                             |
 |-----------------------------------------------------------------------------|
 |                                                                             |
 |  Ansys MAPDL 2026 R1         Build 26.1         UP20260202    WINDOWS x64   |
 |                                                                             |
 |-----------------------------------------------------------------------------|
 |                                                                             |
 |  Database Requested(-db)     1024 MB     Scratch Memory Requested   1024 MB |
 |  Max Database Used(Master)     17 MB     Max Scratch Used(Master)     46 MB |
 |  Max Database Used(Workers)     0 MB     Max Scratch Used(Workers)     0 MB |
 |  Sum Database Used(All)        17 MB     Sum Scratch Used(All)        46 MB |
 |                                                                             |
 |-----------------------------------------------------------------------------|
 |                                                                             |
 |        CP Time      (sec) =          3.344       Time  =  21:08:33          |
 |        Elapsed Time (sec) =         19.843       Date  =  09/14/2026        |
 |                                                                             |
 *-----------------------------------------------------------------------------*
