  0.1000000000000000E+01,  0.3333333333333333E+00,  0.1666666666666667E+00,  0.6876875678388836E-03,
  0.2000000000000000E+01,  0.9999999999999998E+00,  0.1666666666666667E+00,  0.7871196199209363E-03,
  0.3000000000000000E+01,  0.1666666666666667E+01,  0.1666666666666667E+00,  0.7911692959868161E-03,
  0.4000000000000000E+01,  0.2333333333333333E+01,  0.1666666666666667E+00,  0.7748292014167224E-03,
  0.5000000000000000E+01,  0.3000000000000000E+01,  0.1666666666666667E+00,  0.7513815802553573E-03,
  0.6000000000000000E+01,  0.3666666666666666E+01,  0.1666666666666667E+00,  0.7324744333132397E-03,
  0.7000000000000000E+01,  0.4333333333333334E+01,  0.1666666666666667E+00,  0.7184698748634691E-03,
  0.8000000000000000E+01,  0.5000000000000000E+01,  0.1666666666666667E+00,  0.7076548586284650E-03,
  0.9000000000000000E+01,  0.5666666666666668E+01,  0.1666666666666667E+00,  0.6983904861227755E-03,
  0.1000000000000000E+02,  0.6333333333333334E+01,  0.1666666666666667E+00,  0.6897371438739240E-03,
  0.1100000000000000E+02,  0.7000000000000001E+01,  0.1666666666666667E+00,  0.6812575679680067E-03,
  0.1200000000000000E+02,  0.7666666666666668E+01,  0.1666666666666667E+00,  0.6727888493140549E-03,
  0.1300000000000000E+02,  0.8333333333333334E+01,  0.1666666666666667E+00,  0.6642883240800191E-03,
  0.1400000000000000E+02,  0.9000000000000000E+01,  0.1666666666666667E+00,  0.6557564168446481E-03,
  0.1500000000000000E+02,  0.9666666666666668E+01,  0.1666666666666667E+00,  0.6472036020703882E-03,
  0.1600000000000000E+02,  0.1033333333333334E+02,  0.1666666666666667E+00,  0.6386394274675617E-03,
  0.1700000000000000E+02,  0.1100000000000000E+02,  0.1666666666666667E+00,  0.6300698814296194E-03,
  0.1800000000000000E+02,  0.1166666666666666E+02,  0.1666666666666667E+00,  0.6214982429534987E-03,
  0.1900000000000000E+02,  0.1233333333333334E+02,  0.1666666666666667E+00,  0.6129259753565785E-03,
  0.2000000000000000E+02,  0.1300000000000000E+02,  0.1666666666666667E+00,  0.6043536618645353E-03,
  0.2100000000000000E+02,  0.1366666666666666E+02,  0.1666666666666667E+00,  0.5957814672618463E-03,
  0.2200000000000000E+02,  0.1433333333333334E+02,  0.1666666666666667E+00,  0.5872093774486908E-03,
  0.2300000000000000E+02,  0.1500000000000000E+02,  0.1666666666666667E+00,  0.5786373672515236E-03,
  0.2400000000000000E+02,  0.1566666666666666E+02,  0.1666666666666667E+00,  0.5700653931827677E-03,
  0.2500000000000000E+02,  0.1633333333333334E+02,  0.1666666666666667E+00,  0.5614934701637438E-03,
  0.2600000000000000E+02,  0.1700000000000000E+02,  0.1666666666666667E+00,  0.5529215621106918E-03,
  0.2700000000000000E+02,  0.1766666666666666E+02,  0.1666666666666667E+00,  0.5443496475100274E-03,
  0.2800000000000000E+02,  0.1833333333333334E+02,  0.1666666666666667E+00,  0.5357777412974038E-03,
  0.2900000000000000E+02,  0.1900000000000000E+02,  0.1666666666666667E+00,  0.5272058730104736E-03,
  0.3000000000000000E+02,  0.1966666666666666E+02,  0.1666666666666667E+00,  0.5186339848288116E-03,
  0.3100000000000000E+02,  0.2033333333333334E+02,  0.1666666666666667E+00,  0.5100621063195602E-03,
  0.3200000000000000E+02,  0.2100000000000000E+02,  0.1666666666666667E+00,  0.5014902380326146E-03,
  0.3300000000000000E+02,  0.2166666666666666E+02,  0.1666666666666667E+00,  0.4929184095765783E-03,
  0.3400000000000000E+02,  0.2233333333333334E+02,  0.1666666666666667E+00,  0.4843465705912234E-03,
  0.3500000000000000E+02,  0.2300000000000000E+02,  0.1666666666666667E+00,  0.4757747289487358E-03,
  0.3600000000000000E+02,  0.2366666666666666E+02,  0.1666666666666667E+00,  0.4672029144643212E-03,
  0.3700000000000000E+02,  0.2433333333333334E+02,  0.1666666666666667E+00,  0.4586311277710906E-03,
  0.3800000000000000E+02,  0.2500000000000000E+02,  0.1666666666666667E+00,  0.4500593405529961E-03,
  0.3900000000000000E+02,  0.2566666666666666E+02,  0.1666666666666667E+00,  0.4414875536118013E-03,
  0.4000000000000000E+02,  0.2633333333333334E+02,  0.1666666666666667E+00,  0.4329157969932328E-03,
  0.4100000000000000E+02,  0.2700000000000000E+02,  0.1666666666666667E+00,  0.4243440715414621E-03,
  0.4200000000000000E+02,  0.2766666666666666E+02,  0.1666666666666667E+00,  0.4157723492793147E-03,
  0.4300000000000000E+02,  0.2833333333333334E+02,  0.1666666666666667E+00,  0.4072006312940401E-03,
  0.4400000000000000E+02,  0.2900000000000000E+02,  0.1666666666666667E+00,  0.3986289624535328E-03,
  0.4500000000000000E+02,  0.2966666666666666E+02,  0.1666666666666667E+00,  0.3900572858747677E-03,
  0.4600000000000000E+02,  0.3033333333333334E+02,  0.1666666666666667E+00,  0.3814856612197591E-03,
  0.4700000000000000E+02,  0.3100000000000000E+02,  0.1666666666666667E+00,  0.3729140390973864E-03,
  0.4800000000000000E+02,  0.3166666666666666E+02,  0.1666666666666667E+00,  0.3643424576043514E-03,
  0.4900000000000000E+02,  0.3233333333333332E+02,  0.1666666666666667E+00,  0.3557708895617116E-03,
  0.5000000000000000E+02,  0.3299999999999999E+02,  0.1666666666666667E+00,  0.3471993661256272E-03,
  0.5100000000000000E+02,  0.3366666666666667E+02,  0.1666666666666667E+00,  0.3386278604767971E-03,
  0.5200000000000000E+02,  0.3433333333333332E+02,  0.1666666666666667E+00,  0.3300564042566865E-03,
  0.5300000000000000E+02,  0.3499999999999999E+02,  0.1666666666666667E+00,  0.3214849711326011E-03,
  0.5400000000000000E+02,  0.3566666666666667E+02,  0.1666666666666667E+00,  0.3129135932563357E-03,
  0.5500000000000000E+02,  0.3633333333333332E+02,  0.1666666666666667E+00,  0.3043422450096858E-03,
  0.5600000000000000E+02,  0.3699999999999999E+02,  0.1666666666666667E+00,  0.2957709593574935E-03,
  0.5700000000000000E+02,  0.3766666666666667E+02,  0.1666666666666667E+00,  0.2871997114769031E-03,
  0.5800000000000000E+02,  0.3833333333333332E+02,  0.1666666666666667E+00,  0.2786285352972120E-03,
  0.5900000000000000E+02,  0.3899999999999999E+02,  0.1666666666666667E+00,  0.2700574071845730E-03,
  0.6000000000000000E+02,  0.3966666666666667E+02,  0.1666666666666667E+00,  0.2614863660083820E-03,
  0.6100000000000000E+02,  0.4033333333333332E+02,  0.1666666666666667E+00,  0.2529153823296466E-03,
  0.6200000000000000E+02,  0.4099999999999999E+02,  0.1666666666666667E+00,  0.2443444969331369E-03,
  0.6300000000000000E+02,  0.4166666666666667E+02,  0.1666666666666667E+00,  0.2357736897936077E-03,
  0.6400000000000000E+02,  0.4233333333333332E+02,  0.1666666666666667E+00,  0.2272030005725841E-03,
  0.6500000000000000E+02,  0.4299999999999999E+02,  0.1666666666666667E+00,  0.2186324122969660E-03,
  0.6600000000000000E+02,  0.4366666666666667E+02,  0.1666666666666667E+00,  0.2100619682018161E-03,
  0.6700000000000000E+02,  0.4433333333333332E+02,  0.1666666666666667E+00,  0.2014916593846988E-03,
  0.6800000000000000E+02,  0.4499999999999999E+02,  0.1666666666666667E+00,  0.1929215198599454E-03,
  0.6900000000000000E+02,  0.4566666666666667E+02,  0.1666666666666667E+00,  0.1843515618559515E-03,
  0.7000000000000000E+02,  0.4633333333333332E+02,  0.1666666666666667E+00,  0.1757818166617751E-03,
  0.7100000000000000E+02,  0.4699999999999999E+02,  0.1666666666666667E+00,  0.1672123066465269E-03,
  0.7200000000000000E+02,  0.4766666666666667E+02,  0.1666666666666667E+00,  0.1586430722804958E-03,
  0.7300000000000000E+02,  0.4833333333333332E+02,  0.1666666666666667E+00,  0.1500741595719624E-03,
  0.7400000000000000E+02,  0.4899999999999999E+02,  0.1666666666666667E+00,  0.1415056551179804E-03,
  0.7500000000000000E+02,  0.4966666666666667E+02,  0.1666666666666667E+00,  0.1329377305897855E-03,
  0.7600000000000000E+02,  0.5033333333333332E+02,  0.1666666666666667E+00,  0.1243707289521842E-03,
  0.7700000000000000E+02,  0.5099999999999999E+02,  0.1666666666666667E+00,  0.1158053089449117E-03,
  0.7800000000000000E+02,  0.5166666666666667E+02,  0.1666666666666667E+00,  0.1072426325635837E-03,
  0.7900000000000000E+02,  0.5233333333333332E+02,  0.1666666666666667E+00,  0.9868448803394035E-04,
  0.8000000000000000E+02,  0.5299999999999999E+02,  0.1666666666666667E+00,  0.9013290543920997E-04,
  0.8100000000000000E+02,  0.5366666666666667E+02,  0.1666666666666667E+00,  0.8158834523954758E-04,
  0.8200000000000000E+02,  0.5433333333333332E+02,  0.1666666666666667E+00,  0.7304430614212463E-04,
  0.8300000000000000E+02,  0.5499999999999999E+02,  0.1666666666666667E+00,  0.6447475062956897E-04,
  0.8400000000000000E+02,  0.5566666666666667E+02,  0.1666666666666667E+00,  0.5581049783914960E-04,
  0.8500000000000000E+02,  0.5633333333333332E+02,  0.1666666666666667E+00,  0.4690839302473645E-04,
  0.8600000000000000E+02,  0.5699999999999999E+02,  0.1666666666666667E+00,  0.3755055521362451E-04,
  0.8700000000000000E+02,  0.5766666666666667E+02,  0.1666666666666667E+00,  0.2758461288365693E-04,
  0.8800000000000000E+02,  0.5833333333333332E+02,  0.1666666666666667E+00,  0.1734396457506408E-04,
  0.8900000000000000E+02,  0.5899999999999999E+02,  0.1666666666666667E+00,  0.8098183734307307E-05,
  0.9000000000000000E+02,  0.5966666666666667E+02,  0.1666666666666667E+00,  0.1687864404995012E-05,
  0.9100000000000000E+02,  0.3333333333333333E+00,  0.5000000000000000E+00,  0.4524678305840442E-03,
  0.9200000000000000E+02,  0.9999999999999998E+00,  0.5000000000000000E+00,  0.5212473925915048E-03,
  0.9300000000000000E+02,  0.1666666666666667E+01,  0.5000000000000000E+00,  0.5084374231812983E-03,
  0.9400000000000000E+02,  0.2333333333333333E+01,  0.5000000000000000E+00,  0.4954151748207244E-03,
  0.9500000000000000E+02,  0.3000000000000000E+01,  0.5000000000000000E+00,  0.4821532395124840E-03,
  0.9600000000000000E+02,  0.3666666666666666E+01,  0.5000000000000000E+00,  0.4711007751947723E-03,
  0.9700000000000000E+02,  0.4333333333333334E+01,  0.5000000000000000E+00,  0.4625543968437647E-03,
  0.9800000000000000E+02,  0.5000000000000000E+01,  0.5000000000000000E+00,  0.4556139757435901E-03,
  0.9900000000000000E+02,  0.5666666666666668E+01,  0.5000000000000000E+00,  0.4495411020392254E-03,
  0.1000000000000000E+03,  0.6333333333333334E+01,  0.5000000000000000E+00,  0.4438659549058026E-03,
  0.1010000000000000E+03,  0.7000000000000001E+01,  0.5000000000000000E+00,  0.4383428812546917E-03,
  0.1020000000000000E+03,  0.7666666666666668E+01,  0.5000000000000000E+00,  0.4328610572995047E-03,
  0.1030000000000000E+03,  0.8333333333333334E+01,  0.5000000000000000E+00,  0.4273796002842989E-03,
  0.1040000000000000E+03,  0.9000000000000000E+01,  0.5000000000000000E+00,  0.4218883321351801E-03,
  0.1050000000000000E+03,  0.9666666666666668E+01,  0.5000000000000000E+00,  0.4163879316710809E-03,
  0.1060000000000000E+03,  0.1033333333333334E+02,  0.5000000000000000E+00,  0.4108816111425276E-03,
  0.1070000000000000E+03,  0.1100000000000000E+02,  0.5000000000000000E+00,  0.4053721019041384E-03,
  0.1080000000000000E+03,  0.1166666666666666E+02,  0.5000000000000000E+00,  0.3998611436125635E-03,
  0.1090000000000000E+03,  0.1233333333333334E+02,  0.5000000000000000E+00,  0.3943496397391195E-03,
  0.1100000000000000E+03,  0.1300000000000000E+02,  0.5000000000000000E+00,  0.3888380321578429E-03,
  0.1110000000000000E+03,  0.1366666666666666E+02,  0.5000000000000000E+00,  0.3833264678649984E-03,
  0.1120000000000000E+03,  0.1433333333333334E+02,  0.5000000000000000E+00,  0.3778149872691147E-03,
  0.1130000000000000E+03,  0.1500000000000000E+02,  0.5000000000000000E+00,  0.3723035899549644E-03,
  0.1140000000000000E+03,  0.1566666666666666E+02,  0.5000000000000000E+00,  0.3667922989005500E-03,
  0.1150000000000000E+03,  0.1633333333333334E+02,  0.5000000000000000E+00,  0.3612810813259590E-03,
  0.1160000000000000E+03,  0.1700000000000000E+02,  0.5000000000000000E+00,  0.3557699271624848E-03,
  0.1170000000000000E+03,  0.1766666666666666E+02,  0.5000000000000000E+00,  0.3502588568833431E-03,
  0.1180000000000000E+03,  0.1833333333333334E+02,  0.5000000000000000E+00,  0.3447478521698190E-03,
  0.1190000000000000E+03,  0.1900000000000000E+02,  0.5000000000000000E+00,  0.3392369384705915E-03,
  0.1200000000000000E+03,  0.1966666666666666E+02,  0.5000000000000000E+00,  0.3337261088449242E-03,
  0.1210000000000000E+03,  0.2033333333333334E+02,  0.5000000000000000E+00,  0.3282153676274065E-03,
  0.1220000000000000E+03,  0.2100000000000000E+02,  0.5000000000000000E+00,  0.3227047190936166E-03,
  0.1230000000000000E+03,  0.2166666666666666E+02,  0.5000000000000000E+00,  0.3171941682805626E-03,
  0.1240000000000000E+03,  0.2233333333333334E+02,  0.5000000000000000E+00,  0.3116837202663141E-03,
  0.1250000000000000E+03,  0.2300000000000000E+02,  0.5000000000000000E+00,  0.3061733808151530E-03,
  0.1260000000000000E+03,  0.2366666666666666E+02,  0.5000000000000000E+00,  0.3006631519336593E-03,
  0.1270000000000000E+03,  0.2433333333333334E+02,  0.5000000000000000E+00,  0.2951530475116557E-03,
  0.1280000000000000E+03,  0.2500000000000000E+02,  0.5000000000000000E+00,  0.2896430707523150E-03,
  0.1290000000000000E+03,  0.2566666666666666E+02,  0.5000000000000000E+00,  0.2841332290826281E-03,
  0.1300000000000000E+03,  0.2633333333333334E+02,  0.5000000000000000E+00,  0.2786235268814296E-03,
  0.1310000000000000E+03,  0.2700000000000000E+02,  0.5000000000000000E+00,  0.2731139800205680E-03,
  0.1320000000000000E+03,  0.2766666666666666E+02,  0.5000000000000000E+00,  0.2676045871475777E-03,
  0.1330000000000000E+03,  0.2833333333333334E+02,  0.5000000000000000E+00,  0.2620953727230625E-03,
  0.1340000000000000E+03,  0.2900000000000000E+02,  0.5000000000000000E+00,  0.2565863407576516E-03,
  0.1350000000000000E+03,  0.2966666666666666E+02,  0.5000000000000000E+00,  0.2510774957963728E-03,
  0.1360000000000000E+03,  0.3033333333333334E+02,  0.5000000000000000E+00,  0.2455688655866726E-03,
  0.1370000000000000E+03,  0.3100000000000000E+02,  0.5000000000000000E+00,  0.2400604569371718E-03,
  0.1380000000000000E+03,  0.3166666666666666E+02,  0.5000000000000000E+00,  0.2345522820326764E-03,
  0.1390000000000000E+03,  0.3233333333333332E+02,  0.5000000000000000E+00,  0.2290443651251126E-03,
  0.1400000000000000E+03,  0.3299999999999999E+02,  0.5000000000000000E+00,  0.2235367215287169E-03,
  0.1410000000000000E+03,  0.3366666666666667E+02,  0.5000000000000000E+00,  0.2180293719558441E-03,
  0.1420000000000000E+03,  0.3433333333333332E+02,  0.5000000000000000E+00,  0.2125223354770086E-03,
  0.1430000000000000E+03,  0.3499999999999999E+02,  0.5000000000000000E+00,  0.2070156447946055E-03,
  0.1440000000000000E+03,  0.3566666666666667E+02,  0.5000000000000000E+00,  0.2015093240821898E-03,
  0.1450000000000000E+03,  0.3633333333333332E+02,  0.5000000000000000E+00,  0.1960034047709559E-03,
  0.1460000000000000E+03,  0.3699999999999999E+02,  0.5000000000000000E+00,  0.1904979214939041E-03,
  0.1470000000000000E+03,  0.3766666666666667E+02,  0.5000000000000000E+00,  0.1849929060933077E-03,
  0.1480000000000000E+03,  0.3833333333333332E+02,  0.5000000000000000E+00,  0.1794884168173314E-03,
  0.1490000000000000E+03,  0.3899999999999999E+02,  0.5000000000000000E+00,  0.1739844935966765E-03,
  0.1500000000000000E+03,  0.3966666666666667E+02,  0.5000000000000000E+00,  0.1684811960078935E-03,
  0.1510000000000000E+03,  0.4033333333333332E+02,  0.5000000000000000E+00,  0.1629785833116712E-03,
  0.1520000000000000E+03,  0.4099999999999999E+02,  0.5000000000000000E+00,  0.1574767258352943E-03,
  0.1530000000000000E+03,  0.4166666666666667E+02,  0.5000000000000000E+00,  0.1519757151241411E-03,
  0.1540000000000000E+03,  0.4233333333333332E+02,  0.5000000000000000E+00,  0.1464756404099152E-03,
  0.1550000000000000E+03,  0.4299999999999999E+02,  0.5000000000000000E+00,  0.1409766078479805E-03,
  0.1560000000000000E+03,  0.4366666666666667E+02,  0.5000000000000000E+00,  0.1354787516763990E-03,
  0.1570000000000000E+03,  0.4433333333333332E+02,  0.5000000000000000E+00,  0.1299822156438573E-03,
  0.1580000000000000E+03,  0.4499999999999999E+02,  0.5000000000000000E+00,  0.1244871729797930E-03,
  0.1590000000000000E+03,  0.4566666666666667E+02,  0.5000000000000000E+00,  0.1189938356767398E-03,
  0.1600000000000000E+03,  0.4633333333333332E+02,  0.5000000000000000E+00,  0.1135024506365051E-03,
  0.1610000000000000E+03,  0.4699999999999999E+02,  0.5000000000000000E+00,  0.1080133067376889E-03,
  0.1620000000000000E+03,  0.4766666666666667E+02,  0.5000000000000000E+00,  0.1025267664824438E-03,
  0.1630000000000000E+03,  0.4833333333333332E+02,  0.5000000000000000E+00,  0.9704328222515241E-04,
  0.1640000000000000E+03,  0.4899999999999999E+02,  0.5000000000000000E+00,  0.9156341812177800E-04,
  0.1650000000000000E+03,  0.4966666666666667E+02,  0.5000000000000000E+00,  0.8608791182907208E-04,
  0.1660000000000000E+03,  0.5033333333333332E+02,  0.5000000000000000E+00,  0.8061774880427025E-04,
  0.1670000000000000E+03,  0.5099999999999999E+02,  0.5000000000000000E+00,  0.7515425434793799E-04,
  0.1680000000000000E+03,  0.5166666666666667E+02,  0.5000000000000000E+00,  0.6969922011876002E-04,
  0.1690000000000000E+03,  0.5233333333333332E+02,  0.5000000000000000E+00,  0.6425499303578563E-04,
  0.1700000000000000E+03,  0.5299999999999999E+02,  0.5000000000000000E+00,  0.5882441296018730E-04,
  0.1710000000000000E+03,  0.5366666666666667E+02,  0.5000000000000000E+00,  0.5341051973128736E-04,
  0.1720000000000000E+03,  0.5433333333333332E+02,  0.5000000000000000E+00,  0.4801593456982471E-04,
  0.1730000000000000E+03,  0.5499999999999999E+02,  0.5000000000000000E+00,  0.4264270144302507E-04,
  0.1740000000000000E+03,  0.5566666666666667E+02,  0.5000000000000000E+00,  0.3729515640289069E-04,
  0.1750000000000000E+03,  0.5633333333333332E+02,  0.5000000000000000E+00,  0.3199133917321374E-04,
  0.1760000000000000E+03,  0.5699999999999999E+02,  0.5000000000000000E+00,  0.2678189990702629E-04,
  0.1770000000000000E+03,  0.5766666666666667E+02,  0.5000000000000000E+00,  0.2173686399948796E-04,
  0.1780000000000000E+03,  0.5833333333333332E+02,  0.5000000000000000E+00,  0.1674221491546344E-04,
  0.1790000000000000E+03,  0.5899999999999999E+02,  0.5000000000000000E+00,  0.1104710355259890E-04,
  0.1800000000000000E+03,  0.5966666666666667E+02,  0.5000000000000000E+00,  0.4225896926239610E-05,
  0.1810000000000000E+03,  0.3333333333333333E+00,  0.8333333333333333E+00,  0.2460096558640725E-03,
  0.1820000000000000E+03,  0.9999999999999998E+00,  0.8333333333333333E+00,  0.2524792985253523E-03,
  0.1830000000000000E+03,  0.1666666666666667E+01,  0.8333333333333333E+00,  0.2350568270266361E-03,
  0.1840000000000000E+03,  0.2333333333333333E+01,  0.8333333333333333E+00,  0.2202395720588710E-03,
  0.1850000000000000E+03,  0.3000000000000000E+01,  0.8333333333333333E+00,  0.2133548198903769E-03,
  0.1860000000000000E+03,  0.3666666666666666E+01,  0.8333333333333333E+00,  0.2091657634878220E-03,
  0.1870000000000000E+03,  0.4333333333333334E+01,  0.8333333333333333E+00,  0.2060483940709732E-03,
  0.1880000000000000E+03,  0.5000000000000000E+01,  0.8333333333333333E+00,  0.2032929999700377E-03,
  0.1890000000000000E+03,  0.5666666666666668E+01,  0.8333333333333333E+00,  0.2006766867666666E-03,
  0.1900000000000000E+03,  0.6333333333333334E+01,  0.8333333333333333E+00,  0.1981395813877342E-03,
  0.1910000000000000E+03,  0.7000000000000001E+01,  0.8333333333333333E+00,  0.1956512561839365E-03,
  0.1920000000000000E+03,  0.7666666666666668E+01,  0.8333333333333333E+00,  0.1931893045262526E-03,
  0.1930000000000000E+03,  0.8333333333333334E+01,  0.8333333333333333E+00,  0.1907389955408977E-03,
  0.1940000000000000E+03,  0.9000000000000000E+01,  0.8333333333333333E+00,  0.1882925509369246E-03,
  0.1950000000000000E+03,  0.9666666666666668E+01,  0.8333333333333333E+00,  0.1858466728487591E-03,
  0.1960000000000000E+03,  0.1033333333333334E+02,  0.8333333333333333E+00,  0.1834003790534578E-03,
  0.1970000000000000E+03,  0.1100000000000000E+02,  0.8333333333333333E+00,  0.1809536198466140E-03,
  0.1980000000000000E+03,  0.1166666666666666E+02,  0.8333333333333333E+00,  0.1785065881549456E-03,
  0.1990000000000000E+03,  0.1233333333333334E+02,  0.8333333333333333E+00,  0.1760595093695664E-03,
  0.2000000000000000E+03,  0.1300000000000000E+02,  0.8333333333333333E+00,  0.1736125242040932E-03,
  0.2010000000000000E+03,  0.1366666666666666E+02,  0.8333333333333333E+00,  0.1711657039278469E-03,
  0.2020000000000000E+03,  0.1433333333333334E+02,  0.8333333333333333E+00,  0.1687190949765450E-03,
  0.2030000000000000E+03,  0.1500000000000000E+02,  0.8333333333333333E+00,  0.1662727346493488E-03,
  0.2040000000000000E+03,  0.1566666666666666E+02,  0.8333333333333333E+00,  0.1638266196637637E-03,
  0.2050000000000000E+03,  0.1633333333333334E+02,  0.8333333333333333E+00,  0.1613807728387432E-03,
  0.2060000000000000E+03,  0.1700000000000000E+02,  0.8333333333333333E+00,  0.1589352065434433E-03,
  0.2070000000000000E+03,  0.1766666666666666E+02,  0.8333333333333333E+00,  0.1564899205456094E-03,
  0.2080000000000000E+03,  0.1833333333333334E+02,  0.8333333333333333E+00,  0.1540449432607695E-03,
  0.2090000000000000E+03,  0.1900000000000000E+02,  0.8333333333333333E+00,  0.1516002806753504E-03,
  0.2100000000000000E+03,  0.1966666666666666E+02,  0.8333333333333333E+00,  0.1491559503094782E-03,
  0.2110000000000000E+03,  0.2033333333333334E+02,  0.8333333333333333E+00,  0.1467119606330885E-03,
  0.2120000000000000E+03,  0.2100000000000000E+02,  0.8333333333333333E+00,  0.1442683441176361E-03,
  0.2130000000000000E+03,  0.2166666666666666E+02,  0.8333333333333333E+00,  0.1418251089356198E-03,
  0.2140000000000000E+03,  0.2233333333333334E+02,  0.8333333333333333E+00,  0.1393822807289457E-03,
  0.2150000000000000E+03,  0.2300000000000000E+02,  0.8333333333333333E+00,  0.1369398793713486E-03,
  0.2160000000000000E+03,  0.2366666666666666E+02,  0.8333333333333333E+00,  0.1344979274683978E-03,
  0.2170000000000000E+03,  0.2433333333333334E+02,  0.8333333333333333E+00,  0.1320564428828828E-03,
  0.2180000000000000E+03,  0.2500000000000000E+02,  0.8333333333333333E+00,  0.1296154681453192E-03,
  0.2190000000000000E+03,  0.2566666666666666E+02,  0.8333333333333333E+00,  0.1271750229740712E-03,
  0.2200000000000000E+03,  0.2633333333333334E+02,  0.8333333333333333E+00,  0.1247351387716962E-03,
  0.2210000000000000E+03,  0.2700000000000000E+02,  0.8333333333333333E+00,  0.1222958415946041E-03,
  0.2220000000000000E+03,  0.2766666666666666E+02,  0.8333333333333333E+00,  0.1198571838224188E-03,
  0.2230000000000000E+03,  0.2833333333333334E+02,  0.8333333333333333E+00,  0.1174191963128836E-03,
  0.2240000000000000E+03,  0.2900000000000000E+02,  0.8333333333333333E+00,  0.1149819229833035E-03,
  0.2250000000000000E+03,  0.2966666666666666E+02,  0.8333333333333333E+00,  0.1125454020495033E-03,
  0.2260000000000000E+03,  0.3033333333333334E+02,  0.8333333333333333E+00,  0.1101096974796692E-03,
  0.2270000000000000E+03,  0.3100000000000000E+02,  0.8333333333333333E+00,  0.1076748581279333E-03,
  0.2280000000000000E+03,  0.3166666666666666E+02,  0.8333333333333333E+00,  0.1052409434255065E-03,
  0.2290000000000000E+03,  0.3233333333333332E+02,  0.8333333333333333E+00,  0.1028080129209488E-03,
  0.2300000000000000E+03,  0.3299999999999999E+02,  0.8333333333333333E+00,  0.1003761524254190E-03,
  0.2310000000000000E+03,  0.3366666666666667E+02,  0.8333333333333333E+00,  0.9794543343963470E-04,
  0.2320000000000000E+03,  0.3433333333333332E+02,  0.8333333333333333E+00,  0.9551594404706219E-04,
  0.2330000000000000E+03,  0.3499999999999999E+02,  0.8333333333333333E+00,  0.9308777284011092E-04,
  0.2340000000000000E+03,  0.3566666666666667E+02,  0.8333333333333333E+00,  0.9066104049703986E-04,
  0.2350000000000000E+03,  0.3633333333333332E+02,  0.8333333333333333E+00,  0.8823585813800560E-04,
  0.2360000000000000E+03,  0.3699999999999999E+02,  0.8333333333333333E+00,  0.8581235745191824E-04,
  0.2370000000000000E+03,  0.3766666666666667E+02,  0.8333333333333333E+00,  0.8339067717234398E-04,
  0.2380000000000000E+03,  0.3833333333333332E+02,  0.8333333333333333E+00,  0.8097099643596746E-04,
  0.2390000000000000E+03,  0.3899999999999999E+02,  0.8333333333333333E+00,  0.7855349223916205E-04,
  0.2400000000000000E+03,  0.3966666666666667E+02,  0.8333333333333333E+00,  0.7613837060089795E-04,
  0.2410000000000000E+03,  0.4033333333333332E+02,  0.8333333333333333E+00,  0.7372586034534673E-04,
  0.2420000000000000E+03,  0.4099999999999999E+02,  0.8333333333333333E+00,  0.7131624010570707E-04,
  0.2430000000000000E+03,  0.4166666666666667E+02,  0.8333333333333333E+00,  0.6890980517842964E-04,
  0.2440000000000000E+03,  0.4233333333333332E+02,  0.8333333333333333E+00,  0.6650689887465391E-04,
  0.2450000000000000E+03,  0.4299999999999999E+02,  0.8333333333333333E+00,  0.6410792421932047E-04,
  0.2460000000000000E+03,  0.4366666666666667E+02,  0.8333333333333333E+00,  0.6171333383991841E-04,
  0.2470000000000000E+03,  0.4433333333333332E+02,  0.8333333333333333E+00,  0.5932366335877683E-04,
  0.2480000000000000E+03,  0.4499999999999999E+02,  0.8333333333333333E+00,  0.5693953126734800E-04,
  0.2490000000000000E+03,  0.4566666666666667E+02,  0.8333333333333333E+00,  0.5456166138699723E-04,
  0.2500000000000000E+03,  0.4633333333333332E+02,  0.8333333333333333E+00,  0.5219091463814393E-04,
  0.2510000000000000E+03,  0.4699999999999999E+02,  0.8333333333333333E+00,  0.4982830361566522E-04,
  0.2520000000000000E+03,  0.4766666666666667E+02,  0.8333333333333333E+00,  0.4747504582947790E-04,
  0.2530000000000000E+03,  0.4833333333333332E+02,  0.8333333333333333E+00,  0.4513259906142251E-04,
  0.2540000000000000E+03,  0.4899999999999999E+02,  0.8333333333333333E+00,  0.4280272070498570E-04,
  0.2550000000000000E+03,  0.4966666666666667E+02,  0.8333333333333333E+00,  0.4048752999531342E-04,
  0.2560000000000000E+03,  0.5033333333333332E+02,  0.8333333333333333E+00,  0.3818959506700019E-04,
  0.2570000000000000E+03,  0.5099999999999999E+02,  0.8333333333333333E+00,  0.3591202575426744E-04,
  0.2580000000000000E+03,  0.5166666666666667E+02,  0.8333333333333333E+00,  0.3365865983364010E-04,
  0.2590000000000000E+03,  0.5233333333333332E+02,  0.8333333333333333E+00,  0.3143446845920751E-04,
  0.2600000000000000E+03,  0.5299999999999999E+02,  0.8333333333333333E+00,  0.2924663351393250E-04,
  0.2610000000000000E+03,  0.5366666666666667E+02,  0.8333333333333333E+00,  0.2710728770297490E-04,
  0.2620000000000000E+03,  0.5433333333333332E+02,  0.8333333333333333E+00,  0.2503998067035669E-04,
  0.2630000000000000E+03,  0.5499999999999999E+02,  0.8333333333333333E+00,  0.2309284087683208E-04,
  0.2640000000000000E+03,  0.5566666666666667E+02,  0.8333333333333333E+00,  0.2135906700003413E-04,
  0.2650000000000000E+03,  0.5633333333333332E+02,  0.8333333333333333E+00,  0.1998742511397742E-04,
  0.2660000000000000E+03,  0.5699999999999999E+02,  0.8333333333333333E+00,  0.1911328606583067E-04,
  0.2670000000000000E+03,  0.5766666666666667E+02,  0.8333333333333333E+00,  0.1855190595292040E-04,
  0.2680000000000000E+03,  0.5833333333333332E+02,  0.8333333333333333E+00,  0.1726094258454261E-04,
  0.2690000000000000E+03,  0.5899999999999999E+02,  0.8333333333333333E+00,  0.1362717920195801E-04,
  0.2700000000000000E+03,  0.5966666666666667E+02,  0.8333333333333333E+00,  0.7085452811804956E-05,
  0.2710000000000000E+03,  0.3333333333333333E+00,  0.1166666666666667E+01,  0.1722083678337837E-03,
  0.2720000000000000E+03,  0.9999999999999998E+00,  0.1166666666666667E+01,  0.5809780380561646E-04,
  0.2730000000000000E+03,  0.1666666666666667E+01,  0.1166666666666667E+01,  0.5556909720944929E-04,
  0.2740000000000000E+03,  0.2333333333333333E+01,  0.1166666666666667E+01,  0.6750824382657187E-04,
  0.2750000000000000E+03,  0.3000000000000000E+01,  0.1166666666666667E+01,  0.6649142897367459E-04,
  0.2760000000000000E+03,  0.3666666666666666E+01,  0.1166666666666667E+01,  0.6082346285211157E-04,
  0.2770000000000000E+03,  0.4333333333333334E+01,  0.1166666666666667E+01,  0.5608701107713608E-04,
  0.2780000000000000E+03,  0.5000000000000000E+01,  0.1166666666666667E+01,  0.5324303812021832E-04,
  0.2790000000000000E+03,  0.5666666666666668E+01,  0.1166666666666667E+01,  0.5168166970765620E-04,
  0.2800000000000000E+03,  0.6333333333333334E+01,  0.1166666666666667E+01,  0.5076202673946030E-04,
  0.2810000000000000E+03,  0.7000000000000001E+01,  0.1166666666666667E+01,  0.5010784503791500E-04,
  0.2820000000000000E+03,  0.7666666666666668E+01,  0.1166666666666667E+01,  0.4954204809679304E-04,
  0.2830000000000000E+03,  0.8333333333333334E+01,  0.1166666666666667E+01,  0.4899389915684229E-04,
  0.2840000000000000E+03,  0.9000000000000000E+01,  0.1166666666666667E+01,  0.4844102706818198E-04,
  0.2850000000000000E+03,  0.9666666666666668E+01,  0.1166666666666667E+01,  0.4787988894853577E-04,
  0.2860000000000000E+03,  0.1033333333333334E+02,  0.1166666666666667E+01,  0.4731259687552489E-04,
  0.2870000000000000E+03,  0.1100000000000000E+02,  0.1166666666666667E+01,  0.4674194603942333E-04,
  0.2880000000000000E+03,  0.1166666666666666E+02,  0.1166666666666667E+01,  0.4616997434839106E-04,
  0.2890000000000000E+03,  0.1233333333333334E+02,  0.1166666666666667E+01,  0.4559789019163702E-04,
  0.2900000000000000E+03,  0.1300000000000000E+02,  0.1166666666666667E+01,  0.4502631159196254E-04,
  0.2910000000000000E+03,  0.1366666666666666E+02,  0.1166666666666667E+01,  0.4445551571092234E-04,
  0.2920000000000000E+03,  0.1433333333333334E+02,  0.1166666666666667E+01,  0.4388562674756394E-04,
  0.2930000000000000E+03,  0.1500000000000000E+02,  0.1166666666666667E+01,  0.4331668648522162E-04,
  0.2940000000000000E+03,  0.1566666666666666E+02,  0.1166666666666667E+01,  0.4274873582681051E-04,
  0.2950000000000000E+03,  0.1633333333333334E+02,  0.1166666666666667E+01,  0.4218180258027160E-04,
  0.2960000000000000E+03,  0.1700000000000000E+02,  0.1166666666666667E+01,  0.4161591317188007E-04,
  0.2970000000000000E+03,  0.1766666666666666E+02,  0.1166666666666667E+01,  0.4105112441987669E-04,
  0.2980000000000000E+03,  0.1833333333333334E+02,  0.1166666666666667E+01,  0.4048745715678138E-04,
  0.2990000000000000E+03,  0.1900000000000000E+02,  0.1166666666666667E+01,  0.3992497029428096E-04,
  0.3000000000000000E+03,  0.1966666666666666E+02,  0.1166666666666667E+01,  0.3936371854433946E-04,
  0.3010000000000000E+03,  0.2033333333333334E+02,  0.1166666666666667E+01,  0.3880374009853525E-04,
  0.3020000000000000E+03,  0.2100000000000000E+02,  0.1166666666666667E+01,  0.3824510303860859E-04,
  0.3030000000000000E+03,  0.2166666666666666E+02,  0.1166666666666667E+01,  0.3768787080291909E-04,
  0.3040000000000000E+03,  0.2233333333333334E+02,  0.1166666666666667E+01,  0.3713209415142670E-04,
  0.3050000000000000E+03,  0.2300000000000000E+02,  0.1166666666666667E+01,  0.3657783934504008E-04,
  0.3060000000000000E+03,  0.2366666666666666E+02,  0.1166666666666667E+01,  0.3602519522624951E-04,
  0.3070000000000000E+03,  0.2433333333333334E+02,  0.1166666666666667E+01,  0.3547421409529548E-04,
  0.3080000000000000E+03,  0.2500000000000000E+02,  0.1166666666666667E+01,  0.3492498593420939E-04,
  0.3090000000000000E+03,  0.2566666666666666E+02,  0.1166666666666667E+01,  0.3437760137710378E-04,
  0.3100000000000000E+03,  0.2633333333333334E+02,  0.1166666666666667E+01,  0.3383213370579702E-04,
  0.3110000000000000E+03,  0.2700000000000000E+02,  0.1166666666666667E+01,  0.3328869210013328E-04,
  0.3120000000000000E+03,  0.2766666666666666E+02,  0.1166666666666667E+01,  0.3274736639168951E-04,
  0.3130000000000000E+03,  0.2833333333333334E+02,  0.1166666666666667E+01,  0.3220826909775783E-04,
  0.3140000000000000E+03,  0.2900000000000000E+02,  0.1166666666666667E+01,  0.3167151078731992E-04,
  0.3150000000000000E+03,  0.2966666666666666E+02,  0.1166666666666667E+01,  0.3113721898299809E-04,
  0.3160000000000000E+03,  0.3033333333333334E+02,  0.1166666666666667E+01,  0.3060551259608612E-04,
  0.3170000000000000E+03,  0.3100000000000000E+02,  0.1166666666666667E+01,  0.3007653937444143E-04,
  0.3180000000000000E+03,  0.3166666666666666E+02,  0.1166666666666667E+01,  0.2955043944036261E-04,
  0.3190000000000000E+03,  0.3233333333333332E+02,  0.1166666666666667E+01,  0.2902736993112669E-04,
  0.3200000000000000E+03,  0.3299999999999999E+02,  0.1166666666666667E+01,  0.2850750008640816E-04,
  0.3210000000000000E+03,  0.3366666666666667E+02,  0.1166666666666667E+01,  0.2799100642068825E-04,
  0.3220000000000000E+03,  0.3433333333333332E+02,  0.1166666666666667E+01,  0.2747807471818298E-04,
  0.3230000000000000E+03,  0.3499999999999999E+02,  0.1166666666666667E+01,  0.2696891860590620E-04,
  0.3240000000000000E+03,  0.3566666666666667E+02,  0.1166666666666667E+01,  0.2646374870293551E-04,
  0.3250000000000000E+03,  0.3633333333333332E+02,  0.1166666666666667E+01,  0.2596279871005983E-04,
  0.3260000000000000E+03,  0.3699999999999999E+02,  0.1166666666666667E+01,  0.2546631895370772E-04,
  0.3270000000000000E+03,  0.3766666666666667E+02,  0.1166666666666667E+01,  0.2497457682380905E-04,
  0.3280000000000000E+03,  0.3833333333333332E+02,  0.1166666666666667E+01,  0.2448785176495917E-04,
  0.3290000000000000E+03,  0.3899999999999999E+02,  0.1166666666666667E+01,  0.2400645751944286E-04,
  0.3300000000000000E+03,  0.3966666666666667E+02,  0.1166666666666667E+01,  0.2353071563876256E-04,
  0.3310000000000000E+03,  0.4033333333333332E+02,  0.1166666666666667E+01,  0.2306097658897355E-04,
  0.3320000000000000E+03,  0.4099999999999999E+02,  0.1166666666666667E+01,  0.2259761763457693E-04,
  0.3330000000000000E+03,  0.4166666666666667E+02,  0.1166666666666667E+01,  0.2214103814900549E-04,
  0.3340000000000000E+03,  0.4233333333333332E+02,  0.1166666666666667E+01,  0.2169166211015245E-04,
  0.3350000000000000E+03,  0.4299999999999999E+02,  0.1166666666666667E+01,  0.2124995278254137E-04,
  0.3360000000000000E+03,  0.4366666666666667E+02,  0.1166666666666667E+01,  0.2081639273156644E-04,
  0.3370000000000000E+03,  0.4433333333333332E+02,  0.1166666666666667E+01,  0.2039150783569592E-04,
  0.3380000000000000E+03,  0.4499999999999999E+02,  0.1166666666666667E+01,  0.1997584730090349E-04,
  0.3390000000000000E+03,  0.4566666666666667E+02,  0.1166666666666667E+01,  0.1957000143954932E-04,
  0.3400000000000000E+03,  0.4633333333333332E+02,  0.1166666666666667E+01,  0.1917459425245908E-04,
  0.3410000000000000E+03,  0.4699999999999999E+02,  0.1166666666666667E+01,  0.1879028310092389E-04,
  0.3420000000000000E+03,  0.4766666666666667E+02,  0.1166666666666667E+01,  0.1841775269012833E-04,
  0.3430000000000000E+03,  0.4833333333333332E+02,  0.1166666666666667E+01,  0.1805771372115716E-04,
  0.3440000000000000E+03,  0.4899999999999999E+02,  0.1166666666666667E+01,  0.1771087320957367E-04,
  0.3450000000000000E+03,  0.4966666666666667E+02,  0.1166666666666667E+01,  0.1737791465222057E-04,
  0.3460000000000000E+03,  0.5033333333333332E+02,  0.1166666666666667E+01,  0.1705946101084006E-04,
  0.3470000000000000E+03,  0.5099999999999999E+02,  0.1166666666666667E+01,  0.1675606933068545E-04,
  0.3480000000000000E+03,  0.5166666666666667E+02,  0.1166666666666667E+01,  0.1646835418901562E-04,
  0.3490000000000000E+03,  0.5233333333333332E+02,  0.1166666666666667E+01,  0.1619746766762426E-04,
  0.3500000000000000E+03,  0.5299999999999999E+02,  0.1166666666666667E+01,  0.1594641688581417E-04,
  0.3510000000000000E+03,  0.5366666666666667E+02,  0.1166666666666667E+01,  0.1572301760845398E-04,
  0.3520000000000000E+03,  0.5433333333333332E+02,  0.1166666666666667E+01,  0.1554552240151621E-04,
  0.3530000000000000E+03,  0.5499999999999999E+02,  0.1166666666666667E+01,  0.1545149379396702E-04,
  0.3540000000000000E+03,  0.5566666666666667E+02,  0.1166666666666667E+01,  0.1550805421623761E-04,
  0.3550000000000000E+03,  0.5633333333333332E+02,  0.1166666666666667E+01,  0.1581423273700191E-04,
  0.3560000000000000E+03,  0.5699999999999999E+02,  0.1166666666666667E+01,  0.1645465782299215E-04,
  0.3570000000000000E+03,  0.5766666666666667E+02,  0.1166666666666667E+01,  0.1730917379057597E-04,
  0.3580000000000000E+03,  0.5833333333333332E+02,  0.1166666666666667E+01,  0.1750857120792602E-04,
  0.3590000000000000E+03,  0.5899999999999999E+02,  0.1166666666666667E+01,  0.1519784818714713E-04,
  0.3600000000000000E+03,  0.5966666666666667E+02,  0.1166666666666667E+01,  0.9865898112044832E-05,
  0.3610000000000000E+03,  0.3333333333333333E+00,  0.1500000000000000E+01,  0.3315748088573930E-03,
  0.3620000000000000E+03,  0.9999999999999998E+00,  0.1500000000000000E+01,  0.2997366392428857E-03,
  0.3630000000000000E+03,  0.1666666666666667E+01,  0.1500000000000000E+01,  0.3259082066296388E-03,
  0.3640000000000000E+03,  0.2333333333333333E+01,  0.1500000000000000E+01,  0.3321953731403000E-03,
  0.3650000000000000E+03,  0.3000000000000000E+01,  0.1500000000000000E+01,  0.3263697338035079E-03,
  0.3660000000000000E+03,  0.3666666666666666E+01,  0.1500000000000000E+01,  0.3175527453226130E-03,
  0.3670000000000000E+03,  0.4333333333333334E+01,  0.1500000000000000E+01,  0.3098190015531970E-03,
  0.3680000000000000E+03,  0.5000000000000000E+01,  0.1500000000000000E+01,  0.3038678084757272E-03,
  0.3690000000000000E+03,  0.5666666666666668E+01,  0.1500000000000000E+01,  0.2991630417808725E-03,
  0.3700000000000000E+03,  0.6333333333333334E+01,  0.1500000000000000E+01,  0.2951220809791403E-03,
  0.3710000000000000E+03,  0.7000000000000001E+01,  0.1500000000000000E+01,  0.2913707834284944E-03,
  0.3720000000000000E+03,  0.7666666666666668E+01,  0.1500000000000000E+01,  0.2877201445981102E-03,
  0.3730000000000000E+03,  0.8333333333333334E+01,  0.1500000000000000E+01,  0.2840909550763529E-03,
  0.3740000000000000E+03,  0.9000000000000000E+01,  0.1500000000000000E+01,  0.2804570901652324E-03,
  0.3750000000000000E+03,  0.9666666666666668E+01,  0.1500000000000000E+01,  0.2768138781433836E-03,
  0.3760000000000000E+03,  0.1033333333333334E+02,  0.1500000000000000E+01,  0.2731633377797863E-03,
  0.3770000000000000E+03,  0.1100000000000000E+02,  0.1500000000000000E+01,  0.2695084068133105E-03,
  0.3780000000000000E+03,  0.1166666666666666E+02,  0.1500000000000000E+01,  0.2658512921849877E-03,
  0.3790000000000000E+03,  0.1233333333333334E+02,  0.1500000000000000E+01,  0.2621932762094085E-03,
  0.3800000000000000E+03,  0.1300000000000000E+02,  0.1500000000000000E+01,  0.2585350256772786E-03,
  0.3810000000000000E+03,  0.1366666666666666E+02,  0.1500000000000000E+01,  0.2548768091288195E-03,
  0.3820000000000000E+03,  0.1433333333333334E+02,  0.1500000000000000E+01,  0.2512187505274172E-03,
  0.3830000000000000E+03,  0.1500000000000000E+02,  0.1500000000000000E+01,  0.2475608541412691E-03,
  0.3840000000000000E+03,  0.1566666666666666E+02,  0.1500000000000000E+01,  0.2439031252344707E-03,
  0.3850000000000000E+03,  0.1633333333333334E+02,  0.1500000000000000E+01,  0.2402455583160583E-03,
  0.3860000000000000E+03,  0.1700000000000000E+02,  0.1500000000000000E+01,  0.2365881681536202E-03,
  0.3870000000000000E+03,  0.1766666666666666E+02,  0.1500000000000000E+01,  0.2329309392954184E-03,
  0.3880000000000000E+03,  0.1833333333333334E+02,  0.1500000000000000E+01,  0.2292738957456211E-03,
  0.3890000000000000E+03,  0.1900000000000000E+02,  0.1500000000000000E+01,  0.2256170257095409E-03,
  0.3900000000000000E+03,  0.1966666666666666E+02,  0.1500000000000000E+01,  0.2219603541031871E-03,
  0.3910000000000000E+03,  0.2033333333333334E+02,  0.1500000000000000E+01,  0.2183038758201053E-03,
  0.3920000000000000E+03,  0.2100000000000000E+02,  0.1500000000000000E+01,  0.2146476162018357E-03,
  0.3930000000000000E+03,  0.2166666666666666E+02,  0.1500000000000000E+01,  0.2109915713299246E-03,
  0.3940000000000000E+03,  0.2233333333333334E+02,  0.1500000000000000E+01,  0.2073357674743132E-03,
  0.3950000000000000E+03,  0.2300000000000000E+02,  0.1500000000000000E+01,  0.2036802028950242E-03,
  0.3960000000000000E+03,  0.2366666666666666E+02,  0.1500000000000000E+01,  0.2000248982707682E-03,
  0.3970000000000000E+03,  0.2433333333333334E+02,  0.1500000000000000E+01,  0.1963698755840228E-03,
  0.3980000000000000E+03,  0.2500000000000000E+02,  0.1500000000000000E+01,  0.1927151355234279E-03,
  0.3990000000000000E+03,  0.2566666666666666E+02,  0.1500000000000000E+01,  0.1890607095273879E-03,
  0.4000000000000000E+03,  0.2633333333333334E+02,  0.1500000000000000E+01,  0.1854066014358268E-03,
  0.4010000000000000E+03,  0.2700000000000000E+02,  0.1500000000000000E+01,  0.1817528451568991E-03,
  0.4020000000000000E+03,  0.2766666666666666E+02,  0.1500000000000000E+01,  0.1780994476062953E-03,
  0.4030000000000000E+03,  0.2833333333333334E+02,  0.1500000000000000E+01,  0.1744464461778402E-03,
  0.4040000000000000E+03,  0.2900000000000000E+02,  0.1500000000000000E+01,  0.1707938514276258E-03,
  0.4050000000000000E+03,  0.2966666666666666E+02,  0.1500000000000000E+01,  0.1671417047638037E-03,
  0.4060000000000000E+03,  0.3033333333333334E+02,  0.1500000000000000E+01,  0.1634900249691096E-03,
  0.4070000000000000E+03,  0.3100000000000000E+02,  0.1500000000000000E+01,  0.1598388442919272E-03,
  0.4080000000000000E+03,  0.3166666666666666E+02,  0.1500000000000000E+01,  0.1561882052430168E-03,
  0.4090000000000000E+03,  0.3233333333333332E+02,  0.1500000000000000E+01,  0.1525381428229312E-03,
  0.4100000000000000E+03,  0.3299999999999999E+02,  0.1500000000000000E+01,  0.1488886958159706E-03,
  0.4110000000000000E+03,  0.3366666666666667E+02,  0.1500000000000000E+01,  0.1452399217593859E-03,
  0.4120000000000000E+03,  0.3433333333333332E+02,  0.1500000000000000E+01,  0.1415918574789224E-03,
  0.4130000000000000E+03,  0.3499999999999999E+02,  0.1500000000000000E+01,  0.1379445747936097E-03,
  0.4140000000000000E+03,  0.3566666666666667E+02,  0.1500000000000000E+01,  0.1342981218521417E-03,
  0.4150000000000000E+03,  0.3633333333333332E+02,  0.1500000000000000E+01,  0.1306525833759923E-03,
  0.4160000000000000E+03,  0.3699999999999999E+02,  0.1500000000000000E+01,  0.1270080230020888E-03,
  0.4170000000000000E+03,  0.3766666666666667E+02,  0.1500000000000000E+01,  0.1233645424585641E-03,
  0.4180000000000000E+03,  0.3833333333333332E+02,  0.1500000000000000E+01,  0.1197222253641528E-03,
  0.4190000000000000E+03,  0.3899999999999999E+02,  0.1500000000000000E+01,  0.1160811926860360E-03,
  0.4200000000000000E+03,  0.3966666666666667E+02,  0.1500000000000000E+01,  0.1124415653182259E-03,
  0.4210000000000000E+03,  0.4033333333333332E+02,  0.1500000000000000E+01,  0.1088034840116946E-03,
  0.4220000000000000E+03,  0.4099999999999999E+02,  0.1500000000000000E+01,  0.1051671096959231E-03,
  0.4230000000000000E+03,  0.4166666666666667E+02,  0.1500000000000000E+01,  0.1015326215733776E-03,
  0.4240000000000000E+03,  0.4233333333333332E+02,  0.1500000000000000E+01,  0.9790024125315933E-04,
  0.4250000000000000E+03,  0.4299999999999999E+02,  0.1500000000000000E+01,  0.9427019722799455E-04,
  0.4260000000000000E+03,  0.4366666666666667E+02,  0.1500000000000000E+01,  0.9064278648859648E-04,
  0.4270000000000000E+03,  0.4433333333333332E+02,  0.1500000000000000E+01,  0.8701831976308541E-04,
  0.4280000000000000E+03,  0.4499999999999999E+02,  0.1500000000000000E+01,  0.8339719459367338E-04,
  0.4290000000000000E+03,  0.4566666666666667E+02,  0.1500000000000000E+01,  0.7977985842553807E-04,
  0.4300000000000000E+03,  0.4633333333333332E+02,  0.1500000000000000E+01,  0.7616685353427809E-04,
  0.4310000000000000E+03,  0.4699999999999999E+02,  0.1500000000000000E+01,  0.7255882319895821E-04,
  0.4320000000000000E+03,  0.4766666666666667E+02,  0.1500000000000000E+01,  0.6895655340779383E-04,
  0.4330000000000000E+03,  0.4833333333333332E+02,  0.1500000000000000E+01,  0.6536099966309857E-04,
  0.4340000000000000E+03,  0.4899999999999999E+02,  0.1500000000000000E+01,  0.6177336827928643E-04,
  0.4350000000000000E+03,  0.4966666666666667E+02,  0.1500000000000000E+01,  0.5819518299631651E-04,
  0.4360000000000000E+03,  0.5033333333333332E+02,  0.1500000000000000E+01,  0.5462842231882669E-04,
  0.4370000000000000E+03,  0.5099999999999999E+02,  0.1500000000000000E+01,  0.5107569036077557E-04,
  0.4380000000000000E+03,  0.5166666666666667E+02,  0.1500000000000000E+01,  0.4754040457758186E-04,
  0.4390000000000000E+03,  0.5233333333333332E+02,  0.1500000000000000E+01,  0.4402697594034963E-04,
  0.4400000000000000E+03,  0.5299999999999999E+02,  0.1500000000000000E+01,  0.4054082486777883E-04,
  0.4410000000000000E+03,  0.5366666666666667E+02,  0.1500000000000000E+01,  0.3708797395944024E-04,
  0.4420000000000000E+03,  0.5433333333333332E+02,  0.1500000000000000E+01,  0.3367408467264263E-04,
  0.4430000000000000E+03,  0.5499999999999999E+02,  0.1500000000000000E+01,  0.3030383427863472E-04,
  0.4440000000000000E+03,  0.5566666666666667E+02,  0.1500000000000000E+01,  0.2698598439553412E-04,
  0.4450000000000000E+03,  0.5633333333333332E+02,  0.1500000000000000E+01,  0.2376125524359919E-04,
  0.4460000000000000E+03,  0.5699999999999999E+02,  0.1500000000000000E+01,  0.2078551930552219E-04,
  0.4470000000000000E+03,  0.5766666666666667E+02,  0.1500000000000000E+01,  0.1842503571145048E-04,
  0.4480000000000000E+03,  0.5833333333333332E+02,  0.1500000000000000E+01,  0.1710709765188974E-04,
  0.4490000000000000E+03,  0.5899999999999999E+02,  0.1500000000000000E+01,  0.1560042095307636E-04,
  0.4500000000000000E+03,  0.5966666666666667E+02,  0.1500000000000000E+01,  0.1230922663553070E-04,
  0.4510000000000000E+03,  0.3333333333333333E+00,  0.1833333333333333E+01,  0.5411307941770604E-03,
  0.4520000000000000E+03,  0.9999999999999998E+00,  0.1833333333333333E+01,  0.5882901882965273E-03,
  0.4530000000000000E+03,  0.1666666666666667E+01,  0.1833333333333333E+01,  0.6048803557423654E-03,
  0.4540000000000000E+03,  0.2333333333333333E+01,  0.1833333333333333E+01,  0.5997993574276733E-03,
  0.4550000000000000E+03,  0.3000000000000000E+01,  0.1833333333333333E+01,  0.5889434028498470E-03,
  0.4560000000000000E+03,  0.3666666666666666E+01,  0.1833333333333333E+01,  0.5767225934382577E-03,
  0.4570000000000000E+03,  0.4333333333333334E+01,  0.1833333333333333E+01,  0.5657413770115812E-03,
  0.4580000000000000E+03,  0.5000000000000000E+01,  0.1833333333333333E+01,  0.5564643064605279E-03,
  0.4590000000000000E+03,  0.5666666666666668E+01,  0.1833333333333333E+01,  0.5484767081361150E-03,
  0.4600000000000000E+03,  0.6333333333333334E+01,  0.1833333333333333E+01,  0.5412358684833907E-03,
  0.4610000000000000E+03,  0.7000000000000001E+01,  0.1833333333333333E+01,  0.5343536029230345E-03,
  0.4620000000000000E+03,  0.7666666666666668E+01,  0.1833333333333333E+01,  0.5276131565150516E-03,
  0.4630000000000000E+03,  0.8333333333333334E+01,  0.1833333333333333E+01,  0.5209140655465210E-03,
  0.4640000000000000E+03,  0.9000000000000000E+01,  0.1833333333333333E+01,  0.5142180397932121E-03,
  0.4650000000000000E+03,  0.9666666666666668E+01,  0.1833333333333333E+01,  0.5075147289173493E-03,
  0.4660000000000000E+03,  0.1033333333333334E+02,  0.1833333333333333E+01,  0.5008040116672044E-03,
  0.4670000000000000E+03,  0.1100000000000000E+02,  0.1833333333333333E+01,  0.4940883348253950E-03,
  0.4680000000000000E+03,  0.1166666666666666E+02,  0.1833333333333333E+01,  0.4873698663192600E-03,
  0.4690000000000000E+03,  0.1233333333333334E+02,  0.1833333333333333E+01,  0.4806501254034261E-03,
  0.4700000000000000E+03,  0.1300000000000000E+02,  0.1833333333333333E+01,  0.4739298563505946E-03,
  0.4710000000000000E+03,  0.1366666666666666E+02,  0.1833333333333333E+01,  0.4672094815070475E-03,
  0.4720000000000000E+03,  0.1433333333333334E+02,  0.1833333333333333E+01,  0.4604890986676951E-03,
  0.4730000000000000E+03,  0.1500000000000000E+02,  0.1833333333333333E+01,  0.4537687733706546E-03,
  0.4740000000000000E+03,  0.1566666666666666E+02,  0.1833333333333333E+01,  0.4470485064248624E-03,
  0.4750000000000000E+03,  0.1633333333333334E+02,  0.1833333333333333E+01,  0.4403282726500389E-03,
  0.4760000000000000E+03,  0.1700000000000000E+02,  0.1833333333333333E+01,  0.4336081099256099E-03,
  0.4770000000000000E+03,  0.1766666666666666E+02,  0.1833333333333333E+01,  0.4268879871776991E-03,
  0.4780000000000000E+03,  0.1833333333333334E+02,  0.1833333333333333E+01,  0.4201678931764881E-03,
  0.4790000000000000E+03,  0.1900000000000000E+02,  0.1833333333333333E+01,  0.4134478556670835E-03,
  0.4800000000000000E+03,  0.1966666666666666E+02,  0.1833333333333333E+01,  0.4067278476303864E-03,
  0.4810000000000000E+03,  0.2033333333333334E+02,  0.1833333333333333E+01,  0.4000079003829150E-03,
  0.4820000000000000E+03,  0.2100000000000000E+02,  0.1833333333333333E+01,  0.3932880017459479E-03,
  0.4830000000000000E+03,  0.2166666666666666E+02,  0.1833333333333333E+01,  0.3865681542545439E-03,
  0.4840000000000000E+03,  0.2233333333333334E+02,  0.1833333333333333E+01,  0.3798483460402772E-03,
  0.4850000000000000E+03,  0.2300000000000000E+02,  0.1833333333333333E+01,  0.3731285946299914E-03,
  0.4860000000000000E+03,  0.2366666666666666E+02,  0.1833333333333333E+01,  0.3664089249355564E-03,
  0.4870000000000000E+03,  0.2433333333333334E+02,  0.1833333333333333E+01,  0.3596893040156951E-03,
  0.4880000000000000E+03,  0.2500000000000000E+02,  0.1833333333333333E+01,  0.3529697426131573E-03,
  0.4890000000000000E+03,  0.2566666666666666E+02,  0.1833333333333333E+01,  0.3462502665138671E-03,
  0.4900000000000000E+03,  0.2633333333333334E+02,  0.1833333333333333E+01,  0.3395308653321208E-03,
  0.4910000000000000E+03,  0.2700000000000000E+02,  0.1833333333333333E+01,  0.3328115291367883E-03,
  0.4920000000000000E+03,  0.2766666666666666E+02,  0.1833333333333333E+01,  0.3260922846256771E-03,
  0.4930000000000000E+03,  0.2833333333333334E+02,  0.1833333333333333E+01,  0.3193731407629519E-03,
  0.4940000000000000E+03,  0.2900000000000000E+02,  0.1833333333333333E+01,  0.3126540778768556E-03,
  0.4950000000000000E+03,  0.2966666666666666E+02,  0.1833333333333333E+01,  0.3059351168083842E-03,
  0.4960000000000000E+03,  0.3033333333333334E+02,  0.1833333333333333E+01,  0.2992162717333864E-03,
  0.4970000000000000E+03,  0.3100000000000000E+02,  0.1833333333333333E+01,  0.2924975464177048E-03,
  0.4980000000000000E+03,  0.3166666666666666E+02,  0.1833333333333333E+01,  0.2857789345055716E-03,
  0.4990000000000000E+03,  0.3233333333333332E+02,  0.1833333333333333E+01,  0.2790604559792419E-03,
  0.5000000000000000E+03,  0.3299999999999999E+02,  0.1833333333333333E+01,  0.2723421388437575E-03,
  0.5010000000000000E+03,  0.3366666666666667E+02,  0.1833333333333333E+01,  0.2656239576022254E-03,
  0.5020000000000000E+03,  0.3433333333333332E+02,  0.1833333333333333E+01,  0.2589059424305343E-03,
  0.5030000000000000E+03,  0.3499999999999999E+02,  0.1833333333333333E+01,  0.2521881139242901E-03,
  0.5040000000000000E+03,  0.3566666666666667E+02,  0.1833333333333333E+01,  0.2454704793797707E-03,
  0.5050000000000000E+03,  0.3633333333333332E+02,  0.1833333333333333E+01,  0.2387530516975494E-03,
  0.5060000000000000E+03,  0.3699999999999999E+02,  0.1833333333333333E+01,  0.2320358563747063E-03,
  0.5070000000000000E+03,  0.3766666666666667E+02,  0.1833333333333333E+01,  0.2253189102314190E-03,
  0.5080000000000000E+03,  0.3833333333333332E+02,  0.1833333333333333E+01,  0.2186022326017990E-03,
  0.5090000000000000E+03,  0.3899999999999999E+02,  0.1833333333333333E+01,  0.2118858493673114E-03,
  0.5100000000000000E+03,  0.3966666666666667E+02,  0.1833333333333333E+01,  0.2051698080359412E-03,
  0.5110000000000000E+03,  0.4033333333333332E+02,  0.1833333333333333E+01,  0.1984541126308526E-03,
  0.5120000000000000E+03,  0.4099999999999999E+02,  0.1833333333333333E+01,  0.1917388192377769E-03,
  0.5130000000000000E+03,  0.4166666666666667E+02,  0.1833333333333333E+01,  0.1850239712676602E-03,
  0.5140000000000000E+03,  0.4233333333333332E+02,  0.1833333333333333E+01,  0.1783096113993818E-03,
  0.5150000000000000E+03,  0.4299999999999999E+02,  0.1833333333333333E+01,  0.1715958009527922E-03,
  0.5160000000000000E+03,  0.4366666666666667E+02,  0.1833333333333333E+01,  0.1648826125328575E-03,
  0.5170000000000000E+03,  0.4433333333333332E+02,  0.1833333333333333E+01,  0.1581701085243435E-03,
  0.5180000000000000E+03,  0.4499999999999999E+02,  0.1833333333333333E+01,  0.1514583993534859E-03,
  0.5190000000000000E+03,  0.4566666666666667E+02,  0.1833333333333333E+01,  0.1447475787120405E-03,
  0.5200000000000000E+03,  0.4633333333333332E+02,  0.1833333333333333E+01,  0.1380377837053980E-03,
  0.5210000000000000E+03,  0.4699999999999999E+02,  0.1833333333333333E+01,  0.1313291720867711E-03,
  0.5220000000000000E+03,  0.4766666666666667E+02,  0.1833333333333333E+01,  0.1246219367524676E-03,
  0.5230000000000000E+03,  0.4833333333333332E+02,  0.1833333333333333E+01,  0.1179163370497210E-03,
  0.5240000000000000E+03,  0.4899999999999999E+02,  0.1833333333333333E+01,  0.1112127237731367E-03,
  0.5250000000000000E+03,  0.4966666666666667E+02,  0.1833333333333333E+01,  0.1045115869185437E-03,
  0.5260000000000000E+03,  0.5033333333333332E+02,  0.1833333333333333E+01,  0.9781361941306100E-04,
  0.5270000000000000E+03,  0.5099999999999999E+02,  0.1833333333333333E+01,  0.9111979261454299E-04,
  0.5280000000000000E+03,  0.5166666666666667E+02,  0.1833333333333333E+01,  0.8443130505827927E-04,
  0.5290000000000000E+03,  0.5233333333333332E+02,  0.1833333333333333E+01,  0.7774928999533751E-04,
  0.5300000000000000E+03,  0.5299999999999999E+02,  0.1833333333333333E+01,  0.7107379963820311E-04,
  0.5310000000000000E+03,  0.5366666666666667E+02,  0.1833333333333333E+01,  0.6440139839071601E-04,
  0.5320000000000000E+03,  0.5433333333333332E+02,  0.1833333333333333E+01,  0.5772065016317576E-04,
  0.5330000000000000E+03,  0.5499999999999999E+02,  0.1833333333333333E+01,  0.5100579836083738E-04,
  0.5340000000000000E+03,  0.5566666666666667E+02,  0.1833333333333333E+01,  0.4421316745161551E-04,
  0.5350000000000000E+03,  0.5633333333333332E+02,  0.1833333333333333E+01,  0.3729454290720089E-04,
  0.5360000000000000E+03,  0.5699999999999999E+02,  0.1833333333333333E+01,  0.3025683487014561E-04,
  0.5370000000000000E+03,  0.5766666666666667E+02,  0.1833333333333333E+01,  0.2331034378182766E-04,
  0.5380000000000000E+03,  0.5833333333333332E+02,  0.1833333333333333E+01,  0.1719727458995050E-04,
  0.5390000000000000E+03,  0.5899999999999999E+02,  0.1833333333333333E+01,  0.1442553463221992E-04,
  0.5400000000000000E+03,  0.5966666666666667E+02,  0.1833333333333333E+01,  0.1370484769354751E-04,
  0.5410000000000000E+03,  0.3333333333333333E+00,  0.2166666666666667E+01,  0.9983367571824884E-03,
  0.5420000000000000E+03,  0.9999999999999998E+00,  0.2166666666666667E+01,  0.1153710880072533E-02,
  0.5430000000000000E+03,  0.1666666666666667E+01,  0.2166666666666667E+01,  0.1170419882777761E-02,
  0.5440000000000000E+03,  0.2333333333333333E+01,  0.2166666666666667E+01,  0.1156999773360724E-02,
  0.5450000000000000E+03,  0.3000000000000000E+01,  0.2166666666666667E+01,  0.1135382385300889E-02,
  0.5460000000000000E+03,  0.3666666666666666E+01,  0.2166666666666667E+01,  0.1113044475980753E-02,
  0.5470000000000000E+03,  0.4333333333333334E+01,  0.2166666666666667E+01,  0.1092956600421987E-02,
  0.5480000000000000E+03,  0.5000000000000000E+01,  0.2166666666666667E+01,  0.1075650725561535E-02,
  0.5490000000000000E+03,  0.5666666666666668E+01,  0.2166666666666667E+01,  0.1060458311580710E-02,
  0.5500000000000000E+03,  0.6333333333333334E+01,  0.2166666666666667E+01,  0.1046525086858993E-02,
  0.5510000000000000E+03,  0.7000000000000001E+01,  0.2166666666666667E+01,  0.1033217256399615E-02,
  0.5520000000000000E+03,  0.7666666666666668E+01,  0.2166666666666667E+01,  0.1020167856293867E-02,
  0.5530000000000000E+03,  0.8333333333333334E+01,  0.2166666666666667E+01,  0.1007199789593288E-02,
  0.5540000000000000E+03,  0.9000000000000000E+01,  0.2166666666666667E+01,  0.9942422334179332E-03,
  0.5550000000000000E+03,  0.9666666666666668E+01,  0.2166666666666667E+01,  0.9812742768267812E-03,
  0.5560000000000000E+03,  0.1033333333333334E+02,  0.2166666666666667E+01,  0.9682941168020445E-03,
  0.5570000000000000E+03,  0.1100000000000000E+02,  0.2166666666666667E+01,  0.9553052993143117E-03,
  0.5580000000000000E+03,  0.1166666666666666E+02,  0.2166666666666667E+01,  0.9423115617051046E-03,
  0.5590000000000000E+03,  0.1233333333333334E+02,  0.2166666666666667E+01,  0.9293154064031128E-03,
  0.5600000000000000E+03,  0.1300000000000000E+02,  0.2166666666666667E+01,  0.9163182878053159E-03,
  0.5610000000000000E+03,  0.1366666666666666E+02,  0.2166666666666667E+01,  0.9033208234411963E-03,
  0.5620000000000000E+03,  0.1433333333333334E+02,  0.2166666666666667E+01,  0.8903233071220466E-03,
  0.5630000000000000E+03,  0.1500000000000000E+02,  0.2166666666666667E+01,  0.8773258479165236E-03,
  0.5640000000000000E+03,  0.1566666666666666E+02,  0.2166666666666667E+01,  0.8643283922225347E-03,
  0.5650000000000000E+03,  0.1633333333333334E+02,  0.2166666666666667E+01,  0.8513309877922308E-03,
  0.5660000000000000E+03,  0.1700000000000000E+02,  0.2166666666666667E+01,  0.8383336132956355E-03,
  0.5670000000000000E+03,  0.1766666666666666E+02,  0.2166666666666667E+01,  0.8253362492046207E-03,
  0.5680000000000000E+03,  0.1833333333333334E+02,  0.2166666666666667E+01,  0.8123388860173200E-03,
  0.5690000000000000E+03,  0.1900000000000000E+02,  0.2166666666666667E+01,  0.7993415528815789E-03,
  0.5700000000000000E+03,  0.1966666666666666E+02,  0.2166666666666667E+01,  0.7863441625331097E-03,
  0.5710000000000000E+03,  0.2033333333333334E+02,  0.2166666666666667E+01,  0.7733468023333555E-03,
  0.5720000000000000E+03,  0.2100000000000000E+02,  0.2166666666666667E+01,  0.7603494432321420E-03,
  0.5730000000000000E+03,  0.2166666666666666E+02,  0.2166666666666667E+01,  0.7473520852867832E-03,
  0.5740000000000000E+03,  0.2233333333333334E+02,  0.2166666666666667E+01,  0.7343547285586520E-03,
  0.5750000000000000E+03,  0.2300000000000000E+02,  0.2166666666666667E+01,  0.7213573731135445E-03,
  0.5760000000000000E+03,  0.2366666666666666E+02,  0.2166666666666667E+01,  0.7083600190143723E-03,
  0.5770000000000000E+03,  0.2433333333333334E+02,  0.2166666666666667E+01,  0.6953626954560617E-03,
  0.5780000000000000E+03,  0.2500000000000000E+02,  0.2166666666666667E+01,  0.6823653152095131E-03,
  0.5790000000000000E+03,  0.2566666666666666E+02,  0.2166666666666667E+01,  0.6693679656499607E-03,
  0.5800000000000000E+03,  0.2633333333333334E+02,  0.2166666666666667E+01,  0.6563706177926881E-03,
  0.5810000000000000E+03,  0.2700000000000000E+02,  0.2166666666666667E+01,  0.6433732717408634E-03,
  0.5820000000000000E+03,  0.2766666666666666E+02,  0.2166666666666667E+01,  0.6303759275888298E-03,
  0.5830000000000000E+03,  0.2833333333333334E+02,  0.2166666666666667E+01,  0.6173785854654223E-03,
  0.5840000000000000E+03,  0.2900000000000000E+02,  0.2166666666666667E+01,  0.6043812309496634E-03,
  0.5850000000000000E+03,  0.2966666666666666E+02,  0.2166666666666667E+01,  0.5913839078395028E-03,
  0.5860000000000000E+03,  0.3033333333333334E+02,  0.2166666666666667E+01,  0.5783865871864069E-03,
  0.5870000000000000E+03,  0.3100000000000000E+02,  0.2166666666666667E+01,  0.5653892473320558E-03,
  0.5880000000000000E+03,  0.3166666666666666E+02,  0.2166666666666667E+01,  0.5523919102896288E-03,
  0.5890000000000000E+03,  0.3233333333333332E+02,  0.2166666666666667E+01,  0.5393945835383160E-03,
  0.5900000000000000E+03,  0.3299999999999999E+02,  0.2166666666666667E+01,  0.5263972600255386E-03,
  0.5910000000000000E+03,  0.3366666666666667E+02,  0.2166666666666667E+01,  0.5133999254454263E-03,
  0.5920000000000000E+03,  0.3433333333333332E+02,  0.2166666666666667E+01,  0.5004026091731647E-03,
  0.5930000000000000E+03,  0.3499999999999999E+02,  0.2166666666666667E+01,  0.4874052969573946E-03,
  0.5940000000000000E+03,  0.3566666666666667E+02,  0.2166666666666667E+01,  0.4744080182236419E-03,
  0.5950000000000000E+03,  0.3633333333333332E+02,  0.2166666666666667E+01,  0.4614107006183312E-03,
  0.5960000000000000E+03,  0.3699999999999999E+02,  0.2166666666666667E+01,  0.4484134027342663E-03,
  0.5970000000000000E+03,  0.3766666666666667E+02,  0.2166666666666667E+01,  0.4354161104700091E-03,
  0.5980000000000000E+03,  0.3833333333333332E+02,  0.2166666666666667E+01,  0.4224188243766353E-03,
  0.5990000000000000E+03,  0.3899999999999999E+02,  0.2166666666666667E+01,  0.4094215304833813E-03,
  0.6000000000000000E+03,  0.3966666666666667E+02,  0.2166666666666667E+01,  0.3964242730959301E-03,
  0.6010000000000000E+03,  0.4033333333333332E+02,  0.2166666666666667E+01,  0.3834270093116821E-03,
  0.6020000000000000E+03,  0.4099999999999999E+02,  0.2166666666666667E+01,  0.3704297472796942E-03,
  0.6030000000000000E+03,  0.4166666666666667E+02,  0.2166666666666667E+01,  0.3574324952607217E-03,
  0.6040000000000000E+03,  0.4233333333333332E+02,  0.2166666666666667E+01,  0.3444352762000223E-03,
  0.6050000000000000E+03,  0.4299999999999999E+02,  0.2166666666666667E+01,  0.3314380550359390E-03,
  0.6060000000000000E+03,  0.4366666666666667E+02,  0.2166666666666667E+01,  0.3184408332927627E-03,
  0.6070000000000000E+03,  0.4433333333333332E+02,  0.2166666666666667E+01,  0.3054436418486509E-03,
  0.6080000000000000E+03,  0.4499999999999999E+02,  0.2166666666666667E+01,  0.2924464612123451E-03,
  0.6090000000000000E+03,  0.4566666666666667E+02,  0.2166666666666667E+01,  0.2794492979875598E-03,
  0.6100000000000000E+03,  0.4633333333333332E+02,  0.2166666666666667E+01,  0.2664521542350526E-03,
  0.6110000000000000E+03,  0.4699999999999999E+02,  0.2166666666666667E+01,  0.2534550214945652E-03,
  0.6120000000000000E+03,  0.4766666666666667E+02,  0.2166666666666667E+01,  0.2404579414664403E-03,
  0.6130000000000000E+03,  0.4833333333333332E+02,  0.2166666666666667E+01,  0.2274609450955494E-03,
  0.6140000000000000E+03,  0.4899999999999999E+02,  0.2166666666666667E+01,  0.2144641495931295E-03,
  0.6150000000000000E+03,  0.4966666666666667E+02,  0.2166666666666667E+01,  0.2014678102114887E-03,
  0.6160000000000000E+03,  0.5033333333333332E+02,  0.2166666666666667E+01,  0.1884723481160603E-03,
  0.6170000000000000E+03,  0.5099999999999999E+02,  0.2166666666666667E+01,  0.1754783999068325E-03,
  0.6180000000000000E+03,  0.5166666666666667E+02,  0.2166666666666667E+01,  0.1624865741021559E-03,
  0.6190000000000000E+03,  0.5233333333333332E+02,  0.2166666666666667E+01,  0.1494966152184979E-03,
  0.6200000000000000E+03,  0.5299999999999999E+02,  0.2166666666666667E+01,  0.1365050833559180E-03,
  0.6210000000000000E+03,  0.5366666666666667E+02,  0.2166666666666667E+01,  0.1235004174941462E-03,
  0.6220000000000000E+03,  0.5433333333333332E+02,  0.2166666666666667E+01,  0.1104539394309489E-03,
  0.6230000000000000E+03,  0.5499999999999999E+02,  0.2166666666666667E+01,  0.9730742972179228E-04,
  0.6240000000000000E+03,  0.5566666666666667E+02,  0.2166666666666667E+01,  0.8396363828968384E-04,
  0.6250000000000000E+03,  0.5633333333333332E+02,  0.2166666666666667E+01,  0.7029809538393888E-04,
  0.6260000000000000E+03,  0.5699999999999999E+02,  0.2166666666666667E+01,  0.5622173478726842E-04,
  0.6270000000000000E+03,  0.5766666666666667E+02,  0.2166666666666667E+01,  0.4183460896473520E-04,
  0.6280000000000000E+03,  0.5833333333333332E+02,  0.2166666666666667E+01,  0.2775310500163621E-04,
  0.6290000000000000E+03,  0.5899999999999999E+02,  0.2166666666666667E+01,  0.1729961003018023E-04,
  0.6300000000000000E+03,  0.5966666666666667E+02,  0.2166666666666667E+01,  0.1590238003157328E-04,
  0.6310000000000000E+03,  0.3333333333333333E+00,  0.2500000000000000E+01,  0.6479435417776843E-03,
  0.6320000000000000E+03,  0.9999999999999998E+00,  0.2500000000000000E+01,  0.6967102248902530E-03,
  0.6330000000000000E+03,  0.1666666666666667E+01,  0.2500000000000000E+01,  0.7274179429984111E-03,
  0.6340000000000000E+03,  0.2333333333333333E+01,  0.2500000000000000E+01,  0.7307957893349652E-03,
  0.6350000000000000E+03,  0.3000000000000000E+01,  0.2500000000000000E+01,  0.7184542925940335E-03,
  0.6360000000000000E+03,  0.3666666666666666E+01,  0.2500000000000000E+01,  0.7027598257947372E-03,
  0.6370000000000000E+03,  0.4333333333333334E+01,  0.2500000000000000E+01,  0.6886138961388325E-03,
  0.6380000000000000E+03,  0.5000000000000000E+01,  0.2500000000000000E+01,  0.6768414402310387E-03,
  0.6390000000000000E+03,  0.5666666666666668E+01,  0.2500000000000000E+01,  0.6668428586162058E-03,
  0.6400000000000000E+03,  0.6333333333333334E+01,  0.2500000000000000E+01,  0.6578861352437612E-03,
  0.6410000000000000E+03,  0.7000000000000001E+01,  0.2500000000000000E+01,  0.6494469989979241E-03,
  0.6420000000000000E+03,  0.7666666666666668E+01,  0.2500000000000000E+01,  0.6412254911345440E-03,
  0.6430000000000000E+03,  0.8333333333333334E+01,  0.2500000000000000E+01,  0.6330758287208200E-03,
  0.6440000000000000E+03,  0.9000000000000000E+01,  0.2500000000000000E+01,  0.6249382815425186E-03,
  0.6450000000000000E+03,  0.9666666666666668E+01,  0.2500000000000000E+01,  0.6167940798240183E-03,
  0.6460000000000000E+03,  0.1033333333333334E+02,  0.2500000000000000E+01,  0.6086407323822283E-03,
  0.6470000000000000E+03,  0.1100000000000000E+02,  0.2500000000000000E+01,  0.6004806329329543E-03,
  0.6480000000000000E+03,  0.1166666666666666E+02,  0.2500000000000000E+01,  0.5923165471142745E-03,
  0.6490000000000000E+03,  0.1233333333333334E+02,  0.2500000000000000E+01,  0.5841505239880174E-03,
  0.6500000000000000E+03,  0.1300000000000000E+02,  0.2500000000000000E+01,  0.5759836913691884E-03,
  0.6510000000000000E+03,  0.1366666666666666E+02,  0.2500000000000000E+01,  0.5678165983987062E-03,
  0.6520000000000000E+03,  0.1433333333333334E+02,  0.2500000000000000E+01,  0.5596495220929350E-03,
  0.6530000000000000E+03,  0.1500000000000000E+02,  0.2500000000000000E+01,  0.5514824910458083E-03,
  0.6540000000000000E+03,  0.1566666666666666E+02,  0.2500000000000000E+01,  0.5433155524233810E-03,
  0.6550000000000000E+03,  0.1633333333333334E+02,  0.2500000000000000E+01,  0.5351486688670773E-03,
  0.6560000000000000E+03,  0.1700000000000000E+02,  0.2500000000000000E+01,  0.5269818845110998E-03,
  0.6570000000000000E+03,  0.1766666666666666E+02,  0.2500000000000000E+01,  0.5188151199035516E-03,
  0.6580000000000000E+03,  0.1833333333333334E+02,  0.2500000000000000E+01,  0.5106484448032702E-03,
  0.6590000000000000E+03,  0.1900000000000000E+02,  0.2500000000000000E+01,  0.5024818219693178E-03,
  0.6600000000000000E+03,  0.1966666666666666E+02,  0.2500000000000000E+01,  0.4943152616270754E-03,
  0.6610000000000000E+03,  0.2033333333333334E+02,  0.2500000000000000E+01,  0.4861487741999690E-03,
  0.6620000000000000E+03,  0.2100000000000000E+02,  0.2500000000000000E+01,  0.4779823266819789E-03,
  0.6630000000000000E+03,  0.2166666666666666E+02,  0.2500000000000000E+01,  0.4698159881382850E-03,
  0.6640000000000000E+03,  0.2233333333333334E+02,  0.2500000000000000E+01,  0.4616497115033437E-03,
  0.6650000000000000E+03,  0.2300000000000000E+02,  0.2500000000000000E+01,  0.4534835081819101E-03,
  0.6660000000000000E+03,  0.2366666666666666E+02,  0.2500000000000000E+01,  0.4453174043518561E-03,
  0.6670000000000000E+03,  0.2433333333333334E+02,  0.2500000000000000E+01,  0.4371513831875810E-03,
  0.6680000000000000E+03,  0.2500000000000000E+02,  0.2500000000000000E+01,  0.4289854568589840E-03,
  0.6690000000000000E+03,  0.2566666666666666E+02,  0.2500000000000000E+01,  0.4208196382419870E-03,
  0.6700000000000000E+03,  0.2633333333333334E+02,  0.2500000000000000E+01,  0.4126538968485614E-03,
  0.6710000000000000E+03,  0.2700000000000000E+02,  0.2500000000000000E+01,  0.4044883048333932E-03,
  0.6720000000000000E+03,  0.2766666666666666E+02,  0.2500000000000000E+01,  0.3963228325541773E-03,
  0.6730000000000000E+03,  0.2833333333333334E+02,  0.2500000000000000E+01,  0.3881574512904089E-03,
  0.6740000000000000E+03,  0.2900000000000000E+02,  0.2500000000000000E+01,  0.3799922347121876E-03,
  0.6750000000000000E+03,  0.2966666666666666E+02,  0.2500000000000000E+01,  0.3718271553865900E-03,
  0.6760000000000000E+03,  0.3033333333333334E+02,  0.2500000000000000E+01,  0.3636622266851949E-03,
  0.6770000000000000E+03,  0.3100000000000000E+02,  0.2500000000000000E+01,  0.3554974701460219E-03,
  0.6780000000000000E+03,  0.3166666666666666E+02,  0.2500000000000000E+01,  0.3473328901244080E-03,
  0.6790000000000000E+03,  0.3233333333333332E+02,  0.2500000000000000E+01,  0.3391684920957265E-03,
  0.6800000000000000E+03,  0.3299999999999999E+02,  0.2500000000000000E+01,  0.3310042973375169E-03,
  0.6810000000000000E+03,  0.3366666666666667E+02,  0.2500000000000000E+01,  0.3228403285428953E-03,
  0.6820000000000000E+03,  0.3433333333333332E+02,  0.2500000000000000E+01,  0.3146765954608484E-03,
  0.6830000000000000E+03,  0.3499999999999999E+02,  0.2500000000000000E+01,  0.3065131095980567E-03,
  0.6840000000000000E+03,  0.3566666666666667E+02,  0.2500000000000000E+01,  0.2983498991741239E-03,
  0.6850000000000000E+03,  0.3633333333333332E+02,  0.2500000000000000E+01,  0.2901869912469602E-03,
  0.6860000000000000E+03,  0.3699999999999999E+02,  0.2500000000000000E+01,  0.2820244150977027E-03,
  0.6870000000000000E+03,  0.3766666666666667E+02,  0.2500000000000000E+01,  0.2738621780564311E-03,
  0.6880000000000000E+03,  0.3833333333333332E+02,  0.2500000000000000E+01,  0.2657003345912904E-03,
  0.6890000000000000E+03,  0.3899999999999999E+02,  0.2500000000000000E+01,  0.2575389140264604E-03,
  0.6900000000000000E+03,  0.3966666666666667E+02,  0.2500000000000000E+01,  0.2493779652207168E-03,
  0.6910000000000000E+03,  0.4033333333333332E+02,  0.2500000000000000E+01,  0.2412175134402481E-03,
  0.6920000000000000E+03,  0.4099999999999999E+02,  0.2500000000000000E+01,  0.2330576415704566E-03,
  0.6930000000000000E+03,  0.4166666666666667E+02,  0.2500000000000000E+01,  0.2248983822305780E-03,
  0.6940000000000000E+03,  0.4233333333333332E+02,  0.2500000000000000E+01,  0.2167398350721116E-03,
  0.6950000000000000E+03,  0.4299999999999999E+02,  0.2500000000000000E+01,  0.2085820529731517E-03,
  0.6960000000000000E+03,  0.4366666666666667E+02,  0.2500000000000000E+01,  0.2004251529277815E-03,
  0.6970000000000000E+03,  0.4433333333333332E+02,  0.2500000000000000E+01,  0.1922692375063467E-03,
  0.6980000000000000E+03,  0.4499999999999999E+02,  0.2500000000000000E+01,  0.1841144374513477E-03,
  0.6990000000000000E+03,  0.4566666666666667E+02,  0.2500000000000000E+01,  0.1759609075058560E-03,
  0.7000000000000000E+03,  0.4633333333333332E+02,  0.2500000000000000E+01,  0.1678088282606317E-03,
  0.7010000000000000E+03,  0.4699999999999999E+02,  0.2500000000000000E+01,  0.1596584238763233E-03,
  0.7020000000000000E+03,  0.4766666666666667E+02,  0.2500000000000000E+01,  0.1515099861820603E-03,
  0.7030000000000000E+03,  0.4833333333333332E+02,  0.2500000000000000E+01,  0.1433638755699249E-03,
  0.7040000000000000E+03,  0.4899999999999999E+02,  0.2500000000000000E+01,  0.1352205965028904E-03,
  0.7050000000000000E+03,  0.4966666666666667E+02,  0.2500000000000000E+01,  0.1270808436675025E-03,
  0.7060000000000000E+03,  0.5033333333333332E+02,  0.2500000000000000E+01,  0.1189455825936410E-03,
  0.7070000000000000E+03,  0.5099999999999999E+02,  0.2500000000000000E+01,  0.1108160946150770E-03,
  0.7080000000000000E+03,  0.5166666666666667E+02,  0.2500000000000000E+01,  0.1026938429363892E-03,
  0.7090000000000000E+03,  0.5233333333333332E+02,  0.2500000000000000E+01,  0.9457993743141177E-04,
  0.7100000000000000E+03,  0.5299999999999999E+02,  0.2500000000000000E+01,  0.8647357485518942E-04,
  0.7110000000000000E+03,  0.5366666666666667E+02,  0.2500000000000000E+01,  0.7836885943804539E-04,
  0.7120000000000000E+03,  0.5433333333333332E+02,  0.2500000000000000E+01,  0.7024923117178942E-04,
  0.7130000000000000E+03,  0.5499999999999999E+02,  0.2500000000000000E+01,  0.6208040412586965E-04,
  0.7140000000000000E+03,  0.5566666666666667E+02,  0.2500000000000000E+01,  0.5380787325375037E-04,
  0.7150000000000000E+03,  0.5633333333333332E+02,  0.2500000000000000E+01,  0.4537886496373729E-04,
  0.7160000000000000E+03,  0.5699999999999999E+02,  0.2500000000000000E+01,  0.3684039870569345E-04,
  0.7170000000000000E+03,  0.5766666666666667E+02,  0.2500000000000000E+01,  0.2858714801652021E-04,
  0.7180000000000000E+03,  0.5833333333333332E+02,  0.2500000000000000E+01,  0.2178900326401565E-04,
  0.7190000000000000E+03,  0.5899999999999999E+02,  0.2500000000000000E+01,  0.1693410831435534E-04,
  0.7200000000000000E+03,  0.5966666666666667E+02,  0.2500000000000000E+01,  0.1472620371903567E-04,
  0.7210000000000000E+03,  0.3333333333333333E+00,  0.2833333333333333E+01,  0.3111101352236895E-03,
  0.7220000000000000E+03,  0.9999999999999998E+00,  0.2833333333333333E+01,  0.2675328298448228E-03,
  0.7230000000000000E+03,  0.1666666666666667E+01,  0.2833333333333333E+01,  0.2889346351338809E-03,
  0.7240000000000000E+03,  0.2333333333333333E+01,  0.2833333333333333E+01,  0.3018576247012932E-03,
  0.7250000000000000E+03,  0.3000000000000000E+01,  0.2833333333333333E+01,  0.2989431111345748E-03,
  0.7260000000000000E+03,  0.3666666666666666E+01,  0.2833333333333333E+01,  0.2909202559990169E-03,
  0.7270000000000000E+03,  0.4333333333333334E+01,  0.2833333333333333E+01,  0.2835826703068006E-03,
  0.7280000000000000E+03,  0.5000000000000000E+01,  0.2833333333333333E+01,  0.2778507334325557E-03,
  0.7290000000000000E+03,  0.5666666666666668E+01,  0.2833333333333333E+01,  0.2733205781030973E-03,
  0.7300000000000000E+03,  0.6333333333333334E+01,  0.2833333333333333E+01,  0.2694734227291051E-03,
  0.7310000000000000E+03,  0.7000000000000001E+01,  0.2833333333333333E+01,  0.2659595596527975E-03,
  0.7320000000000000E+03,  0.7666666666666668E+01,  0.2833333333333333E+01,  0.2625863760037890E-03,
  0.7330000000000000E+03,  0.8333333333333334E+01,  0.2833333333333333E+01,  0.2592611057351467E-03,
  0.7340000000000000E+03,  0.9000000000000000E+01,  0.2833333333333333E+01,  0.2559452675531050E-03,
  0.7350000000000000E+03,  0.9666666666666668E+01,  0.2833333333333333E+01,  0.2526262413501536E-03,
  0.7360000000000000E+03,  0.1033333333333334E+02,  0.2833333333333333E+01,  0.2493019851270667E-03,
  0.7370000000000000E+03,  0.1100000000000000E+02,  0.2833333333333333E+01,  0.2459737388098808E-03,
  0.7380000000000000E+03,  0.1166666666666666E+02,  0.2833333333333333E+01,  0.2426431727132423E-03,
  0.7390000000000000E+03,  0.1233333333333334E+02,  0.2833333333333333E+01,  0.2393115356205156E-03,
  0.7400000000000000E+03,  0.1300000000000000E+02,  0.2833333333333333E+01,  0.2359795418847563E-03,
  0.7410000000000000E+03,  0.1366666666666666E+02,  0.2833333333333333E+01,  0.2326475711773834E-03,
  0.7420000000000000E+03,  0.1433333333333334E+02,  0.2833333333333333E+01,  0.2293157747520451E-03,
  0.7430000000000000E+03,  0.1500000000000000E+02,  0.2833333333333333E+01,  0.2259842289594457E-03,
  0.7440000000000000E+03,  0.1566666666666666E+02,  0.2833333333333333E+01,  0.2226529390952023E-03,
  0.7450000000000000E+03,  0.1633333333333334E+02,  0.2833333333333333E+01,  0.2193219278923898E-03,
  0.7460000000000000E+03,  0.1700000000000000E+02,  0.2833333333333333E+01,  0.2159911881636949E-03,
  0.7470000000000000E+03,  0.1766666666666666E+02,  0.2833333333333333E+01,  0.2126607362880349E-03,
  0.7480000000000000E+03,  0.1833333333333334E+02,  0.2833333333333333E+01,  0.2093305729716980E-03,
  0.7490000000000000E+03,  0.1900000000000000E+02,  0.2833333333333333E+01,  0.2060007159719416E-03,
  0.7500000000000000E+03,  0.1966666666666666E+02,  0.2833333333333333E+01,  0.2026711881343442E-03,
  0.7510000000000000E+03,  0.2033333333333334E+02,  0.2833333333333333E+01,  0.1993419983339724E-03,
  0.7520000000000000E+03,  0.2100000000000000E+02,  0.2833333333333333E+01,  0.1960131565429948E-03,
  0.7530000000000000E+03,  0.2166666666666666E+02,  0.2833333333333333E+01,  0.1926846893340809E-03,
  0.7540000000000000E+03,  0.2233333333333334E+02,  0.2833333333333333E+01,  0.1893566291001213E-03,
  0.7550000000000000E+03,  0.2300000000000000E+02,  0.2833333333333333E+01,  0.1860289685883635E-03,
  0.7560000000000000E+03,  0.2366666666666666E+02,  0.2833333333333333E+01,  0.1827017454825581E-03,
  0.7570000000000000E+03,  0.2433333333333334E+02,  0.2833333333333333E+01,  0.1793749850289329E-03,
  0.7580000000000000E+03,  0.2500000000000000E+02,  0.2833333333333333E+01,  0.1760487255162355E-03,
  0.7590000000000000E+03,  0.2566666666666666E+02,  0.2833333333333333E+01,  0.1727229673089630E-03,
  0.7600000000000000E+03,  0.2633333333333334E+02,  0.2833333333333333E+01,  0.1693977549863492E-03,
  0.7610000000000000E+03,  0.2700000000000000E+02,  0.2833333333333333E+01,  0.1660731219410624E-03,
  0.7620000000000000E+03,  0.2766666666666666E+02,  0.2833333333333333E+01,  0.1627491181559359E-03,
  0.7630000000000000E+03,  0.2833333333333334E+02,  0.2833333333333333E+01,  0.1594257529421247E-03,
  0.7640000000000000E+03,  0.2900000000000000E+02,  0.2833333333333333E+01,  0.1561030818812868E-03,
  0.7650000000000000E+03,  0.2966666666666666E+02,  0.2833333333333333E+01,  0.1527811579812045E-03,
  0.7660000000000000E+03,  0.3033333333333334E+02,  0.2833333333333333E+01,  0.1494600233389529E-03,
  0.7670000000000000E+03,  0.3100000000000000E+02,  0.2833333333333333E+01,  0.1461397249831568E-03,
  0.7680000000000000E+03,  0.3166666666666666E+02,  0.2833333333333333E+01,  0.1428203280454796E-03,
  0.7690000000000000E+03,  0.3233333333333332E+02,  0.2833333333333333E+01,  0.1395019045857847E-03,
  0.7700000000000000E+03,  0.3299999999999999E+02,  0.2833333333333333E+01,  0.1361845184566838E-03,
  0.7710000000000000E+03,  0.3366666666666667E+02,  0.2833333333333333E+01,  0.1328682391957578E-03,
  0.7720000000000000E+03,  0.3433333333333332E+02,  0.2833333333333333E+01,  0.1295531671014955E-03,
  0.7730000000000000E+03,  0.3499999999999999E+02,  0.2833333333333333E+01,  0.1262393824597030E-03,
  0.7740000000000000E+03,  0.3566666666666667E+02,  0.2833333333333333E+01,  0.1229270054737891E-03,
  0.7750000000000000E+03,  0.3633333333333332E+02,  0.2833333333333333E+01,  0.1196161360672070E-03,
  0.7760000000000000E+03,  0.3699999999999999E+02,  0.2833333333333333E+01,  0.1163069189495401E-03,
  0.7770000000000000E+03,  0.3766666666666667E+02,  0.2833333333333333E+01,  0.1129994844601497E-03,
  0.7780000000000000E+03,  0.3833333333333332E+02,  0.2833333333333333E+01,  0.1096940084235585E-03,
  0.7790000000000000E+03,  0.3899999999999999E+02,  0.2833333333333333E+01,  0.1063906590363721E-03,
  0.7800000000000000E+03,  0.3966666666666667E+02,  0.2833333333333333E+01,  0.1030896548489753E-03,
  0.7810000000000000E+03,  0.4033333333333332E+02,  0.2833333333333333E+01,  0.9979121444640227E-04,
  0.7820000000000000E+03,  0.4099999999999999E+02,  0.2833333333333333E+01,  0.9649561438314168E-04,
  0.7830000000000000E+03,  0.4166666666666667E+02,  0.2833333333333333E+01,  0.9320314599135541E-04,
  0.7840000000000000E+03,  0.4233333333333332E+02,  0.2833333333333333E+01,  0.8991415745298130E-04,
  0.7850000000000000E+03,  0.4299999999999999E+02,  0.2833333333333333E+01,  0.8662904337310162E-04,
  0.7860000000000000E+03,  0.4366666666666667E+02,  0.2833333333333333E+01,  0.8334826315528031E-04,
  0.7870000000000000E+03,  0.4433333333333332E+02,  0.2833333333333333E+01,  0.8007234890394083E-04,
  0.7880000000000000E+03,  0.4499999999999999E+02,  0.2833333333333333E+01,  0.7680192369611048E-04,
  0.7890000000000000E+03,  0.4566666666666667E+02,  0.2833333333333333E+01,  0.7353771646685527E-04,
  0.7900000000000000E+03,  0.4633333333333332E+02,  0.2833333333333333E+01,  0.7028059720754707E-04,
  0.7910000000000000E+03,  0.4699999999999999E+02,  0.2833333333333333E+01,  0.6703159903679413E-04,
  0.7920000000000000E+03,  0.4766666666666667E+02,  0.2833333333333333E+01,  0.6379196421622054E-04,
  0.7930000000000000E+03,  0.4833333333333332E+02,  0.2833333333333333E+01,  0.6056321578787523E-04,
  0.7940000000000000E+03,  0.4899999999999999E+02,  0.2833333333333333E+01,  0.5734720994839448E-04,
  0.7950000000000000E+03,  0.4966666666666667E+02,  0.2833333333333333E+01,  0.5414625480180873E-04,
  0.7960000000000000E+03,  0.5033333333333332E+02,  0.2833333333333333E+01,  0.5096323686053601E-04,
  0.7970000000000000E+03,  0.5099999999999999E+02,  0.2833333333333333E+01,  0.4780176000873363E-04,
  0.7980000000000000E+03,  0.5166666666666667E+02,  0.2833333333333333E+01,  0.4466632141909278E-04,
  0.7990000000000000E+03,  0.5233333333333332E+02,  0.2833333333333333E+01,  0.4156249767097926E-04,
  0.8000000000000000E+03,  0.5299999999999999E+02,  0.2833333333333333E+01,  0.3849730291232635E-04,
  0.8010000000000000E+03,  0.5366666666666667E+02,  0.2833333333333333E+01,  0.3548007430766976E-04,
  0.8020000000000000E+03,  0.5433333333333332E+02,  0.2833333333333333E+01,  0.3252498082700394E-04,
  0.8030000000000000E+03,  0.5499999999999999E+02,  0.2833333333333333E+01,  0.2965753108021080E-04,
  0.8040000000000000E+03,  0.5566666666666667E+02,  0.2833333333333333E+01,  0.2693032112143212E-04,
  0.8050000000000000E+03,  0.5633333333333332E+02,  0.2833333333333333E+01,  0.2445791971225891E-04,
  0.8060000000000000E+03,  0.5699999999999999E+02,  0.2833333333333333E+01,  0.2245895792891672E-04,
  0.8070000000000000E+03,  0.5766666666666667E+02,  0.2833333333333333E+01,  0.2116308340807191E-04,
  0.8080000000000000E+03,  0.5833333333333332E+02,  0.2833333333333333E+01,  0.2003906433223313E-04,
  0.8090000000000000E+03,  0.5899999999999999E+02,  0.2833333333333333E+01,  0.1713068319735838E-04,
  0.8100000000000000E+03,  0.5966666666666667E+02,  0.2833333333333333E+01,  0.1247845361766943E-04,
  0.8110000000000000E+03,  0.3333333333333333E+00,  0.3166666666666666E+01,  0.2158915470367411E-03,
  0.8120000000000000E+03,  0.9999999999999998E+00,  0.3166666666666666E+01,  0.1740723721787536E-03,
  0.8130000000000000E+03,  0.1666666666666667E+01,  0.3166666666666666E+01,  0.1506710195245107E-03,
  0.8140000000000000E+03,  0.2333333333333333E+01,  0.3166666666666666E+01,  0.1374975875602460E-03,
  0.8150000000000000E+03,  0.3000000000000000E+01,  0.3166666666666666E+01,  0.1319115264839255E-03,
  0.8160000000000000E+03,  0.3666666666666666E+01,  0.3166666666666666E+01,  0.1282317014738712E-03,
  0.8170000000000000E+03,  0.4333333333333334E+01,  0.3166666666666666E+01,  0.1258654666301320E-03,
  0.8180000000000000E+03,  0.5000000000000000E+01,  0.3166666666666666E+01,  0.1240722196769212E-03,
  0.8190000000000000E+03,  0.5666666666666668E+01,  0.3166666666666666E+01,  0.1224973490008080E-03,
  0.8200000000000000E+03,  0.6333333333333334E+01,  0.3166666666666666E+01,  0.1210031786205757E-03,
  0.8210000000000000E+03,  0.7000000000000001E+01,  0.3166666666666666E+01,  0.1195351498697632E-03,
  0.8220000000000000E+03,  0.7666666666666668E+01,  0.3166666666666666E+01,  0.1180718741546882E-03,
  0.8230000000000000E+03,  0.8333333333333334E+01,  0.3166666666666666E+01,  0.1166064608684818E-03,
  0.8240000000000000E+03,  0.9000000000000000E+01,  0.3166666666666666E+01,  0.1151379793059812E-03,
  0.8250000000000000E+03,  0.9666666666666668E+01,  0.3166666666666666E+01,  0.1136673403902547E-03,
  0.8260000000000000E+03,  0.1033333333333334E+02,  0.3166666666666666E+01,  0.1121956100913319E-03,
  0.8270000000000000E+03,  0.1100000000000000E+02,  0.3166666666666666E+01,  0.1107235588655493E-03,
  0.8280000000000000E+03,  0.1166666666666666E+02,  0.3166666666666666E+01,  0.1092516509092273E-03,
  0.8290000000000000E+03,  0.1233333333333334E+02,  0.3166666666666666E+01,  0.1077801009938706E-03,
  0.8300000000000000E+03,  0.1300000000000000E+02,  0.3166666666666666E+01,  0.1063090241893388E-03,
  0.8310000000000000E+03,  0.1366666666666666E+02,  0.3166666666666666E+01,  0.1048384612061856E-03,
  0.8320000000000000E+03,  0.1433333333333334E+02,  0.3166666666666666E+01,  0.1033684443862873E-03,
  0.8330000000000000E+03,  0.1500000000000000E+02,  0.3166666666666666E+01,  0.1018990046126983E-03,
  0.8340000000000000E+03,  0.1566666666666666E+02,  0.3166666666666666E+01,  0.1004301392878975E-03,
  0.8350000000000000E+03,  0.1633333333333334E+02,  0.3166666666666666E+01,  0.9896189648771183E-04,
  0.8360000000000000E+03,  0.1700000000000000E+02,  0.3166666666666666E+01,  0.9749428867979631E-04,
  0.8370000000000000E+03,  0.1766666666666666E+02,  0.3166666666666666E+01,  0.9602735554727254E-04,
  0.8380000000000000E+03,  0.1833333333333334E+02,  0.3166666666666666E+01,  0.9456111130175304E-04,
  0.8390000000000000E+03,  0.1900000000000000E+02,  0.3166666666666666E+01,  0.9309560447064475E-04,
  0.8400000000000000E+03,  0.1966666666666666E+02,  0.3166666666666666E+01,  0.9163085577223305E-04,
  0.8410000000000000E+03,  0.2033333333333334E+02,  0.3166666666666666E+01,  0.9016691502739124E-04,
  0.8420000000000000E+03,  0.2100000000000000E+02,  0.3166666666666666E+01,  0.8870381124477397E-04,
  0.8430000000000000E+03,  0.2166666666666666E+02,  0.3166666666666666E+01,  0.8724159574030905E-04,
  0.8440000000000000E+03,  0.2233333333333334E+02,  0.3166666666666666E+01,  0.8578031018092245E-04,
  0.8450000000000000E+03,  0.2300000000000000E+02,  0.3166666666666666E+01,  0.8432000050872932E-04,
  0.8460000000000000E+03,  0.2366666666666666E+02,  0.3166666666666666E+01,  0.8286072325013317E-04,
  0.8470000000000000E+03,  0.2433333333333334E+02,  0.3166666666666666E+01,  0.8140253204819016E-04,
  0.8480000000000000E+03,  0.2500000000000000E+02,  0.3166666666666666E+01,  0.7994548145850567E-04,
  0.8490000000000000E+03,  0.2566666666666666E+02,  0.3166666666666666E+01,  0.7848964654402764E-04,
  0.8500000000000000E+03,  0.2633333333333334E+02,  0.3166666666666666E+01,  0.7703508091663918E-04,
  0.8510000000000000E+03,  0.2700000000000000E+02,  0.3166666666666666E+01,  0.7558187209813246E-04,
  0.8520000000000000E+03,  0.2766666666666666E+02,  0.3166666666666666E+01,  0.7413008892029766E-04,
  0.8530000000000000E+03,  0.2833333333333334E+02,  0.3166666666666666E+01,  0.7267982721166717E-04,
  0.8540000000000000E+03,  0.2900000000000000E+02,  0.3166666666666666E+01,  0.7123116786316657E-04,
  0.8550000000000000E+03,  0.2966666666666666E+02,  0.3166666666666666E+01,  0.6978422078758690E-04,
  0.8560000000000000E+03,  0.3033333333333334E+02,  0.3166666666666666E+01,  0.6833909098139559E-04,
  0.8570000000000000E+03,  0.3100000000000000E+02,  0.3166666666666666E+01,  0.6689589533753945E-04,
  0.8580000000000000E+03,  0.3166666666666666E+02,  0.3166666666666666E+01,  0.6545476273525989E-04,
  0.8590000000000000E+03,  0.3233333333333332E+02,  0.3166666666666666E+01,  0.6401583338314039E-04,
  0.8600000000000000E+03,  0.3299999999999999E+02,  0.3166666666666666E+01,  0.6257925832254281E-04,
  0.8610000000000000E+03,  0.3366666666666667E+02,  0.3166666666666666E+01,  0.6114519999235191E-04,
  0.8620000000000000E+03,  0.3433333333333332E+02,  0.3166666666666666E+01,  0.5971384915264330E-04,
  0.8630000000000000E+03,  0.3499999999999999E+02,  0.3166666666666666E+01,  0.5828539216363096E-04,
  0.8640000000000000E+03,  0.3566666666666667E+02,  0.3166666666666666E+01,  0.5686006294136804E-04,
  0.8650000000000000E+03,  0.3633333333333332E+02,  0.3166666666666666E+01,  0.5543808780341040E-04,
  0.8660000000000000E+03,  0.3699999999999999E+02,  0.3166666666666666E+01,  0.5401974363136133E-04,
  0.8670000000000000E+03,  0.3766666666666667E+02,  0.3166666666666666E+01,  0.5260531083743025E-04,
  0.8680000000000000E+03,  0.3833333333333332E+02,  0.3166666666666666E+01,  0.5119512499553681E-04,
  0.8690000000000000E+03,  0.3899999999999999E+02,  0.3166666666666666E+01,  0.4978954406816875E-04,
  0.8700000000000000E+03,  0.3966666666666667E+02,  0.3166666666666666E+01,  0.4838896948997801E-04,
  0.8710000000000000E+03,  0.4033333333333332E+02,  0.3166666666666666E+01,  0.4699384664416150E-04,
  0.8720000000000000E+03,  0.4099999999999999E+02,  0.3166666666666666E+01,  0.4560467417323131E-04,
  0.8730000000000000E+03,  0.4166666666666667E+02,  0.3166666666666666E+01,  0.4422201877891639E-04,
  0.8740000000000000E+03,  0.4233333333333332E+02,  0.3166666666666666E+01,  0.4284650722943439E-04,
  0.8750000000000000E+03,  0.4299999999999999E+02,  0.3166666666666666E+01,  0.4147885186403630E-04,
  0.8760000000000000E+03,  0.4366666666666667E+02,  0.3166666666666666E+01,  0.4011985623317885E-04,
  0.8770000000000000E+03,  0.4433333333333332E+02,  0.3166666666666666E+01,  0.3877043145293517E-04,
  0.8780000000000000E+03,  0.4499999999999999E+02,  0.3166666666666666E+01,  0.3743161135112888E-04,
  0.8790000000000000E+03,  0.4566666666666667E+02,  0.3166666666666666E+01,  0.3610457868569677E-04,
  0.8800000000000000E+03,  0.4633333333333332E+02,  0.3166666666666666E+01,  0.3479068037749134E-04,
  0.8810000000000000E+03,  0.4699999999999999E+02,  0.3166666666666666E+01,  0.3349146436494917E-04,
  0.8820000000000000E+03,  0.4766666666666667E+02,  0.3166666666666666E+01,  0.3220869375309331E-04,
  0.8830000000000000E+03,  0.4833333333333332E+02,  0.3166666666666666E+01,  0.3094439355089990E-04,
  0.8840000000000000E+03,  0.4899999999999999E+02,  0.3166666666666666E+01,  0.2970086432505145E-04,
  0.8850000000000000E+03,  0.4966666666666667E+02,  0.3166666666666666E+01,  0.2848070504458596E-04,
  0.8860000000000000E+03,  0.5033333333333332E+02,  0.3166666666666666E+01,  0.2728684885714900E-04,
  0.8870000000000000E+03,  0.5099999999999999E+02,  0.3166666666666666E+01,  0.2612261843325352E-04,
  0.8880000000000000E+03,  0.5166666666666667E+02,  0.3166666666666666E+01,  0.2499194945850831E-04,
  0.8890000000000000E+03,  0.5233333333333332E+02,  0.3166666666666666E+01,  0.2390005226529348E-04,
  0.8900000000000000E+03,  0.5299999999999999E+02,  0.3166666666666666E+01,  0.2285509180598852E-04,
  0.8910000000000000E+03,  0.5366666666666667E+02,  0.3166666666666666E+01,  0.2187198233493532E-04,
  0.8920000000000000E+03,  0.5433333333333332E+02,  0.3166666666666666E+01,  0.2097990235692295E-04,
  0.8930000000000000E+03,  0.5499999999999999E+02,  0.3166666666666666E+01,  0.2023478082790849E-04,
  0.8940000000000000E+03,  0.5566666666666667E+02,  0.3166666666666666E+01,  0.1973315597607432E-04,
  0.8950000000000000E+03,  0.5633333333333332E+02,  0.3166666666666666E+01,  0.1960468081234372E-04,
  0.8960000000000000E+03,  0.5699999999999999E+02,  0.3166666666666666E+01,  0.1991957128315207E-04,
  0.8970000000000000E+03,  0.5766666666666667E+02,  0.3166666666666666E+01,  0.2037320609527507E-04,
  0.8980000000000000E+03,  0.5833333333333332E+02,  0.3166666666666666E+01,  0.1977210631287424E-04,
  0.8990000000000000E+03,  0.5899999999999999E+02,  0.3166666666666666E+01,  0.1639315135986730E-04,
  0.9000000000000000E+03,  0.5966666666666667E+02,  0.3166666666666666E+01,  0.9489320963240144E-05,
  0.9010000000000000E+03,  0.3333333333333333E+00,  0.3500000000000000E+01,  0.5224230844597498E-03,
  0.9020000000000000E+03,  0.9999999999999998E+00,  0.3500000000000000E+01,  0.5977948383610019E-03,
  0.9030000000000000E+03,  0.1666666666666667E+01,  0.3500000000000000E+01,  0.5805981121887875E-03,
  0.9040000000000000E+03,  0.2333333333333333E+01,  0.3500000000000000E+01,  0.5668639911993998E-03,
  0.9050000000000000E+03,  0.3000000000000000E+01,  0.3500000000000000E+01,  0.5524320534156635E-03,
  0.9060000000000000E+03,  0.3666666666666666E+01,  0.3500000000000000E+01,  0.5400375341176041E-03,
  0.9070000000000000E+03,  0.4333333333333334E+01,  0.3500000000000000E+01,  0.5302848008931840E-03,
  0.9080000000000000E+03,  0.5000000000000000E+01,  0.3500000000000000E+01,  0.5222831133492517E-03,
  0.9090000000000000E+03,  0.5666666666666668E+01,  0.3500000000000000E+01,  0.5152647895224689E-03,
  0.9100000000000000E+03,  0.6333333333333334E+01,  0.3500000000000000E+01,  0.5087194825022269E-03,
  0.9110000000000000E+03,  0.7000000000000001E+01,  0.3500000000000000E+01,  0.5023671828911529E-03,
  0.9120000000000000E+03,  0.7666666666666668E+01,  0.3500000000000000E+01,  0.4960748026449687E-03,
  0.9130000000000000E+03,  0.8333333333333334E+01,  0.3500000000000000E+01,  0.4897896548363763E-03,
  0.9140000000000000E+03,  0.9000000000000000E+01,  0.3500000000000000E+01,  0.4834963398854836E-03,
  0.9150000000000000E+03,  0.9666666666666668E+01,  0.3500000000000000E+01,  0.4771937060038548E-03,
  0.9160000000000000E+03,  0.1033333333333334E+02,  0.3500000000000000E+01,  0.4708845623831195E-03,
  0.9170000000000000E+03,  0.1100000000000000E+02,  0.3500000000000000E+01,  0.4645717539099797E-03,
  0.9180000000000000E+03,  0.1166666666666666E+02,  0.3500000000000000E+01,  0.4582571739932163E-03,
  0.9190000000000000E+03,  0.1233333333333334E+02,  0.3500000000000000E+01,  0.4519419156392033E-03,
  0.9200000000000000E+03,  0.1300000000000000E+02,  0.3500000000000000E+01,  0.4456265118477901E-03,
  0.9210000000000000E+03,  0.1366666666666666E+02,  0.3500000000000000E+01,  0.4393111404540777E-03,
  0.9220000000000000E+03,  0.1433333333333334E+02,  0.3500000000000000E+01,  0.4329958705701719E-03,
  0.9230000000000000E+03,  0.1500000000000000E+02,  0.3500000000000000E+01,  0.4266807354107651E-03,
  0.9240000000000000E+03,  0.1566666666666666E+02,  0.3500000000000000E+01,  0.4203656967886120E-03,
  0.9250000000000000E+03,  0.1633333333333334E+02,  0.3500000000000000E+01,  0.4140507838592279E-03,
  0.9260000000000000E+03,  0.1700000000000000E+02,  0.3500000000000000E+01,  0.4077359670229248E-03,
  0.9270000000000000E+03,  0.1766666666666666E+02,  0.3500000000000000E+01,  0.4014212583628134E-03,
  0.9280000000000000E+03,  0.1833333333333334E+02,  0.3500000000000000E+01,  0.3951066590430084E-03,
  0.9290000000000000E+03,  0.1900000000000000E+02,  0.3500000000000000E+01,  0.3887921707552394E-03,
  0.9300000000000000E+03,  0.1966666666666666E+02,  0.3500000000000000E+01,  0.3824778098671925E-03,
  0.9310000000000000E+03,  0.2033333333333334E+02,  0.3500000000000000E+01,  0.3761635825393364E-03,
  0.9320000000000000E+03,  0.2100000000000000E+02,  0.3500000000000000E+01,  0.3698494916037510E-03,
  0.9330000000000000E+03,  0.2166666666666666E+02,  0.3500000000000000E+01,  0.3635355256845698E-03,
  0.9340000000000000E+03,  0.2233333333333334E+02,  0.3500000000000000E+01,  0.3572217069594717E-03,
  0.9350000000000000E+03,  0.2300000000000000E+02,  0.3500000000000000E+01,  0.3509080432543204E-03,
  0.9360000000000000E+03,  0.2366666666666666E+02,  0.3500000000000000E+01,  0.3445945394546791E-03,
  0.9370000000000000E+03,  0.2433333333333334E+02,  0.3500000000000000E+01,  0.3382812156230621E-03,
  0.9380000000000000E+03,  0.2500000000000000E+02,  0.3500000000000000E+01,  0.3319680744679955E-03,
  0.9390000000000000E+03,  0.2566666666666666E+02,  0.3500000000000000E+01,  0.3256551298624105E-03,
  0.9400000000000000E+03,  0.2633333333333334E+02,  0.3500000000000000E+01,  0.3193423827361564E-03,
  0.9410000000000000E+03,  0.2700000000000000E+02,  0.3500000000000000E+01,  0.3130298526127556E-03,
  0.9420000000000000E+03,  0.2766666666666666E+02,  0.3500000000000000E+01,  0.3067175528905647E-03,
  0.9430000000000000E+03,  0.2833333333333334E+02,  0.3500000000000000E+01,  0.3004055089967978E-03,
  0.9440000000000000E+03,  0.2900000000000000E+02,  0.3500000000000000E+01,  0.2940937186715894E-03,
  0.9450000000000000E+03,  0.2966666666666666E+02,  0.3500000000000000E+01,  0.2877821987870829E-03,
  0.9460000000000000E+03,  0.3033333333333334E+02,  0.3500000000000000E+01,  0.2814709790764417E-03,
  0.9470000000000000E+03,  0.3100000000000000E+02,  0.3500000000000000E+01,  0.2751600835776378E-03,
  0.9480000000000000E+03,  0.3166666666666666E+02,  0.3500000000000000E+01,  0.2688495273420211E-03,
  0.9490000000000000E+03,  0.3233333333333332E+02,  0.3500000000000000E+01,  0.2625393275671950E-03,
  0.9500000000000000E+03,  0.3299999999999999E+02,  0.3500000000000000E+01,  0.2562295147602947E-03,
  0.9510000000000000E+03,  0.3366666666666667E+02,  0.3500000000000000E+01,  0.2499201292377040E-03,
  0.9520000000000000E+03,  0.3433333333333332E+02,  0.3500000000000000E+01,  0.2436112038906084E-03,
  0.9530000000000000E+03,  0.3499999999999999E+02,  0.3500000000000000E+01,  0.2373027567675096E-03,
  0.9540000000000000E+03,  0.3566666666666667E+02,  0.3500000000000000E+01,  0.2309948385683791E-03,
  0.9550000000000000E+03,  0.3633333333333332E+02,  0.3500000000000000E+01,  0.2246874940270825E-03,
  0.9560000000000000E+03,  0.3699999999999999E+02,  0.3500000000000000E+01,  0.2183807799198671E-03,
  0.9570000000000000E+03,  0.3766666666666667E+02,  0.3500000000000000E+01,  0.2120747428620822E-03,
  0.9580000000000000E+03,  0.3833333333333332E+02,  0.3500000000000000E+01,  0.2057694416377577E-03,
  0.9590000000000000E+03,  0.3899999999999999E+02,  0.3500000000000000E+01,  0.1994649501767979E-03,
  0.9600000000000000E+03,  0.3966666666666667E+02,  0.3500000000000000E+01,  0.1931613515753719E-03,
  0.9610000000000000E+03,  0.4033333333333332E+02,  0.3500000000000000E+01,  0.1868587487102967E-03,
  0.9620000000000000E+03,  0.4099999999999999E+02,  0.3500000000000000E+01,  0.1805572153019608E-03,
  0.9630000000000000E+03,  0.4166666666666667E+02,  0.3500000000000000E+01,  0.1742568816511470E-03,
  0.9640000000000000E+03,  0.4233333333333332E+02,  0.3500000000000000E+01,  0.1679578901052345E-03,
  0.9650000000000000E+03,  0.4299999999999999E+02,  0.3500000000000000E+01,  0.1616603917279938E-03,
  0.9660000000000000E+03,  0.4366666666666667E+02,  0.3500000000000000E+01,  0.1553645626534862E-03,
  0.9670000000000000E+03,  0.4433333333333332E+02,  0.3500000000000000E+01,  0.1490706294323458E-03,
  0.9680000000000000E+03,  0.4499999999999999E+02,  0.3500000000000000E+01,  0.1427788236106930E-03,
  0.9690000000000000E+03,  0.4566666666666667E+02,  0.3500000000000000E+01,  0.1364894512174346E-03,
  0.9700000000000000E+03,  0.4633333333333332E+02,  0.3500000000000000E+01,  0.1302028590510495E-03,
  0.9710000000000000E+03,  0.4699999999999999E+02,  0.3500000000000000E+01,  0.1239194661662978E-03,
  0.9720000000000000E+03,  0.4766666666666667E+02,  0.3500000000000000E+01,  0.1176397984317214E-03,
  0.9730000000000000E+03,  0.4833333333333332E+02,  0.3500000000000000E+01,  0.1113644762335095E-03,
  0.9740000000000000E+03,  0.4899999999999999E+02,  0.3500000000000000E+01,  0.1050943102999637E-03,
  0.9750000000000000E+03,  0.4966666666666667E+02,  0.3500000000000000E+01,  0.9883033178820118E-04,
  0.9760000000000000E+03,  0.5033333333333332E+02,  0.3500000000000000E+01,  0.9257389482143174E-04,
  0.9770000000000000E+03,  0.5099999999999999E+02,  0.3500000000000000E+01,  0.8632683425562578E-04,
  0.9780000000000000E+03,  0.5166666666666667E+02,  0.3500000000000000E+01,  0.8009158516538448E-04,
  0.9790000000000000E+03,  0.5233333333333332E+02,  0.3500000000000000E+01,  0.7387136212735750E-04,
  0.9800000000000000E+03,  0.5299999999999999E+02,  0.3500000000000000E+01,  0.6767019260138321E-04,
  0.9810000000000000E+03,  0.5366666666666667E+02,  0.3500000000000000E+01,  0.6149275034490963E-04,
  0.9820000000000000E+03,  0.5433333333333332E+02,  0.3500000000000000E+01,  0.5534405364622458E-04,
  0.9830000000000000E+03,  0.5499999999999999E+02,  0.3500000000000000E+01,  0.4923007866268977E-04,
  0.9840000000000000E+03,  0.5566666666666667E+02,  0.3500000000000000E+01,  0.4316254233874143E-04,
  0.9850000000000000E+03,  0.5633333333333332E+02,  0.3500000000000000E+01,  0.3717355450572599E-04,
  0.9860000000000000E+03,  0.5699999999999999E+02,  0.3500000000000000E+01,  0.3133597304430164E-04,
  0.9870000000000000E+03,  0.5766666666666667E+02,  0.3500000000000000E+01,  0.2574899972303231E-04,
  0.9880000000000000E+03,  0.5833333333333332E+02,  0.3500000000000000E+01,  0.2031841660732030E-04,
  0.9890000000000000E+03,  0.5899999999999999E+02,  0.3500000000000000E+01,  0.1411284269017344E-04,
  0.9900000000000000E+03,  0.5966666666666667E+02,  0.3500000000000000E+01,  0.6021031852174872E-05,
  0.9910000000000000E+03,  0.3333333333333333E+00,  0.3833333333333333E+01,  0.8913457184070589E-03,
  0.9920000000000000E+03,  0.9999999999999998E+00,  0.3833333333333333E+01,  0.1019965073922367E-02,
  0.9930000000000000E+03,  0.1666666666666667E+01,  0.3833333333333333E+01,  0.1022505564903268E-02,
  0.9940000000000000E+03,  0.2333333333333333E+01,  0.3833333333333333E+01,  0.1003469216398504E-02,
  0.9950000000000000E+03,  0.3000000000000000E+01,  0.3833333333333333E+01,  0.9758885495003150E-03,
  0.9960000000000000E+03,  0.3666666666666666E+01,  0.3833333333333333E+01,  0.9529128051821316E-03,
  0.9970000000000000E+03,  0.4333333333333334E+01,  0.3833333333333333E+01,  0.9351292763078048E-03,
  0.9980000000000000E+03,  0.5000000000000000E+01,  0.3833333333333333E+01,  0.9209311586112975E-03,
  0.9990000000000000E+03,  0.5666666666666668E+01,  0.3833333333333333E+01,  0.9086161254294391E-03,
  0.1000000000000000E+04,  0.6333333333333334E+01,  0.3833333333333333E+01,  0.8971449219623347E-03,
  0.1001000000000000E+04,  0.7000000000000001E+01,  0.3833333333333333E+01,  0.8859856948748564E-03,
  0.1002000000000000E+04,  0.7666666666666668E+01,  0.3833333333333333E+01,  0.8749073611513079E-03,
  0.1003000000000000E+04,  0.8333333333333334E+01,  0.3833333333333333E+01,  0.8638267101783103E-03,
  0.1004000000000000E+04,  0.9000000000000000E+01,  0.3833333333333333E+01,  0.8527240211162788E-03,
  0.1005000000000000E+04,  0.9666666666666668E+01,  0.3833333333333333E+01,  0.8416014958111260E-03,
  0.1006000000000000E+04,  0.1033333333333334E+02,  0.3833333333333333E+01,  0.8304661767028771E-03,
  0.1007000000000000E+04,  0.1100000000000000E+02,  0.3833333333333333E+01,  0.8193239749621779E-03,
  0.1008000000000000E+04,  0.1166666666666666E+02,  0.3833333333333333E+01,  0.8081786356559126E-03,
  0.1009000000000000E+04,  0.1233333333333334E+02,  0.3833333333333333E+01,  0.7970320374436637E-03,
  0.1010000000000000E+04,  0.1300000000000000E+02,  0.3833333333333333E+01,  0.7858850835190703E-03,
  0.1011000000000000E+04,  0.1366666666666666E+02,  0.3833333333333333E+01,  0.7747381666722979E-03,
  0.1012000000000000E+04,  0.1433333333333334E+02,  0.3833333333333333E+01,  0.7635913168055463E-03,
  0.1013000000000000E+04,  0.1500000000000000E+02,  0.3833333333333333E+01,  0.7524445344528212E-03,
  0.1014000000000000E+04,  0.1566666666666666E+02,  0.3833333333333333E+01,  0.7412978345365463E-03,
  0.1015000000000000E+04,  0.1633333333333334E+02,  0.3833333333333333E+01,  0.7301511448167919E-03,
  0.1016000000000000E+04,  0.1700000000000000E+02,  0.3833333333333333E+01,  0.7190044801431661E-03,
  0.1017000000000000E+04,  0.1766666666666666E+02,  0.3833333333333333E+01,  0.7078578556394901E-03,
  0.1018000000000000E+04,  0.1833333333333334E+02,  0.3833333333333333E+01,  0.6967112281306765E-03,
  0.1019000000000000E+04,  0.1900000000000000E+02,  0.3833333333333333E+01,  0.6855645982063482E-03,
  0.1020000000000000E+04,  0.1966666666666666E+02,  0.3833333333333333E+01,  0.6744180100688255E-03,
  0.1021000000000000E+04,  0.2033333333333334E+02,  0.3833333333333333E+01,  0.6632714207033758E-03,
  0.1022000000000000E+04,  0.2100000000000000E+02,  0.3833333333333333E+01,  0.6521248308487207E-03,
  0.1023000000000000E+04,  0.2166666666666666E+02,  0.3833333333333333E+01,  0.6409782775886545E-03,
  0.1024000000000000E+04,  0.2233333333333334E+02,  0.3833333333333333E+01,  0.6298317180532077E-03,
  0.1025000000000000E+04,  0.2300000000000000E+02,  0.3833333333333333E+01,  0.6186851967369012E-03,
  0.1026000000000000E+04,  0.2366666666666666E+02,  0.3833333333333333E+01,  0.6075386999906106E-03,
  0.1027000000000000E+04,  0.2433333333333334E+02,  0.3833333333333333E+01,  0.5963921851302665E-03,
  0.1028000000000000E+04,  0.2500000000000000E+02,  0.3833333333333333E+01,  0.5852457186491905E-03,
  0.1029000000000000E+04,  0.2566666666666666E+02,  0.3833333333333333E+01,  0.5740992653865691E-03,
  0.1030000000000000E+04,  0.2633333333333334E+02,  0.3833333333333333E+01,  0.5629528264634140E-03,
  0.1031000000000000E+04,  0.2700000000000000E+02,  0.3833333333333333E+01,  0.5518064250491027E-03,
  0.1032000000000000E+04,  0.2766666666666666E+02,  0.3833333333333333E+01,  0.5406600261857096E-03,
  0.1033000000000000E+04,  0.2833333333333334E+02,  0.3833333333333333E+01,  0.5295136823415605E-03,
  0.1034000000000000E+04,  0.2900000000000000E+02,  0.3833333333333333E+01,  0.5183673442597283E-03,
  0.1035000000000000E+04,  0.2966666666666666E+02,  0.3833333333333333E+01,  0.5072210355856828E-03,
  0.1036000000000000E+04,  0.3033333333333334E+02,  0.3833333333333333E+01,  0.4960747801645834E-03,
  0.1037000000000000E+04,  0.3100000000000000E+02,  0.3833333333333333E+01,  0.4849285218851097E-03,
  0.1038000000000000E+04,  0.3166666666666666E+02,  0.3833333333333333E+01,  0.4737823286303078E-03,
  0.1039000000000000E+04,  0.3233333333333332E+02,  0.3833333333333333E+01,  0.4626361665802470E-03,
  0.1040000000000000E+04,  0.3299999999999999E+02,  0.3833333333333333E+01,  0.4514900386650575E-03,
  0.1041000000000000E+04,  0.3366666666666667E+02,  0.3833333333333333E+01,  0.4403439698143436E-03,
  0.1042000000000000E+04,  0.3433333333333332E+02,  0.3833333333333333E+01,  0.4291979271193879E-03,
  0.1043000000000000E+04,  0.3499999999999999E+02,  0.3833333333333333E+01,  0.4180519653452430E-03,
  0.1044000000000000E+04,  0.3566666666666667E+02,  0.3833333333333333E+01,  0.4069060378231630E-03,
  0.1045000000000000E+04,  0.3633333333333332E+02,  0.3833333333333333E+01,  0.3957601710942494E-03,
  0.1046000000000000E+04,  0.3699999999999999E+02,  0.3833333333333333E+01,  0.3846143850880753E-03,
  0.1047000000000000E+04,  0.3766666666666667E+02,  0.3833333333333333E+01,  0.3734686565074444E-03,
  0.1048000000000000E+04,  0.3833333333333332E+02,  0.3833333333333333E+01,  0.3623230138700400E-03,
  0.1049000000000000E+04,  0.3899999999999999E+02,  0.3833333333333333E+01,  0.3511774573909986E-03,
  0.1050000000000000E+04,  0.3966666666666667E+02,  0.3833333333333333E+01,  0.3400319882410935E-03,
  0.1051000000000000E+04,  0.4033333333333332E+02,  0.3833333333333333E+01,  0.3288866306706786E-03,
  0.1052000000000000E+04,  0.4099999999999999E+02,  0.3833333333333333E+01,  0.3177413882669447E-03,
  0.1053000000000000E+04,  0.4166666666666667E+02,  0.3833333333333333E+01,  0.3065962773151668E-03,
  0.1054000000000000E+04,  0.4233333333333332E+02,  0.3833333333333333E+01,  0.2954512976998229E-03,
  0.1055000000000000E+04,  0.4299999999999999E+02,  0.3833333333333333E+01,  0.2843064843362261E-03,
  0.1056000000000000E+04,  0.4366666666666667E+02,  0.3833333333333333E+01,  0.2731618494081559E-03,
  0.1057000000000000E+04,  0.4433333333333332E+02,  0.3833333333333333E+01,  0.2620174120817205E-03,
  0.1058000000000000E+04,  0.4499999999999999E+02,  0.3833333333333333E+01,  0.2508732100508225E-03,
  0.1059000000000000E+04,  0.4566666666666667E+02,  0.3833333333333333E+01,  0.2397292496939530E-03,
  0.1060000000000000E+04,  0.4633333333333332E+02,  0.3833333333333333E+01,  0.2285855799288490E-03,
  0.1061000000000000E+04,  0.4699999999999999E+02,  0.3833333333333333E+01,  0.2174422465935922E-03,
  0.1062000000000000E+04,  0.4766666666666667E+02,  0.3833333333333333E+01,  0.2062993052751896E-03,
  0.1063000000000000E+04,  0.4833333333333332E+02,  0.3833333333333333E+01,  0.1951568350010235E-03,
  0.1064000000000000E+04,  0.4899999999999999E+02,  0.3833333333333333E+01,  0.1840149604888959E-03,
  0.1065000000000000E+04,  0.4966666666666667E+02,  0.3833333333333333E+01,  0.1728739502168871E-03,
  0.1066000000000000E+04,  0.5033333333333332E+02,  0.3833333333333333E+01,  0.1617342514742245E-03,
  0.1067000000000000E+04,  0.5099999999999999E+02,  0.3833333333333333E+01,  0.1505966444132240E-03,
  0.1068000000000000E+04,  0.5166666666666667E+02,  0.3833333333333333E+01,  0.1394623417016268E-03,
  0.1069000000000000E+04,  0.5233333333333332E+02,  0.3833333333333333E+01,  0.1283328262181625E-03,
  0.1070000000000000E+04,  0.5299999999999999E+02,  0.3833333333333333E+01,  0.1172089844261368E-03,
  0.1071000000000000E+04,  0.5366666666666667E+02,  0.3833333333333333E+01,  0.1060883881583738E-03,
  0.1072000000000000E+04,  0.5433333333333332E+02,  0.3833333333333333E+01,  0.9495876010049059E-04,
  0.1073000000000000E+04,  0.5499999999999999E+02,  0.3833333333333333E+01,  0.8378452469366082E-04,
  0.1074000000000000E+04,  0.5566666666666667E+02,  0.3833333333333333E+01,  0.7248372802181239E-04,
  0.1075000000000000E+04,  0.5633333333333332E+02,  0.3833333333333333E+01,  0.6090055512693989E-04,
  0.1076000000000000E+04,  0.5699999999999999E+02,  0.3833333333333333E+01,  0.4881231026404892E-04,
  0.1077000000000000E+04,  0.5766666666666667E+02,  0.3833333333333333E+01,  0.3608049975448758E-04,
  0.1078000000000000E+04,  0.5833333333333332E+02,  0.3833333333333333E+01,  0.2308662384564033E-04,
  0.1079000000000000E+04,  0.5899999999999999E+02,  0.3833333333333333E+01,  0.1123147476408462E-04,
  0.1080000000000000E+04,  0.5966666666666667E+02,  0.3833333333333333E+01,  0.2638601871678012E-05,
