/BATCH
/FILNAME,stage10_structural
/TITLE,Stage 10 isothermal discretization verification
/PREP7
ET,1,182
KEYOPT,1,3,3
R,1,1
TYPE,1
REAL,1
MAT,1
MP,EX,1,1691.594
MP,PRXY,1,0.35
TB,PRONY,1,,23,SHEAR
TBDATA,1,0.003681734506033953,1.176e-14
TBDATA,3,0.001067632067742023,1.228e-14
TBDATA,5,0.00464000227004825,2.878e-14
TBDATA,7,0.007537860739633741,1.701e-12
TBDATA,9,0.01232979071810375,9.178e-12
TBDATA,11,0.01838739082782275,6.034e-11
TBDATA,13,0.02693672358733833,6.187e-09
TBDATA,15,0.03785541920815515,1.102e-07
TBDATA,17,0.05467269332948686,1.047e-06
TBDATA,19,0.0803478848943659,6.903e-06
TBDATA,21,0.06708938433217426,2.582e-05
TBDATA,23,0.07582552314562477,5.363e-05
TBDATA,25,0.1025482473926959,0.0001838
TBDATA,27,0.05521005631374904,0.0004386
TBDATA,29,0.0968341103125218,0.0007577
TBDATA,31,0.07939907566472806,0.001795
TBDATA,33,0.07050509755887051,0.002292
TBDATA,35,0.05946817025834805,0.006576
TBDATA,37,0.04760835046707425,0.00992
TBDATA,39,0.036429545150905,0.0329
TBDATA,41,0.02631127800169544,0.05374
TBDATA,43,0.01804747474866901,0.06586
TBDATA,45,0.01100145779661077,35.03
TB,PRONY,1,,23,BULK
TBDATA,1,0.003681734506033953,1.176e-14
TBDATA,3,0.001067632067742023,1.228e-14
TBDATA,5,0.00464000227004825,2.878e-14
TBDATA,7,0.007537860739633741,1.701e-12
TBDATA,9,0.01232979071810375,9.178e-12
TBDATA,11,0.01838739082782275,6.034e-11
TBDATA,13,0.02693672358733833,6.187e-09
TBDATA,15,0.03785541920815515,1.102e-07
TBDATA,17,0.05467269332948686,1.047e-06
TBDATA,19,0.0803478848943659,6.903e-06
TBDATA,21,0.06708938433217426,2.582e-05
TBDATA,23,0.07582552314562477,5.363e-05
TBDATA,25,0.1025482473926959,0.0001838
TBDATA,27,0.05521005631374904,0.0004386
TBDATA,29,0.0968341103125218,0.0007577
TBDATA,31,0.07939907566472806,0.001795
TBDATA,33,0.07050509755887051,0.002292
TBDATA,35,0.05946817025834805,0.006576
TBDATA,37,0.04760835046707425,0.00992
TBDATA,39,0.036429545150905,0.0329
TBDATA,41,0.02631127800169544,0.05374
TBDATA,43,0.01804747474866901,0.06586
TBDATA,45,0.01100145779661077,35.03
MP,EX,2,1691.594
MP,PRXY,2,0.35
TB,PRONY,2,,23,SHEAR
TBDATA,1,0.003681734506033953,1.176e-13
TBDATA,3,0.001067632067742023,1.228e-13
TBDATA,5,0.00464000227004825,2.878e-13
TBDATA,7,0.007537860739633741,1.701e-11
TBDATA,9,0.01232979071810375,9.177999999999999e-11
TBDATA,11,0.01838739082782275,6.034e-10
TBDATA,13,0.02693672358733833,6.187e-08
TBDATA,15,0.03785541920815515,1.102e-06
TBDATA,17,0.05467269332948686,1.047e-05
TBDATA,19,0.0803478848943659,6.902999999999999e-05
TBDATA,21,0.06708938433217426,0.0002582
TBDATA,23,0.07582552314562477,0.0005363
TBDATA,25,0.1025482473926959,0.001838
TBDATA,27,0.05521005631374904,0.004386
TBDATA,29,0.0968341103125218,0.007577
TBDATA,31,0.07939907566472806,0.01795
TBDATA,33,0.07050509755887051,0.02292
TBDATA,35,0.05946817025834805,0.06576
TBDATA,37,0.04760835046707425,0.0992
TBDATA,39,0.036429545150905,0.329
TBDATA,41,0.02631127800169544,0.5374
TBDATA,43,0.01804747474866901,0.6586000000000001
TBDATA,45,0.01100145779661077,350.3
TB,PRONY,2,,23,BULK
TBDATA,1,0.003681734506033953,1.176e-13
TBDATA,3,0.001067632067742023,1.228e-13
TBDATA,5,0.00464000227004825,2.878e-13
TBDATA,7,0.007537860739633741,1.701e-11
TBDATA,9,0.01232979071810375,9.177999999999999e-11
TBDATA,11,0.01838739082782275,6.034e-10
TBDATA,13,0.02693672358733833,6.187e-08
TBDATA,15,0.03785541920815515,1.102e-06
TBDATA,17,0.05467269332948686,1.047e-05
TBDATA,19,0.0803478848943659,6.902999999999999e-05
TBDATA,21,0.06708938433217426,0.0002582
TBDATA,23,0.07582552314562477,0.0005363
TBDATA,25,0.1025482473926959,0.001838
TBDATA,27,0.05521005631374904,0.004386
TBDATA,29,0.0968341103125218,0.007577
TBDATA,31,0.07939907566472806,0.01795
TBDATA,33,0.07050509755887051,0.02292
TBDATA,35,0.05946817025834805,0.06576
TBDATA,37,0.04760835046707425,0.0992
TBDATA,39,0.036429545150905,0.329
TBDATA,41,0.02631127800169544,0.5374
TBDATA,43,0.01804747474866901,0.6586000000000001
TBDATA,45,0.01100145779661077,350.3
N,1,0,0,0
N,2,0.6666666666666666,0,0
N,3,1.333333333333333,0,0
N,4,2,0,0
N,5,2.666666666666667,0,0
N,6,3.333333333333333,0,0
N,7,4,0,0
N,8,4.666666666666667,0,0
N,9,5.333333333333333,0,0
N,10,6,0,0
N,11,6.666666666666667,0,0
N,12,7.333333333333333,0,0
N,13,8,0,0
N,14,8.666666666666666,0,0
N,15,9.333333333333334,0,0
N,16,10,0,0
N,17,10.66666666666667,0,0
N,18,11.33333333333333,0,0
N,19,12,0,0
N,20,12.66666666666667,0,0
N,21,13.33333333333333,0,0
N,22,14,0,0
N,23,14.66666666666667,0,0
N,24,15.33333333333333,0,0
N,25,16,0,0
N,26,16.66666666666667,0,0
N,27,17.33333333333333,0,0
N,28,18,0,0
N,29,18.66666666666667,0,0
N,30,19.33333333333333,0,0
N,31,20,0,0
N,32,20.66666666666667,0,0
N,33,21.33333333333333,0,0
N,34,22,0,0
N,35,22.66666666666667,0,0
N,36,23.33333333333333,0,0
N,37,24,0,0
N,38,24.66666666666667,0,0
N,39,25.33333333333333,0,0
N,40,26,0,0
N,41,26.66666666666667,0,0
N,42,27.33333333333333,0,0
N,43,28,0,0
N,44,28.66666666666667,0,0
N,45,29.33333333333333,0,0
N,46,30,0,0
N,47,30.66666666666667,0,0
N,48,31.33333333333333,0,0
N,49,32,0,0
N,50,32.66666666666666,0,0
N,51,33.33333333333334,0,0
N,52,34,0,0
N,53,34.66666666666666,0,0
N,54,35.33333333333334,0,0
N,55,36,0,0
N,56,36.66666666666666,0,0
N,57,37.33333333333334,0,0
N,58,38,0,0
N,59,38.66666666666666,0,0
N,60,39.33333333333334,0,0
N,61,40,0,0
N,62,40.66666666666666,0,0
N,63,41.33333333333334,0,0
N,64,42,0,0
N,65,42.66666666666666,0,0
N,66,43.33333333333334,0,0
N,67,44,0,0
N,68,44.66666666666666,0,0
N,69,45.33333333333334,0,0
N,70,46,0,0
N,71,46.66666666666666,0,0
N,72,47.33333333333334,0,0
N,73,48,0,0
N,74,48.66666666666666,0,0
N,75,49.33333333333334,0,0
N,76,50,0,0
N,77,50.66666666666666,0,0
N,78,51.33333333333334,0,0
N,79,52,0,0
N,80,52.66666666666666,0,0
N,81,53.33333333333334,0,0
N,82,54,0,0
N,83,54.66666666666666,0,0
N,84,55.33333333333334,0,0
N,85,56,0,0
N,86,56.66666666666666,0,0
N,87,57.33333333333334,0,0
N,88,58,0,0
N,89,58.66666666666666,0,0
N,90,59.33333333333334,0,0
N,91,60,0,0
N,92,0,0.3333333333333333,0
N,93,0.6666666666666666,0.3333333333333333,0
N,94,1.333333333333333,0.3333333333333333,0
N,95,2,0.3333333333333333,0
N,96,2.666666666666667,0.3333333333333333,0
N,97,3.333333333333333,0.3333333333333333,0
N,98,4,0.3333333333333333,0
N,99,4.666666666666667,0.3333333333333333,0
N,100,5.333333333333333,0.3333333333333333,0
N,101,6,0.3333333333333333,0
N,102,6.666666666666667,0.3333333333333333,0
N,103,7.333333333333333,0.3333333333333333,0
N,104,8,0.3333333333333333,0
N,105,8.666666666666666,0.3333333333333333,0
N,106,9.333333333333334,0.3333333333333333,0
N,107,10,0.3333333333333333,0
N,108,10.66666666666667,0.3333333333333333,0
N,109,11.33333333333333,0.3333333333333333,0
N,110,12,0.3333333333333333,0
N,111,12.66666666666667,0.3333333333333333,0
N,112,13.33333333333333,0.3333333333333333,0
N,113,14,0.3333333333333333,0
N,114,14.66666666666667,0.3333333333333333,0
N,115,15.33333333333333,0.3333333333333333,0
N,116,16,0.3333333333333333,0
N,117,16.66666666666667,0.3333333333333333,0
N,118,17.33333333333333,0.3333333333333333,0
N,119,18,0.3333333333333333,0
N,120,18.66666666666667,0.3333333333333333,0
N,121,19.33333333333333,0.3333333333333333,0
N,122,20,0.3333333333333333,0
N,123,20.66666666666667,0.3333333333333333,0
N,124,21.33333333333333,0.3333333333333333,0
N,125,22,0.3333333333333333,0
N,126,22.66666666666667,0.3333333333333333,0
N,127,23.33333333333333,0.3333333333333333,0
N,128,24,0.3333333333333333,0
N,129,24.66666666666667,0.3333333333333333,0
N,130,25.33333333333333,0.3333333333333333,0
N,131,26,0.3333333333333333,0
N,132,26.66666666666667,0.3333333333333333,0
N,133,27.33333333333333,0.3333333333333333,0
N,134,28,0.3333333333333333,0
N,135,28.66666666666667,0.3333333333333333,0
N,136,29.33333333333333,0.3333333333333333,0
N,137,30,0.3333333333333333,0
N,138,30.66666666666667,0.3333333333333333,0
N,139,31.33333333333333,0.3333333333333333,0
N,140,32,0.3333333333333333,0
N,141,32.66666666666666,0.3333333333333333,0
N,142,33.33333333333334,0.3333333333333333,0
N,143,34,0.3333333333333333,0
N,144,34.66666666666666,0.3333333333333333,0
N,145,35.33333333333334,0.3333333333333333,0
N,146,36,0.3333333333333333,0
N,147,36.66666666666666,0.3333333333333333,0
N,148,37.33333333333334,0.3333333333333333,0
N,149,38,0.3333333333333333,0
N,150,38.66666666666666,0.3333333333333333,0
N,151,39.33333333333334,0.3333333333333333,0
N,152,40,0.3333333333333333,0
N,153,40.66666666666666,0.3333333333333333,0
N,154,41.33333333333334,0.3333333333333333,0
N,155,42,0.3333333333333333,0
N,156,42.66666666666666,0.3333333333333333,0
N,157,43.33333333333334,0.3333333333333333,0
N,158,44,0.3333333333333333,0
N,159,44.66666666666666,0.3333333333333333,0
N,160,45.33333333333334,0.3333333333333333,0
N,161,46,0.3333333333333333,0
N,162,46.66666666666666,0.3333333333333333,0
N,163,47.33333333333334,0.3333333333333333,0
N,164,48,0.3333333333333333,0
N,165,48.66666666666666,0.3333333333333333,0
N,166,49.33333333333334,0.3333333333333333,0
N,167,50,0.3333333333333333,0
N,168,50.66666666666666,0.3333333333333333,0
N,169,51.33333333333334,0.3333333333333333,0
N,170,52,0.3333333333333333,0
N,171,52.66666666666666,0.3333333333333333,0
N,172,53.33333333333334,0.3333333333333333,0
N,173,54,0.3333333333333333,0
N,174,54.66666666666666,0.3333333333333333,0
N,175,55.33333333333334,0.3333333333333333,0
N,176,56,0.3333333333333333,0
N,177,56.66666666666666,0.3333333333333333,0
N,178,57.33333333333334,0.3333333333333333,0
N,179,58,0.3333333333333333,0
N,180,58.66666666666666,0.3333333333333333,0
N,181,59.33333333333334,0.3333333333333333,0
N,182,60,0.3333333333333333,0
N,183,0,0.6666666666666666,0
N,184,0.6666666666666666,0.6666666666666666,0
N,185,1.333333333333333,0.6666666666666666,0
N,186,2,0.6666666666666666,0
N,187,2.666666666666667,0.6666666666666666,0
N,188,3.333333333333333,0.6666666666666666,0
N,189,4,0.6666666666666666,0
N,190,4.666666666666667,0.6666666666666666,0
N,191,5.333333333333333,0.6666666666666666,0
N,192,6,0.6666666666666666,0
N,193,6.666666666666667,0.6666666666666666,0
N,194,7.333333333333333,0.6666666666666666,0
N,195,8,0.6666666666666666,0
N,196,8.666666666666666,0.6666666666666666,0
N,197,9.333333333333334,0.6666666666666666,0
N,198,10,0.6666666666666666,0
N,199,10.66666666666667,0.6666666666666666,0
N,200,11.33333333333333,0.6666666666666666,0
N,201,12,0.6666666666666666,0
N,202,12.66666666666667,0.6666666666666666,0
N,203,13.33333333333333,0.6666666666666666,0
N,204,14,0.6666666666666666,0
N,205,14.66666666666667,0.6666666666666666,0
N,206,15.33333333333333,0.6666666666666666,0
N,207,16,0.6666666666666666,0
N,208,16.66666666666667,0.6666666666666666,0
N,209,17.33333333333333,0.6666666666666666,0
N,210,18,0.6666666666666666,0
N,211,18.66666666666667,0.6666666666666666,0
N,212,19.33333333333333,0.6666666666666666,0
N,213,20,0.6666666666666666,0
N,214,20.66666666666667,0.6666666666666666,0
N,215,21.33333333333333,0.6666666666666666,0
N,216,22,0.6666666666666666,0
N,217,22.66666666666667,0.6666666666666666,0
N,218,23.33333333333333,0.6666666666666666,0
N,219,24,0.6666666666666666,0
N,220,24.66666666666667,0.6666666666666666,0
N,221,25.33333333333333,0.6666666666666666,0
N,222,26,0.6666666666666666,0
N,223,26.66666666666667,0.6666666666666666,0
N,224,27.33333333333333,0.6666666666666666,0
N,225,28,0.6666666666666666,0
N,226,28.66666666666667,0.6666666666666666,0
N,227,29.33333333333333,0.6666666666666666,0
N,228,30,0.6666666666666666,0
N,229,30.66666666666667,0.6666666666666666,0
N,230,31.33333333333333,0.6666666666666666,0
N,231,32,0.6666666666666666,0
N,232,32.66666666666666,0.6666666666666666,0
N,233,33.33333333333334,0.6666666666666666,0
N,234,34,0.6666666666666666,0
N,235,34.66666666666666,0.6666666666666666,0
N,236,35.33333333333334,0.6666666666666666,0
N,237,36,0.6666666666666666,0
N,238,36.66666666666666,0.6666666666666666,0
N,239,37.33333333333334,0.6666666666666666,0
N,240,38,0.6666666666666666,0
N,241,38.66666666666666,0.6666666666666666,0
N,242,39.33333333333334,0.6666666666666666,0
N,243,40,0.6666666666666666,0
N,244,40.66666666666666,0.6666666666666666,0
N,245,41.33333333333334,0.6666666666666666,0
N,246,42,0.6666666666666666,0
N,247,42.66666666666666,0.6666666666666666,0
N,248,43.33333333333334,0.6666666666666666,0
N,249,44,0.6666666666666666,0
N,250,44.66666666666666,0.6666666666666666,0
N,251,45.33333333333334,0.6666666666666666,0
N,252,46,0.6666666666666666,0
N,253,46.66666666666666,0.6666666666666666,0
N,254,47.33333333333334,0.6666666666666666,0
N,255,48,0.6666666666666666,0
N,256,48.66666666666666,0.6666666666666666,0
N,257,49.33333333333334,0.6666666666666666,0
N,258,50,0.6666666666666666,0
N,259,50.66666666666666,0.6666666666666666,0
N,260,51.33333333333334,0.6666666666666666,0
N,261,52,0.6666666666666666,0
N,262,52.66666666666666,0.6666666666666666,0
N,263,53.33333333333334,0.6666666666666666,0
N,264,54,0.6666666666666666,0
N,265,54.66666666666666,0.6666666666666666,0
N,266,55.33333333333334,0.6666666666666666,0
N,267,56,0.6666666666666666,0
N,268,56.66666666666666,0.6666666666666666,0
N,269,57.33333333333334,0.6666666666666666,0
N,270,58,0.6666666666666666,0
N,271,58.66666666666666,0.6666666666666666,0
N,272,59.33333333333334,0.6666666666666666,0
N,273,60,0.6666666666666666,0
N,274,0,1,0
N,275,0.6666666666666666,1,0
N,276,1.333333333333333,1,0
N,277,2,1,0
N,278,2.666666666666667,1,0
N,279,3.333333333333333,1,0
N,280,4,1,0
N,281,4.666666666666667,1,0
N,282,5.333333333333333,1,0
N,283,6,1,0
N,284,6.666666666666667,1,0
N,285,7.333333333333333,1,0
N,286,8,1,0
N,287,8.666666666666666,1,0
N,288,9.333333333333334,1,0
N,289,10,1,0
N,290,10.66666666666667,1,0
N,291,11.33333333333333,1,0
N,292,12,1,0
N,293,12.66666666666667,1,0
N,294,13.33333333333333,1,0
N,295,14,1,0
N,296,14.66666666666667,1,0
N,297,15.33333333333333,1,0
N,298,16,1,0
N,299,16.66666666666667,1,0
N,300,17.33333333333333,1,0
N,301,18,1,0
N,302,18.66666666666667,1,0
N,303,19.33333333333333,1,0
N,304,20,1,0
N,305,20.66666666666667,1,0
N,306,21.33333333333333,1,0
N,307,22,1,0
N,308,22.66666666666667,1,0
N,309,23.33333333333333,1,0
N,310,24,1,0
N,311,24.66666666666667,1,0
N,312,25.33333333333333,1,0
N,313,26,1,0
N,314,26.66666666666667,1,0
N,315,27.33333333333333,1,0
N,316,28,1,0
N,317,28.66666666666667,1,0
N,318,29.33333333333333,1,0
N,319,30,1,0
N,320,30.66666666666667,1,0
N,321,31.33333333333333,1,0
N,322,32,1,0
N,323,32.66666666666666,1,0
N,324,33.33333333333334,1,0
N,325,34,1,0
N,326,34.66666666666666,1,0
N,327,35.33333333333334,1,0
N,328,36,1,0
N,329,36.66666666666666,1,0
N,330,37.33333333333334,1,0
N,331,38,1,0
N,332,38.66666666666666,1,0
N,333,39.33333333333334,1,0
N,334,40,1,0
N,335,40.66666666666666,1,0
N,336,41.33333333333334,1,0
N,337,42,1,0
N,338,42.66666666666666,1,0
N,339,43.33333333333334,1,0
N,340,44,1,0
N,341,44.66666666666666,1,0
N,342,45.33333333333334,1,0
N,343,46,1,0
N,344,46.66666666666666,1,0
N,345,47.33333333333334,1,0
N,346,48,1,0
N,347,48.66666666666666,1,0
N,348,49.33333333333334,1,0
N,349,50,1,0
N,350,50.66666666666666,1,0
N,351,51.33333333333334,1,0
N,352,52,1,0
N,353,52.66666666666666,1,0
N,354,53.33333333333334,1,0
N,355,54,1,0
N,356,54.66666666666666,1,0
N,357,55.33333333333334,1,0
N,358,56,1,0
N,359,56.66666666666666,1,0
N,360,57.33333333333334,1,0
N,361,58,1,0
N,362,58.66666666666666,1,0
N,363,59.33333333333334,1,0
N,364,60,1,0
N,365,0,1.333333333333333,0
N,366,0.6666666666666666,1.333333333333333,0
N,367,1.333333333333333,1.333333333333333,0
N,368,2,1.333333333333333,0
N,369,2.666666666666667,1.333333333333333,0
N,370,3.333333333333333,1.333333333333333,0
N,371,4,1.333333333333333,0
N,372,4.666666666666667,1.333333333333333,0
N,373,5.333333333333333,1.333333333333333,0
N,374,6,1.333333333333333,0
N,375,6.666666666666667,1.333333333333333,0
N,376,7.333333333333333,1.333333333333333,0
N,377,8,1.333333333333333,0
N,378,8.666666666666666,1.333333333333333,0
N,379,9.333333333333334,1.333333333333333,0
N,380,10,1.333333333333333,0
N,381,10.66666666666667,1.333333333333333,0
N,382,11.33333333333333,1.333333333333333,0
N,383,12,1.333333333333333,0
N,384,12.66666666666667,1.333333333333333,0
N,385,13.33333333333333,1.333333333333333,0
N,386,14,1.333333333333333,0
N,387,14.66666666666667,1.333333333333333,0
N,388,15.33333333333333,1.333333333333333,0
N,389,16,1.333333333333333,0
N,390,16.66666666666667,1.333333333333333,0
N,391,17.33333333333333,1.333333333333333,0
N,392,18,1.333333333333333,0
N,393,18.66666666666667,1.333333333333333,0
N,394,19.33333333333333,1.333333333333333,0
N,395,20,1.333333333333333,0
N,396,20.66666666666667,1.333333333333333,0
N,397,21.33333333333333,1.333333333333333,0
N,398,22,1.333333333333333,0
N,399,22.66666666666667,1.333333333333333,0
N,400,23.33333333333333,1.333333333333333,0
N,401,24,1.333333333333333,0
N,402,24.66666666666667,1.333333333333333,0
N,403,25.33333333333333,1.333333333333333,0
N,404,26,1.333333333333333,0
N,405,26.66666666666667,1.333333333333333,0
N,406,27.33333333333333,1.333333333333333,0
N,407,28,1.333333333333333,0
N,408,28.66666666666667,1.333333333333333,0
N,409,29.33333333333333,1.333333333333333,0
N,410,30,1.333333333333333,0
N,411,30.66666666666667,1.333333333333333,0
N,412,31.33333333333333,1.333333333333333,0
N,413,32,1.333333333333333,0
N,414,32.66666666666666,1.333333333333333,0
N,415,33.33333333333334,1.333333333333333,0
N,416,34,1.333333333333333,0
N,417,34.66666666666666,1.333333333333333,0
N,418,35.33333333333334,1.333333333333333,0
N,419,36,1.333333333333333,0
N,420,36.66666666666666,1.333333333333333,0
N,421,37.33333333333334,1.333333333333333,0
N,422,38,1.333333333333333,0
N,423,38.66666666666666,1.333333333333333,0
N,424,39.33333333333334,1.333333333333333,0
N,425,40,1.333333333333333,0
N,426,40.66666666666666,1.333333333333333,0
N,427,41.33333333333334,1.333333333333333,0
N,428,42,1.333333333333333,0
N,429,42.66666666666666,1.333333333333333,0
N,430,43.33333333333334,1.333333333333333,0
N,431,44,1.333333333333333,0
N,432,44.66666666666666,1.333333333333333,0
N,433,45.33333333333334,1.333333333333333,0
N,434,46,1.333333333333333,0
N,435,46.66666666666666,1.333333333333333,0
N,436,47.33333333333334,1.333333333333333,0
N,437,48,1.333333333333333,0
N,438,48.66666666666666,1.333333333333333,0
N,439,49.33333333333334,1.333333333333333,0
N,440,50,1.333333333333333,0
N,441,50.66666666666666,1.333333333333333,0
N,442,51.33333333333334,1.333333333333333,0
N,443,52,1.333333333333333,0
N,444,52.66666666666666,1.333333333333333,0
N,445,53.33333333333334,1.333333333333333,0
N,446,54,1.333333333333333,0
N,447,54.66666666666666,1.333333333333333,0
N,448,55.33333333333334,1.333333333333333,0
N,449,56,1.333333333333333,0
N,450,56.66666666666666,1.333333333333333,0
N,451,57.33333333333334,1.333333333333333,0
N,452,58,1.333333333333333,0
N,453,58.66666666666666,1.333333333333333,0
N,454,59.33333333333334,1.333333333333333,0
N,455,60,1.333333333333333,0
N,456,0,1.666666666666667,0
N,457,0.6666666666666666,1.666666666666667,0
N,458,1.333333333333333,1.666666666666667,0
N,459,2,1.666666666666667,0
N,460,2.666666666666667,1.666666666666667,0
N,461,3.333333333333333,1.666666666666667,0
N,462,4,1.666666666666667,0
N,463,4.666666666666667,1.666666666666667,0
N,464,5.333333333333333,1.666666666666667,0
N,465,6,1.666666666666667,0
N,466,6.666666666666667,1.666666666666667,0
N,467,7.333333333333333,1.666666666666667,0
N,468,8,1.666666666666667,0
N,469,8.666666666666666,1.666666666666667,0
N,470,9.333333333333334,1.666666666666667,0
N,471,10,1.666666666666667,0
N,472,10.66666666666667,1.666666666666667,0
N,473,11.33333333333333,1.666666666666667,0
N,474,12,1.666666666666667,0
N,475,12.66666666666667,1.666666666666667,0
N,476,13.33333333333333,1.666666666666667,0
N,477,14,1.666666666666667,0
N,478,14.66666666666667,1.666666666666667,0
N,479,15.33333333333333,1.666666666666667,0
N,480,16,1.666666666666667,0
N,481,16.66666666666667,1.666666666666667,0
N,482,17.33333333333333,1.666666666666667,0
N,483,18,1.666666666666667,0
N,484,18.66666666666667,1.666666666666667,0
N,485,19.33333333333333,1.666666666666667,0
N,486,20,1.666666666666667,0
N,487,20.66666666666667,1.666666666666667,0
N,488,21.33333333333333,1.666666666666667,0
N,489,22,1.666666666666667,0
N,490,22.66666666666667,1.666666666666667,0
N,491,23.33333333333333,1.666666666666667,0
N,492,24,1.666666666666667,0
N,493,24.66666666666667,1.666666666666667,0
N,494,25.33333333333333,1.666666666666667,0
N,495,26,1.666666666666667,0
N,496,26.66666666666667,1.666666666666667,0
N,497,27.33333333333333,1.666666666666667,0
N,498,28,1.666666666666667,0
N,499,28.66666666666667,1.666666666666667,0
N,500,29.33333333333333,1.666666666666667,0
N,501,30,1.666666666666667,0
N,502,30.66666666666667,1.666666666666667,0
N,503,31.33333333333333,1.666666666666667,0
N,504,32,1.666666666666667,0
N,505,32.66666666666666,1.666666666666667,0
N,506,33.33333333333334,1.666666666666667,0
N,507,34,1.666666666666667,0
N,508,34.66666666666666,1.666666666666667,0
N,509,35.33333333333334,1.666666666666667,0
N,510,36,1.666666666666667,0
N,511,36.66666666666666,1.666666666666667,0
N,512,37.33333333333334,1.666666666666667,0
N,513,38,1.666666666666667,0
N,514,38.66666666666666,1.666666666666667,0
N,515,39.33333333333334,1.666666666666667,0
N,516,40,1.666666666666667,0
N,517,40.66666666666666,1.666666666666667,0
N,518,41.33333333333334,1.666666666666667,0
N,519,42,1.666666666666667,0
N,520,42.66666666666666,1.666666666666667,0
N,521,43.33333333333334,1.666666666666667,0
N,522,44,1.666666666666667,0
N,523,44.66666666666666,1.666666666666667,0
N,524,45.33333333333334,1.666666666666667,0
N,525,46,1.666666666666667,0
N,526,46.66666666666666,1.666666666666667,0
N,527,47.33333333333334,1.666666666666667,0
N,528,48,1.666666666666667,0
N,529,48.66666666666666,1.666666666666667,0
N,530,49.33333333333334,1.666666666666667,0
N,531,50,1.666666666666667,0
N,532,50.66666666666666,1.666666666666667,0
N,533,51.33333333333334,1.666666666666667,0
N,534,52,1.666666666666667,0
N,535,52.66666666666666,1.666666666666667,0
N,536,53.33333333333334,1.666666666666667,0
N,537,54,1.666666666666667,0
N,538,54.66666666666666,1.666666666666667,0
N,539,55.33333333333334,1.666666666666667,0
N,540,56,1.666666666666667,0
N,541,56.66666666666666,1.666666666666667,0
N,542,57.33333333333334,1.666666666666667,0
N,543,58,1.666666666666667,0
N,544,58.66666666666666,1.666666666666667,0
N,545,59.33333333333334,1.666666666666667,0
N,546,60,1.666666666666667,0
N,547,0,2,0
N,548,0.6666666666666666,2,0
N,549,1.333333333333333,2,0
N,550,2,2,0
N,551,2.666666666666667,2,0
N,552,3.333333333333333,2,0
N,553,4,2,0
N,554,4.666666666666667,2,0
N,555,5.333333333333333,2,0
N,556,6,2,0
N,557,6.666666666666667,2,0
N,558,7.333333333333333,2,0
N,559,8,2,0
N,560,8.666666666666666,2,0
N,561,9.333333333333334,2,0
N,562,10,2,0
N,563,10.66666666666667,2,0
N,564,11.33333333333333,2,0
N,565,12,2,0
N,566,12.66666666666667,2,0
N,567,13.33333333333333,2,0
N,568,14,2,0
N,569,14.66666666666667,2,0
N,570,15.33333333333333,2,0
N,571,16,2,0
N,572,16.66666666666667,2,0
N,573,17.33333333333333,2,0
N,574,18,2,0
N,575,18.66666666666667,2,0
N,576,19.33333333333333,2,0
N,577,20,2,0
N,578,20.66666666666667,2,0
N,579,21.33333333333333,2,0
N,580,22,2,0
N,581,22.66666666666667,2,0
N,582,23.33333333333333,2,0
N,583,24,2,0
N,584,24.66666666666667,2,0
N,585,25.33333333333333,2,0
N,586,26,2,0
N,587,26.66666666666667,2,0
N,588,27.33333333333333,2,0
N,589,28,2,0
N,590,28.66666666666667,2,0
N,591,29.33333333333333,2,0
N,592,30,2,0
N,593,30.66666666666667,2,0
N,594,31.33333333333333,2,0
N,595,32,2,0
N,596,32.66666666666666,2,0
N,597,33.33333333333334,2,0
N,598,34,2,0
N,599,34.66666666666666,2,0
N,600,35.33333333333334,2,0
N,601,36,2,0
N,602,36.66666666666666,2,0
N,603,37.33333333333334,2,0
N,604,38,2,0
N,605,38.66666666666666,2,0
N,606,39.33333333333334,2,0
N,607,40,2,0
N,608,40.66666666666666,2,0
N,609,41.33333333333334,2,0
N,610,42,2,0
N,611,42.66666666666666,2,0
N,612,43.33333333333334,2,0
N,613,44,2,0
N,614,44.66666666666666,2,0
N,615,45.33333333333334,2,0
N,616,46,2,0
N,617,46.66666666666666,2,0
N,618,47.33333333333334,2,0
N,619,48,2,0
N,620,48.66666666666666,2,0
N,621,49.33333333333334,2,0
N,622,50,2,0
N,623,50.66666666666666,2,0
N,624,51.33333333333334,2,0
N,625,52,2,0
N,626,52.66666666666666,2,0
N,627,53.33333333333334,2,0
N,628,54,2,0
N,629,54.66666666666666,2,0
N,630,55.33333333333334,2,0
N,631,56,2,0
N,632,56.66666666666666,2,0
N,633,57.33333333333334,2,0
N,634,58,2,0
N,635,58.66666666666666,2,0
N,636,59.33333333333334,2,0
N,637,60,2,0
N,638,0,2.333333333333333,0
N,639,0.6666666666666666,2.333333333333333,0
N,640,1.333333333333333,2.333333333333333,0
N,641,2,2.333333333333333,0
N,642,2.666666666666667,2.333333333333333,0
N,643,3.333333333333333,2.333333333333333,0
N,644,4,2.333333333333333,0
N,645,4.666666666666667,2.333333333333333,0
N,646,5.333333333333333,2.333333333333333,0
N,647,6,2.333333333333333,0
N,648,6.666666666666667,2.333333333333333,0
N,649,7.333333333333333,2.333333333333333,0
N,650,8,2.333333333333333,0
N,651,8.666666666666666,2.333333333333333,0
N,652,9.333333333333334,2.333333333333333,0
N,653,10,2.333333333333333,0
N,654,10.66666666666667,2.333333333333333,0
N,655,11.33333333333333,2.333333333333333,0
N,656,12,2.333333333333333,0
N,657,12.66666666666667,2.333333333333333,0
N,658,13.33333333333333,2.333333333333333,0
N,659,14,2.333333333333333,0
N,660,14.66666666666667,2.333333333333333,0
N,661,15.33333333333333,2.333333333333333,0
N,662,16,2.333333333333333,0
N,663,16.66666666666667,2.333333333333333,0
N,664,17.33333333333333,2.333333333333333,0
N,665,18,2.333333333333333,0
N,666,18.66666666666667,2.333333333333333,0
N,667,19.33333333333333,2.333333333333333,0
N,668,20,2.333333333333333,0
N,669,20.66666666666667,2.333333333333333,0
N,670,21.33333333333333,2.333333333333333,0
N,671,22,2.333333333333333,0
N,672,22.66666666666667,2.333333333333333,0
N,673,23.33333333333333,2.333333333333333,0
N,674,24,2.333333333333333,0
N,675,24.66666666666667,2.333333333333333,0
N,676,25.33333333333333,2.333333333333333,0
N,677,26,2.333333333333333,0
N,678,26.66666666666667,2.333333333333333,0
N,679,27.33333333333333,2.333333333333333,0
N,680,28,2.333333333333333,0
N,681,28.66666666666667,2.333333333333333,0
N,682,29.33333333333333,2.333333333333333,0
N,683,30,2.333333333333333,0
N,684,30.66666666666667,2.333333333333333,0
N,685,31.33333333333333,2.333333333333333,0
N,686,32,2.333333333333333,0
N,687,32.66666666666666,2.333333333333333,0
N,688,33.33333333333334,2.333333333333333,0
N,689,34,2.333333333333333,0
N,690,34.66666666666666,2.333333333333333,0
N,691,35.33333333333334,2.333333333333333,0
N,692,36,2.333333333333333,0
N,693,36.66666666666666,2.333333333333333,0
N,694,37.33333333333334,2.333333333333333,0
N,695,38,2.333333333333333,0
N,696,38.66666666666666,2.333333333333333,0
N,697,39.33333333333334,2.333333333333333,0
N,698,40,2.333333333333333,0
N,699,40.66666666666666,2.333333333333333,0
N,700,41.33333333333334,2.333333333333333,0
N,701,42,2.333333333333333,0
N,702,42.66666666666666,2.333333333333333,0
N,703,43.33333333333334,2.333333333333333,0
N,704,44,2.333333333333333,0
N,705,44.66666666666666,2.333333333333333,0
N,706,45.33333333333334,2.333333333333333,0
N,707,46,2.333333333333333,0
N,708,46.66666666666666,2.333333333333333,0
N,709,47.33333333333334,2.333333333333333,0
N,710,48,2.333333333333333,0
N,711,48.66666666666666,2.333333333333333,0
N,712,49.33333333333334,2.333333333333333,0
N,713,50,2.333333333333333,0
N,714,50.66666666666666,2.333333333333333,0
N,715,51.33333333333334,2.333333333333333,0
N,716,52,2.333333333333333,0
N,717,52.66666666666666,2.333333333333333,0
N,718,53.33333333333334,2.333333333333333,0
N,719,54,2.333333333333333,0
N,720,54.66666666666666,2.333333333333333,0
N,721,55.33333333333334,2.333333333333333,0
N,722,56,2.333333333333333,0
N,723,56.66666666666666,2.333333333333333,0
N,724,57.33333333333334,2.333333333333333,0
N,725,58,2.333333333333333,0
N,726,58.66666666666666,2.333333333333333,0
N,727,59.33333333333334,2.333333333333333,0
N,728,60,2.333333333333333,0
N,729,0,2.666666666666667,0
N,730,0.6666666666666666,2.666666666666667,0
N,731,1.333333333333333,2.666666666666667,0
N,732,2,2.666666666666667,0
N,733,2.666666666666667,2.666666666666667,0
N,734,3.333333333333333,2.666666666666667,0
N,735,4,2.666666666666667,0
N,736,4.666666666666667,2.666666666666667,0
N,737,5.333333333333333,2.666666666666667,0
N,738,6,2.666666666666667,0
N,739,6.666666666666667,2.666666666666667,0
N,740,7.333333333333333,2.666666666666667,0
N,741,8,2.666666666666667,0
N,742,8.666666666666666,2.666666666666667,0
N,743,9.333333333333334,2.666666666666667,0
N,744,10,2.666666666666667,0
N,745,10.66666666666667,2.666666666666667,0
N,746,11.33333333333333,2.666666666666667,0
N,747,12,2.666666666666667,0
N,748,12.66666666666667,2.666666666666667,0
N,749,13.33333333333333,2.666666666666667,0
N,750,14,2.666666666666667,0
N,751,14.66666666666667,2.666666666666667,0
N,752,15.33333333333333,2.666666666666667,0
N,753,16,2.666666666666667,0
N,754,16.66666666666667,2.666666666666667,0
N,755,17.33333333333333,2.666666666666667,0
N,756,18,2.666666666666667,0
N,757,18.66666666666667,2.666666666666667,0
N,758,19.33333333333333,2.666666666666667,0
N,759,20,2.666666666666667,0
N,760,20.66666666666667,2.666666666666667,0
N,761,21.33333333333333,2.666666666666667,0
N,762,22,2.666666666666667,0
N,763,22.66666666666667,2.666666666666667,0
N,764,23.33333333333333,2.666666666666667,0
N,765,24,2.666666666666667,0
N,766,24.66666666666667,2.666666666666667,0
N,767,25.33333333333333,2.666666666666667,0
N,768,26,2.666666666666667,0
N,769,26.66666666666667,2.666666666666667,0
N,770,27.33333333333333,2.666666666666667,0
N,771,28,2.666666666666667,0
N,772,28.66666666666667,2.666666666666667,0
N,773,29.33333333333333,2.666666666666667,0
N,774,30,2.666666666666667,0
N,775,30.66666666666667,2.666666666666667,0
N,776,31.33333333333333,2.666666666666667,0
N,777,32,2.666666666666667,0
N,778,32.66666666666666,2.666666666666667,0
N,779,33.33333333333334,2.666666666666667,0
N,780,34,2.666666666666667,0
N,781,34.66666666666666,2.666666666666667,0
N,782,35.33333333333334,2.666666666666667,0
N,783,36,2.666666666666667,0
N,784,36.66666666666666,2.666666666666667,0
N,785,37.33333333333334,2.666666666666667,0
N,786,38,2.666666666666667,0
N,787,38.66666666666666,2.666666666666667,0
N,788,39.33333333333334,2.666666666666667,0
N,789,40,2.666666666666667,0
N,790,40.66666666666666,2.666666666666667,0
N,791,41.33333333333334,2.666666666666667,0
N,792,42,2.666666666666667,0
N,793,42.66666666666666,2.666666666666667,0
N,794,43.33333333333334,2.666666666666667,0
N,795,44,2.666666666666667,0
N,796,44.66666666666666,2.666666666666667,0
N,797,45.33333333333334,2.666666666666667,0
N,798,46,2.666666666666667,0
N,799,46.66666666666666,2.666666666666667,0
N,800,47.33333333333334,2.666666666666667,0
N,801,48,2.666666666666667,0
N,802,48.66666666666666,2.666666666666667,0
N,803,49.33333333333334,2.666666666666667,0
N,804,50,2.666666666666667,0
N,805,50.66666666666666,2.666666666666667,0
N,806,51.33333333333334,2.666666666666667,0
N,807,52,2.666666666666667,0
N,808,52.66666666666666,2.666666666666667,0
N,809,53.33333333333334,2.666666666666667,0
N,810,54,2.666666666666667,0
N,811,54.66666666666666,2.666666666666667,0
N,812,55.33333333333334,2.666666666666667,0
N,813,56,2.666666666666667,0
N,814,56.66666666666666,2.666666666666667,0
N,815,57.33333333333334,2.666666666666667,0
N,816,58,2.666666666666667,0
N,817,58.66666666666666,2.666666666666667,0
N,818,59.33333333333334,2.666666666666667,0
N,819,60,2.666666666666667,0
N,820,0,3,0
N,821,0.6666666666666666,3,0
N,822,1.333333333333333,3,0
N,823,2,3,0
N,824,2.666666666666667,3,0
N,825,3.333333333333333,3,0
N,826,4,3,0
N,827,4.666666666666667,3,0
N,828,5.333333333333333,3,0
N,829,6,3,0
N,830,6.666666666666667,3,0
N,831,7.333333333333333,3,0
N,832,8,3,0
N,833,8.666666666666666,3,0
N,834,9.333333333333334,3,0
N,835,10,3,0
N,836,10.66666666666667,3,0
N,837,11.33333333333333,3,0
N,838,12,3,0
N,839,12.66666666666667,3,0
N,840,13.33333333333333,3,0
N,841,14,3,0
N,842,14.66666666666667,3,0
N,843,15.33333333333333,3,0
N,844,16,3,0
N,845,16.66666666666667,3,0
N,846,17.33333333333333,3,0
N,847,18,3,0
N,848,18.66666666666667,3,0
N,849,19.33333333333333,3,0
N,850,20,3,0
N,851,20.66666666666667,3,0
N,852,21.33333333333333,3,0
N,853,22,3,0
N,854,22.66666666666667,3,0
N,855,23.33333333333333,3,0
N,856,24,3,0
N,857,24.66666666666667,3,0
N,858,25.33333333333333,3,0
N,859,26,3,0
N,860,26.66666666666667,3,0
N,861,27.33333333333333,3,0
N,862,28,3,0
N,863,28.66666666666667,3,0
N,864,29.33333333333333,3,0
N,865,30,3,0
N,866,30.66666666666667,3,0
N,867,31.33333333333333,3,0
N,868,32,3,0
N,869,32.66666666666666,3,0
N,870,33.33333333333334,3,0
N,871,34,3,0
N,872,34.66666666666666,3,0
N,873,35.33333333333334,3,0
N,874,36,3,0
N,875,36.66666666666666,3,0
N,876,37.33333333333334,3,0
N,877,38,3,0
N,878,38.66666666666666,3,0
N,879,39.33333333333334,3,0
N,880,40,3,0
N,881,40.66666666666666,3,0
N,882,41.33333333333334,3,0
N,883,42,3,0
N,884,42.66666666666666,3,0
N,885,43.33333333333334,3,0
N,886,44,3,0
N,887,44.66666666666666,3,0
N,888,45.33333333333334,3,0
N,889,46,3,0
N,890,46.66666666666666,3,0
N,891,47.33333333333334,3,0
N,892,48,3,0
N,893,48.66666666666666,3,0
N,894,49.33333333333334,3,0
N,895,50,3,0
N,896,50.66666666666666,3,0
N,897,51.33333333333334,3,0
N,898,52,3,0
N,899,52.66666666666666,3,0
N,900,53.33333333333334,3,0
N,901,54,3,0
N,902,54.66666666666666,3,0
N,903,55.33333333333334,3,0
N,904,56,3,0
N,905,56.66666666666666,3,0
N,906,57.33333333333334,3,0
N,907,58,3,0
N,908,58.66666666666666,3,0
N,909,59.33333333333334,3,0
N,910,60,3,0
N,911,0,3.333333333333333,0
N,912,0.6666666666666666,3.333333333333333,0
N,913,1.333333333333333,3.333333333333333,0
N,914,2,3.333333333333333,0
N,915,2.666666666666667,3.333333333333333,0
N,916,3.333333333333333,3.333333333333333,0
N,917,4,3.333333333333333,0
N,918,4.666666666666667,3.333333333333333,0
N,919,5.333333333333333,3.333333333333333,0
N,920,6,3.333333333333333,0
N,921,6.666666666666667,3.333333333333333,0
N,922,7.333333333333333,3.333333333333333,0
N,923,8,3.333333333333333,0
N,924,8.666666666666666,3.333333333333333,0
N,925,9.333333333333334,3.333333333333333,0
N,926,10,3.333333333333333,0
N,927,10.66666666666667,3.333333333333333,0
N,928,11.33333333333333,3.333333333333333,0
N,929,12,3.333333333333333,0
N,930,12.66666666666667,3.333333333333333,0
N,931,13.33333333333333,3.333333333333333,0
N,932,14,3.333333333333333,0
N,933,14.66666666666667,3.333333333333333,0
N,934,15.33333333333333,3.333333333333333,0
N,935,16,3.333333333333333,0
N,936,16.66666666666667,3.333333333333333,0
N,937,17.33333333333333,3.333333333333333,0
N,938,18,3.333333333333333,0
N,939,18.66666666666667,3.333333333333333,0
N,940,19.33333333333333,3.333333333333333,0
N,941,20,3.333333333333333,0
N,942,20.66666666666667,3.333333333333333,0
N,943,21.33333333333333,3.333333333333333,0
N,944,22,3.333333333333333,0
N,945,22.66666666666667,3.333333333333333,0
N,946,23.33333333333333,3.333333333333333,0
N,947,24,3.333333333333333,0
N,948,24.66666666666667,3.333333333333333,0
N,949,25.33333333333333,3.333333333333333,0
N,950,26,3.333333333333333,0
N,951,26.66666666666667,3.333333333333333,0
N,952,27.33333333333333,3.333333333333333,0
N,953,28,3.333333333333333,0
N,954,28.66666666666667,3.333333333333333,0
N,955,29.33333333333333,3.333333333333333,0
N,956,30,3.333333333333333,0
N,957,30.66666666666667,3.333333333333333,0
N,958,31.33333333333333,3.333333333333333,0
N,959,32,3.333333333333333,0
N,960,32.66666666666666,3.333333333333333,0
N,961,33.33333333333334,3.333333333333333,0
N,962,34,3.333333333333333,0
N,963,34.66666666666666,3.333333333333333,0
N,964,35.33333333333334,3.333333333333333,0
N,965,36,3.333333333333333,0
N,966,36.66666666666666,3.333333333333333,0
N,967,37.33333333333334,3.333333333333333,0
N,968,38,3.333333333333333,0
N,969,38.66666666666666,3.333333333333333,0
N,970,39.33333333333334,3.333333333333333,0
N,971,40,3.333333333333333,0
N,972,40.66666666666666,3.333333333333333,0
N,973,41.33333333333334,3.333333333333333,0
N,974,42,3.333333333333333,0
N,975,42.66666666666666,3.333333333333333,0
N,976,43.33333333333334,3.333333333333333,0
N,977,44,3.333333333333333,0
N,978,44.66666666666666,3.333333333333333,0
N,979,45.33333333333334,3.333333333333333,0
N,980,46,3.333333333333333,0
N,981,46.66666666666666,3.333333333333333,0
N,982,47.33333333333334,3.333333333333333,0
N,983,48,3.333333333333333,0
N,984,48.66666666666666,3.333333333333333,0
N,985,49.33333333333334,3.333333333333333,0
N,986,50,3.333333333333333,0
N,987,50.66666666666666,3.333333333333333,0
N,988,51.33333333333334,3.333333333333333,0
N,989,52,3.333333333333333,0
N,990,52.66666666666666,3.333333333333333,0
N,991,53.33333333333334,3.333333333333333,0
N,992,54,3.333333333333333,0
N,993,54.66666666666666,3.333333333333333,0
N,994,55.33333333333334,3.333333333333333,0
N,995,56,3.333333333333333,0
N,996,56.66666666666666,3.333333333333333,0
N,997,57.33333333333334,3.333333333333333,0
N,998,58,3.333333333333333,0
N,999,58.66666666666666,3.333333333333333,0
N,1000,59.33333333333334,3.333333333333333,0
N,1001,60,3.333333333333333,0
N,1002,0,3.666666666666667,0
N,1003,0.6666666666666666,3.666666666666667,0
N,1004,1.333333333333333,3.666666666666667,0
N,1005,2,3.666666666666667,0
N,1006,2.666666666666667,3.666666666666667,0
N,1007,3.333333333333333,3.666666666666667,0
N,1008,4,3.666666666666667,0
N,1009,4.666666666666667,3.666666666666667,0
N,1010,5.333333333333333,3.666666666666667,0
N,1011,6,3.666666666666667,0
N,1012,6.666666666666667,3.666666666666667,0
N,1013,7.333333333333333,3.666666666666667,0
N,1014,8,3.666666666666667,0
N,1015,8.666666666666666,3.666666666666667,0
N,1016,9.333333333333334,3.666666666666667,0
N,1017,10,3.666666666666667,0
N,1018,10.66666666666667,3.666666666666667,0
N,1019,11.33333333333333,3.666666666666667,0
N,1020,12,3.666666666666667,0
N,1021,12.66666666666667,3.666666666666667,0
N,1022,13.33333333333333,3.666666666666667,0
N,1023,14,3.666666666666667,0
N,1024,14.66666666666667,3.666666666666667,0
N,1025,15.33333333333333,3.666666666666667,0
N,1026,16,3.666666666666667,0
N,1027,16.66666666666667,3.666666666666667,0
N,1028,17.33333333333333,3.666666666666667,0
N,1029,18,3.666666666666667,0
N,1030,18.66666666666667,3.666666666666667,0
N,1031,19.33333333333333,3.666666666666667,0
N,1032,20,3.666666666666667,0
N,1033,20.66666666666667,3.666666666666667,0
N,1034,21.33333333333333,3.666666666666667,0
N,1035,22,3.666666666666667,0
N,1036,22.66666666666667,3.666666666666667,0
N,1037,23.33333333333333,3.666666666666667,0
N,1038,24,3.666666666666667,0
N,1039,24.66666666666667,3.666666666666667,0
N,1040,25.33333333333333,3.666666666666667,0
N,1041,26,3.666666666666667,0
N,1042,26.66666666666667,3.666666666666667,0
N,1043,27.33333333333333,3.666666666666667,0
N,1044,28,3.666666666666667,0
N,1045,28.66666666666667,3.666666666666667,0
N,1046,29.33333333333333,3.666666666666667,0
N,1047,30,3.666666666666667,0
N,1048,30.66666666666667,3.666666666666667,0
N,1049,31.33333333333333,3.666666666666667,0
N,1050,32,3.666666666666667,0
N,1051,32.66666666666666,3.666666666666667,0
N,1052,33.33333333333334,3.666666666666667,0
N,1053,34,3.666666666666667,0
N,1054,34.66666666666666,3.666666666666667,0
N,1055,35.33333333333334,3.666666666666667,0
N,1056,36,3.666666666666667,0
N,1057,36.66666666666666,3.666666666666667,0
N,1058,37.33333333333334,3.666666666666667,0
N,1059,38,3.666666666666667,0
N,1060,38.66666666666666,3.666666666666667,0
N,1061,39.33333333333334,3.666666666666667,0
N,1062,40,3.666666666666667,0
N,1063,40.66666666666666,3.666666666666667,0
N,1064,41.33333333333334,3.666666666666667,0
N,1065,42,3.666666666666667,0
N,1066,42.66666666666666,3.666666666666667,0
N,1067,43.33333333333334,3.666666666666667,0
N,1068,44,3.666666666666667,0
N,1069,44.66666666666666,3.666666666666667,0
N,1070,45.33333333333334,3.666666666666667,0
N,1071,46,3.666666666666667,0
N,1072,46.66666666666666,3.666666666666667,0
N,1073,47.33333333333334,3.666666666666667,0
N,1074,48,3.666666666666667,0
N,1075,48.66666666666666,3.666666666666667,0
N,1076,49.33333333333334,3.666666666666667,0
N,1077,50,3.666666666666667,0
N,1078,50.66666666666666,3.666666666666667,0
N,1079,51.33333333333334,3.666666666666667,0
N,1080,52,3.666666666666667,0
N,1081,52.66666666666666,3.666666666666667,0
N,1082,53.33333333333334,3.666666666666667,0
N,1083,54,3.666666666666667,0
N,1084,54.66666666666666,3.666666666666667,0
N,1085,55.33333333333334,3.666666666666667,0
N,1086,56,3.666666666666667,0
N,1087,56.66666666666666,3.666666666666667,0
N,1088,57.33333333333334,3.666666666666667,0
N,1089,58,3.666666666666667,0
N,1090,58.66666666666666,3.666666666666667,0
N,1091,59.33333333333334,3.666666666666667,0
N,1092,60,3.666666666666667,0
N,1093,0,4,0
N,1094,0.6666666666666666,4,0
N,1095,1.333333333333333,4,0
N,1096,2,4,0
N,1097,2.666666666666667,4,0
N,1098,3.333333333333333,4,0
N,1099,4,4,0
N,1100,4.666666666666667,4,0
N,1101,5.333333333333333,4,0
N,1102,6,4,0
N,1103,6.666666666666667,4,0
N,1104,7.333333333333333,4,0
N,1105,8,4,0
N,1106,8.666666666666666,4,0
N,1107,9.333333333333334,4,0
N,1108,10,4,0
N,1109,10.66666666666667,4,0
N,1110,11.33333333333333,4,0
N,1111,12,4,0
N,1112,12.66666666666667,4,0
N,1113,13.33333333333333,4,0
N,1114,14,4,0
N,1115,14.66666666666667,4,0
N,1116,15.33333333333333,4,0
N,1117,16,4,0
N,1118,16.66666666666667,4,0
N,1119,17.33333333333333,4,0
N,1120,18,4,0
N,1121,18.66666666666667,4,0
N,1122,19.33333333333333,4,0
N,1123,20,4,0
N,1124,20.66666666666667,4,0
N,1125,21.33333333333333,4,0
N,1126,22,4,0
N,1127,22.66666666666667,4,0
N,1128,23.33333333333333,4,0
N,1129,24,4,0
N,1130,24.66666666666667,4,0
N,1131,25.33333333333333,4,0
N,1132,26,4,0
N,1133,26.66666666666667,4,0
N,1134,27.33333333333333,4,0
N,1135,28,4,0
N,1136,28.66666666666667,4,0
N,1137,29.33333333333333,4,0
N,1138,30,4,0
N,1139,30.66666666666667,4,0
N,1140,31.33333333333333,4,0
N,1141,32,4,0
N,1142,32.66666666666666,4,0
N,1143,33.33333333333334,4,0
N,1144,34,4,0
N,1145,34.66666666666666,4,0
N,1146,35.33333333333334,4,0
N,1147,36,4,0
N,1148,36.66666666666666,4,0
N,1149,37.33333333333334,4,0
N,1150,38,4,0
N,1151,38.66666666666666,4,0
N,1152,39.33333333333334,4,0
N,1153,40,4,0
N,1154,40.66666666666666,4,0
N,1155,41.33333333333334,4,0
N,1156,42,4,0
N,1157,42.66666666666666,4,0
N,1158,43.33333333333334,4,0
N,1159,44,4,0
N,1160,44.66666666666666,4,0
N,1161,45.33333333333334,4,0
N,1162,46,4,0
N,1163,46.66666666666666,4,0
N,1164,47.33333333333334,4,0
N,1165,48,4,0
N,1166,48.66666666666666,4,0
N,1167,49.33333333333334,4,0
N,1168,50,4,0
N,1169,50.66666666666666,4,0
N,1170,51.33333333333334,4,0
N,1171,52,4,0
N,1172,52.66666666666666,4,0
N,1173,53.33333333333334,4,0
N,1174,54,4,0
N,1175,54.66666666666666,4,0
N,1176,55.33333333333334,4,0
N,1177,56,4,0
N,1178,56.66666666666666,4,0
N,1179,57.33333333333334,4,0
N,1180,58,4,0
N,1181,58.66666666666666,4,0
N,1182,59.33333333333334,4,0
N,1183,60,4,0
MAT,1
E,1,2,93,92
E,2,3,94,93
E,3,4,95,94
E,4,5,96,95
E,5,6,97,96
E,6,7,98,97
E,7,8,99,98
E,8,9,100,99
E,9,10,101,100
E,10,11,102,101
E,11,12,103,102
E,12,13,104,103
E,13,14,105,104
E,14,15,106,105
E,15,16,107,106
E,16,17,108,107
E,17,18,109,108
E,18,19,110,109
E,19,20,111,110
E,20,21,112,111
E,21,22,113,112
E,22,23,114,113
E,23,24,115,114
E,24,25,116,115
E,25,26,117,116
E,26,27,118,117
E,27,28,119,118
E,28,29,120,119
E,29,30,121,120
E,30,31,122,121
E,31,32,123,122
E,32,33,124,123
E,33,34,125,124
E,34,35,126,125
E,35,36,127,126
E,36,37,128,127
E,37,38,129,128
E,38,39,130,129
E,39,40,131,130
E,40,41,132,131
E,41,42,133,132
E,42,43,134,133
E,43,44,135,134
E,44,45,136,135
E,45,46,137,136
E,46,47,138,137
E,47,48,139,138
E,48,49,140,139
E,49,50,141,140
E,50,51,142,141
E,51,52,143,142
E,52,53,144,143
E,53,54,145,144
E,54,55,146,145
E,55,56,147,146
E,56,57,148,147
E,57,58,149,148
E,58,59,150,149
E,59,60,151,150
E,60,61,152,151
E,61,62,153,152
E,62,63,154,153
E,63,64,155,154
E,64,65,156,155
E,65,66,157,156
E,66,67,158,157
E,67,68,159,158
E,68,69,160,159
E,69,70,161,160
E,70,71,162,161
E,71,72,163,162
E,72,73,164,163
E,73,74,165,164
E,74,75,166,165
E,75,76,167,166
E,76,77,168,167
E,77,78,169,168
E,78,79,170,169
E,79,80,171,170
E,80,81,172,171
E,81,82,173,172
E,82,83,174,173
E,83,84,175,174
E,84,85,176,175
E,85,86,177,176
E,86,87,178,177
E,87,88,179,178
E,88,89,180,179
E,89,90,181,180
E,90,91,182,181
MAT,1
E,92,93,184,183
E,93,94,185,184
E,94,95,186,185
E,95,96,187,186
E,96,97,188,187
E,97,98,189,188
E,98,99,190,189
E,99,100,191,190
E,100,101,192,191
E,101,102,193,192
E,102,103,194,193
E,103,104,195,194
E,104,105,196,195
E,105,106,197,196
E,106,107,198,197
E,107,108,199,198
E,108,109,200,199
E,109,110,201,200
E,110,111,202,201
E,111,112,203,202
E,112,113,204,203
E,113,114,205,204
E,114,115,206,205
E,115,116,207,206
E,116,117,208,207
E,117,118,209,208
E,118,119,210,209
E,119,120,211,210
E,120,121,212,211
E,121,122,213,212
E,122,123,214,213
E,123,124,215,214
E,124,125,216,215
E,125,126,217,216
E,126,127,218,217
E,127,128,219,218
E,128,129,220,219
E,129,130,221,220
E,130,131,222,221
E,131,132,223,222
E,132,133,224,223
E,133,134,225,224
E,134,135,226,225
E,135,136,227,226
E,136,137,228,227
E,137,138,229,228
E,138,139,230,229
E,139,140,231,230
E,140,141,232,231
E,141,142,233,232
E,142,143,234,233
E,143,144,235,234
E,144,145,236,235
E,145,146,237,236
E,146,147,238,237
E,147,148,239,238
E,148,149,240,239
E,149,150,241,240
E,150,151,242,241
E,151,152,243,242
E,152,153,244,243
E,153,154,245,244
E,154,155,246,245
E,155,156,247,246
E,156,157,248,247
E,157,158,249,248
E,158,159,250,249
E,159,160,251,250
E,160,161,252,251
E,161,162,253,252
E,162,163,254,253
E,163,164,255,254
E,164,165,256,255
E,165,166,257,256
E,166,167,258,257
E,167,168,259,258
E,168,169,260,259
E,169,170,261,260
E,170,171,262,261
E,171,172,263,262
E,172,173,264,263
E,173,174,265,264
E,174,175,266,265
E,175,176,267,266
E,176,177,268,267
E,177,178,269,268
E,178,179,270,269
E,179,180,271,270
E,180,181,272,271
E,181,182,273,272
MAT,1
E,183,184,275,274
E,184,185,276,275
E,185,186,277,276
E,186,187,278,277
E,187,188,279,278
E,188,189,280,279
E,189,190,281,280
E,190,191,282,281
E,191,192,283,282
E,192,193,284,283
E,193,194,285,284
E,194,195,286,285
E,195,196,287,286
E,196,197,288,287
E,197,198,289,288
E,198,199,290,289
E,199,200,291,290
E,200,201,292,291
E,201,202,293,292
E,202,203,294,293
E,203,204,295,294
E,204,205,296,295
E,205,206,297,296
E,206,207,298,297
E,207,208,299,298
E,208,209,300,299
E,209,210,301,300
E,210,211,302,301
E,211,212,303,302
E,212,213,304,303
E,213,214,305,304
E,214,215,306,305
E,215,216,307,306
E,216,217,308,307
E,217,218,309,308
E,218,219,310,309
E,219,220,311,310
E,220,221,312,311
E,221,222,313,312
E,222,223,314,313
E,223,224,315,314
E,224,225,316,315
E,225,226,317,316
E,226,227,318,317
E,227,228,319,318
E,228,229,320,319
E,229,230,321,320
E,230,231,322,321
E,231,232,323,322
E,232,233,324,323
E,233,234,325,324
E,234,235,326,325
E,235,236,327,326
E,236,237,328,327
E,237,238,329,328
E,238,239,330,329
E,239,240,331,330
E,240,241,332,331
E,241,242,333,332
E,242,243,334,333
E,243,244,335,334
E,244,245,336,335
E,245,246,337,336
E,246,247,338,337
E,247,248,339,338
E,248,249,340,339
E,249,250,341,340
E,250,251,342,341
E,251,252,343,342
E,252,253,344,343
E,253,254,345,344
E,254,255,346,345
E,255,256,347,346
E,256,257,348,347
E,257,258,349,348
E,258,259,350,349
E,259,260,351,350
E,260,261,352,351
E,261,262,353,352
E,262,263,354,353
E,263,264,355,354
E,264,265,356,355
E,265,266,357,356
E,266,267,358,357
E,267,268,359,358
E,268,269,360,359
E,269,270,361,360
E,270,271,362,361
E,271,272,363,362
E,272,273,364,363
MAT,1
E,274,275,366,365
E,275,276,367,366
E,276,277,368,367
E,277,278,369,368
E,278,279,370,369
E,279,280,371,370
E,280,281,372,371
E,281,282,373,372
E,282,283,374,373
E,283,284,375,374
E,284,285,376,375
E,285,286,377,376
E,286,287,378,377
E,287,288,379,378
E,288,289,380,379
E,289,290,381,380
E,290,291,382,381
E,291,292,383,382
E,292,293,384,383
E,293,294,385,384
E,294,295,386,385
E,295,296,387,386
E,296,297,388,387
E,297,298,389,388
E,298,299,390,389
E,299,300,391,390
E,300,301,392,391
E,301,302,393,392
E,302,303,394,393
E,303,304,395,394
E,304,305,396,395
E,305,306,397,396
E,306,307,398,397
E,307,308,399,398
E,308,309,400,399
E,309,310,401,400
E,310,311,402,401
E,311,312,403,402
E,312,313,404,403
E,313,314,405,404
E,314,315,406,405
E,315,316,407,406
E,316,317,408,407
E,317,318,409,408
E,318,319,410,409
E,319,320,411,410
E,320,321,412,411
E,321,322,413,412
E,322,323,414,413
E,323,324,415,414
E,324,325,416,415
E,325,326,417,416
E,326,327,418,417
E,327,328,419,418
E,328,329,420,419
E,329,330,421,420
E,330,331,422,421
E,331,332,423,422
E,332,333,424,423
E,333,334,425,424
E,334,335,426,425
E,335,336,427,426
E,336,337,428,427
E,337,338,429,428
E,338,339,430,429
E,339,340,431,430
E,340,341,432,431
E,341,342,433,432
E,342,343,434,433
E,343,344,435,434
E,344,345,436,435
E,345,346,437,436
E,346,347,438,437
E,347,348,439,438
E,348,349,440,439
E,349,350,441,440
E,350,351,442,441
E,351,352,443,442
E,352,353,444,443
E,353,354,445,444
E,354,355,446,445
E,355,356,447,446
E,356,357,448,447
E,357,358,449,448
E,358,359,450,449
E,359,360,451,450
E,360,361,452,451
E,361,362,453,452
E,362,363,454,453
E,363,364,455,454
MAT,1
E,365,366,457,456
E,366,367,458,457
E,367,368,459,458
E,368,369,460,459
E,369,370,461,460
E,370,371,462,461
E,371,372,463,462
E,372,373,464,463
E,373,374,465,464
E,374,375,466,465
E,375,376,467,466
E,376,377,468,467
E,377,378,469,468
E,378,379,470,469
E,379,380,471,470
E,380,381,472,471
E,381,382,473,472
E,382,383,474,473
E,383,384,475,474
E,384,385,476,475
E,385,386,477,476
E,386,387,478,477
E,387,388,479,478
E,388,389,480,479
E,389,390,481,480
E,390,391,482,481
E,391,392,483,482
E,392,393,484,483
E,393,394,485,484
E,394,395,486,485
E,395,396,487,486
E,396,397,488,487
E,397,398,489,488
E,398,399,490,489
E,399,400,491,490
E,400,401,492,491
E,401,402,493,492
E,402,403,494,493
E,403,404,495,494
E,404,405,496,495
E,405,406,497,496
E,406,407,498,497
E,407,408,499,498
E,408,409,500,499
E,409,410,501,500
E,410,411,502,501
E,411,412,503,502
E,412,413,504,503
E,413,414,505,504
E,414,415,506,505
E,415,416,507,506
E,416,417,508,507
E,417,418,509,508
E,418,419,510,509
E,419,420,511,510
E,420,421,512,511
E,421,422,513,512
E,422,423,514,513
E,423,424,515,514
E,424,425,516,515
E,425,426,517,516
E,426,427,518,517
E,427,428,519,518
E,428,429,520,519
E,429,430,521,520
E,430,431,522,521
E,431,432,523,522
E,432,433,524,523
E,433,434,525,524
E,434,435,526,525
E,435,436,527,526
E,436,437,528,527
E,437,438,529,528
E,438,439,530,529
E,439,440,531,530
E,440,441,532,531
E,441,442,533,532
E,442,443,534,533
E,443,444,535,534
E,444,445,536,535
E,445,446,537,536
E,446,447,538,537
E,447,448,539,538
E,448,449,540,539
E,449,450,541,540
E,450,451,542,541
E,451,452,543,542
E,452,453,544,543
E,453,454,545,544
E,454,455,546,545
MAT,1
E,456,457,548,547
E,457,458,549,548
E,458,459,550,549
E,459,460,551,550
E,460,461,552,551
E,461,462,553,552
E,462,463,554,553
E,463,464,555,554
E,464,465,556,555
E,465,466,557,556
E,466,467,558,557
E,467,468,559,558
E,468,469,560,559
E,469,470,561,560
E,470,471,562,561
E,471,472,563,562
E,472,473,564,563
E,473,474,565,564
E,474,475,566,565
E,475,476,567,566
E,476,477,568,567
E,477,478,569,568
E,478,479,570,569
E,479,480,571,570
E,480,481,572,571
E,481,482,573,572
E,482,483,574,573
E,483,484,575,574
E,484,485,576,575
E,485,486,577,576
E,486,487,578,577
E,487,488,579,578
E,488,489,580,579
E,489,490,581,580
E,490,491,582,581
E,491,492,583,582
E,492,493,584,583
E,493,494,585,584
E,494,495,586,585
E,495,496,587,586
E,496,497,588,587
E,497,498,589,588
E,498,499,590,589
E,499,500,591,590
E,500,501,592,591
E,501,502,593,592
E,502,503,594,593
E,503,504,595,594
E,504,505,596,595
E,505,506,597,596
E,506,507,598,597
E,507,508,599,598
E,508,509,600,599
E,509,510,601,600
E,510,511,602,601
E,511,512,603,602
E,512,513,604,603
E,513,514,605,604
E,514,515,606,605
E,515,516,607,606
E,516,517,608,607
E,517,518,609,608
E,518,519,610,609
E,519,520,611,610
E,520,521,612,611
E,521,522,613,612
E,522,523,614,613
E,523,524,615,614
E,524,525,616,615
E,525,526,617,616
E,526,527,618,617
E,527,528,619,618
E,528,529,620,619
E,529,530,621,620
E,530,531,622,621
E,531,532,623,622
E,532,533,624,623
E,533,534,625,624
E,534,535,626,625
E,535,536,627,626
E,536,537,628,627
E,537,538,629,628
E,538,539,630,629
E,539,540,631,630
E,540,541,632,631
E,541,542,633,632
E,542,543,634,633
E,543,544,635,634
E,544,545,636,635
E,545,546,637,636
MAT,2
E,547,548,639,638
E,548,549,640,639
E,549,550,641,640
E,550,551,642,641
E,551,552,643,642
E,552,553,644,643
E,553,554,645,644
E,554,555,646,645
E,555,556,647,646
E,556,557,648,647
E,557,558,649,648
E,558,559,650,649
E,559,560,651,650
E,560,561,652,651
E,561,562,653,652
E,562,563,654,653
E,563,564,655,654
E,564,565,656,655
E,565,566,657,656
E,566,567,658,657
E,567,568,659,658
E,568,569,660,659
E,569,570,661,660
E,570,571,662,661
E,571,572,663,662
E,572,573,664,663
E,573,574,665,664
E,574,575,666,665
E,575,576,667,666
E,576,577,668,667
E,577,578,669,668
E,578,579,670,669
E,579,580,671,670
E,580,581,672,671
E,581,582,673,672
E,582,583,674,673
E,583,584,675,674
E,584,585,676,675
E,585,586,677,676
E,586,587,678,677
E,587,588,679,678
E,588,589,680,679
E,589,590,681,680
E,590,591,682,681
E,591,592,683,682
E,592,593,684,683
E,593,594,685,684
E,594,595,686,685
E,595,596,687,686
E,596,597,688,687
E,597,598,689,688
E,598,599,690,689
E,599,600,691,690
E,600,601,692,691
E,601,602,693,692
E,602,603,694,693
E,603,604,695,694
E,604,605,696,695
E,605,606,697,696
E,606,607,698,697
E,607,608,699,698
E,608,609,700,699
E,609,610,701,700
E,610,611,702,701
E,611,612,703,702
E,612,613,704,703
E,613,614,705,704
E,614,615,706,705
E,615,616,707,706
E,616,617,708,707
E,617,618,709,708
E,618,619,710,709
E,619,620,711,710
E,620,621,712,711
E,621,622,713,712
E,622,623,714,713
E,623,624,715,714
E,624,625,716,715
E,625,626,717,716
E,626,627,718,717
E,627,628,719,718
E,628,629,720,719
E,629,630,721,720
E,630,631,722,721
E,631,632,723,722
E,632,633,724,723
E,633,634,725,724
E,634,635,726,725
E,635,636,727,726
E,636,637,728,727
MAT,2
E,638,639,730,729
E,639,640,731,730
E,640,641,732,731
E,641,642,733,732
E,642,643,734,733
E,643,644,735,734
E,644,645,736,735
E,645,646,737,736
E,646,647,738,737
E,647,648,739,738
E,648,649,740,739
E,649,650,741,740
E,650,651,742,741
E,651,652,743,742
E,652,653,744,743
E,653,654,745,744
E,654,655,746,745
E,655,656,747,746
E,656,657,748,747
E,657,658,749,748
E,658,659,750,749
E,659,660,751,750
E,660,661,752,751
E,661,662,753,752
E,662,663,754,753
E,663,664,755,754
E,664,665,756,755
E,665,666,757,756
E,666,667,758,757
E,667,668,759,758
E,668,669,760,759
E,669,670,761,760
E,670,671,762,761
E,671,672,763,762
E,672,673,764,763
E,673,674,765,764
E,674,675,766,765
E,675,676,767,766
E,676,677,768,767
E,677,678,769,768
E,678,679,770,769
E,679,680,771,770
E,680,681,772,771
E,681,682,773,772
E,682,683,774,773
E,683,684,775,774
E,684,685,776,775
E,685,686,777,776
E,686,687,778,777
E,687,688,779,778
E,688,689,780,779
E,689,690,781,780
E,690,691,782,781
E,691,692,783,782
E,692,693,784,783
E,693,694,785,784
E,694,695,786,785
E,695,696,787,786
E,696,697,788,787
E,697,698,789,788
E,698,699,790,789
E,699,700,791,790
E,700,701,792,791
E,701,702,793,792
E,702,703,794,793
E,703,704,795,794
E,704,705,796,795
E,705,706,797,796
E,706,707,798,797
E,707,708,799,798
E,708,709,800,799
E,709,710,801,800
E,710,711,802,801
E,711,712,803,802
E,712,713,804,803
E,713,714,805,804
E,714,715,806,805
E,715,716,807,806
E,716,717,808,807
E,717,718,809,808
E,718,719,810,809
E,719,720,811,810
E,720,721,812,811
E,721,722,813,812
E,722,723,814,813
E,723,724,815,814
E,724,725,816,815
E,725,726,817,816
E,726,727,818,817
E,727,728,819,818
MAT,2
E,729,730,821,820
E,730,731,822,821
E,731,732,823,822
E,732,733,824,823
E,733,734,825,824
E,734,735,826,825
E,735,736,827,826
E,736,737,828,827
E,737,738,829,828
E,738,739,830,829
E,739,740,831,830
E,740,741,832,831
E,741,742,833,832
E,742,743,834,833
E,743,744,835,834
E,744,745,836,835
E,745,746,837,836
E,746,747,838,837
E,747,748,839,838
E,748,749,840,839
E,749,750,841,840
E,750,751,842,841
E,751,752,843,842
E,752,753,844,843
E,753,754,845,844
E,754,755,846,845
E,755,756,847,846
E,756,757,848,847
E,757,758,849,848
E,758,759,850,849
E,759,760,851,850
E,760,761,852,851
E,761,762,853,852
E,762,763,854,853
E,763,764,855,854
E,764,765,856,855
E,765,766,857,856
E,766,767,858,857
E,767,768,859,858
E,768,769,860,859
E,769,770,861,860
E,770,771,862,861
E,771,772,863,862
E,772,773,864,863
E,773,774,865,864
E,774,775,866,865
E,775,776,867,866
E,776,777,868,867
E,777,778,869,868
E,778,779,870,869
E,779,780,871,870
E,780,781,872,871
E,781,782,873,872
E,782,783,874,873
E,783,784,875,874
E,784,785,876,875
E,785,786,877,876
E,786,787,878,877
E,787,788,879,878
E,788,789,880,879
E,789,790,881,880
E,790,791,882,881
E,791,792,883,882
E,792,793,884,883
E,793,794,885,884
E,794,795,886,885
E,795,796,887,886
E,796,797,888,887
E,797,798,889,888
E,798,799,890,889
E,799,800,891,890
E,800,801,892,891
E,801,802,893,892
E,802,803,894,893
E,803,804,895,894
E,804,805,896,895
E,805,806,897,896
E,806,807,898,897
E,807,808,899,898
E,808,809,900,899
E,809,810,901,900
E,810,811,902,901
E,811,812,903,902
E,812,813,904,903
E,813,814,905,904
E,814,815,906,905
E,815,816,907,906
E,816,817,908,907
E,817,818,909,908
E,818,819,910,909
MAT,2
E,820,821,912,911
E,821,822,913,912
E,822,823,914,913
E,823,824,915,914
E,824,825,916,915
E,825,826,917,916
E,826,827,918,917
E,827,828,919,918
E,828,829,920,919
E,829,830,921,920
E,830,831,922,921
E,831,832,923,922
E,832,833,924,923
E,833,834,925,924
E,834,835,926,925
E,835,836,927,926
E,836,837,928,927
E,837,838,929,928
E,838,839,930,929
E,839,840,931,930
E,840,841,932,931
E,841,842,933,932
E,842,843,934,933
E,843,844,935,934
E,844,845,936,935
E,845,846,937,936
E,846,847,938,937
E,847,848,939,938
E,848,849,940,939
E,849,850,941,940
E,850,851,942,941
E,851,852,943,942
E,852,853,944,943
E,853,854,945,944
E,854,855,946,945
E,855,856,947,946
E,856,857,948,947
E,857,858,949,948
E,858,859,950,949
E,859,860,951,950
E,860,861,952,951
E,861,862,953,952
E,862,863,954,953
E,863,864,955,954
E,864,865,956,955
E,865,866,957,956
E,866,867,958,957
E,867,868,959,958
E,868,869,960,959
E,869,870,961,960
E,870,871,962,961
E,871,872,963,962
E,872,873,964,963
E,873,874,965,964
E,874,875,966,965
E,875,876,967,966
E,876,877,968,967
E,877,878,969,968
E,878,879,970,969
E,879,880,971,970
E,880,881,972,971
E,881,882,973,972
E,882,883,974,973
E,883,884,975,974
E,884,885,976,975
E,885,886,977,976
E,886,887,978,977
E,887,888,979,978
E,888,889,980,979
E,889,890,981,980
E,890,891,982,981
E,891,892,983,982
E,892,893,984,983
E,893,894,985,984
E,894,895,986,985
E,895,896,987,986
E,896,897,988,987
E,897,898,989,988
E,898,899,990,989
E,899,900,991,990
E,900,901,992,991
E,901,902,993,992
E,902,903,994,993
E,903,904,995,994
E,904,905,996,995
E,905,906,997,996
E,906,907,998,997
E,907,908,999,998
E,908,909,1000,999
E,909,910,1001,1000
MAT,2
E,911,912,1003,1002
E,912,913,1004,1003
E,913,914,1005,1004
E,914,915,1006,1005
E,915,916,1007,1006
E,916,917,1008,1007
E,917,918,1009,1008
E,918,919,1010,1009
E,919,920,1011,1010
E,920,921,1012,1011
E,921,922,1013,1012
E,922,923,1014,1013
E,923,924,1015,1014
E,924,925,1016,1015
E,925,926,1017,1016
E,926,927,1018,1017
E,927,928,1019,1018
E,928,929,1020,1019
E,929,930,1021,1020
E,930,931,1022,1021
E,931,932,1023,1022
E,932,933,1024,1023
E,933,934,1025,1024
E,934,935,1026,1025
E,935,936,1027,1026
E,936,937,1028,1027
E,937,938,1029,1028
E,938,939,1030,1029
E,939,940,1031,1030
E,940,941,1032,1031
E,941,942,1033,1032
E,942,943,1034,1033
E,943,944,1035,1034
E,944,945,1036,1035
E,945,946,1037,1036
E,946,947,1038,1037
E,947,948,1039,1038
E,948,949,1040,1039
E,949,950,1041,1040
E,950,951,1042,1041
E,951,952,1043,1042
E,952,953,1044,1043
E,953,954,1045,1044
E,954,955,1046,1045
E,955,956,1047,1046
E,956,957,1048,1047
E,957,958,1049,1048
E,958,959,1050,1049
E,959,960,1051,1050
E,960,961,1052,1051
E,961,962,1053,1052
E,962,963,1054,1053
E,963,964,1055,1054
E,964,965,1056,1055
E,965,966,1057,1056
E,966,967,1058,1057
E,967,968,1059,1058
E,968,969,1060,1059
E,969,970,1061,1060
E,970,971,1062,1061
E,971,972,1063,1062
E,972,973,1064,1063
E,973,974,1065,1064
E,974,975,1066,1065
E,975,976,1067,1066
E,976,977,1068,1067
E,977,978,1069,1068
E,978,979,1070,1069
E,979,980,1071,1070
E,980,981,1072,1071
E,981,982,1073,1072
E,982,983,1074,1073
E,983,984,1075,1074
E,984,985,1076,1075
E,985,986,1077,1076
E,986,987,1078,1077
E,987,988,1079,1078
E,988,989,1080,1079
E,989,990,1081,1080
E,990,991,1082,1081
E,991,992,1083,1082
E,992,993,1084,1083
E,993,994,1085,1084
E,994,995,1086,1085
E,995,996,1087,1086
E,996,997,1088,1087
E,997,998,1089,1088
E,998,999,1090,1089
E,999,1000,1091,1090
E,1000,1001,1092,1091
MAT,2
E,1002,1003,1094,1093
E,1003,1004,1095,1094
E,1004,1005,1096,1095
E,1005,1006,1097,1096
E,1006,1007,1098,1097
E,1007,1008,1099,1098
E,1008,1009,1100,1099
E,1009,1010,1101,1100
E,1010,1011,1102,1101
E,1011,1012,1103,1102
E,1012,1013,1104,1103
E,1013,1014,1105,1104
E,1014,1015,1106,1105
E,1015,1016,1107,1106
E,1016,1017,1108,1107
E,1017,1018,1109,1108
E,1018,1019,1110,1109
E,1019,1020,1111,1110
E,1020,1021,1112,1111
E,1021,1022,1113,1112
E,1022,1023,1114,1113
E,1023,1024,1115,1114
E,1024,1025,1116,1115
E,1025,1026,1117,1116
E,1026,1027,1118,1117
E,1027,1028,1119,1118
E,1028,1029,1120,1119
E,1029,1030,1121,1120
E,1030,1031,1122,1121
E,1031,1032,1123,1122
E,1032,1033,1124,1123
E,1033,1034,1125,1124
E,1034,1035,1126,1125
E,1035,1036,1127,1126
E,1036,1037,1128,1127
E,1037,1038,1129,1128
E,1038,1039,1130,1129
E,1039,1040,1131,1130
E,1040,1041,1132,1131
E,1041,1042,1133,1132
E,1042,1043,1134,1133
E,1043,1044,1135,1134
E,1044,1045,1136,1135
E,1045,1046,1137,1136
E,1046,1047,1138,1137
E,1047,1048,1139,1138
E,1048,1049,1140,1139
E,1049,1050,1141,1140
E,1050,1051,1142,1141
E,1051,1052,1143,1142
E,1052,1053,1144,1143
E,1053,1054,1145,1144
E,1054,1055,1146,1145
E,1055,1056,1147,1146
E,1056,1057,1148,1147
E,1057,1058,1149,1148
E,1058,1059,1150,1149
E,1059,1060,1151,1150
E,1060,1061,1152,1151
E,1061,1062,1153,1152
E,1062,1063,1154,1153
E,1063,1064,1155,1154
E,1064,1065,1156,1155
E,1065,1066,1157,1156
E,1066,1067,1158,1157
E,1067,1068,1159,1158
E,1068,1069,1160,1159
E,1069,1070,1161,1160
E,1070,1071,1162,1161
E,1071,1072,1163,1162
E,1072,1073,1164,1163
E,1073,1074,1165,1164
E,1074,1075,1166,1165
E,1075,1076,1167,1166
E,1076,1077,1168,1167
E,1077,1078,1169,1168
E,1078,1079,1170,1169
E,1079,1080,1171,1170
E,1080,1081,1172,1171
E,1081,1082,1173,1172
E,1082,1083,1174,1173
E,1083,1084,1175,1174
E,1084,1085,1176,1175
E,1085,1086,1177,1176
E,1086,1087,1178,1177
E,1087,1088,1179,1178
E,1088,1089,1180,1179
E,1089,1090,1181,1180
E,1090,1091,1182,1181
E,1091,1092,1183,1182
D,1,UX,0
D,1,UY,0
D,92,UX,0
D,92,UY,0
D,183,UX,0
D,183,UY,0
D,274,UX,0
D,274,UY,0
D,365,UX,0
D,365,UY,0
D,456,UX,0
D,456,UY,0
D,547,UX,0
D,547,UY,0
D,638,UX,0
D,638,UY,0
D,729,UX,0
D,729,UY,0
D,820,UX,0
D,820,UY,0
D,911,UX,0
D,911,UY,0
D,1002,UX,0
D,1002,UY,0
D,1093,UX,0
D,1093,UY,0
FINISH
/SOLU
ANTYPE,STATIC
NLGEOM,OFF
AUTOTS,OFF
KBC,0
OUTRES,ERASE
OUTRES,ALL,LAST
TREF,65
BF,ALL,TEMP,65
F,91,FY,-4.166666666666667e-05
F,182,FY,-8.333333333333333e-05
F,273,FY,-8.333333333333333e-05
F,364,FY,-8.333333333333333e-05
F,455,FY,-8.333333333333333e-05
F,546,FY,-8.333333333333333e-05
F,637,FY,-8.333333333333333e-05
F,728,FY,-8.333333333333333e-05
F,819,FY,-8.333333333333333e-05
F,910,FY,-8.333333333333333e-05
F,1001,FY,-8.333333333333333e-05
F,1092,FY,-8.333333333333333e-05
F,1183,FY,-4.166666666666667e-05
TIME,1
DELTIM,0.01,0.01,0.01
SOLVE
TIME,31
DELTIM,0.1,0.1,0.1
SOLVE
FDELE,91,FY
FDELE,182,FY
FDELE,273,FY
FDELE,364,FY
FDELE,455,FY
FDELE,546,FY
FDELE,637,FY
FDELE,728,FY
FDELE,819,FY
FDELE,910,FY
FDELE,1001,FY
FDELE,1092,FY
FDELE,1183,FY
TIME,32
DELTIM,0.01,0.01,0.01
SOLVE
TIME,62
DELTIM,0.1,0.1,0.1
SOLVE
FINISH
/POST1
SET,,,,,62
ETABLE,SEQV,S,EQV
*CFOPEN,top_nodes,csv
NIDV=1093
*GET,XV,NODE,1093,LOC,X
*GET,YV,NODE,1093,LOC,Y
*GET,UXV,NODE,1093,U,X
*GET,UYV,NODE,1093,U,Y
*VWRITE,NIDV,XV,YV,UXV,UYV
(5(E24.16,','))
NIDV=1094
*GET,XV,NODE,1094,LOC,X
*GET,YV,NODE,1094,LOC,Y
*GET,UXV,NODE,1094,U,X
*GET,UYV,NODE,1094,U,Y
*VWRITE,NIDV,XV,YV,UXV,UYV
(5(E24.16,','))
NIDV=1095
*GET,XV,NODE,1095,LOC,X
*GET,YV,NODE,1095,LOC,Y
*GET,UXV,NODE,1095,U,X
*GET,UYV,NODE,1095,U,Y
*VWRITE,NIDV,XV,YV,UXV,UYV
(5(E24.16,','))
NIDV=1096
*GET,XV,NODE,1096,LOC,X
*GET,YV,NODE,1096,LOC,Y
*GET,UXV,NODE,1096,U,X
*GET,UYV,NODE,1096,U,Y
*VWRITE,NIDV,XV,YV,UXV,UYV
(5(E24.16,','))
NIDV=1097
*GET,XV,NODE,1097,LOC,X
*GET,YV,NODE,1097,LOC,Y
*GET,UXV,NODE,1097,U,X
*GET,UYV,NODE,1097,U,Y
*VWRITE,NIDV,XV,YV,UXV,UYV
(5(E24.16,','))
NIDV=1098
*GET,XV,NODE,1098,LOC,X
*GET,YV,NODE,1098,LOC,Y
*GET,UXV,NODE,1098,U,X
*GET,UYV,NODE,1098,U,Y
*VWRITE,NIDV,XV,YV,UXV,UYV
(5(E24.16,','))
NIDV=1099
*GET,XV,NODE,1099,LOC,X
*GET,YV,NODE,1099,LOC,Y
*GET,UXV,NODE,1099,U,X
*GET,UYV,NODE,1099,U,Y
*VWRITE,NIDV,XV,YV,UXV,UYV
(5(E24.16,','))
NIDV=1100
*GET,XV,NODE,1100,LOC,X
*GET,YV,NODE,1100,LOC,Y
*GET,UXV,NODE,1100,U,X
*GET,UYV,NODE,1100,U,Y
*VWRITE,NIDV,XV,YV,UXV,UYV
(5(E24.16,','))
NIDV=1101
*GET,XV,NODE,1101,LOC,X
*GET,YV,NODE,1101,LOC,Y
*GET,UXV,NODE,1101,U,X
*GET,UYV,NODE,1101,U,Y
*VWRITE,NIDV,XV,YV,UXV,UYV
(5(E24.16,','))
NIDV=1102
*GET,XV,NODE,1102,LOC,X
*GET,YV,NODE,1102,LOC,Y
*GET,UXV,NODE,1102,U,X
*GET,UYV,NODE,1102,U,Y
*VWRITE,NIDV,XV,YV,UXV,UYV
(5(E24.16,','))
NIDV=1103
*GET,XV,NODE,1103,LOC,X
*GET,YV,NODE,1103,LOC,Y
*GET,UXV,NODE,1103,U,X
*GET,UYV,NODE,1103,U,Y
*VWRITE,NIDV,XV,YV,UXV,UYV
(5(E24.16,','))
NIDV=1104
*GET,XV,NODE,1104,LOC,X
*GET,YV,NODE,1104,LOC,Y
*GET,UXV,NODE,1104,U,X
*GET,UYV,NODE,1104,U,Y
*VWRITE,NIDV,XV,YV,UXV,UYV
(5(E24.16,','))
NIDV=1105
*GET,XV,NODE,1105,LOC,X
*GET,YV,NODE,1105,LOC,Y
*GET,UXV,NODE,1105,U,X
*GET,UYV,NODE,1105,U,Y
*VWRITE,NIDV,XV,YV,UXV,UYV
(5(E24.16,','))
NIDV=1106
*GET,XV,NODE,1106,LOC,X
*GET,YV,NODE,1106,LOC,Y
*GET,UXV,NODE,1106,U,X
*GET,UYV,NODE,1106,U,Y
*VWRITE,NIDV,XV,YV,UXV,UYV
(5(E24.16,','))
NIDV=1107
*GET,XV,NODE,1107,LOC,X
*GET,YV,NODE,1107,LOC,Y
*GET,UXV,NODE,1107,U,X
*GET,UYV,NODE,1107,U,Y
*VWRITE,NIDV,XV,YV,UXV,UYV
(5(E24.16,','))
NIDV=1108
*GET,XV,NODE,1108,LOC,X
*GET,YV,NODE,1108,LOC,Y
*GET,UXV,NODE,1108,U,X
*GET,UYV,NODE,1108,U,Y
*VWRITE,NIDV,XV,YV,UXV,UYV
(5(E24.16,','))
NIDV=1109
*GET,XV,NODE,1109,LOC,X
*GET,YV,NODE,1109,LOC,Y
*GET,UXV,NODE,1109,U,X
*GET,UYV,NODE,1109,U,Y
*VWRITE,NIDV,XV,YV,UXV,UYV
(5(E24.16,','))
NIDV=1110
*GET,XV,NODE,1110,LOC,X
*GET,YV,NODE,1110,LOC,Y
*GET,UXV,NODE,1110,U,X
*GET,UYV,NODE,1110,U,Y
*VWRITE,NIDV,XV,YV,UXV,UYV
(5(E24.16,','))
NIDV=1111
*GET,XV,NODE,1111,LOC,X
*GET,YV,NODE,1111,LOC,Y
*GET,UXV,NODE,1111,U,X
*GET,UYV,NODE,1111,U,Y
*VWRITE,NIDV,XV,YV,UXV,UYV
(5(E24.16,','))
NIDV=1112
*GET,XV,NODE,1112,LOC,X
*GET,YV,NODE,1112,LOC,Y
*GET,UXV,NODE,1112,U,X
*GET,UYV,NODE,1112,U,Y
*VWRITE,NIDV,XV,YV,UXV,UYV
(5(E24.16,','))
NIDV=1113
*GET,XV,NODE,1113,LOC,X
*GET,YV,NODE,1113,LOC,Y
*GET,UXV,NODE,1113,U,X
*GET,UYV,NODE,1113,U,Y
*VWRITE,NIDV,XV,YV,UXV,UYV
(5(E24.16,','))
NIDV=1114
*GET,XV,NODE,1114,LOC,X
*GET,YV,NODE,1114,LOC,Y
*GET,UXV,NODE,1114,U,X
*GET,UYV,NODE,1114,U,Y
*VWRITE,NIDV,XV,YV,UXV,UYV
(5(E24.16,','))
NIDV=1115
*GET,XV,NODE,1115,LOC,X
*GET,YV,NODE,1115,LOC,Y
*GET,UXV,NODE,1115,U,X
*GET,UYV,NODE,1115,U,Y
*VWRITE,NIDV,XV,YV,UXV,UYV
(5(E24.16,','))
NIDV=1116
*GET,XV,NODE,1116,LOC,X
*GET,YV,NODE,1116,LOC,Y
*GET,UXV,NODE,1116,U,X
*GET,UYV,NODE,1116,U,Y
*VWRITE,NIDV,XV,YV,UXV,UYV
(5(E24.16,','))
NIDV=1117
*GET,XV,NODE,1117,LOC,X
*GET,YV,NODE,1117,LOC,Y
*GET,UXV,NODE,1117,U,X
*GET,UYV,NODE,1117,U,Y
*VWRITE,NIDV,XV,YV,UXV,UYV
(5(E24.16,','))
NIDV=1118
*GET,XV,NODE,1118,LOC,X
*GET,YV,NODE,1118,LOC,Y
*GET,UXV,NODE,1118,U,X
*GET,UYV,NODE,1118,U,Y
*VWRITE,NIDV,XV,YV,UXV,UYV
(5(E24.16,','))
NIDV=1119
*GET,XV,NODE,1119,LOC,X
*GET,YV,NODE,1119,LOC,Y
*GET,UXV,NODE,1119,U,X
*GET,UYV,NODE,1119,U,Y
*VWRITE,NIDV,XV,YV,UXV,UYV
(5(E24.16,','))
NIDV=1120
*GET,XV,NODE,1120,LOC,X
*GET,YV,NODE,1120,LOC,Y
*GET,UXV,NODE,1120,U,X
*GET,UYV,NODE,1120,U,Y
*VWRITE,NIDV,XV,YV,UXV,UYV
(5(E24.16,','))
NIDV=1121
*GET,XV,NODE,1121,LOC,X
*GET,YV,NODE,1121,LOC,Y
*GET,UXV,NODE,1121,U,X
*GET,UYV,NODE,1121,U,Y
*VWRITE,NIDV,XV,YV,UXV,UYV
(5(E24.16,','))
NIDV=1122
*GET,XV,NODE,1122,LOC,X
*GET,YV,NODE,1122,LOC,Y
*GET,UXV,NODE,1122,U,X
*GET,UYV,NODE,1122,U,Y
*VWRITE,NIDV,XV,YV,UXV,UYV
(5(E24.16,','))
NIDV=1123
*GET,XV,NODE,1123,LOC,X
*GET,YV,NODE,1123,LOC,Y
*GET,UXV,NODE,1123,U,X
*GET,UYV,NODE,1123,U,Y
*VWRITE,NIDV,XV,YV,UXV,UYV
(5(E24.16,','))
NIDV=1124
*GET,XV,NODE,1124,LOC,X
*GET,YV,NODE,1124,LOC,Y
*GET,UXV,NODE,1124,U,X
*GET,UYV,NODE,1124,U,Y
*VWRITE,NIDV,XV,YV,UXV,UYV
(5(E24.16,','))
NIDV=1125
*GET,XV,NODE,1125,LOC,X
*GET,YV,NODE,1125,LOC,Y
*GET,UXV,NODE,1125,U,X
*GET,UYV,NODE,1125,U,Y
*VWRITE,NIDV,XV,YV,UXV,UYV
(5(E24.16,','))
NIDV=1126
*GET,XV,NODE,1126,LOC,X
*GET,YV,NODE,1126,LOC,Y
*GET,UXV,NODE,1126,U,X
*GET,UYV,NODE,1126,U,Y
*VWRITE,NIDV,XV,YV,UXV,UYV
(5(E24.16,','))
NIDV=1127
*GET,XV,NODE,1127,LOC,X
*GET,YV,NODE,1127,LOC,Y
*GET,UXV,NODE,1127,U,X
*GET,UYV,NODE,1127,U,Y
*VWRITE,NIDV,XV,YV,UXV,UYV
(5(E24.16,','))
NIDV=1128
*GET,XV,NODE,1128,LOC,X
*GET,YV,NODE,1128,LOC,Y
*GET,UXV,NODE,1128,U,X
*GET,UYV,NODE,1128,U,Y
*VWRITE,NIDV,XV,YV,UXV,UYV
(5(E24.16,','))
NIDV=1129
*GET,XV,NODE,1129,LOC,X
*GET,YV,NODE,1129,LOC,Y
*GET,UXV,NODE,1129,U,X
*GET,UYV,NODE,1129,U,Y
*VWRITE,NIDV,XV,YV,UXV,UYV
(5(E24.16,','))
NIDV=1130
*GET,XV,NODE,1130,LOC,X
*GET,YV,NODE,1130,LOC,Y
*GET,UXV,NODE,1130,U,X
*GET,UYV,NODE,1130,U,Y
*VWRITE,NIDV,XV,YV,UXV,UYV
(5(E24.16,','))
NIDV=1131
*GET,XV,NODE,1131,LOC,X
*GET,YV,NODE,1131,LOC,Y
*GET,UXV,NODE,1131,U,X
*GET,UYV,NODE,1131,U,Y
*VWRITE,NIDV,XV,YV,UXV,UYV
(5(E24.16,','))
NIDV=1132
*GET,XV,NODE,1132,LOC,X
*GET,YV,NODE,1132,LOC,Y
*GET,UXV,NODE,1132,U,X
*GET,UYV,NODE,1132,U,Y
*VWRITE,NIDV,XV,YV,UXV,UYV
(5(E24.16,','))
NIDV=1133
*GET,XV,NODE,1133,LOC,X
*GET,YV,NODE,1133,LOC,Y
*GET,UXV,NODE,1133,U,X
*GET,UYV,NODE,1133,U,Y
*VWRITE,NIDV,XV,YV,UXV,UYV
(5(E24.16,','))
NIDV=1134
*GET,XV,NODE,1134,LOC,X
*GET,YV,NODE,1134,LOC,Y
*GET,UXV,NODE,1134,U,X
*GET,UYV,NODE,1134,U,Y
*VWRITE,NIDV,XV,YV,UXV,UYV
(5(E24.16,','))
NIDV=1135
*GET,XV,NODE,1135,LOC,X
*GET,YV,NODE,1135,LOC,Y
*GET,UXV,NODE,1135,U,X
*GET,UYV,NODE,1135,U,Y
*VWRITE,NIDV,XV,YV,UXV,UYV
(5(E24.16,','))
NIDV=1136
*GET,XV,NODE,1136,LOC,X
*GET,YV,NODE,1136,LOC,Y
*GET,UXV,NODE,1136,U,X
*GET,UYV,NODE,1136,U,Y
*VWRITE,NIDV,XV,YV,UXV,UYV
(5(E24.16,','))
NIDV=1137
*GET,XV,NODE,1137,LOC,X
*GET,YV,NODE,1137,LOC,Y
*GET,UXV,NODE,1137,U,X
*GET,UYV,NODE,1137,U,Y
*VWRITE,NIDV,XV,YV,UXV,UYV
(5(E24.16,','))
NIDV=1138
*GET,XV,NODE,1138,LOC,X
*GET,YV,NODE,1138,LOC,Y
*GET,UXV,NODE,1138,U,X
*GET,UYV,NODE,1138,U,Y
*VWRITE,NIDV,XV,YV,UXV,UYV
(5(E24.16,','))
NIDV=1139
*GET,XV,NODE,1139,LOC,X
*GET,YV,NODE,1139,LOC,Y
*GET,UXV,NODE,1139,U,X
*GET,UYV,NODE,1139,U,Y
*VWRITE,NIDV,XV,YV,UXV,UYV
(5(E24.16,','))
NIDV=1140
*GET,XV,NODE,1140,LOC,X
*GET,YV,NODE,1140,LOC,Y
*GET,UXV,NODE,1140,U,X
*GET,UYV,NODE,1140,U,Y
*VWRITE,NIDV,XV,YV,UXV,UYV
(5(E24.16,','))
NIDV=1141
*GET,XV,NODE,1141,LOC,X
*GET,YV,NODE,1141,LOC,Y
*GET,UXV,NODE,1141,U,X
*GET,UYV,NODE,1141,U,Y
*VWRITE,NIDV,XV,YV,UXV,UYV
(5(E24.16,','))
NIDV=1142
*GET,XV,NODE,1142,LOC,X
*GET,YV,NODE,1142,LOC,Y
*GET,UXV,NODE,1142,U,X
*GET,UYV,NODE,1142,U,Y
*VWRITE,NIDV,XV,YV,UXV,UYV
(5(E24.16,','))
NIDV=1143
*GET,XV,NODE,1143,LOC,X
*GET,YV,NODE,1143,LOC,Y
*GET,UXV,NODE,1143,U,X
*GET,UYV,NODE,1143,U,Y
*VWRITE,NIDV,XV,YV,UXV,UYV
(5(E24.16,','))
NIDV=1144
*GET,XV,NODE,1144,LOC,X
*GET,YV,NODE,1144,LOC,Y
*GET,UXV,NODE,1144,U,X
*GET,UYV,NODE,1144,U,Y
*VWRITE,NIDV,XV,YV,UXV,UYV
(5(E24.16,','))
NIDV=1145
*GET,XV,NODE,1145,LOC,X
*GET,YV,NODE,1145,LOC,Y
*GET,UXV,NODE,1145,U,X
*GET,UYV,NODE,1145,U,Y
*VWRITE,NIDV,XV,YV,UXV,UYV
(5(E24.16,','))
NIDV=1146
*GET,XV,NODE,1146,LOC,X
*GET,YV,NODE,1146,LOC,Y
*GET,UXV,NODE,1146,U,X
*GET,UYV,NODE,1146,U,Y
*VWRITE,NIDV,XV,YV,UXV,UYV
(5(E24.16,','))
NIDV=1147
*GET,XV,NODE,1147,LOC,X
*GET,YV,NODE,1147,LOC,Y
*GET,UXV,NODE,1147,U,X
*GET,UYV,NODE,1147,U,Y
*VWRITE,NIDV,XV,YV,UXV,UYV
(5(E24.16,','))
NIDV=1148
*GET,XV,NODE,1148,LOC,X
*GET,YV,NODE,1148,LOC,Y
*GET,UXV,NODE,1148,U,X
*GET,UYV,NODE,1148,U,Y
*VWRITE,NIDV,XV,YV,UXV,UYV
(5(E24.16,','))
NIDV=1149
*GET,XV,NODE,1149,LOC,X
*GET,YV,NODE,1149,LOC,Y
*GET,UXV,NODE,1149,U,X
*GET,UYV,NODE,1149,U,Y
*VWRITE,NIDV,XV,YV,UXV,UYV
(5(E24.16,','))
NIDV=1150
*GET,XV,NODE,1150,LOC,X
*GET,YV,NODE,1150,LOC,Y
*GET,UXV,NODE,1150,U,X
*GET,UYV,NODE,1150,U,Y
*VWRITE,NIDV,XV,YV,UXV,UYV
(5(E24.16,','))
NIDV=1151
*GET,XV,NODE,1151,LOC,X
*GET,YV,NODE,1151,LOC,Y
*GET,UXV,NODE,1151,U,X
*GET,UYV,NODE,1151,U,Y
*VWRITE,NIDV,XV,YV,UXV,UYV
(5(E24.16,','))
NIDV=1152
*GET,XV,NODE,1152,LOC,X
*GET,YV,NODE,1152,LOC,Y
*GET,UXV,NODE,1152,U,X
*GET,UYV,NODE,1152,U,Y
*VWRITE,NIDV,XV,YV,UXV,UYV
(5(E24.16,','))
NIDV=1153
*GET,XV,NODE,1153,LOC,X
*GET,YV,NODE,1153,LOC,Y
*GET,UXV,NODE,1153,U,X
*GET,UYV,NODE,1153,U,Y
*VWRITE,NIDV,XV,YV,UXV,UYV
(5(E24.16,','))
NIDV=1154
*GET,XV,NODE,1154,LOC,X
*GET,YV,NODE,1154,LOC,Y
*GET,UXV,NODE,1154,U,X
*GET,UYV,NODE,1154,U,Y
*VWRITE,NIDV,XV,YV,UXV,UYV
(5(E24.16,','))
NIDV=1155
*GET,XV,NODE,1155,LOC,X
*GET,YV,NODE,1155,LOC,Y
*GET,UXV,NODE,1155,U,X
*GET,UYV,NODE,1155,U,Y
*VWRITE,NIDV,XV,YV,UXV,UYV
(5(E24.16,','))
NIDV=1156
*GET,XV,NODE,1156,LOC,X
*GET,YV,NODE,1156,LOC,Y
*GET,UXV,NODE,1156,U,X
*GET,UYV,NODE,1156,U,Y
*VWRITE,NIDV,XV,YV,UXV,UYV
(5(E24.16,','))
NIDV=1157
*GET,XV,NODE,1157,LOC,X
*GET,YV,NODE,1157,LOC,Y
*GET,UXV,NODE,1157,U,X
*GET,UYV,NODE,1157,U,Y
*VWRITE,NIDV,XV,YV,UXV,UYV
(5(E24.16,','))
NIDV=1158
*GET,XV,NODE,1158,LOC,X
*GET,YV,NODE,1158,LOC,Y
*GET,UXV,NODE,1158,U,X
*GET,UYV,NODE,1158,U,Y
*VWRITE,NIDV,XV,YV,UXV,UYV
(5(E24.16,','))
NIDV=1159
*GET,XV,NODE,1159,LOC,X
*GET,YV,NODE,1159,LOC,Y
*GET,UXV,NODE,1159,U,X
*GET,UYV,NODE,1159,U,Y
*VWRITE,NIDV,XV,YV,UXV,UYV
(5(E24.16,','))
NIDV=1160
*GET,XV,NODE,1160,LOC,X
*GET,YV,NODE,1160,LOC,Y
*GET,UXV,NODE,1160,U,X
*GET,UYV,NODE,1160,U,Y
*VWRITE,NIDV,XV,YV,UXV,UYV
(5(E24.16,','))
NIDV=1161
*GET,XV,NODE,1161,LOC,X
*GET,YV,NODE,1161,LOC,Y
*GET,UXV,NODE,1161,U,X
*GET,UYV,NODE,1161,U,Y
*VWRITE,NIDV,XV,YV,UXV,UYV
(5(E24.16,','))
NIDV=1162
*GET,XV,NODE,1162,LOC,X
*GET,YV,NODE,1162,LOC,Y
*GET,UXV,NODE,1162,U,X
*GET,UYV,NODE,1162,U,Y
*VWRITE,NIDV,XV,YV,UXV,UYV
(5(E24.16,','))
NIDV=1163
*GET,XV,NODE,1163,LOC,X
*GET,YV,NODE,1163,LOC,Y
*GET,UXV,NODE,1163,U,X
*GET,UYV,NODE,1163,U,Y
*VWRITE,NIDV,XV,YV,UXV,UYV
(5(E24.16,','))
NIDV=1164
*GET,XV,NODE,1164,LOC,X
*GET,YV,NODE,1164,LOC,Y
*GET,UXV,NODE,1164,U,X
*GET,UYV,NODE,1164,U,Y
*VWRITE,NIDV,XV,YV,UXV,UYV
(5(E24.16,','))
NIDV=1165
*GET,XV,NODE,1165,LOC,X
*GET,YV,NODE,1165,LOC,Y
*GET,UXV,NODE,1165,U,X
*GET,UYV,NODE,1165,U,Y
*VWRITE,NIDV,XV,YV,UXV,UYV
(5(E24.16,','))
NIDV=1166
*GET,XV,NODE,1166,LOC,X
*GET,YV,NODE,1166,LOC,Y
*GET,UXV,NODE,1166,U,X
*GET,UYV,NODE,1166,U,Y
*VWRITE,NIDV,XV,YV,UXV,UYV
(5(E24.16,','))
NIDV=1167
*GET,XV,NODE,1167,LOC,X
*GET,YV,NODE,1167,LOC,Y
*GET,UXV,NODE,1167,U,X
*GET,UYV,NODE,1167,U,Y
*VWRITE,NIDV,XV,YV,UXV,UYV
(5(E24.16,','))
NIDV=1168
*GET,XV,NODE,1168,LOC,X
*GET,YV,NODE,1168,LOC,Y
*GET,UXV,NODE,1168,U,X
*GET,UYV,NODE,1168,U,Y
*VWRITE,NIDV,XV,YV,UXV,UYV
(5(E24.16,','))
NIDV=1169
*GET,XV,NODE,1169,LOC,X
*GET,YV,NODE,1169,LOC,Y
*GET,UXV,NODE,1169,U,X
*GET,UYV,NODE,1169,U,Y
*VWRITE,NIDV,XV,YV,UXV,UYV
(5(E24.16,','))
NIDV=1170
*GET,XV,NODE,1170,LOC,X
*GET,YV,NODE,1170,LOC,Y
*GET,UXV,NODE,1170,U,X
*GET,UYV,NODE,1170,U,Y
*VWRITE,NIDV,XV,YV,UXV,UYV
(5(E24.16,','))
NIDV=1171
*GET,XV,NODE,1171,LOC,X
*GET,YV,NODE,1171,LOC,Y
*GET,UXV,NODE,1171,U,X
*GET,UYV,NODE,1171,U,Y
*VWRITE,NIDV,XV,YV,UXV,UYV
(5(E24.16,','))
NIDV=1172
*GET,XV,NODE,1172,LOC,X
*GET,YV,NODE,1172,LOC,Y
*GET,UXV,NODE,1172,U,X
*GET,UYV,NODE,1172,U,Y
*VWRITE,NIDV,XV,YV,UXV,UYV
(5(E24.16,','))
NIDV=1173
*GET,XV,NODE,1173,LOC,X
*GET,YV,NODE,1173,LOC,Y
*GET,UXV,NODE,1173,U,X
*GET,UYV,NODE,1173,U,Y
*VWRITE,NIDV,XV,YV,UXV,UYV
(5(E24.16,','))
NIDV=1174
*GET,XV,NODE,1174,LOC,X
*GET,YV,NODE,1174,LOC,Y
*GET,UXV,NODE,1174,U,X
*GET,UYV,NODE,1174,U,Y
*VWRITE,NIDV,XV,YV,UXV,UYV
(5(E24.16,','))
NIDV=1175
*GET,XV,NODE,1175,LOC,X
*GET,YV,NODE,1175,LOC,Y
*GET,UXV,NODE,1175,U,X
*GET,UYV,NODE,1175,U,Y
*VWRITE,NIDV,XV,YV,UXV,UYV
(5(E24.16,','))
NIDV=1176
*GET,XV,NODE,1176,LOC,X
*GET,YV,NODE,1176,LOC,Y
*GET,UXV,NODE,1176,U,X
*GET,UYV,NODE,1176,U,Y
*VWRITE,NIDV,XV,YV,UXV,UYV
(5(E24.16,','))
NIDV=1177
*GET,XV,NODE,1177,LOC,X
*GET,YV,NODE,1177,LOC,Y
*GET,UXV,NODE,1177,U,X
*GET,UYV,NODE,1177,U,Y
*VWRITE,NIDV,XV,YV,UXV,UYV
(5(E24.16,','))
NIDV=1178
*GET,XV,NODE,1178,LOC,X
*GET,YV,NODE,1178,LOC,Y
*GET,UXV,NODE,1178,U,X
*GET,UYV,NODE,1178,U,Y
*VWRITE,NIDV,XV,YV,UXV,UYV
(5(E24.16,','))
NIDV=1179
*GET,XV,NODE,1179,LOC,X
*GET,YV,NODE,1179,LOC,Y
*GET,UXV,NODE,1179,U,X
*GET,UYV,NODE,1179,U,Y
*VWRITE,NIDV,XV,YV,UXV,UYV
(5(E24.16,','))
NIDV=1180
*GET,XV,NODE,1180,LOC,X
*GET,YV,NODE,1180,LOC,Y
*GET,UXV,NODE,1180,U,X
*GET,UYV,NODE,1180,U,Y
*VWRITE,NIDV,XV,YV,UXV,UYV
(5(E24.16,','))
NIDV=1181
*GET,XV,NODE,1181,LOC,X
*GET,YV,NODE,1181,LOC,Y
*GET,UXV,NODE,1181,U,X
*GET,UYV,NODE,1181,U,Y
*VWRITE,NIDV,XV,YV,UXV,UYV
(5(E24.16,','))
NIDV=1182
*GET,XV,NODE,1182,LOC,X
*GET,YV,NODE,1182,LOC,Y
*GET,UXV,NODE,1182,U,X
*GET,UYV,NODE,1182,U,Y
*VWRITE,NIDV,XV,YV,UXV,UYV
(5(E24.16,','))
NIDV=1183
*GET,XV,NODE,1183,LOC,X
*GET,YV,NODE,1183,LOC,Y
*GET,UXV,NODE,1183,U,X
*GET,UYV,NODE,1183,U,Y
*VWRITE,NIDV,XV,YV,UXV,UYV
(5(E24.16,','))
*CFCLOS
*CFOPEN,element_stress,csv
EIDV=1
*GET,XV,ELEM,1,CENT,X
*GET,YV,ELEM,1,CENT,Y
*GET,SV,ELEM,1,ETAB,SEQV
*VWRITE,EIDV,XV,YV,SV
(4(E24.16,','))
EIDV=2
*GET,XV,ELEM,2,CENT,X
*GET,YV,ELEM,2,CENT,Y
*GET,SV,ELEM,2,ETAB,SEQV
*VWRITE,EIDV,XV,YV,SV
(4(E24.16,','))
EIDV=3
*GET,XV,ELEM,3,CENT,X
*GET,YV,ELEM,3,CENT,Y
*GET,SV,ELEM,3,ETAB,SEQV
*VWRITE,EIDV,XV,YV,SV
(4(E24.16,','))
EIDV=4
*GET,XV,ELEM,4,CENT,X
*GET,YV,ELEM,4,CENT,Y
*GET,SV,ELEM,4,ETAB,SEQV
*VWRITE,EIDV,XV,YV,SV
(4(E24.16,','))
EIDV=5
*GET,XV,ELEM,5,CENT,X
*GET,YV,ELEM,5,CENT,Y
*GET,SV,ELEM,5,ETAB,SEQV
*VWRITE,EIDV,XV,YV,SV
(4(E24.16,','))
EIDV=6
*GET,XV,ELEM,6,CENT,X
*GET,YV,ELEM,6,CENT,Y
*GET,SV,ELEM,6,ETAB,SEQV
*VWRITE,EIDV,XV,YV,SV
(4(E24.16,','))
EIDV=7
*GET,XV,ELEM,7,CENT,X
*GET,YV,ELEM,7,CENT,Y
*GET,SV,ELEM,7,ETAB,SEQV
*VWRITE,EIDV,XV,YV,SV
(4(E24.16,','))
EIDV=8
*GET,XV,ELEM,8,CENT,X
*GET,YV,ELEM,8,CENT,Y
*GET,SV,ELEM,8,ETAB,SEQV
*VWRITE,EIDV,XV,YV,SV
(4(E24.16,','))
EIDV=9
*GET,XV,ELEM,9,CENT,X
*GET,YV,ELEM,9,CENT,Y
*GET,SV,ELEM,9,ETAB,SEQV
*VWRITE,EIDV,XV,YV,SV
(4(E24.16,','))
EIDV=10
*GET,XV,ELEM,10,CENT,X
*GET,YV,ELEM,10,CENT,Y
*GET,SV,ELEM,10,ETAB,SEQV
*VWRITE,EIDV,XV,YV,SV
(4(E24.16,','))
EIDV=11
*GET,XV,ELEM,11,CENT,X
*GET,YV,ELEM,11,CENT,Y
*GET,SV,ELEM,11,ETAB,SEQV
*VWRITE,EIDV,XV,YV,SV
(4(E24.16,','))
EIDV=12
*GET,XV,ELEM,12,CENT,X
*GET,YV,ELEM,12,CENT,Y
*GET,SV,ELEM,12,ETAB,SEQV
*VWRITE,EIDV,XV,YV,SV
(4(E24.16,','))
EIDV=13
*GET,XV,ELEM,13,CENT,X
*GET,YV,ELEM,13,CENT,Y
*GET,SV,ELEM,13,ETAB,SEQV
*VWRITE,EIDV,XV,YV,SV
(4(E24.16,','))
EIDV=14
*GET,XV,ELEM,14,CENT,X
*GET,YV,ELEM,14,CENT,Y
*GET,SV,ELEM,14,ETAB,SEQV
*VWRITE,EIDV,XV,YV,SV
(4(E24.16,','))
EIDV=15
*GET,XV,ELEM,15,CENT,X
*GET,YV,ELEM,15,CENT,Y
*GET,SV,ELEM,15,ETAB,SEQV
*VWRITE,EIDV,XV,YV,SV
(4(E24.16,','))
EIDV=16
*GET,XV,ELEM,16,CENT,X
*GET,YV,ELEM,16,CENT,Y
*GET,SV,ELEM,16,ETAB,SEQV
*VWRITE,EIDV,XV,YV,SV
(4(E24.16,','))
EIDV=17
*GET,XV,ELEM,17,CENT,X
*GET,YV,ELEM,17,CENT,Y
*GET,SV,ELEM,17,ETAB,SEQV
*VWRITE,EIDV,XV,YV,SV
(4(E24.16,','))
EIDV=18
*GET,XV,ELEM,18,CENT,X
*GET,YV,ELEM,18,CENT,Y
*GET,SV,ELEM,18,ETAB,SEQV
*VWRITE,EIDV,XV,YV,SV
(4(E24.16,','))
EIDV=19
*GET,XV,ELEM,19,CENT,X
*GET,YV,ELEM,19,CENT,Y
*GET,SV,ELEM,19,ETAB,SEQV
*VWRITE,EIDV,XV,YV,SV
(4(E24.16,','))
EIDV=20
*GET,XV,ELEM,20,CENT,X
*GET,YV,ELEM,20,CENT,Y
*GET,SV,ELEM,20,ETAB,SEQV
*VWRITE,EIDV,XV,YV,SV
(4(E24.16,','))
EIDV=21
*GET,XV,ELEM,21,CENT,X
*GET,YV,ELEM,21,CENT,Y
*GET,SV,ELEM,21,ETAB,SEQV
*VWRITE,EIDV,XV,YV,SV
(4(E24.16,','))
EIDV=22
*GET,XV,ELEM,22,CENT,X
*GET,YV,ELEM,22,CENT,Y
*GET,SV,ELEM,22,ETAB,SEQV
*VWRITE,EIDV,XV,YV,SV
(4(E24.16,','))
EIDV=23
*GET,XV,ELEM,23,CENT,X
*GET,YV,ELEM,23,CENT,Y
*GET,SV,ELEM,23,ETAB,SEQV
*VWRITE,EIDV,XV,YV,SV
(4(E24.16,','))
EIDV=24
*GET,XV,ELEM,24,CENT,X
*GET,YV,ELEM,24,CENT,Y
*GET,SV,ELEM,24,ETAB,SEQV
*VWRITE,EIDV,XV,YV,SV
(4(E24.16,','))
EIDV=25
*GET,XV,ELEM,25,CENT,X
*GET,YV,ELEM,25,CENT,Y
*GET,SV,ELEM,25,ETAB,SEQV
*VWRITE,EIDV,XV,YV,SV
(4(E24.16,','))
EIDV=26
*GET,XV,ELEM,26,CENT,X
*GET,YV,ELEM,26,CENT,Y
*GET,SV,ELEM,26,ETAB,SEQV
*VWRITE,EIDV,XV,YV,SV
(4(E24.16,','))
EIDV=27
*GET,XV,ELEM,27,CENT,X
*GET,YV,ELEM,27,CENT,Y
*GET,SV,ELEM,27,ETAB,SEQV
*VWRITE,EIDV,XV,YV,SV
(4(E24.16,','))
EIDV=28
*GET,XV,ELEM,28,CENT,X
*GET,YV,ELEM,28,CENT,Y
*GET,SV,ELEM,28,ETAB,SEQV
*VWRITE,EIDV,XV,YV,SV
(4(E24.16,','))
EIDV=29
*GET,XV,ELEM,29,CENT,X
*GET,YV,ELEM,29,CENT,Y
*GET,SV,ELEM,29,ETAB,SEQV
*VWRITE,EIDV,XV,YV,SV
(4(E24.16,','))
EIDV=30
*GET,XV,ELEM,30,CENT,X
*GET,YV,ELEM,30,CENT,Y
*GET,SV,ELEM,30,ETAB,SEQV
*VWRITE,EIDV,XV,YV,SV
(4(E24.16,','))
EIDV=31
*GET,XV,ELEM,31,CENT,X
*GET,YV,ELEM,31,CENT,Y
*GET,SV,ELEM,31,ETAB,SEQV
*VWRITE,EIDV,XV,YV,SV
(4(E24.16,','))
EIDV=32
*GET,XV,ELEM,32,CENT,X
*GET,YV,ELEM,32,CENT,Y
*GET,SV,ELEM,32,ETAB,SEQV
*VWRITE,EIDV,XV,YV,SV
(4(E24.16,','))
EIDV=33
*GET,XV,ELEM,33,CENT,X
*GET,YV,ELEM,33,CENT,Y
*GET,SV,ELEM,33,ETAB,SEQV
*VWRITE,EIDV,XV,YV,SV
(4(E24.16,','))
EIDV=34
*GET,XV,ELEM,34,CENT,X
*GET,YV,ELEM,34,CENT,Y
*GET,SV,ELEM,34,ETAB,SEQV
*VWRITE,EIDV,XV,YV,SV
(4(E24.16,','))
EIDV=35
*GET,XV,ELEM,35,CENT,X
*GET,YV,ELEM,35,CENT,Y
*GET,SV,ELEM,35,ETAB,SEQV
*VWRITE,EIDV,XV,YV,SV
(4(E24.16,','))
EIDV=36
*GET,XV,ELEM,36,CENT,X
*GET,YV,ELEM,36,CENT,Y
*GET,SV,ELEM,36,ETAB,SEQV
*VWRITE,EIDV,XV,YV,SV
(4(E24.16,','))
EIDV=37
*GET,XV,ELEM,37,CENT,X
*GET,YV,ELEM,37,CENT,Y
*GET,SV,ELEM,37,ETAB,SEQV
*VWRITE,EIDV,XV,YV,SV
(4(E24.16,','))
EIDV=38
*GET,XV,ELEM,38,CENT,X
*GET,YV,ELEM,38,CENT,Y
*GET,SV,ELEM,38,ETAB,SEQV
*VWRITE,EIDV,XV,YV,SV
(4(E24.16,','))
EIDV=39
*GET,XV,ELEM,39,CENT,X
*GET,YV,ELEM,39,CENT,Y
*GET,SV,ELEM,39,ETAB,SEQV
*VWRITE,EIDV,XV,YV,SV
(4(E24.16,','))
EIDV=40
*GET,XV,ELEM,40,CENT,X
*GET,YV,ELEM,40,CENT,Y
*GET,SV,ELEM,40,ETAB,SEQV
*VWRITE,EIDV,XV,YV,SV
(4(E24.16,','))
EIDV=41
*GET,XV,ELEM,41,CENT,X
*GET,YV,ELEM,41,CENT,Y
*GET,SV,ELEM,41,ETAB,SEQV
*VWRITE,EIDV,XV,YV,SV
(4(E24.16,','))
EIDV=42
*GET,XV,ELEM,42,CENT,X
*GET,YV,ELEM,42,CENT,Y
*GET,SV,ELEM,42,ETAB,SEQV
*VWRITE,EIDV,XV,YV,SV
(4(E24.16,','))
EIDV=43
*GET,XV,ELEM,43,CENT,X
*GET,YV,ELEM,43,CENT,Y
*GET,SV,ELEM,43,ETAB,SEQV
*VWRITE,EIDV,XV,YV,SV
(4(E24.16,','))
EIDV=44
*GET,XV,ELEM,44,CENT,X
*GET,YV,ELEM,44,CENT,Y
*GET,SV,ELEM,44,ETAB,SEQV
*VWRITE,EIDV,XV,YV,SV
(4(E24.16,','))
EIDV=45
*GET,XV,ELEM,45,CENT,X
*GET,YV,ELEM,45,CENT,Y
*GET,SV,ELEM,45,ETAB,SEQV
*VWRITE,EIDV,XV,YV,SV
(4(E24.16,','))
EIDV=46
*GET,XV,ELEM,46,CENT,X
*GET,YV,ELEM,46,CENT,Y
*GET,SV,ELEM,46,ETAB,SEQV
*VWRITE,EIDV,XV,YV,SV
(4(E24.16,','))
EIDV=47
*GET,XV,ELEM,47,CENT,X
*GET,YV,ELEM,47,CENT,Y
*GET,SV,ELEM,47,ETAB,SEQV
*VWRITE,EIDV,XV,YV,SV
(4(E24.16,','))
EIDV=48
*GET,XV,ELEM,48,CENT,X
*GET,YV,ELEM,48,CENT,Y
*GET,SV,ELEM,48,ETAB,SEQV
*VWRITE,EIDV,XV,YV,SV
(4(E24.16,','))
EIDV=49
*GET,XV,ELEM,49,CENT,X
*GET,YV,ELEM,49,CENT,Y
*GET,SV,ELEM,49,ETAB,SEQV
*VWRITE,EIDV,XV,YV,SV
(4(E24.16,','))
EIDV=50
*GET,XV,ELEM,50,CENT,X
*GET,YV,ELEM,50,CENT,Y
*GET,SV,ELEM,50,ETAB,SEQV
*VWRITE,EIDV,XV,YV,SV
(4(E24.16,','))
EIDV=51
*GET,XV,ELEM,51,CENT,X
*GET,YV,ELEM,51,CENT,Y
*GET,SV,ELEM,51,ETAB,SEQV
*VWRITE,EIDV,XV,YV,SV
(4(E24.16,','))
EIDV=52
*GET,XV,ELEM,52,CENT,X
*GET,YV,ELEM,52,CENT,Y
*GET,SV,ELEM,52,ETAB,SEQV
*VWRITE,EIDV,XV,YV,SV
(4(E24.16,','))
EIDV=53
*GET,XV,ELEM,53,CENT,X
*GET,YV,ELEM,53,CENT,Y
*GET,SV,ELEM,53,ETAB,SEQV
*VWRITE,EIDV,XV,YV,SV
(4(E24.16,','))
EIDV=54
*GET,XV,ELEM,54,CENT,X
*GET,YV,ELEM,54,CENT,Y
*GET,SV,ELEM,54,ETAB,SEQV
*VWRITE,EIDV,XV,YV,SV
(4(E24.16,','))
EIDV=55
*GET,XV,ELEM,55,CENT,X
*GET,YV,ELEM,55,CENT,Y
*GET,SV,ELEM,55,ETAB,SEQV
*VWRITE,EIDV,XV,YV,SV
(4(E24.16,','))
EIDV=56
*GET,XV,ELEM,56,CENT,X
*GET,YV,ELEM,56,CENT,Y
*GET,SV,ELEM,56,ETAB,SEQV
*VWRITE,EIDV,XV,YV,SV
(4(E24.16,','))
EIDV=57
*GET,XV,ELEM,57,CENT,X
*GET,YV,ELEM,57,CENT,Y
*GET,SV,ELEM,57,ETAB,SEQV
*VWRITE,EIDV,XV,YV,SV
(4(E24.16,','))
EIDV=58
*GET,XV,ELEM,58,CENT,X
*GET,YV,ELEM,58,CENT,Y
*GET,SV,ELEM,58,ETAB,SEQV
*VWRITE,EIDV,XV,YV,SV
(4(E24.16,','))
EIDV=59
*GET,XV,ELEM,59,CENT,X
*GET,YV,ELEM,59,CENT,Y
*GET,SV,ELEM,59,ETAB,SEQV
*VWRITE,EIDV,XV,YV,SV
(4(E24.16,','))
EIDV=60
*GET,XV,ELEM,60,CENT,X
*GET,YV,ELEM,60,CENT,Y
*GET,SV,ELEM,60,ETAB,SEQV
*VWRITE,EIDV,XV,YV,SV
(4(E24.16,','))
EIDV=61
*GET,XV,ELEM,61,CENT,X
*GET,YV,ELEM,61,CENT,Y
*GET,SV,ELEM,61,ETAB,SEQV
*VWRITE,EIDV,XV,YV,SV
(4(E24.16,','))
EIDV=62
*GET,XV,ELEM,62,CENT,X
*GET,YV,ELEM,62,CENT,Y
*GET,SV,ELEM,62,ETAB,SEQV
*VWRITE,EIDV,XV,YV,SV
(4(E24.16,','))
EIDV=63
*GET,XV,ELEM,63,CENT,X
*GET,YV,ELEM,63,CENT,Y
*GET,SV,ELEM,63,ETAB,SEQV
*VWRITE,EIDV,XV,YV,SV
(4(E24.16,','))
EIDV=64
*GET,XV,ELEM,64,CENT,X
*GET,YV,ELEM,64,CENT,Y
*GET,SV,ELEM,64,ETAB,SEQV
*VWRITE,EIDV,XV,YV,SV
(4(E24.16,','))
EIDV=65
*GET,XV,ELEM,65,CENT,X
*GET,YV,ELEM,65,CENT,Y
*GET,SV,ELEM,65,ETAB,SEQV
*VWRITE,EIDV,XV,YV,SV
(4(E24.16,','))
EIDV=66
*GET,XV,ELEM,66,CENT,X
*GET,YV,ELEM,66,CENT,Y
*GET,SV,ELEM,66,ETAB,SEQV
*VWRITE,EIDV,XV,YV,SV
(4(E24.16,','))
EIDV=67
*GET,XV,ELEM,67,CENT,X
*GET,YV,ELEM,67,CENT,Y
*GET,SV,ELEM,67,ETAB,SEQV
*VWRITE,EIDV,XV,YV,SV
(4(E24.16,','))
EIDV=68
*GET,XV,ELEM,68,CENT,X
*GET,YV,ELEM,68,CENT,Y
*GET,SV,ELEM,68,ETAB,SEQV
*VWRITE,EIDV,XV,YV,SV
(4(E24.16,','))
EIDV=69
*GET,XV,ELEM,69,CENT,X
*GET,YV,ELEM,69,CENT,Y
*GET,SV,ELEM,69,ETAB,SEQV
*VWRITE,EIDV,XV,YV,SV
(4(E24.16,','))
EIDV=70
*GET,XV,ELEM,70,CENT,X
*GET,YV,ELEM,70,CENT,Y
*GET,SV,ELEM,70,ETAB,SEQV
*VWRITE,EIDV,XV,YV,SV
(4(E24.16,','))
EIDV=71
*GET,XV,ELEM,71,CENT,X
*GET,YV,ELEM,71,CENT,Y
*GET,SV,ELEM,71,ETAB,SEQV
*VWRITE,EIDV,XV,YV,SV
(4(E24.16,','))
EIDV=72
*GET,XV,ELEM,72,CENT,X
*GET,YV,ELEM,72,CENT,Y
*GET,SV,ELEM,72,ETAB,SEQV
*VWRITE,EIDV,XV,YV,SV
(4(E24.16,','))
EIDV=73
*GET,XV,ELEM,73,CENT,X
*GET,YV,ELEM,73,CENT,Y
*GET,SV,ELEM,73,ETAB,SEQV
*VWRITE,EIDV,XV,YV,SV
(4(E24.16,','))
EIDV=74
*GET,XV,ELEM,74,CENT,X
*GET,YV,ELEM,74,CENT,Y
*GET,SV,ELEM,74,ETAB,SEQV
*VWRITE,EIDV,XV,YV,SV
(4(E24.16,','))
EIDV=75
*GET,XV,ELEM,75,CENT,X
*GET,YV,ELEM,75,CENT,Y
*GET,SV,ELEM,75,ETAB,SEQV
*VWRITE,EIDV,XV,YV,SV
(4(E24.16,','))
EIDV=76
*GET,XV,ELEM,76,CENT,X
*GET,YV,ELEM,76,CENT,Y
*GET,SV,ELEM,76,ETAB,SEQV
*VWRITE,EIDV,XV,YV,SV
(4(E24.16,','))
EIDV=77
*GET,XV,ELEM,77,CENT,X
*GET,YV,ELEM,77,CENT,Y
*GET,SV,ELEM,77,ETAB,SEQV
*VWRITE,EIDV,XV,YV,SV
(4(E24.16,','))
EIDV=78
*GET,XV,ELEM,78,CENT,X
*GET,YV,ELEM,78,CENT,Y
*GET,SV,ELEM,78,ETAB,SEQV
*VWRITE,EIDV,XV,YV,SV
(4(E24.16,','))
EIDV=79
*GET,XV,ELEM,79,CENT,X
*GET,YV,ELEM,79,CENT,Y
*GET,SV,ELEM,79,ETAB,SEQV
*VWRITE,EIDV,XV,YV,SV
(4(E24.16,','))
EIDV=80
*GET,XV,ELEM,80,CENT,X
*GET,YV,ELEM,80,CENT,Y
*GET,SV,ELEM,80,ETAB,SEQV
*VWRITE,EIDV,XV,YV,SV
(4(E24.16,','))
EIDV=81
*GET,XV,ELEM,81,CENT,X
*GET,YV,ELEM,81,CENT,Y
*GET,SV,ELEM,81,ETAB,SEQV
*VWRITE,EIDV,XV,YV,SV
(4(E24.16,','))
EIDV=82
*GET,XV,ELEM,82,CENT,X
*GET,YV,ELEM,82,CENT,Y
*GET,SV,ELEM,82,ETAB,SEQV
*VWRITE,EIDV,XV,YV,SV
(4(E24.16,','))
EIDV=83
*GET,XV,ELEM,83,CENT,X
*GET,YV,ELEM,83,CENT,Y
*GET,SV,ELEM,83,ETAB,SEQV
*VWRITE,EIDV,XV,YV,SV
(4(E24.16,','))
EIDV=84
*GET,XV,ELEM,84,CENT,X
*GET,YV,ELEM,84,CENT,Y
*GET,SV,ELEM,84,ETAB,SEQV
*VWRITE,EIDV,XV,YV,SV
(4(E24.16,','))
EIDV=85
*GET,XV,ELEM,85,CENT,X
*GET,YV,ELEM,85,CENT,Y
*GET,SV,ELEM,85,ETAB,SEQV
*VWRITE,EIDV,XV,YV,SV
(4(E24.16,','))
EIDV=86
*GET,XV,ELEM,86,CENT,X
*GET,YV,ELEM,86,CENT,Y
*GET,SV,ELEM,86,ETAB,SEQV
*VWRITE,EIDV,XV,YV,SV
(4(E24.16,','))
EIDV=87
*GET,XV,ELEM,87,CENT,X
*GET,YV,ELEM,87,CENT,Y
*GET,SV,ELEM,87,ETAB,SEQV
*VWRITE,EIDV,XV,YV,SV
(4(E24.16,','))
EIDV=88
*GET,XV,ELEM,88,CENT,X
*GET,YV,ELEM,88,CENT,Y
*GET,SV,ELEM,88,ETAB,SEQV
*VWRITE,EIDV,XV,YV,SV
(4(E24.16,','))
EIDV=89
*GET,XV,ELEM,89,CENT,X
*GET,YV,ELEM,89,CENT,Y
*GET,SV,ELEM,89,ETAB,SEQV
*VWRITE,EIDV,XV,YV,SV
(4(E24.16,','))
EIDV=90
*GET,XV,ELEM,90,CENT,X
*GET,YV,ELEM,90,CENT,Y
*GET,SV,ELEM,90,ETAB,SEQV
*VWRITE,EIDV,XV,YV,SV
(4(E24.16,','))
EIDV=91
*GET,XV,ELEM,91,CENT,X
*GET,YV,ELEM,91,CENT,Y
*GET,SV,ELEM,91,ETAB,SEQV
*VWRITE,EIDV,XV,YV,SV
(4(E24.16,','))
EIDV=92
*GET,XV,ELEM,92,CENT,X
*GET,YV,ELEM,92,CENT,Y
*GET,SV,ELEM,92,ETAB,SEQV
*VWRITE,EIDV,XV,YV,SV
(4(E24.16,','))
EIDV=93
*GET,XV,ELEM,93,CENT,X
*GET,YV,ELEM,93,CENT,Y
*GET,SV,ELEM,93,ETAB,SEQV
*VWRITE,EIDV,XV,YV,SV
(4(E24.16,','))
EIDV=94
*GET,XV,ELEM,94,CENT,X
*GET,YV,ELEM,94,CENT,Y
*GET,SV,ELEM,94,ETAB,SEQV
*VWRITE,EIDV,XV,YV,SV
(4(E24.16,','))
EIDV=95
*GET,XV,ELEM,95,CENT,X
*GET,YV,ELEM,95,CENT,Y
*GET,SV,ELEM,95,ETAB,SEQV
*VWRITE,EIDV,XV,YV,SV
(4(E24.16,','))
EIDV=96
*GET,XV,ELEM,96,CENT,X
*GET,YV,ELEM,96,CENT,Y
*GET,SV,ELEM,96,ETAB,SEQV
*VWRITE,EIDV,XV,YV,SV
(4(E24.16,','))
EIDV=97
*GET,XV,ELEM,97,CENT,X
*GET,YV,ELEM,97,CENT,Y
*GET,SV,ELEM,97,ETAB,SEQV
*VWRITE,EIDV,XV,YV,SV
(4(E24.16,','))
EIDV=98
*GET,XV,ELEM,98,CENT,X
*GET,YV,ELEM,98,CENT,Y
*GET,SV,ELEM,98,ETAB,SEQV
*VWRITE,EIDV,XV,YV,SV
(4(E24.16,','))
EIDV=99
*GET,XV,ELEM,99,CENT,X
*GET,YV,ELEM,99,CENT,Y
*GET,SV,ELEM,99,ETAB,SEQV
*VWRITE,EIDV,XV,YV,SV
(4(E24.16,','))
EIDV=100
*GET,XV,ELEM,100,CENT,X
*GET,YV,ELEM,100,CENT,Y
*GET,SV,ELEM,100,ETAB,SEQV
*VWRITE,EIDV,XV,YV,SV
(4(E24.16,','))
EIDV=101
*GET,XV,ELEM,101,CENT,X
*GET,YV,ELEM,101,CENT,Y
*GET,SV,ELEM,101,ETAB,SEQV
*VWRITE,EIDV,XV,YV,SV
(4(E24.16,','))
EIDV=102
*GET,XV,ELEM,102,CENT,X
*GET,YV,ELEM,102,CENT,Y
*GET,SV,ELEM,102,ETAB,SEQV
*VWRITE,EIDV,XV,YV,SV
(4(E24.16,','))
EIDV=103
*GET,XV,ELEM,103,CENT,X
*GET,YV,ELEM,103,CENT,Y
*GET,SV,ELEM,103,ETAB,SEQV
*VWRITE,EIDV,XV,YV,SV
(4(E24.16,','))
EIDV=104
*GET,XV,ELEM,104,CENT,X
*GET,YV,ELEM,104,CENT,Y
*GET,SV,ELEM,104,ETAB,SEQV
*VWRITE,EIDV,XV,YV,SV
(4(E24.16,','))
EIDV=105
*GET,XV,ELEM,105,CENT,X
*GET,YV,ELEM,105,CENT,Y
*GET,SV,ELEM,105,ETAB,SEQV
*VWRITE,EIDV,XV,YV,SV
(4(E24.16,','))
EIDV=106
*GET,XV,ELEM,106,CENT,X
*GET,YV,ELEM,106,CENT,Y
*GET,SV,ELEM,106,ETAB,SEQV
*VWRITE,EIDV,XV,YV,SV
(4(E24.16,','))
EIDV=107
*GET,XV,ELEM,107,CENT,X
*GET,YV,ELEM,107,CENT,Y
*GET,SV,ELEM,107,ETAB,SEQV
*VWRITE,EIDV,XV,YV,SV
(4(E24.16,','))
EIDV=108
*GET,XV,ELEM,108,CENT,X
*GET,YV,ELEM,108,CENT,Y
*GET,SV,ELEM,108,ETAB,SEQV
*VWRITE,EIDV,XV,YV,SV
(4(E24.16,','))
EIDV=109
*GET,XV,ELEM,109,CENT,X
*GET,YV,ELEM,109,CENT,Y
*GET,SV,ELEM,109,ETAB,SEQV
*VWRITE,EIDV,XV,YV,SV
(4(E24.16,','))
EIDV=110
*GET,XV,ELEM,110,CENT,X
*GET,YV,ELEM,110,CENT,Y
*GET,SV,ELEM,110,ETAB,SEQV
*VWRITE,EIDV,XV,YV,SV
(4(E24.16,','))
EIDV=111
*GET,XV,ELEM,111,CENT,X
*GET,YV,ELEM,111,CENT,Y
*GET,SV,ELEM,111,ETAB,SEQV
*VWRITE,EIDV,XV,YV,SV
(4(E24.16,','))
EIDV=112
*GET,XV,ELEM,112,CENT,X
*GET,YV,ELEM,112,CENT,Y
*GET,SV,ELEM,112,ETAB,SEQV
*VWRITE,EIDV,XV,YV,SV
(4(E24.16,','))
EIDV=113
*GET,XV,ELEM,113,CENT,X
*GET,YV,ELEM,113,CENT,Y
*GET,SV,ELEM,113,ETAB,SEQV
*VWRITE,EIDV,XV,YV,SV
(4(E24.16,','))
EIDV=114
*GET,XV,ELEM,114,CENT,X
*GET,YV,ELEM,114,CENT,Y
*GET,SV,ELEM,114,ETAB,SEQV
*VWRITE,EIDV,XV,YV,SV
(4(E24.16,','))
EIDV=115
*GET,XV,ELEM,115,CENT,X
*GET,YV,ELEM,115,CENT,Y
*GET,SV,ELEM,115,ETAB,SEQV
*VWRITE,EIDV,XV,YV,SV
(4(E24.16,','))
EIDV=116
*GET,XV,ELEM,116,CENT,X
*GET,YV,ELEM,116,CENT,Y
*GET,SV,ELEM,116,ETAB,SEQV
*VWRITE,EIDV,XV,YV,SV
(4(E24.16,','))
EIDV=117
*GET,XV,ELEM,117,CENT,X
*GET,YV,ELEM,117,CENT,Y
*GET,SV,ELEM,117,ETAB,SEQV
*VWRITE,EIDV,XV,YV,SV
(4(E24.16,','))
EIDV=118
*GET,XV,ELEM,118,CENT,X
*GET,YV,ELEM,118,CENT,Y
*GET,SV,ELEM,118,ETAB,SEQV
*VWRITE,EIDV,XV,YV,SV
(4(E24.16,','))
EIDV=119
*GET,XV,ELEM,119,CENT,X
*GET,YV,ELEM,119,CENT,Y
*GET,SV,ELEM,119,ETAB,SEQV
*VWRITE,EIDV,XV,YV,SV
(4(E24.16,','))
EIDV=120
*GET,XV,ELEM,120,CENT,X
*GET,YV,ELEM,120,CENT,Y
*GET,SV,ELEM,120,ETAB,SEQV
*VWRITE,EIDV,XV,YV,SV
(4(E24.16,','))
EIDV=121
*GET,XV,ELEM,121,CENT,X
*GET,YV,ELEM,121,CENT,Y
*GET,SV,ELEM,121,ETAB,SEQV
*VWRITE,EIDV,XV,YV,SV
(4(E24.16,','))
EIDV=122
*GET,XV,ELEM,122,CENT,X
*GET,YV,ELEM,122,CENT,Y
*GET,SV,ELEM,122,ETAB,SEQV
*VWRITE,EIDV,XV,YV,SV
(4(E24.16,','))
EIDV=123
*GET,XV,ELEM,123,CENT,X
*GET,YV,ELEM,123,CENT,Y
*GET,SV,ELEM,123,ETAB,SEQV
*VWRITE,EIDV,XV,YV,SV
(4(E24.16,','))
EIDV=124
*GET,XV,ELEM,124,CENT,X
*GET,YV,ELEM,124,CENT,Y
*GET,SV,ELEM,124,ETAB,SEQV
*VWRITE,EIDV,XV,YV,SV
(4(E24.16,','))
EIDV=125
*GET,XV,ELEM,125,CENT,X
*GET,YV,ELEM,125,CENT,Y
*GET,SV,ELEM,125,ETAB,SEQV
*VWRITE,EIDV,XV,YV,SV
(4(E24.16,','))
EIDV=126
*GET,XV,ELEM,126,CENT,X
*GET,YV,ELEM,126,CENT,Y
*GET,SV,ELEM,126,ETAB,SEQV
*VWRITE,EIDV,XV,YV,SV
(4(E24.16,','))
EIDV=127
*GET,XV,ELEM,127,CENT,X
*GET,YV,ELEM,127,CENT,Y
*GET,SV,ELEM,127,ETAB,SEQV
*VWRITE,EIDV,XV,YV,SV
(4(E24.16,','))
EIDV=128
*GET,XV,ELEM,128,CENT,X
*GET,YV,ELEM,128,CENT,Y
*GET,SV,ELEM,128,ETAB,SEQV
*VWRITE,EIDV,XV,YV,SV
(4(E24.16,','))
EIDV=129
*GET,XV,ELEM,129,CENT,X
*GET,YV,ELEM,129,CENT,Y
*GET,SV,ELEM,129,ETAB,SEQV
*VWRITE,EIDV,XV,YV,SV
(4(E24.16,','))
EIDV=130
*GET,XV,ELEM,130,CENT,X
*GET,YV,ELEM,130,CENT,Y
*GET,SV,ELEM,130,ETAB,SEQV
*VWRITE,EIDV,XV,YV,SV
(4(E24.16,','))
EIDV=131
*GET,XV,ELEM,131,CENT,X
*GET,YV,ELEM,131,CENT,Y
*GET,SV,ELEM,131,ETAB,SEQV
*VWRITE,EIDV,XV,YV,SV
(4(E24.16,','))
EIDV=132
*GET,XV,ELEM,132,CENT,X
*GET,YV,ELEM,132,CENT,Y
*GET,SV,ELEM,132,ETAB,SEQV
*VWRITE,EIDV,XV,YV,SV
(4(E24.16,','))
EIDV=133
*GET,XV,ELEM,133,CENT,X
*GET,YV,ELEM,133,CENT,Y
*GET,SV,ELEM,133,ETAB,SEQV
*VWRITE,EIDV,XV,YV,SV
(4(E24.16,','))
EIDV=134
*GET,XV,ELEM,134,CENT,X
*GET,YV,ELEM,134,CENT,Y
*GET,SV,ELEM,134,ETAB,SEQV
*VWRITE,EIDV,XV,YV,SV
(4(E24.16,','))
EIDV=135
*GET,XV,ELEM,135,CENT,X
*GET,YV,ELEM,135,CENT,Y
*GET,SV,ELEM,135,ETAB,SEQV
*VWRITE,EIDV,XV,YV,SV
(4(E24.16,','))
EIDV=136
*GET,XV,ELEM,136,CENT,X
*GET,YV,ELEM,136,CENT,Y
*GET,SV,ELEM,136,ETAB,SEQV
*VWRITE,EIDV,XV,YV,SV
(4(E24.16,','))
EIDV=137
*GET,XV,ELEM,137,CENT,X
*GET,YV,ELEM,137,CENT,Y
*GET,SV,ELEM,137,ETAB,SEQV
*VWRITE,EIDV,XV,YV,SV
(4(E24.16,','))
EIDV=138
*GET,XV,ELEM,138,CENT,X
*GET,YV,ELEM,138,CENT,Y
*GET,SV,ELEM,138,ETAB,SEQV
*VWRITE,EIDV,XV,YV,SV
(4(E24.16,','))
EIDV=139
*GET,XV,ELEM,139,CENT,X
*GET,YV,ELEM,139,CENT,Y
*GET,SV,ELEM,139,ETAB,SEQV
*VWRITE,EIDV,XV,YV,SV
(4(E24.16,','))
EIDV=140
*GET,XV,ELEM,140,CENT,X
*GET,YV,ELEM,140,CENT,Y
*GET,SV,ELEM,140,ETAB,SEQV
*VWRITE,EIDV,XV,YV,SV
(4(E24.16,','))
EIDV=141
*GET,XV,ELEM,141,CENT,X
*GET,YV,ELEM,141,CENT,Y
*GET,SV,ELEM,141,ETAB,SEQV
*VWRITE,EIDV,XV,YV,SV
(4(E24.16,','))
EIDV=142
*GET,XV,ELEM,142,CENT,X
*GET,YV,ELEM,142,CENT,Y
*GET,SV,ELEM,142,ETAB,SEQV
*VWRITE,EIDV,XV,YV,SV
(4(E24.16,','))
EIDV=143
*GET,XV,ELEM,143,CENT,X
*GET,YV,ELEM,143,CENT,Y
*GET,SV,ELEM,143,ETAB,SEQV
*VWRITE,EIDV,XV,YV,SV
(4(E24.16,','))
EIDV=144
*GET,XV,ELEM,144,CENT,X
*GET,YV,ELEM,144,CENT,Y
*GET,SV,ELEM,144,ETAB,SEQV
*VWRITE,EIDV,XV,YV,SV
(4(E24.16,','))
EIDV=145
*GET,XV,ELEM,145,CENT,X
*GET,YV,ELEM,145,CENT,Y
*GET,SV,ELEM,145,ETAB,SEQV
*VWRITE,EIDV,XV,YV,SV
(4(E24.16,','))
EIDV=146
*GET,XV,ELEM,146,CENT,X
*GET,YV,ELEM,146,CENT,Y
*GET,SV,ELEM,146,ETAB,SEQV
*VWRITE,EIDV,XV,YV,SV
(4(E24.16,','))
EIDV=147
*GET,XV,ELEM,147,CENT,X
*GET,YV,ELEM,147,CENT,Y
*GET,SV,ELEM,147,ETAB,SEQV
*VWRITE,EIDV,XV,YV,SV
(4(E24.16,','))
EIDV=148
*GET,XV,ELEM,148,CENT,X
*GET,YV,ELEM,148,CENT,Y
*GET,SV,ELEM,148,ETAB,SEQV
*VWRITE,EIDV,XV,YV,SV
(4(E24.16,','))
EIDV=149
*GET,XV,ELEM,149,CENT,X
*GET,YV,ELEM,149,CENT,Y
*GET,SV,ELEM,149,ETAB,SEQV
*VWRITE,EIDV,XV,YV,SV
(4(E24.16,','))
EIDV=150
*GET,XV,ELEM,150,CENT,X
*GET,YV,ELEM,150,CENT,Y
*GET,SV,ELEM,150,ETAB,SEQV
*VWRITE,EIDV,XV,YV,SV
(4(E24.16,','))
EIDV=151
*GET,XV,ELEM,151,CENT,X
*GET,YV,ELEM,151,CENT,Y
*GET,SV,ELEM,151,ETAB,SEQV
*VWRITE,EIDV,XV,YV,SV
(4(E24.16,','))
EIDV=152
*GET,XV,ELEM,152,CENT,X
*GET,YV,ELEM,152,CENT,Y
*GET,SV,ELEM,152,ETAB,SEQV
*VWRITE,EIDV,XV,YV,SV
(4(E24.16,','))
EIDV=153
*GET,XV,ELEM,153,CENT,X
*GET,YV,ELEM,153,CENT,Y
*GET,SV,ELEM,153,ETAB,SEQV
*VWRITE,EIDV,XV,YV,SV
(4(E24.16,','))
EIDV=154
*GET,XV,ELEM,154,CENT,X
*GET,YV,ELEM,154,CENT,Y
*GET,SV,ELEM,154,ETAB,SEQV
*VWRITE,EIDV,XV,YV,SV
(4(E24.16,','))
EIDV=155
*GET,XV,ELEM,155,CENT,X
*GET,YV,ELEM,155,CENT,Y
*GET,SV,ELEM,155,ETAB,SEQV
*VWRITE,EIDV,XV,YV,SV
(4(E24.16,','))
EIDV=156
*GET,XV,ELEM,156,CENT,X
*GET,YV,ELEM,156,CENT,Y
*GET,SV,ELEM,156,ETAB,SEQV
*VWRITE,EIDV,XV,YV,SV
(4(E24.16,','))
EIDV=157
*GET,XV,ELEM,157,CENT,X
*GET,YV,ELEM,157,CENT,Y
*GET,SV,ELEM,157,ETAB,SEQV
*VWRITE,EIDV,XV,YV,SV
(4(E24.16,','))
EIDV=158
*GET,XV,ELEM,158,CENT,X
*GET,YV,ELEM,158,CENT,Y
*GET,SV,ELEM,158,ETAB,SEQV
*VWRITE,EIDV,XV,YV,SV
(4(E24.16,','))
EIDV=159
*GET,XV,ELEM,159,CENT,X
*GET,YV,ELEM,159,CENT,Y
*GET,SV,ELEM,159,ETAB,SEQV
*VWRITE,EIDV,XV,YV,SV
(4(E24.16,','))
EIDV=160
*GET,XV,ELEM,160,CENT,X
*GET,YV,ELEM,160,CENT,Y
*GET,SV,ELEM,160,ETAB,SEQV
*VWRITE,EIDV,XV,YV,SV
(4(E24.16,','))
EIDV=161
*GET,XV,ELEM,161,CENT,X
*GET,YV,ELEM,161,CENT,Y
*GET,SV,ELEM,161,ETAB,SEQV
*VWRITE,EIDV,XV,YV,SV
(4(E24.16,','))
EIDV=162
*GET,XV,ELEM,162,CENT,X
*GET,YV,ELEM,162,CENT,Y
*GET,SV,ELEM,162,ETAB,SEQV
*VWRITE,EIDV,XV,YV,SV
(4(E24.16,','))
EIDV=163
*GET,XV,ELEM,163,CENT,X
*GET,YV,ELEM,163,CENT,Y
*GET,SV,ELEM,163,ETAB,SEQV
*VWRITE,EIDV,XV,YV,SV
(4(E24.16,','))
EIDV=164
*GET,XV,ELEM,164,CENT,X
*GET,YV,ELEM,164,CENT,Y
*GET,SV,ELEM,164,ETAB,SEQV
*VWRITE,EIDV,XV,YV,SV
(4(E24.16,','))
EIDV=165
*GET,XV,ELEM,165,CENT,X
*GET,YV,ELEM,165,CENT,Y
*GET,SV,ELEM,165,ETAB,SEQV
*VWRITE,EIDV,XV,YV,SV
(4(E24.16,','))
EIDV=166
*GET,XV,ELEM,166,CENT,X
*GET,YV,ELEM,166,CENT,Y
*GET,SV,ELEM,166,ETAB,SEQV
*VWRITE,EIDV,XV,YV,SV
(4(E24.16,','))
EIDV=167
*GET,XV,ELEM,167,CENT,X
*GET,YV,ELEM,167,CENT,Y
*GET,SV,ELEM,167,ETAB,SEQV
*VWRITE,EIDV,XV,YV,SV
(4(E24.16,','))
EIDV=168
*GET,XV,ELEM,168,CENT,X
*GET,YV,ELEM,168,CENT,Y
*GET,SV,ELEM,168,ETAB,SEQV
*VWRITE,EIDV,XV,YV,SV
(4(E24.16,','))
EIDV=169
*GET,XV,ELEM,169,CENT,X
*GET,YV,ELEM,169,CENT,Y
*GET,SV,ELEM,169,ETAB,SEQV
*VWRITE,EIDV,XV,YV,SV
(4(E24.16,','))
EIDV=170
*GET,XV,ELEM,170,CENT,X
*GET,YV,ELEM,170,CENT,Y
*GET,SV,ELEM,170,ETAB,SEQV
*VWRITE,EIDV,XV,YV,SV
(4(E24.16,','))
EIDV=171
*GET,XV,ELEM,171,CENT,X
*GET,YV,ELEM,171,CENT,Y
*GET,SV,ELEM,171,ETAB,SEQV
*VWRITE,EIDV,XV,YV,SV
(4(E24.16,','))
EIDV=172
*GET,XV,ELEM,172,CENT,X
*GET,YV,ELEM,172,CENT,Y
*GET,SV,ELEM,172,ETAB,SEQV
*VWRITE,EIDV,XV,YV,SV
(4(E24.16,','))
EIDV=173
*GET,XV,ELEM,173,CENT,X
*GET,YV,ELEM,173,CENT,Y
*GET,SV,ELEM,173,ETAB,SEQV
*VWRITE,EIDV,XV,YV,SV
(4(E24.16,','))
EIDV=174
*GET,XV,ELEM,174,CENT,X
*GET,YV,ELEM,174,CENT,Y
*GET,SV,ELEM,174,ETAB,SEQV
*VWRITE,EIDV,XV,YV,SV
(4(E24.16,','))
EIDV=175
*GET,XV,ELEM,175,CENT,X
*GET,YV,ELEM,175,CENT,Y
*GET,SV,ELEM,175,ETAB,SEQV
*VWRITE,EIDV,XV,YV,SV
(4(E24.16,','))
EIDV=176
*GET,XV,ELEM,176,CENT,X
*GET,YV,ELEM,176,CENT,Y
*GET,SV,ELEM,176,ETAB,SEQV
*VWRITE,EIDV,XV,YV,SV
(4(E24.16,','))
EIDV=177
*GET,XV,ELEM,177,CENT,X
*GET,YV,ELEM,177,CENT,Y
*GET,SV,ELEM,177,ETAB,SEQV
*VWRITE,EIDV,XV,YV,SV
(4(E24.16,','))
EIDV=178
*GET,XV,ELEM,178,CENT,X
*GET,YV,ELEM,178,CENT,Y
*GET,SV,ELEM,178,ETAB,SEQV
*VWRITE,EIDV,XV,YV,SV
(4(E24.16,','))
EIDV=179
*GET,XV,ELEM,179,CENT,X
*GET,YV,ELEM,179,CENT,Y
*GET,SV,ELEM,179,ETAB,SEQV
*VWRITE,EIDV,XV,YV,SV
(4(E24.16,','))
EIDV=180
*GET,XV,ELEM,180,CENT,X
*GET,YV,ELEM,180,CENT,Y
*GET,SV,ELEM,180,ETAB,SEQV
*VWRITE,EIDV,XV,YV,SV
(4(E24.16,','))
EIDV=181
*GET,XV,ELEM,181,CENT,X
*GET,YV,ELEM,181,CENT,Y
*GET,SV,ELEM,181,ETAB,SEQV
*VWRITE,EIDV,XV,YV,SV
(4(E24.16,','))
EIDV=182
*GET,XV,ELEM,182,CENT,X
*GET,YV,ELEM,182,CENT,Y
*GET,SV,ELEM,182,ETAB,SEQV
*VWRITE,EIDV,XV,YV,SV
(4(E24.16,','))
EIDV=183
*GET,XV,ELEM,183,CENT,X
*GET,YV,ELEM,183,CENT,Y
*GET,SV,ELEM,183,ETAB,SEQV
*VWRITE,EIDV,XV,YV,SV
(4(E24.16,','))
EIDV=184
*GET,XV,ELEM,184,CENT,X
*GET,YV,ELEM,184,CENT,Y
*GET,SV,ELEM,184,ETAB,SEQV
*VWRITE,EIDV,XV,YV,SV
(4(E24.16,','))
EIDV=185
*GET,XV,ELEM,185,CENT,X
*GET,YV,ELEM,185,CENT,Y
*GET,SV,ELEM,185,ETAB,SEQV
*VWRITE,EIDV,XV,YV,SV
(4(E24.16,','))
EIDV=186
*GET,XV,ELEM,186,CENT,X
*GET,YV,ELEM,186,CENT,Y
*GET,SV,ELEM,186,ETAB,SEQV
*VWRITE,EIDV,XV,YV,SV
(4(E24.16,','))
EIDV=187
*GET,XV,ELEM,187,CENT,X
*GET,YV,ELEM,187,CENT,Y
*GET,SV,ELEM,187,ETAB,SEQV
*VWRITE,EIDV,XV,YV,SV
(4(E24.16,','))
EIDV=188
*GET,XV,ELEM,188,CENT,X
*GET,YV,ELEM,188,CENT,Y
*GET,SV,ELEM,188,ETAB,SEQV
*VWRITE,EIDV,XV,YV,SV
(4(E24.16,','))
EIDV=189
*GET,XV,ELEM,189,CENT,X
*GET,YV,ELEM,189,CENT,Y
*GET,SV,ELEM,189,ETAB,SEQV
*VWRITE,EIDV,XV,YV,SV
(4(E24.16,','))
EIDV=190
*GET,XV,ELEM,190,CENT,X
*GET,YV,ELEM,190,CENT,Y
*GET,SV,ELEM,190,ETAB,SEQV
*VWRITE,EIDV,XV,YV,SV
(4(E24.16,','))
EIDV=191
*GET,XV,ELEM,191,CENT,X
*GET,YV,ELEM,191,CENT,Y
*GET,SV,ELEM,191,ETAB,SEQV
*VWRITE,EIDV,XV,YV,SV
(4(E24.16,','))
EIDV=192
*GET,XV,ELEM,192,CENT,X
*GET,YV,ELEM,192,CENT,Y
*GET,SV,ELEM,192,ETAB,SEQV
*VWRITE,EIDV,XV,YV,SV
(4(E24.16,','))
EIDV=193
*GET,XV,ELEM,193,CENT,X
*GET,YV,ELEM,193,CENT,Y
*GET,SV,ELEM,193,ETAB,SEQV
*VWRITE,EIDV,XV,YV,SV
(4(E24.16,','))
EIDV=194
*GET,XV,ELEM,194,CENT,X
*GET,YV,ELEM,194,CENT,Y
*GET,SV,ELEM,194,ETAB,SEQV
*VWRITE,EIDV,XV,YV,SV
(4(E24.16,','))
EIDV=195
*GET,XV,ELEM,195,CENT,X
*GET,YV,ELEM,195,CENT,Y
*GET,SV,ELEM,195,ETAB,SEQV
*VWRITE,EIDV,XV,YV,SV
(4(E24.16,','))
EIDV=196
*GET,XV,ELEM,196,CENT,X
*GET,YV,ELEM,196,CENT,Y
*GET,SV,ELEM,196,ETAB,SEQV
*VWRITE,EIDV,XV,YV,SV
(4(E24.16,','))
EIDV=197
*GET,XV,ELEM,197,CENT,X
*GET,YV,ELEM,197,CENT,Y
*GET,SV,ELEM,197,ETAB,SEQV
*VWRITE,EIDV,XV,YV,SV
(4(E24.16,','))
EIDV=198
*GET,XV,ELEM,198,CENT,X
*GET,YV,ELEM,198,CENT,Y
*GET,SV,ELEM,198,ETAB,SEQV
*VWRITE,EIDV,XV,YV,SV
(4(E24.16,','))
EIDV=199
*GET,XV,ELEM,199,CENT,X
*GET,YV,ELEM,199,CENT,Y
*GET,SV,ELEM,199,ETAB,SEQV
*VWRITE,EIDV,XV,YV,SV
(4(E24.16,','))
EIDV=200
*GET,XV,ELEM,200,CENT,X
*GET,YV,ELEM,200,CENT,Y
*GET,SV,ELEM,200,ETAB,SEQV
*VWRITE,EIDV,XV,YV,SV
(4(E24.16,','))
EIDV=201
*GET,XV,ELEM,201,CENT,X
*GET,YV,ELEM,201,CENT,Y
*GET,SV,ELEM,201,ETAB,SEQV
*VWRITE,EIDV,XV,YV,SV
(4(E24.16,','))
EIDV=202
*GET,XV,ELEM,202,CENT,X
*GET,YV,ELEM,202,CENT,Y
*GET,SV,ELEM,202,ETAB,SEQV
*VWRITE,EIDV,XV,YV,SV
(4(E24.16,','))
EIDV=203
*GET,XV,ELEM,203,CENT,X
*GET,YV,ELEM,203,CENT,Y
*GET,SV,ELEM,203,ETAB,SEQV
*VWRITE,EIDV,XV,YV,SV
(4(E24.16,','))
EIDV=204
*GET,XV,ELEM,204,CENT,X
*GET,YV,ELEM,204,CENT,Y
*GET,SV,ELEM,204,ETAB,SEQV
*VWRITE,EIDV,XV,YV,SV
(4(E24.16,','))
EIDV=205
*GET,XV,ELEM,205,CENT,X
*GET,YV,ELEM,205,CENT,Y
*GET,SV,ELEM,205,ETAB,SEQV
*VWRITE,EIDV,XV,YV,SV
(4(E24.16,','))
EIDV=206
*GET,XV,ELEM,206,CENT,X
*GET,YV,ELEM,206,CENT,Y
*GET,SV,ELEM,206,ETAB,SEQV
*VWRITE,EIDV,XV,YV,SV
(4(E24.16,','))
EIDV=207
*GET,XV,ELEM,207,CENT,X
*GET,YV,ELEM,207,CENT,Y
*GET,SV,ELEM,207,ETAB,SEQV
*VWRITE,EIDV,XV,YV,SV
(4(E24.16,','))
EIDV=208
*GET,XV,ELEM,208,CENT,X
*GET,YV,ELEM,208,CENT,Y
*GET,SV,ELEM,208,ETAB,SEQV
*VWRITE,EIDV,XV,YV,SV
(4(E24.16,','))
EIDV=209
*GET,XV,ELEM,209,CENT,X
*GET,YV,ELEM,209,CENT,Y
*GET,SV,ELEM,209,ETAB,SEQV
*VWRITE,EIDV,XV,YV,SV
(4(E24.16,','))
EIDV=210
*GET,XV,ELEM,210,CENT,X
*GET,YV,ELEM,210,CENT,Y
*GET,SV,ELEM,210,ETAB,SEQV
*VWRITE,EIDV,XV,YV,SV
(4(E24.16,','))
EIDV=211
*GET,XV,ELEM,211,CENT,X
*GET,YV,ELEM,211,CENT,Y
*GET,SV,ELEM,211,ETAB,SEQV
*VWRITE,EIDV,XV,YV,SV
(4(E24.16,','))
EIDV=212
*GET,XV,ELEM,212,CENT,X
*GET,YV,ELEM,212,CENT,Y
*GET,SV,ELEM,212,ETAB,SEQV
*VWRITE,EIDV,XV,YV,SV
(4(E24.16,','))
EIDV=213
*GET,XV,ELEM,213,CENT,X
*GET,YV,ELEM,213,CENT,Y
*GET,SV,ELEM,213,ETAB,SEQV
*VWRITE,EIDV,XV,YV,SV
(4(E24.16,','))
EIDV=214
*GET,XV,ELEM,214,CENT,X
*GET,YV,ELEM,214,CENT,Y
*GET,SV,ELEM,214,ETAB,SEQV
*VWRITE,EIDV,XV,YV,SV
(4(E24.16,','))
EIDV=215
*GET,XV,ELEM,215,CENT,X
*GET,YV,ELEM,215,CENT,Y
*GET,SV,ELEM,215,ETAB,SEQV
*VWRITE,EIDV,XV,YV,SV
(4(E24.16,','))
EIDV=216
*GET,XV,ELEM,216,CENT,X
*GET,YV,ELEM,216,CENT,Y
*GET,SV,ELEM,216,ETAB,SEQV
*VWRITE,EIDV,XV,YV,SV
(4(E24.16,','))
EIDV=217
*GET,XV,ELEM,217,CENT,X
*GET,YV,ELEM,217,CENT,Y
*GET,SV,ELEM,217,ETAB,SEQV
*VWRITE,EIDV,XV,YV,SV
(4(E24.16,','))
EIDV=218
*GET,XV,ELEM,218,CENT,X
*GET,YV,ELEM,218,CENT,Y
*GET,SV,ELEM,218,ETAB,SEQV
*VWRITE,EIDV,XV,YV,SV
(4(E24.16,','))
EIDV=219
*GET,XV,ELEM,219,CENT,X
*GET,YV,ELEM,219,CENT,Y
*GET,SV,ELEM,219,ETAB,SEQV
*VWRITE,EIDV,XV,YV,SV
(4(E24.16,','))
EIDV=220
*GET,XV,ELEM,220,CENT,X
*GET,YV,ELEM,220,CENT,Y
*GET,SV,ELEM,220,ETAB,SEQV
*VWRITE,EIDV,XV,YV,SV
(4(E24.16,','))
EIDV=221
*GET,XV,ELEM,221,CENT,X
*GET,YV,ELEM,221,CENT,Y
*GET,SV,ELEM,221,ETAB,SEQV
*VWRITE,EIDV,XV,YV,SV
(4(E24.16,','))
EIDV=222
*GET,XV,ELEM,222,CENT,X
*GET,YV,ELEM,222,CENT,Y
*GET,SV,ELEM,222,ETAB,SEQV
*VWRITE,EIDV,XV,YV,SV
(4(E24.16,','))
EIDV=223
*GET,XV,ELEM,223,CENT,X
*GET,YV,ELEM,223,CENT,Y
*GET,SV,ELEM,223,ETAB,SEQV
*VWRITE,EIDV,XV,YV,SV
(4(E24.16,','))
EIDV=224
*GET,XV,ELEM,224,CENT,X
*GET,YV,ELEM,224,CENT,Y
*GET,SV,ELEM,224,ETAB,SEQV
*VWRITE,EIDV,XV,YV,SV
(4(E24.16,','))
EIDV=225
*GET,XV,ELEM,225,CENT,X
*GET,YV,ELEM,225,CENT,Y
*GET,SV,ELEM,225,ETAB,SEQV
*VWRITE,EIDV,XV,YV,SV
(4(E24.16,','))
EIDV=226
*GET,XV,ELEM,226,CENT,X
*GET,YV,ELEM,226,CENT,Y
*GET,SV,ELEM,226,ETAB,SEQV
*VWRITE,EIDV,XV,YV,SV
(4(E24.16,','))
EIDV=227
*GET,XV,ELEM,227,CENT,X
*GET,YV,ELEM,227,CENT,Y
*GET,SV,ELEM,227,ETAB,SEQV
*VWRITE,EIDV,XV,YV,SV
(4(E24.16,','))
EIDV=228
*GET,XV,ELEM,228,CENT,X
*GET,YV,ELEM,228,CENT,Y
*GET,SV,ELEM,228,ETAB,SEQV
*VWRITE,EIDV,XV,YV,SV
(4(E24.16,','))
EIDV=229
*GET,XV,ELEM,229,CENT,X
*GET,YV,ELEM,229,CENT,Y
*GET,SV,ELEM,229,ETAB,SEQV
*VWRITE,EIDV,XV,YV,SV
(4(E24.16,','))
EIDV=230
*GET,XV,ELEM,230,CENT,X
*GET,YV,ELEM,230,CENT,Y
*GET,SV,ELEM,230,ETAB,SEQV
*VWRITE,EIDV,XV,YV,SV
(4(E24.16,','))
EIDV=231
*GET,XV,ELEM,231,CENT,X
*GET,YV,ELEM,231,CENT,Y
*GET,SV,ELEM,231,ETAB,SEQV
*VWRITE,EIDV,XV,YV,SV
(4(E24.16,','))
EIDV=232
*GET,XV,ELEM,232,CENT,X
*GET,YV,ELEM,232,CENT,Y
*GET,SV,ELEM,232,ETAB,SEQV
*VWRITE,EIDV,XV,YV,SV
(4(E24.16,','))
EIDV=233
*GET,XV,ELEM,233,CENT,X
*GET,YV,ELEM,233,CENT,Y
*GET,SV,ELEM,233,ETAB,SEQV
*VWRITE,EIDV,XV,YV,SV
(4(E24.16,','))
EIDV=234
*GET,XV,ELEM,234,CENT,X
*GET,YV,ELEM,234,CENT,Y
*GET,SV,ELEM,234,ETAB,SEQV
*VWRITE,EIDV,XV,YV,SV
(4(E24.16,','))
EIDV=235
*GET,XV,ELEM,235,CENT,X
*GET,YV,ELEM,235,CENT,Y
*GET,SV,ELEM,235,ETAB,SEQV
*VWRITE,EIDV,XV,YV,SV
(4(E24.16,','))
EIDV=236
*GET,XV,ELEM,236,CENT,X
*GET,YV,ELEM,236,CENT,Y
*GET,SV,ELEM,236,ETAB,SEQV
*VWRITE,EIDV,XV,YV,SV
(4(E24.16,','))
EIDV=237
*GET,XV,ELEM,237,CENT,X
*GET,YV,ELEM,237,CENT,Y
*GET,SV,ELEM,237,ETAB,SEQV
*VWRITE,EIDV,XV,YV,SV
(4(E24.16,','))
EIDV=238
*GET,XV,ELEM,238,CENT,X
*GET,YV,ELEM,238,CENT,Y
*GET,SV,ELEM,238,ETAB,SEQV
*VWRITE,EIDV,XV,YV,SV
(4(E24.16,','))
EIDV=239
*GET,XV,ELEM,239,CENT,X
*GET,YV,ELEM,239,CENT,Y
*GET,SV,ELEM,239,ETAB,SEQV
*VWRITE,EIDV,XV,YV,SV
(4(E24.16,','))
EIDV=240
*GET,XV,ELEM,240,CENT,X
*GET,YV,ELEM,240,CENT,Y
*GET,SV,ELEM,240,ETAB,SEQV
*VWRITE,EIDV,XV,YV,SV
(4(E24.16,','))
EIDV=241
*GET,XV,ELEM,241,CENT,X
*GET,YV,ELEM,241,CENT,Y
*GET,SV,ELEM,241,ETAB,SEQV
*VWRITE,EIDV,XV,YV,SV
(4(E24.16,','))
EIDV=242
*GET,XV,ELEM,242,CENT,X
*GET,YV,ELEM,242,CENT,Y
*GET,SV,ELEM,242,ETAB,SEQV
*VWRITE,EIDV,XV,YV,SV
(4(E24.16,','))
EIDV=243
*GET,XV,ELEM,243,CENT,X
*GET,YV,ELEM,243,CENT,Y
*GET,SV,ELEM,243,ETAB,SEQV
*VWRITE,EIDV,XV,YV,SV
(4(E24.16,','))
EIDV=244
*GET,XV,ELEM,244,CENT,X
*GET,YV,ELEM,244,CENT,Y
*GET,SV,ELEM,244,ETAB,SEQV
*VWRITE,EIDV,XV,YV,SV
(4(E24.16,','))
EIDV=245
*GET,XV,ELEM,245,CENT,X
*GET,YV,ELEM,245,CENT,Y
*GET,SV,ELEM,245,ETAB,SEQV
*VWRITE,EIDV,XV,YV,SV
(4(E24.16,','))
EIDV=246
*GET,XV,ELEM,246,CENT,X
*GET,YV,ELEM,246,CENT,Y
*GET,SV,ELEM,246,ETAB,SEQV
*VWRITE,EIDV,XV,YV,SV
(4(E24.16,','))
EIDV=247
*GET,XV,ELEM,247,CENT,X
*GET,YV,ELEM,247,CENT,Y
*GET,SV,ELEM,247,ETAB,SEQV
*VWRITE,EIDV,XV,YV,SV
(4(E24.16,','))
EIDV=248
*GET,XV,ELEM,248,CENT,X
*GET,YV,ELEM,248,CENT,Y
*GET,SV,ELEM,248,ETAB,SEQV
*VWRITE,EIDV,XV,YV,SV
(4(E24.16,','))
EIDV=249
*GET,XV,ELEM,249,CENT,X
*GET,YV,ELEM,249,CENT,Y
*GET,SV,ELEM,249,ETAB,SEQV
*VWRITE,EIDV,XV,YV,SV
(4(E24.16,','))
EIDV=250
*GET,XV,ELEM,250,CENT,X
*GET,YV,ELEM,250,CENT,Y
*GET,SV,ELEM,250,ETAB,SEQV
*VWRITE,EIDV,XV,YV,SV
(4(E24.16,','))
EIDV=251
*GET,XV,ELEM,251,CENT,X
*GET,YV,ELEM,251,CENT,Y
*GET,SV,ELEM,251,ETAB,SEQV
*VWRITE,EIDV,XV,YV,SV
(4(E24.16,','))
EIDV=252
*GET,XV,ELEM,252,CENT,X
*GET,YV,ELEM,252,CENT,Y
*GET,SV,ELEM,252,ETAB,SEQV
*VWRITE,EIDV,XV,YV,SV
(4(E24.16,','))
EIDV=253
*GET,XV,ELEM,253,CENT,X
*GET,YV,ELEM,253,CENT,Y
*GET,SV,ELEM,253,ETAB,SEQV
*VWRITE,EIDV,XV,YV,SV
(4(E24.16,','))
EIDV=254
*GET,XV,ELEM,254,CENT,X
*GET,YV,ELEM,254,CENT,Y
*GET,SV,ELEM,254,ETAB,SEQV
*VWRITE,EIDV,XV,YV,SV
(4(E24.16,','))
EIDV=255
*GET,XV,ELEM,255,CENT,X
*GET,YV,ELEM,255,CENT,Y
*GET,SV,ELEM,255,ETAB,SEQV
*VWRITE,EIDV,XV,YV,SV
(4(E24.16,','))
EIDV=256
*GET,XV,ELEM,256,CENT,X
*GET,YV,ELEM,256,CENT,Y
*GET,SV,ELEM,256,ETAB,SEQV
*VWRITE,EIDV,XV,YV,SV
(4(E24.16,','))
EIDV=257
*GET,XV,ELEM,257,CENT,X
*GET,YV,ELEM,257,CENT,Y
*GET,SV,ELEM,257,ETAB,SEQV
*VWRITE,EIDV,XV,YV,SV
(4(E24.16,','))
EIDV=258
*GET,XV,ELEM,258,CENT,X
*GET,YV,ELEM,258,CENT,Y
*GET,SV,ELEM,258,ETAB,SEQV
*VWRITE,EIDV,XV,YV,SV
(4(E24.16,','))
EIDV=259
*GET,XV,ELEM,259,CENT,X
*GET,YV,ELEM,259,CENT,Y
*GET,SV,ELEM,259,ETAB,SEQV
*VWRITE,EIDV,XV,YV,SV
(4(E24.16,','))
EIDV=260
*GET,XV,ELEM,260,CENT,X
*GET,YV,ELEM,260,CENT,Y
*GET,SV,ELEM,260,ETAB,SEQV
*VWRITE,EIDV,XV,YV,SV
(4(E24.16,','))
EIDV=261
*GET,XV,ELEM,261,CENT,X
*GET,YV,ELEM,261,CENT,Y
*GET,SV,ELEM,261,ETAB,SEQV
*VWRITE,EIDV,XV,YV,SV
(4(E24.16,','))
EIDV=262
*GET,XV,ELEM,262,CENT,X
*GET,YV,ELEM,262,CENT,Y
*GET,SV,ELEM,262,ETAB,SEQV
*VWRITE,EIDV,XV,YV,SV
(4(E24.16,','))
EIDV=263
*GET,XV,ELEM,263,CENT,X
*GET,YV,ELEM,263,CENT,Y
*GET,SV,ELEM,263,ETAB,SEQV
*VWRITE,EIDV,XV,YV,SV
(4(E24.16,','))
EIDV=264
*GET,XV,ELEM,264,CENT,X
*GET,YV,ELEM,264,CENT,Y
*GET,SV,ELEM,264,ETAB,SEQV
*VWRITE,EIDV,XV,YV,SV
(4(E24.16,','))
EIDV=265
*GET,XV,ELEM,265,CENT,X
*GET,YV,ELEM,265,CENT,Y
*GET,SV,ELEM,265,ETAB,SEQV
*VWRITE,EIDV,XV,YV,SV
(4(E24.16,','))
EIDV=266
*GET,XV,ELEM,266,CENT,X
*GET,YV,ELEM,266,CENT,Y
*GET,SV,ELEM,266,ETAB,SEQV
*VWRITE,EIDV,XV,YV,SV
(4(E24.16,','))
EIDV=267
*GET,XV,ELEM,267,CENT,X
*GET,YV,ELEM,267,CENT,Y
*GET,SV,ELEM,267,ETAB,SEQV
*VWRITE,EIDV,XV,YV,SV
(4(E24.16,','))
EIDV=268
*GET,XV,ELEM,268,CENT,X
*GET,YV,ELEM,268,CENT,Y
*GET,SV,ELEM,268,ETAB,SEQV
*VWRITE,EIDV,XV,YV,SV
(4(E24.16,','))
EIDV=269
*GET,XV,ELEM,269,CENT,X
*GET,YV,ELEM,269,CENT,Y
*GET,SV,ELEM,269,ETAB,SEQV
*VWRITE,EIDV,XV,YV,SV
(4(E24.16,','))
EIDV=270
*GET,XV,ELEM,270,CENT,X
*GET,YV,ELEM,270,CENT,Y
*GET,SV,ELEM,270,ETAB,SEQV
*VWRITE,EIDV,XV,YV,SV
(4(E24.16,','))
EIDV=271
*GET,XV,ELEM,271,CENT,X
*GET,YV,ELEM,271,CENT,Y
*GET,SV,ELEM,271,ETAB,SEQV
*VWRITE,EIDV,XV,YV,SV
(4(E24.16,','))
EIDV=272
*GET,XV,ELEM,272,CENT,X
*GET,YV,ELEM,272,CENT,Y
*GET,SV,ELEM,272,ETAB,SEQV
*VWRITE,EIDV,XV,YV,SV
(4(E24.16,','))
EIDV=273
*GET,XV,ELEM,273,CENT,X
*GET,YV,ELEM,273,CENT,Y
*GET,SV,ELEM,273,ETAB,SEQV
*VWRITE,EIDV,XV,YV,SV
(4(E24.16,','))
EIDV=274
*GET,XV,ELEM,274,CENT,X
*GET,YV,ELEM,274,CENT,Y
*GET,SV,ELEM,274,ETAB,SEQV
*VWRITE,EIDV,XV,YV,SV
(4(E24.16,','))
EIDV=275
*GET,XV,ELEM,275,CENT,X
*GET,YV,ELEM,275,CENT,Y
*GET,SV,ELEM,275,ETAB,SEQV
*VWRITE,EIDV,XV,YV,SV
(4(E24.16,','))
EIDV=276
*GET,XV,ELEM,276,CENT,X
*GET,YV,ELEM,276,CENT,Y
*GET,SV,ELEM,276,ETAB,SEQV
*VWRITE,EIDV,XV,YV,SV
(4(E24.16,','))
EIDV=277
*GET,XV,ELEM,277,CENT,X
*GET,YV,ELEM,277,CENT,Y
*GET,SV,ELEM,277,ETAB,SEQV
*VWRITE,EIDV,XV,YV,SV
(4(E24.16,','))
EIDV=278
*GET,XV,ELEM,278,CENT,X
*GET,YV,ELEM,278,CENT,Y
*GET,SV,ELEM,278,ETAB,SEQV
*VWRITE,EIDV,XV,YV,SV
(4(E24.16,','))
EIDV=279
*GET,XV,ELEM,279,CENT,X
*GET,YV,ELEM,279,CENT,Y
*GET,SV,ELEM,279,ETAB,SEQV
*VWRITE,EIDV,XV,YV,SV
(4(E24.16,','))
EIDV=280
*GET,XV,ELEM,280,CENT,X
*GET,YV,ELEM,280,CENT,Y
*GET,SV,ELEM,280,ETAB,SEQV
*VWRITE,EIDV,XV,YV,SV
(4(E24.16,','))
EIDV=281
*GET,XV,ELEM,281,CENT,X
*GET,YV,ELEM,281,CENT,Y
*GET,SV,ELEM,281,ETAB,SEQV
*VWRITE,EIDV,XV,YV,SV
(4(E24.16,','))
EIDV=282
*GET,XV,ELEM,282,CENT,X
*GET,YV,ELEM,282,CENT,Y
*GET,SV,ELEM,282,ETAB,SEQV
*VWRITE,EIDV,XV,YV,SV
(4(E24.16,','))
EIDV=283
*GET,XV,ELEM,283,CENT,X
*GET,YV,ELEM,283,CENT,Y
*GET,SV,ELEM,283,ETAB,SEQV
*VWRITE,EIDV,XV,YV,SV
(4(E24.16,','))
EIDV=284
*GET,XV,ELEM,284,CENT,X
*GET,YV,ELEM,284,CENT,Y
*GET,SV,ELEM,284,ETAB,SEQV
*VWRITE,EIDV,XV,YV,SV
(4(E24.16,','))
EIDV=285
*GET,XV,ELEM,285,CENT,X
*GET,YV,ELEM,285,CENT,Y
*GET,SV,ELEM,285,ETAB,SEQV
*VWRITE,EIDV,XV,YV,SV
(4(E24.16,','))
EIDV=286
*GET,XV,ELEM,286,CENT,X
*GET,YV,ELEM,286,CENT,Y
*GET,SV,ELEM,286,ETAB,SEQV
*VWRITE,EIDV,XV,YV,SV
(4(E24.16,','))
EIDV=287
*GET,XV,ELEM,287,CENT,X
*GET,YV,ELEM,287,CENT,Y
*GET,SV,ELEM,287,ETAB,SEQV
*VWRITE,EIDV,XV,YV,SV
(4(E24.16,','))
EIDV=288
*GET,XV,ELEM,288,CENT,X
*GET,YV,ELEM,288,CENT,Y
*GET,SV,ELEM,288,ETAB,SEQV
*VWRITE,EIDV,XV,YV,SV
(4(E24.16,','))
EIDV=289
*GET,XV,ELEM,289,CENT,X
*GET,YV,ELEM,289,CENT,Y
*GET,SV,ELEM,289,ETAB,SEQV
*VWRITE,EIDV,XV,YV,SV
(4(E24.16,','))
EIDV=290
*GET,XV,ELEM,290,CENT,X
*GET,YV,ELEM,290,CENT,Y
*GET,SV,ELEM,290,ETAB,SEQV
*VWRITE,EIDV,XV,YV,SV
(4(E24.16,','))
EIDV=291
*GET,XV,ELEM,291,CENT,X
*GET,YV,ELEM,291,CENT,Y
*GET,SV,ELEM,291,ETAB,SEQV
*VWRITE,EIDV,XV,YV,SV
(4(E24.16,','))
EIDV=292
*GET,XV,ELEM,292,CENT,X
*GET,YV,ELEM,292,CENT,Y
*GET,SV,ELEM,292,ETAB,SEQV
*VWRITE,EIDV,XV,YV,SV
(4(E24.16,','))
EIDV=293
*GET,XV,ELEM,293,CENT,X
*GET,YV,ELEM,293,CENT,Y
*GET,SV,ELEM,293,ETAB,SEQV
*VWRITE,EIDV,XV,YV,SV
(4(E24.16,','))
EIDV=294
*GET,XV,ELEM,294,CENT,X
*GET,YV,ELEM,294,CENT,Y
*GET,SV,ELEM,294,ETAB,SEQV
*VWRITE,EIDV,XV,YV,SV
(4(E24.16,','))
EIDV=295
*GET,XV,ELEM,295,CENT,X
*GET,YV,ELEM,295,CENT,Y
*GET,SV,ELEM,295,ETAB,SEQV
*VWRITE,EIDV,XV,YV,SV
(4(E24.16,','))
EIDV=296
*GET,XV,ELEM,296,CENT,X
*GET,YV,ELEM,296,CENT,Y
*GET,SV,ELEM,296,ETAB,SEQV
*VWRITE,EIDV,XV,YV,SV
(4(E24.16,','))
EIDV=297
*GET,XV,ELEM,297,CENT,X
*GET,YV,ELEM,297,CENT,Y
*GET,SV,ELEM,297,ETAB,SEQV
*VWRITE,EIDV,XV,YV,SV
(4(E24.16,','))
EIDV=298
*GET,XV,ELEM,298,CENT,X
*GET,YV,ELEM,298,CENT,Y
*GET,SV,ELEM,298,ETAB,SEQV
*VWRITE,EIDV,XV,YV,SV
(4(E24.16,','))
EIDV=299
*GET,XV,ELEM,299,CENT,X
*GET,YV,ELEM,299,CENT,Y
*GET,SV,ELEM,299,ETAB,SEQV
*VWRITE,EIDV,XV,YV,SV
(4(E24.16,','))
EIDV=300
*GET,XV,ELEM,300,CENT,X
*GET,YV,ELEM,300,CENT,Y
*GET,SV,ELEM,300,ETAB,SEQV
*VWRITE,EIDV,XV,YV,SV
(4(E24.16,','))
EIDV=301
*GET,XV,ELEM,301,CENT,X
*GET,YV,ELEM,301,CENT,Y
*GET,SV,ELEM,301,ETAB,SEQV
*VWRITE,EIDV,XV,YV,SV
(4(E24.16,','))
EIDV=302
*GET,XV,ELEM,302,CENT,X
*GET,YV,ELEM,302,CENT,Y
*GET,SV,ELEM,302,ETAB,SEQV
*VWRITE,EIDV,XV,YV,SV
(4(E24.16,','))
EIDV=303
*GET,XV,ELEM,303,CENT,X
*GET,YV,ELEM,303,CENT,Y
*GET,SV,ELEM,303,ETAB,SEQV
*VWRITE,EIDV,XV,YV,SV
(4(E24.16,','))
EIDV=304
*GET,XV,ELEM,304,CENT,X
*GET,YV,ELEM,304,CENT,Y
*GET,SV,ELEM,304,ETAB,SEQV
*VWRITE,EIDV,XV,YV,SV
(4(E24.16,','))
EIDV=305
*GET,XV,ELEM,305,CENT,X
*GET,YV,ELEM,305,CENT,Y
*GET,SV,ELEM,305,ETAB,SEQV
*VWRITE,EIDV,XV,YV,SV
(4(E24.16,','))
EIDV=306
*GET,XV,ELEM,306,CENT,X
*GET,YV,ELEM,306,CENT,Y
*GET,SV,ELEM,306,ETAB,SEQV
*VWRITE,EIDV,XV,YV,SV
(4(E24.16,','))
EIDV=307
*GET,XV,ELEM,307,CENT,X
*GET,YV,ELEM,307,CENT,Y
*GET,SV,ELEM,307,ETAB,SEQV
*VWRITE,EIDV,XV,YV,SV
(4(E24.16,','))
EIDV=308
*GET,XV,ELEM,308,CENT,X
*GET,YV,ELEM,308,CENT,Y
*GET,SV,ELEM,308,ETAB,SEQV
*VWRITE,EIDV,XV,YV,SV
(4(E24.16,','))
EIDV=309
*GET,XV,ELEM,309,CENT,X
*GET,YV,ELEM,309,CENT,Y
*GET,SV,ELEM,309,ETAB,SEQV
*VWRITE,EIDV,XV,YV,SV
(4(E24.16,','))
EIDV=310
*GET,XV,ELEM,310,CENT,X
*GET,YV,ELEM,310,CENT,Y
*GET,SV,ELEM,310,ETAB,SEQV
*VWRITE,EIDV,XV,YV,SV
(4(E24.16,','))
EIDV=311
*GET,XV,ELEM,311,CENT,X
*GET,YV,ELEM,311,CENT,Y
*GET,SV,ELEM,311,ETAB,SEQV
*VWRITE,EIDV,XV,YV,SV
(4(E24.16,','))
EIDV=312
*GET,XV,ELEM,312,CENT,X
*GET,YV,ELEM,312,CENT,Y
*GET,SV,ELEM,312,ETAB,SEQV
*VWRITE,EIDV,XV,YV,SV
(4(E24.16,','))
EIDV=313
*GET,XV,ELEM,313,CENT,X
*GET,YV,ELEM,313,CENT,Y
*GET,SV,ELEM,313,ETAB,SEQV
*VWRITE,EIDV,XV,YV,SV
(4(E24.16,','))
EIDV=314
*GET,XV,ELEM,314,CENT,X
*GET,YV,ELEM,314,CENT,Y
*GET,SV,ELEM,314,ETAB,SEQV
*VWRITE,EIDV,XV,YV,SV
(4(E24.16,','))
EIDV=315
*GET,XV,ELEM,315,CENT,X
*GET,YV,ELEM,315,CENT,Y
*GET,SV,ELEM,315,ETAB,SEQV
*VWRITE,EIDV,XV,YV,SV
(4(E24.16,','))
EIDV=316
*GET,XV,ELEM,316,CENT,X
*GET,YV,ELEM,316,CENT,Y
*GET,SV,ELEM,316,ETAB,SEQV
*VWRITE,EIDV,XV,YV,SV
(4(E24.16,','))
EIDV=317
*GET,XV,ELEM,317,CENT,X
*GET,YV,ELEM,317,CENT,Y
*GET,SV,ELEM,317,ETAB,SEQV
*VWRITE,EIDV,XV,YV,SV
(4(E24.16,','))
EIDV=318
*GET,XV,ELEM,318,CENT,X
*GET,YV,ELEM,318,CENT,Y
*GET,SV,ELEM,318,ETAB,SEQV
*VWRITE,EIDV,XV,YV,SV
(4(E24.16,','))
EIDV=319
*GET,XV,ELEM,319,CENT,X
*GET,YV,ELEM,319,CENT,Y
*GET,SV,ELEM,319,ETAB,SEQV
*VWRITE,EIDV,XV,YV,SV
(4(E24.16,','))
EIDV=320
*GET,XV,ELEM,320,CENT,X
*GET,YV,ELEM,320,CENT,Y
*GET,SV,ELEM,320,ETAB,SEQV
*VWRITE,EIDV,XV,YV,SV
(4(E24.16,','))
EIDV=321
*GET,XV,ELEM,321,CENT,X
*GET,YV,ELEM,321,CENT,Y
*GET,SV,ELEM,321,ETAB,SEQV
*VWRITE,EIDV,XV,YV,SV
(4(E24.16,','))
EIDV=322
*GET,XV,ELEM,322,CENT,X
*GET,YV,ELEM,322,CENT,Y
*GET,SV,ELEM,322,ETAB,SEQV
*VWRITE,EIDV,XV,YV,SV
(4(E24.16,','))
EIDV=323
*GET,XV,ELEM,323,CENT,X
*GET,YV,ELEM,323,CENT,Y
*GET,SV,ELEM,323,ETAB,SEQV
*VWRITE,EIDV,XV,YV,SV
(4(E24.16,','))
EIDV=324
*GET,XV,ELEM,324,CENT,X
*GET,YV,ELEM,324,CENT,Y
*GET,SV,ELEM,324,ETAB,SEQV
*VWRITE,EIDV,XV,YV,SV
(4(E24.16,','))
EIDV=325
*GET,XV,ELEM,325,CENT,X
*GET,YV,ELEM,325,CENT,Y
*GET,SV,ELEM,325,ETAB,SEQV
*VWRITE,EIDV,XV,YV,SV
(4(E24.16,','))
EIDV=326
*GET,XV,ELEM,326,CENT,X
*GET,YV,ELEM,326,CENT,Y
*GET,SV,ELEM,326,ETAB,SEQV
*VWRITE,EIDV,XV,YV,SV
(4(E24.16,','))
EIDV=327
*GET,XV,ELEM,327,CENT,X
*GET,YV,ELEM,327,CENT,Y
*GET,SV,ELEM,327,ETAB,SEQV
*VWRITE,EIDV,XV,YV,SV
(4(E24.16,','))
EIDV=328
*GET,XV,ELEM,328,CENT,X
*GET,YV,ELEM,328,CENT,Y
*GET,SV,ELEM,328,ETAB,SEQV
*VWRITE,EIDV,XV,YV,SV
(4(E24.16,','))
EIDV=329
*GET,XV,ELEM,329,CENT,X
*GET,YV,ELEM,329,CENT,Y
*GET,SV,ELEM,329,ETAB,SEQV
*VWRITE,EIDV,XV,YV,SV
(4(E24.16,','))
EIDV=330
*GET,XV,ELEM,330,CENT,X
*GET,YV,ELEM,330,CENT,Y
*GET,SV,ELEM,330,ETAB,SEQV
*VWRITE,EIDV,XV,YV,SV
(4(E24.16,','))
EIDV=331
*GET,XV,ELEM,331,CENT,X
*GET,YV,ELEM,331,CENT,Y
*GET,SV,ELEM,331,ETAB,SEQV
*VWRITE,EIDV,XV,YV,SV
(4(E24.16,','))
EIDV=332
*GET,XV,ELEM,332,CENT,X
*GET,YV,ELEM,332,CENT,Y
*GET,SV,ELEM,332,ETAB,SEQV
*VWRITE,EIDV,XV,YV,SV
(4(E24.16,','))
EIDV=333
*GET,XV,ELEM,333,CENT,X
*GET,YV,ELEM,333,CENT,Y
*GET,SV,ELEM,333,ETAB,SEQV
*VWRITE,EIDV,XV,YV,SV
(4(E24.16,','))
EIDV=334
*GET,XV,ELEM,334,CENT,X
*GET,YV,ELEM,334,CENT,Y
*GET,SV,ELEM,334,ETAB,SEQV
*VWRITE,EIDV,XV,YV,SV
(4(E24.16,','))
EIDV=335
*GET,XV,ELEM,335,CENT,X
*GET,YV,ELEM,335,CENT,Y
*GET,SV,ELEM,335,ETAB,SEQV
*VWRITE,EIDV,XV,YV,SV
(4(E24.16,','))
EIDV=336
*GET,XV,ELEM,336,CENT,X
*GET,YV,ELEM,336,CENT,Y
*GET,SV,ELEM,336,ETAB,SEQV
*VWRITE,EIDV,XV,YV,SV
(4(E24.16,','))
EIDV=337
*GET,XV,ELEM,337,CENT,X
*GET,YV,ELEM,337,CENT,Y
*GET,SV,ELEM,337,ETAB,SEQV
*VWRITE,EIDV,XV,YV,SV
(4(E24.16,','))
EIDV=338
*GET,XV,ELEM,338,CENT,X
*GET,YV,ELEM,338,CENT,Y
*GET,SV,ELEM,338,ETAB,SEQV
*VWRITE,EIDV,XV,YV,SV
(4(E24.16,','))
EIDV=339
*GET,XV,ELEM,339,CENT,X
*GET,YV,ELEM,339,CENT,Y
*GET,SV,ELEM,339,ETAB,SEQV
*VWRITE,EIDV,XV,YV,SV
(4(E24.16,','))
EIDV=340
*GET,XV,ELEM,340,CENT,X
*GET,YV,ELEM,340,CENT,Y
*GET,SV,ELEM,340,ETAB,SEQV
*VWRITE,EIDV,XV,YV,SV
(4(E24.16,','))
EIDV=341
*GET,XV,ELEM,341,CENT,X
*GET,YV,ELEM,341,CENT,Y
*GET,SV,ELEM,341,ETAB,SEQV
*VWRITE,EIDV,XV,YV,SV
(4(E24.16,','))
EIDV=342
*GET,XV,ELEM,342,CENT,X
*GET,YV,ELEM,342,CENT,Y
*GET,SV,ELEM,342,ETAB,SEQV
*VWRITE,EIDV,XV,YV,SV
(4(E24.16,','))
EIDV=343
*GET,XV,ELEM,343,CENT,X
*GET,YV,ELEM,343,CENT,Y
*GET,SV,ELEM,343,ETAB,SEQV
*VWRITE,EIDV,XV,YV,SV
(4(E24.16,','))
EIDV=344
*GET,XV,ELEM,344,CENT,X
*GET,YV,ELEM,344,CENT,Y
*GET,SV,ELEM,344,ETAB,SEQV
*VWRITE,EIDV,XV,YV,SV
(4(E24.16,','))
EIDV=345
*GET,XV,ELEM,345,CENT,X
*GET,YV,ELEM,345,CENT,Y
*GET,SV,ELEM,345,ETAB,SEQV
*VWRITE,EIDV,XV,YV,SV
(4(E24.16,','))
EIDV=346
*GET,XV,ELEM,346,CENT,X
*GET,YV,ELEM,346,CENT,Y
*GET,SV,ELEM,346,ETAB,SEQV
*VWRITE,EIDV,XV,YV,SV
(4(E24.16,','))
EIDV=347
*GET,XV,ELEM,347,CENT,X
*GET,YV,ELEM,347,CENT,Y
*GET,SV,ELEM,347,ETAB,SEQV
*VWRITE,EIDV,XV,YV,SV
(4(E24.16,','))
EIDV=348
*GET,XV,ELEM,348,CENT,X
*GET,YV,ELEM,348,CENT,Y
*GET,SV,ELEM,348,ETAB,SEQV
*VWRITE,EIDV,XV,YV,SV
(4(E24.16,','))
EIDV=349
*GET,XV,ELEM,349,CENT,X
*GET,YV,ELEM,349,CENT,Y
*GET,SV,ELEM,349,ETAB,SEQV
*VWRITE,EIDV,XV,YV,SV
(4(E24.16,','))
EIDV=350
*GET,XV,ELEM,350,CENT,X
*GET,YV,ELEM,350,CENT,Y
*GET,SV,ELEM,350,ETAB,SEQV
*VWRITE,EIDV,XV,YV,SV
(4(E24.16,','))
EIDV=351
*GET,XV,ELEM,351,CENT,X
*GET,YV,ELEM,351,CENT,Y
*GET,SV,ELEM,351,ETAB,SEQV
*VWRITE,EIDV,XV,YV,SV
(4(E24.16,','))
EIDV=352
*GET,XV,ELEM,352,CENT,X
*GET,YV,ELEM,352,CENT,Y
*GET,SV,ELEM,352,ETAB,SEQV
*VWRITE,EIDV,XV,YV,SV
(4(E24.16,','))
EIDV=353
*GET,XV,ELEM,353,CENT,X
*GET,YV,ELEM,353,CENT,Y
*GET,SV,ELEM,353,ETAB,SEQV
*VWRITE,EIDV,XV,YV,SV
(4(E24.16,','))
EIDV=354
*GET,XV,ELEM,354,CENT,X
*GET,YV,ELEM,354,CENT,Y
*GET,SV,ELEM,354,ETAB,SEQV
*VWRITE,EIDV,XV,YV,SV
(4(E24.16,','))
EIDV=355
*GET,XV,ELEM,355,CENT,X
*GET,YV,ELEM,355,CENT,Y
*GET,SV,ELEM,355,ETAB,SEQV
*VWRITE,EIDV,XV,YV,SV
(4(E24.16,','))
EIDV=356
*GET,XV,ELEM,356,CENT,X
*GET,YV,ELEM,356,CENT,Y
*GET,SV,ELEM,356,ETAB,SEQV
*VWRITE,EIDV,XV,YV,SV
(4(E24.16,','))
EIDV=357
*GET,XV,ELEM,357,CENT,X
*GET,YV,ELEM,357,CENT,Y
*GET,SV,ELEM,357,ETAB,SEQV
*VWRITE,EIDV,XV,YV,SV
(4(E24.16,','))
EIDV=358
*GET,XV,ELEM,358,CENT,X
*GET,YV,ELEM,358,CENT,Y
*GET,SV,ELEM,358,ETAB,SEQV
*VWRITE,EIDV,XV,YV,SV
(4(E24.16,','))
EIDV=359
*GET,XV,ELEM,359,CENT,X
*GET,YV,ELEM,359,CENT,Y
*GET,SV,ELEM,359,ETAB,SEQV
*VWRITE,EIDV,XV,YV,SV
(4(E24.16,','))
EIDV=360
*GET,XV,ELEM,360,CENT,X
*GET,YV,ELEM,360,CENT,Y
*GET,SV,ELEM,360,ETAB,SEQV
*VWRITE,EIDV,XV,YV,SV
(4(E24.16,','))
EIDV=361
*GET,XV,ELEM,361,CENT,X
*GET,YV,ELEM,361,CENT,Y
*GET,SV,ELEM,361,ETAB,SEQV
*VWRITE,EIDV,XV,YV,SV
(4(E24.16,','))
EIDV=362
*GET,XV,ELEM,362,CENT,X
*GET,YV,ELEM,362,CENT,Y
*GET,SV,ELEM,362,ETAB,SEQV
*VWRITE,EIDV,XV,YV,SV
(4(E24.16,','))
EIDV=363
*GET,XV,ELEM,363,CENT,X
*GET,YV,ELEM,363,CENT,Y
*GET,SV,ELEM,363,ETAB,SEQV
*VWRITE,EIDV,XV,YV,SV
(4(E24.16,','))
EIDV=364
*GET,XV,ELEM,364,CENT,X
*GET,YV,ELEM,364,CENT,Y
*GET,SV,ELEM,364,ETAB,SEQV
*VWRITE,EIDV,XV,YV,SV
(4(E24.16,','))
EIDV=365
*GET,XV,ELEM,365,CENT,X
*GET,YV,ELEM,365,CENT,Y
*GET,SV,ELEM,365,ETAB,SEQV
*VWRITE,EIDV,XV,YV,SV
(4(E24.16,','))
EIDV=366
*GET,XV,ELEM,366,CENT,X
*GET,YV,ELEM,366,CENT,Y
*GET,SV,ELEM,366,ETAB,SEQV
*VWRITE,EIDV,XV,YV,SV
(4(E24.16,','))
EIDV=367
*GET,XV,ELEM,367,CENT,X
*GET,YV,ELEM,367,CENT,Y
*GET,SV,ELEM,367,ETAB,SEQV
*VWRITE,EIDV,XV,YV,SV
(4(E24.16,','))
EIDV=368
*GET,XV,ELEM,368,CENT,X
*GET,YV,ELEM,368,CENT,Y
*GET,SV,ELEM,368,ETAB,SEQV
*VWRITE,EIDV,XV,YV,SV
(4(E24.16,','))
EIDV=369
*GET,XV,ELEM,369,CENT,X
*GET,YV,ELEM,369,CENT,Y
*GET,SV,ELEM,369,ETAB,SEQV
*VWRITE,EIDV,XV,YV,SV
(4(E24.16,','))
EIDV=370
*GET,XV,ELEM,370,CENT,X
*GET,YV,ELEM,370,CENT,Y
*GET,SV,ELEM,370,ETAB,SEQV
*VWRITE,EIDV,XV,YV,SV
(4(E24.16,','))
EIDV=371
*GET,XV,ELEM,371,CENT,X
*GET,YV,ELEM,371,CENT,Y
*GET,SV,ELEM,371,ETAB,SEQV
*VWRITE,EIDV,XV,YV,SV
(4(E24.16,','))
EIDV=372
*GET,XV,ELEM,372,CENT,X
*GET,YV,ELEM,372,CENT,Y
*GET,SV,ELEM,372,ETAB,SEQV
*VWRITE,EIDV,XV,YV,SV
(4(E24.16,','))
EIDV=373
*GET,XV,ELEM,373,CENT,X
*GET,YV,ELEM,373,CENT,Y
*GET,SV,ELEM,373,ETAB,SEQV
*VWRITE,EIDV,XV,YV,SV
(4(E24.16,','))
EIDV=374
*GET,XV,ELEM,374,CENT,X
*GET,YV,ELEM,374,CENT,Y
*GET,SV,ELEM,374,ETAB,SEQV
*VWRITE,EIDV,XV,YV,SV
(4(E24.16,','))
EIDV=375
*GET,XV,ELEM,375,CENT,X
*GET,YV,ELEM,375,CENT,Y
*GET,SV,ELEM,375,ETAB,SEQV
*VWRITE,EIDV,XV,YV,SV
(4(E24.16,','))
EIDV=376
*GET,XV,ELEM,376,CENT,X
*GET,YV,ELEM,376,CENT,Y
*GET,SV,ELEM,376,ETAB,SEQV
*VWRITE,EIDV,XV,YV,SV
(4(E24.16,','))
EIDV=377
*GET,XV,ELEM,377,CENT,X
*GET,YV,ELEM,377,CENT,Y
*GET,SV,ELEM,377,ETAB,SEQV
*VWRITE,EIDV,XV,YV,SV
(4(E24.16,','))
EIDV=378
*GET,XV,ELEM,378,CENT,X
*GET,YV,ELEM,378,CENT,Y
*GET,SV,ELEM,378,ETAB,SEQV
*VWRITE,EIDV,XV,YV,SV
(4(E24.16,','))
EIDV=379
*GET,XV,ELEM,379,CENT,X
*GET,YV,ELEM,379,CENT,Y
*GET,SV,ELEM,379,ETAB,SEQV
*VWRITE,EIDV,XV,YV,SV
(4(E24.16,','))
EIDV=380
*GET,XV,ELEM,380,CENT,X
*GET,YV,ELEM,380,CENT,Y
*GET,SV,ELEM,380,ETAB,SEQV
*VWRITE,EIDV,XV,YV,SV
(4(E24.16,','))
EIDV=381
*GET,XV,ELEM,381,CENT,X
*GET,YV,ELEM,381,CENT,Y
*GET,SV,ELEM,381,ETAB,SEQV
*VWRITE,EIDV,XV,YV,SV
(4(E24.16,','))
EIDV=382
*GET,XV,ELEM,382,CENT,X
*GET,YV,ELEM,382,CENT,Y
*GET,SV,ELEM,382,ETAB,SEQV
*VWRITE,EIDV,XV,YV,SV
(4(E24.16,','))
EIDV=383
*GET,XV,ELEM,383,CENT,X
*GET,YV,ELEM,383,CENT,Y
*GET,SV,ELEM,383,ETAB,SEQV
*VWRITE,EIDV,XV,YV,SV
(4(E24.16,','))
EIDV=384
*GET,XV,ELEM,384,CENT,X
*GET,YV,ELEM,384,CENT,Y
*GET,SV,ELEM,384,ETAB,SEQV
*VWRITE,EIDV,XV,YV,SV
(4(E24.16,','))
EIDV=385
*GET,XV,ELEM,385,CENT,X
*GET,YV,ELEM,385,CENT,Y
*GET,SV,ELEM,385,ETAB,SEQV
*VWRITE,EIDV,XV,YV,SV
(4(E24.16,','))
EIDV=386
*GET,XV,ELEM,386,CENT,X
*GET,YV,ELEM,386,CENT,Y
*GET,SV,ELEM,386,ETAB,SEQV
*VWRITE,EIDV,XV,YV,SV
(4(E24.16,','))
EIDV=387
*GET,XV,ELEM,387,CENT,X
*GET,YV,ELEM,387,CENT,Y
*GET,SV,ELEM,387,ETAB,SEQV
*VWRITE,EIDV,XV,YV,SV
(4(E24.16,','))
EIDV=388
*GET,XV,ELEM,388,CENT,X
*GET,YV,ELEM,388,CENT,Y
*GET,SV,ELEM,388,ETAB,SEQV
*VWRITE,EIDV,XV,YV,SV
(4(E24.16,','))
EIDV=389
*GET,XV,ELEM,389,CENT,X
*GET,YV,ELEM,389,CENT,Y
*GET,SV,ELEM,389,ETAB,SEQV
*VWRITE,EIDV,XV,YV,SV
(4(E24.16,','))
EIDV=390
*GET,XV,ELEM,390,CENT,X
*GET,YV,ELEM,390,CENT,Y
*GET,SV,ELEM,390,ETAB,SEQV
*VWRITE,EIDV,XV,YV,SV
(4(E24.16,','))
EIDV=391
*GET,XV,ELEM,391,CENT,X
*GET,YV,ELEM,391,CENT,Y
*GET,SV,ELEM,391,ETAB,SEQV
*VWRITE,EIDV,XV,YV,SV
(4(E24.16,','))
EIDV=392
*GET,XV,ELEM,392,CENT,X
*GET,YV,ELEM,392,CENT,Y
*GET,SV,ELEM,392,ETAB,SEQV
*VWRITE,EIDV,XV,YV,SV
(4(E24.16,','))
EIDV=393
*GET,XV,ELEM,393,CENT,X
*GET,YV,ELEM,393,CENT,Y
*GET,SV,ELEM,393,ETAB,SEQV
*VWRITE,EIDV,XV,YV,SV
(4(E24.16,','))
EIDV=394
*GET,XV,ELEM,394,CENT,X
*GET,YV,ELEM,394,CENT,Y
*GET,SV,ELEM,394,ETAB,SEQV
*VWRITE,EIDV,XV,YV,SV
(4(E24.16,','))
EIDV=395
*GET,XV,ELEM,395,CENT,X
*GET,YV,ELEM,395,CENT,Y
*GET,SV,ELEM,395,ETAB,SEQV
*VWRITE,EIDV,XV,YV,SV
(4(E24.16,','))
EIDV=396
*GET,XV,ELEM,396,CENT,X
*GET,YV,ELEM,396,CENT,Y
*GET,SV,ELEM,396,ETAB,SEQV
*VWRITE,EIDV,XV,YV,SV
(4(E24.16,','))
EIDV=397
*GET,XV,ELEM,397,CENT,X
*GET,YV,ELEM,397,CENT,Y
*GET,SV,ELEM,397,ETAB,SEQV
*VWRITE,EIDV,XV,YV,SV
(4(E24.16,','))
EIDV=398
*GET,XV,ELEM,398,CENT,X
*GET,YV,ELEM,398,CENT,Y
*GET,SV,ELEM,398,ETAB,SEQV
*VWRITE,EIDV,XV,YV,SV
(4(E24.16,','))
EIDV=399
*GET,XV,ELEM,399,CENT,X
*GET,YV,ELEM,399,CENT,Y
*GET,SV,ELEM,399,ETAB,SEQV
*VWRITE,EIDV,XV,YV,SV
(4(E24.16,','))
EIDV=400
*GET,XV,ELEM,400,CENT,X
*GET,YV,ELEM,400,CENT,Y
*GET,SV,ELEM,400,ETAB,SEQV
*VWRITE,EIDV,XV,YV,SV
(4(E24.16,','))
EIDV=401
*GET,XV,ELEM,401,CENT,X
*GET,YV,ELEM,401,CENT,Y
*GET,SV,ELEM,401,ETAB,SEQV
*VWRITE,EIDV,XV,YV,SV
(4(E24.16,','))
EIDV=402
*GET,XV,ELEM,402,CENT,X
*GET,YV,ELEM,402,CENT,Y
*GET,SV,ELEM,402,ETAB,SEQV
*VWRITE,EIDV,XV,YV,SV
(4(E24.16,','))
EIDV=403
*GET,XV,ELEM,403,CENT,X
*GET,YV,ELEM,403,CENT,Y
*GET,SV,ELEM,403,ETAB,SEQV
*VWRITE,EIDV,XV,YV,SV
(4(E24.16,','))
EIDV=404
*GET,XV,ELEM,404,CENT,X
*GET,YV,ELEM,404,CENT,Y
*GET,SV,ELEM,404,ETAB,SEQV
*VWRITE,EIDV,XV,YV,SV
(4(E24.16,','))
EIDV=405
*GET,XV,ELEM,405,CENT,X
*GET,YV,ELEM,405,CENT,Y
*GET,SV,ELEM,405,ETAB,SEQV
*VWRITE,EIDV,XV,YV,SV
(4(E24.16,','))
EIDV=406
*GET,XV,ELEM,406,CENT,X
*GET,YV,ELEM,406,CENT,Y
*GET,SV,ELEM,406,ETAB,SEQV
*VWRITE,EIDV,XV,YV,SV
(4(E24.16,','))
EIDV=407
*GET,XV,ELEM,407,CENT,X
*GET,YV,ELEM,407,CENT,Y
*GET,SV,ELEM,407,ETAB,SEQV
*VWRITE,EIDV,XV,YV,SV
(4(E24.16,','))
EIDV=408
*GET,XV,ELEM,408,CENT,X
*GET,YV,ELEM,408,CENT,Y
*GET,SV,ELEM,408,ETAB,SEQV
*VWRITE,EIDV,XV,YV,SV
(4(E24.16,','))
EIDV=409
*GET,XV,ELEM,409,CENT,X
*GET,YV,ELEM,409,CENT,Y
*GET,SV,ELEM,409,ETAB,SEQV
*VWRITE,EIDV,XV,YV,SV
(4(E24.16,','))
EIDV=410
*GET,XV,ELEM,410,CENT,X
*GET,YV,ELEM,410,CENT,Y
*GET,SV,ELEM,410,ETAB,SEQV
*VWRITE,EIDV,XV,YV,SV
(4(E24.16,','))
EIDV=411
*GET,XV,ELEM,411,CENT,X
*GET,YV,ELEM,411,CENT,Y
*GET,SV,ELEM,411,ETAB,SEQV
*VWRITE,EIDV,XV,YV,SV
(4(E24.16,','))
EIDV=412
*GET,XV,ELEM,412,CENT,X
*GET,YV,ELEM,412,CENT,Y
*GET,SV,ELEM,412,ETAB,SEQV
*VWRITE,EIDV,XV,YV,SV
(4(E24.16,','))
EIDV=413
*GET,XV,ELEM,413,CENT,X
*GET,YV,ELEM,413,CENT,Y
*GET,SV,ELEM,413,ETAB,SEQV
*VWRITE,EIDV,XV,YV,SV
(4(E24.16,','))
EIDV=414
*GET,XV,ELEM,414,CENT,X
*GET,YV,ELEM,414,CENT,Y
*GET,SV,ELEM,414,ETAB,SEQV
*VWRITE,EIDV,XV,YV,SV
(4(E24.16,','))
EIDV=415
*GET,XV,ELEM,415,CENT,X
*GET,YV,ELEM,415,CENT,Y
*GET,SV,ELEM,415,ETAB,SEQV
*VWRITE,EIDV,XV,YV,SV
(4(E24.16,','))
EIDV=416
*GET,XV,ELEM,416,CENT,X
*GET,YV,ELEM,416,CENT,Y
*GET,SV,ELEM,416,ETAB,SEQV
*VWRITE,EIDV,XV,YV,SV
(4(E24.16,','))
EIDV=417
*GET,XV,ELEM,417,CENT,X
*GET,YV,ELEM,417,CENT,Y
*GET,SV,ELEM,417,ETAB,SEQV
*VWRITE,EIDV,XV,YV,SV
(4(E24.16,','))
EIDV=418
*GET,XV,ELEM,418,CENT,X
*GET,YV,ELEM,418,CENT,Y
*GET,SV,ELEM,418,ETAB,SEQV
*VWRITE,EIDV,XV,YV,SV
(4(E24.16,','))
EIDV=419
*GET,XV,ELEM,419,CENT,X
*GET,YV,ELEM,419,CENT,Y
*GET,SV,ELEM,419,ETAB,SEQV
*VWRITE,EIDV,XV,YV,SV
(4(E24.16,','))
EIDV=420
*GET,XV,ELEM,420,CENT,X
*GET,YV,ELEM,420,CENT,Y
*GET,SV,ELEM,420,ETAB,SEQV
*VWRITE,EIDV,XV,YV,SV
(4(E24.16,','))
EIDV=421
*GET,XV,ELEM,421,CENT,X
*GET,YV,ELEM,421,CENT,Y
*GET,SV,ELEM,421,ETAB,SEQV
*VWRITE,EIDV,XV,YV,SV
(4(E24.16,','))
EIDV=422
*GET,XV,ELEM,422,CENT,X
*GET,YV,ELEM,422,CENT,Y
*GET,SV,ELEM,422,ETAB,SEQV
*VWRITE,EIDV,XV,YV,SV
(4(E24.16,','))
EIDV=423
*GET,XV,ELEM,423,CENT,X
*GET,YV,ELEM,423,CENT,Y
*GET,SV,ELEM,423,ETAB,SEQV
*VWRITE,EIDV,XV,YV,SV
(4(E24.16,','))
EIDV=424
*GET,XV,ELEM,424,CENT,X
*GET,YV,ELEM,424,CENT,Y
*GET,SV,ELEM,424,ETAB,SEQV
*VWRITE,EIDV,XV,YV,SV
(4(E24.16,','))
EIDV=425
*GET,XV,ELEM,425,CENT,X
*GET,YV,ELEM,425,CENT,Y
*GET,SV,ELEM,425,ETAB,SEQV
*VWRITE,EIDV,XV,YV,SV
(4(E24.16,','))
EIDV=426
*GET,XV,ELEM,426,CENT,X
*GET,YV,ELEM,426,CENT,Y
*GET,SV,ELEM,426,ETAB,SEQV
*VWRITE,EIDV,XV,YV,SV
(4(E24.16,','))
EIDV=427
*GET,XV,ELEM,427,CENT,X
*GET,YV,ELEM,427,CENT,Y
*GET,SV,ELEM,427,ETAB,SEQV
*VWRITE,EIDV,XV,YV,SV
(4(E24.16,','))
EIDV=428
*GET,XV,ELEM,428,CENT,X
*GET,YV,ELEM,428,CENT,Y
*GET,SV,ELEM,428,ETAB,SEQV
*VWRITE,EIDV,XV,YV,SV
(4(E24.16,','))
EIDV=429
*GET,XV,ELEM,429,CENT,X
*GET,YV,ELEM,429,CENT,Y
*GET,SV,ELEM,429,ETAB,SEQV
*VWRITE,EIDV,XV,YV,SV
(4(E24.16,','))
EIDV=430
*GET,XV,ELEM,430,CENT,X
*GET,YV,ELEM,430,CENT,Y
*GET,SV,ELEM,430,ETAB,SEQV
*VWRITE,EIDV,XV,YV,SV
(4(E24.16,','))
EIDV=431
*GET,XV,ELEM,431,CENT,X
*GET,YV,ELEM,431,CENT,Y
*GET,SV,ELEM,431,ETAB,SEQV
*VWRITE,EIDV,XV,YV,SV
(4(E24.16,','))
EIDV=432
*GET,XV,ELEM,432,CENT,X
*GET,YV,ELEM,432,CENT,Y
*GET,SV,ELEM,432,ETAB,SEQV
*VWRITE,EIDV,XV,YV,SV
(4(E24.16,','))
EIDV=433
*GET,XV,ELEM,433,CENT,X
*GET,YV,ELEM,433,CENT,Y
*GET,SV,ELEM,433,ETAB,SEQV
*VWRITE,EIDV,XV,YV,SV
(4(E24.16,','))
EIDV=434
*GET,XV,ELEM,434,CENT,X
*GET,YV,ELEM,434,CENT,Y
*GET,SV,ELEM,434,ETAB,SEQV
*VWRITE,EIDV,XV,YV,SV
(4(E24.16,','))
EIDV=435
*GET,XV,ELEM,435,CENT,X
*GET,YV,ELEM,435,CENT,Y
*GET,SV,ELEM,435,ETAB,SEQV
*VWRITE,EIDV,XV,YV,SV
(4(E24.16,','))
EIDV=436
*GET,XV,ELEM,436,CENT,X
*GET,YV,ELEM,436,CENT,Y
*GET,SV,ELEM,436,ETAB,SEQV
*VWRITE,EIDV,XV,YV,SV
(4(E24.16,','))
EIDV=437
*GET,XV,ELEM,437,CENT,X
*GET,YV,ELEM,437,CENT,Y
*GET,SV,ELEM,437,ETAB,SEQV
*VWRITE,EIDV,XV,YV,SV
(4(E24.16,','))
EIDV=438
*GET,XV,ELEM,438,CENT,X
*GET,YV,ELEM,438,CENT,Y
*GET,SV,ELEM,438,ETAB,SEQV
*VWRITE,EIDV,XV,YV,SV
(4(E24.16,','))
EIDV=439
*GET,XV,ELEM,439,CENT,X
*GET,YV,ELEM,439,CENT,Y
*GET,SV,ELEM,439,ETAB,SEQV
*VWRITE,EIDV,XV,YV,SV
(4(E24.16,','))
EIDV=440
*GET,XV,ELEM,440,CENT,X
*GET,YV,ELEM,440,CENT,Y
*GET,SV,ELEM,440,ETAB,SEQV
*VWRITE,EIDV,XV,YV,SV
(4(E24.16,','))
EIDV=441
*GET,XV,ELEM,441,CENT,X
*GET,YV,ELEM,441,CENT,Y
*GET,SV,ELEM,441,ETAB,SEQV
*VWRITE,EIDV,XV,YV,SV
(4(E24.16,','))
EIDV=442
*GET,XV,ELEM,442,CENT,X
*GET,YV,ELEM,442,CENT,Y
*GET,SV,ELEM,442,ETAB,SEQV
*VWRITE,EIDV,XV,YV,SV
(4(E24.16,','))
EIDV=443
*GET,XV,ELEM,443,CENT,X
*GET,YV,ELEM,443,CENT,Y
*GET,SV,ELEM,443,ETAB,SEQV
*VWRITE,EIDV,XV,YV,SV
(4(E24.16,','))
EIDV=444
*GET,XV,ELEM,444,CENT,X
*GET,YV,ELEM,444,CENT,Y
*GET,SV,ELEM,444,ETAB,SEQV
*VWRITE,EIDV,XV,YV,SV
(4(E24.16,','))
EIDV=445
*GET,XV,ELEM,445,CENT,X
*GET,YV,ELEM,445,CENT,Y
*GET,SV,ELEM,445,ETAB,SEQV
*VWRITE,EIDV,XV,YV,SV
(4(E24.16,','))
EIDV=446
*GET,XV,ELEM,446,CENT,X
*GET,YV,ELEM,446,CENT,Y
*GET,SV,ELEM,446,ETAB,SEQV
*VWRITE,EIDV,XV,YV,SV
(4(E24.16,','))
EIDV=447
*GET,XV,ELEM,447,CENT,X
*GET,YV,ELEM,447,CENT,Y
*GET,SV,ELEM,447,ETAB,SEQV
*VWRITE,EIDV,XV,YV,SV
(4(E24.16,','))
EIDV=448
*GET,XV,ELEM,448,CENT,X
*GET,YV,ELEM,448,CENT,Y
*GET,SV,ELEM,448,ETAB,SEQV
*VWRITE,EIDV,XV,YV,SV
(4(E24.16,','))
EIDV=449
*GET,XV,ELEM,449,CENT,X
*GET,YV,ELEM,449,CENT,Y
*GET,SV,ELEM,449,ETAB,SEQV
*VWRITE,EIDV,XV,YV,SV
(4(E24.16,','))
EIDV=450
*GET,XV,ELEM,450,CENT,X
*GET,YV,ELEM,450,CENT,Y
*GET,SV,ELEM,450,ETAB,SEQV
*VWRITE,EIDV,XV,YV,SV
(4(E24.16,','))
EIDV=451
*GET,XV,ELEM,451,CENT,X
*GET,YV,ELEM,451,CENT,Y
*GET,SV,ELEM,451,ETAB,SEQV
*VWRITE,EIDV,XV,YV,SV
(4(E24.16,','))
EIDV=452
*GET,XV,ELEM,452,CENT,X
*GET,YV,ELEM,452,CENT,Y
*GET,SV,ELEM,452,ETAB,SEQV
*VWRITE,EIDV,XV,YV,SV
(4(E24.16,','))
EIDV=453
*GET,XV,ELEM,453,CENT,X
*GET,YV,ELEM,453,CENT,Y
*GET,SV,ELEM,453,ETAB,SEQV
*VWRITE,EIDV,XV,YV,SV
(4(E24.16,','))
EIDV=454
*GET,XV,ELEM,454,CENT,X
*GET,YV,ELEM,454,CENT,Y
*GET,SV,ELEM,454,ETAB,SEQV
*VWRITE,EIDV,XV,YV,SV
(4(E24.16,','))
EIDV=455
*GET,XV,ELEM,455,CENT,X
*GET,YV,ELEM,455,CENT,Y
*GET,SV,ELEM,455,ETAB,SEQV
*VWRITE,EIDV,XV,YV,SV
(4(E24.16,','))
EIDV=456
*GET,XV,ELEM,456,CENT,X
*GET,YV,ELEM,456,CENT,Y
*GET,SV,ELEM,456,ETAB,SEQV
*VWRITE,EIDV,XV,YV,SV
(4(E24.16,','))
EIDV=457
*GET,XV,ELEM,457,CENT,X
*GET,YV,ELEM,457,CENT,Y
*GET,SV,ELEM,457,ETAB,SEQV
*VWRITE,EIDV,XV,YV,SV
(4(E24.16,','))
EIDV=458
*GET,XV,ELEM,458,CENT,X
*GET,YV,ELEM,458,CENT,Y
*GET,SV,ELEM,458,ETAB,SEQV
*VWRITE,EIDV,XV,YV,SV
(4(E24.16,','))
EIDV=459
*GET,XV,ELEM,459,CENT,X
*GET,YV,ELEM,459,CENT,Y
*GET,SV,ELEM,459,ETAB,SEQV
*VWRITE,EIDV,XV,YV,SV
(4(E24.16,','))
EIDV=460
*GET,XV,ELEM,460,CENT,X
*GET,YV,ELEM,460,CENT,Y
*GET,SV,ELEM,460,ETAB,SEQV
*VWRITE,EIDV,XV,YV,SV
(4(E24.16,','))
EIDV=461
*GET,XV,ELEM,461,CENT,X
*GET,YV,ELEM,461,CENT,Y
*GET,SV,ELEM,461,ETAB,SEQV
*VWRITE,EIDV,XV,YV,SV
(4(E24.16,','))
EIDV=462
*GET,XV,ELEM,462,CENT,X
*GET,YV,ELEM,462,CENT,Y
*GET,SV,ELEM,462,ETAB,SEQV
*VWRITE,EIDV,XV,YV,SV
(4(E24.16,','))
EIDV=463
*GET,XV,ELEM,463,CENT,X
*GET,YV,ELEM,463,CENT,Y
*GET,SV,ELEM,463,ETAB,SEQV
*VWRITE,EIDV,XV,YV,SV
(4(E24.16,','))
EIDV=464
*GET,XV,ELEM,464,CENT,X
*GET,YV,ELEM,464,CENT,Y
*GET,SV,ELEM,464,ETAB,SEQV
*VWRITE,EIDV,XV,YV,SV
(4(E24.16,','))
EIDV=465
*GET,XV,ELEM,465,CENT,X
*GET,YV,ELEM,465,CENT,Y
*GET,SV,ELEM,465,ETAB,SEQV
*VWRITE,EIDV,XV,YV,SV
(4(E24.16,','))
EIDV=466
*GET,XV,ELEM,466,CENT,X
*GET,YV,ELEM,466,CENT,Y
*GET,SV,ELEM,466,ETAB,SEQV
*VWRITE,EIDV,XV,YV,SV
(4(E24.16,','))
EIDV=467
*GET,XV,ELEM,467,CENT,X
*GET,YV,ELEM,467,CENT,Y
*GET,SV,ELEM,467,ETAB,SEQV
*VWRITE,EIDV,XV,YV,SV
(4(E24.16,','))
EIDV=468
*GET,XV,ELEM,468,CENT,X
*GET,YV,ELEM,468,CENT,Y
*GET,SV,ELEM,468,ETAB,SEQV
*VWRITE,EIDV,XV,YV,SV
(4(E24.16,','))
EIDV=469
*GET,XV,ELEM,469,CENT,X
*GET,YV,ELEM,469,CENT,Y
*GET,SV,ELEM,469,ETAB,SEQV
*VWRITE,EIDV,XV,YV,SV
(4(E24.16,','))
EIDV=470
*GET,XV,ELEM,470,CENT,X
*GET,YV,ELEM,470,CENT,Y
*GET,SV,ELEM,470,ETAB,SEQV
*VWRITE,EIDV,XV,YV,SV
(4(E24.16,','))
EIDV=471
*GET,XV,ELEM,471,CENT,X
*GET,YV,ELEM,471,CENT,Y
*GET,SV,ELEM,471,ETAB,SEQV
*VWRITE,EIDV,XV,YV,SV
(4(E24.16,','))
EIDV=472
*GET,XV,ELEM,472,CENT,X
*GET,YV,ELEM,472,CENT,Y
*GET,SV,ELEM,472,ETAB,SEQV
*VWRITE,EIDV,XV,YV,SV
(4(E24.16,','))
EIDV=473
*GET,XV,ELEM,473,CENT,X
*GET,YV,ELEM,473,CENT,Y
*GET,SV,ELEM,473,ETAB,SEQV
*VWRITE,EIDV,XV,YV,SV
(4(E24.16,','))
EIDV=474
*GET,XV,ELEM,474,CENT,X
*GET,YV,ELEM,474,CENT,Y
*GET,SV,ELEM,474,ETAB,SEQV
*VWRITE,EIDV,XV,YV,SV
(4(E24.16,','))
EIDV=475
*GET,XV,ELEM,475,CENT,X
*GET,YV,ELEM,475,CENT,Y
*GET,SV,ELEM,475,ETAB,SEQV
*VWRITE,EIDV,XV,YV,SV
(4(E24.16,','))
EIDV=476
*GET,XV,ELEM,476,CENT,X
*GET,YV,ELEM,476,CENT,Y
*GET,SV,ELEM,476,ETAB,SEQV
*VWRITE,EIDV,XV,YV,SV
(4(E24.16,','))
EIDV=477
*GET,XV,ELEM,477,CENT,X
*GET,YV,ELEM,477,CENT,Y
*GET,SV,ELEM,477,ETAB,SEQV
*VWRITE,EIDV,XV,YV,SV
(4(E24.16,','))
EIDV=478
*GET,XV,ELEM,478,CENT,X
*GET,YV,ELEM,478,CENT,Y
*GET,SV,ELEM,478,ETAB,SEQV
*VWRITE,EIDV,XV,YV,SV
(4(E24.16,','))
EIDV=479
*GET,XV,ELEM,479,CENT,X
*GET,YV,ELEM,479,CENT,Y
*GET,SV,ELEM,479,ETAB,SEQV
*VWRITE,EIDV,XV,YV,SV
(4(E24.16,','))
EIDV=480
*GET,XV,ELEM,480,CENT,X
*GET,YV,ELEM,480,CENT,Y
*GET,SV,ELEM,480,ETAB,SEQV
*VWRITE,EIDV,XV,YV,SV
(4(E24.16,','))
EIDV=481
*GET,XV,ELEM,481,CENT,X
*GET,YV,ELEM,481,CENT,Y
*GET,SV,ELEM,481,ETAB,SEQV
*VWRITE,EIDV,XV,YV,SV
(4(E24.16,','))
EIDV=482
*GET,XV,ELEM,482,CENT,X
*GET,YV,ELEM,482,CENT,Y
*GET,SV,ELEM,482,ETAB,SEQV
*VWRITE,EIDV,XV,YV,SV
(4(E24.16,','))
EIDV=483
*GET,XV,ELEM,483,CENT,X
*GET,YV,ELEM,483,CENT,Y
*GET,SV,ELEM,483,ETAB,SEQV
*VWRITE,EIDV,XV,YV,SV
(4(E24.16,','))
EIDV=484
*GET,XV,ELEM,484,CENT,X
*GET,YV,ELEM,484,CENT,Y
*GET,SV,ELEM,484,ETAB,SEQV
*VWRITE,EIDV,XV,YV,SV
(4(E24.16,','))
EIDV=485
*GET,XV,ELEM,485,CENT,X
*GET,YV,ELEM,485,CENT,Y
*GET,SV,ELEM,485,ETAB,SEQV
*VWRITE,EIDV,XV,YV,SV
(4(E24.16,','))
EIDV=486
*GET,XV,ELEM,486,CENT,X
*GET,YV,ELEM,486,CENT,Y
*GET,SV,ELEM,486,ETAB,SEQV
*VWRITE,EIDV,XV,YV,SV
(4(E24.16,','))
EIDV=487
*GET,XV,ELEM,487,CENT,X
*GET,YV,ELEM,487,CENT,Y
*GET,SV,ELEM,487,ETAB,SEQV
*VWRITE,EIDV,XV,YV,SV
(4(E24.16,','))
EIDV=488
*GET,XV,ELEM,488,CENT,X
*GET,YV,ELEM,488,CENT,Y
*GET,SV,ELEM,488,ETAB,SEQV
*VWRITE,EIDV,XV,YV,SV
(4(E24.16,','))
EIDV=489
*GET,XV,ELEM,489,CENT,X
*GET,YV,ELEM,489,CENT,Y
*GET,SV,ELEM,489,ETAB,SEQV
*VWRITE,EIDV,XV,YV,SV
(4(E24.16,','))
EIDV=490
*GET,XV,ELEM,490,CENT,X
*GET,YV,ELEM,490,CENT,Y
*GET,SV,ELEM,490,ETAB,SEQV
*VWRITE,EIDV,XV,YV,SV
(4(E24.16,','))
EIDV=491
*GET,XV,ELEM,491,CENT,X
*GET,YV,ELEM,491,CENT,Y
*GET,SV,ELEM,491,ETAB,SEQV
*VWRITE,EIDV,XV,YV,SV
(4(E24.16,','))
EIDV=492
*GET,XV,ELEM,492,CENT,X
*GET,YV,ELEM,492,CENT,Y
*GET,SV,ELEM,492,ETAB,SEQV
*VWRITE,EIDV,XV,YV,SV
(4(E24.16,','))
EIDV=493
*GET,XV,ELEM,493,CENT,X
*GET,YV,ELEM,493,CENT,Y
*GET,SV,ELEM,493,ETAB,SEQV
*VWRITE,EIDV,XV,YV,SV
(4(E24.16,','))
EIDV=494
*GET,XV,ELEM,494,CENT,X
*GET,YV,ELEM,494,CENT,Y
*GET,SV,ELEM,494,ETAB,SEQV
*VWRITE,EIDV,XV,YV,SV
(4(E24.16,','))
EIDV=495
*GET,XV,ELEM,495,CENT,X
*GET,YV,ELEM,495,CENT,Y
*GET,SV,ELEM,495,ETAB,SEQV
*VWRITE,EIDV,XV,YV,SV
(4(E24.16,','))
EIDV=496
*GET,XV,ELEM,496,CENT,X
*GET,YV,ELEM,496,CENT,Y
*GET,SV,ELEM,496,ETAB,SEQV
*VWRITE,EIDV,XV,YV,SV
(4(E24.16,','))
EIDV=497
*GET,XV,ELEM,497,CENT,X
*GET,YV,ELEM,497,CENT,Y
*GET,SV,ELEM,497,ETAB,SEQV
*VWRITE,EIDV,XV,YV,SV
(4(E24.16,','))
EIDV=498
*GET,XV,ELEM,498,CENT,X
*GET,YV,ELEM,498,CENT,Y
*GET,SV,ELEM,498,ETAB,SEQV
*VWRITE,EIDV,XV,YV,SV
(4(E24.16,','))
EIDV=499
*GET,XV,ELEM,499,CENT,X
*GET,YV,ELEM,499,CENT,Y
*GET,SV,ELEM,499,ETAB,SEQV
*VWRITE,EIDV,XV,YV,SV
(4(E24.16,','))
EIDV=500
*GET,XV,ELEM,500,CENT,X
*GET,YV,ELEM,500,CENT,Y
*GET,SV,ELEM,500,ETAB,SEQV
*VWRITE,EIDV,XV,YV,SV
(4(E24.16,','))
EIDV=501
*GET,XV,ELEM,501,CENT,X
*GET,YV,ELEM,501,CENT,Y
*GET,SV,ELEM,501,ETAB,SEQV
*VWRITE,EIDV,XV,YV,SV
(4(E24.16,','))
EIDV=502
*GET,XV,ELEM,502,CENT,X
*GET,YV,ELEM,502,CENT,Y
*GET,SV,ELEM,502,ETAB,SEQV
*VWRITE,EIDV,XV,YV,SV
(4(E24.16,','))
EIDV=503
*GET,XV,ELEM,503,CENT,X
*GET,YV,ELEM,503,CENT,Y
*GET,SV,ELEM,503,ETAB,SEQV
*VWRITE,EIDV,XV,YV,SV
(4(E24.16,','))
EIDV=504
*GET,XV,ELEM,504,CENT,X
*GET,YV,ELEM,504,CENT,Y
*GET,SV,ELEM,504,ETAB,SEQV
*VWRITE,EIDV,XV,YV,SV
(4(E24.16,','))
EIDV=505
*GET,XV,ELEM,505,CENT,X
*GET,YV,ELEM,505,CENT,Y
*GET,SV,ELEM,505,ETAB,SEQV
*VWRITE,EIDV,XV,YV,SV
(4(E24.16,','))
EIDV=506
*GET,XV,ELEM,506,CENT,X
*GET,YV,ELEM,506,CENT,Y
*GET,SV,ELEM,506,ETAB,SEQV
*VWRITE,EIDV,XV,YV,SV
(4(E24.16,','))
EIDV=507
*GET,XV,ELEM,507,CENT,X
*GET,YV,ELEM,507,CENT,Y
*GET,SV,ELEM,507,ETAB,SEQV
*VWRITE,EIDV,XV,YV,SV
(4(E24.16,','))
EIDV=508
*GET,XV,ELEM,508,CENT,X
*GET,YV,ELEM,508,CENT,Y
*GET,SV,ELEM,508,ETAB,SEQV
*VWRITE,EIDV,XV,YV,SV
(4(E24.16,','))
EIDV=509
*GET,XV,ELEM,509,CENT,X
*GET,YV,ELEM,509,CENT,Y
*GET,SV,ELEM,509,ETAB,SEQV
*VWRITE,EIDV,XV,YV,SV
(4(E24.16,','))
EIDV=510
*GET,XV,ELEM,510,CENT,X
*GET,YV,ELEM,510,CENT,Y
*GET,SV,ELEM,510,ETAB,SEQV
*VWRITE,EIDV,XV,YV,SV
(4(E24.16,','))
EIDV=511
*GET,XV,ELEM,511,CENT,X
*GET,YV,ELEM,511,CENT,Y
*GET,SV,ELEM,511,ETAB,SEQV
*VWRITE,EIDV,XV,YV,SV
(4(E24.16,','))
EIDV=512
*GET,XV,ELEM,512,CENT,X
*GET,YV,ELEM,512,CENT,Y
*GET,SV,ELEM,512,ETAB,SEQV
*VWRITE,EIDV,XV,YV,SV
(4(E24.16,','))
EIDV=513
*GET,XV,ELEM,513,CENT,X
*GET,YV,ELEM,513,CENT,Y
*GET,SV,ELEM,513,ETAB,SEQV
*VWRITE,EIDV,XV,YV,SV
(4(E24.16,','))
EIDV=514
*GET,XV,ELEM,514,CENT,X
*GET,YV,ELEM,514,CENT,Y
*GET,SV,ELEM,514,ETAB,SEQV
*VWRITE,EIDV,XV,YV,SV
(4(E24.16,','))
EIDV=515
*GET,XV,ELEM,515,CENT,X
*GET,YV,ELEM,515,CENT,Y
*GET,SV,ELEM,515,ETAB,SEQV
*VWRITE,EIDV,XV,YV,SV
(4(E24.16,','))
EIDV=516
*GET,XV,ELEM,516,CENT,X
*GET,YV,ELEM,516,CENT,Y
*GET,SV,ELEM,516,ETAB,SEQV
*VWRITE,EIDV,XV,YV,SV
(4(E24.16,','))
EIDV=517
*GET,XV,ELEM,517,CENT,X
*GET,YV,ELEM,517,CENT,Y
*GET,SV,ELEM,517,ETAB,SEQV
*VWRITE,EIDV,XV,YV,SV
(4(E24.16,','))
EIDV=518
*GET,XV,ELEM,518,CENT,X
*GET,YV,ELEM,518,CENT,Y
*GET,SV,ELEM,518,ETAB,SEQV
*VWRITE,EIDV,XV,YV,SV
(4(E24.16,','))
EIDV=519
*GET,XV,ELEM,519,CENT,X
*GET,YV,ELEM,519,CENT,Y
*GET,SV,ELEM,519,ETAB,SEQV
*VWRITE,EIDV,XV,YV,SV
(4(E24.16,','))
EIDV=520
*GET,XV,ELEM,520,CENT,X
*GET,YV,ELEM,520,CENT,Y
*GET,SV,ELEM,520,ETAB,SEQV
*VWRITE,EIDV,XV,YV,SV
(4(E24.16,','))
EIDV=521
*GET,XV,ELEM,521,CENT,X
*GET,YV,ELEM,521,CENT,Y
*GET,SV,ELEM,521,ETAB,SEQV
*VWRITE,EIDV,XV,YV,SV
(4(E24.16,','))
EIDV=522
*GET,XV,ELEM,522,CENT,X
*GET,YV,ELEM,522,CENT,Y
*GET,SV,ELEM,522,ETAB,SEQV
*VWRITE,EIDV,XV,YV,SV
(4(E24.16,','))
EIDV=523
*GET,XV,ELEM,523,CENT,X
*GET,YV,ELEM,523,CENT,Y
*GET,SV,ELEM,523,ETAB,SEQV
*VWRITE,EIDV,XV,YV,SV
(4(E24.16,','))
EIDV=524
*GET,XV,ELEM,524,CENT,X
*GET,YV,ELEM,524,CENT,Y
*GET,SV,ELEM,524,ETAB,SEQV
*VWRITE,EIDV,XV,YV,SV
(4(E24.16,','))
EIDV=525
*GET,XV,ELEM,525,CENT,X
*GET,YV,ELEM,525,CENT,Y
*GET,SV,ELEM,525,ETAB,SEQV
*VWRITE,EIDV,XV,YV,SV
(4(E24.16,','))
EIDV=526
*GET,XV,ELEM,526,CENT,X
*GET,YV,ELEM,526,CENT,Y
*GET,SV,ELEM,526,ETAB,SEQV
*VWRITE,EIDV,XV,YV,SV
(4(E24.16,','))
EIDV=527
*GET,XV,ELEM,527,CENT,X
*GET,YV,ELEM,527,CENT,Y
*GET,SV,ELEM,527,ETAB,SEQV
*VWRITE,EIDV,XV,YV,SV
(4(E24.16,','))
EIDV=528
*GET,XV,ELEM,528,CENT,X
*GET,YV,ELEM,528,CENT,Y
*GET,SV,ELEM,528,ETAB,SEQV
*VWRITE,EIDV,XV,YV,SV
(4(E24.16,','))
EIDV=529
*GET,XV,ELEM,529,CENT,X
*GET,YV,ELEM,529,CENT,Y
*GET,SV,ELEM,529,ETAB,SEQV
*VWRITE,EIDV,XV,YV,SV
(4(E24.16,','))
EIDV=530
*GET,XV,ELEM,530,CENT,X
*GET,YV,ELEM,530,CENT,Y
*GET,SV,ELEM,530,ETAB,SEQV
*VWRITE,EIDV,XV,YV,SV
(4(E24.16,','))
EIDV=531
*GET,XV,ELEM,531,CENT,X
*GET,YV,ELEM,531,CENT,Y
*GET,SV,ELEM,531,ETAB,SEQV
*VWRITE,EIDV,XV,YV,SV
(4(E24.16,','))
EIDV=532
*GET,XV,ELEM,532,CENT,X
*GET,YV,ELEM,532,CENT,Y
*GET,SV,ELEM,532,ETAB,SEQV
*VWRITE,EIDV,XV,YV,SV
(4(E24.16,','))
EIDV=533
*GET,XV,ELEM,533,CENT,X
*GET,YV,ELEM,533,CENT,Y
*GET,SV,ELEM,533,ETAB,SEQV
*VWRITE,EIDV,XV,YV,SV
(4(E24.16,','))
EIDV=534
*GET,XV,ELEM,534,CENT,X
*GET,YV,ELEM,534,CENT,Y
*GET,SV,ELEM,534,ETAB,SEQV
*VWRITE,EIDV,XV,YV,SV
(4(E24.16,','))
EIDV=535
*GET,XV,ELEM,535,CENT,X
*GET,YV,ELEM,535,CENT,Y
*GET,SV,ELEM,535,ETAB,SEQV
*VWRITE,EIDV,XV,YV,SV
(4(E24.16,','))
EIDV=536
*GET,XV,ELEM,536,CENT,X
*GET,YV,ELEM,536,CENT,Y
*GET,SV,ELEM,536,ETAB,SEQV
*VWRITE,EIDV,XV,YV,SV
(4(E24.16,','))
EIDV=537
*GET,XV,ELEM,537,CENT,X
*GET,YV,ELEM,537,CENT,Y
*GET,SV,ELEM,537,ETAB,SEQV
*VWRITE,EIDV,XV,YV,SV
(4(E24.16,','))
EIDV=538
*GET,XV,ELEM,538,CENT,X
*GET,YV,ELEM,538,CENT,Y
*GET,SV,ELEM,538,ETAB,SEQV
*VWRITE,EIDV,XV,YV,SV
(4(E24.16,','))
EIDV=539
*GET,XV,ELEM,539,CENT,X
*GET,YV,ELEM,539,CENT,Y
*GET,SV,ELEM,539,ETAB,SEQV
*VWRITE,EIDV,XV,YV,SV
(4(E24.16,','))
EIDV=540
*GET,XV,ELEM,540,CENT,X
*GET,YV,ELEM,540,CENT,Y
*GET,SV,ELEM,540,ETAB,SEQV
*VWRITE,EIDV,XV,YV,SV
(4(E24.16,','))
EIDV=541
*GET,XV,ELEM,541,CENT,X
*GET,YV,ELEM,541,CENT,Y
*GET,SV,ELEM,541,ETAB,SEQV
*VWRITE,EIDV,XV,YV,SV
(4(E24.16,','))
EIDV=542
*GET,XV,ELEM,542,CENT,X
*GET,YV,ELEM,542,CENT,Y
*GET,SV,ELEM,542,ETAB,SEQV
*VWRITE,EIDV,XV,YV,SV
(4(E24.16,','))
EIDV=543
*GET,XV,ELEM,543,CENT,X
*GET,YV,ELEM,543,CENT,Y
*GET,SV,ELEM,543,ETAB,SEQV
*VWRITE,EIDV,XV,YV,SV
(4(E24.16,','))
EIDV=544
*GET,XV,ELEM,544,CENT,X
*GET,YV,ELEM,544,CENT,Y
*GET,SV,ELEM,544,ETAB,SEQV
*VWRITE,EIDV,XV,YV,SV
(4(E24.16,','))
EIDV=545
*GET,XV,ELEM,545,CENT,X
*GET,YV,ELEM,545,CENT,Y
*GET,SV,ELEM,545,ETAB,SEQV
*VWRITE,EIDV,XV,YV,SV
(4(E24.16,','))
EIDV=546
*GET,XV,ELEM,546,CENT,X
*GET,YV,ELEM,546,CENT,Y
*GET,SV,ELEM,546,ETAB,SEQV
*VWRITE,EIDV,XV,YV,SV
(4(E24.16,','))
EIDV=547
*GET,XV,ELEM,547,CENT,X
*GET,YV,ELEM,547,CENT,Y
*GET,SV,ELEM,547,ETAB,SEQV
*VWRITE,EIDV,XV,YV,SV
(4(E24.16,','))
EIDV=548
*GET,XV,ELEM,548,CENT,X
*GET,YV,ELEM,548,CENT,Y
*GET,SV,ELEM,548,ETAB,SEQV
*VWRITE,EIDV,XV,YV,SV
(4(E24.16,','))
EIDV=549
*GET,XV,ELEM,549,CENT,X
*GET,YV,ELEM,549,CENT,Y
*GET,SV,ELEM,549,ETAB,SEQV
*VWRITE,EIDV,XV,YV,SV
(4(E24.16,','))
EIDV=550
*GET,XV,ELEM,550,CENT,X
*GET,YV,ELEM,550,CENT,Y
*GET,SV,ELEM,550,ETAB,SEQV
*VWRITE,EIDV,XV,YV,SV
(4(E24.16,','))
EIDV=551
*GET,XV,ELEM,551,CENT,X
*GET,YV,ELEM,551,CENT,Y
*GET,SV,ELEM,551,ETAB,SEQV
*VWRITE,EIDV,XV,YV,SV
(4(E24.16,','))
EIDV=552
*GET,XV,ELEM,552,CENT,X
*GET,YV,ELEM,552,CENT,Y
*GET,SV,ELEM,552,ETAB,SEQV
*VWRITE,EIDV,XV,YV,SV
(4(E24.16,','))
EIDV=553
*GET,XV,ELEM,553,CENT,X
*GET,YV,ELEM,553,CENT,Y
*GET,SV,ELEM,553,ETAB,SEQV
*VWRITE,EIDV,XV,YV,SV
(4(E24.16,','))
EIDV=554
*GET,XV,ELEM,554,CENT,X
*GET,YV,ELEM,554,CENT,Y
*GET,SV,ELEM,554,ETAB,SEQV
*VWRITE,EIDV,XV,YV,SV
(4(E24.16,','))
EIDV=555
*GET,XV,ELEM,555,CENT,X
*GET,YV,ELEM,555,CENT,Y
*GET,SV,ELEM,555,ETAB,SEQV
*VWRITE,EIDV,XV,YV,SV
(4(E24.16,','))
EIDV=556
*GET,XV,ELEM,556,CENT,X
*GET,YV,ELEM,556,CENT,Y
*GET,SV,ELEM,556,ETAB,SEQV
*VWRITE,EIDV,XV,YV,SV
(4(E24.16,','))
EIDV=557
*GET,XV,ELEM,557,CENT,X
*GET,YV,ELEM,557,CENT,Y
*GET,SV,ELEM,557,ETAB,SEQV
*VWRITE,EIDV,XV,YV,SV
(4(E24.16,','))
EIDV=558
*GET,XV,ELEM,558,CENT,X
*GET,YV,ELEM,558,CENT,Y
*GET,SV,ELEM,558,ETAB,SEQV
*VWRITE,EIDV,XV,YV,SV
(4(E24.16,','))
EIDV=559
*GET,XV,ELEM,559,CENT,X
*GET,YV,ELEM,559,CENT,Y
*GET,SV,ELEM,559,ETAB,SEQV
*VWRITE,EIDV,XV,YV,SV
(4(E24.16,','))
EIDV=560
*GET,XV,ELEM,560,CENT,X
*GET,YV,ELEM,560,CENT,Y
*GET,SV,ELEM,560,ETAB,SEQV
*VWRITE,EIDV,XV,YV,SV
(4(E24.16,','))
EIDV=561
*GET,XV,ELEM,561,CENT,X
*GET,YV,ELEM,561,CENT,Y
*GET,SV,ELEM,561,ETAB,SEQV
*VWRITE,EIDV,XV,YV,SV
(4(E24.16,','))
EIDV=562
*GET,XV,ELEM,562,CENT,X
*GET,YV,ELEM,562,CENT,Y
*GET,SV,ELEM,562,ETAB,SEQV
*VWRITE,EIDV,XV,YV,SV
(4(E24.16,','))
EIDV=563
*GET,XV,ELEM,563,CENT,X
*GET,YV,ELEM,563,CENT,Y
*GET,SV,ELEM,563,ETAB,SEQV
*VWRITE,EIDV,XV,YV,SV
(4(E24.16,','))
EIDV=564
*GET,XV,ELEM,564,CENT,X
*GET,YV,ELEM,564,CENT,Y
*GET,SV,ELEM,564,ETAB,SEQV
*VWRITE,EIDV,XV,YV,SV
(4(E24.16,','))
EIDV=565
*GET,XV,ELEM,565,CENT,X
*GET,YV,ELEM,565,CENT,Y
*GET,SV,ELEM,565,ETAB,SEQV
*VWRITE,EIDV,XV,YV,SV
(4(E24.16,','))
EIDV=566
*GET,XV,ELEM,566,CENT,X
*GET,YV,ELEM,566,CENT,Y
*GET,SV,ELEM,566,ETAB,SEQV
*VWRITE,EIDV,XV,YV,SV
(4(E24.16,','))
EIDV=567
*GET,XV,ELEM,567,CENT,X
*GET,YV,ELEM,567,CENT,Y
*GET,SV,ELEM,567,ETAB,SEQV
*VWRITE,EIDV,XV,YV,SV
(4(E24.16,','))
EIDV=568
*GET,XV,ELEM,568,CENT,X
*GET,YV,ELEM,568,CENT,Y
*GET,SV,ELEM,568,ETAB,SEQV
*VWRITE,EIDV,XV,YV,SV
(4(E24.16,','))
EIDV=569
*GET,XV,ELEM,569,CENT,X
*GET,YV,ELEM,569,CENT,Y
*GET,SV,ELEM,569,ETAB,SEQV
*VWRITE,EIDV,XV,YV,SV
(4(E24.16,','))
EIDV=570
*GET,XV,ELEM,570,CENT,X
*GET,YV,ELEM,570,CENT,Y
*GET,SV,ELEM,570,ETAB,SEQV
*VWRITE,EIDV,XV,YV,SV
(4(E24.16,','))
EIDV=571
*GET,XV,ELEM,571,CENT,X
*GET,YV,ELEM,571,CENT,Y
*GET,SV,ELEM,571,ETAB,SEQV
*VWRITE,EIDV,XV,YV,SV
(4(E24.16,','))
EIDV=572
*GET,XV,ELEM,572,CENT,X
*GET,YV,ELEM,572,CENT,Y
*GET,SV,ELEM,572,ETAB,SEQV
*VWRITE,EIDV,XV,YV,SV
(4(E24.16,','))
EIDV=573
*GET,XV,ELEM,573,CENT,X
*GET,YV,ELEM,573,CENT,Y
*GET,SV,ELEM,573,ETAB,SEQV
*VWRITE,EIDV,XV,YV,SV
(4(E24.16,','))
EIDV=574
*GET,XV,ELEM,574,CENT,X
*GET,YV,ELEM,574,CENT,Y
*GET,SV,ELEM,574,ETAB,SEQV
*VWRITE,EIDV,XV,YV,SV
(4(E24.16,','))
EIDV=575
*GET,XV,ELEM,575,CENT,X
*GET,YV,ELEM,575,CENT,Y
*GET,SV,ELEM,575,ETAB,SEQV
*VWRITE,EIDV,XV,YV,SV
(4(E24.16,','))
EIDV=576
*GET,XV,ELEM,576,CENT,X
*GET,YV,ELEM,576,CENT,Y
*GET,SV,ELEM,576,ETAB,SEQV
*VWRITE,EIDV,XV,YV,SV
(4(E24.16,','))
EIDV=577
*GET,XV,ELEM,577,CENT,X
*GET,YV,ELEM,577,CENT,Y
*GET,SV,ELEM,577,ETAB,SEQV
*VWRITE,EIDV,XV,YV,SV
(4(E24.16,','))
EIDV=578
*GET,XV,ELEM,578,CENT,X
*GET,YV,ELEM,578,CENT,Y
*GET,SV,ELEM,578,ETAB,SEQV
*VWRITE,EIDV,XV,YV,SV
(4(E24.16,','))
EIDV=579
*GET,XV,ELEM,579,CENT,X
*GET,YV,ELEM,579,CENT,Y
*GET,SV,ELEM,579,ETAB,SEQV
*VWRITE,EIDV,XV,YV,SV
(4(E24.16,','))
EIDV=580
*GET,XV,ELEM,580,CENT,X
*GET,YV,ELEM,580,CENT,Y
*GET,SV,ELEM,580,ETAB,SEQV
*VWRITE,EIDV,XV,YV,SV
(4(E24.16,','))
EIDV=581
*GET,XV,ELEM,581,CENT,X
*GET,YV,ELEM,581,CENT,Y
*GET,SV,ELEM,581,ETAB,SEQV
*VWRITE,EIDV,XV,YV,SV
(4(E24.16,','))
EIDV=582
*GET,XV,ELEM,582,CENT,X
*GET,YV,ELEM,582,CENT,Y
*GET,SV,ELEM,582,ETAB,SEQV
*VWRITE,EIDV,XV,YV,SV
(4(E24.16,','))
EIDV=583
*GET,XV,ELEM,583,CENT,X
*GET,YV,ELEM,583,CENT,Y
*GET,SV,ELEM,583,ETAB,SEQV
*VWRITE,EIDV,XV,YV,SV
(4(E24.16,','))
EIDV=584
*GET,XV,ELEM,584,CENT,X
*GET,YV,ELEM,584,CENT,Y
*GET,SV,ELEM,584,ETAB,SEQV
*VWRITE,EIDV,XV,YV,SV
(4(E24.16,','))
EIDV=585
*GET,XV,ELEM,585,CENT,X
*GET,YV,ELEM,585,CENT,Y
*GET,SV,ELEM,585,ETAB,SEQV
*VWRITE,EIDV,XV,YV,SV
(4(E24.16,','))
EIDV=586
*GET,XV,ELEM,586,CENT,X
*GET,YV,ELEM,586,CENT,Y
*GET,SV,ELEM,586,ETAB,SEQV
*VWRITE,EIDV,XV,YV,SV
(4(E24.16,','))
EIDV=587
*GET,XV,ELEM,587,CENT,X
*GET,YV,ELEM,587,CENT,Y
*GET,SV,ELEM,587,ETAB,SEQV
*VWRITE,EIDV,XV,YV,SV
(4(E24.16,','))
EIDV=588
*GET,XV,ELEM,588,CENT,X
*GET,YV,ELEM,588,CENT,Y
*GET,SV,ELEM,588,ETAB,SEQV
*VWRITE,EIDV,XV,YV,SV
(4(E24.16,','))
EIDV=589
*GET,XV,ELEM,589,CENT,X
*GET,YV,ELEM,589,CENT,Y
*GET,SV,ELEM,589,ETAB,SEQV
*VWRITE,EIDV,XV,YV,SV
(4(E24.16,','))
EIDV=590
*GET,XV,ELEM,590,CENT,X
*GET,YV,ELEM,590,CENT,Y
*GET,SV,ELEM,590,ETAB,SEQV
*VWRITE,EIDV,XV,YV,SV
(4(E24.16,','))
EIDV=591
*GET,XV,ELEM,591,CENT,X
*GET,YV,ELEM,591,CENT,Y
*GET,SV,ELEM,591,ETAB,SEQV
*VWRITE,EIDV,XV,YV,SV
(4(E24.16,','))
EIDV=592
*GET,XV,ELEM,592,CENT,X
*GET,YV,ELEM,592,CENT,Y
*GET,SV,ELEM,592,ETAB,SEQV
*VWRITE,EIDV,XV,YV,SV
(4(E24.16,','))
EIDV=593
*GET,XV,ELEM,593,CENT,X
*GET,YV,ELEM,593,CENT,Y
*GET,SV,ELEM,593,ETAB,SEQV
*VWRITE,EIDV,XV,YV,SV
(4(E24.16,','))
EIDV=594
*GET,XV,ELEM,594,CENT,X
*GET,YV,ELEM,594,CENT,Y
*GET,SV,ELEM,594,ETAB,SEQV
*VWRITE,EIDV,XV,YV,SV
(4(E24.16,','))
EIDV=595
*GET,XV,ELEM,595,CENT,X
*GET,YV,ELEM,595,CENT,Y
*GET,SV,ELEM,595,ETAB,SEQV
*VWRITE,EIDV,XV,YV,SV
(4(E24.16,','))
EIDV=596
*GET,XV,ELEM,596,CENT,X
*GET,YV,ELEM,596,CENT,Y
*GET,SV,ELEM,596,ETAB,SEQV
*VWRITE,EIDV,XV,YV,SV
(4(E24.16,','))
EIDV=597
*GET,XV,ELEM,597,CENT,X
*GET,YV,ELEM,597,CENT,Y
*GET,SV,ELEM,597,ETAB,SEQV
*VWRITE,EIDV,XV,YV,SV
(4(E24.16,','))
EIDV=598
*GET,XV,ELEM,598,CENT,X
*GET,YV,ELEM,598,CENT,Y
*GET,SV,ELEM,598,ETAB,SEQV
*VWRITE,EIDV,XV,YV,SV
(4(E24.16,','))
EIDV=599
*GET,XV,ELEM,599,CENT,X
*GET,YV,ELEM,599,CENT,Y
*GET,SV,ELEM,599,ETAB,SEQV
*VWRITE,EIDV,XV,YV,SV
(4(E24.16,','))
EIDV=600
*GET,XV,ELEM,600,CENT,X
*GET,YV,ELEM,600,CENT,Y
*GET,SV,ELEM,600,ETAB,SEQV
*VWRITE,EIDV,XV,YV,SV
(4(E24.16,','))
EIDV=601
*GET,XV,ELEM,601,CENT,X
*GET,YV,ELEM,601,CENT,Y
*GET,SV,ELEM,601,ETAB,SEQV
*VWRITE,EIDV,XV,YV,SV
(4(E24.16,','))
EIDV=602
*GET,XV,ELEM,602,CENT,X
*GET,YV,ELEM,602,CENT,Y
*GET,SV,ELEM,602,ETAB,SEQV
*VWRITE,EIDV,XV,YV,SV
(4(E24.16,','))
EIDV=603
*GET,XV,ELEM,603,CENT,X
*GET,YV,ELEM,603,CENT,Y
*GET,SV,ELEM,603,ETAB,SEQV
*VWRITE,EIDV,XV,YV,SV
(4(E24.16,','))
EIDV=604
*GET,XV,ELEM,604,CENT,X
*GET,YV,ELEM,604,CENT,Y
*GET,SV,ELEM,604,ETAB,SEQV
*VWRITE,EIDV,XV,YV,SV
(4(E24.16,','))
EIDV=605
*GET,XV,ELEM,605,CENT,X
*GET,YV,ELEM,605,CENT,Y
*GET,SV,ELEM,605,ETAB,SEQV
*VWRITE,EIDV,XV,YV,SV
(4(E24.16,','))
EIDV=606
*GET,XV,ELEM,606,CENT,X
*GET,YV,ELEM,606,CENT,Y
*GET,SV,ELEM,606,ETAB,SEQV
*VWRITE,EIDV,XV,YV,SV
(4(E24.16,','))
EIDV=607
*GET,XV,ELEM,607,CENT,X
*GET,YV,ELEM,607,CENT,Y
*GET,SV,ELEM,607,ETAB,SEQV
*VWRITE,EIDV,XV,YV,SV
(4(E24.16,','))
EIDV=608
*GET,XV,ELEM,608,CENT,X
*GET,YV,ELEM,608,CENT,Y
*GET,SV,ELEM,608,ETAB,SEQV
*VWRITE,EIDV,XV,YV,SV
(4(E24.16,','))
EIDV=609
*GET,XV,ELEM,609,CENT,X
*GET,YV,ELEM,609,CENT,Y
*GET,SV,ELEM,609,ETAB,SEQV
*VWRITE,EIDV,XV,YV,SV
(4(E24.16,','))
EIDV=610
*GET,XV,ELEM,610,CENT,X
*GET,YV,ELEM,610,CENT,Y
*GET,SV,ELEM,610,ETAB,SEQV
*VWRITE,EIDV,XV,YV,SV
(4(E24.16,','))
EIDV=611
*GET,XV,ELEM,611,CENT,X
*GET,YV,ELEM,611,CENT,Y
*GET,SV,ELEM,611,ETAB,SEQV
*VWRITE,EIDV,XV,YV,SV
(4(E24.16,','))
EIDV=612
*GET,XV,ELEM,612,CENT,X
*GET,YV,ELEM,612,CENT,Y
*GET,SV,ELEM,612,ETAB,SEQV
*VWRITE,EIDV,XV,YV,SV
(4(E24.16,','))
EIDV=613
*GET,XV,ELEM,613,CENT,X
*GET,YV,ELEM,613,CENT,Y
*GET,SV,ELEM,613,ETAB,SEQV
*VWRITE,EIDV,XV,YV,SV
(4(E24.16,','))
EIDV=614
*GET,XV,ELEM,614,CENT,X
*GET,YV,ELEM,614,CENT,Y
*GET,SV,ELEM,614,ETAB,SEQV
*VWRITE,EIDV,XV,YV,SV
(4(E24.16,','))
EIDV=615
*GET,XV,ELEM,615,CENT,X
*GET,YV,ELEM,615,CENT,Y
*GET,SV,ELEM,615,ETAB,SEQV
*VWRITE,EIDV,XV,YV,SV
(4(E24.16,','))
EIDV=616
*GET,XV,ELEM,616,CENT,X
*GET,YV,ELEM,616,CENT,Y
*GET,SV,ELEM,616,ETAB,SEQV
*VWRITE,EIDV,XV,YV,SV
(4(E24.16,','))
EIDV=617
*GET,XV,ELEM,617,CENT,X
*GET,YV,ELEM,617,CENT,Y
*GET,SV,ELEM,617,ETAB,SEQV
*VWRITE,EIDV,XV,YV,SV
(4(E24.16,','))
EIDV=618
*GET,XV,ELEM,618,CENT,X
*GET,YV,ELEM,618,CENT,Y
*GET,SV,ELEM,618,ETAB,SEQV
*VWRITE,EIDV,XV,YV,SV
(4(E24.16,','))
EIDV=619
*GET,XV,ELEM,619,CENT,X
*GET,YV,ELEM,619,CENT,Y
*GET,SV,ELEM,619,ETAB,SEQV
*VWRITE,EIDV,XV,YV,SV
(4(E24.16,','))
EIDV=620
*GET,XV,ELEM,620,CENT,X
*GET,YV,ELEM,620,CENT,Y
*GET,SV,ELEM,620,ETAB,SEQV
*VWRITE,EIDV,XV,YV,SV
(4(E24.16,','))
EIDV=621
*GET,XV,ELEM,621,CENT,X
*GET,YV,ELEM,621,CENT,Y
*GET,SV,ELEM,621,ETAB,SEQV
*VWRITE,EIDV,XV,YV,SV
(4(E24.16,','))
EIDV=622
*GET,XV,ELEM,622,CENT,X
*GET,YV,ELEM,622,CENT,Y
*GET,SV,ELEM,622,ETAB,SEQV
*VWRITE,EIDV,XV,YV,SV
(4(E24.16,','))
EIDV=623
*GET,XV,ELEM,623,CENT,X
*GET,YV,ELEM,623,CENT,Y
*GET,SV,ELEM,623,ETAB,SEQV
*VWRITE,EIDV,XV,YV,SV
(4(E24.16,','))
EIDV=624
*GET,XV,ELEM,624,CENT,X
*GET,YV,ELEM,624,CENT,Y
*GET,SV,ELEM,624,ETAB,SEQV
*VWRITE,EIDV,XV,YV,SV
(4(E24.16,','))
EIDV=625
*GET,XV,ELEM,625,CENT,X
*GET,YV,ELEM,625,CENT,Y
*GET,SV,ELEM,625,ETAB,SEQV
*VWRITE,EIDV,XV,YV,SV
(4(E24.16,','))
EIDV=626
*GET,XV,ELEM,626,CENT,X
*GET,YV,ELEM,626,CENT,Y
*GET,SV,ELEM,626,ETAB,SEQV
*VWRITE,EIDV,XV,YV,SV
(4(E24.16,','))
EIDV=627
*GET,XV,ELEM,627,CENT,X
*GET,YV,ELEM,627,CENT,Y
*GET,SV,ELEM,627,ETAB,SEQV
*VWRITE,EIDV,XV,YV,SV
(4(E24.16,','))
EIDV=628
*GET,XV,ELEM,628,CENT,X
*GET,YV,ELEM,628,CENT,Y
*GET,SV,ELEM,628,ETAB,SEQV
*VWRITE,EIDV,XV,YV,SV
(4(E24.16,','))
EIDV=629
*GET,XV,ELEM,629,CENT,X
*GET,YV,ELEM,629,CENT,Y
*GET,SV,ELEM,629,ETAB,SEQV
*VWRITE,EIDV,XV,YV,SV
(4(E24.16,','))
EIDV=630
*GET,XV,ELEM,630,CENT,X
*GET,YV,ELEM,630,CENT,Y
*GET,SV,ELEM,630,ETAB,SEQV
*VWRITE,EIDV,XV,YV,SV
(4(E24.16,','))
EIDV=631
*GET,XV,ELEM,631,CENT,X
*GET,YV,ELEM,631,CENT,Y
*GET,SV,ELEM,631,ETAB,SEQV
*VWRITE,EIDV,XV,YV,SV
(4(E24.16,','))
EIDV=632
*GET,XV,ELEM,632,CENT,X
*GET,YV,ELEM,632,CENT,Y
*GET,SV,ELEM,632,ETAB,SEQV
*VWRITE,EIDV,XV,YV,SV
(4(E24.16,','))
EIDV=633
*GET,XV,ELEM,633,CENT,X
*GET,YV,ELEM,633,CENT,Y
*GET,SV,ELEM,633,ETAB,SEQV
*VWRITE,EIDV,XV,YV,SV
(4(E24.16,','))
EIDV=634
*GET,XV,ELEM,634,CENT,X
*GET,YV,ELEM,634,CENT,Y
*GET,SV,ELEM,634,ETAB,SEQV
*VWRITE,EIDV,XV,YV,SV
(4(E24.16,','))
EIDV=635
*GET,XV,ELEM,635,CENT,X
*GET,YV,ELEM,635,CENT,Y
*GET,SV,ELEM,635,ETAB,SEQV
*VWRITE,EIDV,XV,YV,SV
(4(E24.16,','))
EIDV=636
*GET,XV,ELEM,636,CENT,X
*GET,YV,ELEM,636,CENT,Y
*GET,SV,ELEM,636,ETAB,SEQV
*VWRITE,EIDV,XV,YV,SV
(4(E24.16,','))
EIDV=637
*GET,XV,ELEM,637,CENT,X
*GET,YV,ELEM,637,CENT,Y
*GET,SV,ELEM,637,ETAB,SEQV
*VWRITE,EIDV,XV,YV,SV
(4(E24.16,','))
EIDV=638
*GET,XV,ELEM,638,CENT,X
*GET,YV,ELEM,638,CENT,Y
*GET,SV,ELEM,638,ETAB,SEQV
*VWRITE,EIDV,XV,YV,SV
(4(E24.16,','))
EIDV=639
*GET,XV,ELEM,639,CENT,X
*GET,YV,ELEM,639,CENT,Y
*GET,SV,ELEM,639,ETAB,SEQV
*VWRITE,EIDV,XV,YV,SV
(4(E24.16,','))
EIDV=640
*GET,XV,ELEM,640,CENT,X
*GET,YV,ELEM,640,CENT,Y
*GET,SV,ELEM,640,ETAB,SEQV
*VWRITE,EIDV,XV,YV,SV
(4(E24.16,','))
EIDV=641
*GET,XV,ELEM,641,CENT,X
*GET,YV,ELEM,641,CENT,Y
*GET,SV,ELEM,641,ETAB,SEQV
*VWRITE,EIDV,XV,YV,SV
(4(E24.16,','))
EIDV=642
*GET,XV,ELEM,642,CENT,X
*GET,YV,ELEM,642,CENT,Y
*GET,SV,ELEM,642,ETAB,SEQV
*VWRITE,EIDV,XV,YV,SV
(4(E24.16,','))
EIDV=643
*GET,XV,ELEM,643,CENT,X
*GET,YV,ELEM,643,CENT,Y
*GET,SV,ELEM,643,ETAB,SEQV
*VWRITE,EIDV,XV,YV,SV
(4(E24.16,','))
EIDV=644
*GET,XV,ELEM,644,CENT,X
*GET,YV,ELEM,644,CENT,Y
*GET,SV,ELEM,644,ETAB,SEQV
*VWRITE,EIDV,XV,YV,SV
(4(E24.16,','))
EIDV=645
*GET,XV,ELEM,645,CENT,X
*GET,YV,ELEM,645,CENT,Y
*GET,SV,ELEM,645,ETAB,SEQV
*VWRITE,EIDV,XV,YV,SV
(4(E24.16,','))
EIDV=646
*GET,XV,ELEM,646,CENT,X
*GET,YV,ELEM,646,CENT,Y
*GET,SV,ELEM,646,ETAB,SEQV
*VWRITE,EIDV,XV,YV,SV
(4(E24.16,','))
EIDV=647
*GET,XV,ELEM,647,CENT,X
*GET,YV,ELEM,647,CENT,Y
*GET,SV,ELEM,647,ETAB,SEQV
*VWRITE,EIDV,XV,YV,SV
(4(E24.16,','))
EIDV=648
*GET,XV,ELEM,648,CENT,X
*GET,YV,ELEM,648,CENT,Y
*GET,SV,ELEM,648,ETAB,SEQV
*VWRITE,EIDV,XV,YV,SV
(4(E24.16,','))
EIDV=649
*GET,XV,ELEM,649,CENT,X
*GET,YV,ELEM,649,CENT,Y
*GET,SV,ELEM,649,ETAB,SEQV
*VWRITE,EIDV,XV,YV,SV
(4(E24.16,','))
EIDV=650
*GET,XV,ELEM,650,CENT,X
*GET,YV,ELEM,650,CENT,Y
*GET,SV,ELEM,650,ETAB,SEQV
*VWRITE,EIDV,XV,YV,SV
(4(E24.16,','))
EIDV=651
*GET,XV,ELEM,651,CENT,X
*GET,YV,ELEM,651,CENT,Y
*GET,SV,ELEM,651,ETAB,SEQV
*VWRITE,EIDV,XV,YV,SV
(4(E24.16,','))
EIDV=652
*GET,XV,ELEM,652,CENT,X
*GET,YV,ELEM,652,CENT,Y
*GET,SV,ELEM,652,ETAB,SEQV
*VWRITE,EIDV,XV,YV,SV
(4(E24.16,','))
EIDV=653
*GET,XV,ELEM,653,CENT,X
*GET,YV,ELEM,653,CENT,Y
*GET,SV,ELEM,653,ETAB,SEQV
*VWRITE,EIDV,XV,YV,SV
(4(E24.16,','))
EIDV=654
*GET,XV,ELEM,654,CENT,X
*GET,YV,ELEM,654,CENT,Y
*GET,SV,ELEM,654,ETAB,SEQV
*VWRITE,EIDV,XV,YV,SV
(4(E24.16,','))
EIDV=655
*GET,XV,ELEM,655,CENT,X
*GET,YV,ELEM,655,CENT,Y
*GET,SV,ELEM,655,ETAB,SEQV
*VWRITE,EIDV,XV,YV,SV
(4(E24.16,','))
EIDV=656
*GET,XV,ELEM,656,CENT,X
*GET,YV,ELEM,656,CENT,Y
*GET,SV,ELEM,656,ETAB,SEQV
*VWRITE,EIDV,XV,YV,SV
(4(E24.16,','))
EIDV=657
*GET,XV,ELEM,657,CENT,X
*GET,YV,ELEM,657,CENT,Y
*GET,SV,ELEM,657,ETAB,SEQV
*VWRITE,EIDV,XV,YV,SV
(4(E24.16,','))
EIDV=658
*GET,XV,ELEM,658,CENT,X
*GET,YV,ELEM,658,CENT,Y
*GET,SV,ELEM,658,ETAB,SEQV
*VWRITE,EIDV,XV,YV,SV
(4(E24.16,','))
EIDV=659
*GET,XV,ELEM,659,CENT,X
*GET,YV,ELEM,659,CENT,Y
*GET,SV,ELEM,659,ETAB,SEQV
*VWRITE,EIDV,XV,YV,SV
(4(E24.16,','))
EIDV=660
*GET,XV,ELEM,660,CENT,X
*GET,YV,ELEM,660,CENT,Y
*GET,SV,ELEM,660,ETAB,SEQV
*VWRITE,EIDV,XV,YV,SV
(4(E24.16,','))
EIDV=661
*GET,XV,ELEM,661,CENT,X
*GET,YV,ELEM,661,CENT,Y
*GET,SV,ELEM,661,ETAB,SEQV
*VWRITE,EIDV,XV,YV,SV
(4(E24.16,','))
EIDV=662
*GET,XV,ELEM,662,CENT,X
*GET,YV,ELEM,662,CENT,Y
*GET,SV,ELEM,662,ETAB,SEQV
*VWRITE,EIDV,XV,YV,SV
(4(E24.16,','))
EIDV=663
*GET,XV,ELEM,663,CENT,X
*GET,YV,ELEM,663,CENT,Y
*GET,SV,ELEM,663,ETAB,SEQV
*VWRITE,EIDV,XV,YV,SV
(4(E24.16,','))
EIDV=664
*GET,XV,ELEM,664,CENT,X
*GET,YV,ELEM,664,CENT,Y
*GET,SV,ELEM,664,ETAB,SEQV
*VWRITE,EIDV,XV,YV,SV
(4(E24.16,','))
EIDV=665
*GET,XV,ELEM,665,CENT,X
*GET,YV,ELEM,665,CENT,Y
*GET,SV,ELEM,665,ETAB,SEQV
*VWRITE,EIDV,XV,YV,SV
(4(E24.16,','))
EIDV=666
*GET,XV,ELEM,666,CENT,X
*GET,YV,ELEM,666,CENT,Y
*GET,SV,ELEM,666,ETAB,SEQV
*VWRITE,EIDV,XV,YV,SV
(4(E24.16,','))
EIDV=667
*GET,XV,ELEM,667,CENT,X
*GET,YV,ELEM,667,CENT,Y
*GET,SV,ELEM,667,ETAB,SEQV
*VWRITE,EIDV,XV,YV,SV
(4(E24.16,','))
EIDV=668
*GET,XV,ELEM,668,CENT,X
*GET,YV,ELEM,668,CENT,Y
*GET,SV,ELEM,668,ETAB,SEQV
*VWRITE,EIDV,XV,YV,SV
(4(E24.16,','))
EIDV=669
*GET,XV,ELEM,669,CENT,X
*GET,YV,ELEM,669,CENT,Y
*GET,SV,ELEM,669,ETAB,SEQV
*VWRITE,EIDV,XV,YV,SV
(4(E24.16,','))
EIDV=670
*GET,XV,ELEM,670,CENT,X
*GET,YV,ELEM,670,CENT,Y
*GET,SV,ELEM,670,ETAB,SEQV
*VWRITE,EIDV,XV,YV,SV
(4(E24.16,','))
EIDV=671
*GET,XV,ELEM,671,CENT,X
*GET,YV,ELEM,671,CENT,Y
*GET,SV,ELEM,671,ETAB,SEQV
*VWRITE,EIDV,XV,YV,SV
(4(E24.16,','))
EIDV=672
*GET,XV,ELEM,672,CENT,X
*GET,YV,ELEM,672,CENT,Y
*GET,SV,ELEM,672,ETAB,SEQV
*VWRITE,EIDV,XV,YV,SV
(4(E24.16,','))
EIDV=673
*GET,XV,ELEM,673,CENT,X
*GET,YV,ELEM,673,CENT,Y
*GET,SV,ELEM,673,ETAB,SEQV
*VWRITE,EIDV,XV,YV,SV
(4(E24.16,','))
EIDV=674
*GET,XV,ELEM,674,CENT,X
*GET,YV,ELEM,674,CENT,Y
*GET,SV,ELEM,674,ETAB,SEQV
*VWRITE,EIDV,XV,YV,SV
(4(E24.16,','))
EIDV=675
*GET,XV,ELEM,675,CENT,X
*GET,YV,ELEM,675,CENT,Y
*GET,SV,ELEM,675,ETAB,SEQV
*VWRITE,EIDV,XV,YV,SV
(4(E24.16,','))
EIDV=676
*GET,XV,ELEM,676,CENT,X
*GET,YV,ELEM,676,CENT,Y
*GET,SV,ELEM,676,ETAB,SEQV
*VWRITE,EIDV,XV,YV,SV
(4(E24.16,','))
EIDV=677
*GET,XV,ELEM,677,CENT,X
*GET,YV,ELEM,677,CENT,Y
*GET,SV,ELEM,677,ETAB,SEQV
*VWRITE,EIDV,XV,YV,SV
(4(E24.16,','))
EIDV=678
*GET,XV,ELEM,678,CENT,X
*GET,YV,ELEM,678,CENT,Y
*GET,SV,ELEM,678,ETAB,SEQV
*VWRITE,EIDV,XV,YV,SV
(4(E24.16,','))
EIDV=679
*GET,XV,ELEM,679,CENT,X
*GET,YV,ELEM,679,CENT,Y
*GET,SV,ELEM,679,ETAB,SEQV
*VWRITE,EIDV,XV,YV,SV
(4(E24.16,','))
EIDV=680
*GET,XV,ELEM,680,CENT,X
*GET,YV,ELEM,680,CENT,Y
*GET,SV,ELEM,680,ETAB,SEQV
*VWRITE,EIDV,XV,YV,SV
(4(E24.16,','))
EIDV=681
*GET,XV,ELEM,681,CENT,X
*GET,YV,ELEM,681,CENT,Y
*GET,SV,ELEM,681,ETAB,SEQV
*VWRITE,EIDV,XV,YV,SV
(4(E24.16,','))
EIDV=682
*GET,XV,ELEM,682,CENT,X
*GET,YV,ELEM,682,CENT,Y
*GET,SV,ELEM,682,ETAB,SEQV
*VWRITE,EIDV,XV,YV,SV
(4(E24.16,','))
EIDV=683
*GET,XV,ELEM,683,CENT,X
*GET,YV,ELEM,683,CENT,Y
*GET,SV,ELEM,683,ETAB,SEQV
*VWRITE,EIDV,XV,YV,SV
(4(E24.16,','))
EIDV=684
*GET,XV,ELEM,684,CENT,X
*GET,YV,ELEM,684,CENT,Y
*GET,SV,ELEM,684,ETAB,SEQV
*VWRITE,EIDV,XV,YV,SV
(4(E24.16,','))
EIDV=685
*GET,XV,ELEM,685,CENT,X
*GET,YV,ELEM,685,CENT,Y
*GET,SV,ELEM,685,ETAB,SEQV
*VWRITE,EIDV,XV,YV,SV
(4(E24.16,','))
EIDV=686
*GET,XV,ELEM,686,CENT,X
*GET,YV,ELEM,686,CENT,Y
*GET,SV,ELEM,686,ETAB,SEQV
*VWRITE,EIDV,XV,YV,SV
(4(E24.16,','))
EIDV=687
*GET,XV,ELEM,687,CENT,X
*GET,YV,ELEM,687,CENT,Y
*GET,SV,ELEM,687,ETAB,SEQV
*VWRITE,EIDV,XV,YV,SV
(4(E24.16,','))
EIDV=688
*GET,XV,ELEM,688,CENT,X
*GET,YV,ELEM,688,CENT,Y
*GET,SV,ELEM,688,ETAB,SEQV
*VWRITE,EIDV,XV,YV,SV
(4(E24.16,','))
EIDV=689
*GET,XV,ELEM,689,CENT,X
*GET,YV,ELEM,689,CENT,Y
*GET,SV,ELEM,689,ETAB,SEQV
*VWRITE,EIDV,XV,YV,SV
(4(E24.16,','))
EIDV=690
*GET,XV,ELEM,690,CENT,X
*GET,YV,ELEM,690,CENT,Y
*GET,SV,ELEM,690,ETAB,SEQV
*VWRITE,EIDV,XV,YV,SV
(4(E24.16,','))
EIDV=691
*GET,XV,ELEM,691,CENT,X
*GET,YV,ELEM,691,CENT,Y
*GET,SV,ELEM,691,ETAB,SEQV
*VWRITE,EIDV,XV,YV,SV
(4(E24.16,','))
EIDV=692
*GET,XV,ELEM,692,CENT,X
*GET,YV,ELEM,692,CENT,Y
*GET,SV,ELEM,692,ETAB,SEQV
*VWRITE,EIDV,XV,YV,SV
(4(E24.16,','))
EIDV=693
*GET,XV,ELEM,693,CENT,X
*GET,YV,ELEM,693,CENT,Y
*GET,SV,ELEM,693,ETAB,SEQV
*VWRITE,EIDV,XV,YV,SV
(4(E24.16,','))
EIDV=694
*GET,XV,ELEM,694,CENT,X
*GET,YV,ELEM,694,CENT,Y
*GET,SV,ELEM,694,ETAB,SEQV
*VWRITE,EIDV,XV,YV,SV
(4(E24.16,','))
EIDV=695
*GET,XV,ELEM,695,CENT,X
*GET,YV,ELEM,695,CENT,Y
*GET,SV,ELEM,695,ETAB,SEQV
*VWRITE,EIDV,XV,YV,SV
(4(E24.16,','))
EIDV=696
*GET,XV,ELEM,696,CENT,X
*GET,YV,ELEM,696,CENT,Y
*GET,SV,ELEM,696,ETAB,SEQV
*VWRITE,EIDV,XV,YV,SV
(4(E24.16,','))
EIDV=697
*GET,XV,ELEM,697,CENT,X
*GET,YV,ELEM,697,CENT,Y
*GET,SV,ELEM,697,ETAB,SEQV
*VWRITE,EIDV,XV,YV,SV
(4(E24.16,','))
EIDV=698
*GET,XV,ELEM,698,CENT,X
*GET,YV,ELEM,698,CENT,Y
*GET,SV,ELEM,698,ETAB,SEQV
*VWRITE,EIDV,XV,YV,SV
(4(E24.16,','))
EIDV=699
*GET,XV,ELEM,699,CENT,X
*GET,YV,ELEM,699,CENT,Y
*GET,SV,ELEM,699,ETAB,SEQV
*VWRITE,EIDV,XV,YV,SV
(4(E24.16,','))
EIDV=700
*GET,XV,ELEM,700,CENT,X
*GET,YV,ELEM,700,CENT,Y
*GET,SV,ELEM,700,ETAB,SEQV
*VWRITE,EIDV,XV,YV,SV
(4(E24.16,','))
EIDV=701
*GET,XV,ELEM,701,CENT,X
*GET,YV,ELEM,701,CENT,Y
*GET,SV,ELEM,701,ETAB,SEQV
*VWRITE,EIDV,XV,YV,SV
(4(E24.16,','))
EIDV=702
*GET,XV,ELEM,702,CENT,X
*GET,YV,ELEM,702,CENT,Y
*GET,SV,ELEM,702,ETAB,SEQV
*VWRITE,EIDV,XV,YV,SV
(4(E24.16,','))
EIDV=703
*GET,XV,ELEM,703,CENT,X
*GET,YV,ELEM,703,CENT,Y
*GET,SV,ELEM,703,ETAB,SEQV
*VWRITE,EIDV,XV,YV,SV
(4(E24.16,','))
EIDV=704
*GET,XV,ELEM,704,CENT,X
*GET,YV,ELEM,704,CENT,Y
*GET,SV,ELEM,704,ETAB,SEQV
*VWRITE,EIDV,XV,YV,SV
(4(E24.16,','))
EIDV=705
*GET,XV,ELEM,705,CENT,X
*GET,YV,ELEM,705,CENT,Y
*GET,SV,ELEM,705,ETAB,SEQV
*VWRITE,EIDV,XV,YV,SV
(4(E24.16,','))
EIDV=706
*GET,XV,ELEM,706,CENT,X
*GET,YV,ELEM,706,CENT,Y
*GET,SV,ELEM,706,ETAB,SEQV
*VWRITE,EIDV,XV,YV,SV
(4(E24.16,','))
EIDV=707
*GET,XV,ELEM,707,CENT,X
*GET,YV,ELEM,707,CENT,Y
*GET,SV,ELEM,707,ETAB,SEQV
*VWRITE,EIDV,XV,YV,SV
(4(E24.16,','))
EIDV=708
*GET,XV,ELEM,708,CENT,X
*GET,YV,ELEM,708,CENT,Y
*GET,SV,ELEM,708,ETAB,SEQV
*VWRITE,EIDV,XV,YV,SV
(4(E24.16,','))
EIDV=709
*GET,XV,ELEM,709,CENT,X
*GET,YV,ELEM,709,CENT,Y
*GET,SV,ELEM,709,ETAB,SEQV
*VWRITE,EIDV,XV,YV,SV
(4(E24.16,','))
EIDV=710
*GET,XV,ELEM,710,CENT,X
*GET,YV,ELEM,710,CENT,Y
*GET,SV,ELEM,710,ETAB,SEQV
*VWRITE,EIDV,XV,YV,SV
(4(E24.16,','))
EIDV=711
*GET,XV,ELEM,711,CENT,X
*GET,YV,ELEM,711,CENT,Y
*GET,SV,ELEM,711,ETAB,SEQV
*VWRITE,EIDV,XV,YV,SV
(4(E24.16,','))
EIDV=712
*GET,XV,ELEM,712,CENT,X
*GET,YV,ELEM,712,CENT,Y
*GET,SV,ELEM,712,ETAB,SEQV
*VWRITE,EIDV,XV,YV,SV
(4(E24.16,','))
EIDV=713
*GET,XV,ELEM,713,CENT,X
*GET,YV,ELEM,713,CENT,Y
*GET,SV,ELEM,713,ETAB,SEQV
*VWRITE,EIDV,XV,YV,SV
(4(E24.16,','))
EIDV=714
*GET,XV,ELEM,714,CENT,X
*GET,YV,ELEM,714,CENT,Y
*GET,SV,ELEM,714,ETAB,SEQV
*VWRITE,EIDV,XV,YV,SV
(4(E24.16,','))
EIDV=715
*GET,XV,ELEM,715,CENT,X
*GET,YV,ELEM,715,CENT,Y
*GET,SV,ELEM,715,ETAB,SEQV
*VWRITE,EIDV,XV,YV,SV
(4(E24.16,','))
EIDV=716
*GET,XV,ELEM,716,CENT,X
*GET,YV,ELEM,716,CENT,Y
*GET,SV,ELEM,716,ETAB,SEQV
*VWRITE,EIDV,XV,YV,SV
(4(E24.16,','))
EIDV=717
*GET,XV,ELEM,717,CENT,X
*GET,YV,ELEM,717,CENT,Y
*GET,SV,ELEM,717,ETAB,SEQV
*VWRITE,EIDV,XV,YV,SV
(4(E24.16,','))
EIDV=718
*GET,XV,ELEM,718,CENT,X
*GET,YV,ELEM,718,CENT,Y
*GET,SV,ELEM,718,ETAB,SEQV
*VWRITE,EIDV,XV,YV,SV
(4(E24.16,','))
EIDV=719
*GET,XV,ELEM,719,CENT,X
*GET,YV,ELEM,719,CENT,Y
*GET,SV,ELEM,719,ETAB,SEQV
*VWRITE,EIDV,XV,YV,SV
(4(E24.16,','))
EIDV=720
*GET,XV,ELEM,720,CENT,X
*GET,YV,ELEM,720,CENT,Y
*GET,SV,ELEM,720,ETAB,SEQV
*VWRITE,EIDV,XV,YV,SV
(4(E24.16,','))
EIDV=721
*GET,XV,ELEM,721,CENT,X
*GET,YV,ELEM,721,CENT,Y
*GET,SV,ELEM,721,ETAB,SEQV
*VWRITE,EIDV,XV,YV,SV
(4(E24.16,','))
EIDV=722
*GET,XV,ELEM,722,CENT,X
*GET,YV,ELEM,722,CENT,Y
*GET,SV,ELEM,722,ETAB,SEQV
*VWRITE,EIDV,XV,YV,SV
(4(E24.16,','))
EIDV=723
*GET,XV,ELEM,723,CENT,X
*GET,YV,ELEM,723,CENT,Y
*GET,SV,ELEM,723,ETAB,SEQV
*VWRITE,EIDV,XV,YV,SV
(4(E24.16,','))
EIDV=724
*GET,XV,ELEM,724,CENT,X
*GET,YV,ELEM,724,CENT,Y
*GET,SV,ELEM,724,ETAB,SEQV
*VWRITE,EIDV,XV,YV,SV
(4(E24.16,','))
EIDV=725
*GET,XV,ELEM,725,CENT,X
*GET,YV,ELEM,725,CENT,Y
*GET,SV,ELEM,725,ETAB,SEQV
*VWRITE,EIDV,XV,YV,SV
(4(E24.16,','))
EIDV=726
*GET,XV,ELEM,726,CENT,X
*GET,YV,ELEM,726,CENT,Y
*GET,SV,ELEM,726,ETAB,SEQV
*VWRITE,EIDV,XV,YV,SV
(4(E24.16,','))
EIDV=727
*GET,XV,ELEM,727,CENT,X
*GET,YV,ELEM,727,CENT,Y
*GET,SV,ELEM,727,ETAB,SEQV
*VWRITE,EIDV,XV,YV,SV
(4(E24.16,','))
EIDV=728
*GET,XV,ELEM,728,CENT,X
*GET,YV,ELEM,728,CENT,Y
*GET,SV,ELEM,728,ETAB,SEQV
*VWRITE,EIDV,XV,YV,SV
(4(E24.16,','))
EIDV=729
*GET,XV,ELEM,729,CENT,X
*GET,YV,ELEM,729,CENT,Y
*GET,SV,ELEM,729,ETAB,SEQV
*VWRITE,EIDV,XV,YV,SV
(4(E24.16,','))
EIDV=730
*GET,XV,ELEM,730,CENT,X
*GET,YV,ELEM,730,CENT,Y
*GET,SV,ELEM,730,ETAB,SEQV
*VWRITE,EIDV,XV,YV,SV
(4(E24.16,','))
EIDV=731
*GET,XV,ELEM,731,CENT,X
*GET,YV,ELEM,731,CENT,Y
*GET,SV,ELEM,731,ETAB,SEQV
*VWRITE,EIDV,XV,YV,SV
(4(E24.16,','))
EIDV=732
*GET,XV,ELEM,732,CENT,X
*GET,YV,ELEM,732,CENT,Y
*GET,SV,ELEM,732,ETAB,SEQV
*VWRITE,EIDV,XV,YV,SV
(4(E24.16,','))
EIDV=733
*GET,XV,ELEM,733,CENT,X
*GET,YV,ELEM,733,CENT,Y
*GET,SV,ELEM,733,ETAB,SEQV
*VWRITE,EIDV,XV,YV,SV
(4(E24.16,','))
EIDV=734
*GET,XV,ELEM,734,CENT,X
*GET,YV,ELEM,734,CENT,Y
*GET,SV,ELEM,734,ETAB,SEQV
*VWRITE,EIDV,XV,YV,SV
(4(E24.16,','))
EIDV=735
*GET,XV,ELEM,735,CENT,X
*GET,YV,ELEM,735,CENT,Y
*GET,SV,ELEM,735,ETAB,SEQV
*VWRITE,EIDV,XV,YV,SV
(4(E24.16,','))
EIDV=736
*GET,XV,ELEM,736,CENT,X
*GET,YV,ELEM,736,CENT,Y
*GET,SV,ELEM,736,ETAB,SEQV
*VWRITE,EIDV,XV,YV,SV
(4(E24.16,','))
EIDV=737
*GET,XV,ELEM,737,CENT,X
*GET,YV,ELEM,737,CENT,Y
*GET,SV,ELEM,737,ETAB,SEQV
*VWRITE,EIDV,XV,YV,SV
(4(E24.16,','))
EIDV=738
*GET,XV,ELEM,738,CENT,X
*GET,YV,ELEM,738,CENT,Y
*GET,SV,ELEM,738,ETAB,SEQV
*VWRITE,EIDV,XV,YV,SV
(4(E24.16,','))
EIDV=739
*GET,XV,ELEM,739,CENT,X
*GET,YV,ELEM,739,CENT,Y
*GET,SV,ELEM,739,ETAB,SEQV
*VWRITE,EIDV,XV,YV,SV
(4(E24.16,','))
EIDV=740
*GET,XV,ELEM,740,CENT,X
*GET,YV,ELEM,740,CENT,Y
*GET,SV,ELEM,740,ETAB,SEQV
*VWRITE,EIDV,XV,YV,SV
(4(E24.16,','))
EIDV=741
*GET,XV,ELEM,741,CENT,X
*GET,YV,ELEM,741,CENT,Y
*GET,SV,ELEM,741,ETAB,SEQV
*VWRITE,EIDV,XV,YV,SV
(4(E24.16,','))
EIDV=742
*GET,XV,ELEM,742,CENT,X
*GET,YV,ELEM,742,CENT,Y
*GET,SV,ELEM,742,ETAB,SEQV
*VWRITE,EIDV,XV,YV,SV
(4(E24.16,','))
EIDV=743
*GET,XV,ELEM,743,CENT,X
*GET,YV,ELEM,743,CENT,Y
*GET,SV,ELEM,743,ETAB,SEQV
*VWRITE,EIDV,XV,YV,SV
(4(E24.16,','))
EIDV=744
*GET,XV,ELEM,744,CENT,X
*GET,YV,ELEM,744,CENT,Y
*GET,SV,ELEM,744,ETAB,SEQV
*VWRITE,EIDV,XV,YV,SV
(4(E24.16,','))
EIDV=745
*GET,XV,ELEM,745,CENT,X
*GET,YV,ELEM,745,CENT,Y
*GET,SV,ELEM,745,ETAB,SEQV
*VWRITE,EIDV,XV,YV,SV
(4(E24.16,','))
EIDV=746
*GET,XV,ELEM,746,CENT,X
*GET,YV,ELEM,746,CENT,Y
*GET,SV,ELEM,746,ETAB,SEQV
*VWRITE,EIDV,XV,YV,SV
(4(E24.16,','))
EIDV=747
*GET,XV,ELEM,747,CENT,X
*GET,YV,ELEM,747,CENT,Y
*GET,SV,ELEM,747,ETAB,SEQV
*VWRITE,EIDV,XV,YV,SV
(4(E24.16,','))
EIDV=748
*GET,XV,ELEM,748,CENT,X
*GET,YV,ELEM,748,CENT,Y
*GET,SV,ELEM,748,ETAB,SEQV
*VWRITE,EIDV,XV,YV,SV
(4(E24.16,','))
EIDV=749
*GET,XV,ELEM,749,CENT,X
*GET,YV,ELEM,749,CENT,Y
*GET,SV,ELEM,749,ETAB,SEQV
*VWRITE,EIDV,XV,YV,SV
(4(E24.16,','))
EIDV=750
*GET,XV,ELEM,750,CENT,X
*GET,YV,ELEM,750,CENT,Y
*GET,SV,ELEM,750,ETAB,SEQV
*VWRITE,EIDV,XV,YV,SV
(4(E24.16,','))
EIDV=751
*GET,XV,ELEM,751,CENT,X
*GET,YV,ELEM,751,CENT,Y
*GET,SV,ELEM,751,ETAB,SEQV
*VWRITE,EIDV,XV,YV,SV
(4(E24.16,','))
EIDV=752
*GET,XV,ELEM,752,CENT,X
*GET,YV,ELEM,752,CENT,Y
*GET,SV,ELEM,752,ETAB,SEQV
*VWRITE,EIDV,XV,YV,SV
(4(E24.16,','))
EIDV=753
*GET,XV,ELEM,753,CENT,X
*GET,YV,ELEM,753,CENT,Y
*GET,SV,ELEM,753,ETAB,SEQV
*VWRITE,EIDV,XV,YV,SV
(4(E24.16,','))
EIDV=754
*GET,XV,ELEM,754,CENT,X
*GET,YV,ELEM,754,CENT,Y
*GET,SV,ELEM,754,ETAB,SEQV
*VWRITE,EIDV,XV,YV,SV
(4(E24.16,','))
EIDV=755
*GET,XV,ELEM,755,CENT,X
*GET,YV,ELEM,755,CENT,Y
*GET,SV,ELEM,755,ETAB,SEQV
*VWRITE,EIDV,XV,YV,SV
(4(E24.16,','))
EIDV=756
*GET,XV,ELEM,756,CENT,X
*GET,YV,ELEM,756,CENT,Y
*GET,SV,ELEM,756,ETAB,SEQV
*VWRITE,EIDV,XV,YV,SV
(4(E24.16,','))
EIDV=757
*GET,XV,ELEM,757,CENT,X
*GET,YV,ELEM,757,CENT,Y
*GET,SV,ELEM,757,ETAB,SEQV
*VWRITE,EIDV,XV,YV,SV
(4(E24.16,','))
EIDV=758
*GET,XV,ELEM,758,CENT,X
*GET,YV,ELEM,758,CENT,Y
*GET,SV,ELEM,758,ETAB,SEQV
*VWRITE,EIDV,XV,YV,SV
(4(E24.16,','))
EIDV=759
*GET,XV,ELEM,759,CENT,X
*GET,YV,ELEM,759,CENT,Y
*GET,SV,ELEM,759,ETAB,SEQV
*VWRITE,EIDV,XV,YV,SV
(4(E24.16,','))
EIDV=760
*GET,XV,ELEM,760,CENT,X
*GET,YV,ELEM,760,CENT,Y
*GET,SV,ELEM,760,ETAB,SEQV
*VWRITE,EIDV,XV,YV,SV
(4(E24.16,','))
EIDV=761
*GET,XV,ELEM,761,CENT,X
*GET,YV,ELEM,761,CENT,Y
*GET,SV,ELEM,761,ETAB,SEQV
*VWRITE,EIDV,XV,YV,SV
(4(E24.16,','))
EIDV=762
*GET,XV,ELEM,762,CENT,X
*GET,YV,ELEM,762,CENT,Y
*GET,SV,ELEM,762,ETAB,SEQV
*VWRITE,EIDV,XV,YV,SV
(4(E24.16,','))
EIDV=763
*GET,XV,ELEM,763,CENT,X
*GET,YV,ELEM,763,CENT,Y
*GET,SV,ELEM,763,ETAB,SEQV
*VWRITE,EIDV,XV,YV,SV
(4(E24.16,','))
EIDV=764
*GET,XV,ELEM,764,CENT,X
*GET,YV,ELEM,764,CENT,Y
*GET,SV,ELEM,764,ETAB,SEQV
*VWRITE,EIDV,XV,YV,SV
(4(E24.16,','))
EIDV=765
*GET,XV,ELEM,765,CENT,X
*GET,YV,ELEM,765,CENT,Y
*GET,SV,ELEM,765,ETAB,SEQV
*VWRITE,EIDV,XV,YV,SV
(4(E24.16,','))
EIDV=766
*GET,XV,ELEM,766,CENT,X
*GET,YV,ELEM,766,CENT,Y
*GET,SV,ELEM,766,ETAB,SEQV
*VWRITE,EIDV,XV,YV,SV
(4(E24.16,','))
EIDV=767
*GET,XV,ELEM,767,CENT,X
*GET,YV,ELEM,767,CENT,Y
*GET,SV,ELEM,767,ETAB,SEQV
*VWRITE,EIDV,XV,YV,SV
(4(E24.16,','))
EIDV=768
*GET,XV,ELEM,768,CENT,X
*GET,YV,ELEM,768,CENT,Y
*GET,SV,ELEM,768,ETAB,SEQV
*VWRITE,EIDV,XV,YV,SV
(4(E24.16,','))
EIDV=769
*GET,XV,ELEM,769,CENT,X
*GET,YV,ELEM,769,CENT,Y
*GET,SV,ELEM,769,ETAB,SEQV
*VWRITE,EIDV,XV,YV,SV
(4(E24.16,','))
EIDV=770
*GET,XV,ELEM,770,CENT,X
*GET,YV,ELEM,770,CENT,Y
*GET,SV,ELEM,770,ETAB,SEQV
*VWRITE,EIDV,XV,YV,SV
(4(E24.16,','))
EIDV=771
*GET,XV,ELEM,771,CENT,X
*GET,YV,ELEM,771,CENT,Y
*GET,SV,ELEM,771,ETAB,SEQV
*VWRITE,EIDV,XV,YV,SV
(4(E24.16,','))
EIDV=772
*GET,XV,ELEM,772,CENT,X
*GET,YV,ELEM,772,CENT,Y
*GET,SV,ELEM,772,ETAB,SEQV
*VWRITE,EIDV,XV,YV,SV
(4(E24.16,','))
EIDV=773
*GET,XV,ELEM,773,CENT,X
*GET,YV,ELEM,773,CENT,Y
*GET,SV,ELEM,773,ETAB,SEQV
*VWRITE,EIDV,XV,YV,SV
(4(E24.16,','))
EIDV=774
*GET,XV,ELEM,774,CENT,X
*GET,YV,ELEM,774,CENT,Y
*GET,SV,ELEM,774,ETAB,SEQV
*VWRITE,EIDV,XV,YV,SV
(4(E24.16,','))
EIDV=775
*GET,XV,ELEM,775,CENT,X
*GET,YV,ELEM,775,CENT,Y
*GET,SV,ELEM,775,ETAB,SEQV
*VWRITE,EIDV,XV,YV,SV
(4(E24.16,','))
EIDV=776
*GET,XV,ELEM,776,CENT,X
*GET,YV,ELEM,776,CENT,Y
*GET,SV,ELEM,776,ETAB,SEQV
*VWRITE,EIDV,XV,YV,SV
(4(E24.16,','))
EIDV=777
*GET,XV,ELEM,777,CENT,X
*GET,YV,ELEM,777,CENT,Y
*GET,SV,ELEM,777,ETAB,SEQV
*VWRITE,EIDV,XV,YV,SV
(4(E24.16,','))
EIDV=778
*GET,XV,ELEM,778,CENT,X
*GET,YV,ELEM,778,CENT,Y
*GET,SV,ELEM,778,ETAB,SEQV
*VWRITE,EIDV,XV,YV,SV
(4(E24.16,','))
EIDV=779
*GET,XV,ELEM,779,CENT,X
*GET,YV,ELEM,779,CENT,Y
*GET,SV,ELEM,779,ETAB,SEQV
*VWRITE,EIDV,XV,YV,SV
(4(E24.16,','))
EIDV=780
*GET,XV,ELEM,780,CENT,X
*GET,YV,ELEM,780,CENT,Y
*GET,SV,ELEM,780,ETAB,SEQV
*VWRITE,EIDV,XV,YV,SV
(4(E24.16,','))
EIDV=781
*GET,XV,ELEM,781,CENT,X
*GET,YV,ELEM,781,CENT,Y
*GET,SV,ELEM,781,ETAB,SEQV
*VWRITE,EIDV,XV,YV,SV
(4(E24.16,','))
EIDV=782
*GET,XV,ELEM,782,CENT,X
*GET,YV,ELEM,782,CENT,Y
*GET,SV,ELEM,782,ETAB,SEQV
*VWRITE,EIDV,XV,YV,SV
(4(E24.16,','))
EIDV=783
*GET,XV,ELEM,783,CENT,X
*GET,YV,ELEM,783,CENT,Y
*GET,SV,ELEM,783,ETAB,SEQV
*VWRITE,EIDV,XV,YV,SV
(4(E24.16,','))
EIDV=784
*GET,XV,ELEM,784,CENT,X
*GET,YV,ELEM,784,CENT,Y
*GET,SV,ELEM,784,ETAB,SEQV
*VWRITE,EIDV,XV,YV,SV
(4(E24.16,','))
EIDV=785
*GET,XV,ELEM,785,CENT,X
*GET,YV,ELEM,785,CENT,Y
*GET,SV,ELEM,785,ETAB,SEQV
*VWRITE,EIDV,XV,YV,SV
(4(E24.16,','))
EIDV=786
*GET,XV,ELEM,786,CENT,X
*GET,YV,ELEM,786,CENT,Y
*GET,SV,ELEM,786,ETAB,SEQV
*VWRITE,EIDV,XV,YV,SV
(4(E24.16,','))
EIDV=787
*GET,XV,ELEM,787,CENT,X
*GET,YV,ELEM,787,CENT,Y
*GET,SV,ELEM,787,ETAB,SEQV
*VWRITE,EIDV,XV,YV,SV
(4(E24.16,','))
EIDV=788
*GET,XV,ELEM,788,CENT,X
*GET,YV,ELEM,788,CENT,Y
*GET,SV,ELEM,788,ETAB,SEQV
*VWRITE,EIDV,XV,YV,SV
(4(E24.16,','))
EIDV=789
*GET,XV,ELEM,789,CENT,X
*GET,YV,ELEM,789,CENT,Y
*GET,SV,ELEM,789,ETAB,SEQV
*VWRITE,EIDV,XV,YV,SV
(4(E24.16,','))
EIDV=790
*GET,XV,ELEM,790,CENT,X
*GET,YV,ELEM,790,CENT,Y
*GET,SV,ELEM,790,ETAB,SEQV
*VWRITE,EIDV,XV,YV,SV
(4(E24.16,','))
EIDV=791
*GET,XV,ELEM,791,CENT,X
*GET,YV,ELEM,791,CENT,Y
*GET,SV,ELEM,791,ETAB,SEQV
*VWRITE,EIDV,XV,YV,SV
(4(E24.16,','))
EIDV=792
*GET,XV,ELEM,792,CENT,X
*GET,YV,ELEM,792,CENT,Y
*GET,SV,ELEM,792,ETAB,SEQV
*VWRITE,EIDV,XV,YV,SV
(4(E24.16,','))
EIDV=793
*GET,XV,ELEM,793,CENT,X
*GET,YV,ELEM,793,CENT,Y
*GET,SV,ELEM,793,ETAB,SEQV
*VWRITE,EIDV,XV,YV,SV
(4(E24.16,','))
EIDV=794
*GET,XV,ELEM,794,CENT,X
*GET,YV,ELEM,794,CENT,Y
*GET,SV,ELEM,794,ETAB,SEQV
*VWRITE,EIDV,XV,YV,SV
(4(E24.16,','))
EIDV=795
*GET,XV,ELEM,795,CENT,X
*GET,YV,ELEM,795,CENT,Y
*GET,SV,ELEM,795,ETAB,SEQV
*VWRITE,EIDV,XV,YV,SV
(4(E24.16,','))
EIDV=796
*GET,XV,ELEM,796,CENT,X
*GET,YV,ELEM,796,CENT,Y
*GET,SV,ELEM,796,ETAB,SEQV
*VWRITE,EIDV,XV,YV,SV
(4(E24.16,','))
EIDV=797
*GET,XV,ELEM,797,CENT,X
*GET,YV,ELEM,797,CENT,Y
*GET,SV,ELEM,797,ETAB,SEQV
*VWRITE,EIDV,XV,YV,SV
(4(E24.16,','))
EIDV=798
*GET,XV,ELEM,798,CENT,X
*GET,YV,ELEM,798,CENT,Y
*GET,SV,ELEM,798,ETAB,SEQV
*VWRITE,EIDV,XV,YV,SV
(4(E24.16,','))
EIDV=799
*GET,XV,ELEM,799,CENT,X
*GET,YV,ELEM,799,CENT,Y
*GET,SV,ELEM,799,ETAB,SEQV
*VWRITE,EIDV,XV,YV,SV
(4(E24.16,','))
EIDV=800
*GET,XV,ELEM,800,CENT,X
*GET,YV,ELEM,800,CENT,Y
*GET,SV,ELEM,800,ETAB,SEQV
*VWRITE,EIDV,XV,YV,SV
(4(E24.16,','))
EIDV=801
*GET,XV,ELEM,801,CENT,X
*GET,YV,ELEM,801,CENT,Y
*GET,SV,ELEM,801,ETAB,SEQV
*VWRITE,EIDV,XV,YV,SV
(4(E24.16,','))
EIDV=802
*GET,XV,ELEM,802,CENT,X
*GET,YV,ELEM,802,CENT,Y
*GET,SV,ELEM,802,ETAB,SEQV
*VWRITE,EIDV,XV,YV,SV
(4(E24.16,','))
EIDV=803
*GET,XV,ELEM,803,CENT,X
*GET,YV,ELEM,803,CENT,Y
*GET,SV,ELEM,803,ETAB,SEQV
*VWRITE,EIDV,XV,YV,SV
(4(E24.16,','))
EIDV=804
*GET,XV,ELEM,804,CENT,X
*GET,YV,ELEM,804,CENT,Y
*GET,SV,ELEM,804,ETAB,SEQV
*VWRITE,EIDV,XV,YV,SV
(4(E24.16,','))
EIDV=805
*GET,XV,ELEM,805,CENT,X
*GET,YV,ELEM,805,CENT,Y
*GET,SV,ELEM,805,ETAB,SEQV
*VWRITE,EIDV,XV,YV,SV
(4(E24.16,','))
EIDV=806
*GET,XV,ELEM,806,CENT,X
*GET,YV,ELEM,806,CENT,Y
*GET,SV,ELEM,806,ETAB,SEQV
*VWRITE,EIDV,XV,YV,SV
(4(E24.16,','))
EIDV=807
*GET,XV,ELEM,807,CENT,X
*GET,YV,ELEM,807,CENT,Y
*GET,SV,ELEM,807,ETAB,SEQV
*VWRITE,EIDV,XV,YV,SV
(4(E24.16,','))
EIDV=808
*GET,XV,ELEM,808,CENT,X
*GET,YV,ELEM,808,CENT,Y
*GET,SV,ELEM,808,ETAB,SEQV
*VWRITE,EIDV,XV,YV,SV
(4(E24.16,','))
EIDV=809
*GET,XV,ELEM,809,CENT,X
*GET,YV,ELEM,809,CENT,Y
*GET,SV,ELEM,809,ETAB,SEQV
*VWRITE,EIDV,XV,YV,SV
(4(E24.16,','))
EIDV=810
*GET,XV,ELEM,810,CENT,X
*GET,YV,ELEM,810,CENT,Y
*GET,SV,ELEM,810,ETAB,SEQV
*VWRITE,EIDV,XV,YV,SV
(4(E24.16,','))
EIDV=811
*GET,XV,ELEM,811,CENT,X
*GET,YV,ELEM,811,CENT,Y
*GET,SV,ELEM,811,ETAB,SEQV
*VWRITE,EIDV,XV,YV,SV
(4(E24.16,','))
EIDV=812
*GET,XV,ELEM,812,CENT,X
*GET,YV,ELEM,812,CENT,Y
*GET,SV,ELEM,812,ETAB,SEQV
*VWRITE,EIDV,XV,YV,SV
(4(E24.16,','))
EIDV=813
*GET,XV,ELEM,813,CENT,X
*GET,YV,ELEM,813,CENT,Y
*GET,SV,ELEM,813,ETAB,SEQV
*VWRITE,EIDV,XV,YV,SV
(4(E24.16,','))
EIDV=814
*GET,XV,ELEM,814,CENT,X
*GET,YV,ELEM,814,CENT,Y
*GET,SV,ELEM,814,ETAB,SEQV
*VWRITE,EIDV,XV,YV,SV
(4(E24.16,','))
EIDV=815
*GET,XV,ELEM,815,CENT,X
*GET,YV,ELEM,815,CENT,Y
*GET,SV,ELEM,815,ETAB,SEQV
*VWRITE,EIDV,XV,YV,SV
(4(E24.16,','))
EIDV=816
*GET,XV,ELEM,816,CENT,X
*GET,YV,ELEM,816,CENT,Y
*GET,SV,ELEM,816,ETAB,SEQV
*VWRITE,EIDV,XV,YV,SV
(4(E24.16,','))
EIDV=817
*GET,XV,ELEM,817,CENT,X
*GET,YV,ELEM,817,CENT,Y
*GET,SV,ELEM,817,ETAB,SEQV
*VWRITE,EIDV,XV,YV,SV
(4(E24.16,','))
EIDV=818
*GET,XV,ELEM,818,CENT,X
*GET,YV,ELEM,818,CENT,Y
*GET,SV,ELEM,818,ETAB,SEQV
*VWRITE,EIDV,XV,YV,SV
(4(E24.16,','))
EIDV=819
*GET,XV,ELEM,819,CENT,X
*GET,YV,ELEM,819,CENT,Y
*GET,SV,ELEM,819,ETAB,SEQV
*VWRITE,EIDV,XV,YV,SV
(4(E24.16,','))
EIDV=820
*GET,XV,ELEM,820,CENT,X
*GET,YV,ELEM,820,CENT,Y
*GET,SV,ELEM,820,ETAB,SEQV
*VWRITE,EIDV,XV,YV,SV
(4(E24.16,','))
EIDV=821
*GET,XV,ELEM,821,CENT,X
*GET,YV,ELEM,821,CENT,Y
*GET,SV,ELEM,821,ETAB,SEQV
*VWRITE,EIDV,XV,YV,SV
(4(E24.16,','))
EIDV=822
*GET,XV,ELEM,822,CENT,X
*GET,YV,ELEM,822,CENT,Y
*GET,SV,ELEM,822,ETAB,SEQV
*VWRITE,EIDV,XV,YV,SV
(4(E24.16,','))
EIDV=823
*GET,XV,ELEM,823,CENT,X
*GET,YV,ELEM,823,CENT,Y
*GET,SV,ELEM,823,ETAB,SEQV
*VWRITE,EIDV,XV,YV,SV
(4(E24.16,','))
EIDV=824
*GET,XV,ELEM,824,CENT,X
*GET,YV,ELEM,824,CENT,Y
*GET,SV,ELEM,824,ETAB,SEQV
*VWRITE,EIDV,XV,YV,SV
(4(E24.16,','))
EIDV=825
*GET,XV,ELEM,825,CENT,X
*GET,YV,ELEM,825,CENT,Y
*GET,SV,ELEM,825,ETAB,SEQV
*VWRITE,EIDV,XV,YV,SV
(4(E24.16,','))
EIDV=826
*GET,XV,ELEM,826,CENT,X
*GET,YV,ELEM,826,CENT,Y
*GET,SV,ELEM,826,ETAB,SEQV
*VWRITE,EIDV,XV,YV,SV
(4(E24.16,','))
EIDV=827
*GET,XV,ELEM,827,CENT,X
*GET,YV,ELEM,827,CENT,Y
*GET,SV,ELEM,827,ETAB,SEQV
*VWRITE,EIDV,XV,YV,SV
(4(E24.16,','))
EIDV=828
*GET,XV,ELEM,828,CENT,X
*GET,YV,ELEM,828,CENT,Y
*GET,SV,ELEM,828,ETAB,SEQV
*VWRITE,EIDV,XV,YV,SV
(4(E24.16,','))
EIDV=829
*GET,XV,ELEM,829,CENT,X
*GET,YV,ELEM,829,CENT,Y
*GET,SV,ELEM,829,ETAB,SEQV
*VWRITE,EIDV,XV,YV,SV
(4(E24.16,','))
EIDV=830
*GET,XV,ELEM,830,CENT,X
*GET,YV,ELEM,830,CENT,Y
*GET,SV,ELEM,830,ETAB,SEQV
*VWRITE,EIDV,XV,YV,SV
(4(E24.16,','))
EIDV=831
*GET,XV,ELEM,831,CENT,X
*GET,YV,ELEM,831,CENT,Y
*GET,SV,ELEM,831,ETAB,SEQV
*VWRITE,EIDV,XV,YV,SV
(4(E24.16,','))
EIDV=832
*GET,XV,ELEM,832,CENT,X
*GET,YV,ELEM,832,CENT,Y
*GET,SV,ELEM,832,ETAB,SEQV
*VWRITE,EIDV,XV,YV,SV
(4(E24.16,','))
EIDV=833
*GET,XV,ELEM,833,CENT,X
*GET,YV,ELEM,833,CENT,Y
*GET,SV,ELEM,833,ETAB,SEQV
*VWRITE,EIDV,XV,YV,SV
(4(E24.16,','))
EIDV=834
*GET,XV,ELEM,834,CENT,X
*GET,YV,ELEM,834,CENT,Y
*GET,SV,ELEM,834,ETAB,SEQV
*VWRITE,EIDV,XV,YV,SV
(4(E24.16,','))
EIDV=835
*GET,XV,ELEM,835,CENT,X
*GET,YV,ELEM,835,CENT,Y
*GET,SV,ELEM,835,ETAB,SEQV
*VWRITE,EIDV,XV,YV,SV
(4(E24.16,','))
EIDV=836
*GET,XV,ELEM,836,CENT,X
*GET,YV,ELEM,836,CENT,Y
*GET,SV,ELEM,836,ETAB,SEQV
*VWRITE,EIDV,XV,YV,SV
(4(E24.16,','))
EIDV=837
*GET,XV,ELEM,837,CENT,X
*GET,YV,ELEM,837,CENT,Y
*GET,SV,ELEM,837,ETAB,SEQV
*VWRITE,EIDV,XV,YV,SV
(4(E24.16,','))
EIDV=838
*GET,XV,ELEM,838,CENT,X
*GET,YV,ELEM,838,CENT,Y
*GET,SV,ELEM,838,ETAB,SEQV
*VWRITE,EIDV,XV,YV,SV
(4(E24.16,','))
EIDV=839
*GET,XV,ELEM,839,CENT,X
*GET,YV,ELEM,839,CENT,Y
*GET,SV,ELEM,839,ETAB,SEQV
*VWRITE,EIDV,XV,YV,SV
(4(E24.16,','))
EIDV=840
*GET,XV,ELEM,840,CENT,X
*GET,YV,ELEM,840,CENT,Y
*GET,SV,ELEM,840,ETAB,SEQV
*VWRITE,EIDV,XV,YV,SV
(4(E24.16,','))
EIDV=841
*GET,XV,ELEM,841,CENT,X
*GET,YV,ELEM,841,CENT,Y
*GET,SV,ELEM,841,ETAB,SEQV
*VWRITE,EIDV,XV,YV,SV
(4(E24.16,','))
EIDV=842
*GET,XV,ELEM,842,CENT,X
*GET,YV,ELEM,842,CENT,Y
*GET,SV,ELEM,842,ETAB,SEQV
*VWRITE,EIDV,XV,YV,SV
(4(E24.16,','))
EIDV=843
*GET,XV,ELEM,843,CENT,X
*GET,YV,ELEM,843,CENT,Y
*GET,SV,ELEM,843,ETAB,SEQV
*VWRITE,EIDV,XV,YV,SV
(4(E24.16,','))
EIDV=844
*GET,XV,ELEM,844,CENT,X
*GET,YV,ELEM,844,CENT,Y
*GET,SV,ELEM,844,ETAB,SEQV
*VWRITE,EIDV,XV,YV,SV
(4(E24.16,','))
EIDV=845
*GET,XV,ELEM,845,CENT,X
*GET,YV,ELEM,845,CENT,Y
*GET,SV,ELEM,845,ETAB,SEQV
*VWRITE,EIDV,XV,YV,SV
(4(E24.16,','))
EIDV=846
*GET,XV,ELEM,846,CENT,X
*GET,YV,ELEM,846,CENT,Y
*GET,SV,ELEM,846,ETAB,SEQV
*VWRITE,EIDV,XV,YV,SV
(4(E24.16,','))
EIDV=847
*GET,XV,ELEM,847,CENT,X
*GET,YV,ELEM,847,CENT,Y
*GET,SV,ELEM,847,ETAB,SEQV
*VWRITE,EIDV,XV,YV,SV
(4(E24.16,','))
EIDV=848
*GET,XV,ELEM,848,CENT,X
*GET,YV,ELEM,848,CENT,Y
*GET,SV,ELEM,848,ETAB,SEQV
*VWRITE,EIDV,XV,YV,SV
(4(E24.16,','))
EIDV=849
*GET,XV,ELEM,849,CENT,X
*GET,YV,ELEM,849,CENT,Y
*GET,SV,ELEM,849,ETAB,SEQV
*VWRITE,EIDV,XV,YV,SV
(4(E24.16,','))
EIDV=850
*GET,XV,ELEM,850,CENT,X
*GET,YV,ELEM,850,CENT,Y
*GET,SV,ELEM,850,ETAB,SEQV
*VWRITE,EIDV,XV,YV,SV
(4(E24.16,','))
EIDV=851
*GET,XV,ELEM,851,CENT,X
*GET,YV,ELEM,851,CENT,Y
*GET,SV,ELEM,851,ETAB,SEQV
*VWRITE,EIDV,XV,YV,SV
(4(E24.16,','))
EIDV=852
*GET,XV,ELEM,852,CENT,X
*GET,YV,ELEM,852,CENT,Y
*GET,SV,ELEM,852,ETAB,SEQV
*VWRITE,EIDV,XV,YV,SV
(4(E24.16,','))
EIDV=853
*GET,XV,ELEM,853,CENT,X
*GET,YV,ELEM,853,CENT,Y
*GET,SV,ELEM,853,ETAB,SEQV
*VWRITE,EIDV,XV,YV,SV
(4(E24.16,','))
EIDV=854
*GET,XV,ELEM,854,CENT,X
*GET,YV,ELEM,854,CENT,Y
*GET,SV,ELEM,854,ETAB,SEQV
*VWRITE,EIDV,XV,YV,SV
(4(E24.16,','))
EIDV=855
*GET,XV,ELEM,855,CENT,X
*GET,YV,ELEM,855,CENT,Y
*GET,SV,ELEM,855,ETAB,SEQV
*VWRITE,EIDV,XV,YV,SV
(4(E24.16,','))
EIDV=856
*GET,XV,ELEM,856,CENT,X
*GET,YV,ELEM,856,CENT,Y
*GET,SV,ELEM,856,ETAB,SEQV
*VWRITE,EIDV,XV,YV,SV
(4(E24.16,','))
EIDV=857
*GET,XV,ELEM,857,CENT,X
*GET,YV,ELEM,857,CENT,Y
*GET,SV,ELEM,857,ETAB,SEQV
*VWRITE,EIDV,XV,YV,SV
(4(E24.16,','))
EIDV=858
*GET,XV,ELEM,858,CENT,X
*GET,YV,ELEM,858,CENT,Y
*GET,SV,ELEM,858,ETAB,SEQV
*VWRITE,EIDV,XV,YV,SV
(4(E24.16,','))
EIDV=859
*GET,XV,ELEM,859,CENT,X
*GET,YV,ELEM,859,CENT,Y
*GET,SV,ELEM,859,ETAB,SEQV
*VWRITE,EIDV,XV,YV,SV
(4(E24.16,','))
EIDV=860
*GET,XV,ELEM,860,CENT,X
*GET,YV,ELEM,860,CENT,Y
*GET,SV,ELEM,860,ETAB,SEQV
*VWRITE,EIDV,XV,YV,SV
(4(E24.16,','))
EIDV=861
*GET,XV,ELEM,861,CENT,X
*GET,YV,ELEM,861,CENT,Y
*GET,SV,ELEM,861,ETAB,SEQV
*VWRITE,EIDV,XV,YV,SV
(4(E24.16,','))
EIDV=862
*GET,XV,ELEM,862,CENT,X
*GET,YV,ELEM,862,CENT,Y
*GET,SV,ELEM,862,ETAB,SEQV
*VWRITE,EIDV,XV,YV,SV
(4(E24.16,','))
EIDV=863
*GET,XV,ELEM,863,CENT,X
*GET,YV,ELEM,863,CENT,Y
*GET,SV,ELEM,863,ETAB,SEQV
*VWRITE,EIDV,XV,YV,SV
(4(E24.16,','))
EIDV=864
*GET,XV,ELEM,864,CENT,X
*GET,YV,ELEM,864,CENT,Y
*GET,SV,ELEM,864,ETAB,SEQV
*VWRITE,EIDV,XV,YV,SV
(4(E24.16,','))
EIDV=865
*GET,XV,ELEM,865,CENT,X
*GET,YV,ELEM,865,CENT,Y
*GET,SV,ELEM,865,ETAB,SEQV
*VWRITE,EIDV,XV,YV,SV
(4(E24.16,','))
EIDV=866
*GET,XV,ELEM,866,CENT,X
*GET,YV,ELEM,866,CENT,Y
*GET,SV,ELEM,866,ETAB,SEQV
*VWRITE,EIDV,XV,YV,SV
(4(E24.16,','))
EIDV=867
*GET,XV,ELEM,867,CENT,X
*GET,YV,ELEM,867,CENT,Y
*GET,SV,ELEM,867,ETAB,SEQV
*VWRITE,EIDV,XV,YV,SV
(4(E24.16,','))
EIDV=868
*GET,XV,ELEM,868,CENT,X
*GET,YV,ELEM,868,CENT,Y
*GET,SV,ELEM,868,ETAB,SEQV
*VWRITE,EIDV,XV,YV,SV
(4(E24.16,','))
EIDV=869
*GET,XV,ELEM,869,CENT,X
*GET,YV,ELEM,869,CENT,Y
*GET,SV,ELEM,869,ETAB,SEQV
*VWRITE,EIDV,XV,YV,SV
(4(E24.16,','))
EIDV=870
*GET,XV,ELEM,870,CENT,X
*GET,YV,ELEM,870,CENT,Y
*GET,SV,ELEM,870,ETAB,SEQV
*VWRITE,EIDV,XV,YV,SV
(4(E24.16,','))
EIDV=871
*GET,XV,ELEM,871,CENT,X
*GET,YV,ELEM,871,CENT,Y
*GET,SV,ELEM,871,ETAB,SEQV
*VWRITE,EIDV,XV,YV,SV
(4(E24.16,','))
EIDV=872
*GET,XV,ELEM,872,CENT,X
*GET,YV,ELEM,872,CENT,Y
*GET,SV,ELEM,872,ETAB,SEQV
*VWRITE,EIDV,XV,YV,SV
(4(E24.16,','))
EIDV=873
*GET,XV,ELEM,873,CENT,X
*GET,YV,ELEM,873,CENT,Y
*GET,SV,ELEM,873,ETAB,SEQV
*VWRITE,EIDV,XV,YV,SV
(4(E24.16,','))
EIDV=874
*GET,XV,ELEM,874,CENT,X
*GET,YV,ELEM,874,CENT,Y
*GET,SV,ELEM,874,ETAB,SEQV
*VWRITE,EIDV,XV,YV,SV
(4(E24.16,','))
EIDV=875
*GET,XV,ELEM,875,CENT,X
*GET,YV,ELEM,875,CENT,Y
*GET,SV,ELEM,875,ETAB,SEQV
*VWRITE,EIDV,XV,YV,SV
(4(E24.16,','))
EIDV=876
*GET,XV,ELEM,876,CENT,X
*GET,YV,ELEM,876,CENT,Y
*GET,SV,ELEM,876,ETAB,SEQV
*VWRITE,EIDV,XV,YV,SV
(4(E24.16,','))
EIDV=877
*GET,XV,ELEM,877,CENT,X
*GET,YV,ELEM,877,CENT,Y
*GET,SV,ELEM,877,ETAB,SEQV
*VWRITE,EIDV,XV,YV,SV
(4(E24.16,','))
EIDV=878
*GET,XV,ELEM,878,CENT,X
*GET,YV,ELEM,878,CENT,Y
*GET,SV,ELEM,878,ETAB,SEQV
*VWRITE,EIDV,XV,YV,SV
(4(E24.16,','))
EIDV=879
*GET,XV,ELEM,879,CENT,X
*GET,YV,ELEM,879,CENT,Y
*GET,SV,ELEM,879,ETAB,SEQV
*VWRITE,EIDV,XV,YV,SV
(4(E24.16,','))
EIDV=880
*GET,XV,ELEM,880,CENT,X
*GET,YV,ELEM,880,CENT,Y
*GET,SV,ELEM,880,ETAB,SEQV
*VWRITE,EIDV,XV,YV,SV
(4(E24.16,','))
EIDV=881
*GET,XV,ELEM,881,CENT,X
*GET,YV,ELEM,881,CENT,Y
*GET,SV,ELEM,881,ETAB,SEQV
*VWRITE,EIDV,XV,YV,SV
(4(E24.16,','))
EIDV=882
*GET,XV,ELEM,882,CENT,X
*GET,YV,ELEM,882,CENT,Y
*GET,SV,ELEM,882,ETAB,SEQV
*VWRITE,EIDV,XV,YV,SV
(4(E24.16,','))
EIDV=883
*GET,XV,ELEM,883,CENT,X
*GET,YV,ELEM,883,CENT,Y
*GET,SV,ELEM,883,ETAB,SEQV
*VWRITE,EIDV,XV,YV,SV
(4(E24.16,','))
EIDV=884
*GET,XV,ELEM,884,CENT,X
*GET,YV,ELEM,884,CENT,Y
*GET,SV,ELEM,884,ETAB,SEQV
*VWRITE,EIDV,XV,YV,SV
(4(E24.16,','))
EIDV=885
*GET,XV,ELEM,885,CENT,X
*GET,YV,ELEM,885,CENT,Y
*GET,SV,ELEM,885,ETAB,SEQV
*VWRITE,EIDV,XV,YV,SV
(4(E24.16,','))
EIDV=886
*GET,XV,ELEM,886,CENT,X
*GET,YV,ELEM,886,CENT,Y
*GET,SV,ELEM,886,ETAB,SEQV
*VWRITE,EIDV,XV,YV,SV
(4(E24.16,','))
EIDV=887
*GET,XV,ELEM,887,CENT,X
*GET,YV,ELEM,887,CENT,Y
*GET,SV,ELEM,887,ETAB,SEQV
*VWRITE,EIDV,XV,YV,SV
(4(E24.16,','))
EIDV=888
*GET,XV,ELEM,888,CENT,X
*GET,YV,ELEM,888,CENT,Y
*GET,SV,ELEM,888,ETAB,SEQV
*VWRITE,EIDV,XV,YV,SV
(4(E24.16,','))
EIDV=889
*GET,XV,ELEM,889,CENT,X
*GET,YV,ELEM,889,CENT,Y
*GET,SV,ELEM,889,ETAB,SEQV
*VWRITE,EIDV,XV,YV,SV
(4(E24.16,','))
EIDV=890
*GET,XV,ELEM,890,CENT,X
*GET,YV,ELEM,890,CENT,Y
*GET,SV,ELEM,890,ETAB,SEQV
*VWRITE,EIDV,XV,YV,SV
(4(E24.16,','))
EIDV=891
*GET,XV,ELEM,891,CENT,X
*GET,YV,ELEM,891,CENT,Y
*GET,SV,ELEM,891,ETAB,SEQV
*VWRITE,EIDV,XV,YV,SV
(4(E24.16,','))
EIDV=892
*GET,XV,ELEM,892,CENT,X
*GET,YV,ELEM,892,CENT,Y
*GET,SV,ELEM,892,ETAB,SEQV
*VWRITE,EIDV,XV,YV,SV
(4(E24.16,','))
EIDV=893
*GET,XV,ELEM,893,CENT,X
*GET,YV,ELEM,893,CENT,Y
*GET,SV,ELEM,893,ETAB,SEQV
*VWRITE,EIDV,XV,YV,SV
(4(E24.16,','))
EIDV=894
*GET,XV,ELEM,894,CENT,X
*GET,YV,ELEM,894,CENT,Y
*GET,SV,ELEM,894,ETAB,SEQV
*VWRITE,EIDV,XV,YV,SV
(4(E24.16,','))
EIDV=895
*GET,XV,ELEM,895,CENT,X
*GET,YV,ELEM,895,CENT,Y
*GET,SV,ELEM,895,ETAB,SEQV
*VWRITE,EIDV,XV,YV,SV
(4(E24.16,','))
EIDV=896
*GET,XV,ELEM,896,CENT,X
*GET,YV,ELEM,896,CENT,Y
*GET,SV,ELEM,896,ETAB,SEQV
*VWRITE,EIDV,XV,YV,SV
(4(E24.16,','))
EIDV=897
*GET,XV,ELEM,897,CENT,X
*GET,YV,ELEM,897,CENT,Y
*GET,SV,ELEM,897,ETAB,SEQV
*VWRITE,EIDV,XV,YV,SV
(4(E24.16,','))
EIDV=898
*GET,XV,ELEM,898,CENT,X
*GET,YV,ELEM,898,CENT,Y
*GET,SV,ELEM,898,ETAB,SEQV
*VWRITE,EIDV,XV,YV,SV
(4(E24.16,','))
EIDV=899
*GET,XV,ELEM,899,CENT,X
*GET,YV,ELEM,899,CENT,Y
*GET,SV,ELEM,899,ETAB,SEQV
*VWRITE,EIDV,XV,YV,SV
(4(E24.16,','))
EIDV=900
*GET,XV,ELEM,900,CENT,X
*GET,YV,ELEM,900,CENT,Y
*GET,SV,ELEM,900,ETAB,SEQV
*VWRITE,EIDV,XV,YV,SV
(4(E24.16,','))
EIDV=901
*GET,XV,ELEM,901,CENT,X
*GET,YV,ELEM,901,CENT,Y
*GET,SV,ELEM,901,ETAB,SEQV
*VWRITE,EIDV,XV,YV,SV
(4(E24.16,','))
EIDV=902
*GET,XV,ELEM,902,CENT,X
*GET,YV,ELEM,902,CENT,Y
*GET,SV,ELEM,902,ETAB,SEQV
*VWRITE,EIDV,XV,YV,SV
(4(E24.16,','))
EIDV=903
*GET,XV,ELEM,903,CENT,X
*GET,YV,ELEM,903,CENT,Y
*GET,SV,ELEM,903,ETAB,SEQV
*VWRITE,EIDV,XV,YV,SV
(4(E24.16,','))
EIDV=904
*GET,XV,ELEM,904,CENT,X
*GET,YV,ELEM,904,CENT,Y
*GET,SV,ELEM,904,ETAB,SEQV
*VWRITE,EIDV,XV,YV,SV
(4(E24.16,','))
EIDV=905
*GET,XV,ELEM,905,CENT,X
*GET,YV,ELEM,905,CENT,Y
*GET,SV,ELEM,905,ETAB,SEQV
*VWRITE,EIDV,XV,YV,SV
(4(E24.16,','))
EIDV=906
*GET,XV,ELEM,906,CENT,X
*GET,YV,ELEM,906,CENT,Y
*GET,SV,ELEM,906,ETAB,SEQV
*VWRITE,EIDV,XV,YV,SV
(4(E24.16,','))
EIDV=907
*GET,XV,ELEM,907,CENT,X
*GET,YV,ELEM,907,CENT,Y
*GET,SV,ELEM,907,ETAB,SEQV
*VWRITE,EIDV,XV,YV,SV
(4(E24.16,','))
EIDV=908
*GET,XV,ELEM,908,CENT,X
*GET,YV,ELEM,908,CENT,Y
*GET,SV,ELEM,908,ETAB,SEQV
*VWRITE,EIDV,XV,YV,SV
(4(E24.16,','))
EIDV=909
*GET,XV,ELEM,909,CENT,X
*GET,YV,ELEM,909,CENT,Y
*GET,SV,ELEM,909,ETAB,SEQV
*VWRITE,EIDV,XV,YV,SV
(4(E24.16,','))
EIDV=910
*GET,XV,ELEM,910,CENT,X
*GET,YV,ELEM,910,CENT,Y
*GET,SV,ELEM,910,ETAB,SEQV
*VWRITE,EIDV,XV,YV,SV
(4(E24.16,','))
EIDV=911
*GET,XV,ELEM,911,CENT,X
*GET,YV,ELEM,911,CENT,Y
*GET,SV,ELEM,911,ETAB,SEQV
*VWRITE,EIDV,XV,YV,SV
(4(E24.16,','))
EIDV=912
*GET,XV,ELEM,912,CENT,X
*GET,YV,ELEM,912,CENT,Y
*GET,SV,ELEM,912,ETAB,SEQV
*VWRITE,EIDV,XV,YV,SV
(4(E24.16,','))
EIDV=913
*GET,XV,ELEM,913,CENT,X
*GET,YV,ELEM,913,CENT,Y
*GET,SV,ELEM,913,ETAB,SEQV
*VWRITE,EIDV,XV,YV,SV
(4(E24.16,','))
EIDV=914
*GET,XV,ELEM,914,CENT,X
*GET,YV,ELEM,914,CENT,Y
*GET,SV,ELEM,914,ETAB,SEQV
*VWRITE,EIDV,XV,YV,SV
(4(E24.16,','))
EIDV=915
*GET,XV,ELEM,915,CENT,X
*GET,YV,ELEM,915,CENT,Y
*GET,SV,ELEM,915,ETAB,SEQV
*VWRITE,EIDV,XV,YV,SV
(4(E24.16,','))
EIDV=916
*GET,XV,ELEM,916,CENT,X
*GET,YV,ELEM,916,CENT,Y
*GET,SV,ELEM,916,ETAB,SEQV
*VWRITE,EIDV,XV,YV,SV
(4(E24.16,','))
EIDV=917
*GET,XV,ELEM,917,CENT,X
*GET,YV,ELEM,917,CENT,Y
*GET,SV,ELEM,917,ETAB,SEQV
*VWRITE,EIDV,XV,YV,SV
(4(E24.16,','))
EIDV=918
*GET,XV,ELEM,918,CENT,X
*GET,YV,ELEM,918,CENT,Y
*GET,SV,ELEM,918,ETAB,SEQV
*VWRITE,EIDV,XV,YV,SV
(4(E24.16,','))
EIDV=919
*GET,XV,ELEM,919,CENT,X
*GET,YV,ELEM,919,CENT,Y
*GET,SV,ELEM,919,ETAB,SEQV
*VWRITE,EIDV,XV,YV,SV
(4(E24.16,','))
EIDV=920
*GET,XV,ELEM,920,CENT,X
*GET,YV,ELEM,920,CENT,Y
*GET,SV,ELEM,920,ETAB,SEQV
*VWRITE,EIDV,XV,YV,SV
(4(E24.16,','))
EIDV=921
*GET,XV,ELEM,921,CENT,X
*GET,YV,ELEM,921,CENT,Y
*GET,SV,ELEM,921,ETAB,SEQV
*VWRITE,EIDV,XV,YV,SV
(4(E24.16,','))
EIDV=922
*GET,XV,ELEM,922,CENT,X
*GET,YV,ELEM,922,CENT,Y
*GET,SV,ELEM,922,ETAB,SEQV
*VWRITE,EIDV,XV,YV,SV
(4(E24.16,','))
EIDV=923
*GET,XV,ELEM,923,CENT,X
*GET,YV,ELEM,923,CENT,Y
*GET,SV,ELEM,923,ETAB,SEQV
*VWRITE,EIDV,XV,YV,SV
(4(E24.16,','))
EIDV=924
*GET,XV,ELEM,924,CENT,X
*GET,YV,ELEM,924,CENT,Y
*GET,SV,ELEM,924,ETAB,SEQV
*VWRITE,EIDV,XV,YV,SV
(4(E24.16,','))
EIDV=925
*GET,XV,ELEM,925,CENT,X
*GET,YV,ELEM,925,CENT,Y
*GET,SV,ELEM,925,ETAB,SEQV
*VWRITE,EIDV,XV,YV,SV
(4(E24.16,','))
EIDV=926
*GET,XV,ELEM,926,CENT,X
*GET,YV,ELEM,926,CENT,Y
*GET,SV,ELEM,926,ETAB,SEQV
*VWRITE,EIDV,XV,YV,SV
(4(E24.16,','))
EIDV=927
*GET,XV,ELEM,927,CENT,X
*GET,YV,ELEM,927,CENT,Y
*GET,SV,ELEM,927,ETAB,SEQV
*VWRITE,EIDV,XV,YV,SV
(4(E24.16,','))
EIDV=928
*GET,XV,ELEM,928,CENT,X
*GET,YV,ELEM,928,CENT,Y
*GET,SV,ELEM,928,ETAB,SEQV
*VWRITE,EIDV,XV,YV,SV
(4(E24.16,','))
EIDV=929
*GET,XV,ELEM,929,CENT,X
*GET,YV,ELEM,929,CENT,Y
*GET,SV,ELEM,929,ETAB,SEQV
*VWRITE,EIDV,XV,YV,SV
(4(E24.16,','))
EIDV=930
*GET,XV,ELEM,930,CENT,X
*GET,YV,ELEM,930,CENT,Y
*GET,SV,ELEM,930,ETAB,SEQV
*VWRITE,EIDV,XV,YV,SV
(4(E24.16,','))
EIDV=931
*GET,XV,ELEM,931,CENT,X
*GET,YV,ELEM,931,CENT,Y
*GET,SV,ELEM,931,ETAB,SEQV
*VWRITE,EIDV,XV,YV,SV
(4(E24.16,','))
EIDV=932
*GET,XV,ELEM,932,CENT,X
*GET,YV,ELEM,932,CENT,Y
*GET,SV,ELEM,932,ETAB,SEQV
*VWRITE,EIDV,XV,YV,SV
(4(E24.16,','))
EIDV=933
*GET,XV,ELEM,933,CENT,X
*GET,YV,ELEM,933,CENT,Y
*GET,SV,ELEM,933,ETAB,SEQV
*VWRITE,EIDV,XV,YV,SV
(4(E24.16,','))
EIDV=934
*GET,XV,ELEM,934,CENT,X
*GET,YV,ELEM,934,CENT,Y
*GET,SV,ELEM,934,ETAB,SEQV
*VWRITE,EIDV,XV,YV,SV
(4(E24.16,','))
EIDV=935
*GET,XV,ELEM,935,CENT,X
*GET,YV,ELEM,935,CENT,Y
*GET,SV,ELEM,935,ETAB,SEQV
*VWRITE,EIDV,XV,YV,SV
(4(E24.16,','))
EIDV=936
*GET,XV,ELEM,936,CENT,X
*GET,YV,ELEM,936,CENT,Y
*GET,SV,ELEM,936,ETAB,SEQV
*VWRITE,EIDV,XV,YV,SV
(4(E24.16,','))
EIDV=937
*GET,XV,ELEM,937,CENT,X
*GET,YV,ELEM,937,CENT,Y
*GET,SV,ELEM,937,ETAB,SEQV
*VWRITE,EIDV,XV,YV,SV
(4(E24.16,','))
EIDV=938
*GET,XV,ELEM,938,CENT,X
*GET,YV,ELEM,938,CENT,Y
*GET,SV,ELEM,938,ETAB,SEQV
*VWRITE,EIDV,XV,YV,SV
(4(E24.16,','))
EIDV=939
*GET,XV,ELEM,939,CENT,X
*GET,YV,ELEM,939,CENT,Y
*GET,SV,ELEM,939,ETAB,SEQV
*VWRITE,EIDV,XV,YV,SV
(4(E24.16,','))
EIDV=940
*GET,XV,ELEM,940,CENT,X
*GET,YV,ELEM,940,CENT,Y
*GET,SV,ELEM,940,ETAB,SEQV
*VWRITE,EIDV,XV,YV,SV
(4(E24.16,','))
EIDV=941
*GET,XV,ELEM,941,CENT,X
*GET,YV,ELEM,941,CENT,Y
*GET,SV,ELEM,941,ETAB,SEQV
*VWRITE,EIDV,XV,YV,SV
(4(E24.16,','))
EIDV=942
*GET,XV,ELEM,942,CENT,X
*GET,YV,ELEM,942,CENT,Y
*GET,SV,ELEM,942,ETAB,SEQV
*VWRITE,EIDV,XV,YV,SV
(4(E24.16,','))
EIDV=943
*GET,XV,ELEM,943,CENT,X
*GET,YV,ELEM,943,CENT,Y
*GET,SV,ELEM,943,ETAB,SEQV
*VWRITE,EIDV,XV,YV,SV
(4(E24.16,','))
EIDV=944
*GET,XV,ELEM,944,CENT,X
*GET,YV,ELEM,944,CENT,Y
*GET,SV,ELEM,944,ETAB,SEQV
*VWRITE,EIDV,XV,YV,SV
(4(E24.16,','))
EIDV=945
*GET,XV,ELEM,945,CENT,X
*GET,YV,ELEM,945,CENT,Y
*GET,SV,ELEM,945,ETAB,SEQV
*VWRITE,EIDV,XV,YV,SV
(4(E24.16,','))
EIDV=946
*GET,XV,ELEM,946,CENT,X
*GET,YV,ELEM,946,CENT,Y
*GET,SV,ELEM,946,ETAB,SEQV
*VWRITE,EIDV,XV,YV,SV
(4(E24.16,','))
EIDV=947
*GET,XV,ELEM,947,CENT,X
*GET,YV,ELEM,947,CENT,Y
*GET,SV,ELEM,947,ETAB,SEQV
*VWRITE,EIDV,XV,YV,SV
(4(E24.16,','))
EIDV=948
*GET,XV,ELEM,948,CENT,X
*GET,YV,ELEM,948,CENT,Y
*GET,SV,ELEM,948,ETAB,SEQV
*VWRITE,EIDV,XV,YV,SV
(4(E24.16,','))
EIDV=949
*GET,XV,ELEM,949,CENT,X
*GET,YV,ELEM,949,CENT,Y
*GET,SV,ELEM,949,ETAB,SEQV
*VWRITE,EIDV,XV,YV,SV
(4(E24.16,','))
EIDV=950
*GET,XV,ELEM,950,CENT,X
*GET,YV,ELEM,950,CENT,Y
*GET,SV,ELEM,950,ETAB,SEQV
*VWRITE,EIDV,XV,YV,SV
(4(E24.16,','))
EIDV=951
*GET,XV,ELEM,951,CENT,X
*GET,YV,ELEM,951,CENT,Y
*GET,SV,ELEM,951,ETAB,SEQV
*VWRITE,EIDV,XV,YV,SV
(4(E24.16,','))
EIDV=952
*GET,XV,ELEM,952,CENT,X
*GET,YV,ELEM,952,CENT,Y
*GET,SV,ELEM,952,ETAB,SEQV
*VWRITE,EIDV,XV,YV,SV
(4(E24.16,','))
EIDV=953
*GET,XV,ELEM,953,CENT,X
*GET,YV,ELEM,953,CENT,Y
*GET,SV,ELEM,953,ETAB,SEQV
*VWRITE,EIDV,XV,YV,SV
(4(E24.16,','))
EIDV=954
*GET,XV,ELEM,954,CENT,X
*GET,YV,ELEM,954,CENT,Y
*GET,SV,ELEM,954,ETAB,SEQV
*VWRITE,EIDV,XV,YV,SV
(4(E24.16,','))
EIDV=955
*GET,XV,ELEM,955,CENT,X
*GET,YV,ELEM,955,CENT,Y
*GET,SV,ELEM,955,ETAB,SEQV
*VWRITE,EIDV,XV,YV,SV
(4(E24.16,','))
EIDV=956
*GET,XV,ELEM,956,CENT,X
*GET,YV,ELEM,956,CENT,Y
*GET,SV,ELEM,956,ETAB,SEQV
*VWRITE,EIDV,XV,YV,SV
(4(E24.16,','))
EIDV=957
*GET,XV,ELEM,957,CENT,X
*GET,YV,ELEM,957,CENT,Y
*GET,SV,ELEM,957,ETAB,SEQV
*VWRITE,EIDV,XV,YV,SV
(4(E24.16,','))
EIDV=958
*GET,XV,ELEM,958,CENT,X
*GET,YV,ELEM,958,CENT,Y
*GET,SV,ELEM,958,ETAB,SEQV
*VWRITE,EIDV,XV,YV,SV
(4(E24.16,','))
EIDV=959
*GET,XV,ELEM,959,CENT,X
*GET,YV,ELEM,959,CENT,Y
*GET,SV,ELEM,959,ETAB,SEQV
*VWRITE,EIDV,XV,YV,SV
(4(E24.16,','))
EIDV=960
*GET,XV,ELEM,960,CENT,X
*GET,YV,ELEM,960,CENT,Y
*GET,SV,ELEM,960,ETAB,SEQV
*VWRITE,EIDV,XV,YV,SV
(4(E24.16,','))
EIDV=961
*GET,XV,ELEM,961,CENT,X
*GET,YV,ELEM,961,CENT,Y
*GET,SV,ELEM,961,ETAB,SEQV
*VWRITE,EIDV,XV,YV,SV
(4(E24.16,','))
EIDV=962
*GET,XV,ELEM,962,CENT,X
*GET,YV,ELEM,962,CENT,Y
*GET,SV,ELEM,962,ETAB,SEQV
*VWRITE,EIDV,XV,YV,SV
(4(E24.16,','))
EIDV=963
*GET,XV,ELEM,963,CENT,X
*GET,YV,ELEM,963,CENT,Y
*GET,SV,ELEM,963,ETAB,SEQV
*VWRITE,EIDV,XV,YV,SV
(4(E24.16,','))
EIDV=964
*GET,XV,ELEM,964,CENT,X
*GET,YV,ELEM,964,CENT,Y
*GET,SV,ELEM,964,ETAB,SEQV
*VWRITE,EIDV,XV,YV,SV
(4(E24.16,','))
EIDV=965
*GET,XV,ELEM,965,CENT,X
*GET,YV,ELEM,965,CENT,Y
*GET,SV,ELEM,965,ETAB,SEQV
*VWRITE,EIDV,XV,YV,SV
(4(E24.16,','))
EIDV=966
*GET,XV,ELEM,966,CENT,X
*GET,YV,ELEM,966,CENT,Y
*GET,SV,ELEM,966,ETAB,SEQV
*VWRITE,EIDV,XV,YV,SV
(4(E24.16,','))
EIDV=967
*GET,XV,ELEM,967,CENT,X
*GET,YV,ELEM,967,CENT,Y
*GET,SV,ELEM,967,ETAB,SEQV
*VWRITE,EIDV,XV,YV,SV
(4(E24.16,','))
EIDV=968
*GET,XV,ELEM,968,CENT,X
*GET,YV,ELEM,968,CENT,Y
*GET,SV,ELEM,968,ETAB,SEQV
*VWRITE,EIDV,XV,YV,SV
(4(E24.16,','))
EIDV=969
*GET,XV,ELEM,969,CENT,X
*GET,YV,ELEM,969,CENT,Y
*GET,SV,ELEM,969,ETAB,SEQV
*VWRITE,EIDV,XV,YV,SV
(4(E24.16,','))
EIDV=970
*GET,XV,ELEM,970,CENT,X
*GET,YV,ELEM,970,CENT,Y
*GET,SV,ELEM,970,ETAB,SEQV
*VWRITE,EIDV,XV,YV,SV
(4(E24.16,','))
EIDV=971
*GET,XV,ELEM,971,CENT,X
*GET,YV,ELEM,971,CENT,Y
*GET,SV,ELEM,971,ETAB,SEQV
*VWRITE,EIDV,XV,YV,SV
(4(E24.16,','))
EIDV=972
*GET,XV,ELEM,972,CENT,X
*GET,YV,ELEM,972,CENT,Y
*GET,SV,ELEM,972,ETAB,SEQV
*VWRITE,EIDV,XV,YV,SV
(4(E24.16,','))
EIDV=973
*GET,XV,ELEM,973,CENT,X
*GET,YV,ELEM,973,CENT,Y
*GET,SV,ELEM,973,ETAB,SEQV
*VWRITE,EIDV,XV,YV,SV
(4(E24.16,','))
EIDV=974
*GET,XV,ELEM,974,CENT,X
*GET,YV,ELEM,974,CENT,Y
*GET,SV,ELEM,974,ETAB,SEQV
*VWRITE,EIDV,XV,YV,SV
(4(E24.16,','))
EIDV=975
*GET,XV,ELEM,975,CENT,X
*GET,YV,ELEM,975,CENT,Y
*GET,SV,ELEM,975,ETAB,SEQV
*VWRITE,EIDV,XV,YV,SV
(4(E24.16,','))
EIDV=976
*GET,XV,ELEM,976,CENT,X
*GET,YV,ELEM,976,CENT,Y
*GET,SV,ELEM,976,ETAB,SEQV
*VWRITE,EIDV,XV,YV,SV
(4(E24.16,','))
EIDV=977
*GET,XV,ELEM,977,CENT,X
*GET,YV,ELEM,977,CENT,Y
*GET,SV,ELEM,977,ETAB,SEQV
*VWRITE,EIDV,XV,YV,SV
(4(E24.16,','))
EIDV=978
*GET,XV,ELEM,978,CENT,X
*GET,YV,ELEM,978,CENT,Y
*GET,SV,ELEM,978,ETAB,SEQV
*VWRITE,EIDV,XV,YV,SV
(4(E24.16,','))
EIDV=979
*GET,XV,ELEM,979,CENT,X
*GET,YV,ELEM,979,CENT,Y
*GET,SV,ELEM,979,ETAB,SEQV
*VWRITE,EIDV,XV,YV,SV
(4(E24.16,','))
EIDV=980
*GET,XV,ELEM,980,CENT,X
*GET,YV,ELEM,980,CENT,Y
*GET,SV,ELEM,980,ETAB,SEQV
*VWRITE,EIDV,XV,YV,SV
(4(E24.16,','))
EIDV=981
*GET,XV,ELEM,981,CENT,X
*GET,YV,ELEM,981,CENT,Y
*GET,SV,ELEM,981,ETAB,SEQV
*VWRITE,EIDV,XV,YV,SV
(4(E24.16,','))
EIDV=982
*GET,XV,ELEM,982,CENT,X
*GET,YV,ELEM,982,CENT,Y
*GET,SV,ELEM,982,ETAB,SEQV
*VWRITE,EIDV,XV,YV,SV
(4(E24.16,','))
EIDV=983
*GET,XV,ELEM,983,CENT,X
*GET,YV,ELEM,983,CENT,Y
*GET,SV,ELEM,983,ETAB,SEQV
*VWRITE,EIDV,XV,YV,SV
(4(E24.16,','))
EIDV=984
*GET,XV,ELEM,984,CENT,X
*GET,YV,ELEM,984,CENT,Y
*GET,SV,ELEM,984,ETAB,SEQV
*VWRITE,EIDV,XV,YV,SV
(4(E24.16,','))
EIDV=985
*GET,XV,ELEM,985,CENT,X
*GET,YV,ELEM,985,CENT,Y
*GET,SV,ELEM,985,ETAB,SEQV
*VWRITE,EIDV,XV,YV,SV
(4(E24.16,','))
EIDV=986
*GET,XV,ELEM,986,CENT,X
*GET,YV,ELEM,986,CENT,Y
*GET,SV,ELEM,986,ETAB,SEQV
*VWRITE,EIDV,XV,YV,SV
(4(E24.16,','))
EIDV=987
*GET,XV,ELEM,987,CENT,X
*GET,YV,ELEM,987,CENT,Y
*GET,SV,ELEM,987,ETAB,SEQV
*VWRITE,EIDV,XV,YV,SV
(4(E24.16,','))
EIDV=988
*GET,XV,ELEM,988,CENT,X
*GET,YV,ELEM,988,CENT,Y
*GET,SV,ELEM,988,ETAB,SEQV
*VWRITE,EIDV,XV,YV,SV
(4(E24.16,','))
EIDV=989
*GET,XV,ELEM,989,CENT,X
*GET,YV,ELEM,989,CENT,Y
*GET,SV,ELEM,989,ETAB,SEQV
*VWRITE,EIDV,XV,YV,SV
(4(E24.16,','))
EIDV=990
*GET,XV,ELEM,990,CENT,X
*GET,YV,ELEM,990,CENT,Y
*GET,SV,ELEM,990,ETAB,SEQV
*VWRITE,EIDV,XV,YV,SV
(4(E24.16,','))
EIDV=991
*GET,XV,ELEM,991,CENT,X
*GET,YV,ELEM,991,CENT,Y
*GET,SV,ELEM,991,ETAB,SEQV
*VWRITE,EIDV,XV,YV,SV
(4(E24.16,','))
EIDV=992
*GET,XV,ELEM,992,CENT,X
*GET,YV,ELEM,992,CENT,Y
*GET,SV,ELEM,992,ETAB,SEQV
*VWRITE,EIDV,XV,YV,SV
(4(E24.16,','))
EIDV=993
*GET,XV,ELEM,993,CENT,X
*GET,YV,ELEM,993,CENT,Y
*GET,SV,ELEM,993,ETAB,SEQV
*VWRITE,EIDV,XV,YV,SV
(4(E24.16,','))
EIDV=994
*GET,XV,ELEM,994,CENT,X
*GET,YV,ELEM,994,CENT,Y
*GET,SV,ELEM,994,ETAB,SEQV
*VWRITE,EIDV,XV,YV,SV
(4(E24.16,','))
EIDV=995
*GET,XV,ELEM,995,CENT,X
*GET,YV,ELEM,995,CENT,Y
*GET,SV,ELEM,995,ETAB,SEQV
*VWRITE,EIDV,XV,YV,SV
(4(E24.16,','))
EIDV=996
*GET,XV,ELEM,996,CENT,X
*GET,YV,ELEM,996,CENT,Y
*GET,SV,ELEM,996,ETAB,SEQV
*VWRITE,EIDV,XV,YV,SV
(4(E24.16,','))
EIDV=997
*GET,XV,ELEM,997,CENT,X
*GET,YV,ELEM,997,CENT,Y
*GET,SV,ELEM,997,ETAB,SEQV
*VWRITE,EIDV,XV,YV,SV
(4(E24.16,','))
EIDV=998
*GET,XV,ELEM,998,CENT,X
*GET,YV,ELEM,998,CENT,Y
*GET,SV,ELEM,998,ETAB,SEQV
*VWRITE,EIDV,XV,YV,SV
(4(E24.16,','))
EIDV=999
*GET,XV,ELEM,999,CENT,X
*GET,YV,ELEM,999,CENT,Y
*GET,SV,ELEM,999,ETAB,SEQV
*VWRITE,EIDV,XV,YV,SV
(4(E24.16,','))
EIDV=1000
*GET,XV,ELEM,1000,CENT,X
*GET,YV,ELEM,1000,CENT,Y
*GET,SV,ELEM,1000,ETAB,SEQV
*VWRITE,EIDV,XV,YV,SV
(4(E24.16,','))
EIDV=1001
*GET,XV,ELEM,1001,CENT,X
*GET,YV,ELEM,1001,CENT,Y
*GET,SV,ELEM,1001,ETAB,SEQV
*VWRITE,EIDV,XV,YV,SV
(4(E24.16,','))
EIDV=1002
*GET,XV,ELEM,1002,CENT,X
*GET,YV,ELEM,1002,CENT,Y
*GET,SV,ELEM,1002,ETAB,SEQV
*VWRITE,EIDV,XV,YV,SV
(4(E24.16,','))
EIDV=1003
*GET,XV,ELEM,1003,CENT,X
*GET,YV,ELEM,1003,CENT,Y
*GET,SV,ELEM,1003,ETAB,SEQV
*VWRITE,EIDV,XV,YV,SV
(4(E24.16,','))
EIDV=1004
*GET,XV,ELEM,1004,CENT,X
*GET,YV,ELEM,1004,CENT,Y
*GET,SV,ELEM,1004,ETAB,SEQV
*VWRITE,EIDV,XV,YV,SV
(4(E24.16,','))
EIDV=1005
*GET,XV,ELEM,1005,CENT,X
*GET,YV,ELEM,1005,CENT,Y
*GET,SV,ELEM,1005,ETAB,SEQV
*VWRITE,EIDV,XV,YV,SV
(4(E24.16,','))
EIDV=1006
*GET,XV,ELEM,1006,CENT,X
*GET,YV,ELEM,1006,CENT,Y
*GET,SV,ELEM,1006,ETAB,SEQV
*VWRITE,EIDV,XV,YV,SV
(4(E24.16,','))
EIDV=1007
*GET,XV,ELEM,1007,CENT,X
*GET,YV,ELEM,1007,CENT,Y
*GET,SV,ELEM,1007,ETAB,SEQV
*VWRITE,EIDV,XV,YV,SV
(4(E24.16,','))
EIDV=1008
*GET,XV,ELEM,1008,CENT,X
*GET,YV,ELEM,1008,CENT,Y
*GET,SV,ELEM,1008,ETAB,SEQV
*VWRITE,EIDV,XV,YV,SV
(4(E24.16,','))
EIDV=1009
*GET,XV,ELEM,1009,CENT,X
*GET,YV,ELEM,1009,CENT,Y
*GET,SV,ELEM,1009,ETAB,SEQV
*VWRITE,EIDV,XV,YV,SV
(4(E24.16,','))
EIDV=1010
*GET,XV,ELEM,1010,CENT,X
*GET,YV,ELEM,1010,CENT,Y
*GET,SV,ELEM,1010,ETAB,SEQV
*VWRITE,EIDV,XV,YV,SV
(4(E24.16,','))
EIDV=1011
*GET,XV,ELEM,1011,CENT,X
*GET,YV,ELEM,1011,CENT,Y
*GET,SV,ELEM,1011,ETAB,SEQV
*VWRITE,EIDV,XV,YV,SV
(4(E24.16,','))
EIDV=1012
*GET,XV,ELEM,1012,CENT,X
*GET,YV,ELEM,1012,CENT,Y
*GET,SV,ELEM,1012,ETAB,SEQV
*VWRITE,EIDV,XV,YV,SV
(4(E24.16,','))
EIDV=1013
*GET,XV,ELEM,1013,CENT,X
*GET,YV,ELEM,1013,CENT,Y
*GET,SV,ELEM,1013,ETAB,SEQV
*VWRITE,EIDV,XV,YV,SV
(4(E24.16,','))
EIDV=1014
*GET,XV,ELEM,1014,CENT,X
*GET,YV,ELEM,1014,CENT,Y
*GET,SV,ELEM,1014,ETAB,SEQV
*VWRITE,EIDV,XV,YV,SV
(4(E24.16,','))
EIDV=1015
*GET,XV,ELEM,1015,CENT,X
*GET,YV,ELEM,1015,CENT,Y
*GET,SV,ELEM,1015,ETAB,SEQV
*VWRITE,EIDV,XV,YV,SV
(4(E24.16,','))
EIDV=1016
*GET,XV,ELEM,1016,CENT,X
*GET,YV,ELEM,1016,CENT,Y
*GET,SV,ELEM,1016,ETAB,SEQV
*VWRITE,EIDV,XV,YV,SV
(4(E24.16,','))
EIDV=1017
*GET,XV,ELEM,1017,CENT,X
*GET,YV,ELEM,1017,CENT,Y
*GET,SV,ELEM,1017,ETAB,SEQV
*VWRITE,EIDV,XV,YV,SV
(4(E24.16,','))
EIDV=1018
*GET,XV,ELEM,1018,CENT,X
*GET,YV,ELEM,1018,CENT,Y
*GET,SV,ELEM,1018,ETAB,SEQV
*VWRITE,EIDV,XV,YV,SV
(4(E24.16,','))
EIDV=1019
*GET,XV,ELEM,1019,CENT,X
*GET,YV,ELEM,1019,CENT,Y
*GET,SV,ELEM,1019,ETAB,SEQV
*VWRITE,EIDV,XV,YV,SV
(4(E24.16,','))
EIDV=1020
*GET,XV,ELEM,1020,CENT,X
*GET,YV,ELEM,1020,CENT,Y
*GET,SV,ELEM,1020,ETAB,SEQV
*VWRITE,EIDV,XV,YV,SV
(4(E24.16,','))
EIDV=1021
*GET,XV,ELEM,1021,CENT,X
*GET,YV,ELEM,1021,CENT,Y
*GET,SV,ELEM,1021,ETAB,SEQV
*VWRITE,EIDV,XV,YV,SV
(4(E24.16,','))
EIDV=1022
*GET,XV,ELEM,1022,CENT,X
*GET,YV,ELEM,1022,CENT,Y
*GET,SV,ELEM,1022,ETAB,SEQV
*VWRITE,EIDV,XV,YV,SV
(4(E24.16,','))
EIDV=1023
*GET,XV,ELEM,1023,CENT,X
*GET,YV,ELEM,1023,CENT,Y
*GET,SV,ELEM,1023,ETAB,SEQV
*VWRITE,EIDV,XV,YV,SV
(4(E24.16,','))
EIDV=1024
*GET,XV,ELEM,1024,CENT,X
*GET,YV,ELEM,1024,CENT,Y
*GET,SV,ELEM,1024,ETAB,SEQV
*VWRITE,EIDV,XV,YV,SV
(4(E24.16,','))
EIDV=1025
*GET,XV,ELEM,1025,CENT,X
*GET,YV,ELEM,1025,CENT,Y
*GET,SV,ELEM,1025,ETAB,SEQV
*VWRITE,EIDV,XV,YV,SV
(4(E24.16,','))
EIDV=1026
*GET,XV,ELEM,1026,CENT,X
*GET,YV,ELEM,1026,CENT,Y
*GET,SV,ELEM,1026,ETAB,SEQV
*VWRITE,EIDV,XV,YV,SV
(4(E24.16,','))
EIDV=1027
*GET,XV,ELEM,1027,CENT,X
*GET,YV,ELEM,1027,CENT,Y
*GET,SV,ELEM,1027,ETAB,SEQV
*VWRITE,EIDV,XV,YV,SV
(4(E24.16,','))
EIDV=1028
*GET,XV,ELEM,1028,CENT,X
*GET,YV,ELEM,1028,CENT,Y
*GET,SV,ELEM,1028,ETAB,SEQV
*VWRITE,EIDV,XV,YV,SV
(4(E24.16,','))
EIDV=1029
*GET,XV,ELEM,1029,CENT,X
*GET,YV,ELEM,1029,CENT,Y
*GET,SV,ELEM,1029,ETAB,SEQV
*VWRITE,EIDV,XV,YV,SV
(4(E24.16,','))
EIDV=1030
*GET,XV,ELEM,1030,CENT,X
*GET,YV,ELEM,1030,CENT,Y
*GET,SV,ELEM,1030,ETAB,SEQV
*VWRITE,EIDV,XV,YV,SV
(4(E24.16,','))
EIDV=1031
*GET,XV,ELEM,1031,CENT,X
*GET,YV,ELEM,1031,CENT,Y
*GET,SV,ELEM,1031,ETAB,SEQV
*VWRITE,EIDV,XV,YV,SV
(4(E24.16,','))
EIDV=1032
*GET,XV,ELEM,1032,CENT,X
*GET,YV,ELEM,1032,CENT,Y
*GET,SV,ELEM,1032,ETAB,SEQV
*VWRITE,EIDV,XV,YV,SV
(4(E24.16,','))
EIDV=1033
*GET,XV,ELEM,1033,CENT,X
*GET,YV,ELEM,1033,CENT,Y
*GET,SV,ELEM,1033,ETAB,SEQV
*VWRITE,EIDV,XV,YV,SV
(4(E24.16,','))
EIDV=1034
*GET,XV,ELEM,1034,CENT,X
*GET,YV,ELEM,1034,CENT,Y
*GET,SV,ELEM,1034,ETAB,SEQV
*VWRITE,EIDV,XV,YV,SV
(4(E24.16,','))
EIDV=1035
*GET,XV,ELEM,1035,CENT,X
*GET,YV,ELEM,1035,CENT,Y
*GET,SV,ELEM,1035,ETAB,SEQV
*VWRITE,EIDV,XV,YV,SV
(4(E24.16,','))
EIDV=1036
*GET,XV,ELEM,1036,CENT,X
*GET,YV,ELEM,1036,CENT,Y
*GET,SV,ELEM,1036,ETAB,SEQV
*VWRITE,EIDV,XV,YV,SV
(4(E24.16,','))
EIDV=1037
*GET,XV,ELEM,1037,CENT,X
*GET,YV,ELEM,1037,CENT,Y
*GET,SV,ELEM,1037,ETAB,SEQV
*VWRITE,EIDV,XV,YV,SV
(4(E24.16,','))
EIDV=1038
*GET,XV,ELEM,1038,CENT,X
*GET,YV,ELEM,1038,CENT,Y
*GET,SV,ELEM,1038,ETAB,SEQV
*VWRITE,EIDV,XV,YV,SV
(4(E24.16,','))
EIDV=1039
*GET,XV,ELEM,1039,CENT,X
*GET,YV,ELEM,1039,CENT,Y
*GET,SV,ELEM,1039,ETAB,SEQV
*VWRITE,EIDV,XV,YV,SV
(4(E24.16,','))
EIDV=1040
*GET,XV,ELEM,1040,CENT,X
*GET,YV,ELEM,1040,CENT,Y
*GET,SV,ELEM,1040,ETAB,SEQV
*VWRITE,EIDV,XV,YV,SV
(4(E24.16,','))
EIDV=1041
*GET,XV,ELEM,1041,CENT,X
*GET,YV,ELEM,1041,CENT,Y
*GET,SV,ELEM,1041,ETAB,SEQV
*VWRITE,EIDV,XV,YV,SV
(4(E24.16,','))
EIDV=1042
*GET,XV,ELEM,1042,CENT,X
*GET,YV,ELEM,1042,CENT,Y
*GET,SV,ELEM,1042,ETAB,SEQV
*VWRITE,EIDV,XV,YV,SV
(4(E24.16,','))
EIDV=1043
*GET,XV,ELEM,1043,CENT,X
*GET,YV,ELEM,1043,CENT,Y
*GET,SV,ELEM,1043,ETAB,SEQV
*VWRITE,EIDV,XV,YV,SV
(4(E24.16,','))
EIDV=1044
*GET,XV,ELEM,1044,CENT,X
*GET,YV,ELEM,1044,CENT,Y
*GET,SV,ELEM,1044,ETAB,SEQV
*VWRITE,EIDV,XV,YV,SV
(4(E24.16,','))
EIDV=1045
*GET,XV,ELEM,1045,CENT,X
*GET,YV,ELEM,1045,CENT,Y
*GET,SV,ELEM,1045,ETAB,SEQV
*VWRITE,EIDV,XV,YV,SV
(4(E24.16,','))
EIDV=1046
*GET,XV,ELEM,1046,CENT,X
*GET,YV,ELEM,1046,CENT,Y
*GET,SV,ELEM,1046,ETAB,SEQV
*VWRITE,EIDV,XV,YV,SV
(4(E24.16,','))
EIDV=1047
*GET,XV,ELEM,1047,CENT,X
*GET,YV,ELEM,1047,CENT,Y
*GET,SV,ELEM,1047,ETAB,SEQV
*VWRITE,EIDV,XV,YV,SV
(4(E24.16,','))
EIDV=1048
*GET,XV,ELEM,1048,CENT,X
*GET,YV,ELEM,1048,CENT,Y
*GET,SV,ELEM,1048,ETAB,SEQV
*VWRITE,EIDV,XV,YV,SV
(4(E24.16,','))
EIDV=1049
*GET,XV,ELEM,1049,CENT,X
*GET,YV,ELEM,1049,CENT,Y
*GET,SV,ELEM,1049,ETAB,SEQV
*VWRITE,EIDV,XV,YV,SV
(4(E24.16,','))
EIDV=1050
*GET,XV,ELEM,1050,CENT,X
*GET,YV,ELEM,1050,CENT,Y
*GET,SV,ELEM,1050,ETAB,SEQV
*VWRITE,EIDV,XV,YV,SV
(4(E24.16,','))
EIDV=1051
*GET,XV,ELEM,1051,CENT,X
*GET,YV,ELEM,1051,CENT,Y
*GET,SV,ELEM,1051,ETAB,SEQV
*VWRITE,EIDV,XV,YV,SV
(4(E24.16,','))
EIDV=1052
*GET,XV,ELEM,1052,CENT,X
*GET,YV,ELEM,1052,CENT,Y
*GET,SV,ELEM,1052,ETAB,SEQV
*VWRITE,EIDV,XV,YV,SV
(4(E24.16,','))
EIDV=1053
*GET,XV,ELEM,1053,CENT,X
*GET,YV,ELEM,1053,CENT,Y
*GET,SV,ELEM,1053,ETAB,SEQV
*VWRITE,EIDV,XV,YV,SV
(4(E24.16,','))
EIDV=1054
*GET,XV,ELEM,1054,CENT,X
*GET,YV,ELEM,1054,CENT,Y
*GET,SV,ELEM,1054,ETAB,SEQV
*VWRITE,EIDV,XV,YV,SV
(4(E24.16,','))
EIDV=1055
*GET,XV,ELEM,1055,CENT,X
*GET,YV,ELEM,1055,CENT,Y
*GET,SV,ELEM,1055,ETAB,SEQV
*VWRITE,EIDV,XV,YV,SV
(4(E24.16,','))
EIDV=1056
*GET,XV,ELEM,1056,CENT,X
*GET,YV,ELEM,1056,CENT,Y
*GET,SV,ELEM,1056,ETAB,SEQV
*VWRITE,EIDV,XV,YV,SV
(4(E24.16,','))
EIDV=1057
*GET,XV,ELEM,1057,CENT,X
*GET,YV,ELEM,1057,CENT,Y
*GET,SV,ELEM,1057,ETAB,SEQV
*VWRITE,EIDV,XV,YV,SV
(4(E24.16,','))
EIDV=1058
*GET,XV,ELEM,1058,CENT,X
*GET,YV,ELEM,1058,CENT,Y
*GET,SV,ELEM,1058,ETAB,SEQV
*VWRITE,EIDV,XV,YV,SV
(4(E24.16,','))
EIDV=1059
*GET,XV,ELEM,1059,CENT,X
*GET,YV,ELEM,1059,CENT,Y
*GET,SV,ELEM,1059,ETAB,SEQV
*VWRITE,EIDV,XV,YV,SV
(4(E24.16,','))
EIDV=1060
*GET,XV,ELEM,1060,CENT,X
*GET,YV,ELEM,1060,CENT,Y
*GET,SV,ELEM,1060,ETAB,SEQV
*VWRITE,EIDV,XV,YV,SV
(4(E24.16,','))
EIDV=1061
*GET,XV,ELEM,1061,CENT,X
*GET,YV,ELEM,1061,CENT,Y
*GET,SV,ELEM,1061,ETAB,SEQV
*VWRITE,EIDV,XV,YV,SV
(4(E24.16,','))
EIDV=1062
*GET,XV,ELEM,1062,CENT,X
*GET,YV,ELEM,1062,CENT,Y
*GET,SV,ELEM,1062,ETAB,SEQV
*VWRITE,EIDV,XV,YV,SV
(4(E24.16,','))
EIDV=1063
*GET,XV,ELEM,1063,CENT,X
*GET,YV,ELEM,1063,CENT,Y
*GET,SV,ELEM,1063,ETAB,SEQV
*VWRITE,EIDV,XV,YV,SV
(4(E24.16,','))
EIDV=1064
*GET,XV,ELEM,1064,CENT,X
*GET,YV,ELEM,1064,CENT,Y
*GET,SV,ELEM,1064,ETAB,SEQV
*VWRITE,EIDV,XV,YV,SV
(4(E24.16,','))
EIDV=1065
*GET,XV,ELEM,1065,CENT,X
*GET,YV,ELEM,1065,CENT,Y
*GET,SV,ELEM,1065,ETAB,SEQV
*VWRITE,EIDV,XV,YV,SV
(4(E24.16,','))
EIDV=1066
*GET,XV,ELEM,1066,CENT,X
*GET,YV,ELEM,1066,CENT,Y
*GET,SV,ELEM,1066,ETAB,SEQV
*VWRITE,EIDV,XV,YV,SV
(4(E24.16,','))
EIDV=1067
*GET,XV,ELEM,1067,CENT,X
*GET,YV,ELEM,1067,CENT,Y
*GET,SV,ELEM,1067,ETAB,SEQV
*VWRITE,EIDV,XV,YV,SV
(4(E24.16,','))
EIDV=1068
*GET,XV,ELEM,1068,CENT,X
*GET,YV,ELEM,1068,CENT,Y
*GET,SV,ELEM,1068,ETAB,SEQV
*VWRITE,EIDV,XV,YV,SV
(4(E24.16,','))
EIDV=1069
*GET,XV,ELEM,1069,CENT,X
*GET,YV,ELEM,1069,CENT,Y
*GET,SV,ELEM,1069,ETAB,SEQV
*VWRITE,EIDV,XV,YV,SV
(4(E24.16,','))
EIDV=1070
*GET,XV,ELEM,1070,CENT,X
*GET,YV,ELEM,1070,CENT,Y
*GET,SV,ELEM,1070,ETAB,SEQV
*VWRITE,EIDV,XV,YV,SV
(4(E24.16,','))
EIDV=1071
*GET,XV,ELEM,1071,CENT,X
*GET,YV,ELEM,1071,CENT,Y
*GET,SV,ELEM,1071,ETAB,SEQV
*VWRITE,EIDV,XV,YV,SV
(4(E24.16,','))
EIDV=1072
*GET,XV,ELEM,1072,CENT,X
*GET,YV,ELEM,1072,CENT,Y
*GET,SV,ELEM,1072,ETAB,SEQV
*VWRITE,EIDV,XV,YV,SV
(4(E24.16,','))
EIDV=1073
*GET,XV,ELEM,1073,CENT,X
*GET,YV,ELEM,1073,CENT,Y
*GET,SV,ELEM,1073,ETAB,SEQV
*VWRITE,EIDV,XV,YV,SV
(4(E24.16,','))
EIDV=1074
*GET,XV,ELEM,1074,CENT,X
*GET,YV,ELEM,1074,CENT,Y
*GET,SV,ELEM,1074,ETAB,SEQV
*VWRITE,EIDV,XV,YV,SV
(4(E24.16,','))
EIDV=1075
*GET,XV,ELEM,1075,CENT,X
*GET,YV,ELEM,1075,CENT,Y
*GET,SV,ELEM,1075,ETAB,SEQV
*VWRITE,EIDV,XV,YV,SV
(4(E24.16,','))
EIDV=1076
*GET,XV,ELEM,1076,CENT,X
*GET,YV,ELEM,1076,CENT,Y
*GET,SV,ELEM,1076,ETAB,SEQV
*VWRITE,EIDV,XV,YV,SV
(4(E24.16,','))
EIDV=1077
*GET,XV,ELEM,1077,CENT,X
*GET,YV,ELEM,1077,CENT,Y
*GET,SV,ELEM,1077,ETAB,SEQV
*VWRITE,EIDV,XV,YV,SV
(4(E24.16,','))
EIDV=1078
*GET,XV,ELEM,1078,CENT,X
*GET,YV,ELEM,1078,CENT,Y
*GET,SV,ELEM,1078,ETAB,SEQV
*VWRITE,EIDV,XV,YV,SV
(4(E24.16,','))
EIDV=1079
*GET,XV,ELEM,1079,CENT,X
*GET,YV,ELEM,1079,CENT,Y
*GET,SV,ELEM,1079,ETAB,SEQV
*VWRITE,EIDV,XV,YV,SV
(4(E24.16,','))
EIDV=1080
*GET,XV,ELEM,1080,CENT,X
*GET,YV,ELEM,1080,CENT,Y
*GET,SV,ELEM,1080,ETAB,SEQV
*VWRITE,EIDV,XV,YV,SV
(4(E24.16,','))
*CFCLOS
FINISH
/EXIT,NOSAVE
