
 Ansys Mechanical Enterprise Academic Student      


 *------------------------------------------------------------------*
 |                                                                  |
 |   W E L C O M E   T O   T H E   A N S Y S (R)  P R O G R A M     |
 |                                                                  |
 *------------------------------------------------------------------*




 ***************************************************************
 *         ANSYS MAPDL 2026 R1          LEGAL NOTICES          *
 ***************************************************************
 *                                                             *
 * Copyright (c) 2026 Synopsys, Inc. and ANSYS, Inc.           *
 * All rights reserved.                                        *
 * Unauthorized use, distribution or duplication is            *
 * prohibited.                                                 *
 *                                                             *
 * Ansys is a registered trademark of Ansys, Inc. or its       *
 * subsidiaries in the United States or other countries.       *
 * See the Ansys, Inc. online documentation or the Ansys, Inc. *
 * documentation CD or online help for the complete Legal      *
 * Notice.                                                     *
 *                                                             *
 ***************************************************************
 *                                                             *
 * THIS ANSYS SOFTWARE PRODUCT AND PROGRAM DOCUMENTATION       *
 * INCLUDE TRADE SECRETS AND CONFIDENTIAL AND PROPRIETARY      *
 * PRODUCTS OF ANSYS, INC., ITS SUBSIDIARIES, OR LICENSORS.    *
 * The software products and documentation are furnished by    *
 * Ansys, Inc. or its subsidiaries under a software license    *
 * agreement that contains provisions concerning               *
 * non-disclosure, copying, length and nature of use,          *
 * compliance with exporting laws, warranties, disclaimers,    *
 * limitations of liability, and remedies, and other           *
 * provisions.  The software products and documentation may be *
 * used, disclosed, transferred, or copied only in accordance  *
 * with the terms and conditions of that software license      *
 * agreement.                                                  *
 *                                                             *
 * Ansys, Inc. is a UL registered                              *
 * ISO 9001:2015 company.                                      *
 *                                                             *
 ***************************************************************
 *                                                             *
 * This product is subject to U.S. laws governing export and   *
 * re-export.                                                  *
 *                                                             *
 * For U.S. Government users, except as specifically granted   *
 * by the Ansys, Inc. software license agreement, the use,     *
 * duplication, or disclosure by the United States Government  *
 * is subject to restrictions stated in the Ansys, Inc.        *
 * software license agreement and FAR 12.212 (for non-DOD      *
 * licenses).                                                  *
 *                                                             *
 ***************************************************************

 2026 R1 
     
 Point Releases and Patches installed:   
     
 Ansys, Inc. License Manager 2026 R1 
 Discovery (full install) 2026 R1
 Core WB Files 2026 R1   
 optiSLang Core UI 2026 R1   
 CFX (includes CFD-Post) 2026 R1 
 Chemkin 2026 R1 
 EnSight 2026 R1 
 FENSAP-ICE 2026 R1  
 Fluent (includes CFD-Post) 2026 R1  
 Polyflow (includes CFD-Post) 2026 R1
 Forte (includes EnSight) 2026 R1
 Rocky 2026 R1   
 TurboGrid 2026 R1   
 ACIS Geometry Interface 2026 R1 
 AutoCAD Geometry Interface 2026 R1  
 Catia, Version 4 Geometry Interface 2026 R1 
 Catia, Version 5 Geometry Interface 2026 R1 
 Catia, Version 6 Geometry Interface 2026 R1 
 Creo Elements/Direct Modeling Geometry Interface 2026 R1
 Creo Parametric Geometry Interface 2026 R1  
 Inventor Geometry Interface 2026 R1 
 JTOpen Geometry Interface 2026 R1   
 NX Geometry Interface 2026 R1   
 Parasolid Geometry Interface  2026 R1   
 Solid Edge Geometry Interface 2026 R1   
 SOLIDWORKS Geometry Interface 2026 R1   
 Speos 2026 R1   
 SpaceClaim 2026 R1  
 Speos RPC 2026 R1   
 Zemax OpticStudio 2026 R1   
 Dynamic Reporting 2026 R1   
 Aqwa 2026 R1
 Autodyn 2026 R1 
 Material Calibration App 2026 R1
 Mechanical Products 2026 R1 
 Motion 2026 R1  
 Academic Student 2026 R1


          *****  MAPDL COMMAND LINE ARGUMENTS  *****
  INITIAL JOBNAME              = stage10                                                                                                                                                                                                                                                 
  BATCH MODE REQUESTED (-b)    = LIST
  INPUT FILE COPY MODE (-c)    = COPY
       1 PARALLEL PROCESSES REQUESTED WITH SINGLE THREAD PER PROCESS
    TOTAL OF     1 CORES REQUESTED
  INPUT FILE NAME              = C:\Users\asus\AppData\Local\Temp\FDM_stage10_structural_mesh_coarse_svdvyvrk\input.dat
  OUTPUT FILE NAME             = C:\Users\asus\AppData\Local\Temp\FDM_stage10_structural_mesh_coarse_svdvyvrk\mapdl.out

 RELEASE= 2026 R1              BUILD= 26.1      UP20260202   VERSION=WINDOWS x64 
 CURRENT JOBNAME=stage10  20:23:14  SEP 14, 2026  Elapsed Time=       0.172

     1  /BATCH  
     2  /FILNAME,stage10_structural 
     3  /TITLE,Stage 10 isothermal discretization verification  
     4  /PREP7  
     5  ET,1,182
     6  KEYOPT,1,3,3
     7  R,1,1   
     8  TYPE,1  
     9  REAL,1  
    10  MAT,1   
    11  MP,EX,1,1691.594
    12  MP,PRXY,1,0.35  
    13  TB,PRONY,1,,23,SHEAR
    14  TBDATA,1,0.003681734506033953,1.176e-14 
    15  TBDATA,3,0.001067632067742023,1.228e-14 
    16  TBDATA,5,0.00464000227004825,2.878e-14  
    17  TBDATA,7,0.007537860739633741,1.701e-12 
    18  TBDATA,9,0.01232979071810375,9.178e-12  
    19  TBDATA,11,0.01838739082782275,6.034e-11 
    20  TBDATA,13,0.02693672358733833,6.187e-09 
    21  TBDATA,15,0.03785541920815515,1.102e-07 
    22  TBDATA,17,0.05467269332948686,1.047e-06 
    23  TBDATA,19,0.0803478848943659,6.903e-06  
    24  TBDATA,21,0.06708938433217426,2.582e-05 
    25  TBDATA,23,0.07582552314562477,5.363e-05 
    26  TBDATA,25,0.1025482473926959,0.0001838  
    27  TBDATA,27,0.05521005631374904,0.0004386 
    28  TBDATA,29,0.0968341103125218,0.0007577  
    29  TBDATA,31,0.07939907566472806,0.001795  
    30  TBDATA,33,0.07050509755887051,0.002292  
    31  TBDATA,35,0.05946817025834805,0.006576  
    32  TBDATA,37,0.04760835046707425,0.00992   
    33  TBDATA,39,0.036429545150905,0.0329  
    34  TBDATA,41,0.02631127800169544,0.05374   
    35  TBDATA,43,0.01804747474866901,0.06586   
    36  TBDATA,45,0.01100145779661077,35.03 
    37  TB,PRONY,1,,23,BULK 
    38  TBDATA,1,0.003681734506033953,1.176e-14 
    39  TBDATA,3,0.001067632067742023,1.228e-14 
    40  TBDATA,5,0.00464000227004825,2.878e-14  
    41  TBDATA,7,0.007537860739633741,1.701e-12 
    42  TBDATA,9,0.01232979071810375,9.178e-12  
    43  TBDATA,11,0.01838739082782275,6.034e-11 
    44  TBDATA,13,0.02693672358733833,6.187e-09 
    45  TBDATA,15,0.03785541920815515,1.102e-07 
    46  TBDATA,17,0.05467269332948686,1.047e-06 
    47  TBDATA,19,0.0803478848943659,6.903e-06  
    48  TBDATA,21,0.06708938433217426,2.582e-05 
    49  TBDATA,23,0.07582552314562477,5.363e-05 
    50  TBDATA,25,0.1025482473926959,0.0001838  
    51  TBDATA,27,0.05521005631374904,0.0004386 
    52  TBDATA,29,0.0968341103125218,0.0007577  
    53  TBDATA,31,0.07939907566472806,0.001795  
    54  TBDATA,33,0.07050509755887051,0.002292  
    55  TBDATA,35,0.05946817025834805,0.006576  
    56  TBDATA,37,0.04760835046707425,0.00992   
    57  TBDATA,39,0.036429545150905,0.0329  
    58  TBDATA,41,0.02631127800169544,0.05374   
    59  TBDATA,43,0.01804747474866901,0.06586   
    60  TBDATA,45,0.01100145779661077,35.03 
    61  MP,EX,2,1691.594
    62  MP,PRXY,2,0.35  
    63  TB,PRONY,2,,23,SHEAR
    64  TBDATA,1,0.003681734506033953,1.176e-13 
    65  TBDATA,3,0.001067632067742023,1.228e-13 
    66  TBDATA,5,0.00464000227004825,2.878e-13  
    67  TBDATA,7,0.007537860739633741,1.701e-11 
    68  TBDATA,9,0.01232979071810375,9.177999999999999e-11  
    69  TBDATA,11,0.01838739082782275,6.034e-10 
    70  TBDATA,13,0.02693672358733833,6.187e-08 
    71  TBDATA,15,0.03785541920815515,1.102e-06 
    72  TBDATA,17,0.05467269332948686,1.047e-05 
    73  TBDATA,19,0.0803478848943659,6.902999999999999e-05  
    74  TBDATA,21,0.06708938433217426,0.0002582 
    75  TBDATA,23,0.07582552314562477,0.0005363 
    76  TBDATA,25,0.1025482473926959,0.001838   
    77  TBDATA,27,0.05521005631374904,0.004386  
    78  TBDATA,29,0.0968341103125218,0.007577   
    79  TBDATA,31,0.07939907566472806,0.01795   
    80  TBDATA,33,0.07050509755887051,0.02292   
    81  TBDATA,35,0.05946817025834805,0.06576   
    82  TBDATA,37,0.04760835046707425,0.0992
    83  TBDATA,39,0.036429545150905,0.329   
    84  TBDATA,41,0.02631127800169544,0.5374
    85  TBDATA,43,0.01804747474866901,0.6586000000000001
    86  TBDATA,45,0.01100145779661077,350.3 
    87  TB,PRONY,2,,23,BULK 
    88  TBDATA,1,0.003681734506033953,1.176e-13 
    89  TBDATA,3,0.001067632067742023,1.228e-13 
    90  TBDATA,5,0.00464000227004825,2.878e-13  
    91  TBDATA,7,0.007537860739633741,1.701e-11 
    92  TBDATA,9,0.01232979071810375,9.177999999999999e-11  
    93  TBDATA,11,0.01838739082782275,6.034e-10 
    94  TBDATA,13,0.02693672358733833,6.187e-08 
    95  TBDATA,15,0.03785541920815515,1.102e-06 
    96  TBDATA,17,0.05467269332948686,1.047e-05 
    97  TBDATA,19,0.0803478848943659,6.902999999999999e-05  
    98  TBDATA,21,0.06708938433217426,0.0002582 
    99  TBDATA,23,0.07582552314562477,0.0005363 
   100  TBDATA,25,0.1025482473926959,0.001838   
   101  TBDATA,27,0.05521005631374904,0.004386  
   102  TBDATA,29,0.0968341103125218,0.007577   
   103  TBDATA,31,0.07939907566472806,0.01795   
   104  TBDATA,33,0.07050509755887051,0.02292   
   105  TBDATA,35,0.05946817025834805,0.06576   
   106  TBDATA,37,0.04760835046707425,0.0992
   107  TBDATA,39,0.036429545150905,0.329   
   108  TBDATA,41,0.02631127800169544,0.5374
   109  TBDATA,43,0.01804747474866901,0.6586000000000001
   110  TBDATA,45,0.01100145779661077,350.3 
   111  N,1,0,0,0   
   112  N,2,4,0,0   
   113  N,3,8,0,0   
   114  N,4,12,0,0  
   115  N,5,16,0,0  
   116  N,6,20,0,0  
   117  N,7,24,0,0  
   118  N,8,28,0,0  
   119  N,9,32,0,0  
   120  N,10,36,0,0 
   121  N,11,40,0,0 
   122  N,12,44,0,0 
   123  N,13,48,0,0 
   124  N,14,52,0,0 
   125  N,15,56,0,0 
   126  N,16,60,0,0 
   127  N,17,0,2,0  
   128  N,18,4,2,0  
   129  N,19,8,2,0  
   130  N,20,12,2,0 
   131  N,21,16,2,0 
   132  N,22,20,2,0 
   133  N,23,24,2,0 
   134  N,24,28,2,0 
   135  N,25,32,2,0 
   136  N,26,36,2,0 
   137  N,27,40,2,0 
   138  N,28,44,2,0 
   139  N,29,48,2,0 
   140  N,30,52,2,0 
   141  N,31,56,2,0 
   142  N,32,60,2,0 
   143  N,33,0,4,0  
   144  N,34,4,4,0  
   145  N,35,8,4,0  
   146  N,36,12,4,0 
   147  N,37,16,4,0 
   148  N,38,20,4,0 
   149  N,39,24,4,0 
   150  N,40,28,4,0 
   151  N,41,32,4,0 
   152  N,42,36,4,0 
   153  N,43,40,4,0 
   154  N,44,44,4,0 
   155  N,45,48,4,0 
   156  N,46,52,4,0 
   157  N,47,56,4,0 
   158  N,48,60,4,0 
   159  MAT,1   
   160  E,1,2,18,17 
   161  E,2,3,19,18 
   162  E,3,4,20,19 
   163  E,4,5,21,20 
   164  E,5,6,22,21 
   165  E,6,7,23,22 
   166  E,7,8,24,23 
   167  E,8,9,25,24 
   168  E,9,10,26,25
   169  E,10,11,27,26   
   170  E,11,12,28,27   
   171  E,12,13,29,28   
   172  E,13,14,30,29   
   173  E,14,15,31,30   
   174  E,15,16,32,31   
   175  MAT,2   
   176  E,17,18,34,33   
   177  E,18,19,35,34   
   178  E,19,20,36,35   
   179  E,20,21,37,36   
   180  E,21,22,38,37   
   181  E,22,23,39,38   
   182  E,23,24,40,39   
   183  E,24,25,41,40   
   184  E,25,26,42,41   
   185  E,26,27,43,42   
   186  E,27,28,44,43   
   187  E,28,29,45,44   
   188  E,29,30,46,45   
   189  E,30,31,47,46   
   190  E,31,32,48,47   
   191  D,1,UX,0
   192  D,1,UY,0
   193  D,17,UX,0   
   194  D,17,UY,0   
   195  D,33,UX,0   
   196  D,33,UY,0   
   197  FINISH  
   198  /SOLU   
   199  ANTYPE,STATIC   
   200  NLGEOM,OFF  
   201  AUTOTS,OFF  
   202  KBC,0   
   203  OUTRES,ERASE
   204  OUTRES,ALL,LAST 
   205  TREF,65 
   206  BF,ALL,TEMP,65  
   207  F,16,FY,-0.00025
   208  F,32,FY,-0.0005 
   209  F,48,FY,-0.00025
   210  TIME,1  
   211  DELTIM,0.01,0.01,0.01   
   212  SOLVE   
   213  TIME,31 
   214  DELTIM,0.1,0.1,0.1  
   215  SOLVE   
   216  FDELE,16,FY 
   217  FDELE,32,FY 
   218  FDELE,48,FY 
   219  TIME,32 
   220  DELTIM,0.01,0.01,0.01   
   221  SOLVE   
   222  TIME,62 
   223  DELTIM,0.1,0.1,0.1  
   224  SOLVE   
   225  FINISH  
   226  /POST1  
   227  SET,,,,,62  
   228  ETABLE,SEQV,S,EQV   
   229  *CFOPEN,top_nodes,csv   
   230  NIDV=33 
   231  *GET,XV,NODE,33,LOC,X   
   232  *GET,YV,NODE,33,LOC,Y   
   233  *GET,UXV,NODE,33,U,X
   234  *GET,UYV,NODE,33,U,Y
   235  *VWRITE,NIDV,XV,YV,UXV,UYV  
   236  (5(E24.16,',')) 
   237  NIDV=34 
   238  *GET,XV,NODE,34,LOC,X   
   239  *GET,YV,NODE,34,LOC,Y   
   240  *GET,UXV,NODE,34,U,X
   241  *GET,UYV,NODE,34,U,Y
   242  *VWRITE,NIDV,XV,YV,UXV,UYV  
   243  (5(E24.16,',')) 
   244  NIDV=35 
   245  *GET,XV,NODE,35,LOC,X   
   246  *GET,YV,NODE,35,LOC,Y   
   247  *GET,UXV,NODE,35,U,X
   248  *GET,UYV,NODE,35,U,Y
   249  *VWRITE,NIDV,XV,YV,UXV,UYV  
   250  (5(E24.16,',')) 
   251  NIDV=36 
   252  *GET,XV,NODE,36,LOC,X   
   253  *GET,YV,NODE,36,LOC,Y   
   254  *GET,UXV,NODE,36,U,X
   255  *GET,UYV,NODE,36,U,Y
   256  *VWRITE,NIDV,XV,YV,UXV,UYV  
   257  (5(E24.16,',')) 
   258  NIDV=37 
   259  *GET,XV,NODE,37,LOC,X   
   260  *GET,YV,NODE,37,LOC,Y   
   261  *GET,UXV,NODE,37,U,X
   262  *GET,UYV,NODE,37,U,Y
   263  *VWRITE,NIDV,XV,YV,UXV,UYV  
   264  (5(E24.16,',')) 
   265  NIDV=38 
   266  *GET,XV,NODE,38,LOC,X   
   267  *GET,YV,NODE,38,LOC,Y   
   268  *GET,UXV,NODE,38,U,X
   269  *GET,UYV,NODE,38,U,Y
   270  *VWRITE,NIDV,XV,YV,UXV,UYV  
   271  (5(E24.16,',')) 
   272  NIDV=39 
   273  *GET,XV,NODE,39,LOC,X   
   274  *GET,YV,NODE,39,LOC,Y   
   275  *GET,UXV,NODE,39,U,X
   276  *GET,UYV,NODE,39,U,Y
   277  *VWRITE,NIDV,XV,YV,UXV,UYV  
   278  (5(E24.16,',')) 
   279  NIDV=40 
   280  *GET,XV,NODE,40,LOC,X   
   281  *GET,YV,NODE,40,LOC,Y   
   282  *GET,UXV,NODE,40,U,X
   283  *GET,UYV,NODE,40,U,Y
   284  *VWRITE,NIDV,XV,YV,UXV,UYV  
   285  (5(E24.16,',')) 
   286  NIDV=41 
   287  *GET,XV,NODE,41,LOC,X   
   288  *GET,YV,NODE,41,LOC,Y   
   289  *GET,UXV,NODE,41,U,X
   290  *GET,UYV,NODE,41,U,Y
   291  *VWRITE,NIDV,XV,YV,UXV,UYV  
   292  (5(E24.16,',')) 
   293  NIDV=42 
   294  *GET,XV,NODE,42,LOC,X   
   295  *GET,YV,NODE,42,LOC,Y   
   296  *GET,UXV,NODE,42,U,X
   297  *GET,UYV,NODE,42,U,Y
   298  *VWRITE,NIDV,XV,YV,UXV,UYV  
   299  (5(E24.16,',')) 
   300  NIDV=43 
   301  *GET,XV,NODE,43,LOC,X   
   302  *GET,YV,NODE,43,LOC,Y   
   303  *GET,UXV,NODE,43,U,X
   304  *GET,UYV,NODE,43,U,Y
   305  *VWRITE,NIDV,XV,YV,UXV,UYV  
   306  (5(E24.16,',')) 
   307  NIDV=44 
   308  *GET,XV,NODE,44,LOC,X   
   309  *GET,YV,NODE,44,LOC,Y   
   310  *GET,UXV,NODE,44,U,X
   311  *GET,UYV,NODE,44,U,Y
   312  *VWRITE,NIDV,XV,YV,UXV,UYV  
   313  (5(E24.16,',')) 
   314  NIDV=45 
   315  *GET,XV,NODE,45,LOC,X   
   316  *GET,YV,NODE,45,LOC,Y   
   317  *GET,UXV,NODE,45,U,X
   318  *GET,UYV,NODE,45,U,Y
   319  *VWRITE,NIDV,XV,YV,UXV,UYV  
   320  (5(E24.16,',')) 
   321  NIDV=46 
   322  *GET,XV,NODE,46,LOC,X   
   323  *GET,YV,NODE,46,LOC,Y   
   324  *GET,UXV,NODE,46,U,X
   325  *GET,UYV,NODE,46,U,Y
   326  *VWRITE,NIDV,XV,YV,UXV,UYV  
   327  (5(E24.16,',')) 
   328  NIDV=47 
   329  *GET,XV,NODE,47,LOC,X   
   330  *GET,YV,NODE,47,LOC,Y   
   331  *GET,UXV,NODE,47,U,X
   332  *GET,UYV,NODE,47,U,Y
   333  *VWRITE,NIDV,XV,YV,UXV,UYV  
   334  (5(E24.16,',')) 
   335  NIDV=48 
   336  *GET,XV,NODE,48,LOC,X   
   337  *GET,YV,NODE,48,LOC,Y   
   338  *GET,UXV,NODE,48,U,X
   339  *GET,UYV,NODE,48,U,Y
   340  *VWRITE,NIDV,XV,YV,UXV,UYV  
   341  (5(E24.16,',')) 
   342  *CFCLOS 
   343  *CFOPEN,element_stress,csv  
   344  EIDV=1  
   345  *GET,XV,ELEM,1,CENT,X   
   346  *GET,YV,ELEM,1,CENT,Y   
   347  *GET,SV,ELEM,1,ETAB,SEQV
   348  *VWRITE,EIDV,XV,YV,SV   
   349  (4(E24.16,',')) 
   350  EIDV=2  
   351  *GET,XV,ELEM,2,CENT,X   
   352  *GET,YV,ELEM,2,CENT,Y   
   353  *GET,SV,ELEM,2,ETAB,SEQV
   354  *VWRITE,EIDV,XV,YV,SV   
   355  (4(E24.16,',')) 
   356  EIDV=3  
   357  *GET,XV,ELEM,3,CENT,X   
   358  *GET,YV,ELEM,3,CENT,Y   
   359  *GET,SV,ELEM,3,ETAB,SEQV
   360  *VWRITE,EIDV,XV,YV,SV   
   361  (4(E24.16,',')) 
   362  EIDV=4  
   363  *GET,XV,ELEM,4,CENT,X   
   364  *GET,YV,ELEM,4,CENT,Y   
   365  *GET,SV,ELEM,4,ETAB,SEQV
   366  *VWRITE,EIDV,XV,YV,SV   
   367  (4(E24.16,',')) 
   368  EIDV=5  
   369  *GET,XV,ELEM,5,CENT,X   
   370  *GET,YV,ELEM,5,CENT,Y   
   371  *GET,SV,ELEM,5,ETAB,SEQV
   372  *VWRITE,EIDV,XV,YV,SV   
   373  (4(E24.16,',')) 
   374  EIDV=6  
   375  *GET,XV,ELEM,6,CENT,X   
   376  *GET,YV,ELEM,6,CENT,Y   
   377  *GET,SV,ELEM,6,ETAB,SEQV
   378  *VWRITE,EIDV,XV,YV,SV   
   379  (4(E24.16,',')) 
   380  EIDV=7  
   381  *GET,XV,ELEM,7,CENT,X   
   382  *GET,YV,ELEM,7,CENT,Y   
   383  *GET,SV,ELEM,7,ETAB,SEQV
   384  *VWRITE,EIDV,XV,YV,SV   
   385  (4(E24.16,',')) 
   386  EIDV=8  
   387  *GET,XV,ELEM,8,CENT,X   
   388  *GET,YV,ELEM,8,CENT,Y   
   389  *GET,SV,ELEM,8,ETAB,SEQV
   390  *VWRITE,EIDV,XV,YV,SV   
   391  (4(E24.16,',')) 
   392  EIDV=9  
   393  *GET,XV,ELEM,9,CENT,X   
   394  *GET,YV,ELEM,9,CENT,Y   
   395  *GET,SV,ELEM,9,ETAB,SEQV
   396  *VWRITE,EIDV,XV,YV,SV   
   397  (4(E24.16,',')) 
   398  EIDV=10 
   399  *GET,XV,ELEM,10,CENT,X  
   400  *GET,YV,ELEM,10,CENT,Y  
   401  *GET,SV,ELEM,10,ETAB,SEQV   
   402  *VWRITE,EIDV,XV,YV,SV   
   403  (4(E24.16,',')) 
   404  EIDV=11 
   405  *GET,XV,ELEM,11,CENT,X  
   406  *GET,YV,ELEM,11,CENT,Y  
   407  *GET,SV,ELEM,11,ETAB,SEQV   
   408  *VWRITE,EIDV,XV,YV,SV   
   409  (4(E24.16,',')) 
   410  EIDV=12 
   411  *GET,XV,ELEM,12,CENT,X  
   412  *GET,YV,ELEM,12,CENT,Y  
   413  *GET,SV,ELEM,12,ETAB,SEQV   
   414  *VWRITE,EIDV,XV,YV,SV   
   415  (4(E24.16,',')) 
   416  EIDV=13 
   417  *GET,XV,ELEM,13,CENT,X  
   418  *GET,YV,ELEM,13,CENT,Y  
   419  *GET,SV,ELEM,13,ETAB,SEQV   
   420  *VWRITE,EIDV,XV,YV,SV   
   421  (4(E24.16,',')) 
   422  EIDV=14 
   423  *GET,XV,ELEM,14,CENT,X  
   424  *GET,YV,ELEM,14,CENT,Y  
   425  *GET,SV,ELEM,14,ETAB,SEQV   
   426  *VWRITE,EIDV,XV,YV,SV   
   427  (4(E24.16,',')) 
   428  EIDV=15 
   429  *GET,XV,ELEM,15,CENT,X  
   430  *GET,YV,ELEM,15,CENT,Y  
   431  *GET,SV,ELEM,15,ETAB,SEQV   
   432  *VWRITE,EIDV,XV,YV,SV   
   433  (4(E24.16,',')) 
   434  EIDV=16 
   435  *GET,XV,ELEM,16,CENT,X  
   436  *GET,YV,ELEM,16,CENT,Y  
   437  *GET,SV,ELEM,16,ETAB,SEQV   
   438  *VWRITE,EIDV,XV,YV,SV   
   439  (4(E24.16,',')) 
   440  EIDV=17 
   441  *GET,XV,ELEM,17,CENT,X  
   442  *GET,YV,ELEM,17,CENT,Y  
   443  *GET,SV,ELEM,17,ETAB,SEQV   
   444  *VWRITE,EIDV,XV,YV,SV   
   445  (4(E24.16,',')) 
   446  EIDV=18 
   447  *GET,XV,ELEM,18,CENT,X  
   448  *GET,YV,ELEM,18,CENT,Y  
   449  *GET,SV,ELEM,18,ETAB,SEQV   
   450  *VWRITE,EIDV,XV,YV,SV   
   451  (4(E24.16,',')) 
   452  EIDV=19 
   453  *GET,XV,ELEM,19,CENT,X  
   454  *GET,YV,ELEM,19,CENT,Y  
   455  *GET,SV,ELEM,19,ETAB,SEQV   
   456  *VWRITE,EIDV,XV,YV,SV   
   457  (4(E24.16,',')) 
   458  EIDV=20 
   459  *GET,XV,ELEM,20,CENT,X  
   460  *GET,YV,ELEM,20,CENT,Y  
   461  *GET,SV,ELEM,20,ETAB,SEQV   
   462  *VWRITE,EIDV,XV,YV,SV   
   463  (4(E24.16,',')) 
   464  EIDV=21 
   465  *GET,XV,ELEM,21,CENT,X  
   466  *GET,YV,ELEM,21,CENT,Y  
   467  *GET,SV,ELEM,21,ETAB,SEQV   
   468  *VWRITE,EIDV,XV,YV,SV   
   469  (4(E24.16,',')) 
   470  EIDV=22 
   471  *GET,XV,ELEM,22,CENT,X  
   472  *GET,YV,ELEM,22,CENT,Y  
   473  *GET,SV,ELEM,22,ETAB,SEQV   
   474  *VWRITE,EIDV,XV,YV,SV   
   475  (4(E24.16,',')) 
   476  EIDV=23 
   477  *GET,XV,ELEM,23,CENT,X  
   478  *GET,YV,ELEM,23,CENT,Y  
   479  *GET,SV,ELEM,23,ETAB,SEQV   
   480  *VWRITE,EIDV,XV,YV,SV   
   481  (4(E24.16,',')) 
   482  EIDV=24 
   483  *GET,XV,ELEM,24,CENT,X  
   484  *GET,YV,ELEM,24,CENT,Y  
   485  *GET,SV,ELEM,24,ETAB,SEQV   
   486  *VWRITE,EIDV,XV,YV,SV   
   487  (4(E24.16,',')) 
   488  EIDV=25 
   489  *GET,XV,ELEM,25,CENT,X  
   490  *GET,YV,ELEM,25,CENT,Y  
   491  *GET,SV,ELEM,25,ETAB,SEQV   
   492  *VWRITE,EIDV,XV,YV,SV   
   493  (4(E24.16,',')) 
   494  EIDV=26 
   495  *GET,XV,ELEM,26,CENT,X  
   496  *GET,YV,ELEM,26,CENT,Y  
   497  *GET,SV,ELEM,26,ETAB,SEQV   
   498  *VWRITE,EIDV,XV,YV,SV   
   499  (4(E24.16,',')) 
   500  EIDV=27 
   501  *GET,XV,ELEM,27,CENT,X  
   502  *GET,YV,ELEM,27,CENT,Y  
   503  *GET,SV,ELEM,27,ETAB,SEQV   
   504  *VWRITE,EIDV,XV,YV,SV   
   505  (4(E24.16,',')) 
   506  EIDV=28 
   507  *GET,XV,ELEM,28,CENT,X  
   508  *GET,YV,ELEM,28,CENT,Y  
   509  *GET,SV,ELEM,28,ETAB,SEQV   
   510  *VWRITE,EIDV,XV,YV,SV   
   511  (4(E24.16,',')) 
   512  EIDV=29 
   513  *GET,XV,ELEM,29,CENT,X  
   514  *GET,YV,ELEM,29,CENT,Y  
   515  *GET,SV,ELEM,29,ETAB,SEQV   
   516  *VWRITE,EIDV,XV,YV,SV   
   517  (4(E24.16,',')) 
   518  EIDV=30 
   519  *GET,XV,ELEM,30,CENT,X  
   520  *GET,YV,ELEM,30,CENT,Y  
   521  *GET,SV,ELEM,30,ETAB,SEQV   
   522  *VWRITE,EIDV,XV,YV,SV   
   523  (4(E24.16,',')) 
   524  *CFCLOS 
   525  FINISH  
   526  /EXIT,NOSAVE

 RUN SETUP PROCEDURE FROM FILE= C:\Program Files\ANSYS Inc\ANSYS Student\v261\Ansys\apdl\start.ans

 /INPUT FILE= C:\Program Files\ANSYS Inc\ANSYS Student\v261\Ansys\apdl\start.ans  LINE=       0

 CURRENT JOBNAME REDEFINED AS stage10_structural

 TITLE= 
 Stage 10 isothermal discretization verification                               


 *** MAPDL - ENGINEERING ANALYSIS SYSTEM  RELEASE 2026 R1          26.1     ***
 Ansys Mechanical Enterprise Academic Student      
 01055371  VERSION=WINDOWS x64   20:23:14  SEP 14, 2026 Elapsed Time=      6.271

 Stage 10 isothermal discretization verification                               



          ***** MAPDL ANALYSIS DEFINITION (PREP7) *****

 ELEMENT TYPE          1 IS PLANE182     2-D 4-NODE PLANE STRS SOLID 
  KEYOPT( 1- 6)=        0      0      0        0      0      0
  KEYOPT( 7-12)=        0      0      0        0      0      0
  KEYOPT(13-18)=        0      0      0        0      0      0

 CURRENT NODAL DOF SET IS  UX    UY  
  TWO-DIMENSIONAL MODEL

 ELEMENT TYPE       1 IS PLANE182     2-D 4-NODE PLANE STRS SOLID 
  KEYOPT( 1- 6)=        0      0      3        0      0      0
  KEYOPT( 7-12)=        0      0      0        0      0      0
  KEYOPT(13-18)=        0      0      0        0      0      0

 CURRENT NODAL DOF SET IS  UX    UY  
  TWO-DIMENSIONAL MODEL

 REAL CONSTANT SET          1  ITEMS   1 TO   6
    1.0000       0.0000       0.0000       0.0000       0.0000       0.0000    

 ELEMENT TYPE SET TO         1

 REAL CONSTANT NUMBER=        1

 MATERIAL NUMBER SET TO         1

 MATERIAL          1     EX   =   1691.594      

 MATERIAL          1     PRXY =  0.3500000      

   Prony constants for shear response
 DATA FOR  PRON  TABLE FOR MATERIAL   1 AT TEMPERATURE=  0.0000    
 LOC=  1 3.68173e-03     1.17600e-14    

 DATA FOR  PRON  TABLE FOR MATERIAL   1 AT TEMPERATURE=  0.0000    
 LOC=  3 1.06763e-03     1.22800e-14    

 DATA FOR  PRON  TABLE FOR MATERIAL   1 AT TEMPERATURE=  0.0000    
 LOC=  5 4.64000e-03     2.87800e-14    

 DATA FOR  PRON  TABLE FOR MATERIAL   1 AT TEMPERATURE=  0.0000    
 LOC=  7 7.53786e-03     1.70100e-12    

 DATA FOR  PRON  TABLE FOR MATERIAL   1 AT TEMPERATURE=  0.0000    
 LOC=  9 1.23298e-02     9.17800e-12    

 DATA FOR  PRON  TABLE FOR MATERIAL   1 AT TEMPERATURE=  0.0000    
 LOC=  11 1.83874e-02     6.03400e-11    

 DATA FOR  PRON  TABLE FOR MATERIAL   1 AT TEMPERATURE=  0.0000    
 LOC=  13 2.69367e-02     6.18700e-09    

 DATA FOR  PRON  TABLE FOR MATERIAL   1 AT TEMPERATURE=  0.0000    
 LOC=  15 3.78554e-02     1.10200e-07    

 DATA FOR  PRON  TABLE FOR MATERIAL   1 AT TEMPERATURE=  0.0000    
 LOC=  17 5.46727e-02     1.04700e-06    

 DATA FOR  PRON  TABLE FOR MATERIAL   1 AT TEMPERATURE=  0.0000    
 LOC=  19 8.03479e-02     6.90300e-06    

 DATA FOR  PRON  TABLE FOR MATERIAL   1 AT TEMPERATURE=  0.0000    
 LOC=  21 6.70894e-02     2.58200e-05    

 DATA FOR  PRON  TABLE FOR MATERIAL   1 AT TEMPERATURE=  0.0000    
 LOC=  23 7.58255e-02     5.36300e-05    

 DATA FOR  PRON  TABLE FOR MATERIAL   1 AT TEMPERATURE=  0.0000    
 LOC=  25 1.02548e-01     1.83800e-04    

 DATA FOR  PRON  TABLE FOR MATERIAL   1 AT TEMPERATURE=  0.0000    
 LOC=  27 5.52101e-02     4.38600e-04    

 DATA FOR  PRON  TABLE FOR MATERIAL   1 AT TEMPERATURE=  0.0000    
 LOC=  29 9.68341e-02     7.57700e-04    

 DATA FOR  PRON  TABLE FOR MATERIAL   1 AT TEMPERATURE=  0.0000    
 LOC=  31 7.93991e-02     1.79500e-03    

 DATA FOR  PRON  TABLE FOR MATERIAL   1 AT TEMPERATURE=  0.0000    
 LOC=  33 7.05051e-02     2.29200e-03    

 DATA FOR  PRON  TABLE FOR MATERIAL   1 AT TEMPERATURE=  0.0000    
 LOC=  35 5.94682e-02     6.57600e-03    

 DATA FOR  PRON  TABLE FOR MATERIAL   1 AT TEMPERATURE=  0.0000    
 LOC=  37 4.76084e-02     9.92000e-03    

 DATA FOR  PRON  TABLE FOR MATERIAL   1 AT TEMPERATURE=  0.0000    
 LOC=  39 3.64295e-02     3.29000e-02    

 DATA FOR  PRON  TABLE FOR MATERIAL   1 AT TEMPERATURE=  0.0000    
 LOC=  41 2.63113e-02     5.37400e-02    

 DATA FOR  PRON  TABLE FOR MATERIAL   1 AT TEMPERATURE=  0.0000    
 LOC=  43 1.80475e-02     6.58600e-02    

 DATA FOR  PRON  TABLE FOR MATERIAL   1 AT TEMPERATURE=  0.0000    
 LOC=  45 1.10015e-02     3.50300e+01    


   Prony constants for volumetric response
 DATA FOR  PRON  TABLE FOR MATERIAL   1 AT TEMPERATURE=  0.0000    
 LOC=  1 3.68173e-03     1.17600e-14    

 DATA FOR  PRON  TABLE FOR MATERIAL   1 AT TEMPERATURE=  0.0000    
 LOC=  3 1.06763e-03     1.22800e-14    

 DATA FOR  PRON  TABLE FOR MATERIAL   1 AT TEMPERATURE=  0.0000    
 LOC=  5 4.64000e-03     2.87800e-14    

 DATA FOR  PRON  TABLE FOR MATERIAL   1 AT TEMPERATURE=  0.0000    
 LOC=  7 7.53786e-03     1.70100e-12    

 DATA FOR  PRON  TABLE FOR MATERIAL   1 AT TEMPERATURE=  0.0000    
 LOC=  9 1.23298e-02     9.17800e-12    

 DATA FOR  PRON  TABLE FOR MATERIAL   1 AT TEMPERATURE=  0.0000    
 LOC=  11 1.83874e-02     6.03400e-11    

 DATA FOR  PRON  TABLE FOR MATERIAL   1 AT TEMPERATURE=  0.0000    
 LOC=  13 2.69367e-02     6.18700e-09    

 DATA FOR  PRON  TABLE FOR MATERIAL   1 AT TEMPERATURE=  0.0000    
 LOC=  15 3.78554e-02     1.10200e-07    

 DATA FOR  PRON  TABLE FOR MATERIAL   1 AT TEMPERATURE=  0.0000    
 LOC=  17 5.46727e-02     1.04700e-06    

 DATA FOR  PRON  TABLE FOR MATERIAL   1 AT TEMPERATURE=  0.0000    
 LOC=  19 8.03479e-02     6.90300e-06    

 DATA FOR  PRON  TABLE FOR MATERIAL   1 AT TEMPERATURE=  0.0000    
 LOC=  21 6.70894e-02     2.58200e-05    

 DATA FOR  PRON  TABLE FOR MATERIAL   1 AT TEMPERATURE=  0.0000    
 LOC=  23 7.58255e-02     5.36300e-05    

 DATA FOR  PRON  TABLE FOR MATERIAL   1 AT TEMPERATURE=  0.0000    
 LOC=  25 1.02548e-01     1.83800e-04    

 DATA FOR  PRON  TABLE FOR MATERIAL   1 AT TEMPERATURE=  0.0000    
 LOC=  27 5.52101e-02     4.38600e-04    

 DATA FOR  PRON  TABLE FOR MATERIAL   1 AT TEMPERATURE=  0.0000    
 LOC=  29 9.68341e-02     7.57700e-04    

 DATA FOR  PRON  TABLE FOR MATERIAL   1 AT TEMPERATURE=  0.0000    
 LOC=  31 7.93991e-02     1.79500e-03    

 DATA FOR  PRON  TABLE FOR MATERIAL   1 AT TEMPERATURE=  0.0000    
 LOC=  33 7.05051e-02     2.29200e-03    

 DATA FOR  PRON  TABLE FOR MATERIAL   1 AT TEMPERATURE=  0.0000    
 LOC=  35 5.94682e-02     6.57600e-03    

 DATA FOR  PRON  TABLE FOR MATERIAL   1 AT TEMPERATURE=  0.0000    
 LOC=  37 4.76084e-02     9.92000e-03    

 DATA FOR  PRON  TABLE FOR MATERIAL   1 AT TEMPERATURE=  0.0000    
 LOC=  39 3.64295e-02     3.29000e-02    

 DATA FOR  PRON  TABLE FOR MATERIAL   1 AT TEMPERATURE=  0.0000    
 LOC=  41 2.63113e-02     5.37400e-02    

 DATA FOR  PRON  TABLE FOR MATERIAL   1 AT TEMPERATURE=  0.0000    
 LOC=  43 1.80475e-02     6.58600e-02    

 DATA FOR  PRON  TABLE FOR MATERIAL   1 AT TEMPERATURE=  0.0000    
 LOC=  45 1.10015e-02     3.50300e+01    


 MATERIAL          2     EX   =   1691.594      

 MATERIAL          2     PRXY =  0.3500000      

   Prony constants for shear response
 DATA FOR  PRON  TABLE FOR MATERIAL   2 AT TEMPERATURE=  0.0000    
 LOC=  1 3.68173e-03     1.17600e-13    

 DATA FOR  PRON  TABLE FOR MATERIAL   2 AT TEMPERATURE=  0.0000    
 LOC=  3 1.06763e-03     1.22800e-13    

 DATA FOR  PRON  TABLE FOR MATERIAL   2 AT TEMPERATURE=  0.0000    
 LOC=  5 4.64000e-03     2.87800e-13    

 DATA FOR  PRON  TABLE FOR MATERIAL   2 AT TEMPERATURE=  0.0000    
 LOC=  7 7.53786e-03     1.70100e-11    

 DATA FOR  PRON  TABLE FOR MATERIAL   2 AT TEMPERATURE=  0.0000    
 LOC=  9 1.23298e-02     9.17800e-11    

 DATA FOR  PRON  TABLE FOR MATERIAL   2 AT TEMPERATURE=  0.0000    
 LOC=  11 1.83874e-02     6.03400e-10    

 DATA FOR  PRON  TABLE FOR MATERIAL   2 AT TEMPERATURE=  0.0000    
 LOC=  13 2.69367e-02     6.18700e-08    

 DATA FOR  PRON  TABLE FOR MATERIAL   2 AT TEMPERATURE=  0.0000    
 LOC=  15 3.78554e-02     1.10200e-06    

 DATA FOR  PRON  TABLE FOR MATERIAL   2 AT TEMPERATURE=  0.0000    
 LOC=  17 5.46727e-02     1.04700e-05    

 DATA FOR  PRON  TABLE FOR MATERIAL   2 AT TEMPERATURE=  0.0000    
 LOC=  19 8.03479e-02     6.90300e-05    

 DATA FOR  PRON  TABLE FOR MATERIAL   2 AT TEMPERATURE=  0.0000    
 LOC=  21 6.70894e-02     2.58200e-04    

 DATA FOR  PRON  TABLE FOR MATERIAL   2 AT TEMPERATURE=  0.0000    
 LOC=  23 7.58255e-02     5.36300e-04    

 DATA FOR  PRON  TABLE FOR MATERIAL   2 AT TEMPERATURE=  0.0000    
 LOC=  25 1.02548e-01     1.83800e-03    

 DATA FOR  PRON  TABLE FOR MATERIAL   2 AT TEMPERATURE=  0.0000    
 LOC=  27 5.52101e-02     4.38600e-03    

 DATA FOR  PRON  TABLE FOR MATERIAL   2 AT TEMPERATURE=  0.0000    
 LOC=  29 9.68341e-02     7.57700e-03    

 DATA FOR  PRON  TABLE FOR MATERIAL   2 AT TEMPERATURE=  0.0000    
 LOC=  31 7.93991e-02     1.79500e-02    

 DATA FOR  PRON  TABLE FOR MATERIAL   2 AT TEMPERATURE=  0.0000    
 LOC=  33 7.05051e-02     2.29200e-02    

 DATA FOR  PRON  TABLE FOR MATERIAL   2 AT TEMPERATURE=  0.0000    
 LOC=  35 5.94682e-02     6.57600e-02    

 DATA FOR  PRON  TABLE FOR MATERIAL   2 AT TEMPERATURE=  0.0000    
 LOC=  37 4.76084e-02     9.92000e-02    

 DATA FOR  PRON  TABLE FOR MATERIAL   2 AT TEMPERATURE=  0.0000    
 LOC=  39 3.64295e-02     3.29000e-01    

 DATA FOR  PRON  TABLE FOR MATERIAL   2 AT TEMPERATURE=  0.0000    
 LOC=  41 2.63113e-02     5.37400e-01    

 DATA FOR  PRON  TABLE FOR MATERIAL   2 AT TEMPERATURE=  0.0000    
 LOC=  43 1.80475e-02     6.58600e-01    

 DATA FOR  PRON  TABLE FOR MATERIAL   2 AT TEMPERATURE=  0.0000    
 LOC=  45 1.10015e-02     3.50300e+02    


   Prony constants for volumetric response
 DATA FOR  PRON  TABLE FOR MATERIAL   2 AT TEMPERATURE=  0.0000    
 LOC=  1 3.68173e-03     1.17600e-13    

 DATA FOR  PRON  TABLE FOR MATERIAL   2 AT TEMPERATURE=  0.0000    
 LOC=  3 1.06763e-03     1.22800e-13    

 DATA FOR  PRON  TABLE FOR MATERIAL   2 AT TEMPERATURE=  0.0000    
 LOC=  5 4.64000e-03     2.87800e-13    

 DATA FOR  PRON  TABLE FOR MATERIAL   2 AT TEMPERATURE=  0.0000    
 LOC=  7 7.53786e-03     1.70100e-11    

 DATA FOR  PRON  TABLE FOR MATERIAL   2 AT TEMPERATURE=  0.0000    
 LOC=  9 1.23298e-02     9.17800e-11    

 DATA FOR  PRON  TABLE FOR MATERIAL   2 AT TEMPERATURE=  0.0000    
 LOC=  11 1.83874e-02     6.03400e-10    

 DATA FOR  PRON  TABLE FOR MATERIAL   2 AT TEMPERATURE=  0.0000    
 LOC=  13 2.69367e-02     6.18700e-08    

 DATA FOR  PRON  TABLE FOR MATERIAL   2 AT TEMPERATURE=  0.0000    
 LOC=  15 3.78554e-02     1.10200e-06    

 DATA FOR  PRON  TABLE FOR MATERIAL   2 AT TEMPERATURE=  0.0000    
 LOC=  17 5.46727e-02     1.04700e-05    

 DATA FOR  PRON  TABLE FOR MATERIAL   2 AT TEMPERATURE=  0.0000    
 LOC=  19 8.03479e-02     6.90300e-05    

 DATA FOR  PRON  TABLE FOR MATERIAL   2 AT TEMPERATURE=  0.0000    
 LOC=  21 6.70894e-02     2.58200e-04    

 DATA FOR  PRON  TABLE FOR MATERIAL   2 AT TEMPERATURE=  0.0000    
 LOC=  23 7.58255e-02     5.36300e-04    

 DATA FOR  PRON  TABLE FOR MATERIAL   2 AT TEMPERATURE=  0.0000    
 LOC=  25 1.02548e-01     1.83800e-03    

 DATA FOR  PRON  TABLE FOR MATERIAL   2 AT TEMPERATURE=  0.0000    
 LOC=  27 5.52101e-02     4.38600e-03    

 DATA FOR  PRON  TABLE FOR MATERIAL   2 AT TEMPERATURE=  0.0000    
 LOC=  29 9.68341e-02     7.57700e-03    

 DATA FOR  PRON  TABLE FOR MATERIAL   2 AT TEMPERATURE=  0.0000    
 LOC=  31 7.93991e-02     1.79500e-02    

 DATA FOR  PRON  TABLE FOR MATERIAL   2 AT TEMPERATURE=  0.0000    
 LOC=  33 7.05051e-02     2.29200e-02    

 DATA FOR  PRON  TABLE FOR MATERIAL   2 AT TEMPERATURE=  0.0000    
 LOC=  35 5.94682e-02     6.57600e-02    

 DATA FOR  PRON  TABLE FOR MATERIAL   2 AT TEMPERATURE=  0.0000    
 LOC=  37 4.76084e-02     9.92000e-02    

 DATA FOR  PRON  TABLE FOR MATERIAL   2 AT TEMPERATURE=  0.0000    
 LOC=  39 3.64295e-02     3.29000e-01    

 DATA FOR  PRON  TABLE FOR MATERIAL   2 AT TEMPERATURE=  0.0000    
 LOC=  41 2.63113e-02     5.37400e-01    

 DATA FOR  PRON  TABLE FOR MATERIAL   2 AT TEMPERATURE=  0.0000    
 LOC=  43 1.80475e-02     6.58600e-01    

 DATA FOR  PRON  TABLE FOR MATERIAL   2 AT TEMPERATURE=  0.0000    
 LOC=  45 1.10015e-02     3.50300e+02    


 NODE          1  KCS=      0  X,Y,Z=  0.0000       0.0000       0.0000     

 NODE          2  KCS=      0  X,Y,Z=  4.0000       0.0000       0.0000     

 NODE          3  KCS=      0  X,Y,Z=  8.0000       0.0000       0.0000     

 NODE          4  KCS=      0  X,Y,Z=  12.000       0.0000       0.0000     

 NODE          5  KCS=      0  X,Y,Z=  16.000       0.0000       0.0000     

 NODE          6  KCS=      0  X,Y,Z=  20.000       0.0000       0.0000     

 NODE          7  KCS=      0  X,Y,Z=  24.000       0.0000       0.0000     

 NODE          8  KCS=      0  X,Y,Z=  28.000       0.0000       0.0000     

 NODE          9  KCS=      0  X,Y,Z=  32.000       0.0000       0.0000     

 NODE         10  KCS=      0  X,Y,Z=  36.000       0.0000       0.0000     

 NODE         11  KCS=      0  X,Y,Z=  40.000       0.0000       0.0000     

 NODE         12  KCS=      0  X,Y,Z=  44.000       0.0000       0.0000     

 NODE         13  KCS=      0  X,Y,Z=  48.000       0.0000       0.0000     

 NODE         14  KCS=      0  X,Y,Z=  52.000       0.0000       0.0000     

 NODE         15  KCS=      0  X,Y,Z=  56.000       0.0000       0.0000     

 NODE         16  KCS=      0  X,Y,Z=  60.000       0.0000       0.0000     

 NODE         17  KCS=      0  X,Y,Z=  0.0000       2.0000       0.0000     

 NODE         18  KCS=      0  X,Y,Z=  4.0000       2.0000       0.0000     

 NODE         19  KCS=      0  X,Y,Z=  8.0000       2.0000       0.0000     

 NODE         20  KCS=      0  X,Y,Z=  12.000       2.0000       0.0000     

 NODE         21  KCS=      0  X,Y,Z=  16.000       2.0000       0.0000     

 NODE         22  KCS=      0  X,Y,Z=  20.000       2.0000       0.0000     

 NODE         23  KCS=      0  X,Y,Z=  24.000       2.0000       0.0000     

 NODE         24  KCS=      0  X,Y,Z=  28.000       2.0000       0.0000     

 NODE         25  KCS=      0  X,Y,Z=  32.000       2.0000       0.0000     

 NODE         26  KCS=      0  X,Y,Z=  36.000       2.0000       0.0000     

 NODE         27  KCS=      0  X,Y,Z=  40.000       2.0000       0.0000     

 NODE         28  KCS=      0  X,Y,Z=  44.000       2.0000       0.0000     

 NODE         29  KCS=      0  X,Y,Z=  48.000       2.0000       0.0000     

 NODE         30  KCS=      0  X,Y,Z=  52.000       2.0000       0.0000     

 NODE         31  KCS=      0  X,Y,Z=  56.000       2.0000       0.0000     

 NODE         32  KCS=      0  X,Y,Z=  60.000       2.0000       0.0000     

 NODE         33  KCS=      0  X,Y,Z=  0.0000       4.0000       0.0000     

 NODE         34  KCS=      0  X,Y,Z=  4.0000       4.0000       0.0000     

 NODE         35  KCS=      0  X,Y,Z=  8.0000       4.0000       0.0000     

 NODE         36  KCS=      0  X,Y,Z=  12.000       4.0000       0.0000     

 NODE         37  KCS=      0  X,Y,Z=  16.000       4.0000       0.0000     

 NODE         38  KCS=      0  X,Y,Z=  20.000       4.0000       0.0000     

 NODE         39  KCS=      0  X,Y,Z=  24.000       4.0000       0.0000     

 NODE         40  KCS=      0  X,Y,Z=  28.000       4.0000       0.0000     

 NODE         41  KCS=      0  X,Y,Z=  32.000       4.0000       0.0000     

 NODE         42  KCS=      0  X,Y,Z=  36.000       4.0000       0.0000     

 NODE         43  KCS=      0  X,Y,Z=  40.000       4.0000       0.0000     

 NODE         44  KCS=      0  X,Y,Z=  44.000       4.0000       0.0000     

 NODE         45  KCS=      0  X,Y,Z=  48.000       4.0000       0.0000     

 NODE         46  KCS=      0  X,Y,Z=  52.000       4.0000       0.0000     

 NODE         47  KCS=      0  X,Y,Z=  56.000       4.0000       0.0000     

 NODE         48  KCS=      0  X,Y,Z=  60.000       4.0000       0.0000     

 MATERIAL NUMBER SET TO         1

 ELEMENT      1       1      2     18     17

 ELEMENT      2       2      3     19     18

 ELEMENT      3       3      4     20     19

 ELEMENT      4       4      5     21     20

 ELEMENT      5       5      6     22     21

 ELEMENT      6       6      7     23     22

 ELEMENT      7       7      8     24     23

 ELEMENT      8       8      9     25     24

 ELEMENT      9       9     10     26     25

 ELEMENT     10      10     11     27     26

 ELEMENT     11      11     12     28     27

 ELEMENT     12      12     13     29     28

 ELEMENT     13      13     14     30     29

 ELEMENT     14      14     15     31     30

 ELEMENT     15      15     16     32     31

 MATERIAL NUMBER SET TO         2

 ELEMENT     16      17     18     34     33

 ELEMENT     17      18     19     35     34

 ELEMENT     18      19     20     36     35

 ELEMENT     19      20     21     37     36

 ELEMENT     20      21     22     38     37

 ELEMENT     21      22     23     39     38

 ELEMENT     22      23     24     40     39

 ELEMENT     23      24     25     41     40

 ELEMENT     24      25     26     42     41

 ELEMENT     25      26     27     43     42

 ELEMENT     26      27     28     44     43

 ELEMENT     27      28     29     45     44

 ELEMENT     28      29     30     46     45

 ELEMENT     29      30     31     47     46

 ELEMENT     30      31     32     48     47

 SPECIFIED CONSTRAINT UX   FOR SELECTED NODES            1 TO           1 BY           1
 REAL=  0.00000000       IMAG=  0.00000000    

 SPECIFIED CONSTRAINT UY   FOR SELECTED NODES            1 TO           1 BY           1
 REAL=  0.00000000       IMAG=  0.00000000    

 SPECIFIED CONSTRAINT UX   FOR SELECTED NODES           17 TO          17 BY           1
 REAL=  0.00000000       IMAG=  0.00000000    

 SPECIFIED CONSTRAINT UY   FOR SELECTED NODES           17 TO          17 BY           1
 REAL=  0.00000000       IMAG=  0.00000000    

 SPECIFIED CONSTRAINT UX   FOR SELECTED NODES           33 TO          33 BY           1
 REAL=  0.00000000       IMAG=  0.00000000    

 SPECIFIED CONSTRAINT UY   FOR SELECTED NODES           33 TO          33 BY           1
 REAL=  0.00000000       IMAG=  0.00000000    


 ***** ROUTINE COMPLETED *****  ELAPSED TIME =         6.290



 *****  MAPDL SOLUTION ROUTINE  *****


 PERFORM A STATIC ANALYSIS
  THIS WILL BE A NEW ANALYSIS

 SMALL DEFORMATION ANALYSIS

 DO NOT USE AUTOMATIC TIME STEPPING THIS LOAD STEP

 STEP BOUNDARY CONDITION KEY= 0

 ERASE THE CURRENT DATABASE OUTPUT CONTROL TABLE.


 WRITE ALL  ITEMS TO THE DATABASE WITH A FREQUENCY OF LAST
   FOR ALL APPLICABLE ENTITIES

 REFERENCE TEMPERATURE=  65.000  (TUNIF=  65.000)

 SPECIFIED BODY FORCE TEMP FOR ALL SELECTED NODES SET TO   65.0000000 

 SPECIFIED NODAL LOAD FY   FOR SELECTED NODES        16 TO       16 BY        1
  REAL=-2.500000000E-04   IMAG=  0.00000000    

 SPECIFIED NODAL LOAD FY   FOR SELECTED NODES        32 TO       32 BY        1
  REAL=-5.000000000E-04   IMAG=  0.00000000    

 SPECIFIED NODAL LOAD FY   FOR SELECTED NODES        48 TO       48 BY        1
  REAL=-2.500000000E-04   IMAG=  0.00000000    

 TIME=  1.0000    

 USE INITIAL TIME STEP SIZE OF 0.1000000E-01 FOR ALL  DEGREES OF FREEDOM
 FOR AUTOMATIC TIME STEPPING:
   USE 0.1000000E-01 AS THE MINIMUM TIME STEP SIZE
   USE 0.1000000E-01 AS THE MAXIMUM TIME STEP SIZE

 *****  MAPDL SOLVE    COMMAND  *****

 *** SELECTION OF ELEMENT TECHNOLOGIES FOR APPLICABLE ELEMENTS ***
                ---GIVE SUGGESTIONS ONLY---

 ELEMENT TYPE  1 IS PLANE182 WITH PLANE STRESS OPTION. IT IS ASSOCIATED WITH
 ELASTOPLASTIC MATERIALS ONLY. KEYOPT(1)=2 IS SUGGESTED.



 *** MAPDL - ENGINEERING ANALYSIS SYSTEM  RELEASE 2026 R1          26.1     ***
 Ansys Mechanical Enterprise Academic Student      
 01055371  VERSION=WINDOWS x64   20:23:15  SEP 14, 2026 Elapsed Time=      6.325

 Stage 10 isothermal discretization verification                               



                       S O L U T I O N   O P T I O N S

   PROBLEM DIMENSIONALITY. . . . . . . . . . . . .2-D                  
   DEGREES OF FREEDOM. . . . . . UX   UY  
   ANALYSIS TYPE . . . . . . . . . . . . . . . . .STATIC (STEADY-STATE)
   NEWTON-RAPHSON OPTION . . . . . . . . . . . . .PROGRAM CHOSEN   
   GLOBALLY ASSEMBLED MATRIX . . . . . . . . . . .SYMMETRIC  

 *** NOTE ***                            ELAPSED TIME =       6.326   TIME= 20:23:15
 This nonlinear analysis defaults to using the initial stiffness         
 Newton-Raphson solution procedure.  This can be modified using the      
 NROPT command.                                                          

 *** NOTE ***                            ELAPSED TIME =       6.326   TIME= 20:23:15
 The conditions for direct assembly have been met.  No .emat or .erot    
 files will be produced.                                                 

                      L O A D   S T E P   O P T I O N S

   LOAD STEP NUMBER. . . . . . . . . . . . . . . .     1
   TIME AT END OF THE LOAD STEP. . . . . . . . . .  1.0000    
   TIME STEP SIZE. . . . . . . . . . . . . . . . . 0.10000E-01
   MAXIMUM NUMBER OF EQUILIBRIUM ITERATIONS. . . .    15
   STEP CHANGE BOUNDARY CONDITIONS . . . . . . . .    NO
   TERMINATE ANALYSIS IF NOT CONVERGED . . . . . .YES (EXIT)  
   CONVERGENCE CONTROLS. . . . . . . . . . . . . .USE DEFAULTS
   PRINT OUTPUT CONTROLS . . . . . . . . . . . . .NO PRINTOUT
   DATABASE OUTPUT CONTROLS
      ITEM     FREQUENCY   COMPONENT
       ALL       LAST               


 SOLUTION MONITORING INFO IS WRITTEN TO FILE= stage10_structural.mntr                                                                                                                                                                                                                                             


 Range of element maximum matrix coefficients in global coordinates
 Maximum = 540.214664 at element 21.                                     
 Minimum = 220.680489 at element 5.                                      

   *** ELEMENT MATRIX FORMULATION TIMES
     TYPE    NUMBER     ENAME   TOTAL ELAPSED   AVG ELAPSED

        1        30  PLANE182          0.0064   0.000212120
 Elapsed Time at end of element matrix formulation = 6.5260203.          

 ALL CURRENT MAPDL DATA WRITTEN TO FILE NAME= stage10_structural.rdb
  FOR POSSIBLE RESUME FROM THIS POINT
     FORCE CONVERGENCE VALUE  =  0.6124E-05  CRITERION=  0.5000E-04

 SPARSE MATRIX DIRECT SOLVER.
  Number of equations =          90,    Maximum wavefront =     10


  Memory allocated on this process
  -------------------------------------------------------------------
  Equation solver memory allocated                     =     0.104 MB
  Equation solver memory required for in-core mode     =     0.100 MB
  Equation solver memory required for out-of-core mode =     0.093 MB
  Total (solver and non-solver) memory allocated       =   356.370 MB

 *** NOTE ***                            ELAPSED TIME =       6.557   TIME= 20:23:15
 The Sparse Matrix Solver is currently running in the in-core memory     
 mode.  This memory mode uses the most amount of memory in order to      
 avoid using the hard drive as much as possible, which most often        
 results in the fastest solution time.  This mode is recommended if      
 enough physical memory is present to accommodate all of the solver      
 data.                                                                   
 Sparse solver maximum pivot= 1080.42933 at node 42 UY.                  
 Sparse solver minimum pivot= 0.286812847 at node 9 UY.                  
 Sparse solver minimum pivot in absolute value= 0.286812847 at node 9    
 UY.                                                                     
     DISP CONVERGENCE VALUE   =  0.2288E-03  CRITERION=  0.1144E-04
    EQUIL ITER   1 COMPLETED.  NEW TRIANG MATRIX.  MAX DOF INC= -0.2288E-03
     FORCE CONVERGENCE VALUE  =  0.2424E-15  CRITERION=  0.5000E-04 <<< CONVERGED

 *** WARNING ***                         ELAPSED TIME =       6.566   TIME= 20:23:15
 A reference force value times the tolerance is used by the              
 Newton-Raphson method for checking convergence.  The calculated         
 reference FORCE CONVERGENCE VALUE = 2.383194533E-04 is less than a      
 threshold.  This threshold is internally calculated.  You can           
 overwrite it by specifying MINREF on the CNVTOL command.  Check         
 results carefully.                                                      
     DISP CONVERGENCE VALUE   =  0.4153E-14  CRITERION=  0.2828E-04 <<< CONVERGED
    EQUIL ITER   2 COMPLETED.  OLD TRIANG MATRIX.  MAX DOF INC = -0.4153E-14
    >>> SOLUTION CONVERGED AFTER EQUILIBRIUM ITERATION   2

   *** ELEMENT RESULT CALCULATION TIMES
     TYPE    NUMBER     ENAME   TOTAL ELAPSED   AVG ELAPSED

        1        30  PLANE182          0.0030   0.000098893

   *** NODAL LOAD CALCULATION TIMES
     TYPE    NUMBER     ENAME   TOTAL ELAPSED   AVG ELAPSED

        1        30  PLANE182          0.0001   0.000002403
 *** LOAD STEP     1   SUBSTEP     1  COMPLETED.    CUM ITER =      2
 *** TIME =  0.100000E-01     TIME INC =  0.100000E-01
 *** MAX VISCOELASTIC STRAIN STEP = 0.2923E-06

     FORCE CONVERGENCE VALUE  =  0.5007E-05  CRITERION=  0.5000E-04
     DISP CONVERGENCE VALUE   =  0.8344E-04  CRITERION=  0.2828E-04
    EQUIL ITER   1 COMPLETED.  OLD TRIANG MATRIX.  MAX DOF INC= -0.8344E-04
     FORCE CONVERGENCE VALUE  =  0.1732E-15  CRITERION=  0.5000E-04 <<< CONVERGED
     DISP CONVERGENCE VALUE   =  0.1519E-14  CRITERION=  0.2828E-04 <<< CONVERGED
    EQUIL ITER   2 COMPLETED.  OLD TRIANG MATRIX.  MAX DOF INC = -0.1519E-14
    >>> SOLUTION CONVERGED AFTER EQUILIBRIUM ITERATION   2
 *** LOAD STEP     1   SUBSTEP     2  COMPLETED.    CUM ITER =      4
 *** TIME =  0.200000E-01     TIME INC =  0.100000E-01
 *** MAX VISCOELASTIC STRAIN STEP = 0.4292E-06

     FORCE CONVERGENCE VALUE  =  0.3998E-05  CRITERION=  0.5000E-04
     DISP CONVERGENCE VALUE   =  0.6245E-04  CRITERION=  0.2828E-04
    EQUIL ITER   1 COMPLETED.  OLD TRIANG MATRIX.  MAX DOF INC= -0.6245E-04
     FORCE CONVERGENCE VALUE  =  0.2191E-15  CRITERION=  0.5000E-04 <<< CONVERGED
     DISP CONVERGENCE VALUE   =  0.1138E-14  CRITERION=  0.2828E-04 <<< CONVERGED
    EQUIL ITER   2 COMPLETED.  OLD TRIANG MATRIX.  MAX DOF INC = -0.1138E-14
    >>> SOLUTION CONVERGED AFTER EQUILIBRIUM ITERATION   2
 *** LOAD STEP     1   SUBSTEP     3  COMPLETED.    CUM ITER =      6
 *** TIME =  0.300000E-01     TIME INC =  0.100000E-01
 *** MAX VISCOELASTIC STRAIN STEP = 0.5316E-06

     FORCE CONVERGENCE VALUE  =  0.3536E-05  CRITERION=  0.5000E-04
     DISP CONVERGENCE VALUE   =  0.5263E-04  CRITERION=  0.2828E-04
    EQUIL ITER   1 COMPLETED.  OLD TRIANG MATRIX.  MAX DOF INC= -0.5263E-04
     FORCE CONVERGENCE VALUE  =  0.3413E-15  CRITERION=  0.5000E-04 <<< CONVERGED
     DISP CONVERGENCE VALUE   =  0.9590E-15  CRITERION=  0.2828E-04 <<< CONVERGED
    EQUIL ITER   2 COMPLETED.  OLD TRIANG MATRIX.  MAX DOF INC = -0.9590E-15
    >>> SOLUTION CONVERGED AFTER EQUILIBRIUM ITERATION   2
 *** LOAD STEP     1   SUBSTEP     4  COMPLETED.    CUM ITER =      8
 *** TIME =  0.400000E-01     TIME INC =  0.100000E-01
 *** MAX VISCOELASTIC STRAIN STEP = 0.6180E-06

     FORCE CONVERGENCE VALUE  =  0.3301E-05  CRITERION=  0.5000E-04
     DISP CONVERGENCE VALUE   =  0.4672E-04  CRITERION=  0.2828E-04
    EQUIL ITER   1 COMPLETED.  OLD TRIANG MATRIX.  MAX DOF INC= -0.4672E-04
     FORCE CONVERGENCE VALUE  =  0.4190E-15  CRITERION=  0.5000E-04 <<< CONVERGED
     DISP CONVERGENCE VALUE   =  0.8511E-15  CRITERION=  0.2828E-04 <<< CONVERGED
    EQUIL ITER   2 COMPLETED.  OLD TRIANG MATRIX.  MAX DOF INC = -0.8511E-15
    >>> SOLUTION CONVERGED AFTER EQUILIBRIUM ITERATION   2
 *** LOAD STEP     1   SUBSTEP     5  COMPLETED.    CUM ITER =     10
 *** TIME =  0.500000E-01     TIME INC =  0.100000E-01
 *** MAX VISCOELASTIC STRAIN STEP = 0.6950E-06

     FORCE CONVERGENCE VALUE  =  0.3178E-05  CRITERION=  0.5000E-04
     DISP CONVERGENCE VALUE   =  0.4271E-04  CRITERION=  0.2828E-04
    EQUIL ITER   1 COMPLETED.  OLD TRIANG MATRIX.  MAX DOF INC= -0.4271E-04
     FORCE CONVERGENCE VALUE  =  0.8102E-15  CRITERION=  0.5000E-04 <<< CONVERGED
     DISP CONVERGENCE VALUE   =  0.7775E-15  CRITERION=  0.2828E-04 <<< CONVERGED
    EQUIL ITER   2 COMPLETED.  OLD TRIANG MATRIX.  MAX DOF INC = -0.7775E-15
    >>> SOLUTION CONVERGED AFTER EQUILIBRIUM ITERATION   2
 *** LOAD STEP     1   SUBSTEP     6  COMPLETED.    CUM ITER =     12
 *** TIME =  0.600000E-01     TIME INC =  0.100000E-01
 *** MAX VISCOELASTIC STRAIN STEP = 0.7657E-06

     FORCE CONVERGENCE VALUE  =  0.3100E-05  CRITERION=  0.5000E-04
     DISP CONVERGENCE VALUE   =  0.3973E-04  CRITERION=  0.2828E-04
    EQUIL ITER   1 COMPLETED.  OLD TRIANG MATRIX.  MAX DOF INC= -0.3973E-04
     FORCE CONVERGENCE VALUE  =  0.7574E-15  CRITERION=  0.5000E-04 <<< CONVERGED
     DISP CONVERGENCE VALUE   =  0.7229E-15  CRITERION=  0.2828E-04 <<< CONVERGED
    EQUIL ITER   2 COMPLETED.  OLD TRIANG MATRIX.  MAX DOF INC = -0.7229E-15
    >>> SOLUTION CONVERGED AFTER EQUILIBRIUM ITERATION   2
 *** LOAD STEP     1   SUBSTEP     7  COMPLETED.    CUM ITER =     14
 *** TIME =  0.700000E-01     TIME INC =  0.100000E-01
 *** MAX VISCOELASTIC STRAIN STEP = 0.8317E-06

     FORCE CONVERGENCE VALUE  =  0.3035E-05  CRITERION=  0.5000E-04
     DISP CONVERGENCE VALUE   =  0.3738E-04  CRITERION=  0.2969E-04
    EQUIL ITER   1 COMPLETED.  OLD TRIANG MATRIX.  MAX DOF INC= -0.3738E-04
     FORCE CONVERGENCE VALUE  =  0.9006E-15  CRITERION=  0.5000E-04 <<< CONVERGED
     DISP CONVERGENCE VALUE   =  0.6796E-15  CRITERION=  0.2969E-04 <<< CONVERGED
    EQUIL ITER   2 COMPLETED.  OLD TRIANG MATRIX.  MAX DOF INC = -0.6796E-15
    >>> SOLUTION CONVERGED AFTER EQUILIBRIUM ITERATION   2
 *** LOAD STEP     1   SUBSTEP     8  COMPLETED.    CUM ITER =     16
 *** TIME =  0.800000E-01     TIME INC =  0.100000E-01
 *** MAX VISCOELASTIC STRAIN STEP = 0.8941E-06

     FORCE CONVERGENCE VALUE  =  0.2967E-05  CRITERION=  0.5000E-04
     DISP CONVERGENCE VALUE   =  0.3544E-04  CRITERION=  0.3146E-04
    EQUIL ITER   1 COMPLETED.  OLD TRIANG MATRIX.  MAX DOF INC= -0.3544E-04
     FORCE CONVERGENCE VALUE  =  0.1631E-14  CRITERION=  0.5000E-04 <<< CONVERGED
     DISP CONVERGENCE VALUE   =  0.6458E-15  CRITERION=  0.3146E-04 <<< CONVERGED
    EQUIL ITER   2 COMPLETED.  OLD TRIANG MATRIX.  MAX DOF INC = -0.6458E-15
    >>> SOLUTION CONVERGED AFTER EQUILIBRIUM ITERATION   2
 *** LOAD STEP     1   SUBSTEP     9  COMPLETED.    CUM ITER =     18
 *** TIME =  0.900000E-01     TIME INC =  0.100000E-01
 *** MAX VISCOELASTIC STRAIN STEP = 0.9533E-06

     FORCE CONVERGENCE VALUE  =  0.2891E-05  CRITERION=  0.5000E-04
     DISP CONVERGENCE VALUE   =  0.3379E-04  CRITERION=  0.3315E-04
    EQUIL ITER   1 COMPLETED.  OLD TRIANG MATRIX.  MAX DOF INC= -0.3379E-04
     FORCE CONVERGENCE VALUE  =  0.2521E-14  CRITERION=  0.5000E-04 <<< CONVERGED
     DISP CONVERGENCE VALUE   =  0.6174E-15  CRITERION=  0.3315E-04 <<< CONVERGED
    EQUIL ITER   2 COMPLETED.  OLD TRIANG MATRIX.  MAX DOF INC = -0.6174E-15
    >>> SOLUTION CONVERGED AFTER EQUILIBRIUM ITERATION   2
 *** LOAD STEP     1   SUBSTEP    10  COMPLETED.    CUM ITER =     20
 *** TIME =  0.100000         TIME INC =  0.100000E-01
 *** MAX VISCOELASTIC STRAIN STEP = 0.1010E-05

     FORCE CONVERGENCE VALUE  =  0.2808E-05  CRITERION=  0.5000E-04
     DISP CONVERGENCE VALUE   =  0.3235E-04  CRITERION=  0.3477E-04 <<< CONVERGED
    EQUIL ITER   1 COMPLETED.  OLD TRIANG MATRIX.  MAX DOF INC= -0.3235E-04
     FORCE CONVERGENCE VALUE  =  0.1487E-14  CRITERION=  0.5000E-04 <<< CONVERGED
    >>> SOLUTION CONVERGED AFTER EQUILIBRIUM ITERATION   1
 *** LOAD STEP     1   SUBSTEP    11  COMPLETED.    CUM ITER =     21
 *** TIME =  0.110000         TIME INC =  0.100000E-01
 *** MAX VISCOELASTIC STRAIN STEP = 0.1064E-05

     FORCE CONVERGENCE VALUE  =  0.2719E-05  CRITERION=  0.5000E-04
     DISP CONVERGENCE VALUE   =  0.3107E-04  CRITERION=  0.3632E-04 <<< CONVERGED
    EQUIL ITER   1 COMPLETED.  OLD TRIANG MATRIX.  MAX DOF INC= -0.3107E-04
     FORCE CONVERGENCE VALUE  =  0.2279E-14  CRITERION=  0.5000E-04 <<< CONVERGED
    >>> SOLUTION CONVERGED AFTER EQUILIBRIUM ITERATION   1
 *** LOAD STEP     1   SUBSTEP    12  COMPLETED.    CUM ITER =     22
 *** TIME =  0.120000         TIME INC =  0.100000E-01
 *** MAX VISCOELASTIC STRAIN STEP = 0.1116E-05

     FORCE CONVERGENCE VALUE  =  0.2624E-05  CRITERION=  0.5000E-04
     DISP CONVERGENCE VALUE   =  0.2991E-04  CRITERION=  0.3782E-04 <<< CONVERGED
    EQUIL ITER   1 COMPLETED.  OLD TRIANG MATRIX.  MAX DOF INC= -0.2991E-04
     FORCE CONVERGENCE VALUE  =  0.1780E-14  CRITERION=  0.5000E-04 <<< CONVERGED
    >>> SOLUTION CONVERGED AFTER EQUILIBRIUM ITERATION   1
 *** LOAD STEP     1   SUBSTEP    13  COMPLETED.    CUM ITER =     23
 *** TIME =  0.130000         TIME INC =  0.100000E-01
 *** MAX VISCOELASTIC STRAIN STEP = 0.1166E-05

     FORCE CONVERGENCE VALUE  =  0.2527E-05  CRITERION=  0.5000E-04
     DISP CONVERGENCE VALUE   =  0.2886E-04  CRITERION=  0.3926E-04 <<< CONVERGED
    EQUIL ITER   1 COMPLETED.  OLD TRIANG MATRIX.  MAX DOF INC= -0.2886E-04
     FORCE CONVERGENCE VALUE  =  0.2034E-14  CRITERION=  0.5000E-04 <<< CONVERGED
    >>> SOLUTION CONVERGED AFTER EQUILIBRIUM ITERATION   1
 *** LOAD STEP     1   SUBSTEP    14  COMPLETED.    CUM ITER =     24
 *** TIME =  0.140000         TIME INC =  0.100000E-01
 *** MAX VISCOELASTIC STRAIN STEP = 0.1215E-05

     FORCE CONVERGENCE VALUE  =  0.2428E-05  CRITERION=  0.5000E-04
     DISP CONVERGENCE VALUE   =  0.2789E-04  CRITERION=  0.4066E-04 <<< CONVERGED
    EQUIL ITER   1 COMPLETED.  OLD TRIANG MATRIX.  MAX DOF INC= -0.2789E-04
     FORCE CONVERGENCE VALUE  =  0.1936E-14  CRITERION=  0.5000E-04 <<< CONVERGED
    >>> SOLUTION CONVERGED AFTER EQUILIBRIUM ITERATION   1
 *** LOAD STEP     1   SUBSTEP    15  COMPLETED.    CUM ITER =     25
 *** TIME =  0.150000         TIME INC =  0.100000E-01
 *** MAX VISCOELASTIC STRAIN STEP = 0.1261E-05

     FORCE CONVERGENCE VALUE  =  0.2329E-05  CRITERION=  0.5000E-04
     DISP CONVERGENCE VALUE   =  0.2699E-04  CRITERION=  0.4201E-04 <<< CONVERGED
    EQUIL ITER   1 COMPLETED.  OLD TRIANG MATRIX.  MAX DOF INC= -0.2699E-04
     FORCE CONVERGENCE VALUE  =  0.3469E-14  CRITERION=  0.5000E-04 <<< CONVERGED
    >>> SOLUTION CONVERGED AFTER EQUILIBRIUM ITERATION   1
 *** LOAD STEP     1   SUBSTEP    16  COMPLETED.    CUM ITER =     26
 *** TIME =  0.160000         TIME INC =  0.100000E-01
 *** MAX VISCOELASTIC STRAIN STEP = 0.1306E-05

     FORCE CONVERGENCE VALUE  =  0.2230E-05  CRITERION=  0.5000E-04
     DISP CONVERGENCE VALUE   =  0.2616E-04  CRITERION=  0.4331E-04 <<< CONVERGED
    EQUIL ITER   1 COMPLETED.  OLD TRIANG MATRIX.  MAX DOF INC= -0.2616E-04
     FORCE CONVERGENCE VALUE  =  0.3172E-14  CRITERION=  0.5000E-04 <<< CONVERGED
    >>> SOLUTION CONVERGED AFTER EQUILIBRIUM ITERATION   1
 *** LOAD STEP     1   SUBSTEP    17  COMPLETED.    CUM ITER =     27
 *** TIME =  0.170000         TIME INC =  0.100000E-01
 *** MAX VISCOELASTIC STRAIN STEP = 0.1350E-05

     FORCE CONVERGENCE VALUE  =  0.2133E-05  CRITERION=  0.5000E-04
     DISP CONVERGENCE VALUE   =  0.2538E-04  CRITERION=  0.4458E-04 <<< CONVERGED
    EQUIL ITER   1 COMPLETED.  OLD TRIANG MATRIX.  MAX DOF INC= -0.2538E-04
     FORCE CONVERGENCE VALUE  =  0.2027E-14  CRITERION=  0.5000E-04 <<< CONVERGED
    >>> SOLUTION CONVERGED AFTER EQUILIBRIUM ITERATION   1
 *** LOAD STEP     1   SUBSTEP    18  COMPLETED.    CUM ITER =     28
 *** TIME =  0.180000         TIME INC =  0.100000E-01
 *** MAX VISCOELASTIC STRAIN STEP = 0.1392E-05

     FORCE CONVERGENCE VALUE  =  0.2037E-05  CRITERION=  0.5000E-04
     DISP CONVERGENCE VALUE   =  0.2464E-04  CRITERION=  0.4581E-04 <<< CONVERGED
    EQUIL ITER   1 COMPLETED.  OLD TRIANG MATRIX.  MAX DOF INC= -0.2464E-04
     FORCE CONVERGENCE VALUE  =  0.3434E-14  CRITERION=  0.5000E-04 <<< CONVERGED
    >>> SOLUTION CONVERGED AFTER EQUILIBRIUM ITERATION   1
 *** LOAD STEP     1   SUBSTEP    19  COMPLETED.    CUM ITER =     29
 *** TIME =  0.190000         TIME INC =  0.100000E-01
 *** MAX VISCOELASTIC STRAIN STEP = 0.1433E-05

     FORCE CONVERGENCE VALUE  =  0.1943E-05  CRITERION=  0.5000E-04
     DISP CONVERGENCE VALUE   =  0.2395E-04  CRITERION=  0.4701E-04 <<< CONVERGED
    EQUIL ITER   1 COMPLETED.  OLD TRIANG MATRIX.  MAX DOF INC= -0.2395E-04
     FORCE CONVERGENCE VALUE  =  0.3925E-14  CRITERION=  0.5000E-04 <<< CONVERGED
    >>> SOLUTION CONVERGED AFTER EQUILIBRIUM ITERATION   1
 *** LOAD STEP     1   SUBSTEP    20  COMPLETED.    CUM ITER =     30
 *** TIME =  0.200000         TIME INC =  0.100000E-01
 *** MAX VISCOELASTIC STRAIN STEP = 0.1473E-05

     FORCE CONVERGENCE VALUE  =  0.1851E-05  CRITERION=  0.5000E-04
     DISP CONVERGENCE VALUE   =  0.2329E-04  CRITERION=  0.4818E-04 <<< CONVERGED
    EQUIL ITER   1 COMPLETED.  OLD TRIANG MATRIX.  MAX DOF INC= -0.2329E-04
     FORCE CONVERGENCE VALUE  =  0.2780E-14  CRITERION=  0.5000E-04 <<< CONVERGED
    >>> SOLUTION CONVERGED AFTER EQUILIBRIUM ITERATION   1
 *** LOAD STEP     1   SUBSTEP    21  COMPLETED.    CUM ITER =     31
 *** TIME =  0.210000         TIME INC =  0.100000E-01
 *** MAX VISCOELASTIC STRAIN STEP = 0.1512E-05

     FORCE CONVERGENCE VALUE  =  0.1762E-05  CRITERION=  0.5000E-04
     DISP CONVERGENCE VALUE   =  0.2268E-04  CRITERION=  0.4931E-04 <<< CONVERGED
    EQUIL ITER   1 COMPLETED.  OLD TRIANG MATRIX.  MAX DOF INC= -0.2268E-04
     FORCE CONVERGENCE VALUE  =  0.7094E-14  CRITERION=  0.5000E-04 <<< CONVERGED
    >>> SOLUTION CONVERGED AFTER EQUILIBRIUM ITERATION   1
 *** LOAD STEP     1   SUBSTEP    22  COMPLETED.    CUM ITER =     32
 *** TIME =  0.220000         TIME INC =  0.100000E-01
 *** MAX VISCOELASTIC STRAIN STEP = 0.1549E-05

     FORCE CONVERGENCE VALUE  =  0.1675E-05  CRITERION=  0.5000E-04
     DISP CONVERGENCE VALUE   =  0.2209E-04  CRITERION=  0.5041E-04 <<< CONVERGED
    EQUIL ITER   1 COMPLETED.  OLD TRIANG MATRIX.  MAX DOF INC= -0.2209E-04
     FORCE CONVERGENCE VALUE  =  0.3809E-14  CRITERION=  0.5000E-04 <<< CONVERGED
    >>> SOLUTION CONVERGED AFTER EQUILIBRIUM ITERATION   1
 *** LOAD STEP     1   SUBSTEP    23  COMPLETED.    CUM ITER =     33
 *** TIME =  0.230000         TIME INC =  0.100000E-01
 *** MAX VISCOELASTIC STRAIN STEP = 0.1585E-05

     FORCE CONVERGENCE VALUE  =  0.1590E-05  CRITERION=  0.5000E-04
     DISP CONVERGENCE VALUE   =  0.2153E-04  CRITERION=  0.5149E-04 <<< CONVERGED
    EQUIL ITER   1 COMPLETED.  OLD TRIANG MATRIX.  MAX DOF INC= -0.2153E-04
     FORCE CONVERGENCE VALUE  =  0.4138E-14  CRITERION=  0.5000E-04 <<< CONVERGED
    >>> SOLUTION CONVERGED AFTER EQUILIBRIUM ITERATION   1
 *** LOAD STEP     1   SUBSTEP    24  COMPLETED.    CUM ITER =     34
 *** TIME =  0.240000         TIME INC =  0.100000E-01
 *** MAX VISCOELASTIC STRAIN STEP = 0.1621E-05

     FORCE CONVERGENCE VALUE  =  0.1509E-05  CRITERION=  0.5000E-04
     DISP CONVERGENCE VALUE   =  0.2100E-04  CRITERION=  0.5254E-04 <<< CONVERGED
    EQUIL ITER   1 COMPLETED.  OLD TRIANG MATRIX.  MAX DOF INC= -0.2100E-04
     FORCE CONVERGENCE VALUE  =  0.5251E-14  CRITERION=  0.5000E-04 <<< CONVERGED
    >>> SOLUTION CONVERGED AFTER EQUILIBRIUM ITERATION   1
 *** LOAD STEP     1   SUBSTEP    25  COMPLETED.    CUM ITER =     35
 *** TIME =  0.250000         TIME INC =  0.100000E-01
 *** MAX VISCOELASTIC STRAIN STEP = 0.1655E-05

     FORCE CONVERGENCE VALUE  =  0.1429E-05  CRITERION=  0.5000E-04
     DISP CONVERGENCE VALUE   =  0.2049E-04  CRITERION=  0.5356E-04 <<< CONVERGED
    EQUIL ITER   1 COMPLETED.  OLD TRIANG MATRIX.  MAX DOF INC= -0.2049E-04
     FORCE CONVERGENCE VALUE  =  0.5447E-14  CRITERION=  0.5000E-04 <<< CONVERGED
    >>> SOLUTION CONVERGED AFTER EQUILIBRIUM ITERATION   1
 *** LOAD STEP     1   SUBSTEP    26  COMPLETED.    CUM ITER =     36
 *** TIME =  0.260000         TIME INC =  0.100000E-01
 *** MAX VISCOELASTIC STRAIN STEP = 0.1689E-05

     FORCE CONVERGENCE VALUE  =  0.1353E-05  CRITERION=  0.5000E-04
     DISP CONVERGENCE VALUE   =  0.2000E-04  CRITERION=  0.5457E-04 <<< CONVERGED
    EQUIL ITER   1 COMPLETED.  OLD TRIANG MATRIX.  MAX DOF INC= -0.2000E-04
     FORCE CONVERGENCE VALUE  =  0.5736E-14  CRITERION=  0.5000E-04 <<< CONVERGED
    >>> SOLUTION CONVERGED AFTER EQUILIBRIUM ITERATION   1
 *** LOAD STEP     1   SUBSTEP    27  COMPLETED.    CUM ITER =     37
 *** TIME =  0.270000         TIME INC =  0.100000E-01
 *** MAX VISCOELASTIC STRAIN STEP = 0.1721E-05

     FORCE CONVERGENCE VALUE  =  0.1279E-05  CRITERION=  0.5000E-04
     DISP CONVERGENCE VALUE   =  0.1954E-04  CRITERION=  0.5554E-04 <<< CONVERGED
    EQUIL ITER   1 COMPLETED.  OLD TRIANG MATRIX.  MAX DOF INC= -0.1954E-04
     FORCE CONVERGENCE VALUE  =  0.6769E-14  CRITERION=  0.5000E-04 <<< CONVERGED
    >>> SOLUTION CONVERGED AFTER EQUILIBRIUM ITERATION   1
 *** LOAD STEP     1   SUBSTEP    28  COMPLETED.    CUM ITER =     38
 *** TIME =  0.280000         TIME INC =  0.100000E-01
 *** MAX VISCOELASTIC STRAIN STEP = 0.1753E-05

     FORCE CONVERGENCE VALUE  =  0.1207E-05  CRITERION=  0.5000E-04
     DISP CONVERGENCE VALUE   =  0.1910E-04  CRITERION=  0.5650E-04 <<< CONVERGED
    EQUIL ITER   1 COMPLETED.  OLD TRIANG MATRIX.  MAX DOF INC= -0.1910E-04
     FORCE CONVERGENCE VALUE  =  0.8988E-14  CRITERION=  0.5000E-04 <<< CONVERGED
    >>> SOLUTION CONVERGED AFTER EQUILIBRIUM ITERATION   1
 *** LOAD STEP     1   SUBSTEP    29  COMPLETED.    CUM ITER =     39
 *** TIME =  0.290000         TIME INC =  0.100000E-01
 *** MAX VISCOELASTIC STRAIN STEP = 0.1784E-05

     FORCE CONVERGENCE VALUE  =  0.1138E-05  CRITERION=  0.5000E-04
     DISP CONVERGENCE VALUE   =  0.1867E-04  CRITERION=  0.5743E-04 <<< CONVERGED
    EQUIL ITER   1 COMPLETED.  OLD TRIANG MATRIX.  MAX DOF INC= -0.1867E-04
     FORCE CONVERGENCE VALUE  =  0.7297E-14  CRITERION=  0.5000E-04 <<< CONVERGED
    >>> SOLUTION CONVERGED AFTER EQUILIBRIUM ITERATION   1
 *** LOAD STEP     1   SUBSTEP    30  COMPLETED.    CUM ITER =     40
 *** TIME =  0.300000         TIME INC =  0.100000E-01
 *** MAX VISCOELASTIC STRAIN STEP = 0.1814E-05

     FORCE CONVERGENCE VALUE  =  0.1071E-05  CRITERION=  0.5000E-04
     DISP CONVERGENCE VALUE   =  0.1827E-04  CRITERION=  0.5834E-04 <<< CONVERGED
    EQUIL ITER   1 COMPLETED.  OLD TRIANG MATRIX.  MAX DOF INC= -0.1827E-04
     FORCE CONVERGENCE VALUE  =  0.7439E-14  CRITERION=  0.5000E-04 <<< CONVERGED
    >>> SOLUTION CONVERGED AFTER EQUILIBRIUM ITERATION   1
 *** LOAD STEP     1   SUBSTEP    31  COMPLETED.    CUM ITER =     41
 *** TIME =  0.310000         TIME INC =  0.100000E-01
 *** MAX VISCOELASTIC STRAIN STEP = 0.1843E-05

     FORCE CONVERGENCE VALUE  =  0.1007E-05  CRITERION=  0.5000E-04
     DISP CONVERGENCE VALUE   =  0.1788E-04  CRITERION=  0.5924E-04 <<< CONVERGED
    EQUIL ITER   1 COMPLETED.  OLD TRIANG MATRIX.  MAX DOF INC= -0.1788E-04
     FORCE CONVERGENCE VALUE  =  0.8491E-14  CRITERION=  0.5000E-04 <<< CONVERGED
    >>> SOLUTION CONVERGED AFTER EQUILIBRIUM ITERATION   1
 *** LOAD STEP     1   SUBSTEP    32  COMPLETED.    CUM ITER =     42
 *** TIME =  0.320000         TIME INC =  0.100000E-01
 *** MAX VISCOELASTIC STRAIN STEP = 0.1872E-05

     FORCE CONVERGENCE VALUE  =  0.9456E-06  CRITERION=  0.5000E-04
     DISP CONVERGENCE VALUE   =  0.1751E-04  CRITERION=  0.6011E-04 <<< CONVERGED
    EQUIL ITER   1 COMPLETED.  OLD TRIANG MATRIX.  MAX DOF INC= -0.1751E-04
     FORCE CONVERGENCE VALUE  =  0.6975E-14  CRITERION=  0.5000E-04 <<< CONVERGED
    >>> SOLUTION CONVERGED AFTER EQUILIBRIUM ITERATION   1
 *** LOAD STEP     1   SUBSTEP    33  COMPLETED.    CUM ITER =     43
 *** TIME =  0.330000         TIME INC =  0.100000E-01
 *** MAX VISCOELASTIC STRAIN STEP = 0.1900E-05

     FORCE CONVERGENCE VALUE  =  0.8864E-06  CRITERION=  0.5000E-04
     DISP CONVERGENCE VALUE   =  0.1715E-04  CRITERION=  0.6097E-04 <<< CONVERGED
    EQUIL ITER   1 COMPLETED.  OLD TRIANG MATRIX.  MAX DOF INC= -0.1715E-04
     FORCE CONVERGENCE VALUE  =  0.6742E-14  CRITERION=  0.5000E-04 <<< CONVERGED
    >>> SOLUTION CONVERGED AFTER EQUILIBRIUM ITERATION   1
 *** LOAD STEP     1   SUBSTEP    34  COMPLETED.    CUM ITER =     44
 *** TIME =  0.340000         TIME INC =  0.100000E-01
 *** MAX VISCOELASTIC STRAIN STEP = 0.1927E-05

     FORCE CONVERGENCE VALUE  =  0.8297E-06  CRITERION=  0.5000E-04
     DISP CONVERGENCE VALUE   =  0.1680E-04  CRITERION=  0.6181E-04 <<< CONVERGED
    EQUIL ITER   1 COMPLETED.  OLD TRIANG MATRIX.  MAX DOF INC= -0.1680E-04
     FORCE CONVERGENCE VALUE  =  0.6943E-14  CRITERION=  0.5000E-04 <<< CONVERGED
    >>> SOLUTION CONVERGED AFTER EQUILIBRIUM ITERATION   1
 *** LOAD STEP     1   SUBSTEP    35  COMPLETED.    CUM ITER =     45
 *** TIME =  0.350000         TIME INC =  0.100000E-01
 *** MAX VISCOELASTIC STRAIN STEP = 0.1954E-05

     FORCE CONVERGENCE VALUE  =  0.7755E-06  CRITERION=  0.5000E-04
     DISP CONVERGENCE VALUE   =  0.1647E-04  CRITERION=  0.6263E-04 <<< CONVERGED
    EQUIL ITER   1 COMPLETED.  OLD TRIANG MATRIX.  MAX DOF INC= -0.1647E-04
     FORCE CONVERGENCE VALUE  =  0.1004E-13  CRITERION=  0.5000E-04 <<< CONVERGED
    >>> SOLUTION CONVERGED AFTER EQUILIBRIUM ITERATION   1
 *** LOAD STEP     1   SUBSTEP    36  COMPLETED.    CUM ITER =     46
 *** TIME =  0.360000         TIME INC =  0.100000E-01
 *** MAX VISCOELASTIC STRAIN STEP = 0.1980E-05

     FORCE CONVERGENCE VALUE  =  0.7239E-06  CRITERION=  0.5000E-04
     DISP CONVERGENCE VALUE   =  0.1616E-04  CRITERION=  0.6344E-04 <<< CONVERGED
    EQUIL ITER   1 COMPLETED.  OLD TRIANG MATRIX.  MAX DOF INC= -0.1616E-04
     FORCE CONVERGENCE VALUE  =  0.1220E-13  CRITERION=  0.5000E-04 <<< CONVERGED
    >>> SOLUTION CONVERGED AFTER EQUILIBRIUM ITERATION   1
 *** LOAD STEP     1   SUBSTEP    37  COMPLETED.    CUM ITER =     47
 *** TIME =  0.370000         TIME INC =  0.100000E-01
 *** MAX VISCOELASTIC STRAIN STEP = 0.2006E-05

     FORCE CONVERGENCE VALUE  =  0.6749E-06  CRITERION=  0.5000E-04
     DISP CONVERGENCE VALUE   =  0.1585E-04  CRITERION=  0.6424E-04 <<< CONVERGED
    EQUIL ITER   1 COMPLETED.  OLD TRIANG MATRIX.  MAX DOF INC= -0.1585E-04
     FORCE CONVERGENCE VALUE  =  0.1177E-13  CRITERION=  0.5000E-04 <<< CONVERGED
    >>> SOLUTION CONVERGED AFTER EQUILIBRIUM ITERATION   1
 *** LOAD STEP     1   SUBSTEP    38  COMPLETED.    CUM ITER =     48
 *** TIME =  0.380000         TIME INC =  0.100000E-01
 *** MAX VISCOELASTIC STRAIN STEP = 0.2031E-05

     FORCE CONVERGENCE VALUE  =  0.6286E-06  CRITERION=  0.5000E-04
     DISP CONVERGENCE VALUE   =  0.1555E-04  CRITERION=  0.6501E-04 <<< CONVERGED
    EQUIL ITER   1 COMPLETED.  OLD TRIANG MATRIX.  MAX DOF INC= -0.1555E-04
     FORCE CONVERGENCE VALUE  =  0.8762E-14  CRITERION=  0.5000E-04 <<< CONVERGED
    >>> SOLUTION CONVERGED AFTER EQUILIBRIUM ITERATION   1
 *** LOAD STEP     1   SUBSTEP    39  COMPLETED.    CUM ITER =     49
 *** TIME =  0.390000         TIME INC =  0.100000E-01
 *** MAX VISCOELASTIC STRAIN STEP = 0.2055E-05

     FORCE CONVERGENCE VALUE  =  0.5852E-06  CRITERION=  0.5000E-04
     DISP CONVERGENCE VALUE   =  0.1527E-04  CRITERION=  0.6578E-04 <<< CONVERGED
    EQUIL ITER   1 COMPLETED.  OLD TRIANG MATRIX.  MAX DOF INC= -0.1527E-04
     FORCE CONVERGENCE VALUE  =  0.1218E-13  CRITERION=  0.5000E-04 <<< CONVERGED
    >>> SOLUTION CONVERGED AFTER EQUILIBRIUM ITERATION   1
 *** LOAD STEP     1   SUBSTEP    40  COMPLETED.    CUM ITER =     50
 *** TIME =  0.400000         TIME INC =  0.100000E-01
 *** MAX VISCOELASTIC STRAIN STEP = 0.2079E-05

     FORCE CONVERGENCE VALUE  =  0.5447E-06  CRITERION=  0.5082E-04
     DISP CONVERGENCE VALUE   =  0.1500E-04  CRITERION=  0.6653E-04 <<< CONVERGED
    EQUIL ITER   1 COMPLETED.  OLD TRIANG MATRIX.  MAX DOF INC= -0.1500E-04
     FORCE CONVERGENCE VALUE  =  0.9952E-14  CRITERION=  0.5090E-04 <<< CONVERGED
    >>> SOLUTION CONVERGED AFTER EQUILIBRIUM ITERATION   1
 *** LOAD STEP     1   SUBSTEP    41  COMPLETED.    CUM ITER =     51
 *** TIME =  0.410000         TIME INC =  0.100000E-01
 *** MAX VISCOELASTIC STRAIN STEP = 0.2102E-05

     FORCE CONVERGENCE VALUE  =  0.5074E-06  CRITERION=  0.5206E-04
     DISP CONVERGENCE VALUE   =  0.1473E-04  CRITERION=  0.6726E-04 <<< CONVERGED
    EQUIL ITER   1 COMPLETED.  OLD TRIANG MATRIX.  MAX DOF INC= -0.1473E-04
     FORCE CONVERGENCE VALUE  =  0.1344E-13  CRITERION=  0.5214E-04 <<< CONVERGED
    >>> SOLUTION CONVERGED AFTER EQUILIBRIUM ITERATION   1
 *** LOAD STEP     1   SUBSTEP    42  COMPLETED.    CUM ITER =     52
 *** TIME =  0.420000         TIME INC =  0.100000E-01
 *** MAX VISCOELASTIC STRAIN STEP = 0.2125E-05

     FORCE CONVERGENCE VALUE  =  0.4734E-06  CRITERION=  0.5330E-04
     DISP CONVERGENCE VALUE   =  0.1448E-04  CRITERION=  0.6799E-04 <<< CONVERGED
    EQUIL ITER   1 COMPLETED.  OLD TRIANG MATRIX.  MAX DOF INC= -0.1448E-04
     FORCE CONVERGENCE VALUE  =  0.1304E-13  CRITERION=  0.5337E-04 <<< CONVERGED
    >>> SOLUTION CONVERGED AFTER EQUILIBRIUM ITERATION   1
 *** LOAD STEP     1   SUBSTEP    43  COMPLETED.    CUM ITER =     53
 *** TIME =  0.430000         TIME INC =  0.100000E-01
 *** MAX VISCOELASTIC STRAIN STEP = 0.2147E-05

     FORCE CONVERGENCE VALUE  =  0.4431E-06  CRITERION=  0.5454E-04
     DISP CONVERGENCE VALUE   =  0.1423E-04  CRITERION=  0.6870E-04 <<< CONVERGED
    EQUIL ITER   1 COMPLETED.  OLD TRIANG MATRIX.  MAX DOF INC= -0.1423E-04
     FORCE CONVERGENCE VALUE  =  0.1258E-13  CRITERION=  0.5461E-04 <<< CONVERGED
    >>> SOLUTION CONVERGED AFTER EQUILIBRIUM ITERATION   1
 *** LOAD STEP     1   SUBSTEP    44  COMPLETED.    CUM ITER =     54
 *** TIME =  0.440000         TIME INC =  0.100000E-01
 *** MAX VISCOELASTIC STRAIN STEP = 0.2169E-05

     FORCE CONVERGENCE VALUE  =  0.4166E-06  CRITERION=  0.5577E-04
     DISP CONVERGENCE VALUE   =  0.1400E-04  CRITERION=  0.6940E-04 <<< CONVERGED
    EQUIL ITER   1 COMPLETED.  OLD TRIANG MATRIX.  MAX DOF INC= -0.1400E-04
     FORCE CONVERGENCE VALUE  =  0.1893E-13  CRITERION=  0.5585E-04 <<< CONVERGED
    >>> SOLUTION CONVERGED AFTER EQUILIBRIUM ITERATION   1
 *** LOAD STEP     1   SUBSTEP    45  COMPLETED.    CUM ITER =     55
 *** TIME =  0.450000         TIME INC =  0.100000E-01
 *** MAX VISCOELASTIC STRAIN STEP = 0.2191E-05

     FORCE CONVERGENCE VALUE  =  0.3943E-06  CRITERION=  0.5701E-04
     DISP CONVERGENCE VALUE   =  0.1377E-04  CRITERION=  0.7009E-04 <<< CONVERGED
    EQUIL ITER   1 COMPLETED.  OLD TRIANG MATRIX.  MAX DOF INC= -0.1377E-04
     FORCE CONVERGENCE VALUE  =  0.1626E-13  CRITERION=  0.5708E-04 <<< CONVERGED
    >>> SOLUTION CONVERGED AFTER EQUILIBRIUM ITERATION   1
 *** LOAD STEP     1   SUBSTEP    46  COMPLETED.    CUM ITER =     56
 *** TIME =  0.460000         TIME INC =  0.100000E-01
 *** MAX VISCOELASTIC STRAIN STEP = 0.2212E-05

     FORCE CONVERGENCE VALUE  =  0.3763E-06  CRITERION=  0.5824E-04
     DISP CONVERGENCE VALUE   =  0.1355E-04  CRITERION=  0.7076E-04 <<< CONVERGED
    EQUIL ITER   1 COMPLETED.  OLD TRIANG MATRIX.  MAX DOF INC= -0.1355E-04
     FORCE CONVERGENCE VALUE  =  0.1607E-13  CRITERION=  0.5831E-04 <<< CONVERGED
    >>> SOLUTION CONVERGED AFTER EQUILIBRIUM ITERATION   1
 *** LOAD STEP     1   SUBSTEP    47  COMPLETED.    CUM ITER =     57
 *** TIME =  0.470000         TIME INC =  0.100000E-01
 *** MAX VISCOELASTIC STRAIN STEP = 0.2233E-05

     FORCE CONVERGENCE VALUE  =  0.3628E-06  CRITERION=  0.5947E-04
     DISP CONVERGENCE VALUE   =  0.1333E-04  CRITERION=  0.7143E-04 <<< CONVERGED
    EQUIL ITER   1 COMPLETED.  OLD TRIANG MATRIX.  MAX DOF INC= -0.1333E-04
     FORCE CONVERGENCE VALUE  =  0.1504E-13  CRITERION=  0.5954E-04 <<< CONVERGED
    >>> SOLUTION CONVERGED AFTER EQUILIBRIUM ITERATION   1
 *** LOAD STEP     1   SUBSTEP    48  COMPLETED.    CUM ITER =     58
 *** TIME =  0.480000         TIME INC =  0.100000E-01
 *** MAX VISCOELASTIC STRAIN STEP = 0.2253E-05

     FORCE CONVERGENCE VALUE  =  0.3539E-06  CRITERION=  0.6070E-04
     DISP CONVERGENCE VALUE   =  0.1313E-04  CRITERION=  0.7209E-04 <<< CONVERGED
    EQUIL ITER   1 COMPLETED.  OLD TRIANG MATRIX.  MAX DOF INC= -0.1313E-04
     FORCE CONVERGENCE VALUE  =  0.3174E-13  CRITERION=  0.6077E-04 <<< CONVERGED
    >>> SOLUTION CONVERGED AFTER EQUILIBRIUM ITERATION   1
 *** LOAD STEP     1   SUBSTEP    49  COMPLETED.    CUM ITER =     59
 *** TIME =  0.490000         TIME INC =  0.100000E-01
 *** MAX VISCOELASTIC STRAIN STEP = 0.2273E-05

     FORCE CONVERGENCE VALUE  =  0.3495E-06  CRITERION=  0.6193E-04
     DISP CONVERGENCE VALUE   =  0.1293E-04  CRITERION=  0.7273E-04 <<< CONVERGED
    EQUIL ITER   1 COMPLETED.  OLD TRIANG MATRIX.  MAX DOF INC= -0.1293E-04
     FORCE CONVERGENCE VALUE  =  0.1850E-13  CRITERION=  0.6200E-04 <<< CONVERGED
    >>> SOLUTION CONVERGED AFTER EQUILIBRIUM ITERATION   1
 *** LOAD STEP     1   SUBSTEP    50  COMPLETED.    CUM ITER =     60
 *** TIME =  0.500000         TIME INC =  0.100000E-01
 *** MAX VISCOELASTIC STRAIN STEP = 0.2292E-05

     FORCE CONVERGENCE VALUE  =  0.3493E-06  CRITERION=  0.6316E-04
     DISP CONVERGENCE VALUE   =  0.1273E-04  CRITERION=  0.7337E-04 <<< CONVERGED
    EQUIL ITER   1 COMPLETED.  OLD TRIANG MATRIX.  MAX DOF INC= -0.1273E-04
     FORCE CONVERGENCE VALUE  =  0.2043E-13  CRITERION=  0.6323E-04 <<< CONVERGED
    >>> SOLUTION CONVERGED AFTER EQUILIBRIUM ITERATION   1
 *** LOAD STEP     1   SUBSTEP    51  COMPLETED.    CUM ITER =     61
 *** TIME =  0.510000         TIME INC =  0.100000E-01
 *** MAX VISCOELASTIC STRAIN STEP = 0.2311E-05

     FORCE CONVERGENCE VALUE  =  0.3530E-06  CRITERION=  0.6439E-04
     DISP CONVERGENCE VALUE   =  0.1254E-04  CRITERION=  0.7400E-04 <<< CONVERGED
    EQUIL ITER   1 COMPLETED.  OLD TRIANG MATRIX.  MAX DOF INC= -0.1254E-04
     FORCE CONVERGENCE VALUE  =  0.1159E-13  CRITERION=  0.6446E-04 <<< CONVERGED
    >>> SOLUTION CONVERGED AFTER EQUILIBRIUM ITERATION   1
 *** LOAD STEP     1   SUBSTEP    52  COMPLETED.    CUM ITER =     62
 *** TIME =  0.520000         TIME INC =  0.100000E-01
 *** MAX VISCOELASTIC STRAIN STEP = 0.2330E-05

     FORCE CONVERGENCE VALUE  =  0.3601E-06  CRITERION=  0.6562E-04
     DISP CONVERGENCE VALUE   =  0.1236E-04  CRITERION=  0.7462E-04 <<< CONVERGED
    EQUIL ITER   1 COMPLETED.  OLD TRIANG MATRIX.  MAX DOF INC= -0.1236E-04
     FORCE CONVERGENCE VALUE  =  0.2376E-13  CRITERION=  0.6568E-04 <<< CONVERGED
    >>> SOLUTION CONVERGED AFTER EQUILIBRIUM ITERATION   1
 *** LOAD STEP     1   SUBSTEP    53  COMPLETED.    CUM ITER =     63
 *** TIME =  0.530000         TIME INC =  0.100000E-01
 *** MAX VISCOELASTIC STRAIN STEP = 0.2348E-05

     FORCE CONVERGENCE VALUE  =  0.3701E-06  CRITERION=  0.6684E-04
     DISP CONVERGENCE VALUE   =  0.1219E-04  CRITERION=  0.7522E-04 <<< CONVERGED
    EQUIL ITER   1 COMPLETED.  OLD TRIANG MATRIX.  MAX DOF INC= -0.1219E-04
     FORCE CONVERGENCE VALUE  =  0.1401E-13  CRITERION=  0.6691E-04 <<< CONVERGED
    >>> SOLUTION CONVERGED AFTER EQUILIBRIUM ITERATION   1
 *** LOAD STEP     1   SUBSTEP    54  COMPLETED.    CUM ITER =     64
 *** TIME =  0.540000         TIME INC =  0.100000E-01
 *** MAX VISCOELASTIC STRAIN STEP = 0.2366E-05

     FORCE CONVERGENCE VALUE  =  0.3824E-06  CRITERION=  0.6807E-04
     DISP CONVERGENCE VALUE   =  0.1201E-04  CRITERION=  0.7583E-04 <<< CONVERGED
    EQUIL ITER   1 COMPLETED.  OLD TRIANG MATRIX.  MAX DOF INC= -0.1201E-04
     FORCE CONVERGENCE VALUE  =  0.2437E-13  CRITERION=  0.6813E-04 <<< CONVERGED
    >>> SOLUTION CONVERGED AFTER EQUILIBRIUM ITERATION   1
 *** LOAD STEP     1   SUBSTEP    55  COMPLETED.    CUM ITER =     65
 *** TIME =  0.550000         TIME INC =  0.100000E-01
 *** MAX VISCOELASTIC STRAIN STEP = 0.2384E-05

     FORCE CONVERGENCE VALUE  =  0.3968E-06  CRITERION=  0.6929E-04
     DISP CONVERGENCE VALUE   =  0.1185E-04  CRITERION=  0.7642E-04 <<< CONVERGED
    EQUIL ITER   1 COMPLETED.  OLD TRIANG MATRIX.  MAX DOF INC= -0.1185E-04
     FORCE CONVERGENCE VALUE  =  0.2894E-13  CRITERION=  0.6935E-04 <<< CONVERGED
    >>> SOLUTION CONVERGED AFTER EQUILIBRIUM ITERATION   1
 *** LOAD STEP     1   SUBSTEP    56  COMPLETED.    CUM ITER =     66
 *** TIME =  0.560000         TIME INC =  0.100000E-01
 *** MAX VISCOELASTIC STRAIN STEP = 0.2402E-05

     FORCE CONVERGENCE VALUE  =  0.4126E-06  CRITERION=  0.7051E-04
     DISP CONVERGENCE VALUE   =  0.1169E-04  CRITERION=  0.7700E-04 <<< CONVERGED
    EQUIL ITER   1 COMPLETED.  OLD TRIANG MATRIX.  MAX DOF INC= -0.1169E-04
     FORCE CONVERGENCE VALUE  =  0.2815E-13  CRITERION=  0.7057E-04 <<< CONVERGED
    >>> SOLUTION CONVERGED AFTER EQUILIBRIUM ITERATION   1
 *** LOAD STEP     1   SUBSTEP    57  COMPLETED.    CUM ITER =     67
 *** TIME =  0.570000         TIME INC =  0.100000E-01
 *** MAX VISCOELASTIC STRAIN STEP = 0.2419E-05

     FORCE CONVERGENCE VALUE  =  0.4295E-06  CRITERION=  0.7173E-04
     DISP CONVERGENCE VALUE   =  0.1153E-04  CRITERION=  0.7758E-04 <<< CONVERGED
    EQUIL ITER   1 COMPLETED.  OLD TRIANG MATRIX.  MAX DOF INC= -0.1153E-04
     FORCE CONVERGENCE VALUE  =  0.1009E-13  CRITERION=  0.7179E-04 <<< CONVERGED
    >>> SOLUTION CONVERGED AFTER EQUILIBRIUM ITERATION   1
 *** LOAD STEP     1   SUBSTEP    58  COMPLETED.    CUM ITER =     68
 *** TIME =  0.580000         TIME INC =  0.100000E-01
 *** MAX VISCOELASTIC STRAIN STEP = 0.2436E-05

     FORCE CONVERGENCE VALUE  =  0.4473E-06  CRITERION=  0.7295E-04
     DISP CONVERGENCE VALUE   =  0.1138E-04  CRITERION=  0.7815E-04 <<< CONVERGED
    EQUIL ITER   1 COMPLETED.  OLD TRIANG MATRIX.  MAX DOF INC= -0.1138E-04
     FORCE CONVERGENCE VALUE  =  0.1870E-13  CRITERION=  0.7301E-04 <<< CONVERGED
    >>> SOLUTION CONVERGED AFTER EQUILIBRIUM ITERATION   1
 *** LOAD STEP     1   SUBSTEP    59  COMPLETED.    CUM ITER =     69
 *** TIME =  0.590000         TIME INC =  0.100000E-01
 *** MAX VISCOELASTIC STRAIN STEP = 0.2452E-05

     FORCE CONVERGENCE VALUE  =  0.4657E-06  CRITERION=  0.7417E-04
     DISP CONVERGENCE VALUE   =  0.1123E-04  CRITERION=  0.7871E-04 <<< CONVERGED
    EQUIL ITER   1 COMPLETED.  OLD TRIANG MATRIX.  MAX DOF INC= -0.1123E-04
     FORCE CONVERGENCE VALUE  =  0.2319E-13  CRITERION=  0.7423E-04 <<< CONVERGED
    >>> SOLUTION CONVERGED AFTER EQUILIBRIUM ITERATION   1
 *** LOAD STEP     1   SUBSTEP    60  COMPLETED.    CUM ITER =     70
 *** TIME =  0.600000         TIME INC =  0.100000E-01
 *** MAX VISCOELASTIC STRAIN STEP = 0.2469E-05

     FORCE CONVERGENCE VALUE  =  0.4845E-06  CRITERION=  0.7538E-04
     DISP CONVERGENCE VALUE   =  0.1109E-04  CRITERION=  0.7926E-04 <<< CONVERGED
    EQUIL ITER   1 COMPLETED.  OLD TRIANG MATRIX.  MAX DOF INC= -0.1109E-04
     FORCE CONVERGENCE VALUE  =  0.2649E-13  CRITERION=  0.7544E-04 <<< CONVERGED
    >>> SOLUTION CONVERGED AFTER EQUILIBRIUM ITERATION   1
 *** LOAD STEP     1   SUBSTEP    61  COMPLETED.    CUM ITER =     71
 *** TIME =  0.610000         TIME INC =  0.100000E-01
 *** MAX VISCOELASTIC STRAIN STEP = 0.2485E-05

     FORCE CONVERGENCE VALUE  =  0.5035E-06  CRITERION=  0.7660E-04
     DISP CONVERGENCE VALUE   =  0.1095E-04  CRITERION=  0.7981E-04 <<< CONVERGED
    EQUIL ITER   1 COMPLETED.  OLD TRIANG MATRIX.  MAX DOF INC= -0.1095E-04
     FORCE CONVERGENCE VALUE  =  0.2914E-13  CRITERION=  0.7666E-04 <<< CONVERGED
    >>> SOLUTION CONVERGED AFTER EQUILIBRIUM ITERATION   1
 *** LOAD STEP     1   SUBSTEP    62  COMPLETED.    CUM ITER =     72
 *** TIME =  0.620000         TIME INC =  0.100000E-01
 *** MAX VISCOELASTIC STRAIN STEP = 0.2500E-05

     FORCE CONVERGENCE VALUE  =  0.5226E-06  CRITERION=  0.7782E-04
     DISP CONVERGENCE VALUE   =  0.1081E-04  CRITERION=  0.8035E-04 <<< CONVERGED
    EQUIL ITER   1 COMPLETED.  OLD TRIANG MATRIX.  MAX DOF INC= -0.1081E-04
     FORCE CONVERGENCE VALUE  =  0.1443E-13  CRITERION=  0.7787E-04 <<< CONVERGED
    >>> SOLUTION CONVERGED AFTER EQUILIBRIUM ITERATION   1
 *** LOAD STEP     1   SUBSTEP    63  COMPLETED.    CUM ITER =     73
 *** TIME =  0.630000         TIME INC =  0.100000E-01
 *** MAX VISCOELASTIC STRAIN STEP = 0.2516E-05

     FORCE CONVERGENCE VALUE  =  0.5416E-06  CRITERION=  0.7903E-04
     DISP CONVERGENCE VALUE   =  0.1068E-04  CRITERION=  0.8088E-04 <<< CONVERGED
    EQUIL ITER   1 COMPLETED.  OLD TRIANG MATRIX.  MAX DOF INC= -0.1068E-04
     FORCE CONVERGENCE VALUE  =  0.1910E-13  CRITERION=  0.7908E-04 <<< CONVERGED
    >>> SOLUTION CONVERGED AFTER EQUILIBRIUM ITERATION   1
 *** LOAD STEP     1   SUBSTEP    64  COMPLETED.    CUM ITER =     74
 *** TIME =  0.640000         TIME INC =  0.100000E-01
 *** MAX VISCOELASTIC STRAIN STEP = 0.2531E-05

     FORCE CONVERGENCE VALUE  =  0.5606E-06  CRITERION=  0.8024E-04
     DISP CONVERGENCE VALUE   =  0.1055E-04  CRITERION=  0.8141E-04 <<< CONVERGED
    EQUIL ITER   1 COMPLETED.  OLD TRIANG MATRIX.  MAX DOF INC= -0.1055E-04
     FORCE CONVERGENCE VALUE  =  0.3207E-13  CRITERION=  0.8030E-04 <<< CONVERGED
    >>> SOLUTION CONVERGED AFTER EQUILIBRIUM ITERATION   1
 *** LOAD STEP     1   SUBSTEP    65  COMPLETED.    CUM ITER =     75
 *** TIME =  0.650000         TIME INC =  0.100000E-01
 *** MAX VISCOELASTIC STRAIN STEP = 0.2546E-05

     FORCE CONVERGENCE VALUE  =  0.5794E-06  CRITERION=  0.8145E-04
     DISP CONVERGENCE VALUE   =  0.1042E-04  CRITERION=  0.8193E-04 <<< CONVERGED
    EQUIL ITER   1 COMPLETED.  OLD TRIANG MATRIX.  MAX DOF INC= -0.1042E-04
     FORCE CONVERGENCE VALUE  =  0.2230E-13  CRITERION=  0.8151E-04 <<< CONVERGED
    >>> SOLUTION CONVERGED AFTER EQUILIBRIUM ITERATION   1
 *** LOAD STEP     1   SUBSTEP    66  COMPLETED.    CUM ITER =     76
 *** TIME =  0.660000         TIME INC =  0.100000E-01
 *** MAX VISCOELASTIC STRAIN STEP = 0.2561E-05

     FORCE CONVERGENCE VALUE  =  0.5979E-06  CRITERION=  0.8266E-04
     DISP CONVERGENCE VALUE   =  0.1030E-04  CRITERION=  0.8245E-04 <<< CONVERGED
    EQUIL ITER   1 COMPLETED.  OLD TRIANG MATRIX.  MAX DOF INC= -0.1030E-04
     FORCE CONVERGENCE VALUE  =  0.2930E-13  CRITERION=  0.8272E-04 <<< CONVERGED
    >>> SOLUTION CONVERGED AFTER EQUILIBRIUM ITERATION   1
 *** LOAD STEP     1   SUBSTEP    67  COMPLETED.    CUM ITER =     77
 *** TIME =  0.670000         TIME INC =  0.100000E-01
 *** MAX VISCOELASTIC STRAIN STEP = 0.2576E-05

     FORCE CONVERGENCE VALUE  =  0.6162E-06  CRITERION=  0.8387E-04
     DISP CONVERGENCE VALUE   =  0.1018E-04  CRITERION=  0.8296E-04 <<< CONVERGED
    EQUIL ITER   1 COMPLETED.  OLD TRIANG MATRIX.  MAX DOF INC= -0.1018E-04
     FORCE CONVERGENCE VALUE  =  0.2703E-13  CRITERION=  0.8392E-04 <<< CONVERGED
    >>> SOLUTION CONVERGED AFTER EQUILIBRIUM ITERATION   1
 *** LOAD STEP     1   SUBSTEP    68  COMPLETED.    CUM ITER =     78
 *** TIME =  0.680000         TIME INC =  0.100000E-01
 *** MAX VISCOELASTIC STRAIN STEP = 0.2590E-05

     FORCE CONVERGENCE VALUE  =  0.6342E-06  CRITERION=  0.8508E-04
     DISP CONVERGENCE VALUE   =  0.1006E-04  CRITERION=  0.8346E-04 <<< CONVERGED
    EQUIL ITER   1 COMPLETED.  OLD TRIANG MATRIX.  MAX DOF INC= -0.1006E-04
     FORCE CONVERGENCE VALUE  =  0.2913E-13  CRITERION=  0.8513E-04 <<< CONVERGED
    >>> SOLUTION CONVERGED AFTER EQUILIBRIUM ITERATION   1
 *** LOAD STEP     1   SUBSTEP    69  COMPLETED.    CUM ITER =     79
 *** TIME =  0.690000         TIME INC =  0.100000E-01
 *** MAX VISCOELASTIC STRAIN STEP = 0.2604E-05

     FORCE CONVERGENCE VALUE  =  0.6519E-06  CRITERION=  0.8629E-04
     DISP CONVERGENCE VALUE   =  0.9951E-05  CRITERION=  0.8396E-04 <<< CONVERGED
    EQUIL ITER   1 COMPLETED.  OLD TRIANG MATRIX.  MAX DOF INC= -0.9951E-05
     FORCE CONVERGENCE VALUE  =  0.2186E-13  CRITERION=  0.8634E-04 <<< CONVERGED
    >>> SOLUTION CONVERGED AFTER EQUILIBRIUM ITERATION   1
 *** LOAD STEP     1   SUBSTEP    70  COMPLETED.    CUM ITER =     80
 *** TIME =  0.700000         TIME INC =  0.100000E-01
 *** MAX VISCOELASTIC STRAIN STEP = 0.2618E-05

     FORCE CONVERGENCE VALUE  =  0.6692E-06  CRITERION=  0.8749E-04
     DISP CONVERGENCE VALUE   =  0.9840E-05  CRITERION=  0.8445E-04 <<< CONVERGED
    EQUIL ITER   1 COMPLETED.  OLD TRIANG MATRIX.  MAX DOF INC= -0.9840E-05
     FORCE CONVERGENCE VALUE  =  0.2823E-13  CRITERION=  0.8754E-04 <<< CONVERGED
    >>> SOLUTION CONVERGED AFTER EQUILIBRIUM ITERATION   1
 *** LOAD STEP     1   SUBSTEP    71  COMPLETED.    CUM ITER =     81
 *** TIME =  0.710000         TIME INC =  0.100000E-01
 *** MAX VISCOELASTIC STRAIN STEP = 0.2632E-05

     FORCE CONVERGENCE VALUE  =  0.6862E-06  CRITERION=  0.8870E-04
     DISP CONVERGENCE VALUE   =  0.9732E-05  CRITERION=  0.8494E-04 <<< CONVERGED
    EQUIL ITER   1 COMPLETED.  OLD TRIANG MATRIX.  MAX DOF INC= -0.9732E-05
     FORCE CONVERGENCE VALUE  =  0.2447E-13  CRITERION=  0.8875E-04 <<< CONVERGED
    >>> SOLUTION CONVERGED AFTER EQUILIBRIUM ITERATION   1
 *** LOAD STEP     1   SUBSTEP    72  COMPLETED.    CUM ITER =     82
 *** TIME =  0.720000         TIME INC =  0.100000E-01
 *** MAX VISCOELASTIC STRAIN STEP = 0.2645E-05

     FORCE CONVERGENCE VALUE  =  0.7028E-06  CRITERION=  0.8990E-04
     DISP CONVERGENCE VALUE   =  0.9626E-05  CRITERION=  0.8542E-04 <<< CONVERGED
    EQUIL ITER   1 COMPLETED.  OLD TRIANG MATRIX.  MAX DOF INC= -0.9626E-05
     FORCE CONVERGENCE VALUE  =  0.2485E-13  CRITERION=  0.8995E-04 <<< CONVERGED
    >>> SOLUTION CONVERGED AFTER EQUILIBRIUM ITERATION   1
 *** LOAD STEP     1   SUBSTEP    73  COMPLETED.    CUM ITER =     83
 *** TIME =  0.730000         TIME INC =  0.100000E-01
 *** MAX VISCOELASTIC STRAIN STEP = 0.2659E-05

     FORCE CONVERGENCE VALUE  =  0.7191E-06  CRITERION=  0.9110E-04
     DISP CONVERGENCE VALUE   =  0.9523E-05  CRITERION=  0.8589E-04 <<< CONVERGED
    EQUIL ITER   1 COMPLETED.  OLD TRIANG MATRIX.  MAX DOF INC= -0.9523E-05
     FORCE CONVERGENCE VALUE  =  0.2287E-13  CRITERION=  0.9115E-04 <<< CONVERGED
    >>> SOLUTION CONVERGED AFTER EQUILIBRIUM ITERATION   1
 *** LOAD STEP     1   SUBSTEP    74  COMPLETED.    CUM ITER =     84
 *** TIME =  0.740000         TIME INC =  0.100000E-01
 *** MAX VISCOELASTIC STRAIN STEP = 0.2672E-05

     FORCE CONVERGENCE VALUE  =  0.7350E-06  CRITERION=  0.9231E-04
     DISP CONVERGENCE VALUE   =  0.9422E-05  CRITERION=  0.8637E-04 <<< CONVERGED
    EQUIL ITER   1 COMPLETED.  OLD TRIANG MATRIX.  MAX DOF INC= -0.9422E-05
     FORCE CONVERGENCE VALUE  =  0.2776E-13  CRITERION=  0.9236E-04 <<< CONVERGED
    >>> SOLUTION CONVERGED AFTER EQUILIBRIUM ITERATION   1
 *** LOAD STEP     1   SUBSTEP    75  COMPLETED.    CUM ITER =     85
 *** TIME =  0.750000         TIME INC =  0.100000E-01
 *** MAX VISCOELASTIC STRAIN STEP = 0.2685E-05

     FORCE CONVERGENCE VALUE  =  0.7505E-06  CRITERION=  0.9351E-04
     DISP CONVERGENCE VALUE   =  0.9323E-05  CRITERION=  0.8683E-04 <<< CONVERGED
    EQUIL ITER   1 COMPLETED.  OLD TRIANG MATRIX.  MAX DOF INC= -0.9323E-05
     FORCE CONVERGENCE VALUE  =  0.4335E-13  CRITERION=  0.9356E-04 <<< CONVERGED
    >>> SOLUTION CONVERGED AFTER EQUILIBRIUM ITERATION   1
 *** LOAD STEP     1   SUBSTEP    76  COMPLETED.    CUM ITER =     86
 *** TIME =  0.760000         TIME INC =  0.100000E-01
 *** MAX VISCOELASTIC STRAIN STEP = 0.2698E-05

     FORCE CONVERGENCE VALUE  =  0.7657E-06  CRITERION=  0.9471E-04
     DISP CONVERGENCE VALUE   =  0.9226E-05  CRITERION=  0.8729E-04 <<< CONVERGED
    EQUIL ITER   1 COMPLETED.  OLD TRIANG MATRIX.  MAX DOF INC= -0.9226E-05
     FORCE CONVERGENCE VALUE  =  0.4515E-13  CRITERION=  0.9475E-04 <<< CONVERGED
    >>> SOLUTION CONVERGED AFTER EQUILIBRIUM ITERATION   1
 *** LOAD STEP     1   SUBSTEP    77  COMPLETED.    CUM ITER =     87
 *** TIME =  0.770000         TIME INC =  0.100000E-01
 *** MAX VISCOELASTIC STRAIN STEP = 0.2710E-05

     FORCE CONVERGENCE VALUE  =  0.7804E-06  CRITERION=  0.9590E-04
     DISP CONVERGENCE VALUE   =  0.9132E-05  CRITERION=  0.8775E-04 <<< CONVERGED
    EQUIL ITER   1 COMPLETED.  OLD TRIANG MATRIX.  MAX DOF INC= -0.9132E-05
     FORCE CONVERGENCE VALUE  =  0.2844E-13  CRITERION=  0.9595E-04 <<< CONVERGED
    >>> SOLUTION CONVERGED AFTER EQUILIBRIUM ITERATION   1
 *** LOAD STEP     1   SUBSTEP    78  COMPLETED.    CUM ITER =     88
 *** TIME =  0.780000         TIME INC =  0.100000E-01
 *** MAX VISCOELASTIC STRAIN STEP = 0.2723E-05

     FORCE CONVERGENCE VALUE  =  0.7949E-06  CRITERION=  0.9710E-04
     DISP CONVERGENCE VALUE   =  0.9039E-05  CRITERION=  0.8820E-04 <<< CONVERGED
    EQUIL ITER   1 COMPLETED.  OLD TRIANG MATRIX.  MAX DOF INC= -0.9039E-05
     FORCE CONVERGENCE VALUE  =  0.2636E-13  CRITERION=  0.9715E-04 <<< CONVERGED
    >>> SOLUTION CONVERGED AFTER EQUILIBRIUM ITERATION   1
 *** LOAD STEP     1   SUBSTEP    79  COMPLETED.    CUM ITER =     89
 *** TIME =  0.790000         TIME INC =  0.100000E-01
 *** MAX VISCOELASTIC STRAIN STEP = 0.2735E-05

     FORCE CONVERGENCE VALUE  =  0.8089E-06  CRITERION=  0.9830E-04
     DISP CONVERGENCE VALUE   =  0.8949E-05  CRITERION=  0.8865E-04 <<< CONVERGED
    EQUIL ITER   1 COMPLETED.  OLD TRIANG MATRIX.  MAX DOF INC= -0.8949E-05
     FORCE CONVERGENCE VALUE  =  0.2892E-13  CRITERION=  0.9835E-04 <<< CONVERGED
    >>> SOLUTION CONVERGED AFTER EQUILIBRIUM ITERATION   1
 *** LOAD STEP     1   SUBSTEP    80  COMPLETED.    CUM ITER =     90
 *** TIME =  0.800000         TIME INC =  0.100000E-01
 *** MAX VISCOELASTIC STRAIN STEP = 0.2747E-05

     FORCE CONVERGENCE VALUE  =  0.8226E-06  CRITERION=  0.9950E-04
     DISP CONVERGENCE VALUE   =  0.8860E-05  CRITERION=  0.8909E-04 <<< CONVERGED
    EQUIL ITER   1 COMPLETED.  OLD TRIANG MATRIX.  MAX DOF INC= -0.8860E-05
     FORCE CONVERGENCE VALUE  =  0.3512E-13  CRITERION=  0.9954E-04 <<< CONVERGED
    >>> SOLUTION CONVERGED AFTER EQUILIBRIUM ITERATION   1
 *** LOAD STEP     1   SUBSTEP    81  COMPLETED.    CUM ITER =     91
 *** TIME =  0.810000         TIME INC =  0.100000E-01
 *** MAX VISCOELASTIC STRAIN STEP = 0.2759E-05

     FORCE CONVERGENCE VALUE  =  0.8360E-06  CRITERION=  0.1007E-03
     DISP CONVERGENCE VALUE   =  0.8773E-05  CRITERION=  0.8953E-04 <<< CONVERGED
    EQUIL ITER   1 COMPLETED.  OLD TRIANG MATRIX.  MAX DOF INC= -0.8773E-05
     FORCE CONVERGENCE VALUE  =  0.4145E-13  CRITERION=  0.1007E-03 <<< CONVERGED
    >>> SOLUTION CONVERGED AFTER EQUILIBRIUM ITERATION   1
 *** LOAD STEP     1   SUBSTEP    82  COMPLETED.    CUM ITER =     92
 *** TIME =  0.820000         TIME INC =  0.100000E-01
 *** MAX VISCOELASTIC STRAIN STEP = 0.2771E-05

     FORCE CONVERGENCE VALUE  =  0.8490E-06  CRITERION=  0.1019E-03
     DISP CONVERGENCE VALUE   =  0.8688E-05  CRITERION=  0.8997E-04 <<< CONVERGED
    EQUIL ITER   1 COMPLETED.  OLD TRIANG MATRIX.  MAX DOF INC= -0.8688E-05
     FORCE CONVERGENCE VALUE  =  0.2794E-13  CRITERION=  0.1019E-03 <<< CONVERGED
    >>> SOLUTION CONVERGED AFTER EQUILIBRIUM ITERATION   1
 *** LOAD STEP     1   SUBSTEP    83  COMPLETED.    CUM ITER =     93
 *** TIME =  0.830000         TIME INC =  0.100000E-01
 *** MAX VISCOELASTIC STRAIN STEP = 0.2783E-05

     FORCE CONVERGENCE VALUE  =  0.8616E-06  CRITERION=  0.1031E-03
     DISP CONVERGENCE VALUE   =  0.8605E-05  CRITERION=  0.9040E-04 <<< CONVERGED
    EQUIL ITER   1 COMPLETED.  OLD TRIANG MATRIX.  MAX DOF INC= -0.8605E-05
     FORCE CONVERGENCE VALUE  =  0.2760E-13  CRITERION=  0.1031E-03 <<< CONVERGED
    >>> SOLUTION CONVERGED AFTER EQUILIBRIUM ITERATION   1
 *** LOAD STEP     1   SUBSTEP    84  COMPLETED.    CUM ITER =     94
 *** TIME =  0.840000         TIME INC =  0.100000E-01
 *** MAX VISCOELASTIC STRAIN STEP = 0.2794E-05

     FORCE CONVERGENCE VALUE  =  0.8739E-06  CRITERION=  0.1043E-03
     DISP CONVERGENCE VALUE   =  0.8523E-05  CRITERION=  0.9082E-04 <<< CONVERGED
    EQUIL ITER   1 COMPLETED.  OLD TRIANG MATRIX.  MAX DOF INC= -0.8523E-05
     FORCE CONVERGENCE VALUE  =  0.3654E-13  CRITERION=  0.1043E-03 <<< CONVERGED
    >>> SOLUTION CONVERGED AFTER EQUILIBRIUM ITERATION   1
 *** LOAD STEP     1   SUBSTEP    85  COMPLETED.    CUM ITER =     95
 *** TIME =  0.850000         TIME INC =  0.100000E-01
 *** MAX VISCOELASTIC STRAIN STEP = 0.2805E-05

     FORCE CONVERGENCE VALUE  =  0.8859E-06  CRITERION=  0.1055E-03
     DISP CONVERGENCE VALUE   =  0.8443E-05  CRITERION=  0.9124E-04 <<< CONVERGED
    EQUIL ITER   1 COMPLETED.  OLD TRIANG MATRIX.  MAX DOF INC= -0.8443E-05
     FORCE CONVERGENCE VALUE  =  0.4090E-13  CRITERION=  0.1055E-03 <<< CONVERGED
    >>> SOLUTION CONVERGED AFTER EQUILIBRIUM ITERATION   1
 *** LOAD STEP     1   SUBSTEP    86  COMPLETED.    CUM ITER =     96
 *** TIME =  0.860000         TIME INC =  0.100000E-01
 *** MAX VISCOELASTIC STRAIN STEP = 0.2817E-05

     FORCE CONVERGENCE VALUE  =  0.8976E-06  CRITERION=  0.1067E-03
     DISP CONVERGENCE VALUE   =  0.8364E-05  CRITERION=  0.9166E-04 <<< CONVERGED
    EQUIL ITER   1 COMPLETED.  OLD TRIANG MATRIX.  MAX DOF INC= -0.8364E-05
     FORCE CONVERGENCE VALUE  =  0.3936E-13  CRITERION=  0.1067E-03 <<< CONVERGED
    >>> SOLUTION CONVERGED AFTER EQUILIBRIUM ITERATION   1
 *** LOAD STEP     1   SUBSTEP    87  COMPLETED.    CUM ITER =     97
 *** TIME =  0.870000         TIME INC =  0.100000E-01
 *** MAX VISCOELASTIC STRAIN STEP = 0.2828E-05

     FORCE CONVERGENCE VALUE  =  0.9090E-06  CRITERION=  0.1078E-03
     DISP CONVERGENCE VALUE   =  0.8287E-05  CRITERION=  0.9208E-04 <<< CONVERGED
    EQUIL ITER   1 COMPLETED.  OLD TRIANG MATRIX.  MAX DOF INC= -0.8287E-05
     FORCE CONVERGENCE VALUE  =  0.3659E-13  CRITERION=  0.1079E-03 <<< CONVERGED
    >>> SOLUTION CONVERGED AFTER EQUILIBRIUM ITERATION   1
 *** LOAD STEP     1   SUBSTEP    88  COMPLETED.    CUM ITER =     98
 *** TIME =  0.880000         TIME INC =  0.100000E-01
 *** MAX VISCOELASTIC STRAIN STEP = 0.2838E-05

     FORCE CONVERGENCE VALUE  =  0.9200E-06  CRITERION=  0.1090E-03
     DISP CONVERGENCE VALUE   =  0.8211E-05  CRITERION=  0.9249E-04 <<< CONVERGED
    EQUIL ITER   1 COMPLETED.  OLD TRIANG MATRIX.  MAX DOF INC= -0.8211E-05
     FORCE CONVERGENCE VALUE  =  0.2059E-13  CRITERION=  0.1091E-03 <<< CONVERGED
    >>> SOLUTION CONVERGED AFTER EQUILIBRIUM ITERATION   1
 *** LOAD STEP     1   SUBSTEP    89  COMPLETED.    CUM ITER =     99
 *** TIME =  0.890000         TIME INC =  0.100000E-01
 *** MAX VISCOELASTIC STRAIN STEP = 0.2849E-05

     FORCE CONVERGENCE VALUE  =  0.9308E-06  CRITERION=  0.1102E-03
     DISP CONVERGENCE VALUE   =  0.8137E-05  CRITERION=  0.9289E-04 <<< CONVERGED
    EQUIL ITER   1 COMPLETED.  OLD TRIANG MATRIX.  MAX DOF INC= -0.8137E-05
     FORCE CONVERGENCE VALUE  =  0.2402E-13  CRITERION=  0.1103E-03 <<< CONVERGED
    >>> SOLUTION CONVERGED AFTER EQUILIBRIUM ITERATION   1
 *** LOAD STEP     1   SUBSTEP    90  COMPLETED.    CUM ITER =    100
 *** TIME =  0.900000         TIME INC =  0.100000E-01
 *** MAX VISCOELASTIC STRAIN STEP = 0.2860E-05

     FORCE CONVERGENCE VALUE  =  0.9413E-06  CRITERION=  0.1114E-03
     DISP CONVERGENCE VALUE   =  0.8064E-05  CRITERION=  0.9330E-04 <<< CONVERGED
    EQUIL ITER   1 COMPLETED.  OLD TRIANG MATRIX.  MAX DOF INC= -0.8064E-05
     FORCE CONVERGENCE VALUE  =  0.3903E-13  CRITERION=  0.1115E-03 <<< CONVERGED
    >>> SOLUTION CONVERGED AFTER EQUILIBRIUM ITERATION   1
 *** LOAD STEP     1   SUBSTEP    91  COMPLETED.    CUM ITER =    101
 *** TIME =  0.910000         TIME INC =  0.100000E-01
 *** MAX VISCOELASTIC STRAIN STEP = 0.2870E-05

     FORCE CONVERGENCE VALUE  =  0.9514E-06  CRITERION=  0.1126E-03
     DISP CONVERGENCE VALUE   =  0.7992E-05  CRITERION=  0.9370E-04 <<< CONVERGED
    EQUIL ITER   1 COMPLETED.  OLD TRIANG MATRIX.  MAX DOF INC= -0.7992E-05
     FORCE CONVERGENCE VALUE  =  0.2725E-13  CRITERION=  0.1126E-03 <<< CONVERGED
    >>> SOLUTION CONVERGED AFTER EQUILIBRIUM ITERATION   1
 *** LOAD STEP     1   SUBSTEP    92  COMPLETED.    CUM ITER =    102
 *** TIME =  0.920000         TIME INC =  0.100000E-01
 *** MAX VISCOELASTIC STRAIN STEP = 0.2881E-05

     FORCE CONVERGENCE VALUE  =  0.9613E-06  CRITERION=  0.1138E-03
     DISP CONVERGENCE VALUE   =  0.7922E-05  CRITERION=  0.9409E-04 <<< CONVERGED
    EQUIL ITER   1 COMPLETED.  OLD TRIANG MATRIX.  MAX DOF INC= -0.7922E-05
     FORCE CONVERGENCE VALUE  =  0.4931E-13  CRITERION=  0.1138E-03 <<< CONVERGED
    >>> SOLUTION CONVERGED AFTER EQUILIBRIUM ITERATION   1
 *** LOAD STEP     1   SUBSTEP    93  COMPLETED.    CUM ITER =    103
 *** TIME =  0.930000         TIME INC =  0.100000E-01
 *** MAX VISCOELASTIC STRAIN STEP = 0.2891E-05

     FORCE CONVERGENCE VALUE  =  0.9710E-06  CRITERION=  0.1150E-03
     DISP CONVERGENCE VALUE   =  0.7853E-05  CRITERION=  0.9449E-04 <<< CONVERGED
    EQUIL ITER   1 COMPLETED.  OLD TRIANG MATRIX.  MAX DOF INC= -0.7853E-05
     FORCE CONVERGENCE VALUE  =  0.3683E-13  CRITERION=  0.1150E-03 <<< CONVERGED
    >>> SOLUTION CONVERGED AFTER EQUILIBRIUM ITERATION   1
 *** LOAD STEP     1   SUBSTEP    94  COMPLETED.    CUM ITER =    104
 *** TIME =  0.940000         TIME INC =  0.100000E-01
 *** MAX VISCOELASTIC STRAIN STEP = 0.2901E-05

     FORCE CONVERGENCE VALUE  =  0.9803E-06  CRITERION=  0.1161E-03
     DISP CONVERGENCE VALUE   =  0.7785E-05  CRITERION=  0.9487E-04 <<< CONVERGED
    EQUIL ITER   1 COMPLETED.  OLD TRIANG MATRIX.  MAX DOF INC= -0.7785E-05
     FORCE CONVERGENCE VALUE  =  0.2184E-13  CRITERION=  0.1162E-03 <<< CONVERGED
    >>> SOLUTION CONVERGED AFTER EQUILIBRIUM ITERATION   1
 *** LOAD STEP     1   SUBSTEP    95  COMPLETED.    CUM ITER =    105
 *** TIME =  0.950000         TIME INC =  0.100000E-01
 *** MAX VISCOELASTIC STRAIN STEP = 0.2911E-05

     FORCE CONVERGENCE VALUE  =  0.9894E-06  CRITERION=  0.1173E-03
     DISP CONVERGENCE VALUE   =  0.7718E-05  CRITERION=  0.9526E-04 <<< CONVERGED
    EQUIL ITER   1 COMPLETED.  OLD TRIANG MATRIX.  MAX DOF INC= -0.7718E-05
     FORCE CONVERGENCE VALUE  =  0.3415E-13  CRITERION=  0.1174E-03 <<< CONVERGED
    >>> SOLUTION CONVERGED AFTER EQUILIBRIUM ITERATION   1
 *** LOAD STEP     1   SUBSTEP    96  COMPLETED.    CUM ITER =    106
 *** TIME =  0.960000         TIME INC =  0.100000E-01
 *** MAX VISCOELASTIC STRAIN STEP = 0.2921E-05

     FORCE CONVERGENCE VALUE  =  0.9983E-06  CRITERION=  0.1185E-03
     DISP CONVERGENCE VALUE   =  0.7652E-05  CRITERION=  0.9564E-04 <<< CONVERGED
    EQUIL ITER   1 COMPLETED.  OLD TRIANG MATRIX.  MAX DOF INC= -0.7652E-05
     FORCE CONVERGENCE VALUE  =  0.4586E-13  CRITERION=  0.1186E-03 <<< CONVERGED
    >>> SOLUTION CONVERGED AFTER EQUILIBRIUM ITERATION   1
 *** LOAD STEP     1   SUBSTEP    97  COMPLETED.    CUM ITER =    107
 *** TIME =  0.970000         TIME INC =  0.100000E-01
 *** MAX VISCOELASTIC STRAIN STEP = 0.2931E-05

     FORCE CONVERGENCE VALUE  =  0.1007E-05  CRITERION=  0.1197E-03
     DISP CONVERGENCE VALUE   =  0.7588E-05  CRITERION=  0.9602E-04 <<< CONVERGED
    EQUIL ITER   1 COMPLETED.  OLD TRIANG MATRIX.  MAX DOF INC= -0.7588E-05
     FORCE CONVERGENCE VALUE  =  0.4509E-13  CRITERION=  0.1197E-03 <<< CONVERGED
    >>> SOLUTION CONVERGED AFTER EQUILIBRIUM ITERATION   1
 *** LOAD STEP     1   SUBSTEP    98  COMPLETED.    CUM ITER =    108
 *** TIME =  0.980000         TIME INC =  0.100000E-01
 *** MAX VISCOELASTIC STRAIN STEP = 0.2941E-05

     FORCE CONVERGENCE VALUE  =  0.1015E-05  CRITERION=  0.1209E-03
     DISP CONVERGENCE VALUE   =  0.7524E-05  CRITERION=  0.9640E-04 <<< CONVERGED
    EQUIL ITER   1 COMPLETED.  OLD TRIANG MATRIX.  MAX DOF INC= -0.7524E-05
     FORCE CONVERGENCE VALUE  =  0.6228E-13  CRITERION=  0.1209E-03 <<< CONVERGED
    >>> SOLUTION CONVERGED AFTER EQUILIBRIUM ITERATION   1
 *** LOAD STEP     1   SUBSTEP    99  COMPLETED.    CUM ITER =    109
 *** TIME =  0.990000         TIME INC =  0.100000E-01
 *** MAX VISCOELASTIC STRAIN STEP = 0.2950E-05

     FORCE CONVERGENCE VALUE  =  0.1023E-05  CRITERION=  0.1221E-03
     DISP CONVERGENCE VALUE   =  0.7461E-05  CRITERION=  0.9677E-04 <<< CONVERGED
    EQUIL ITER   1 COMPLETED.  OLD TRIANG MATRIX.  MAX DOF INC= -0.7461E-05
     FORCE CONVERGENCE VALUE  =  0.4246E-13  CRITERION=  0.1221E-03 <<< CONVERGED
    >>> SOLUTION CONVERGED AFTER EQUILIBRIUM ITERATION   1
 *** LOAD STEP     1   SUBSTEP   100  COMPLETED.    CUM ITER =    110
 *** TIME =   1.00000         TIME INC =  0.100000E-01
 *** MAX VISCOELASTIC STRAIN STEP = 0.2960E-05


 *** MAPDL BINARY FILE STATISTICS
  BUFFER SIZE USED= 16384
        0.188 MB WRITTEN ON ELEMENT SAVED DATA FILE: stage10_structural.esav
        0.062 MB WRITTEN ON ASSEMBLED MATRIX FILE: stage10_structural.full
        0.312 MB WRITTEN ON RESULTS FILE: stage10_structural.rst

 TIME=  31.000    

 USE INITIAL TIME STEP SIZE OF 0.1000000     FOR ALL  DEGREES OF FREEDOM
 FOR AUTOMATIC TIME STEPPING:
   USE 0.1000000     AS THE MINIMUM TIME STEP SIZE
   USE 0.1000000     AS THE MAXIMUM TIME STEP SIZE

 *****  MAPDL SOLVE    COMMAND  *****

 *** NOTE ***                            ELAPSED TIME =       8.310   TIME= 20:23:17
 This nonlinear analysis defaults to using the initial stiffness         
 Newton-Raphson solution procedure.  This can be modified using the      
 NROPT command.                                                          

 *** MAPDL - ENGINEERING ANALYSIS SYSTEM  RELEASE 2026 R1          26.1     ***
 Ansys Mechanical Enterprise Academic Student      
 01055371  VERSION=WINDOWS x64   20:23:17  SEP 14, 2026 Elapsed Time=      8.312

 Stage 10 isothermal discretization verification                               



                      L O A D   S T E P   O P T I O N S

   LOAD STEP NUMBER. . . . . . . . . . . . . . . .     2
   TIME AT END OF THE LOAD STEP. . . . . . . . . .  31.000    
   TIME STEP SIZE. . . . . . . . . . . . . . . . . 0.10000    
   MAXIMUM NUMBER OF EQUILIBRIUM ITERATIONS. . . .    15
   STEP CHANGE BOUNDARY CONDITIONS . . . . . . . .    NO
   TERMINATE ANALYSIS IF NOT CONVERGED . . . . . .YES (EXIT)  
   CONVERGENCE CONTROLS. . . . . . . . . . . . . .USE DEFAULTS
   PRINT OUTPUT CONTROLS . . . . . . . . . . . . .NO PRINTOUT
   DATABASE OUTPUT CONTROLS
      ITEM     FREQUENCY   COMPONENT
       ALL       LAST               


 SOLUTION MONITORING INFO IS WRITTEN TO FILE= stage10_structural.mntr                                                                                                                                                                                                                                             

     FORCE CONVERGENCE VALUE  =  0.2737E-03  CRITERION=  0.8791E-04
     DISP CONVERGENCE VALUE   =  0.6229E-02  CRITERION=  0.3114E-03
    EQUIL ITER   1 COMPLETED.  OLD TRIANG MATRIX.  MAX DOF INC= -0.6229E-02
     FORCE CONVERGENCE VALUE  =  0.1098E-03  CRITERION=  0.9998E-04
     DISP CONVERGENCE VALUE   =  0.4065E-02  CRITERION=  0.5147E-03
    EQUIL ITER   2 COMPLETED.  OLD TRIANG MATRIX.  MAX DOF INC= -0.4065E-02
     FORCE CONVERGENCE VALUE  =  0.1116E-03  CRITERION=  0.1077E-03
     DISP CONVERGENCE VALUE   =  0.2664E-02  CRITERION=  0.6479E-03
    EQUIL ITER   3 COMPLETED.  OLD TRIANG MATRIX.  MAX DOF INC= -0.2664E-02
     FORCE CONVERGENCE VALUE  =  0.1205E-03  CRITERION=  0.1127E-03
     DISP CONVERGENCE VALUE   =  0.1752E-02  CRITERION=  0.7355E-03
    EQUIL ITER   4 COMPLETED.  OLD TRIANG MATRIX.  MAX DOF INC= -0.1752E-02
     FORCE CONVERGENCE VALUE  =  0.1118E-03  CRITERION=  0.1159E-03 <<< CONVERGED
     DISP CONVERGENCE VALUE   =  0.1157E-02  CRITERION=  0.7933E-03
    EQUIL ITER   5 COMPLETED.  OLD TRIANG MATRIX.  MAX DOF INC= -0.1157E-02
     FORCE CONVERGENCE VALUE  =  0.9477E-04  CRITERION=  0.1180E-03 <<< CONVERGED
     DISP CONVERGENCE VALUE   =  0.7665E-03  CRITERION=  0.8317E-03 <<< CONVERGED
    EQUIL ITER   6 COMPLETED.  OLD TRIANG MATRIX.  MAX DOF INC = -0.7665E-03
    >>> SOLUTION CONVERGED AFTER EQUILIBRIUM ITERATION   6
 *** LOAD STEP     2   SUBSTEP     1  COMPLETED.    CUM ITER =    116
 *** TIME =   1.10000         TIME INC =  0.100000    
 *** MAX VISCOELASTIC STRAIN STEP = 0.2572E-04

     FORCE CONVERGENCE VALUE  =  0.2255E-04  CRITERION=  0.1258E-03
     DISP CONVERGENCE VALUE   =  0.8417E-03  CRITERION=  0.8317E-03
    EQUIL ITER   1 COMPLETED.  OLD TRIANG MATRIX.  MAX DOF INC=  0.8417E-03
     FORCE CONVERGENCE VALUE  =  0.2388E-04  CRITERION=  0.1242E-03 <<< CONVERGED
     DISP CONVERGENCE VALUE   =  0.5516E-03  CRITERION=  0.8317E-03 <<< CONVERGED
    EQUIL ITER   2 COMPLETED.  OLD TRIANG MATRIX.  MAX DOF INC =  0.5516E-03
    >>> SOLUTION CONVERGED AFTER EQUILIBRIUM ITERATION   2
 *** LOAD STEP     2   SUBSTEP     2  COMPLETED.    CUM ITER =    118
 *** TIME =   1.20000         TIME INC =  0.100000    
 *** MAX VISCOELASTIC STRAIN STEP = 0.2397E-04

     FORCE CONVERGENCE VALUE  =  0.1515E-03  CRITERION=  0.1285E-03
     DISP CONVERGENCE VALUE   =  0.1521E-02  CRITERION=  0.8317E-03
    EQUIL ITER   1 COMPLETED.  OLD TRIANG MATRIX.  MAX DOF INC=  0.1521E-02
     FORCE CONVERGENCE VALUE  =  0.1275E-03  CRITERION=  0.1257E-03
     DISP CONVERGENCE VALUE   =  0.1008E-02  CRITERION=  0.8317E-03
    EQUIL ITER   2 COMPLETED.  OLD TRIANG MATRIX.  MAX DOF INC=  0.1008E-02
     FORCE CONVERGENCE VALUE  =  0.1018E-03  CRITERION=  0.1240E-03 <<< CONVERGED
     DISP CONVERGENCE VALUE   =  0.6703E-03  CRITERION=  0.8317E-03 <<< CONVERGED
    EQUIL ITER   3 COMPLETED.  OLD TRIANG MATRIX.  MAX DOF INC =  0.6703E-03
    >>> SOLUTION CONVERGED AFTER EQUILIBRIUM ITERATION   3
 *** LOAD STEP     2   SUBSTEP     3  COMPLETED.    CUM ITER =    121
 *** TIME =   1.30000         TIME INC =  0.100000    
 *** MAX VISCOELASTIC STRAIN STEP = 0.1892E-04

     FORCE CONVERGENCE VALUE  =  0.1870E-03  CRITERION=  0.1252E-03
     DISP CONVERGENCE VALUE   =  0.1081E-02  CRITERION=  0.8317E-03
    EQUIL ITER   1 COMPLETED.  OLD TRIANG MATRIX.  MAX DOF INC=  0.1081E-02
     FORCE CONVERGENCE VALUE  =  0.1411E-03  CRITERION=  0.1234E-03
     DISP CONVERGENCE VALUE   =  0.7227E-03  CRITERION=  0.8317E-03 <<< CONVERGED
    EQUIL ITER   2 COMPLETED.  OLD TRIANG MATRIX.  MAX DOF INC=  0.7227E-03
     FORCE CONVERGENCE VALUE  =  0.1045E-03  CRITERION=  0.1221E-03 <<< CONVERGED
    >>> SOLUTION CONVERGED AFTER EQUILIBRIUM ITERATION   2
 *** LOAD STEP     2   SUBSTEP     4  COMPLETED.    CUM ITER =    123
 *** TIME =   1.40000         TIME INC =  0.100000    
 *** MAX VISCOELASTIC STRAIN STEP = 0.1447E-04

     FORCE CONVERGENCE VALUE  =  0.1787E-03  CRITERION=  0.1237E-03
     DISP CONVERGENCE VALUE   =  0.9271E-03  CRITERION=  0.8317E-03
    EQUIL ITER   1 COMPLETED.  OLD TRIANG MATRIX.  MAX DOF INC=  0.9271E-03
     FORCE CONVERGENCE VALUE  =  0.1325E-03  CRITERION=  0.1221E-03
     DISP CONVERGENCE VALUE   =  0.6212E-03  CRITERION=  0.8317E-03 <<< CONVERGED
    EQUIL ITER   2 COMPLETED.  OLD TRIANG MATRIX.  MAX DOF INC=  0.6212E-03
     FORCE CONVERGENCE VALUE  =  0.9695E-04  CRITERION=  0.1211E-03 <<< CONVERGED
    >>> SOLUTION CONVERGED AFTER EQUILIBRIUM ITERATION   2
 *** LOAD STEP     2   SUBSTEP     5  COMPLETED.    CUM ITER =    125
 *** TIME =   1.50000         TIME INC =  0.100000    
 *** MAX VISCOELASTIC STRAIN STEP = 0.1160E-04

     FORCE CONVERGENCE VALUE  =  0.1359E-03  CRITERION=  0.1219E-03
     DISP CONVERGENCE VALUE   =  0.7028E-03  CRITERION=  0.8317E-03 <<< CONVERGED
    EQUIL ITER   1 COMPLETED.  OLD TRIANG MATRIX.  MAX DOF INC=  0.7028E-03
     FORCE CONVERGENCE VALUE  =  0.1008E-03  CRITERION=  0.1207E-03 <<< CONVERGED
    >>> SOLUTION CONVERGED AFTER EQUILIBRIUM ITERATION   1
 *** LOAD STEP     2   SUBSTEP     6  COMPLETED.    CUM ITER =    126
 *** TIME =   1.60000         TIME INC =  0.100000    
 *** MAX VISCOELASTIC STRAIN STEP = 0.1026E-04

     FORCE CONVERGENCE VALUE  =  0.1266E-03  CRITERION=  0.1216E-03
     DISP CONVERGENCE VALUE   =  0.7398E-03  CRITERION=  0.8317E-03 <<< CONVERGED
    EQUIL ITER   1 COMPLETED.  OLD TRIANG MATRIX.  MAX DOF INC=  0.7398E-03
     FORCE CONVERGENCE VALUE  =  0.9568E-04  CRITERION=  0.1203E-03 <<< CONVERGED
    >>> SOLUTION CONVERGED AFTER EQUILIBRIUM ITERATION   1
 *** LOAD STEP     2   SUBSTEP     7  COMPLETED.    CUM ITER =    127
 *** TIME =   1.70000         TIME INC =  0.100000    
 *** MAX VISCOELASTIC STRAIN STEP = 0.8937E-05

     FORCE CONVERGENCE VALUE  =  0.1083E-03  CRITERION=  0.1210E-03
     DISP CONVERGENCE VALUE   =  0.7128E-03  CRITERION=  0.8317E-03 <<< CONVERGED
    EQUIL ITER   1 COMPLETED.  OLD TRIANG MATRIX.  MAX DOF INC=  0.7128E-03
     FORCE CONVERGENCE VALUE  =  0.8348E-04  CRITERION=  0.1198E-03 <<< CONVERGED
    >>> SOLUTION CONVERGED AFTER EQUILIBRIUM ITERATION   1
 *** LOAD STEP     2   SUBSTEP     8  COMPLETED.    CUM ITER =    128
 *** TIME =   1.80000         TIME INC =  0.100000    
 *** MAX VISCOELASTIC STRAIN STEP = 0.8193E-05

     FORCE CONVERGENCE VALUE  =  0.8542E-04  CRITERION=  0.1203E-03
     DISP CONVERGENCE VALUE   =  0.6407E-03  CRITERION=  0.8317E-03 <<< CONVERGED
    EQUIL ITER   1 COMPLETED.  OLD TRIANG MATRIX.  MAX DOF INC=  0.6407E-03
     FORCE CONVERGENCE VALUE  =  0.6743E-04  CRITERION=  0.1192E-03 <<< CONVERGED
    >>> SOLUTION CONVERGED AFTER EQUILIBRIUM ITERATION   1
 *** LOAD STEP     2   SUBSTEP     9  COMPLETED.    CUM ITER =    129
 *** TIME =   1.90000         TIME INC =  0.100000    
 *** MAX VISCOELASTIC STRAIN STEP = 0.7741E-05

     FORCE CONVERGENCE VALUE  =  0.6130E-04  CRITERION=  0.1196E-03
     DISP CONVERGENCE VALUE   =  0.5475E-03  CRITERION=  0.8317E-03 <<< CONVERGED
    EQUIL ITER   1 COMPLETED.  OLD TRIANG MATRIX.  MAX DOF INC=  0.5475E-03
     FORCE CONVERGENCE VALUE  =  0.5013E-04  CRITERION=  0.1187E-03 <<< CONVERGED
    >>> SOLUTION CONVERGED AFTER EQUILIBRIUM ITERATION   1
 *** LOAD STEP     2   SUBSTEP    10  COMPLETED.    CUM ITER =    130
 *** TIME =   2.00000         TIME INC =  0.100000    
 *** MAX VISCOELASTIC STRAIN STEP = 0.7333E-05

     FORCE CONVERGENCE VALUE  =  0.3854E-04  CRITERION=  0.1189E-03
     DISP CONVERGENCE VALUE   =  0.4525E-03  CRITERION=  0.8317E-03 <<< CONVERGED
    EQUIL ITER   1 COMPLETED.  OLD TRIANG MATRIX.  MAX DOF INC=  0.4525E-03
     FORCE CONVERGENCE VALUE  =  0.3356E-04  CRITERION=  0.1181E-03 <<< CONVERGED
    >>> SOLUTION CONVERGED AFTER EQUILIBRIUM ITERATION   1
 *** LOAD STEP     2   SUBSTEP    11  COMPLETED.    CUM ITER =    131
 *** TIME =   2.10000         TIME INC =  0.100000    
 *** MAX VISCOELASTIC STRAIN STEP = 0.6971E-05

     FORCE CONVERGENCE VALUE  =  0.1992E-04  CRITERION=  0.1183E-03
     DISP CONVERGENCE VALUE   =  0.3676E-03  CRITERION=  0.8317E-03 <<< CONVERGED
    EQUIL ITER   1 COMPLETED.  OLD TRIANG MATRIX.  MAX DOF INC=  0.3676E-03
     FORCE CONVERGENCE VALUE  =  0.1934E-04  CRITERION=  0.1177E-03 <<< CONVERGED
    >>> SOLUTION CONVERGED AFTER EQUILIBRIUM ITERATION   1
 *** LOAD STEP     2   SUBSTEP    12  COMPLETED.    CUM ITER =    132
 *** TIME =   2.20000         TIME INC =  0.100000    
 *** MAX VISCOELASTIC STRAIN STEP = 0.6652E-05

     FORCE CONVERGENCE VALUE  =  0.1235E-04  CRITERION=  0.1178E-03
     DISP CONVERGENCE VALUE   =  0.2987E-03  CRITERION=  0.8317E-03 <<< CONVERGED
    EQUIL ITER   1 COMPLETED.  OLD TRIANG MATRIX.  MAX DOF INC=  0.2987E-03
     FORCE CONVERGENCE VALUE  =  0.9596E-05  CRITERION=  0.1173E-03 <<< CONVERGED
    >>> SOLUTION CONVERGED AFTER EQUILIBRIUM ITERATION   1
 *** LOAD STEP     2   SUBSTEP    13  COMPLETED.    CUM ITER =    133
 *** TIME =   2.30000         TIME INC =  0.100000    
 *** MAX VISCOELASTIC STRAIN STEP = 0.6368E-05

     FORCE CONVERGENCE VALUE  =  0.1888E-04  CRITERION=  0.1175E-03
     DISP CONVERGENCE VALUE   =  0.2465E-03  CRITERION=  0.8317E-03 <<< CONVERGED
    EQUIL ITER   1 COMPLETED.  OLD TRIANG MATRIX.  MAX DOF INC=  0.2465E-03
     FORCE CONVERGENCE VALUE  =  0.8877E-05  CRITERION=  0.1170E-03 <<< CONVERGED
    >>> SOLUTION CONVERGED AFTER EQUILIBRIUM ITERATION   1
 *** LOAD STEP     2   SUBSTEP    14  COMPLETED.    CUM ITER =    134
 *** TIME =   2.40000         TIME INC =  0.100000    
 *** MAX VISCOELASTIC STRAIN STEP = 0.6111E-05

     FORCE CONVERGENCE VALUE  =  0.2627E-04  CRITERION=  0.1172E-03
     DISP CONVERGENCE VALUE   =  0.2093E-03  CRITERION=  0.8317E-03 <<< CONVERGED
    EQUIL ITER   1 COMPLETED.  OLD TRIANG MATRIX.  MAX DOF INC=  0.2093E-03
     FORCE CONVERGENCE VALUE  =  0.1302E-04  CRITERION=  0.1168E-03 <<< CONVERGED
    >>> SOLUTION CONVERGED AFTER EQUILIBRIUM ITERATION   1
 *** LOAD STEP     2   SUBSTEP    15  COMPLETED.    CUM ITER =    135
 *** TIME =   2.50000         TIME INC =  0.100000    
 *** MAX VISCOELASTIC STRAIN STEP = 0.5875E-05

     FORCE CONVERGENCE VALUE  =  0.3113E-04  CRITERION=  0.1170E-03
     DISP CONVERGENCE VALUE   =  0.1839E-03  CRITERION=  0.8317E-03 <<< CONVERGED
    EQUIL ITER   1 COMPLETED.  OLD TRIANG MATRIX.  MAX DOF INC=  0.1839E-03
     FORCE CONVERGENCE VALUE  =  0.1628E-04  CRITERION=  0.1166E-03 <<< CONVERGED
    >>> SOLUTION CONVERGED AFTER EQUILIBRIUM ITERATION   1
 *** LOAD STEP     2   SUBSTEP    16  COMPLETED.    CUM ITER =    136
 *** TIME =   2.60000         TIME INC =  0.100000    
 *** MAX VISCOELASTIC STRAIN STEP = 0.5653E-05

     FORCE CONVERGENCE VALUE  =  0.3358E-04  CRITERION=  0.1168E-03
     DISP CONVERGENCE VALUE   =  0.1670E-03  CRITERION=  0.8317E-03 <<< CONVERGED
    EQUIL ITER   1 COMPLETED.  OLD TRIANG MATRIX.  MAX DOF INC=  0.1670E-03
     FORCE CONVERGENCE VALUE  =  0.1804E-04  CRITERION=  0.1165E-03 <<< CONVERGED
    >>> SOLUTION CONVERGED AFTER EQUILIBRIUM ITERATION   1
 *** LOAD STEP     2   SUBSTEP    17  COMPLETED.    CUM ITER =    137
 *** TIME =   2.70000         TIME INC =  0.100000    
 *** MAX VISCOELASTIC STRAIN STEP = 0.5443E-05

     FORCE CONVERGENCE VALUE  =  0.3430E-04  CRITERION=  0.1167E-03
     DISP CONVERGENCE VALUE   =  0.1554E-03  CRITERION=  0.8317E-03 <<< CONVERGED
    EQUIL ITER   1 COMPLETED.  OLD TRIANG MATRIX.  MAX DOF INC=  0.1554E-03
     FORCE CONVERGENCE VALUE  =  0.1865E-04  CRITERION=  0.1164E-03 <<< CONVERGED
    >>> SOLUTION CONVERGED AFTER EQUILIBRIUM ITERATION   1
 *** LOAD STEP     2   SUBSTEP    18  COMPLETED.    CUM ITER =    138
 *** TIME =   2.80000         TIME INC =  0.100000    
 *** MAX VISCOELASTIC STRAIN STEP = 0.5243E-05

     FORCE CONVERGENCE VALUE  =  0.3396E-04  CRITERION=  0.1166E-03
     DISP CONVERGENCE VALUE   =  0.1469E-03  CRITERION=  0.8317E-03 <<< CONVERGED
    EQUIL ITER   1 COMPLETED.  OLD TRIANG MATRIX.  MAX DOF INC=  0.1469E-03
     FORCE CONVERGENCE VALUE  =  0.1855E-04  CRITERION=  0.1163E-03 <<< CONVERGED
    >>> SOLUTION CONVERGED AFTER EQUILIBRIUM ITERATION   1
 *** LOAD STEP     2   SUBSTEP    19  COMPLETED.    CUM ITER =    139
 *** TIME =   2.90000         TIME INC =  0.100000    
 *** MAX VISCOELASTIC STRAIN STEP = 0.5050E-05

     FORCE CONVERGENCE VALUE  =  0.3313E-04  CRITERION=  0.1165E-03
     DISP CONVERGENCE VALUE   =  0.1399E-03  CRITERION=  0.8317E-03 <<< CONVERGED
    EQUIL ITER   1 COMPLETED.  OLD TRIANG MATRIX.  MAX DOF INC=  0.1399E-03
     FORCE CONVERGENCE VALUE  =  0.1812E-04  CRITERION=  0.1162E-03 <<< CONVERGED
    >>> SOLUTION CONVERGED AFTER EQUILIBRIUM ITERATION   1
 *** LOAD STEP     2   SUBSTEP    20  COMPLETED.    CUM ITER =    140
 *** TIME =   3.00000         TIME INC =  0.100000    
 *** MAX VISCOELASTIC STRAIN STEP = 0.4866E-05

     FORCE CONVERGENCE VALUE  =  0.3221E-04  CRITERION=  0.1164E-03
     DISP CONVERGENCE VALUE   =  0.1333E-03  CRITERION=  0.8317E-03 <<< CONVERGED
    EQUIL ITER   1 COMPLETED.  OLD TRIANG MATRIX.  MAX DOF INC=  0.1333E-03
     FORCE CONVERGENCE VALUE  =  0.1764E-04  CRITERION=  0.1162E-03 <<< CONVERGED
    >>> SOLUTION CONVERGED AFTER EQUILIBRIUM ITERATION   1
 *** LOAD STEP     2   SUBSTEP    21  COMPLETED.    CUM ITER =    141
 *** TIME =   3.10000         TIME INC =  0.100000    
 *** MAX VISCOELASTIC STRAIN STEP = 0.4689E-05

     FORCE CONVERGENCE VALUE  =  0.3142E-04  CRITERION=  0.1164E-03
     DISP CONVERGENCE VALUE   =  0.1267E-03  CRITERION=  0.8317E-03 <<< CONVERGED
    EQUIL ITER   1 COMPLETED.  OLD TRIANG MATRIX.  MAX DOF INC=  0.1267E-03
     FORCE CONVERGENCE VALUE  =  0.1724E-04  CRITERION=  0.1161E-03 <<< CONVERGED
    >>> SOLUTION CONVERGED AFTER EQUILIBRIUM ITERATION   1
 *** LOAD STEP     2   SUBSTEP    22  COMPLETED.    CUM ITER =    142
 *** TIME =   3.20000         TIME INC =  0.100000    
 *** MAX VISCOELASTIC STRAIN STEP = 0.4519E-05

     FORCE CONVERGENCE VALUE  =  0.3085E-04  CRITERION=  0.1163E-03
     DISP CONVERGENCE VALUE   =  0.1198E-03  CRITERION=  0.8317E-03 <<< CONVERGED
    EQUIL ITER   1 COMPLETED.  OLD TRIANG MATRIX.  MAX DOF INC=  0.1198E-03
     FORCE CONVERGENCE VALUE  =  0.1700E-04  CRITERION=  0.1160E-03 <<< CONVERGED
    >>> SOLUTION CONVERGED AFTER EQUILIBRIUM ITERATION   1
 *** LOAD STEP     2   SUBSTEP    23  COMPLETED.    CUM ITER =    143
 *** TIME =   3.30000         TIME INC =  0.100000    
 *** MAX VISCOELASTIC STRAIN STEP = 0.4356E-05

     FORCE CONVERGENCE VALUE  =  0.3050E-04  CRITERION=  0.1162E-03
     DISP CONVERGENCE VALUE   =  0.1129E-03  CRITERION=  0.8317E-03 <<< CONVERGED
    EQUIL ITER   1 COMPLETED.  OLD TRIANG MATRIX.  MAX DOF INC=  0.1129E-03
     FORCE CONVERGENCE VALUE  =  0.1691E-04  CRITERION=  0.1160E-03 <<< CONVERGED
    >>> SOLUTION CONVERGED AFTER EQUILIBRIUM ITERATION   1
 *** LOAD STEP     2   SUBSTEP    24  COMPLETED.    CUM ITER =    144
 *** TIME =   3.40000         TIME INC =  0.100000    
 *** MAX VISCOELASTIC STRAIN STEP = 0.4200E-05

     FORCE CONVERGENCE VALUE  =  0.3032E-04  CRITERION=  0.1161E-03
     DISP CONVERGENCE VALUE   =  0.1059E-03  CRITERION=  0.8317E-03 <<< CONVERGED
    EQUIL ITER   1 COMPLETED.  OLD TRIANG MATRIX.  MAX DOF INC=  0.1059E-03
     FORCE CONVERGENCE VALUE  =  0.1692E-04  CRITERION=  0.1159E-03 <<< CONVERGED
    >>> SOLUTION CONVERGED AFTER EQUILIBRIUM ITERATION   1
 *** LOAD STEP     2   SUBSTEP    25  COMPLETED.    CUM ITER =    145
 *** TIME =   3.50000         TIME INC =  0.100000    
 *** MAX VISCOELASTIC STRAIN STEP = 0.4050E-05

     FORCE CONVERGENCE VALUE  =  0.3021E-04  CRITERION=  0.1161E-03
     DISP CONVERGENCE VALUE   =  0.9916E-04  CRITERION=  0.8317E-03 <<< CONVERGED
    EQUIL ITER   1 COMPLETED.  OLD TRIANG MATRIX.  MAX DOF INC=  0.9916E-04
     FORCE CONVERGENCE VALUE  =  0.1699E-04  CRITERION=  0.1159E-03 <<< CONVERGED
    >>> SOLUTION CONVERGED AFTER EQUILIBRIUM ITERATION   1
 *** LOAD STEP     2   SUBSTEP    26  COMPLETED.    CUM ITER =    146
 *** TIME =   3.60000         TIME INC =  0.100000    
 *** MAX VISCOELASTIC STRAIN STEP = 0.3907E-05

     FORCE CONVERGENCE VALUE  =  0.3013E-04  CRITERION=  0.1160E-03
     DISP CONVERGENCE VALUE   =  0.9271E-04  CRITERION=  0.8317E-03 <<< CONVERGED
    EQUIL ITER   1 COMPLETED.  OLD TRIANG MATRIX.  MAX DOF INC=  0.9271E-04
     FORCE CONVERGENCE VALUE  =  0.1706E-04  CRITERION=  0.1158E-03 <<< CONVERGED
    >>> SOLUTION CONVERGED AFTER EQUILIBRIUM ITERATION   1
 *** LOAD STEP     2   SUBSTEP    27  COMPLETED.    CUM ITER =    147
 *** TIME =   3.70000         TIME INC =  0.100000    
 *** MAX VISCOELASTIC STRAIN STEP = 0.3769E-05

     FORCE CONVERGENCE VALUE  =  0.3000E-04  CRITERION=  0.1160E-03
     DISP CONVERGENCE VALUE   =  0.8669E-04  CRITERION=  0.8317E-03 <<< CONVERGED
    EQUIL ITER   1 COMPLETED.  OLD TRIANG MATRIX.  MAX DOF INC=  0.8669E-04
     FORCE CONVERGENCE VALUE  =  0.1710E-04  CRITERION=  0.1157E-03 <<< CONVERGED
    >>> SOLUTION CONVERGED AFTER EQUILIBRIUM ITERATION   1
 *** LOAD STEP     2   SUBSTEP    28  COMPLETED.    CUM ITER =    148
 *** TIME =   3.80000         TIME INC =  0.100000    
 *** MAX VISCOELASTIC STRAIN STEP = 0.3637E-05

     FORCE CONVERGENCE VALUE  =  0.2980E-04  CRITERION=  0.1159E-03
     DISP CONVERGENCE VALUE   =  0.8114E-04  CRITERION=  0.8317E-03 <<< CONVERGED
    EQUIL ITER   1 COMPLETED.  OLD TRIANG MATRIX.  MAX DOF INC=  0.8114E-04
     FORCE CONVERGENCE VALUE  =  0.1708E-04  CRITERION=  0.1157E-03 <<< CONVERGED
    >>> SOLUTION CONVERGED AFTER EQUILIBRIUM ITERATION   1
 *** LOAD STEP     2   SUBSTEP    29  COMPLETED.    CUM ITER =    149
 *** TIME =   3.90000         TIME INC =  0.100000    
 *** MAX VISCOELASTIC STRAIN STEP = 0.3511E-05

     FORCE CONVERGENCE VALUE  =  0.2951E-04  CRITERION=  0.1158E-03
     DISP CONVERGENCE VALUE   =  0.7609E-04  CRITERION=  0.8317E-03 <<< CONVERGED
    EQUIL ITER   1 COMPLETED.  OLD TRIANG MATRIX.  MAX DOF INC=  0.7609E-04
     FORCE CONVERGENCE VALUE  =  0.1700E-04  CRITERION=  0.1157E-03 <<< CONVERGED
    >>> SOLUTION CONVERGED AFTER EQUILIBRIUM ITERATION   1
 *** LOAD STEP     2   SUBSTEP    30  COMPLETED.    CUM ITER =    150
 *** TIME =   4.00000         TIME INC =  0.100000    
 *** MAX VISCOELASTIC STRAIN STEP = 0.3390E-05

     FORCE CONVERGENCE VALUE  =  0.2912E-04  CRITERION=  0.1158E-03
     DISP CONVERGENCE VALUE   =  0.7152E-04  CRITERION=  0.8317E-03 <<< CONVERGED
    EQUIL ITER   1 COMPLETED.  OLD TRIANG MATRIX.  MAX DOF INC=  0.7152E-04
     FORCE CONVERGENCE VALUE  =  0.1685E-04  CRITERION=  0.1156E-03 <<< CONVERGED
    >>> SOLUTION CONVERGED AFTER EQUILIBRIUM ITERATION   1
 *** LOAD STEP     2   SUBSTEP    31  COMPLETED.    CUM ITER =    151
 *** TIME =   4.10000         TIME INC =  0.100000    
 *** MAX VISCOELASTIC STRAIN STEP = 0.3273E-05

     FORCE CONVERGENCE VALUE  =  0.2865E-04  CRITERION=  0.1157E-03
     DISP CONVERGENCE VALUE   =  0.6738E-04  CRITERION=  0.8317E-03 <<< CONVERGED
    EQUIL ITER   1 COMPLETED.  OLD TRIANG MATRIX.  MAX DOF INC=  0.6738E-04
     FORCE CONVERGENCE VALUE  =  0.1664E-04  CRITERION=  0.1156E-03 <<< CONVERGED
    >>> SOLUTION CONVERGED AFTER EQUILIBRIUM ITERATION   1
 *** LOAD STEP     2   SUBSTEP    32  COMPLETED.    CUM ITER =    152
 *** TIME =   4.20000         TIME INC =  0.100000    
 *** MAX VISCOELASTIC STRAIN STEP = 0.3161E-05

     FORCE CONVERGENCE VALUE  =  0.2810E-04  CRITERION=  0.1157E-03
     DISP CONVERGENCE VALUE   =  0.6363E-04  CRITERION=  0.8317E-03 <<< CONVERGED
    EQUIL ITER   1 COMPLETED.  OLD TRIANG MATRIX.  MAX DOF INC=  0.6363E-04
     FORCE CONVERGENCE VALUE  =  0.1637E-04  CRITERION=  0.1155E-03 <<< CONVERGED
    >>> SOLUTION CONVERGED AFTER EQUILIBRIUM ITERATION   1
 *** LOAD STEP     2   SUBSTEP    33  COMPLETED.    CUM ITER =    153
 *** TIME =   4.30000         TIME INC =  0.100000    
 *** MAX VISCOELASTIC STRAIN STEP = 0.3054E-05

     FORCE CONVERGENCE VALUE  =  0.2751E-04  CRITERION=  0.1157E-03
     DISP CONVERGENCE VALUE   =  0.6021E-04  CRITERION=  0.8317E-03 <<< CONVERGED
    EQUIL ITER   1 COMPLETED.  OLD TRIANG MATRIX.  MAX DOF INC=  0.6021E-04
     FORCE CONVERGENCE VALUE  =  0.1606E-04  CRITERION=  0.1155E-03 <<< CONVERGED
    >>> SOLUTION CONVERGED AFTER EQUILIBRIUM ITERATION   1
 *** LOAD STEP     2   SUBSTEP    34  COMPLETED.    CUM ITER =    154
 *** TIME =   4.40000         TIME INC =  0.100000    
 *** MAX VISCOELASTIC STRAIN STEP = 0.2950E-05

     FORCE CONVERGENCE VALUE  =  0.2687E-04  CRITERION=  0.1156E-03
     DISP CONVERGENCE VALUE   =  0.5707E-04  CRITERION=  0.8317E-03 <<< CONVERGED
    EQUIL ITER   1 COMPLETED.  OLD TRIANG MATRIX.  MAX DOF INC=  0.5707E-04
     FORCE CONVERGENCE VALUE  =  0.1573E-04  CRITERION=  0.1155E-03 <<< CONVERGED
    >>> SOLUTION CONVERGED AFTER EQUILIBRIUM ITERATION   1
 *** LOAD STEP     2   SUBSTEP    35  COMPLETED.    CUM ITER =    155
 *** TIME =   4.50000         TIME INC =  0.100000    
 *** MAX VISCOELASTIC STRAIN STEP = 0.2851E-05

     FORCE CONVERGENCE VALUE  =  0.2622E-04  CRITERION=  0.1156E-03
     DISP CONVERGENCE VALUE   =  0.5418E-04  CRITERION=  0.8317E-03 <<< CONVERGED
    EQUIL ITER   1 COMPLETED.  OLD TRIANG MATRIX.  MAX DOF INC=  0.5418E-04
     FORCE CONVERGENCE VALUE  =  0.1537E-04  CRITERION=  0.1154E-03 <<< CONVERGED
    >>> SOLUTION CONVERGED AFTER EQUILIBRIUM ITERATION   1
 *** LOAD STEP     2   SUBSTEP    36  COMPLETED.    CUM ITER =    156
 *** TIME =   4.60000         TIME INC =  0.100000    
 *** MAX VISCOELASTIC STRAIN STEP = 0.2755E-05

     FORCE CONVERGENCE VALUE  =  0.2555E-04  CRITERION=  0.1155E-03
     DISP CONVERGENCE VALUE   =  0.5150E-04  CRITERION=  0.8317E-03 <<< CONVERGED
    EQUIL ITER   1 COMPLETED.  OLD TRIANG MATRIX.  MAX DOF INC=  0.5150E-04
     FORCE CONVERGENCE VALUE  =  0.1501E-04  CRITERION=  0.1154E-03 <<< CONVERGED
    >>> SOLUTION CONVERGED AFTER EQUILIBRIUM ITERATION   1
 *** LOAD STEP     2   SUBSTEP    37  COMPLETED.    CUM ITER =    157
 *** TIME =   4.70000         TIME INC =  0.100000    
 *** MAX VISCOELASTIC STRAIN STEP = 0.2663E-05

     FORCE CONVERGENCE VALUE  =  0.2487E-04  CRITERION=  0.1155E-03
     DISP CONVERGENCE VALUE   =  0.4900E-04  CRITERION=  0.8317E-03 <<< CONVERGED
    EQUIL ITER   1 COMPLETED.  OLD TRIANG MATRIX.  MAX DOF INC=  0.4900E-04
     FORCE CONVERGENCE VALUE  =  0.1463E-04  CRITERION=  0.1154E-03 <<< CONVERGED
    >>> SOLUTION CONVERGED AFTER EQUILIBRIUM ITERATION   1
 *** LOAD STEP     2   SUBSTEP    38  COMPLETED.    CUM ITER =    158
 *** TIME =   4.80000         TIME INC =  0.100000    
 *** MAX VISCOELASTIC STRAIN STEP = 0.2574E-05

     FORCE CONVERGENCE VALUE  =  0.2420E-04  CRITERION=  0.1155E-03
     DISP CONVERGENCE VALUE   =  0.4665E-04  CRITERION=  0.8317E-03 <<< CONVERGED
    EQUIL ITER   1 COMPLETED.  OLD TRIANG MATRIX.  MAX DOF INC=  0.4665E-04
     FORCE CONVERGENCE VALUE  =  0.1425E-04  CRITERION=  0.1154E-03 <<< CONVERGED
    >>> SOLUTION CONVERGED AFTER EQUILIBRIUM ITERATION   1
 *** LOAD STEP     2   SUBSTEP    39  COMPLETED.    CUM ITER =    159
 *** TIME =   4.90000         TIME INC =  0.100000    
 *** MAX VISCOELASTIC STRAIN STEP = 0.2489E-05

     FORCE CONVERGENCE VALUE  =  0.2352E-04  CRITERION=  0.1154E-03
     DISP CONVERGENCE VALUE   =  0.4445E-04  CRITERION=  0.8317E-03 <<< CONVERGED
    EQUIL ITER   1 COMPLETED.  OLD TRIANG MATRIX.  MAX DOF INC=  0.4445E-04
     FORCE CONVERGENCE VALUE  =  0.1387E-04  CRITERION=  0.1153E-03 <<< CONVERGED
    >>> SOLUTION CONVERGED AFTER EQUILIBRIUM ITERATION   1
 *** LOAD STEP     2   SUBSTEP    40  COMPLETED.    CUM ITER =    160
 *** TIME =   5.00000         TIME INC =  0.100000    
 *** MAX VISCOELASTIC STRAIN STEP = 0.2407E-05

     FORCE CONVERGENCE VALUE  =  0.2286E-04  CRITERION=  0.1154E-03
     DISP CONVERGENCE VALUE   =  0.4239E-04  CRITERION=  0.8317E-03 <<< CONVERGED
    EQUIL ITER   1 COMPLETED.  OLD TRIANG MATRIX.  MAX DOF INC=  0.4239E-04
     FORCE CONVERGENCE VALUE  =  0.1350E-04  CRITERION=  0.1153E-03 <<< CONVERGED
    >>> SOLUTION CONVERGED AFTER EQUILIBRIUM ITERATION   1
 *** LOAD STEP     2   SUBSTEP    41  COMPLETED.    CUM ITER =    161
 *** TIME =   5.10000         TIME INC =  0.100000    
 *** MAX VISCOELASTIC STRAIN STEP = 0.2327E-05

     FORCE CONVERGENCE VALUE  =  0.2220E-04  CRITERION=  0.1154E-03
     DISP CONVERGENCE VALUE   =  0.4044E-04  CRITERION=  0.8317E-03 <<< CONVERGED
    EQUIL ITER   1 COMPLETED.  OLD TRIANG MATRIX.  MAX DOF INC=  0.4044E-04
     FORCE CONVERGENCE VALUE  =  0.1312E-04  CRITERION=  0.1153E-03 <<< CONVERGED
    >>> SOLUTION CONVERGED AFTER EQUILIBRIUM ITERATION   1
 *** LOAD STEP     2   SUBSTEP    42  COMPLETED.    CUM ITER =    162
 *** TIME =   5.20000         TIME INC =  0.100000    
 *** MAX VISCOELASTIC STRAIN STEP = 0.2251E-05

     FORCE CONVERGENCE VALUE  =  0.2156E-04  CRITERION=  0.1154E-03
     DISP CONVERGENCE VALUE   =  0.3861E-04  CRITERION=  0.8317E-03 <<< CONVERGED
    EQUIL ITER   1 COMPLETED.  OLD TRIANG MATRIX.  MAX DOF INC=  0.3861E-04
     FORCE CONVERGENCE VALUE  =  0.1275E-04  CRITERION=  0.1153E-03 <<< CONVERGED
    >>> SOLUTION CONVERGED AFTER EQUILIBRIUM ITERATION   1
 *** LOAD STEP     2   SUBSTEP    43  COMPLETED.    CUM ITER =    163
 *** TIME =   5.30000         TIME INC =  0.100000    
 *** MAX VISCOELASTIC STRAIN STEP = 0.2178E-05

     FORCE CONVERGENCE VALUE  =  0.2092E-04  CRITERION=  0.1153E-03
     DISP CONVERGENCE VALUE   =  0.3688E-04  CRITERION=  0.8317E-03 <<< CONVERGED
    EQUIL ITER   1 COMPLETED.  OLD TRIANG MATRIX.  MAX DOF INC=  0.3688E-04
     FORCE CONVERGENCE VALUE  =  0.1239E-04  CRITERION=  0.1152E-03 <<< CONVERGED
    >>> SOLUTION CONVERGED AFTER EQUILIBRIUM ITERATION   1
 *** LOAD STEP     2   SUBSTEP    44  COMPLETED.    CUM ITER =    164
 *** TIME =   5.40000         TIME INC =  0.100000    
 *** MAX VISCOELASTIC STRAIN STEP = 0.2107E-05

     FORCE CONVERGENCE VALUE  =  0.2029E-04  CRITERION=  0.1153E-03
     DISP CONVERGENCE VALUE   =  0.3525E-04  CRITERION=  0.8317E-03 <<< CONVERGED
    EQUIL ITER   1 COMPLETED.  OLD TRIANG MATRIX.  MAX DOF INC=  0.3525E-04
     FORCE CONVERGENCE VALUE  =  0.1202E-04  CRITERION=  0.1152E-03 <<< CONVERGED
    >>> SOLUTION CONVERGED AFTER EQUILIBRIUM ITERATION   1
 *** LOAD STEP     2   SUBSTEP    45  COMPLETED.    CUM ITER =    165
 *** TIME =   5.50000         TIME INC =  0.100000    
 *** MAX VISCOELASTIC STRAIN STEP = 0.2039E-05

     FORCE CONVERGENCE VALUE  =  0.1967E-04  CRITERION=  0.1153E-03
     DISP CONVERGENCE VALUE   =  0.3372E-04  CRITERION=  0.8317E-03 <<< CONVERGED
    EQUIL ITER   1 COMPLETED.  OLD TRIANG MATRIX.  MAX DOF INC=  0.3372E-04
     FORCE CONVERGENCE VALUE  =  0.1167E-04  CRITERION=  0.1152E-03 <<< CONVERGED
    >>> SOLUTION CONVERGED AFTER EQUILIBRIUM ITERATION   1
 *** LOAD STEP     2   SUBSTEP    46  COMPLETED.    CUM ITER =    166
 *** TIME =   5.60000         TIME INC =  0.100000    
 *** MAX VISCOELASTIC STRAIN STEP = 0.1973E-05

     FORCE CONVERGENCE VALUE  =  0.1906E-04  CRITERION=  0.1153E-03
     DISP CONVERGENCE VALUE   =  0.3227E-04  CRITERION=  0.8317E-03 <<< CONVERGED
    EQUIL ITER   1 COMPLETED.  OLD TRIANG MATRIX.  MAX DOF INC=  0.3227E-04
     FORCE CONVERGENCE VALUE  =  0.1131E-04  CRITERION=  0.1152E-03 <<< CONVERGED
    >>> SOLUTION CONVERGED AFTER EQUILIBRIUM ITERATION   1
 *** LOAD STEP     2   SUBSTEP    47  COMPLETED.    CUM ITER =    167
 *** TIME =   5.70000         TIME INC =  0.100000    
 *** MAX VISCOELASTIC STRAIN STEP = 0.1910E-05

     FORCE CONVERGENCE VALUE  =  0.1847E-04  CRITERION=  0.1152E-03
     DISP CONVERGENCE VALUE   =  0.3090E-04  CRITERION=  0.8317E-03 <<< CONVERGED
    EQUIL ITER   1 COMPLETED.  OLD TRIANG MATRIX.  MAX DOF INC=  0.3090E-04
     FORCE CONVERGENCE VALUE  =  0.1097E-04  CRITERION=  0.1151E-03 <<< CONVERGED
    >>> SOLUTION CONVERGED AFTER EQUILIBRIUM ITERATION   1
 *** LOAD STEP     2   SUBSTEP    48  COMPLETED.    CUM ITER =    168
 *** TIME =   5.80000         TIME INC =  0.100000    
 *** MAX VISCOELASTIC STRAIN STEP = 0.1849E-05

     FORCE CONVERGENCE VALUE  =  0.1789E-04  CRITERION=  0.1152E-03
     DISP CONVERGENCE VALUE   =  0.2961E-04  CRITERION=  0.8317E-03 <<< CONVERGED
    EQUIL ITER   1 COMPLETED.  OLD TRIANG MATRIX.  MAX DOF INC=  0.2961E-04
     FORCE CONVERGENCE VALUE  =  0.1063E-04  CRITERION=  0.1151E-03 <<< CONVERGED
    >>> SOLUTION CONVERGED AFTER EQUILIBRIUM ITERATION   1
 *** LOAD STEP     2   SUBSTEP    49  COMPLETED.    CUM ITER =    169
 *** TIME =   5.90000         TIME INC =  0.100000    
 *** MAX VISCOELASTIC STRAIN STEP = 0.1790E-05

     FORCE CONVERGENCE VALUE  =  0.1732E-04  CRITERION=  0.1152E-03
     DISP CONVERGENCE VALUE   =  0.2838E-04  CRITERION=  0.8317E-03 <<< CONVERGED
    EQUIL ITER   1 COMPLETED.  OLD TRIANG MATRIX.  MAX DOF INC=  0.2838E-04
     FORCE CONVERGENCE VALUE  =  0.1029E-04  CRITERION=  0.1151E-03 <<< CONVERGED
    >>> SOLUTION CONVERGED AFTER EQUILIBRIUM ITERATION   1
 *** LOAD STEP     2   SUBSTEP    50  COMPLETED.    CUM ITER =    170
 *** TIME =   6.00000         TIME INC =  0.100000    
 *** MAX VISCOELASTIC STRAIN STEP = 0.1733E-05

     FORCE CONVERGENCE VALUE  =  0.1676E-04  CRITERION=  0.1152E-03
     DISP CONVERGENCE VALUE   =  0.2722E-04  CRITERION=  0.8317E-03 <<< CONVERGED
    EQUIL ITER   1 COMPLETED.  OLD TRIANG MATRIX.  MAX DOF INC=  0.2722E-04
     FORCE CONVERGENCE VALUE  =  0.9968E-05  CRITERION=  0.1151E-03 <<< CONVERGED
    >>> SOLUTION CONVERGED AFTER EQUILIBRIUM ITERATION   1
 *** LOAD STEP     2   SUBSTEP    51  COMPLETED.    CUM ITER =    171
 *** TIME =   6.10000         TIME INC =  0.100000    
 *** MAX VISCOELASTIC STRAIN STEP = 0.1678E-05

     FORCE CONVERGENCE VALUE  =  0.1622E-04  CRITERION=  0.1152E-03
     DISP CONVERGENCE VALUE   =  0.2612E-04  CRITERION=  0.8317E-03 <<< CONVERGED
    EQUIL ITER   1 COMPLETED.  OLD TRIANG MATRIX.  MAX DOF INC=  0.2612E-04
     FORCE CONVERGENCE VALUE  =  0.9649E-05  CRITERION=  0.1151E-03 <<< CONVERGED
    >>> SOLUTION CONVERGED AFTER EQUILIBRIUM ITERATION   1
 *** LOAD STEP     2   SUBSTEP    52  COMPLETED.    CUM ITER =    172
 *** TIME =   6.20000         TIME INC =  0.100000    
 *** MAX VISCOELASTIC STRAIN STEP = 0.1626E-05

     FORCE CONVERGENCE VALUE  =  0.1569E-04  CRITERION=  0.1151E-03
     DISP CONVERGENCE VALUE   =  0.2507E-04  CRITERION=  0.8317E-03 <<< CONVERGED
    EQUIL ITER   1 COMPLETED.  OLD TRIANG MATRIX.  MAX DOF INC=  0.2507E-04
     FORCE CONVERGENCE VALUE  =  0.9338E-05  CRITERION=  0.1151E-03 <<< CONVERGED
    >>> SOLUTION CONVERGED AFTER EQUILIBRIUM ITERATION   1
 *** LOAD STEP     2   SUBSTEP    53  COMPLETED.    CUM ITER =    173
 *** TIME =   6.30000         TIME INC =  0.100000    
 *** MAX VISCOELASTIC STRAIN STEP = 0.1575E-05

     FORCE CONVERGENCE VALUE  =  0.1517E-04  CRITERION=  0.1151E-03
     DISP CONVERGENCE VALUE   =  0.2407E-04  CRITERION=  0.8317E-03 <<< CONVERGED
    EQUIL ITER   1 COMPLETED.  OLD TRIANG MATRIX.  MAX DOF INC=  0.2407E-04
     FORCE CONVERGENCE VALUE  =  0.9035E-05  CRITERION=  0.1150E-03 <<< CONVERGED
    >>> SOLUTION CONVERGED AFTER EQUILIBRIUM ITERATION   1
 *** LOAD STEP     2   SUBSTEP    54  COMPLETED.    CUM ITER =    174
 *** TIME =   6.40000         TIME INC =  0.100000    
 *** MAX VISCOELASTIC STRAIN STEP = 0.1526E-05

     FORCE CONVERGENCE VALUE  =  0.1467E-04  CRITERION=  0.1151E-03
     DISP CONVERGENCE VALUE   =  0.2313E-04  CRITERION=  0.8317E-03 <<< CONVERGED
    EQUIL ITER   1 COMPLETED.  OLD TRIANG MATRIX.  MAX DOF INC=  0.2313E-04
     FORCE CONVERGENCE VALUE  =  0.8739E-05  CRITERION=  0.1150E-03 <<< CONVERGED
    >>> SOLUTION CONVERGED AFTER EQUILIBRIUM ITERATION   1
 *** LOAD STEP     2   SUBSTEP    55  COMPLETED.    CUM ITER =    175
 *** TIME =   6.50000         TIME INC =  0.100000    
 *** MAX VISCOELASTIC STRAIN STEP = 0.1479E-05

     FORCE CONVERGENCE VALUE  =  0.1419E-04  CRITERION=  0.1151E-03
     DISP CONVERGENCE VALUE   =  0.2222E-04  CRITERION=  0.8317E-03 <<< CONVERGED
    EQUIL ITER   1 COMPLETED.  OLD TRIANG MATRIX.  MAX DOF INC=  0.2222E-04
     FORCE CONVERGENCE VALUE  =  0.8451E-05  CRITERION=  0.1150E-03 <<< CONVERGED
    >>> SOLUTION CONVERGED AFTER EQUILIBRIUM ITERATION   1
 *** LOAD STEP     2   SUBSTEP    56  COMPLETED.    CUM ITER =    176
 *** TIME =   6.60000         TIME INC =  0.100000    
 *** MAX VISCOELASTIC STRAIN STEP = 0.1433E-05

     FORCE CONVERGENCE VALUE  =  0.1371E-04  CRITERION=  0.1151E-03
     DISP CONVERGENCE VALUE   =  0.2136E-04  CRITERION=  0.8317E-03 <<< CONVERGED
    EQUIL ITER   1 COMPLETED.  OLD TRIANG MATRIX.  MAX DOF INC=  0.2136E-04
     FORCE CONVERGENCE VALUE  =  0.8172E-05  CRITERION=  0.1150E-03 <<< CONVERGED
    >>> SOLUTION CONVERGED AFTER EQUILIBRIUM ITERATION   1
 *** LOAD STEP     2   SUBSTEP    57  COMPLETED.    CUM ITER =    177
 *** TIME =   6.70000         TIME INC =  0.100000    
 *** MAX VISCOELASTIC STRAIN STEP = 0.1389E-05

     FORCE CONVERGENCE VALUE  =  0.1325E-04  CRITERION=  0.1151E-03
     DISP CONVERGENCE VALUE   =  0.2054E-04  CRITERION=  0.8317E-03 <<< CONVERGED
    EQUIL ITER   1 COMPLETED.  OLD TRIANG MATRIX.  MAX DOF INC=  0.2054E-04
     FORCE CONVERGENCE VALUE  =  0.7900E-05  CRITERION=  0.1150E-03 <<< CONVERGED
    >>> SOLUTION CONVERGED AFTER EQUILIBRIUM ITERATION   1
 *** LOAD STEP     2   SUBSTEP    58  COMPLETED.    CUM ITER =    178
 *** TIME =   6.80000         TIME INC =  0.100000    
 *** MAX VISCOELASTIC STRAIN STEP = 0.1347E-05

     FORCE CONVERGENCE VALUE  =  0.1281E-04  CRITERION=  0.1150E-03
     DISP CONVERGENCE VALUE   =  0.1976E-04  CRITERION=  0.8317E-03 <<< CONVERGED
    EQUIL ITER   1 COMPLETED.  OLD TRIANG MATRIX.  MAX DOF INC=  0.1976E-04
     FORCE CONVERGENCE VALUE  =  0.7636E-05  CRITERION=  0.1150E-03 <<< CONVERGED
    >>> SOLUTION CONVERGED AFTER EQUILIBRIUM ITERATION   1
 *** LOAD STEP     2   SUBSTEP    59  COMPLETED.    CUM ITER =    179
 *** TIME =   6.90000         TIME INC =  0.100000    
 *** MAX VISCOELASTIC STRAIN STEP = 0.1306E-05

     FORCE CONVERGENCE VALUE  =  0.1238E-04  CRITERION=  0.1150E-03
     DISP CONVERGENCE VALUE   =  0.1901E-04  CRITERION=  0.8317E-03 <<< CONVERGED
    EQUIL ITER   1 COMPLETED.  OLD TRIANG MATRIX.  MAX DOF INC=  0.1901E-04
     FORCE CONVERGENCE VALUE  =  0.7379E-05  CRITERION=  0.1150E-03 <<< CONVERGED
    >>> SOLUTION CONVERGED AFTER EQUILIBRIUM ITERATION   1
 *** LOAD STEP     2   SUBSTEP    60  COMPLETED.    CUM ITER =    180
 *** TIME =   7.00000         TIME INC =  0.100000    
 *** MAX VISCOELASTIC STRAIN STEP = 0.1267E-05

     FORCE CONVERGENCE VALUE  =  0.1196E-04  CRITERION=  0.1150E-03
     DISP CONVERGENCE VALUE   =  0.1829E-04  CRITERION=  0.8317E-03 <<< CONVERGED
    EQUIL ITER   1 COMPLETED.  OLD TRIANG MATRIX.  MAX DOF INC=  0.1829E-04
     FORCE CONVERGENCE VALUE  =  0.7131E-05  CRITERION=  0.1150E-03 <<< CONVERGED
    >>> SOLUTION CONVERGED AFTER EQUILIBRIUM ITERATION   1
 *** LOAD STEP     2   SUBSTEP    61  COMPLETED.    CUM ITER =    181
 *** TIME =   7.10000         TIME INC =  0.100000    
 *** MAX VISCOELASTIC STRAIN STEP = 0.1229E-05

     FORCE CONVERGENCE VALUE  =  0.1155E-04  CRITERION=  0.1150E-03
     DISP CONVERGENCE VALUE   =  0.1761E-04  CRITERION=  0.8317E-03 <<< CONVERGED
    EQUIL ITER   1 COMPLETED.  OLD TRIANG MATRIX.  MAX DOF INC=  0.1761E-04
     FORCE CONVERGENCE VALUE  =  0.6889E-05  CRITERION=  0.1149E-03 <<< CONVERGED
    >>> SOLUTION CONVERGED AFTER EQUILIBRIUM ITERATION   1
 *** LOAD STEP     2   SUBSTEP    62  COMPLETED.    CUM ITER =    182
 *** TIME =   7.20000         TIME INC =  0.100000    
 *** MAX VISCOELASTIC STRAIN STEP = 0.1192E-05

     FORCE CONVERGENCE VALUE  =  0.1116E-04  CRITERION=  0.1150E-03
     DISP CONVERGENCE VALUE   =  0.1695E-04  CRITERION=  0.8317E-03 <<< CONVERGED
    EQUIL ITER   1 COMPLETED.  OLD TRIANG MATRIX.  MAX DOF INC=  0.1695E-04
     FORCE CONVERGENCE VALUE  =  0.6655E-05  CRITERION=  0.1149E-03 <<< CONVERGED
    >>> SOLUTION CONVERGED AFTER EQUILIBRIUM ITERATION   1
 *** LOAD STEP     2   SUBSTEP    63  COMPLETED.    CUM ITER =    183
 *** TIME =   7.30000         TIME INC =  0.100000    
 *** MAX VISCOELASTIC STRAIN STEP = 0.1156E-05

     FORCE CONVERGENCE VALUE  =  0.1078E-04  CRITERION=  0.1150E-03
     DISP CONVERGENCE VALUE   =  0.1632E-04  CRITERION=  0.8317E-03 <<< CONVERGED
    EQUIL ITER   1 COMPLETED.  OLD TRIANG MATRIX.  MAX DOF INC=  0.1632E-04
     FORCE CONVERGENCE VALUE  =  0.6429E-05  CRITERION=  0.1149E-03 <<< CONVERGED
    >>> SOLUTION CONVERGED AFTER EQUILIBRIUM ITERATION   1
 *** LOAD STEP     2   SUBSTEP    64  COMPLETED.    CUM ITER =    184
 *** TIME =   7.40000         TIME INC =  0.100000    
 *** MAX VISCOELASTIC STRAIN STEP = 0.1122E-05

     FORCE CONVERGENCE VALUE  =  0.1041E-04  CRITERION=  0.1150E-03
     DISP CONVERGENCE VALUE   =  0.1572E-04  CRITERION=  0.8317E-03 <<< CONVERGED
    EQUIL ITER   1 COMPLETED.  OLD TRIANG MATRIX.  MAX DOF INC=  0.1572E-04
     FORCE CONVERGENCE VALUE  =  0.6209E-05  CRITERION=  0.1149E-03 <<< CONVERGED
    >>> SOLUTION CONVERGED AFTER EQUILIBRIUM ITERATION   1
 *** LOAD STEP     2   SUBSTEP    65  COMPLETED.    CUM ITER =    185
 *** TIME =   7.50000         TIME INC =  0.100000    
 *** MAX VISCOELASTIC STRAIN STEP = 0.1089E-05

     FORCE CONVERGENCE VALUE  =  0.1005E-04  CRITERION=  0.1150E-03
     DISP CONVERGENCE VALUE   =  0.1515E-04  CRITERION=  0.8317E-03 <<< CONVERGED
    EQUIL ITER   1 COMPLETED.  OLD TRIANG MATRIX.  MAX DOF INC=  0.1515E-04
     FORCE CONVERGENCE VALUE  =  0.5996E-05  CRITERION=  0.1149E-03 <<< CONVERGED
    >>> SOLUTION CONVERGED AFTER EQUILIBRIUM ITERATION   1
 *** LOAD STEP     2   SUBSTEP    66  COMPLETED.    CUM ITER =    186
 *** TIME =   7.60000         TIME INC =  0.100000    
 *** MAX VISCOELASTIC STRAIN STEP = 0.1058E-05

     FORCE CONVERGENCE VALUE  =  0.9705E-05  CRITERION=  0.1149E-03
     DISP CONVERGENCE VALUE   =  0.1459E-04  CRITERION=  0.8317E-03 <<< CONVERGED
    EQUIL ITER   1 COMPLETED.  OLD TRIANG MATRIX.  MAX DOF INC=  0.1459E-04
     FORCE CONVERGENCE VALUE  =  0.5791E-05  CRITERION=  0.1149E-03 <<< CONVERGED
    >>> SOLUTION CONVERGED AFTER EQUILIBRIUM ITERATION   1
 *** LOAD STEP     2   SUBSTEP    67  COMPLETED.    CUM ITER =    187
 *** TIME =   7.70000         TIME INC =  0.100000    
 *** MAX VISCOELASTIC STRAIN STEP = 0.1027E-05

     FORCE CONVERGENCE VALUE  =  0.9370E-05  CRITERION=  0.1149E-03
     DISP CONVERGENCE VALUE   =  0.1407E-04  CRITERION=  0.8317E-03 <<< CONVERGED
    EQUIL ITER   1 COMPLETED.  OLD TRIANG MATRIX.  MAX DOF INC=  0.1407E-04
     FORCE CONVERGENCE VALUE  =  0.5591E-05  CRITERION=  0.1149E-03 <<< CONVERGED
    >>> SOLUTION CONVERGED AFTER EQUILIBRIUM ITERATION   1
 *** LOAD STEP     2   SUBSTEP    68  COMPLETED.    CUM ITER =    188
 *** TIME =   7.80000         TIME INC =  0.100000    
 *** MAX VISCOELASTIC STRAIN STEP = 0.9976E-06

     FORCE CONVERGENCE VALUE  =  0.9046E-05  CRITERION=  0.1149E-03
     DISP CONVERGENCE VALUE   =  0.1356E-04  CRITERION=  0.8317E-03 <<< CONVERGED
    EQUIL ITER   1 COMPLETED.  OLD TRIANG MATRIX.  MAX DOF INC=  0.1356E-04
     FORCE CONVERGENCE VALUE  =  0.5398E-05  CRITERION=  0.1149E-03 <<< CONVERGED
    >>> SOLUTION CONVERGED AFTER EQUILIBRIUM ITERATION   1
 *** LOAD STEP     2   SUBSTEP    69  COMPLETED.    CUM ITER =    189
 *** TIME =   7.90000         TIME INC =  0.100000    
 *** MAX VISCOELASTIC STRAIN STEP = 0.9691E-06

     FORCE CONVERGENCE VALUE  =  0.8733E-05  CRITERION=  0.1149E-03
     DISP CONVERGENCE VALUE   =  0.1307E-04  CRITERION=  0.8317E-03 <<< CONVERGED
    EQUIL ITER   1 COMPLETED.  OLD TRIANG MATRIX.  MAX DOF INC=  0.1307E-04
     FORCE CONVERGENCE VALUE  =  0.5212E-05  CRITERION=  0.1149E-03 <<< CONVERGED
    >>> SOLUTION CONVERGED AFTER EQUILIBRIUM ITERATION   1
 *** LOAD STEP     2   SUBSTEP    70  COMPLETED.    CUM ITER =    190
 *** TIME =   8.00000         TIME INC =  0.100000    
 *** MAX VISCOELASTIC STRAIN STEP = 0.9416E-06

     FORCE CONVERGENCE VALUE  =  0.8431E-05  CRITERION=  0.1149E-03
     DISP CONVERGENCE VALUE   =  0.1260E-04  CRITERION=  0.8317E-03 <<< CONVERGED
    EQUIL ITER   1 COMPLETED.  OLD TRIANG MATRIX.  MAX DOF INC=  0.1260E-04
     FORCE CONVERGENCE VALUE  =  0.5031E-05  CRITERION=  0.1149E-03 <<< CONVERGED
    >>> SOLUTION CONVERGED AFTER EQUILIBRIUM ITERATION   1
 *** LOAD STEP     2   SUBSTEP    71  COMPLETED.    CUM ITER =    191
 *** TIME =   8.10000         TIME INC =  0.100000    
 *** MAX VISCOELASTIC STRAIN STEP = 0.9151E-06

     FORCE CONVERGENCE VALUE  =  0.8138E-05  CRITERION=  0.1149E-03
     DISP CONVERGENCE VALUE   =  0.1215E-04  CRITERION=  0.8317E-03 <<< CONVERGED
    EQUIL ITER   1 COMPLETED.  OLD TRIANG MATRIX.  MAX DOF INC=  0.1215E-04
     FORCE CONVERGENCE VALUE  =  0.4857E-05  CRITERION=  0.1149E-03 <<< CONVERGED
    >>> SOLUTION CONVERGED AFTER EQUILIBRIUM ITERATION   1
 *** LOAD STEP     2   SUBSTEP    72  COMPLETED.    CUM ITER =    192
 *** TIME =   8.20000         TIME INC =  0.100000    
 *** MAX VISCOELASTIC STRAIN STEP = 0.8895E-06

     FORCE CONVERGENCE VALUE  =  0.7855E-05  CRITERION=  0.1149E-03
     DISP CONVERGENCE VALUE   =  0.1172E-04  CRITERION=  0.8317E-03 <<< CONVERGED
    EQUIL ITER   1 COMPLETED.  OLD TRIANG MATRIX.  MAX DOF INC=  0.1172E-04
     FORCE CONVERGENCE VALUE  =  0.4688E-05  CRITERION=  0.1149E-03 <<< CONVERGED
    >>> SOLUTION CONVERGED AFTER EQUILIBRIUM ITERATION   1
 *** LOAD STEP     2   SUBSTEP    73  COMPLETED.    CUM ITER =    193
 *** TIME =   8.30000         TIME INC =  0.100000    
 *** MAX VISCOELASTIC STRAIN STEP = 0.8648E-06

     FORCE CONVERGENCE VALUE  =  0.7582E-05  CRITERION=  0.1149E-03
     DISP CONVERGENCE VALUE   =  0.1130E-04  CRITERION=  0.8317E-03 <<< CONVERGED
    EQUIL ITER   1 COMPLETED.  OLD TRIANG MATRIX.  MAX DOF INC=  0.1130E-04
     FORCE CONVERGENCE VALUE  =  0.4525E-05  CRITERION=  0.1148E-03 <<< CONVERGED
    >>> SOLUTION CONVERGED AFTER EQUILIBRIUM ITERATION   1
 *** LOAD STEP     2   SUBSTEP    74  COMPLETED.    CUM ITER =    194
 *** TIME =   8.40000         TIME INC =  0.100000    
 *** MAX VISCOELASTIC STRAIN STEP = 0.8410E-06

     FORCE CONVERGENCE VALUE  =  0.7318E-05  CRITERION=  0.1149E-03
     DISP CONVERGENCE VALUE   =  0.1090E-04  CRITERION=  0.8317E-03 <<< CONVERGED
    EQUIL ITER   1 COMPLETED.  OLD TRIANG MATRIX.  MAX DOF INC=  0.1090E-04
     FORCE CONVERGENCE VALUE  =  0.4367E-05  CRITERION=  0.1148E-03 <<< CONVERGED
    >>> SOLUTION CONVERGED AFTER EQUILIBRIUM ITERATION   1
 *** LOAD STEP     2   SUBSTEP    75  COMPLETED.    CUM ITER =    195
 *** TIME =   8.50000         TIME INC =  0.100000    
 *** MAX VISCOELASTIC STRAIN STEP = 0.8181E-06

     FORCE CONVERGENCE VALUE  =  0.7063E-05  CRITERION=  0.1149E-03
     DISP CONVERGENCE VALUE   =  0.1052E-04  CRITERION=  0.8317E-03 <<< CONVERGED
    EQUIL ITER   1 COMPLETED.  OLD TRIANG MATRIX.  MAX DOF INC=  0.1052E-04
     FORCE CONVERGENCE VALUE  =  0.4215E-05  CRITERION=  0.1148E-03 <<< CONVERGED
    >>> SOLUTION CONVERGED AFTER EQUILIBRIUM ITERATION   1
 *** LOAD STEP     2   SUBSTEP    76  COMPLETED.    CUM ITER =    196
 *** TIME =   8.60000         TIME INC =  0.100000    
 *** MAX VISCOELASTIC STRAIN STEP = 0.7959E-06

     FORCE CONVERGENCE VALUE  =  0.6816E-05  CRITERION=  0.1149E-03
     DISP CONVERGENCE VALUE   =  0.1015E-04  CRITERION=  0.8317E-03 <<< CONVERGED
    EQUIL ITER   1 COMPLETED.  OLD TRIANG MATRIX.  MAX DOF INC=  0.1015E-04
     FORCE CONVERGENCE VALUE  =  0.4068E-05  CRITERION=  0.1148E-03 <<< CONVERGED
    >>> SOLUTION CONVERGED AFTER EQUILIBRIUM ITERATION   1
 *** LOAD STEP     2   SUBSTEP    77  COMPLETED.    CUM ITER =    197
 *** TIME =   8.70000         TIME INC =  0.100000    
 *** MAX VISCOELASTIC STRAIN STEP = 0.7745E-06

     FORCE CONVERGENCE VALUE  =  0.6578E-05  CRITERION=  0.1149E-03
     DISP CONVERGENCE VALUE   =  0.9793E-05  CRITERION=  0.8317E-03 <<< CONVERGED
    EQUIL ITER   1 COMPLETED.  OLD TRIANG MATRIX.  MAX DOF INC=  0.9793E-05
     FORCE CONVERGENCE VALUE  =  0.3925E-05  CRITERION=  0.1148E-03 <<< CONVERGED
    >>> SOLUTION CONVERGED AFTER EQUILIBRIUM ITERATION   1
 *** LOAD STEP     2   SUBSTEP    78  COMPLETED.    CUM ITER =    198
 *** TIME =   8.80000         TIME INC =  0.100000    
 *** MAX VISCOELASTIC STRAIN STEP = 0.7539E-06

     FORCE CONVERGENCE VALUE  =  0.6348E-05  CRITERION=  0.1149E-03
     DISP CONVERGENCE VALUE   =  0.9451E-05  CRITERION=  0.8317E-03 <<< CONVERGED
    EQUIL ITER   1 COMPLETED.  OLD TRIANG MATRIX.  MAX DOF INC=  0.9451E-05
     FORCE CONVERGENCE VALUE  =  0.3788E-05  CRITERION=  0.1148E-03 <<< CONVERGED
    >>> SOLUTION CONVERGED AFTER EQUILIBRIUM ITERATION   1
 *** LOAD STEP     2   SUBSTEP    79  COMPLETED.    CUM ITER =    199
 *** TIME =   8.90000         TIME INC =  0.100000    
 *** MAX VISCOELASTIC STRAIN STEP = 0.7340E-06

     FORCE CONVERGENCE VALUE  =  0.6125E-05  CRITERION=  0.1148E-03
     DISP CONVERGENCE VALUE   =  0.9122E-05  CRITERION=  0.8317E-03 <<< CONVERGED
    EQUIL ITER   1 COMPLETED.  OLD TRIANG MATRIX.  MAX DOF INC=  0.9122E-05
     FORCE CONVERGENCE VALUE  =  0.3655E-05  CRITERION=  0.1148E-03 <<< CONVERGED
    >>> SOLUTION CONVERGED AFTER EQUILIBRIUM ITERATION   1
 *** LOAD STEP     2   SUBSTEP    80  COMPLETED.    CUM ITER =    200
 *** TIME =   9.00000         TIME INC =  0.100000    
 *** MAX VISCOELASTIC STRAIN STEP = 0.7148E-06

     FORCE CONVERGENCE VALUE  =  0.5911E-05  CRITERION=  0.1148E-03
     DISP CONVERGENCE VALUE   =  0.8806E-05  CRITERION=  0.8317E-03 <<< CONVERGED
    EQUIL ITER   1 COMPLETED.  OLD TRIANG MATRIX.  MAX DOF INC=  0.8806E-05
     FORCE CONVERGENCE VALUE  =  0.3527E-05  CRITERION=  0.1148E-03 <<< CONVERGED
    >>> SOLUTION CONVERGED AFTER EQUILIBRIUM ITERATION   1
 *** LOAD STEP     2   SUBSTEP    81  COMPLETED.    CUM ITER =    201
 *** TIME =   9.10000         TIME INC =  0.100000    
 *** MAX VISCOELASTIC STRAIN STEP = 0.6963E-06

     FORCE CONVERGENCE VALUE  =  0.5703E-05  CRITERION=  0.1148E-03
     DISP CONVERGENCE VALUE   =  0.8501E-05  CRITERION=  0.8317E-03 <<< CONVERGED
    EQUIL ITER   1 COMPLETED.  OLD TRIANG MATRIX.  MAX DOF INC=  0.8501E-05
     FORCE CONVERGENCE VALUE  =  0.3403E-05  CRITERION=  0.1148E-03 <<< CONVERGED
    >>> SOLUTION CONVERGED AFTER EQUILIBRIUM ITERATION   1
 *** LOAD STEP     2   SUBSTEP    82  COMPLETED.    CUM ITER =    202
 *** TIME =   9.20000         TIME INC =  0.100000    
 *** MAX VISCOELASTIC STRAIN STEP = 0.6784E-06

     FORCE CONVERGENCE VALUE  =  0.5503E-05  CRITERION=  0.1148E-03
     DISP CONVERGENCE VALUE   =  0.8207E-05  CRITERION=  0.8317E-03 <<< CONVERGED
    EQUIL ITER   1 COMPLETED.  OLD TRIANG MATRIX.  MAX DOF INC=  0.8207E-05
     FORCE CONVERGENCE VALUE  =  0.3283E-05  CRITERION=  0.1148E-03 <<< CONVERGED
    >>> SOLUTION CONVERGED AFTER EQUILIBRIUM ITERATION   1
 *** LOAD STEP     2   SUBSTEP    83  COMPLETED.    CUM ITER =    203
 *** TIME =   9.30000         TIME INC =  0.100000    
 *** MAX VISCOELASTIC STRAIN STEP = 0.6612E-06

     FORCE CONVERGENCE VALUE  =  0.5310E-05  CRITERION=  0.1148E-03
     DISP CONVERGENCE VALUE   =  0.7925E-05  CRITERION=  0.8317E-03 <<< CONVERGED
    EQUIL ITER   1 COMPLETED.  OLD TRIANG MATRIX.  MAX DOF INC=  0.7925E-05
     FORCE CONVERGENCE VALUE  =  0.3168E-05  CRITERION=  0.1148E-03 <<< CONVERGED
    >>> SOLUTION CONVERGED AFTER EQUILIBRIUM ITERATION   1
 *** LOAD STEP     2   SUBSTEP    84  COMPLETED.    CUM ITER =    204
 *** TIME =   9.40000         TIME INC =  0.100000    
 *** MAX VISCOELASTIC STRAIN STEP = 0.6445E-06

     FORCE CONVERGENCE VALUE  =  0.5123E-05  CRITERION=  0.1148E-03
     DISP CONVERGENCE VALUE   =  0.7652E-05  CRITERION=  0.8317E-03 <<< CONVERGED
    EQUIL ITER   1 COMPLETED.  OLD TRIANG MATRIX.  MAX DOF INC=  0.7652E-05
     FORCE CONVERGENCE VALUE  =  0.3056E-05  CRITERION=  0.1148E-03 <<< CONVERGED
    >>> SOLUTION CONVERGED AFTER EQUILIBRIUM ITERATION   1
 *** LOAD STEP     2   SUBSTEP    85  COMPLETED.    CUM ITER =    205
 *** TIME =   9.50000         TIME INC =  0.100000    
 *** MAX VISCOELASTIC STRAIN STEP = 0.6285E-06

     FORCE CONVERGENCE VALUE  =  0.4943E-05  CRITERION=  0.1148E-03
     DISP CONVERGENCE VALUE   =  0.7390E-05  CRITERION=  0.8317E-03 <<< CONVERGED
    EQUIL ITER   1 COMPLETED.  OLD TRIANG MATRIX.  MAX DOF INC=  0.7390E-05
     FORCE CONVERGENCE VALUE  =  0.2948E-05  CRITERION=  0.1148E-03 <<< CONVERGED
    >>> SOLUTION CONVERGED AFTER EQUILIBRIUM ITERATION   1
 *** LOAD STEP     2   SUBSTEP    86  COMPLETED.    CUM ITER =    206
 *** TIME =   9.60000         TIME INC =  0.100000    
 *** MAX VISCOELASTIC STRAIN STEP = 0.6130E-06

     FORCE CONVERGENCE VALUE  =  0.4769E-05  CRITERION=  0.1148E-03
     DISP CONVERGENCE VALUE   =  0.7138E-05  CRITERION=  0.8317E-03 <<< CONVERGED
    EQUIL ITER   1 COMPLETED.  OLD TRIANG MATRIX.  MAX DOF INC=  0.7138E-05
     FORCE CONVERGENCE VALUE  =  0.2844E-05  CRITERION=  0.1148E-03 <<< CONVERGED
    >>> SOLUTION CONVERGED AFTER EQUILIBRIUM ITERATION   1
 *** LOAD STEP     2   SUBSTEP    87  COMPLETED.    CUM ITER =    207
 *** TIME =   9.70000         TIME INC =  0.100000    
 *** MAX VISCOELASTIC STRAIN STEP = 0.5980E-06

     FORCE CONVERGENCE VALUE  =  0.4601E-05  CRITERION=  0.1148E-03
     DISP CONVERGENCE VALUE   =  0.6895E-05  CRITERION=  0.8317E-03 <<< CONVERGED
    EQUIL ITER   1 COMPLETED.  OLD TRIANG MATRIX.  MAX DOF INC=  0.6895E-05
     FORCE CONVERGENCE VALUE  =  0.2744E-05  CRITERION=  0.1148E-03 <<< CONVERGED
    >>> SOLUTION CONVERGED AFTER EQUILIBRIUM ITERATION   1
 *** LOAD STEP     2   SUBSTEP    88  COMPLETED.    CUM ITER =    208
 *** TIME =   9.80000         TIME INC =  0.100000    
 *** MAX VISCOELASTIC STRAIN STEP = 0.5836E-06

     FORCE CONVERGENCE VALUE  =  0.4438E-05  CRITERION=  0.1148E-03
     DISP CONVERGENCE VALUE   =  0.6660E-05  CRITERION=  0.8317E-03 <<< CONVERGED
    EQUIL ITER   1 COMPLETED.  OLD TRIANG MATRIX.  MAX DOF INC=  0.6660E-05
     FORCE CONVERGENCE VALUE  =  0.2647E-05  CRITERION=  0.1148E-03 <<< CONVERGED
    >>> SOLUTION CONVERGED AFTER EQUILIBRIUM ITERATION   1
 *** LOAD STEP     2   SUBSTEP    89  COMPLETED.    CUM ITER =    209
 *** TIME =   9.90000         TIME INC =  0.100000    
 *** MAX VISCOELASTIC STRAIN STEP = 0.5798E-06

     FORCE CONVERGENCE VALUE  =  0.4282E-05  CRITERION=  0.1148E-03
     DISP CONVERGENCE VALUE   =  0.6434E-05  CRITERION=  0.8317E-03 <<< CONVERGED
    EQUIL ITER   1 COMPLETED.  OLD TRIANG MATRIX.  MAX DOF INC=  0.6434E-05
     FORCE CONVERGENCE VALUE  =  0.2553E-05  CRITERION=  0.1148E-03 <<< CONVERGED
    >>> SOLUTION CONVERGED AFTER EQUILIBRIUM ITERATION   1
 *** LOAD STEP     2   SUBSTEP    90  COMPLETED.    CUM ITER =    210
 *** TIME =   10.0000         TIME INC =  0.100000    
 *** MAX VISCOELASTIC STRAIN STEP = 0.5775E-06

     FORCE CONVERGENCE VALUE  =  0.4131E-05  CRITERION=  0.1148E-03
     DISP CONVERGENCE VALUE   =  0.6217E-05  CRITERION=  0.8317E-03 <<< CONVERGED
    EQUIL ITER   1 COMPLETED.  OLD TRIANG MATRIX.  MAX DOF INC=  0.6217E-05
     FORCE CONVERGENCE VALUE  =  0.2463E-05  CRITERION=  0.1148E-03 <<< CONVERGED
    >>> SOLUTION CONVERGED AFTER EQUILIBRIUM ITERATION   1
 *** LOAD STEP     2   SUBSTEP    91  COMPLETED.    CUM ITER =    211
 *** TIME =   10.1000         TIME INC =  0.100000    
 *** MAX VISCOELASTIC STRAIN STEP = 0.5751E-06

     FORCE CONVERGENCE VALUE  =  0.3985E-05  CRITERION=  0.1148E-03
     DISP CONVERGENCE VALUE   =  0.6007E-05  CRITERION=  0.8317E-03 <<< CONVERGED
    EQUIL ITER   1 COMPLETED.  OLD TRIANG MATRIX.  MAX DOF INC=  0.6007E-05
     FORCE CONVERGENCE VALUE  =  0.2375E-05  CRITERION=  0.1148E-03 <<< CONVERGED
    >>> SOLUTION CONVERGED AFTER EQUILIBRIUM ITERATION   1
 *** LOAD STEP     2   SUBSTEP    92  COMPLETED.    CUM ITER =    212
 *** TIME =   10.2000         TIME INC =  0.100000    
 *** MAX VISCOELASTIC STRAIN STEP = 0.5729E-06

     FORCE CONVERGENCE VALUE  =  0.3844E-05  CRITERION=  0.1148E-03
     DISP CONVERGENCE VALUE   =  0.5805E-05  CRITERION=  0.8317E-03 <<< CONVERGED
    EQUIL ITER   1 COMPLETED.  OLD TRIANG MATRIX.  MAX DOF INC=  0.5805E-05
     FORCE CONVERGENCE VALUE  =  0.2291E-05  CRITERION=  0.1148E-03 <<< CONVERGED
    >>> SOLUTION CONVERGED AFTER EQUILIBRIUM ITERATION   1
 *** LOAD STEP     2   SUBSTEP    93  COMPLETED.    CUM ITER =    213
 *** TIME =   10.3000         TIME INC =  0.100000    
 *** MAX VISCOELASTIC STRAIN STEP = 0.5707E-06

     FORCE CONVERGENCE VALUE  =  0.3708E-05  CRITERION=  0.1148E-03
     DISP CONVERGENCE VALUE   =  0.5610E-05  CRITERION=  0.8317E-03 <<< CONVERGED
    EQUIL ITER   1 COMPLETED.  OLD TRIANG MATRIX.  MAX DOF INC=  0.5610E-05
     FORCE CONVERGENCE VALUE  =  0.2210E-05  CRITERION=  0.1148E-03 <<< CONVERGED
    >>> SOLUTION CONVERGED AFTER EQUILIBRIUM ITERATION   1
 *** LOAD STEP     2   SUBSTEP    94  COMPLETED.    CUM ITER =    214
 *** TIME =   10.4000         TIME INC =  0.100000    
 *** MAX VISCOELASTIC STRAIN STEP = 0.5686E-06

     FORCE CONVERGENCE VALUE  =  0.3576E-05  CRITERION=  0.1148E-03
     DISP CONVERGENCE VALUE   =  0.5422E-05  CRITERION=  0.8317E-03 <<< CONVERGED
    EQUIL ITER   1 COMPLETED.  OLD TRIANG MATRIX.  MAX DOF INC=  0.5422E-05
     FORCE CONVERGENCE VALUE  =  0.2131E-05  CRITERION=  0.1148E-03 <<< CONVERGED
    >>> SOLUTION CONVERGED AFTER EQUILIBRIUM ITERATION   1
 *** LOAD STEP     2   SUBSTEP    95  COMPLETED.    CUM ITER =    215
 *** TIME =   10.5000         TIME INC =  0.100000    
 *** MAX VISCOELASTIC STRAIN STEP = 0.5665E-06

     FORCE CONVERGENCE VALUE  =  0.3450E-05  CRITERION=  0.1148E-03
     DISP CONVERGENCE VALUE   =  0.5241E-05  CRITERION=  0.8317E-03 <<< CONVERGED
    EQUIL ITER   1 COMPLETED.  OLD TRIANG MATRIX.  MAX DOF INC=  0.5241E-05
     FORCE CONVERGENCE VALUE  =  0.2055E-05  CRITERION=  0.1148E-03 <<< CONVERGED
    >>> SOLUTION CONVERGED AFTER EQUILIBRIUM ITERATION   1
 *** LOAD STEP     2   SUBSTEP    96  COMPLETED.    CUM ITER =    216
 *** TIME =   10.6000         TIME INC =  0.100000    
 *** MAX VISCOELASTIC STRAIN STEP = 0.5645E-06

     FORCE CONVERGENCE VALUE  =  0.3327E-05  CRITERION=  0.1148E-03
     DISP CONVERGENCE VALUE   =  0.5067E-05  CRITERION=  0.8317E-03 <<< CONVERGED
    EQUIL ITER   1 COMPLETED.  OLD TRIANG MATRIX.  MAX DOF INC=  0.5067E-05
     FORCE CONVERGENCE VALUE  =  0.1982E-05  CRITERION=  0.1148E-03 <<< CONVERGED
    >>> SOLUTION CONVERGED AFTER EQUILIBRIUM ITERATION   1
 *** LOAD STEP     2   SUBSTEP    97  COMPLETED.    CUM ITER =    217
 *** TIME =   10.7000         TIME INC =  0.100000    
 *** MAX VISCOELASTIC STRAIN STEP = 0.5625E-06

     FORCE CONVERGENCE VALUE  =  0.3209E-05  CRITERION=  0.1148E-03
     DISP CONVERGENCE VALUE   =  0.4899E-05  CRITERION=  0.8317E-03 <<< CONVERGED
    EQUIL ITER   1 COMPLETED.  OLD TRIANG MATRIX.  MAX DOF INC=  0.4899E-05
     FORCE CONVERGENCE VALUE  =  0.1912E-05  CRITERION=  0.1148E-03 <<< CONVERGED
    >>> SOLUTION CONVERGED AFTER EQUILIBRIUM ITERATION   1
 *** LOAD STEP     2   SUBSTEP    98  COMPLETED.    CUM ITER =    218
 *** TIME =   10.8000         TIME INC =  0.100000    
 *** MAX VISCOELASTIC STRAIN STEP = 0.5606E-06

     FORCE CONVERGENCE VALUE  =  0.3095E-05  CRITERION=  0.1148E-03
     DISP CONVERGENCE VALUE   =  0.4737E-05  CRITERION=  0.8317E-03 <<< CONVERGED
    EQUIL ITER   1 COMPLETED.  OLD TRIANG MATRIX.  MAX DOF INC=  0.4737E-05
     FORCE CONVERGENCE VALUE  =  0.1843E-05  CRITERION=  0.1148E-03 <<< CONVERGED
    >>> SOLUTION CONVERGED AFTER EQUILIBRIUM ITERATION   1
 *** LOAD STEP     2   SUBSTEP    99  COMPLETED.    CUM ITER =    219
 *** TIME =   10.9000         TIME INC =  0.100000    
 *** MAX VISCOELASTIC STRAIN STEP = 0.5588E-06

     FORCE CONVERGENCE VALUE  =  0.2985E-05  CRITERION=  0.1148E-03
     DISP CONVERGENCE VALUE   =  0.4580E-05  CRITERION=  0.8317E-03 <<< CONVERGED
    EQUIL ITER   1 COMPLETED.  OLD TRIANG MATRIX.  MAX DOF INC=  0.4580E-05
     FORCE CONVERGENCE VALUE  =  0.1778E-05  CRITERION=  0.1148E-03 <<< CONVERGED
    >>> SOLUTION CONVERGED AFTER EQUILIBRIUM ITERATION   1
 *** LOAD STEP     2   SUBSTEP   100  COMPLETED.    CUM ITER =    220
 *** TIME =   11.0000         TIME INC =  0.100000    
 *** MAX VISCOELASTIC STRAIN STEP = 0.5570E-06

     FORCE CONVERGENCE VALUE  =  0.2879E-05  CRITERION=  0.1148E-03
     DISP CONVERGENCE VALUE   =  0.4430E-05  CRITERION=  0.8317E-03 <<< CONVERGED
    EQUIL ITER   1 COMPLETED.  OLD TRIANG MATRIX.  MAX DOF INC=  0.4430E-05
     FORCE CONVERGENCE VALUE  =  0.1714E-05  CRITERION=  0.1148E-03 <<< CONVERGED
    >>> SOLUTION CONVERGED AFTER EQUILIBRIUM ITERATION   1
 *** LOAD STEP     2   SUBSTEP   101  COMPLETED.    CUM ITER =    221
 *** TIME =   11.1000         TIME INC =  0.100000    
 *** MAX VISCOELASTIC STRAIN STEP = 0.5552E-06

     FORCE CONVERGENCE VALUE  =  0.2777E-05  CRITERION=  0.1148E-03
     DISP CONVERGENCE VALUE   =  0.4284E-05  CRITERION=  0.8317E-03 <<< CONVERGED
    EQUIL ITER   1 COMPLETED.  OLD TRIANG MATRIX.  MAX DOF INC=  0.4284E-05
     FORCE CONVERGENCE VALUE  =  0.1653E-05  CRITERION=  0.1148E-03 <<< CONVERGED
    >>> SOLUTION CONVERGED AFTER EQUILIBRIUM ITERATION   1
 *** LOAD STEP     2   SUBSTEP   102  COMPLETED.    CUM ITER =    222
 *** TIME =   11.2000         TIME INC =  0.100000    
 *** MAX VISCOELASTIC STRAIN STEP = 0.5535E-06

     FORCE CONVERGENCE VALUE  =  0.2678E-05  CRITERION=  0.1148E-03
     DISP CONVERGENCE VALUE   =  0.4144E-05  CRITERION=  0.8317E-03 <<< CONVERGED
    EQUIL ITER   1 COMPLETED.  OLD TRIANG MATRIX.  MAX DOF INC=  0.4144E-05
     FORCE CONVERGENCE VALUE  =  0.1594E-05  CRITERION=  0.1148E-03 <<< CONVERGED
    >>> SOLUTION CONVERGED AFTER EQUILIBRIUM ITERATION   1
 *** LOAD STEP     2   SUBSTEP   103  COMPLETED.    CUM ITER =    223
 *** TIME =   11.3000         TIME INC =  0.100000    
 *** MAX VISCOELASTIC STRAIN STEP = 0.5518E-06

     FORCE CONVERGENCE VALUE  =  0.2583E-05  CRITERION=  0.1148E-03
     DISP CONVERGENCE VALUE   =  0.4009E-05  CRITERION=  0.8317E-03 <<< CONVERGED
    EQUIL ITER   1 COMPLETED.  OLD TRIANG MATRIX.  MAX DOF INC=  0.4009E-05
     FORCE CONVERGENCE VALUE  =  0.1537E-05  CRITERION=  0.1148E-03 <<< CONVERGED
    >>> SOLUTION CONVERGED AFTER EQUILIBRIUM ITERATION   1
 *** LOAD STEP     2   SUBSTEP   104  COMPLETED.    CUM ITER =    224
 *** TIME =   11.4000         TIME INC =  0.100000    
 *** MAX VISCOELASTIC STRAIN STEP = 0.5502E-06

     FORCE CONVERGENCE VALUE  =  0.2490E-05  CRITERION=  0.1148E-03
     DISP CONVERGENCE VALUE   =  0.3878E-05  CRITERION=  0.8317E-03 <<< CONVERGED
    EQUIL ITER   1 COMPLETED.  OLD TRIANG MATRIX.  MAX DOF INC=  0.3878E-05
     FORCE CONVERGENCE VALUE  =  0.1482E-05  CRITERION=  0.1148E-03 <<< CONVERGED
    >>> SOLUTION CONVERGED AFTER EQUILIBRIUM ITERATION   1
 *** LOAD STEP     2   SUBSTEP   105  COMPLETED.    CUM ITER =    225
 *** TIME =   11.5000         TIME INC =  0.100000    
 *** MAX VISCOELASTIC STRAIN STEP = 0.5486E-06

     FORCE CONVERGENCE VALUE  =  0.2402E-05  CRITERION=  0.1148E-03
     DISP CONVERGENCE VALUE   =  0.3753E-05  CRITERION=  0.8317E-03 <<< CONVERGED
    EQUIL ITER   1 COMPLETED.  OLD TRIANG MATRIX.  MAX DOF INC=  0.3753E-05
     FORCE CONVERGENCE VALUE  =  0.1428E-05  CRITERION=  0.1148E-03 <<< CONVERGED
    >>> SOLUTION CONVERGED AFTER EQUILIBRIUM ITERATION   1
 *** LOAD STEP     2   SUBSTEP   106  COMPLETED.    CUM ITER =    226
 *** TIME =   11.6000         TIME INC =  0.100000    
 *** MAX VISCOELASTIC STRAIN STEP = 0.5470E-06

     FORCE CONVERGENCE VALUE  =  0.2316E-05  CRITERION=  0.1148E-03
     DISP CONVERGENCE VALUE   =  0.3632E-05  CRITERION=  0.8317E-03 <<< CONVERGED
    EQUIL ITER   1 COMPLETED.  OLD TRIANG MATRIX.  MAX DOF INC=  0.3632E-05
     FORCE CONVERGENCE VALUE  =  0.1377E-05  CRITERION=  0.1148E-03 <<< CONVERGED
    >>> SOLUTION CONVERGED AFTER EQUILIBRIUM ITERATION   1
 *** LOAD STEP     2   SUBSTEP   107  COMPLETED.    CUM ITER =    227
 *** TIME =   11.7000         TIME INC =  0.100000    
 *** MAX VISCOELASTIC STRAIN STEP = 0.5455E-06

     FORCE CONVERGENCE VALUE  =  0.2233E-05  CRITERION=  0.1148E-03
     DISP CONVERGENCE VALUE   =  0.3515E-05  CRITERION=  0.8317E-03 <<< CONVERGED
    EQUIL ITER   1 COMPLETED.  OLD TRIANG MATRIX.  MAX DOF INC=  0.3515E-05
     FORCE CONVERGENCE VALUE  =  0.1328E-05  CRITERION=  0.1148E-03 <<< CONVERGED
    >>> SOLUTION CONVERGED AFTER EQUILIBRIUM ITERATION   1
 *** LOAD STEP     2   SUBSTEP   108  COMPLETED.    CUM ITER =    228
 *** TIME =   11.8000         TIME INC =  0.100000    
 *** MAX VISCOELASTIC STRAIN STEP = 0.5440E-06

     FORCE CONVERGENCE VALUE  =  0.2153E-05  CRITERION=  0.1148E-03
     DISP CONVERGENCE VALUE   =  0.3402E-05  CRITERION=  0.8317E-03 <<< CONVERGED
    EQUIL ITER   1 COMPLETED.  OLD TRIANG MATRIX.  MAX DOF INC=  0.3402E-05
     FORCE CONVERGENCE VALUE  =  0.1280E-05  CRITERION=  0.1148E-03 <<< CONVERGED
    >>> SOLUTION CONVERGED AFTER EQUILIBRIUM ITERATION   1
 *** LOAD STEP     2   SUBSTEP   109  COMPLETED.    CUM ITER =    229
 *** TIME =   11.9000         TIME INC =  0.100000    
 *** MAX VISCOELASTIC STRAIN STEP = 0.5425E-06

     FORCE CONVERGENCE VALUE  =  0.2076E-05  CRITERION=  0.1148E-03
     DISP CONVERGENCE VALUE   =  0.3293E-05  CRITERION=  0.8317E-03 <<< CONVERGED
    EQUIL ITER   1 COMPLETED.  OLD TRIANG MATRIX.  MAX DOF INC=  0.3293E-05
     FORCE CONVERGENCE VALUE  =  0.1234E-05  CRITERION=  0.1148E-03 <<< CONVERGED
    >>> SOLUTION CONVERGED AFTER EQUILIBRIUM ITERATION   1
 *** LOAD STEP     2   SUBSTEP   110  COMPLETED.    CUM ITER =    230
 *** TIME =   12.0000         TIME INC =  0.100000    
 *** MAX VISCOELASTIC STRAIN STEP = 0.5411E-06

     FORCE CONVERGENCE VALUE  =  0.2002E-05  CRITERION=  0.1148E-03
     DISP CONVERGENCE VALUE   =  0.3188E-05  CRITERION=  0.8317E-03 <<< CONVERGED
    EQUIL ITER   1 COMPLETED.  OLD TRIANG MATRIX.  MAX DOF INC=  0.3188E-05
     FORCE CONVERGENCE VALUE  =  0.1189E-05  CRITERION=  0.1148E-03 <<< CONVERGED
    >>> SOLUTION CONVERGED AFTER EQUILIBRIUM ITERATION   1
 *** LOAD STEP     2   SUBSTEP   111  COMPLETED.    CUM ITER =    231
 *** TIME =   12.1000         TIME INC =  0.100000    
 *** MAX VISCOELASTIC STRAIN STEP = 0.5397E-06

     FORCE CONVERGENCE VALUE  =  0.1930E-05  CRITERION=  0.1148E-03
     DISP CONVERGENCE VALUE   =  0.3087E-05  CRITERION=  0.8317E-03 <<< CONVERGED
    EQUIL ITER   1 COMPLETED.  OLD TRIANG MATRIX.  MAX DOF INC=  0.3087E-05
     FORCE CONVERGENCE VALUE  =  0.1146E-05  CRITERION=  0.1148E-03 <<< CONVERGED
    >>> SOLUTION CONVERGED AFTER EQUILIBRIUM ITERATION   1
 *** LOAD STEP     2   SUBSTEP   112  COMPLETED.    CUM ITER =    232
 *** TIME =   12.2000         TIME INC =  0.100000    
 *** MAX VISCOELASTIC STRAIN STEP = 0.5383E-06

     FORCE CONVERGENCE VALUE  =  0.1861E-05  CRITERION=  0.1148E-03
     DISP CONVERGENCE VALUE   =  0.2990E-05  CRITERION=  0.8317E-03 <<< CONVERGED
    EQUIL ITER   1 COMPLETED.  OLD TRIANG MATRIX.  MAX DOF INC=  0.2990E-05
     FORCE CONVERGENCE VALUE  =  0.1105E-05  CRITERION=  0.1148E-03 <<< CONVERGED
    >>> SOLUTION CONVERGED AFTER EQUILIBRIUM ITERATION   1
 *** LOAD STEP     2   SUBSTEP   113  COMPLETED.    CUM ITER =    233
 *** TIME =   12.3000         TIME INC =  0.100000    
 *** MAX VISCOELASTIC STRAIN STEP = 0.5370E-06

     FORCE CONVERGENCE VALUE  =  0.1794E-05  CRITERION=  0.1148E-03
     DISP CONVERGENCE VALUE   =  0.2895E-05  CRITERION=  0.8317E-03 <<< CONVERGED
    EQUIL ITER   1 COMPLETED.  OLD TRIANG MATRIX.  MAX DOF INC=  0.2895E-05
     FORCE CONVERGENCE VALUE  =  0.1065E-05  CRITERION=  0.1148E-03 <<< CONVERGED
    >>> SOLUTION CONVERGED AFTER EQUILIBRIUM ITERATION   1
 *** LOAD STEP     2   SUBSTEP   114  COMPLETED.    CUM ITER =    234
 *** TIME =   12.4000         TIME INC =  0.100000    
 *** MAX VISCOELASTIC STRAIN STEP = 0.5357E-06

     FORCE CONVERGENCE VALUE  =  0.1729E-05  CRITERION=  0.1148E-03
     DISP CONVERGENCE VALUE   =  0.2805E-05  CRITERION=  0.8317E-03 <<< CONVERGED
    EQUIL ITER   1 COMPLETED.  OLD TRIANG MATRIX.  MAX DOF INC=  0.2805E-05
     FORCE CONVERGENCE VALUE  =  0.1026E-05  CRITERION=  0.1148E-03 <<< CONVERGED
    >>> SOLUTION CONVERGED AFTER EQUILIBRIUM ITERATION   1
 *** LOAD STEP     2   SUBSTEP   115  COMPLETED.    CUM ITER =    235
 *** TIME =   12.5000         TIME INC =  0.100000    
 *** MAX VISCOELASTIC STRAIN STEP = 0.5344E-06

     FORCE CONVERGENCE VALUE  =  0.1667E-05  CRITERION=  0.1148E-03
     DISP CONVERGENCE VALUE   =  0.2717E-05  CRITERION=  0.8317E-03 <<< CONVERGED
    EQUIL ITER   1 COMPLETED.  OLD TRIANG MATRIX.  MAX DOF INC=  0.2717E-05
     FORCE CONVERGENCE VALUE  =  0.9888E-06  CRITERION=  0.1148E-03 <<< CONVERGED
    >>> SOLUTION CONVERGED AFTER EQUILIBRIUM ITERATION   1
 *** LOAD STEP     2   SUBSTEP   116  COMPLETED.    CUM ITER =    236
 *** TIME =   12.6000         TIME INC =  0.100000    
 *** MAX VISCOELASTIC STRAIN STEP = 0.5331E-06

     FORCE CONVERGENCE VALUE  =  0.1607E-05  CRITERION=  0.1148E-03
     DISP CONVERGENCE VALUE   =  0.2633E-05  CRITERION=  0.8317E-03 <<< CONVERGED
    EQUIL ITER   1 COMPLETED.  OLD TRIANG MATRIX.  MAX DOF INC=  0.2633E-05
     FORCE CONVERGENCE VALUE  =  0.9529E-06  CRITERION=  0.1148E-03 <<< CONVERGED
    >>> SOLUTION CONVERGED AFTER EQUILIBRIUM ITERATION   1
 *** LOAD STEP     2   SUBSTEP   117  COMPLETED.    CUM ITER =    237
 *** TIME =   12.7000         TIME INC =  0.100000    
 *** MAX VISCOELASTIC STRAIN STEP = 0.5319E-06

     FORCE CONVERGENCE VALUE  =  0.1549E-05  CRITERION=  0.1148E-03
     DISP CONVERGENCE VALUE   =  0.2551E-05  CRITERION=  0.8317E-03 <<< CONVERGED
    EQUIL ITER   1 COMPLETED.  OLD TRIANG MATRIX.  MAX DOF INC=  0.2551E-05
     FORCE CONVERGENCE VALUE  =  0.9182E-06  CRITERION=  0.1148E-03 <<< CONVERGED
    >>> SOLUTION CONVERGED AFTER EQUILIBRIUM ITERATION   1
 *** LOAD STEP     2   SUBSTEP   118  COMPLETED.    CUM ITER =    238
 *** TIME =   12.8000         TIME INC =  0.100000    
 *** MAX VISCOELASTIC STRAIN STEP = 0.5307E-06

     FORCE CONVERGENCE VALUE  =  0.1493E-05  CRITERION=  0.1148E-03
     DISP CONVERGENCE VALUE   =  0.2472E-05  CRITERION=  0.8317E-03 <<< CONVERGED
    EQUIL ITER   1 COMPLETED.  OLD TRIANG MATRIX.  MAX DOF INC=  0.2472E-05
     FORCE CONVERGENCE VALUE  =  0.8847E-06  CRITERION=  0.1148E-03 <<< CONVERGED
    >>> SOLUTION CONVERGED AFTER EQUILIBRIUM ITERATION   1
 *** LOAD STEP     2   SUBSTEP   119  COMPLETED.    CUM ITER =    239
 *** TIME =   12.9000         TIME INC =  0.100000    
 *** MAX VISCOELASTIC STRAIN STEP = 0.5295E-06

     FORCE CONVERGENCE VALUE  =  0.1439E-05  CRITERION=  0.1148E-03
     DISP CONVERGENCE VALUE   =  0.2397E-05  CRITERION=  0.8317E-03 <<< CONVERGED
    EQUIL ITER   1 COMPLETED.  OLD TRIANG MATRIX.  MAX DOF INC=  0.2397E-05
     FORCE CONVERGENCE VALUE  =  0.8524E-06  CRITERION=  0.1148E-03 <<< CONVERGED
    >>> SOLUTION CONVERGED AFTER EQUILIBRIUM ITERATION   1
 *** LOAD STEP     2   SUBSTEP   120  COMPLETED.    CUM ITER =    240
 *** TIME =   13.0000         TIME INC =  0.100000    
 *** MAX VISCOELASTIC STRAIN STEP = 0.5283E-06

     FORCE CONVERGENCE VALUE  =  0.1387E-05  CRITERION=  0.1148E-03
     DISP CONVERGENCE VALUE   =  0.2324E-05  CRITERION=  0.8317E-03 <<< CONVERGED
    EQUIL ITER   1 COMPLETED.  OLD TRIANG MATRIX.  MAX DOF INC=  0.2324E-05
     FORCE CONVERGENCE VALUE  =  0.8212E-06  CRITERION=  0.1148E-03 <<< CONVERGED
    >>> SOLUTION CONVERGED AFTER EQUILIBRIUM ITERATION   1
 *** LOAD STEP     2   SUBSTEP   121  COMPLETED.    CUM ITER =    241
 *** TIME =   13.1000         TIME INC =  0.100000    
 *** MAX VISCOELASTIC STRAIN STEP = 0.5272E-06

     FORCE CONVERGENCE VALUE  =  0.1336E-05  CRITERION=  0.1148E-03
     DISP CONVERGENCE VALUE   =  0.2253E-05  CRITERION=  0.8317E-03 <<< CONVERGED
    EQUIL ITER   1 COMPLETED.  OLD TRIANG MATRIX.  MAX DOF INC=  0.2253E-05
     FORCE CONVERGENCE VALUE  =  0.7911E-06  CRITERION=  0.1148E-03 <<< CONVERGED
    >>> SOLUTION CONVERGED AFTER EQUILIBRIUM ITERATION   1
 *** LOAD STEP     2   SUBSTEP   122  COMPLETED.    CUM ITER =    242
 *** TIME =   13.2000         TIME INC =  0.100000    
 *** MAX VISCOELASTIC STRAIN STEP = 0.5261E-06

     FORCE CONVERGENCE VALUE  =  0.1288E-05  CRITERION=  0.1148E-03
     DISP CONVERGENCE VALUE   =  0.2185E-05  CRITERION=  0.8317E-03 <<< CONVERGED
    EQUIL ITER   1 COMPLETED.  OLD TRIANG MATRIX.  MAX DOF INC=  0.2185E-05
     FORCE CONVERGENCE VALUE  =  0.7621E-06  CRITERION=  0.1148E-03 <<< CONVERGED
    >>> SOLUTION CONVERGED AFTER EQUILIBRIUM ITERATION   1
 *** LOAD STEP     2   SUBSTEP   123  COMPLETED.    CUM ITER =    243
 *** TIME =   13.3000         TIME INC =  0.100000    
 *** MAX VISCOELASTIC STRAIN STEP = 0.5250E-06

     FORCE CONVERGENCE VALUE  =  0.1241E-05  CRITERION=  0.1148E-03
     DISP CONVERGENCE VALUE   =  0.2119E-05  CRITERION=  0.8317E-03 <<< CONVERGED
    EQUIL ITER   1 COMPLETED.  OLD TRIANG MATRIX.  MAX DOF INC=  0.2119E-05
     FORCE CONVERGENCE VALUE  =  0.7341E-06  CRITERION=  0.1148E-03 <<< CONVERGED
    >>> SOLUTION CONVERGED AFTER EQUILIBRIUM ITERATION   1
 *** LOAD STEP     2   SUBSTEP   124  COMPLETED.    CUM ITER =    244
 *** TIME =   13.4000         TIME INC =  0.100000    
 *** MAX VISCOELASTIC STRAIN STEP = 0.5239E-06

     FORCE CONVERGENCE VALUE  =  0.1196E-05  CRITERION=  0.1148E-03
     DISP CONVERGENCE VALUE   =  0.2056E-05  CRITERION=  0.8317E-03 <<< CONVERGED
    EQUIL ITER   1 COMPLETED.  OLD TRIANG MATRIX.  MAX DOF INC=  0.2056E-05
     FORCE CONVERGENCE VALUE  =  0.7070E-06  CRITERION=  0.1148E-03 <<< CONVERGED
    >>> SOLUTION CONVERGED AFTER EQUILIBRIUM ITERATION   1
 *** LOAD STEP     2   SUBSTEP   125  COMPLETED.    CUM ITER =    245
 *** TIME =   13.5000         TIME INC =  0.100000    
 *** MAX VISCOELASTIC STRAIN STEP = 0.5228E-06

     FORCE CONVERGENCE VALUE  =  0.1152E-05  CRITERION=  0.1148E-03
     DISP CONVERGENCE VALUE   =  0.1995E-05  CRITERION=  0.8317E-03 <<< CONVERGED
    EQUIL ITER   1 COMPLETED.  OLD TRIANG MATRIX.  MAX DOF INC=  0.1995E-05
     FORCE CONVERGENCE VALUE  =  0.6809E-06  CRITERION=  0.1148E-03 <<< CONVERGED
    >>> SOLUTION CONVERGED AFTER EQUILIBRIUM ITERATION   1
 *** LOAD STEP     2   SUBSTEP   126  COMPLETED.    CUM ITER =    246
 *** TIME =   13.6000         TIME INC =  0.100000    
 *** MAX VISCOELASTIC STRAIN STEP = 0.5217E-06

     FORCE CONVERGENCE VALUE  =  0.1110E-05  CRITERION=  0.1148E-03
     DISP CONVERGENCE VALUE   =  0.1936E-05  CRITERION=  0.8317E-03 <<< CONVERGED
    EQUIL ITER   1 COMPLETED.  OLD TRIANG MATRIX.  MAX DOF INC=  0.1936E-05
     FORCE CONVERGENCE VALUE  =  0.6558E-06  CRITERION=  0.1148E-03 <<< CONVERGED
    >>> SOLUTION CONVERGED AFTER EQUILIBRIUM ITERATION   1
 *** LOAD STEP     2   SUBSTEP   127  COMPLETED.    CUM ITER =    247
 *** TIME =   13.7000         TIME INC =  0.100000    
 *** MAX VISCOELASTIC STRAIN STEP = 0.5207E-06

     FORCE CONVERGENCE VALUE  =  0.1069E-05  CRITERION=  0.1148E-03
     DISP CONVERGENCE VALUE   =  0.1879E-05  CRITERION=  0.8317E-03 <<< CONVERGED
    EQUIL ITER   1 COMPLETED.  OLD TRIANG MATRIX.  MAX DOF INC=  0.1879E-05
     FORCE CONVERGENCE VALUE  =  0.6315E-06  CRITERION=  0.1148E-03 <<< CONVERGED
    >>> SOLUTION CONVERGED AFTER EQUILIBRIUM ITERATION   1
 *** LOAD STEP     2   SUBSTEP   128  COMPLETED.    CUM ITER =    248
 *** TIME =   13.8000         TIME INC =  0.100000    
 *** MAX VISCOELASTIC STRAIN STEP = 0.5197E-06

     FORCE CONVERGENCE VALUE  =  0.1030E-05  CRITERION=  0.1148E-03
     DISP CONVERGENCE VALUE   =  0.1824E-05  CRITERION=  0.8317E-03 <<< CONVERGED
    EQUIL ITER   1 COMPLETED.  OLD TRIANG MATRIX.  MAX DOF INC=  0.1824E-05
     FORCE CONVERGENCE VALUE  =  0.6080E-06  CRITERION=  0.1148E-03 <<< CONVERGED
    >>> SOLUTION CONVERGED AFTER EQUILIBRIUM ITERATION   1
 *** LOAD STEP     2   SUBSTEP   129  COMPLETED.    CUM ITER =    249
 *** TIME =   13.9000         TIME INC =  0.100000    
 *** MAX VISCOELASTIC STRAIN STEP = 0.5187E-06

     FORCE CONVERGENCE VALUE  =  0.9924E-06  CRITERION=  0.1148E-03
     DISP CONVERGENCE VALUE   =  0.1771E-05  CRITERION=  0.8317E-03 <<< CONVERGED
    EQUIL ITER   1 COMPLETED.  OLD TRIANG MATRIX.  MAX DOF INC=  0.1771E-05
     FORCE CONVERGENCE VALUE  =  0.5854E-06  CRITERION=  0.1148E-03 <<< CONVERGED
    >>> SOLUTION CONVERGED AFTER EQUILIBRIUM ITERATION   1
 *** LOAD STEP     2   SUBSTEP   130  COMPLETED.    CUM ITER =    250
 *** TIME =   14.0000         TIME INC =  0.100000    
 *** MAX VISCOELASTIC STRAIN STEP = 0.5177E-06

     FORCE CONVERGENCE VALUE  =  0.9559E-06  CRITERION=  0.1148E-03
     DISP CONVERGENCE VALUE   =  0.1720E-05  CRITERION=  0.8317E-03 <<< CONVERGED
    EQUIL ITER   1 COMPLETED.  OLD TRIANG MATRIX.  MAX DOF INC=  0.1720E-05
     FORCE CONVERGENCE VALUE  =  0.5636E-06  CRITERION=  0.1148E-03 <<< CONVERGED
    >>> SOLUTION CONVERGED AFTER EQUILIBRIUM ITERATION   1
 *** LOAD STEP     2   SUBSTEP   131  COMPLETED.    CUM ITER =    251
 *** TIME =   14.1000         TIME INC =  0.100000    
 *** MAX VISCOELASTIC STRAIN STEP = 0.5167E-06

     FORCE CONVERGENCE VALUE  =  0.9207E-06  CRITERION=  0.1148E-03
     DISP CONVERGENCE VALUE   =  0.1670E-05  CRITERION=  0.8317E-03 <<< CONVERGED
    EQUIL ITER   1 COMPLETED.  OLD TRIANG MATRIX.  MAX DOF INC=  0.1670E-05
     FORCE CONVERGENCE VALUE  =  0.5425E-06  CRITERION=  0.1148E-03 <<< CONVERGED
    >>> SOLUTION CONVERGED AFTER EQUILIBRIUM ITERATION   1
 *** LOAD STEP     2   SUBSTEP   132  COMPLETED.    CUM ITER =    252
 *** TIME =   14.2000         TIME INC =  0.100000    
 *** MAX VISCOELASTIC STRAIN STEP = 0.5158E-06

     FORCE CONVERGENCE VALUE  =  0.8867E-06  CRITERION=  0.1148E-03
     DISP CONVERGENCE VALUE   =  0.1623E-05  CRITERION=  0.8317E-03 <<< CONVERGED
    EQUIL ITER   1 COMPLETED.  OLD TRIANG MATRIX.  MAX DOF INC=  0.1623E-05
     FORCE CONVERGENCE VALUE  =  0.5222E-06  CRITERION=  0.1148E-03 <<< CONVERGED
    >>> SOLUTION CONVERGED AFTER EQUILIBRIUM ITERATION   1
 *** LOAD STEP     2   SUBSTEP   133  COMPLETED.    CUM ITER =    253
 *** TIME =   14.3000         TIME INC =  0.100000    
 *** MAX VISCOELASTIC STRAIN STEP = 0.5148E-06

     FORCE CONVERGENCE VALUE  =  0.8539E-06  CRITERION=  0.1148E-03
     DISP CONVERGENCE VALUE   =  0.1577E-05  CRITERION=  0.8317E-03 <<< CONVERGED
    EQUIL ITER   1 COMPLETED.  OLD TRIANG MATRIX.  MAX DOF INC=  0.1577E-05
     FORCE CONVERGENCE VALUE  =  0.5025E-06  CRITERION=  0.1148E-03 <<< CONVERGED
    >>> SOLUTION CONVERGED AFTER EQUILIBRIUM ITERATION   1
 *** LOAD STEP     2   SUBSTEP   134  COMPLETED.    CUM ITER =    254
 *** TIME =   14.4000         TIME INC =  0.100000    
 *** MAX VISCOELASTIC STRAIN STEP = 0.5139E-06

     FORCE CONVERGENCE VALUE  =  0.8222E-06  CRITERION=  0.1148E-03
     DISP CONVERGENCE VALUE   =  0.1533E-05  CRITERION=  0.8317E-03 <<< CONVERGED
    EQUIL ITER   1 COMPLETED.  OLD TRIANG MATRIX.  MAX DOF INC=  0.1533E-05
     FORCE CONVERGENCE VALUE  =  0.4836E-06  CRITERION=  0.1148E-03 <<< CONVERGED
    >>> SOLUTION CONVERGED AFTER EQUILIBRIUM ITERATION   1
 *** LOAD STEP     2   SUBSTEP   135  COMPLETED.    CUM ITER =    255
 *** TIME =   14.5000         TIME INC =  0.100000    
 *** MAX VISCOELASTIC STRAIN STEP = 0.5130E-06

     FORCE CONVERGENCE VALUE  =  0.7917E-06  CRITERION=  0.1148E-03
     DISP CONVERGENCE VALUE   =  0.1490E-05  CRITERION=  0.8317E-03 <<< CONVERGED
    EQUIL ITER   1 COMPLETED.  OLD TRIANG MATRIX.  MAX DOF INC=  0.1490E-05
     FORCE CONVERGENCE VALUE  =  0.4654E-06  CRITERION=  0.1148E-03 <<< CONVERGED
    >>> SOLUTION CONVERGED AFTER EQUILIBRIUM ITERATION   1
 *** LOAD STEP     2   SUBSTEP   136  COMPLETED.    CUM ITER =    256
 *** TIME =   14.6000         TIME INC =  0.100000    
 *** MAX VISCOELASTIC STRAIN STEP = 0.5121E-06

     FORCE CONVERGENCE VALUE  =  0.7622E-06  CRITERION=  0.1148E-03
     DISP CONVERGENCE VALUE   =  0.1449E-05  CRITERION=  0.8317E-03 <<< CONVERGED
    EQUIL ITER   1 COMPLETED.  OLD TRIANG MATRIX.  MAX DOF INC=  0.1449E-05
     FORCE CONVERGENCE VALUE  =  0.4477E-06  CRITERION=  0.1148E-03 <<< CONVERGED
    >>> SOLUTION CONVERGED AFTER EQUILIBRIUM ITERATION   1
 *** LOAD STEP     2   SUBSTEP   137  COMPLETED.    CUM ITER =    257
 *** TIME =   14.7000         TIME INC =  0.100000    
 *** MAX VISCOELASTIC STRAIN STEP = 0.5112E-06

     FORCE CONVERGENCE VALUE  =  0.7338E-06  CRITERION=  0.1148E-03
     DISP CONVERGENCE VALUE   =  0.1409E-05  CRITERION=  0.8317E-03 <<< CONVERGED
    EQUIL ITER   1 COMPLETED.  OLD TRIANG MATRIX.  MAX DOF INC=  0.1409E-05
     FORCE CONVERGENCE VALUE  =  0.4307E-06  CRITERION=  0.1148E-03 <<< CONVERGED
    >>> SOLUTION CONVERGED AFTER EQUILIBRIUM ITERATION   1
 *** LOAD STEP     2   SUBSTEP   138  COMPLETED.    CUM ITER =    258
 *** TIME =   14.8000         TIME INC =  0.100000    
 *** MAX VISCOELASTIC STRAIN STEP = 0.5103E-06

     FORCE CONVERGENCE VALUE  =  0.7063E-06  CRITERION=  0.1148E-03
     DISP CONVERGENCE VALUE   =  0.1370E-05  CRITERION=  0.8317E-03 <<< CONVERGED
    EQUIL ITER   1 COMPLETED.  OLD TRIANG MATRIX.  MAX DOF INC=  0.1370E-05
     FORCE CONVERGENCE VALUE  =  0.4143E-06  CRITERION=  0.1148E-03 <<< CONVERGED
    >>> SOLUTION CONVERGED AFTER EQUILIBRIUM ITERATION   1
 *** LOAD STEP     2   SUBSTEP   139  COMPLETED.    CUM ITER =    259
 *** TIME =   14.9000         TIME INC =  0.100000    
 *** MAX VISCOELASTIC STRAIN STEP = 0.5094E-06

     FORCE CONVERGENCE VALUE  =  0.6798E-06  CRITERION=  0.1148E-03
     DISP CONVERGENCE VALUE   =  0.1333E-05  CRITERION=  0.8317E-03 <<< CONVERGED
    EQUIL ITER   1 COMPLETED.  OLD TRIANG MATRIX.  MAX DOF INC=  0.1333E-05
     FORCE CONVERGENCE VALUE  =  0.3985E-06  CRITERION=  0.1148E-03 <<< CONVERGED
    >>> SOLUTION CONVERGED AFTER EQUILIBRIUM ITERATION   1
 *** LOAD STEP     2   SUBSTEP   140  COMPLETED.    CUM ITER =    260
 *** TIME =   15.0000         TIME INC =  0.100000    
 *** MAX VISCOELASTIC STRAIN STEP = 0.5085E-06

     FORCE CONVERGENCE VALUE  =  0.6543E-06  CRITERION=  0.1148E-03
     DISP CONVERGENCE VALUE   =  0.1298E-05  CRITERION=  0.8317E-03 <<< CONVERGED
    EQUIL ITER   1 COMPLETED.  OLD TRIANG MATRIX.  MAX DOF INC=  0.1298E-05
     FORCE CONVERGENCE VALUE  =  0.3832E-06  CRITERION=  0.1148E-03 <<< CONVERGED
    >>> SOLUTION CONVERGED AFTER EQUILIBRIUM ITERATION   1
 *** LOAD STEP     2   SUBSTEP   141  COMPLETED.    CUM ITER =    261
 *** TIME =   15.1000         TIME INC =  0.100000    
 *** MAX VISCOELASTIC STRAIN STEP = 0.5077E-06

     FORCE CONVERGENCE VALUE  =  0.6296E-06  CRITERION=  0.1148E-03
     DISP CONVERGENCE VALUE   =  0.1263E-05  CRITERION=  0.8317E-03 <<< CONVERGED
    EQUIL ITER   1 COMPLETED.  OLD TRIANG MATRIX.  MAX DOF INC=  0.1263E-05
     FORCE CONVERGENCE VALUE  =  0.3684E-06  CRITERION=  0.1148E-03 <<< CONVERGED
    >>> SOLUTION CONVERGED AFTER EQUILIBRIUM ITERATION   1
 *** LOAD STEP     2   SUBSTEP   142  COMPLETED.    CUM ITER =    262
 *** TIME =   15.2000         TIME INC =  0.100000    
 *** MAX VISCOELASTIC STRAIN STEP = 0.5068E-06

     FORCE CONVERGENCE VALUE  =  0.6058E-06  CRITERION=  0.1148E-03
     DISP CONVERGENCE VALUE   =  0.1230E-05  CRITERION=  0.8317E-03 <<< CONVERGED
    EQUIL ITER   1 COMPLETED.  OLD TRIANG MATRIX.  MAX DOF INC=  0.1230E-05
     FORCE CONVERGENCE VALUE  =  0.3542E-06  CRITERION=  0.1148E-03 <<< CONVERGED
    >>> SOLUTION CONVERGED AFTER EQUILIBRIUM ITERATION   1
 *** LOAD STEP     2   SUBSTEP   143  COMPLETED.    CUM ITER =    263
 *** TIME =   15.3000         TIME INC =  0.100000    
 *** MAX VISCOELASTIC STRAIN STEP = 0.5060E-06

     FORCE CONVERGENCE VALUE  =  0.5829E-06  CRITERION=  0.1148E-03
     DISP CONVERGENCE VALUE   =  0.1198E-05  CRITERION=  0.8317E-03 <<< CONVERGED
    EQUIL ITER   1 COMPLETED.  OLD TRIANG MATRIX.  MAX DOF INC=  0.1198E-05
     FORCE CONVERGENCE VALUE  =  0.3405E-06  CRITERION=  0.1148E-03 <<< CONVERGED
    >>> SOLUTION CONVERGED AFTER EQUILIBRIUM ITERATION   1
 *** LOAD STEP     2   SUBSTEP   144  COMPLETED.    CUM ITER =    264
 *** TIME =   15.4000         TIME INC =  0.100000    
 *** MAX VISCOELASTIC STRAIN STEP = 0.5052E-06

     FORCE CONVERGENCE VALUE  =  0.5607E-06  CRITERION=  0.1148E-03
     DISP CONVERGENCE VALUE   =  0.1167E-05  CRITERION=  0.8317E-03 <<< CONVERGED
    EQUIL ITER   1 COMPLETED.  OLD TRIANG MATRIX.  MAX DOF INC=  0.1167E-05
     FORCE CONVERGENCE VALUE  =  0.3272E-06  CRITERION=  0.1148E-03 <<< CONVERGED
    >>> SOLUTION CONVERGED AFTER EQUILIBRIUM ITERATION   1
 *** LOAD STEP     2   SUBSTEP   145  COMPLETED.    CUM ITER =    265
 *** TIME =   15.5000         TIME INC =  0.100000    
 *** MAX VISCOELASTIC STRAIN STEP = 0.5044E-06

     FORCE CONVERGENCE VALUE  =  0.5393E-06  CRITERION=  0.1148E-03
     DISP CONVERGENCE VALUE   =  0.1137E-05  CRITERION=  0.8317E-03 <<< CONVERGED
    EQUIL ITER   1 COMPLETED.  OLD TRIANG MATRIX.  MAX DOF INC=  0.1137E-05
     FORCE CONVERGENCE VALUE  =  0.3144E-06  CRITERION=  0.1148E-03 <<< CONVERGED
    >>> SOLUTION CONVERGED AFTER EQUILIBRIUM ITERATION   1
 *** LOAD STEP     2   SUBSTEP   146  COMPLETED.    CUM ITER =    266
 *** TIME =   15.6000         TIME INC =  0.100000    
 *** MAX VISCOELASTIC STRAIN STEP = 0.5036E-06

     FORCE CONVERGENCE VALUE  =  0.5187E-06  CRITERION=  0.1148E-03
     DISP CONVERGENCE VALUE   =  0.1108E-05  CRITERION=  0.8317E-03 <<< CONVERGED
    EQUIL ITER   1 COMPLETED.  OLD TRIANG MATRIX.  MAX DOF INC=  0.1108E-05
     FORCE CONVERGENCE VALUE  =  0.3021E-06  CRITERION=  0.1148E-03 <<< CONVERGED
    >>> SOLUTION CONVERGED AFTER EQUILIBRIUM ITERATION   1
 *** LOAD STEP     2   SUBSTEP   147  COMPLETED.    CUM ITER =    267
 *** TIME =   15.7000         TIME INC =  0.100000    
 *** MAX VISCOELASTIC STRAIN STEP = 0.5028E-06

     FORCE CONVERGENCE VALUE  =  0.4988E-06  CRITERION=  0.1148E-03
     DISP CONVERGENCE VALUE   =  0.1080E-05  CRITERION=  0.8317E-03 <<< CONVERGED
    EQUIL ITER   1 COMPLETED.  OLD TRIANG MATRIX.  MAX DOF INC=  0.1080E-05
     FORCE CONVERGENCE VALUE  =  0.2902E-06  CRITERION=  0.1148E-03 <<< CONVERGED
    >>> SOLUTION CONVERGED AFTER EQUILIBRIUM ITERATION   1
 *** LOAD STEP     2   SUBSTEP   148  COMPLETED.    CUM ITER =    268
 *** TIME =   15.8000         TIME INC =  0.100000    
 *** MAX VISCOELASTIC STRAIN STEP = 0.5020E-06

     FORCE CONVERGENCE VALUE  =  0.4796E-06  CRITERION=  0.1148E-03
     DISP CONVERGENCE VALUE   =  0.1053E-05  CRITERION=  0.8317E-03 <<< CONVERGED
    EQUIL ITER   1 COMPLETED.  OLD TRIANG MATRIX.  MAX DOF INC=  0.1053E-05
     FORCE CONVERGENCE VALUE  =  0.2787E-06  CRITERION=  0.1148E-03 <<< CONVERGED
    >>> SOLUTION CONVERGED AFTER EQUILIBRIUM ITERATION   1
 *** LOAD STEP     2   SUBSTEP   149  COMPLETED.    CUM ITER =    269
 *** TIME =   15.9000         TIME INC =  0.100000    
 *** MAX VISCOELASTIC STRAIN STEP = 0.5012E-06

     FORCE CONVERGENCE VALUE  =  0.4610E-06  CRITERION=  0.1148E-03
     DISP CONVERGENCE VALUE   =  0.1027E-05  CRITERION=  0.8317E-03 <<< CONVERGED
    EQUIL ITER   1 COMPLETED.  OLD TRIANG MATRIX.  MAX DOF INC=  0.1027E-05
     FORCE CONVERGENCE VALUE  =  0.2676E-06  CRITERION=  0.1148E-03 <<< CONVERGED
    >>> SOLUTION CONVERGED AFTER EQUILIBRIUM ITERATION   1
 *** LOAD STEP     2   SUBSTEP   150  COMPLETED.    CUM ITER =    270
 *** TIME =   16.0000         TIME INC =  0.100000    
 *** MAX VISCOELASTIC STRAIN STEP = 0.5004E-06

     FORCE CONVERGENCE VALUE  =  0.4431E-06  CRITERION=  0.1148E-03
     DISP CONVERGENCE VALUE   =  0.1002E-05  CRITERION=  0.8317E-03 <<< CONVERGED
    EQUIL ITER   1 COMPLETED.  OLD TRIANG MATRIX.  MAX DOF INC=  0.1002E-05
     FORCE CONVERGENCE VALUE  =  0.2570E-06  CRITERION=  0.1148E-03 <<< CONVERGED
    >>> SOLUTION CONVERGED AFTER EQUILIBRIUM ITERATION   1
 *** LOAD STEP     2   SUBSTEP   151  COMPLETED.    CUM ITER =    271
 *** TIME =   16.1000         TIME INC =  0.100000    
 *** MAX VISCOELASTIC STRAIN STEP = 0.4997E-06

     FORCE CONVERGENCE VALUE  =  0.4259E-06  CRITERION=  0.1148E-03
     DISP CONVERGENCE VALUE   =  0.9776E-06  CRITERION=  0.8317E-03 <<< CONVERGED
    EQUIL ITER   1 COMPLETED.  OLD TRIANG MATRIX.  MAX DOF INC=  0.9776E-06
     FORCE CONVERGENCE VALUE  =  0.2466E-06  CRITERION=  0.1148E-03 <<< CONVERGED
    >>> SOLUTION CONVERGED AFTER EQUILIBRIUM ITERATION   1
 *** LOAD STEP     2   SUBSTEP   152  COMPLETED.    CUM ITER =    272
 *** TIME =   16.2000         TIME INC =  0.100000    
 *** MAX VISCOELASTIC STRAIN STEP = 0.4989E-06

     FORCE CONVERGENCE VALUE  =  0.4092E-06  CRITERION=  0.1148E-03
     DISP CONVERGENCE VALUE   =  0.9542E-06  CRITERION=  0.8317E-03 <<< CONVERGED
    EQUIL ITER   1 COMPLETED.  OLD TRIANG MATRIX.  MAX DOF INC=  0.9542E-06
     FORCE CONVERGENCE VALUE  =  0.2367E-06  CRITERION=  0.1148E-03 <<< CONVERGED
    >>> SOLUTION CONVERGED AFTER EQUILIBRIUM ITERATION   1
 *** LOAD STEP     2   SUBSTEP   153  COMPLETED.    CUM ITER =    273
 *** TIME =   16.3000         TIME INC =  0.100000    
 *** MAX VISCOELASTIC STRAIN STEP = 0.4981E-06

     FORCE CONVERGENCE VALUE  =  0.3932E-06  CRITERION=  0.1148E-03
     DISP CONVERGENCE VALUE   =  0.9316E-06  CRITERION=  0.8317E-03 <<< CONVERGED
    EQUIL ITER   1 COMPLETED.  OLD TRIANG MATRIX.  MAX DOF INC=  0.9316E-06
     FORCE CONVERGENCE VALUE  =  0.2271E-06  CRITERION=  0.1148E-03 <<< CONVERGED
    >>> SOLUTION CONVERGED AFTER EQUILIBRIUM ITERATION   1
 *** LOAD STEP     2   SUBSTEP   154  COMPLETED.    CUM ITER =    274
 *** TIME =   16.4000         TIME INC =  0.100000    
 *** MAX VISCOELASTIC STRAIN STEP = 0.4974E-06

     FORCE CONVERGENCE VALUE  =  0.3777E-06  CRITERION=  0.1149E-03
     DISP CONVERGENCE VALUE   =  0.9099E-06  CRITERION=  0.8317E-03 <<< CONVERGED
    EQUIL ITER   1 COMPLETED.  OLD TRIANG MATRIX.  MAX DOF INC=  0.9099E-06
     FORCE CONVERGENCE VALUE  =  0.2178E-06  CRITERION=  0.1148E-03 <<< CONVERGED
    >>> SOLUTION CONVERGED AFTER EQUILIBRIUM ITERATION   1
 *** LOAD STEP     2   SUBSTEP   155  COMPLETED.    CUM ITER =    275
 *** TIME =   16.5000         TIME INC =  0.100000    
 *** MAX VISCOELASTIC STRAIN STEP = 0.4967E-06

     FORCE CONVERGENCE VALUE  =  0.3627E-06  CRITERION=  0.1149E-03
     DISP CONVERGENCE VALUE   =  0.8888E-06  CRITERION=  0.8317E-03 <<< CONVERGED
    EQUIL ITER   1 COMPLETED.  OLD TRIANG MATRIX.  MAX DOF INC=  0.8888E-06
     FORCE CONVERGENCE VALUE  =  0.2089E-06  CRITERION=  0.1149E-03 <<< CONVERGED
    >>> SOLUTION CONVERGED AFTER EQUILIBRIUM ITERATION   1
 *** LOAD STEP     2   SUBSTEP   156  COMPLETED.    CUM ITER =    276
 *** TIME =   16.6000         TIME INC =  0.100000    
 *** MAX VISCOELASTIC STRAIN STEP = 0.4959E-06

     FORCE CONVERGENCE VALUE  =  0.3483E-06  CRITERION=  0.1149E-03
     DISP CONVERGENCE VALUE   =  0.8685E-06  CRITERION=  0.8317E-03 <<< CONVERGED
    EQUIL ITER   1 COMPLETED.  OLD TRIANG MATRIX.  MAX DOF INC=  0.8685E-06
     FORCE CONVERGENCE VALUE  =  0.2002E-06  CRITERION=  0.1149E-03 <<< CONVERGED
    >>> SOLUTION CONVERGED AFTER EQUILIBRIUM ITERATION   1
 *** LOAD STEP     2   SUBSTEP   157  COMPLETED.    CUM ITER =    277
 *** TIME =   16.7000         TIME INC =  0.100000    
 *** MAX VISCOELASTIC STRAIN STEP = 0.4952E-06

     FORCE CONVERGENCE VALUE  =  0.3343E-06  CRITERION=  0.1149E-03
     DISP CONVERGENCE VALUE   =  0.8489E-06  CRITERION=  0.8317E-03 <<< CONVERGED
    EQUIL ITER   1 COMPLETED.  OLD TRIANG MATRIX.  MAX DOF INC=  0.8489E-06
     FORCE CONVERGENCE VALUE  =  0.1919E-06  CRITERION=  0.1149E-03 <<< CONVERGED
    >>> SOLUTION CONVERGED AFTER EQUILIBRIUM ITERATION   1
 *** LOAD STEP     2   SUBSTEP   158  COMPLETED.    CUM ITER =    278
 *** TIME =   16.8000         TIME INC =  0.100000    
 *** MAX VISCOELASTIC STRAIN STEP = 0.4945E-06

     FORCE CONVERGENCE VALUE  =  0.3209E-06  CRITERION=  0.1149E-03
     DISP CONVERGENCE VALUE   =  0.8300E-06  CRITERION=  0.8317E-03 <<< CONVERGED
    EQUIL ITER   1 COMPLETED.  OLD TRIANG MATRIX.  MAX DOF INC=  0.8300E-06
     FORCE CONVERGENCE VALUE  =  0.1839E-06  CRITERION=  0.1149E-03 <<< CONVERGED
    >>> SOLUTION CONVERGED AFTER EQUILIBRIUM ITERATION   1
 *** LOAD STEP     2   SUBSTEP   159  COMPLETED.    CUM ITER =    279
 *** TIME =   16.9000         TIME INC =  0.100000    
 *** MAX VISCOELASTIC STRAIN STEP = 0.4938E-06

     FORCE CONVERGENCE VALUE  =  0.3079E-06  CRITERION=  0.1149E-03
     DISP CONVERGENCE VALUE   =  0.8118E-06  CRITERION=  0.8317E-03 <<< CONVERGED
    EQUIL ITER   1 COMPLETED.  OLD TRIANG MATRIX.  MAX DOF INC=  0.8118E-06
     FORCE CONVERGENCE VALUE  =  0.1761E-06  CRITERION=  0.1149E-03 <<< CONVERGED
    >>> SOLUTION CONVERGED AFTER EQUILIBRIUM ITERATION   1
 *** LOAD STEP     2   SUBSTEP   160  COMPLETED.    CUM ITER =    280
 *** TIME =   17.0000         TIME INC =  0.100000    
 *** MAX VISCOELASTIC STRAIN STEP = 0.4930E-06

     FORCE CONVERGENCE VALUE  =  0.2954E-06  CRITERION=  0.1149E-03
     DISP CONVERGENCE VALUE   =  0.7941E-06  CRITERION=  0.8317E-03 <<< CONVERGED
    EQUIL ITER   1 COMPLETED.  OLD TRIANG MATRIX.  MAX DOF INC=  0.7941E-06
     FORCE CONVERGENCE VALUE  =  0.1687E-06  CRITERION=  0.1149E-03 <<< CONVERGED
    >>> SOLUTION CONVERGED AFTER EQUILIBRIUM ITERATION   1
 *** LOAD STEP     2   SUBSTEP   161  COMPLETED.    CUM ITER =    281
 *** TIME =   17.1000         TIME INC =  0.100000    
 *** MAX VISCOELASTIC STRAIN STEP = 0.4923E-06

     FORCE CONVERGENCE VALUE  =  0.2833E-06  CRITERION=  0.1149E-03
     DISP CONVERGENCE VALUE   =  0.7771E-06  CRITERION=  0.8317E-03 <<< CONVERGED
    EQUIL ITER   1 COMPLETED.  OLD TRIANG MATRIX.  MAX DOF INC=  0.7771E-06
     FORCE CONVERGENCE VALUE  =  0.1614E-06  CRITERION=  0.1149E-03 <<< CONVERGED
    >>> SOLUTION CONVERGED AFTER EQUILIBRIUM ITERATION   1
 *** LOAD STEP     2   SUBSTEP   162  COMPLETED.    CUM ITER =    282
 *** TIME =   17.2000         TIME INC =  0.100000    
 *** MAX VISCOELASTIC STRAIN STEP = 0.4916E-06

     FORCE CONVERGENCE VALUE  =  0.2717E-06  CRITERION=  0.1149E-03
     DISP CONVERGENCE VALUE   =  0.7607E-06  CRITERION=  0.8317E-03 <<< CONVERGED
    EQUIL ITER   1 COMPLETED.  OLD TRIANG MATRIX.  MAX DOF INC=  0.7607E-06
     FORCE CONVERGENCE VALUE  =  0.1545E-06  CRITERION=  0.1149E-03 <<< CONVERGED
    >>> SOLUTION CONVERGED AFTER EQUILIBRIUM ITERATION   1
 *** LOAD STEP     2   SUBSTEP   163  COMPLETED.    CUM ITER =    283
 *** TIME =   17.3000         TIME INC =  0.100000    
 *** MAX VISCOELASTIC STRAIN STEP = 0.4909E-06

     FORCE CONVERGENCE VALUE  =  0.2604E-06  CRITERION=  0.1149E-03
     DISP CONVERGENCE VALUE   =  0.7448E-06  CRITERION=  0.8317E-03 <<< CONVERGED
    EQUIL ITER   1 COMPLETED.  OLD TRIANG MATRIX.  MAX DOF INC=  0.7448E-06
     FORCE CONVERGENCE VALUE  =  0.1478E-06  CRITERION=  0.1149E-03 <<< CONVERGED
    >>> SOLUTION CONVERGED AFTER EQUILIBRIUM ITERATION   1
 *** LOAD STEP     2   SUBSTEP   164  COMPLETED.    CUM ITER =    284
 *** TIME =   17.4000         TIME INC =  0.100000    
 *** MAX VISCOELASTIC STRAIN STEP = 0.4903E-06

     FORCE CONVERGENCE VALUE  =  0.2496E-06  CRITERION=  0.1149E-03
     DISP CONVERGENCE VALUE   =  0.7295E-06  CRITERION=  0.8317E-03 <<< CONVERGED
    EQUIL ITER   1 COMPLETED.  OLD TRIANG MATRIX.  MAX DOF INC=  0.7295E-06
     FORCE CONVERGENCE VALUE  =  0.1413E-06  CRITERION=  0.1149E-03 <<< CONVERGED
    >>> SOLUTION CONVERGED AFTER EQUILIBRIUM ITERATION   1
 *** LOAD STEP     2   SUBSTEP   165  COMPLETED.    CUM ITER =    285
 *** TIME =   17.5000         TIME INC =  0.100000    
 *** MAX VISCOELASTIC STRAIN STEP = 0.4896E-06

     FORCE CONVERGENCE VALUE  =  0.2391E-06  CRITERION=  0.1149E-03
     DISP CONVERGENCE VALUE   =  0.7147E-06  CRITERION=  0.8317E-03 <<< CONVERGED
    EQUIL ITER   1 COMPLETED.  OLD TRIANG MATRIX.  MAX DOF INC=  0.7147E-06
     FORCE CONVERGENCE VALUE  =  0.1351E-06  CRITERION=  0.1149E-03 <<< CONVERGED
    >>> SOLUTION CONVERGED AFTER EQUILIBRIUM ITERATION   1
 *** LOAD STEP     2   SUBSTEP   166  COMPLETED.    CUM ITER =    286
 *** TIME =   17.6000         TIME INC =  0.100000    
 *** MAX VISCOELASTIC STRAIN STEP = 0.4889E-06

     FORCE CONVERGENCE VALUE  =  0.2290E-06  CRITERION=  0.1149E-03
     DISP CONVERGENCE VALUE   =  0.7004E-06  CRITERION=  0.8317E-03 <<< CONVERGED
    EQUIL ITER   1 COMPLETED.  OLD TRIANG MATRIX.  MAX DOF INC=  0.7004E-06
     FORCE CONVERGENCE VALUE  =  0.1290E-06  CRITERION=  0.1149E-03 <<< CONVERGED
    >>> SOLUTION CONVERGED AFTER EQUILIBRIUM ITERATION   1
 *** LOAD STEP     2   SUBSTEP   167  COMPLETED.    CUM ITER =    287
 *** TIME =   17.7000         TIME INC =  0.100000    
 *** MAX VISCOELASTIC STRAIN STEP = 0.4882E-06

     FORCE CONVERGENCE VALUE  =  0.2193E-06  CRITERION=  0.1149E-03
     DISP CONVERGENCE VALUE   =  0.6866E-06  CRITERION=  0.8317E-03 <<< CONVERGED
    EQUIL ITER   1 COMPLETED.  OLD TRIANG MATRIX.  MAX DOF INC=  0.6866E-06
     FORCE CONVERGENCE VALUE  =  0.1232E-06  CRITERION=  0.1149E-03 <<< CONVERGED
    >>> SOLUTION CONVERGED AFTER EQUILIBRIUM ITERATION   1
 *** LOAD STEP     2   SUBSTEP   168  COMPLETED.    CUM ITER =    288
 *** TIME =   17.8000         TIME INC =  0.100000    
 *** MAX VISCOELASTIC STRAIN STEP = 0.4875E-06

     FORCE CONVERGENCE VALUE  =  0.2099E-06  CRITERION=  0.1149E-03
     DISP CONVERGENCE VALUE   =  0.6732E-06  CRITERION=  0.8317E-03 <<< CONVERGED
    EQUIL ITER   1 COMPLETED.  OLD TRIANG MATRIX.  MAX DOF INC=  0.6732E-06
     FORCE CONVERGENCE VALUE  =  0.1176E-06  CRITERION=  0.1149E-03 <<< CONVERGED
    >>> SOLUTION CONVERGED AFTER EQUILIBRIUM ITERATION   1
 *** LOAD STEP     2   SUBSTEP   169  COMPLETED.    CUM ITER =    289
 *** TIME =   17.9000         TIME INC =  0.100000    
 *** MAX VISCOELASTIC STRAIN STEP = 0.4869E-06

     FORCE CONVERGENCE VALUE  =  0.2008E-06  CRITERION=  0.1149E-03
     DISP CONVERGENCE VALUE   =  0.6603E-06  CRITERION=  0.8317E-03 <<< CONVERGED
    EQUIL ITER   1 COMPLETED.  OLD TRIANG MATRIX.  MAX DOF INC=  0.6603E-06
     FORCE CONVERGENCE VALUE  =  0.1122E-06  CRITERION=  0.1149E-03 <<< CONVERGED
    >>> SOLUTION CONVERGED AFTER EQUILIBRIUM ITERATION   1
 *** LOAD STEP     2   SUBSTEP   170  COMPLETED.    CUM ITER =    290
 *** TIME =   18.0000         TIME INC =  0.100000    
 *** MAX VISCOELASTIC STRAIN STEP = 0.4862E-06

     FORCE CONVERGENCE VALUE  =  0.1921E-06  CRITERION=  0.1149E-03
     DISP CONVERGENCE VALUE   =  0.6479E-06  CRITERION=  0.8317E-03 <<< CONVERGED
    EQUIL ITER   1 COMPLETED.  OLD TRIANG MATRIX.  MAX DOF INC=  0.6479E-06
     FORCE CONVERGENCE VALUE  =  0.1070E-06  CRITERION=  0.1149E-03 <<< CONVERGED
    >>> SOLUTION CONVERGED AFTER EQUILIBRIUM ITERATION   1
 *** LOAD STEP     2   SUBSTEP   171  COMPLETED.    CUM ITER =    291
 *** TIME =   18.1000         TIME INC =  0.100000    
 *** MAX VISCOELASTIC STRAIN STEP = 0.4855E-06

     FORCE CONVERGENCE VALUE  =  0.1837E-06  CRITERION=  0.1149E-03
     DISP CONVERGENCE VALUE   =  0.6359E-06  CRITERION=  0.8317E-03 <<< CONVERGED
    EQUIL ITER   1 COMPLETED.  OLD TRIANG MATRIX.  MAX DOF INC=  0.6359E-06
     FORCE CONVERGENCE VALUE  =  0.1019E-06  CRITERION=  0.1149E-03 <<< CONVERGED
    >>> SOLUTION CONVERGED AFTER EQUILIBRIUM ITERATION   1
 *** LOAD STEP     2   SUBSTEP   172  COMPLETED.    CUM ITER =    292
 *** TIME =   18.2000         TIME INC =  0.100000    
 *** MAX VISCOELASTIC STRAIN STEP = 0.4849E-06

     FORCE CONVERGENCE VALUE  =  0.1755E-06  CRITERION=  0.1149E-03
     DISP CONVERGENCE VALUE   =  0.6243E-06  CRITERION=  0.8317E-03 <<< CONVERGED
    EQUIL ITER   1 COMPLETED.  OLD TRIANG MATRIX.  MAX DOF INC=  0.6243E-06
     FORCE CONVERGENCE VALUE  =  0.9707E-07  CRITERION=  0.1149E-03 <<< CONVERGED
    >>> SOLUTION CONVERGED AFTER EQUILIBRIUM ITERATION   1
 *** LOAD STEP     2   SUBSTEP   173  COMPLETED.    CUM ITER =    293
 *** TIME =   18.3000         TIME INC =  0.100000    
 *** MAX VISCOELASTIC STRAIN STEP = 0.4842E-06

     FORCE CONVERGENCE VALUE  =  0.1677E-06  CRITERION=  0.1149E-03
     DISP CONVERGENCE VALUE   =  0.6131E-06  CRITERION=  0.8317E-03 <<< CONVERGED
    EQUIL ITER   1 COMPLETED.  OLD TRIANG MATRIX.  MAX DOF INC=  0.6131E-06
     FORCE CONVERGENCE VALUE  =  0.9239E-07  CRITERION=  0.1149E-03 <<< CONVERGED
    >>> SOLUTION CONVERGED AFTER EQUILIBRIUM ITERATION   1
 *** LOAD STEP     2   SUBSTEP   174  COMPLETED.    CUM ITER =    294
 *** TIME =   18.4000         TIME INC =  0.100000    
 *** MAX VISCOELASTIC STRAIN STEP = 0.4836E-06

     FORCE CONVERGENCE VALUE  =  0.1601E-06  CRITERION=  0.1149E-03
     DISP CONVERGENCE VALUE   =  0.6022E-06  CRITERION=  0.8317E-03 <<< CONVERGED
    EQUIL ITER   1 COMPLETED.  OLD TRIANG MATRIX.  MAX DOF INC=  0.6022E-06
     FORCE CONVERGENCE VALUE  =  0.8787E-07  CRITERION=  0.1149E-03 <<< CONVERGED
    >>> SOLUTION CONVERGED AFTER EQUILIBRIUM ITERATION   1
 *** LOAD STEP     2   SUBSTEP   175  COMPLETED.    CUM ITER =    295
 *** TIME =   18.5000         TIME INC =  0.100000    
 *** MAX VISCOELASTIC STRAIN STEP = 0.4829E-06

     FORCE CONVERGENCE VALUE  =  0.1528E-06  CRITERION=  0.1149E-03
     DISP CONVERGENCE VALUE   =  0.5918E-06  CRITERION=  0.8317E-03 <<< CONVERGED
    EQUIL ITER   1 COMPLETED.  OLD TRIANG MATRIX.  MAX DOF INC=  0.5918E-06
     FORCE CONVERGENCE VALUE  =  0.8351E-07  CRITERION=  0.1149E-03 <<< CONVERGED
    >>> SOLUTION CONVERGED AFTER EQUILIBRIUM ITERATION   1
 *** LOAD STEP     2   SUBSTEP   176  COMPLETED.    CUM ITER =    296
 *** TIME =   18.6000         TIME INC =  0.100000    
 *** MAX VISCOELASTIC STRAIN STEP = 0.4823E-06

     FORCE CONVERGENCE VALUE  =  0.1457E-06  CRITERION=  0.1149E-03
     DISP CONVERGENCE VALUE   =  0.5817E-06  CRITERION=  0.8317E-03 <<< CONVERGED
    EQUIL ITER   1 COMPLETED.  OLD TRIANG MATRIX.  MAX DOF INC=  0.5817E-06
     FORCE CONVERGENCE VALUE  =  0.7931E-07  CRITERION=  0.1149E-03 <<< CONVERGED
    >>> SOLUTION CONVERGED AFTER EQUILIBRIUM ITERATION   1
 *** LOAD STEP     2   SUBSTEP   177  COMPLETED.    CUM ITER =    297
 *** TIME =   18.7000         TIME INC =  0.100000    
 *** MAX VISCOELASTIC STRAIN STEP = 0.4817E-06

     FORCE CONVERGENCE VALUE  =  0.1389E-06  CRITERION=  0.1149E-03
     DISP CONVERGENCE VALUE   =  0.5719E-06  CRITERION=  0.8317E-03 <<< CONVERGED
    EQUIL ITER   1 COMPLETED.  OLD TRIANG MATRIX.  MAX DOF INC=  0.5719E-06
     FORCE CONVERGENCE VALUE  =  0.7525E-07  CRITERION=  0.1149E-03 <<< CONVERGED
    >>> SOLUTION CONVERGED AFTER EQUILIBRIUM ITERATION   1
 *** LOAD STEP     2   SUBSTEP   178  COMPLETED.    CUM ITER =    298
 *** TIME =   18.8000         TIME INC =  0.100000    
 *** MAX VISCOELASTIC STRAIN STEP = 0.4810E-06

     FORCE CONVERGENCE VALUE  =  0.1324E-06  CRITERION=  0.1149E-03
     DISP CONVERGENCE VALUE   =  0.5625E-06  CRITERION=  0.8317E-03 <<< CONVERGED
    EQUIL ITER   1 COMPLETED.  OLD TRIANG MATRIX.  MAX DOF INC=  0.5625E-06
     FORCE CONVERGENCE VALUE  =  0.7135E-07  CRITERION=  0.1149E-03 <<< CONVERGED
    >>> SOLUTION CONVERGED AFTER EQUILIBRIUM ITERATION   1
 *** LOAD STEP     2   SUBSTEP   179  COMPLETED.    CUM ITER =    299
 *** TIME =   18.9000         TIME INC =  0.100000    
 *** MAX VISCOELASTIC STRAIN STEP = 0.4804E-06

     FORCE CONVERGENCE VALUE  =  0.1261E-06  CRITERION=  0.1149E-03
     DISP CONVERGENCE VALUE   =  0.5533E-06  CRITERION=  0.8317E-03 <<< CONVERGED
    EQUIL ITER   1 COMPLETED.  OLD TRIANG MATRIX.  MAX DOF INC=  0.5533E-06
     FORCE CONVERGENCE VALUE  =  0.6758E-07  CRITERION=  0.1149E-03 <<< CONVERGED
    >>> SOLUTION CONVERGED AFTER EQUILIBRIUM ITERATION   1
 *** LOAD STEP     2   SUBSTEP   180  COMPLETED.    CUM ITER =    300
 *** TIME =   19.0000         TIME INC =  0.100000    
 *** MAX VISCOELASTIC STRAIN STEP = 0.4798E-06

     FORCE CONVERGENCE VALUE  =  0.1200E-06  CRITERION=  0.1149E-03
     DISP CONVERGENCE VALUE   =  0.5445E-06  CRITERION=  0.8317E-03 <<< CONVERGED
    EQUIL ITER   1 COMPLETED.  OLD TRIANG MATRIX.  MAX DOF INC=  0.5445E-06
     FORCE CONVERGENCE VALUE  =  0.6394E-07  CRITERION=  0.1149E-03 <<< CONVERGED
    >>> SOLUTION CONVERGED AFTER EQUILIBRIUM ITERATION   1
 *** LOAD STEP     2   SUBSTEP   181  COMPLETED.    CUM ITER =    301
 *** TIME =   19.1000         TIME INC =  0.100000    
 *** MAX VISCOELASTIC STRAIN STEP = 0.4791E-06

     FORCE CONVERGENCE VALUE  =  0.1141E-06  CRITERION=  0.1149E-03
     DISP CONVERGENCE VALUE   =  0.5360E-06  CRITERION=  0.8317E-03 <<< CONVERGED
    EQUIL ITER   1 COMPLETED.  OLD TRIANG MATRIX.  MAX DOF INC=  0.5360E-06
     FORCE CONVERGENCE VALUE  =  0.6044E-07  CRITERION=  0.1149E-03 <<< CONVERGED
    >>> SOLUTION CONVERGED AFTER EQUILIBRIUM ITERATION   1
 *** LOAD STEP     2   SUBSTEP   182  COMPLETED.    CUM ITER =    302
 *** TIME =   19.2000         TIME INC =  0.100000    
 *** MAX VISCOELASTIC STRAIN STEP = 0.4785E-06

     FORCE CONVERGENCE VALUE  =  0.1084E-06  CRITERION=  0.1149E-03
     DISP CONVERGENCE VALUE   =  0.5278E-06  CRITERION=  0.8317E-03 <<< CONVERGED
    EQUIL ITER   1 COMPLETED.  OLD TRIANG MATRIX.  MAX DOF INC=  0.5278E-06
     FORCE CONVERGENCE VALUE  =  0.5706E-07  CRITERION=  0.1149E-03 <<< CONVERGED
    >>> SOLUTION CONVERGED AFTER EQUILIBRIUM ITERATION   1
 *** LOAD STEP     2   SUBSTEP   183  COMPLETED.    CUM ITER =    303
 *** TIME =   19.3000         TIME INC =  0.100000    
 *** MAX VISCOELASTIC STRAIN STEP = 0.4779E-06

     FORCE CONVERGENCE VALUE  =  0.1029E-06  CRITERION=  0.1149E-03
     DISP CONVERGENCE VALUE   =  0.5198E-06  CRITERION=  0.8317E-03 <<< CONVERGED
    EQUIL ITER   1 COMPLETED.  OLD TRIANG MATRIX.  MAX DOF INC=  0.5198E-06
     FORCE CONVERGENCE VALUE  =  0.5381E-07  CRITERION=  0.1149E-03 <<< CONVERGED
    >>> SOLUTION CONVERGED AFTER EQUILIBRIUM ITERATION   1
 *** LOAD STEP     2   SUBSTEP   184  COMPLETED.    CUM ITER =    304
 *** TIME =   19.4000         TIME INC =  0.100000    
 *** MAX VISCOELASTIC STRAIN STEP = 0.4773E-06

     FORCE CONVERGENCE VALUE  =  0.9765E-07  CRITERION=  0.1149E-03
     DISP CONVERGENCE VALUE   =  0.5121E-06  CRITERION=  0.8317E-03 <<< CONVERGED
    EQUIL ITER   1 COMPLETED.  OLD TRIANG MATRIX.  MAX DOF INC=  0.5121E-06
     FORCE CONVERGENCE VALUE  =  0.5067E-07  CRITERION=  0.1149E-03 <<< CONVERGED
    >>> SOLUTION CONVERGED AFTER EQUILIBRIUM ITERATION   1
 *** LOAD STEP     2   SUBSTEP   185  COMPLETED.    CUM ITER =    305
 *** TIME =   19.5000         TIME INC =  0.100000    
 *** MAX VISCOELASTIC STRAIN STEP = 0.4766E-06

     FORCE CONVERGENCE VALUE  =  0.9256E-07  CRITERION=  0.1149E-03
     DISP CONVERGENCE VALUE   =  0.5047E-06  CRITERION=  0.8317E-03 <<< CONVERGED
    EQUIL ITER   1 COMPLETED.  OLD TRIANG MATRIX.  MAX DOF INC=  0.5047E-06
     FORCE CONVERGENCE VALUE  =  0.4765E-07  CRITERION=  0.1149E-03 <<< CONVERGED
    >>> SOLUTION CONVERGED AFTER EQUILIBRIUM ITERATION   1
 *** LOAD STEP     2   SUBSTEP   186  COMPLETED.    CUM ITER =    306
 *** TIME =   19.6000         TIME INC =  0.100000    
 *** MAX VISCOELASTIC STRAIN STEP = 0.4760E-06

     FORCE CONVERGENCE VALUE  =  0.8765E-07  CRITERION=  0.1149E-03
     DISP CONVERGENCE VALUE   =  0.4975E-06  CRITERION=  0.8317E-03 <<< CONVERGED
    EQUIL ITER   1 COMPLETED.  OLD TRIANG MATRIX.  MAX DOF INC=  0.4975E-06
     FORCE CONVERGENCE VALUE  =  0.4474E-07  CRITERION=  0.1149E-03 <<< CONVERGED
    >>> SOLUTION CONVERGED AFTER EQUILIBRIUM ITERATION   1
 *** LOAD STEP     2   SUBSTEP   187  COMPLETED.    CUM ITER =    307
 *** TIME =   19.7000         TIME INC =  0.100000    
 *** MAX VISCOELASTIC STRAIN STEP = 0.4754E-06

     FORCE CONVERGENCE VALUE  =  0.8293E-07  CRITERION=  0.1150E-03
     DISP CONVERGENCE VALUE   =  0.4906E-06  CRITERION=  0.8317E-03 <<< CONVERGED
    EQUIL ITER   1 COMPLETED.  OLD TRIANG MATRIX.  MAX DOF INC=  0.4906E-06
     FORCE CONVERGENCE VALUE  =  0.4193E-07  CRITERION=  0.1149E-03 <<< CONVERGED
    >>> SOLUTION CONVERGED AFTER EQUILIBRIUM ITERATION   1
 *** LOAD STEP     2   SUBSTEP   188  COMPLETED.    CUM ITER =    308
 *** TIME =   19.8000         TIME INC =  0.100000    
 *** MAX VISCOELASTIC STRAIN STEP = 0.4748E-06

     FORCE CONVERGENCE VALUE  =  0.7837E-07  CRITERION=  0.1150E-03
     DISP CONVERGENCE VALUE   =  0.4838E-06  CRITERION=  0.8317E-03 <<< CONVERGED
    EQUIL ITER   1 COMPLETED.  OLD TRIANG MATRIX.  MAX DOF INC=  0.4838E-06
     FORCE CONVERGENCE VALUE  =  0.3923E-07  CRITERION=  0.1150E-03 <<< CONVERGED
    >>> SOLUTION CONVERGED AFTER EQUILIBRIUM ITERATION   1
 *** LOAD STEP     2   SUBSTEP   189  COMPLETED.    CUM ITER =    309
 *** TIME =   19.9000         TIME INC =  0.100000    
 *** MAX VISCOELASTIC STRAIN STEP = 0.4742E-06

     FORCE CONVERGENCE VALUE  =  0.7398E-07  CRITERION=  0.1150E-03
     DISP CONVERGENCE VALUE   =  0.4773E-06  CRITERION=  0.8317E-03 <<< CONVERGED
    EQUIL ITER   1 COMPLETED.  OLD TRIANG MATRIX.  MAX DOF INC=  0.4773E-06
     FORCE CONVERGENCE VALUE  =  0.3664E-07  CRITERION=  0.1150E-03 <<< CONVERGED
    >>> SOLUTION CONVERGED AFTER EQUILIBRIUM ITERATION   1
 *** LOAD STEP     2   SUBSTEP   190  COMPLETED.    CUM ITER =    310
 *** TIME =   20.0000         TIME INC =  0.100000    
 *** MAX VISCOELASTIC STRAIN STEP = 0.4736E-06

     FORCE CONVERGENCE VALUE  =  0.6975E-07  CRITERION=  0.1150E-03
     DISP CONVERGENCE VALUE   =  0.4711E-06  CRITERION=  0.8317E-03 <<< CONVERGED
    EQUIL ITER   1 COMPLETED.  OLD TRIANG MATRIX.  MAX DOF INC=  0.4711E-06
     FORCE CONVERGENCE VALUE  =  0.3414E-07  CRITERION=  0.1150E-03 <<< CONVERGED
    >>> SOLUTION CONVERGED AFTER EQUILIBRIUM ITERATION   1
 *** LOAD STEP     2   SUBSTEP   191  COMPLETED.    CUM ITER =    311
 *** TIME =   20.1000         TIME INC =  0.100000    
 *** MAX VISCOELASTIC STRAIN STEP = 0.4730E-06

     FORCE CONVERGENCE VALUE  =  0.6567E-07  CRITERION=  0.1150E-03
     DISP CONVERGENCE VALUE   =  0.4650E-06  CRITERION=  0.8317E-03 <<< CONVERGED
    EQUIL ITER   1 COMPLETED.  OLD TRIANG MATRIX.  MAX DOF INC=  0.4650E-06
     FORCE CONVERGENCE VALUE  =  0.3173E-07  CRITERION=  0.1150E-03 <<< CONVERGED
    >>> SOLUTION CONVERGED AFTER EQUILIBRIUM ITERATION   1
 *** LOAD STEP     2   SUBSTEP   192  COMPLETED.    CUM ITER =    312
 *** TIME =   20.2000         TIME INC =  0.100000    
 *** MAX VISCOELASTIC STRAIN STEP = 0.4724E-06

     FORCE CONVERGENCE VALUE  =  0.6174E-07  CRITERION=  0.1150E-03
     DISP CONVERGENCE VALUE   =  0.4591E-06  CRITERION=  0.8317E-03 <<< CONVERGED
    EQUIL ITER   1 COMPLETED.  OLD TRIANG MATRIX.  MAX DOF INC=  0.4591E-06
     FORCE CONVERGENCE VALUE  =  0.2942E-07  CRITERION=  0.1150E-03 <<< CONVERGED
    >>> SOLUTION CONVERGED AFTER EQUILIBRIUM ITERATION   1
 *** LOAD STEP     2   SUBSTEP   193  COMPLETED.    CUM ITER =    313
 *** TIME =   20.3000         TIME INC =  0.100000    
 *** MAX VISCOELASTIC STRAIN STEP = 0.4718E-06

     FORCE CONVERGENCE VALUE  =  0.5796E-07  CRITERION=  0.1150E-03
     DISP CONVERGENCE VALUE   =  0.4534E-06  CRITERION=  0.8317E-03 <<< CONVERGED
    EQUIL ITER   1 COMPLETED.  OLD TRIANG MATRIX.  MAX DOF INC=  0.4534E-06
     FORCE CONVERGENCE VALUE  =  0.2721E-07  CRITERION=  0.1150E-03 <<< CONVERGED
    >>> SOLUTION CONVERGED AFTER EQUILIBRIUM ITERATION   1
 *** LOAD STEP     2   SUBSTEP   194  COMPLETED.    CUM ITER =    314
 *** TIME =   20.4000         TIME INC =  0.100000    
 *** MAX VISCOELASTIC STRAIN STEP = 0.4712E-06

     FORCE CONVERGENCE VALUE  =  0.5432E-07  CRITERION=  0.1150E-03
     DISP CONVERGENCE VALUE   =  0.4479E-06  CRITERION=  0.8317E-03 <<< CONVERGED
    EQUIL ITER   1 COMPLETED.  OLD TRIANG MATRIX.  MAX DOF INC=  0.4479E-06
     FORCE CONVERGENCE VALUE  =  0.2508E-07  CRITERION=  0.1150E-03 <<< CONVERGED
    >>> SOLUTION CONVERGED AFTER EQUILIBRIUM ITERATION   1
 *** LOAD STEP     2   SUBSTEP   195  COMPLETED.    CUM ITER =    315
 *** TIME =   20.5000         TIME INC =  0.100000    
 *** MAX VISCOELASTIC STRAIN STEP = 0.4706E-06

     FORCE CONVERGENCE VALUE  =  0.5082E-07  CRITERION=  0.1150E-03
     DISP CONVERGENCE VALUE   =  0.4426E-06  CRITERION=  0.8317E-03 <<< CONVERGED
    EQUIL ITER   1 COMPLETED.  OLD TRIANG MATRIX.  MAX DOF INC=  0.4426E-06
     FORCE CONVERGENCE VALUE  =  0.2305E-07  CRITERION=  0.1150E-03 <<< CONVERGED
    >>> SOLUTION CONVERGED AFTER EQUILIBRIUM ITERATION   1
 *** LOAD STEP     2   SUBSTEP   196  COMPLETED.    CUM ITER =    316
 *** TIME =   20.6000         TIME INC =  0.100000    
 *** MAX VISCOELASTIC STRAIN STEP = 0.4700E-06

     FORCE CONVERGENCE VALUE  =  0.4746E-07  CRITERION=  0.1150E-03
     DISP CONVERGENCE VALUE   =  0.4374E-06  CRITERION=  0.8317E-03 <<< CONVERGED
    EQUIL ITER   1 COMPLETED.  OLD TRIANG MATRIX.  MAX DOF INC=  0.4374E-06
     FORCE CONVERGENCE VALUE  =  0.2110E-07  CRITERION=  0.1150E-03 <<< CONVERGED
    >>> SOLUTION CONVERGED AFTER EQUILIBRIUM ITERATION   1
 *** LOAD STEP     2   SUBSTEP   197  COMPLETED.    CUM ITER =    317
 *** TIME =   20.7000         TIME INC =  0.100000    
 *** MAX VISCOELASTIC STRAIN STEP = 0.4694E-06

     FORCE CONVERGENCE VALUE  =  0.4422E-07  CRITERION=  0.1150E-03
     DISP CONVERGENCE VALUE   =  0.4325E-06  CRITERION=  0.8317E-03 <<< CONVERGED
    EQUIL ITER   1 COMPLETED.  OLD TRIANG MATRIX.  MAX DOF INC=  0.4325E-06
     FORCE CONVERGENCE VALUE  =  0.1925E-07  CRITERION=  0.1150E-03 <<< CONVERGED
    >>> SOLUTION CONVERGED AFTER EQUILIBRIUM ITERATION   1
 *** LOAD STEP     2   SUBSTEP   198  COMPLETED.    CUM ITER =    318
 *** TIME =   20.8000         TIME INC =  0.100000    
 *** MAX VISCOELASTIC STRAIN STEP = 0.4689E-06

     FORCE CONVERGENCE VALUE  =  0.4111E-07  CRITERION=  0.1150E-03
     DISP CONVERGENCE VALUE   =  0.4276E-06  CRITERION=  0.8317E-03 <<< CONVERGED
    EQUIL ITER   1 COMPLETED.  OLD TRIANG MATRIX.  MAX DOF INC=  0.4276E-06
     FORCE CONVERGENCE VALUE  =  0.1748E-07  CRITERION=  0.1150E-03 <<< CONVERGED
    >>> SOLUTION CONVERGED AFTER EQUILIBRIUM ITERATION   1
 *** LOAD STEP     2   SUBSTEP   199  COMPLETED.    CUM ITER =    319
 *** TIME =   20.9000         TIME INC =  0.100000    
 *** MAX VISCOELASTIC STRAIN STEP = 0.4683E-06

     FORCE CONVERGENCE VALUE  =  0.3813E-07  CRITERION=  0.1150E-03
     DISP CONVERGENCE VALUE   =  0.4230E-06  CRITERION=  0.8317E-03 <<< CONVERGED
    EQUIL ITER   1 COMPLETED.  OLD TRIANG MATRIX.  MAX DOF INC=  0.4230E-06
     FORCE CONVERGENCE VALUE  =  0.1582E-07  CRITERION=  0.1150E-03 <<< CONVERGED
    >>> SOLUTION CONVERGED AFTER EQUILIBRIUM ITERATION   1
 *** LOAD STEP     2   SUBSTEP   200  COMPLETED.    CUM ITER =    320
 *** TIME =   21.0000         TIME INC =  0.100000    
 *** MAX VISCOELASTIC STRAIN STEP = 0.4677E-06

     FORCE CONVERGENCE VALUE  =  0.3528E-07  CRITERION=  0.1150E-03
     DISP CONVERGENCE VALUE   =  0.4185E-06  CRITERION=  0.8317E-03 <<< CONVERGED
    EQUIL ITER   1 COMPLETED.  OLD TRIANG MATRIX.  MAX DOF INC=  0.4185E-06
     FORCE CONVERGENCE VALUE  =  0.1425E-07  CRITERION=  0.1150E-03 <<< CONVERGED
    >>> SOLUTION CONVERGED AFTER EQUILIBRIUM ITERATION   1
 *** LOAD STEP     2   SUBSTEP   201  COMPLETED.    CUM ITER =    321
 *** TIME =   21.1000         TIME INC =  0.100000    
 *** MAX VISCOELASTIC STRAIN STEP = 0.4671E-06

     FORCE CONVERGENCE VALUE  =  0.3255E-07  CRITERION=  0.1150E-03
     DISP CONVERGENCE VALUE   =  0.4141E-06  CRITERION=  0.8317E-03 <<< CONVERGED
    EQUIL ITER   1 COMPLETED.  OLD TRIANG MATRIX.  MAX DOF INC=  0.4141E-06
     FORCE CONVERGENCE VALUE  =  0.1279E-07  CRITERION=  0.1150E-03 <<< CONVERGED
    >>> SOLUTION CONVERGED AFTER EQUILIBRIUM ITERATION   1
 *** LOAD STEP     2   SUBSTEP   202  COMPLETED.    CUM ITER =    322
 *** TIME =   21.2000         TIME INC =  0.100000    
 *** MAX VISCOELASTIC STRAIN STEP = 0.4665E-06

     FORCE CONVERGENCE VALUE  =  0.2994E-07  CRITERION=  0.1150E-03
     DISP CONVERGENCE VALUE   =  0.4098E-06  CRITERION=  0.8317E-03 <<< CONVERGED
    EQUIL ITER   1 COMPLETED.  OLD TRIANG MATRIX.  MAX DOF INC=  0.4098E-06
     FORCE CONVERGENCE VALUE  =  0.1145E-07  CRITERION=  0.1150E-03 <<< CONVERGED
    >>> SOLUTION CONVERGED AFTER EQUILIBRIUM ITERATION   1
 *** LOAD STEP     2   SUBSTEP   203  COMPLETED.    CUM ITER =    323
 *** TIME =   21.3000         TIME INC =  0.100000    
 *** MAX VISCOELASTIC STRAIN STEP = 0.4659E-06

     FORCE CONVERGENCE VALUE  =  0.2745E-07  CRITERION=  0.1150E-03
     DISP CONVERGENCE VALUE   =  0.4057E-06  CRITERION=  0.8317E-03 <<< CONVERGED
    EQUIL ITER   1 COMPLETED.  OLD TRIANG MATRIX.  MAX DOF INC=  0.4057E-06
     FORCE CONVERGENCE VALUE  =  0.1025E-07  CRITERION=  0.1150E-03 <<< CONVERGED
    >>> SOLUTION CONVERGED AFTER EQUILIBRIUM ITERATION   1
 *** LOAD STEP     2   SUBSTEP   204  COMPLETED.    CUM ITER =    324
 *** TIME =   21.4000         TIME INC =  0.100000    
 *** MAX VISCOELASTIC STRAIN STEP = 0.4654E-06

     FORCE CONVERGENCE VALUE  =  0.2509E-07  CRITERION=  0.1150E-03
     DISP CONVERGENCE VALUE   =  0.4018E-06  CRITERION=  0.8317E-03 <<< CONVERGED
    EQUIL ITER   1 COMPLETED.  OLD TRIANG MATRIX.  MAX DOF INC=  0.4018E-06
     FORCE CONVERGENCE VALUE  =  0.9205E-08  CRITERION=  0.1150E-03 <<< CONVERGED
    >>> SOLUTION CONVERGED AFTER EQUILIBRIUM ITERATION   1
 *** LOAD STEP     2   SUBSTEP   205  COMPLETED.    CUM ITER =    325
 *** TIME =   21.5000         TIME INC =  0.100000    
 *** MAX VISCOELASTIC STRAIN STEP = 0.4648E-06

     FORCE CONVERGENCE VALUE  =  0.2287E-07  CRITERION=  0.1150E-03
     DISP CONVERGENCE VALUE   =  0.3979E-06  CRITERION=  0.8317E-03 <<< CONVERGED
    EQUIL ITER   1 COMPLETED.  OLD TRIANG MATRIX.  MAX DOF INC=  0.3979E-06
     FORCE CONVERGENCE VALUE  =  0.8343E-08  CRITERION=  0.1150E-03 <<< CONVERGED
    >>> SOLUTION CONVERGED AFTER EQUILIBRIUM ITERATION   1
 *** LOAD STEP     2   SUBSTEP   206  COMPLETED.    CUM ITER =    326
 *** TIME =   21.6000         TIME INC =  0.100000    
 *** MAX VISCOELASTIC STRAIN STEP = 0.4642E-06

     FORCE CONVERGENCE VALUE  =  0.2077E-07  CRITERION=  0.1150E-03
     DISP CONVERGENCE VALUE   =  0.3942E-06  CRITERION=  0.8317E-03 <<< CONVERGED
    EQUIL ITER   1 COMPLETED.  OLD TRIANG MATRIX.  MAX DOF INC=  0.3942E-06
     FORCE CONVERGENCE VALUE  =  0.7693E-08  CRITERION=  0.1150E-03 <<< CONVERGED
    >>> SOLUTION CONVERGED AFTER EQUILIBRIUM ITERATION   1
 *** LOAD STEP     2   SUBSTEP   207  COMPLETED.    CUM ITER =    327
 *** TIME =   21.7000         TIME INC =  0.100000    
 *** MAX VISCOELASTIC STRAIN STEP = 0.4636E-06

     FORCE CONVERGENCE VALUE  =  0.1883E-07  CRITERION=  0.1150E-03
     DISP CONVERGENCE VALUE   =  0.3906E-06  CRITERION=  0.8317E-03 <<< CONVERGED
    EQUIL ITER   1 COMPLETED.  OLD TRIANG MATRIX.  MAX DOF INC=  0.3906E-06
     FORCE CONVERGENCE VALUE  =  0.7281E-08  CRITERION=  0.1150E-03 <<< CONVERGED
    >>> SOLUTION CONVERGED AFTER EQUILIBRIUM ITERATION   1
 *** LOAD STEP     2   SUBSTEP   208  COMPLETED.    CUM ITER =    328
 *** TIME =   21.8000         TIME INC =  0.100000    
 *** MAX VISCOELASTIC STRAIN STEP = 0.4631E-06

     FORCE CONVERGENCE VALUE  =  0.1704E-07  CRITERION=  0.1150E-03
     DISP CONVERGENCE VALUE   =  0.3871E-06  CRITERION=  0.8317E-03 <<< CONVERGED
    EQUIL ITER   1 COMPLETED.  OLD TRIANG MATRIX.  MAX DOF INC=  0.3871E-06
     FORCE CONVERGENCE VALUE  =  0.7118E-08  CRITERION=  0.1150E-03 <<< CONVERGED
    >>> SOLUTION CONVERGED AFTER EQUILIBRIUM ITERATION   1
 *** LOAD STEP     2   SUBSTEP   209  COMPLETED.    CUM ITER =    329
 *** TIME =   21.9000         TIME INC =  0.100000    
 *** MAX VISCOELASTIC STRAIN STEP = 0.4625E-06

     FORCE CONVERGENCE VALUE  =  0.1543E-07  CRITERION=  0.1150E-03
     DISP CONVERGENCE VALUE   =  0.3837E-06  CRITERION=  0.8317E-03 <<< CONVERGED
    EQUIL ITER   1 COMPLETED.  OLD TRIANG MATRIX.  MAX DOF INC=  0.3837E-06
     FORCE CONVERGENCE VALUE  =  0.7195E-08  CRITERION=  0.1150E-03 <<< CONVERGED
    >>> SOLUTION CONVERGED AFTER EQUILIBRIUM ITERATION   1
 *** LOAD STEP     2   SUBSTEP   210  COMPLETED.    CUM ITER =    330
 *** TIME =   22.0000         TIME INC =  0.100000    
 *** MAX VISCOELASTIC STRAIN STEP = 0.4619E-06

     FORCE CONVERGENCE VALUE  =  0.1402E-07  CRITERION=  0.1150E-03
     DISP CONVERGENCE VALUE   =  0.3804E-06  CRITERION=  0.8317E-03 <<< CONVERGED
    EQUIL ITER   1 COMPLETED.  OLD TRIANG MATRIX.  MAX DOF INC=  0.3804E-06
     FORCE CONVERGENCE VALUE  =  0.7481E-08  CRITERION=  0.1150E-03 <<< CONVERGED
    >>> SOLUTION CONVERGED AFTER EQUILIBRIUM ITERATION   1
 *** LOAD STEP     2   SUBSTEP   211  COMPLETED.    CUM ITER =    331
 *** TIME =   22.1000         TIME INC =  0.100000    
 *** MAX VISCOELASTIC STRAIN STEP = 0.4614E-06

     FORCE CONVERGENCE VALUE  =  0.1284E-07  CRITERION=  0.1150E-03
     DISP CONVERGENCE VALUE   =  0.3772E-06  CRITERION=  0.8317E-03 <<< CONVERGED
    EQUIL ITER   1 COMPLETED.  OLD TRIANG MATRIX.  MAX DOF INC=  0.3772E-06
     FORCE CONVERGENCE VALUE  =  0.7931E-08  CRITERION=  0.1150E-03 <<< CONVERGED
    >>> SOLUTION CONVERGED AFTER EQUILIBRIUM ITERATION   1
 *** LOAD STEP     2   SUBSTEP   212  COMPLETED.    CUM ITER =    332
 *** TIME =   22.2000         TIME INC =  0.100000    
 *** MAX VISCOELASTIC STRAIN STEP = 0.4608E-06

     FORCE CONVERGENCE VALUE  =  0.1190E-07  CRITERION=  0.1150E-03
     DISP CONVERGENCE VALUE   =  0.3742E-06  CRITERION=  0.8317E-03 <<< CONVERGED
    EQUIL ITER   1 COMPLETED.  OLD TRIANG MATRIX.  MAX DOF INC=  0.3742E-06
     FORCE CONVERGENCE VALUE  =  0.8502E-08  CRITERION=  0.1150E-03 <<< CONVERGED
    >>> SOLUTION CONVERGED AFTER EQUILIBRIUM ITERATION   1
 *** LOAD STEP     2   SUBSTEP   213  COMPLETED.    CUM ITER =    333
 *** TIME =   22.3000         TIME INC =  0.100000    
 *** MAX VISCOELASTIC STRAIN STEP = 0.4603E-06

     FORCE CONVERGENCE VALUE  =  0.1125E-07  CRITERION=  0.1150E-03
     DISP CONVERGENCE VALUE   =  0.3712E-06  CRITERION=  0.8317E-03 <<< CONVERGED
    EQUIL ITER   1 COMPLETED.  OLD TRIANG MATRIX.  MAX DOF INC=  0.3712E-06
     FORCE CONVERGENCE VALUE  =  0.9157E-08  CRITERION=  0.1150E-03 <<< CONVERGED
    >>> SOLUTION CONVERGED AFTER EQUILIBRIUM ITERATION   1
 *** LOAD STEP     2   SUBSTEP   214  COMPLETED.    CUM ITER =    334
 *** TIME =   22.4000         TIME INC =  0.100000    
 *** MAX VISCOELASTIC STRAIN STEP = 0.4597E-06

     FORCE CONVERGENCE VALUE  =  0.1089E-07  CRITERION=  0.1150E-03
     DISP CONVERGENCE VALUE   =  0.3683E-06  CRITERION=  0.8317E-03 <<< CONVERGED
    EQUIL ITER   1 COMPLETED.  OLD TRIANG MATRIX.  MAX DOF INC=  0.3683E-06
     FORCE CONVERGENCE VALUE  =  0.9866E-08  CRITERION=  0.1150E-03 <<< CONVERGED
    >>> SOLUTION CONVERGED AFTER EQUILIBRIUM ITERATION   1
 *** LOAD STEP     2   SUBSTEP   215  COMPLETED.    CUM ITER =    335
 *** TIME =   22.5000         TIME INC =  0.100000    
 *** MAX VISCOELASTIC STRAIN STEP = 0.4591E-06

     FORCE CONVERGENCE VALUE  =  0.1082E-07  CRITERION=  0.1150E-03
     DISP CONVERGENCE VALUE   =  0.3654E-06  CRITERION=  0.8317E-03 <<< CONVERGED
    EQUIL ITER   1 COMPLETED.  OLD TRIANG MATRIX.  MAX DOF INC=  0.3654E-06
     FORCE CONVERGENCE VALUE  =  0.1061E-07  CRITERION=  0.1150E-03 <<< CONVERGED
    >>> SOLUTION CONVERGED AFTER EQUILIBRIUM ITERATION   1
 *** LOAD STEP     2   SUBSTEP   216  COMPLETED.    CUM ITER =    336
 *** TIME =   22.6000         TIME INC =  0.100000    
 *** MAX VISCOELASTIC STRAIN STEP = 0.4586E-06

     FORCE CONVERGENCE VALUE  =  0.1102E-07  CRITERION=  0.1150E-03
     DISP CONVERGENCE VALUE   =  0.3627E-06  CRITERION=  0.8317E-03 <<< CONVERGED
    EQUIL ITER   1 COMPLETED.  OLD TRIANG MATRIX.  MAX DOF INC=  0.3627E-06
     FORCE CONVERGENCE VALUE  =  0.1136E-07  CRITERION=  0.1150E-03 <<< CONVERGED
    >>> SOLUTION CONVERGED AFTER EQUILIBRIUM ITERATION   1
 *** LOAD STEP     2   SUBSTEP   217  COMPLETED.    CUM ITER =    337
 *** TIME =   22.7000         TIME INC =  0.100000    
 *** MAX VISCOELASTIC STRAIN STEP = 0.4580E-06

     FORCE CONVERGENCE VALUE  =  0.1144E-07  CRITERION=  0.1151E-03
     DISP CONVERGENCE VALUE   =  0.3601E-06  CRITERION=  0.8317E-03 <<< CONVERGED
    EQUIL ITER   1 COMPLETED.  OLD TRIANG MATRIX.  MAX DOF INC=  0.3601E-06
     FORCE CONVERGENCE VALUE  =  0.1213E-07  CRITERION=  0.1151E-03 <<< CONVERGED
    >>> SOLUTION CONVERGED AFTER EQUILIBRIUM ITERATION   1
 *** LOAD STEP     2   SUBSTEP   218  COMPLETED.    CUM ITER =    338
 *** TIME =   22.8000         TIME INC =  0.100000    
 *** MAX VISCOELASTIC STRAIN STEP = 0.4575E-06

     FORCE CONVERGENCE VALUE  =  0.1204E-07  CRITERION=  0.1151E-03
     DISP CONVERGENCE VALUE   =  0.3575E-06  CRITERION=  0.8317E-03 <<< CONVERGED
    EQUIL ITER   1 COMPLETED.  OLD TRIANG MATRIX.  MAX DOF INC=  0.3575E-06
     FORCE CONVERGENCE VALUE  =  0.1289E-07  CRITERION=  0.1151E-03 <<< CONVERGED
    >>> SOLUTION CONVERGED AFTER EQUILIBRIUM ITERATION   1
 *** LOAD STEP     2   SUBSTEP   219  COMPLETED.    CUM ITER =    339
 *** TIME =   22.9000         TIME INC =  0.100000    
 *** MAX VISCOELASTIC STRAIN STEP = 0.4569E-06

     FORCE CONVERGENCE VALUE  =  0.1277E-07  CRITERION=  0.1151E-03
     DISP CONVERGENCE VALUE   =  0.3550E-06  CRITERION=  0.8317E-03 <<< CONVERGED
    EQUIL ITER   1 COMPLETED.  OLD TRIANG MATRIX.  MAX DOF INC=  0.3550E-06
     FORCE CONVERGENCE VALUE  =  0.1364E-07  CRITERION=  0.1151E-03 <<< CONVERGED
    >>> SOLUTION CONVERGED AFTER EQUILIBRIUM ITERATION   1
 *** LOAD STEP     2   SUBSTEP   220  COMPLETED.    CUM ITER =    340
 *** TIME =   23.0000         TIME INC =  0.100000    
 *** MAX VISCOELASTIC STRAIN STEP = 0.4563E-06

     FORCE CONVERGENCE VALUE  =  0.1360E-07  CRITERION=  0.1151E-03
     DISP CONVERGENCE VALUE   =  0.3526E-06  CRITERION=  0.8317E-03 <<< CONVERGED
    EQUIL ITER   1 COMPLETED.  OLD TRIANG MATRIX.  MAX DOF INC=  0.3526E-06
     FORCE CONVERGENCE VALUE  =  0.1438E-07  CRITERION=  0.1151E-03 <<< CONVERGED
    >>> SOLUTION CONVERGED AFTER EQUILIBRIUM ITERATION   1
 *** LOAD STEP     2   SUBSTEP   221  COMPLETED.    CUM ITER =    341
 *** TIME =   23.1000         TIME INC =  0.100000    
 *** MAX VISCOELASTIC STRAIN STEP = 0.4558E-06

     FORCE CONVERGENCE VALUE  =  0.1450E-07  CRITERION=  0.1151E-03
     DISP CONVERGENCE VALUE   =  0.3502E-06  CRITERION=  0.8317E-03 <<< CONVERGED
    EQUIL ITER   1 COMPLETED.  OLD TRIANG MATRIX.  MAX DOF INC=  0.3502E-06
     FORCE CONVERGENCE VALUE  =  0.1510E-07  CRITERION=  0.1151E-03 <<< CONVERGED
    >>> SOLUTION CONVERGED AFTER EQUILIBRIUM ITERATION   1
 *** LOAD STEP     2   SUBSTEP   222  COMPLETED.    CUM ITER =    342
 *** TIME =   23.2000         TIME INC =  0.100000    
 *** MAX VISCOELASTIC STRAIN STEP = 0.4552E-06

     FORCE CONVERGENCE VALUE  =  0.1543E-07  CRITERION=  0.1151E-03
     DISP CONVERGENCE VALUE   =  0.3479E-06  CRITERION=  0.8317E-03 <<< CONVERGED
    EQUIL ITER   1 COMPLETED.  OLD TRIANG MATRIX.  MAX DOF INC=  0.3479E-06
     FORCE CONVERGENCE VALUE  =  0.1581E-07  CRITERION=  0.1151E-03 <<< CONVERGED
    >>> SOLUTION CONVERGED AFTER EQUILIBRIUM ITERATION   1
 *** LOAD STEP     2   SUBSTEP   223  COMPLETED.    CUM ITER =    343
 *** TIME =   23.3000         TIME INC =  0.100000    
 *** MAX VISCOELASTIC STRAIN STEP = 0.4547E-06

     FORCE CONVERGENCE VALUE  =  0.1638E-07  CRITERION=  0.1151E-03
     DISP CONVERGENCE VALUE   =  0.3457E-06  CRITERION=  0.8317E-03 <<< CONVERGED
    EQUIL ITER   1 COMPLETED.  OLD TRIANG MATRIX.  MAX DOF INC=  0.3457E-06
     FORCE CONVERGENCE VALUE  =  0.1650E-07  CRITERION=  0.1151E-03 <<< CONVERGED
    >>> SOLUTION CONVERGED AFTER EQUILIBRIUM ITERATION   1
 *** LOAD STEP     2   SUBSTEP   224  COMPLETED.    CUM ITER =    344
 *** TIME =   23.4000         TIME INC =  0.100000    
 *** MAX VISCOELASTIC STRAIN STEP = 0.4541E-06

     FORCE CONVERGENCE VALUE  =  0.1734E-07  CRITERION=  0.1151E-03
     DISP CONVERGENCE VALUE   =  0.3436E-06  CRITERION=  0.8317E-03 <<< CONVERGED
    EQUIL ITER   1 COMPLETED.  OLD TRIANG MATRIX.  MAX DOF INC=  0.3436E-06
     FORCE CONVERGENCE VALUE  =  0.1718E-07  CRITERION=  0.1151E-03 <<< CONVERGED
    >>> SOLUTION CONVERGED AFTER EQUILIBRIUM ITERATION   1
 *** LOAD STEP     2   SUBSTEP   225  COMPLETED.    CUM ITER =    345
 *** TIME =   23.5000         TIME INC =  0.100000    
 *** MAX VISCOELASTIC STRAIN STEP = 0.4536E-06

     FORCE CONVERGENCE VALUE  =  0.1831E-07  CRITERION=  0.1151E-03
     DISP CONVERGENCE VALUE   =  0.3415E-06  CRITERION=  0.8317E-03 <<< CONVERGED
    EQUIL ITER   1 COMPLETED.  OLD TRIANG MATRIX.  MAX DOF INC=  0.3415E-06
     FORCE CONVERGENCE VALUE  =  0.1783E-07  CRITERION=  0.1151E-03 <<< CONVERGED
    >>> SOLUTION CONVERGED AFTER EQUILIBRIUM ITERATION   1
 *** LOAD STEP     2   SUBSTEP   226  COMPLETED.    CUM ITER =    346
 *** TIME =   23.6000         TIME INC =  0.100000    
 *** MAX VISCOELASTIC STRAIN STEP = 0.4531E-06

     FORCE CONVERGENCE VALUE  =  0.1926E-07  CRITERION=  0.1151E-03
     DISP CONVERGENCE VALUE   =  0.3394E-06  CRITERION=  0.8317E-03 <<< CONVERGED
    EQUIL ITER   1 COMPLETED.  OLD TRIANG MATRIX.  MAX DOF INC=  0.3394E-06
     FORCE CONVERGENCE VALUE  =  0.1846E-07  CRITERION=  0.1151E-03 <<< CONVERGED
    >>> SOLUTION CONVERGED AFTER EQUILIBRIUM ITERATION   1
 *** LOAD STEP     2   SUBSTEP   227  COMPLETED.    CUM ITER =    347
 *** TIME =   23.7000         TIME INC =  0.100000    
 *** MAX VISCOELASTIC STRAIN STEP = 0.4525E-06

     FORCE CONVERGENCE VALUE  =  0.2020E-07  CRITERION=  0.1151E-03
     DISP CONVERGENCE VALUE   =  0.3375E-06  CRITERION=  0.8317E-03 <<< CONVERGED
    EQUIL ITER   1 COMPLETED.  OLD TRIANG MATRIX.  MAX DOF INC=  0.3375E-06
     FORCE CONVERGENCE VALUE  =  0.1908E-07  CRITERION=  0.1151E-03 <<< CONVERGED
    >>> SOLUTION CONVERGED AFTER EQUILIBRIUM ITERATION   1
 *** LOAD STEP     2   SUBSTEP   228  COMPLETED.    CUM ITER =    348
 *** TIME =   23.8000         TIME INC =  0.100000    
 *** MAX VISCOELASTIC STRAIN STEP = 0.4520E-06

     FORCE CONVERGENCE VALUE  =  0.2113E-07  CRITERION=  0.1151E-03
     DISP CONVERGENCE VALUE   =  0.3355E-06  CRITERION=  0.8317E-03 <<< CONVERGED
    EQUIL ITER   1 COMPLETED.  OLD TRIANG MATRIX.  MAX DOF INC=  0.3355E-06
     FORCE CONVERGENCE VALUE  =  0.1967E-07  CRITERION=  0.1151E-03 <<< CONVERGED
    >>> SOLUTION CONVERGED AFTER EQUILIBRIUM ITERATION   1
 *** LOAD STEP     2   SUBSTEP   229  COMPLETED.    CUM ITER =    349
 *** TIME =   23.9000         TIME INC =  0.100000    
 *** MAX VISCOELASTIC STRAIN STEP = 0.4514E-06

     FORCE CONVERGENCE VALUE  =  0.2203E-07  CRITERION=  0.1151E-03
     DISP CONVERGENCE VALUE   =  0.3337E-06  CRITERION=  0.8317E-03 <<< CONVERGED
    EQUIL ITER   1 COMPLETED.  OLD TRIANG MATRIX.  MAX DOF INC=  0.3337E-06
     FORCE CONVERGENCE VALUE  =  0.2025E-07  CRITERION=  0.1151E-03 <<< CONVERGED
    >>> SOLUTION CONVERGED AFTER EQUILIBRIUM ITERATION   1
 *** LOAD STEP     2   SUBSTEP   230  COMPLETED.    CUM ITER =    350
 *** TIME =   24.0000         TIME INC =  0.100000    
 *** MAX VISCOELASTIC STRAIN STEP = 0.4509E-06

     FORCE CONVERGENCE VALUE  =  0.2291E-07  CRITERION=  0.1151E-03
     DISP CONVERGENCE VALUE   =  0.3318E-06  CRITERION=  0.8317E-03 <<< CONVERGED
    EQUIL ITER   1 COMPLETED.  OLD TRIANG MATRIX.  MAX DOF INC=  0.3318E-06
     FORCE CONVERGENCE VALUE  =  0.2081E-07  CRITERION=  0.1151E-03 <<< CONVERGED
    >>> SOLUTION CONVERGED AFTER EQUILIBRIUM ITERATION   1
 *** LOAD STEP     2   SUBSTEP   231  COMPLETED.    CUM ITER =    351
 *** TIME =   24.1000         TIME INC =  0.100000    
 *** MAX VISCOELASTIC STRAIN STEP = 0.4503E-06

     FORCE CONVERGENCE VALUE  =  0.2378E-07  CRITERION=  0.1151E-03
     DISP CONVERGENCE VALUE   =  0.3301E-06  CRITERION=  0.8317E-03 <<< CONVERGED
    EQUIL ITER   1 COMPLETED.  OLD TRIANG MATRIX.  MAX DOF INC=  0.3301E-06
     FORCE CONVERGENCE VALUE  =  0.2135E-07  CRITERION=  0.1151E-03 <<< CONVERGED
    >>> SOLUTION CONVERGED AFTER EQUILIBRIUM ITERATION   1
 *** LOAD STEP     2   SUBSTEP   232  COMPLETED.    CUM ITER =    352
 *** TIME =   24.2000         TIME INC =  0.100000    
 *** MAX VISCOELASTIC STRAIN STEP = 0.4498E-06

     FORCE CONVERGENCE VALUE  =  0.2461E-07  CRITERION=  0.1151E-03
     DISP CONVERGENCE VALUE   =  0.3284E-06  CRITERION=  0.8317E-03 <<< CONVERGED
    EQUIL ITER   1 COMPLETED.  OLD TRIANG MATRIX.  MAX DOF INC=  0.3284E-06
     FORCE CONVERGENCE VALUE  =  0.2187E-07  CRITERION=  0.1151E-03 <<< CONVERGED
    >>> SOLUTION CONVERGED AFTER EQUILIBRIUM ITERATION   1
 *** LOAD STEP     2   SUBSTEP   233  COMPLETED.    CUM ITER =    353
 *** TIME =   24.3000         TIME INC =  0.100000    
 *** MAX VISCOELASTIC STRAIN STEP = 0.4493E-06

     FORCE CONVERGENCE VALUE  =  0.2543E-07  CRITERION=  0.1151E-03
     DISP CONVERGENCE VALUE   =  0.3267E-06  CRITERION=  0.8317E-03 <<< CONVERGED
    EQUIL ITER   1 COMPLETED.  OLD TRIANG MATRIX.  MAX DOF INC=  0.3267E-06
     FORCE CONVERGENCE VALUE  =  0.2237E-07  CRITERION=  0.1151E-03 <<< CONVERGED
    >>> SOLUTION CONVERGED AFTER EQUILIBRIUM ITERATION   1
 *** LOAD STEP     2   SUBSTEP   234  COMPLETED.    CUM ITER =    354
 *** TIME =   24.4000         TIME INC =  0.100000    
 *** MAX VISCOELASTIC STRAIN STEP = 0.4487E-06

     FORCE CONVERGENCE VALUE  =  0.2622E-07  CRITERION=  0.1151E-03
     DISP CONVERGENCE VALUE   =  0.3250E-06  CRITERION=  0.8317E-03 <<< CONVERGED
    EQUIL ITER   1 COMPLETED.  OLD TRIANG MATRIX.  MAX DOF INC=  0.3250E-06
     FORCE CONVERGENCE VALUE  =  0.2286E-07  CRITERION=  0.1151E-03 <<< CONVERGED
    >>> SOLUTION CONVERGED AFTER EQUILIBRIUM ITERATION   1
 *** LOAD STEP     2   SUBSTEP   235  COMPLETED.    CUM ITER =    355
 *** TIME =   24.5000         TIME INC =  0.100000    
 *** MAX VISCOELASTIC STRAIN STEP = 0.4482E-06

     FORCE CONVERGENCE VALUE  =  0.2699E-07  CRITERION=  0.1151E-03
     DISP CONVERGENCE VALUE   =  0.3235E-06  CRITERION=  0.8317E-03 <<< CONVERGED
    EQUIL ITER   1 COMPLETED.  OLD TRIANG MATRIX.  MAX DOF INC=  0.3235E-06
     FORCE CONVERGENCE VALUE  =  0.2333E-07  CRITERION=  0.1151E-03 <<< CONVERGED
    >>> SOLUTION CONVERGED AFTER EQUILIBRIUM ITERATION   1
 *** LOAD STEP     2   SUBSTEP   236  COMPLETED.    CUM ITER =    356
 *** TIME =   24.6000         TIME INC =  0.100000    
 *** MAX VISCOELASTIC STRAIN STEP = 0.4476E-06

     FORCE CONVERGENCE VALUE  =  0.2773E-07  CRITERION=  0.1151E-03
     DISP CONVERGENCE VALUE   =  0.3219E-06  CRITERION=  0.8317E-03 <<< CONVERGED
    EQUIL ITER   1 COMPLETED.  OLD TRIANG MATRIX.  MAX DOF INC=  0.3219E-06
     FORCE CONVERGENCE VALUE  =  0.2378E-07  CRITERION=  0.1151E-03 <<< CONVERGED
    >>> SOLUTION CONVERGED AFTER EQUILIBRIUM ITERATION   1
 *** LOAD STEP     2   SUBSTEP   237  COMPLETED.    CUM ITER =    357
 *** TIME =   24.7000         TIME INC =  0.100000    
 *** MAX VISCOELASTIC STRAIN STEP = 0.4471E-06

     FORCE CONVERGENCE VALUE  =  0.2845E-07  CRITERION=  0.1151E-03
     DISP CONVERGENCE VALUE   =  0.3204E-06  CRITERION=  0.8317E-03 <<< CONVERGED
    EQUIL ITER   1 COMPLETED.  OLD TRIANG MATRIX.  MAX DOF INC=  0.3204E-06
     FORCE CONVERGENCE VALUE  =  0.2422E-07  CRITERION=  0.1151E-03 <<< CONVERGED
    >>> SOLUTION CONVERGED AFTER EQUILIBRIUM ITERATION   1
 *** LOAD STEP     2   SUBSTEP   238  COMPLETED.    CUM ITER =    358
 *** TIME =   24.8000         TIME INC =  0.100000    
 *** MAX VISCOELASTIC STRAIN STEP = 0.4466E-06

     FORCE CONVERGENCE VALUE  =  0.2915E-07  CRITERION=  0.1151E-03
     DISP CONVERGENCE VALUE   =  0.3189E-06  CRITERION=  0.8317E-03 <<< CONVERGED
    EQUIL ITER   1 COMPLETED.  OLD TRIANG MATRIX.  MAX DOF INC=  0.3189E-06
     FORCE CONVERGENCE VALUE  =  0.2464E-07  CRITERION=  0.1151E-03 <<< CONVERGED
    >>> SOLUTION CONVERGED AFTER EQUILIBRIUM ITERATION   1
 *** LOAD STEP     2   SUBSTEP   239  COMPLETED.    CUM ITER =    359
 *** TIME =   24.9000         TIME INC =  0.100000    
 *** MAX VISCOELASTIC STRAIN STEP = 0.4460E-06

     FORCE CONVERGENCE VALUE  =  0.2982E-07  CRITERION=  0.1151E-03
     DISP CONVERGENCE VALUE   =  0.3175E-06  CRITERION=  0.8317E-03 <<< CONVERGED
    EQUIL ITER   1 COMPLETED.  OLD TRIANG MATRIX.  MAX DOF INC=  0.3175E-06
     FORCE CONVERGENCE VALUE  =  0.2504E-07  CRITERION=  0.1151E-03 <<< CONVERGED
    >>> SOLUTION CONVERGED AFTER EQUILIBRIUM ITERATION   1
 *** LOAD STEP     2   SUBSTEP   240  COMPLETED.    CUM ITER =    360
 *** TIME =   25.0000         TIME INC =  0.100000    
 *** MAX VISCOELASTIC STRAIN STEP = 0.4455E-06

     FORCE CONVERGENCE VALUE  =  0.3047E-07  CRITERION=  0.1151E-03
     DISP CONVERGENCE VALUE   =  0.3161E-06  CRITERION=  0.8317E-03 <<< CONVERGED
    EQUIL ITER   1 COMPLETED.  OLD TRIANG MATRIX.  MAX DOF INC=  0.3161E-06
     FORCE CONVERGENCE VALUE  =  0.2544E-07  CRITERION=  0.1151E-03 <<< CONVERGED
    >>> SOLUTION CONVERGED AFTER EQUILIBRIUM ITERATION   1
 *** LOAD STEP     2   SUBSTEP   241  COMPLETED.    CUM ITER =    361
 *** TIME =   25.1000         TIME INC =  0.100000    
 *** MAX VISCOELASTIC STRAIN STEP = 0.4450E-06

     FORCE CONVERGENCE VALUE  =  0.3110E-07  CRITERION=  0.1151E-03
     DISP CONVERGENCE VALUE   =  0.3147E-06  CRITERION=  0.8317E-03 <<< CONVERGED
    EQUIL ITER   1 COMPLETED.  OLD TRIANG MATRIX.  MAX DOF INC=  0.3147E-06
     FORCE CONVERGENCE VALUE  =  0.2581E-07  CRITERION=  0.1151E-03 <<< CONVERGED
    >>> SOLUTION CONVERGED AFTER EQUILIBRIUM ITERATION   1
 *** LOAD STEP     2   SUBSTEP   242  COMPLETED.    CUM ITER =    362
 *** TIME =   25.2000         TIME INC =  0.100000    
 *** MAX VISCOELASTIC STRAIN STEP = 0.4445E-06

     FORCE CONVERGENCE VALUE  =  0.3171E-07  CRITERION=  0.1151E-03
     DISP CONVERGENCE VALUE   =  0.3134E-06  CRITERION=  0.8317E-03 <<< CONVERGED
    EQUIL ITER   1 COMPLETED.  OLD TRIANG MATRIX.  MAX DOF INC=  0.3134E-06
     FORCE CONVERGENCE VALUE  =  0.2618E-07  CRITERION=  0.1151E-03 <<< CONVERGED
    >>> SOLUTION CONVERGED AFTER EQUILIBRIUM ITERATION   1
 *** LOAD STEP     2   SUBSTEP   243  COMPLETED.    CUM ITER =    363
 *** TIME =   25.3000         TIME INC =  0.100000    
 *** MAX VISCOELASTIC STRAIN STEP = 0.4439E-06

     FORCE CONVERGENCE VALUE  =  0.3230E-07  CRITERION=  0.1151E-03
     DISP CONVERGENCE VALUE   =  0.3121E-06  CRITERION=  0.8317E-03 <<< CONVERGED
    EQUIL ITER   1 COMPLETED.  OLD TRIANG MATRIX.  MAX DOF INC=  0.3121E-06
     FORCE CONVERGENCE VALUE  =  0.2653E-07  CRITERION=  0.1151E-03 <<< CONVERGED
    >>> SOLUTION CONVERGED AFTER EQUILIBRIUM ITERATION   1
 *** LOAD STEP     2   SUBSTEP   244  COMPLETED.    CUM ITER =    364
 *** TIME =   25.4000         TIME INC =  0.100000    
 *** MAX VISCOELASTIC STRAIN STEP = 0.4434E-06

     FORCE CONVERGENCE VALUE  =  0.3287E-07  CRITERION=  0.1152E-03
     DISP CONVERGENCE VALUE   =  0.3109E-06  CRITERION=  0.8317E-03 <<< CONVERGED
    EQUIL ITER   1 COMPLETED.  OLD TRIANG MATRIX.  MAX DOF INC=  0.3109E-06
     FORCE CONVERGENCE VALUE  =  0.2687E-07  CRITERION=  0.1152E-03 <<< CONVERGED
    >>> SOLUTION CONVERGED AFTER EQUILIBRIUM ITERATION   1
 *** LOAD STEP     2   SUBSTEP   245  COMPLETED.    CUM ITER =    365
 *** TIME =   25.5000         TIME INC =  0.100000    
 *** MAX VISCOELASTIC STRAIN STEP = 0.4429E-06

     FORCE CONVERGENCE VALUE  =  0.3341E-07  CRITERION=  0.1152E-03
     DISP CONVERGENCE VALUE   =  0.3096E-06  CRITERION=  0.8317E-03 <<< CONVERGED
    EQUIL ITER   1 COMPLETED.  OLD TRIANG MATRIX.  MAX DOF INC=  0.3096E-06
     FORCE CONVERGENCE VALUE  =  0.2719E-07  CRITERION=  0.1152E-03 <<< CONVERGED
    >>> SOLUTION CONVERGED AFTER EQUILIBRIUM ITERATION   1
 *** LOAD STEP     2   SUBSTEP   246  COMPLETED.    CUM ITER =    366
 *** TIME =   25.6000         TIME INC =  0.100000    
 *** MAX VISCOELASTIC STRAIN STEP = 0.4423E-06

     FORCE CONVERGENCE VALUE  =  0.3394E-07  CRITERION=  0.1152E-03
     DISP CONVERGENCE VALUE   =  0.3084E-06  CRITERION=  0.8317E-03 <<< CONVERGED
    EQUIL ITER   1 COMPLETED.  OLD TRIANG MATRIX.  MAX DOF INC=  0.3084E-06
     FORCE CONVERGENCE VALUE  =  0.2751E-07  CRITERION=  0.1152E-03 <<< CONVERGED
    >>> SOLUTION CONVERGED AFTER EQUILIBRIUM ITERATION   1
 *** LOAD STEP     2   SUBSTEP   247  COMPLETED.    CUM ITER =    367
 *** TIME =   25.7000         TIME INC =  0.100000    
 *** MAX VISCOELASTIC STRAIN STEP = 0.4418E-06

     FORCE CONVERGENCE VALUE  =  0.3445E-07  CRITERION=  0.1152E-03
     DISP CONVERGENCE VALUE   =  0.3072E-06  CRITERION=  0.8317E-03 <<< CONVERGED
    EQUIL ITER   1 COMPLETED.  OLD TRIANG MATRIX.  MAX DOF INC=  0.3072E-06
     FORCE CONVERGENCE VALUE  =  0.2781E-07  CRITERION=  0.1152E-03 <<< CONVERGED
    >>> SOLUTION CONVERGED AFTER EQUILIBRIUM ITERATION   1
 *** LOAD STEP     2   SUBSTEP   248  COMPLETED.    CUM ITER =    368
 *** TIME =   25.8000         TIME INC =  0.100000    
 *** MAX VISCOELASTIC STRAIN STEP = 0.4413E-06

     FORCE CONVERGENCE VALUE  =  0.3495E-07  CRITERION=  0.1152E-03
     DISP CONVERGENCE VALUE   =  0.3061E-06  CRITERION=  0.8317E-03 <<< CONVERGED
    EQUIL ITER   1 COMPLETED.  OLD TRIANG MATRIX.  MAX DOF INC=  0.3061E-06
     FORCE CONVERGENCE VALUE  =  0.2810E-07  CRITERION=  0.1152E-03 <<< CONVERGED
    >>> SOLUTION CONVERGED AFTER EQUILIBRIUM ITERATION   1
 *** LOAD STEP     2   SUBSTEP   249  COMPLETED.    CUM ITER =    369
 *** TIME =   25.9000         TIME INC =  0.100000    
 *** MAX VISCOELASTIC STRAIN STEP = 0.4408E-06

     FORCE CONVERGENCE VALUE  =  0.3542E-07  CRITERION=  0.1152E-03
     DISP CONVERGENCE VALUE   =  0.3050E-06  CRITERION=  0.8317E-03 <<< CONVERGED
    EQUIL ITER   1 COMPLETED.  OLD TRIANG MATRIX.  MAX DOF INC=  0.3050E-06
     FORCE CONVERGENCE VALUE  =  0.2838E-07  CRITERION=  0.1152E-03 <<< CONVERGED
    >>> SOLUTION CONVERGED AFTER EQUILIBRIUM ITERATION   1
 *** LOAD STEP     2   SUBSTEP   250  COMPLETED.    CUM ITER =    370
 *** TIME =   26.0000         TIME INC =  0.100000    
 *** MAX VISCOELASTIC STRAIN STEP = 0.4402E-06

     FORCE CONVERGENCE VALUE  =  0.3588E-07  CRITERION=  0.1152E-03
     DISP CONVERGENCE VALUE   =  0.3039E-06  CRITERION=  0.8317E-03 <<< CONVERGED
    EQUIL ITER   1 COMPLETED.  OLD TRIANG MATRIX.  MAX DOF INC=  0.3039E-06
     FORCE CONVERGENCE VALUE  =  0.2865E-07  CRITERION=  0.1152E-03 <<< CONVERGED
    >>> SOLUTION CONVERGED AFTER EQUILIBRIUM ITERATION   1
 *** LOAD STEP     2   SUBSTEP   251  COMPLETED.    CUM ITER =    371
 *** TIME =   26.1000         TIME INC =  0.100000    
 *** MAX VISCOELASTIC STRAIN STEP = 0.4397E-06

     FORCE CONVERGENCE VALUE  =  0.3632E-07  CRITERION=  0.1152E-03
     DISP CONVERGENCE VALUE   =  0.3028E-06  CRITERION=  0.8317E-03 <<< CONVERGED
    EQUIL ITER   1 COMPLETED.  OLD TRIANG MATRIX.  MAX DOF INC=  0.3028E-06
     FORCE CONVERGENCE VALUE  =  0.2891E-07  CRITERION=  0.1152E-03 <<< CONVERGED
    >>> SOLUTION CONVERGED AFTER EQUILIBRIUM ITERATION   1
 *** LOAD STEP     2   SUBSTEP   252  COMPLETED.    CUM ITER =    372
 *** TIME =   26.2000         TIME INC =  0.100000    
 *** MAX VISCOELASTIC STRAIN STEP = 0.4392E-06

     FORCE CONVERGENCE VALUE  =  0.3675E-07  CRITERION=  0.1152E-03
     DISP CONVERGENCE VALUE   =  0.3017E-06  CRITERION=  0.8317E-03 <<< CONVERGED
    EQUIL ITER   1 COMPLETED.  OLD TRIANG MATRIX.  MAX DOF INC=  0.3017E-06
     FORCE CONVERGENCE VALUE  =  0.2916E-07  CRITERION=  0.1152E-03 <<< CONVERGED
    >>> SOLUTION CONVERGED AFTER EQUILIBRIUM ITERATION   1
 *** LOAD STEP     2   SUBSTEP   253  COMPLETED.    CUM ITER =    373
 *** TIME =   26.3000         TIME INC =  0.100000    
 *** MAX VISCOELASTIC STRAIN STEP = 0.4387E-06

     FORCE CONVERGENCE VALUE  =  0.3716E-07  CRITERION=  0.1152E-03
     DISP CONVERGENCE VALUE   =  0.3007E-06  CRITERION=  0.8317E-03 <<< CONVERGED
    EQUIL ITER   1 COMPLETED.  OLD TRIANG MATRIX.  MAX DOF INC=  0.3007E-06
     FORCE CONVERGENCE VALUE  =  0.2940E-07  CRITERION=  0.1152E-03 <<< CONVERGED
    >>> SOLUTION CONVERGED AFTER EQUILIBRIUM ITERATION   1
 *** LOAD STEP     2   SUBSTEP   254  COMPLETED.    CUM ITER =    374
 *** TIME =   26.4000         TIME INC =  0.100000    
 *** MAX VISCOELASTIC STRAIN STEP = 0.4382E-06

     FORCE CONVERGENCE VALUE  =  0.3755E-07  CRITERION=  0.1152E-03
     DISP CONVERGENCE VALUE   =  0.2997E-06  CRITERION=  0.8317E-03 <<< CONVERGED
    EQUIL ITER   1 COMPLETED.  OLD TRIANG MATRIX.  MAX DOF INC=  0.2997E-06
     FORCE CONVERGENCE VALUE  =  0.2963E-07  CRITERION=  0.1152E-03 <<< CONVERGED
    >>> SOLUTION CONVERGED AFTER EQUILIBRIUM ITERATION   1
 *** LOAD STEP     2   SUBSTEP   255  COMPLETED.    CUM ITER =    375
 *** TIME =   26.5000         TIME INC =  0.100000    
 *** MAX VISCOELASTIC STRAIN STEP = 0.4376E-06

     FORCE CONVERGENCE VALUE  =  0.3793E-07  CRITERION=  0.1152E-03
     DISP CONVERGENCE VALUE   =  0.2987E-06  CRITERION=  0.8317E-03 <<< CONVERGED
    EQUIL ITER   1 COMPLETED.  OLD TRIANG MATRIX.  MAX DOF INC=  0.2987E-06
     FORCE CONVERGENCE VALUE  =  0.2986E-07  CRITERION=  0.1152E-03 <<< CONVERGED
    >>> SOLUTION CONVERGED AFTER EQUILIBRIUM ITERATION   1
 *** LOAD STEP     2   SUBSTEP   256  COMPLETED.    CUM ITER =    376
 *** TIME =   26.6000         TIME INC =  0.100000    
 *** MAX VISCOELASTIC STRAIN STEP = 0.4371E-06

     FORCE CONVERGENCE VALUE  =  0.3830E-07  CRITERION=  0.1152E-03
     DISP CONVERGENCE VALUE   =  0.2977E-06  CRITERION=  0.8317E-03 <<< CONVERGED
    EQUIL ITER   1 COMPLETED.  OLD TRIANG MATRIX.  MAX DOF INC=  0.2977E-06
     FORCE CONVERGENCE VALUE  =  0.3007E-07  CRITERION=  0.1152E-03 <<< CONVERGED
    >>> SOLUTION CONVERGED AFTER EQUILIBRIUM ITERATION   1
 *** LOAD STEP     2   SUBSTEP   257  COMPLETED.    CUM ITER =    377
 *** TIME =   26.7000         TIME INC =  0.100000    
 *** MAX VISCOELASTIC STRAIN STEP = 0.4366E-06

     FORCE CONVERGENCE VALUE  =  0.3866E-07  CRITERION=  0.1152E-03
     DISP CONVERGENCE VALUE   =  0.2968E-06  CRITERION=  0.8317E-03 <<< CONVERGED
    EQUIL ITER   1 COMPLETED.  OLD TRIANG MATRIX.  MAX DOF INC=  0.2968E-06
     FORCE CONVERGENCE VALUE  =  0.3028E-07  CRITERION=  0.1152E-03 <<< CONVERGED
    >>> SOLUTION CONVERGED AFTER EQUILIBRIUM ITERATION   1
 *** LOAD STEP     2   SUBSTEP   258  COMPLETED.    CUM ITER =    378
 *** TIME =   26.8000         TIME INC =  0.100000    
 *** MAX VISCOELASTIC STRAIN STEP = 0.4361E-06

     FORCE CONVERGENCE VALUE  =  0.3900E-07  CRITERION=  0.1152E-03
     DISP CONVERGENCE VALUE   =  0.2959E-06  CRITERION=  0.8317E-03 <<< CONVERGED
    EQUIL ITER   1 COMPLETED.  OLD TRIANG MATRIX.  MAX DOF INC=  0.2959E-06
     FORCE CONVERGENCE VALUE  =  0.3047E-07  CRITERION=  0.1152E-03 <<< CONVERGED
    >>> SOLUTION CONVERGED AFTER EQUILIBRIUM ITERATION   1
 *** LOAD STEP     2   SUBSTEP   259  COMPLETED.    CUM ITER =    379
 *** TIME =   26.9000         TIME INC =  0.100000    
 *** MAX VISCOELASTIC STRAIN STEP = 0.4356E-06

     FORCE CONVERGENCE VALUE  =  0.3932E-07  CRITERION=  0.1152E-03
     DISP CONVERGENCE VALUE   =  0.2950E-06  CRITERION=  0.8317E-03 <<< CONVERGED
    EQUIL ITER   1 COMPLETED.  OLD TRIANG MATRIX.  MAX DOF INC=  0.2950E-06
     FORCE CONVERGENCE VALUE  =  0.3066E-07  CRITERION=  0.1152E-03 <<< CONVERGED
    >>> SOLUTION CONVERGED AFTER EQUILIBRIUM ITERATION   1
 *** LOAD STEP     2   SUBSTEP   260  COMPLETED.    CUM ITER =    380
 *** TIME =   27.0000         TIME INC =  0.100000    
 *** MAX VISCOELASTIC STRAIN STEP = 0.4351E-06

     FORCE CONVERGENCE VALUE  =  0.3964E-07  CRITERION=  0.1152E-03
     DISP CONVERGENCE VALUE   =  0.2941E-06  CRITERION=  0.8317E-03 <<< CONVERGED
    EQUIL ITER   1 COMPLETED.  OLD TRIANG MATRIX.  MAX DOF INC=  0.2941E-06
     FORCE CONVERGENCE VALUE  =  0.3085E-07  CRITERION=  0.1152E-03 <<< CONVERGED
    >>> SOLUTION CONVERGED AFTER EQUILIBRIUM ITERATION   1
 *** LOAD STEP     2   SUBSTEP   261  COMPLETED.    CUM ITER =    381
 *** TIME =   27.1000         TIME INC =  0.100000    
 *** MAX VISCOELASTIC STRAIN STEP = 0.4345E-06

     FORCE CONVERGENCE VALUE  =  0.3994E-07  CRITERION=  0.1152E-03
     DISP CONVERGENCE VALUE   =  0.2932E-06  CRITERION=  0.8317E-03 <<< CONVERGED
    EQUIL ITER   1 COMPLETED.  OLD TRIANG MATRIX.  MAX DOF INC=  0.2932E-06
     FORCE CONVERGENCE VALUE  =  0.3102E-07  CRITERION=  0.1152E-03 <<< CONVERGED
    >>> SOLUTION CONVERGED AFTER EQUILIBRIUM ITERATION   1
 *** LOAD STEP     2   SUBSTEP   262  COMPLETED.    CUM ITER =    382
 *** TIME =   27.2000         TIME INC =  0.100000    
 *** MAX VISCOELASTIC STRAIN STEP = 0.4340E-06

     FORCE CONVERGENCE VALUE  =  0.4024E-07  CRITERION=  0.1152E-03
     DISP CONVERGENCE VALUE   =  0.2923E-06  CRITERION=  0.8317E-03 <<< CONVERGED
    EQUIL ITER   1 COMPLETED.  OLD TRIANG MATRIX.  MAX DOF INC=  0.2923E-06
     FORCE CONVERGENCE VALUE  =  0.3119E-07  CRITERION=  0.1152E-03 <<< CONVERGED
    >>> SOLUTION CONVERGED AFTER EQUILIBRIUM ITERATION   1
 *** LOAD STEP     2   SUBSTEP   263  COMPLETED.    CUM ITER =    383
 *** TIME =   27.3000         TIME INC =  0.100000    
 *** MAX VISCOELASTIC STRAIN STEP = 0.4335E-06

     FORCE CONVERGENCE VALUE  =  0.4052E-07  CRITERION=  0.1152E-03
     DISP CONVERGENCE VALUE   =  0.2915E-06  CRITERION=  0.8317E-03 <<< CONVERGED
    EQUIL ITER   1 COMPLETED.  OLD TRIANG MATRIX.  MAX DOF INC=  0.2915E-06
     FORCE CONVERGENCE VALUE  =  0.3135E-07  CRITERION=  0.1152E-03 <<< CONVERGED
    >>> SOLUTION CONVERGED AFTER EQUILIBRIUM ITERATION   1
 *** LOAD STEP     2   SUBSTEP   264  COMPLETED.    CUM ITER =    384
 *** TIME =   27.4000         TIME INC =  0.100000    
 *** MAX VISCOELASTIC STRAIN STEP = 0.4330E-06

     FORCE CONVERGENCE VALUE  =  0.4079E-07  CRITERION=  0.1152E-03
     DISP CONVERGENCE VALUE   =  0.2907E-06  CRITERION=  0.8317E-03 <<< CONVERGED
    EQUIL ITER   1 COMPLETED.  OLD TRIANG MATRIX.  MAX DOF INC=  0.2907E-06
     FORCE CONVERGENCE VALUE  =  0.3151E-07  CRITERION=  0.1152E-03 <<< CONVERGED
    >>> SOLUTION CONVERGED AFTER EQUILIBRIUM ITERATION   1
 *** LOAD STEP     2   SUBSTEP   265  COMPLETED.    CUM ITER =    385
 *** TIME =   27.5000         TIME INC =  0.100000    
 *** MAX VISCOELASTIC STRAIN STEP = 0.4325E-06

     FORCE CONVERGENCE VALUE  =  0.4105E-07  CRITERION=  0.1152E-03
     DISP CONVERGENCE VALUE   =  0.2899E-06  CRITERION=  0.8317E-03 <<< CONVERGED
    EQUIL ITER   1 COMPLETED.  OLD TRIANG MATRIX.  MAX DOF INC=  0.2899E-06
     FORCE CONVERGENCE VALUE  =  0.3166E-07  CRITERION=  0.1152E-03 <<< CONVERGED
    >>> SOLUTION CONVERGED AFTER EQUILIBRIUM ITERATION   1
 *** LOAD STEP     2   SUBSTEP   266  COMPLETED.    CUM ITER =    386
 *** TIME =   27.6000         TIME INC =  0.100000    
 *** MAX VISCOELASTIC STRAIN STEP = 0.4320E-06

     FORCE CONVERGENCE VALUE  =  0.4130E-07  CRITERION=  0.1152E-03
     DISP CONVERGENCE VALUE   =  0.2891E-06  CRITERION=  0.8317E-03 <<< CONVERGED
    EQUIL ITER   1 COMPLETED.  OLD TRIANG MATRIX.  MAX DOF INC=  0.2891E-06
     FORCE CONVERGENCE VALUE  =  0.3180E-07  CRITERION=  0.1152E-03 <<< CONVERGED
    >>> SOLUTION CONVERGED AFTER EQUILIBRIUM ITERATION   1
 *** LOAD STEP     2   SUBSTEP   267  COMPLETED.    CUM ITER =    387
 *** TIME =   27.7000         TIME INC =  0.100000    
 *** MAX VISCOELASTIC STRAIN STEP = 0.4315E-06

     FORCE CONVERGENCE VALUE  =  0.4154E-07  CRITERION=  0.1152E-03
     DISP CONVERGENCE VALUE   =  0.2883E-06  CRITERION=  0.8317E-03 <<< CONVERGED
    EQUIL ITER   1 COMPLETED.  OLD TRIANG MATRIX.  MAX DOF INC=  0.2883E-06
     FORCE CONVERGENCE VALUE  =  0.3194E-07  CRITERION=  0.1152E-03 <<< CONVERGED
    >>> SOLUTION CONVERGED AFTER EQUILIBRIUM ITERATION   1
 *** LOAD STEP     2   SUBSTEP   268  COMPLETED.    CUM ITER =    388
 *** TIME =   27.8000         TIME INC =  0.100000    
 *** MAX VISCOELASTIC STRAIN STEP = 0.4310E-06

     FORCE CONVERGENCE VALUE  =  0.4178E-07  CRITERION=  0.1152E-03
     DISP CONVERGENCE VALUE   =  0.2875E-06  CRITERION=  0.8317E-03 <<< CONVERGED
    EQUIL ITER   1 COMPLETED.  OLD TRIANG MATRIX.  MAX DOF INC=  0.2875E-06
     FORCE CONVERGENCE VALUE  =  0.3207E-07  CRITERION=  0.1152E-03 <<< CONVERGED
    >>> SOLUTION CONVERGED AFTER EQUILIBRIUM ITERATION   1
 *** LOAD STEP     2   SUBSTEP   269  COMPLETED.    CUM ITER =    389
 *** TIME =   27.9000         TIME INC =  0.100000    
 *** MAX VISCOELASTIC STRAIN STEP = 0.4305E-06

     FORCE CONVERGENCE VALUE  =  0.4200E-07  CRITERION=  0.1152E-03
     DISP CONVERGENCE VALUE   =  0.2868E-06  CRITERION=  0.8317E-03 <<< CONVERGED
    EQUIL ITER   1 COMPLETED.  OLD TRIANG MATRIX.  MAX DOF INC=  0.2868E-06
     FORCE CONVERGENCE VALUE  =  0.3220E-07  CRITERION=  0.1152E-03 <<< CONVERGED
    >>> SOLUTION CONVERGED AFTER EQUILIBRIUM ITERATION   1
 *** LOAD STEP     2   SUBSTEP   270  COMPLETED.    CUM ITER =    390
 *** TIME =   28.0000         TIME INC =  0.100000    
 *** MAX VISCOELASTIC STRAIN STEP = 0.4300E-06

     FORCE CONVERGENCE VALUE  =  0.4221E-07  CRITERION=  0.1152E-03
     DISP CONVERGENCE VALUE   =  0.2860E-06  CRITERION=  0.8317E-03 <<< CONVERGED
    EQUIL ITER   1 COMPLETED.  OLD TRIANG MATRIX.  MAX DOF INC=  0.2860E-06
     FORCE CONVERGENCE VALUE  =  0.3232E-07  CRITERION=  0.1152E-03 <<< CONVERGED
    >>> SOLUTION CONVERGED AFTER EQUILIBRIUM ITERATION   1
 *** LOAD STEP     2   SUBSTEP   271  COMPLETED.    CUM ITER =    391
 *** TIME =   28.1000         TIME INC =  0.100000    
 *** MAX VISCOELASTIC STRAIN STEP = 0.4294E-06

     FORCE CONVERGENCE VALUE  =  0.4242E-07  CRITERION=  0.1153E-03
     DISP CONVERGENCE VALUE   =  0.2853E-06  CRITERION=  0.8317E-03 <<< CONVERGED
    EQUIL ITER   1 COMPLETED.  OLD TRIANG MATRIX.  MAX DOF INC=  0.2853E-06
     FORCE CONVERGENCE VALUE  =  0.3243E-07  CRITERION=  0.1152E-03 <<< CONVERGED
    >>> SOLUTION CONVERGED AFTER EQUILIBRIUM ITERATION   1
 *** LOAD STEP     2   SUBSTEP   272  COMPLETED.    CUM ITER =    392
 *** TIME =   28.2000         TIME INC =  0.100000    
 *** MAX VISCOELASTIC STRAIN STEP = 0.4289E-06

     FORCE CONVERGENCE VALUE  =  0.4262E-07  CRITERION=  0.1153E-03
     DISP CONVERGENCE VALUE   =  0.2846E-06  CRITERION=  0.8317E-03 <<< CONVERGED
    EQUIL ITER   1 COMPLETED.  OLD TRIANG MATRIX.  MAX DOF INC=  0.2846E-06
     FORCE CONVERGENCE VALUE  =  0.3254E-07  CRITERION=  0.1153E-03 <<< CONVERGED
    >>> SOLUTION CONVERGED AFTER EQUILIBRIUM ITERATION   1
 *** LOAD STEP     2   SUBSTEP   273  COMPLETED.    CUM ITER =    393
 *** TIME =   28.3000         TIME INC =  0.100000    
 *** MAX VISCOELASTIC STRAIN STEP = 0.4284E-06

     FORCE CONVERGENCE VALUE  =  0.4281E-07  CRITERION=  0.1153E-03
     DISP CONVERGENCE VALUE   =  0.2839E-06  CRITERION=  0.8317E-03 <<< CONVERGED
    EQUIL ITER   1 COMPLETED.  OLD TRIANG MATRIX.  MAX DOF INC=  0.2839E-06
     FORCE CONVERGENCE VALUE  =  0.3265E-07  CRITERION=  0.1153E-03 <<< CONVERGED
    >>> SOLUTION CONVERGED AFTER EQUILIBRIUM ITERATION   1
 *** LOAD STEP     2   SUBSTEP   274  COMPLETED.    CUM ITER =    394
 *** TIME =   28.4000         TIME INC =  0.100000    
 *** MAX VISCOELASTIC STRAIN STEP = 0.4279E-06

     FORCE CONVERGENCE VALUE  =  0.4299E-07  CRITERION=  0.1153E-03
     DISP CONVERGENCE VALUE   =  0.2832E-06  CRITERION=  0.8317E-03 <<< CONVERGED
    EQUIL ITER   1 COMPLETED.  OLD TRIANG MATRIX.  MAX DOF INC=  0.2832E-06
     FORCE CONVERGENCE VALUE  =  0.3275E-07  CRITERION=  0.1153E-03 <<< CONVERGED
    >>> SOLUTION CONVERGED AFTER EQUILIBRIUM ITERATION   1
 *** LOAD STEP     2   SUBSTEP   275  COMPLETED.    CUM ITER =    395
 *** TIME =   28.5000         TIME INC =  0.100000    
 *** MAX VISCOELASTIC STRAIN STEP = 0.4274E-06

     FORCE CONVERGENCE VALUE  =  0.4316E-07  CRITERION=  0.1153E-03
     DISP CONVERGENCE VALUE   =  0.2825E-06  CRITERION=  0.8317E-03 <<< CONVERGED
    EQUIL ITER   1 COMPLETED.  OLD TRIANG MATRIX.  MAX DOF INC=  0.2825E-06
     FORCE CONVERGENCE VALUE  =  0.3285E-07  CRITERION=  0.1153E-03 <<< CONVERGED
    >>> SOLUTION CONVERGED AFTER EQUILIBRIUM ITERATION   1
 *** LOAD STEP     2   SUBSTEP   276  COMPLETED.    CUM ITER =    396
 *** TIME =   28.6000         TIME INC =  0.100000    
 *** MAX VISCOELASTIC STRAIN STEP = 0.4269E-06

     FORCE CONVERGENCE VALUE  =  0.4333E-07  CRITERION=  0.1153E-03
     DISP CONVERGENCE VALUE   =  0.2818E-06  CRITERION=  0.8317E-03 <<< CONVERGED
    EQUIL ITER   1 COMPLETED.  OLD TRIANG MATRIX.  MAX DOF INC=  0.2818E-06
     FORCE CONVERGENCE VALUE  =  0.3294E-07  CRITERION=  0.1153E-03 <<< CONVERGED
    >>> SOLUTION CONVERGED AFTER EQUILIBRIUM ITERATION   1
 *** LOAD STEP     2   SUBSTEP   277  COMPLETED.    CUM ITER =    397
 *** TIME =   28.7000         TIME INC =  0.100000    
 *** MAX VISCOELASTIC STRAIN STEP = 0.4264E-06

     FORCE CONVERGENCE VALUE  =  0.4349E-07  CRITERION=  0.1153E-03
     DISP CONVERGENCE VALUE   =  0.2812E-06  CRITERION=  0.8317E-03 <<< CONVERGED
    EQUIL ITER   1 COMPLETED.  OLD TRIANG MATRIX.  MAX DOF INC=  0.2812E-06
     FORCE CONVERGENCE VALUE  =  0.3303E-07  CRITERION=  0.1153E-03 <<< CONVERGED
    >>> SOLUTION CONVERGED AFTER EQUILIBRIUM ITERATION   1
 *** LOAD STEP     2   SUBSTEP   278  COMPLETED.    CUM ITER =    398
 *** TIME =   28.8000         TIME INC =  0.100000    
 *** MAX VISCOELASTIC STRAIN STEP = 0.4259E-06

     FORCE CONVERGENCE VALUE  =  0.4365E-07  CRITERION=  0.1153E-03
     DISP CONVERGENCE VALUE   =  0.2805E-06  CRITERION=  0.8317E-03 <<< CONVERGED
    EQUIL ITER   1 COMPLETED.  OLD TRIANG MATRIX.  MAX DOF INC=  0.2805E-06
     FORCE CONVERGENCE VALUE  =  0.3312E-07  CRITERION=  0.1153E-03 <<< CONVERGED
    >>> SOLUTION CONVERGED AFTER EQUILIBRIUM ITERATION   1
 *** LOAD STEP     2   SUBSTEP   279  COMPLETED.    CUM ITER =    399
 *** TIME =   28.9000         TIME INC =  0.100000    
 *** MAX VISCOELASTIC STRAIN STEP = 0.4254E-06

     FORCE CONVERGENCE VALUE  =  0.4380E-07  CRITERION=  0.1153E-03
     DISP CONVERGENCE VALUE   =  0.2799E-06  CRITERION=  0.8317E-03 <<< CONVERGED
    EQUIL ITER   1 COMPLETED.  OLD TRIANG MATRIX.  MAX DOF INC=  0.2799E-06
     FORCE CONVERGENCE VALUE  =  0.3320E-07  CRITERION=  0.1153E-03 <<< CONVERGED
    >>> SOLUTION CONVERGED AFTER EQUILIBRIUM ITERATION   1
 *** LOAD STEP     2   SUBSTEP   280  COMPLETED.    CUM ITER =    400
 *** TIME =   29.0000         TIME INC =  0.100000    
 *** MAX VISCOELASTIC STRAIN STEP = 0.4249E-06

     FORCE CONVERGENCE VALUE  =  0.4394E-07  CRITERION=  0.1153E-03
     DISP CONVERGENCE VALUE   =  0.2792E-06  CRITERION=  0.8317E-03 <<< CONVERGED
    EQUIL ITER   1 COMPLETED.  OLD TRIANG MATRIX.  MAX DOF INC=  0.2792E-06
     FORCE CONVERGENCE VALUE  =  0.3328E-07  CRITERION=  0.1153E-03 <<< CONVERGED
    >>> SOLUTION CONVERGED AFTER EQUILIBRIUM ITERATION   1
 *** LOAD STEP     2   SUBSTEP   281  COMPLETED.    CUM ITER =    401
 *** TIME =   29.1000         TIME INC =  0.100000    
 *** MAX VISCOELASTIC STRAIN STEP = 0.4244E-06

     FORCE CONVERGENCE VALUE  =  0.4408E-07  CRITERION=  0.1153E-03
     DISP CONVERGENCE VALUE   =  0.2786E-06  CRITERION=  0.8317E-03 <<< CONVERGED
    EQUIL ITER   1 COMPLETED.  OLD TRIANG MATRIX.  MAX DOF INC=  0.2786E-06
     FORCE CONVERGENCE VALUE  =  0.3335E-07  CRITERION=  0.1153E-03 <<< CONVERGED
    >>> SOLUTION CONVERGED AFTER EQUILIBRIUM ITERATION   1
 *** LOAD STEP     2   SUBSTEP   282  COMPLETED.    CUM ITER =    402
 *** TIME =   29.2000         TIME INC =  0.100000    
 *** MAX VISCOELASTIC STRAIN STEP = 0.4239E-06

     FORCE CONVERGENCE VALUE  =  0.4421E-07  CRITERION=  0.1153E-03
     DISP CONVERGENCE VALUE   =  0.2780E-06  CRITERION=  0.8317E-03 <<< CONVERGED
    EQUIL ITER   1 COMPLETED.  OLD TRIANG MATRIX.  MAX DOF INC=  0.2780E-06
     FORCE CONVERGENCE VALUE  =  0.3342E-07  CRITERION=  0.1153E-03 <<< CONVERGED
    >>> SOLUTION CONVERGED AFTER EQUILIBRIUM ITERATION   1
 *** LOAD STEP     2   SUBSTEP   283  COMPLETED.    CUM ITER =    403
 *** TIME =   29.3000         TIME INC =  0.100000    
 *** MAX VISCOELASTIC STRAIN STEP = 0.4234E-06

     FORCE CONVERGENCE VALUE  =  0.4433E-07  CRITERION=  0.1153E-03
     DISP CONVERGENCE VALUE   =  0.2774E-06  CRITERION=  0.8317E-03 <<< CONVERGED
    EQUIL ITER   1 COMPLETED.  OLD TRIANG MATRIX.  MAX DOF INC=  0.2774E-06
     FORCE CONVERGENCE VALUE  =  0.3349E-07  CRITERION=  0.1153E-03 <<< CONVERGED
    >>> SOLUTION CONVERGED AFTER EQUILIBRIUM ITERATION   1
 *** LOAD STEP     2   SUBSTEP   284  COMPLETED.    CUM ITER =    404
 *** TIME =   29.4000         TIME INC =  0.100000    
 *** MAX VISCOELASTIC STRAIN STEP = 0.4229E-06

     FORCE CONVERGENCE VALUE  =  0.4445E-07  CRITERION=  0.1153E-03
     DISP CONVERGENCE VALUE   =  0.2768E-06  CRITERION=  0.8317E-03 <<< CONVERGED
    EQUIL ITER   1 COMPLETED.  OLD TRIANG MATRIX.  MAX DOF INC=  0.2768E-06
     FORCE CONVERGENCE VALUE  =  0.3355E-07  CRITERION=  0.1153E-03 <<< CONVERGED
    >>> SOLUTION CONVERGED AFTER EQUILIBRIUM ITERATION   1
 *** LOAD STEP     2   SUBSTEP   285  COMPLETED.    CUM ITER =    405
 *** TIME =   29.5000         TIME INC =  0.100000    
 *** MAX VISCOELASTIC STRAIN STEP = 0.4224E-06

     FORCE CONVERGENCE VALUE  =  0.4457E-07  CRITERION=  0.1153E-03
     DISP CONVERGENCE VALUE   =  0.2762E-06  CRITERION=  0.8317E-03 <<< CONVERGED
    EQUIL ITER   1 COMPLETED.  OLD TRIANG MATRIX.  MAX DOF INC=  0.2762E-06
     FORCE CONVERGENCE VALUE  =  0.3361E-07  CRITERION=  0.1153E-03 <<< CONVERGED
    >>> SOLUTION CONVERGED AFTER EQUILIBRIUM ITERATION   1
 *** LOAD STEP     2   SUBSTEP   286  COMPLETED.    CUM ITER =    406
 *** TIME =   29.6000         TIME INC =  0.100000    
 *** MAX VISCOELASTIC STRAIN STEP = 0.4219E-06

     FORCE CONVERGENCE VALUE  =  0.4468E-07  CRITERION=  0.1153E-03
     DISP CONVERGENCE VALUE   =  0.2756E-06  CRITERION=  0.8317E-03 <<< CONVERGED
    EQUIL ITER   1 COMPLETED.  OLD TRIANG MATRIX.  MAX DOF INC=  0.2756E-06
     FORCE CONVERGENCE VALUE  =  0.3367E-07  CRITERION=  0.1153E-03 <<< CONVERGED
    >>> SOLUTION CONVERGED AFTER EQUILIBRIUM ITERATION   1
 *** LOAD STEP     2   SUBSTEP   287  COMPLETED.    CUM ITER =    407
 *** TIME =   29.7000         TIME INC =  0.100000    
 *** MAX VISCOELASTIC STRAIN STEP = 0.4214E-06

     FORCE CONVERGENCE VALUE  =  0.4478E-07  CRITERION=  0.1153E-03
     DISP CONVERGENCE VALUE   =  0.2750E-06  CRITERION=  0.8317E-03 <<< CONVERGED
    EQUIL ITER   1 COMPLETED.  OLD TRIANG MATRIX.  MAX DOF INC=  0.2750E-06
     FORCE CONVERGENCE VALUE  =  0.3373E-07  CRITERION=  0.1153E-03 <<< CONVERGED
    >>> SOLUTION CONVERGED AFTER EQUILIBRIUM ITERATION   1
 *** LOAD STEP     2   SUBSTEP   288  COMPLETED.    CUM ITER =    408
 *** TIME =   29.8000         TIME INC =  0.100000    
 *** MAX VISCOELASTIC STRAIN STEP = 0.4210E-06

     FORCE CONVERGENCE VALUE  =  0.4488E-07  CRITERION=  0.1153E-03
     DISP CONVERGENCE VALUE   =  0.2744E-06  CRITERION=  0.8317E-03 <<< CONVERGED
    EQUIL ITER   1 COMPLETED.  OLD TRIANG MATRIX.  MAX DOF INC=  0.2744E-06
     FORCE CONVERGENCE VALUE  =  0.3378E-07  CRITERION=  0.1153E-03 <<< CONVERGED
    >>> SOLUTION CONVERGED AFTER EQUILIBRIUM ITERATION   1
 *** LOAD STEP     2   SUBSTEP   289  COMPLETED.    CUM ITER =    409
 *** TIME =   29.9000         TIME INC =  0.100000    
 *** MAX VISCOELASTIC STRAIN STEP = 0.4205E-06

     FORCE CONVERGENCE VALUE  =  0.4498E-07  CRITERION=  0.1153E-03
     DISP CONVERGENCE VALUE   =  0.2738E-06  CRITERION=  0.8317E-03 <<< CONVERGED
    EQUIL ITER   1 COMPLETED.  OLD TRIANG MATRIX.  MAX DOF INC=  0.2738E-06
     FORCE CONVERGENCE VALUE  =  0.3383E-07  CRITERION=  0.1153E-03 <<< CONVERGED
    >>> SOLUTION CONVERGED AFTER EQUILIBRIUM ITERATION   1
 *** LOAD STEP     2   SUBSTEP   290  COMPLETED.    CUM ITER =    410
 *** TIME =   30.0000         TIME INC =  0.100000    
 *** MAX VISCOELASTIC STRAIN STEP = 0.4200E-06

     FORCE CONVERGENCE VALUE  =  0.4507E-07  CRITERION=  0.1153E-03
     DISP CONVERGENCE VALUE   =  0.2733E-06  CRITERION=  0.8317E-03 <<< CONVERGED
    EQUIL ITER   1 COMPLETED.  OLD TRIANG MATRIX.  MAX DOF INC=  0.2733E-06
     FORCE CONVERGENCE VALUE  =  0.3388E-07  CRITERION=  0.1153E-03 <<< CONVERGED
    >>> SOLUTION CONVERGED AFTER EQUILIBRIUM ITERATION   1
 *** LOAD STEP     2   SUBSTEP   291  COMPLETED.    CUM ITER =    411
 *** TIME =   30.1000         TIME INC =  0.100000    
 *** MAX VISCOELASTIC STRAIN STEP = 0.4195E-06

     FORCE CONVERGENCE VALUE  =  0.4516E-07  CRITERION=  0.1153E-03
     DISP CONVERGENCE VALUE   =  0.2727E-06  CRITERION=  0.8317E-03 <<< CONVERGED
    EQUIL ITER   1 COMPLETED.  OLD TRIANG MATRIX.  MAX DOF INC=  0.2727E-06
     FORCE CONVERGENCE VALUE  =  0.3392E-07  CRITERION=  0.1153E-03 <<< CONVERGED
    >>> SOLUTION CONVERGED AFTER EQUILIBRIUM ITERATION   1
 *** LOAD STEP     2   SUBSTEP   292  COMPLETED.    CUM ITER =    412
 *** TIME =   30.2000         TIME INC =  0.100000    
 *** MAX VISCOELASTIC STRAIN STEP = 0.4190E-06

     FORCE CONVERGENCE VALUE  =  0.4524E-07  CRITERION=  0.1153E-03
     DISP CONVERGENCE VALUE   =  0.2722E-06  CRITERION=  0.8317E-03 <<< CONVERGED
    EQUIL ITER   1 COMPLETED.  OLD TRIANG MATRIX.  MAX DOF INC=  0.2722E-06
     FORCE CONVERGENCE VALUE  =  0.3396E-07  CRITERION=  0.1153E-03 <<< CONVERGED
    >>> SOLUTION CONVERGED AFTER EQUILIBRIUM ITERATION   1
 *** LOAD STEP     2   SUBSTEP   293  COMPLETED.    CUM ITER =    413
 *** TIME =   30.3000         TIME INC =  0.100000    
 *** MAX VISCOELASTIC STRAIN STEP = 0.4185E-06

     FORCE CONVERGENCE VALUE  =  0.4532E-07  CRITERION=  0.1153E-03
     DISP CONVERGENCE VALUE   =  0.2716E-06  CRITERION=  0.8317E-03 <<< CONVERGED
    EQUIL ITER   1 COMPLETED.  OLD TRIANG MATRIX.  MAX DOF INC=  0.2716E-06
     FORCE CONVERGENCE VALUE  =  0.3400E-07  CRITERION=  0.1153E-03 <<< CONVERGED
    >>> SOLUTION CONVERGED AFTER EQUILIBRIUM ITERATION   1
 *** LOAD STEP     2   SUBSTEP   294  COMPLETED.    CUM ITER =    414
 *** TIME =   30.4000         TIME INC =  0.100000    
 *** MAX VISCOELASTIC STRAIN STEP = 0.4180E-06

     FORCE CONVERGENCE VALUE  =  0.4540E-07  CRITERION=  0.1153E-03
     DISP CONVERGENCE VALUE   =  0.2711E-06  CRITERION=  0.8317E-03 <<< CONVERGED
    EQUIL ITER   1 COMPLETED.  OLD TRIANG MATRIX.  MAX DOF INC=  0.2711E-06
     FORCE CONVERGENCE VALUE  =  0.3404E-07  CRITERION=  0.1153E-03 <<< CONVERGED
    >>> SOLUTION CONVERGED AFTER EQUILIBRIUM ITERATION   1
 *** LOAD STEP     2   SUBSTEP   295  COMPLETED.    CUM ITER =    415
 *** TIME =   30.5000         TIME INC =  0.100000    
 *** MAX VISCOELASTIC STRAIN STEP = 0.4175E-06

     FORCE CONVERGENCE VALUE  =  0.4547E-07  CRITERION=  0.1153E-03
     DISP CONVERGENCE VALUE   =  0.2706E-06  CRITERION=  0.8317E-03 <<< CONVERGED
    EQUIL ITER   1 COMPLETED.  OLD TRIANG MATRIX.  MAX DOF INC=  0.2706E-06
     FORCE CONVERGENCE VALUE  =  0.3408E-07  CRITERION=  0.1153E-03 <<< CONVERGED
    >>> SOLUTION CONVERGED AFTER EQUILIBRIUM ITERATION   1
 *** LOAD STEP     2   SUBSTEP   296  COMPLETED.    CUM ITER =    416
 *** TIME =   30.6000         TIME INC =  0.100000    
 *** MAX VISCOELASTIC STRAIN STEP = 0.4170E-06

     FORCE CONVERGENCE VALUE  =  0.4554E-07  CRITERION=  0.1153E-03
     DISP CONVERGENCE VALUE   =  0.2700E-06  CRITERION=  0.8317E-03 <<< CONVERGED
    EQUIL ITER   1 COMPLETED.  OLD TRIANG MATRIX.  MAX DOF INC=  0.2700E-06
     FORCE CONVERGENCE VALUE  =  0.3411E-07  CRITERION=  0.1153E-03 <<< CONVERGED
    >>> SOLUTION CONVERGED AFTER EQUILIBRIUM ITERATION   1
 *** LOAD STEP     2   SUBSTEP   297  COMPLETED.    CUM ITER =    417
 *** TIME =   30.7000         TIME INC =  0.100000    
 *** MAX VISCOELASTIC STRAIN STEP = 0.4165E-06

     FORCE CONVERGENCE VALUE  =  0.4561E-07  CRITERION=  0.1153E-03
     DISP CONVERGENCE VALUE   =  0.2695E-06  CRITERION=  0.8317E-03 <<< CONVERGED
    EQUIL ITER   1 COMPLETED.  OLD TRIANG MATRIX.  MAX DOF INC=  0.2695E-06
     FORCE CONVERGENCE VALUE  =  0.3414E-07  CRITERION=  0.1153E-03 <<< CONVERGED
    >>> SOLUTION CONVERGED AFTER EQUILIBRIUM ITERATION   1
 *** LOAD STEP     2   SUBSTEP   298  COMPLETED.    CUM ITER =    418
 *** TIME =   30.8000         TIME INC =  0.100000    
 *** MAX VISCOELASTIC STRAIN STEP = 0.4161E-06

     FORCE CONVERGENCE VALUE  =  0.4567E-07  CRITERION=  0.1154E-03
     DISP CONVERGENCE VALUE   =  0.2690E-06  CRITERION=  0.8317E-03 <<< CONVERGED
    EQUIL ITER   1 COMPLETED.  OLD TRIANG MATRIX.  MAX DOF INC=  0.2690E-06
     FORCE CONVERGENCE VALUE  =  0.3417E-07  CRITERION=  0.1154E-03 <<< CONVERGED
    >>> SOLUTION CONVERGED AFTER EQUILIBRIUM ITERATION   1
 *** LOAD STEP     2   SUBSTEP   299  COMPLETED.    CUM ITER =    419
 *** TIME =   30.9000         TIME INC =  0.100000    
 *** MAX VISCOELASTIC STRAIN STEP = 0.4156E-06

     FORCE CONVERGENCE VALUE  =  0.4573E-07  CRITERION=  0.1154E-03
     DISP CONVERGENCE VALUE   =  0.2685E-06  CRITERION=  0.8317E-03 <<< CONVERGED
    EQUIL ITER   1 COMPLETED.  OLD TRIANG MATRIX.  MAX DOF INC=  0.2685E-06
     FORCE CONVERGENCE VALUE  =  0.3420E-07  CRITERION=  0.1154E-03 <<< CONVERGED
    >>> SOLUTION CONVERGED AFTER EQUILIBRIUM ITERATION   1
 *** LOAD STEP     2   SUBSTEP   300  COMPLETED.    CUM ITER =    420
 *** TIME =   31.0000         TIME INC =  0.100000    
 *** MAX VISCOELASTIC STRAIN STEP = 0.4151E-06

 DELETE SPECIFIED NODAL LOAD FY   FOR SELECTED NODES FROM      16 TO      16 BY       1

 NUMBER OF NODAL LOADS DELETED=       1

 DELETE SPECIFIED NODAL LOAD FY   FOR SELECTED NODES FROM      32 TO      32 BY       1

 NUMBER OF NODAL LOADS DELETED=       1

 DELETE SPECIFIED NODAL LOAD FY   FOR SELECTED NODES FROM      48 TO      48 BY       1

 NUMBER OF NODAL LOADS DELETED=       1

 TIME=  32.000    

 USE INITIAL TIME STEP SIZE OF 0.1000000E-01 FOR ALL  DEGREES OF FREEDOM
 FOR AUTOMATIC TIME STEPPING:
   USE 0.1000000E-01 AS THE MINIMUM TIME STEP SIZE
   USE 0.1000000E-01 AS THE MAXIMUM TIME STEP SIZE

 *****  MAPDL SOLVE    COMMAND  *****

 *** NOTE ***                            ELAPSED TIME =      12.975   TIME= 20:23:21
 This nonlinear analysis defaults to using the initial stiffness         
 Newton-Raphson solution procedure.  This can be modified using the      
 NROPT command.                                                          

 *** MAPDL - ENGINEERING ANALYSIS SYSTEM  RELEASE 2026 R1          26.1     ***
 Ansys Mechanical Enterprise Academic Student      
 01055371  VERSION=WINDOWS x64   20:23:21  SEP 14, 2026 Elapsed Time=     13.020

 Stage 10 isothermal discretization verification                               



                      L O A D   S T E P   O P T I O N S

   LOAD STEP NUMBER. . . . . . . . . . . . . . . .     3
   TIME AT END OF THE LOAD STEP. . . . . . . . . .  32.000    
   TIME STEP SIZE. . . . . . . . . . . . . . . . . 0.10000E-01
   MAXIMUM NUMBER OF EQUILIBRIUM ITERATIONS. . . .    15
   STEP CHANGE BOUNDARY CONDITIONS . . . . . . . .    NO
   TERMINATE ANALYSIS IF NOT CONVERGED . . . . . .YES (EXIT)  
   CONVERGENCE CONTROLS. . . . . . . . . . . . . .USE DEFAULTS
   PRINT OUTPUT CONTROLS . . . . . . . . . . . . .NO PRINTOUT
   DATABASE OUTPUT CONTROLS
      ITEM     FREQUENCY   COMPONENT
       ALL       LAST               


 SOLUTION MONITORING INFO IS WRITTEN TO FILE= stage10_structural.mntr                                                                                                                                                                                                                                             

     FORCE CONVERGENCE VALUE  =  0.6121E-03  CRITERION=  0.1153E-03
     DISP CONVERGENCE VALUE   =  0.2286E-01  CRITERION=  0.1143E-02
    EQUIL ITER   1 COMPLETED.  OLD TRIANG MATRIX.  MAX DOF INC=  0.2286E-01
     FORCE CONVERGENCE VALUE  =  0.1049E-12  CRITERION=  0.5000E-04 <<< CONVERGED

 *** WARNING ***                         ELAPSED TIME =      13.034   TIME= 20:23:21
 A reference force value times the tolerance is used by the              
 Newton-Raphson method for checking convergence.  The calculated         
 reference FORCE CONVERGENCE VALUE = 4.535847224E-03 is less than a      
 threshold.  This threshold is internally calculated.  You can           
 overwrite it by specifying MINREF on the CNVTOL command.  Check         
 results carefully.                                                      
     DISP CONVERGENCE VALUE   =  0.4149E-12  CRITERION=  0.1143E-02 <<< CONVERGED
    EQUIL ITER   2 COMPLETED.  OLD TRIANG MATRIX.  MAX DOF INC =  0.4149E-12
    >>> SOLUTION CONVERGED AFTER EQUILIBRIUM ITERATION   2
 *** LOAD STEP     3   SUBSTEP     1  COMPLETED.    CUM ITER =    422
 *** TIME =   31.0100         TIME INC =  0.100000E-01
 *** MAX VISCOELASTIC STRAIN STEP = 0.2921E-04

     FORCE CONVERGENCE VALUE  =  0.6032E-03  CRITERION=  0.8774E-04
     DISP CONVERGENCE VALUE   =  0.1454E-01  CRITERION=  0.1143E-02
    EQUIL ITER   1 COMPLETED.  OLD TRIANG MATRIX.  MAX DOF INC= -0.1454E-01
     FORCE CONVERGENCE VALUE  =  0.5972E-13  CRITERION=  0.5000E-04 <<< CONVERGED
     DISP CONVERGENCE VALUE   =  0.2635E-12  CRITERION=  0.1143E-02 <<< CONVERGED
    EQUIL ITER   2 COMPLETED.  OLD TRIANG MATRIX.  MAX DOF INC = -0.2635E-12
    >>> SOLUTION CONVERGED AFTER EQUILIBRIUM ITERATION   2
 *** LOAD STEP     3   SUBSTEP     2  COMPLETED.    CUM ITER =    424
 *** TIME =   31.0200         TIME INC =  0.100000E-01
 *** MAX VISCOELASTIC STRAIN STEP = 0.1366E-04

     FORCE CONVERGENCE VALUE  =  0.1023E-03  CRITERION=  0.5000E-04
     DISP CONVERGENCE VALUE   =  0.2100E-02  CRITERION=  0.1143E-02
    EQUIL ITER   1 COMPLETED.  OLD TRIANG MATRIX.  MAX DOF INC= -0.2100E-02
     FORCE CONVERGENCE VALUE  =  0.1772E-12  CRITERION=  0.5000E-04 <<< CONVERGED
     DISP CONVERGENCE VALUE   =  0.3817E-13  CRITERION=  0.1143E-02 <<< CONVERGED
    EQUIL ITER   2 COMPLETED.  OLD TRIANG MATRIX.  MAX DOF INC = -0.3817E-13
    >>> SOLUTION CONVERGED AFTER EQUILIBRIUM ITERATION   2
 *** LOAD STEP     3   SUBSTEP     3  COMPLETED.    CUM ITER =    426
 *** TIME =   31.0300         TIME INC =  0.100000E-01
 *** MAX VISCOELASTIC STRAIN STEP = 0.1021E-04

     FORCE CONVERGENCE VALUE  =  0.4711E-04  CRITERION=  0.5000E-04
     DISP CONVERGENCE VALUE   =  0.9828E-03  CRITERION=  0.1143E-02 <<< CONVERGED
    EQUIL ITER   1 COMPLETED.  OLD TRIANG MATRIX.  MAX DOF INC= -0.9828E-03
     FORCE CONVERGENCE VALUE  =  0.1756E-12  CRITERION=  0.5000E-04 <<< CONVERGED
    >>> SOLUTION CONVERGED AFTER EQUILIBRIUM ITERATION   1
 *** LOAD STEP     3   SUBSTEP     4  COMPLETED.    CUM ITER =    427
 *** TIME =   31.0400         TIME INC =  0.100000E-01
 *** MAX VISCOELASTIC STRAIN STEP = 0.8615E-05

     FORCE CONVERGENCE VALUE  =  0.2467E-04  CRITERION=  0.5000E-04
     DISP CONVERGENCE VALUE   =  0.5913E-03  CRITERION=  0.1143E-02 <<< CONVERGED
    EQUIL ITER   1 COMPLETED.  OLD TRIANG MATRIX.  MAX DOF INC= -0.5913E-03
     FORCE CONVERGENCE VALUE  =  0.1170E-12  CRITERION=  0.5000E-04 <<< CONVERGED
    >>> SOLUTION CONVERGED AFTER EQUILIBRIUM ITERATION   1
 *** LOAD STEP     3   SUBSTEP     5  COMPLETED.    CUM ITER =    428
 *** TIME =   31.0500         TIME INC =  0.100000E-01
 *** MAX VISCOELASTIC STRAIN STEP = 0.7669E-05

     FORCE CONVERGENCE VALUE  =  0.1411E-04  CRITERION=  0.5000E-04
     DISP CONVERGENCE VALUE   =  0.4021E-03  CRITERION=  0.1143E-02 <<< CONVERGED
    EQUIL ITER   1 COMPLETED.  OLD TRIANG MATRIX.  MAX DOF INC= -0.4021E-03
     FORCE CONVERGENCE VALUE  =  0.1357E-12  CRITERION=  0.5000E-04 <<< CONVERGED
    >>> SOLUTION CONVERGED AFTER EQUILIBRIUM ITERATION   1
 *** LOAD STEP     3   SUBSTEP     6  COMPLETED.    CUM ITER =    429
 *** TIME =   31.0600         TIME INC =  0.100000E-01
 *** MAX VISCOELASTIC STRAIN STEP = 0.7035E-05

     FORCE CONVERGENCE VALUE  =  0.9664E-05  CRITERION=  0.5000E-04
     DISP CONVERGENCE VALUE   =  0.2980E-03  CRITERION=  0.1143E-02 <<< CONVERGED
    EQUIL ITER   1 COMPLETED.  OLD TRIANG MATRIX.  MAX DOF INC= -0.2980E-03
     FORCE CONVERGENCE VALUE  =  0.7631E-13  CRITERION=  0.5000E-04 <<< CONVERGED
    >>> SOLUTION CONVERGED AFTER EQUILIBRIUM ITERATION   1
 *** LOAD STEP     3   SUBSTEP     7  COMPLETED.    CUM ITER =    430
 *** TIME =   31.0700         TIME INC =  0.100000E-01
 *** MAX VISCOELASTIC STRAIN STEP = 0.6568E-05

     FORCE CONVERGENCE VALUE  =  0.7934E-05  CRITERION=  0.5000E-04
     DISP CONVERGENCE VALUE   =  0.2351E-03  CRITERION=  0.1143E-02 <<< CONVERGED
    EQUIL ITER   1 COMPLETED.  OLD TRIANG MATRIX.  MAX DOF INC= -0.2351E-03
     FORCE CONVERGENCE VALUE  =  0.8423E-13  CRITERION=  0.5000E-04 <<< CONVERGED
    >>> SOLUTION CONVERGED AFTER EQUILIBRIUM ITERATION   1
 *** LOAD STEP     3   SUBSTEP     8  COMPLETED.    CUM ITER =    431
 *** TIME =   31.0800         TIME INC =  0.100000E-01
 *** MAX VISCOELASTIC STRAIN STEP = 0.6199E-05

     FORCE CONVERGENCE VALUE  =  0.7552E-05  CRITERION=  0.5000E-04
     DISP CONVERGENCE VALUE   =  0.1940E-03  CRITERION=  0.1143E-02 <<< CONVERGED
    EQUIL ITER   1 COMPLETED.  OLD TRIANG MATRIX.  MAX DOF INC= -0.1940E-03
     FORCE CONVERGENCE VALUE  =  0.1289E-12  CRITERION=  0.5000E-04 <<< CONVERGED
    >>> SOLUTION CONVERGED AFTER EQUILIBRIUM ITERATION   1
 *** LOAD STEP     3   SUBSTEP     9  COMPLETED.    CUM ITER =    432
 *** TIME =   31.0900         TIME INC =  0.100000E-01
 *** MAX VISCOELASTIC STRAIN STEP = 0.5890E-05

     FORCE CONVERGENCE VALUE  =  0.7878E-05  CRITERION=  0.5000E-04
     DISP CONVERGENCE VALUE   =  0.1653E-03  CRITERION=  0.1143E-02 <<< CONVERGED
    EQUIL ITER   1 COMPLETED.  OLD TRIANG MATRIX.  MAX DOF INC= -0.1653E-03
     FORCE CONVERGENCE VALUE  =  0.1152E-12  CRITERION=  0.5000E-04 <<< CONVERGED
    >>> SOLUTION CONVERGED AFTER EQUILIBRIUM ITERATION   1
 *** LOAD STEP     3   SUBSTEP    10  COMPLETED.    CUM ITER =    433
 *** TIME =   31.1000         TIME INC =  0.100000E-01
 *** MAX VISCOELASTIC STRAIN STEP = 0.5624E-05

     FORCE CONVERGENCE VALUE  =  0.8458E-05  CRITERION=  0.5000E-04
     DISP CONVERGENCE VALUE   =  0.1444E-03  CRITERION=  0.1143E-02 <<< CONVERGED
    EQUIL ITER   1 COMPLETED.  OLD TRIANG MATRIX.  MAX DOF INC= -0.1444E-03
     FORCE CONVERGENCE VALUE  =  0.9143E-13  CRITERION=  0.5000E-04 <<< CONVERGED
    >>> SOLUTION CONVERGED AFTER EQUILIBRIUM ITERATION   1
 *** LOAD STEP     3   SUBSTEP    11  COMPLETED.    CUM ITER =    434
 *** TIME =   31.1100         TIME INC =  0.100000E-01
 *** MAX VISCOELASTIC STRAIN STEP = 0.5387E-05

     FORCE CONVERGENCE VALUE  =  0.9025E-05  CRITERION=  0.5000E-04
     DISP CONVERGENCE VALUE   =  0.1283E-03  CRITERION=  0.1143E-02 <<< CONVERGED
    EQUIL ITER   1 COMPLETED.  OLD TRIANG MATRIX.  MAX DOF INC= -0.1283E-03
     FORCE CONVERGENCE VALUE  =  0.1119E-12  CRITERION=  0.5000E-04 <<< CONVERGED
    >>> SOLUTION CONVERGED AFTER EQUILIBRIUM ITERATION   1
 *** LOAD STEP     3   SUBSTEP    12  COMPLETED.    CUM ITER =    435
 *** TIME =   31.1200         TIME INC =  0.100000E-01
 *** MAX VISCOELASTIC STRAIN STEP = 0.5174E-05

     FORCE CONVERGENCE VALUE  =  0.9470E-05  CRITERION=  0.5000E-04
     DISP CONVERGENCE VALUE   =  0.1157E-03  CRITERION=  0.1143E-02 <<< CONVERGED
    EQUIL ITER   1 COMPLETED.  OLD TRIANG MATRIX.  MAX DOF INC= -0.1157E-03
     FORCE CONVERGENCE VALUE  =  0.8132E-13  CRITERION=  0.5000E-04 <<< CONVERGED
    >>> SOLUTION CONVERGED AFTER EQUILIBRIUM ITERATION   1
 *** LOAD STEP     3   SUBSTEP    13  COMPLETED.    CUM ITER =    436
 *** TIME =   31.1300         TIME INC =  0.100000E-01
 *** MAX VISCOELASTIC STRAIN STEP = 0.4979E-05

     FORCE CONVERGENCE VALUE  =  0.9767E-05  CRITERION=  0.5000E-04
     DISP CONVERGENCE VALUE   =  0.1055E-03  CRITERION=  0.1143E-02 <<< CONVERGED
    EQUIL ITER   1 COMPLETED.  OLD TRIANG MATRIX.  MAX DOF INC= -0.1055E-03
     FORCE CONVERGENCE VALUE  =  0.6049E-13  CRITERION=  0.5000E-04 <<< CONVERGED
    >>> SOLUTION CONVERGED AFTER EQUILIBRIUM ITERATION   1
 *** LOAD STEP     3   SUBSTEP    14  COMPLETED.    CUM ITER =    437
 *** TIME =   31.1400         TIME INC =  0.100000E-01
 *** MAX VISCOELASTIC STRAIN STEP = 0.4799E-05

     FORCE CONVERGENCE VALUE  =  0.9928E-05  CRITERION=  0.5000E-04
     DISP CONVERGENCE VALUE   =  0.9696E-04  CRITERION=  0.1143E-02 <<< CONVERGED
    EQUIL ITER   1 COMPLETED.  OLD TRIANG MATRIX.  MAX DOF INC= -0.9696E-04
     FORCE CONVERGENCE VALUE  =  0.8506E-13  CRITERION=  0.5000E-04 <<< CONVERGED
    >>> SOLUTION CONVERGED AFTER EQUILIBRIUM ITERATION   1
 *** LOAD STEP     3   SUBSTEP    15  COMPLETED.    CUM ITER =    438
 *** TIME =   31.1500         TIME INC =  0.100000E-01
 *** MAX VISCOELASTIC STRAIN STEP = 0.4632E-05

     FORCE CONVERGENCE VALUE  =  0.9977E-05  CRITERION=  0.5000E-04
     DISP CONVERGENCE VALUE   =  0.8979E-04  CRITERION=  0.1143E-02 <<< CONVERGED
    EQUIL ITER   1 COMPLETED.  OLD TRIANG MATRIX.  MAX DOF INC= -0.8979E-04
     FORCE CONVERGENCE VALUE  =  0.7809E-13  CRITERION=  0.5000E-04 <<< CONVERGED
    >>> SOLUTION CONVERGED AFTER EQUILIBRIUM ITERATION   1
 *** LOAD STEP     3   SUBSTEP    16  COMPLETED.    CUM ITER =    439
 *** TIME =   31.1600         TIME INC =  0.100000E-01
 *** MAX VISCOELASTIC STRAIN STEP = 0.4475E-05

     FORCE CONVERGENCE VALUE  =  0.9938E-05  CRITERION=  0.5000E-04
     DISP CONVERGENCE VALUE   =  0.8362E-04  CRITERION=  0.1143E-02 <<< CONVERGED
    EQUIL ITER   1 COMPLETED.  OLD TRIANG MATRIX.  MAX DOF INC= -0.8362E-04
     FORCE CONVERGENCE VALUE  =  0.1178E-12  CRITERION=  0.5000E-04 <<< CONVERGED
    >>> SOLUTION CONVERGED AFTER EQUILIBRIUM ITERATION   1
 *** LOAD STEP     3   SUBSTEP    17  COMPLETED.    CUM ITER =    440
 *** TIME =   31.1700         TIME INC =  0.100000E-01
 *** MAX VISCOELASTIC STRAIN STEP = 0.4329E-05

     FORCE CONVERGENCE VALUE  =  0.9834E-05  CRITERION=  0.5000E-04
     DISP CONVERGENCE VALUE   =  0.7825E-04  CRITERION=  0.1143E-02 <<< CONVERGED
    EQUIL ITER   1 COMPLETED.  OLD TRIANG MATRIX.  MAX DOF INC= -0.7825E-04
     FORCE CONVERGENCE VALUE  =  0.1583E-12  CRITERION=  0.5000E-04 <<< CONVERGED
    >>> SOLUTION CONVERGED AFTER EQUILIBRIUM ITERATION   1
 *** LOAD STEP     3   SUBSTEP    18  COMPLETED.    CUM ITER =    441
 *** TIME =   31.1800         TIME INC =  0.100000E-01
 *** MAX VISCOELASTIC STRAIN STEP = 0.4190E-05

     FORCE CONVERGENCE VALUE  =  0.9683E-05  CRITERION=  0.5000E-04
     DISP CONVERGENCE VALUE   =  0.7351E-04  CRITERION=  0.1143E-02 <<< CONVERGED
    EQUIL ITER   1 COMPLETED.  OLD TRIANG MATRIX.  MAX DOF INC= -0.7351E-04
     FORCE CONVERGENCE VALUE  =  0.1156E-12  CRITERION=  0.5000E-04 <<< CONVERGED
    >>> SOLUTION CONVERGED AFTER EQUILIBRIUM ITERATION   1
 *** LOAD STEP     3   SUBSTEP    19  COMPLETED.    CUM ITER =    442
 *** TIME =   31.1900         TIME INC =  0.100000E-01
 *** MAX VISCOELASTIC STRAIN STEP = 0.4060E-05

     FORCE CONVERGENCE VALUE  =  0.9498E-05  CRITERION=  0.5000E-04
     DISP CONVERGENCE VALUE   =  0.6928E-04  CRITERION=  0.1143E-02 <<< CONVERGED
    EQUIL ITER   1 COMPLETED.  OLD TRIANG MATRIX.  MAX DOF INC= -0.6928E-04
     FORCE CONVERGENCE VALUE  =  0.1126E-12  CRITERION=  0.5000E-04 <<< CONVERGED
    >>> SOLUTION CONVERGED AFTER EQUILIBRIUM ITERATION   1
 *** LOAD STEP     3   SUBSTEP    20  COMPLETED.    CUM ITER =    443
 *** TIME =   31.2000         TIME INC =  0.100000E-01
 *** MAX VISCOELASTIC STRAIN STEP = 0.3936E-05

     FORCE CONVERGENCE VALUE  =  0.9291E-05  CRITERION=  0.5000E-04
     DISP CONVERGENCE VALUE   =  0.6547E-04  CRITERION=  0.1143E-02 <<< CONVERGED
    EQUIL ITER   1 COMPLETED.  OLD TRIANG MATRIX.  MAX DOF INC= -0.6547E-04
     FORCE CONVERGENCE VALUE  =  0.7839E-13  CRITERION=  0.5000E-04 <<< CONVERGED
    >>> SOLUTION CONVERGED AFTER EQUILIBRIUM ITERATION   1
 *** LOAD STEP     3   SUBSTEP    21  COMPLETED.    CUM ITER =    444
 *** TIME =   31.2100         TIME INC =  0.100000E-01
 *** MAX VISCOELASTIC STRAIN STEP = 0.3819E-05

     FORCE CONVERGENCE VALUE  =  0.9069E-05  CRITERION=  0.5000E-04
     DISP CONVERGENCE VALUE   =  0.6202E-04  CRITERION=  0.1143E-02 <<< CONVERGED
    EQUIL ITER   1 COMPLETED.  OLD TRIANG MATRIX.  MAX DOF INC= -0.6202E-04
     FORCE CONVERGENCE VALUE  =  0.9427E-13  CRITERION=  0.5000E-04 <<< CONVERGED
    >>> SOLUTION CONVERGED AFTER EQUILIBRIUM ITERATION   1
 *** LOAD STEP     3   SUBSTEP    22  COMPLETED.    CUM ITER =    445
 *** TIME =   31.2200         TIME INC =  0.100000E-01
 *** MAX VISCOELASTIC STRAIN STEP = 0.3707E-05

     FORCE CONVERGENCE VALUE  =  0.8838E-05  CRITERION=  0.5000E-04
     DISP CONVERGENCE VALUE   =  0.5887E-04  CRITERION=  0.1143E-02 <<< CONVERGED
    EQUIL ITER   1 COMPLETED.  OLD TRIANG MATRIX.  MAX DOF INC= -0.5887E-04
     FORCE CONVERGENCE VALUE  =  0.7091E-13  CRITERION=  0.5000E-04 <<< CONVERGED
    >>> SOLUTION CONVERGED AFTER EQUILIBRIUM ITERATION   1
 *** LOAD STEP     3   SUBSTEP    23  COMPLETED.    CUM ITER =    446
 *** TIME =   31.2300         TIME INC =  0.100000E-01
 *** MAX VISCOELASTIC STRAIN STEP = 0.3601E-05

     FORCE CONVERGENCE VALUE  =  0.8603E-05  CRITERION=  0.5000E-04
     DISP CONVERGENCE VALUE   =  0.5597E-04  CRITERION=  0.1143E-02 <<< CONVERGED
    EQUIL ITER   1 COMPLETED.  OLD TRIANG MATRIX.  MAX DOF INC= -0.5597E-04
     FORCE CONVERGENCE VALUE  =  0.1550E-12  CRITERION=  0.5000E-04 <<< CONVERGED
    >>> SOLUTION CONVERGED AFTER EQUILIBRIUM ITERATION   1
 *** LOAD STEP     3   SUBSTEP    24  COMPLETED.    CUM ITER =    447
 *** TIME =   31.2400         TIME INC =  0.100000E-01
 *** MAX VISCOELASTIC STRAIN STEP = 0.3499E-05

     FORCE CONVERGENCE VALUE  =  0.8366E-05  CRITERION=  0.5000E-04
     DISP CONVERGENCE VALUE   =  0.5329E-04  CRITERION=  0.1143E-02 <<< CONVERGED
    EQUIL ITER   1 COMPLETED.  OLD TRIANG MATRIX.  MAX DOF INC= -0.5329E-04
     FORCE CONVERGENCE VALUE  =  0.8387E-13  CRITERION=  0.5000E-04 <<< CONVERGED
    >>> SOLUTION CONVERGED AFTER EQUILIBRIUM ITERATION   1
 *** LOAD STEP     3   SUBSTEP    25  COMPLETED.    CUM ITER =    448
 *** TIME =   31.2500         TIME INC =  0.100000E-01
 *** MAX VISCOELASTIC STRAIN STEP = 0.3402E-05

     FORCE CONVERGENCE VALUE  =  0.8131E-05  CRITERION=  0.5000E-04
     DISP CONVERGENCE VALUE   =  0.5080E-04  CRITERION=  0.1143E-02 <<< CONVERGED
    EQUIL ITER   1 COMPLETED.  OLD TRIANG MATRIX.  MAX DOF INC= -0.5080E-04
     FORCE CONVERGENCE VALUE  =  0.6704E-13  CRITERION=  0.5000E-04 <<< CONVERGED
    >>> SOLUTION CONVERGED AFTER EQUILIBRIUM ITERATION   1
 *** LOAD STEP     3   SUBSTEP    26  COMPLETED.    CUM ITER =    449
 *** TIME =   31.2600         TIME INC =  0.100000E-01
 *** MAX VISCOELASTIC STRAIN STEP = 0.3310E-05

     FORCE CONVERGENCE VALUE  =  0.7897E-05  CRITERION=  0.5000E-04
     DISP CONVERGENCE VALUE   =  0.4849E-04  CRITERION=  0.1143E-02 <<< CONVERGED
    EQUIL ITER   1 COMPLETED.  OLD TRIANG MATRIX.  MAX DOF INC= -0.4849E-04
     FORCE CONVERGENCE VALUE  =  0.7554E-13  CRITERION=  0.5000E-04 <<< CONVERGED
    >>> SOLUTION CONVERGED AFTER EQUILIBRIUM ITERATION   1
 *** LOAD STEP     3   SUBSTEP    27  COMPLETED.    CUM ITER =    450
 *** TIME =   31.2700         TIME INC =  0.100000E-01
 *** MAX VISCOELASTIC STRAIN STEP = 0.3221E-05

     FORCE CONVERGENCE VALUE  =  0.7667E-05  CRITERION=  0.5000E-04
     DISP CONVERGENCE VALUE   =  0.4633E-04  CRITERION=  0.1143E-02 <<< CONVERGED
    EQUIL ITER   1 COMPLETED.  OLD TRIANG MATRIX.  MAX DOF INC= -0.4633E-04
     FORCE CONVERGENCE VALUE  =  0.9389E-13  CRITERION=  0.5000E-04 <<< CONVERGED
    >>> SOLUTION CONVERGED AFTER EQUILIBRIUM ITERATION   1
 *** LOAD STEP     3   SUBSTEP    28  COMPLETED.    CUM ITER =    451
 *** TIME =   31.2800         TIME INC =  0.100000E-01
 *** MAX VISCOELASTIC STRAIN STEP = 0.3136E-05

     FORCE CONVERGENCE VALUE  =  0.7442E-05  CRITERION=  0.5000E-04
     DISP CONVERGENCE VALUE   =  0.4431E-04  CRITERION=  0.1143E-02 <<< CONVERGED
    EQUIL ITER   1 COMPLETED.  OLD TRIANG MATRIX.  MAX DOF INC= -0.4431E-04
     FORCE CONVERGENCE VALUE  =  0.9453E-13  CRITERION=  0.5000E-04 <<< CONVERGED
    >>> SOLUTION CONVERGED AFTER EQUILIBRIUM ITERATION   1
 *** LOAD STEP     3   SUBSTEP    29  COMPLETED.    CUM ITER =    452
 *** TIME =   31.2900         TIME INC =  0.100000E-01
 *** MAX VISCOELASTIC STRAIN STEP = 0.3055E-05

     FORCE CONVERGENCE VALUE  =  0.7221E-05  CRITERION=  0.5000E-04
     DISP CONVERGENCE VALUE   =  0.4241E-04  CRITERION=  0.1143E-02 <<< CONVERGED
    EQUIL ITER   1 COMPLETED.  OLD TRIANG MATRIX.  MAX DOF INC= -0.4241E-04
     FORCE CONVERGENCE VALUE  =  0.1097E-12  CRITERION=  0.5000E-04 <<< CONVERGED
    >>> SOLUTION CONVERGED AFTER EQUILIBRIUM ITERATION   1
 *** LOAD STEP     3   SUBSTEP    30  COMPLETED.    CUM ITER =    453
 *** TIME =   31.3000         TIME INC =  0.100000E-01
 *** MAX VISCOELASTIC STRAIN STEP = 0.2977E-05

     FORCE CONVERGENCE VALUE  =  0.7005E-05  CRITERION=  0.5000E-04
     DISP CONVERGENCE VALUE   =  0.4063E-04  CRITERION=  0.1143E-02 <<< CONVERGED
    EQUIL ITER   1 COMPLETED.  OLD TRIANG MATRIX.  MAX DOF INC= -0.4063E-04
     FORCE CONVERGENCE VALUE  =  0.9224E-13  CRITERION=  0.5000E-04 <<< CONVERGED
    >>> SOLUTION CONVERGED AFTER EQUILIBRIUM ITERATION   1
 *** LOAD STEP     3   SUBSTEP    31  COMPLETED.    CUM ITER =    454
 *** TIME =   31.3100         TIME INC =  0.100000E-01
 *** MAX VISCOELASTIC STRAIN STEP = 0.2902E-05

     FORCE CONVERGENCE VALUE  =  0.6795E-05  CRITERION=  0.5000E-04
     DISP CONVERGENCE VALUE   =  0.3895E-04  CRITERION=  0.1143E-02 <<< CONVERGED
    EQUIL ITER   1 COMPLETED.  OLD TRIANG MATRIX.  MAX DOF INC= -0.3895E-04
     FORCE CONVERGENCE VALUE  =  0.8082E-13  CRITERION=  0.5000E-04 <<< CONVERGED
    >>> SOLUTION CONVERGED AFTER EQUILIBRIUM ITERATION   1
 *** LOAD STEP     3   SUBSTEP    32  COMPLETED.    CUM ITER =    455
 *** TIME =   31.3200         TIME INC =  0.100000E-01
 *** MAX VISCOELASTIC STRAIN STEP = 0.2831E-05

     FORCE CONVERGENCE VALUE  =  0.6590E-05  CRITERION=  0.5000E-04
     DISP CONVERGENCE VALUE   =  0.3736E-04  CRITERION=  0.1143E-02 <<< CONVERGED
    EQUIL ITER   1 COMPLETED.  OLD TRIANG MATRIX.  MAX DOF INC= -0.3736E-04
     FORCE CONVERGENCE VALUE  =  0.6876E-13  CRITERION=  0.5000E-04 <<< CONVERGED
    >>> SOLUTION CONVERGED AFTER EQUILIBRIUM ITERATION   1
 *** LOAD STEP     3   SUBSTEP    33  COMPLETED.    CUM ITER =    456
 *** TIME =   31.3300         TIME INC =  0.100000E-01
 *** MAX VISCOELASTIC STRAIN STEP = 0.2762E-05

     FORCE CONVERGENCE VALUE  =  0.6391E-05  CRITERION=  0.5000E-04
     DISP CONVERGENCE VALUE   =  0.3587E-04  CRITERION=  0.1143E-02 <<< CONVERGED
    EQUIL ITER   1 COMPLETED.  OLD TRIANG MATRIX.  MAX DOF INC= -0.3587E-04
     FORCE CONVERGENCE VALUE  =  0.1037E-12  CRITERION=  0.5000E-04 <<< CONVERGED
    >>> SOLUTION CONVERGED AFTER EQUILIBRIUM ITERATION   1
 *** LOAD STEP     3   SUBSTEP    34  COMPLETED.    CUM ITER =    457
 *** TIME =   31.3400         TIME INC =  0.100000E-01
 *** MAX VISCOELASTIC STRAIN STEP = 0.2695E-05

     FORCE CONVERGENCE VALUE  =  0.6197E-05  CRITERION=  0.5000E-04
     DISP CONVERGENCE VALUE   =  0.3445E-04  CRITERION=  0.1143E-02 <<< CONVERGED
    EQUIL ITER   1 COMPLETED.  OLD TRIANG MATRIX.  MAX DOF INC= -0.3445E-04
     FORCE CONVERGENCE VALUE  =  0.6562E-13  CRITERION=  0.5000E-04 <<< CONVERGED
    >>> SOLUTION CONVERGED AFTER EQUILIBRIUM ITERATION   1
 *** LOAD STEP     3   SUBSTEP    35  COMPLETED.    CUM ITER =    458
 *** TIME =   31.3500         TIME INC =  0.100000E-01
 *** MAX VISCOELASTIC STRAIN STEP = 0.2632E-05

     FORCE CONVERGENCE VALUE  =  0.6008E-05  CRITERION=  0.5000E-04
     DISP CONVERGENCE VALUE   =  0.3311E-04  CRITERION=  0.1143E-02 <<< CONVERGED
    EQUIL ITER   1 COMPLETED.  OLD TRIANG MATRIX.  MAX DOF INC= -0.3311E-04
     FORCE CONVERGENCE VALUE  =  0.8240E-13  CRITERION=  0.5000E-04 <<< CONVERGED
    >>> SOLUTION CONVERGED AFTER EQUILIBRIUM ITERATION   1
 *** LOAD STEP     3   SUBSTEP    36  COMPLETED.    CUM ITER =    459
 *** TIME =   31.3600         TIME INC =  0.100000E-01
 *** MAX VISCOELASTIC STRAIN STEP = 0.2570E-05

     FORCE CONVERGENCE VALUE  =  0.5825E-05  CRITERION=  0.5000E-04
     DISP CONVERGENCE VALUE   =  0.3184E-04  CRITERION=  0.1143E-02 <<< CONVERGED
    EQUIL ITER   1 COMPLETED.  OLD TRIANG MATRIX.  MAX DOF INC= -0.3184E-04
     FORCE CONVERGENCE VALUE  =  0.1220E-12  CRITERION=  0.5000E-04 <<< CONVERGED
    >>> SOLUTION CONVERGED AFTER EQUILIBRIUM ITERATION   1
 *** LOAD STEP     3   SUBSTEP    37  COMPLETED.    CUM ITER =    460
 *** TIME =   31.3700         TIME INC =  0.100000E-01
 *** MAX VISCOELASTIC STRAIN STEP = 0.2511E-05

     FORCE CONVERGENCE VALUE  =  0.5647E-05  CRITERION=  0.5000E-04
     DISP CONVERGENCE VALUE   =  0.3063E-04  CRITERION=  0.1143E-02 <<< CONVERGED
    EQUIL ITER   1 COMPLETED.  OLD TRIANG MATRIX.  MAX DOF INC= -0.3063E-04
     FORCE CONVERGENCE VALUE  =  0.5549E-13  CRITERION=  0.5000E-04 <<< CONVERGED
    >>> SOLUTION CONVERGED AFTER EQUILIBRIUM ITERATION   1
 *** LOAD STEP     3   SUBSTEP    38  COMPLETED.    CUM ITER =    461
 *** TIME =   31.3800         TIME INC =  0.100000E-01
 *** MAX VISCOELASTIC STRAIN STEP = 0.2454E-05

     FORCE CONVERGENCE VALUE  =  0.5475E-05  CRITERION=  0.5000E-04
     DISP CONVERGENCE VALUE   =  0.2949E-04  CRITERION=  0.1143E-02 <<< CONVERGED
    EQUIL ITER   1 COMPLETED.  OLD TRIANG MATRIX.  MAX DOF INC= -0.2949E-04
     FORCE CONVERGENCE VALUE  =  0.4908E-13  CRITERION=  0.5000E-04 <<< CONVERGED
    >>> SOLUTION CONVERGED AFTER EQUILIBRIUM ITERATION   1
 *** LOAD STEP     3   SUBSTEP    39  COMPLETED.    CUM ITER =    462
 *** TIME =   31.3900         TIME INC =  0.100000E-01
 *** MAX VISCOELASTIC STRAIN STEP = 0.2399E-05

     FORCE CONVERGENCE VALUE  =  0.5307E-05  CRITERION=  0.5000E-04
     DISP CONVERGENCE VALUE   =  0.2841E-04  CRITERION=  0.1143E-02 <<< CONVERGED
    EQUIL ITER   1 COMPLETED.  OLD TRIANG MATRIX.  MAX DOF INC= -0.2841E-04
     FORCE CONVERGENCE VALUE  =  0.8047E-13  CRITERION=  0.5000E-04 <<< CONVERGED
    >>> SOLUTION CONVERGED AFTER EQUILIBRIUM ITERATION   1
 *** LOAD STEP     3   SUBSTEP    40  COMPLETED.    CUM ITER =    463
 *** TIME =   31.4000         TIME INC =  0.100000E-01
 *** MAX VISCOELASTIC STRAIN STEP = 0.2347E-05

     FORCE CONVERGENCE VALUE  =  0.5145E-05  CRITERION=  0.5000E-04
     DISP CONVERGENCE VALUE   =  0.2737E-04  CRITERION=  0.1143E-02 <<< CONVERGED
    EQUIL ITER   1 COMPLETED.  OLD TRIANG MATRIX.  MAX DOF INC= -0.2737E-04
     FORCE CONVERGENCE VALUE  =  0.1321E-12  CRITERION=  0.5000E-04 <<< CONVERGED
    >>> SOLUTION CONVERGED AFTER EQUILIBRIUM ITERATION   1
 *** LOAD STEP     3   SUBSTEP    41  COMPLETED.    CUM ITER =    464
 *** TIME =   31.4100         TIME INC =  0.100000E-01
 *** MAX VISCOELASTIC STRAIN STEP = 0.2296E-05

     FORCE CONVERGENCE VALUE  =  0.4987E-05  CRITERION=  0.5000E-04
     DISP CONVERGENCE VALUE   =  0.2639E-04  CRITERION=  0.1143E-02 <<< CONVERGED
    EQUIL ITER   1 COMPLETED.  OLD TRIANG MATRIX.  MAX DOF INC= -0.2639E-04
     FORCE CONVERGENCE VALUE  =  0.7666E-13  CRITERION=  0.5000E-04 <<< CONVERGED
    >>> SOLUTION CONVERGED AFTER EQUILIBRIUM ITERATION   1
 *** LOAD STEP     3   SUBSTEP    42  COMPLETED.    CUM ITER =    465
 *** TIME =   31.4200         TIME INC =  0.100000E-01
 *** MAX VISCOELASTIC STRAIN STEP = 0.2246E-05

     FORCE CONVERGENCE VALUE  =  0.4835E-05  CRITERION=  0.5000E-04
     DISP CONVERGENCE VALUE   =  0.2546E-04  CRITERION=  0.1143E-02 <<< CONVERGED
    EQUIL ITER   1 COMPLETED.  OLD TRIANG MATRIX.  MAX DOF INC= -0.2546E-04
     FORCE CONVERGENCE VALUE  =  0.1252E-12  CRITERION=  0.5000E-04 <<< CONVERGED
    >>> SOLUTION CONVERGED AFTER EQUILIBRIUM ITERATION   1
 *** LOAD STEP     3   SUBSTEP    43  COMPLETED.    CUM ITER =    466
 *** TIME =   31.4300         TIME INC =  0.100000E-01
 *** MAX VISCOELASTIC STRAIN STEP = 0.2199E-05

     FORCE CONVERGENCE VALUE  =  0.4687E-05  CRITERION=  0.5000E-04
     DISP CONVERGENCE VALUE   =  0.2457E-04  CRITERION=  0.1143E-02 <<< CONVERGED
    EQUIL ITER   1 COMPLETED.  OLD TRIANG MATRIX.  MAX DOF INC= -0.2457E-04
     FORCE CONVERGENCE VALUE  =  0.7800E-13  CRITERION=  0.5000E-04 <<< CONVERGED
    >>> SOLUTION CONVERGED AFTER EQUILIBRIUM ITERATION   1
 *** LOAD STEP     3   SUBSTEP    44  COMPLETED.    CUM ITER =    467
 *** TIME =   31.4400         TIME INC =  0.100000E-01
 *** MAX VISCOELASTIC STRAIN STEP = 0.2153E-05

     FORCE CONVERGENCE VALUE  =  0.4543E-05  CRITERION=  0.5000E-04
     DISP CONVERGENCE VALUE   =  0.2373E-04  CRITERION=  0.1143E-02 <<< CONVERGED
    EQUIL ITER   1 COMPLETED.  OLD TRIANG MATRIX.  MAX DOF INC= -0.2373E-04
     FORCE CONVERGENCE VALUE  =  0.7158E-13  CRITERION=  0.5000E-04 <<< CONVERGED
    >>> SOLUTION CONVERGED AFTER EQUILIBRIUM ITERATION   1
 *** LOAD STEP     3   SUBSTEP    45  COMPLETED.    CUM ITER =    468
 *** TIME =   31.4500         TIME INC =  0.100000E-01
 *** MAX VISCOELASTIC STRAIN STEP = 0.2109E-05

     FORCE CONVERGENCE VALUE  =  0.4404E-05  CRITERION=  0.5000E-04
     DISP CONVERGENCE VALUE   =  0.2292E-04  CRITERION=  0.1143E-02 <<< CONVERGED
    EQUIL ITER   1 COMPLETED.  OLD TRIANG MATRIX.  MAX DOF INC= -0.2292E-04
     FORCE CONVERGENCE VALUE  =  0.8447E-13  CRITERION=  0.5000E-04 <<< CONVERGED
    >>> SOLUTION CONVERGED AFTER EQUILIBRIUM ITERATION   1
 *** LOAD STEP     3   SUBSTEP    46  COMPLETED.    CUM ITER =    469
 *** TIME =   31.4600         TIME INC =  0.100000E-01
 *** MAX VISCOELASTIC STRAIN STEP = 0.2066E-05

     FORCE CONVERGENCE VALUE  =  0.4270E-05  CRITERION=  0.5000E-04
     DISP CONVERGENCE VALUE   =  0.2215E-04  CRITERION=  0.1143E-02 <<< CONVERGED
    EQUIL ITER   1 COMPLETED.  OLD TRIANG MATRIX.  MAX DOF INC= -0.2215E-04
     FORCE CONVERGENCE VALUE  =  0.1039E-12  CRITERION=  0.5000E-04 <<< CONVERGED
    >>> SOLUTION CONVERGED AFTER EQUILIBRIUM ITERATION   1
 *** LOAD STEP     3   SUBSTEP    47  COMPLETED.    CUM ITER =    470
 *** TIME =   31.4700         TIME INC =  0.100000E-01
 *** MAX VISCOELASTIC STRAIN STEP = 0.2025E-05

     FORCE CONVERGENCE VALUE  =  0.4139E-05  CRITERION=  0.5000E-04
     DISP CONVERGENCE VALUE   =  0.2142E-04  CRITERION=  0.1143E-02 <<< CONVERGED
    EQUIL ITER   1 COMPLETED.  OLD TRIANG MATRIX.  MAX DOF INC= -0.2142E-04
     FORCE CONVERGENCE VALUE  =  0.1165E-12  CRITERION=  0.5000E-04 <<< CONVERGED
    >>> SOLUTION CONVERGED AFTER EQUILIBRIUM ITERATION   1
 *** LOAD STEP     3   SUBSTEP    48  COMPLETED.    CUM ITER =    471
 *** TIME =   31.4800         TIME INC =  0.100000E-01
 *** MAX VISCOELASTIC STRAIN STEP = 0.1985E-05

     FORCE CONVERGENCE VALUE  =  0.4013E-05  CRITERION=  0.5000E-04
     DISP CONVERGENCE VALUE   =  0.2072E-04  CRITERION=  0.1143E-02 <<< CONVERGED
    EQUIL ITER   1 COMPLETED.  OLD TRIANG MATRIX.  MAX DOF INC= -0.2072E-04
     FORCE CONVERGENCE VALUE  =  0.6622E-13  CRITERION=  0.5000E-04 <<< CONVERGED
    >>> SOLUTION CONVERGED AFTER EQUILIBRIUM ITERATION   1
 *** LOAD STEP     3   SUBSTEP    49  COMPLETED.    CUM ITER =    472
 *** TIME =   31.4900         TIME INC =  0.100000E-01
 *** MAX VISCOELASTIC STRAIN STEP = 0.1946E-05

     FORCE CONVERGENCE VALUE  =  0.3890E-05  CRITERION=  0.5000E-04
     DISP CONVERGENCE VALUE   =  0.2005E-04  CRITERION=  0.1143E-02 <<< CONVERGED
    EQUIL ITER   1 COMPLETED.  OLD TRIANG MATRIX.  MAX DOF INC= -0.2005E-04
     FORCE CONVERGENCE VALUE  =  0.1064E-12  CRITERION=  0.5000E-04 <<< CONVERGED
    >>> SOLUTION CONVERGED AFTER EQUILIBRIUM ITERATION   1
 *** LOAD STEP     3   SUBSTEP    50  COMPLETED.    CUM ITER =    473
 *** TIME =   31.5000         TIME INC =  0.100000E-01
 *** MAX VISCOELASTIC STRAIN STEP = 0.1909E-05

     FORCE CONVERGENCE VALUE  =  0.3772E-05  CRITERION=  0.5000E-04
     DISP CONVERGENCE VALUE   =  0.1941E-04  CRITERION=  0.1143E-02 <<< CONVERGED
    EQUIL ITER   1 COMPLETED.  OLD TRIANG MATRIX.  MAX DOF INC= -0.1941E-04
     FORCE CONVERGENCE VALUE  =  0.8135E-13  CRITERION=  0.5000E-04 <<< CONVERGED
    >>> SOLUTION CONVERGED AFTER EQUILIBRIUM ITERATION   1
 *** LOAD STEP     3   SUBSTEP    51  COMPLETED.    CUM ITER =    474
 *** TIME =   31.5100         TIME INC =  0.100000E-01
 *** MAX VISCOELASTIC STRAIN STEP = 0.1872E-05

     FORCE CONVERGENCE VALUE  =  0.3657E-05  CRITERION=  0.5000E-04
     DISP CONVERGENCE VALUE   =  0.1881E-04  CRITERION=  0.1143E-02 <<< CONVERGED
    EQUIL ITER   1 COMPLETED.  OLD TRIANG MATRIX.  MAX DOF INC= -0.1881E-04
     FORCE CONVERGENCE VALUE  =  0.7981E-13  CRITERION=  0.5000E-04 <<< CONVERGED
    >>> SOLUTION CONVERGED AFTER EQUILIBRIUM ITERATION   1
 *** LOAD STEP     3   SUBSTEP    52  COMPLETED.    CUM ITER =    475
 *** TIME =   31.5200         TIME INC =  0.100000E-01
 *** MAX VISCOELASTIC STRAIN STEP = 0.1837E-05

     FORCE CONVERGENCE VALUE  =  0.3546E-05  CRITERION=  0.5000E-04
     DISP CONVERGENCE VALUE   =  0.1822E-04  CRITERION=  0.1143E-02 <<< CONVERGED
    EQUIL ITER   1 COMPLETED.  OLD TRIANG MATRIX.  MAX DOF INC= -0.1822E-04
     FORCE CONVERGENCE VALUE  =  0.9831E-13  CRITERION=  0.5000E-04 <<< CONVERGED
    >>> SOLUTION CONVERGED AFTER EQUILIBRIUM ITERATION   1
 *** LOAD STEP     3   SUBSTEP    53  COMPLETED.    CUM ITER =    476
 *** TIME =   31.5300         TIME INC =  0.100000E-01
 *** MAX VISCOELASTIC STRAIN STEP = 0.1803E-05

     FORCE CONVERGENCE VALUE  =  0.3438E-05  CRITERION=  0.5000E-04
     DISP CONVERGENCE VALUE   =  0.1767E-04  CRITERION=  0.1143E-02 <<< CONVERGED
    EQUIL ITER   1 COMPLETED.  OLD TRIANG MATRIX.  MAX DOF INC= -0.1767E-04
     FORCE CONVERGENCE VALUE  =  0.9498E-13  CRITERION=  0.5000E-04 <<< CONVERGED
    >>> SOLUTION CONVERGED AFTER EQUILIBRIUM ITERATION   1
 *** LOAD STEP     3   SUBSTEP    54  COMPLETED.    CUM ITER =    477
 *** TIME =   31.5400         TIME INC =  0.100000E-01
 *** MAX VISCOELASTIC STRAIN STEP = 0.1770E-05

     FORCE CONVERGENCE VALUE  =  0.3334E-05  CRITERION=  0.5000E-04
     DISP CONVERGENCE VALUE   =  0.1714E-04  CRITERION=  0.1143E-02 <<< CONVERGED
    EQUIL ITER   1 COMPLETED.  OLD TRIANG MATRIX.  MAX DOF INC= -0.1714E-04
     FORCE CONVERGENCE VALUE  =  0.8856E-13  CRITERION=  0.5000E-04 <<< CONVERGED
    >>> SOLUTION CONVERGED AFTER EQUILIBRIUM ITERATION   1
 *** LOAD STEP     3   SUBSTEP    55  COMPLETED.    CUM ITER =    478
 *** TIME =   31.5500         TIME INC =  0.100000E-01
 *** MAX VISCOELASTIC STRAIN STEP = 0.1738E-05

     FORCE CONVERGENCE VALUE  =  0.3233E-05  CRITERION=  0.5000E-04
     DISP CONVERGENCE VALUE   =  0.1663E-04  CRITERION=  0.1143E-02 <<< CONVERGED
    EQUIL ITER   1 COMPLETED.  OLD TRIANG MATRIX.  MAX DOF INC= -0.1663E-04
     FORCE CONVERGENCE VALUE  =  0.1328E-12  CRITERION=  0.5000E-04 <<< CONVERGED
    >>> SOLUTION CONVERGED AFTER EQUILIBRIUM ITERATION   1
 *** LOAD STEP     3   SUBSTEP    56  COMPLETED.    CUM ITER =    479
 *** TIME =   31.5600         TIME INC =  0.100000E-01
 *** MAX VISCOELASTIC STRAIN STEP = 0.1707E-05

     FORCE CONVERGENCE VALUE  =  0.3136E-05  CRITERION=  0.5000E-04
     DISP CONVERGENCE VALUE   =  0.1614E-04  CRITERION=  0.1143E-02 <<< CONVERGED
    EQUIL ITER   1 COMPLETED.  OLD TRIANG MATRIX.  MAX DOF INC= -0.1614E-04
     FORCE CONVERGENCE VALUE  =  0.5645E-13  CRITERION=  0.5000E-04 <<< CONVERGED
    >>> SOLUTION CONVERGED AFTER EQUILIBRIUM ITERATION   1
 *** LOAD STEP     3   SUBSTEP    57  COMPLETED.    CUM ITER =    480
 *** TIME =   31.5700         TIME INC =  0.100000E-01
 *** MAX VISCOELASTIC STRAIN STEP = 0.1677E-05

     FORCE CONVERGENCE VALUE  =  0.3041E-05  CRITERION=  0.5000E-04
     DISP CONVERGENCE VALUE   =  0.1568E-04  CRITERION=  0.1143E-02 <<< CONVERGED
    EQUIL ITER   1 COMPLETED.  OLD TRIANG MATRIX.  MAX DOF INC= -0.1568E-04
     FORCE CONVERGENCE VALUE  =  0.3886E-13  CRITERION=  0.5000E-04 <<< CONVERGED
    >>> SOLUTION CONVERGED AFTER EQUILIBRIUM ITERATION   1
 *** LOAD STEP     3   SUBSTEP    58  COMPLETED.    CUM ITER =    481
 *** TIME =   31.5800         TIME INC =  0.100000E-01
 *** MAX VISCOELASTIC STRAIN STEP = 0.1648E-05

     FORCE CONVERGENCE VALUE  =  0.2950E-05  CRITERION=  0.5000E-04
     DISP CONVERGENCE VALUE   =  0.1523E-04  CRITERION=  0.1143E-02 <<< CONVERGED
    EQUIL ITER   1 COMPLETED.  OLD TRIANG MATRIX.  MAX DOF INC= -0.1523E-04
     FORCE CONVERGENCE VALUE  =  0.1149E-12  CRITERION=  0.5000E-04 <<< CONVERGED
    >>> SOLUTION CONVERGED AFTER EQUILIBRIUM ITERATION   1
 *** LOAD STEP     3   SUBSTEP    59  COMPLETED.    CUM ITER =    482
 *** TIME =   31.5900         TIME INC =  0.100000E-01
 *** MAX VISCOELASTIC STRAIN STEP = 0.1620E-05

     FORCE CONVERGENCE VALUE  =  0.2861E-05  CRITERION=  0.5000E-04
     DISP CONVERGENCE VALUE   =  0.1480E-04  CRITERION=  0.1143E-02 <<< CONVERGED
    EQUIL ITER   1 COMPLETED.  OLD TRIANG MATRIX.  MAX DOF INC= -0.1480E-04
     FORCE CONVERGENCE VALUE  =  0.7885E-13  CRITERION=  0.5000E-04 <<< CONVERGED
    >>> SOLUTION CONVERGED AFTER EQUILIBRIUM ITERATION   1
 *** LOAD STEP     3   SUBSTEP    60  COMPLETED.    CUM ITER =    483
 *** TIME =   31.6000         TIME INC =  0.100000E-01
 *** MAX VISCOELASTIC STRAIN STEP = 0.1592E-05

     FORCE CONVERGENCE VALUE  =  0.2776E-05  CRITERION=  0.5000E-04
     DISP CONVERGENCE VALUE   =  0.1439E-04  CRITERION=  0.1143E-02 <<< CONVERGED
    EQUIL ITER   1 COMPLETED.  OLD TRIANG MATRIX.  MAX DOF INC= -0.1439E-04
     FORCE CONVERGENCE VALUE  =  0.9876E-13  CRITERION=  0.5000E-04 <<< CONVERGED
    >>> SOLUTION CONVERGED AFTER EQUILIBRIUM ITERATION   1
 *** LOAD STEP     3   SUBSTEP    61  COMPLETED.    CUM ITER =    484
 *** TIME =   31.6100         TIME INC =  0.100000E-01
 *** MAX VISCOELASTIC STRAIN STEP = 0.1565E-05

     FORCE CONVERGENCE VALUE  =  0.2693E-05  CRITERION=  0.5000E-04
     DISP CONVERGENCE VALUE   =  0.1400E-04  CRITERION=  0.1143E-02 <<< CONVERGED
    EQUIL ITER   1 COMPLETED.  OLD TRIANG MATRIX.  MAX DOF INC= -0.1400E-04
     FORCE CONVERGENCE VALUE  =  0.4083E-13  CRITERION=  0.5000E-04 <<< CONVERGED
    >>> SOLUTION CONVERGED AFTER EQUILIBRIUM ITERATION   1
 *** LOAD STEP     3   SUBSTEP    62  COMPLETED.    CUM ITER =    485
 *** TIME =   31.6200         TIME INC =  0.100000E-01
 *** MAX VISCOELASTIC STRAIN STEP = 0.1539E-05

     FORCE CONVERGENCE VALUE  =  0.2612E-05  CRITERION=  0.5000E-04
     DISP CONVERGENCE VALUE   =  0.1362E-04  CRITERION=  0.1143E-02 <<< CONVERGED
    EQUIL ITER   1 COMPLETED.  OLD TRIANG MATRIX.  MAX DOF INC= -0.1362E-04
     FORCE CONVERGENCE VALUE  =  0.8685E-13  CRITERION=  0.5000E-04 <<< CONVERGED
    >>> SOLUTION CONVERGED AFTER EQUILIBRIUM ITERATION   1
 *** LOAD STEP     3   SUBSTEP    63  COMPLETED.    CUM ITER =    486
 *** TIME =   31.6300         TIME INC =  0.100000E-01
 *** MAX VISCOELASTIC STRAIN STEP = 0.1514E-05

     FORCE CONVERGENCE VALUE  =  0.2534E-05  CRITERION=  0.5000E-04
     DISP CONVERGENCE VALUE   =  0.1326E-04  CRITERION=  0.1143E-02 <<< CONVERGED
    EQUIL ITER   1 COMPLETED.  OLD TRIANG MATRIX.  MAX DOF INC= -0.1326E-04
     FORCE CONVERGENCE VALUE  =  0.7512E-13  CRITERION=  0.5000E-04 <<< CONVERGED
    >>> SOLUTION CONVERGED AFTER EQUILIBRIUM ITERATION   1
 *** LOAD STEP     3   SUBSTEP    64  COMPLETED.    CUM ITER =    487
 *** TIME =   31.6400         TIME INC =  0.100000E-01
 *** MAX VISCOELASTIC STRAIN STEP = 0.1489E-05

     FORCE CONVERGENCE VALUE  =  0.2459E-05  CRITERION=  0.5000E-04
     DISP CONVERGENCE VALUE   =  0.1291E-04  CRITERION=  0.1143E-02 <<< CONVERGED
    EQUIL ITER   1 COMPLETED.  OLD TRIANG MATRIX.  MAX DOF INC= -0.1291E-04
     FORCE CONVERGENCE VALUE  =  0.6561E-13  CRITERION=  0.5000E-04 <<< CONVERGED
    >>> SOLUTION CONVERGED AFTER EQUILIBRIUM ITERATION   1
 *** LOAD STEP     3   SUBSTEP    65  COMPLETED.    CUM ITER =    488
 *** TIME =   31.6500         TIME INC =  0.100000E-01
 *** MAX VISCOELASTIC STRAIN STEP = 0.1465E-05

     FORCE CONVERGENCE VALUE  =  0.2386E-05  CRITERION=  0.5000E-04
     DISP CONVERGENCE VALUE   =  0.1258E-04  CRITERION=  0.1143E-02 <<< CONVERGED
    EQUIL ITER   1 COMPLETED.  OLD TRIANG MATRIX.  MAX DOF INC= -0.1258E-04
     FORCE CONVERGENCE VALUE  =  0.1473E-12  CRITERION=  0.5000E-04 <<< CONVERGED
    >>> SOLUTION CONVERGED AFTER EQUILIBRIUM ITERATION   1
 *** LOAD STEP     3   SUBSTEP    66  COMPLETED.    CUM ITER =    489
 *** TIME =   31.6600         TIME INC =  0.100000E-01
 *** MAX VISCOELASTIC STRAIN STEP = 0.1442E-05

     FORCE CONVERGENCE VALUE  =  0.2316E-05  CRITERION=  0.5000E-04
     DISP CONVERGENCE VALUE   =  0.1226E-04  CRITERION=  0.1143E-02 <<< CONVERGED
    EQUIL ITER   1 COMPLETED.  OLD TRIANG MATRIX.  MAX DOF INC= -0.1226E-04
     FORCE CONVERGENCE VALUE  =  0.1026E-12  CRITERION=  0.5000E-04 <<< CONVERGED
    >>> SOLUTION CONVERGED AFTER EQUILIBRIUM ITERATION   1
 *** LOAD STEP     3   SUBSTEP    67  COMPLETED.    CUM ITER =    490
 *** TIME =   31.6700         TIME INC =  0.100000E-01
 *** MAX VISCOELASTIC STRAIN STEP = 0.1419E-05

     FORCE CONVERGENCE VALUE  =  0.2247E-05  CRITERION=  0.5000E-04
     DISP CONVERGENCE VALUE   =  0.1195E-04  CRITERION=  0.1143E-02 <<< CONVERGED
    EQUIL ITER   1 COMPLETED.  OLD TRIANG MATRIX.  MAX DOF INC= -0.1195E-04
     FORCE CONVERGENCE VALUE  =  0.8425E-13  CRITERION=  0.5000E-04 <<< CONVERGED
    >>> SOLUTION CONVERGED AFTER EQUILIBRIUM ITERATION   1
 *** LOAD STEP     3   SUBSTEP    68  COMPLETED.    CUM ITER =    491
 *** TIME =   31.6800         TIME INC =  0.100000E-01
 *** MAX VISCOELASTIC STRAIN STEP = 0.1397E-05

     FORCE CONVERGENCE VALUE  =  0.2181E-05  CRITERION=  0.5000E-04
     DISP CONVERGENCE VALUE   =  0.1166E-04  CRITERION=  0.1143E-02 <<< CONVERGED
    EQUIL ITER   1 COMPLETED.  OLD TRIANG MATRIX.  MAX DOF INC= -0.1166E-04
     FORCE CONVERGENCE VALUE  =  0.6436E-13  CRITERION=  0.5000E-04 <<< CONVERGED
    >>> SOLUTION CONVERGED AFTER EQUILIBRIUM ITERATION   1
 *** LOAD STEP     3   SUBSTEP    69  COMPLETED.    CUM ITER =    492
 *** TIME =   31.6900         TIME INC =  0.100000E-01
 *** MAX VISCOELASTIC STRAIN STEP = 0.1376E-05

     FORCE CONVERGENCE VALUE  =  0.2117E-05  CRITERION=  0.5000E-04
     DISP CONVERGENCE VALUE   =  0.1138E-04  CRITERION=  0.1143E-02 <<< CONVERGED
    EQUIL ITER   1 COMPLETED.  OLD TRIANG MATRIX.  MAX DOF INC= -0.1138E-04
     FORCE CONVERGENCE VALUE  =  0.8771E-13  CRITERION=  0.5000E-04 <<< CONVERGED
    >>> SOLUTION CONVERGED AFTER EQUILIBRIUM ITERATION   1
 *** LOAD STEP     3   SUBSTEP    70  COMPLETED.    CUM ITER =    493
 *** TIME =   31.7000         TIME INC =  0.100000E-01
 *** MAX VISCOELASTIC STRAIN STEP = 0.1355E-05

     FORCE CONVERGENCE VALUE  =  0.2055E-05  CRITERION=  0.5000E-04
     DISP CONVERGENCE VALUE   =  0.1110E-04  CRITERION=  0.1143E-02 <<< CONVERGED
    EQUIL ITER   1 COMPLETED.  OLD TRIANG MATRIX.  MAX DOF INC= -0.1110E-04
     FORCE CONVERGENCE VALUE  =  0.8642E-13  CRITERION=  0.5000E-04 <<< CONVERGED
    >>> SOLUTION CONVERGED AFTER EQUILIBRIUM ITERATION   1
 *** LOAD STEP     3   SUBSTEP    71  COMPLETED.    CUM ITER =    494
 *** TIME =   31.7100         TIME INC =  0.100000E-01
 *** MAX VISCOELASTIC STRAIN STEP = 0.1334E-05

     FORCE CONVERGENCE VALUE  =  0.1995E-05  CRITERION=  0.5000E-04
     DISP CONVERGENCE VALUE   =  0.1084E-04  CRITERION=  0.1143E-02 <<< CONVERGED
    EQUIL ITER   1 COMPLETED.  OLD TRIANG MATRIX.  MAX DOF INC= -0.1084E-04
     FORCE CONVERGENCE VALUE  =  0.6174E-13  CRITERION=  0.5000E-04 <<< CONVERGED
    >>> SOLUTION CONVERGED AFTER EQUILIBRIUM ITERATION   1
 *** LOAD STEP     3   SUBSTEP    72  COMPLETED.    CUM ITER =    495
 *** TIME =   31.7200         TIME INC =  0.100000E-01
 *** MAX VISCOELASTIC STRAIN STEP = 0.1315E-05

     FORCE CONVERGENCE VALUE  =  0.1936E-05  CRITERION=  0.5000E-04
     DISP CONVERGENCE VALUE   =  0.1059E-04  CRITERION=  0.1143E-02 <<< CONVERGED
    EQUIL ITER   1 COMPLETED.  OLD TRIANG MATRIX.  MAX DOF INC= -0.1059E-04
     FORCE CONVERGENCE VALUE  =  0.4946E-13  CRITERION=  0.5000E-04 <<< CONVERGED
    >>> SOLUTION CONVERGED AFTER EQUILIBRIUM ITERATION   1
 *** LOAD STEP     3   SUBSTEP    73  COMPLETED.    CUM ITER =    496
 *** TIME =   31.7300         TIME INC =  0.100000E-01
 *** MAX VISCOELASTIC STRAIN STEP = 0.1295E-05

     FORCE CONVERGENCE VALUE  =  0.1880E-05  CRITERION=  0.5000E-04
     DISP CONVERGENCE VALUE   =  0.1034E-04  CRITERION=  0.1143E-02 <<< CONVERGED
    EQUIL ITER   1 COMPLETED.  OLD TRIANG MATRIX.  MAX DOF INC= -0.1034E-04
     FORCE CONVERGENCE VALUE  =  0.9896E-13  CRITERION=  0.5000E-04 <<< CONVERGED
    >>> SOLUTION CONVERGED AFTER EQUILIBRIUM ITERATION   1
 *** LOAD STEP     3   SUBSTEP    74  COMPLETED.    CUM ITER =    497
 *** TIME =   31.7400         TIME INC =  0.100000E-01
 *** MAX VISCOELASTIC STRAIN STEP = 0.1276E-05

     FORCE CONVERGENCE VALUE  =  0.1825E-05  CRITERION=  0.5000E-04
     DISP CONVERGENCE VALUE   =  0.1011E-04  CRITERION=  0.1143E-02 <<< CONVERGED
    EQUIL ITER   1 COMPLETED.  OLD TRIANG MATRIX.  MAX DOF INC= -0.1011E-04
     FORCE CONVERGENCE VALUE  =  0.6864E-13  CRITERION=  0.5000E-04 <<< CONVERGED
    >>> SOLUTION CONVERGED AFTER EQUILIBRIUM ITERATION   1
 *** LOAD STEP     3   SUBSTEP    75  COMPLETED.    CUM ITER =    498
 *** TIME =   31.7500         TIME INC =  0.100000E-01
 *** MAX VISCOELASTIC STRAIN STEP = 0.1258E-05

     FORCE CONVERGENCE VALUE  =  0.1772E-05  CRITERION=  0.5000E-04
     DISP CONVERGENCE VALUE   =  0.9884E-05  CRITERION=  0.1143E-02 <<< CONVERGED
    EQUIL ITER   1 COMPLETED.  OLD TRIANG MATRIX.  MAX DOF INC= -0.9884E-05
     FORCE CONVERGENCE VALUE  =  0.4184E-13  CRITERION=  0.5000E-04 <<< CONVERGED
    >>> SOLUTION CONVERGED AFTER EQUILIBRIUM ITERATION   1
 *** LOAD STEP     3   SUBSTEP    76  COMPLETED.    CUM ITER =    499
 *** TIME =   31.7600         TIME INC =  0.100000E-01
 *** MAX VISCOELASTIC STRAIN STEP = 0.1240E-05

     FORCE CONVERGENCE VALUE  =  0.1721E-05  CRITERION=  0.5000E-04
     DISP CONVERGENCE VALUE   =  0.9667E-05  CRITERION=  0.1143E-02 <<< CONVERGED
    EQUIL ITER   1 COMPLETED.  OLD TRIANG MATRIX.  MAX DOF INC= -0.9667E-05
     FORCE CONVERGENCE VALUE  =  0.3969E-13  CRITERION=  0.5000E-04 <<< CONVERGED
    >>> SOLUTION CONVERGED AFTER EQUILIBRIUM ITERATION   1
 *** LOAD STEP     3   SUBSTEP    77  COMPLETED.    CUM ITER =    500
 *** TIME =   31.7700         TIME INC =  0.100000E-01
 *** MAX VISCOELASTIC STRAIN STEP = 0.1222E-05

     FORCE CONVERGENCE VALUE  =  0.1671E-05  CRITERION=  0.5000E-04
     DISP CONVERGENCE VALUE   =  0.9457E-05  CRITERION=  0.1143E-02 <<< CONVERGED
    EQUIL ITER   1 COMPLETED.  OLD TRIANG MATRIX.  MAX DOF INC= -0.9457E-05
     FORCE CONVERGENCE VALUE  =  0.8138E-13  CRITERION=  0.5000E-04 <<< CONVERGED
    >>> SOLUTION CONVERGED AFTER EQUILIBRIUM ITERATION   1
 *** LOAD STEP     3   SUBSTEP    78  COMPLETED.    CUM ITER =    501
 *** TIME =   31.7800         TIME INC =  0.100000E-01
 *** MAX VISCOELASTIC STRAIN STEP = 0.1205E-05

     FORCE CONVERGENCE VALUE  =  0.1623E-05  CRITERION=  0.5000E-04
     DISP CONVERGENCE VALUE   =  0.9255E-05  CRITERION=  0.1143E-02 <<< CONVERGED
    EQUIL ITER   1 COMPLETED.  OLD TRIANG MATRIX.  MAX DOF INC= -0.9255E-05
     FORCE CONVERGENCE VALUE  =  0.9061E-13  CRITERION=  0.5000E-04 <<< CONVERGED
    >>> SOLUTION CONVERGED AFTER EQUILIBRIUM ITERATION   1
 *** LOAD STEP     3   SUBSTEP    79  COMPLETED.    CUM ITER =    502
 *** TIME =   31.7900         TIME INC =  0.100000E-01
 *** MAX VISCOELASTIC STRAIN STEP = 0.1188E-05

     FORCE CONVERGENCE VALUE  =  0.1576E-05  CRITERION=  0.5000E-04
     DISP CONVERGENCE VALUE   =  0.9060E-05  CRITERION=  0.1143E-02 <<< CONVERGED
    EQUIL ITER   1 COMPLETED.  OLD TRIANG MATRIX.  MAX DOF INC= -0.9060E-05
     FORCE CONVERGENCE VALUE  =  0.1006E-12  CRITERION=  0.5000E-04 <<< CONVERGED
    >>> SOLUTION CONVERGED AFTER EQUILIBRIUM ITERATION   1
 *** LOAD STEP     3   SUBSTEP    80  COMPLETED.    CUM ITER =    503
 *** TIME =   31.8000         TIME INC =  0.100000E-01
 *** MAX VISCOELASTIC STRAIN STEP = 0.1171E-05

     FORCE CONVERGENCE VALUE  =  0.1531E-05  CRITERION=  0.5000E-04
     DISP CONVERGENCE VALUE   =  0.8871E-05  CRITERION=  0.1143E-02 <<< CONVERGED
    EQUIL ITER   1 COMPLETED.  OLD TRIANG MATRIX.  MAX DOF INC= -0.8871E-05
     FORCE CONVERGENCE VALUE  =  0.8428E-13  CRITERION=  0.5000E-04 <<< CONVERGED
    >>> SOLUTION CONVERGED AFTER EQUILIBRIUM ITERATION   1
 *** LOAD STEP     3   SUBSTEP    81  COMPLETED.    CUM ITER =    504
 *** TIME =   31.8100         TIME INC =  0.100000E-01
 *** MAX VISCOELASTIC STRAIN STEP = 0.1155E-05

     FORCE CONVERGENCE VALUE  =  0.1487E-05  CRITERION=  0.5000E-04
     DISP CONVERGENCE VALUE   =  0.8690E-05  CRITERION=  0.1143E-02 <<< CONVERGED
    EQUIL ITER   1 COMPLETED.  OLD TRIANG MATRIX.  MAX DOF INC= -0.8690E-05
     FORCE CONVERGENCE VALUE  =  0.8743E-13  CRITERION=  0.5000E-04 <<< CONVERGED
    >>> SOLUTION CONVERGED AFTER EQUILIBRIUM ITERATION   1
 *** LOAD STEP     3   SUBSTEP    82  COMPLETED.    CUM ITER =    505
 *** TIME =   31.8200         TIME INC =  0.100000E-01
 *** MAX VISCOELASTIC STRAIN STEP = 0.1139E-05

     FORCE CONVERGENCE VALUE  =  0.1445E-05  CRITERION=  0.5000E-04
     DISP CONVERGENCE VALUE   =  0.8514E-05  CRITERION=  0.1143E-02 <<< CONVERGED
    EQUIL ITER   1 COMPLETED.  OLD TRIANG MATRIX.  MAX DOF INC= -0.8514E-05
     FORCE CONVERGENCE VALUE  =  0.6837E-13  CRITERION=  0.5000E-04 <<< CONVERGED
    >>> SOLUTION CONVERGED AFTER EQUILIBRIUM ITERATION   1
 *** LOAD STEP     3   SUBSTEP    83  COMPLETED.    CUM ITER =    506
 *** TIME =   31.8300         TIME INC =  0.100000E-01
 *** MAX VISCOELASTIC STRAIN STEP = 0.1124E-05

     FORCE CONVERGENCE VALUE  =  0.1403E-05  CRITERION=  0.5000E-04
     DISP CONVERGENCE VALUE   =  0.8345E-05  CRITERION=  0.1143E-02 <<< CONVERGED
    EQUIL ITER   1 COMPLETED.  OLD TRIANG MATRIX.  MAX DOF INC= -0.8345E-05
     FORCE CONVERGENCE VALUE  =  0.6049E-13  CRITERION=  0.5000E-04 <<< CONVERGED
    >>> SOLUTION CONVERGED AFTER EQUILIBRIUM ITERATION   1
 *** LOAD STEP     3   SUBSTEP    84  COMPLETED.    CUM ITER =    507
 *** TIME =   31.8400         TIME INC =  0.100000E-01
 *** MAX VISCOELASTIC STRAIN STEP = 0.1109E-05

     FORCE CONVERGENCE VALUE  =  0.1363E-05  CRITERION=  0.5000E-04
     DISP CONVERGENCE VALUE   =  0.8181E-05  CRITERION=  0.1143E-02 <<< CONVERGED
    EQUIL ITER   1 COMPLETED.  OLD TRIANG MATRIX.  MAX DOF INC= -0.8181E-05
     FORCE CONVERGENCE VALUE  =  0.4415E-13  CRITERION=  0.5000E-04 <<< CONVERGED
    >>> SOLUTION CONVERGED AFTER EQUILIBRIUM ITERATION   1
 *** LOAD STEP     3   SUBSTEP    85  COMPLETED.    CUM ITER =    508
 *** TIME =   31.8500         TIME INC =  0.100000E-01
 *** MAX VISCOELASTIC STRAIN STEP = 0.1094E-05

     FORCE CONVERGENCE VALUE  =  0.1324E-05  CRITERION=  0.5000E-04
     DISP CONVERGENCE VALUE   =  0.8022E-05  CRITERION=  0.1143E-02 <<< CONVERGED
    EQUIL ITER   1 COMPLETED.  OLD TRIANG MATRIX.  MAX DOF INC= -0.8022E-05
     FORCE CONVERGENCE VALUE  =  0.9425E-13  CRITERION=  0.5000E-04 <<< CONVERGED
    >>> SOLUTION CONVERGED AFTER EQUILIBRIUM ITERATION   1
 *** LOAD STEP     3   SUBSTEP    86  COMPLETED.    CUM ITER =    509
 *** TIME =   31.8600         TIME INC =  0.100000E-01
 *** MAX VISCOELASTIC STRAIN STEP = 0.1080E-05

     FORCE CONVERGENCE VALUE  =  0.1287E-05  CRITERION=  0.5000E-04
     DISP CONVERGENCE VALUE   =  0.7869E-05  CRITERION=  0.1143E-02 <<< CONVERGED
    EQUIL ITER   1 COMPLETED.  OLD TRIANG MATRIX.  MAX DOF INC= -0.7869E-05
     FORCE CONVERGENCE VALUE  =  0.6737E-13  CRITERION=  0.5000E-04 <<< CONVERGED
    >>> SOLUTION CONVERGED AFTER EQUILIBRIUM ITERATION   1
 *** LOAD STEP     3   SUBSTEP    87  COMPLETED.    CUM ITER =    510
 *** TIME =   31.8700         TIME INC =  0.100000E-01
 *** MAX VISCOELASTIC STRAIN STEP = 0.1066E-05

     FORCE CONVERGENCE VALUE  =  0.1250E-05  CRITERION=  0.5000E-04
     DISP CONVERGENCE VALUE   =  0.7721E-05  CRITERION=  0.1143E-02 <<< CONVERGED
    EQUIL ITER   1 COMPLETED.  OLD TRIANG MATRIX.  MAX DOF INC= -0.7721E-05
     FORCE CONVERGENCE VALUE  =  0.5570E-13  CRITERION=  0.5000E-04 <<< CONVERGED
    >>> SOLUTION CONVERGED AFTER EQUILIBRIUM ITERATION   1
 *** LOAD STEP     3   SUBSTEP    88  COMPLETED.    CUM ITER =    511
 *** TIME =   31.8800         TIME INC =  0.100000E-01
 *** MAX VISCOELASTIC STRAIN STEP = 0.1052E-05

     FORCE CONVERGENCE VALUE  =  0.1214E-05  CRITERION=  0.5000E-04
     DISP CONVERGENCE VALUE   =  0.7577E-05  CRITERION=  0.1143E-02 <<< CONVERGED
    EQUIL ITER   1 COMPLETED.  OLD TRIANG MATRIX.  MAX DOF INC= -0.7577E-05
     FORCE CONVERGENCE VALUE  =  0.7331E-13  CRITERION=  0.5000E-04 <<< CONVERGED
    >>> SOLUTION CONVERGED AFTER EQUILIBRIUM ITERATION   1
 *** LOAD STEP     3   SUBSTEP    89  COMPLETED.    CUM ITER =    512
 *** TIME =   31.8900         TIME INC =  0.100000E-01
 *** MAX VISCOELASTIC STRAIN STEP = 0.1038E-05

     FORCE CONVERGENCE VALUE  =  0.1180E-05  CRITERION=  0.5000E-04
     DISP CONVERGENCE VALUE   =  0.7438E-05  CRITERION=  0.1143E-02 <<< CONVERGED
    EQUIL ITER   1 COMPLETED.  OLD TRIANG MATRIX.  MAX DOF INC= -0.7438E-05
     FORCE CONVERGENCE VALUE  =  0.5717E-13  CRITERION=  0.5000E-04 <<< CONVERGED
    >>> SOLUTION CONVERGED AFTER EQUILIBRIUM ITERATION   1
 *** LOAD STEP     3   SUBSTEP    90  COMPLETED.    CUM ITER =    513
 *** TIME =   31.9000         TIME INC =  0.100000E-01
 *** MAX VISCOELASTIC STRAIN STEP = 0.1025E-05

     FORCE CONVERGENCE VALUE  =  0.1147E-05  CRITERION=  0.5000E-04
     DISP CONVERGENCE VALUE   =  0.7304E-05  CRITERION=  0.1143E-02 <<< CONVERGED
    EQUIL ITER   1 COMPLETED.  OLD TRIANG MATRIX.  MAX DOF INC= -0.7304E-05
     FORCE CONVERGENCE VALUE  =  0.4394E-13  CRITERION=  0.5000E-04 <<< CONVERGED
    >>> SOLUTION CONVERGED AFTER EQUILIBRIUM ITERATION   1
 *** LOAD STEP     3   SUBSTEP    91  COMPLETED.    CUM ITER =    514
 *** TIME =   31.9100         TIME INC =  0.100000E-01
 *** MAX VISCOELASTIC STRAIN STEP = 0.1012E-05

     FORCE CONVERGENCE VALUE  =  0.1114E-05  CRITERION=  0.5000E-04
     DISP CONVERGENCE VALUE   =  0.7173E-05  CRITERION=  0.1143E-02 <<< CONVERGED
    EQUIL ITER   1 COMPLETED.  OLD TRIANG MATRIX.  MAX DOF INC= -0.7173E-05
     FORCE CONVERGENCE VALUE  =  0.6565E-13  CRITERION=  0.5000E-04 <<< CONVERGED
    >>> SOLUTION CONVERGED AFTER EQUILIBRIUM ITERATION   1
 *** LOAD STEP     3   SUBSTEP    92  COMPLETED.    CUM ITER =    515
 *** TIME =   31.9200         TIME INC =  0.100000E-01
 *** MAX VISCOELASTIC STRAIN STEP = 0.9993E-06

     FORCE CONVERGENCE VALUE  =  0.1082E-05  CRITERION=  0.5000E-04
     DISP CONVERGENCE VALUE   =  0.7047E-05  CRITERION=  0.1143E-02 <<< CONVERGED
    EQUIL ITER   1 COMPLETED.  OLD TRIANG MATRIX.  MAX DOF INC= -0.7047E-05
     FORCE CONVERGENCE VALUE  =  0.6807E-13  CRITERION=  0.5000E-04 <<< CONVERGED
    >>> SOLUTION CONVERGED AFTER EQUILIBRIUM ITERATION   1
 *** LOAD STEP     3   SUBSTEP    93  COMPLETED.    CUM ITER =    516
 *** TIME =   31.9300         TIME INC =  0.100000E-01
 *** MAX VISCOELASTIC STRAIN STEP = 0.9867E-06

     FORCE CONVERGENCE VALUE  =  0.1052E-05  CRITERION=  0.5000E-04
     DISP CONVERGENCE VALUE   =  0.6925E-05  CRITERION=  0.1143E-02 <<< CONVERGED
    EQUIL ITER   1 COMPLETED.  OLD TRIANG MATRIX.  MAX DOF INC= -0.6925E-05
     FORCE CONVERGENCE VALUE  =  0.5292E-13  CRITERION=  0.5000E-04 <<< CONVERGED
    >>> SOLUTION CONVERGED AFTER EQUILIBRIUM ITERATION   1
 *** LOAD STEP     3   SUBSTEP    94  COMPLETED.    CUM ITER =    517
 *** TIME =   31.9400         TIME INC =  0.100000E-01
 *** MAX VISCOELASTIC STRAIN STEP = 0.9745E-06

     FORCE CONVERGENCE VALUE  =  0.1022E-05  CRITERION=  0.5000E-04
     DISP CONVERGENCE VALUE   =  0.6806E-05  CRITERION=  0.1143E-02 <<< CONVERGED
    EQUIL ITER   1 COMPLETED.  OLD TRIANG MATRIX.  MAX DOF INC= -0.6806E-05
     FORCE CONVERGENCE VALUE  =  0.6676E-13  CRITERION=  0.5000E-04 <<< CONVERGED
    >>> SOLUTION CONVERGED AFTER EQUILIBRIUM ITERATION   1
 *** LOAD STEP     3   SUBSTEP    95  COMPLETED.    CUM ITER =    518
 *** TIME =   31.9500         TIME INC =  0.100000E-01
 *** MAX VISCOELASTIC STRAIN STEP = 0.9624E-06

     FORCE CONVERGENCE VALUE  =  0.9932E-06  CRITERION=  0.5000E-04
     DISP CONVERGENCE VALUE   =  0.6691E-05  CRITERION=  0.1143E-02 <<< CONVERGED
    EQUIL ITER   1 COMPLETED.  OLD TRIANG MATRIX.  MAX DOF INC= -0.6691E-05
     FORCE CONVERGENCE VALUE  =  0.8030E-13  CRITERION=  0.5000E-04 <<< CONVERGED
    >>> SOLUTION CONVERGED AFTER EQUILIBRIUM ITERATION   1
 *** LOAD STEP     3   SUBSTEP    96  COMPLETED.    CUM ITER =    519
 *** TIME =   31.9600         TIME INC =  0.100000E-01
 *** MAX VISCOELASTIC STRAIN STEP = 0.9506E-06

     FORCE CONVERGENCE VALUE  =  0.9651E-06  CRITERION=  0.5000E-04
     DISP CONVERGENCE VALUE   =  0.6579E-05  CRITERION=  0.1143E-02 <<< CONVERGED
    EQUIL ITER   1 COMPLETED.  OLD TRIANG MATRIX.  MAX DOF INC= -0.6579E-05
     FORCE CONVERGENCE VALUE  =  0.1010E-12  CRITERION=  0.5000E-04 <<< CONVERGED
    >>> SOLUTION CONVERGED AFTER EQUILIBRIUM ITERATION   1
 *** LOAD STEP     3   SUBSTEP    97  COMPLETED.    CUM ITER =    520
 *** TIME =   31.9700         TIME INC =  0.100000E-01
 *** MAX VISCOELASTIC STRAIN STEP = 0.9390E-06

     FORCE CONVERGENCE VALUE  =  0.9378E-06  CRITERION=  0.5000E-04
     DISP CONVERGENCE VALUE   =  0.6470E-05  CRITERION=  0.1143E-02 <<< CONVERGED
    EQUIL ITER   1 COMPLETED.  OLD TRIANG MATRIX.  MAX DOF INC= -0.6470E-05
     FORCE CONVERGENCE VALUE  =  0.5879E-13  CRITERION=  0.5000E-04 <<< CONVERGED
    >>> SOLUTION CONVERGED AFTER EQUILIBRIUM ITERATION   1
 *** LOAD STEP     3   SUBSTEP    98  COMPLETED.    CUM ITER =    521
 *** TIME =   31.9800         TIME INC =  0.100000E-01
 *** MAX VISCOELASTIC STRAIN STEP = 0.9277E-06

     FORCE CONVERGENCE VALUE  =  0.9112E-06  CRITERION=  0.5000E-04
     DISP CONVERGENCE VALUE   =  0.6365E-05  CRITERION=  0.1143E-02 <<< CONVERGED
    EQUIL ITER   1 COMPLETED.  OLD TRIANG MATRIX.  MAX DOF INC= -0.6365E-05
     FORCE CONVERGENCE VALUE  =  0.4871E-13  CRITERION=  0.5000E-04 <<< CONVERGED
    >>> SOLUTION CONVERGED AFTER EQUILIBRIUM ITERATION   1
 *** LOAD STEP     3   SUBSTEP    99  COMPLETED.    CUM ITER =    522
 *** TIME =   31.9900         TIME INC =  0.100000E-01
 *** MAX VISCOELASTIC STRAIN STEP = 0.9165E-06

     FORCE CONVERGENCE VALUE  =  0.8854E-06  CRITERION=  0.5000E-04
     DISP CONVERGENCE VALUE   =  0.6262E-05  CRITERION=  0.1143E-02 <<< CONVERGED
    EQUIL ITER   1 COMPLETED.  OLD TRIANG MATRIX.  MAX DOF INC= -0.6262E-05
     FORCE CONVERGENCE VALUE  =  0.4821E-13  CRITERION=  0.5000E-04 <<< CONVERGED
    >>> SOLUTION CONVERGED AFTER EQUILIBRIUM ITERATION   1
 *** LOAD STEP     3   SUBSTEP   100  COMPLETED.    CUM ITER =    523
 *** TIME =   32.0000         TIME INC =  0.100000E-01
 *** MAX VISCOELASTIC STRAIN STEP = 0.9055E-06

 TIME=  62.000    

 USE INITIAL TIME STEP SIZE OF 0.1000000     FOR ALL  DEGREES OF FREEDOM
 FOR AUTOMATIC TIME STEPPING:
   USE 0.1000000     AS THE MINIMUM TIME STEP SIZE
   USE 0.1000000     AS THE MAXIMUM TIME STEP SIZE

 *****  MAPDL SOLVE    COMMAND  *****

 *** NOTE ***                            ELAPSED TIME =      14.596   TIME= 20:23:23
 This nonlinear analysis defaults to using the initial stiffness         
 Newton-Raphson solution procedure.  This can be modified using the      
 NROPT command.                                                          

 *** MAPDL - ENGINEERING ANALYSIS SYSTEM  RELEASE 2026 R1          26.1     ***
 Ansys Mechanical Enterprise Academic Student      
 01055371  VERSION=WINDOWS x64   20:23:23  SEP 14, 2026 Elapsed Time=     14.615

 Stage 10 isothermal discretization verification                               



                      L O A D   S T E P   O P T I O N S

   LOAD STEP NUMBER. . . . . . . . . . . . . . . .     4
   TIME AT END OF THE LOAD STEP. . . . . . . . . .  62.000    
   TIME STEP SIZE. . . . . . . . . . . . . . . . . 0.10000    
   MAXIMUM NUMBER OF EQUILIBRIUM ITERATIONS. . . .    15
   STEP CHANGE BOUNDARY CONDITIONS . . . . . . . .    NO
   TERMINATE ANALYSIS IF NOT CONVERGED . . . . . .YES (EXIT)  
   CONVERGENCE CONTROLS. . . . . . . . . . . . . .USE DEFAULTS
   PRINT OUTPUT CONTROLS . . . . . . . . . . . . .NO PRINTOUT
   DATABASE OUTPUT CONTROLS
      ITEM     FREQUENCY   COMPONENT
       ALL       LAST               


 SOLUTION MONITORING INFO IS WRITTEN TO FILE= stage10_structural.mntr                                                                                                                                                                                                                                             

     FORCE CONVERGENCE VALUE  =  0.6280E-03  CRITERION=  0.5000E-04
     DISP CONVERGENCE VALUE   =  0.3019E-02  CRITERION=  0.1143E-02
    EQUIL ITER   1 COMPLETED.  OLD TRIANG MATRIX.  MAX DOF INC=  0.3019E-02
     FORCE CONVERGENCE VALUE  =  0.3324E-03  CRITERION=  0.5000E-04
     DISP CONVERGENCE VALUE   =  0.1930E-02  CRITERION=  0.1143E-02
    EQUIL ITER   2 COMPLETED.  OLD TRIANG MATRIX.  MAX DOF INC=  0.1930E-02
     FORCE CONVERGENCE VALUE  =  0.1694E-03  CRITERION=  0.5000E-04
     DISP CONVERGENCE VALUE   =  0.1239E-02  CRITERION=  0.1143E-02
    EQUIL ITER   3 COMPLETED.  OLD TRIANG MATRIX.  MAX DOF INC=  0.1239E-02
     FORCE CONVERGENCE VALUE  =  0.8155E-04  CRITERION=  0.5000E-04
     DISP CONVERGENCE VALUE   =  0.7995E-03  CRITERION=  0.1143E-02 <<< CONVERGED
    EQUIL ITER   4 COMPLETED.  OLD TRIANG MATRIX.  MAX DOF INC=  0.7995E-03
     FORCE CONVERGENCE VALUE  =  0.3590E-04  CRITERION=  0.5000E-04 <<< CONVERGED

 *** WARNING ***                         ELAPSED TIME =      14.690   TIME= 20:23:23
 A reference force value times the tolerance is used by the              
 Newton-Raphson method for checking convergence.  The calculated         
 reference FORCE CONVERGENCE VALUE = 3.387522914E-03 is less than a      
 threshold.  This threshold is internally calculated.  You can           
 overwrite it by specifying MINREF on the CNVTOL command.  Check         
 results carefully.                                                      
    >>> SOLUTION CONVERGED AFTER EQUILIBRIUM ITERATION   4
 *** LOAD STEP     4   SUBSTEP     1  COMPLETED.    CUM ITER =    527
 *** TIME =   32.1000         TIME INC =  0.100000    
 *** MAX VISCOELASTIC STRAIN STEP = 0.8794E-05

     FORCE CONVERGENCE VALUE  =  0.2991E-04  CRITERION=  0.5000E-04
     DISP CONVERGENCE VALUE   =  0.2982E-03  CRITERION=  0.1143E-02 <<< CONVERGED
    EQUIL ITER   1 COMPLETED.  OLD TRIANG MATRIX.  MAX DOF INC=  0.2982E-03
     FORCE CONVERGENCE VALUE  =  0.1336E-04  CRITERION=  0.5000E-04 <<< CONVERGED
    >>> SOLUTION CONVERGED AFTER EQUILIBRIUM ITERATION   1
 *** LOAD STEP     4   SUBSTEP     2  COMPLETED.    CUM ITER =    528
 *** TIME =   32.2000         TIME INC =  0.100000    
 *** MAX VISCOELASTIC STRAIN STEP = 0.8769E-05

     FORCE CONVERGENCE VALUE  =  0.4632E-05  CRITERION=  0.5000E-04
     DISP CONVERGENCE VALUE   =  0.1626E-03  CRITERION=  0.1143E-02 <<< CONVERGED
    EQUIL ITER   1 COMPLETED.  OLD TRIANG MATRIX.  MAX DOF INC= -0.1626E-03
     FORCE CONVERGENCE VALUE  =  0.3693E-05  CRITERION=  0.5000E-04 <<< CONVERGED
    >>> SOLUTION CONVERGED AFTER EQUILIBRIUM ITERATION   1
 *** LOAD STEP     4   SUBSTEP     3  COMPLETED.    CUM ITER =    529
 *** TIME =   32.3000         TIME INC =  0.100000    
 *** MAX VISCOELASTIC STRAIN STEP = 0.8624E-05

     FORCE CONVERGENCE VALUE  =  0.1447E-04  CRITERION=  0.5000E-04
     DISP CONVERGENCE VALUE   =  0.4611E-03  CRITERION=  0.1143E-02 <<< CONVERGED
    EQUIL ITER   1 COMPLETED.  OLD TRIANG MATRIX.  MAX DOF INC= -0.4611E-03
     FORCE CONVERGENCE VALUE  =  0.1124E-04  CRITERION=  0.5000E-04 <<< CONVERGED
    >>> SOLUTION CONVERGED AFTER EQUILIBRIUM ITERATION   1
 *** LOAD STEP     4   SUBSTEP     4  COMPLETED.    CUM ITER =    530
 *** TIME =   32.4000         TIME INC =  0.100000    
 *** MAX VISCOELASTIC STRAIN STEP = 0.8231E-05

     FORCE CONVERGENCE VALUE  =  0.2070E-04  CRITERION=  0.5000E-04
     DISP CONVERGENCE VALUE   =  0.6004E-03  CRITERION=  0.1143E-02 <<< CONVERGED
    EQUIL ITER   1 COMPLETED.  OLD TRIANG MATRIX.  MAX DOF INC= -0.6004E-03
     FORCE CONVERGENCE VALUE  =  0.2203E-04  CRITERION=  0.5000E-04 <<< CONVERGED
    >>> SOLUTION CONVERGED AFTER EQUILIBRIUM ITERATION   1
 *** LOAD STEP     4   SUBSTEP     5  COMPLETED.    CUM ITER =    531
 *** TIME =   32.5000         TIME INC =  0.100000    
 *** MAX VISCOELASTIC STRAIN STEP = 0.7731E-05

     FORCE CONVERGENCE VALUE  =  0.3246E-04  CRITERION=  0.5000E-04
     DISP CONVERGENCE VALUE   =  0.6219E-03  CRITERION=  0.1143E-02 <<< CONVERGED
    EQUIL ITER   1 COMPLETED.  OLD TRIANG MATRIX.  MAX DOF INC= -0.6219E-03
     FORCE CONVERGENCE VALUE  =  0.3210E-04  CRITERION=  0.5000E-04 <<< CONVERGED
    >>> SOLUTION CONVERGED AFTER EQUILIBRIUM ITERATION   1
 *** LOAD STEP     4   SUBSTEP     6  COMPLETED.    CUM ITER =    532
 *** TIME =   32.6000         TIME INC =  0.100000    
 *** MAX VISCOELASTIC STRAIN STEP = 0.7226E-05

     FORCE CONVERGENCE VALUE  =  0.4082E-04  CRITERION=  0.5000E-04
     DISP CONVERGENCE VALUE   =  0.5723E-03  CRITERION=  0.1143E-02 <<< CONVERGED
    EQUIL ITER   1 COMPLETED.  OLD TRIANG MATRIX.  MAX DOF INC= -0.5723E-03
     FORCE CONVERGENCE VALUE  =  0.3709E-04  CRITERION=  0.5000E-04 <<< CONVERGED
    >>> SOLUTION CONVERGED AFTER EQUILIBRIUM ITERATION   1
 *** LOAD STEP     4   SUBSTEP     7  COMPLETED.    CUM ITER =    533
 *** TIME =   32.7000         TIME INC =  0.100000    
 *** MAX VISCOELASTIC STRAIN STEP = 0.6772E-05

     FORCE CONVERGENCE VALUE  =  0.4069E-04  CRITERION=  0.5000E-04
     DISP CONVERGENCE VALUE   =  0.4900E-03  CRITERION=  0.1143E-02 <<< CONVERGED
    EQUIL ITER   1 COMPLETED.  OLD TRIANG MATRIX.  MAX DOF INC= -0.4900E-03
     FORCE CONVERGENCE VALUE  =  0.3554E-04  CRITERION=  0.5000E-04 <<< CONVERGED
    >>> SOLUTION CONVERGED AFTER EQUILIBRIUM ITERATION   1
 *** LOAD STEP     4   SUBSTEP     8  COMPLETED.    CUM ITER =    534
 *** TIME =   32.8000         TIME INC =  0.100000    
 *** MAX VISCOELASTIC STRAIN STEP = 0.6385E-05

     FORCE CONVERGENCE VALUE  =  0.3252E-04  CRITERION=  0.5000E-04
     DISP CONVERGENCE VALUE   =  0.4010E-03  CRITERION=  0.1143E-02 <<< CONVERGED
    EQUIL ITER   1 COMPLETED.  OLD TRIANG MATRIX.  MAX DOF INC= -0.4010E-03
     FORCE CONVERGENCE VALUE  =  0.2856E-04  CRITERION=  0.5000E-04 <<< CONVERGED
    >>> SOLUTION CONVERGED AFTER EQUILIBRIUM ITERATION   1
 *** LOAD STEP     4   SUBSTEP     9  COMPLETED.    CUM ITER =    535
 *** TIME =   32.9000         TIME INC =  0.100000    
 *** MAX VISCOELASTIC STRAIN STEP = 0.6062E-05

     FORCE CONVERGENCE VALUE  =  0.1979E-04  CRITERION=  0.5000E-04
     DISP CONVERGENCE VALUE   =  0.3203E-03  CRITERION=  0.1143E-02 <<< CONVERGED
    EQUIL ITER   1 COMPLETED.  OLD TRIANG MATRIX.  MAX DOF INC= -0.3203E-03
     FORCE CONVERGENCE VALUE  =  0.1859E-04  CRITERION=  0.5000E-04 <<< CONVERGED
    >>> SOLUTION CONVERGED AFTER EQUILIBRIUM ITERATION   1
 *** LOAD STEP     4   SUBSTEP    10  COMPLETED.    CUM ITER =    536
 *** TIME =   33.0000         TIME INC =  0.100000    
 *** MAX VISCOELASTIC STRAIN STEP = 0.5789E-05

     FORCE CONVERGENCE VALUE  =  0.9453E-05  CRITERION=  0.5000E-04
     DISP CONVERGENCE VALUE   =  0.2546E-03  CRITERION=  0.1143E-02 <<< CONVERGED
    EQUIL ITER   1 COMPLETED.  OLD TRIANG MATRIX.  MAX DOF INC= -0.2546E-03
     FORCE CONVERGENCE VALUE  =  0.8757E-05  CRITERION=  0.5000E-04 <<< CONVERGED
    >>> SOLUTION CONVERGED AFTER EQUILIBRIUM ITERATION   1
 *** LOAD STEP     4   SUBSTEP    11  COMPLETED.    CUM ITER =    537
 *** TIME =   33.1000         TIME INC =  0.100000    
 *** MAX VISCOELASTIC STRAIN STEP = 0.5550E-05

     FORCE CONVERGENCE VALUE  =  0.1490E-04  CRITERION=  0.5000E-04
     DISP CONVERGENCE VALUE   =  0.2052E-03  CRITERION=  0.1143E-02 <<< CONVERGED
    EQUIL ITER   1 COMPLETED.  OLD TRIANG MATRIX.  MAX DOF INC= -0.2052E-03
     FORCE CONVERGENCE VALUE  =  0.6429E-05  CRITERION=  0.5000E-04 <<< CONVERGED
    >>> SOLUTION CONVERGED AFTER EQUILIBRIUM ITERATION   1
 *** LOAD STEP     4   SUBSTEP    12  COMPLETED.    CUM ITER =    538
 *** TIME =   33.2000         TIME INC =  0.100000    
 *** MAX VISCOELASTIC STRAIN STEP = 0.5334E-05

     FORCE CONVERGENCE VALUE  =  0.2451E-04  CRITERION=  0.5000E-04
     DISP CONVERGENCE VALUE   =  0.1702E-03  CRITERION=  0.1143E-02 <<< CONVERGED
    EQUIL ITER   1 COMPLETED.  OLD TRIANG MATRIX.  MAX DOF INC= -0.1702E-03
     FORCE CONVERGENCE VALUE  =  0.1218E-04  CRITERION=  0.5000E-04 <<< CONVERGED
    >>> SOLUTION CONVERGED AFTER EQUILIBRIUM ITERATION   1
 *** LOAD STEP     4   SUBSTEP    13  COMPLETED.    CUM ITER =    539
 *** TIME =   33.3000         TIME INC =  0.100000    
 *** MAX VISCOELASTIC STRAIN STEP = 0.5134E-05

     FORCE CONVERGENCE VALUE  =  0.3151E-04  CRITERION=  0.5000E-04
     DISP CONVERGENCE VALUE   =  0.1468E-03  CRITERION=  0.1143E-02 <<< CONVERGED
    EQUIL ITER   1 COMPLETED.  OLD TRIANG MATRIX.  MAX DOF INC= -0.1468E-03
     FORCE CONVERGENCE VALUE  =  0.1694E-04  CRITERION=  0.5000E-04 <<< CONVERGED
    >>> SOLUTION CONVERGED AFTER EQUILIBRIUM ITERATION   1
 *** LOAD STEP     4   SUBSTEP    14  COMPLETED.    CUM ITER =    540
 *** TIME =   33.4000         TIME INC =  0.100000    
 *** MAX VISCOELASTIC STRAIN STEP = 0.4943E-05

     FORCE CONVERGENCE VALUE  =  0.3545E-04  CRITERION=  0.5000E-04
     DISP CONVERGENCE VALUE   =  0.1317E-03  CRITERION=  0.1143E-02 <<< CONVERGED
    EQUIL ITER   1 COMPLETED.  OLD TRIANG MATRIX.  MAX DOF INC= -0.1317E-03
     FORCE CONVERGENCE VALUE  =  0.1970E-04  CRITERION=  0.5000E-04 <<< CONVERGED
    >>> SOLUTION CONVERGED AFTER EQUILIBRIUM ITERATION   1
 *** LOAD STEP     4   SUBSTEP    15  COMPLETED.    CUM ITER =    541
 *** TIME =   33.5000         TIME INC =  0.100000    
 *** MAX VISCOELASTIC STRAIN STEP = 0.4761E-05

     FORCE CONVERGENCE VALUE  =  0.3690E-04  CRITERION=  0.5000E-04
     DISP CONVERGENCE VALUE   =  0.1221E-03  CRITERION=  0.1143E-02 <<< CONVERGED
    EQUIL ITER   1 COMPLETED.  OLD TRIANG MATRIX.  MAX DOF INC= -0.1221E-03
     FORCE CONVERGENCE VALUE  =  0.2080E-04  CRITERION=  0.5000E-04 <<< CONVERGED
    >>> SOLUTION CONVERGED AFTER EQUILIBRIUM ITERATION   1
 *** LOAD STEP     4   SUBSTEP    16  COMPLETED.    CUM ITER =    542
 *** TIME =   33.6000         TIME INC =  0.100000    
 *** MAX VISCOELASTIC STRAIN STEP = 0.4586E-05

     FORCE CONVERGENCE VALUE  =  0.3668E-04  CRITERION=  0.5000E-04
     DISP CONVERGENCE VALUE   =  0.1158E-03  CRITERION=  0.1143E-02 <<< CONVERGED
    EQUIL ITER   1 COMPLETED.  OLD TRIANG MATRIX.  MAX DOF INC= -0.1158E-03
     FORCE CONVERGENCE VALUE  =  0.2078E-04  CRITERION=  0.5000E-04 <<< CONVERGED
    >>> SOLUTION CONVERGED AFTER EQUILIBRIUM ITERATION   1
 *** LOAD STEP     4   SUBSTEP    17  COMPLETED.    CUM ITER =    543
 *** TIME =   33.7000         TIME INC =  0.100000    
 *** MAX VISCOELASTIC STRAIN STEP = 0.4416E-05

     FORCE CONVERGENCE VALUE  =  0.3553E-04  CRITERION=  0.5000E-04
     DISP CONVERGENCE VALUE   =  0.1111E-03  CRITERION=  0.1143E-02 <<< CONVERGED
    EQUIL ITER   1 COMPLETED.  OLD TRIANG MATRIX.  MAX DOF INC= -0.1111E-03
     FORCE CONVERGENCE VALUE  =  0.2015E-04  CRITERION=  0.5000E-04 <<< CONVERGED
    >>> SOLUTION CONVERGED AFTER EQUILIBRIUM ITERATION   1
 *** LOAD STEP     4   SUBSTEP    18  COMPLETED.    CUM ITER =    544
 *** TIME =   33.8000         TIME INC =  0.100000    
 *** MAX VISCOELASTIC STRAIN STEP = 0.4254E-05

     FORCE CONVERGENCE VALUE  =  0.3406E-04  CRITERION=  0.5000E-04
     DISP CONVERGENCE VALUE   =  0.1070E-03  CRITERION=  0.1143E-02 <<< CONVERGED
    EQUIL ITER   1 COMPLETED.  OLD TRIANG MATRIX.  MAX DOF INC= -0.1070E-03
     FORCE CONVERGENCE VALUE  =  0.1929E-04  CRITERION=  0.5000E-04 <<< CONVERGED
    >>> SOLUTION CONVERGED AFTER EQUILIBRIUM ITERATION   1
 *** LOAD STEP     4   SUBSTEP    19  COMPLETED.    CUM ITER =    545
 *** TIME =   33.9000         TIME INC =  0.100000    
 *** MAX VISCOELASTIC STRAIN STEP = 0.4097E-05

     FORCE CONVERGENCE VALUE  =  0.3262E-04  CRITERION=  0.5000E-04
     DISP CONVERGENCE VALUE   =  0.1029E-03  CRITERION=  0.1143E-02 <<< CONVERGED
    EQUIL ITER   1 COMPLETED.  OLD TRIANG MATRIX.  MAX DOF INC= -0.1029E-03
     FORCE CONVERGENCE VALUE  =  0.1846E-04  CRITERION=  0.5000E-04 <<< CONVERGED
    >>> SOLUTION CONVERGED AFTER EQUILIBRIUM ITERATION   1
 *** LOAD STEP     4   SUBSTEP    20  COMPLETED.    CUM ITER =    546
 *** TIME =   34.0000         TIME INC =  0.100000    
 *** MAX VISCOELASTIC STRAIN STEP = 0.3947E-05

     FORCE CONVERGENCE VALUE  =  0.3142E-04  CRITERION=  0.5000E-04
     DISP CONVERGENCE VALUE   =  0.9851E-04  CRITERION=  0.1143E-02 <<< CONVERGED
    EQUIL ITER   1 COMPLETED.  OLD TRIANG MATRIX.  MAX DOF INC= -0.9851E-04
     FORCE CONVERGENCE VALUE  =  0.1778E-04  CRITERION=  0.5000E-04 <<< CONVERGED
    >>> SOLUTION CONVERGED AFTER EQUILIBRIUM ITERATION   1
 *** LOAD STEP     4   SUBSTEP    21  COMPLETED.    CUM ITER =    547
 *** TIME =   34.1000         TIME INC =  0.100000    
 *** MAX VISCOELASTIC STRAIN STEP = 0.3802E-05

     FORCE CONVERGENCE VALUE  =  0.3051E-04  CRITERION=  0.5000E-04
     DISP CONVERGENCE VALUE   =  0.9377E-04  CRITERION=  0.1143E-02 <<< CONVERGED
    EQUIL ITER   1 COMPLETED.  OLD TRIANG MATRIX.  MAX DOF INC= -0.9377E-04
     FORCE CONVERGENCE VALUE  =  0.1729E-04  CRITERION=  0.5000E-04 <<< CONVERGED
    >>> SOLUTION CONVERGED AFTER EQUILIBRIUM ITERATION   1
 *** LOAD STEP     4   SUBSTEP    22  COMPLETED.    CUM ITER =    548
 *** TIME =   34.2000         TIME INC =  0.100000    
 *** MAX VISCOELASTIC STRAIN STEP = 0.3664E-05

     FORCE CONVERGENCE VALUE  =  0.2986E-04  CRITERION=  0.5000E-04
     DISP CONVERGENCE VALUE   =  0.8878E-04  CRITERION=  0.1143E-02 <<< CONVERGED
    EQUIL ITER   1 COMPLETED.  OLD TRIANG MATRIX.  MAX DOF INC= -0.8878E-04
     FORCE CONVERGENCE VALUE  =  0.1697E-04  CRITERION=  0.5000E-04 <<< CONVERGED
    >>> SOLUTION CONVERGED AFTER EQUILIBRIUM ITERATION   1
 *** LOAD STEP     4   SUBSTEP    23  COMPLETED.    CUM ITER =    549
 *** TIME =   34.3000         TIME INC =  0.100000    
 *** MAX VISCOELASTIC STRAIN STEP = 0.3530E-05

     FORCE CONVERGENCE VALUE  =  0.2939E-04  CRITERION=  0.5000E-04
     DISP CONVERGENCE VALUE   =  0.8371E-04  CRITERION=  0.1143E-02 <<< CONVERGED
    EQUIL ITER   1 COMPLETED.  OLD TRIANG MATRIX.  MAX DOF INC= -0.8371E-04
     FORCE CONVERGENCE VALUE  =  0.1677E-04  CRITERION=  0.5000E-04 <<< CONVERGED
    >>> SOLUTION CONVERGED AFTER EQUILIBRIUM ITERATION   1
 *** LOAD STEP     4   SUBSTEP    24  COMPLETED.    CUM ITER =    550
 *** TIME =   34.4000         TIME INC =  0.100000    
 *** MAX VISCOELASTIC STRAIN STEP = 0.3402E-05

     FORCE CONVERGENCE VALUE  =  0.2902E-04  CRITERION=  0.5000E-04
     DISP CONVERGENCE VALUE   =  0.7870E-04  CRITERION=  0.1143E-02 <<< CONVERGED
    EQUIL ITER   1 COMPLETED.  OLD TRIANG MATRIX.  MAX DOF INC= -0.7870E-04
     FORCE CONVERGENCE VALUE  =  0.1664E-04  CRITERION=  0.5000E-04 <<< CONVERGED
    >>> SOLUTION CONVERGED AFTER EQUILIBRIUM ITERATION   1
 *** LOAD STEP     4   SUBSTEP    25  COMPLETED.    CUM ITER =    551
 *** TIME =   34.5000         TIME INC =  0.100000    
 *** MAX VISCOELASTIC STRAIN STEP = 0.3280E-05

     FORCE CONVERGENCE VALUE  =  0.2869E-04  CRITERION=  0.5000E-04
     DISP CONVERGENCE VALUE   =  0.7390E-04  CRITERION=  0.1143E-02 <<< CONVERGED
    EQUIL ITER   1 COMPLETED.  OLD TRIANG MATRIX.  MAX DOF INC= -0.7390E-04
     FORCE CONVERGENCE VALUE  =  0.1653E-04  CRITERION=  0.5000E-04 <<< CONVERGED
    >>> SOLUTION CONVERGED AFTER EQUILIBRIUM ITERATION   1
 *** LOAD STEP     4   SUBSTEP    26  COMPLETED.    CUM ITER =    552
 *** TIME =   34.6000         TIME INC =  0.100000    
 *** MAX VISCOELASTIC STRAIN STEP = 0.3162E-05

     FORCE CONVERGENCE VALUE  =  0.2834E-04  CRITERION=  0.5000E-04
     DISP CONVERGENCE VALUE   =  0.6939E-04  CRITERION=  0.1143E-02 <<< CONVERGED
    EQUIL ITER   1 COMPLETED.  OLD TRIANG MATRIX.  MAX DOF INC= -0.6939E-04
     FORCE CONVERGENCE VALUE  =  0.1640E-04  CRITERION=  0.5000E-04 <<< CONVERGED
    >>> SOLUTION CONVERGED AFTER EQUILIBRIUM ITERATION   1
 *** LOAD STEP     4   SUBSTEP    27  COMPLETED.    CUM ITER =    553
 *** TIME =   34.7000         TIME INC =  0.100000    
 *** MAX VISCOELASTIC STRAIN STEP = 0.3048E-05

     FORCE CONVERGENCE VALUE  =  0.2794E-04  CRITERION=  0.5000E-04
     DISP CONVERGENCE VALUE   =  0.6522E-04  CRITERION=  0.1143E-02 <<< CONVERGED
    EQUIL ITER   1 COMPLETED.  OLD TRIANG MATRIX.  MAX DOF INC= -0.6522E-04
     FORCE CONVERGENCE VALUE  =  0.1624E-04  CRITERION=  0.5000E-04 <<< CONVERGED
    >>> SOLUTION CONVERGED AFTER EQUILIBRIUM ITERATION   1
 *** LOAD STEP     4   SUBSTEP    28  COMPLETED.    CUM ITER =    554
 *** TIME =   34.8000         TIME INC =  0.100000    
 *** MAX VISCOELASTIC STRAIN STEP = 0.2940E-05

     FORCE CONVERGENCE VALUE  =  0.2748E-04  CRITERION=  0.5000E-04
     DISP CONVERGENCE VALUE   =  0.6142E-04  CRITERION=  0.1143E-02 <<< CONVERGED
    EQUIL ITER   1 COMPLETED.  OLD TRIANG MATRIX.  MAX DOF INC= -0.6142E-04
     FORCE CONVERGENCE VALUE  =  0.1602E-04  CRITERION=  0.5000E-04 <<< CONVERGED
    >>> SOLUTION CONVERGED AFTER EQUILIBRIUM ITERATION   1
 *** LOAD STEP     4   SUBSTEP    29  COMPLETED.    CUM ITER =    555
 *** TIME =   34.9000         TIME INC =  0.100000    
 *** MAX VISCOELASTIC STRAIN STEP = 0.2835E-05

     FORCE CONVERGENCE VALUE  =  0.2696E-04  CRITERION=  0.5000E-04
     DISP CONVERGENCE VALUE   =  0.5797E-04  CRITERION=  0.1143E-02 <<< CONVERGED
    EQUIL ITER   1 COMPLETED.  OLD TRIANG MATRIX.  MAX DOF INC= -0.5797E-04
     FORCE CONVERGENCE VALUE  =  0.1576E-04  CRITERION=  0.5000E-04 <<< CONVERGED
    >>> SOLUTION CONVERGED AFTER EQUILIBRIUM ITERATION   1
 *** LOAD STEP     4   SUBSTEP    30  COMPLETED.    CUM ITER =    556
 *** TIME =   35.0000         TIME INC =  0.100000    
 *** MAX VISCOELASTIC STRAIN STEP = 0.2735E-05

     FORCE CONVERGENCE VALUE  =  0.2638E-04  CRITERION=  0.5000E-04
     DISP CONVERGENCE VALUE   =  0.5484E-04  CRITERION=  0.1143E-02 <<< CONVERGED
    EQUIL ITER   1 COMPLETED.  OLD TRIANG MATRIX.  MAX DOF INC= -0.5484E-04
     FORCE CONVERGENCE VALUE  =  0.1546E-04  CRITERION=  0.5000E-04 <<< CONVERGED
    >>> SOLUTION CONVERGED AFTER EQUILIBRIUM ITERATION   1
 *** LOAD STEP     4   SUBSTEP    31  COMPLETED.    CUM ITER =    557
 *** TIME =   35.1000         TIME INC =  0.100000    
 *** MAX VISCOELASTIC STRAIN STEP = 0.2638E-05

     FORCE CONVERGENCE VALUE  =  0.2576E-04  CRITERION=  0.5000E-04
     DISP CONVERGENCE VALUE   =  0.5199E-04  CRITERION=  0.1143E-02 <<< CONVERGED
    EQUIL ITER   1 COMPLETED.  OLD TRIANG MATRIX.  MAX DOF INC= -0.5199E-04
     FORCE CONVERGENCE VALUE  =  0.1513E-04  CRITERION=  0.5000E-04 <<< CONVERGED
    >>> SOLUTION CONVERGED AFTER EQUILIBRIUM ITERATION   1
 *** LOAD STEP     4   SUBSTEP    32  COMPLETED.    CUM ITER =    558
 *** TIME =   35.2000         TIME INC =  0.100000    
 *** MAX VISCOELASTIC STRAIN STEP = 0.2545E-05

     FORCE CONVERGENCE VALUE  =  0.2511E-04  CRITERION=  0.5000E-04
     DISP CONVERGENCE VALUE   =  0.4938E-04  CRITERION=  0.1143E-02 <<< CONVERGED
    EQUIL ITER   1 COMPLETED.  OLD TRIANG MATRIX.  MAX DOF INC= -0.4938E-04
     FORCE CONVERGENCE VALUE  =  0.1477E-04  CRITERION=  0.5000E-04 <<< CONVERGED
    >>> SOLUTION CONVERGED AFTER EQUILIBRIUM ITERATION   1
 *** LOAD STEP     4   SUBSTEP    33  COMPLETED.    CUM ITER =    559
 *** TIME =   35.3000         TIME INC =  0.100000    
 *** MAX VISCOELASTIC STRAIN STEP = 0.2456E-05

     FORCE CONVERGENCE VALUE  =  0.2444E-04  CRITERION=  0.5000E-04
     DISP CONVERGENCE VALUE   =  0.4698E-04  CRITERION=  0.1143E-02 <<< CONVERGED
    EQUIL ITER   1 COMPLETED.  OLD TRIANG MATRIX.  MAX DOF INC= -0.4698E-04
     FORCE CONVERGENCE VALUE  =  0.1440E-04  CRITERION=  0.5000E-04 <<< CONVERGED
    >>> SOLUTION CONVERGED AFTER EQUILIBRIUM ITERATION   1
 *** LOAD STEP     4   SUBSTEP    34  COMPLETED.    CUM ITER =    560
 *** TIME =   35.4000         TIME INC =  0.100000    
 *** MAX VISCOELASTIC STRAIN STEP = 0.2370E-05

     FORCE CONVERGENCE VALUE  =  0.2377E-04  CRITERION=  0.5000E-04
     DISP CONVERGENCE VALUE   =  0.4475E-04  CRITERION=  0.1143E-02 <<< CONVERGED
    EQUIL ITER   1 COMPLETED.  OLD TRIANG MATRIX.  MAX DOF INC= -0.4475E-04
     FORCE CONVERGENCE VALUE  =  0.1402E-04  CRITERION=  0.5000E-04 <<< CONVERGED
    >>> SOLUTION CONVERGED AFTER EQUILIBRIUM ITERATION   1
 *** LOAD STEP     4   SUBSTEP    35  COMPLETED.    CUM ITER =    561
 *** TIME =   35.5000         TIME INC =  0.100000    
 *** MAX VISCOELASTIC STRAIN STEP = 0.2287E-05

     FORCE CONVERGENCE VALUE  =  0.2309E-04  CRITERION=  0.5000E-04
     DISP CONVERGENCE VALUE   =  0.4266E-04  CRITERION=  0.1143E-02 <<< CONVERGED
    EQUIL ITER   1 COMPLETED.  OLD TRIANG MATRIX.  MAX DOF INC= -0.4266E-04
     FORCE CONVERGENCE VALUE  =  0.1364E-04  CRITERION=  0.5000E-04 <<< CONVERGED
    >>> SOLUTION CONVERGED AFTER EQUILIBRIUM ITERATION   1
 *** LOAD STEP     4   SUBSTEP    36  COMPLETED.    CUM ITER =    562
 *** TIME =   35.6000         TIME INC =  0.100000    
 *** MAX VISCOELASTIC STRAIN STEP = 0.2207E-05

     FORCE CONVERGENCE VALUE  =  0.2243E-04  CRITERION=  0.5000E-04
     DISP CONVERGENCE VALUE   =  0.4071E-04  CRITERION=  0.1143E-02 <<< CONVERGED
    EQUIL ITER   1 COMPLETED.  OLD TRIANG MATRIX.  MAX DOF INC= -0.4071E-04
     FORCE CONVERGENCE VALUE  =  0.1326E-04  CRITERION=  0.5000E-04 <<< CONVERGED
    >>> SOLUTION CONVERGED AFTER EQUILIBRIUM ITERATION   1
 *** LOAD STEP     4   SUBSTEP    37  COMPLETED.    CUM ITER =    563
 *** TIME =   35.7000         TIME INC =  0.100000    
 *** MAX VISCOELASTIC STRAIN STEP = 0.2130E-05

     FORCE CONVERGENCE VALUE  =  0.2177E-04  CRITERION=  0.5000E-04
     DISP CONVERGENCE VALUE   =  0.3886E-04  CRITERION=  0.1143E-02 <<< CONVERGED
    EQUIL ITER   1 COMPLETED.  OLD TRIANG MATRIX.  MAX DOF INC= -0.3886E-04
     FORCE CONVERGENCE VALUE  =  0.1288E-04  CRITERION=  0.5000E-04 <<< CONVERGED
    >>> SOLUTION CONVERGED AFTER EQUILIBRIUM ITERATION   1
 *** LOAD STEP     4   SUBSTEP    38  COMPLETED.    CUM ITER =    564
 *** TIME =   35.8000         TIME INC =  0.100000    
 *** MAX VISCOELASTIC STRAIN STEP = 0.2056E-05

     FORCE CONVERGENCE VALUE  =  0.2112E-04  CRITERION=  0.5000E-04
     DISP CONVERGENCE VALUE   =  0.3712E-04  CRITERION=  0.1143E-02 <<< CONVERGED
    EQUIL ITER   1 COMPLETED.  OLD TRIANG MATRIX.  MAX DOF INC= -0.3712E-04
     FORCE CONVERGENCE VALUE  =  0.1251E-04  CRITERION=  0.5000E-04 <<< CONVERGED
    >>> SOLUTION CONVERGED AFTER EQUILIBRIUM ITERATION   1
 *** LOAD STEP     4   SUBSTEP    39  COMPLETED.    CUM ITER =    565
 *** TIME =   35.9000         TIME INC =  0.100000    
 *** MAX VISCOELASTIC STRAIN STEP = 0.1984E-05

     FORCE CONVERGENCE VALUE  =  0.2049E-04  CRITERION=  0.5000E-04
     DISP CONVERGENCE VALUE   =  0.3548E-04  CRITERION=  0.1143E-02 <<< CONVERGED
    EQUIL ITER   1 COMPLETED.  OLD TRIANG MATRIX.  MAX DOF INC= -0.3548E-04
     FORCE CONVERGENCE VALUE  =  0.1214E-04  CRITERION=  0.5000E-04 <<< CONVERGED
    >>> SOLUTION CONVERGED AFTER EQUILIBRIUM ITERATION   1
 *** LOAD STEP     4   SUBSTEP    40  COMPLETED.    CUM ITER =    566
 *** TIME =   36.0000         TIME INC =  0.100000    
 *** MAX VISCOELASTIC STRAIN STEP = 0.1916E-05

     FORCE CONVERGENCE VALUE  =  0.1986E-04  CRITERION=  0.5000E-04
     DISP CONVERGENCE VALUE   =  0.3392E-04  CRITERION=  0.1143E-02 <<< CONVERGED
    EQUIL ITER   1 COMPLETED.  OLD TRIANG MATRIX.  MAX DOF INC= -0.3392E-04
     FORCE CONVERGENCE VALUE  =  0.1178E-04  CRITERION=  0.5000E-04 <<< CONVERGED
    >>> SOLUTION CONVERGED AFTER EQUILIBRIUM ITERATION   1
 *** LOAD STEP     4   SUBSTEP    41  COMPLETED.    CUM ITER =    567
 *** TIME =   36.1000         TIME INC =  0.100000    
 *** MAX VISCOELASTIC STRAIN STEP = 0.1849E-05

     FORCE CONVERGENCE VALUE  =  0.1925E-04  CRITERION=  0.5000E-04
     DISP CONVERGENCE VALUE   =  0.3245E-04  CRITERION=  0.1143E-02 <<< CONVERGED
    EQUIL ITER   1 COMPLETED.  OLD TRIANG MATRIX.  MAX DOF INC= -0.3245E-04
     FORCE CONVERGENCE VALUE  =  0.1143E-04  CRITERION=  0.5000E-04 <<< CONVERGED
    >>> SOLUTION CONVERGED AFTER EQUILIBRIUM ITERATION   1
 *** LOAD STEP     4   SUBSTEP    42  COMPLETED.    CUM ITER =    568
 *** TIME =   36.2000         TIME INC =  0.100000    
 *** MAX VISCOELASTIC STRAIN STEP = 0.1785E-05

     FORCE CONVERGENCE VALUE  =  0.1866E-04  CRITERION=  0.5000E-04
     DISP CONVERGENCE VALUE   =  0.3106E-04  CRITERION=  0.1143E-02 <<< CONVERGED
    EQUIL ITER   1 COMPLETED.  OLD TRIANG MATRIX.  MAX DOF INC= -0.3106E-04
     FORCE CONVERGENCE VALUE  =  0.1108E-04  CRITERION=  0.5000E-04 <<< CONVERGED
    >>> SOLUTION CONVERGED AFTER EQUILIBRIUM ITERATION   1
 *** LOAD STEP     4   SUBSTEP    43  COMPLETED.    CUM ITER =    569
 *** TIME =   36.3000         TIME INC =  0.100000    
 *** MAX VISCOELASTIC STRAIN STEP = 0.1724E-05

     FORCE CONVERGENCE VALUE  =  0.1807E-04  CRITERION=  0.5000E-04
     DISP CONVERGENCE VALUE   =  0.2974E-04  CRITERION=  0.1143E-02 <<< CONVERGED
    EQUIL ITER   1 COMPLETED.  OLD TRIANG MATRIX.  MAX DOF INC= -0.2974E-04
     FORCE CONVERGENCE VALUE  =  0.1074E-04  CRITERION=  0.5000E-04 <<< CONVERGED
    >>> SOLUTION CONVERGED AFTER EQUILIBRIUM ITERATION   1
 *** LOAD STEP     4   SUBSTEP    44  COMPLETED.    CUM ITER =    570
 *** TIME =   36.4000         TIME INC =  0.100000    
 *** MAX VISCOELASTIC STRAIN STEP = 0.1665E-05

     FORCE CONVERGENCE VALUE  =  0.1750E-04  CRITERION=  0.5000E-04
     DISP CONVERGENCE VALUE   =  0.2849E-04  CRITERION=  0.1143E-02 <<< CONVERGED
    EQUIL ITER   1 COMPLETED.  OLD TRIANG MATRIX.  MAX DOF INC= -0.2849E-04
     FORCE CONVERGENCE VALUE  =  0.1041E-04  CRITERION=  0.5000E-04 <<< CONVERGED
    >>> SOLUTION CONVERGED AFTER EQUILIBRIUM ITERATION   1
 *** LOAD STEP     4   SUBSTEP    45  COMPLETED.    CUM ITER =    571
 *** TIME =   36.5000         TIME INC =  0.100000    
 *** MAX VISCOELASTIC STRAIN STEP = 0.1607E-05

     FORCE CONVERGENCE VALUE  =  0.1694E-04  CRITERION=  0.5000E-04
     DISP CONVERGENCE VALUE   =  0.2731E-04  CRITERION=  0.1143E-02 <<< CONVERGED
    EQUIL ITER   1 COMPLETED.  OLD TRIANG MATRIX.  MAX DOF INC= -0.2731E-04
     FORCE CONVERGENCE VALUE  =  0.1008E-04  CRITERION=  0.5000E-04 <<< CONVERGED
    >>> SOLUTION CONVERGED AFTER EQUILIBRIUM ITERATION   1
 *** LOAD STEP     4   SUBSTEP    46  COMPLETED.    CUM ITER =    572
 *** TIME =   36.6000         TIME INC =  0.100000    
 *** MAX VISCOELASTIC STRAIN STEP = 0.1552E-05

     FORCE CONVERGENCE VALUE  =  0.1640E-04  CRITERION=  0.5000E-04
     DISP CONVERGENCE VALUE   =  0.2619E-04  CRITERION=  0.1143E-02 <<< CONVERGED
    EQUIL ITER   1 COMPLETED.  OLD TRIANG MATRIX.  MAX DOF INC= -0.2619E-04
     FORCE CONVERGENCE VALUE  =  0.9762E-05  CRITERION=  0.5000E-04 <<< CONVERGED
    >>> SOLUTION CONVERGED AFTER EQUILIBRIUM ITERATION   1
 *** LOAD STEP     4   SUBSTEP    47  COMPLETED.    CUM ITER =    573
 *** TIME =   36.7000         TIME INC =  0.100000    
 *** MAX VISCOELASTIC STRAIN STEP = 0.1499E-05

     FORCE CONVERGENCE VALUE  =  0.1587E-04  CRITERION=  0.5000E-04
     DISP CONVERGENCE VALUE   =  0.2512E-04  CRITERION=  0.1143E-02 <<< CONVERGED
    EQUIL ITER   1 COMPLETED.  OLD TRIANG MATRIX.  MAX DOF INC= -0.2512E-04
     FORCE CONVERGENCE VALUE  =  0.9450E-05  CRITERION=  0.5000E-04 <<< CONVERGED
    >>> SOLUTION CONVERGED AFTER EQUILIBRIUM ITERATION   1
 *** LOAD STEP     4   SUBSTEP    48  COMPLETED.    CUM ITER =    574
 *** TIME =   36.8000         TIME INC =  0.100000    
 *** MAX VISCOELASTIC STRAIN STEP = 0.1448E-05

     FORCE CONVERGENCE VALUE  =  0.1535E-04  CRITERION=  0.5000E-04
     DISP CONVERGENCE VALUE   =  0.2411E-04  CRITERION=  0.1143E-02 <<< CONVERGED
    EQUIL ITER   1 COMPLETED.  OLD TRIANG MATRIX.  MAX DOF INC= -0.2411E-04
     FORCE CONVERGENCE VALUE  =  0.9145E-05  CRITERION=  0.5000E-04 <<< CONVERGED
    >>> SOLUTION CONVERGED AFTER EQUILIBRIUM ITERATION   1
 *** LOAD STEP     4   SUBSTEP    49  COMPLETED.    CUM ITER =    575
 *** TIME =   36.9000         TIME INC =  0.100000    
 *** MAX VISCOELASTIC STRAIN STEP = 0.1399E-05

     FORCE CONVERGENCE VALUE  =  0.1485E-04  CRITERION=  0.5000E-04
     DISP CONVERGENCE VALUE   =  0.2315E-04  CRITERION=  0.1143E-02 <<< CONVERGED
    EQUIL ITER   1 COMPLETED.  OLD TRIANG MATRIX.  MAX DOF INC= -0.2315E-04
     FORCE CONVERGENCE VALUE  =  0.8848E-05  CRITERION=  0.5000E-04 <<< CONVERGED
    >>> SOLUTION CONVERGED AFTER EQUILIBRIUM ITERATION   1
 *** LOAD STEP     4   SUBSTEP    50  COMPLETED.    CUM ITER =    576
 *** TIME =   37.0000         TIME INC =  0.100000    
 *** MAX VISCOELASTIC STRAIN STEP = 0.1351E-05

     FORCE CONVERGENCE VALUE  =  0.1436E-04  CRITERION=  0.5000E-04
     DISP CONVERGENCE VALUE   =  0.2223E-04  CRITERION=  0.1143E-02 <<< CONVERGED
    EQUIL ITER   1 COMPLETED.  OLD TRIANG MATRIX.  MAX DOF INC= -0.2223E-04
     FORCE CONVERGENCE VALUE  =  0.8559E-05  CRITERION=  0.5000E-04 <<< CONVERGED
    >>> SOLUTION CONVERGED AFTER EQUILIBRIUM ITERATION   1
 *** LOAD STEP     4   SUBSTEP    51  COMPLETED.    CUM ITER =    577
 *** TIME =   37.1000         TIME INC =  0.100000    
 *** MAX VISCOELASTIC STRAIN STEP = 0.1305E-05

     FORCE CONVERGENCE VALUE  =  0.1388E-04  CRITERION=  0.5000E-04
     DISP CONVERGENCE VALUE   =  0.2136E-04  CRITERION=  0.1143E-02 <<< CONVERGED
    EQUIL ITER   1 COMPLETED.  OLD TRIANG MATRIX.  MAX DOF INC= -0.2136E-04
     FORCE CONVERGENCE VALUE  =  0.8277E-05  CRITERION=  0.5000E-04 <<< CONVERGED
    >>> SOLUTION CONVERGED AFTER EQUILIBRIUM ITERATION   1
 *** LOAD STEP     4   SUBSTEP    52  COMPLETED.    CUM ITER =    578
 *** TIME =   37.2000         TIME INC =  0.100000    
 *** MAX VISCOELASTIC STRAIN STEP = 0.1261E-05

     FORCE CONVERGENCE VALUE  =  0.1342E-04  CRITERION=  0.5000E-04
     DISP CONVERGENCE VALUE   =  0.2053E-04  CRITERION=  0.1143E-02 <<< CONVERGED
    EQUIL ITER   1 COMPLETED.  OLD TRIANG MATRIX.  MAX DOF INC= -0.2053E-04
     FORCE CONVERGENCE VALUE  =  0.8003E-05  CRITERION=  0.5000E-04 <<< CONVERGED
    >>> SOLUTION CONVERGED AFTER EQUILIBRIUM ITERATION   1
 *** LOAD STEP     4   SUBSTEP    53  COMPLETED.    CUM ITER =    579
 *** TIME =   37.3000         TIME INC =  0.100000    
 *** MAX VISCOELASTIC STRAIN STEP = 0.1218E-05

     FORCE CONVERGENCE VALUE  =  0.1297E-04  CRITERION=  0.5000E-04
     DISP CONVERGENCE VALUE   =  0.1973E-04  CRITERION=  0.1143E-02 <<< CONVERGED
    EQUIL ITER   1 COMPLETED.  OLD TRIANG MATRIX.  MAX DOF INC= -0.1973E-04
     FORCE CONVERGENCE VALUE  =  0.7737E-05  CRITERION=  0.5000E-04 <<< CONVERGED
    >>> SOLUTION CONVERGED AFTER EQUILIBRIUM ITERATION   1
 *** LOAD STEP     4   SUBSTEP    54  COMPLETED.    CUM ITER =    580
 *** TIME =   37.4000         TIME INC =  0.100000    
 *** MAX VISCOELASTIC STRAIN STEP = 0.1177E-05

     FORCE CONVERGENCE VALUE  =  0.1253E-04  CRITERION=  0.5000E-04
     DISP CONVERGENCE VALUE   =  0.1897E-04  CRITERION=  0.1143E-02 <<< CONVERGED
    EQUIL ITER   1 COMPLETED.  OLD TRIANG MATRIX.  MAX DOF INC= -0.1897E-04
     FORCE CONVERGENCE VALUE  =  0.7479E-05  CRITERION=  0.5000E-04 <<< CONVERGED
    >>> SOLUTION CONVERGED AFTER EQUILIBRIUM ITERATION   1
 *** LOAD STEP     4   SUBSTEP    55  COMPLETED.    CUM ITER =    581
 *** TIME =   37.5000         TIME INC =  0.100000    
 *** MAX VISCOELASTIC STRAIN STEP = 0.1137E-05

     FORCE CONVERGENCE VALUE  =  0.1211E-04  CRITERION=  0.5000E-04
     DISP CONVERGENCE VALUE   =  0.1825E-04  CRITERION=  0.1143E-02 <<< CONVERGED
    EQUIL ITER   1 COMPLETED.  OLD TRIANG MATRIX.  MAX DOF INC= -0.1825E-04
     FORCE CONVERGENCE VALUE  =  0.7228E-05  CRITERION=  0.5000E-04 <<< CONVERGED
    >>> SOLUTION CONVERGED AFTER EQUILIBRIUM ITERATION   1
 *** LOAD STEP     4   SUBSTEP    56  COMPLETED.    CUM ITER =    582
 *** TIME =   37.6000         TIME INC =  0.100000    
 *** MAX VISCOELASTIC STRAIN STEP = 0.1099E-05

     FORCE CONVERGENCE VALUE  =  0.1170E-04  CRITERION=  0.5000E-04
     DISP CONVERGENCE VALUE   =  0.1756E-04  CRITERION=  0.1143E-02 <<< CONVERGED
    EQUIL ITER   1 COMPLETED.  OLD TRIANG MATRIX.  MAX DOF INC= -0.1756E-04
     FORCE CONVERGENCE VALUE  =  0.6985E-05  CRITERION=  0.5000E-04 <<< CONVERGED
    >>> SOLUTION CONVERGED AFTER EQUILIBRIUM ITERATION   1
 *** LOAD STEP     4   SUBSTEP    57  COMPLETED.    CUM ITER =    583
 *** TIME =   37.7000         TIME INC =  0.100000    
 *** MAX VISCOELASTIC STRAIN STEP = 0.1062E-05

     FORCE CONVERGENCE VALUE  =  0.1131E-04  CRITERION=  0.5000E-04
     DISP CONVERGENCE VALUE   =  0.1689E-04  CRITERION=  0.1143E-02 <<< CONVERGED
    EQUIL ITER   1 COMPLETED.  OLD TRIANG MATRIX.  MAX DOF INC= -0.1689E-04
     FORCE CONVERGENCE VALUE  =  0.6750E-05  CRITERION=  0.5000E-04 <<< CONVERGED
    >>> SOLUTION CONVERGED AFTER EQUILIBRIUM ITERATION   1
 *** LOAD STEP     4   SUBSTEP    58  COMPLETED.    CUM ITER =    584
 *** TIME =   37.8000         TIME INC =  0.100000    
 *** MAX VISCOELASTIC STRAIN STEP = 0.1026E-05

     FORCE CONVERGENCE VALUE  =  0.1092E-04  CRITERION=  0.5000E-04
     DISP CONVERGENCE VALUE   =  0.1626E-04  CRITERION=  0.1143E-02 <<< CONVERGED
    EQUIL ITER   1 COMPLETED.  OLD TRIANG MATRIX.  MAX DOF INC= -0.1626E-04
     FORCE CONVERGENCE VALUE  =  0.6521E-05  CRITERION=  0.5000E-04 <<< CONVERGED
    >>> SOLUTION CONVERGED AFTER EQUILIBRIUM ITERATION   1
 *** LOAD STEP     4   SUBSTEP    59  COMPLETED.    CUM ITER =    585
 *** TIME =   37.9000         TIME INC =  0.100000    
 *** MAX VISCOELASTIC STRAIN STEP = 0.9919E-06

     FORCE CONVERGENCE VALUE  =  0.1055E-04  CRITERION=  0.5000E-04
     DISP CONVERGENCE VALUE   =  0.1565E-04  CRITERION=  0.1143E-02 <<< CONVERGED
    EQUIL ITER   1 COMPLETED.  OLD TRIANG MATRIX.  MAX DOF INC= -0.1565E-04
     FORCE CONVERGENCE VALUE  =  0.6300E-05  CRITERION=  0.5000E-04 <<< CONVERGED
    >>> SOLUTION CONVERGED AFTER EQUILIBRIUM ITERATION   1
 *** LOAD STEP     4   SUBSTEP    60  COMPLETED.    CUM ITER =    586
 *** TIME =   38.0000         TIME INC =  0.100000    
 *** MAX VISCOELASTIC STRAIN STEP = 0.9587E-06

     FORCE CONVERGENCE VALUE  =  0.1019E-04  CRITERION=  0.5000E-04
     DISP CONVERGENCE VALUE   =  0.1507E-04  CRITERION=  0.1143E-02 <<< CONVERGED
    EQUIL ITER   1 COMPLETED.  OLD TRIANG MATRIX.  MAX DOF INC= -0.1507E-04
     FORCE CONVERGENCE VALUE  =  0.6085E-05  CRITERION=  0.5000E-04 <<< CONVERGED
    >>> SOLUTION CONVERGED AFTER EQUILIBRIUM ITERATION   1
 *** LOAD STEP     4   SUBSTEP    61  COMPLETED.    CUM ITER =    587
 *** TIME =   38.1000         TIME INC =  0.100000    
 *** MAX VISCOELASTIC STRAIN STEP = 0.9267E-06

     FORCE CONVERGENCE VALUE  =  0.9840E-05  CRITERION=  0.5000E-04
     DISP CONVERGENCE VALUE   =  0.1451E-04  CRITERION=  0.1143E-02 <<< CONVERGED
    EQUIL ITER   1 COMPLETED.  OLD TRIANG MATRIX.  MAX DOF INC= -0.1451E-04
     FORCE CONVERGENCE VALUE  =  0.5878E-05  CRITERION=  0.5000E-04 <<< CONVERGED
    >>> SOLUTION CONVERGED AFTER EQUILIBRIUM ITERATION   1
 *** LOAD STEP     4   SUBSTEP    62  COMPLETED.    CUM ITER =    588
 *** TIME =   38.2000         TIME INC =  0.100000    
 *** MAX VISCOELASTIC STRAIN STEP = 0.8959E-06

     FORCE CONVERGENCE VALUE  =  0.9503E-05  CRITERION=  0.5000E-04
     DISP CONVERGENCE VALUE   =  0.1397E-04  CRITERION=  0.1143E-02 <<< CONVERGED
    EQUIL ITER   1 COMPLETED.  OLD TRIANG MATRIX.  MAX DOF INC= -0.1397E-04
     FORCE CONVERGENCE VALUE  =  0.5677E-05  CRITERION=  0.5000E-04 <<< CONVERGED
    >>> SOLUTION CONVERGED AFTER EQUILIBRIUM ITERATION   1
 *** LOAD STEP     4   SUBSTEP    63  COMPLETED.    CUM ITER =    589
 *** TIME =   38.3000         TIME INC =  0.100000    
 *** MAX VISCOELASTIC STRAIN STEP = 0.8662E-06

     FORCE CONVERGENCE VALUE  =  0.9176E-05  CRITERION=  0.5000E-04
     DISP CONVERGENCE VALUE   =  0.1346E-04  CRITERION=  0.1143E-02 <<< CONVERGED
    EQUIL ITER   1 COMPLETED.  OLD TRIANG MATRIX.  MAX DOF INC= -0.1346E-04
     FORCE CONVERGENCE VALUE  =  0.5482E-05  CRITERION=  0.5000E-04 <<< CONVERGED
    >>> SOLUTION CONVERGED AFTER EQUILIBRIUM ITERATION   1
 *** LOAD STEP     4   SUBSTEP    64  COMPLETED.    CUM ITER =    590
 *** TIME =   38.4000         TIME INC =  0.100000    
 *** MAX VISCOELASTIC STRAIN STEP = 0.8375E-06

     FORCE CONVERGENCE VALUE  =  0.8861E-05  CRITERION=  0.5000E-04
     DISP CONVERGENCE VALUE   =  0.1296E-04  CRITERION=  0.1143E-02 <<< CONVERGED
    EQUIL ITER   1 COMPLETED.  OLD TRIANG MATRIX.  MAX DOF INC= -0.1296E-04
     FORCE CONVERGENCE VALUE  =  0.5294E-05  CRITERION=  0.5000E-04 <<< CONVERGED
    >>> SOLUTION CONVERGED AFTER EQUILIBRIUM ITERATION   1
 *** LOAD STEP     4   SUBSTEP    65  COMPLETED.    CUM ITER =    591
 *** TIME =   38.5000         TIME INC =  0.100000    
 *** MAX VISCOELASTIC STRAIN STEP = 0.8098E-06

     FORCE CONVERGENCE VALUE  =  0.8555E-05  CRITERION=  0.5000E-04
     DISP CONVERGENCE VALUE   =  0.1249E-04  CRITERION=  0.1143E-02 <<< CONVERGED
    EQUIL ITER   1 COMPLETED.  OLD TRIANG MATRIX.  MAX DOF INC= -0.1249E-04
     FORCE CONVERGENCE VALUE  =  0.5112E-05  CRITERION=  0.5000E-04 <<< CONVERGED
    >>> SOLUTION CONVERGED AFTER EQUILIBRIUM ITERATION   1
 *** LOAD STEP     4   SUBSTEP    66  COMPLETED.    CUM ITER =    592
 *** TIME =   38.6000         TIME INC =  0.100000    
 *** MAX VISCOELASTIC STRAIN STEP = 0.7831E-06

     FORCE CONVERGENCE VALUE  =  0.8260E-05  CRITERION=  0.5000E-04
     DISP CONVERGENCE VALUE   =  0.1203E-04  CRITERION=  0.1143E-02 <<< CONVERGED
    EQUIL ITER   1 COMPLETED.  OLD TRIANG MATRIX.  MAX DOF INC= -0.1203E-04
     FORCE CONVERGENCE VALUE  =  0.4936E-05  CRITERION=  0.5000E-04 <<< CONVERGED
    >>> SOLUTION CONVERGED AFTER EQUILIBRIUM ITERATION   1
 *** LOAD STEP     4   SUBSTEP    67  COMPLETED.    CUM ITER =    593
 *** TIME =   38.7000         TIME INC =  0.100000    
 *** MAX VISCOELASTIC STRAIN STEP = 0.7573E-06

     FORCE CONVERGENCE VALUE  =  0.7975E-05  CRITERION=  0.5000E-04
     DISP CONVERGENCE VALUE   =  0.1160E-04  CRITERION=  0.1143E-02 <<< CONVERGED
    EQUIL ITER   1 COMPLETED.  OLD TRIANG MATRIX.  MAX DOF INC= -0.1160E-04
     FORCE CONVERGENCE VALUE  =  0.4766E-05  CRITERION=  0.5000E-04 <<< CONVERGED
    >>> SOLUTION CONVERGED AFTER EQUILIBRIUM ITERATION   1
 *** LOAD STEP     4   SUBSTEP    68  COMPLETED.    CUM ITER =    594
 *** TIME =   38.8000         TIME INC =  0.100000    
 *** MAX VISCOELASTIC STRAIN STEP = 0.7325E-06

     FORCE CONVERGENCE VALUE  =  0.7699E-05  CRITERION=  0.5000E-04
     DISP CONVERGENCE VALUE   =  0.1118E-04  CRITERION=  0.1143E-02 <<< CONVERGED
    EQUIL ITER   1 COMPLETED.  OLD TRIANG MATRIX.  MAX DOF INC= -0.1118E-04
     FORCE CONVERGENCE VALUE  =  0.4601E-05  CRITERION=  0.5000E-04 <<< CONVERGED
    >>> SOLUTION CONVERGED AFTER EQUILIBRIUM ITERATION   1
 *** LOAD STEP     4   SUBSTEP    69  COMPLETED.    CUM ITER =    595
 *** TIME =   38.9000         TIME INC =  0.100000    
 *** MAX VISCOELASTIC STRAIN STEP = 0.7085E-06

     FORCE CONVERGENCE VALUE  =  0.7432E-05  CRITERION=  0.5000E-04
     DISP CONVERGENCE VALUE   =  0.1077E-04  CRITERION=  0.1143E-02 <<< CONVERGED
    EQUIL ITER   1 COMPLETED.  OLD TRIANG MATRIX.  MAX DOF INC= -0.1077E-04
     FORCE CONVERGENCE VALUE  =  0.4442E-05  CRITERION=  0.5000E-04 <<< CONVERGED
    >>> SOLUTION CONVERGED AFTER EQUILIBRIUM ITERATION   1
 *** LOAD STEP     4   SUBSTEP    70  COMPLETED.    CUM ITER =    596
 *** TIME =   39.0000         TIME INC =  0.100000    
 *** MAX VISCOELASTIC STRAIN STEP = 0.6854E-06

     FORCE CONVERGENCE VALUE  =  0.7175E-05  CRITERION=  0.5000E-04
     DISP CONVERGENCE VALUE   =  0.1039E-04  CRITERION=  0.1143E-02 <<< CONVERGED
    EQUIL ITER   1 COMPLETED.  OLD TRIANG MATRIX.  MAX DOF INC= -0.1039E-04
     FORCE CONVERGENCE VALUE  =  0.4288E-05  CRITERION=  0.5000E-04 <<< CONVERGED
    >>> SOLUTION CONVERGED AFTER EQUILIBRIUM ITERATION   1
 *** LOAD STEP     4   SUBSTEP    71  COMPLETED.    CUM ITER =    597
 *** TIME =   39.1000         TIME INC =  0.100000    
 *** MAX VISCOELASTIC STRAIN STEP = 0.6631E-06

     FORCE CONVERGENCE VALUE  =  0.6926E-05  CRITERION=  0.5000E-04
     DISP CONVERGENCE VALUE   =  0.1001E-04  CRITERION=  0.1143E-02 <<< CONVERGED
    EQUIL ITER   1 COMPLETED.  OLD TRIANG MATRIX.  MAX DOF INC= -0.1001E-04
     FORCE CONVERGENCE VALUE  =  0.4139E-05  CRITERION=  0.5000E-04 <<< CONVERGED
    >>> SOLUTION CONVERGED AFTER EQUILIBRIUM ITERATION   1
 *** LOAD STEP     4   SUBSTEP    72  COMPLETED.    CUM ITER =    598
 *** TIME =   39.2000         TIME INC =  0.100000    
 *** MAX VISCOELASTIC STRAIN STEP = 0.6415E-06

     FORCE CONVERGENCE VALUE  =  0.6686E-05  CRITERION=  0.5000E-04
     DISP CONVERGENCE VALUE   =  0.9654E-05  CRITERION=  0.1143E-02 <<< CONVERGED
    EQUIL ITER   1 COMPLETED.  OLD TRIANG MATRIX.  MAX DOF INC= -0.9654E-05
     FORCE CONVERGENCE VALUE  =  0.3996E-05  CRITERION=  0.5000E-04 <<< CONVERGED
    >>> SOLUTION CONVERGED AFTER EQUILIBRIUM ITERATION   1
 *** LOAD STEP     4   SUBSTEP    73  COMPLETED.    CUM ITER =    599
 *** TIME =   39.3000         TIME INC =  0.100000    
 *** MAX VISCOELASTIC STRAIN STEP = 0.6208E-06

     FORCE CONVERGENCE VALUE  =  0.6453E-05  CRITERION=  0.5000E-04
     DISP CONVERGENCE VALUE   =  0.9309E-05  CRITERION=  0.1143E-02 <<< CONVERGED
    EQUIL ITER   1 COMPLETED.  OLD TRIANG MATRIX.  MAX DOF INC= -0.9309E-05
     FORCE CONVERGENCE VALUE  =  0.3857E-05  CRITERION=  0.5000E-04 <<< CONVERGED
    >>> SOLUTION CONVERGED AFTER EQUILIBRIUM ITERATION   1
 *** LOAD STEP     4   SUBSTEP    74  COMPLETED.    CUM ITER =    600
 *** TIME =   39.4000         TIME INC =  0.100000    
 *** MAX VISCOELASTIC STRAIN STEP = 0.6007E-06

     FORCE CONVERGENCE VALUE  =  0.6229E-05  CRITERION=  0.5000E-04
     DISP CONVERGENCE VALUE   =  0.8977E-05  CRITERION=  0.1143E-02 <<< CONVERGED
    EQUIL ITER   1 COMPLETED.  OLD TRIANG MATRIX.  MAX DOF INC= -0.8977E-05
     FORCE CONVERGENCE VALUE  =  0.3723E-05  CRITERION=  0.5000E-04 <<< CONVERGED
    >>> SOLUTION CONVERGED AFTER EQUILIBRIUM ITERATION   1
 *** LOAD STEP     4   SUBSTEP    75  COMPLETED.    CUM ITER =    601
 *** TIME =   39.5000         TIME INC =  0.100000    
 *** MAX VISCOELASTIC STRAIN STEP = 0.5814E-06

     FORCE CONVERGENCE VALUE  =  0.6012E-05  CRITERION=  0.5000E-04
     DISP CONVERGENCE VALUE   =  0.8657E-05  CRITERION=  0.1143E-02 <<< CONVERGED
    EQUIL ITER   1 COMPLETED.  OLD TRIANG MATRIX.  MAX DOF INC= -0.8657E-05
     FORCE CONVERGENCE VALUE  =  0.3594E-05  CRITERION=  0.5000E-04 <<< CONVERGED
    >>> SOLUTION CONVERGED AFTER EQUILIBRIUM ITERATION   1
 *** LOAD STEP     4   SUBSTEP    76  COMPLETED.    CUM ITER =    602
 *** TIME =   39.6000         TIME INC =  0.100000    
 *** MAX VISCOELASTIC STRAIN STEP = 0.5627E-06

     FORCE CONVERGENCE VALUE  =  0.5803E-05  CRITERION=  0.5000E-04
     DISP CONVERGENCE VALUE   =  0.8349E-05  CRITERION=  0.1143E-02 <<< CONVERGED
    EQUIL ITER   1 COMPLETED.  OLD TRIANG MATRIX.  MAX DOF INC= -0.8349E-05
     FORCE CONVERGENCE VALUE  =  0.3468E-05  CRITERION=  0.5000E-04 <<< CONVERGED
    >>> SOLUTION CONVERGED AFTER EQUILIBRIUM ITERATION   1
 *** LOAD STEP     4   SUBSTEP    77  COMPLETED.    CUM ITER =    603
 *** TIME =   39.7000         TIME INC =  0.100000    
 *** MAX VISCOELASTIC STRAIN STEP = 0.5448E-06

     FORCE CONVERGENCE VALUE  =  0.5601E-05  CRITERION=  0.5000E-04
     DISP CONVERGENCE VALUE   =  0.8053E-05  CRITERION=  0.1143E-02 <<< CONVERGED
    EQUIL ITER   1 COMPLETED.  OLD TRIANG MATRIX.  MAX DOF INC= -0.8053E-05
     FORCE CONVERGENCE VALUE  =  0.3348E-05  CRITERION=  0.5000E-04 <<< CONVERGED
    >>> SOLUTION CONVERGED AFTER EQUILIBRIUM ITERATION   1
 *** LOAD STEP     4   SUBSTEP    78  COMPLETED.    CUM ITER =    604
 *** TIME =   39.8000         TIME INC =  0.100000    
 *** MAX VISCOELASTIC STRAIN STEP = 0.5274E-06

     FORCE CONVERGENCE VALUE  =  0.5406E-05  CRITERION=  0.5000E-04
     DISP CONVERGENCE VALUE   =  0.7768E-05  CRITERION=  0.1143E-02 <<< CONVERGED
    EQUIL ITER   1 COMPLETED.  OLD TRIANG MATRIX.  MAX DOF INC= -0.7768E-05
     FORCE CONVERGENCE VALUE  =  0.3231E-05  CRITERION=  0.5000E-04 <<< CONVERGED
    >>> SOLUTION CONVERGED AFTER EQUILIBRIUM ITERATION   1
 *** LOAD STEP     4   SUBSTEP    79  COMPLETED.    CUM ITER =    605
 *** TIME =   39.9000         TIME INC =  0.100000    
 *** MAX VISCOELASTIC STRAIN STEP = 0.5106E-06

     FORCE CONVERGENCE VALUE  =  0.5217E-05  CRITERION=  0.5000E-04
     DISP CONVERGENCE VALUE   =  0.7493E-05  CRITERION=  0.1143E-02 <<< CONVERGED
    EQUIL ITER   1 COMPLETED.  OLD TRIANG MATRIX.  MAX DOF INC= -0.7493E-05
     FORCE CONVERGENCE VALUE  =  0.3118E-05  CRITERION=  0.5000E-04 <<< CONVERGED
    >>> SOLUTION CONVERGED AFTER EQUILIBRIUM ITERATION   1
 *** LOAD STEP     4   SUBSTEP    80  COMPLETED.    CUM ITER =    606
 *** TIME =   40.0000         TIME INC =  0.100000    
 *** MAX VISCOELASTIC STRAIN STEP = 0.4945E-06

     FORCE CONVERGENCE VALUE  =  0.5035E-05  CRITERION=  0.5000E-04
     DISP CONVERGENCE VALUE   =  0.7229E-05  CRITERION=  0.1143E-02 <<< CONVERGED
    EQUIL ITER   1 COMPLETED.  OLD TRIANG MATRIX.  MAX DOF INC= -0.7229E-05
     FORCE CONVERGENCE VALUE  =  0.3010E-05  CRITERION=  0.5000E-04 <<< CONVERGED
    >>> SOLUTION CONVERGED AFTER EQUILIBRIUM ITERATION   1
 *** LOAD STEP     4   SUBSTEP    81  COMPLETED.    CUM ITER =    607
 *** TIME =   40.1000         TIME INC =  0.100000    
 *** MAX VISCOELASTIC STRAIN STEP = 0.4789E-06

     FORCE CONVERGENCE VALUE  =  0.4859E-05  CRITERION=  0.5000E-04
     DISP CONVERGENCE VALUE   =  0.6974E-05  CRITERION=  0.1143E-02 <<< CONVERGED
    EQUIL ITER   1 COMPLETED.  OLD TRIANG MATRIX.  MAX DOF INC= -0.6974E-05
     FORCE CONVERGENCE VALUE  =  0.2904E-05  CRITERION=  0.5000E-04 <<< CONVERGED
    >>> SOLUTION CONVERGED AFTER EQUILIBRIUM ITERATION   1
 *** LOAD STEP     4   SUBSTEP    82  COMPLETED.    CUM ITER =    608
 *** TIME =   40.2000         TIME INC =  0.100000    
 *** MAX VISCOELASTIC STRAIN STEP = 0.4638E-06

     FORCE CONVERGENCE VALUE  =  0.4690E-05  CRITERION=  0.5000E-04
     DISP CONVERGENCE VALUE   =  0.6728E-05  CRITERION=  0.1143E-02 <<< CONVERGED
    EQUIL ITER   1 COMPLETED.  OLD TRIANG MATRIX.  MAX DOF INC= -0.6728E-05
     FORCE CONVERGENCE VALUE  =  0.2803E-05  CRITERION=  0.5000E-04 <<< CONVERGED
    >>> SOLUTION CONVERGED AFTER EQUILIBRIUM ITERATION   1
 *** LOAD STEP     4   SUBSTEP    83  COMPLETED.    CUM ITER =    609
 *** TIME =   40.3000         TIME INC =  0.100000    
 *** MAX VISCOELASTIC STRAIN STEP = 0.4493E-06

     FORCE CONVERGENCE VALUE  =  0.4526E-05  CRITERION=  0.5000E-04
     DISP CONVERGENCE VALUE   =  0.6492E-05  CRITERION=  0.1143E-02 <<< CONVERGED
    EQUIL ITER   1 COMPLETED.  OLD TRIANG MATRIX.  MAX DOF INC= -0.6492E-05
     FORCE CONVERGENCE VALUE  =  0.2705E-05  CRITERION=  0.5000E-04 <<< CONVERGED
    >>> SOLUTION CONVERGED AFTER EQUILIBRIUM ITERATION   1
 *** LOAD STEP     4   SUBSTEP    84  COMPLETED.    CUM ITER =    610
 *** TIME =   40.4000         TIME INC =  0.100000    
 *** MAX VISCOELASTIC STRAIN STEP = 0.4353E-06

     FORCE CONVERGENCE VALUE  =  0.4368E-05  CRITERION=  0.5000E-04
     DISP CONVERGENCE VALUE   =  0.6264E-05  CRITERION=  0.1143E-02 <<< CONVERGED
    EQUIL ITER   1 COMPLETED.  OLD TRIANG MATRIX.  MAX DOF INC= -0.6264E-05
     FORCE CONVERGENCE VALUE  =  0.2611E-05  CRITERION=  0.5000E-04 <<< CONVERGED
    >>> SOLUTION CONVERGED AFTER EQUILIBRIUM ITERATION   1
 *** LOAD STEP     4   SUBSTEP    85  COMPLETED.    CUM ITER =    611
 *** TIME =   40.5000         TIME INC =  0.100000    
 *** MAX VISCOELASTIC STRAIN STEP = 0.4218E-06

     FORCE CONVERGENCE VALUE  =  0.4215E-05  CRITERION=  0.5000E-04
     DISP CONVERGENCE VALUE   =  0.6045E-05  CRITERION=  0.1143E-02 <<< CONVERGED
    EQUIL ITER   1 COMPLETED.  OLD TRIANG MATRIX.  MAX DOF INC= -0.6045E-05
     FORCE CONVERGENCE VALUE  =  0.2519E-05  CRITERION=  0.5000E-04 <<< CONVERGED
    >>> SOLUTION CONVERGED AFTER EQUILIBRIUM ITERATION   1
 *** LOAD STEP     4   SUBSTEP    86  COMPLETED.    CUM ITER =    612
 *** TIME =   40.6000         TIME INC =  0.100000    
 *** MAX VISCOELASTIC STRAIN STEP = 0.4088E-06

     FORCE CONVERGENCE VALUE  =  0.4068E-05  CRITERION=  0.5000E-04
     DISP CONVERGENCE VALUE   =  0.5833E-05  CRITERION=  0.1143E-02 <<< CONVERGED
    EQUIL ITER   1 COMPLETED.  OLD TRIANG MATRIX.  MAX DOF INC= -0.5833E-05
     FORCE CONVERGENCE VALUE  =  0.2431E-05  CRITERION=  0.5000E-04 <<< CONVERGED
    >>> SOLUTION CONVERGED AFTER EQUILIBRIUM ITERATION   1
 *** LOAD STEP     4   SUBSTEP    87  COMPLETED.    CUM ITER =    613
 *** TIME =   40.7000         TIME INC =  0.100000    
 *** MAX VISCOELASTIC STRAIN STEP = 0.3962E-06

     FORCE CONVERGENCE VALUE  =  0.3925E-05  CRITERION=  0.5000E-04
     DISP CONVERGENCE VALUE   =  0.5630E-05  CRITERION=  0.1143E-02 <<< CONVERGED
    EQUIL ITER   1 COMPLETED.  OLD TRIANG MATRIX.  MAX DOF INC= -0.5630E-05
     FORCE CONVERGENCE VALUE  =  0.2346E-05  CRITERION=  0.5000E-04 <<< CONVERGED
    >>> SOLUTION CONVERGED AFTER EQUILIBRIUM ITERATION   1
 *** LOAD STEP     4   SUBSTEP    88  COMPLETED.    CUM ITER =    614
 *** TIME =   40.8000         TIME INC =  0.100000    
 *** MAX VISCOELASTIC STRAIN STEP = 0.3841E-06

     FORCE CONVERGENCE VALUE  =  0.3788E-05  CRITERION=  0.5000E-04
     DISP CONVERGENCE VALUE   =  0.5433E-05  CRITERION=  0.1143E-02 <<< CONVERGED
    EQUIL ITER   1 COMPLETED.  OLD TRIANG MATRIX.  MAX DOF INC= -0.5433E-05
     FORCE CONVERGENCE VALUE  =  0.2264E-05  CRITERION=  0.5000E-04 <<< CONVERGED
    >>> SOLUTION CONVERGED AFTER EQUILIBRIUM ITERATION   1
 *** LOAD STEP     4   SUBSTEP    89  COMPLETED.    CUM ITER =    615
 *** TIME =   40.9000         TIME INC =  0.100000    
 *** MAX VISCOELASTIC STRAIN STEP = 0.3723E-06

     FORCE CONVERGENCE VALUE  =  0.3656E-05  CRITERION=  0.5000E-04
     DISP CONVERGENCE VALUE   =  0.5244E-05  CRITERION=  0.1143E-02 <<< CONVERGED
    EQUIL ITER   1 COMPLETED.  OLD TRIANG MATRIX.  MAX DOF INC= -0.5244E-05
     FORCE CONVERGENCE VALUE  =  0.2185E-05  CRITERION=  0.5000E-04 <<< CONVERGED
    >>> SOLUTION CONVERGED AFTER EQUILIBRIUM ITERATION   1
 *** LOAD STEP     4   SUBSTEP    90  COMPLETED.    CUM ITER =    616
 *** TIME =   41.0000         TIME INC =  0.100000    
 *** MAX VISCOELASTIC STRAIN STEP = 0.3610E-06

     FORCE CONVERGENCE VALUE  =  0.3528E-05  CRITERION=  0.5000E-04
     DISP CONVERGENCE VALUE   =  0.5061E-05  CRITERION=  0.1143E-02 <<< CONVERGED
    EQUIL ITER   1 COMPLETED.  OLD TRIANG MATRIX.  MAX DOF INC= -0.5061E-05
     FORCE CONVERGENCE VALUE  =  0.2108E-05  CRITERION=  0.5000E-04 <<< CONVERGED
    >>> SOLUTION CONVERGED AFTER EQUILIBRIUM ITERATION   1
 *** LOAD STEP     4   SUBSTEP    91  COMPLETED.    CUM ITER =    617
 *** TIME =   41.1000         TIME INC =  0.100000    
 *** MAX VISCOELASTIC STRAIN STEP = 0.3501E-06

     FORCE CONVERGENCE VALUE  =  0.3404E-05  CRITERION=  0.5000E-04
     DISP CONVERGENCE VALUE   =  0.4885E-05  CRITERION=  0.1143E-02 <<< CONVERGED
    EQUIL ITER   1 COMPLETED.  OLD TRIANG MATRIX.  MAX DOF INC= -0.4885E-05
     FORCE CONVERGENCE VALUE  =  0.2034E-05  CRITERION=  0.5000E-04 <<< CONVERGED
    >>> SOLUTION CONVERGED AFTER EQUILIBRIUM ITERATION   1
 *** LOAD STEP     4   SUBSTEP    92  COMPLETED.    CUM ITER =    618
 *** TIME =   41.2000         TIME INC =  0.100000    
 *** MAX VISCOELASTIC STRAIN STEP = 0.3396E-06

     FORCE CONVERGENCE VALUE  =  0.3285E-05  CRITERION=  0.5000E-04
     DISP CONVERGENCE VALUE   =  0.4716E-05  CRITERION=  0.1143E-02 <<< CONVERGED
    EQUIL ITER   1 COMPLETED.  OLD TRIANG MATRIX.  MAX DOF INC= -0.4716E-05
     FORCE CONVERGENCE VALUE  =  0.1963E-05  CRITERION=  0.5000E-04 <<< CONVERGED
    >>> SOLUTION CONVERGED AFTER EQUILIBRIUM ITERATION   1
 *** LOAD STEP     4   SUBSTEP    93  COMPLETED.    CUM ITER =    619
 *** TIME =   41.3000         TIME INC =  0.100000    
 *** MAX VISCOELASTIC STRAIN STEP = 0.3295E-06

     FORCE CONVERGENCE VALUE  =  0.3170E-05  CRITERION=  0.5000E-04
     DISP CONVERGENCE VALUE   =  0.4552E-05  CRITERION=  0.1143E-02 <<< CONVERGED
    EQUIL ITER   1 COMPLETED.  OLD TRIANG MATRIX.  MAX DOF INC= -0.4552E-05
     FORCE CONVERGENCE VALUE  =  0.1894E-05  CRITERION=  0.5000E-04 <<< CONVERGED
    >>> SOLUTION CONVERGED AFTER EQUILIBRIUM ITERATION   1
 *** LOAD STEP     4   SUBSTEP    94  COMPLETED.    CUM ITER =    620
 *** TIME =   41.4000         TIME INC =  0.100000    
 *** MAX VISCOELASTIC STRAIN STEP = 0.3197E-06

     FORCE CONVERGENCE VALUE  =  0.3059E-05  CRITERION=  0.5000E-04
     DISP CONVERGENCE VALUE   =  0.4395E-05  CRITERION=  0.1143E-02 <<< CONVERGED
    EQUIL ITER   1 COMPLETED.  OLD TRIANG MATRIX.  MAX DOF INC= -0.4395E-05
     FORCE CONVERGENCE VALUE  =  0.1828E-05  CRITERION=  0.5000E-04 <<< CONVERGED
    >>> SOLUTION CONVERGED AFTER EQUILIBRIUM ITERATION   1
 *** LOAD STEP     4   SUBSTEP    95  COMPLETED.    CUM ITER =    621
 *** TIME =   41.5000         TIME INC =  0.100000    
 *** MAX VISCOELASTIC STRAIN STEP = 0.3102E-06

     FORCE CONVERGENCE VALUE  =  0.2952E-05  CRITERION=  0.5000E-04
     DISP CONVERGENCE VALUE   =  0.4243E-05  CRITERION=  0.1143E-02 <<< CONVERGED
    EQUIL ITER   1 COMPLETED.  OLD TRIANG MATRIX.  MAX DOF INC= -0.4243E-05
     FORCE CONVERGENCE VALUE  =  0.1763E-05  CRITERION=  0.5000E-04 <<< CONVERGED
    >>> SOLUTION CONVERGED AFTER EQUILIBRIUM ITERATION   1
 *** LOAD STEP     4   SUBSTEP    96  COMPLETED.    CUM ITER =    622
 *** TIME =   41.6000         TIME INC =  0.100000    
 *** MAX VISCOELASTIC STRAIN STEP = 0.3011E-06

     FORCE CONVERGENCE VALUE  =  0.2848E-05  CRITERION=  0.5000E-04
     DISP CONVERGENCE VALUE   =  0.4096E-05  CRITERION=  0.1143E-02 <<< CONVERGED
    EQUIL ITER   1 COMPLETED.  OLD TRIANG MATRIX.  MAX DOF INC= -0.4096E-05
     FORCE CONVERGENCE VALUE  =  0.1702E-05  CRITERION=  0.5000E-04 <<< CONVERGED
    >>> SOLUTION CONVERGED AFTER EQUILIBRIUM ITERATION   1
 *** LOAD STEP     4   SUBSTEP    97  COMPLETED.    CUM ITER =    623
 *** TIME =   41.7000         TIME INC =  0.100000    
 *** MAX VISCOELASTIC STRAIN STEP = 0.2923E-06

     FORCE CONVERGENCE VALUE  =  0.2748E-05  CRITERION=  0.5000E-04
     DISP CONVERGENCE VALUE   =  0.3955E-05  CRITERION=  0.1143E-02 <<< CONVERGED
    EQUIL ITER   1 COMPLETED.  OLD TRIANG MATRIX.  MAX DOF INC= -0.3955E-05
     FORCE CONVERGENCE VALUE  =  0.1642E-05  CRITERION=  0.5000E-04 <<< CONVERGED
    >>> SOLUTION CONVERGED AFTER EQUILIBRIUM ITERATION   1
 *** LOAD STEP     4   SUBSTEP    98  COMPLETED.    CUM ITER =    624
 *** TIME =   41.8000         TIME INC =  0.100000    
 *** MAX VISCOELASTIC STRAIN STEP = 0.2838E-06

     FORCE CONVERGENCE VALUE  =  0.2652E-05  CRITERION=  0.5000E-04
     DISP CONVERGENCE VALUE   =  0.3819E-05  CRITERION=  0.1143E-02 <<< CONVERGED
    EQUIL ITER   1 COMPLETED.  OLD TRIANG MATRIX.  MAX DOF INC= -0.3819E-05
     FORCE CONVERGENCE VALUE  =  0.1584E-05  CRITERION=  0.5000E-04 <<< CONVERGED
    >>> SOLUTION CONVERGED AFTER EQUILIBRIUM ITERATION   1
 *** LOAD STEP     4   SUBSTEP    99  COMPLETED.    CUM ITER =    625
 *** TIME =   41.9000         TIME INC =  0.100000    
 *** MAX VISCOELASTIC STRAIN STEP = 0.2756E-06

     FORCE CONVERGENCE VALUE  =  0.2559E-05  CRITERION=  0.5000E-04
     DISP CONVERGENCE VALUE   =  0.3688E-05  CRITERION=  0.1143E-02 <<< CONVERGED
    EQUIL ITER   1 COMPLETED.  OLD TRIANG MATRIX.  MAX DOF INC= -0.3688E-05
     FORCE CONVERGENCE VALUE  =  0.1529E-05  CRITERION=  0.5000E-04 <<< CONVERGED
    >>> SOLUTION CONVERGED AFTER EQUILIBRIUM ITERATION   1
 *** LOAD STEP     4   SUBSTEP   100  COMPLETED.    CUM ITER =    626
 *** TIME =   42.0000         TIME INC =  0.100000    
 *** MAX VISCOELASTIC STRAIN STEP = 0.2677E-06

     FORCE CONVERGENCE VALUE  =  0.2469E-05  CRITERION=  0.5000E-04
     DISP CONVERGENCE VALUE   =  0.3561E-05  CRITERION=  0.1143E-02 <<< CONVERGED
    EQUIL ITER   1 COMPLETED.  OLD TRIANG MATRIX.  MAX DOF INC= -0.3561E-05
     FORCE CONVERGENCE VALUE  =  0.1475E-05  CRITERION=  0.5000E-04 <<< CONVERGED
    >>> SOLUTION CONVERGED AFTER EQUILIBRIUM ITERATION   1
 *** LOAD STEP     4   SUBSTEP   101  COMPLETED.    CUM ITER =    627
 *** TIME =   42.1000         TIME INC =  0.100000    
 *** MAX VISCOELASTIC STRAIN STEP = 0.2600E-06

     FORCE CONVERGENCE VALUE  =  0.2383E-05  CRITERION=  0.5000E-04
     DISP CONVERGENCE VALUE   =  0.3439E-05  CRITERION=  0.1143E-02 <<< CONVERGED
    EQUIL ITER   1 COMPLETED.  OLD TRIANG MATRIX.  MAX DOF INC= -0.3439E-05
     FORCE CONVERGENCE VALUE  =  0.1423E-05  CRITERION=  0.5000E-04 <<< CONVERGED
    >>> SOLUTION CONVERGED AFTER EQUILIBRIUM ITERATION   1
 *** LOAD STEP     4   SUBSTEP   102  COMPLETED.    CUM ITER =    628
 *** TIME =   42.2000         TIME INC =  0.100000    
 *** MAX VISCOELASTIC STRAIN STEP = 0.2527E-06

     FORCE CONVERGENCE VALUE  =  0.2299E-05  CRITERION=  0.5000E-04
     DISP CONVERGENCE VALUE   =  0.3321E-05  CRITERION=  0.1143E-02 <<< CONVERGED
    EQUIL ITER   1 COMPLETED.  OLD TRIANG MATRIX.  MAX DOF INC= -0.3321E-05
     FORCE CONVERGENCE VALUE  =  0.1373E-05  CRITERION=  0.5000E-04 <<< CONVERGED
    >>> SOLUTION CONVERGED AFTER EQUILIBRIUM ITERATION   1
 *** LOAD STEP     4   SUBSTEP   103  COMPLETED.    CUM ITER =    629
 *** TIME =   42.3000         TIME INC =  0.100000    
 *** MAX VISCOELASTIC STRAIN STEP = 0.2456E-06

     FORCE CONVERGENCE VALUE  =  0.2218E-05  CRITERION=  0.5000E-04
     DISP CONVERGENCE VALUE   =  0.3208E-05  CRITERION=  0.1143E-02 <<< CONVERGED
    EQUIL ITER   1 COMPLETED.  OLD TRIANG MATRIX.  MAX DOF INC= -0.3208E-05
     FORCE CONVERGENCE VALUE  =  0.1325E-05  CRITERION=  0.5000E-04 <<< CONVERGED
    >>> SOLUTION CONVERGED AFTER EQUILIBRIUM ITERATION   1
 *** LOAD STEP     4   SUBSTEP   104  COMPLETED.    CUM ITER =    630
 *** TIME =   42.4000         TIME INC =  0.100000    
 *** MAX VISCOELASTIC STRAIN STEP = 0.2387E-06

     FORCE CONVERGENCE VALUE  =  0.2141E-05  CRITERION=  0.5000E-04
     DISP CONVERGENCE VALUE   =  0.3098E-05  CRITERION=  0.1143E-02 <<< CONVERGED
    EQUIL ITER   1 COMPLETED.  OLD TRIANG MATRIX.  MAX DOF INC= -0.3098E-05
     FORCE CONVERGENCE VALUE  =  0.1278E-05  CRITERION=  0.5000E-04 <<< CONVERGED
    >>> SOLUTION CONVERGED AFTER EQUILIBRIUM ITERATION   1
 *** LOAD STEP     4   SUBSTEP   105  COMPLETED.    CUM ITER =    631
 *** TIME =   42.5000         TIME INC =  0.100000    
 *** MAX VISCOELASTIC STRAIN STEP = 0.2321E-06

     FORCE CONVERGENCE VALUE  =  0.2065E-05  CRITERION=  0.5000E-04
     DISP CONVERGENCE VALUE   =  0.2993E-05  CRITERION=  0.1143E-02 <<< CONVERGED
    EQUIL ITER   1 COMPLETED.  OLD TRIANG MATRIX.  MAX DOF INC= -0.2993E-05
     FORCE CONVERGENCE VALUE  =  0.1233E-05  CRITERION=  0.5000E-04 <<< CONVERGED
    >>> SOLUTION CONVERGED AFTER EQUILIBRIUM ITERATION   1
 *** LOAD STEP     4   SUBSTEP   106  COMPLETED.    CUM ITER =    632
 *** TIME =   42.6000         TIME INC =  0.100000    
 *** MAX VISCOELASTIC STRAIN STEP = 0.2257E-06

     FORCE CONVERGENCE VALUE  =  0.1993E-05  CRITERION=  0.5000E-04
     DISP CONVERGENCE VALUE   =  0.2891E-05  CRITERION=  0.1143E-02 <<< CONVERGED
    EQUIL ITER   1 COMPLETED.  OLD TRIANG MATRIX.  MAX DOF INC= -0.2891E-05
     FORCE CONVERGENCE VALUE  =  0.1190E-05  CRITERION=  0.5000E-04 <<< CONVERGED
    >>> SOLUTION CONVERGED AFTER EQUILIBRIUM ITERATION   1
 *** LOAD STEP     4   SUBSTEP   107  COMPLETED.    CUM ITER =    633
 *** TIME =   42.7000         TIME INC =  0.100000    
 *** MAX VISCOELASTIC STRAIN STEP = 0.2195E-06

     FORCE CONVERGENCE VALUE  =  0.1923E-05  CRITERION=  0.5000E-04
     DISP CONVERGENCE VALUE   =  0.2793E-05  CRITERION=  0.1143E-02 <<< CONVERGED
    EQUIL ITER   1 COMPLETED.  OLD TRIANG MATRIX.  MAX DOF INC= -0.2793E-05
     FORCE CONVERGENCE VALUE  =  0.1148E-05  CRITERION=  0.5000E-04 <<< CONVERGED
    >>> SOLUTION CONVERGED AFTER EQUILIBRIUM ITERATION   1
 *** LOAD STEP     4   SUBSTEP   108  COMPLETED.    CUM ITER =    634
 *** TIME =   42.8000         TIME INC =  0.100000    
 *** MAX VISCOELASTIC STRAIN STEP = 0.2136E-06

     FORCE CONVERGENCE VALUE  =  0.1855E-05  CRITERION=  0.5000E-04
     DISP CONVERGENCE VALUE   =  0.2698E-05  CRITERION=  0.1143E-02 <<< CONVERGED
    EQUIL ITER   1 COMPLETED.  OLD TRIANG MATRIX.  MAX DOF INC= -0.2698E-05
     FORCE CONVERGENCE VALUE  =  0.1108E-05  CRITERION=  0.5000E-04 <<< CONVERGED
    >>> SOLUTION CONVERGED AFTER EQUILIBRIUM ITERATION   1
 *** LOAD STEP     4   SUBSTEP   109  COMPLETED.    CUM ITER =    635
 *** TIME =   42.9000         TIME INC =  0.100000    
 *** MAX VISCOELASTIC STRAIN STEP = 0.2078E-06

     FORCE CONVERGENCE VALUE  =  0.1790E-05  CRITERION=  0.5000E-04
     DISP CONVERGENCE VALUE   =  0.2607E-05  CRITERION=  0.1143E-02 <<< CONVERGED
    EQUIL ITER   1 COMPLETED.  OLD TRIANG MATRIX.  MAX DOF INC= -0.2607E-05
     FORCE CONVERGENCE VALUE  =  0.1069E-05  CRITERION=  0.5000E-04 <<< CONVERGED
    >>> SOLUTION CONVERGED AFTER EQUILIBRIUM ITERATION   1
 *** LOAD STEP     4   SUBSTEP   110  COMPLETED.    CUM ITER =    636
 *** TIME =   43.0000         TIME INC =  0.100000    
 *** MAX VISCOELASTIC STRAIN STEP = 0.2023E-06

     FORCE CONVERGENCE VALUE  =  0.1727E-05  CRITERION=  0.5000E-04
     DISP CONVERGENCE VALUE   =  0.2519E-05  CRITERION=  0.1143E-02 <<< CONVERGED
    EQUIL ITER   1 COMPLETED.  OLD TRIANG MATRIX.  MAX DOF INC= -0.2519E-05
     FORCE CONVERGENCE VALUE  =  0.1031E-05  CRITERION=  0.5000E-04 <<< CONVERGED
    >>> SOLUTION CONVERGED AFTER EQUILIBRIUM ITERATION   1
 *** LOAD STEP     4   SUBSTEP   111  COMPLETED.    CUM ITER =    637
 *** TIME =   43.1000         TIME INC =  0.100000    
 *** MAX VISCOELASTIC STRAIN STEP = 0.1969E-06

     FORCE CONVERGENCE VALUE  =  0.1667E-05  CRITERION=  0.5000E-04
     DISP CONVERGENCE VALUE   =  0.2434E-05  CRITERION=  0.1143E-02 <<< CONVERGED
    EQUIL ITER   1 COMPLETED.  OLD TRIANG MATRIX.  MAX DOF INC= -0.2434E-05
     FORCE CONVERGENCE VALUE  =  0.9946E-06  CRITERION=  0.5000E-04 <<< CONVERGED
    >>> SOLUTION CONVERGED AFTER EQUILIBRIUM ITERATION   1
 *** LOAD STEP     4   SUBSTEP   112  COMPLETED.    CUM ITER =    638
 *** TIME =   43.2000         TIME INC =  0.100000    
 *** MAX VISCOELASTIC STRAIN STEP = 0.1918E-06

     FORCE CONVERGENCE VALUE  =  0.1608E-05  CRITERION=  0.5000E-04
     DISP CONVERGENCE VALUE   =  0.2352E-05  CRITERION=  0.1143E-02 <<< CONVERGED
    EQUIL ITER   1 COMPLETED.  OLD TRIANG MATRIX.  MAX DOF INC= -0.2352E-05
     FORCE CONVERGENCE VALUE  =  0.9595E-06  CRITERION=  0.5000E-04 <<< CONVERGED
    >>> SOLUTION CONVERGED AFTER EQUILIBRIUM ITERATION   1
 *** LOAD STEP     4   SUBSTEP   113  COMPLETED.    CUM ITER =    639
 *** TIME =   43.3000         TIME INC =  0.100000    
 *** MAX VISCOELASTIC STRAIN STEP = 0.1868E-06

     FORCE CONVERGENCE VALUE  =  0.1551E-05  CRITERION=  0.5000E-04
     DISP CONVERGENCE VALUE   =  0.2273E-05  CRITERION=  0.1143E-02 <<< CONVERGED
    EQUIL ITER   1 COMPLETED.  OLD TRIANG MATRIX.  MAX DOF INC= -0.2273E-05
     FORCE CONVERGENCE VALUE  =  0.9257E-06  CRITERION=  0.5000E-04 <<< CONVERGED
    >>> SOLUTION CONVERGED AFTER EQUILIBRIUM ITERATION   1
 *** LOAD STEP     4   SUBSTEP   114  COMPLETED.    CUM ITER =    640
 *** TIME =   43.4000         TIME INC =  0.100000    
 *** MAX VISCOELASTIC STRAIN STEP = 0.1820E-06

     FORCE CONVERGENCE VALUE  =  0.1497E-05  CRITERION=  0.5000E-04
     DISP CONVERGENCE VALUE   =  0.2196E-05  CRITERION=  0.1143E-02 <<< CONVERGED
    EQUIL ITER   1 COMPLETED.  OLD TRIANG MATRIX.  MAX DOF INC= -0.2196E-05
     FORCE CONVERGENCE VALUE  =  0.8930E-06  CRITERION=  0.5000E-04 <<< CONVERGED
    >>> SOLUTION CONVERGED AFTER EQUILIBRIUM ITERATION   1
 *** LOAD STEP     4   SUBSTEP   115  COMPLETED.    CUM ITER =    641
 *** TIME =   43.5000         TIME INC =  0.100000    
 *** MAX VISCOELASTIC STRAIN STEP = 0.1773E-06

     FORCE CONVERGENCE VALUE  =  0.1444E-05  CRITERION=  0.5000E-04
     DISP CONVERGENCE VALUE   =  0.2123E-05  CRITERION=  0.1143E-02 <<< CONVERGED
    EQUIL ITER   1 COMPLETED.  OLD TRIANG MATRIX.  MAX DOF INC= -0.2123E-05
     FORCE CONVERGENCE VALUE  =  0.8615E-06  CRITERION=  0.5000E-04 <<< CONVERGED
    >>> SOLUTION CONVERGED AFTER EQUILIBRIUM ITERATION   1
 *** LOAD STEP     4   SUBSTEP   116  COMPLETED.    CUM ITER =    642
 *** TIME =   43.6000         TIME INC =  0.100000    
 *** MAX VISCOELASTIC STRAIN STEP = 0.1728E-06

     FORCE CONVERGENCE VALUE  =  0.1393E-05  CRITERION=  0.5000E-04
     DISP CONVERGENCE VALUE   =  0.2052E-05  CRITERION=  0.1143E-02 <<< CONVERGED
    EQUIL ITER   1 COMPLETED.  OLD TRIANG MATRIX.  MAX DOF INC= -0.2052E-05
     FORCE CONVERGENCE VALUE  =  0.8311E-06  CRITERION=  0.5000E-04 <<< CONVERGED
    >>> SOLUTION CONVERGED AFTER EQUILIBRIUM ITERATION   1
 *** LOAD STEP     4   SUBSTEP   117  COMPLETED.    CUM ITER =    643
 *** TIME =   43.7000         TIME INC =  0.100000    
 *** MAX VISCOELASTIC STRAIN STEP = 0.1686E-06

     FORCE CONVERGENCE VALUE  =  0.1344E-05  CRITERION=  0.5000E-04
     DISP CONVERGENCE VALUE   =  0.1983E-05  CRITERION=  0.1143E-02 <<< CONVERGED
    EQUIL ITER   1 COMPLETED.  OLD TRIANG MATRIX.  MAX DOF INC= -0.1983E-05
     FORCE CONVERGENCE VALUE  =  0.8018E-06  CRITERION=  0.5000E-04 <<< CONVERGED
    >>> SOLUTION CONVERGED AFTER EQUILIBRIUM ITERATION   1
 *** LOAD STEP     4   SUBSTEP   118  COMPLETED.    CUM ITER =    644
 *** TIME =   43.8000         TIME INC =  0.100000    
 *** MAX VISCOELASTIC STRAIN STEP = 0.1679E-06

     FORCE CONVERGENCE VALUE  =  0.1297E-05  CRITERION=  0.5000E-04
     DISP CONVERGENCE VALUE   =  0.1917E-05  CRITERION=  0.1143E-02 <<< CONVERGED
    EQUIL ITER   1 COMPLETED.  OLD TRIANG MATRIX.  MAX DOF INC= -0.1917E-05
     FORCE CONVERGENCE VALUE  =  0.7735E-06  CRITERION=  0.5000E-04 <<< CONVERGED
    >>> SOLUTION CONVERGED AFTER EQUILIBRIUM ITERATION   1
 *** LOAD STEP     4   SUBSTEP   119  COMPLETED.    CUM ITER =    645
 *** TIME =   43.9000         TIME INC =  0.100000    
 *** MAX VISCOELASTIC STRAIN STEP = 0.1671E-06

     FORCE CONVERGENCE VALUE  =  0.1251E-05  CRITERION=  0.5000E-04
     DISP CONVERGENCE VALUE   =  0.1854E-05  CRITERION=  0.1143E-02 <<< CONVERGED
    EQUIL ITER   1 COMPLETED.  OLD TRIANG MATRIX.  MAX DOF INC= -0.1854E-05
     FORCE CONVERGENCE VALUE  =  0.7461E-06  CRITERION=  0.5000E-04 <<< CONVERGED
    >>> SOLUTION CONVERGED AFTER EQUILIBRIUM ITERATION   1
 *** LOAD STEP     4   SUBSTEP   120  COMPLETED.    CUM ITER =    646
 *** TIME =   44.0000         TIME INC =  0.100000    
 *** MAX VISCOELASTIC STRAIN STEP = 0.1664E-06

     FORCE CONVERGENCE VALUE  =  0.1207E-05  CRITERION=  0.5000E-04
     DISP CONVERGENCE VALUE   =  0.1792E-05  CRITERION=  0.1143E-02 <<< CONVERGED
    EQUIL ITER   1 COMPLETED.  OLD TRIANG MATRIX.  MAX DOF INC= -0.1792E-05
     FORCE CONVERGENCE VALUE  =  0.7198E-06  CRITERION=  0.5000E-04 <<< CONVERGED
    >>> SOLUTION CONVERGED AFTER EQUILIBRIUM ITERATION   1
 *** LOAD STEP     4   SUBSTEP   121  COMPLETED.    CUM ITER =    647
 *** TIME =   44.1000         TIME INC =  0.100000    
 *** MAX VISCOELASTIC STRAIN STEP = 0.1658E-06

     FORCE CONVERGENCE VALUE  =  0.1165E-05  CRITERION=  0.5000E-04
     DISP CONVERGENCE VALUE   =  0.1733E-05  CRITERION=  0.1143E-02 <<< CONVERGED
    EQUIL ITER   1 COMPLETED.  OLD TRIANG MATRIX.  MAX DOF INC= -0.1733E-05
     FORCE CONVERGENCE VALUE  =  0.6943E-06  CRITERION=  0.5000E-04 <<< CONVERGED
    >>> SOLUTION CONVERGED AFTER EQUILIBRIUM ITERATION   1
 *** LOAD STEP     4   SUBSTEP   122  COMPLETED.    CUM ITER =    648
 *** TIME =   44.2000         TIME INC =  0.100000    
 *** MAX VISCOELASTIC STRAIN STEP = 0.1651E-06

     FORCE CONVERGENCE VALUE  =  0.1124E-05  CRITERION=  0.5000E-04
     DISP CONVERGENCE VALUE   =  0.1676E-05  CRITERION=  0.1143E-02 <<< CONVERGED
    EQUIL ITER   1 COMPLETED.  OLD TRIANG MATRIX.  MAX DOF INC= -0.1676E-05
     FORCE CONVERGENCE VALUE  =  0.6698E-06  CRITERION=  0.5000E-04 <<< CONVERGED
    >>> SOLUTION CONVERGED AFTER EQUILIBRIUM ITERATION   1
 *** LOAD STEP     4   SUBSTEP   123  COMPLETED.    CUM ITER =    649
 *** TIME =   44.3000         TIME INC =  0.100000    
 *** MAX VISCOELASTIC STRAIN STEP = 0.1645E-06

     FORCE CONVERGENCE VALUE  =  0.1084E-05  CRITERION=  0.5000E-04
     DISP CONVERGENCE VALUE   =  0.1621E-05  CRITERION=  0.1143E-02 <<< CONVERGED
    EQUIL ITER   1 COMPLETED.  OLD TRIANG MATRIX.  MAX DOF INC= -0.1621E-05
     FORCE CONVERGENCE VALUE  =  0.6461E-06  CRITERION=  0.5000E-04 <<< CONVERGED
    >>> SOLUTION CONVERGED AFTER EQUILIBRIUM ITERATION   1
 *** LOAD STEP     4   SUBSTEP   124  COMPLETED.    CUM ITER =    650
 *** TIME =   44.4000         TIME INC =  0.100000    
 *** MAX VISCOELASTIC STRAIN STEP = 0.1639E-06

     FORCE CONVERGENCE VALUE  =  0.1046E-05  CRITERION=  0.5000E-04
     DISP CONVERGENCE VALUE   =  0.1568E-05  CRITERION=  0.1143E-02 <<< CONVERGED
    EQUIL ITER   1 COMPLETED.  OLD TRIANG MATRIX.  MAX DOF INC= -0.1568E-05
     FORCE CONVERGENCE VALUE  =  0.6232E-06  CRITERION=  0.5000E-04 <<< CONVERGED
    >>> SOLUTION CONVERGED AFTER EQUILIBRIUM ITERATION   1
 *** LOAD STEP     4   SUBSTEP   125  COMPLETED.    CUM ITER =    651
 *** TIME =   44.5000         TIME INC =  0.100000    
 *** MAX VISCOELASTIC STRAIN STEP = 0.1633E-06

     FORCE CONVERGENCE VALUE  =  0.1009E-05  CRITERION=  0.5000E-04
     DISP CONVERGENCE VALUE   =  0.1516E-05  CRITERION=  0.1143E-02 <<< CONVERGED
    EQUIL ITER   1 COMPLETED.  OLD TRIANG MATRIX.  MAX DOF INC= -0.1516E-05
     FORCE CONVERGENCE VALUE  =  0.6011E-06  CRITERION=  0.5000E-04 <<< CONVERGED
    >>> SOLUTION CONVERGED AFTER EQUILIBRIUM ITERATION   1
 *** LOAD STEP     4   SUBSTEP   126  COMPLETED.    CUM ITER =    652
 *** TIME =   44.6000         TIME INC =  0.100000    
 *** MAX VISCOELASTIC STRAIN STEP = 0.1627E-06

     FORCE CONVERGENCE VALUE  =  0.9734E-06  CRITERION=  0.5000E-04
     DISP CONVERGENCE VALUE   =  0.1467E-05  CRITERION=  0.1143E-02 <<< CONVERGED
    EQUIL ITER   1 COMPLETED.  OLD TRIANG MATRIX.  MAX DOF INC= -0.1467E-05
     FORCE CONVERGENCE VALUE  =  0.5798E-06  CRITERION=  0.5000E-04 <<< CONVERGED
    >>> SOLUTION CONVERGED AFTER EQUILIBRIUM ITERATION   1
 *** LOAD STEP     4   SUBSTEP   127  COMPLETED.    CUM ITER =    653
 *** TIME =   44.7000         TIME INC =  0.100000    
 *** MAX VISCOELASTIC STRAIN STEP = 0.1621E-06

     FORCE CONVERGENCE VALUE  =  0.9390E-06  CRITERION=  0.5000E-04
     DISP CONVERGENCE VALUE   =  0.1419E-05  CRITERION=  0.1143E-02 <<< CONVERGED
    EQUIL ITER   1 COMPLETED.  OLD TRIANG MATRIX.  MAX DOF INC= -0.1419E-05
     FORCE CONVERGENCE VALUE  =  0.5593E-06  CRITERION=  0.5000E-04 <<< CONVERGED
    >>> SOLUTION CONVERGED AFTER EQUILIBRIUM ITERATION   1
 *** LOAD STEP     4   SUBSTEP   128  COMPLETED.    CUM ITER =    654
 *** TIME =   44.8000         TIME INC =  0.100000    
 *** MAX VISCOELASTIC STRAIN STEP = 0.1615E-06

     FORCE CONVERGENCE VALUE  =  0.9059E-06  CRITERION=  0.5000E-04
     DISP CONVERGENCE VALUE   =  0.1373E-05  CRITERION=  0.1143E-02 <<< CONVERGED
    EQUIL ITER   1 COMPLETED.  OLD TRIANG MATRIX.  MAX DOF INC= -0.1373E-05
     FORCE CONVERGENCE VALUE  =  0.5394E-06  CRITERION=  0.5000E-04 <<< CONVERGED
    >>> SOLUTION CONVERGED AFTER EQUILIBRIUM ITERATION   1
 *** LOAD STEP     4   SUBSTEP   129  COMPLETED.    CUM ITER =    655
 *** TIME =   44.9000         TIME INC =  0.100000    
 *** MAX VISCOELASTIC STRAIN STEP = 0.1610E-06

     FORCE CONVERGENCE VALUE  =  0.8739E-06  CRITERION=  0.5000E-04
     DISP CONVERGENCE VALUE   =  0.1329E-05  CRITERION=  0.1143E-02 <<< CONVERGED
    EQUIL ITER   1 COMPLETED.  OLD TRIANG MATRIX.  MAX DOF INC= -0.1329E-05
     FORCE CONVERGENCE VALUE  =  0.5203E-06  CRITERION=  0.5000E-04 <<< CONVERGED
    >>> SOLUTION CONVERGED AFTER EQUILIBRIUM ITERATION   1
 *** LOAD STEP     4   SUBSTEP   130  COMPLETED.    CUM ITER =    656
 *** TIME =   45.0000         TIME INC =  0.100000    
 *** MAX VISCOELASTIC STRAIN STEP = 0.1604E-06

     FORCE CONVERGENCE VALUE  =  0.8430E-06  CRITERION=  0.5000E-04
     DISP CONVERGENCE VALUE   =  0.1286E-05  CRITERION=  0.1143E-02 <<< CONVERGED
    EQUIL ITER   1 COMPLETED.  OLD TRIANG MATRIX.  MAX DOF INC= -0.1286E-05
     FORCE CONVERGENCE VALUE  =  0.5018E-06  CRITERION=  0.5000E-04 <<< CONVERGED
    >>> SOLUTION CONVERGED AFTER EQUILIBRIUM ITERATION   1
 *** LOAD STEP     4   SUBSTEP   131  COMPLETED.    CUM ITER =    657
 *** TIME =   45.1000         TIME INC =  0.100000    
 *** MAX VISCOELASTIC STRAIN STEP = 0.1599E-06

     FORCE CONVERGENCE VALUE  =  0.8132E-06  CRITERION=  0.5000E-04
     DISP CONVERGENCE VALUE   =  0.1245E-05  CRITERION=  0.1143E-02 <<< CONVERGED
    EQUIL ITER   1 COMPLETED.  OLD TRIANG MATRIX.  MAX DOF INC= -0.1245E-05
     FORCE CONVERGENCE VALUE  =  0.4840E-06  CRITERION=  0.5000E-04 <<< CONVERGED
    >>> SOLUTION CONVERGED AFTER EQUILIBRIUM ITERATION   1
 *** LOAD STEP     4   SUBSTEP   132  COMPLETED.    CUM ITER =    658
 *** TIME =   45.2000         TIME INC =  0.100000    
 *** MAX VISCOELASTIC STRAIN STEP = 0.1594E-06

     FORCE CONVERGENCE VALUE  =  0.7845E-06  CRITERION=  0.5000E-04
     DISP CONVERGENCE VALUE   =  0.1205E-05  CRITERION=  0.1143E-02 <<< CONVERGED
    EQUIL ITER   1 COMPLETED.  OLD TRIANG MATRIX.  MAX DOF INC= -0.1205E-05
     FORCE CONVERGENCE VALUE  =  0.4668E-06  CRITERION=  0.5000E-04 <<< CONVERGED
    >>> SOLUTION CONVERGED AFTER EQUILIBRIUM ITERATION   1
 *** LOAD STEP     4   SUBSTEP   133  COMPLETED.    CUM ITER =    659
 *** TIME =   45.3000         TIME INC =  0.100000    
 *** MAX VISCOELASTIC STRAIN STEP = 0.1589E-06

     FORCE CONVERGENCE VALUE  =  0.7567E-06  CRITERION=  0.5000E-04
     DISP CONVERGENCE VALUE   =  0.1166E-05  CRITERION=  0.1143E-02 <<< CONVERGED
    EQUIL ITER   1 COMPLETED.  OLD TRIANG MATRIX.  MAX DOF INC= -0.1166E-05
     FORCE CONVERGENCE VALUE  =  0.4502E-06  CRITERION=  0.5000E-04 <<< CONVERGED
    >>> SOLUTION CONVERGED AFTER EQUILIBRIUM ITERATION   1
 *** LOAD STEP     4   SUBSTEP   134  COMPLETED.    CUM ITER =    660
 *** TIME =   45.4000         TIME INC =  0.100000    
 *** MAX VISCOELASTIC STRAIN STEP = 0.1584E-06

     FORCE CONVERGENCE VALUE  =  0.7300E-06  CRITERION=  0.5000E-04
     DISP CONVERGENCE VALUE   =  0.1129E-05  CRITERION=  0.1143E-02 <<< CONVERGED
    EQUIL ITER   1 COMPLETED.  OLD TRIANG MATRIX.  MAX DOF INC= -0.1129E-05
     FORCE CONVERGENCE VALUE  =  0.4342E-06  CRITERION=  0.5000E-04 <<< CONVERGED
    >>> SOLUTION CONVERGED AFTER EQUILIBRIUM ITERATION   1
 *** LOAD STEP     4   SUBSTEP   135  COMPLETED.    CUM ITER =    661
 *** TIME =   45.5000         TIME INC =  0.100000    
 *** MAX VISCOELASTIC STRAIN STEP = 0.1580E-06

     FORCE CONVERGENCE VALUE  =  0.7041E-06  CRITERION=  0.5000E-04
     DISP CONVERGENCE VALUE   =  0.1093E-05  CRITERION=  0.1143E-02 <<< CONVERGED
    EQUIL ITER   1 COMPLETED.  OLD TRIANG MATRIX.  MAX DOF INC= -0.1093E-05
     FORCE CONVERGENCE VALUE  =  0.4187E-06  CRITERION=  0.5000E-04 <<< CONVERGED
    >>> SOLUTION CONVERGED AFTER EQUILIBRIUM ITERATION   1
 *** LOAD STEP     4   SUBSTEP   136  COMPLETED.    CUM ITER =    662
 *** TIME =   45.6000         TIME INC =  0.100000    
 *** MAX VISCOELASTIC STRAIN STEP = 0.1575E-06

     FORCE CONVERGENCE VALUE  =  0.6792E-06  CRITERION=  0.5000E-04
     DISP CONVERGENCE VALUE   =  0.1059E-05  CRITERION=  0.1143E-02 <<< CONVERGED
    EQUIL ITER   1 COMPLETED.  OLD TRIANG MATRIX.  MAX DOF INC= -0.1059E-05
     FORCE CONVERGENCE VALUE  =  0.4038E-06  CRITERION=  0.5000E-04 <<< CONVERGED
    >>> SOLUTION CONVERGED AFTER EQUILIBRIUM ITERATION   1
 *** LOAD STEP     4   SUBSTEP   137  COMPLETED.    CUM ITER =    663
 *** TIME =   45.7000         TIME INC =  0.100000    
 *** MAX VISCOELASTIC STRAIN STEP = 0.1570E-06

     FORCE CONVERGENCE VALUE  =  0.6551E-06  CRITERION=  0.5000E-04
     DISP CONVERGENCE VALUE   =  0.1025E-05  CRITERION=  0.1143E-02 <<< CONVERGED
    EQUIL ITER   1 COMPLETED.  OLD TRIANG MATRIX.  MAX DOF INC= -0.1025E-05
     FORCE CONVERGENCE VALUE  =  0.3894E-06  CRITERION=  0.5000E-04 <<< CONVERGED
    >>> SOLUTION CONVERGED AFTER EQUILIBRIUM ITERATION   1
 *** LOAD STEP     4   SUBSTEP   138  COMPLETED.    CUM ITER =    664
 *** TIME =   45.8000         TIME INC =  0.100000    
 *** MAX VISCOELASTIC STRAIN STEP = 0.1566E-06

     FORCE CONVERGENCE VALUE  =  0.6319E-06  CRITERION=  0.5000E-04
     DISP CONVERGENCE VALUE   =  0.9932E-06  CRITERION=  0.1143E-02 <<< CONVERGED
    EQUIL ITER   1 COMPLETED.  OLD TRIANG MATRIX.  MAX DOF INC= -0.9932E-06
     FORCE CONVERGENCE VALUE  =  0.3755E-06  CRITERION=  0.5000E-04 <<< CONVERGED
    >>> SOLUTION CONVERGED AFTER EQUILIBRIUM ITERATION   1
 *** LOAD STEP     4   SUBSTEP   139  COMPLETED.    CUM ITER =    665
 *** TIME =   45.9000         TIME INC =  0.100000    
 *** MAX VISCOELASTIC STRAIN STEP = 0.1562E-06

     FORCE CONVERGENCE VALUE  =  0.6095E-06  CRITERION=  0.5000E-04
     DISP CONVERGENCE VALUE   =  0.9622E-06  CRITERION=  0.1143E-02 <<< CONVERGED
    EQUIL ITER   1 COMPLETED.  OLD TRIANG MATRIX.  MAX DOF INC= -0.9622E-06
     FORCE CONVERGENCE VALUE  =  0.3621E-06  CRITERION=  0.5000E-04 <<< CONVERGED
    >>> SOLUTION CONVERGED AFTER EQUILIBRIUM ITERATION   1
 *** LOAD STEP     4   SUBSTEP   140  COMPLETED.    CUM ITER =    666
 *** TIME =   46.0000         TIME INC =  0.100000    
 *** MAX VISCOELASTIC STRAIN STEP = 0.1557E-06

     FORCE CONVERGENCE VALUE  =  0.5879E-06  CRITERION=  0.5000E-04
     DISP CONVERGENCE VALUE   =  0.9323E-06  CRITERION=  0.1143E-02 <<< CONVERGED
    EQUIL ITER   1 COMPLETED.  OLD TRIANG MATRIX.  MAX DOF INC= -0.9323E-06
     FORCE CONVERGENCE VALUE  =  0.3492E-06  CRITERION=  0.5000E-04 <<< CONVERGED
    >>> SOLUTION CONVERGED AFTER EQUILIBRIUM ITERATION   1
 *** LOAD STEP     4   SUBSTEP   141  COMPLETED.    CUM ITER =    667
 *** TIME =   46.1000         TIME INC =  0.100000    
 *** MAX VISCOELASTIC STRAIN STEP = 0.1553E-06

     FORCE CONVERGENCE VALUE  =  0.5670E-06  CRITERION=  0.5000E-04
     DISP CONVERGENCE VALUE   =  0.9034E-06  CRITERION=  0.1143E-02 <<< CONVERGED
    EQUIL ITER   1 COMPLETED.  OLD TRIANG MATRIX.  MAX DOF INC= -0.9034E-06
     FORCE CONVERGENCE VALUE  =  0.3367E-06  CRITERION=  0.5000E-04 <<< CONVERGED
    >>> SOLUTION CONVERGED AFTER EQUILIBRIUM ITERATION   1
 *** LOAD STEP     4   SUBSTEP   142  COMPLETED.    CUM ITER =    668
 *** TIME =   46.2000         TIME INC =  0.100000    
 *** MAX VISCOELASTIC STRAIN STEP = 0.1549E-06

     FORCE CONVERGENCE VALUE  =  0.5469E-06  CRITERION=  0.5000E-04
     DISP CONVERGENCE VALUE   =  0.8755E-06  CRITERION=  0.1143E-02 <<< CONVERGED
    EQUIL ITER   1 COMPLETED.  OLD TRIANG MATRIX.  MAX DOF INC= -0.8755E-06
     FORCE CONVERGENCE VALUE  =  0.3246E-06  CRITERION=  0.5000E-04 <<< CONVERGED
    >>> SOLUTION CONVERGED AFTER EQUILIBRIUM ITERATION   1
 *** LOAD STEP     4   SUBSTEP   143  COMPLETED.    CUM ITER =    669
 *** TIME =   46.3000         TIME INC =  0.100000    
 *** MAX VISCOELASTIC STRAIN STEP = 0.1545E-06

     FORCE CONVERGENCE VALUE  =  0.5275E-06  CRITERION=  0.5000E-04
     DISP CONVERGENCE VALUE   =  0.8487E-06  CRITERION=  0.1143E-02 <<< CONVERGED
    EQUIL ITER   1 COMPLETED.  OLD TRIANG MATRIX.  MAX DOF INC= -0.8487E-06
     FORCE CONVERGENCE VALUE  =  0.3130E-06  CRITERION=  0.5000E-04 <<< CONVERGED
    >>> SOLUTION CONVERGED AFTER EQUILIBRIUM ITERATION   1
 *** LOAD STEP     4   SUBSTEP   144  COMPLETED.    CUM ITER =    670
 *** TIME =   46.4000         TIME INC =  0.100000    
 *** MAX VISCOELASTIC STRAIN STEP = 0.1541E-06

     FORCE CONVERGENCE VALUE  =  0.5087E-06  CRITERION=  0.5000E-04
     DISP CONVERGENCE VALUE   =  0.8227E-06  CRITERION=  0.1143E-02 <<< CONVERGED
    EQUIL ITER   1 COMPLETED.  OLD TRIANG MATRIX.  MAX DOF INC= -0.8227E-06
     FORCE CONVERGENCE VALUE  =  0.3018E-06  CRITERION=  0.5000E-04 <<< CONVERGED
    >>> SOLUTION CONVERGED AFTER EQUILIBRIUM ITERATION   1
 *** LOAD STEP     4   SUBSTEP   145  COMPLETED.    CUM ITER =    671
 *** TIME =   46.5000         TIME INC =  0.100000    
 *** MAX VISCOELASTIC STRAIN STEP = 0.1537E-06

     FORCE CONVERGENCE VALUE  =  0.4906E-06  CRITERION=  0.5000E-04
     DISP CONVERGENCE VALUE   =  0.7977E-06  CRITERION=  0.1143E-02 <<< CONVERGED
    EQUIL ITER   1 COMPLETED.  OLD TRIANG MATRIX.  MAX DOF INC= -0.7977E-06
     FORCE CONVERGENCE VALUE  =  0.2910E-06  CRITERION=  0.5000E-04 <<< CONVERGED
    >>> SOLUTION CONVERGED AFTER EQUILIBRIUM ITERATION   1
 *** LOAD STEP     4   SUBSTEP   146  COMPLETED.    CUM ITER =    672
 *** TIME =   46.6000         TIME INC =  0.100000    
 *** MAX VISCOELASTIC STRAIN STEP = 0.1534E-06

     FORCE CONVERGENCE VALUE  =  0.4732E-06  CRITERION=  0.5000E-04
     DISP CONVERGENCE VALUE   =  0.7736E-06  CRITERION=  0.1143E-02 <<< CONVERGED
    EQUIL ITER   1 COMPLETED.  OLD TRIANG MATRIX.  MAX DOF INC= -0.7736E-06
     FORCE CONVERGENCE VALUE  =  0.2805E-06  CRITERION=  0.5000E-04 <<< CONVERGED
    >>> SOLUTION CONVERGED AFTER EQUILIBRIUM ITERATION   1
 *** LOAD STEP     4   SUBSTEP   147  COMPLETED.    CUM ITER =    673
 *** TIME =   46.7000         TIME INC =  0.100000    
 *** MAX VISCOELASTIC STRAIN STEP = 0.1530E-06

     FORCE CONVERGENCE VALUE  =  0.4563E-06  CRITERION=  0.5000E-04
     DISP CONVERGENCE VALUE   =  0.7503E-06  CRITERION=  0.1143E-02 <<< CONVERGED
    EQUIL ITER   1 COMPLETED.  OLD TRIANG MATRIX.  MAX DOF INC= -0.7503E-06
     FORCE CONVERGENCE VALUE  =  0.2705E-06  CRITERION=  0.5000E-04 <<< CONVERGED
    >>> SOLUTION CONVERGED AFTER EQUILIBRIUM ITERATION   1
 *** LOAD STEP     4   SUBSTEP   148  COMPLETED.    CUM ITER =    674
 *** TIME =   46.8000         TIME INC =  0.100000    
 *** MAX VISCOELASTIC STRAIN STEP = 0.1526E-06

     FORCE CONVERGENCE VALUE  =  0.4401E-06  CRITERION=  0.5000E-04
     DISP CONVERGENCE VALUE   =  0.7278E-06  CRITERION=  0.1143E-02 <<< CONVERGED
    EQUIL ITER   1 COMPLETED.  OLD TRIANG MATRIX.  MAX DOF INC= -0.7278E-06
     FORCE CONVERGENCE VALUE  =  0.2607E-06  CRITERION=  0.5000E-04 <<< CONVERGED
    >>> SOLUTION CONVERGED AFTER EQUILIBRIUM ITERATION   1
 *** LOAD STEP     4   SUBSTEP   149  COMPLETED.    CUM ITER =    675
 *** TIME =   46.9000         TIME INC =  0.100000    
 *** MAX VISCOELASTIC STRAIN STEP = 0.1523E-06

     FORCE CONVERGENCE VALUE  =  0.4244E-06  CRITERION=  0.5000E-04
     DISP CONVERGENCE VALUE   =  0.7061E-06  CRITERION=  0.1143E-02 <<< CONVERGED
    EQUIL ITER   1 COMPLETED.  OLD TRIANG MATRIX.  MAX DOF INC= -0.7061E-06
     FORCE CONVERGENCE VALUE  =  0.2513E-06  CRITERION=  0.5000E-04 <<< CONVERGED
    >>> SOLUTION CONVERGED AFTER EQUILIBRIUM ITERATION   1
 *** LOAD STEP     4   SUBSTEP   150  COMPLETED.    CUM ITER =    676
 *** TIME =   47.0000         TIME INC =  0.100000    
 *** MAX VISCOELASTIC STRAIN STEP = 0.1519E-06

     FORCE CONVERGENCE VALUE  =  0.4092E-06  CRITERION=  0.5000E-04
     DISP CONVERGENCE VALUE   =  0.6852E-06  CRITERION=  0.1143E-02 <<< CONVERGED
    EQUIL ITER   1 COMPLETED.  OLD TRIANG MATRIX.  MAX DOF INC= -0.6852E-06
     FORCE CONVERGENCE VALUE  =  0.2423E-06  CRITERION=  0.5000E-04 <<< CONVERGED
    >>> SOLUTION CONVERGED AFTER EQUILIBRIUM ITERATION   1
 *** LOAD STEP     4   SUBSTEP   151  COMPLETED.    CUM ITER =    677
 *** TIME =   47.1000         TIME INC =  0.100000    
 *** MAX VISCOELASTIC STRAIN STEP = 0.1516E-06

     FORCE CONVERGENCE VALUE  =  0.3946E-06  CRITERION=  0.5000E-04
     DISP CONVERGENCE VALUE   =  0.6650E-06  CRITERION=  0.1143E-02 <<< CONVERGED
    EQUIL ITER   1 COMPLETED.  OLD TRIANG MATRIX.  MAX DOF INC= -0.6650E-06
     FORCE CONVERGENCE VALUE  =  0.2335E-06  CRITERION=  0.5000E-04 <<< CONVERGED
    >>> SOLUTION CONVERGED AFTER EQUILIBRIUM ITERATION   1
 *** LOAD STEP     4   SUBSTEP   152  COMPLETED.    CUM ITER =    678
 *** TIME =   47.2000         TIME INC =  0.100000    
 *** MAX VISCOELASTIC STRAIN STEP = 0.1512E-06

     FORCE CONVERGENCE VALUE  =  0.3805E-06  CRITERION=  0.5000E-04
     DISP CONVERGENCE VALUE   =  0.6455E-06  CRITERION=  0.1143E-02 <<< CONVERGED
    EQUIL ITER   1 COMPLETED.  OLD TRIANG MATRIX.  MAX DOF INC= -0.6455E-06
     FORCE CONVERGENCE VALUE  =  0.2251E-06  CRITERION=  0.5000E-04 <<< CONVERGED
    >>> SOLUTION CONVERGED AFTER EQUILIBRIUM ITERATION   1
 *** LOAD STEP     4   SUBSTEP   153  COMPLETED.    CUM ITER =    679
 *** TIME =   47.3000         TIME INC =  0.100000    
 *** MAX VISCOELASTIC STRAIN STEP = 0.1509E-06

     FORCE CONVERGENCE VALUE  =  0.3669E-06  CRITERION=  0.5000E-04
     DISP CONVERGENCE VALUE   =  0.6268E-06  CRITERION=  0.1143E-02 <<< CONVERGED
    EQUIL ITER   1 COMPLETED.  OLD TRIANG MATRIX.  MAX DOF INC= -0.6268E-06
     FORCE CONVERGENCE VALUE  =  0.2170E-06  CRITERION=  0.5000E-04 <<< CONVERGED
    >>> SOLUTION CONVERGED AFTER EQUILIBRIUM ITERATION   1
 *** LOAD STEP     4   SUBSTEP   154  COMPLETED.    CUM ITER =    680
 *** TIME =   47.4000         TIME INC =  0.100000    
 *** MAX VISCOELASTIC STRAIN STEP = 0.1506E-06

     FORCE CONVERGENCE VALUE  =  0.3538E-06  CRITERION=  0.5000E-04
     DISP CONVERGENCE VALUE   =  0.6086E-06  CRITERION=  0.1143E-02 <<< CONVERGED
    EQUIL ITER   1 COMPLETED.  OLD TRIANG MATRIX.  MAX DOF INC= -0.6086E-06
     FORCE CONVERGENCE VALUE  =  0.2091E-06  CRITERION=  0.5000E-04 <<< CONVERGED
    >>> SOLUTION CONVERGED AFTER EQUILIBRIUM ITERATION   1
 *** LOAD STEP     4   SUBSTEP   155  COMPLETED.    CUM ITER =    681
 *** TIME =   47.5000         TIME INC =  0.100000    
 *** MAX VISCOELASTIC STRAIN STEP = 0.1502E-06

     FORCE CONVERGENCE VALUE  =  0.3411E-06  CRITERION=  0.5000E-04
     DISP CONVERGENCE VALUE   =  0.5911E-06  CRITERION=  0.1143E-02 <<< CONVERGED
    EQUIL ITER   1 COMPLETED.  OLD TRIANG MATRIX.  MAX DOF INC= -0.5911E-06
     FORCE CONVERGENCE VALUE  =  0.2015E-06  CRITERION=  0.5000E-04 <<< CONVERGED
    >>> SOLUTION CONVERGED AFTER EQUILIBRIUM ITERATION   1
 *** LOAD STEP     4   SUBSTEP   156  COMPLETED.    CUM ITER =    682
 *** TIME =   47.6000         TIME INC =  0.100000    
 *** MAX VISCOELASTIC STRAIN STEP = 0.1499E-06

     FORCE CONVERGENCE VALUE  =  0.3289E-06  CRITERION=  0.5000E-04
     DISP CONVERGENCE VALUE   =  0.5742E-06  CRITERION=  0.1143E-02 <<< CONVERGED
    EQUIL ITER   1 COMPLETED.  OLD TRIANG MATRIX.  MAX DOF INC= -0.5742E-06
     FORCE CONVERGENCE VALUE  =  0.1942E-06  CRITERION=  0.5000E-04 <<< CONVERGED
    >>> SOLUTION CONVERGED AFTER EQUILIBRIUM ITERATION   1
 *** LOAD STEP     4   SUBSTEP   157  COMPLETED.    CUM ITER =    683
 *** TIME =   47.7000         TIME INC =  0.100000    
 *** MAX VISCOELASTIC STRAIN STEP = 0.1496E-06

     FORCE CONVERGENCE VALUE  =  0.3171E-06  CRITERION=  0.5000E-04
     DISP CONVERGENCE VALUE   =  0.5579E-06  CRITERION=  0.1143E-02 <<< CONVERGED
    EQUIL ITER   1 COMPLETED.  OLD TRIANG MATRIX.  MAX DOF INC= -0.5579E-06
     FORCE CONVERGENCE VALUE  =  0.1871E-06  CRITERION=  0.5000E-04 <<< CONVERGED
    >>> SOLUTION CONVERGED AFTER EQUILIBRIUM ITERATION   1
 *** LOAD STEP     4   SUBSTEP   158  COMPLETED.    CUM ITER =    684
 *** TIME =   47.8000         TIME INC =  0.100000    
 *** MAX VISCOELASTIC STRAIN STEP = 0.1493E-06

     FORCE CONVERGENCE VALUE  =  0.3057E-06  CRITERION=  0.5000E-04
     DISP CONVERGENCE VALUE   =  0.5422E-06  CRITERION=  0.1143E-02 <<< CONVERGED
    EQUIL ITER   1 COMPLETED.  OLD TRIANG MATRIX.  MAX DOF INC= -0.5422E-06
     FORCE CONVERGENCE VALUE  =  0.1803E-06  CRITERION=  0.5000E-04 <<< CONVERGED
    >>> SOLUTION CONVERGED AFTER EQUILIBRIUM ITERATION   1
 *** LOAD STEP     4   SUBSTEP   159  COMPLETED.    CUM ITER =    685
 *** TIME =   47.9000         TIME INC =  0.100000    
 *** MAX VISCOELASTIC STRAIN STEP = 0.1490E-06

     FORCE CONVERGENCE VALUE  =  0.2947E-06  CRITERION=  0.5000E-04
     DISP CONVERGENCE VALUE   =  0.5270E-06  CRITERION=  0.1143E-02 <<< CONVERGED
    EQUIL ITER   1 COMPLETED.  OLD TRIANG MATRIX.  MAX DOF INC= -0.5270E-06
     FORCE CONVERGENCE VALUE  =  0.1738E-06  CRITERION=  0.5000E-04 <<< CONVERGED
    >>> SOLUTION CONVERGED AFTER EQUILIBRIUM ITERATION   1
 *** LOAD STEP     4   SUBSTEP   160  COMPLETED.    CUM ITER =    686
 *** TIME =   48.0000         TIME INC =  0.100000    
 *** MAX VISCOELASTIC STRAIN STEP = 0.1487E-06

     FORCE CONVERGENCE VALUE  =  0.2841E-06  CRITERION=  0.5000E-04
     DISP CONVERGENCE VALUE   =  0.5124E-06  CRITERION=  0.1143E-02 <<< CONVERGED
    EQUIL ITER   1 COMPLETED.  OLD TRIANG MATRIX.  MAX DOF INC= -0.5124E-06
     FORCE CONVERGENCE VALUE  =  0.1674E-06  CRITERION=  0.5000E-04 <<< CONVERGED
    >>> SOLUTION CONVERGED AFTER EQUILIBRIUM ITERATION   1
 *** LOAD STEP     4   SUBSTEP   161  COMPLETED.    CUM ITER =    687
 *** TIME =   48.1000         TIME INC =  0.100000    
 *** MAX VISCOELASTIC STRAIN STEP = 0.1484E-06

     FORCE CONVERGENCE VALUE  =  0.2739E-06  CRITERION=  0.5000E-04
     DISP CONVERGENCE VALUE   =  0.4983E-06  CRITERION=  0.1143E-02 <<< CONVERGED
    EQUIL ITER   1 COMPLETED.  OLD TRIANG MATRIX.  MAX DOF INC= -0.4983E-06
     FORCE CONVERGENCE VALUE  =  0.1613E-06  CRITERION=  0.5000E-04 <<< CONVERGED
    >>> SOLUTION CONVERGED AFTER EQUILIBRIUM ITERATION   1
 *** LOAD STEP     4   SUBSTEP   162  COMPLETED.    CUM ITER =    688
 *** TIME =   48.2000         TIME INC =  0.100000    
 *** MAX VISCOELASTIC STRAIN STEP = 0.1481E-06

     FORCE CONVERGENCE VALUE  =  0.2640E-06  CRITERION=  0.5000E-04
     DISP CONVERGENCE VALUE   =  0.4846E-06  CRITERION=  0.1143E-02 <<< CONVERGED
    EQUIL ITER   1 COMPLETED.  OLD TRIANG MATRIX.  MAX DOF INC= -0.4846E-06
     FORCE CONVERGENCE VALUE  =  0.1554E-06  CRITERION=  0.5000E-04 <<< CONVERGED
    >>> SOLUTION CONVERGED AFTER EQUILIBRIUM ITERATION   1
 *** LOAD STEP     4   SUBSTEP   163  COMPLETED.    CUM ITER =    689
 *** TIME =   48.3000         TIME INC =  0.100000    
 *** MAX VISCOELASTIC STRAIN STEP = 0.1478E-06

     FORCE CONVERGENCE VALUE  =  0.2544E-06  CRITERION=  0.5000E-04
     DISP CONVERGENCE VALUE   =  0.4715E-06  CRITERION=  0.1143E-02 <<< CONVERGED
    EQUIL ITER   1 COMPLETED.  OLD TRIANG MATRIX.  MAX DOF INC= -0.4715E-06
     FORCE CONVERGENCE VALUE  =  0.1497E-06  CRITERION=  0.5000E-04 <<< CONVERGED
    >>> SOLUTION CONVERGED AFTER EQUILIBRIUM ITERATION   1
 *** LOAD STEP     4   SUBSTEP   164  COMPLETED.    CUM ITER =    690
 *** TIME =   48.4000         TIME INC =  0.100000    
 *** MAX VISCOELASTIC STRAIN STEP = 0.1475E-06

     FORCE CONVERGENCE VALUE  =  0.2452E-06  CRITERION=  0.5000E-04
     DISP CONVERGENCE VALUE   =  0.4588E-06  CRITERION=  0.1143E-02 <<< CONVERGED
    EQUIL ITER   1 COMPLETED.  OLD TRIANG MATRIX.  MAX DOF INC= -0.4588E-06
     FORCE CONVERGENCE VALUE  =  0.1442E-06  CRITERION=  0.5000E-04 <<< CONVERGED
    >>> SOLUTION CONVERGED AFTER EQUILIBRIUM ITERATION   1
 *** LOAD STEP     4   SUBSTEP   165  COMPLETED.    CUM ITER =    691
 *** TIME =   48.5000         TIME INC =  0.100000    
 *** MAX VISCOELASTIC STRAIN STEP = 0.1473E-06

     FORCE CONVERGENCE VALUE  =  0.2364E-06  CRITERION=  0.5000E-04
     DISP CONVERGENCE VALUE   =  0.4465E-06  CRITERION=  0.1143E-02 <<< CONVERGED
    EQUIL ITER   1 COMPLETED.  OLD TRIANG MATRIX.  MAX DOF INC= -0.4465E-06
     FORCE CONVERGENCE VALUE  =  0.1389E-06  CRITERION=  0.5000E-04 <<< CONVERGED
    >>> SOLUTION CONVERGED AFTER EQUILIBRIUM ITERATION   1
 *** LOAD STEP     4   SUBSTEP   166  COMPLETED.    CUM ITER =    692
 *** TIME =   48.6000         TIME INC =  0.100000    
 *** MAX VISCOELASTIC STRAIN STEP = 0.1470E-06

     FORCE CONVERGENCE VALUE  =  0.2278E-06  CRITERION=  0.5000E-04
     DISP CONVERGENCE VALUE   =  0.4347E-06  CRITERION=  0.1143E-02 <<< CONVERGED
    EQUIL ITER   1 COMPLETED.  OLD TRIANG MATRIX.  MAX DOF INC= -0.4347E-06
     FORCE CONVERGENCE VALUE  =  0.1338E-06  CRITERION=  0.5000E-04 <<< CONVERGED
    >>> SOLUTION CONVERGED AFTER EQUILIBRIUM ITERATION   1
 *** LOAD STEP     4   SUBSTEP   167  COMPLETED.    CUM ITER =    693
 *** TIME =   48.7000         TIME INC =  0.100000    
 *** MAX VISCOELASTIC STRAIN STEP = 0.1467E-06

     FORCE CONVERGENCE VALUE  =  0.2195E-06  CRITERION=  0.5000E-04
     DISP CONVERGENCE VALUE   =  0.4233E-06  CRITERION=  0.1143E-02 <<< CONVERGED
    EQUIL ITER   1 COMPLETED.  OLD TRIANG MATRIX.  MAX DOF INC= -0.4233E-06
     FORCE CONVERGENCE VALUE  =  0.1288E-06  CRITERION=  0.5000E-04 <<< CONVERGED
    >>> SOLUTION CONVERGED AFTER EQUILIBRIUM ITERATION   1
 *** LOAD STEP     4   SUBSTEP   168  COMPLETED.    CUM ITER =    694
 *** TIME =   48.8000         TIME INC =  0.100000    
 *** MAX VISCOELASTIC STRAIN STEP = 0.1464E-06

     FORCE CONVERGENCE VALUE  =  0.2116E-06  CRITERION=  0.5000E-04
     DISP CONVERGENCE VALUE   =  0.4122E-06  CRITERION=  0.1143E-02 <<< CONVERGED
    EQUIL ITER   1 COMPLETED.  OLD TRIANG MATRIX.  MAX DOF INC= -0.4122E-06
     FORCE CONVERGENCE VALUE  =  0.1240E-06  CRITERION=  0.5000E-04 <<< CONVERGED
    >>> SOLUTION CONVERGED AFTER EQUILIBRIUM ITERATION   1
 *** LOAD STEP     4   SUBSTEP   169  COMPLETED.    CUM ITER =    695
 *** TIME =   48.9000         TIME INC =  0.100000    
 *** MAX VISCOELASTIC STRAIN STEP = 0.1462E-06

     FORCE CONVERGENCE VALUE  =  0.2039E-06  CRITERION=  0.5000E-04
     DISP CONVERGENCE VALUE   =  0.4016E-06  CRITERION=  0.1143E-02 <<< CONVERGED
    EQUIL ITER   1 COMPLETED.  OLD TRIANG MATRIX.  MAX DOF INC= -0.4016E-06
     FORCE CONVERGENCE VALUE  =  0.1194E-06  CRITERION=  0.5000E-04 <<< CONVERGED
    >>> SOLUTION CONVERGED AFTER EQUILIBRIUM ITERATION   1
 *** LOAD STEP     4   SUBSTEP   170  COMPLETED.    CUM ITER =    696
 *** TIME =   49.0000         TIME INC =  0.100000    
 *** MAX VISCOELASTIC STRAIN STEP = 0.1459E-06

     FORCE CONVERGENCE VALUE  =  0.1965E-06  CRITERION=  0.5000E-04
     DISP CONVERGENCE VALUE   =  0.3913E-06  CRITERION=  0.1143E-02 <<< CONVERGED
    EQUIL ITER   1 COMPLETED.  OLD TRIANG MATRIX.  MAX DOF INC= -0.3913E-06
     FORCE CONVERGENCE VALUE  =  0.1150E-06  CRITERION=  0.5000E-04 <<< CONVERGED
    >>> SOLUTION CONVERGED AFTER EQUILIBRIUM ITERATION   1
 *** LOAD STEP     4   SUBSTEP   171  COMPLETED.    CUM ITER =    697
 *** TIME =   49.1000         TIME INC =  0.100000    
 *** MAX VISCOELASTIC STRAIN STEP = 0.1456E-06

     FORCE CONVERGENCE VALUE  =  0.1893E-06  CRITERION=  0.5000E-04
     DISP CONVERGENCE VALUE   =  0.3814E-06  CRITERION=  0.1143E-02 <<< CONVERGED
    EQUIL ITER   1 COMPLETED.  OLD TRIANG MATRIX.  MAX DOF INC= -0.3814E-06
     FORCE CONVERGENCE VALUE  =  0.1107E-06  CRITERION=  0.5000E-04 <<< CONVERGED
    >>> SOLUTION CONVERGED AFTER EQUILIBRIUM ITERATION   1
 *** LOAD STEP     4   SUBSTEP   172  COMPLETED.    CUM ITER =    698
 *** TIME =   49.2000         TIME INC =  0.100000    
 *** MAX VISCOELASTIC STRAIN STEP = 0.1454E-06

     FORCE CONVERGENCE VALUE  =  0.1824E-06  CRITERION=  0.5000E-04
     DISP CONVERGENCE VALUE   =  0.3719E-06  CRITERION=  0.1143E-02 <<< CONVERGED
    EQUIL ITER   1 COMPLETED.  OLD TRIANG MATRIX.  MAX DOF INC= -0.3719E-06
     FORCE CONVERGENCE VALUE  =  0.1066E-06  CRITERION=  0.5000E-04 <<< CONVERGED
    >>> SOLUTION CONVERGED AFTER EQUILIBRIUM ITERATION   1
 *** LOAD STEP     4   SUBSTEP   173  COMPLETED.    CUM ITER =    699
 *** TIME =   49.3000         TIME INC =  0.100000    
 *** MAX VISCOELASTIC STRAIN STEP = 0.1451E-06

     FORCE CONVERGENCE VALUE  =  0.1757E-06  CRITERION=  0.5000E-04
     DISP CONVERGENCE VALUE   =  0.3626E-06  CRITERION=  0.1143E-02 <<< CONVERGED
    EQUIL ITER   1 COMPLETED.  OLD TRIANG MATRIX.  MAX DOF INC= -0.3626E-06
     FORCE CONVERGENCE VALUE  =  0.1026E-06  CRITERION=  0.5000E-04 <<< CONVERGED
    >>> SOLUTION CONVERGED AFTER EQUILIBRIUM ITERATION   1
 *** LOAD STEP     4   SUBSTEP   174  COMPLETED.    CUM ITER =    700
 *** TIME =   49.4000         TIME INC =  0.100000    
 *** MAX VISCOELASTIC STRAIN STEP = 0.1449E-06

     FORCE CONVERGENCE VALUE  =  0.1693E-06  CRITERION=  0.5000E-04
     DISP CONVERGENCE VALUE   =  0.3537E-06  CRITERION=  0.1143E-02 <<< CONVERGED
    EQUIL ITER   1 COMPLETED.  OLD TRIANG MATRIX.  MAX DOF INC= -0.3537E-06
     FORCE CONVERGENCE VALUE  =  0.9874E-07  CRITERION=  0.5000E-04 <<< CONVERGED
    >>> SOLUTION CONVERGED AFTER EQUILIBRIUM ITERATION   1
 *** LOAD STEP     4   SUBSTEP   175  COMPLETED.    CUM ITER =    701
 *** TIME =   49.5000         TIME INC =  0.100000    
 *** MAX VISCOELASTIC STRAIN STEP = 0.1446E-06

     FORCE CONVERGENCE VALUE  =  0.1630E-06  CRITERION=  0.5000E-04
     DISP CONVERGENCE VALUE   =  0.3451E-06  CRITERION=  0.1143E-02 <<< CONVERGED
    EQUIL ITER   1 COMPLETED.  OLD TRIANG MATRIX.  MAX DOF INC= -0.3451E-06
     FORCE CONVERGENCE VALUE  =  0.9502E-07  CRITERION=  0.5000E-04 <<< CONVERGED
    >>> SOLUTION CONVERGED AFTER EQUILIBRIUM ITERATION   1
 *** LOAD STEP     4   SUBSTEP   176  COMPLETED.    CUM ITER =    702
 *** TIME =   49.6000         TIME INC =  0.100000    
 *** MAX VISCOELASTIC STRAIN STEP = 0.1444E-06

     FORCE CONVERGENCE VALUE  =  0.1570E-06  CRITERION=  0.5000E-04
     DISP CONVERGENCE VALUE   =  0.3368E-06  CRITERION=  0.1143E-02 <<< CONVERGED
    EQUIL ITER   1 COMPLETED.  OLD TRIANG MATRIX.  MAX DOF INC= -0.3368E-06
     FORCE CONVERGENCE VALUE  =  0.9144E-07  CRITERION=  0.5000E-04 <<< CONVERGED
    >>> SOLUTION CONVERGED AFTER EQUILIBRIUM ITERATION   1
 *** LOAD STEP     4   SUBSTEP   177  COMPLETED.    CUM ITER =    703
 *** TIME =   49.7000         TIME INC =  0.100000    
 *** MAX VISCOELASTIC STRAIN STEP = 0.1441E-06

     FORCE CONVERGENCE VALUE  =  0.1513E-06  CRITERION=  0.5000E-04
     DISP CONVERGENCE VALUE   =  0.3288E-06  CRITERION=  0.1143E-02 <<< CONVERGED
    EQUIL ITER   1 COMPLETED.  OLD TRIANG MATRIX.  MAX DOF INC= -0.3288E-06
     FORCE CONVERGENCE VALUE  =  0.8798E-07  CRITERION=  0.5000E-04 <<< CONVERGED
    >>> SOLUTION CONVERGED AFTER EQUILIBRIUM ITERATION   1
 *** LOAD STEP     4   SUBSTEP   178  COMPLETED.    CUM ITER =    704
 *** TIME =   49.8000         TIME INC =  0.100000    
 *** MAX VISCOELASTIC STRAIN STEP = 0.1439E-06

     FORCE CONVERGENCE VALUE  =  0.1457E-06  CRITERION=  0.5000E-04
     DISP CONVERGENCE VALUE   =  0.3211E-06  CRITERION=  0.1143E-02 <<< CONVERGED
    EQUIL ITER   1 COMPLETED.  OLD TRIANG MATRIX.  MAX DOF INC= -0.3211E-06
     FORCE CONVERGENCE VALUE  =  0.8464E-07  CRITERION=  0.5000E-04 <<< CONVERGED
    >>> SOLUTION CONVERGED AFTER EQUILIBRIUM ITERATION   1
 *** LOAD STEP     4   SUBSTEP   179  COMPLETED.    CUM ITER =    705
 *** TIME =   49.9000         TIME INC =  0.100000    
 *** MAX VISCOELASTIC STRAIN STEP = 0.1437E-06

     FORCE CONVERGENCE VALUE  =  0.1403E-06  CRITERION=  0.5000E-04
     DISP CONVERGENCE VALUE   =  0.3136E-06  CRITERION=  0.1143E-02 <<< CONVERGED
    EQUIL ITER   1 COMPLETED.  OLD TRIANG MATRIX.  MAX DOF INC= -0.3136E-06
     FORCE CONVERGENCE VALUE  =  0.8142E-07  CRITERION=  0.5000E-04 <<< CONVERGED
    >>> SOLUTION CONVERGED AFTER EQUILIBRIUM ITERATION   1
 *** LOAD STEP     4   SUBSTEP   180  COMPLETED.    CUM ITER =    706
 *** TIME =   50.0000         TIME INC =  0.100000    
 *** MAX VISCOELASTIC STRAIN STEP = 0.1434E-06

     FORCE CONVERGENCE VALUE  =  0.1351E-06  CRITERION=  0.5000E-04
     DISP CONVERGENCE VALUE   =  0.3064E-06  CRITERION=  0.1143E-02 <<< CONVERGED
    EQUIL ITER   1 COMPLETED.  OLD TRIANG MATRIX.  MAX DOF INC= -0.3064E-06
     FORCE CONVERGENCE VALUE  =  0.7831E-07  CRITERION=  0.5000E-04 <<< CONVERGED
    >>> SOLUTION CONVERGED AFTER EQUILIBRIUM ITERATION   1
 *** LOAD STEP     4   SUBSTEP   181  COMPLETED.    CUM ITER =    707
 *** TIME =   50.1000         TIME INC =  0.100000    
 *** MAX VISCOELASTIC STRAIN STEP = 0.1432E-06

     FORCE CONVERGENCE VALUE  =  0.1301E-06  CRITERION=  0.5000E-04
     DISP CONVERGENCE VALUE   =  0.2994E-06  CRITERION=  0.1143E-02 <<< CONVERGED
    EQUIL ITER   1 COMPLETED.  OLD TRIANG MATRIX.  MAX DOF INC= -0.2994E-06
     FORCE CONVERGENCE VALUE  =  0.7531E-07  CRITERION=  0.5000E-04 <<< CONVERGED
    >>> SOLUTION CONVERGED AFTER EQUILIBRIUM ITERATION   1
 *** LOAD STEP     4   SUBSTEP   182  COMPLETED.    CUM ITER =    708
 *** TIME =   50.2000         TIME INC =  0.100000    
 *** MAX VISCOELASTIC STRAIN STEP = 0.1429E-06

     FORCE CONVERGENCE VALUE  =  0.1252E-06  CRITERION=  0.5000E-04
     DISP CONVERGENCE VALUE   =  0.2927E-06  CRITERION=  0.1143E-02 <<< CONVERGED
    EQUIL ITER   1 COMPLETED.  OLD TRIANG MATRIX.  MAX DOF INC= -0.2927E-06
     FORCE CONVERGENCE VALUE  =  0.7242E-07  CRITERION=  0.5000E-04 <<< CONVERGED
    >>> SOLUTION CONVERGED AFTER EQUILIBRIUM ITERATION   1
 *** LOAD STEP     4   SUBSTEP   183  COMPLETED.    CUM ITER =    709
 *** TIME =   50.3000         TIME INC =  0.100000    
 *** MAX VISCOELASTIC STRAIN STEP = 0.1427E-06

     FORCE CONVERGENCE VALUE  =  0.1206E-06  CRITERION=  0.5000E-04
     DISP CONVERGENCE VALUE   =  0.2862E-06  CRITERION=  0.1143E-02 <<< CONVERGED
    EQUIL ITER   1 COMPLETED.  OLD TRIANG MATRIX.  MAX DOF INC= -0.2862E-06
     FORCE CONVERGENCE VALUE  =  0.6962E-07  CRITERION=  0.5000E-04 <<< CONVERGED
    >>> SOLUTION CONVERGED AFTER EQUILIBRIUM ITERATION   1
 *** LOAD STEP     4   SUBSTEP   184  COMPLETED.    CUM ITER =    710
 *** TIME =   50.4000         TIME INC =  0.100000    
 *** MAX VISCOELASTIC STRAIN STEP = 0.1425E-06

     FORCE CONVERGENCE VALUE  =  0.1161E-06  CRITERION=  0.5000E-04
     DISP CONVERGENCE VALUE   =  0.2799E-06  CRITERION=  0.1143E-02 <<< CONVERGED
    EQUIL ITER   1 COMPLETED.  OLD TRIANG MATRIX.  MAX DOF INC= -0.2799E-06
     FORCE CONVERGENCE VALUE  =  0.6693E-07  CRITERION=  0.5000E-04 <<< CONVERGED
    >>> SOLUTION CONVERGED AFTER EQUILIBRIUM ITERATION   1
 *** LOAD STEP     4   SUBSTEP   185  COMPLETED.    CUM ITER =    711
 *** TIME =   50.5000         TIME INC =  0.100000    
 *** MAX VISCOELASTIC STRAIN STEP = 0.1423E-06

     FORCE CONVERGENCE VALUE  =  0.1117E-06  CRITERION=  0.5000E-04
     DISP CONVERGENCE VALUE   =  0.2739E-06  CRITERION=  0.1143E-02 <<< CONVERGED
    EQUIL ITER   1 COMPLETED.  OLD TRIANG MATRIX.  MAX DOF INC= -0.2739E-06
     FORCE CONVERGENCE VALUE  =  0.6433E-07  CRITERION=  0.5000E-04 <<< CONVERGED
    >>> SOLUTION CONVERGED AFTER EQUILIBRIUM ITERATION   1
 *** LOAD STEP     4   SUBSTEP   186  COMPLETED.    CUM ITER =    712
 *** TIME =   50.6000         TIME INC =  0.100000    
 *** MAX VISCOELASTIC STRAIN STEP = 0.1420E-06

     FORCE CONVERGENCE VALUE  =  0.1075E-06  CRITERION=  0.5000E-04
     DISP CONVERGENCE VALUE   =  0.2680E-06  CRITERION=  0.1143E-02 <<< CONVERGED
    EQUIL ITER   1 COMPLETED.  OLD TRIANG MATRIX.  MAX DOF INC= -0.2680E-06
     FORCE CONVERGENCE VALUE  =  0.6182E-07  CRITERION=  0.5000E-04 <<< CONVERGED
    >>> SOLUTION CONVERGED AFTER EQUILIBRIUM ITERATION   1
 *** LOAD STEP     4   SUBSTEP   187  COMPLETED.    CUM ITER =    713
 *** TIME =   50.7000         TIME INC =  0.100000    
 *** MAX VISCOELASTIC STRAIN STEP = 0.1418E-06

     FORCE CONVERGENCE VALUE  =  0.1035E-06  CRITERION=  0.5000E-04
     DISP CONVERGENCE VALUE   =  0.2624E-06  CRITERION=  0.1143E-02 <<< CONVERGED
    EQUIL ITER   1 COMPLETED.  OLD TRIANG MATRIX.  MAX DOF INC= -0.2624E-06
     FORCE CONVERGENCE VALUE  =  0.5940E-07  CRITERION=  0.5000E-04 <<< CONVERGED
    >>> SOLUTION CONVERGED AFTER EQUILIBRIUM ITERATION   1
 *** LOAD STEP     4   SUBSTEP   188  COMPLETED.    CUM ITER =    714
 *** TIME =   50.8000         TIME INC =  0.100000    
 *** MAX VISCOELASTIC STRAIN STEP = 0.1416E-06

     FORCE CONVERGENCE VALUE  =  0.9955E-07  CRITERION=  0.5000E-04
     DISP CONVERGENCE VALUE   =  0.2569E-06  CRITERION=  0.1143E-02 <<< CONVERGED
    EQUIL ITER   1 COMPLETED.  OLD TRIANG MATRIX.  MAX DOF INC= -0.2569E-06
     FORCE CONVERGENCE VALUE  =  0.5706E-07  CRITERION=  0.5000E-04 <<< CONVERGED
    >>> SOLUTION CONVERGED AFTER EQUILIBRIUM ITERATION   1
 *** LOAD STEP     4   SUBSTEP   189  COMPLETED.    CUM ITER =    715
 *** TIME =   50.9000         TIME INC =  0.100000    
 *** MAX VISCOELASTIC STRAIN STEP = 0.1414E-06

     FORCE CONVERGENCE VALUE  =  0.9578E-07  CRITERION=  0.5000E-04
     DISP CONVERGENCE VALUE   =  0.2517E-06  CRITERION=  0.1143E-02 <<< CONVERGED
    EQUIL ITER   1 COMPLETED.  OLD TRIANG MATRIX.  MAX DOF INC= -0.2517E-06
     FORCE CONVERGENCE VALUE  =  0.5481E-07  CRITERION=  0.5000E-04 <<< CONVERGED
    >>> SOLUTION CONVERGED AFTER EQUILIBRIUM ITERATION   1
 *** LOAD STEP     4   SUBSTEP   190  COMPLETED.    CUM ITER =    716
 *** TIME =   51.0000         TIME INC =  0.100000    
 *** MAX VISCOELASTIC STRAIN STEP = 0.1411E-06

     FORCE CONVERGENCE VALUE  =  0.9214E-07  CRITERION=  0.5000E-04
     DISP CONVERGENCE VALUE   =  0.2466E-06  CRITERION=  0.1143E-02 <<< CONVERGED
    EQUIL ITER   1 COMPLETED.  OLD TRIANG MATRIX.  MAX DOF INC= -0.2466E-06
     FORCE CONVERGENCE VALUE  =  0.5263E-07  CRITERION=  0.5000E-04 <<< CONVERGED
    >>> SOLUTION CONVERGED AFTER EQUILIBRIUM ITERATION   1
 *** LOAD STEP     4   SUBSTEP   191  COMPLETED.    CUM ITER =    717
 *** TIME =   51.1000         TIME INC =  0.100000    
 *** MAX VISCOELASTIC STRAIN STEP = 0.1409E-06

     FORCE CONVERGENCE VALUE  =  0.8863E-07  CRITERION=  0.5000E-04
     DISP CONVERGENCE VALUE   =  0.2417E-06  CRITERION=  0.1143E-02 <<< CONVERGED
    EQUIL ITER   1 COMPLETED.  OLD TRIANG MATRIX.  MAX DOF INC= -0.2417E-06
     FORCE CONVERGENCE VALUE  =  0.5053E-07  CRITERION=  0.5000E-04 <<< CONVERGED
    >>> SOLUTION CONVERGED AFTER EQUILIBRIUM ITERATION   1
 *** LOAD STEP     4   SUBSTEP   192  COMPLETED.    CUM ITER =    718
 *** TIME =   51.2000         TIME INC =  0.100000    
 *** MAX VISCOELASTIC STRAIN STEP = 0.1407E-06

     FORCE CONVERGENCE VALUE  =  0.8524E-07  CRITERION=  0.5000E-04
     DISP CONVERGENCE VALUE   =  0.2369E-06  CRITERION=  0.1143E-02 <<< CONVERGED
    EQUIL ITER   1 COMPLETED.  OLD TRIANG MATRIX.  MAX DOF INC= -0.2369E-06
     FORCE CONVERGENCE VALUE  =  0.4851E-07  CRITERION=  0.5000E-04 <<< CONVERGED
    >>> SOLUTION CONVERGED AFTER EQUILIBRIUM ITERATION   1
 *** LOAD STEP     4   SUBSTEP   193  COMPLETED.    CUM ITER =    719
 *** TIME =   51.3000         TIME INC =  0.100000    
 *** MAX VISCOELASTIC STRAIN STEP = 0.1405E-06

     FORCE CONVERGENCE VALUE  =  0.8197E-07  CRITERION=  0.5000E-04
     DISP CONVERGENCE VALUE   =  0.2323E-06  CRITERION=  0.1143E-02 <<< CONVERGED
    EQUIL ITER   1 COMPLETED.  OLD TRIANG MATRIX.  MAX DOF INC= -0.2323E-06
     FORCE CONVERGENCE VALUE  =  0.4656E-07  CRITERION=  0.5000E-04 <<< CONVERGED
    >>> SOLUTION CONVERGED AFTER EQUILIBRIUM ITERATION   1
 *** LOAD STEP     4   SUBSTEP   194  COMPLETED.    CUM ITER =    720
 *** TIME =   51.4000         TIME INC =  0.100000    
 *** MAX VISCOELASTIC STRAIN STEP = 0.1403E-06

     FORCE CONVERGENCE VALUE  =  0.7881E-07  CRITERION=  0.5000E-04
     DISP CONVERGENCE VALUE   =  0.2279E-06  CRITERION=  0.1143E-02 <<< CONVERGED
    EQUIL ITER   1 COMPLETED.  OLD TRIANG MATRIX.  MAX DOF INC= -0.2279E-06
     FORCE CONVERGENCE VALUE  =  0.4467E-07  CRITERION=  0.5000E-04 <<< CONVERGED
    >>> SOLUTION CONVERGED AFTER EQUILIBRIUM ITERATION   1
 *** LOAD STEP     4   SUBSTEP   195  COMPLETED.    CUM ITER =    721
 *** TIME =   51.5000         TIME INC =  0.100000    
 *** MAX VISCOELASTIC STRAIN STEP = 0.1401E-06

     FORCE CONVERGENCE VALUE  =  0.7577E-07  CRITERION=  0.5000E-04
     DISP CONVERGENCE VALUE   =  0.2236E-06  CRITERION=  0.1143E-02 <<< CONVERGED
    EQUIL ITER   1 COMPLETED.  OLD TRIANG MATRIX.  MAX DOF INC= -0.2236E-06
     FORCE CONVERGENCE VALUE  =  0.4285E-07  CRITERION=  0.5000E-04 <<< CONVERGED
    >>> SOLUTION CONVERGED AFTER EQUILIBRIUM ITERATION   1
 *** LOAD STEP     4   SUBSTEP   196  COMPLETED.    CUM ITER =    722
 *** TIME =   51.6000         TIME INC =  0.100000    
 *** MAX VISCOELASTIC STRAIN STEP = 0.1399E-06

     FORCE CONVERGENCE VALUE  =  0.7283E-07  CRITERION=  0.5000E-04
     DISP CONVERGENCE VALUE   =  0.2195E-06  CRITERION=  0.1143E-02 <<< CONVERGED
    EQUIL ITER   1 COMPLETED.  OLD TRIANG MATRIX.  MAX DOF INC= -0.2195E-06
     FORCE CONVERGENCE VALUE  =  0.4110E-07  CRITERION=  0.5000E-04 <<< CONVERGED
    >>> SOLUTION CONVERGED AFTER EQUILIBRIUM ITERATION   1
 *** LOAD STEP     4   SUBSTEP   197  COMPLETED.    CUM ITER =    723
 *** TIME =   51.7000         TIME INC =  0.100000    
 *** MAX VISCOELASTIC STRAIN STEP = 0.1396E-06

     FORCE CONVERGENCE VALUE  =  0.7000E-07  CRITERION=  0.5000E-04
     DISP CONVERGENCE VALUE   =  0.2155E-06  CRITERION=  0.1143E-02 <<< CONVERGED
    EQUIL ITER   1 COMPLETED.  OLD TRIANG MATRIX.  MAX DOF INC= -0.2155E-06
     FORCE CONVERGENCE VALUE  =  0.3941E-07  CRITERION=  0.5000E-04 <<< CONVERGED
    >>> SOLUTION CONVERGED AFTER EQUILIBRIUM ITERATION   1
 *** LOAD STEP     4   SUBSTEP   198  COMPLETED.    CUM ITER =    724
 *** TIME =   51.8000         TIME INC =  0.100000    
 *** MAX VISCOELASTIC STRAIN STEP = 0.1394E-06

     FORCE CONVERGENCE VALUE  =  0.6727E-07  CRITERION=  0.5000E-04
     DISP CONVERGENCE VALUE   =  0.2117E-06  CRITERION=  0.1143E-02 <<< CONVERGED
    EQUIL ITER   1 COMPLETED.  OLD TRIANG MATRIX.  MAX DOF INC= -0.2117E-06
     FORCE CONVERGENCE VALUE  =  0.3777E-07  CRITERION=  0.5000E-04 <<< CONVERGED
    >>> SOLUTION CONVERGED AFTER EQUILIBRIUM ITERATION   1
 *** LOAD STEP     4   SUBSTEP   199  COMPLETED.    CUM ITER =    725
 *** TIME =   51.9000         TIME INC =  0.100000    
 *** MAX VISCOELASTIC STRAIN STEP = 0.1392E-06

     FORCE CONVERGENCE VALUE  =  0.6463E-07  CRITERION=  0.5000E-04
     DISP CONVERGENCE VALUE   =  0.2079E-06  CRITERION=  0.1143E-02 <<< CONVERGED
    EQUIL ITER   1 COMPLETED.  OLD TRIANG MATRIX.  MAX DOF INC= -0.2079E-06
     FORCE CONVERGENCE VALUE  =  0.3620E-07  CRITERION=  0.5000E-04 <<< CONVERGED
    >>> SOLUTION CONVERGED AFTER EQUILIBRIUM ITERATION   1
 *** LOAD STEP     4   SUBSTEP   200  COMPLETED.    CUM ITER =    726
 *** TIME =   52.0000         TIME INC =  0.100000    
 *** MAX VISCOELASTIC STRAIN STEP = 0.1390E-06

     FORCE CONVERGENCE VALUE  =  0.6209E-07  CRITERION=  0.5000E-04
     DISP CONVERGENCE VALUE   =  0.2043E-06  CRITERION=  0.1143E-02 <<< CONVERGED
    EQUIL ITER   1 COMPLETED.  OLD TRIANG MATRIX.  MAX DOF INC= -0.2043E-06
     FORCE CONVERGENCE VALUE  =  0.3468E-07  CRITERION=  0.5000E-04 <<< CONVERGED
    >>> SOLUTION CONVERGED AFTER EQUILIBRIUM ITERATION   1
 *** LOAD STEP     4   SUBSTEP   201  COMPLETED.    CUM ITER =    727
 *** TIME =   52.1000         TIME INC =  0.100000    
 *** MAX VISCOELASTIC STRAIN STEP = 0.1388E-06

     FORCE CONVERGENCE VALUE  =  0.5963E-07  CRITERION=  0.5000E-04
     DISP CONVERGENCE VALUE   =  0.2009E-06  CRITERION=  0.1143E-02 <<< CONVERGED
    EQUIL ITER   1 COMPLETED.  OLD TRIANG MATRIX.  MAX DOF INC= -0.2009E-06
     FORCE CONVERGENCE VALUE  =  0.3321E-07  CRITERION=  0.5000E-04 <<< CONVERGED
    >>> SOLUTION CONVERGED AFTER EQUILIBRIUM ITERATION   1
 *** LOAD STEP     4   SUBSTEP   202  COMPLETED.    CUM ITER =    728
 *** TIME =   52.2000         TIME INC =  0.100000    
 *** MAX VISCOELASTIC STRAIN STEP = 0.1386E-06

     FORCE CONVERGENCE VALUE  =  0.5726E-07  CRITERION=  0.5000E-04
     DISP CONVERGENCE VALUE   =  0.1975E-06  CRITERION=  0.1143E-02 <<< CONVERGED
    EQUIL ITER   1 COMPLETED.  OLD TRIANG MATRIX.  MAX DOF INC= -0.1975E-06
     FORCE CONVERGENCE VALUE  =  0.3180E-07  CRITERION=  0.5000E-04 <<< CONVERGED
    >>> SOLUTION CONVERGED AFTER EQUILIBRIUM ITERATION   1
 *** LOAD STEP     4   SUBSTEP   203  COMPLETED.    CUM ITER =    729
 *** TIME =   52.3000         TIME INC =  0.100000    
 *** MAX VISCOELASTIC STRAIN STEP = 0.1384E-06

     FORCE CONVERGENCE VALUE  =  0.5498E-07  CRITERION=  0.5000E-04
     DISP CONVERGENCE VALUE   =  0.1942E-06  CRITERION=  0.1143E-02 <<< CONVERGED
    EQUIL ITER   1 COMPLETED.  OLD TRIANG MATRIX.  MAX DOF INC= -0.1942E-06
     FORCE CONVERGENCE VALUE  =  0.3044E-07  CRITERION=  0.5000E-04 <<< CONVERGED
    >>> SOLUTION CONVERGED AFTER EQUILIBRIUM ITERATION   1
 *** LOAD STEP     4   SUBSTEP   204  COMPLETED.    CUM ITER =    730
 *** TIME =   52.4000         TIME INC =  0.100000    
 *** MAX VISCOELASTIC STRAIN STEP = 0.1382E-06

     FORCE CONVERGENCE VALUE  =  0.5277E-07  CRITERION=  0.5000E-04
     DISP CONVERGENCE VALUE   =  0.1911E-06  CRITERION=  0.1143E-02 <<< CONVERGED
    EQUIL ITER   1 COMPLETED.  OLD TRIANG MATRIX.  MAX DOF INC= -0.1911E-06
     FORCE CONVERGENCE VALUE  =  0.2912E-07  CRITERION=  0.5000E-04 <<< CONVERGED
    >>> SOLUTION CONVERGED AFTER EQUILIBRIUM ITERATION   1
 *** LOAD STEP     4   SUBSTEP   205  COMPLETED.    CUM ITER =    731
 *** TIME =   52.5000         TIME INC =  0.100000    
 *** MAX VISCOELASTIC STRAIN STEP = 0.1380E-06

     FORCE CONVERGENCE VALUE  =  0.5065E-07  CRITERION=  0.5000E-04
     DISP CONVERGENCE VALUE   =  0.1881E-06  CRITERION=  0.1143E-02 <<< CONVERGED
    EQUIL ITER   1 COMPLETED.  OLD TRIANG MATRIX.  MAX DOF INC= -0.1881E-06
     FORCE CONVERGENCE VALUE  =  0.2785E-07  CRITERION=  0.5000E-04 <<< CONVERGED
    >>> SOLUTION CONVERGED AFTER EQUILIBRIUM ITERATION   1
 *** LOAD STEP     4   SUBSTEP   206  COMPLETED.    CUM ITER =    732
 *** TIME =   52.6000         TIME INC =  0.100000    
 *** MAX VISCOELASTIC STRAIN STEP = 0.1378E-06

     FORCE CONVERGENCE VALUE  =  0.4860E-07  CRITERION=  0.5000E-04
     DISP CONVERGENCE VALUE   =  0.1851E-06  CRITERION=  0.1143E-02 <<< CONVERGED
    EQUIL ITER   1 COMPLETED.  OLD TRIANG MATRIX.  MAX DOF INC= -0.1851E-06
     FORCE CONVERGENCE VALUE  =  0.2663E-07  CRITERION=  0.5000E-04 <<< CONVERGED
    >>> SOLUTION CONVERGED AFTER EQUILIBRIUM ITERATION   1
 *** LOAD STEP     4   SUBSTEP   207  COMPLETED.    CUM ITER =    733
 *** TIME =   52.7000         TIME INC =  0.100000    
 *** MAX VISCOELASTIC STRAIN STEP = 0.1376E-06

     FORCE CONVERGENCE VALUE  =  0.4662E-07  CRITERION=  0.5000E-04
     DISP CONVERGENCE VALUE   =  0.1823E-06  CRITERION=  0.1143E-02 <<< CONVERGED
    EQUIL ITER   1 COMPLETED.  OLD TRIANG MATRIX.  MAX DOF INC= -0.1823E-06
     FORCE CONVERGENCE VALUE  =  0.2545E-07  CRITERION=  0.5000E-04 <<< CONVERGED
    >>> SOLUTION CONVERGED AFTER EQUILIBRIUM ITERATION   1
 *** LOAD STEP     4   SUBSTEP   208  COMPLETED.    CUM ITER =    734
 *** TIME =   52.8000         TIME INC =  0.100000    
 *** MAX VISCOELASTIC STRAIN STEP = 0.1374E-06

     FORCE CONVERGENCE VALUE  =  0.4471E-07  CRITERION=  0.5000E-04
     DISP CONVERGENCE VALUE   =  0.1796E-06  CRITERION=  0.1143E-02 <<< CONVERGED
    EQUIL ITER   1 COMPLETED.  OLD TRIANG MATRIX.  MAX DOF INC= -0.1796E-06
     FORCE CONVERGENCE VALUE  =  0.2431E-07  CRITERION=  0.5000E-04 <<< CONVERGED
    >>> SOLUTION CONVERGED AFTER EQUILIBRIUM ITERATION   1
 *** LOAD STEP     4   SUBSTEP   209  COMPLETED.    CUM ITER =    735
 *** TIME =   52.9000         TIME INC =  0.100000    
 *** MAX VISCOELASTIC STRAIN STEP = 0.1372E-06

     FORCE CONVERGENCE VALUE  =  0.4287E-07  CRITERION=  0.5000E-04
     DISP CONVERGENCE VALUE   =  0.1769E-06  CRITERION=  0.1143E-02 <<< CONVERGED
    EQUIL ITER   1 COMPLETED.  OLD TRIANG MATRIX.  MAX DOF INC= -0.1769E-06
     FORCE CONVERGENCE VALUE  =  0.2321E-07  CRITERION=  0.5000E-04 <<< CONVERGED
    >>> SOLUTION CONVERGED AFTER EQUILIBRIUM ITERATION   1
 *** LOAD STEP     4   SUBSTEP   210  COMPLETED.    CUM ITER =    736
 *** TIME =   53.0000         TIME INC =  0.100000    
 *** MAX VISCOELASTIC STRAIN STEP = 0.1370E-06

     FORCE CONVERGENCE VALUE  =  0.4110E-07  CRITERION=  0.5000E-04
     DISP CONVERGENCE VALUE   =  0.1744E-06  CRITERION=  0.1143E-02 <<< CONVERGED
    EQUIL ITER   1 COMPLETED.  OLD TRIANG MATRIX.  MAX DOF INC= -0.1744E-06
     FORCE CONVERGENCE VALUE  =  0.2216E-07  CRITERION=  0.5000E-04 <<< CONVERGED
    >>> SOLUTION CONVERGED AFTER EQUILIBRIUM ITERATION   1
 *** LOAD STEP     4   SUBSTEP   211  COMPLETED.    CUM ITER =    737
 *** TIME =   53.1000         TIME INC =  0.100000    
 *** MAX VISCOELASTIC STRAIN STEP = 0.1368E-06

     FORCE CONVERGENCE VALUE  =  0.3939E-07  CRITERION=  0.5000E-04
     DISP CONVERGENCE VALUE   =  0.1719E-06  CRITERION=  0.1143E-02 <<< CONVERGED
    EQUIL ITER   1 COMPLETED.  OLD TRIANG MATRIX.  MAX DOF INC= -0.1719E-06
     FORCE CONVERGENCE VALUE  =  0.2114E-07  CRITERION=  0.5000E-04 <<< CONVERGED
    >>> SOLUTION CONVERGED AFTER EQUILIBRIUM ITERATION   1
 *** LOAD STEP     4   SUBSTEP   212  COMPLETED.    CUM ITER =    738
 *** TIME =   53.2000         TIME INC =  0.100000    
 *** MAX VISCOELASTIC STRAIN STEP = 0.1366E-06

     FORCE CONVERGENCE VALUE  =  0.3774E-07  CRITERION=  0.5000E-04
     DISP CONVERGENCE VALUE   =  0.1695E-06  CRITERION=  0.1143E-02 <<< CONVERGED
    EQUIL ITER   1 COMPLETED.  OLD TRIANG MATRIX.  MAX DOF INC= -0.1695E-06
     FORCE CONVERGENCE VALUE  =  0.2015E-07  CRITERION=  0.5000E-04 <<< CONVERGED
    >>> SOLUTION CONVERGED AFTER EQUILIBRIUM ITERATION   1
 *** LOAD STEP     4   SUBSTEP   213  COMPLETED.    CUM ITER =    739
 *** TIME =   53.3000         TIME INC =  0.100000    
 *** MAX VISCOELASTIC STRAIN STEP = 0.1364E-06

     FORCE CONVERGENCE VALUE  =  0.3615E-07  CRITERION=  0.5000E-04
     DISP CONVERGENCE VALUE   =  0.1672E-06  CRITERION=  0.1143E-02 <<< CONVERGED
    EQUIL ITER   1 COMPLETED.  OLD TRIANG MATRIX.  MAX DOF INC= -0.1672E-06
     FORCE CONVERGENCE VALUE  =  0.1921E-07  CRITERION=  0.5000E-04 <<< CONVERGED
    >>> SOLUTION CONVERGED AFTER EQUILIBRIUM ITERATION   1
 *** LOAD STEP     4   SUBSTEP   214  COMPLETED.    CUM ITER =    740
 *** TIME =   53.4000         TIME INC =  0.100000    
 *** MAX VISCOELASTIC STRAIN STEP = 0.1363E-06

     FORCE CONVERGENCE VALUE  =  0.3461E-07  CRITERION=  0.5000E-04
     DISP CONVERGENCE VALUE   =  0.1649E-06  CRITERION=  0.1143E-02 <<< CONVERGED
    EQUIL ITER   1 COMPLETED.  OLD TRIANG MATRIX.  MAX DOF INC= -0.1649E-06
     FORCE CONVERGENCE VALUE  =  0.1829E-07  CRITERION=  0.5000E-04 <<< CONVERGED
    >>> SOLUTION CONVERGED AFTER EQUILIBRIUM ITERATION   1
 *** LOAD STEP     4   SUBSTEP   215  COMPLETED.    CUM ITER =    741
 *** TIME =   53.5000         TIME INC =  0.100000    
 *** MAX VISCOELASTIC STRAIN STEP = 0.1361E-06

     FORCE CONVERGENCE VALUE  =  0.3313E-07  CRITERION=  0.5000E-04
     DISP CONVERGENCE VALUE   =  0.1627E-06  CRITERION=  0.1143E-02 <<< CONVERGED
    EQUIL ITER   1 COMPLETED.  OLD TRIANG MATRIX.  MAX DOF INC= -0.1627E-06
     FORCE CONVERGENCE VALUE  =  0.1741E-07  CRITERION=  0.5000E-04 <<< CONVERGED
    >>> SOLUTION CONVERGED AFTER EQUILIBRIUM ITERATION   1
 *** LOAD STEP     4   SUBSTEP   216  COMPLETED.    CUM ITER =    742
 *** TIME =   53.6000         TIME INC =  0.100000    
 *** MAX VISCOELASTIC STRAIN STEP = 0.1359E-06

     FORCE CONVERGENCE VALUE  =  0.3171E-07  CRITERION=  0.5000E-04
     DISP CONVERGENCE VALUE   =  0.1607E-06  CRITERION=  0.1143E-02 <<< CONVERGED
    EQUIL ITER   1 COMPLETED.  OLD TRIANG MATRIX.  MAX DOF INC= -0.1607E-06
     FORCE CONVERGENCE VALUE  =  0.1657E-07  CRITERION=  0.5000E-04 <<< CONVERGED
    >>> SOLUTION CONVERGED AFTER EQUILIBRIUM ITERATION   1
 *** LOAD STEP     4   SUBSTEP   217  COMPLETED.    CUM ITER =    743
 *** TIME =   53.7000         TIME INC =  0.100000    
 *** MAX VISCOELASTIC STRAIN STEP = 0.1357E-06

     FORCE CONVERGENCE VALUE  =  0.3034E-07  CRITERION=  0.5000E-04
     DISP CONVERGENCE VALUE   =  0.1586E-06  CRITERION=  0.1143E-02 <<< CONVERGED
    EQUIL ITER   1 COMPLETED.  OLD TRIANG MATRIX.  MAX DOF INC= -0.1586E-06
     FORCE CONVERGENCE VALUE  =  0.1575E-07  CRITERION=  0.5000E-04 <<< CONVERGED
    >>> SOLUTION CONVERGED AFTER EQUILIBRIUM ITERATION   1
 *** LOAD STEP     4   SUBSTEP   218  COMPLETED.    CUM ITER =    744
 *** TIME =   53.8000         TIME INC =  0.100000    
 *** MAX VISCOELASTIC STRAIN STEP = 0.1355E-06

     FORCE CONVERGENCE VALUE  =  0.2901E-07  CRITERION=  0.5000E-04
     DISP CONVERGENCE VALUE   =  0.1567E-06  CRITERION=  0.1143E-02 <<< CONVERGED
    EQUIL ITER   1 COMPLETED.  OLD TRIANG MATRIX.  MAX DOF INC= -0.1567E-06
     FORCE CONVERGENCE VALUE  =  0.1496E-07  CRITERION=  0.5000E-04 <<< CONVERGED
    >>> SOLUTION CONVERGED AFTER EQUILIBRIUM ITERATION   1
 *** LOAD STEP     4   SUBSTEP   219  COMPLETED.    CUM ITER =    745
 *** TIME =   53.9000         TIME INC =  0.100000    
 *** MAX VISCOELASTIC STRAIN STEP = 0.1353E-06

     FORCE CONVERGENCE VALUE  =  0.2774E-07  CRITERION=  0.5000E-04
     DISP CONVERGENCE VALUE   =  0.1548E-06  CRITERION=  0.1143E-02 <<< CONVERGED
    EQUIL ITER   1 COMPLETED.  OLD TRIANG MATRIX.  MAX DOF INC= -0.1548E-06
     FORCE CONVERGENCE VALUE  =  0.1421E-07  CRITERION=  0.5000E-04 <<< CONVERGED
    >>> SOLUTION CONVERGED AFTER EQUILIBRIUM ITERATION   1
 *** LOAD STEP     4   SUBSTEP   220  COMPLETED.    CUM ITER =    746
 *** TIME =   54.0000         TIME INC =  0.100000    
 *** MAX VISCOELASTIC STRAIN STEP = 0.1351E-06

     FORCE CONVERGENCE VALUE  =  0.2651E-07  CRITERION=  0.5000E-04
     DISP CONVERGENCE VALUE   =  0.1529E-06  CRITERION=  0.1143E-02 <<< CONVERGED
    EQUIL ITER   1 COMPLETED.  OLD TRIANG MATRIX.  MAX DOF INC= -0.1529E-06
     FORCE CONVERGENCE VALUE  =  0.1348E-07  CRITERION=  0.5000E-04 <<< CONVERGED
    >>> SOLUTION CONVERGED AFTER EQUILIBRIUM ITERATION   1
 *** LOAD STEP     4   SUBSTEP   221  COMPLETED.    CUM ITER =    747
 *** TIME =   54.1000         TIME INC =  0.100000    
 *** MAX VISCOELASTIC STRAIN STEP = 0.1349E-06

     FORCE CONVERGENCE VALUE  =  0.2533E-07  CRITERION=  0.5000E-04
     DISP CONVERGENCE VALUE   =  0.1511E-06  CRITERION=  0.1143E-02 <<< CONVERGED
    EQUIL ITER   1 COMPLETED.  OLD TRIANG MATRIX.  MAX DOF INC= -0.1511E-06
     FORCE CONVERGENCE VALUE  =  0.1278E-07  CRITERION=  0.5000E-04 <<< CONVERGED
    >>> SOLUTION CONVERGED AFTER EQUILIBRIUM ITERATION   1
 *** LOAD STEP     4   SUBSTEP   222  COMPLETED.    CUM ITER =    748
 *** TIME =   54.2000         TIME INC =  0.100000    
 *** MAX VISCOELASTIC STRAIN STEP = 0.1347E-06

     FORCE CONVERGENCE VALUE  =  0.2419E-07  CRITERION=  0.5000E-04
     DISP CONVERGENCE VALUE   =  0.1494E-06  CRITERION=  0.1143E-02 <<< CONVERGED
    EQUIL ITER   1 COMPLETED.  OLD TRIANG MATRIX.  MAX DOF INC= -0.1494E-06
     FORCE CONVERGENCE VALUE  =  0.1211E-07  CRITERION=  0.5000E-04 <<< CONVERGED
    >>> SOLUTION CONVERGED AFTER EQUILIBRIUM ITERATION   1
 *** LOAD STEP     4   SUBSTEP   223  COMPLETED.    CUM ITER =    749
 *** TIME =   54.3000         TIME INC =  0.100000    
 *** MAX VISCOELASTIC STRAIN STEP = 0.1346E-06

     FORCE CONVERGENCE VALUE  =  0.2309E-07  CRITERION=  0.5000E-04
     DISP CONVERGENCE VALUE   =  0.1477E-06  CRITERION=  0.1143E-02 <<< CONVERGED
    EQUIL ITER   1 COMPLETED.  OLD TRIANG MATRIX.  MAX DOF INC= -0.1477E-06
     FORCE CONVERGENCE VALUE  =  0.1146E-07  CRITERION=  0.5000E-04 <<< CONVERGED
    >>> SOLUTION CONVERGED AFTER EQUILIBRIUM ITERATION   1
 *** LOAD STEP     4   SUBSTEP   224  COMPLETED.    CUM ITER =    750
 *** TIME =   54.4000         TIME INC =  0.100000    
 *** MAX VISCOELASTIC STRAIN STEP = 0.1344E-06

     FORCE CONVERGENCE VALUE  =  0.2203E-07  CRITERION=  0.5000E-04
     DISP CONVERGENCE VALUE   =  0.1461E-06  CRITERION=  0.1143E-02 <<< CONVERGED
    EQUIL ITER   1 COMPLETED.  OLD TRIANG MATRIX.  MAX DOF INC= -0.1461E-06
     FORCE CONVERGENCE VALUE  =  0.1084E-07  CRITERION=  0.5000E-04 <<< CONVERGED
    >>> SOLUTION CONVERGED AFTER EQUILIBRIUM ITERATION   1
 *** LOAD STEP     4   SUBSTEP   225  COMPLETED.    CUM ITER =    751
 *** TIME =   54.5000         TIME INC =  0.100000    
 *** MAX VISCOELASTIC STRAIN STEP = 0.1342E-06

     FORCE CONVERGENCE VALUE  =  0.2102E-07  CRITERION=  0.5000E-04
     DISP CONVERGENCE VALUE   =  0.1446E-06  CRITERION=  0.1143E-02 <<< CONVERGED
    EQUIL ITER   1 COMPLETED.  OLD TRIANG MATRIX.  MAX DOF INC= -0.1446E-06
     FORCE CONVERGENCE VALUE  =  0.1024E-07  CRITERION=  0.5000E-04 <<< CONVERGED
    >>> SOLUTION CONVERGED AFTER EQUILIBRIUM ITERATION   1
 *** LOAD STEP     4   SUBSTEP   226  COMPLETED.    CUM ITER =    752
 *** TIME =   54.6000         TIME INC =  0.100000    
 *** MAX VISCOELASTIC STRAIN STEP = 0.1340E-06

     FORCE CONVERGENCE VALUE  =  0.2004E-07  CRITERION=  0.5000E-04
     DISP CONVERGENCE VALUE   =  0.1431E-06  CRITERION=  0.1143E-02 <<< CONVERGED
    EQUIL ITER   1 COMPLETED.  OLD TRIANG MATRIX.  MAX DOF INC= -0.1431E-06
     FORCE CONVERGENCE VALUE  =  0.9670E-08  CRITERION=  0.5000E-04 <<< CONVERGED
    >>> SOLUTION CONVERGED AFTER EQUILIBRIUM ITERATION   1
 *** LOAD STEP     4   SUBSTEP   227  COMPLETED.    CUM ITER =    753
 *** TIME =   54.7000         TIME INC =  0.100000    
 *** MAX VISCOELASTIC STRAIN STEP = 0.1338E-06

     FORCE CONVERGENCE VALUE  =  0.1911E-07  CRITERION=  0.5000E-04
     DISP CONVERGENCE VALUE   =  0.1416E-06  CRITERION=  0.1143E-02 <<< CONVERGED
    EQUIL ITER   1 COMPLETED.  OLD TRIANG MATRIX.  MAX DOF INC= -0.1416E-06
     FORCE CONVERGENCE VALUE  =  0.9123E-08  CRITERION=  0.5000E-04 <<< CONVERGED
    >>> SOLUTION CONVERGED AFTER EQUILIBRIUM ITERATION   1
 *** LOAD STEP     4   SUBSTEP   228  COMPLETED.    CUM ITER =    754
 *** TIME =   54.8000         TIME INC =  0.100000    
 *** MAX VISCOELASTIC STRAIN STEP = 0.1336E-06

     FORCE CONVERGENCE VALUE  =  0.1820E-07  CRITERION=  0.5000E-04
     DISP CONVERGENCE VALUE   =  0.1402E-06  CRITERION=  0.1143E-02 <<< CONVERGED
    EQUIL ITER   1 COMPLETED.  OLD TRIANG MATRIX.  MAX DOF INC= -0.1402E-06
     FORCE CONVERGENCE VALUE  =  0.8599E-08  CRITERION=  0.5000E-04 <<< CONVERGED
    >>> SOLUTION CONVERGED AFTER EQUILIBRIUM ITERATION   1
 *** LOAD STEP     4   SUBSTEP   229  COMPLETED.    CUM ITER =    755
 *** TIME =   54.9000         TIME INC =  0.100000    
 *** MAX VISCOELASTIC STRAIN STEP = 0.1334E-06

     FORCE CONVERGENCE VALUE  =  0.1734E-07  CRITERION=  0.5000E-04
     DISP CONVERGENCE VALUE   =  0.1388E-06  CRITERION=  0.1143E-02 <<< CONVERGED
    EQUIL ITER   1 COMPLETED.  OLD TRIANG MATRIX.  MAX DOF INC= -0.1388E-06
     FORCE CONVERGENCE VALUE  =  0.8098E-08  CRITERION=  0.5000E-04 <<< CONVERGED
    >>> SOLUTION CONVERGED AFTER EQUILIBRIUM ITERATION   1
 *** LOAD STEP     4   SUBSTEP   230  COMPLETED.    CUM ITER =    756
 *** TIME =   55.0000         TIME INC =  0.100000    
 *** MAX VISCOELASTIC STRAIN STEP = 0.1333E-06

     FORCE CONVERGENCE VALUE  =  0.1651E-07  CRITERION=  0.5000E-04
     DISP CONVERGENCE VALUE   =  0.1375E-06  CRITERION=  0.1143E-02 <<< CONVERGED
    EQUIL ITER   1 COMPLETED.  OLD TRIANG MATRIX.  MAX DOF INC= -0.1375E-06
     FORCE CONVERGENCE VALUE  =  0.7620E-08  CRITERION=  0.5000E-04 <<< CONVERGED
    >>> SOLUTION CONVERGED AFTER EQUILIBRIUM ITERATION   1
 *** LOAD STEP     4   SUBSTEP   231  COMPLETED.    CUM ITER =    757
 *** TIME =   55.1000         TIME INC =  0.100000    
 *** MAX VISCOELASTIC STRAIN STEP = 0.1331E-06

     FORCE CONVERGENCE VALUE  =  0.1571E-07  CRITERION=  0.5000E-04
     DISP CONVERGENCE VALUE   =  0.1362E-06  CRITERION=  0.1143E-02 <<< CONVERGED
    EQUIL ITER   1 COMPLETED.  OLD TRIANG MATRIX.  MAX DOF INC= -0.1362E-06
     FORCE CONVERGENCE VALUE  =  0.7165E-08  CRITERION=  0.5000E-04 <<< CONVERGED
    >>> SOLUTION CONVERGED AFTER EQUILIBRIUM ITERATION   1
 *** LOAD STEP     4   SUBSTEP   232  COMPLETED.    CUM ITER =    758
 *** TIME =   55.2000         TIME INC =  0.100000    
 *** MAX VISCOELASTIC STRAIN STEP = 0.1329E-06

     FORCE CONVERGENCE VALUE  =  0.1495E-07  CRITERION=  0.5000E-04
     DISP CONVERGENCE VALUE   =  0.1349E-06  CRITERION=  0.1143E-02 <<< CONVERGED
    EQUIL ITER   1 COMPLETED.  OLD TRIANG MATRIX.  MAX DOF INC= -0.1349E-06
     FORCE CONVERGENCE VALUE  =  0.6733E-08  CRITERION=  0.5000E-04 <<< CONVERGED
    >>> SOLUTION CONVERGED AFTER EQUILIBRIUM ITERATION   1
 *** LOAD STEP     4   SUBSTEP   233  COMPLETED.    CUM ITER =    759
 *** TIME =   55.3000         TIME INC =  0.100000    
 *** MAX VISCOELASTIC STRAIN STEP = 0.1327E-06

     FORCE CONVERGENCE VALUE  =  0.1422E-07  CRITERION=  0.5000E-04
     DISP CONVERGENCE VALUE   =  0.1337E-06  CRITERION=  0.1143E-02 <<< CONVERGED
    EQUIL ITER   1 COMPLETED.  OLD TRIANG MATRIX.  MAX DOF INC= -0.1337E-06
     FORCE CONVERGENCE VALUE  =  0.6324E-08  CRITERION=  0.5000E-04 <<< CONVERGED
    >>> SOLUTION CONVERGED AFTER EQUILIBRIUM ITERATION   1
 *** LOAD STEP     4   SUBSTEP   234  COMPLETED.    CUM ITER =    760
 *** TIME =   55.4000         TIME INC =  0.100000    
 *** MAX VISCOELASTIC STRAIN STEP = 0.1325E-06

     FORCE CONVERGENCE VALUE  =  0.1352E-07  CRITERION=  0.5000E-04
     DISP CONVERGENCE VALUE   =  0.1325E-06  CRITERION=  0.1143E-02 <<< CONVERGED
    EQUIL ITER   1 COMPLETED.  OLD TRIANG MATRIX.  MAX DOF INC= -0.1325E-06
     FORCE CONVERGENCE VALUE  =  0.5938E-08  CRITERION=  0.5000E-04 <<< CONVERGED
    >>> SOLUTION CONVERGED AFTER EQUILIBRIUM ITERATION   1
 *** LOAD STEP     4   SUBSTEP   235  COMPLETED.    CUM ITER =    761
 *** TIME =   55.5000         TIME INC =  0.100000    
 *** MAX VISCOELASTIC STRAIN STEP = 0.1324E-06

     FORCE CONVERGENCE VALUE  =  0.1285E-07  CRITERION=  0.5000E-04
     DISP CONVERGENCE VALUE   =  0.1314E-06  CRITERION=  0.1143E-02 <<< CONVERGED
    EQUIL ITER   1 COMPLETED.  OLD TRIANG MATRIX.  MAX DOF INC= -0.1314E-06
     FORCE CONVERGENCE VALUE  =  0.5576E-08  CRITERION=  0.5000E-04 <<< CONVERGED
    >>> SOLUTION CONVERGED AFTER EQUILIBRIUM ITERATION   1
 *** LOAD STEP     4   SUBSTEP   236  COMPLETED.    CUM ITER =    762
 *** TIME =   55.6000         TIME INC =  0.100000    
 *** MAX VISCOELASTIC STRAIN STEP = 0.1322E-06

     FORCE CONVERGENCE VALUE  =  0.1221E-07  CRITERION=  0.5000E-04
     DISP CONVERGENCE VALUE   =  0.1303E-06  CRITERION=  0.1143E-02 <<< CONVERGED
    EQUIL ITER   1 COMPLETED.  OLD TRIANG MATRIX.  MAX DOF INC= -0.1303E-06
     FORCE CONVERGENCE VALUE  =  0.5237E-08  CRITERION=  0.5000E-04 <<< CONVERGED
    >>> SOLUTION CONVERGED AFTER EQUILIBRIUM ITERATION   1
 *** LOAD STEP     4   SUBSTEP   237  COMPLETED.    CUM ITER =    763
 *** TIME =   55.7000         TIME INC =  0.100000    
 *** MAX VISCOELASTIC STRAIN STEP = 0.1320E-06

     FORCE CONVERGENCE VALUE  =  0.1161E-07  CRITERION=  0.5000E-04
     DISP CONVERGENCE VALUE   =  0.1292E-06  CRITERION=  0.1143E-02 <<< CONVERGED
    EQUIL ITER   1 COMPLETED.  OLD TRIANG MATRIX.  MAX DOF INC= -0.1292E-06
     FORCE CONVERGENCE VALUE  =  0.4922E-08  CRITERION=  0.5000E-04 <<< CONVERGED
    >>> SOLUTION CONVERGED AFTER EQUILIBRIUM ITERATION   1
 *** LOAD STEP     4   SUBSTEP   238  COMPLETED.    CUM ITER =    764
 *** TIME =   55.8000         TIME INC =  0.100000    
 *** MAX VISCOELASTIC STRAIN STEP = 0.1318E-06

     FORCE CONVERGENCE VALUE  =  0.1103E-07  CRITERION=  0.5000E-04
     DISP CONVERGENCE VALUE   =  0.1282E-06  CRITERION=  0.1143E-02 <<< CONVERGED
    EQUIL ITER   1 COMPLETED.  OLD TRIANG MATRIX.  MAX DOF INC= -0.1282E-06
     FORCE CONVERGENCE VALUE  =  0.4632E-08  CRITERION=  0.5000E-04 <<< CONVERGED
    >>> SOLUTION CONVERGED AFTER EQUILIBRIUM ITERATION   1
 *** LOAD STEP     4   SUBSTEP   239  COMPLETED.    CUM ITER =    765
 *** TIME =   55.9000         TIME INC =  0.100000    
 *** MAX VISCOELASTIC STRAIN STEP = 0.1317E-06

     FORCE CONVERGENCE VALUE  =  0.1048E-07  CRITERION=  0.5000E-04
     DISP CONVERGENCE VALUE   =  0.1271E-06  CRITERION=  0.1143E-02 <<< CONVERGED
    EQUIL ITER   1 COMPLETED.  OLD TRIANG MATRIX.  MAX DOF INC= -0.1271E-06
     FORCE CONVERGENCE VALUE  =  0.4369E-08  CRITERION=  0.5000E-04 <<< CONVERGED
    >>> SOLUTION CONVERGED AFTER EQUILIBRIUM ITERATION   1
 *** LOAD STEP     4   SUBSTEP   240  COMPLETED.    CUM ITER =    766
 *** TIME =   56.0000         TIME INC =  0.100000    
 *** MAX VISCOELASTIC STRAIN STEP = 0.1315E-06

     FORCE CONVERGENCE VALUE  =  0.9966E-08  CRITERION=  0.5000E-04
     DISP CONVERGENCE VALUE   =  0.1262E-06  CRITERION=  0.1143E-02 <<< CONVERGED
    EQUIL ITER   1 COMPLETED.  OLD TRIANG MATRIX.  MAX DOF INC= -0.1262E-06
     FORCE CONVERGENCE VALUE  =  0.4131E-08  CRITERION=  0.5000E-04 <<< CONVERGED
    >>> SOLUTION CONVERGED AFTER EQUILIBRIUM ITERATION   1
 *** LOAD STEP     4   SUBSTEP   241  COMPLETED.    CUM ITER =    767
 *** TIME =   56.1000         TIME INC =  0.100000    
 *** MAX VISCOELASTIC STRAIN STEP = 0.1313E-06

     FORCE CONVERGENCE VALUE  =  0.9479E-08  CRITERION=  0.5000E-04
     DISP CONVERGENCE VALUE   =  0.1252E-06  CRITERION=  0.1143E-02 <<< CONVERGED
    EQUIL ITER   1 COMPLETED.  OLD TRIANG MATRIX.  MAX DOF INC= -0.1252E-06
     FORCE CONVERGENCE VALUE  =  0.3921E-08  CRITERION=  0.5000E-04 <<< CONVERGED
    >>> SOLUTION CONVERGED AFTER EQUILIBRIUM ITERATION   1
 *** LOAD STEP     4   SUBSTEP   242  COMPLETED.    CUM ITER =    768
 *** TIME =   56.2000         TIME INC =  0.100000    
 *** MAX VISCOELASTIC STRAIN STEP = 0.1311E-06

     FORCE CONVERGENCE VALUE  =  0.9021E-08  CRITERION=  0.5000E-04
     DISP CONVERGENCE VALUE   =  0.1243E-06  CRITERION=  0.1143E-02 <<< CONVERGED
    EQUIL ITER   1 COMPLETED.  OLD TRIANG MATRIX.  MAX DOF INC= -0.1243E-06
     FORCE CONVERGENCE VALUE  =  0.3739E-08  CRITERION=  0.5000E-04 <<< CONVERGED
    >>> SOLUTION CONVERGED AFTER EQUILIBRIUM ITERATION   1
 *** LOAD STEP     4   SUBSTEP   243  COMPLETED.    CUM ITER =    769
 *** TIME =   56.3000         TIME INC =  0.100000    
 *** MAX VISCOELASTIC STRAIN STEP = 0.1309E-06

     FORCE CONVERGENCE VALUE  =  0.8593E-08  CRITERION=  0.5000E-04
     DISP CONVERGENCE VALUE   =  0.1234E-06  CRITERION=  0.1143E-02 <<< CONVERGED
    EQUIL ITER   1 COMPLETED.  OLD TRIANG MATRIX.  MAX DOF INC= -0.1234E-06
     FORCE CONVERGENCE VALUE  =  0.3586E-08  CRITERION=  0.5000E-04 <<< CONVERGED
    >>> SOLUTION CONVERGED AFTER EQUILIBRIUM ITERATION   1
 *** LOAD STEP     4   SUBSTEP   244  COMPLETED.    CUM ITER =    770
 *** TIME =   56.4000         TIME INC =  0.100000    
 *** MAX VISCOELASTIC STRAIN STEP = 0.1308E-06

     FORCE CONVERGENCE VALUE  =  0.8193E-08  CRITERION=  0.5000E-04
     DISP CONVERGENCE VALUE   =  0.1225E-06  CRITERION=  0.1143E-02 <<< CONVERGED
    EQUIL ITER   1 COMPLETED.  OLD TRIANG MATRIX.  MAX DOF INC= -0.1225E-06
     FORCE CONVERGENCE VALUE  =  0.3461E-08  CRITERION=  0.5000E-04 <<< CONVERGED
    >>> SOLUTION CONVERGED AFTER EQUILIBRIUM ITERATION   1
 *** LOAD STEP     4   SUBSTEP   245  COMPLETED.    CUM ITER =    771
 *** TIME =   56.5000         TIME INC =  0.100000    
 *** MAX VISCOELASTIC STRAIN STEP = 0.1306E-06

     FORCE CONVERGENCE VALUE  =  0.7824E-08  CRITERION=  0.5000E-04
     DISP CONVERGENCE VALUE   =  0.1217E-06  CRITERION=  0.1143E-02 <<< CONVERGED
    EQUIL ITER   1 COMPLETED.  OLD TRIANG MATRIX.  MAX DOF INC= -0.1217E-06
     FORCE CONVERGENCE VALUE  =  0.3366E-08  CRITERION=  0.5000E-04 <<< CONVERGED
    >>> SOLUTION CONVERGED AFTER EQUILIBRIUM ITERATION   1
 *** LOAD STEP     4   SUBSTEP   246  COMPLETED.    CUM ITER =    772
 *** TIME =   56.6000         TIME INC =  0.100000    
 *** MAX VISCOELASTIC STRAIN STEP = 0.1304E-06

     FORCE CONVERGENCE VALUE  =  0.7484E-08  CRITERION=  0.5000E-04
     DISP CONVERGENCE VALUE   =  0.1209E-06  CRITERION=  0.1143E-02 <<< CONVERGED
    EQUIL ITER   1 COMPLETED.  OLD TRIANG MATRIX.  MAX DOF INC= -0.1209E-06
     FORCE CONVERGENCE VALUE  =  0.3298E-08  CRITERION=  0.5000E-04 <<< CONVERGED
    >>> SOLUTION CONVERGED AFTER EQUILIBRIUM ITERATION   1
 *** LOAD STEP     4   SUBSTEP   247  COMPLETED.    CUM ITER =    773
 *** TIME =   56.7000         TIME INC =  0.100000    
 *** MAX VISCOELASTIC STRAIN STEP = 0.1302E-06

     FORCE CONVERGENCE VALUE  =  0.7173E-08  CRITERION=  0.5000E-04
     DISP CONVERGENCE VALUE   =  0.1201E-06  CRITERION=  0.1143E-02 <<< CONVERGED
    EQUIL ITER   1 COMPLETED.  OLD TRIANG MATRIX.  MAX DOF INC= -0.1201E-06
     FORCE CONVERGENCE VALUE  =  0.3257E-08  CRITERION=  0.5000E-04 <<< CONVERGED
    >>> SOLUTION CONVERGED AFTER EQUILIBRIUM ITERATION   1
 *** LOAD STEP     4   SUBSTEP   248  COMPLETED.    CUM ITER =    774
 *** TIME =   56.8000         TIME INC =  0.100000    
 *** MAX VISCOELASTIC STRAIN STEP = 0.1301E-06

     FORCE CONVERGENCE VALUE  =  0.6892E-08  CRITERION=  0.5000E-04
     DISP CONVERGENCE VALUE   =  0.1193E-06  CRITERION=  0.1143E-02 <<< CONVERGED
    EQUIL ITER   1 COMPLETED.  OLD TRIANG MATRIX.  MAX DOF INC= -0.1193E-06
     FORCE CONVERGENCE VALUE  =  0.3241E-08  CRITERION=  0.5000E-04 <<< CONVERGED
    >>> SOLUTION CONVERGED AFTER EQUILIBRIUM ITERATION   1
 *** LOAD STEP     4   SUBSTEP   249  COMPLETED.    CUM ITER =    775
 *** TIME =   56.9000         TIME INC =  0.100000    
 *** MAX VISCOELASTIC STRAIN STEP = 0.1299E-06

     FORCE CONVERGENCE VALUE  =  0.6641E-08  CRITERION=  0.5000E-04
     DISP CONVERGENCE VALUE   =  0.1185E-06  CRITERION=  0.1143E-02 <<< CONVERGED
    EQUIL ITER   1 COMPLETED.  OLD TRIANG MATRIX.  MAX DOF INC= -0.1185E-06
     FORCE CONVERGENCE VALUE  =  0.3248E-08  CRITERION=  0.5000E-04 <<< CONVERGED
    >>> SOLUTION CONVERGED AFTER EQUILIBRIUM ITERATION   1
 *** LOAD STEP     4   SUBSTEP   250  COMPLETED.    CUM ITER =    776
 *** TIME =   57.0000         TIME INC =  0.100000    
 *** MAX VISCOELASTIC STRAIN STEP = 0.1297E-06

     FORCE CONVERGENCE VALUE  =  0.6418E-08  CRITERION=  0.5000E-04
     DISP CONVERGENCE VALUE   =  0.1178E-06  CRITERION=  0.1143E-02 <<< CONVERGED
    EQUIL ITER   1 COMPLETED.  OLD TRIANG MATRIX.  MAX DOF INC= -0.1178E-06
     FORCE CONVERGENCE VALUE  =  0.3275E-08  CRITERION=  0.5000E-04 <<< CONVERGED
    >>> SOLUTION CONVERGED AFTER EQUILIBRIUM ITERATION   1
 *** LOAD STEP     4   SUBSTEP   251  COMPLETED.    CUM ITER =    777
 *** TIME =   57.1000         TIME INC =  0.100000    
 *** MAX VISCOELASTIC STRAIN STEP = 0.1296E-06

     FORCE CONVERGENCE VALUE  =  0.6225E-08  CRITERION=  0.5000E-04
     DISP CONVERGENCE VALUE   =  0.1171E-06  CRITERION=  0.1143E-02 <<< CONVERGED
    EQUIL ITER   1 COMPLETED.  OLD TRIANG MATRIX.  MAX DOF INC= -0.1171E-06
     FORCE CONVERGENCE VALUE  =  0.3320E-08  CRITERION=  0.5000E-04 <<< CONVERGED
    >>> SOLUTION CONVERGED AFTER EQUILIBRIUM ITERATION   1
 *** LOAD STEP     4   SUBSTEP   252  COMPLETED.    CUM ITER =    778
 *** TIME =   57.2000         TIME INC =  0.100000    
 *** MAX VISCOELASTIC STRAIN STEP = 0.1294E-06

     FORCE CONVERGENCE VALUE  =  0.6060E-08  CRITERION=  0.5000E-04
     DISP CONVERGENCE VALUE   =  0.1164E-06  CRITERION=  0.1143E-02 <<< CONVERGED
    EQUIL ITER   1 COMPLETED.  OLD TRIANG MATRIX.  MAX DOF INC= -0.1164E-06
     FORCE CONVERGENCE VALUE  =  0.3381E-08  CRITERION=  0.5000E-04 <<< CONVERGED
    >>> SOLUTION CONVERGED AFTER EQUILIBRIUM ITERATION   1
 *** LOAD STEP     4   SUBSTEP   253  COMPLETED.    CUM ITER =    779
 *** TIME =   57.3000         TIME INC =  0.100000    
 *** MAX VISCOELASTIC STRAIN STEP = 0.1292E-06

     FORCE CONVERGENCE VALUE  =  0.5923E-08  CRITERION=  0.5000E-04
     DISP CONVERGENCE VALUE   =  0.1157E-06  CRITERION=  0.1143E-02 <<< CONVERGED
    EQUIL ITER   1 COMPLETED.  OLD TRIANG MATRIX.  MAX DOF INC= -0.1157E-06
     FORCE CONVERGENCE VALUE  =  0.3454E-08  CRITERION=  0.5000E-04 <<< CONVERGED
    >>> SOLUTION CONVERGED AFTER EQUILIBRIUM ITERATION   1
 *** LOAD STEP     4   SUBSTEP   254  COMPLETED.    CUM ITER =    780
 *** TIME =   57.4000         TIME INC =  0.100000    
 *** MAX VISCOELASTIC STRAIN STEP = 0.1290E-06

     FORCE CONVERGENCE VALUE  =  0.5813E-08  CRITERION=  0.5000E-04
     DISP CONVERGENCE VALUE   =  0.1151E-06  CRITERION=  0.1143E-02 <<< CONVERGED
    EQUIL ITER   1 COMPLETED.  OLD TRIANG MATRIX.  MAX DOF INC= -0.1151E-06
     FORCE CONVERGENCE VALUE  =  0.3537E-08  CRITERION=  0.5000E-04 <<< CONVERGED
    >>> SOLUTION CONVERGED AFTER EQUILIBRIUM ITERATION   1
 *** LOAD STEP     4   SUBSTEP   255  COMPLETED.    CUM ITER =    781
 *** TIME =   57.5000         TIME INC =  0.100000    
 *** MAX VISCOELASTIC STRAIN STEP = 0.1289E-06

     FORCE CONVERGENCE VALUE  =  0.5727E-08  CRITERION=  0.5000E-04
     DISP CONVERGENCE VALUE   =  0.1144E-06  CRITERION=  0.1143E-02 <<< CONVERGED
    EQUIL ITER   1 COMPLETED.  OLD TRIANG MATRIX.  MAX DOF INC= -0.1144E-06
     FORCE CONVERGENCE VALUE  =  0.3629E-08  CRITERION=  0.5000E-04 <<< CONVERGED
    >>> SOLUTION CONVERGED AFTER EQUILIBRIUM ITERATION   1
 *** LOAD STEP     4   SUBSTEP   256  COMPLETED.    CUM ITER =    782
 *** TIME =   57.6000         TIME INC =  0.100000    
 *** MAX VISCOELASTIC STRAIN STEP = 0.1287E-06

     FORCE CONVERGENCE VALUE  =  0.5666E-08  CRITERION=  0.5000E-04
     DISP CONVERGENCE VALUE   =  0.1138E-06  CRITERION=  0.1143E-02 <<< CONVERGED
    EQUIL ITER   1 COMPLETED.  OLD TRIANG MATRIX.  MAX DOF INC= -0.1138E-06
     FORCE CONVERGENCE VALUE  =  0.3727E-08  CRITERION=  0.5000E-04 <<< CONVERGED
    >>> SOLUTION CONVERGED AFTER EQUILIBRIUM ITERATION   1
 *** LOAD STEP     4   SUBSTEP   257  COMPLETED.    CUM ITER =    783
 *** TIME =   57.7000         TIME INC =  0.100000    
 *** MAX VISCOELASTIC STRAIN STEP = 0.1285E-06

     FORCE CONVERGENCE VALUE  =  0.5627E-08  CRITERION=  0.5000E-04
     DISP CONVERGENCE VALUE   =  0.1132E-06  CRITERION=  0.1143E-02 <<< CONVERGED
    EQUIL ITER   1 COMPLETED.  OLD TRIANG MATRIX.  MAX DOF INC= -0.1132E-06
     FORCE CONVERGENCE VALUE  =  0.3830E-08  CRITERION=  0.5000E-04 <<< CONVERGED
    >>> SOLUTION CONVERGED AFTER EQUILIBRIUM ITERATION   1
 *** LOAD STEP     4   SUBSTEP   258  COMPLETED.    CUM ITER =    784
 *** TIME =   57.8000         TIME INC =  0.100000    
 *** MAX VISCOELASTIC STRAIN STEP = 0.1284E-06

     FORCE CONVERGENCE VALUE  =  0.5609E-08  CRITERION=  0.5000E-04
     DISP CONVERGENCE VALUE   =  0.1126E-06  CRITERION=  0.1143E-02 <<< CONVERGED
    EQUIL ITER   1 COMPLETED.  OLD TRIANG MATRIX.  MAX DOF INC= -0.1126E-06
     FORCE CONVERGENCE VALUE  =  0.3937E-08  CRITERION=  0.5000E-04 <<< CONVERGED
    >>> SOLUTION CONVERGED AFTER EQUILIBRIUM ITERATION   1
 *** LOAD STEP     4   SUBSTEP   259  COMPLETED.    CUM ITER =    785
 *** TIME =   57.9000         TIME INC =  0.100000    
 *** MAX VISCOELASTIC STRAIN STEP = 0.1282E-06

     FORCE CONVERGENCE VALUE  =  0.5609E-08  CRITERION=  0.5000E-04
     DISP CONVERGENCE VALUE   =  0.1120E-06  CRITERION=  0.1143E-02 <<< CONVERGED
    EQUIL ITER   1 COMPLETED.  OLD TRIANG MATRIX.  MAX DOF INC= -0.1120E-06
     FORCE CONVERGENCE VALUE  =  0.4046E-08  CRITERION=  0.5000E-04 <<< CONVERGED
    >>> SOLUTION CONVERGED AFTER EQUILIBRIUM ITERATION   1
 *** LOAD STEP     4   SUBSTEP   260  COMPLETED.    CUM ITER =    786
 *** TIME =   58.0000         TIME INC =  0.100000    
 *** MAX VISCOELASTIC STRAIN STEP = 0.1280E-06

     FORCE CONVERGENCE VALUE  =  0.5626E-08  CRITERION=  0.5000E-04
     DISP CONVERGENCE VALUE   =  0.1115E-06  CRITERION=  0.1143E-02 <<< CONVERGED
    EQUIL ITER   1 COMPLETED.  OLD TRIANG MATRIX.  MAX DOF INC= -0.1115E-06
     FORCE CONVERGENCE VALUE  =  0.4156E-08  CRITERION=  0.5000E-04 <<< CONVERGED
    >>> SOLUTION CONVERGED AFTER EQUILIBRIUM ITERATION   1
 *** LOAD STEP     4   SUBSTEP   261  COMPLETED.    CUM ITER =    787
 *** TIME =   58.1000         TIME INC =  0.100000    
 *** MAX VISCOELASTIC STRAIN STEP = 0.1279E-06

     FORCE CONVERGENCE VALUE  =  0.5659E-08  CRITERION=  0.5000E-04
     DISP CONVERGENCE VALUE   =  0.1109E-06  CRITERION=  0.1143E-02 <<< CONVERGED
    EQUIL ITER   1 COMPLETED.  OLD TRIANG MATRIX.  MAX DOF INC= -0.1109E-06
     FORCE CONVERGENCE VALUE  =  0.4267E-08  CRITERION=  0.5000E-04 <<< CONVERGED
    >>> SOLUTION CONVERGED AFTER EQUILIBRIUM ITERATION   1
 *** LOAD STEP     4   SUBSTEP   262  COMPLETED.    CUM ITER =    788
 *** TIME =   58.2000         TIME INC =  0.100000    
 *** MAX VISCOELASTIC STRAIN STEP = 0.1277E-06

     FORCE CONVERGENCE VALUE  =  0.5704E-08  CRITERION=  0.5000E-04
     DISP CONVERGENCE VALUE   =  0.1104E-06  CRITERION=  0.1143E-02 <<< CONVERGED
    EQUIL ITER   1 COMPLETED.  OLD TRIANG MATRIX.  MAX DOF INC= -0.1104E-06
     FORCE CONVERGENCE VALUE  =  0.4378E-08  CRITERION=  0.5000E-04 <<< CONVERGED
    >>> SOLUTION CONVERGED AFTER EQUILIBRIUM ITERATION   1
 *** LOAD STEP     4   SUBSTEP   263  COMPLETED.    CUM ITER =    789
 *** TIME =   58.3000         TIME INC =  0.100000    
 *** MAX VISCOELASTIC STRAIN STEP = 0.1275E-06

     FORCE CONVERGENCE VALUE  =  0.5761E-08  CRITERION=  0.5000E-04
     DISP CONVERGENCE VALUE   =  0.1099E-06  CRITERION=  0.1143E-02 <<< CONVERGED
    EQUIL ITER   1 COMPLETED.  OLD TRIANG MATRIX.  MAX DOF INC= -0.1099E-06
     FORCE CONVERGENCE VALUE  =  0.4489E-08  CRITERION=  0.5000E-04 <<< CONVERGED
    >>> SOLUTION CONVERGED AFTER EQUILIBRIUM ITERATION   1
 *** LOAD STEP     4   SUBSTEP   264  COMPLETED.    CUM ITER =    790
 *** TIME =   58.4000         TIME INC =  0.100000    
 *** MAX VISCOELASTIC STRAIN STEP = 0.1273E-06

     FORCE CONVERGENCE VALUE  =  0.5827E-08  CRITERION=  0.5000E-04
     DISP CONVERGENCE VALUE   =  0.1094E-06  CRITERION=  0.1143E-02 <<< CONVERGED
    EQUIL ITER   1 COMPLETED.  OLD TRIANG MATRIX.  MAX DOF INC= -0.1094E-06
     FORCE CONVERGENCE VALUE  =  0.4599E-08  CRITERION=  0.5000E-04 <<< CONVERGED
    >>> SOLUTION CONVERGED AFTER EQUILIBRIUM ITERATION   1
 *** LOAD STEP     4   SUBSTEP   265  COMPLETED.    CUM ITER =    791
 *** TIME =   58.5000         TIME INC =  0.100000    
 *** MAX VISCOELASTIC STRAIN STEP = 0.1272E-06

     FORCE CONVERGENCE VALUE  =  0.5902E-08  CRITERION=  0.5000E-04
     DISP CONVERGENCE VALUE   =  0.1089E-06  CRITERION=  0.1143E-02 <<< CONVERGED
    EQUIL ITER   1 COMPLETED.  OLD TRIANG MATRIX.  MAX DOF INC= -0.1089E-06
     FORCE CONVERGENCE VALUE  =  0.4707E-08  CRITERION=  0.5000E-04 <<< CONVERGED
    >>> SOLUTION CONVERGED AFTER EQUILIBRIUM ITERATION   1
 *** LOAD STEP     4   SUBSTEP   266  COMPLETED.    CUM ITER =    792
 *** TIME =   58.6000         TIME INC =  0.100000    
 *** MAX VISCOELASTIC STRAIN STEP = 0.1270E-06

     FORCE CONVERGENCE VALUE  =  0.5984E-08  CRITERION=  0.5000E-04
     DISP CONVERGENCE VALUE   =  0.1084E-06  CRITERION=  0.1143E-02 <<< CONVERGED
    EQUIL ITER   1 COMPLETED.  OLD TRIANG MATRIX.  MAX DOF INC= -0.1084E-06
     FORCE CONVERGENCE VALUE  =  0.4814E-08  CRITERION=  0.5000E-04 <<< CONVERGED
    >>> SOLUTION CONVERGED AFTER EQUILIBRIUM ITERATION   1
 *** LOAD STEP     4   SUBSTEP   267  COMPLETED.    CUM ITER =    793
 *** TIME =   58.7000         TIME INC =  0.100000    
 *** MAX VISCOELASTIC STRAIN STEP = 0.1268E-06

     FORCE CONVERGENCE VALUE  =  0.6071E-08  CRITERION=  0.5000E-04
     DISP CONVERGENCE VALUE   =  0.1079E-06  CRITERION=  0.1143E-02 <<< CONVERGED
    EQUIL ITER   1 COMPLETED.  OLD TRIANG MATRIX.  MAX DOF INC= -0.1079E-06
     FORCE CONVERGENCE VALUE  =  0.4918E-08  CRITERION=  0.5000E-04 <<< CONVERGED
    >>> SOLUTION CONVERGED AFTER EQUILIBRIUM ITERATION   1
 *** LOAD STEP     4   SUBSTEP   268  COMPLETED.    CUM ITER =    794
 *** TIME =   58.8000         TIME INC =  0.100000    
 *** MAX VISCOELASTIC STRAIN STEP = 0.1267E-06

     FORCE CONVERGENCE VALUE  =  0.6163E-08  CRITERION=  0.5000E-04
     DISP CONVERGENCE VALUE   =  0.1075E-06  CRITERION=  0.1143E-02 <<< CONVERGED
    EQUIL ITER   1 COMPLETED.  OLD TRIANG MATRIX.  MAX DOF INC= -0.1075E-06
     FORCE CONVERGENCE VALUE  =  0.5021E-08  CRITERION=  0.5000E-04 <<< CONVERGED
    >>> SOLUTION CONVERGED AFTER EQUILIBRIUM ITERATION   1
 *** LOAD STEP     4   SUBSTEP   269  COMPLETED.    CUM ITER =    795
 *** TIME =   58.9000         TIME INC =  0.100000    
 *** MAX VISCOELASTIC STRAIN STEP = 0.1265E-06

     FORCE CONVERGENCE VALUE  =  0.6259E-08  CRITERION=  0.5000E-04
     DISP CONVERGENCE VALUE   =  0.1070E-06  CRITERION=  0.1143E-02 <<< CONVERGED
    EQUIL ITER   1 COMPLETED.  OLD TRIANG MATRIX.  MAX DOF INC= -0.1070E-06
     FORCE CONVERGENCE VALUE  =  0.5122E-08  CRITERION=  0.5000E-04 <<< CONVERGED
    >>> SOLUTION CONVERGED AFTER EQUILIBRIUM ITERATION   1
 *** LOAD STEP     4   SUBSTEP   270  COMPLETED.    CUM ITER =    796
 *** TIME =   59.0000         TIME INC =  0.100000    
 *** MAX VISCOELASTIC STRAIN STEP = 0.1263E-06

     FORCE CONVERGENCE VALUE  =  0.6357E-08  CRITERION=  0.5000E-04
     DISP CONVERGENCE VALUE   =  0.1066E-06  CRITERION=  0.1143E-02 <<< CONVERGED
    EQUIL ITER   1 COMPLETED.  OLD TRIANG MATRIX.  MAX DOF INC= -0.1066E-06
     FORCE CONVERGENCE VALUE  =  0.5220E-08  CRITERION=  0.5000E-04 <<< CONVERGED
    >>> SOLUTION CONVERGED AFTER EQUILIBRIUM ITERATION   1
 *** LOAD STEP     4   SUBSTEP   271  COMPLETED.    CUM ITER =    797
 *** TIME =   59.1000         TIME INC =  0.100000    
 *** MAX VISCOELASTIC STRAIN STEP = 0.1262E-06

     FORCE CONVERGENCE VALUE  =  0.6457E-08  CRITERION=  0.5000E-04
     DISP CONVERGENCE VALUE   =  0.1062E-06  CRITERION=  0.1143E-02 <<< CONVERGED
    EQUIL ITER   1 COMPLETED.  OLD TRIANG MATRIX.  MAX DOF INC= -0.1062E-06
     FORCE CONVERGENCE VALUE  =  0.5316E-08  CRITERION=  0.5000E-04 <<< CONVERGED
    >>> SOLUTION CONVERGED AFTER EQUILIBRIUM ITERATION   1
 *** LOAD STEP     4   SUBSTEP   272  COMPLETED.    CUM ITER =    798
 *** TIME =   59.2000         TIME INC =  0.100000    
 *** MAX VISCOELASTIC STRAIN STEP = 0.1260E-06

     FORCE CONVERGENCE VALUE  =  0.6559E-08  CRITERION=  0.5000E-04
     DISP CONVERGENCE VALUE   =  0.1057E-06  CRITERION=  0.1143E-02 <<< CONVERGED
    EQUIL ITER   1 COMPLETED.  OLD TRIANG MATRIX.  MAX DOF INC= -0.1057E-06
     FORCE CONVERGENCE VALUE  =  0.5410E-08  CRITERION=  0.5000E-04 <<< CONVERGED
    >>> SOLUTION CONVERGED AFTER EQUILIBRIUM ITERATION   1
 *** LOAD STEP     4   SUBSTEP   273  COMPLETED.    CUM ITER =    799
 *** TIME =   59.3000         TIME INC =  0.100000    
 *** MAX VISCOELASTIC STRAIN STEP = 0.1258E-06

     FORCE CONVERGENCE VALUE  =  0.6661E-08  CRITERION=  0.5000E-04
     DISP CONVERGENCE VALUE   =  0.1053E-06  CRITERION=  0.1143E-02 <<< CONVERGED
    EQUIL ITER   1 COMPLETED.  OLD TRIANG MATRIX.  MAX DOF INC= -0.1053E-06
     FORCE CONVERGENCE VALUE  =  0.5501E-08  CRITERION=  0.5000E-04 <<< CONVERGED
    >>> SOLUTION CONVERGED AFTER EQUILIBRIUM ITERATION   1
 *** LOAD STEP     4   SUBSTEP   274  COMPLETED.    CUM ITER =    800
 *** TIME =   59.4000         TIME INC =  0.100000    
 *** MAX VISCOELASTIC STRAIN STEP = 0.1257E-06

     FORCE CONVERGENCE VALUE  =  0.6764E-08  CRITERION=  0.5000E-04
     DISP CONVERGENCE VALUE   =  0.1049E-06  CRITERION=  0.1143E-02 <<< CONVERGED
    EQUIL ITER   1 COMPLETED.  OLD TRIANG MATRIX.  MAX DOF INC= -0.1049E-06
     FORCE CONVERGENCE VALUE  =  0.5590E-08  CRITERION=  0.5000E-04 <<< CONVERGED
    >>> SOLUTION CONVERGED AFTER EQUILIBRIUM ITERATION   1
 *** LOAD STEP     4   SUBSTEP   275  COMPLETED.    CUM ITER =    801
 *** TIME =   59.5000         TIME INC =  0.100000    
 *** MAX VISCOELASTIC STRAIN STEP = 0.1255E-06

     FORCE CONVERGENCE VALUE  =  0.6866E-08  CRITERION=  0.5000E-04
     DISP CONVERGENCE VALUE   =  0.1045E-06  CRITERION=  0.1143E-02 <<< CONVERGED
    EQUIL ITER   1 COMPLETED.  OLD TRIANG MATRIX.  MAX DOF INC= -0.1045E-06
     FORCE CONVERGENCE VALUE  =  0.5677E-08  CRITERION=  0.5000E-04 <<< CONVERGED
    >>> SOLUTION CONVERGED AFTER EQUILIBRIUM ITERATION   1
 *** LOAD STEP     4   SUBSTEP   276  COMPLETED.    CUM ITER =    802
 *** TIME =   59.6000         TIME INC =  0.100000    
 *** MAX VISCOELASTIC STRAIN STEP = 0.1254E-06

     FORCE CONVERGENCE VALUE  =  0.6968E-08  CRITERION=  0.5000E-04
     DISP CONVERGENCE VALUE   =  0.1042E-06  CRITERION=  0.1143E-02 <<< CONVERGED
    EQUIL ITER   1 COMPLETED.  OLD TRIANG MATRIX.  MAX DOF INC= -0.1042E-06
     FORCE CONVERGENCE VALUE  =  0.5761E-08  CRITERION=  0.5000E-04 <<< CONVERGED
    >>> SOLUTION CONVERGED AFTER EQUILIBRIUM ITERATION   1
 *** LOAD STEP     4   SUBSTEP   277  COMPLETED.    CUM ITER =    803
 *** TIME =   59.7000         TIME INC =  0.100000    
 *** MAX VISCOELASTIC STRAIN STEP = 0.1252E-06

     FORCE CONVERGENCE VALUE  =  0.7069E-08  CRITERION=  0.5000E-04
     DISP CONVERGENCE VALUE   =  0.1038E-06  CRITERION=  0.1143E-02 <<< CONVERGED
    EQUIL ITER   1 COMPLETED.  OLD TRIANG MATRIX.  MAX DOF INC= -0.1038E-06
     FORCE CONVERGENCE VALUE  =  0.5842E-08  CRITERION=  0.5000E-04 <<< CONVERGED
    >>> SOLUTION CONVERGED AFTER EQUILIBRIUM ITERATION   1
 *** LOAD STEP     4   SUBSTEP   278  COMPLETED.    CUM ITER =    804
 *** TIME =   59.8000         TIME INC =  0.100000    
 *** MAX VISCOELASTIC STRAIN STEP = 0.1250E-06

     FORCE CONVERGENCE VALUE  =  0.7169E-08  CRITERION=  0.5000E-04
     DISP CONVERGENCE VALUE   =  0.1034E-06  CRITERION=  0.1143E-02 <<< CONVERGED
    EQUIL ITER   1 COMPLETED.  OLD TRIANG MATRIX.  MAX DOF INC= -0.1034E-06
     FORCE CONVERGENCE VALUE  =  0.5921E-08  CRITERION=  0.5000E-04 <<< CONVERGED
    >>> SOLUTION CONVERGED AFTER EQUILIBRIUM ITERATION   1
 *** LOAD STEP     4   SUBSTEP   279  COMPLETED.    CUM ITER =    805
 *** TIME =   59.9000         TIME INC =  0.100000    
 *** MAX VISCOELASTIC STRAIN STEP = 0.1249E-06

     FORCE CONVERGENCE VALUE  =  0.7267E-08  CRITERION=  0.5000E-04
     DISP CONVERGENCE VALUE   =  0.1031E-06  CRITERION=  0.1143E-02 <<< CONVERGED
    EQUIL ITER   1 COMPLETED.  OLD TRIANG MATRIX.  MAX DOF INC= -0.1031E-06
     FORCE CONVERGENCE VALUE  =  0.5998E-08  CRITERION=  0.5000E-04 <<< CONVERGED
    >>> SOLUTION CONVERGED AFTER EQUILIBRIUM ITERATION   1
 *** LOAD STEP     4   SUBSTEP   280  COMPLETED.    CUM ITER =    806
 *** TIME =   60.0000         TIME INC =  0.100000    
 *** MAX VISCOELASTIC STRAIN STEP = 0.1247E-06

     FORCE CONVERGENCE VALUE  =  0.7364E-08  CRITERION=  0.5000E-04
     DISP CONVERGENCE VALUE   =  0.1027E-06  CRITERION=  0.1143E-02 <<< CONVERGED
    EQUIL ITER   1 COMPLETED.  OLD TRIANG MATRIX.  MAX DOF INC= -0.1027E-06
     FORCE CONVERGENCE VALUE  =  0.6073E-08  CRITERION=  0.5000E-04 <<< CONVERGED
    >>> SOLUTION CONVERGED AFTER EQUILIBRIUM ITERATION   1
 *** LOAD STEP     4   SUBSTEP   281  COMPLETED.    CUM ITER =    807
 *** TIME =   60.1000         TIME INC =  0.100000    
 *** MAX VISCOELASTIC STRAIN STEP = 0.1245E-06

     FORCE CONVERGENCE VALUE  =  0.7460E-08  CRITERION=  0.5000E-04
     DISP CONVERGENCE VALUE   =  0.1024E-06  CRITERION=  0.1143E-02 <<< CONVERGED
    EQUIL ITER   1 COMPLETED.  OLD TRIANG MATRIX.  MAX DOF INC= -0.1024E-06
     FORCE CONVERGENCE VALUE  =  0.6145E-08  CRITERION=  0.5000E-04 <<< CONVERGED
    >>> SOLUTION CONVERGED AFTER EQUILIBRIUM ITERATION   1
 *** LOAD STEP     4   SUBSTEP   282  COMPLETED.    CUM ITER =    808
 *** TIME =   60.2000         TIME INC =  0.100000    
 *** MAX VISCOELASTIC STRAIN STEP = 0.1244E-06

     FORCE CONVERGENCE VALUE  =  0.7553E-08  CRITERION=  0.5000E-04
     DISP CONVERGENCE VALUE   =  0.1020E-06  CRITERION=  0.1143E-02 <<< CONVERGED
    EQUIL ITER   1 COMPLETED.  OLD TRIANG MATRIX.  MAX DOF INC= -0.1020E-06
     FORCE CONVERGENCE VALUE  =  0.6215E-08  CRITERION=  0.5000E-04 <<< CONVERGED
    >>> SOLUTION CONVERGED AFTER EQUILIBRIUM ITERATION   1
 *** LOAD STEP     4   SUBSTEP   283  COMPLETED.    CUM ITER =    809
 *** TIME =   60.3000         TIME INC =  0.100000    
 *** MAX VISCOELASTIC STRAIN STEP = 0.1242E-06

     FORCE CONVERGENCE VALUE  =  0.7645E-08  CRITERION=  0.5000E-04
     DISP CONVERGENCE VALUE   =  0.1017E-06  CRITERION=  0.1143E-02 <<< CONVERGED
    EQUIL ITER   1 COMPLETED.  OLD TRIANG MATRIX.  MAX DOF INC= -0.1017E-06
     FORCE CONVERGENCE VALUE  =  0.6283E-08  CRITERION=  0.5000E-04 <<< CONVERGED
    >>> SOLUTION CONVERGED AFTER EQUILIBRIUM ITERATION   1
 *** LOAD STEP     4   SUBSTEP   284  COMPLETED.    CUM ITER =    810
 *** TIME =   60.4000         TIME INC =  0.100000    
 *** MAX VISCOELASTIC STRAIN STEP = 0.1240E-06

     FORCE CONVERGENCE VALUE  =  0.7735E-08  CRITERION=  0.5000E-04
     DISP CONVERGENCE VALUE   =  0.1014E-06  CRITERION=  0.1143E-02 <<< CONVERGED
    EQUIL ITER   1 COMPLETED.  OLD TRIANG MATRIX.  MAX DOF INC= -0.1014E-06
     FORCE CONVERGENCE VALUE  =  0.6349E-08  CRITERION=  0.5000E-04 <<< CONVERGED
    >>> SOLUTION CONVERGED AFTER EQUILIBRIUM ITERATION   1
 *** LOAD STEP     4   SUBSTEP   285  COMPLETED.    CUM ITER =    811
 *** TIME =   60.5000         TIME INC =  0.100000    
 *** MAX VISCOELASTIC STRAIN STEP = 0.1239E-06

     FORCE CONVERGENCE VALUE  =  0.7823E-08  CRITERION=  0.5000E-04
     DISP CONVERGENCE VALUE   =  0.1010E-06  CRITERION=  0.1143E-02 <<< CONVERGED
    EQUIL ITER   1 COMPLETED.  OLD TRIANG MATRIX.  MAX DOF INC= -0.1010E-06
     FORCE CONVERGENCE VALUE  =  0.6412E-08  CRITERION=  0.5000E-04 <<< CONVERGED
    >>> SOLUTION CONVERGED AFTER EQUILIBRIUM ITERATION   1
 *** LOAD STEP     4   SUBSTEP   286  COMPLETED.    CUM ITER =    812
 *** TIME =   60.6000         TIME INC =  0.100000    
 *** MAX VISCOELASTIC STRAIN STEP = 0.1237E-06

     FORCE CONVERGENCE VALUE  =  0.7908E-08  CRITERION=  0.5000E-04
     DISP CONVERGENCE VALUE   =  0.1007E-06  CRITERION=  0.1143E-02 <<< CONVERGED
    EQUIL ITER   1 COMPLETED.  OLD TRIANG MATRIX.  MAX DOF INC= -0.1007E-06
     FORCE CONVERGENCE VALUE  =  0.6474E-08  CRITERION=  0.5000E-04 <<< CONVERGED
    >>> SOLUTION CONVERGED AFTER EQUILIBRIUM ITERATION   1
 *** LOAD STEP     4   SUBSTEP   287  COMPLETED.    CUM ITER =    813
 *** TIME =   60.7000         TIME INC =  0.100000    
 *** MAX VISCOELASTIC STRAIN STEP = 0.1236E-06

     FORCE CONVERGENCE VALUE  =  0.7992E-08  CRITERION=  0.5000E-04
     DISP CONVERGENCE VALUE   =  0.1004E-06  CRITERION=  0.1143E-02 <<< CONVERGED
    EQUIL ITER   1 COMPLETED.  OLD TRIANG MATRIX.  MAX DOF INC= -0.1004E-06
     FORCE CONVERGENCE VALUE  =  0.6533E-08  CRITERION=  0.5000E-04 <<< CONVERGED
    >>> SOLUTION CONVERGED AFTER EQUILIBRIUM ITERATION   1
 *** LOAD STEP     4   SUBSTEP   288  COMPLETED.    CUM ITER =    814
 *** TIME =   60.8000         TIME INC =  0.100000    
 *** MAX VISCOELASTIC STRAIN STEP = 0.1234E-06

     FORCE CONVERGENCE VALUE  =  0.8074E-08  CRITERION=  0.5000E-04
     DISP CONVERGENCE VALUE   =  0.1001E-06  CRITERION=  0.1143E-02 <<< CONVERGED
    EQUIL ITER   1 COMPLETED.  OLD TRIANG MATRIX.  MAX DOF INC= -0.1001E-06
     FORCE CONVERGENCE VALUE  =  0.6591E-08  CRITERION=  0.5000E-04 <<< CONVERGED
    >>> SOLUTION CONVERGED AFTER EQUILIBRIUM ITERATION   1
 *** LOAD STEP     4   SUBSTEP   289  COMPLETED.    CUM ITER =    815
 *** TIME =   60.9000         TIME INC =  0.100000    
 *** MAX VISCOELASTIC STRAIN STEP = 0.1232E-06

     FORCE CONVERGENCE VALUE  =  0.8154E-08  CRITERION=  0.5000E-04
     DISP CONVERGENCE VALUE   =  0.9983E-07  CRITERION=  0.1143E-02 <<< CONVERGED
    EQUIL ITER   1 COMPLETED.  OLD TRIANG MATRIX.  MAX DOF INC= -0.9983E-07
     FORCE CONVERGENCE VALUE  =  0.6647E-08  CRITERION=  0.5000E-04 <<< CONVERGED
    >>> SOLUTION CONVERGED AFTER EQUILIBRIUM ITERATION   1
 *** LOAD STEP     4   SUBSTEP   290  COMPLETED.    CUM ITER =    816
 *** TIME =   61.0000         TIME INC =  0.100000    
 *** MAX VISCOELASTIC STRAIN STEP = 0.1231E-06

     FORCE CONVERGENCE VALUE  =  0.8231E-08  CRITERION=  0.5000E-04
     DISP CONVERGENCE VALUE   =  0.9953E-07  CRITERION=  0.1143E-02 <<< CONVERGED
    EQUIL ITER   1 COMPLETED.  OLD TRIANG MATRIX.  MAX DOF INC= -0.9953E-07
     FORCE CONVERGENCE VALUE  =  0.6701E-08  CRITERION=  0.5000E-04 <<< CONVERGED
    >>> SOLUTION CONVERGED AFTER EQUILIBRIUM ITERATION   1
 *** LOAD STEP     4   SUBSTEP   291  COMPLETED.    CUM ITER =    817
 *** TIME =   61.1000         TIME INC =  0.100000    
 *** MAX VISCOELASTIC STRAIN STEP = 0.1229E-06

     FORCE CONVERGENCE VALUE  =  0.8307E-08  CRITERION=  0.5000E-04
     DISP CONVERGENCE VALUE   =  0.9925E-07  CRITERION=  0.1143E-02 <<< CONVERGED
    EQUIL ITER   1 COMPLETED.  OLD TRIANG MATRIX.  MAX DOF INC= -0.9925E-07
     FORCE CONVERGENCE VALUE  =  0.6753E-08  CRITERION=  0.5000E-04 <<< CONVERGED
    >>> SOLUTION CONVERGED AFTER EQUILIBRIUM ITERATION   1
 *** LOAD STEP     4   SUBSTEP   292  COMPLETED.    CUM ITER =    818
 *** TIME =   61.2000         TIME INC =  0.100000    
 *** MAX VISCOELASTIC STRAIN STEP = 0.1228E-06

     FORCE CONVERGENCE VALUE  =  0.8380E-08  CRITERION=  0.5000E-04
     DISP CONVERGENCE VALUE   =  0.9897E-07  CRITERION=  0.1143E-02 <<< CONVERGED
    EQUIL ITER   1 COMPLETED.  OLD TRIANG MATRIX.  MAX DOF INC= -0.9897E-07
     FORCE CONVERGENCE VALUE  =  0.6803E-08  CRITERION=  0.5000E-04 <<< CONVERGED
    >>> SOLUTION CONVERGED AFTER EQUILIBRIUM ITERATION   1
 *** LOAD STEP     4   SUBSTEP   293  COMPLETED.    CUM ITER =    819
 *** TIME =   61.3000         TIME INC =  0.100000    
 *** MAX VISCOELASTIC STRAIN STEP = 0.1226E-06

     FORCE CONVERGENCE VALUE  =  0.8452E-08  CRITERION=  0.5000E-04
     DISP CONVERGENCE VALUE   =  0.9869E-07  CRITERION=  0.1143E-02 <<< CONVERGED
    EQUIL ITER   1 COMPLETED.  OLD TRIANG MATRIX.  MAX DOF INC= -0.9869E-07
     FORCE CONVERGENCE VALUE  =  0.6852E-08  CRITERION=  0.5000E-04 <<< CONVERGED
    >>> SOLUTION CONVERGED AFTER EQUILIBRIUM ITERATION   1
 *** LOAD STEP     4   SUBSTEP   294  COMPLETED.    CUM ITER =    820
 *** TIME =   61.4000         TIME INC =  0.100000    
 *** MAX VISCOELASTIC STRAIN STEP = 0.1224E-06

     FORCE CONVERGENCE VALUE  =  0.8521E-08  CRITERION=  0.5000E-04
     DISP CONVERGENCE VALUE   =  0.9842E-07  CRITERION=  0.1143E-02 <<< CONVERGED
    EQUIL ITER   1 COMPLETED.  OLD TRIANG MATRIX.  MAX DOF INC= -0.9842E-07
     FORCE CONVERGENCE VALUE  =  0.6899E-08  CRITERION=  0.5000E-04 <<< CONVERGED
    >>> SOLUTION CONVERGED AFTER EQUILIBRIUM ITERATION   1
 *** LOAD STEP     4   SUBSTEP   295  COMPLETED.    CUM ITER =    821
 *** TIME =   61.5000         TIME INC =  0.100000    
 *** MAX VISCOELASTIC STRAIN STEP = 0.1223E-06

     FORCE CONVERGENCE VALUE  =  0.8589E-08  CRITERION=  0.5000E-04
     DISP CONVERGENCE VALUE   =  0.9815E-07  CRITERION=  0.1143E-02 <<< CONVERGED
    EQUIL ITER   1 COMPLETED.  OLD TRIANG MATRIX.  MAX DOF INC= -0.9815E-07
     FORCE CONVERGENCE VALUE  =  0.6945E-08  CRITERION=  0.5000E-04 <<< CONVERGED
    >>> SOLUTION CONVERGED AFTER EQUILIBRIUM ITERATION   1
 *** LOAD STEP     4   SUBSTEP   296  COMPLETED.    CUM ITER =    822
 *** TIME =   61.6000         TIME INC =  0.100000    
 *** MAX VISCOELASTIC STRAIN STEP = 0.1221E-06

     FORCE CONVERGENCE VALUE  =  0.8654E-08  CRITERION=  0.5000E-04
     DISP CONVERGENCE VALUE   =  0.9788E-07  CRITERION=  0.1143E-02 <<< CONVERGED
    EQUIL ITER   1 COMPLETED.  OLD TRIANG MATRIX.  MAX DOF INC= -0.9788E-07
     FORCE CONVERGENCE VALUE  =  0.6989E-08  CRITERION=  0.5000E-04 <<< CONVERGED
    >>> SOLUTION CONVERGED AFTER EQUILIBRIUM ITERATION   1
 *** LOAD STEP     4   SUBSTEP   297  COMPLETED.    CUM ITER =    823
 *** TIME =   61.7000         TIME INC =  0.100000    
 *** MAX VISCOELASTIC STRAIN STEP = 0.1220E-06

     FORCE CONVERGENCE VALUE  =  0.8718E-08  CRITERION=  0.5000E-04
     DISP CONVERGENCE VALUE   =  0.9763E-07  CRITERION=  0.1143E-02 <<< CONVERGED
    EQUIL ITER   1 COMPLETED.  OLD TRIANG MATRIX.  MAX DOF INC= -0.9763E-07
     FORCE CONVERGENCE VALUE  =  0.7031E-08  CRITERION=  0.5000E-04 <<< CONVERGED
    >>> SOLUTION CONVERGED AFTER EQUILIBRIUM ITERATION   1
 *** LOAD STEP     4   SUBSTEP   298  COMPLETED.    CUM ITER =    824
 *** TIME =   61.8000         TIME INC =  0.100000    
 *** MAX VISCOELASTIC STRAIN STEP = 0.1218E-06

     FORCE CONVERGENCE VALUE  =  0.8779E-08  CRITERION=  0.5000E-04
     DISP CONVERGENCE VALUE   =  0.9737E-07  CRITERION=  0.1143E-02 <<< CONVERGED
    EQUIL ITER   1 COMPLETED.  OLD TRIANG MATRIX.  MAX DOF INC= -0.9737E-07
     FORCE CONVERGENCE VALUE  =  0.7073E-08  CRITERION=  0.5000E-04 <<< CONVERGED
    >>> SOLUTION CONVERGED AFTER EQUILIBRIUM ITERATION   1
 *** LOAD STEP     4   SUBSTEP   299  COMPLETED.    CUM ITER =    825
 *** TIME =   61.9000         TIME INC =  0.100000    
 *** MAX VISCOELASTIC STRAIN STEP = 0.1216E-06

     FORCE CONVERGENCE VALUE  =  0.8839E-08  CRITERION=  0.5000E-04
     DISP CONVERGENCE VALUE   =  0.9712E-07  CRITERION=  0.1143E-02 <<< CONVERGED
    EQUIL ITER   1 COMPLETED.  OLD TRIANG MATRIX.  MAX DOF INC= -0.9712E-07
     FORCE CONVERGENCE VALUE  =  0.7112E-08  CRITERION=  0.5000E-04 <<< CONVERGED
    >>> SOLUTION CONVERGED AFTER EQUILIBRIUM ITERATION   1
 *** LOAD STEP     4   SUBSTEP   300  COMPLETED.    CUM ITER =    826
 *** TIME =   62.0000         TIME INC =  0.100000    
 *** MAX VISCOELASTIC STRAIN STEP = 0.1215E-06

 FINISH SOLUTION PROCESSING


 ***** ROUTINE COMPLETED *****  ELAPSED TIME =        19.158



 *** MAPDL - ENGINEERING ANALYSIS SYSTEM  RELEASE 2026 R1          26.1     ***
 Ansys Mechanical Enterprise Academic Student      
 01055371  VERSION=WINDOWS x64   20:23:27  SEP 14, 2026 Elapsed Time=     19.174

 Stage 10 isothermal discretization verification                               



          ***** MAPDL RESULTS INTERPRETATION (POST1) *****

 *** NOTE ***                            ELAPSED TIME =      19.174   TIME= 20:23:27
 Reading results into the database (SET command) will update the current 
 displacement and force boundary conditions in the database with the     
 values from the results file for that load set.  Note that any          
 subsequent solutions will use these values unless action is taken to    
 either SAVE the current values or not overwrite them (/EXIT,NOSAVE).    


 USE LOAD STEP     0  SUBSTEP  LAST    FOR LOAD CASE 0 
 USE DATA SET FOR TIME OR FREQUENCY=  62.000    

 SET COMMAND GOT LOAD STEP=     4  SUBSTEP=   300  CUMULATIVE ITERATION=   826
   TIME/FREQUENCY=  62.000    
 TITLE= Stage 10 isothermal discretization verification                         

 STORE SEQV     FROM ITEM=S    COMP=EQV   FOR ALL SELECTED ELEMENTS

 OPENED FILE= top_nodes.csv FOR COMMAND FILE DATA 


 PARAMETER NIDV =     33.00000000    

 *GET  XV        FROM  NODE        33  ITEM=LOC  X     VALUE=  0.00000000     

 *GET  YV        FROM  NODE        33  ITEM=LOC  Y     VALUE=  4.00000000     

 *GET  UXV       FROM  NODE     33  ITEM=U    X     VALUE=  0.00000000    

 *GET  UYV       FROM  NODE     33  ITEM=U    Y     VALUE=  0.00000000    

 PARAMETER NIDV =     34.00000000    

 *GET  XV        FROM  NODE        34  ITEM=LOC  X     VALUE=  4.00000000     

 *GET  YV        FROM  NODE        34  ITEM=LOC  Y     VALUE=  4.00000000     

 *GET  UXV       FROM  NODE     34  ITEM=U    X     VALUE= 0.229028044E-03

 *GET  UYV       FROM  NODE     34  ITEM=U    Y     VALUE=-0.383494109E-03

 PARAMETER NIDV =     35.00000000    

 *GET  XV        FROM  NODE        35  ITEM=LOC  X     VALUE=  8.00000000     

 *GET  YV        FROM  NODE        35  ITEM=LOC  Y     VALUE=  4.00000000     

 *GET  UXV       FROM  NODE     35  ITEM=U    X     VALUE= 0.448690361E-03

 *GET  UYV       FROM  NODE     35  ITEM=U    Y     VALUE=-0.151025247E-02

 PARAMETER NIDV =     36.00000000    

 *GET  XV        FROM  NODE        36  ITEM=LOC  X     VALUE=  12.0000000     

 *GET  YV        FROM  NODE        36  ITEM=LOC  Y     VALUE=  4.00000000     

 *GET  UXV       FROM  NODE     36  ITEM=U    X     VALUE= 0.649256126E-03

 *GET  UYV       FROM  NODE     36  ITEM=U    Y     VALUE=-0.332815885E-02

 PARAMETER NIDV =     37.00000000    

 *GET  XV        FROM  NODE        37  ITEM=LOC  X     VALUE=  16.0000000     

 *GET  YV        FROM  NODE        37  ITEM=LOC  Y     VALUE=  4.00000000     

 *GET  UXV       FROM  NODE     37  ITEM=U    X     VALUE= 0.834545329E-03

 *GET  UYV       FROM  NODE     37  ITEM=U    Y     VALUE=-0.578177893E-02

 PARAMETER NIDV =     38.00000000    

 *GET  XV        FROM  NODE        38  ITEM=LOC  X     VALUE=  20.0000000     

 *GET  YV        FROM  NODE        38  ITEM=LOC  Y     VALUE=  4.00000000     

 *GET  UXV       FROM  NODE     38  ITEM=U    X     VALUE= 0.100355208E-02

 *GET  UYV       FROM  NODE     38  ITEM=U    Y     VALUE=-0.881909636E-02

 PARAMETER NIDV =     39.00000000    

 *GET  XV        FROM  NODE        39  ITEM=LOC  X     VALUE=  24.0000000     

 *GET  YV        FROM  NODE        39  ITEM=LOC  Y     VALUE=  4.00000000     

 *GET  UXV       FROM  NODE     39  ITEM=U    X     VALUE= 0.115649657E-02

 *GET  UYV       FROM  NODE     39  ITEM=U    Y     VALUE=-0.123867615E-01

 PARAMETER NIDV =     40.00000000    

 *GET  XV        FROM  NODE        40  ITEM=LOC  X     VALUE=  28.0000000     

 *GET  YV        FROM  NODE        40  ITEM=LOC  Y     VALUE=  4.00000000     

 *GET  UXV       FROM  NODE     40  ITEM=U    X     VALUE= 0.129333535E-02

 *GET  UYV       FROM  NODE     40  ITEM=U    Y     VALUE=-0.164318112E-01

 PARAMETER NIDV =     41.00000000    

 *GET  XV        FROM  NODE        41  ITEM=LOC  X     VALUE=  32.0000000     

 *GET  YV        FROM  NODE        41  ITEM=LOC  Y     VALUE=  4.00000000     

 *GET  UXV       FROM  NODE     41  ITEM=U    X     VALUE= 0.141407664E-02

 *GET  UYV       FROM  NODE     41  ITEM=U    Y     VALUE=-0.209011865E-01

 PARAMETER NIDV =     42.00000000    

 *GET  XV        FROM  NODE        42  ITEM=LOC  X     VALUE=  36.0000000     

 *GET  YV        FROM  NODE        42  ITEM=LOC  Y     VALUE=  4.00000000     

 *GET  UXV       FROM  NODE     42  ITEM=U    X     VALUE= 0.151871888E-02

 *GET  UYV       FROM  NODE     42  ITEM=U    Y     VALUE=-0.257418504E-01

 PARAMETER NIDV =     43.00000000    

 *GET  XV        FROM  NODE        43  ITEM=LOC  X     VALUE=  40.0000000     

 *GET  YV        FROM  NODE        43  ITEM=LOC  Y     VALUE=  4.00000000     

 *GET  UXV       FROM  NODE     43  ITEM=U    X     VALUE= 0.160726212E-02

 *GET  UYV       FROM  NODE     43  ITEM=U    Y     VALUE=-0.309007601E-01

 PARAMETER NIDV =     44.00000000    

 *GET  XV        FROM  NODE        44  ITEM=LOC  X     VALUE=  44.0000000     

 *GET  YV        FROM  NODE        44  ITEM=LOC  Y     VALUE=  4.00000000     

 *GET  UXV       FROM  NODE     44  ITEM=U    X     VALUE= 0.167970811E-02

 *GET  UYV       FROM  NODE     44  ITEM=U    Y     VALUE=-0.363248775E-01

 PARAMETER NIDV =     45.00000000    

 *GET  XV        FROM  NODE        45  ITEM=LOC  X     VALUE=  48.0000000     

 *GET  YV        FROM  NODE        45  ITEM=LOC  Y     VALUE=  4.00000000     

 *GET  UXV       FROM  NODE     45  ITEM=U    X     VALUE= 0.173604709E-02

 *GET  UYV       FROM  NODE     45  ITEM=U    Y     VALUE=-0.419611535E-01

 PARAMETER NIDV =     46.00000000    

 *GET  XV        FROM  NODE        46  ITEM=LOC  X     VALUE=  52.0000000     

 *GET  YV        FROM  NODE        46  ITEM=LOC  Y     VALUE=  4.00000000     

 *GET  UXV       FROM  NODE     46  ITEM=U    X     VALUE= 0.177632069E-02

 *GET  UYV       FROM  NODE     46  ITEM=U    Y     VALUE=-0.477565539E-01

 PARAMETER NIDV =     47.00000000    

 *GET  XV        FROM  NODE        47  ITEM=LOC  X     VALUE=  56.0000000     

 *GET  YV        FROM  NODE        47  ITEM=LOC  Y     VALUE=  4.00000000     

 *GET  UXV       FROM  NODE     47  ITEM=U    X     VALUE= 0.180041530E-02

 *GET  UYV       FROM  NODE     47  ITEM=U    Y     VALUE=-0.536581618E-01

 PARAMETER NIDV =     48.00000000    

 *GET  XV        FROM  NODE        48  ITEM=LOC  X     VALUE=  60.0000000     

 *GET  YV        FROM  NODE        48  ITEM=LOC  Y     VALUE=  4.00000000     

 *GET  UXV       FROM  NODE     48  ITEM=U    X     VALUE= 0.180821066E-02

 *GET  UYV       FROM  NODE     48  ITEM=U    Y     VALUE=-0.596118056E-01

  COMMAND FILE CLOSED 


 OPENED FILE= element_stress.csv FOR COMMAND FILE DATA 


 PARAMETER EIDV =     1.000000000    

 *GET  XV        FROM  ELEM         1  ITEM=CENT X         VALUE=  2.00000000    

 *GET  YV        FROM  ELEM         1  ITEM=CENT Y         VALUE=  1.00000000    

 *GET  SV        FROM  ELEM         1  ITEM=ETAB SEQV      VALUE= 0.997685086E-04

 PARAMETER EIDV =     2.000000000    

 *GET  XV        FROM  ELEM         2  ITEM=CENT X         VALUE=  6.00000000    

 *GET  YV        FROM  ELEM         2  ITEM=CENT Y         VALUE=  1.00000000    

 *GET  SV        FROM  ELEM         2  ITEM=ETAB SEQV      VALUE= 0.104681502E-03

 PARAMETER EIDV =     3.000000000    

 *GET  XV        FROM  ELEM         3  ITEM=CENT X         VALUE=  10.0000000    

 *GET  YV        FROM  ELEM         3  ITEM=CENT Y         VALUE=  1.00000000    

 *GET  SV        FROM  ELEM         3  ITEM=ETAB SEQV      VALUE= 0.893531078E-04

 PARAMETER EIDV =     4.000000000    

 *GET  XV        FROM  ELEM         4  ITEM=CENT X         VALUE=  14.0000000    

 *GET  YV        FROM  ELEM         4  ITEM=CENT Y         VALUE=  1.00000000    

 *GET  SV        FROM  ELEM         4  ITEM=ETAB SEQV      VALUE= 0.847920153E-04

 PARAMETER EIDV =     5.000000000    

 *GET  XV        FROM  ELEM         5  ITEM=CENT X         VALUE=  18.0000000    

 *GET  YV        FROM  ELEM         5  ITEM=CENT Y         VALUE=  1.00000000    

 *GET  SV        FROM  ELEM         5  ITEM=ETAB SEQV      VALUE= 0.772078891E-04

 PARAMETER EIDV =     6.000000000    

 *GET  XV        FROM  ELEM         6  ITEM=CENT X         VALUE=  22.0000000    

 *GET  YV        FROM  ELEM         6  ITEM=CENT Y         VALUE=  1.00000000    

 *GET  SV        FROM  ELEM         6  ITEM=ETAB SEQV      VALUE= 0.704600412E-04

 PARAMETER EIDV =     7.000000000    

 *GET  XV        FROM  ELEM         7  ITEM=CENT X         VALUE=  26.0000000    

 *GET  YV        FROM  ELEM         7  ITEM=CENT Y         VALUE=  1.00000000    

 *GET  SV        FROM  ELEM         7  ITEM=ETAB SEQV      VALUE= 0.635842127E-04

 PARAMETER EIDV =     8.000000000    

 *GET  XV        FROM  ELEM         8  ITEM=CENT X         VALUE=  30.0000000    

 *GET  YV        FROM  ELEM         8  ITEM=CENT Y         VALUE=  1.00000000    

 *GET  SV        FROM  ELEM         8  ITEM=ETAB SEQV      VALUE= 0.568200828E-04

 PARAMETER EIDV =     9.000000000    

 *GET  XV        FROM  ELEM         9  ITEM=CENT X         VALUE=  34.0000000    

 *GET  YV        FROM  ELEM         9  ITEM=CENT Y         VALUE=  1.00000000    

 *GET  SV        FROM  ELEM         9  ITEM=ETAB SEQV      VALUE= 0.501498543E-04

 PARAMETER EIDV =     10.00000000    

 *GET  XV        FROM  ELEM        10  ITEM=CENT X         VALUE=  38.0000000    

 *GET  YV        FROM  ELEM        10  ITEM=CENT Y         VALUE=  1.00000000    

 *GET  SV        FROM  ELEM        10  ITEM=ETAB SEQV      VALUE= 0.436294195E-04

 PARAMETER EIDV =     11.00000000    

 *GET  XV        FROM  ELEM        11  ITEM=CENT X         VALUE=  42.0000000    

 *GET  YV        FROM  ELEM        11  ITEM=CENT Y         VALUE=  1.00000000    

 *GET  SV        FROM  ELEM        11  ITEM=ETAB SEQV      VALUE= 0.373362900E-04

 PARAMETER EIDV =     12.00000000    

 *GET  XV        FROM  ELEM        12  ITEM=CENT X         VALUE=  46.0000000    

 *GET  YV        FROM  ELEM        12  ITEM=CENT Y         VALUE=  1.00000000    

 *GET  SV        FROM  ELEM        12  ITEM=ETAB SEQV      VALUE= 0.314227127E-04

 PARAMETER EIDV =     13.00000000    

 *GET  XV        FROM  ELEM        13  ITEM=CENT X         VALUE=  50.0000000    

 *GET  YV        FROM  ELEM        13  ITEM=CENT Y         VALUE=  1.00000000    

 *GET  SV        FROM  ELEM        13  ITEM=ETAB SEQV      VALUE= 0.259477433E-04

 PARAMETER EIDV =     14.00000000    

 *GET  XV        FROM  ELEM        14  ITEM=CENT X         VALUE=  54.0000000    

 *GET  YV        FROM  ELEM        14  ITEM=CENT Y         VALUE=  1.00000000    

 *GET  SV        FROM  ELEM        14  ITEM=ETAB SEQV      VALUE= 0.225382765E-04

 PARAMETER EIDV =     15.00000000    

 *GET  XV        FROM  ELEM        15  ITEM=CENT X         VALUE=  58.0000000    

 *GET  YV        FROM  ELEM        15  ITEM=CENT Y         VALUE=  1.00000000    

 *GET  SV        FROM  ELEM        15  ITEM=ETAB SEQV      VALUE= 0.188135807E-04

 PARAMETER EIDV =     16.00000000    

 *GET  XV        FROM  ELEM        16  ITEM=CENT X         VALUE=  2.00000000    

 *GET  YV        FROM  ELEM        16  ITEM=CENT Y         VALUE=  3.00000000    

 *GET  SV        FROM  ELEM        16  ITEM=ETAB SEQV      VALUE= 0.960016881E-04

 PARAMETER EIDV =     17.00000000    

 *GET  XV        FROM  ELEM        17  ITEM=CENT X         VALUE=  6.00000000    

 *GET  YV        FROM  ELEM        17  ITEM=CENT Y         VALUE=  3.00000000    

 *GET  SV        FROM  ELEM        17  ITEM=ETAB SEQV      VALUE= 0.102502264E-03

 PARAMETER EIDV =     18.00000000    

 *GET  XV        FROM  ELEM        18  ITEM=CENT X         VALUE=  10.0000000    

 *GET  YV        FROM  ELEM        18  ITEM=CENT Y         VALUE=  3.00000000    

 *GET  SV        FROM  ELEM        18  ITEM=ETAB SEQV      VALUE= 0.910932171E-04

 PARAMETER EIDV =     19.00000000    

 *GET  XV        FROM  ELEM        19  ITEM=CENT X         VALUE=  14.0000000    

 *GET  YV        FROM  ELEM        19  ITEM=CENT Y         VALUE=  3.00000000    

 *GET  SV        FROM  ELEM        19  ITEM=ETAB SEQV      VALUE= 0.841035210E-04

 PARAMETER EIDV =     20.00000000    

 *GET  XV        FROM  ELEM        20  ITEM=CENT X         VALUE=  18.0000000    

 *GET  YV        FROM  ELEM        20  ITEM=CENT Y         VALUE=  3.00000000    

 *GET  SV        FROM  ELEM        20  ITEM=ETAB SEQV      VALUE= 0.773975435E-04

 PARAMETER EIDV =     21.00000000    

 *GET  XV        FROM  ELEM        21  ITEM=CENT X         VALUE=  22.0000000    

 *GET  YV        FROM  ELEM        21  ITEM=CENT Y         VALUE=  3.00000000    

 *GET  SV        FROM  ELEM        21  ITEM=ETAB SEQV      VALUE= 0.704027649E-04

 PARAMETER EIDV =     22.00000000    

 *GET  XV        FROM  ELEM        22  ITEM=CENT X         VALUE=  26.0000000    

 *GET  YV        FROM  ELEM        22  ITEM=CENT Y         VALUE=  3.00000000    

 *GET  SV        FROM  ELEM        22  ITEM=ETAB SEQV      VALUE= 0.635885331E-04

 PARAMETER EIDV =     23.00000000    

 *GET  XV        FROM  ELEM        23  ITEM=CENT X         VALUE=  30.0000000    

 *GET  YV        FROM  ELEM        23  ITEM=CENT Y         VALUE=  3.00000000    

 *GET  SV        FROM  ELEM        23  ITEM=ETAB SEQV      VALUE= 0.568114801E-04

 PARAMETER EIDV =     24.00000000    

 *GET  XV        FROM  ELEM        24  ITEM=CENT X         VALUE=  34.0000000    

 *GET  YV        FROM  ELEM        24  ITEM=CENT Y         VALUE=  3.00000000    

 *GET  SV        FROM  ELEM        24  ITEM=ETAB SEQV      VALUE= 0.501445165E-04

 PARAMETER EIDV =     25.00000000    

 *GET  XV        FROM  ELEM        25  ITEM=CENT X         VALUE=  38.0000000    

 *GET  YV        FROM  ELEM        25  ITEM=CENT Y         VALUE=  3.00000000    

 *GET  SV        FROM  ELEM        25  ITEM=ETAB SEQV      VALUE= 0.436258321E-04

 PARAMETER EIDV =     26.00000000    

 *GET  XV        FROM  ELEM        26  ITEM=CENT X         VALUE=  42.0000000    

 *GET  YV        FROM  ELEM        26  ITEM=CENT Y         VALUE=  3.00000000    

 *GET  SV        FROM  ELEM        26  ITEM=ETAB SEQV      VALUE= 0.373282547E-04

 PARAMETER EIDV =     27.00000000    

 *GET  XV        FROM  ELEM        27  ITEM=CENT X         VALUE=  46.0000000    

 *GET  YV        FROM  ELEM        27  ITEM=CENT Y         VALUE=  3.00000000    

 *GET  SV        FROM  ELEM        27  ITEM=ETAB SEQV      VALUE= 0.314219149E-04

 PARAMETER EIDV =     28.00000000    

 *GET  XV        FROM  ELEM        28  ITEM=CENT X         VALUE=  50.0000000    

 *GET  YV        FROM  ELEM        28  ITEM=CENT Y         VALUE=  3.00000000    

 *GET  SV        FROM  ELEM        28  ITEM=ETAB SEQV      VALUE= 0.259973486E-04

 PARAMETER EIDV =     29.00000000    

 *GET  XV        FROM  ELEM        29  ITEM=CENT X         VALUE=  54.0000000    

 *GET  YV        FROM  ELEM        29  ITEM=CENT Y         VALUE=  3.00000000    

 *GET  SV        FROM  ELEM        29  ITEM=ETAB SEQV      VALUE= 0.222154036E-04

 PARAMETER EIDV =     30.00000000    

 *GET  XV        FROM  ELEM        30  ITEM=CENT X         VALUE=  58.0000000    

 *GET  YV        FROM  ELEM        30  ITEM=CENT Y         VALUE=  3.00000000    

 *GET  SV        FROM  ELEM        30  ITEM=ETAB SEQV      VALUE= 0.195450357E-04

  COMMAND FILE CLOSED 


 EXIT THE MAPDL POST1 DATABASE PROCESSOR


 ***** ROUTINE COMPLETED *****  ELAPSED TIME =        19.222



 EXIT MAPDL WITHOUT SAVING DATABASE


 NUMBER OF WARNING MESSAGES ENCOUNTERED=          3
 NUMBER OF ERROR   MESSAGES ENCOUNTERED=          0

+--------------------- M A P D L   S T A T I S T I C S ------------------------+

Release: 2026 R1            Build: 26.1       Update: UP20260202   Platform: WINDOWS x64 
Date Run: 09/14/2026   Time: 20:23     Process ID: 13944
Operating System: Windows 11  (Build: 26200)

Processor Model: AMD Ryzen 7 7435HS

Compiler: Intel(R) Fortran Compiler Classic Version 2021.9  (Build: 20230302)
          Intel(R) C/C++ Compiler Classic Version 2021.9  (Build: 20230302)
          AOCL-BLAS 5.1.1 Build 20251008
          Intel(R) oneAPI Math Kernel Library Version 2024.2.3-Product Build 20250403

Number of machines requested            :    1
Total number of cores available         :   16
Number of physical cores available      :    8
Number of processes requested           :    1
Number of threads per process requested :    1
Total number of cores requested         :    1 (Shared Memory Parallel)                    

GPU Acceleration: Not Requested

Job Name: stage10_structural
Input File: C:\Users\asus\AppData\Local\Temp\FDM_stage10_structural_mesh_coarse_svdvyvrk\input.dat
Working Directory: C:\Users\asus\AppData\Local\Temp\FDM_stage10_structural_mesh_coarse_svdvyvrk

Total CPU time for main thread                    :       12.7 seconds
Total CPU time summed for all threads             :       12.5 seconds

Elapsed time spent obtaining a license            :        1.7 seconds
Elapsed time spent pre-processing model (/PREP7)  :        0.0 seconds
Elapsed time spent solution - preprocessing       :        0.0 seconds
Elapsed time spent computing solution             :       12.6 seconds
   Elapsed time in element formation & assembly   :        6.7 seconds
   Elapsed time in equation solver                :        1.6 seconds
   Elapsed time in element result calculations    :        3.3 seconds
Elapsed time spent solution - postprocessing      :        0.0 seconds
Elapsed time spent post-processing model (/POST1) :        0.0 seconds
 
Equation solver used                              :            Sparse (symmetric)

Sum of disk space used on all processes           :        0.8 MB

Sum of memory used on all processes               :       42.0 MB
Sum of memory allocated on all processes          :     2304.0 MB
Physical memory available                         :         16 GB
Total amount of I/O written to disk               :        0.0 GB
Total amount of I/O read from disk                :        0.0 GB

+------------------ E N D   M A P D L   S T A T I S T I C S -------------------+


 *-----------------------------------------------------------------------------*
 |                                                                             |
 |                               RUN COMPLETED                                 |
 |                                                                             |
 |-----------------------------------------------------------------------------|
 |                                                                             |
 |  Ansys MAPDL 2026 R1         Build 26.1         UP20260202    WINDOWS x64   |
 |                                                                             |
 |-----------------------------------------------------------------------------|
 |                                                                             |
 |  Database Requested(-db)     1024 MB     Scratch Memory Requested   1024 MB |
 |  Max Database Used(Master)      1 MB     Max Scratch Used(Master)     41 MB |
 |  Max Database Used(Workers)     0 MB     Max Scratch Used(Workers)     0 MB |
 |  Sum Database Used(All)         1 MB     Sum Scratch Used(All)        41 MB |
 |                                                                             |
 |-----------------------------------------------------------------------------|
 |                                                                             |
 |        CP Time      (sec) =         12.453       Time  =  20:23:38          |
 |        Elapsed Time (sec) =         30.225       Date  =  09/14/2026        |
 |                                                                             |
 *-----------------------------------------------------------------------------*
