
 Ansys Mechanical Enterprise Academic Student      


 *------------------------------------------------------------------*
 |                                                                  |
 |   W E L C O M E   T O   T H E   A N S Y S (R)  P R O G R A M     |
 |                                                                  |
 *------------------------------------------------------------------*




 ***************************************************************
 *         ANSYS MAPDL 2026 R1          LEGAL NOTICES          *
 ***************************************************************
 *                                                             *
 * Copyright (c) 2026 Synopsys, Inc. and ANSYS, Inc.           *
 * All rights reserved.                                        *
 * Unauthorized use, distribution or duplication is            *
 * prohibited.                                                 *
 *                                                             *
 * Ansys is a registered trademark of Ansys, Inc. or its       *
 * subsidiaries in the United States or other countries.       *
 * See the Ansys, Inc. online documentation or the Ansys, Inc. *
 * documentation CD or online help for the complete Legal      *
 * Notice.                                                     *
 *                                                             *
 ***************************************************************
 *                                                             *
 * THIS ANSYS SOFTWARE PRODUCT AND PROGRAM DOCUMENTATION       *
 * INCLUDE TRADE SECRETS AND CONFIDENTIAL AND PROPRIETARY      *
 * PRODUCTS OF ANSYS, INC., ITS SUBSIDIARIES, OR LICENSORS.    *
 * The software products and documentation are furnished by    *
 * Ansys, Inc. or its subsidiaries under a software license    *
 * agreement that contains provisions concerning               *
 * non-disclosure, copying, length and nature of use,          *
 * compliance with exporting laws, warranties, disclaimers,    *
 * limitations of liability, and remedies, and other           *
 * provisions.  The software products and documentation may be *
 * used, disclosed, transferred, or copied only in accordance  *
 * with the terms and conditions of that software license      *
 * agreement.                                                  *
 *                                                             *
 * Ansys, Inc. is a UL registered                              *
 * ISO 9001:2015 company.                                      *
 *                                                             *
 ***************************************************************
 *                                                             *
 * This product is subject to U.S. laws governing export and   *
 * re-export.                                                  *
 *                                                             *
 * For U.S. Government users, except as specifically granted   *
 * by the Ansys, Inc. software license agreement, the use,     *
 * duplication, or disclosure by the United States Government  *
 * is subject to restrictions stated in the Ansys, Inc.        *
 * software license agreement and FAR 12.212 (for non-DOD      *
 * licenses).                                                  *
 *                                                             *
 ***************************************************************

 2026 R1 
     
 Point Releases and Patches installed:   
     
 Ansys, Inc. License Manager 2026 R1 
 Discovery (full install) 2026 R1
 Core WB Files 2026 R1   
 optiSLang Core UI 2026 R1   
 CFX (includes CFD-Post) 2026 R1 
 Chemkin 2026 R1 
 EnSight 2026 R1 
 FENSAP-ICE 2026 R1  
 Fluent (includes CFD-Post) 2026 R1  
 Polyflow (includes CFD-Post) 2026 R1
 Forte (includes EnSight) 2026 R1
 Rocky 2026 R1   
 TurboGrid 2026 R1   
 ACIS Geometry Interface 2026 R1 
 AutoCAD Geometry Interface 2026 R1  
 Catia, Version 4 Geometry Interface 2026 R1 
 Catia, Version 5 Geometry Interface 2026 R1 
 Catia, Version 6 Geometry Interface 2026 R1 
 Creo Elements/Direct Modeling Geometry Interface 2026 R1
 Creo Parametric Geometry Interface 2026 R1  
 Inventor Geometry Interface 2026 R1 
 JTOpen Geometry Interface 2026 R1   
 NX Geometry Interface 2026 R1   
 Parasolid Geometry Interface  2026 R1   
 Solid Edge Geometry Interface 2026 R1   
 SOLIDWORKS Geometry Interface 2026 R1   
 Speos 2026 R1   
 SpaceClaim 2026 R1  
 Speos RPC 2026 R1   
 Zemax OpticStudio 2026 R1   
 Dynamic Reporting 2026 R1   
 Aqwa 2026 R1
 Autodyn 2026 R1 
 Material Calibration App 2026 R1
 Mechanical Products 2026 R1 
 Motion 2026 R1  
 Academic Student 2026 R1


          *****  MAPDL COMMAND LINE ARGUMENTS  *****
  INITIAL JOBNAME              = stage10                                                                                                                                                                                                                                                 
  BATCH MODE REQUESTED (-b)    = LIST
  INPUT FILE COPY MODE (-c)    = COPY
       1 PARALLEL PROCESSES REQUESTED WITH SINGLE THREAD PER PROCESS
    TOTAL OF     1 CORES REQUESTED
  INPUT FILE NAME              = C:\Users\asus\AppData\Local\Temp\FDM_stage10_contact_mesh_extra_fine_ijrojalb\input.dat
  OUTPUT FILE NAME             = C:\Users\asus\AppData\Local\Temp\FDM_stage10_contact_mesh_extra_fine_ijrojalb\mapdl.out

 RELEASE= 2026 R1              BUILD= 26.1      UP20260202   VERSION=WINDOWS x64 
 CURRENT JOBNAME=stage10  21:06:52  SEP 14, 2026  Elapsed Time=       0.141

     1  /BATCH  
     2  /FILNAME,stage10_contact
     3  /TITLE,Stage 10 contact-control verification
     4  /PREP7  
     5  ET,1,182
     6  KEYOPT,1,3,2
     7  ET,2,169
     8  ET,3,172
     9  KEYOPT,3,2,0
    10  KEYOPT,3,4,0
    11  KEYOPT,3,10,2   
    12  R,1,1   
    13  R,3,1,0.1,0,2   
    14  MP,EX,1,2000
    15  MP,PRXY,1,0.3   
    16  MP,ALPX,1,0.0001
    17  MP,MU,1,0   
    18  TYPE,1  
    19  REAL,1  
    20  MAT,1   
    21  N,1,0,0,0   
    22  N,2,0.1666666666666667,0,0  
    23  N,3,0.3333333333333333,0,0  
    24  N,4,0.5,0,0 
    25  N,5,0.6666666666666666,0,0  
    26  N,6,0.8333333333333334,0,0  
    27  N,7,1,0,0   
    28  N,8,1.166666666666667,0,0   
    29  N,9,1.333333333333333,0,0   
    30  N,10,1.5,0,0
    31  N,11,1.666666666666667,0,0  
    32  N,12,1.833333333333333,0,0  
    33  N,13,2,0,0  
    34  N,14,2.166666666666667,0,0  
    35  N,15,2.333333333333333,0,0  
    36  N,16,2.5,0,0
    37  N,17,2.666666666666667,0,0  
    38  N,18,2.833333333333333,0,0  
    39  N,19,3,0,0  
    40  N,20,3.166666666666667,0,0  
    41  N,21,3.333333333333333,0,0  
    42  N,22,3.5,0,0
    43  N,23,3.666666666666667,0,0  
    44  N,24,3.833333333333333,0,0  
    45  N,25,4,0,0  
    46  N,26,4.166666666666667,0,0  
    47  N,27,4.333333333333333,0,0  
    48  N,28,4.5,0,0
    49  N,29,4.666666666666667,0,0  
    50  N,30,4.833333333333333,0,0  
    51  N,31,5,0,0  
    52  N,32,5.166666666666667,0,0  
    53  N,33,5.333333333333333,0,0  
    54  N,34,5.5,0,0
    55  N,35,5.666666666666667,0,0  
    56  N,36,5.833333333333333,0,0  
    57  N,37,6,0,0  
    58  N,38,6.166666666666667,0,0  
    59  N,39,6.333333333333333,0,0  
    60  N,40,6.5,0,0
    61  N,41,6.666666666666667,0,0  
    62  N,42,6.833333333333333,0,0  
    63  N,43,7,0,0  
    64  N,44,7.166666666666667,0,0  
    65  N,45,7.333333333333333,0,0  
    66  N,46,7.5,0,0
    67  N,47,7.666666666666667,0,0  
    68  N,48,7.833333333333333,0,0  
    69  N,49,8,0,0  
    70  N,50,8.166666666666666,0,0  
    71  N,51,8.333333333333334,0,0  
    72  N,52,8.5,0,0
    73  N,53,8.666666666666666,0,0  
    74  N,54,8.833333333333334,0,0  
    75  N,55,9,0,0  
    76  N,56,9.166666666666666,0,0  
    77  N,57,9.333333333333334,0,0  
    78  N,58,9.5,0,0
    79  N,59,9.666666666666666,0,0  
    80  N,60,9.833333333333334,0,0  
    81  N,61,10,0,0 
    82  N,62,0,0.1666666666666667,0 
    83  N,63,0.1666666666666667,0.1666666666666667,0
    84  N,64,0.3333333333333333,0.1666666666666667,0
    85  N,65,0.5,0.1666666666666667,0   
    86  N,66,0.6666666666666666,0.1666666666666667,0
    87  N,67,0.8333333333333334,0.1666666666666667,0
    88  N,68,1,0.1666666666666667,0 
    89  N,69,1.166666666666667,0.1666666666666667,0 
    90  N,70,1.333333333333333,0.1666666666666667,0 
    91  N,71,1.5,0.1666666666666667,0   
    92  N,72,1.666666666666667,0.1666666666666667,0 
    93  N,73,1.833333333333333,0.1666666666666667,0 
    94  N,74,2,0.1666666666666667,0 
    95  N,75,2.166666666666667,0.1666666666666667,0 
    96  N,76,2.333333333333333,0.1666666666666667,0 
    97  N,77,2.5,0.1666666666666667,0   
    98  N,78,2.666666666666667,0.1666666666666667,0 
    99  N,79,2.833333333333333,0.1666666666666667,0 
   100  N,80,3,0.1666666666666667,0 
   101  N,81,3.166666666666667,0.1666666666666667,0 
   102  N,82,3.333333333333333,0.1666666666666667,0 
   103  N,83,3.5,0.1666666666666667,0   
   104  N,84,3.666666666666667,0.1666666666666667,0 
   105  N,85,3.833333333333333,0.1666666666666667,0 
   106  N,86,4,0.1666666666666667,0 
   107  N,87,4.166666666666667,0.1666666666666667,0 
   108  N,88,4.333333333333333,0.1666666666666667,0 
   109  N,89,4.5,0.1666666666666667,0   
   110  N,90,4.666666666666667,0.1666666666666667,0 
   111  N,91,4.833333333333333,0.1666666666666667,0 
   112  N,92,5,0.1666666666666667,0 
   113  N,93,5.166666666666667,0.1666666666666667,0 
   114  N,94,5.333333333333333,0.1666666666666667,0 
   115  N,95,5.5,0.1666666666666667,0   
   116  N,96,5.666666666666667,0.1666666666666667,0 
   117  N,97,5.833333333333333,0.1666666666666667,0 
   118  N,98,6,0.1666666666666667,0 
   119  N,99,6.166666666666667,0.1666666666666667,0 
   120  N,100,6.333333333333333,0.1666666666666667,0
   121  N,101,6.5,0.1666666666666667,0  
   122  N,102,6.666666666666667,0.1666666666666667,0
   123  N,103,6.833333333333333,0.1666666666666667,0
   124  N,104,7,0.1666666666666667,0
   125  N,105,7.166666666666667,0.1666666666666667,0
   126  N,106,7.333333333333333,0.1666666666666667,0
   127  N,107,7.5,0.1666666666666667,0  
   128  N,108,7.666666666666667,0.1666666666666667,0
   129  N,109,7.833333333333333,0.1666666666666667,0
   130  N,110,8,0.1666666666666667,0
   131  N,111,8.166666666666666,0.1666666666666667,0
   132  N,112,8.333333333333334,0.1666666666666667,0
   133  N,113,8.5,0.1666666666666667,0  
   134  N,114,8.666666666666666,0.1666666666666667,0
   135  N,115,8.833333333333334,0.1666666666666667,0
   136  N,116,9,0.1666666666666667,0
   137  N,117,9.166666666666666,0.1666666666666667,0
   138  N,118,9.333333333333334,0.1666666666666667,0
   139  N,119,9.5,0.1666666666666667,0  
   140  N,120,9.666666666666666,0.1666666666666667,0
   141  N,121,9.833333333333334,0.1666666666666667,0
   142  N,122,10,0.1666666666666667,0   
   143  N,123,0,0.3333333333333333,0
   144  N,124,0.1666666666666667,0.3333333333333333,0   
   145  N,125,0.3333333333333333,0.3333333333333333,0   
   146  N,126,0.5,0.3333333333333333,0  
   147  N,127,0.6666666666666666,0.3333333333333333,0   
   148  N,128,0.8333333333333334,0.3333333333333333,0   
   149  N,129,1,0.3333333333333333,0
   150  N,130,1.166666666666667,0.3333333333333333,0
   151  N,131,1.333333333333333,0.3333333333333333,0
   152  N,132,1.5,0.3333333333333333,0  
   153  N,133,1.666666666666667,0.3333333333333333,0
   154  N,134,1.833333333333333,0.3333333333333333,0
   155  N,135,2,0.3333333333333333,0
   156  N,136,2.166666666666667,0.3333333333333333,0
   157  N,137,2.333333333333333,0.3333333333333333,0
   158  N,138,2.5,0.3333333333333333,0  
   159  N,139,2.666666666666667,0.3333333333333333,0
   160  N,140,2.833333333333333,0.3333333333333333,0
   161  N,141,3,0.3333333333333333,0
   162  N,142,3.166666666666667,0.3333333333333333,0
   163  N,143,3.333333333333333,0.3333333333333333,0
   164  N,144,3.5,0.3333333333333333,0  
   165  N,145,3.666666666666667,0.3333333333333333,0
   166  N,146,3.833333333333333,0.3333333333333333,0
   167  N,147,4,0.3333333333333333,0
   168  N,148,4.166666666666667,0.3333333333333333,0
   169  N,149,4.333333333333333,0.3333333333333333,0
   170  N,150,4.5,0.3333333333333333,0  
   171  N,151,4.666666666666667,0.3333333333333333,0
   172  N,152,4.833333333333333,0.3333333333333333,0
   173  N,153,5,0.3333333333333333,0
   174  N,154,5.166666666666667,0.3333333333333333,0
   175  N,155,5.333333333333333,0.3333333333333333,0
   176  N,156,5.5,0.3333333333333333,0  
   177  N,157,5.666666666666667,0.3333333333333333,0
   178  N,158,5.833333333333333,0.3333333333333333,0
   179  N,159,6,0.3333333333333333,0
   180  N,160,6.166666666666667,0.3333333333333333,0
   181  N,161,6.333333333333333,0.3333333333333333,0
   182  N,162,6.5,0.3333333333333333,0  
   183  N,163,6.666666666666667,0.3333333333333333,0
   184  N,164,6.833333333333333,0.3333333333333333,0
   185  N,165,7,0.3333333333333333,0
   186  N,166,7.166666666666667,0.3333333333333333,0
   187  N,167,7.333333333333333,0.3333333333333333,0
   188  N,168,7.5,0.3333333333333333,0  
   189  N,169,7.666666666666667,0.3333333333333333,0
   190  N,170,7.833333333333333,0.3333333333333333,0
   191  N,171,8,0.3333333333333333,0
   192  N,172,8.166666666666666,0.3333333333333333,0
   193  N,173,8.333333333333334,0.3333333333333333,0
   194  N,174,8.5,0.3333333333333333,0  
   195  N,175,8.666666666666666,0.3333333333333333,0
   196  N,176,8.833333333333334,0.3333333333333333,0
   197  N,177,9,0.3333333333333333,0
   198  N,178,9.166666666666666,0.3333333333333333,0
   199  N,179,9.333333333333334,0.3333333333333333,0
   200  N,180,9.5,0.3333333333333333,0  
   201  N,181,9.666666666666666,0.3333333333333333,0
   202  N,182,9.833333333333334,0.3333333333333333,0
   203  N,183,10,0.3333333333333333,0   
   204  N,184,0,0.5,0   
   205  N,185,0.1666666666666667,0.5,0  
   206  N,186,0.3333333333333333,0.5,0  
   207  N,187,0.5,0.5,0 
   208  N,188,0.6666666666666666,0.5,0  
   209  N,189,0.8333333333333334,0.5,0  
   210  N,190,1,0.5,0   
   211  N,191,1.166666666666667,0.5,0   
   212  N,192,1.333333333333333,0.5,0   
   213  N,193,1.5,0.5,0 
   214  N,194,1.666666666666667,0.5,0   
   215  N,195,1.833333333333333,0.5,0   
   216  N,196,2,0.5,0   
   217  N,197,2.166666666666667,0.5,0   
   218  N,198,2.333333333333333,0.5,0   
   219  N,199,2.5,0.5,0 
   220  N,200,2.666666666666667,0.5,0   
   221  N,201,2.833333333333333,0.5,0   
   222  N,202,3,0.5,0   
   223  N,203,3.166666666666667,0.5,0   
   224  N,204,3.333333333333333,0.5,0   
   225  N,205,3.5,0.5,0 
   226  N,206,3.666666666666667,0.5,0   
   227  N,207,3.833333333333333,0.5,0   
   228  N,208,4,0.5,0   
   229  N,209,4.166666666666667,0.5,0   
   230  N,210,4.333333333333333,0.5,0   
   231  N,211,4.5,0.5,0 
   232  N,212,4.666666666666667,0.5,0   
   233  N,213,4.833333333333333,0.5,0   
   234  N,214,5,0.5,0   
   235  N,215,5.166666666666667,0.5,0   
   236  N,216,5.333333333333333,0.5,0   
   237  N,217,5.5,0.5,0 
   238  N,218,5.666666666666667,0.5,0   
   239  N,219,5.833333333333333,0.5,0   
   240  N,220,6,0.5,0   
   241  N,221,6.166666666666667,0.5,0   
   242  N,222,6.333333333333333,0.5,0   
   243  N,223,6.5,0.5,0 
   244  N,224,6.666666666666667,0.5,0   
   245  N,225,6.833333333333333,0.5,0   
   246  N,226,7,0.5,0   
   247  N,227,7.166666666666667,0.5,0   
   248  N,228,7.333333333333333,0.5,0   
   249  N,229,7.5,0.5,0 
   250  N,230,7.666666666666667,0.5,0   
   251  N,231,7.833333333333333,0.5,0   
   252  N,232,8,0.5,0   
   253  N,233,8.166666666666666,0.5,0   
   254  N,234,8.333333333333334,0.5,0   
   255  N,235,8.5,0.5,0 
   256  N,236,8.666666666666666,0.5,0   
   257  N,237,8.833333333333334,0.5,0   
   258  N,238,9,0.5,0   
   259  N,239,9.166666666666666,0.5,0   
   260  N,240,9.333333333333334,0.5,0   
   261  N,241,9.5,0.5,0 
   262  N,242,9.666666666666666,0.5,0   
   263  N,243,9.833333333333334,0.5,0   
   264  N,244,10,0.5,0  
   265  N,245,0,0.6666666666666666,0
   266  N,246,0.1666666666666667,0.6666666666666666,0   
   267  N,247,0.3333333333333333,0.6666666666666666,0   
   268  N,248,0.5,0.6666666666666666,0  
   269  N,249,0.6666666666666666,0.6666666666666666,0   
   270  N,250,0.8333333333333334,0.6666666666666666,0   
   271  N,251,1,0.6666666666666666,0
   272  N,252,1.166666666666667,0.6666666666666666,0
   273  N,253,1.333333333333333,0.6666666666666666,0
   274  N,254,1.5,0.6666666666666666,0  
   275  N,255,1.666666666666667,0.6666666666666666,0
   276  N,256,1.833333333333333,0.6666666666666666,0
   277  N,257,2,0.6666666666666666,0
   278  N,258,2.166666666666667,0.6666666666666666,0
   279  N,259,2.333333333333333,0.6666666666666666,0
   280  N,260,2.5,0.6666666666666666,0  
   281  N,261,2.666666666666667,0.6666666666666666,0
   282  N,262,2.833333333333333,0.6666666666666666,0
   283  N,263,3,0.6666666666666666,0
   284  N,264,3.166666666666667,0.6666666666666666,0
   285  N,265,3.333333333333333,0.6666666666666666,0
   286  N,266,3.5,0.6666666666666666,0  
   287  N,267,3.666666666666667,0.6666666666666666,0
   288  N,268,3.833333333333333,0.6666666666666666,0
   289  N,269,4,0.6666666666666666,0
   290  N,270,4.166666666666667,0.6666666666666666,0
   291  N,271,4.333333333333333,0.6666666666666666,0
   292  N,272,4.5,0.6666666666666666,0  
   293  N,273,4.666666666666667,0.6666666666666666,0
   294  N,274,4.833333333333333,0.6666666666666666,0
   295  N,275,5,0.6666666666666666,0
   296  N,276,5.166666666666667,0.6666666666666666,0
   297  N,277,5.333333333333333,0.6666666666666666,0
   298  N,278,5.5,0.6666666666666666,0  
   299  N,279,5.666666666666667,0.6666666666666666,0
   300  N,280,5.833333333333333,0.6666666666666666,0
   301  N,281,6,0.6666666666666666,0
   302  N,282,6.166666666666667,0.6666666666666666,0
   303  N,283,6.333333333333333,0.6666666666666666,0
   304  N,284,6.5,0.6666666666666666,0  
   305  N,285,6.666666666666667,0.6666666666666666,0
   306  N,286,6.833333333333333,0.6666666666666666,0
   307  N,287,7,0.6666666666666666,0
   308  N,288,7.166666666666667,0.6666666666666666,0
   309  N,289,7.333333333333333,0.6666666666666666,0
   310  N,290,7.5,0.6666666666666666,0  
   311  N,291,7.666666666666667,0.6666666666666666,0
   312  N,292,7.833333333333333,0.6666666666666666,0
   313  N,293,8,0.6666666666666666,0
   314  N,294,8.166666666666666,0.6666666666666666,0
   315  N,295,8.333333333333334,0.6666666666666666,0
   316  N,296,8.5,0.6666666666666666,0  
   317  N,297,8.666666666666666,0.6666666666666666,0
   318  N,298,8.833333333333334,0.6666666666666666,0
   319  N,299,9,0.6666666666666666,0
   320  N,300,9.166666666666666,0.6666666666666666,0
   321  N,301,9.333333333333334,0.6666666666666666,0
   322  N,302,9.5,0.6666666666666666,0  
   323  N,303,9.666666666666666,0.6666666666666666,0
   324  N,304,9.833333333333334,0.6666666666666666,0
   325  N,305,10,0.6666666666666666,0   
   326  N,306,0,0.8333333333333334,0
   327  N,307,0.1666666666666667,0.8333333333333334,0   
   328  N,308,0.3333333333333333,0.8333333333333334,0   
   329  N,309,0.5,0.8333333333333334,0  
   330  N,310,0.6666666666666666,0.8333333333333334,0   
   331  N,311,0.8333333333333334,0.8333333333333334,0   
   332  N,312,1,0.8333333333333334,0
   333  N,313,1.166666666666667,0.8333333333333334,0
   334  N,314,1.333333333333333,0.8333333333333334,0
   335  N,315,1.5,0.8333333333333334,0  
   336  N,316,1.666666666666667,0.8333333333333334,0
   337  N,317,1.833333333333333,0.8333333333333334,0
   338  N,318,2,0.8333333333333334,0
   339  N,319,2.166666666666667,0.8333333333333334,0
   340  N,320,2.333333333333333,0.8333333333333334,0
   341  N,321,2.5,0.8333333333333334,0  
   342  N,322,2.666666666666667,0.8333333333333334,0
   343  N,323,2.833333333333333,0.8333333333333334,0
   344  N,324,3,0.8333333333333334,0
   345  N,325,3.166666666666667,0.8333333333333334,0
   346  N,326,3.333333333333333,0.8333333333333334,0
   347  N,327,3.5,0.8333333333333334,0  
   348  N,328,3.666666666666667,0.8333333333333334,0
   349  N,329,3.833333333333333,0.8333333333333334,0
   350  N,330,4,0.8333333333333334,0
   351  N,331,4.166666666666667,0.8333333333333334,0
   352  N,332,4.333333333333333,0.8333333333333334,0
   353  N,333,4.5,0.8333333333333334,0  
   354  N,334,4.666666666666667,0.8333333333333334,0
   355  N,335,4.833333333333333,0.8333333333333334,0
   356  N,336,5,0.8333333333333334,0
   357  N,337,5.166666666666667,0.8333333333333334,0
   358  N,338,5.333333333333333,0.8333333333333334,0
   359  N,339,5.5,0.8333333333333334,0  
   360  N,340,5.666666666666667,0.8333333333333334,0
   361  N,341,5.833333333333333,0.8333333333333334,0
   362  N,342,6,0.8333333333333334,0
   363  N,343,6.166666666666667,0.8333333333333334,0
   364  N,344,6.333333333333333,0.8333333333333334,0
   365  N,345,6.5,0.8333333333333334,0  
   366  N,346,6.666666666666667,0.8333333333333334,0
   367  N,347,6.833333333333333,0.8333333333333334,0
   368  N,348,7,0.8333333333333334,0
   369  N,349,7.166666666666667,0.8333333333333334,0
   370  N,350,7.333333333333333,0.8333333333333334,0
   371  N,351,7.5,0.8333333333333334,0  
   372  N,352,7.666666666666667,0.8333333333333334,0
   373  N,353,7.833333333333333,0.8333333333333334,0
   374  N,354,8,0.8333333333333334,0
   375  N,355,8.166666666666666,0.8333333333333334,0
   376  N,356,8.333333333333334,0.8333333333333334,0
   377  N,357,8.5,0.8333333333333334,0  
   378  N,358,8.666666666666666,0.8333333333333334,0
   379  N,359,8.833333333333334,0.8333333333333334,0
   380  N,360,9,0.8333333333333334,0
   381  N,361,9.166666666666666,0.8333333333333334,0
   382  N,362,9.333333333333334,0.8333333333333334,0
   383  N,363,9.5,0.8333333333333334,0  
   384  N,364,9.666666666666666,0.8333333333333334,0
   385  N,365,9.833333333333334,0.8333333333333334,0
   386  N,366,10,0.8333333333333334,0   
   387  N,367,0,1,0 
   388  N,368,0.1666666666666667,1,0
   389  N,369,0.3333333333333333,1,0
   390  N,370,0.5,1,0   
   391  N,371,0.6666666666666666,1,0
   392  N,372,0.8333333333333334,1,0
   393  N,373,1,1,0 
   394  N,374,1.166666666666667,1,0 
   395  N,375,1.333333333333333,1,0 
   396  N,376,1.5,1,0   
   397  N,377,1.666666666666667,1,0 
   398  N,378,1.833333333333333,1,0 
   399  N,379,2,1,0 
   400  N,380,2.166666666666667,1,0 
   401  N,381,2.333333333333333,1,0 
   402  N,382,2.5,1,0   
   403  N,383,2.666666666666667,1,0 
   404  N,384,2.833333333333333,1,0 
   405  N,385,3,1,0 
   406  N,386,3.166666666666667,1,0 
   407  N,387,3.333333333333333,1,0 
   408  N,388,3.5,1,0   
   409  N,389,3.666666666666667,1,0 
   410  N,390,3.833333333333333,1,0 
   411  N,391,4,1,0 
   412  N,392,4.166666666666667,1,0 
   413  N,393,4.333333333333333,1,0 
   414  N,394,4.5,1,0   
   415  N,395,4.666666666666667,1,0 
   416  N,396,4.833333333333333,1,0 
   417  N,397,5,1,0 
   418  N,398,5.166666666666667,1,0 
   419  N,399,5.333333333333333,1,0 
   420  N,400,5.5,1,0   
   421  N,401,5.666666666666667,1,0 
   422  N,402,5.833333333333333,1,0 
   423  N,403,6,1,0 
   424  N,404,6.166666666666667,1,0 
   425  N,405,6.333333333333333,1,0 
   426  N,406,6.5,1,0   
   427  N,407,6.666666666666667,1,0 
   428  N,408,6.833333333333333,1,0 
   429  N,409,7,1,0 
   430  N,410,7.166666666666667,1,0 
   431  N,411,7.333333333333333,1,0 
   432  N,412,7.5,1,0   
   433  N,413,7.666666666666667,1,0 
   434  N,414,7.833333333333333,1,0 
   435  N,415,8,1,0 
   436  N,416,8.166666666666666,1,0 
   437  N,417,8.333333333333334,1,0 
   438  N,418,8.5,1,0   
   439  N,419,8.666666666666666,1,0 
   440  N,420,8.833333333333334,1,0 
   441  N,421,9,1,0 
   442  N,422,9.166666666666666,1,0 
   443  N,423,9.333333333333334,1,0 
   444  N,424,9.5,1,0   
   445  N,425,9.666666666666666,1,0 
   446  N,426,9.833333333333334,1,0 
   447  N,427,10,1,0
   448  N,428,0,1.166666666666667,0 
   449  N,429,0.1666666666666667,1.166666666666667,0
   450  N,430,0.3333333333333333,1.166666666666667,0
   451  N,431,0.5,1.166666666666667,0   
   452  N,432,0.6666666666666666,1.166666666666667,0
   453  N,433,0.8333333333333334,1.166666666666667,0
   454  N,434,1,1.166666666666667,0 
   455  N,435,1.166666666666667,1.166666666666667,0 
   456  N,436,1.333333333333333,1.166666666666667,0 
   457  N,437,1.5,1.166666666666667,0   
   458  N,438,1.666666666666667,1.166666666666667,0 
   459  N,439,1.833333333333333,1.166666666666667,0 
   460  N,440,2,1.166666666666667,0 
   461  N,441,2.166666666666667,1.166666666666667,0 
   462  N,442,2.333333333333333,1.166666666666667,0 
   463  N,443,2.5,1.166666666666667,0   
   464  N,444,2.666666666666667,1.166666666666667,0 
   465  N,445,2.833333333333333,1.166666666666667,0 
   466  N,446,3,1.166666666666667,0 
   467  N,447,3.166666666666667,1.166666666666667,0 
   468  N,448,3.333333333333333,1.166666666666667,0 
   469  N,449,3.5,1.166666666666667,0   
   470  N,450,3.666666666666667,1.166666666666667,0 
   471  N,451,3.833333333333333,1.166666666666667,0 
   472  N,452,4,1.166666666666667,0 
   473  N,453,4.166666666666667,1.166666666666667,0 
   474  N,454,4.333333333333333,1.166666666666667,0 
   475  N,455,4.5,1.166666666666667,0   
   476  N,456,4.666666666666667,1.166666666666667,0 
   477  N,457,4.833333333333333,1.166666666666667,0 
   478  N,458,5,1.166666666666667,0 
   479  N,459,5.166666666666667,1.166666666666667,0 
   480  N,460,5.333333333333333,1.166666666666667,0 
   481  N,461,5.5,1.166666666666667,0   
   482  N,462,5.666666666666667,1.166666666666667,0 
   483  N,463,5.833333333333333,1.166666666666667,0 
   484  N,464,6,1.166666666666667,0 
   485  N,465,6.166666666666667,1.166666666666667,0 
   486  N,466,6.333333333333333,1.166666666666667,0 
   487  N,467,6.5,1.166666666666667,0   
   488  N,468,6.666666666666667,1.166666666666667,0 
   489  N,469,6.833333333333333,1.166666666666667,0 
   490  N,470,7,1.166666666666667,0 
   491  N,471,7.166666666666667,1.166666666666667,0 
   492  N,472,7.333333333333333,1.166666666666667,0 
   493  N,473,7.5,1.166666666666667,0   
   494  N,474,7.666666666666667,1.166666666666667,0 
   495  N,475,7.833333333333333,1.166666666666667,0 
   496  N,476,8,1.166666666666667,0 
   497  N,477,8.166666666666666,1.166666666666667,0 
   498  N,478,8.333333333333334,1.166666666666667,0 
   499  N,479,8.5,1.166666666666667,0   
   500  N,480,8.666666666666666,1.166666666666667,0 
   501  N,481,8.833333333333334,1.166666666666667,0 
   502  N,482,9,1.166666666666667,0 
   503  N,483,9.166666666666666,1.166666666666667,0 
   504  N,484,9.333333333333334,1.166666666666667,0 
   505  N,485,9.5,1.166666666666667,0   
   506  N,486,9.666666666666666,1.166666666666667,0 
   507  N,487,9.833333333333334,1.166666666666667,0 
   508  N,488,10,1.166666666666667,0
   509  N,489,0,1.333333333333333,0 
   510  N,490,0.1666666666666667,1.333333333333333,0
   511  N,491,0.3333333333333333,1.333333333333333,0
   512  N,492,0.5,1.333333333333333,0   
   513  N,493,0.6666666666666666,1.333333333333333,0
   514  N,494,0.8333333333333334,1.333333333333333,0
   515  N,495,1,1.333333333333333,0 
   516  N,496,1.166666666666667,1.333333333333333,0 
   517  N,497,1.333333333333333,1.333333333333333,0 
   518  N,498,1.5,1.333333333333333,0   
   519  N,499,1.666666666666667,1.333333333333333,0 
   520  N,500,1.833333333333333,1.333333333333333,0 
   521  N,501,2,1.333333333333333,0 
   522  N,502,2.166666666666667,1.333333333333333,0 
   523  N,503,2.333333333333333,1.333333333333333,0 
   524  N,504,2.5,1.333333333333333,0   
   525  N,505,2.666666666666667,1.333333333333333,0 
   526  N,506,2.833333333333333,1.333333333333333,0 
   527  N,507,3,1.333333333333333,0 
   528  N,508,3.166666666666667,1.333333333333333,0 
   529  N,509,3.333333333333333,1.333333333333333,0 
   530  N,510,3.5,1.333333333333333,0   
   531  N,511,3.666666666666667,1.333333333333333,0 
   532  N,512,3.833333333333333,1.333333333333333,0 
   533  N,513,4,1.333333333333333,0 
   534  N,514,4.166666666666667,1.333333333333333,0 
   535  N,515,4.333333333333333,1.333333333333333,0 
   536  N,516,4.5,1.333333333333333,0   
   537  N,517,4.666666666666667,1.333333333333333,0 
   538  N,518,4.833333333333333,1.333333333333333,0 
   539  N,519,5,1.333333333333333,0 
   540  N,520,5.166666666666667,1.333333333333333,0 
   541  N,521,5.333333333333333,1.333333333333333,0 
   542  N,522,5.5,1.333333333333333,0   
   543  N,523,5.666666666666667,1.333333333333333,0 
   544  N,524,5.833333333333333,1.333333333333333,0 
   545  N,525,6,1.333333333333333,0 
   546  N,526,6.166666666666667,1.333333333333333,0 
   547  N,527,6.333333333333333,1.333333333333333,0 
   548  N,528,6.5,1.333333333333333,0   
   549  N,529,6.666666666666667,1.333333333333333,0 
   550  N,530,6.833333333333333,1.333333333333333,0 
   551  N,531,7,1.333333333333333,0 
   552  N,532,7.166666666666667,1.333333333333333,0 
   553  N,533,7.333333333333333,1.333333333333333,0 
   554  N,534,7.5,1.333333333333333,0   
   555  N,535,7.666666666666667,1.333333333333333,0 
   556  N,536,7.833333333333333,1.333333333333333,0 
   557  N,537,8,1.333333333333333,0 
   558  N,538,8.166666666666666,1.333333333333333,0 
   559  N,539,8.333333333333334,1.333333333333333,0 
   560  N,540,8.5,1.333333333333333,0   
   561  N,541,8.666666666666666,1.333333333333333,0 
   562  N,542,8.833333333333334,1.333333333333333,0 
   563  N,543,9,1.333333333333333,0 
   564  N,544,9.166666666666666,1.333333333333333,0 
   565  N,545,9.333333333333334,1.333333333333333,0 
   566  N,546,9.5,1.333333333333333,0   
   567  N,547,9.666666666666666,1.333333333333333,0 
   568  N,548,9.833333333333334,1.333333333333333,0 
   569  N,549,10,1.333333333333333,0
   570  N,550,0,1.5,0   
   571  N,551,0.1666666666666667,1.5,0  
   572  N,552,0.3333333333333333,1.5,0  
   573  N,553,0.5,1.5,0 
   574  N,554,0.6666666666666666,1.5,0  
   575  N,555,0.8333333333333334,1.5,0  
   576  N,556,1,1.5,0   
   577  N,557,1.166666666666667,1.5,0   
   578  N,558,1.333333333333333,1.5,0   
   579  N,559,1.5,1.5,0 
   580  N,560,1.666666666666667,1.5,0   
   581  N,561,1.833333333333333,1.5,0   
   582  N,562,2,1.5,0   
   583  N,563,2.166666666666667,1.5,0   
   584  N,564,2.333333333333333,1.5,0   
   585  N,565,2.5,1.5,0 
   586  N,566,2.666666666666667,1.5,0   
   587  N,567,2.833333333333333,1.5,0   
   588  N,568,3,1.5,0   
   589  N,569,3.166666666666667,1.5,0   
   590  N,570,3.333333333333333,1.5,0   
   591  N,571,3.5,1.5,0 
   592  N,572,3.666666666666667,1.5,0   
   593  N,573,3.833333333333333,1.5,0   
   594  N,574,4,1.5,0   
   595  N,575,4.166666666666667,1.5,0   
   596  N,576,4.333333333333333,1.5,0   
   597  N,577,4.5,1.5,0 
   598  N,578,4.666666666666667,1.5,0   
   599  N,579,4.833333333333333,1.5,0   
   600  N,580,5,1.5,0   
   601  N,581,5.166666666666667,1.5,0   
   602  N,582,5.333333333333333,1.5,0   
   603  N,583,5.5,1.5,0 
   604  N,584,5.666666666666667,1.5,0   
   605  N,585,5.833333333333333,1.5,0   
   606  N,586,6,1.5,0   
   607  N,587,6.166666666666667,1.5,0   
   608  N,588,6.333333333333333,1.5,0   
   609  N,589,6.5,1.5,0 
   610  N,590,6.666666666666667,1.5,0   
   611  N,591,6.833333333333333,1.5,0   
   612  N,592,7,1.5,0   
   613  N,593,7.166666666666667,1.5,0   
   614  N,594,7.333333333333333,1.5,0   
   615  N,595,7.5,1.5,0 
   616  N,596,7.666666666666667,1.5,0   
   617  N,597,7.833333333333333,1.5,0   
   618  N,598,8,1.5,0   
   619  N,599,8.166666666666666,1.5,0   
   620  N,600,8.333333333333334,1.5,0   
   621  N,601,8.5,1.5,0 
   622  N,602,8.666666666666666,1.5,0   
   623  N,603,8.833333333333334,1.5,0   
   624  N,604,9,1.5,0   
   625  N,605,9.166666666666666,1.5,0   
   626  N,606,9.333333333333334,1.5,0   
   627  N,607,9.5,1.5,0 
   628  N,608,9.666666666666666,1.5,0   
   629  N,609,9.833333333333334,1.5,0   
   630  N,610,10,1.5,0  
   631  N,611,0,1.666666666666667,0 
   632  N,612,0.1666666666666667,1.666666666666667,0
   633  N,613,0.3333333333333333,1.666666666666667,0
   634  N,614,0.5,1.666666666666667,0   
   635  N,615,0.6666666666666666,1.666666666666667,0
   636  N,616,0.8333333333333334,1.666666666666667,0
   637  N,617,1,1.666666666666667,0 
   638  N,618,1.166666666666667,1.666666666666667,0 
   639  N,619,1.333333333333333,1.666666666666667,0 
   640  N,620,1.5,1.666666666666667,0   
   641  N,621,1.666666666666667,1.666666666666667,0 
   642  N,622,1.833333333333333,1.666666666666667,0 
   643  N,623,2,1.666666666666667,0 
   644  N,624,2.166666666666667,1.666666666666667,0 
   645  N,625,2.333333333333333,1.666666666666667,0 
   646  N,626,2.5,1.666666666666667,0   
   647  N,627,2.666666666666667,1.666666666666667,0 
   648  N,628,2.833333333333333,1.666666666666667,0 
   649  N,629,3,1.666666666666667,0 
   650  N,630,3.166666666666667,1.666666666666667,0 
   651  N,631,3.333333333333333,1.666666666666667,0 
   652  N,632,3.5,1.666666666666667,0   
   653  N,633,3.666666666666667,1.666666666666667,0 
   654  N,634,3.833333333333333,1.666666666666667,0 
   655  N,635,4,1.666666666666667,0 
   656  N,636,4.166666666666667,1.666666666666667,0 
   657  N,637,4.333333333333333,1.666666666666667,0 
   658  N,638,4.5,1.666666666666667,0   
   659  N,639,4.666666666666667,1.666666666666667,0 
   660  N,640,4.833333333333333,1.666666666666667,0 
   661  N,641,5,1.666666666666667,0 
   662  N,642,5.166666666666667,1.666666666666667,0 
   663  N,643,5.333333333333333,1.666666666666667,0 
   664  N,644,5.5,1.666666666666667,0   
   665  N,645,5.666666666666667,1.666666666666667,0 
   666  N,646,5.833333333333333,1.666666666666667,0 
   667  N,647,6,1.666666666666667,0 
   668  N,648,6.166666666666667,1.666666666666667,0 
   669  N,649,6.333333333333333,1.666666666666667,0 
   670  N,650,6.5,1.666666666666667,0   
   671  N,651,6.666666666666667,1.666666666666667,0 
   672  N,652,6.833333333333333,1.666666666666667,0 
   673  N,653,7,1.666666666666667,0 
   674  N,654,7.166666666666667,1.666666666666667,0 
   675  N,655,7.333333333333333,1.666666666666667,0 
   676  N,656,7.5,1.666666666666667,0   
   677  N,657,7.666666666666667,1.666666666666667,0 
   678  N,658,7.833333333333333,1.666666666666667,0 
   679  N,659,8,1.666666666666667,0 
   680  N,660,8.166666666666666,1.666666666666667,0 
   681  N,661,8.333333333333334,1.666666666666667,0 
   682  N,662,8.5,1.666666666666667,0   
   683  N,663,8.666666666666666,1.666666666666667,0 
   684  N,664,8.833333333333334,1.666666666666667,0 
   685  N,665,9,1.666666666666667,0 
   686  N,666,9.166666666666666,1.666666666666667,0 
   687  N,667,9.333333333333334,1.666666666666667,0 
   688  N,668,9.5,1.666666666666667,0   
   689  N,669,9.666666666666666,1.666666666666667,0 
   690  N,670,9.833333333333334,1.666666666666667,0 
   691  N,671,10,1.666666666666667,0
   692  N,672,0,1.833333333333333,0 
   693  N,673,0.1666666666666667,1.833333333333333,0
   694  N,674,0.3333333333333333,1.833333333333333,0
   695  N,675,0.5,1.833333333333333,0   
   696  N,676,0.6666666666666666,1.833333333333333,0
   697  N,677,0.8333333333333334,1.833333333333333,0
   698  N,678,1,1.833333333333333,0 
   699  N,679,1.166666666666667,1.833333333333333,0 
   700  N,680,1.333333333333333,1.833333333333333,0 
   701  N,681,1.5,1.833333333333333,0   
   702  N,682,1.666666666666667,1.833333333333333,0 
   703  N,683,1.833333333333333,1.833333333333333,0 
   704  N,684,2,1.833333333333333,0 
   705  N,685,2.166666666666667,1.833333333333333,0 
   706  N,686,2.333333333333333,1.833333333333333,0 
   707  N,687,2.5,1.833333333333333,0   
   708  N,688,2.666666666666667,1.833333333333333,0 
   709  N,689,2.833333333333333,1.833333333333333,0 
   710  N,690,3,1.833333333333333,0 
   711  N,691,3.166666666666667,1.833333333333333,0 
   712  N,692,3.333333333333333,1.833333333333333,0 
   713  N,693,3.5,1.833333333333333,0   
   714  N,694,3.666666666666667,1.833333333333333,0 
   715  N,695,3.833333333333333,1.833333333333333,0 
   716  N,696,4,1.833333333333333,0 
   717  N,697,4.166666666666667,1.833333333333333,0 
   718  N,698,4.333333333333333,1.833333333333333,0 
   719  N,699,4.5,1.833333333333333,0   
   720  N,700,4.666666666666667,1.833333333333333,0 
   721  N,701,4.833333333333333,1.833333333333333,0 
   722  N,702,5,1.833333333333333,0 
   723  N,703,5.166666666666667,1.833333333333333,0 
   724  N,704,5.333333333333333,1.833333333333333,0 
   725  N,705,5.5,1.833333333333333,0   
   726  N,706,5.666666666666667,1.833333333333333,0 
   727  N,707,5.833333333333333,1.833333333333333,0 
   728  N,708,6,1.833333333333333,0 
   729  N,709,6.166666666666667,1.833333333333333,0 
   730  N,710,6.333333333333333,1.833333333333333,0 
   731  N,711,6.5,1.833333333333333,0   
   732  N,712,6.666666666666667,1.833333333333333,0 
   733  N,713,6.833333333333333,1.833333333333333,0 
   734  N,714,7,1.833333333333333,0 
   735  N,715,7.166666666666667,1.833333333333333,0 
   736  N,716,7.333333333333333,1.833333333333333,0 
   737  N,717,7.5,1.833333333333333,0   
   738  N,718,7.666666666666667,1.833333333333333,0 
   739  N,719,7.833333333333333,1.833333333333333,0 
   740  N,720,8,1.833333333333333,0 
   741  N,721,8.166666666666666,1.833333333333333,0 
   742  N,722,8.333333333333334,1.833333333333333,0 
   743  N,723,8.5,1.833333333333333,0   
   744  N,724,8.666666666666666,1.833333333333333,0 
   745  N,725,8.833333333333334,1.833333333333333,0 
   746  N,726,9,1.833333333333333,0 
   747  N,727,9.166666666666666,1.833333333333333,0 
   748  N,728,9.333333333333334,1.833333333333333,0 
   749  N,729,9.5,1.833333333333333,0   
   750  N,730,9.666666666666666,1.833333333333333,0 
   751  N,731,9.833333333333334,1.833333333333333,0 
   752  N,732,10,1.833333333333333,0
   753  N,733,0,2,0 
   754  N,734,0.1666666666666667,2,0
   755  N,735,0.3333333333333333,2,0
   756  N,736,0.5,2,0   
   757  N,737,0.6666666666666666,2,0
   758  N,738,0.8333333333333334,2,0
   759  N,739,1,2,0 
   760  N,740,1.166666666666667,2,0 
   761  N,741,1.333333333333333,2,0 
   762  N,742,1.5,2,0   
   763  N,743,1.666666666666667,2,0 
   764  N,744,1.833333333333333,2,0 
   765  N,745,2,2,0 
   766  N,746,2.166666666666667,2,0 
   767  N,747,2.333333333333333,2,0 
   768  N,748,2.5,2,0   
   769  N,749,2.666666666666667,2,0 
   770  N,750,2.833333333333333,2,0 
   771  N,751,3,2,0 
   772  N,752,3.166666666666667,2,0 
   773  N,753,3.333333333333333,2,0 
   774  N,754,3.5,2,0   
   775  N,755,3.666666666666667,2,0 
   776  N,756,3.833333333333333,2,0 
   777  N,757,4,2,0 
   778  N,758,4.166666666666667,2,0 
   779  N,759,4.333333333333333,2,0 
   780  N,760,4.5,2,0   
   781  N,761,4.666666666666667,2,0 
   782  N,762,4.833333333333333,2,0 
   783  N,763,5,2,0 
   784  N,764,5.166666666666667,2,0 
   785  N,765,5.333333333333333,2,0 
   786  N,766,5.5,2,0   
   787  N,767,5.666666666666667,2,0 
   788  N,768,5.833333333333333,2,0 
   789  N,769,6,2,0 
   790  N,770,6.166666666666667,2,0 
   791  N,771,6.333333333333333,2,0 
   792  N,772,6.5,2,0   
   793  N,773,6.666666666666667,2,0 
   794  N,774,6.833333333333333,2,0 
   795  N,775,7,2,0 
   796  N,776,7.166666666666667,2,0 
   797  N,777,7.333333333333333,2,0 
   798  N,778,7.5,2,0   
   799  N,779,7.666666666666667,2,0 
   800  N,780,7.833333333333333,2,0 
   801  N,781,8,2,0 
   802  N,782,8.166666666666666,2,0 
   803  N,783,8.333333333333334,2,0 
   804  N,784,8.5,2,0   
   805  N,785,8.666666666666666,2,0 
   806  N,786,8.833333333333334,2,0 
   807  N,787,9,2,0 
   808  N,788,9.166666666666666,2,0 
   809  N,789,9.333333333333334,2,0 
   810  N,790,9.5,2,0   
   811  N,791,9.666666666666666,2,0 
   812  N,792,9.833333333333334,2,0 
   813  N,793,10,2,0
   814  N,794,0,2.166666666666667,0 
   815  N,795,0.1666666666666667,2.166666666666667,0
   816  N,796,0.3333333333333333,2.166666666666667,0
   817  N,797,0.5,2.166666666666667,0   
   818  N,798,0.6666666666666666,2.166666666666667,0
   819  N,799,0.8333333333333334,2.166666666666667,0
   820  N,800,1,2.166666666666667,0 
   821  N,801,1.166666666666667,2.166666666666667,0 
   822  N,802,1.333333333333333,2.166666666666667,0 
   823  N,803,1.5,2.166666666666667,0   
   824  N,804,1.666666666666667,2.166666666666667,0 
   825  N,805,1.833333333333333,2.166666666666667,0 
   826  N,806,2,2.166666666666667,0 
   827  N,807,2.166666666666667,2.166666666666667,0 
   828  N,808,2.333333333333333,2.166666666666667,0 
   829  N,809,2.5,2.166666666666667,0   
   830  N,810,2.666666666666667,2.166666666666667,0 
   831  N,811,2.833333333333333,2.166666666666667,0 
   832  N,812,3,2.166666666666667,0 
   833  N,813,3.166666666666667,2.166666666666667,0 
   834  N,814,3.333333333333333,2.166666666666667,0 
   835  N,815,3.5,2.166666666666667,0   
   836  N,816,3.666666666666667,2.166666666666667,0 
   837  N,817,3.833333333333333,2.166666666666667,0 
   838  N,818,4,2.166666666666667,0 
   839  N,819,4.166666666666667,2.166666666666667,0 
   840  N,820,4.333333333333333,2.166666666666667,0 
   841  N,821,4.5,2.166666666666667,0   
   842  N,822,4.666666666666667,2.166666666666667,0 
   843  N,823,4.833333333333333,2.166666666666667,0 
   844  N,824,5,2.166666666666667,0 
   845  N,825,5.166666666666667,2.166666666666667,0 
   846  N,826,5.333333333333333,2.166666666666667,0 
   847  N,827,5.5,2.166666666666667,0   
   848  N,828,5.666666666666667,2.166666666666667,0 
   849  N,829,5.833333333333333,2.166666666666667,0 
   850  N,830,6,2.166666666666667,0 
   851  N,831,6.166666666666667,2.166666666666667,0 
   852  N,832,6.333333333333333,2.166666666666667,0 
   853  N,833,6.5,2.166666666666667,0   
   854  N,834,6.666666666666667,2.166666666666667,0 
   855  N,835,6.833333333333333,2.166666666666667,0 
   856  N,836,7,2.166666666666667,0 
   857  N,837,7.166666666666667,2.166666666666667,0 
   858  N,838,7.333333333333333,2.166666666666667,0 
   859  N,839,7.5,2.166666666666667,0   
   860  N,840,7.666666666666667,2.166666666666667,0 
   861  N,841,7.833333333333333,2.166666666666667,0 
   862  N,842,8,2.166666666666667,0 
   863  N,843,8.166666666666666,2.166666666666667,0 
   864  N,844,8.333333333333334,2.166666666666667,0 
   865  N,845,8.5,2.166666666666667,0   
   866  N,846,8.666666666666666,2.166666666666667,0 
   867  N,847,8.833333333333334,2.166666666666667,0 
   868  N,848,9,2.166666666666667,0 
   869  N,849,9.166666666666666,2.166666666666667,0 
   870  N,850,9.333333333333334,2.166666666666667,0 
   871  N,851,9.5,2.166666666666667,0   
   872  N,852,9.666666666666666,2.166666666666667,0 
   873  N,853,9.833333333333334,2.166666666666667,0 
   874  N,854,10,2.166666666666667,0
   875  N,855,0,2.333333333333333,0 
   876  N,856,0.1666666666666667,2.333333333333333,0
   877  N,857,0.3333333333333333,2.333333333333333,0
   878  N,858,0.5,2.333333333333333,0   
   879  N,859,0.6666666666666666,2.333333333333333,0
   880  N,860,0.8333333333333334,2.333333333333333,0
   881  N,861,1,2.333333333333333,0 
   882  N,862,1.166666666666667,2.333333333333333,0 
   883  N,863,1.333333333333333,2.333333333333333,0 
   884  N,864,1.5,2.333333333333333,0   
   885  N,865,1.666666666666667,2.333333333333333,0 
   886  N,866,1.833333333333333,2.333333333333333,0 
   887  N,867,2,2.333333333333333,0 
   888  N,868,2.166666666666667,2.333333333333333,0 
   889  N,869,2.333333333333333,2.333333333333333,0 
   890  N,870,2.5,2.333333333333333,0   
   891  N,871,2.666666666666667,2.333333333333333,0 
   892  N,872,2.833333333333333,2.333333333333333,0 
   893  N,873,3,2.333333333333333,0 
   894  N,874,3.166666666666667,2.333333333333333,0 
   895  N,875,3.333333333333333,2.333333333333333,0 
   896  N,876,3.5,2.333333333333333,0   
   897  N,877,3.666666666666667,2.333333333333333,0 
   898  N,878,3.833333333333333,2.333333333333333,0 
   899  N,879,4,2.333333333333333,0 
   900  N,880,4.166666666666667,2.333333333333333,0 
   901  N,881,4.333333333333333,2.333333333333333,0 
   902  N,882,4.5,2.333333333333333,0   
   903  N,883,4.666666666666667,2.333333333333333,0 
   904  N,884,4.833333333333333,2.333333333333333,0 
   905  N,885,5,2.333333333333333,0 
   906  N,886,5.166666666666667,2.333333333333333,0 
   907  N,887,5.333333333333333,2.333333333333333,0 
   908  N,888,5.5,2.333333333333333,0   
   909  N,889,5.666666666666667,2.333333333333333,0 
   910  N,890,5.833333333333333,2.333333333333333,0 
   911  N,891,6,2.333333333333333,0 
   912  N,892,6.166666666666667,2.333333333333333,0 
   913  N,893,6.333333333333333,2.333333333333333,0 
   914  N,894,6.5,2.333333333333333,0   
   915  N,895,6.666666666666667,2.333333333333333,0 
   916  N,896,6.833333333333333,2.333333333333333,0 
   917  N,897,7,2.333333333333333,0 
   918  N,898,7.166666666666667,2.333333333333333,0 
   919  N,899,7.333333333333333,2.333333333333333,0 
   920  N,900,7.5,2.333333333333333,0   
   921  N,901,7.666666666666667,2.333333333333333,0 
   922  N,902,7.833333333333333,2.333333333333333,0 
   923  N,903,8,2.333333333333333,0 
   924  N,904,8.166666666666666,2.333333333333333,0 
   925  N,905,8.333333333333334,2.333333333333333,0 
   926  N,906,8.5,2.333333333333333,0   
   927  N,907,8.666666666666666,2.333333333333333,0 
   928  N,908,8.833333333333334,2.333333333333333,0 
   929  N,909,9,2.333333333333333,0 
   930  N,910,9.166666666666666,2.333333333333333,0 
   931  N,911,9.333333333333334,2.333333333333333,0 
   932  N,912,9.5,2.333333333333333,0   
   933  N,913,9.666666666666666,2.333333333333333,0 
   934  N,914,9.833333333333334,2.333333333333333,0 
   935  N,915,10,2.333333333333333,0
   936  N,916,0,2.5,0   
   937  N,917,0.1666666666666667,2.5,0  
   938  N,918,0.3333333333333333,2.5,0  
   939  N,919,0.5,2.5,0 
   940  N,920,0.6666666666666666,2.5,0  
   941  N,921,0.8333333333333334,2.5,0  
   942  N,922,1,2.5,0   
   943  N,923,1.166666666666667,2.5,0   
   944  N,924,1.333333333333333,2.5,0   
   945  N,925,1.5,2.5,0 
   946  N,926,1.666666666666667,2.5,0   
   947  N,927,1.833333333333333,2.5,0   
   948  N,928,2,2.5,0   
   949  N,929,2.166666666666667,2.5,0   
   950  N,930,2.333333333333333,2.5,0   
   951  N,931,2.5,2.5,0 
   952  N,932,2.666666666666667,2.5,0   
   953  N,933,2.833333333333333,2.5,0   
   954  N,934,3,2.5,0   
   955  N,935,3.166666666666667,2.5,0   
   956  N,936,3.333333333333333,2.5,0   
   957  N,937,3.5,2.5,0 
   958  N,938,3.666666666666667,2.5,0   
   959  N,939,3.833333333333333,2.5,0   
   960  N,940,4,2.5,0   
   961  N,941,4.166666666666667,2.5,0   
   962  N,942,4.333333333333333,2.5,0   
   963  N,943,4.5,2.5,0 
   964  N,944,4.666666666666667,2.5,0   
   965  N,945,4.833333333333333,2.5,0   
   966  N,946,5,2.5,0   
   967  N,947,5.166666666666667,2.5,0   
   968  N,948,5.333333333333333,2.5,0   
   969  N,949,5.5,2.5,0 
   970  N,950,5.666666666666667,2.5,0   
   971  N,951,5.833333333333333,2.5,0   
   972  N,952,6,2.5,0   
   973  N,953,6.166666666666667,2.5,0   
   974  N,954,6.333333333333333,2.5,0   
   975  N,955,6.5,2.5,0 
   976  N,956,6.666666666666667,2.5,0   
   977  N,957,6.833333333333333,2.5,0   
   978  N,958,7,2.5,0   
   979  N,959,7.166666666666667,2.5,0   
   980  N,960,7.333333333333333,2.5,0   
   981  N,961,7.5,2.5,0 
   982  N,962,7.666666666666667,2.5,0   
   983  N,963,7.833333333333333,2.5,0   
   984  N,964,8,2.5,0   
   985  N,965,8.166666666666666,2.5,0   
   986  N,966,8.333333333333334,2.5,0   
   987  N,967,8.5,2.5,0 
   988  N,968,8.666666666666666,2.5,0   
   989  N,969,8.833333333333334,2.5,0   
   990  N,970,9,2.5,0   
   991  N,971,9.166666666666666,2.5,0   
   992  N,972,9.333333333333334,2.5,0   
   993  N,973,9.5,2.5,0 
   994  N,974,9.666666666666666,2.5,0   
   995  N,975,9.833333333333334,2.5,0   
   996  N,976,10,2.5,0  
   997  N,977,0,2.666666666666667,0 
   998  N,978,0.1666666666666667,2.666666666666667,0
   999  N,979,0.3333333333333333,2.666666666666667,0
  1000  N,980,0.5,2.666666666666667,0   
  1001  N,981,0.6666666666666666,2.666666666666667,0
  1002  N,982,0.8333333333333334,2.666666666666667,0
  1003  N,983,1,2.666666666666667,0 
  1004  N,984,1.166666666666667,2.666666666666667,0 
  1005  N,985,1.333333333333333,2.666666666666667,0 
  1006  N,986,1.5,2.666666666666667,0   
  1007  N,987,1.666666666666667,2.666666666666667,0 
  1008  N,988,1.833333333333333,2.666666666666667,0 
  1009  N,989,2,2.666666666666667,0 
  1010  N,990,2.166666666666667,2.666666666666667,0 
  1011  N,991,2.333333333333333,2.666666666666667,0 
  1012  N,992,2.5,2.666666666666667,0   
  1013  N,993,2.666666666666667,2.666666666666667,0 
  1014  N,994,2.833333333333333,2.666666666666667,0 
  1015  N,995,3,2.666666666666667,0 
  1016  N,996,3.166666666666667,2.666666666666667,0 
  1017  N,997,3.333333333333333,2.666666666666667,0 
  1018  N,998,3.5,2.666666666666667,0   
  1019  N,999,3.666666666666667,2.666666666666667,0 
  1020  N,1000,3.833333333333333,2.666666666666667,0
  1021  N,1001,4,2.666666666666667,0
  1022  N,1002,4.166666666666667,2.666666666666667,0
  1023  N,1003,4.333333333333333,2.666666666666667,0
  1024  N,1004,4.5,2.666666666666667,0  
  1025  N,1005,4.666666666666667,2.666666666666667,0
  1026  N,1006,4.833333333333333,2.666666666666667,0
  1027  N,1007,5,2.666666666666667,0
  1028  N,1008,5.166666666666667,2.666666666666667,0
  1029  N,1009,5.333333333333333,2.666666666666667,0
  1030  N,1010,5.5,2.666666666666667,0  
  1031  N,1011,5.666666666666667,2.666666666666667,0
  1032  N,1012,5.833333333333333,2.666666666666667,0
  1033  N,1013,6,2.666666666666667,0
  1034  N,1014,6.166666666666667,2.666666666666667,0
  1035  N,1015,6.333333333333333,2.666666666666667,0
  1036  N,1016,6.5,2.666666666666667,0  
  1037  N,1017,6.666666666666667,2.666666666666667,0
  1038  N,1018,6.833333333333333,2.666666666666667,0
  1039  N,1019,7,2.666666666666667,0
  1040  N,1020,7.166666666666667,2.666666666666667,0
  1041  N,1021,7.333333333333333,2.666666666666667,0
  1042  N,1022,7.5,2.666666666666667,0  
  1043  N,1023,7.666666666666667,2.666666666666667,0
  1044  N,1024,7.833333333333333,2.666666666666667,0
  1045  N,1025,8,2.666666666666667,0
  1046  N,1026,8.166666666666666,2.666666666666667,0
  1047  N,1027,8.333333333333334,2.666666666666667,0
  1048  N,1028,8.5,2.666666666666667,0  
  1049  N,1029,8.666666666666666,2.666666666666667,0
  1050  N,1030,8.833333333333334,2.666666666666667,0
  1051  N,1031,9,2.666666666666667,0
  1052  N,1032,9.166666666666666,2.666666666666667,0
  1053  N,1033,9.333333333333334,2.666666666666667,0
  1054  N,1034,9.5,2.666666666666667,0  
  1055  N,1035,9.666666666666666,2.666666666666667,0
  1056  N,1036,9.833333333333334,2.666666666666667,0
  1057  N,1037,10,2.666666666666667,0   
  1058  N,1038,0,2.833333333333333,0
  1059  N,1039,0.1666666666666667,2.833333333333333,0   
  1060  N,1040,0.3333333333333333,2.833333333333333,0   
  1061  N,1041,0.5,2.833333333333333,0  
  1062  N,1042,0.6666666666666666,2.833333333333333,0   
  1063  N,1043,0.8333333333333334,2.833333333333333,0   
  1064  N,1044,1,2.833333333333333,0
  1065  N,1045,1.166666666666667,2.833333333333333,0
  1066  N,1046,1.333333333333333,2.833333333333333,0
  1067  N,1047,1.5,2.833333333333333,0  
  1068  N,1048,1.666666666666667,2.833333333333333,0
  1069  N,1049,1.833333333333333,2.833333333333333,0
  1070  N,1050,2,2.833333333333333,0
  1071  N,1051,2.166666666666667,2.833333333333333,0
  1072  N,1052,2.333333333333333,2.833333333333333,0
  1073  N,1053,2.5,2.833333333333333,0  
  1074  N,1054,2.666666666666667,2.833333333333333,0
  1075  N,1055,2.833333333333333,2.833333333333333,0
  1076  N,1056,3,2.833333333333333,0
  1077  N,1057,3.166666666666667,2.833333333333333,0
  1078  N,1058,3.333333333333333,2.833333333333333,0
  1079  N,1059,3.5,2.833333333333333,0  
  1080  N,1060,3.666666666666667,2.833333333333333,0
  1081  N,1061,3.833333333333333,2.833333333333333,0
  1082  N,1062,4,2.833333333333333,0
  1083  N,1063,4.166666666666667,2.833333333333333,0
  1084  N,1064,4.333333333333333,2.833333333333333,0
  1085  N,1065,4.5,2.833333333333333,0  
  1086  N,1066,4.666666666666667,2.833333333333333,0
  1087  N,1067,4.833333333333333,2.833333333333333,0
  1088  N,1068,5,2.833333333333333,0
  1089  N,1069,5.166666666666667,2.833333333333333,0
  1090  N,1070,5.333333333333333,2.833333333333333,0
  1091  N,1071,5.5,2.833333333333333,0  
  1092  N,1072,5.666666666666667,2.833333333333333,0
  1093  N,1073,5.833333333333333,2.833333333333333,0
  1094  N,1074,6,2.833333333333333,0
  1095  N,1075,6.166666666666667,2.833333333333333,0
  1096  N,1076,6.333333333333333,2.833333333333333,0
  1097  N,1077,6.5,2.833333333333333,0  
  1098  N,1078,6.666666666666667,2.833333333333333,0
  1099  N,1079,6.833333333333333,2.833333333333333,0
  1100  N,1080,7,2.833333333333333,0
  1101  N,1081,7.166666666666667,2.833333333333333,0
  1102  N,1082,7.333333333333333,2.833333333333333,0
  1103  N,1083,7.5,2.833333333333333,0  
  1104  N,1084,7.666666666666667,2.833333333333333,0
  1105  N,1085,7.833333333333333,2.833333333333333,0
  1106  N,1086,8,2.833333333333333,0
  1107  N,1087,8.166666666666666,2.833333333333333,0
  1108  N,1088,8.333333333333334,2.833333333333333,0
  1109  N,1089,8.5,2.833333333333333,0  
  1110  N,1090,8.666666666666666,2.833333333333333,0
  1111  N,1091,8.833333333333334,2.833333333333333,0
  1112  N,1092,9,2.833333333333333,0
  1113  N,1093,9.166666666666666,2.833333333333333,0
  1114  N,1094,9.333333333333334,2.833333333333333,0
  1115  N,1095,9.5,2.833333333333333,0  
  1116  N,1096,9.666666666666666,2.833333333333333,0
  1117  N,1097,9.833333333333334,2.833333333333333,0
  1118  N,1098,10,2.833333333333333,0   
  1119  N,1099,0,3,0
  1120  N,1100,0.1666666666666667,3,0   
  1121  N,1101,0.3333333333333333,3,0   
  1122  N,1102,0.5,3,0  
  1123  N,1103,0.6666666666666666,3,0   
  1124  N,1104,0.8333333333333334,3,0   
  1125  N,1105,1,3,0
  1126  N,1106,1.166666666666667,3,0
  1127  N,1107,1.333333333333333,3,0
  1128  N,1108,1.5,3,0  
  1129  N,1109,1.666666666666667,3,0
  1130  N,1110,1.833333333333333,3,0
  1131  N,1111,2,3,0
  1132  N,1112,2.166666666666667,3,0
  1133  N,1113,2.333333333333333,3,0
  1134  N,1114,2.5,3,0  
  1135  N,1115,2.666666666666667,3,0
  1136  N,1116,2.833333333333333,3,0
  1137  N,1117,3,3,0
  1138  N,1118,3.166666666666667,3,0
  1139  N,1119,3.333333333333333,3,0
  1140  N,1120,3.5,3,0  
  1141  N,1121,3.666666666666667,3,0
  1142  N,1122,3.833333333333333,3,0
  1143  N,1123,4,3,0
  1144  N,1124,4.166666666666667,3,0
  1145  N,1125,4.333333333333333,3,0
  1146  N,1126,4.5,3,0  
  1147  N,1127,4.666666666666667,3,0
  1148  N,1128,4.833333333333333,3,0
  1149  N,1129,5,3,0
  1150  N,1130,5.166666666666667,3,0
  1151  N,1131,5.333333333333333,3,0
  1152  N,1132,5.5,3,0  
  1153  N,1133,5.666666666666667,3,0
  1154  N,1134,5.833333333333333,3,0
  1155  N,1135,6,3,0
  1156  N,1136,6.166666666666667,3,0
  1157  N,1137,6.333333333333333,3,0
  1158  N,1138,6.5,3,0  
  1159  N,1139,6.666666666666667,3,0
  1160  N,1140,6.833333333333333,3,0
  1161  N,1141,7,3,0
  1162  N,1142,7.166666666666667,3,0
  1163  N,1143,7.333333333333333,3,0
  1164  N,1144,7.5,3,0  
  1165  N,1145,7.666666666666667,3,0
  1166  N,1146,7.833333333333333,3,0
  1167  N,1147,8,3,0
  1168  N,1148,8.166666666666666,3,0
  1169  N,1149,8.333333333333334,3,0
  1170  N,1150,8.5,3,0  
  1171  N,1151,8.666666666666666,3,0
  1172  N,1152,8.833333333333334,3,0
  1173  N,1153,9,3,0
  1174  N,1154,9.166666666666666,3,0
  1175  N,1155,9.333333333333334,3,0
  1176  N,1156,9.5,3,0  
  1177  N,1157,9.666666666666666,3,0
  1178  N,1158,9.833333333333334,3,0
  1179  N,1159,10,3,0   
  1180  N,1160,0,3.166666666666667,0
  1181  N,1161,0.1666666666666667,3.166666666666667,0   
  1182  N,1162,0.3333333333333333,3.166666666666667,0   
  1183  N,1163,0.5,3.166666666666667,0  
  1184  N,1164,0.6666666666666666,3.166666666666667,0   
  1185  N,1165,0.8333333333333334,3.166666666666667,0   
  1186  N,1166,1,3.166666666666667,0
  1187  N,1167,1.166666666666667,3.166666666666667,0
  1188  N,1168,1.333333333333333,3.166666666666667,0
  1189  N,1169,1.5,3.166666666666667,0  
  1190  N,1170,1.666666666666667,3.166666666666667,0
  1191  N,1171,1.833333333333333,3.166666666666667,0
  1192  N,1172,2,3.166666666666667,0
  1193  N,1173,2.166666666666667,3.166666666666667,0
  1194  N,1174,2.333333333333333,3.166666666666667,0
  1195  N,1175,2.5,3.166666666666667,0  
  1196  N,1176,2.666666666666667,3.166666666666667,0
  1197  N,1177,2.833333333333333,3.166666666666667,0
  1198  N,1178,3,3.166666666666667,0
  1199  N,1179,3.166666666666667,3.166666666666667,0
  1200  N,1180,3.333333333333333,3.166666666666667,0
  1201  N,1181,3.5,3.166666666666667,0  
  1202  N,1182,3.666666666666667,3.166666666666667,0
  1203  N,1183,3.833333333333333,3.166666666666667,0
  1204  N,1184,4,3.166666666666667,0
  1205  N,1185,4.166666666666667,3.166666666666667,0
  1206  N,1186,4.333333333333333,3.166666666666667,0
  1207  N,1187,4.5,3.166666666666667,0  
  1208  N,1188,4.666666666666667,3.166666666666667,0
  1209  N,1189,4.833333333333333,3.166666666666667,0
  1210  N,1190,5,3.166666666666667,0
  1211  N,1191,5.166666666666667,3.166666666666667,0
  1212  N,1192,5.333333333333333,3.166666666666667,0
  1213  N,1193,5.5,3.166666666666667,0  
  1214  N,1194,5.666666666666667,3.166666666666667,0
  1215  N,1195,5.833333333333333,3.166666666666667,0
  1216  N,1196,6,3.166666666666667,0
  1217  N,1197,6.166666666666667,3.166666666666667,0
  1218  N,1198,6.333333333333333,3.166666666666667,0
  1219  N,1199,6.5,3.166666666666667,0  
  1220  N,1200,6.666666666666667,3.166666666666667,0
  1221  N,1201,6.833333333333333,3.166666666666667,0
  1222  N,1202,7,3.166666666666667,0
  1223  N,1203,7.166666666666667,3.166666666666667,0
  1224  N,1204,7.333333333333333,3.166666666666667,0
  1225  N,1205,7.5,3.166666666666667,0  
  1226  N,1206,7.666666666666667,3.166666666666667,0
  1227  N,1207,7.833333333333333,3.166666666666667,0
  1228  N,1208,8,3.166666666666667,0
  1229  N,1209,8.166666666666666,3.166666666666667,0
  1230  N,1210,8.333333333333334,3.166666666666667,0
  1231  N,1211,8.5,3.166666666666667,0  
  1232  N,1212,8.666666666666666,3.166666666666667,0
  1233  N,1213,8.833333333333334,3.166666666666667,0
  1234  N,1214,9,3.166666666666667,0
  1235  N,1215,9.166666666666666,3.166666666666667,0
  1236  N,1216,9.333333333333334,3.166666666666667,0
  1237  N,1217,9.5,3.166666666666667,0  
  1238  N,1218,9.666666666666666,3.166666666666667,0
  1239  N,1219,9.833333333333334,3.166666666666667,0
  1240  N,1220,10,3.166666666666667,0   
  1241  N,1221,0,3.333333333333333,0
  1242  N,1222,0.1666666666666667,3.333333333333333,0   
  1243  N,1223,0.3333333333333333,3.333333333333333,0   
  1244  N,1224,0.5,3.333333333333333,0  
  1245  N,1225,0.6666666666666666,3.333333333333333,0   
  1246  N,1226,0.8333333333333334,3.333333333333333,0   
  1247  N,1227,1,3.333333333333333,0
  1248  N,1228,1.166666666666667,3.333333333333333,0
  1249  N,1229,1.333333333333333,3.333333333333333,0
  1250  N,1230,1.5,3.333333333333333,0  
  1251  N,1231,1.666666666666667,3.333333333333333,0
  1252  N,1232,1.833333333333333,3.333333333333333,0
  1253  N,1233,2,3.333333333333333,0
  1254  N,1234,2.166666666666667,3.333333333333333,0
  1255  N,1235,2.333333333333333,3.333333333333333,0
  1256  N,1236,2.5,3.333333333333333,0  
  1257  N,1237,2.666666666666667,3.333333333333333,0
  1258  N,1238,2.833333333333333,3.333333333333333,0
  1259  N,1239,3,3.333333333333333,0
  1260  N,1240,3.166666666666667,3.333333333333333,0
  1261  N,1241,3.333333333333333,3.333333333333333,0
  1262  N,1242,3.5,3.333333333333333,0  
  1263  N,1243,3.666666666666667,3.333333333333333,0
  1264  N,1244,3.833333333333333,3.333333333333333,0
  1265  N,1245,4,3.333333333333333,0
  1266  N,1246,4.166666666666667,3.333333333333333,0
  1267  N,1247,4.333333333333333,3.333333333333333,0
  1268  N,1248,4.5,3.333333333333333,0  
  1269  N,1249,4.666666666666667,3.333333333333333,0
  1270  N,1250,4.833333333333333,3.333333333333333,0
  1271  N,1251,5,3.333333333333333,0
  1272  N,1252,5.166666666666667,3.333333333333333,0
  1273  N,1253,5.333333333333333,3.333333333333333,0
  1274  N,1254,5.5,3.333333333333333,0  
  1275  N,1255,5.666666666666667,3.333333333333333,0
  1276  N,1256,5.833333333333333,3.333333333333333,0
  1277  N,1257,6,3.333333333333333,0
  1278  N,1258,6.166666666666667,3.333333333333333,0
  1279  N,1259,6.333333333333333,3.333333333333333,0
  1280  N,1260,6.5,3.333333333333333,0  
  1281  N,1261,6.666666666666667,3.333333333333333,0
  1282  N,1262,6.833333333333333,3.333333333333333,0
  1283  N,1263,7,3.333333333333333,0
  1284  N,1264,7.166666666666667,3.333333333333333,0
  1285  N,1265,7.333333333333333,3.333333333333333,0
  1286  N,1266,7.5,3.333333333333333,0  
  1287  N,1267,7.666666666666667,3.333333333333333,0
  1288  N,1268,7.833333333333333,3.333333333333333,0
  1289  N,1269,8,3.333333333333333,0
  1290  N,1270,8.166666666666666,3.333333333333333,0
  1291  N,1271,8.333333333333334,3.333333333333333,0
  1292  N,1272,8.5,3.333333333333333,0  
  1293  N,1273,8.666666666666666,3.333333333333333,0
  1294  N,1274,8.833333333333334,3.333333333333333,0
  1295  N,1275,9,3.333333333333333,0
  1296  N,1276,9.166666666666666,3.333333333333333,0
  1297  N,1277,9.333333333333334,3.333333333333333,0
  1298  N,1278,9.5,3.333333333333333,0  
  1299  N,1279,9.666666666666666,3.333333333333333,0
  1300  N,1280,9.833333333333334,3.333333333333333,0
  1301  N,1281,10,3.333333333333333,0   
  1302  N,1282,0,3.5,0  
  1303  N,1283,0.1666666666666667,3.5,0 
  1304  N,1284,0.3333333333333333,3.5,0 
  1305  N,1285,0.5,3.5,0
  1306  N,1286,0.6666666666666666,3.5,0 
  1307  N,1287,0.8333333333333334,3.5,0 
  1308  N,1288,1,3.5,0  
  1309  N,1289,1.166666666666667,3.5,0  
  1310  N,1290,1.333333333333333,3.5,0  
  1311  N,1291,1.5,3.5,0
  1312  N,1292,1.666666666666667,3.5,0  
  1313  N,1293,1.833333333333333,3.5,0  
  1314  N,1294,2,3.5,0  
  1315  N,1295,2.166666666666667,3.5,0  
  1316  N,1296,2.333333333333333,3.5,0  
  1317  N,1297,2.5,3.5,0
  1318  N,1298,2.666666666666667,3.5,0  
  1319  N,1299,2.833333333333333,3.5,0  
  1320  N,1300,3,3.5,0  
  1321  N,1301,3.166666666666667,3.5,0  
  1322  N,1302,3.333333333333333,3.5,0  
  1323  N,1303,3.5,3.5,0
  1324  N,1304,3.666666666666667,3.5,0  
  1325  N,1305,3.833333333333333,3.5,0  
  1326  N,1306,4,3.5,0  
  1327  N,1307,4.166666666666667,3.5,0  
  1328  N,1308,4.333333333333333,3.5,0  
  1329  N,1309,4.5,3.5,0
  1330  N,1310,4.666666666666667,3.5,0  
  1331  N,1311,4.833333333333333,3.5,0  
  1332  N,1312,5,3.5,0  
  1333  N,1313,5.166666666666667,3.5,0  
  1334  N,1314,5.333333333333333,3.5,0  
  1335  N,1315,5.5,3.5,0
  1336  N,1316,5.666666666666667,3.5,0  
  1337  N,1317,5.833333333333333,3.5,0  
  1338  N,1318,6,3.5,0  
  1339  N,1319,6.166666666666667,3.5,0  
  1340  N,1320,6.333333333333333,3.5,0  
  1341  N,1321,6.5,3.5,0
  1342  N,1322,6.666666666666667,3.5,0  
  1343  N,1323,6.833333333333333,3.5,0  
  1344  N,1324,7,3.5,0  
  1345  N,1325,7.166666666666667,3.5,0  
  1346  N,1326,7.333333333333333,3.5,0  
  1347  N,1327,7.5,3.5,0
  1348  N,1328,7.666666666666667,3.5,0  
  1349  N,1329,7.833333333333333,3.5,0  
  1350  N,1330,8,3.5,0  
  1351  N,1331,8.166666666666666,3.5,0  
  1352  N,1332,8.333333333333334,3.5,0  
  1353  N,1333,8.5,3.5,0
  1354  N,1334,8.666666666666666,3.5,0  
  1355  N,1335,8.833333333333334,3.5,0  
  1356  N,1336,9,3.5,0  
  1357  N,1337,9.166666666666666,3.5,0  
  1358  N,1338,9.333333333333334,3.5,0  
  1359  N,1339,9.5,3.5,0
  1360  N,1340,9.666666666666666,3.5,0  
  1361  N,1341,9.833333333333334,3.5,0  
  1362  N,1342,10,3.5,0 
  1363  N,1343,0,3.666666666666667,0
  1364  N,1344,0.1666666666666667,3.666666666666667,0   
  1365  N,1345,0.3333333333333333,3.666666666666667,0   
  1366  N,1346,0.5,3.666666666666667,0  
  1367  N,1347,0.6666666666666666,3.666666666666667,0   
  1368  N,1348,0.8333333333333334,3.666666666666667,0   
  1369  N,1349,1,3.666666666666667,0
  1370  N,1350,1.166666666666667,3.666666666666667,0
  1371  N,1351,1.333333333333333,3.666666666666667,0
  1372  N,1352,1.5,3.666666666666667,0  
  1373  N,1353,1.666666666666667,3.666666666666667,0
  1374  N,1354,1.833333333333333,3.666666666666667,0
  1375  N,1355,2,3.666666666666667,0
  1376  N,1356,2.166666666666667,3.666666666666667,0
  1377  N,1357,2.333333333333333,3.666666666666667,0
  1378  N,1358,2.5,3.666666666666667,0  
  1379  N,1359,2.666666666666667,3.666666666666667,0
  1380  N,1360,2.833333333333333,3.666666666666667,0
  1381  N,1361,3,3.666666666666667,0
  1382  N,1362,3.166666666666667,3.666666666666667,0
  1383  N,1363,3.333333333333333,3.666666666666667,0
  1384  N,1364,3.5,3.666666666666667,0  
  1385  N,1365,3.666666666666667,3.666666666666667,0
  1386  N,1366,3.833333333333333,3.666666666666667,0
  1387  N,1367,4,3.666666666666667,0
  1388  N,1368,4.166666666666667,3.666666666666667,0
  1389  N,1369,4.333333333333333,3.666666666666667,0
  1390  N,1370,4.5,3.666666666666667,0  
  1391  N,1371,4.666666666666667,3.666666666666667,0
  1392  N,1372,4.833333333333333,3.666666666666667,0
  1393  N,1373,5,3.666666666666667,0
  1394  N,1374,5.166666666666667,3.666666666666667,0
  1395  N,1375,5.333333333333333,3.666666666666667,0
  1396  N,1376,5.5,3.666666666666667,0  
  1397  N,1377,5.666666666666667,3.666666666666667,0
  1398  N,1378,5.833333333333333,3.666666666666667,0
  1399  N,1379,6,3.666666666666667,0
  1400  N,1380,6.166666666666667,3.666666666666667,0
  1401  N,1381,6.333333333333333,3.666666666666667,0
  1402  N,1382,6.5,3.666666666666667,0  
  1403  N,1383,6.666666666666667,3.666666666666667,0
  1404  N,1384,6.833333333333333,3.666666666666667,0
  1405  N,1385,7,3.666666666666667,0
  1406  N,1386,7.166666666666667,3.666666666666667,0
  1407  N,1387,7.333333333333333,3.666666666666667,0
  1408  N,1388,7.5,3.666666666666667,0  
  1409  N,1389,7.666666666666667,3.666666666666667,0
  1410  N,1390,7.833333333333333,3.666666666666667,0
  1411  N,1391,8,3.666666666666667,0
  1412  N,1392,8.166666666666666,3.666666666666667,0
  1413  N,1393,8.333333333333334,3.666666666666667,0
  1414  N,1394,8.5,3.666666666666667,0  
  1415  N,1395,8.666666666666666,3.666666666666667,0
  1416  N,1396,8.833333333333334,3.666666666666667,0
  1417  N,1397,9,3.666666666666667,0
  1418  N,1398,9.166666666666666,3.666666666666667,0
  1419  N,1399,9.333333333333334,3.666666666666667,0
  1420  N,1400,9.5,3.666666666666667,0  
  1421  N,1401,9.666666666666666,3.666666666666667,0
  1422  N,1402,9.833333333333334,3.666666666666667,0
  1423  N,1403,10,3.666666666666667,0   
  1424  N,1404,0,3.833333333333333,0
  1425  N,1405,0.1666666666666667,3.833333333333333,0   
  1426  N,1406,0.3333333333333333,3.833333333333333,0   
  1427  N,1407,0.5,3.833333333333333,0  
  1428  N,1408,0.6666666666666666,3.833333333333333,0   
  1429  N,1409,0.8333333333333334,3.833333333333333,0   
  1430  N,1410,1,3.833333333333333,0
  1431  N,1411,1.166666666666667,3.833333333333333,0
  1432  N,1412,1.333333333333333,3.833333333333333,0
  1433  N,1413,1.5,3.833333333333333,0  
  1434  N,1414,1.666666666666667,3.833333333333333,0
  1435  N,1415,1.833333333333333,3.833333333333333,0
  1436  N,1416,2,3.833333333333333,0
  1437  N,1417,2.166666666666667,3.833333333333333,0
  1438  N,1418,2.333333333333333,3.833333333333333,0
  1439  N,1419,2.5,3.833333333333333,0  
  1440  N,1420,2.666666666666667,3.833333333333333,0
  1441  N,1421,2.833333333333333,3.833333333333333,0
  1442  N,1422,3,3.833333333333333,0
  1443  N,1423,3.166666666666667,3.833333333333333,0
  1444  N,1424,3.333333333333333,3.833333333333333,0
  1445  N,1425,3.5,3.833333333333333,0  
  1446  N,1426,3.666666666666667,3.833333333333333,0
  1447  N,1427,3.833333333333333,3.833333333333333,0
  1448  N,1428,4,3.833333333333333,0
  1449  N,1429,4.166666666666667,3.833333333333333,0
  1450  N,1430,4.333333333333333,3.833333333333333,0
  1451  N,1431,4.5,3.833333333333333,0  
  1452  N,1432,4.666666666666667,3.833333333333333,0
  1453  N,1433,4.833333333333333,3.833333333333333,0
  1454  N,1434,5,3.833333333333333,0
  1455  N,1435,5.166666666666667,3.833333333333333,0
  1456  N,1436,5.333333333333333,3.833333333333333,0
  1457  N,1437,5.5,3.833333333333333,0  
  1458  N,1438,5.666666666666667,3.833333333333333,0
  1459  N,1439,5.833333333333333,3.833333333333333,0
  1460  N,1440,6,3.833333333333333,0
  1461  N,1441,6.166666666666667,3.833333333333333,0
  1462  N,1442,6.333333333333333,3.833333333333333,0
  1463  N,1443,6.5,3.833333333333333,0  
  1464  N,1444,6.666666666666667,3.833333333333333,0
  1465  N,1445,6.833333333333333,3.833333333333333,0
  1466  N,1446,7,3.833333333333333,0
  1467  N,1447,7.166666666666667,3.833333333333333,0
  1468  N,1448,7.333333333333333,3.833333333333333,0
  1469  N,1449,7.5,3.833333333333333,0  
  1470  N,1450,7.666666666666667,3.833333333333333,0
  1471  N,1451,7.833333333333333,3.833333333333333,0
  1472  N,1452,8,3.833333333333333,0
  1473  N,1453,8.166666666666666,3.833333333333333,0
  1474  N,1454,8.333333333333334,3.833333333333333,0
  1475  N,1455,8.5,3.833333333333333,0  
  1476  N,1456,8.666666666666666,3.833333333333333,0
  1477  N,1457,8.833333333333334,3.833333333333333,0
  1478  N,1458,9,3.833333333333333,0
  1479  N,1459,9.166666666666666,3.833333333333333,0
  1480  N,1460,9.333333333333334,3.833333333333333,0
  1481  N,1461,9.5,3.833333333333333,0  
  1482  N,1462,9.666666666666666,3.833333333333333,0
  1483  N,1463,9.833333333333334,3.833333333333333,0
  1484  N,1464,10,3.833333333333333,0   
  1485  N,1465,0,4,0
  1486  N,1466,0.1666666666666667,4,0   
  1487  N,1467,0.3333333333333333,4,0   
  1488  N,1468,0.5,4,0  
  1489  N,1469,0.6666666666666666,4,0   
  1490  N,1470,0.8333333333333334,4,0   
  1491  N,1471,1,4,0
  1492  N,1472,1.166666666666667,4,0
  1493  N,1473,1.333333333333333,4,0
  1494  N,1474,1.5,4,0  
  1495  N,1475,1.666666666666667,4,0
  1496  N,1476,1.833333333333333,4,0
  1497  N,1477,2,4,0
  1498  N,1478,2.166666666666667,4,0
  1499  N,1479,2.333333333333333,4,0
  1500  N,1480,2.5,4,0  
  1501  N,1481,2.666666666666667,4,0
  1502  N,1482,2.833333333333333,4,0
  1503  N,1483,3,4,0
  1504  N,1484,3.166666666666667,4,0
  1505  N,1485,3.333333333333333,4,0
  1506  N,1486,3.5,4,0  
  1507  N,1487,3.666666666666667,4,0
  1508  N,1488,3.833333333333333,4,0
  1509  N,1489,4,4,0
  1510  N,1490,4.166666666666667,4,0
  1511  N,1491,4.333333333333333,4,0
  1512  N,1492,4.5,4,0  
  1513  N,1493,4.666666666666667,4,0
  1514  N,1494,4.833333333333333,4,0
  1515  N,1495,5,4,0
  1516  N,1496,5.166666666666667,4,0
  1517  N,1497,5.333333333333333,4,0
  1518  N,1498,5.5,4,0  
  1519  N,1499,5.666666666666667,4,0
  1520  N,1500,5.833333333333333,4,0
  1521  N,1501,6,4,0
  1522  N,1502,6.166666666666667,4,0
  1523  N,1503,6.333333333333333,4,0
  1524  N,1504,6.5,4,0  
  1525  N,1505,6.666666666666667,4,0
  1526  N,1506,6.833333333333333,4,0
  1527  N,1507,7,4,0
  1528  N,1508,7.166666666666667,4,0
  1529  N,1509,7.333333333333333,4,0
  1530  N,1510,7.5,4,0  
  1531  N,1511,7.666666666666667,4,0
  1532  N,1512,7.833333333333333,4,0
  1533  N,1513,8,4,0
  1534  N,1514,8.166666666666666,4,0
  1535  N,1515,8.333333333333334,4,0
  1536  N,1516,8.5,4,0  
  1537  N,1517,8.666666666666666,4,0
  1538  N,1518,8.833333333333334,4,0
  1539  N,1519,9,4,0
  1540  N,1520,9.166666666666666,4,0
  1541  N,1521,9.333333333333334,4,0
  1542  N,1522,9.5,4,0  
  1543  N,1523,9.666666666666666,4,0
  1544  N,1524,9.833333333333334,4,0
  1545  N,1525,10,4,0   
  1546  E,1,2,63,62 
  1547  E,2,3,64,63 
  1548  E,3,4,65,64 
  1549  E,4,5,66,65 
  1550  E,5,6,67,66 
  1551  E,6,7,68,67 
  1552  E,7,8,69,68 
  1553  E,8,9,70,69 
  1554  E,9,10,71,70
  1555  E,10,11,72,71   
  1556  E,11,12,73,72   
  1557  E,12,13,74,73   
  1558  E,13,14,75,74   
  1559  E,14,15,76,75   
  1560  E,15,16,77,76   
  1561  E,16,17,78,77   
  1562  E,17,18,79,78   
  1563  E,18,19,80,79   
  1564  E,19,20,81,80   
  1565  E,20,21,82,81   
  1566  E,21,22,83,82   
  1567  E,22,23,84,83   
  1568  E,23,24,85,84   
  1569  E,24,25,86,85   
  1570  E,25,26,87,86   
  1571  E,26,27,88,87   
  1572  E,27,28,89,88   
  1573  E,28,29,90,89   
  1574  E,29,30,91,90   
  1575  E,30,31,92,91   
  1576  E,31,32,93,92   
  1577  E,32,33,94,93   
  1578  E,33,34,95,94   
  1579  E,34,35,96,95   
  1580  E,35,36,97,96   
  1581  E,36,37,98,97   
  1582  E,37,38,99,98   
  1583  E,38,39,100,99  
  1584  E,39,40,101,100 
  1585  E,40,41,102,101 
  1586  E,41,42,103,102 
  1587  E,42,43,104,103 
  1588  E,43,44,105,104 
  1589  E,44,45,106,105 
  1590  E,45,46,107,106 
  1591  E,46,47,108,107 
  1592  E,47,48,109,108 
  1593  E,48,49,110,109 
  1594  E,49,50,111,110 
  1595  E,50,51,112,111 
  1596  E,51,52,113,112 
  1597  E,52,53,114,113 
  1598  E,53,54,115,114 
  1599  E,54,55,116,115 
  1600  E,55,56,117,116 
  1601  E,56,57,118,117 
  1602  E,57,58,119,118 
  1603  E,58,59,120,119 
  1604  E,59,60,121,120 
  1605  E,60,61,122,121 
  1606  E,62,63,124,123 
  1607  E,63,64,125,124 
  1608  E,64,65,126,125 
  1609  E,65,66,127,126 
  1610  E,66,67,128,127 
  1611  E,67,68,129,128 
  1612  E,68,69,130,129 
  1613  E,69,70,131,130 
  1614  E,70,71,132,131 
  1615  E,71,72,133,132 
  1616  E,72,73,134,133 
  1617  E,73,74,135,134 
  1618  E,74,75,136,135 
  1619  E,75,76,137,136 
  1620  E,76,77,138,137 
  1621  E,77,78,139,138 
  1622  E,78,79,140,139 
  1623  E,79,80,141,140 
  1624  E,80,81,142,141 
  1625  E,81,82,143,142 
  1626  E,82,83,144,143 
  1627  E,83,84,145,144 
  1628  E,84,85,146,145 
  1629  E,85,86,147,146 
  1630  E,86,87,148,147 
  1631  E,87,88,149,148 
  1632  E,88,89,150,149 
  1633  E,89,90,151,150 
  1634  E,90,91,152,151 
  1635  E,91,92,153,152 
  1636  E,92,93,154,153 
  1637  E,93,94,155,154 
  1638  E,94,95,156,155 
  1639  E,95,96,157,156 
  1640  E,96,97,158,157 
  1641  E,97,98,159,158 
  1642  E,98,99,160,159 
  1643  E,99,100,161,160
  1644  E,100,101,162,161   
  1645  E,101,102,163,162   
  1646  E,102,103,164,163   
  1647  E,103,104,165,164   
  1648  E,104,105,166,165   
  1649  E,105,106,167,166   
  1650  E,106,107,168,167   
  1651  E,107,108,169,168   
  1652  E,108,109,170,169   
  1653  E,109,110,171,170   
  1654  E,110,111,172,171   
  1655  E,111,112,173,172   
  1656  E,112,113,174,173   
  1657  E,113,114,175,174   
  1658  E,114,115,176,175   
  1659  E,115,116,177,176   
  1660  E,116,117,178,177   
  1661  E,117,118,179,178   
  1662  E,118,119,180,179   
  1663  E,119,120,181,180   
  1664  E,120,121,182,181   
  1665  E,121,122,183,182   
  1666  E,123,124,185,184   
  1667  E,124,125,186,185   
  1668  E,125,126,187,186   
  1669  E,126,127,188,187   
  1670  E,127,128,189,188   
  1671  E,128,129,190,189   
  1672  E,129,130,191,190   
  1673  E,130,131,192,191   
  1674  E,131,132,193,192   
  1675  E,132,133,194,193   
  1676  E,133,134,195,194   
  1677  E,134,135,196,195   
  1678  E,135,136,197,196   
  1679  E,136,137,198,197   
  1680  E,137,138,199,198   
  1681  E,138,139,200,199   
  1682  E,139,140,201,200   
  1683  E,140,141,202,201   
  1684  E,141,142,203,202   
  1685  E,142,143,204,203   
  1686  E,143,144,205,204   
  1687  E,144,145,206,205   
  1688  E,145,146,207,206   
  1689  E,146,147,208,207   
  1690  E,147,148,209,208   
  1691  E,148,149,210,209   
  1692  E,149,150,211,210   
  1693  E,150,151,212,211   
  1694  E,151,152,213,212   
  1695  E,152,153,214,213   
  1696  E,153,154,215,214   
  1697  E,154,155,216,215   
  1698  E,155,156,217,216   
  1699  E,156,157,218,217   
  1700  E,157,158,219,218   
  1701  E,158,159,220,219   
  1702  E,159,160,221,220   
  1703  E,160,161,222,221   
  1704  E,161,162,223,222   
  1705  E,162,163,224,223   
  1706  E,163,164,225,224   
  1707  E,164,165,226,225   
  1708  E,165,166,227,226   
  1709  E,166,167,228,227   
  1710  E,167,168,229,228   
  1711  E,168,169,230,229   
  1712  E,169,170,231,230   
  1713  E,170,171,232,231   
  1714  E,171,172,233,232   
  1715  E,172,173,234,233   
  1716  E,173,174,235,234   
  1717  E,174,175,236,235   
  1718  E,175,176,237,236   
  1719  E,176,177,238,237   
  1720  E,177,178,239,238   
  1721  E,178,179,240,239   
  1722  E,179,180,241,240   
  1723  E,180,181,242,241   
  1724  E,181,182,243,242   
  1725  E,182,183,244,243   
  1726  E,184,185,246,245   
  1727  E,185,186,247,246   
  1728  E,186,187,248,247   
  1729  E,187,188,249,248   
  1730  E,188,189,250,249   
  1731  E,189,190,251,250   
  1732  E,190,191,252,251   
  1733  E,191,192,253,252   
  1734  E,192,193,254,253   
  1735  E,193,194,255,254   
  1736  E,194,195,256,255   
  1737  E,195,196,257,256   
  1738  E,196,197,258,257   
  1739  E,197,198,259,258   
  1740  E,198,199,260,259   
  1741  E,199,200,261,260   
  1742  E,200,201,262,261   
  1743  E,201,202,263,262   
  1744  E,202,203,264,263   
  1745  E,203,204,265,264   
  1746  E,204,205,266,265   
  1747  E,205,206,267,266   
  1748  E,206,207,268,267   
  1749  E,207,208,269,268   
  1750  E,208,209,270,269   
  1751  E,209,210,271,270   
  1752  E,210,211,272,271   
  1753  E,211,212,273,272   
  1754  E,212,213,274,273   
  1755  E,213,214,275,274   
  1756  E,214,215,276,275   
  1757  E,215,216,277,276   
  1758  E,216,217,278,277   
  1759  E,217,218,279,278   
  1760  E,218,219,280,279   
  1761  E,219,220,281,280   
  1762  E,220,221,282,281   
  1763  E,221,222,283,282   
  1764  E,222,223,284,283   
  1765  E,223,224,285,284   
  1766  E,224,225,286,285   
  1767  E,225,226,287,286   
  1768  E,226,227,288,287   
  1769  E,227,228,289,288   
  1770  E,228,229,290,289   
  1771  E,229,230,291,290   
  1772  E,230,231,292,291   
  1773  E,231,232,293,292   
  1774  E,232,233,294,293   
  1775  E,233,234,295,294   
  1776  E,234,235,296,295   
  1777  E,235,236,297,296   
  1778  E,236,237,298,297   
  1779  E,237,238,299,298   
  1780  E,238,239,300,299   
  1781  E,239,240,301,300   
  1782  E,240,241,302,301   
  1783  E,241,242,303,302   
  1784  E,242,243,304,303   
  1785  E,243,244,305,304   
  1786  E,245,246,307,306   
  1787  E,246,247,308,307   
  1788  E,247,248,309,308   
  1789  E,248,249,310,309   
  1790  E,249,250,311,310   
  1791  E,250,251,312,311   
  1792  E,251,252,313,312   
  1793  E,252,253,314,313   
  1794  E,253,254,315,314   
  1795  E,254,255,316,315   
  1796  E,255,256,317,316   
  1797  E,256,257,318,317   
  1798  E,257,258,319,318   
  1799  E,258,259,320,319   
  1800  E,259,260,321,320   
  1801  E,260,261,322,321   
  1802  E,261,262,323,322   
  1803  E,262,263,324,323   
  1804  E,263,264,325,324   
  1805  E,264,265,326,325   
  1806  E,265,266,327,326   
  1807  E,266,267,328,327   
  1808  E,267,268,329,328   
  1809  E,268,269,330,329   
  1810  E,269,270,331,330   
  1811  E,270,271,332,331   
  1812  E,271,272,333,332   
  1813  E,272,273,334,333   
  1814  E,273,274,335,334   
  1815  E,274,275,336,335   
  1816  E,275,276,337,336   
  1817  E,276,277,338,337   
  1818  E,277,278,339,338   
  1819  E,278,279,340,339   
  1820  E,279,280,341,340   
  1821  E,280,281,342,341   
  1822  E,281,282,343,342   
  1823  E,282,283,344,343   
  1824  E,283,284,345,344   
  1825  E,284,285,346,345   
  1826  E,285,286,347,346   
  1827  E,286,287,348,347   
  1828  E,287,288,349,348   
  1829  E,288,289,350,349   
  1830  E,289,290,351,350   
  1831  E,290,291,352,351   
  1832  E,291,292,353,352   
  1833  E,292,293,354,353   
  1834  E,293,294,355,354   
  1835  E,294,295,356,355   
  1836  E,295,296,357,356   
  1837  E,296,297,358,357   
  1838  E,297,298,359,358   
  1839  E,298,299,360,359   
  1840  E,299,300,361,360   
  1841  E,300,301,362,361   
  1842  E,301,302,363,362   
  1843  E,302,303,364,363   
  1844  E,303,304,365,364   
  1845  E,304,305,366,365   
  1846  E,306,307,368,367   
  1847  E,307,308,369,368   
  1848  E,308,309,370,369   
  1849  E,309,310,371,370   
  1850  E,310,311,372,371   
  1851  E,311,312,373,372   
  1852  E,312,313,374,373   
  1853  E,313,314,375,374   
  1854  E,314,315,376,375   
  1855  E,315,316,377,376   
  1856  E,316,317,378,377   
  1857  E,317,318,379,378   
  1858  E,318,319,380,379   
  1859  E,319,320,381,380   
  1860  E,320,321,382,381   
  1861  E,321,322,383,382   
  1862  E,322,323,384,383   
  1863  E,323,324,385,384   
  1864  E,324,325,386,385   
  1865  E,325,326,387,386   
  1866  E,326,327,388,387   
  1867  E,327,328,389,388   
  1868  E,328,329,390,389   
  1869  E,329,330,391,390   
  1870  E,330,331,392,391   
  1871  E,331,332,393,392   
  1872  E,332,333,394,393   
  1873  E,333,334,395,394   
  1874  E,334,335,396,395   
  1875  E,335,336,397,396   
  1876  E,336,337,398,397   
  1877  E,337,338,399,398   
  1878  E,338,339,400,399   
  1879  E,339,340,401,400   
  1880  E,340,341,402,401   
  1881  E,341,342,403,402   
  1882  E,342,343,404,403   
  1883  E,343,344,405,404   
  1884  E,344,345,406,405   
  1885  E,345,346,407,406   
  1886  E,346,347,408,407   
  1887  E,347,348,409,408   
  1888  E,348,349,410,409   
  1889  E,349,350,411,410   
  1890  E,350,351,412,411   
  1891  E,351,352,413,412   
  1892  E,352,353,414,413   
  1893  E,353,354,415,414   
  1894  E,354,355,416,415   
  1895  E,355,356,417,416   
  1896  E,356,357,418,417   
  1897  E,357,358,419,418   
  1898  E,358,359,420,419   
  1899  E,359,360,421,420   
  1900  E,360,361,422,421   
  1901  E,361,362,423,422   
  1902  E,362,363,424,423   
  1903  E,363,364,425,424   
  1904  E,364,365,426,425   
  1905  E,365,366,427,426   
  1906  E,367,368,429,428   
  1907  E,368,369,430,429   
  1908  E,369,370,431,430   
  1909  E,370,371,432,431   
  1910  E,371,372,433,432   
  1911  E,372,373,434,433   
  1912  E,373,374,435,434   
  1913  E,374,375,436,435   
  1914  E,375,376,437,436   
  1915  E,376,377,438,437   
  1916  E,377,378,439,438   
  1917  E,378,379,440,439   
  1918  E,379,380,441,440   
  1919  E,380,381,442,441   
  1920  E,381,382,443,442   
  1921  E,382,383,444,443   
  1922  E,383,384,445,444   
  1923  E,384,385,446,445   
  1924  E,385,386,447,446   
  1925  E,386,387,448,447   
  1926  E,387,388,449,448   
  1927  E,388,389,450,449   
  1928  E,389,390,451,450   
  1929  E,390,391,452,451   
  1930  E,391,392,453,452   
  1931  E,392,393,454,453   
  1932  E,393,394,455,454   
  1933  E,394,395,456,455   
  1934  E,395,396,457,456   
  1935  E,396,397,458,457   
  1936  E,397,398,459,458   
  1937  E,398,399,460,459   
  1938  E,399,400,461,460   
  1939  E,400,401,462,461   
  1940  E,401,402,463,462   
  1941  E,402,403,464,463   
  1942  E,403,404,465,464   
  1943  E,404,405,466,465   
  1944  E,405,406,467,466   
  1945  E,406,407,468,467   
  1946  E,407,408,469,468   
  1947  E,408,409,470,469   
  1948  E,409,410,471,470   
  1949  E,410,411,472,471   
  1950  E,411,412,473,472   
  1951  E,412,413,474,473   
  1952  E,413,414,475,474   
  1953  E,414,415,476,475   
  1954  E,415,416,477,476   
  1955  E,416,417,478,477   
  1956  E,417,418,479,478   
  1957  E,418,419,480,479   
  1958  E,419,420,481,480   
  1959  E,420,421,482,481   
  1960  E,421,422,483,482   
  1961  E,422,423,484,483   
  1962  E,423,424,485,484   
  1963  E,424,425,486,485   
  1964  E,425,426,487,486   
  1965  E,426,427,488,487   
  1966  E,428,429,490,489   
  1967  E,429,430,491,490   
  1968  E,430,431,492,491   
  1969  E,431,432,493,492   
  1970  E,432,433,494,493   
  1971  E,433,434,495,494   
  1972  E,434,435,496,495   
  1973  E,435,436,497,496   
  1974  E,436,437,498,497   
  1975  E,437,438,499,498   
  1976  E,438,439,500,499   
  1977  E,439,440,501,500   
  1978  E,440,441,502,501   
  1979  E,441,442,503,502   
  1980  E,442,443,504,503   
  1981  E,443,444,505,504   
  1982  E,444,445,506,505   
  1983  E,445,446,507,506   
  1984  E,446,447,508,507   
  1985  E,447,448,509,508   
  1986  E,448,449,510,509   
  1987  E,449,450,511,510   
  1988  E,450,451,512,511   
  1989  E,451,452,513,512   
  1990  E,452,453,514,513   
  1991  E,453,454,515,514   
  1992  E,454,455,516,515   
  1993  E,455,456,517,516   
  1994  E,456,457,518,517   
  1995  E,457,458,519,518   
  1996  E,458,459,520,519   
  1997  E,459,460,521,520   
  1998  E,460,461,522,521   
  1999  E,461,462,523,522   
  2000  E,462,463,524,523   
  2001  E,463,464,525,524   
  2002  E,464,465,526,525   
  2003  E,465,466,527,526   
  2004  E,466,467,528,527   
  2005  E,467,468,529,528   
  2006  E,468,469,530,529   
  2007  E,469,470,531,530   
  2008  E,470,471,532,531   
  2009  E,471,472,533,532   
  2010  E,472,473,534,533   
  2011  E,473,474,535,534   
  2012  E,474,475,536,535   
  2013  E,475,476,537,536   
  2014  E,476,477,538,537   
  2015  E,477,478,539,538   
  2016  E,478,479,540,539   
  2017  E,479,480,541,540   
  2018  E,480,481,542,541   
  2019  E,481,482,543,542   
  2020  E,482,483,544,543   
  2021  E,483,484,545,544   
  2022  E,484,485,546,545   
  2023  E,485,486,547,546   
  2024  E,486,487,548,547   
  2025  E,487,488,549,548   
  2026  E,489,490,551,550   
  2027  E,490,491,552,551   
  2028  E,491,492,553,552   
  2029  E,492,493,554,553   
  2030  E,493,494,555,554   
  2031  E,494,495,556,555   
  2032  E,495,496,557,556   
  2033  E,496,497,558,557   
  2034  E,497,498,559,558   
  2035  E,498,499,560,559   
  2036  E,499,500,561,560   
  2037  E,500,501,562,561   
  2038  E,501,502,563,562   
  2039  E,502,503,564,563   
  2040  E,503,504,565,564   
  2041  E,504,505,566,565   
  2042  E,505,506,567,566   
  2043  E,506,507,568,567   
  2044  E,507,508,569,568   
  2045  E,508,509,570,569   
  2046  E,509,510,571,570   
  2047  E,510,511,572,571   
  2048  E,511,512,573,572   
  2049  E,512,513,574,573   
  2050  E,513,514,575,574   
  2051  E,514,515,576,575   
  2052  E,515,516,577,576   
  2053  E,516,517,578,577   
  2054  E,517,518,579,578   
  2055  E,518,519,580,579   
  2056  E,519,520,581,580   
  2057  E,520,521,582,581   
  2058  E,521,522,583,582   
  2059  E,522,523,584,583   
  2060  E,523,524,585,584   
  2061  E,524,525,586,585   
  2062  E,525,526,587,586   
  2063  E,526,527,588,587   
  2064  E,527,528,589,588   
  2065  E,528,529,590,589   
  2066  E,529,530,591,590   
  2067  E,530,531,592,591   
  2068  E,531,532,593,592   
  2069  E,532,533,594,593   
  2070  E,533,534,595,594   
  2071  E,534,535,596,595   
  2072  E,535,536,597,596   
  2073  E,536,537,598,597   
  2074  E,537,538,599,598   
  2075  E,538,539,600,599   
  2076  E,539,540,601,600   
  2077  E,540,541,602,601   
  2078  E,541,542,603,602   
  2079  E,542,543,604,603   
  2080  E,543,544,605,604   
  2081  E,544,545,606,605   
  2082  E,545,546,607,606   
  2083  E,546,547,608,607   
  2084  E,547,548,609,608   
  2085  E,548,549,610,609   
  2086  E,550,551,612,611   
  2087  E,551,552,613,612   
  2088  E,552,553,614,613   
  2089  E,553,554,615,614   
  2090  E,554,555,616,615   
  2091  E,555,556,617,616   
  2092  E,556,557,618,617   
  2093  E,557,558,619,618   
  2094  E,558,559,620,619   
  2095  E,559,560,621,620   
  2096  E,560,561,622,621   
  2097  E,561,562,623,622   
  2098  E,562,563,624,623   
  2099  E,563,564,625,624   
  2100  E,564,565,626,625   
  2101  E,565,566,627,626   
  2102  E,566,567,628,627   
  2103  E,567,568,629,628   
  2104  E,568,569,630,629   
  2105  E,569,570,631,630   
  2106  E,570,571,632,631   
  2107  E,571,572,633,632   
  2108  E,572,573,634,633   
  2109  E,573,574,635,634   
  2110  E,574,575,636,635   
  2111  E,575,576,637,636   
  2112  E,576,577,638,637   
  2113  E,577,578,639,638   
  2114  E,578,579,640,639   
  2115  E,579,580,641,640   
  2116  E,580,581,642,641   
  2117  E,581,582,643,642   
  2118  E,582,583,644,643   
  2119  E,583,584,645,644   
  2120  E,584,585,646,645   
  2121  E,585,586,647,646   
  2122  E,586,587,648,647   
  2123  E,587,588,649,648   
  2124  E,588,589,650,649   
  2125  E,589,590,651,650   
  2126  E,590,591,652,651   
  2127  E,591,592,653,652   
  2128  E,592,593,654,653   
  2129  E,593,594,655,654   
  2130  E,594,595,656,655   
  2131  E,595,596,657,656   
  2132  E,596,597,658,657   
  2133  E,597,598,659,658   
  2134  E,598,599,660,659   
  2135  E,599,600,661,660   
  2136  E,600,601,662,661   
  2137  E,601,602,663,662   
  2138  E,602,603,664,663   
  2139  E,603,604,665,664   
  2140  E,604,605,666,665   
  2141  E,605,606,667,666   
  2142  E,606,607,668,667   
  2143  E,607,608,669,668   
  2144  E,608,609,670,669   
  2145  E,609,610,671,670   
  2146  E,611,612,673,672   
  2147  E,612,613,674,673   
  2148  E,613,614,675,674   
  2149  E,614,615,676,675   
  2150  E,615,616,677,676   
  2151  E,616,617,678,677   
  2152  E,617,618,679,678   
  2153  E,618,619,680,679   
  2154  E,619,620,681,680   
  2155  E,620,621,682,681   
  2156  E,621,622,683,682   
  2157  E,622,623,684,683   
  2158  E,623,624,685,684   
  2159  E,624,625,686,685   
  2160  E,625,626,687,686   
  2161  E,626,627,688,687   
  2162  E,627,628,689,688   
  2163  E,628,629,690,689   
  2164  E,629,630,691,690   
  2165  E,630,631,692,691   
  2166  E,631,632,693,692   
  2167  E,632,633,694,693   
  2168  E,633,634,695,694   
  2169  E,634,635,696,695   
  2170  E,635,636,697,696   
  2171  E,636,637,698,697   
  2172  E,637,638,699,698   
  2173  E,638,639,700,699   
  2174  E,639,640,701,700   
  2175  E,640,641,702,701   
  2176  E,641,642,703,702   
  2177  E,642,643,704,703   
  2178  E,643,644,705,704   
  2179  E,644,645,706,705   
  2180  E,645,646,707,706   
  2181  E,646,647,708,707   
  2182  E,647,648,709,708   
  2183  E,648,649,710,709   
  2184  E,649,650,711,710   
  2185  E,650,651,712,711   
  2186  E,651,652,713,712   
  2187  E,652,653,714,713   
  2188  E,653,654,715,714   
  2189  E,654,655,716,715   
  2190  E,655,656,717,716   
  2191  E,656,657,718,717   
  2192  E,657,658,719,718   
  2193  E,658,659,720,719   
  2194  E,659,660,721,720   
  2195  E,660,661,722,721   
  2196  E,661,662,723,722   
  2197  E,662,663,724,723   
  2198  E,663,664,725,724   
  2199  E,664,665,726,725   
  2200  E,665,666,727,726   
  2201  E,666,667,728,727   
  2202  E,667,668,729,728   
  2203  E,668,669,730,729   
  2204  E,669,670,731,730   
  2205  E,670,671,732,731   
  2206  E,672,673,734,733   
  2207  E,673,674,735,734   
  2208  E,674,675,736,735   
  2209  E,675,676,737,736   
  2210  E,676,677,738,737   
  2211  E,677,678,739,738   
  2212  E,678,679,740,739   
  2213  E,679,680,741,740   
  2214  E,680,681,742,741   
  2215  E,681,682,743,742   
  2216  E,682,683,744,743   
  2217  E,683,684,745,744   
  2218  E,684,685,746,745   
  2219  E,685,686,747,746   
  2220  E,686,687,748,747   
  2221  E,687,688,749,748   
  2222  E,688,689,750,749   
  2223  E,689,690,751,750   
  2224  E,690,691,752,751   
  2225  E,691,692,753,752   
  2226  E,692,693,754,753   
  2227  E,693,694,755,754   
  2228  E,694,695,756,755   
  2229  E,695,696,757,756   
  2230  E,696,697,758,757   
  2231  E,697,698,759,758   
  2232  E,698,699,760,759   
  2233  E,699,700,761,760   
  2234  E,700,701,762,761   
  2235  E,701,702,763,762   
  2236  E,702,703,764,763   
  2237  E,703,704,765,764   
  2238  E,704,705,766,765   
  2239  E,705,706,767,766   
  2240  E,706,707,768,767   
  2241  E,707,708,769,768   
  2242  E,708,709,770,769   
  2243  E,709,710,771,770   
  2244  E,710,711,772,771   
  2245  E,711,712,773,772   
  2246  E,712,713,774,773   
  2247  E,713,714,775,774   
  2248  E,714,715,776,775   
  2249  E,715,716,777,776   
  2250  E,716,717,778,777   
  2251  E,717,718,779,778   
  2252  E,718,719,780,779   
  2253  E,719,720,781,780   
  2254  E,720,721,782,781   
  2255  E,721,722,783,782   
  2256  E,722,723,784,783   
  2257  E,723,724,785,784   
  2258  E,724,725,786,785   
  2259  E,725,726,787,786   
  2260  E,726,727,788,787   
  2261  E,727,728,789,788   
  2262  E,728,729,790,789   
  2263  E,729,730,791,790   
  2264  E,730,731,792,791   
  2265  E,731,732,793,792   
  2266  E,733,734,795,794   
  2267  E,734,735,796,795   
  2268  E,735,736,797,796   
  2269  E,736,737,798,797   
  2270  E,737,738,799,798   
  2271  E,738,739,800,799   
  2272  E,739,740,801,800   
  2273  E,740,741,802,801   
  2274  E,741,742,803,802   
  2275  E,742,743,804,803   
  2276  E,743,744,805,804   
  2277  E,744,745,806,805   
  2278  E,745,746,807,806   
  2279  E,746,747,808,807   
  2280  E,747,748,809,808   
  2281  E,748,749,810,809   
  2282  E,749,750,811,810   
  2283  E,750,751,812,811   
  2284  E,751,752,813,812   
  2285  E,752,753,814,813   
  2286  E,753,754,815,814   
  2287  E,754,755,816,815   
  2288  E,755,756,817,816   
  2289  E,756,757,818,817   
  2290  E,757,758,819,818   
  2291  E,758,759,820,819   
  2292  E,759,760,821,820   
  2293  E,760,761,822,821   
  2294  E,761,762,823,822   
  2295  E,762,763,824,823   
  2296  E,763,764,825,824   
  2297  E,764,765,826,825   
  2298  E,765,766,827,826   
  2299  E,766,767,828,827   
  2300  E,767,768,829,828   
  2301  E,768,769,830,829   
  2302  E,769,770,831,830   
  2303  E,770,771,832,831   
  2304  E,771,772,833,832   
  2305  E,772,773,834,833   
  2306  E,773,774,835,834   
  2307  E,774,775,836,835   
  2308  E,775,776,837,836   
  2309  E,776,777,838,837   
  2310  E,777,778,839,838   
  2311  E,778,779,840,839   
  2312  E,779,780,841,840   
  2313  E,780,781,842,841   
  2314  E,781,782,843,842   
  2315  E,782,783,844,843   
  2316  E,783,784,845,844   
  2317  E,784,785,846,845   
  2318  E,785,786,847,846   
  2319  E,786,787,848,847   
  2320  E,787,788,849,848   
  2321  E,788,789,850,849   
  2322  E,789,790,851,850   
  2323  E,790,791,852,851   
  2324  E,791,792,853,852   
  2325  E,792,793,854,853   
  2326  E,794,795,856,855   
  2327  E,795,796,857,856   
  2328  E,796,797,858,857   
  2329  E,797,798,859,858   
  2330  E,798,799,860,859   
  2331  E,799,800,861,860   
  2332  E,800,801,862,861   
  2333  E,801,802,863,862   
  2334  E,802,803,864,863   
  2335  E,803,804,865,864   
  2336  E,804,805,866,865   
  2337  E,805,806,867,866   
  2338  E,806,807,868,867   
  2339  E,807,808,869,868   
  2340  E,808,809,870,869   
  2341  E,809,810,871,870   
  2342  E,810,811,872,871   
  2343  E,811,812,873,872   
  2344  E,812,813,874,873   
  2345  E,813,814,875,874   
  2346  E,814,815,876,875   
  2347  E,815,816,877,876   
  2348  E,816,817,878,877   
  2349  E,817,818,879,878   
  2350  E,818,819,880,879   
  2351  E,819,820,881,880   
  2352  E,820,821,882,881   
  2353  E,821,822,883,882   
  2354  E,822,823,884,883   
  2355  E,823,824,885,884   
  2356  E,824,825,886,885   
  2357  E,825,826,887,886   
  2358  E,826,827,888,887   
  2359  E,827,828,889,888   
  2360  E,828,829,890,889   
  2361  E,829,830,891,890   
  2362  E,830,831,892,891   
  2363  E,831,832,893,892   
  2364  E,832,833,894,893   
  2365  E,833,834,895,894   
  2366  E,834,835,896,895   
  2367  E,835,836,897,896   
  2368  E,836,837,898,897   
  2369  E,837,838,899,898   
  2370  E,838,839,900,899   
  2371  E,839,840,901,900   
  2372  E,840,841,902,901   
  2373  E,841,842,903,902   
  2374  E,842,843,904,903   
  2375  E,843,844,905,904   
  2376  E,844,845,906,905   
  2377  E,845,846,907,906   
  2378  E,846,847,908,907   
  2379  E,847,848,909,908   
  2380  E,848,849,910,909   
  2381  E,849,850,911,910   
  2382  E,850,851,912,911   
  2383  E,851,852,913,912   
  2384  E,852,853,914,913   
  2385  E,853,854,915,914   
  2386  E,855,856,917,916   
  2387  E,856,857,918,917   
  2388  E,857,858,919,918   
  2389  E,858,859,920,919   
  2390  E,859,860,921,920   
  2391  E,860,861,922,921   
  2392  E,861,862,923,922   
  2393  E,862,863,924,923   
  2394  E,863,864,925,924   
  2395  E,864,865,926,925   
  2396  E,865,866,927,926   
  2397  E,866,867,928,927   
  2398  E,867,868,929,928   
  2399  E,868,869,930,929   
  2400  E,869,870,931,930   
  2401  E,870,871,932,931   
  2402  E,871,872,933,932   
  2403  E,872,873,934,933   
  2404  E,873,874,935,934   
  2405  E,874,875,936,935   
  2406  E,875,876,937,936   
  2407  E,876,877,938,937   
  2408  E,877,878,939,938   
  2409  E,878,879,940,939   
  2410  E,879,880,941,940   
  2411  E,880,881,942,941   
  2412  E,881,882,943,942   
  2413  E,882,883,944,943   
  2414  E,883,884,945,944   
  2415  E,884,885,946,945   
  2416  E,885,886,947,946   
  2417  E,886,887,948,947   
  2418  E,887,888,949,948   
  2419  E,888,889,950,949   
  2420  E,889,890,951,950   
  2421  E,890,891,952,951   
  2422  E,891,892,953,952   
  2423  E,892,893,954,953   
  2424  E,893,894,955,954   
  2425  E,894,895,956,955   
  2426  E,895,896,957,956   
  2427  E,896,897,958,957   
  2428  E,897,898,959,958   
  2429  E,898,899,960,959   
  2430  E,899,900,961,960   
  2431  E,900,901,962,961   
  2432  E,901,902,963,962   
  2433  E,902,903,964,963   
  2434  E,903,904,965,964   
  2435  E,904,905,966,965   
  2436  E,905,906,967,966   
  2437  E,906,907,968,967   
  2438  E,907,908,969,968   
  2439  E,908,909,970,969   
  2440  E,909,910,971,970   
  2441  E,910,911,972,971   
  2442  E,911,912,973,972   
  2443  E,912,913,974,973   
  2444  E,913,914,975,974   
  2445  E,914,915,976,975   
  2446  E,916,917,978,977   
  2447  E,917,918,979,978   
  2448  E,918,919,980,979   
  2449  E,919,920,981,980   
  2450  E,920,921,982,981   
  2451  E,921,922,983,982   
  2452  E,922,923,984,983   
  2453  E,923,924,985,984   
  2454  E,924,925,986,985   
  2455  E,925,926,987,986   
  2456  E,926,927,988,987   
  2457  E,927,928,989,988   
  2458  E,928,929,990,989   
  2459  E,929,930,991,990   
  2460  E,930,931,992,991   
  2461  E,931,932,993,992   
  2462  E,932,933,994,993   
  2463  E,933,934,995,994   
  2464  E,934,935,996,995   
  2465  E,935,936,997,996   
  2466  E,936,937,998,997   
  2467  E,937,938,999,998   
  2468  E,938,939,1000,999  
  2469  E,939,940,1001,1000 
  2470  E,940,941,1002,1001 
  2471  E,941,942,1003,1002 
  2472  E,942,943,1004,1003 
  2473  E,943,944,1005,1004 
  2474  E,944,945,1006,1005 
  2475  E,945,946,1007,1006 
  2476  E,946,947,1008,1007 
  2477  E,947,948,1009,1008 
  2478  E,948,949,1010,1009 
  2479  E,949,950,1011,1010 
  2480  E,950,951,1012,1011 
  2481  E,951,952,1013,1012 
  2482  E,952,953,1014,1013 
  2483  E,953,954,1015,1014 
  2484  E,954,955,1016,1015 
  2485  E,955,956,1017,1016 
  2486  E,956,957,1018,1017 
  2487  E,957,958,1019,1018 
  2488  E,958,959,1020,1019 
  2489  E,959,960,1021,1020 
  2490  E,960,961,1022,1021 
  2491  E,961,962,1023,1022 
  2492  E,962,963,1024,1023 
  2493  E,963,964,1025,1024 
  2494  E,964,965,1026,1025 
  2495  E,965,966,1027,1026 
  2496  E,966,967,1028,1027 
  2497  E,967,968,1029,1028 
  2498  E,968,969,1030,1029 
  2499  E,969,970,1031,1030 
  2500  E,970,971,1032,1031 
  2501  E,971,972,1033,1032 
  2502  E,972,973,1034,1033 
  2503  E,973,974,1035,1034 
  2504  E,974,975,1036,1035 
  2505  E,975,976,1037,1036 
  2506  E,977,978,1039,1038 
  2507  E,978,979,1040,1039 
  2508  E,979,980,1041,1040 
  2509  E,980,981,1042,1041 
  2510  E,981,982,1043,1042 
  2511  E,982,983,1044,1043 
  2512  E,983,984,1045,1044 
  2513  E,984,985,1046,1045 
  2514  E,985,986,1047,1046 
  2515  E,986,987,1048,1047 
  2516  E,987,988,1049,1048 
  2517  E,988,989,1050,1049 
  2518  E,989,990,1051,1050 
  2519  E,990,991,1052,1051 
  2520  E,991,992,1053,1052 
  2521  E,992,993,1054,1053 
  2522  E,993,994,1055,1054 
  2523  E,994,995,1056,1055 
  2524  E,995,996,1057,1056 
  2525  E,996,997,1058,1057 
  2526  E,997,998,1059,1058 
  2527  E,998,999,1060,1059 
  2528  E,999,1000,1061,1060
  2529  E,1000,1001,1062,1061   
  2530  E,1001,1002,1063,1062   
  2531  E,1002,1003,1064,1063   
  2532  E,1003,1004,1065,1064   
  2533  E,1004,1005,1066,1065   
  2534  E,1005,1006,1067,1066   
  2535  E,1006,1007,1068,1067   
  2536  E,1007,1008,1069,1068   
  2537  E,1008,1009,1070,1069   
  2538  E,1009,1010,1071,1070   
  2539  E,1010,1011,1072,1071   
  2540  E,1011,1012,1073,1072   
  2541  E,1012,1013,1074,1073   
  2542  E,1013,1014,1075,1074   
  2543  E,1014,1015,1076,1075   
  2544  E,1015,1016,1077,1076   
  2545  E,1016,1017,1078,1077   
  2546  E,1017,1018,1079,1078   
  2547  E,1018,1019,1080,1079   
  2548  E,1019,1020,1081,1080   
  2549  E,1020,1021,1082,1081   
  2550  E,1021,1022,1083,1082   
  2551  E,1022,1023,1084,1083   
  2552  E,1023,1024,1085,1084   
  2553  E,1024,1025,1086,1085   
  2554  E,1025,1026,1087,1086   
  2555  E,1026,1027,1088,1087   
  2556  E,1027,1028,1089,1088   
  2557  E,1028,1029,1090,1089   
  2558  E,1029,1030,1091,1090   
  2559  E,1030,1031,1092,1091   
  2560  E,1031,1032,1093,1092   
  2561  E,1032,1033,1094,1093   
  2562  E,1033,1034,1095,1094   
  2563  E,1034,1035,1096,1095   
  2564  E,1035,1036,1097,1096   
  2565  E,1036,1037,1098,1097   
  2566  E,1038,1039,1100,1099   
  2567  E,1039,1040,1101,1100   
  2568  E,1040,1041,1102,1101   
  2569  E,1041,1042,1103,1102   
  2570  E,1042,1043,1104,1103   
  2571  E,1043,1044,1105,1104   
  2572  E,1044,1045,1106,1105   
  2573  E,1045,1046,1107,1106   
  2574  E,1046,1047,1108,1107   
  2575  E,1047,1048,1109,1108   
  2576  E,1048,1049,1110,1109   
  2577  E,1049,1050,1111,1110   
  2578  E,1050,1051,1112,1111   
  2579  E,1051,1052,1113,1112   
  2580  E,1052,1053,1114,1113   
  2581  E,1053,1054,1115,1114   
  2582  E,1054,1055,1116,1115   
  2583  E,1055,1056,1117,1116   
  2584  E,1056,1057,1118,1117   
  2585  E,1057,1058,1119,1118   
  2586  E,1058,1059,1120,1119   
  2587  E,1059,1060,1121,1120   
  2588  E,1060,1061,1122,1121   
  2589  E,1061,1062,1123,1122   
  2590  E,1062,1063,1124,1123   
  2591  E,1063,1064,1125,1124   
  2592  E,1064,1065,1126,1125   
  2593  E,1065,1066,1127,1126   
  2594  E,1066,1067,1128,1127   
  2595  E,1067,1068,1129,1128   
  2596  E,1068,1069,1130,1129   
  2597  E,1069,1070,1131,1130   
  2598  E,1070,1071,1132,1131   
  2599  E,1071,1072,1133,1132   
  2600  E,1072,1073,1134,1133   
  2601  E,1073,1074,1135,1134   
  2602  E,1074,1075,1136,1135   
  2603  E,1075,1076,1137,1136   
  2604  E,1076,1077,1138,1137   
  2605  E,1077,1078,1139,1138   
  2606  E,1078,1079,1140,1139   
  2607  E,1079,1080,1141,1140   
  2608  E,1080,1081,1142,1141   
  2609  E,1081,1082,1143,1142   
  2610  E,1082,1083,1144,1143   
  2611  E,1083,1084,1145,1144   
  2612  E,1084,1085,1146,1145   
  2613  E,1085,1086,1147,1146   
  2614  E,1086,1087,1148,1147   
  2615  E,1087,1088,1149,1148   
  2616  E,1088,1089,1150,1149   
  2617  E,1089,1090,1151,1150   
  2618  E,1090,1091,1152,1151   
  2619  E,1091,1092,1153,1152   
  2620  E,1092,1093,1154,1153   
  2621  E,1093,1094,1155,1154   
  2622  E,1094,1095,1156,1155   
  2623  E,1095,1096,1157,1156   
  2624  E,1096,1097,1158,1157   
  2625  E,1097,1098,1159,1158   
  2626  E,1099,1100,1161,1160   
  2627  E,1100,1101,1162,1161   
  2628  E,1101,1102,1163,1162   
  2629  E,1102,1103,1164,1163   
  2630  E,1103,1104,1165,1164   
  2631  E,1104,1105,1166,1165   
  2632  E,1105,1106,1167,1166   
  2633  E,1106,1107,1168,1167   
  2634  E,1107,1108,1169,1168   
  2635  E,1108,1109,1170,1169   
  2636  E,1109,1110,1171,1170   
  2637  E,1110,1111,1172,1171   
  2638  E,1111,1112,1173,1172   
  2639  E,1112,1113,1174,1173   
  2640  E,1113,1114,1175,1174   
  2641  E,1114,1115,1176,1175   
  2642  E,1115,1116,1177,1176   
  2643  E,1116,1117,1178,1177   
  2644  E,1117,1118,1179,1178   
  2645  E,1118,1119,1180,1179   
  2646  E,1119,1120,1181,1180   
  2647  E,1120,1121,1182,1181   
  2648  E,1121,1122,1183,1182   
  2649  E,1122,1123,1184,1183   
  2650  E,1123,1124,1185,1184   
  2651  E,1124,1125,1186,1185   
  2652  E,1125,1126,1187,1186   
  2653  E,1126,1127,1188,1187   
  2654  E,1127,1128,1189,1188   
  2655  E,1128,1129,1190,1189   
  2656  E,1129,1130,1191,1190   
  2657  E,1130,1131,1192,1191   
  2658  E,1131,1132,1193,1192   
  2659  E,1132,1133,1194,1193   
  2660  E,1133,1134,1195,1194   
  2661  E,1134,1135,1196,1195   
  2662  E,1135,1136,1197,1196   
  2663  E,1136,1137,1198,1197   
  2664  E,1137,1138,1199,1198   
  2665  E,1138,1139,1200,1199   
  2666  E,1139,1140,1201,1200   
  2667  E,1140,1141,1202,1201   
  2668  E,1141,1142,1203,1202   
  2669  E,1142,1143,1204,1203   
  2670  E,1143,1144,1205,1204   
  2671  E,1144,1145,1206,1205   
  2672  E,1145,1146,1207,1206   
  2673  E,1146,1147,1208,1207   
  2674  E,1147,1148,1209,1208   
  2675  E,1148,1149,1210,1209   
  2676  E,1149,1150,1211,1210   
  2677  E,1150,1151,1212,1211   
  2678  E,1151,1152,1213,1212   
  2679  E,1152,1153,1214,1213   
  2680  E,1153,1154,1215,1214   
  2681  E,1154,1155,1216,1215   
  2682  E,1155,1156,1217,1216   
  2683  E,1156,1157,1218,1217   
  2684  E,1157,1158,1219,1218   
  2685  E,1158,1159,1220,1219   
  2686  E,1160,1161,1222,1221   
  2687  E,1161,1162,1223,1222   
  2688  E,1162,1163,1224,1223   
  2689  E,1163,1164,1225,1224   
  2690  E,1164,1165,1226,1225   
  2691  E,1165,1166,1227,1226   
  2692  E,1166,1167,1228,1227   
  2693  E,1167,1168,1229,1228   
  2694  E,1168,1169,1230,1229   
  2695  E,1169,1170,1231,1230   
  2696  E,1170,1171,1232,1231   
  2697  E,1171,1172,1233,1232   
  2698  E,1172,1173,1234,1233   
  2699  E,1173,1174,1235,1234   
  2700  E,1174,1175,1236,1235   
  2701  E,1175,1176,1237,1236   
  2702  E,1176,1177,1238,1237   
  2703  E,1177,1178,1239,1238   
  2704  E,1178,1179,1240,1239   
  2705  E,1179,1180,1241,1240   
  2706  E,1180,1181,1242,1241   
  2707  E,1181,1182,1243,1242   
  2708  E,1182,1183,1244,1243   
  2709  E,1183,1184,1245,1244   
  2710  E,1184,1185,1246,1245   
  2711  E,1185,1186,1247,1246   
  2712  E,1186,1187,1248,1247   
  2713  E,1187,1188,1249,1248   
  2714  E,1188,1189,1250,1249   
  2715  E,1189,1190,1251,1250   
  2716  E,1190,1191,1252,1251   
  2717  E,1191,1192,1253,1252   
  2718  E,1192,1193,1254,1253   
  2719  E,1193,1194,1255,1254   
  2720  E,1194,1195,1256,1255   
  2721  E,1195,1196,1257,1256   
  2722  E,1196,1197,1258,1257   
  2723  E,1197,1198,1259,1258   
  2724  E,1198,1199,1260,1259   
  2725  E,1199,1200,1261,1260   
  2726  E,1200,1201,1262,1261   
  2727  E,1201,1202,1263,1262   
  2728  E,1202,1203,1264,1263   
  2729  E,1203,1204,1265,1264   
  2730  E,1204,1205,1266,1265   
  2731  E,1205,1206,1267,1266   
  2732  E,1206,1207,1268,1267   
  2733  E,1207,1208,1269,1268   
  2734  E,1208,1209,1270,1269   
  2735  E,1209,1210,1271,1270   
  2736  E,1210,1211,1272,1271   
  2737  E,1211,1212,1273,1272   
  2738  E,1212,1213,1274,1273   
  2739  E,1213,1214,1275,1274   
  2740  E,1214,1215,1276,1275   
  2741  E,1215,1216,1277,1276   
  2742  E,1216,1217,1278,1277   
  2743  E,1217,1218,1279,1278   
  2744  E,1218,1219,1280,1279   
  2745  E,1219,1220,1281,1280   
  2746  E,1221,1222,1283,1282   
  2747  E,1222,1223,1284,1283   
  2748  E,1223,1224,1285,1284   
  2749  E,1224,1225,1286,1285   
  2750  E,1225,1226,1287,1286   
  2751  E,1226,1227,1288,1287   
  2752  E,1227,1228,1289,1288   
  2753  E,1228,1229,1290,1289   
  2754  E,1229,1230,1291,1290   
  2755  E,1230,1231,1292,1291   
  2756  E,1231,1232,1293,1292   
  2757  E,1232,1233,1294,1293   
  2758  E,1233,1234,1295,1294   
  2759  E,1234,1235,1296,1295   
  2760  E,1235,1236,1297,1296   
  2761  E,1236,1237,1298,1297   
  2762  E,1237,1238,1299,1298   
  2763  E,1238,1239,1300,1299   
  2764  E,1239,1240,1301,1300   
  2765  E,1240,1241,1302,1301   
  2766  E,1241,1242,1303,1302   
  2767  E,1242,1243,1304,1303   
  2768  E,1243,1244,1305,1304   
  2769  E,1244,1245,1306,1305   
  2770  E,1245,1246,1307,1306   
  2771  E,1246,1247,1308,1307   
  2772  E,1247,1248,1309,1308   
  2773  E,1248,1249,1310,1309   
  2774  E,1249,1250,1311,1310   
  2775  E,1250,1251,1312,1311   
  2776  E,1251,1252,1313,1312   
  2777  E,1252,1253,1314,1313   
  2778  E,1253,1254,1315,1314   
  2779  E,1254,1255,1316,1315   
  2780  E,1255,1256,1317,1316   
  2781  E,1256,1257,1318,1317   
  2782  E,1257,1258,1319,1318   
  2783  E,1258,1259,1320,1319   
  2784  E,1259,1260,1321,1320   
  2785  E,1260,1261,1322,1321   
  2786  E,1261,1262,1323,1322   
  2787  E,1262,1263,1324,1323   
  2788  E,1263,1264,1325,1324   
  2789  E,1264,1265,1326,1325   
  2790  E,1265,1266,1327,1326   
  2791  E,1266,1267,1328,1327   
  2792  E,1267,1268,1329,1328   
  2793  E,1268,1269,1330,1329   
  2794  E,1269,1270,1331,1330   
  2795  E,1270,1271,1332,1331   
  2796  E,1271,1272,1333,1332   
  2797  E,1272,1273,1334,1333   
  2798  E,1273,1274,1335,1334   
  2799  E,1274,1275,1336,1335   
  2800  E,1275,1276,1337,1336   
  2801  E,1276,1277,1338,1337   
  2802  E,1277,1278,1339,1338   
  2803  E,1278,1279,1340,1339   
  2804  E,1279,1280,1341,1340   
  2805  E,1280,1281,1342,1341   
  2806  E,1282,1283,1344,1343   
  2807  E,1283,1284,1345,1344   
  2808  E,1284,1285,1346,1345   
  2809  E,1285,1286,1347,1346   
  2810  E,1286,1287,1348,1347   
  2811  E,1287,1288,1349,1348   
  2812  E,1288,1289,1350,1349   
  2813  E,1289,1290,1351,1350   
  2814  E,1290,1291,1352,1351   
  2815  E,1291,1292,1353,1352   
  2816  E,1292,1293,1354,1353   
  2817  E,1293,1294,1355,1354   
  2818  E,1294,1295,1356,1355   
  2819  E,1295,1296,1357,1356   
  2820  E,1296,1297,1358,1357   
  2821  E,1297,1298,1359,1358   
  2822  E,1298,1299,1360,1359   
  2823  E,1299,1300,1361,1360   
  2824  E,1300,1301,1362,1361   
  2825  E,1301,1302,1363,1362   
  2826  E,1302,1303,1364,1363   
  2827  E,1303,1304,1365,1364   
  2828  E,1304,1305,1366,1365   
  2829  E,1305,1306,1367,1366   
  2830  E,1306,1307,1368,1367   
  2831  E,1307,1308,1369,1368   
  2832  E,1308,1309,1370,1369   
  2833  E,1309,1310,1371,1370   
  2834  E,1310,1311,1372,1371   
  2835  E,1311,1312,1373,1372   
  2836  E,1312,1313,1374,1373   
  2837  E,1313,1314,1375,1374   
  2838  E,1314,1315,1376,1375   
  2839  E,1315,1316,1377,1376   
  2840  E,1316,1317,1378,1377   
  2841  E,1317,1318,1379,1378   
  2842  E,1318,1319,1380,1379   
  2843  E,1319,1320,1381,1380   
  2844  E,1320,1321,1382,1381   
  2845  E,1321,1322,1383,1382   
  2846  E,1322,1323,1384,1383   
  2847  E,1323,1324,1385,1384   
  2848  E,1324,1325,1386,1385   
  2849  E,1325,1326,1387,1386   
  2850  E,1326,1327,1388,1387   
  2851  E,1327,1328,1389,1388   
  2852  E,1328,1329,1390,1389   
  2853  E,1329,1330,1391,1390   
  2854  E,1330,1331,1392,1391   
  2855  E,1331,1332,1393,1392   
  2856  E,1332,1333,1394,1393   
  2857  E,1333,1334,1395,1394   
  2858  E,1334,1335,1396,1395   
  2859  E,1335,1336,1397,1396   
  2860  E,1336,1337,1398,1397   
  2861  E,1337,1338,1399,1398   
  2862  E,1338,1339,1400,1399   
  2863  E,1339,1340,1401,1400   
  2864  E,1340,1341,1402,1401   
  2865  E,1341,1342,1403,1402   
  2866  E,1343,1344,1405,1404   
  2867  E,1344,1345,1406,1405   
  2868  E,1345,1346,1407,1406   
  2869  E,1346,1347,1408,1407   
  2870  E,1347,1348,1409,1408   
  2871  E,1348,1349,1410,1409   
  2872  E,1349,1350,1411,1410   
  2873  E,1350,1351,1412,1411   
  2874  E,1351,1352,1413,1412   
  2875  E,1352,1353,1414,1413   
  2876  E,1353,1354,1415,1414   
  2877  E,1354,1355,1416,1415   
  2878  E,1355,1356,1417,1416   
  2879  E,1356,1357,1418,1417   
  2880  E,1357,1358,1419,1418   
  2881  E,1358,1359,1420,1419   
  2882  E,1359,1360,1421,1420   
  2883  E,1360,1361,1422,1421   
  2884  E,1361,1362,1423,1422   
  2885  E,1362,1363,1424,1423   
  2886  E,1363,1364,1425,1424   
  2887  E,1364,1365,1426,1425   
  2888  E,1365,1366,1427,1426   
  2889  E,1366,1367,1428,1427   
  2890  E,1367,1368,1429,1428   
  2891  E,1368,1369,1430,1429   
  2892  E,1369,1370,1431,1430   
  2893  E,1370,1371,1432,1431   
  2894  E,1371,1372,1433,1432   
  2895  E,1372,1373,1434,1433   
  2896  E,1373,1374,1435,1434   
  2897  E,1374,1375,1436,1435   
  2898  E,1375,1376,1437,1436   
  2899  E,1376,1377,1438,1437   
  2900  E,1377,1378,1439,1438   
  2901  E,1378,1379,1440,1439   
  2902  E,1379,1380,1441,1440   
  2903  E,1380,1381,1442,1441   
  2904  E,1381,1382,1443,1442   
  2905  E,1382,1383,1444,1443   
  2906  E,1383,1384,1445,1444   
  2907  E,1384,1385,1446,1445   
  2908  E,1385,1386,1447,1446   
  2909  E,1386,1387,1448,1447   
  2910  E,1387,1388,1449,1448   
  2911  E,1388,1389,1450,1449   
  2912  E,1389,1390,1451,1450   
  2913  E,1390,1391,1452,1451   
  2914  E,1391,1392,1453,1452   
  2915  E,1392,1393,1454,1453   
  2916  E,1393,1394,1455,1454   
  2917  E,1394,1395,1456,1455   
  2918  E,1395,1396,1457,1456   
  2919  E,1396,1397,1458,1457   
  2920  E,1397,1398,1459,1458   
  2921  E,1398,1399,1460,1459   
  2922  E,1399,1400,1461,1460   
  2923  E,1400,1401,1462,1461   
  2924  E,1401,1402,1463,1462   
  2925  E,1402,1403,1464,1463   
  2926  E,1404,1405,1466,1465   
  2927  E,1405,1406,1467,1466   
  2928  E,1406,1407,1468,1467   
  2929  E,1407,1408,1469,1468   
  2930  E,1408,1409,1470,1469   
  2931  E,1409,1410,1471,1470   
  2932  E,1410,1411,1472,1471   
  2933  E,1411,1412,1473,1472   
  2934  E,1412,1413,1474,1473   
  2935  E,1413,1414,1475,1474   
  2936  E,1414,1415,1476,1475   
  2937  E,1415,1416,1477,1476   
  2938  E,1416,1417,1478,1477   
  2939  E,1417,1418,1479,1478   
  2940  E,1418,1419,1480,1479   
  2941  E,1419,1420,1481,1480   
  2942  E,1420,1421,1482,1481   
  2943  E,1421,1422,1483,1482   
  2944  E,1422,1423,1484,1483   
  2945  E,1423,1424,1485,1484   
  2946  E,1424,1425,1486,1485   
  2947  E,1425,1426,1487,1486   
  2948  E,1426,1427,1488,1487   
  2949  E,1427,1428,1489,1488   
  2950  E,1428,1429,1490,1489   
  2951  E,1429,1430,1491,1490   
  2952  E,1430,1431,1492,1491   
  2953  E,1431,1432,1493,1492   
  2954  E,1432,1433,1494,1493   
  2955  E,1433,1434,1495,1494   
  2956  E,1434,1435,1496,1495   
  2957  E,1435,1436,1497,1496   
  2958  E,1436,1437,1498,1497   
  2959  E,1437,1438,1499,1498   
  2960  E,1438,1439,1500,1499   
  2961  E,1439,1440,1501,1500   
  2962  E,1440,1441,1502,1501   
  2963  E,1441,1442,1503,1502   
  2964  E,1442,1443,1504,1503   
  2965  E,1443,1444,1505,1504   
  2966  E,1444,1445,1506,1505   
  2967  E,1445,1446,1507,1506   
  2968  E,1446,1447,1508,1507   
  2969  E,1447,1448,1509,1508   
  2970  E,1448,1449,1510,1509   
  2971  E,1449,1450,1511,1510   
  2972  E,1450,1451,1512,1511   
  2973  E,1451,1452,1513,1512   
  2974  E,1452,1453,1514,1513   
  2975  E,1453,1454,1515,1514   
  2976  E,1454,1455,1516,1515   
  2977  E,1455,1456,1517,1516   
  2978  E,1456,1457,1518,1517   
  2979  E,1457,1458,1519,1518   
  2980  E,1458,1459,1520,1519   
  2981  E,1459,1460,1521,1520   
  2982  E,1460,1461,1522,1521   
  2983  E,1461,1462,1523,1522   
  2984  E,1462,1463,1524,1523   
  2985  E,1463,1464,1525,1524   
  2986  D,1,UY,0
  2987  D,2,UY,0
  2988  D,3,UY,0
  2989  D,4,UY,0
  2990  D,5,UY,0
  2991  D,6,UY,0
  2992  D,7,UY,0
  2993  D,8,UY,0
  2994  D,9,UY,0
  2995  D,10,UY,0   
  2996  D,11,UY,0   
  2997  D,12,UY,0   
  2998  D,13,UY,0   
  2999  D,14,UY,0   
  3000  D,15,UY,0   
  3001  D,16,UY,0   
  3002  D,17,UY,0   
  3003  D,18,UY,0   
  3004  D,19,UY,0   
  3005  D,20,UY,0   
  3006  D,21,UY,0   
  3007  D,22,UY,0   
  3008  D,23,UY,0   
  3009  D,24,UY,0   
  3010  D,25,UY,0   
  3011  D,26,UY,0   
  3012  D,27,UY,0   
  3013  D,28,UY,0   
  3014  D,29,UY,0   
  3015  D,30,UY,0   
  3016  D,31,UY,0   
  3017  D,32,UY,0   
  3018  D,33,UY,0   
  3019  D,34,UY,0   
  3020  D,35,UY,0   
  3021  D,36,UY,0   
  3022  D,37,UY,0   
  3023  D,38,UY,0   
  3024  D,39,UY,0   
  3025  D,40,UY,0   
  3026  D,41,UY,0   
  3027  D,42,UY,0   
  3028  D,43,UY,0   
  3029  D,44,UY,0   
  3030  D,45,UY,0   
  3031  D,46,UY,0   
  3032  D,47,UY,0   
  3033  D,48,UY,0   
  3034  D,49,UY,0   
  3035  D,50,UY,0   
  3036  D,51,UY,0   
  3037  D,52,UY,0   
  3038  D,53,UY,0   
  3039  D,54,UY,0   
  3040  D,55,UY,0   
  3041  D,56,UY,0   
  3042  D,57,UY,0   
  3043  D,58,UY,0   
  3044  D,59,UY,0   
  3045  D,60,UY,0   
  3046  D,61,UY,0   
  3047  D,1,UX,0
  3048  N,900001,0,4.02,0   
  3049  N,900002,10,4.02,0  
  3050  D,900001,ALL,0  
  3051  D,900002,ALL,0  
  3052  TYPE,2  
  3053  REAL,3  
  3054  MAT,1   
  3055  E,900001,900002 
  3056  TYPE,3  
  3057  REAL,3  
  3058  MAT,1   
  3059  E,1466,1465 
  3060  E,1467,1466 
  3061  E,1468,1467 
  3062  E,1469,1468 
  3063  E,1470,1469 
  3064  E,1471,1470 
  3065  E,1472,1471 
  3066  E,1473,1472 
  3067  E,1474,1473 
  3068  E,1475,1474 
  3069  E,1476,1475 
  3070  E,1477,1476 
  3071  E,1478,1477 
  3072  E,1479,1478 
  3073  E,1480,1479 
  3074  E,1481,1480 
  3075  E,1482,1481 
  3076  E,1483,1482 
  3077  E,1484,1483 
  3078  E,1485,1484 
  3079  E,1486,1485 
  3080  E,1487,1486 
  3081  E,1488,1487 
  3082  E,1489,1488 
  3083  E,1490,1489 
  3084  E,1491,1490 
  3085  E,1492,1491 
  3086  E,1493,1492 
  3087  E,1494,1493 
  3088  E,1495,1494 
  3089  E,1496,1495 
  3090  E,1497,1496 
  3091  E,1498,1497 
  3092  E,1499,1498 
  3093  E,1500,1499 
  3094  E,1501,1500 
  3095  E,1502,1501 
  3096  E,1503,1502 
  3097  E,1504,1503 
  3098  E,1505,1504 
  3099  E,1506,1505 
  3100  E,1507,1506 
  3101  E,1508,1507 
  3102  E,1509,1508 
  3103  E,1510,1509 
  3104  E,1511,1510 
  3105  E,1512,1511 
  3106  E,1513,1512 
  3107  E,1514,1513 
  3108  E,1515,1514 
  3109  E,1516,1515 
  3110  E,1517,1516 
  3111  E,1518,1517 
  3112  E,1519,1518 
  3113  E,1520,1519 
  3114  E,1521,1520 
  3115  E,1522,1521 
  3116  E,1523,1522 
  3117  E,1524,1523 
  3118  E,1525,1524 
  3119  ALLSEL,ALL  
  3120  FINISH  
  3121  /SOLU   
  3122  ANTYPE,STATIC   
  3123  NLGEOM,ON   
  3124  AUTOTS,ON   
  3125  KBC,0   
  3126  NROPT,FULL  
  3127  OUTRES,ALL,LAST 
  3128  TREF,20 
  3129  NSEL,S,NODE,,1,1525 
  3130  BF,ALL,TEMP,120 
  3131  ALLSEL,ALL  
  3132  TIME,1  
  3133  NSUBST,20,200,5 
  3134  SOLVE   
  3135  FINISH  
  3136  /POST1  
  3137  SET,LAST
  3138  ETABLE,CPRES,CONT,PRES  
  3139  ETABLE,PENE,CONT,PENE   
  3140  ETABLE,CSTAT,CONT,STAT  
  3141  ETABLE,CSFRIC,CONT,SFRIC
  3142  *CFOPEN,contact_values,csv  
  3143  EIDV=1442   
  3144  XV=0.08333333333333333  
  3145  *GET,PV,ELEM,1442,ETAB,CPRES
  3146  *GET,PENV,ELEM,1442,ETAB,PENE   
  3147  *GET,STATV,ELEM,1442,ETAB,CSTAT 
  3148  *GET,FRICV,ELEM,1442,ETAB,CSFRIC
  3149  *VWRITE,EIDV,XV,PV,PENV,STATV,FRICV 
  3150  (6(E24.16,',')) 
  3151  EIDV=1443   
  3152  XV=0.25 
  3153  *GET,PV,ELEM,1443,ETAB,CPRES
  3154  *GET,PENV,ELEM,1443,ETAB,PENE   
  3155  *GET,STATV,ELEM,1443,ETAB,CSTAT 
  3156  *GET,FRICV,ELEM,1443,ETAB,CSFRIC
  3157  *VWRITE,EIDV,XV,PV,PENV,STATV,FRICV 
  3158  (6(E24.16,',')) 
  3159  EIDV=1444   
  3160  XV=0.4166666666666667   
  3161  *GET,PV,ELEM,1444,ETAB,CPRES
  3162  *GET,PENV,ELEM,1444,ETAB,PENE   
  3163  *GET,STATV,ELEM,1444,ETAB,CSTAT 
  3164  *GET,FRICV,ELEM,1444,ETAB,CSFRIC
  3165  *VWRITE,EIDV,XV,PV,PENV,STATV,FRICV 
  3166  (6(E24.16,',')) 
  3167  EIDV=1445   
  3168  XV=0.5833333333333334   
  3169  *GET,PV,ELEM,1445,ETAB,CPRES
  3170  *GET,PENV,ELEM,1445,ETAB,PENE   
  3171  *GET,STATV,ELEM,1445,ETAB,CSTAT 
  3172  *GET,FRICV,ELEM,1445,ETAB,CSFRIC
  3173  *VWRITE,EIDV,XV,PV,PENV,STATV,FRICV 
  3174  (6(E24.16,',')) 
  3175  EIDV=1446   
  3176  XV=0.75 
  3177  *GET,PV,ELEM,1446,ETAB,CPRES
  3178  *GET,PENV,ELEM,1446,ETAB,PENE   
  3179  *GET,STATV,ELEM,1446,ETAB,CSTAT 
  3180  *GET,FRICV,ELEM,1446,ETAB,CSFRIC
  3181  *VWRITE,EIDV,XV,PV,PENV,STATV,FRICV 
  3182  (6(E24.16,',')) 
  3183  EIDV=1447   
  3184  XV=0.9166666666666666   
  3185  *GET,PV,ELEM,1447,ETAB,CPRES
  3186  *GET,PENV,ELEM,1447,ETAB,PENE   
  3187  *GET,STATV,ELEM,1447,ETAB,CSTAT 
  3188  *GET,FRICV,ELEM,1447,ETAB,CSFRIC
  3189  *VWRITE,EIDV,XV,PV,PENV,STATV,FRICV 
  3190  (6(E24.16,',')) 
  3191  EIDV=1448   
  3192  XV=1.083333333333333
  3193  *GET,PV,ELEM,1448,ETAB,CPRES
  3194  *GET,PENV,ELEM,1448,ETAB,PENE   
  3195  *GET,STATV,ELEM,1448,ETAB,CSTAT 
  3196  *GET,FRICV,ELEM,1448,ETAB,CSFRIC
  3197  *VWRITE,EIDV,XV,PV,PENV,STATV,FRICV 
  3198  (6(E24.16,',')) 
  3199  EIDV=1449   
  3200  XV=1.25 
  3201  *GET,PV,ELEM,1449,ETAB,CPRES
  3202  *GET,PENV,ELEM,1449,ETAB,PENE   
  3203  *GET,STATV,ELEM,1449,ETAB,CSTAT 
  3204  *GET,FRICV,ELEM,1449,ETAB,CSFRIC
  3205  *VWRITE,EIDV,XV,PV,PENV,STATV,FRICV 
  3206  (6(E24.16,',')) 
  3207  EIDV=1450   
  3208  XV=1.416666666666667
  3209  *GET,PV,ELEM,1450,ETAB,CPRES
  3210  *GET,PENV,ELEM,1450,ETAB,PENE   
  3211  *GET,STATV,ELEM,1450,ETAB,CSTAT 
  3212  *GET,FRICV,ELEM,1450,ETAB,CSFRIC
  3213  *VWRITE,EIDV,XV,PV,PENV,STATV,FRICV 
  3214  (6(E24.16,',')) 
  3215  EIDV=1451   
  3216  XV=1.583333333333333
  3217  *GET,PV,ELEM,1451,ETAB,CPRES
  3218  *GET,PENV,ELEM,1451,ETAB,PENE   
  3219  *GET,STATV,ELEM,1451,ETAB,CSTAT 
  3220  *GET,FRICV,ELEM,1451,ETAB,CSFRIC
  3221  *VWRITE,EIDV,XV,PV,PENV,STATV,FRICV 
  3222  (6(E24.16,',')) 
  3223  EIDV=1452   
  3224  XV=1.75 
  3225  *GET,PV,ELEM,1452,ETAB,CPRES
  3226  *GET,PENV,ELEM,1452,ETAB,PENE   
  3227  *GET,STATV,ELEM,1452,ETAB,CSTAT 
  3228  *GET,FRICV,ELEM,1452,ETAB,CSFRIC
  3229  *VWRITE,EIDV,XV,PV,PENV,STATV,FRICV 
  3230  (6(E24.16,',')) 
  3231  EIDV=1453   
  3232  XV=1.916666666666667
  3233  *GET,PV,ELEM,1453,ETAB,CPRES
  3234  *GET,PENV,ELEM,1453,ETAB,PENE   
  3235  *GET,STATV,ELEM,1453,ETAB,CSTAT 
  3236  *GET,FRICV,ELEM,1453,ETAB,CSFRIC
  3237  *VWRITE,EIDV,XV,PV,PENV,STATV,FRICV 
  3238  (6(E24.16,',')) 
  3239  EIDV=1454   
  3240  XV=2.083333333333333
  3241  *GET,PV,ELEM,1454,ETAB,CPRES
  3242  *GET,PENV,ELEM,1454,ETAB,PENE   
  3243  *GET,STATV,ELEM,1454,ETAB,CSTAT 
  3244  *GET,FRICV,ELEM,1454,ETAB,CSFRIC
  3245  *VWRITE,EIDV,XV,PV,PENV,STATV,FRICV 
  3246  (6(E24.16,',')) 
  3247  EIDV=1455   
  3248  XV=2.25 
  3249  *GET,PV,ELEM,1455,ETAB,CPRES
  3250  *GET,PENV,ELEM,1455,ETAB,PENE   
  3251  *GET,STATV,ELEM,1455,ETAB,CSTAT 
  3252  *GET,FRICV,ELEM,1455,ETAB,CSFRIC
  3253  *VWRITE,EIDV,XV,PV,PENV,STATV,FRICV 
  3254  (6(E24.16,',')) 
  3255  EIDV=1456   
  3256  XV=2.416666666666667
  3257  *GET,PV,ELEM,1456,ETAB,CPRES
  3258  *GET,PENV,ELEM,1456,ETAB,PENE   
  3259  *GET,STATV,ELEM,1456,ETAB,CSTAT 
  3260  *GET,FRICV,ELEM,1456,ETAB,CSFRIC
  3261  *VWRITE,EIDV,XV,PV,PENV,STATV,FRICV 
  3262  (6(E24.16,',')) 
  3263  EIDV=1457   
  3264  XV=2.583333333333333
  3265  *GET,PV,ELEM,1457,ETAB,CPRES
  3266  *GET,PENV,ELEM,1457,ETAB,PENE   
  3267  *GET,STATV,ELEM,1457,ETAB,CSTAT 
  3268  *GET,FRICV,ELEM,1457,ETAB,CSFRIC
  3269  *VWRITE,EIDV,XV,PV,PENV,STATV,FRICV 
  3270  (6(E24.16,',')) 
  3271  EIDV=1458   
  3272  XV=2.75 
  3273  *GET,PV,ELEM,1458,ETAB,CPRES
  3274  *GET,PENV,ELEM,1458,ETAB,PENE   
  3275  *GET,STATV,ELEM,1458,ETAB,CSTAT 
  3276  *GET,FRICV,ELEM,1458,ETAB,CSFRIC
  3277  *VWRITE,EIDV,XV,PV,PENV,STATV,FRICV 
  3278  (6(E24.16,',')) 
  3279  EIDV=1459   
  3280  XV=2.916666666666667
  3281  *GET,PV,ELEM,1459,ETAB,CPRES
  3282  *GET,PENV,ELEM,1459,ETAB,PENE   
  3283  *GET,STATV,ELEM,1459,ETAB,CSTAT 
  3284  *GET,FRICV,ELEM,1459,ETAB,CSFRIC
  3285  *VWRITE,EIDV,XV,PV,PENV,STATV,FRICV 
  3286  (6(E24.16,',')) 
  3287  EIDV=1460   
  3288  XV=3.083333333333333
  3289  *GET,PV,ELEM,1460,ETAB,CPRES
  3290  *GET,PENV,ELEM,1460,ETAB,PENE   
  3291  *GET,STATV,ELEM,1460,ETAB,CSTAT 
  3292  *GET,FRICV,ELEM,1460,ETAB,CSFRIC
  3293  *VWRITE,EIDV,XV,PV,PENV,STATV,FRICV 
  3294  (6(E24.16,',')) 
  3295  EIDV=1461   
  3296  XV=3.25 
  3297  *GET,PV,ELEM,1461,ETAB,CPRES
  3298  *GET,PENV,ELEM,1461,ETAB,PENE   
  3299  *GET,STATV,ELEM,1461,ETAB,CSTAT 
  3300  *GET,FRICV,ELEM,1461,ETAB,CSFRIC
  3301  *VWRITE,EIDV,XV,PV,PENV,STATV,FRICV 
  3302  (6(E24.16,',')) 
  3303  EIDV=1462   
  3304  XV=3.416666666666667
  3305  *GET,PV,ELEM,1462,ETAB,CPRES
  3306  *GET,PENV,ELEM,1462,ETAB,PENE   
  3307  *GET,STATV,ELEM,1462,ETAB,CSTAT 
  3308  *GET,FRICV,ELEM,1462,ETAB,CSFRIC
  3309  *VWRITE,EIDV,XV,PV,PENV,STATV,FRICV 
  3310  (6(E24.16,',')) 
  3311  EIDV=1463   
  3312  XV=3.583333333333333
  3313  *GET,PV,ELEM,1463,ETAB,CPRES
  3314  *GET,PENV,ELEM,1463,ETAB,PENE   
  3315  *GET,STATV,ELEM,1463,ETAB,CSTAT 
  3316  *GET,FRICV,ELEM,1463,ETAB,CSFRIC
  3317  *VWRITE,EIDV,XV,PV,PENV,STATV,FRICV 
  3318  (6(E24.16,',')) 
  3319  EIDV=1464   
  3320  XV=3.75 
  3321  *GET,PV,ELEM,1464,ETAB,CPRES
  3322  *GET,PENV,ELEM,1464,ETAB,PENE   
  3323  *GET,STATV,ELEM,1464,ETAB,CSTAT 
  3324  *GET,FRICV,ELEM,1464,ETAB,CSFRIC
  3325  *VWRITE,EIDV,XV,PV,PENV,STATV,FRICV 
  3326  (6(E24.16,',')) 
  3327  EIDV=1465   
  3328  XV=3.916666666666667
  3329  *GET,PV,ELEM,1465,ETAB,CPRES
  3330  *GET,PENV,ELEM,1465,ETAB,PENE   
  3331  *GET,STATV,ELEM,1465,ETAB,CSTAT 
  3332  *GET,FRICV,ELEM,1465,ETAB,CSFRIC
  3333  *VWRITE,EIDV,XV,PV,PENV,STATV,FRICV 
  3334  (6(E24.16,',')) 
  3335  EIDV=1466   
  3336  XV=4.083333333333333
  3337  *GET,PV,ELEM,1466,ETAB,CPRES
  3338  *GET,PENV,ELEM,1466,ETAB,PENE   
  3339  *GET,STATV,ELEM,1466,ETAB,CSTAT 
  3340  *GET,FRICV,ELEM,1466,ETAB,CSFRIC
  3341  *VWRITE,EIDV,XV,PV,PENV,STATV,FRICV 
  3342  (6(E24.16,',')) 
  3343  EIDV=1467   
  3344  XV=4.25 
  3345  *GET,PV,ELEM,1467,ETAB,CPRES
  3346  *GET,PENV,ELEM,1467,ETAB,PENE   
  3347  *GET,STATV,ELEM,1467,ETAB,CSTAT 
  3348  *GET,FRICV,ELEM,1467,ETAB,CSFRIC
  3349  *VWRITE,EIDV,XV,PV,PENV,STATV,FRICV 
  3350  (6(E24.16,',')) 
  3351  EIDV=1468   
  3352  XV=4.416666666666667
  3353  *GET,PV,ELEM,1468,ETAB,CPRES
  3354  *GET,PENV,ELEM,1468,ETAB,PENE   
  3355  *GET,STATV,ELEM,1468,ETAB,CSTAT 
  3356  *GET,FRICV,ELEM,1468,ETAB,CSFRIC
  3357  *VWRITE,EIDV,XV,PV,PENV,STATV,FRICV 
  3358  (6(E24.16,',')) 
  3359  EIDV=1469   
  3360  XV=4.583333333333333
  3361  *GET,PV,ELEM,1469,ETAB,CPRES
  3362  *GET,PENV,ELEM,1469,ETAB,PENE   
  3363  *GET,STATV,ELEM,1469,ETAB,CSTAT 
  3364  *GET,FRICV,ELEM,1469,ETAB,CSFRIC
  3365  *VWRITE,EIDV,XV,PV,PENV,STATV,FRICV 
  3366  (6(E24.16,',')) 
  3367  EIDV=1470   
  3368  XV=4.75 
  3369  *GET,PV,ELEM,1470,ETAB,CPRES
  3370  *GET,PENV,ELEM,1470,ETAB,PENE   
  3371  *GET,STATV,ELEM,1470,ETAB,CSTAT 
  3372  *GET,FRICV,ELEM,1470,ETAB,CSFRIC
  3373  *VWRITE,EIDV,XV,PV,PENV,STATV,FRICV 
  3374  (6(E24.16,',')) 
  3375  EIDV=1471   
  3376  XV=4.916666666666667
  3377  *GET,PV,ELEM,1471,ETAB,CPRES
  3378  *GET,PENV,ELEM,1471,ETAB,PENE   
  3379  *GET,STATV,ELEM,1471,ETAB,CSTAT 
  3380  *GET,FRICV,ELEM,1471,ETAB,CSFRIC
  3381  *VWRITE,EIDV,XV,PV,PENV,STATV,FRICV 
  3382  (6(E24.16,',')) 
  3383  EIDV=1472   
  3384  XV=5.083333333333333
  3385  *GET,PV,ELEM,1472,ETAB,CPRES
  3386  *GET,PENV,ELEM,1472,ETAB,PENE   
  3387  *GET,STATV,ELEM,1472,ETAB,CSTAT 
  3388  *GET,FRICV,ELEM,1472,ETAB,CSFRIC
  3389  *VWRITE,EIDV,XV,PV,PENV,STATV,FRICV 
  3390  (6(E24.16,',')) 
  3391  EIDV=1473   
  3392  XV=5.25 
  3393  *GET,PV,ELEM,1473,ETAB,CPRES
  3394  *GET,PENV,ELEM,1473,ETAB,PENE   
  3395  *GET,STATV,ELEM,1473,ETAB,CSTAT 
  3396  *GET,FRICV,ELEM,1473,ETAB,CSFRIC
  3397  *VWRITE,EIDV,XV,PV,PENV,STATV,FRICV 
  3398  (6(E24.16,',')) 
  3399  EIDV=1474   
  3400  XV=5.416666666666667
  3401  *GET,PV,ELEM,1474,ETAB,CPRES
  3402  *GET,PENV,ELEM,1474,ETAB,PENE   
  3403  *GET,STATV,ELEM,1474,ETAB,CSTAT 
  3404  *GET,FRICV,ELEM,1474,ETAB,CSFRIC
  3405  *VWRITE,EIDV,XV,PV,PENV,STATV,FRICV 
  3406  (6(E24.16,',')) 
  3407  EIDV=1475   
  3408  XV=5.583333333333333
  3409  *GET,PV,ELEM,1475,ETAB,CPRES
  3410  *GET,PENV,ELEM,1475,ETAB,PENE   
  3411  *GET,STATV,ELEM,1475,ETAB,CSTAT 
  3412  *GET,FRICV,ELEM,1475,ETAB,CSFRIC
  3413  *VWRITE,EIDV,XV,PV,PENV,STATV,FRICV 
  3414  (6(E24.16,',')) 
  3415  EIDV=1476   
  3416  XV=5.75 
  3417  *GET,PV,ELEM,1476,ETAB,CPRES
  3418  *GET,PENV,ELEM,1476,ETAB,PENE   
  3419  *GET,STATV,ELEM,1476,ETAB,CSTAT 
  3420  *GET,FRICV,ELEM,1476,ETAB,CSFRIC
  3421  *VWRITE,EIDV,XV,PV,PENV,STATV,FRICV 
  3422  (6(E24.16,',')) 
  3423  EIDV=1477   
  3424  XV=5.916666666666667
  3425  *GET,PV,ELEM,1477,ETAB,CPRES
  3426  *GET,PENV,ELEM,1477,ETAB,PENE   
  3427  *GET,STATV,ELEM,1477,ETAB,CSTAT 
  3428  *GET,FRICV,ELEM,1477,ETAB,CSFRIC
  3429  *VWRITE,EIDV,XV,PV,PENV,STATV,FRICV 
  3430  (6(E24.16,',')) 
  3431  EIDV=1478   
  3432  XV=6.083333333333333
  3433  *GET,PV,ELEM,1478,ETAB,CPRES
  3434  *GET,PENV,ELEM,1478,ETAB,PENE   
  3435  *GET,STATV,ELEM,1478,ETAB,CSTAT 
  3436  *GET,FRICV,ELEM,1478,ETAB,CSFRIC
  3437  *VWRITE,EIDV,XV,PV,PENV,STATV,FRICV 
  3438  (6(E24.16,',')) 
  3439  EIDV=1479   
  3440  XV=6.25 
  3441  *GET,PV,ELEM,1479,ETAB,CPRES
  3442  *GET,PENV,ELEM,1479,ETAB,PENE   
  3443  *GET,STATV,ELEM,1479,ETAB,CSTAT 
  3444  *GET,FRICV,ELEM,1479,ETAB,CSFRIC
  3445  *VWRITE,EIDV,XV,PV,PENV,STATV,FRICV 
  3446  (6(E24.16,',')) 
  3447  EIDV=1480   
  3448  XV=6.416666666666667
  3449  *GET,PV,ELEM,1480,ETAB,CPRES
  3450  *GET,PENV,ELEM,1480,ETAB,PENE   
  3451  *GET,STATV,ELEM,1480,ETAB,CSTAT 
  3452  *GET,FRICV,ELEM,1480,ETAB,CSFRIC
  3453  *VWRITE,EIDV,XV,PV,PENV,STATV,FRICV 
  3454  (6(E24.16,',')) 
  3455  EIDV=1481   
  3456  XV=6.583333333333333
  3457  *GET,PV,ELEM,1481,ETAB,CPRES
  3458  *GET,PENV,ELEM,1481,ETAB,PENE   
  3459  *GET,STATV,ELEM,1481,ETAB,CSTAT 
  3460  *GET,FRICV,ELEM,1481,ETAB,CSFRIC
  3461  *VWRITE,EIDV,XV,PV,PENV,STATV,FRICV 
  3462  (6(E24.16,',')) 
  3463  EIDV=1482   
  3464  XV=6.75 
  3465  *GET,PV,ELEM,1482,ETAB,CPRES
  3466  *GET,PENV,ELEM,1482,ETAB,PENE   
  3467  *GET,STATV,ELEM,1482,ETAB,CSTAT 
  3468  *GET,FRICV,ELEM,1482,ETAB,CSFRIC
  3469  *VWRITE,EIDV,XV,PV,PENV,STATV,FRICV 
  3470  (6(E24.16,',')) 
  3471  EIDV=1483   
  3472  XV=6.916666666666667
  3473  *GET,PV,ELEM,1483,ETAB,CPRES
  3474  *GET,PENV,ELEM,1483,ETAB,PENE   
  3475  *GET,STATV,ELEM,1483,ETAB,CSTAT 
  3476  *GET,FRICV,ELEM,1483,ETAB,CSFRIC
  3477  *VWRITE,EIDV,XV,PV,PENV,STATV,FRICV 
  3478  (6(E24.16,',')) 
  3479  EIDV=1484   
  3480  XV=7.083333333333333
  3481  *GET,PV,ELEM,1484,ETAB,CPRES
  3482  *GET,PENV,ELEM,1484,ETAB,PENE   
  3483  *GET,STATV,ELEM,1484,ETAB,CSTAT 
  3484  *GET,FRICV,ELEM,1484,ETAB,CSFRIC
  3485  *VWRITE,EIDV,XV,PV,PENV,STATV,FRICV 
  3486  (6(E24.16,',')) 
  3487  EIDV=1485   
  3488  XV=7.25 
  3489  *GET,PV,ELEM,1485,ETAB,CPRES
  3490  *GET,PENV,ELEM,1485,ETAB,PENE   
  3491  *GET,STATV,ELEM,1485,ETAB,CSTAT 
  3492  *GET,FRICV,ELEM,1485,ETAB,CSFRIC
  3493  *VWRITE,EIDV,XV,PV,PENV,STATV,FRICV 
  3494  (6(E24.16,',')) 
  3495  EIDV=1486   
  3496  XV=7.416666666666667
  3497  *GET,PV,ELEM,1486,ETAB,CPRES
  3498  *GET,PENV,ELEM,1486,ETAB,PENE   
  3499  *GET,STATV,ELEM,1486,ETAB,CSTAT 
  3500  *GET,FRICV,ELEM,1486,ETAB,CSFRIC
  3501  *VWRITE,EIDV,XV,PV,PENV,STATV,FRICV 
  3502  (6(E24.16,',')) 
  3503  EIDV=1487   
  3504  XV=7.583333333333333
  3505  *GET,PV,ELEM,1487,ETAB,CPRES
  3506  *GET,PENV,ELEM,1487,ETAB,PENE   
  3507  *GET,STATV,ELEM,1487,ETAB,CSTAT 
  3508  *GET,FRICV,ELEM,1487,ETAB,CSFRIC
  3509  *VWRITE,EIDV,XV,PV,PENV,STATV,FRICV 
  3510  (6(E24.16,',')) 
  3511  EIDV=1488   
  3512  XV=7.75 
  3513  *GET,PV,ELEM,1488,ETAB,CPRES
  3514  *GET,PENV,ELEM,1488,ETAB,PENE   
  3515  *GET,STATV,ELEM,1488,ETAB,CSTAT 
  3516  *GET,FRICV,ELEM,1488,ETAB,CSFRIC
  3517  *VWRITE,EIDV,XV,PV,PENV,STATV,FRICV 
  3518  (6(E24.16,',')) 
  3519  EIDV=1489   
  3520  XV=7.916666666666667
  3521  *GET,PV,ELEM,1489,ETAB,CPRES
  3522  *GET,PENV,ELEM,1489,ETAB,PENE   
  3523  *GET,STATV,ELEM,1489,ETAB,CSTAT 
  3524  *GET,FRICV,ELEM,1489,ETAB,CSFRIC
  3525  *VWRITE,EIDV,XV,PV,PENV,STATV,FRICV 
  3526  (6(E24.16,',')) 
  3527  EIDV=1490   
  3528  XV=8.083333333333334
  3529  *GET,PV,ELEM,1490,ETAB,CPRES
  3530  *GET,PENV,ELEM,1490,ETAB,PENE   
  3531  *GET,STATV,ELEM,1490,ETAB,CSTAT 
  3532  *GET,FRICV,ELEM,1490,ETAB,CSFRIC
  3533  *VWRITE,EIDV,XV,PV,PENV,STATV,FRICV 
  3534  (6(E24.16,',')) 
  3535  EIDV=1491   
  3536  XV=8.25 
  3537  *GET,PV,ELEM,1491,ETAB,CPRES
  3538  *GET,PENV,ELEM,1491,ETAB,PENE   
  3539  *GET,STATV,ELEM,1491,ETAB,CSTAT 
  3540  *GET,FRICV,ELEM,1491,ETAB,CSFRIC
  3541  *VWRITE,EIDV,XV,PV,PENV,STATV,FRICV 
  3542  (6(E24.16,',')) 
  3543  EIDV=1492   
  3544  XV=8.416666666666666
  3545  *GET,PV,ELEM,1492,ETAB,CPRES
  3546  *GET,PENV,ELEM,1492,ETAB,PENE   
  3547  *GET,STATV,ELEM,1492,ETAB,CSTAT 
  3548  *GET,FRICV,ELEM,1492,ETAB,CSFRIC
  3549  *VWRITE,EIDV,XV,PV,PENV,STATV,FRICV 
  3550  (6(E24.16,',')) 
  3551  EIDV=1493   
  3552  XV=8.583333333333334
  3553  *GET,PV,ELEM,1493,ETAB,CPRES
  3554  *GET,PENV,ELEM,1493,ETAB,PENE   
  3555  *GET,STATV,ELEM,1493,ETAB,CSTAT 
  3556  *GET,FRICV,ELEM,1493,ETAB,CSFRIC
  3557  *VWRITE,EIDV,XV,PV,PENV,STATV,FRICV 
  3558  (6(E24.16,',')) 
  3559  EIDV=1494   
  3560  XV=8.75 
  3561  *GET,PV,ELEM,1494,ETAB,CPRES
  3562  *GET,PENV,ELEM,1494,ETAB,PENE   
  3563  *GET,STATV,ELEM,1494,ETAB,CSTAT 
  3564  *GET,FRICV,ELEM,1494,ETAB,CSFRIC
  3565  *VWRITE,EIDV,XV,PV,PENV,STATV,FRICV 
  3566  (6(E24.16,',')) 
  3567  EIDV=1495   
  3568  XV=8.916666666666666
  3569  *GET,PV,ELEM,1495,ETAB,CPRES
  3570  *GET,PENV,ELEM,1495,ETAB,PENE   
  3571  *GET,STATV,ELEM,1495,ETAB,CSTAT 
  3572  *GET,FRICV,ELEM,1495,ETAB,CSFRIC
  3573  *VWRITE,EIDV,XV,PV,PENV,STATV,FRICV 
  3574  (6(E24.16,',')) 
  3575  EIDV=1496   
  3576  XV=9.083333333333334
  3577  *GET,PV,ELEM,1496,ETAB,CPRES
  3578  *GET,PENV,ELEM,1496,ETAB,PENE   
  3579  *GET,STATV,ELEM,1496,ETAB,CSTAT 
  3580  *GET,FRICV,ELEM,1496,ETAB,CSFRIC
  3581  *VWRITE,EIDV,XV,PV,PENV,STATV,FRICV 
  3582  (6(E24.16,',')) 
  3583  EIDV=1497   
  3584  XV=9.25 
  3585  *GET,PV,ELEM,1497,ETAB,CPRES
  3586  *GET,PENV,ELEM,1497,ETAB,PENE   
  3587  *GET,STATV,ELEM,1497,ETAB,CSTAT 
  3588  *GET,FRICV,ELEM,1497,ETAB,CSFRIC
  3589  *VWRITE,EIDV,XV,PV,PENV,STATV,FRICV 
  3590  (6(E24.16,',')) 
  3591  EIDV=1498   
  3592  XV=9.416666666666666
  3593  *GET,PV,ELEM,1498,ETAB,CPRES
  3594  *GET,PENV,ELEM,1498,ETAB,PENE   
  3595  *GET,STATV,ELEM,1498,ETAB,CSTAT 
  3596  *GET,FRICV,ELEM,1498,ETAB,CSFRIC
  3597  *VWRITE,EIDV,XV,PV,PENV,STATV,FRICV 
  3598  (6(E24.16,',')) 
  3599  EIDV=1499   
  3600  XV=9.583333333333334
  3601  *GET,PV,ELEM,1499,ETAB,CPRES
  3602  *GET,PENV,ELEM,1499,ETAB,PENE   
  3603  *GET,STATV,ELEM,1499,ETAB,CSTAT 
  3604  *GET,FRICV,ELEM,1499,ETAB,CSFRIC
  3605  *VWRITE,EIDV,XV,PV,PENV,STATV,FRICV 
  3606  (6(E24.16,',')) 
  3607  EIDV=1500   
  3608  XV=9.75 
  3609  *GET,PV,ELEM,1500,ETAB,CPRES
  3610  *GET,PENV,ELEM,1500,ETAB,PENE   
  3611  *GET,STATV,ELEM,1500,ETAB,CSTAT 
  3612  *GET,FRICV,ELEM,1500,ETAB,CSFRIC
  3613  *VWRITE,EIDV,XV,PV,PENV,STATV,FRICV 
  3614  (6(E24.16,',')) 
  3615  EIDV=1501   
  3616  XV=9.916666666666666
  3617  *GET,PV,ELEM,1501,ETAB,CPRES
  3618  *GET,PENV,ELEM,1501,ETAB,PENE   
  3619  *GET,STATV,ELEM,1501,ETAB,CSTAT 
  3620  *GET,FRICV,ELEM,1501,ETAB,CSFRIC
  3621  *VWRITE,EIDV,XV,PV,PENV,STATV,FRICV 
  3622  (6(E24.16,',')) 
  3623  *CFCLOS 
  3624  *CFOPEN,reaction,csv
  3625  RFY=0   
  3626  *GET,RV,NODE,1,RF,FY
  3627  RFY=RFY+RV  
  3628  *GET,RV,NODE,2,RF,FY
  3629  RFY=RFY+RV  
  3630  *GET,RV,NODE,3,RF,FY
  3631  RFY=RFY+RV  
  3632  *GET,RV,NODE,4,RF,FY
  3633  RFY=RFY+RV  
  3634  *GET,RV,NODE,5,RF,FY
  3635  RFY=RFY+RV  
  3636  *GET,RV,NODE,6,RF,FY
  3637  RFY=RFY+RV  
  3638  *GET,RV,NODE,7,RF,FY
  3639  RFY=RFY+RV  
  3640  *GET,RV,NODE,8,RF,FY
  3641  RFY=RFY+RV  
  3642  *GET,RV,NODE,9,RF,FY
  3643  RFY=RFY+RV  
  3644  *GET,RV,NODE,10,RF,FY   
  3645  RFY=RFY+RV  
  3646  *GET,RV,NODE,11,RF,FY   
  3647  RFY=RFY+RV  
  3648  *GET,RV,NODE,12,RF,FY   
  3649  RFY=RFY+RV  
  3650  *GET,RV,NODE,13,RF,FY   
  3651  RFY=RFY+RV  
  3652  *GET,RV,NODE,14,RF,FY   
  3653  RFY=RFY+RV  
  3654  *GET,RV,NODE,15,RF,FY   
  3655  RFY=RFY+RV  
  3656  *GET,RV,NODE,16,RF,FY   
  3657  RFY=RFY+RV  
  3658  *GET,RV,NODE,17,RF,FY   
  3659  RFY=RFY+RV  
  3660  *GET,RV,NODE,18,RF,FY   
  3661  RFY=RFY+RV  
  3662  *GET,RV,NODE,19,RF,FY   
  3663  RFY=RFY+RV  
  3664  *GET,RV,NODE,20,RF,FY   
  3665  RFY=RFY+RV  
  3666  *GET,RV,NODE,21,RF,FY   
  3667  RFY=RFY+RV  
  3668  *GET,RV,NODE,22,RF,FY   
  3669  RFY=RFY+RV  
  3670  *GET,RV,NODE,23,RF,FY   
  3671  RFY=RFY+RV  
  3672  *GET,RV,NODE,24,RF,FY   
  3673  RFY=RFY+RV  
  3674  *GET,RV,NODE,25,RF,FY   
  3675  RFY=RFY+RV  
  3676  *GET,RV,NODE,26,RF,FY   
  3677  RFY=RFY+RV  
  3678  *GET,RV,NODE,27,RF,FY   
  3679  RFY=RFY+RV  
  3680  *GET,RV,NODE,28,RF,FY   
  3681  RFY=RFY+RV  
  3682  *GET,RV,NODE,29,RF,FY   
  3683  RFY=RFY+RV  
  3684  *GET,RV,NODE,30,RF,FY   
  3685  RFY=RFY+RV  
  3686  *GET,RV,NODE,31,RF,FY   
  3687  RFY=RFY+RV  
  3688  *GET,RV,NODE,32,RF,FY   
  3689  RFY=RFY+RV  
  3690  *GET,RV,NODE,33,RF,FY   
  3691  RFY=RFY+RV  
  3692  *GET,RV,NODE,34,RF,FY   
  3693  RFY=RFY+RV  
  3694  *GET,RV,NODE,35,RF,FY   
  3695  RFY=RFY+RV  
  3696  *GET,RV,NODE,36,RF,FY   
  3697  RFY=RFY+RV  
  3698  *GET,RV,NODE,37,RF,FY   
  3699  RFY=RFY+RV  
  3700  *GET,RV,NODE,38,RF,FY   
  3701  RFY=RFY+RV  
  3702  *GET,RV,NODE,39,RF,FY   
  3703  RFY=RFY+RV  
  3704  *GET,RV,NODE,40,RF,FY   
  3705  RFY=RFY+RV  
  3706  *GET,RV,NODE,41,RF,FY   
  3707  RFY=RFY+RV  
  3708  *GET,RV,NODE,42,RF,FY   
  3709  RFY=RFY+RV  
  3710  *GET,RV,NODE,43,RF,FY   
  3711  RFY=RFY+RV  
  3712  *GET,RV,NODE,44,RF,FY   
  3713  RFY=RFY+RV  
  3714  *GET,RV,NODE,45,RF,FY   
  3715  RFY=RFY+RV  
  3716  *GET,RV,NODE,46,RF,FY   
  3717  RFY=RFY+RV  
  3718  *GET,RV,NODE,47,RF,FY   
  3719  RFY=RFY+RV  
  3720  *GET,RV,NODE,48,RF,FY   
  3721  RFY=RFY+RV  
  3722  *GET,RV,NODE,49,RF,FY   
  3723  RFY=RFY+RV  
  3724  *GET,RV,NODE,50,RF,FY   
  3725  RFY=RFY+RV  
  3726  *GET,RV,NODE,51,RF,FY   
  3727  RFY=RFY+RV  
  3728  *GET,RV,NODE,52,RF,FY   
  3729  RFY=RFY+RV  
  3730  *GET,RV,NODE,53,RF,FY   
  3731  RFY=RFY+RV  
  3732  *GET,RV,NODE,54,RF,FY   
  3733  RFY=RFY+RV  
  3734  *GET,RV,NODE,55,RF,FY   
  3735  RFY=RFY+RV  
  3736  *GET,RV,NODE,56,RF,FY   
  3737  RFY=RFY+RV  
  3738  *GET,RV,NODE,57,RF,FY   
  3739  RFY=RFY+RV  
  3740  *GET,RV,NODE,58,RF,FY   
  3741  RFY=RFY+RV  
  3742  *GET,RV,NODE,59,RF,FY   
  3743  RFY=RFY+RV  
  3744  *GET,RV,NODE,60,RF,FY   
  3745  RFY=RFY+RV  
  3746  *GET,RV,NODE,61,RF,FY   
  3747  RFY=RFY+RV  
  3748  *VWRITE,RFY 
  3749  (E24.16)
  3750  *CFCLOS 
  3751  FINISH  
  3752  /EXIT,NOSAVE

 RUN SETUP PROCEDURE FROM FILE= C:\Program Files\ANSYS Inc\ANSYS Student\v261\Ansys\apdl\start.ans

 /INPUT FILE= C:\Program Files\ANSYS Inc\ANSYS Student\v261\Ansys\apdl\start.ans  LINE=       0

 CURRENT JOBNAME REDEFINED AS stage10_contact

 TITLE= 
 Stage 10 contact-control verification                                         


 *** MAPDL - ENGINEERING ANALYSIS SYSTEM  RELEASE 2026 R1          26.1     ***
 Ansys Mechanical Enterprise Academic Student      
 01055371  VERSION=WINDOWS x64   21:06:53  SEP 14, 2026 Elapsed Time=      5.868

 Stage 10 contact-control verification                                         



          ***** MAPDL ANALYSIS DEFINITION (PREP7) *****

 ELEMENT TYPE          1 IS PLANE182     2-D 4-NODE PLANE STRS SOLID 
  KEYOPT( 1- 6)=        0      0      0        0      0      0
  KEYOPT( 7-12)=        0      0      0        0      0      0
  KEYOPT(13-18)=        0      0      0        0      0      0

 CURRENT NODAL DOF SET IS  UX    UY  
  TWO-DIMENSIONAL MODEL

 ELEMENT TYPE       1 IS PLANE182     2-D 4-NODE PLANE STRN SOLID 
  KEYOPT( 1- 6)=        0      0      2        0      0      0
  KEYOPT( 7-12)=        0      0      0        0      0      0
  KEYOPT(13-18)=        0      0      0        0      0      0

 CURRENT NODAL DOF SET IS  UX    UY  
  TWO-DIMENSIONAL MODEL

 ELEMENT TYPE          2 IS TARGE169     2-D TARGET SEGMENT          
  KEYOPT( 1- 6)=        0      0      0        0      0      0
  KEYOPT( 7-12)=        0      0      0        0      0      0
  KEYOPT(13-18)=        0      0      0        0      0      0

 CURRENT NODAL DOF SET IS  UX    UY  
  TWO-DIMENSIONAL MODEL

 ELEMENT TYPE          3 IS CONTA172     2D 3-NODE SURF-SURF CONTACT 
  KEYOPT( 1- 6)=        0      0      0        0      0      0
  KEYOPT( 7-12)=        0      0      0        0      0      0
  KEYOPT(13-18)=        0      0      0        0      0      0

 CURRENT NODAL DOF SET IS  UX    UY  
  TWO-DIMENSIONAL MODEL

 ELEMENT TYPE       3 IS CONTA172     2D 3-NODE SURF-SURF CONTACT 
  KEYOPT( 1- 6)=        0      0      0        0      0      0
  KEYOPT( 7-12)=        0      0      0        0      0      0
  KEYOPT(13-18)=        0      0      0        0      0      0

 CURRENT NODAL DOF SET IS  UX    UY  
  TWO-DIMENSIONAL MODEL

 ELEMENT TYPE       3 IS CONTA172     2D 3-NODE SURF-SURF CONTACT 
  KEYOPT( 1- 6)=        0      0      0        0      0      0
  KEYOPT( 7-12)=        0      0      0        0      0      0
  KEYOPT(13-18)=        0      0      0        0      0      0

 CURRENT NODAL DOF SET IS  UX    UY  
  TWO-DIMENSIONAL MODEL

 ELEMENT TYPE       3 IS CONTA172     2D 3-NODE SURF-SURF CONTACT 
  KEYOPT( 1- 6)=        0      0      0        0      0      0
  KEYOPT( 7-12)=        0      0      0        2      0      0
  KEYOPT(13-18)=        0      0      0        0      0      0

 CURRENT NODAL DOF SET IS  UX    UY  
  TWO-DIMENSIONAL MODEL

 REAL CONSTANT SET          1  ITEMS   1 TO   6
    1.0000       0.0000       0.0000       0.0000       0.0000       0.0000    

 REAL CONSTANT SET          3  ITEMS   1 TO   6
    1.0000      0.10000       0.0000       2.0000       0.0000       0.0000    

 MATERIAL          1     EX   =   2000.000      

 MATERIAL          1     PRXY =  0.3000000      

 MATERIAL          1     ALPX =  0.1000000E-03  

 MATERIAL          1     MU   =   0.000000      

 ELEMENT TYPE SET TO         1

 REAL CONSTANT NUMBER=        1

 MATERIAL NUMBER SET TO         1

 NODE          1  KCS=      0  X,Y,Z=  0.0000       0.0000       0.0000     

 NODE          2  KCS=      0  X,Y,Z= 0.16667       0.0000       0.0000     

 NODE          3  KCS=      0  X,Y,Z= 0.33333       0.0000       0.0000     

 NODE          4  KCS=      0  X,Y,Z= 0.50000       0.0000       0.0000     

 NODE          5  KCS=      0  X,Y,Z= 0.66667       0.0000       0.0000     

 NODE          6  KCS=      0  X,Y,Z= 0.83333       0.0000       0.0000     

 NODE          7  KCS=      0  X,Y,Z=  1.0000       0.0000       0.0000     

 NODE          8  KCS=      0  X,Y,Z=  1.1667       0.0000       0.0000     

 NODE          9  KCS=      0  X,Y,Z=  1.3333       0.0000       0.0000     

 NODE         10  KCS=      0  X,Y,Z=  1.5000       0.0000       0.0000     

 NODE         11  KCS=      0  X,Y,Z=  1.6667       0.0000       0.0000     

 NODE         12  KCS=      0  X,Y,Z=  1.8333       0.0000       0.0000     

 NODE         13  KCS=      0  X,Y,Z=  2.0000       0.0000       0.0000     

 NODE         14  KCS=      0  X,Y,Z=  2.1667       0.0000       0.0000     

 NODE         15  KCS=      0  X,Y,Z=  2.3333       0.0000       0.0000     

 NODE         16  KCS=      0  X,Y,Z=  2.5000       0.0000       0.0000     

 NODE         17  KCS=      0  X,Y,Z=  2.6667       0.0000       0.0000     

 NODE         18  KCS=      0  X,Y,Z=  2.8333       0.0000       0.0000     

 NODE         19  KCS=      0  X,Y,Z=  3.0000       0.0000       0.0000     

 NODE         20  KCS=      0  X,Y,Z=  3.1667       0.0000       0.0000     

 NODE         21  KCS=      0  X,Y,Z=  3.3333       0.0000       0.0000     

 NODE         22  KCS=      0  X,Y,Z=  3.5000       0.0000       0.0000     

 NODE         23  KCS=      0  X,Y,Z=  3.6667       0.0000       0.0000     

 NODE         24  KCS=      0  X,Y,Z=  3.8333       0.0000       0.0000     

 NODE         25  KCS=      0  X,Y,Z=  4.0000       0.0000       0.0000     

 NODE         26  KCS=      0  X,Y,Z=  4.1667       0.0000       0.0000     

 NODE         27  KCS=      0  X,Y,Z=  4.3333       0.0000       0.0000     

 NODE         28  KCS=      0  X,Y,Z=  4.5000       0.0000       0.0000     

 NODE         29  KCS=      0  X,Y,Z=  4.6667       0.0000       0.0000     

 NODE         30  KCS=      0  X,Y,Z=  4.8333       0.0000       0.0000     

 NODE         31  KCS=      0  X,Y,Z=  5.0000       0.0000       0.0000     

 NODE         32  KCS=      0  X,Y,Z=  5.1667       0.0000       0.0000     

 NODE         33  KCS=      0  X,Y,Z=  5.3333       0.0000       0.0000     

 NODE         34  KCS=      0  X,Y,Z=  5.5000       0.0000       0.0000     

 NODE         35  KCS=      0  X,Y,Z=  5.6667       0.0000       0.0000     

 NODE         36  KCS=      0  X,Y,Z=  5.8333       0.0000       0.0000     

 NODE         37  KCS=      0  X,Y,Z=  6.0000       0.0000       0.0000     

 NODE         38  KCS=      0  X,Y,Z=  6.1667       0.0000       0.0000     

 NODE         39  KCS=      0  X,Y,Z=  6.3333       0.0000       0.0000     

 NODE         40  KCS=      0  X,Y,Z=  6.5000       0.0000       0.0000     

 NODE         41  KCS=      0  X,Y,Z=  6.6667       0.0000       0.0000     

 NODE         42  KCS=      0  X,Y,Z=  6.8333       0.0000       0.0000     

 NODE         43  KCS=      0  X,Y,Z=  7.0000       0.0000       0.0000     

 NODE         44  KCS=      0  X,Y,Z=  7.1667       0.0000       0.0000     

 NODE         45  KCS=      0  X,Y,Z=  7.3333       0.0000       0.0000     

 NODE         46  KCS=      0  X,Y,Z=  7.5000       0.0000       0.0000     

 NODE         47  KCS=      0  X,Y,Z=  7.6667       0.0000       0.0000     

 NODE         48  KCS=      0  X,Y,Z=  7.8333       0.0000       0.0000     

 NODE         49  KCS=      0  X,Y,Z=  8.0000       0.0000       0.0000     

 NODE         50  KCS=      0  X,Y,Z=  8.1667       0.0000       0.0000     

 NODE         51  KCS=      0  X,Y,Z=  8.3333       0.0000       0.0000     

 NODE         52  KCS=      0  X,Y,Z=  8.5000       0.0000       0.0000     

 NODE         53  KCS=      0  X,Y,Z=  8.6667       0.0000       0.0000     

 NODE         54  KCS=      0  X,Y,Z=  8.8333       0.0000       0.0000     

 NODE         55  KCS=      0  X,Y,Z=  9.0000       0.0000       0.0000     

 NODE         56  KCS=      0  X,Y,Z=  9.1667       0.0000       0.0000     

 NODE         57  KCS=      0  X,Y,Z=  9.3333       0.0000       0.0000     

 NODE         58  KCS=      0  X,Y,Z=  9.5000       0.0000       0.0000     

 NODE         59  KCS=      0  X,Y,Z=  9.6667       0.0000       0.0000     

 NODE         60  KCS=      0  X,Y,Z=  9.8333       0.0000       0.0000     

 NODE         61  KCS=      0  X,Y,Z=  10.000       0.0000       0.0000     

 NODE         62  KCS=      0  X,Y,Z=  0.0000      0.16667       0.0000     

 NODE         63  KCS=      0  X,Y,Z= 0.16667      0.16667       0.0000     

 NODE         64  KCS=      0  X,Y,Z= 0.33333      0.16667       0.0000     

 NODE         65  KCS=      0  X,Y,Z= 0.50000      0.16667       0.0000     

 NODE         66  KCS=      0  X,Y,Z= 0.66667      0.16667       0.0000     

 NODE         67  KCS=      0  X,Y,Z= 0.83333      0.16667       0.0000     

 NODE         68  KCS=      0  X,Y,Z=  1.0000      0.16667       0.0000     

 NODE         69  KCS=      0  X,Y,Z=  1.1667      0.16667       0.0000     

 NODE         70  KCS=      0  X,Y,Z=  1.3333      0.16667       0.0000     

 NODE         71  KCS=      0  X,Y,Z=  1.5000      0.16667       0.0000     

 NODE         72  KCS=      0  X,Y,Z=  1.6667      0.16667       0.0000     

 NODE         73  KCS=      0  X,Y,Z=  1.8333      0.16667       0.0000     

 NODE         74  KCS=      0  X,Y,Z=  2.0000      0.16667       0.0000     

 NODE         75  KCS=      0  X,Y,Z=  2.1667      0.16667       0.0000     

 NODE         76  KCS=      0  X,Y,Z=  2.3333      0.16667       0.0000     

 NODE         77  KCS=      0  X,Y,Z=  2.5000      0.16667       0.0000     

 NODE         78  KCS=      0  X,Y,Z=  2.6667      0.16667       0.0000     

 NODE         79  KCS=      0  X,Y,Z=  2.8333      0.16667       0.0000     

 NODE         80  KCS=      0  X,Y,Z=  3.0000      0.16667       0.0000     

 NODE         81  KCS=      0  X,Y,Z=  3.1667      0.16667       0.0000     

 NODE         82  KCS=      0  X,Y,Z=  3.3333      0.16667       0.0000     

 NODE         83  KCS=      0  X,Y,Z=  3.5000      0.16667       0.0000     

 NODE         84  KCS=      0  X,Y,Z=  3.6667      0.16667       0.0000     

 NODE         85  KCS=      0  X,Y,Z=  3.8333      0.16667       0.0000     

 NODE         86  KCS=      0  X,Y,Z=  4.0000      0.16667       0.0000     

 NODE         87  KCS=      0  X,Y,Z=  4.1667      0.16667       0.0000     

 NODE         88  KCS=      0  X,Y,Z=  4.3333      0.16667       0.0000     

 NODE         89  KCS=      0  X,Y,Z=  4.5000      0.16667       0.0000     

 NODE         90  KCS=      0  X,Y,Z=  4.6667      0.16667       0.0000     

 NODE         91  KCS=      0  X,Y,Z=  4.8333      0.16667       0.0000     

 NODE         92  KCS=      0  X,Y,Z=  5.0000      0.16667       0.0000     

 NODE         93  KCS=      0  X,Y,Z=  5.1667      0.16667       0.0000     

 NODE         94  KCS=      0  X,Y,Z=  5.3333      0.16667       0.0000     

 NODE         95  KCS=      0  X,Y,Z=  5.5000      0.16667       0.0000     

 NODE         96  KCS=      0  X,Y,Z=  5.6667      0.16667       0.0000     

 NODE         97  KCS=      0  X,Y,Z=  5.8333      0.16667       0.0000     

 NODE         98  KCS=      0  X,Y,Z=  6.0000      0.16667       0.0000     

 NODE         99  KCS=      0  X,Y,Z=  6.1667      0.16667       0.0000     

 NODE        100  KCS=      0  X,Y,Z=  6.3333      0.16667       0.0000     

 NODE        101  KCS=      0  X,Y,Z=  6.5000      0.16667       0.0000     

 NODE        102  KCS=      0  X,Y,Z=  6.6667      0.16667       0.0000     

 NODE        103  KCS=      0  X,Y,Z=  6.8333      0.16667       0.0000     

 NODE        104  KCS=      0  X,Y,Z=  7.0000      0.16667       0.0000     

 NODE        105  KCS=      0  X,Y,Z=  7.1667      0.16667       0.0000     

 NODE        106  KCS=      0  X,Y,Z=  7.3333      0.16667       0.0000     

 NODE        107  KCS=      0  X,Y,Z=  7.5000      0.16667       0.0000     

 NODE        108  KCS=      0  X,Y,Z=  7.6667      0.16667       0.0000     

 NODE        109  KCS=      0  X,Y,Z=  7.8333      0.16667       0.0000     

 NODE        110  KCS=      0  X,Y,Z=  8.0000      0.16667       0.0000     

 NODE        111  KCS=      0  X,Y,Z=  8.1667      0.16667       0.0000     

 NODE        112  KCS=      0  X,Y,Z=  8.3333      0.16667       0.0000     

 NODE        113  KCS=      0  X,Y,Z=  8.5000      0.16667       0.0000     

 NODE        114  KCS=      0  X,Y,Z=  8.6667      0.16667       0.0000     

 NODE        115  KCS=      0  X,Y,Z=  8.8333      0.16667       0.0000     

 NODE        116  KCS=      0  X,Y,Z=  9.0000      0.16667       0.0000     

 NODE        117  KCS=      0  X,Y,Z=  9.1667      0.16667       0.0000     

 NODE        118  KCS=      0  X,Y,Z=  9.3333      0.16667       0.0000     

 NODE        119  KCS=      0  X,Y,Z=  9.5000      0.16667       0.0000     

 NODE        120  KCS=      0  X,Y,Z=  9.6667      0.16667       0.0000     

 NODE        121  KCS=      0  X,Y,Z=  9.8333      0.16667       0.0000     

 NODE        122  KCS=      0  X,Y,Z=  10.000      0.16667       0.0000     

 NODE        123  KCS=      0  X,Y,Z=  0.0000      0.33333       0.0000     

 NODE        124  KCS=      0  X,Y,Z= 0.16667      0.33333       0.0000     

 NODE        125  KCS=      0  X,Y,Z= 0.33333      0.33333       0.0000     

 NODE        126  KCS=      0  X,Y,Z= 0.50000      0.33333       0.0000     

 NODE        127  KCS=      0  X,Y,Z= 0.66667      0.33333       0.0000     

 NODE        128  KCS=      0  X,Y,Z= 0.83333      0.33333       0.0000     

 NODE        129  KCS=      0  X,Y,Z=  1.0000      0.33333       0.0000     

 NODE        130  KCS=      0  X,Y,Z=  1.1667      0.33333       0.0000     

 NODE        131  KCS=      0  X,Y,Z=  1.3333      0.33333       0.0000     

 NODE        132  KCS=      0  X,Y,Z=  1.5000      0.33333       0.0000     

 NODE        133  KCS=      0  X,Y,Z=  1.6667      0.33333       0.0000     

 NODE        134  KCS=      0  X,Y,Z=  1.8333      0.33333       0.0000     

 NODE        135  KCS=      0  X,Y,Z=  2.0000      0.33333       0.0000     

 NODE        136  KCS=      0  X,Y,Z=  2.1667      0.33333       0.0000     

 NODE        137  KCS=      0  X,Y,Z=  2.3333      0.33333       0.0000     

 NODE        138  KCS=      0  X,Y,Z=  2.5000      0.33333       0.0000     

 NODE        139  KCS=      0  X,Y,Z=  2.6667      0.33333       0.0000     

 NODE        140  KCS=      0  X,Y,Z=  2.8333      0.33333       0.0000     

 NODE        141  KCS=      0  X,Y,Z=  3.0000      0.33333       0.0000     

 NODE        142  KCS=      0  X,Y,Z=  3.1667      0.33333       0.0000     

 NODE        143  KCS=      0  X,Y,Z=  3.3333      0.33333       0.0000     

 NODE        144  KCS=      0  X,Y,Z=  3.5000      0.33333       0.0000     

 NODE        145  KCS=      0  X,Y,Z=  3.6667      0.33333       0.0000     

 NODE        146  KCS=      0  X,Y,Z=  3.8333      0.33333       0.0000     

 NODE        147  KCS=      0  X,Y,Z=  4.0000      0.33333       0.0000     

 NODE        148  KCS=      0  X,Y,Z=  4.1667      0.33333       0.0000     

 NODE        149  KCS=      0  X,Y,Z=  4.3333      0.33333       0.0000     

 NODE        150  KCS=      0  X,Y,Z=  4.5000      0.33333       0.0000     

 NODE        151  KCS=      0  X,Y,Z=  4.6667      0.33333       0.0000     

 NODE        152  KCS=      0  X,Y,Z=  4.8333      0.33333       0.0000     

 NODE        153  KCS=      0  X,Y,Z=  5.0000      0.33333       0.0000     

 NODE        154  KCS=      0  X,Y,Z=  5.1667      0.33333       0.0000     

 NODE        155  KCS=      0  X,Y,Z=  5.3333      0.33333       0.0000     

 NODE        156  KCS=      0  X,Y,Z=  5.5000      0.33333       0.0000     

 NODE        157  KCS=      0  X,Y,Z=  5.6667      0.33333       0.0000     

 NODE        158  KCS=      0  X,Y,Z=  5.8333      0.33333       0.0000     

 NODE        159  KCS=      0  X,Y,Z=  6.0000      0.33333       0.0000     

 NODE        160  KCS=      0  X,Y,Z=  6.1667      0.33333       0.0000     

 NODE        161  KCS=      0  X,Y,Z=  6.3333      0.33333       0.0000     

 NODE        162  KCS=      0  X,Y,Z=  6.5000      0.33333       0.0000     

 NODE        163  KCS=      0  X,Y,Z=  6.6667      0.33333       0.0000     

 NODE        164  KCS=      0  X,Y,Z=  6.8333      0.33333       0.0000     

 NODE        165  KCS=      0  X,Y,Z=  7.0000      0.33333       0.0000     

 NODE        166  KCS=      0  X,Y,Z=  7.1667      0.33333       0.0000     

 NODE        167  KCS=      0  X,Y,Z=  7.3333      0.33333       0.0000     

 NODE        168  KCS=      0  X,Y,Z=  7.5000      0.33333       0.0000     

 NODE        169  KCS=      0  X,Y,Z=  7.6667      0.33333       0.0000     

 NODE        170  KCS=      0  X,Y,Z=  7.8333      0.33333       0.0000     

 NODE        171  KCS=      0  X,Y,Z=  8.0000      0.33333       0.0000     

 NODE        172  KCS=      0  X,Y,Z=  8.1667      0.33333       0.0000     

 NODE        173  KCS=      0  X,Y,Z=  8.3333      0.33333       0.0000     

 NODE        174  KCS=      0  X,Y,Z=  8.5000      0.33333       0.0000     

 NODE        175  KCS=      0  X,Y,Z=  8.6667      0.33333       0.0000     

 NODE        176  KCS=      0  X,Y,Z=  8.8333      0.33333       0.0000     

 NODE        177  KCS=      0  X,Y,Z=  9.0000      0.33333       0.0000     

 NODE        178  KCS=      0  X,Y,Z=  9.1667      0.33333       0.0000     

 NODE        179  KCS=      0  X,Y,Z=  9.3333      0.33333       0.0000     

 NODE        180  KCS=      0  X,Y,Z=  9.5000      0.33333       0.0000     

 NODE        181  KCS=      0  X,Y,Z=  9.6667      0.33333       0.0000     

 NODE        182  KCS=      0  X,Y,Z=  9.8333      0.33333       0.0000     

 NODE        183  KCS=      0  X,Y,Z=  10.000      0.33333       0.0000     

 NODE        184  KCS=      0  X,Y,Z=  0.0000      0.50000       0.0000     

 NODE        185  KCS=      0  X,Y,Z= 0.16667      0.50000       0.0000     

 NODE        186  KCS=      0  X,Y,Z= 0.33333      0.50000       0.0000     

 NODE        187  KCS=      0  X,Y,Z= 0.50000      0.50000       0.0000     

 NODE        188  KCS=      0  X,Y,Z= 0.66667      0.50000       0.0000     

 NODE        189  KCS=      0  X,Y,Z= 0.83333      0.50000       0.0000     

 NODE        190  KCS=      0  X,Y,Z=  1.0000      0.50000       0.0000     

 NODE        191  KCS=      0  X,Y,Z=  1.1667      0.50000       0.0000     

 NODE        192  KCS=      0  X,Y,Z=  1.3333      0.50000       0.0000     

 NODE        193  KCS=      0  X,Y,Z=  1.5000      0.50000       0.0000     

 NODE        194  KCS=      0  X,Y,Z=  1.6667      0.50000       0.0000     

 NODE        195  KCS=      0  X,Y,Z=  1.8333      0.50000       0.0000     

 NODE        196  KCS=      0  X,Y,Z=  2.0000      0.50000       0.0000     

 NODE        197  KCS=      0  X,Y,Z=  2.1667      0.50000       0.0000     

 NODE        198  KCS=      0  X,Y,Z=  2.3333      0.50000       0.0000     

 NODE        199  KCS=      0  X,Y,Z=  2.5000      0.50000       0.0000     

 NODE        200  KCS=      0  X,Y,Z=  2.6667      0.50000       0.0000     

 NODE        201  KCS=      0  X,Y,Z=  2.8333      0.50000       0.0000     

 NODE        202  KCS=      0  X,Y,Z=  3.0000      0.50000       0.0000     

 NODE        203  KCS=      0  X,Y,Z=  3.1667      0.50000       0.0000     

 NODE        204  KCS=      0  X,Y,Z=  3.3333      0.50000       0.0000     

 NODE        205  KCS=      0  X,Y,Z=  3.5000      0.50000       0.0000     

 NODE        206  KCS=      0  X,Y,Z=  3.6667      0.50000       0.0000     

 NODE        207  KCS=      0  X,Y,Z=  3.8333      0.50000       0.0000     

 NODE        208  KCS=      0  X,Y,Z=  4.0000      0.50000       0.0000     

 NODE        209  KCS=      0  X,Y,Z=  4.1667      0.50000       0.0000     

 NODE        210  KCS=      0  X,Y,Z=  4.3333      0.50000       0.0000     

 NODE        211  KCS=      0  X,Y,Z=  4.5000      0.50000       0.0000     

 NODE        212  KCS=      0  X,Y,Z=  4.6667      0.50000       0.0000     

 NODE        213  KCS=      0  X,Y,Z=  4.8333      0.50000       0.0000     

 NODE        214  KCS=      0  X,Y,Z=  5.0000      0.50000       0.0000     

 NODE        215  KCS=      0  X,Y,Z=  5.1667      0.50000       0.0000     

 NODE        216  KCS=      0  X,Y,Z=  5.3333      0.50000       0.0000     

 NODE        217  KCS=      0  X,Y,Z=  5.5000      0.50000       0.0000     

 NODE        218  KCS=      0  X,Y,Z=  5.6667      0.50000       0.0000     

 NODE        219  KCS=      0  X,Y,Z=  5.8333      0.50000       0.0000     

 NODE        220  KCS=      0  X,Y,Z=  6.0000      0.50000       0.0000     

 NODE        221  KCS=      0  X,Y,Z=  6.1667      0.50000       0.0000     

 NODE        222  KCS=      0  X,Y,Z=  6.3333      0.50000       0.0000     

 NODE        223  KCS=      0  X,Y,Z=  6.5000      0.50000       0.0000     

 NODE        224  KCS=      0  X,Y,Z=  6.6667      0.50000       0.0000     

 NODE        225  KCS=      0  X,Y,Z=  6.8333      0.50000       0.0000     

 NODE        226  KCS=      0  X,Y,Z=  7.0000      0.50000       0.0000     

 NODE        227  KCS=      0  X,Y,Z=  7.1667      0.50000       0.0000     

 NODE        228  KCS=      0  X,Y,Z=  7.3333      0.50000       0.0000     

 NODE        229  KCS=      0  X,Y,Z=  7.5000      0.50000       0.0000     

 NODE        230  KCS=      0  X,Y,Z=  7.6667      0.50000       0.0000     

 NODE        231  KCS=      0  X,Y,Z=  7.8333      0.50000       0.0000     

 NODE        232  KCS=      0  X,Y,Z=  8.0000      0.50000       0.0000     

 NODE        233  KCS=      0  X,Y,Z=  8.1667      0.50000       0.0000     

 NODE        234  KCS=      0  X,Y,Z=  8.3333      0.50000       0.0000     

 NODE        235  KCS=      0  X,Y,Z=  8.5000      0.50000       0.0000     

 NODE        236  KCS=      0  X,Y,Z=  8.6667      0.50000       0.0000     

 NODE        237  KCS=      0  X,Y,Z=  8.8333      0.50000       0.0000     

 NODE        238  KCS=      0  X,Y,Z=  9.0000      0.50000       0.0000     

 NODE        239  KCS=      0  X,Y,Z=  9.1667      0.50000       0.0000     

 NODE        240  KCS=      0  X,Y,Z=  9.3333      0.50000       0.0000     

 NODE        241  KCS=      0  X,Y,Z=  9.5000      0.50000       0.0000     

 NODE        242  KCS=      0  X,Y,Z=  9.6667      0.50000       0.0000     

 NODE        243  KCS=      0  X,Y,Z=  9.8333      0.50000       0.0000     

 NODE        244  KCS=      0  X,Y,Z=  10.000      0.50000       0.0000     

 NODE        245  KCS=      0  X,Y,Z=  0.0000      0.66667       0.0000     

 NODE        246  KCS=      0  X,Y,Z= 0.16667      0.66667       0.0000     

 NODE        247  KCS=      0  X,Y,Z= 0.33333      0.66667       0.0000     

 NODE        248  KCS=      0  X,Y,Z= 0.50000      0.66667       0.0000     

 NODE        249  KCS=      0  X,Y,Z= 0.66667      0.66667       0.0000     

 NODE        250  KCS=      0  X,Y,Z= 0.83333      0.66667       0.0000     

 NODE        251  KCS=      0  X,Y,Z=  1.0000      0.66667       0.0000     

 NODE        252  KCS=      0  X,Y,Z=  1.1667      0.66667       0.0000     

 NODE        253  KCS=      0  X,Y,Z=  1.3333      0.66667       0.0000     

 NODE        254  KCS=      0  X,Y,Z=  1.5000      0.66667       0.0000     

 NODE        255  KCS=      0  X,Y,Z=  1.6667      0.66667       0.0000     

 NODE        256  KCS=      0  X,Y,Z=  1.8333      0.66667       0.0000     

 NODE        257  KCS=      0  X,Y,Z=  2.0000      0.66667       0.0000     

 NODE        258  KCS=      0  X,Y,Z=  2.1667      0.66667       0.0000     

 NODE        259  KCS=      0  X,Y,Z=  2.3333      0.66667       0.0000     

 NODE        260  KCS=      0  X,Y,Z=  2.5000      0.66667       0.0000     

 NODE        261  KCS=      0  X,Y,Z=  2.6667      0.66667       0.0000     

 NODE        262  KCS=      0  X,Y,Z=  2.8333      0.66667       0.0000     

 NODE        263  KCS=      0  X,Y,Z=  3.0000      0.66667       0.0000     

 NODE        264  KCS=      0  X,Y,Z=  3.1667      0.66667       0.0000     

 NODE        265  KCS=      0  X,Y,Z=  3.3333      0.66667       0.0000     

 NODE        266  KCS=      0  X,Y,Z=  3.5000      0.66667       0.0000     

 NODE        267  KCS=      0  X,Y,Z=  3.6667      0.66667       0.0000     

 NODE        268  KCS=      0  X,Y,Z=  3.8333      0.66667       0.0000     

 NODE        269  KCS=      0  X,Y,Z=  4.0000      0.66667       0.0000     

 NODE        270  KCS=      0  X,Y,Z=  4.1667      0.66667       0.0000     

 NODE        271  KCS=      0  X,Y,Z=  4.3333      0.66667       0.0000     

 NODE        272  KCS=      0  X,Y,Z=  4.5000      0.66667       0.0000     

 NODE        273  KCS=      0  X,Y,Z=  4.6667      0.66667       0.0000     

 NODE        274  KCS=      0  X,Y,Z=  4.8333      0.66667       0.0000     

 NODE        275  KCS=      0  X,Y,Z=  5.0000      0.66667       0.0000     

 NODE        276  KCS=      0  X,Y,Z=  5.1667      0.66667       0.0000     

 NODE        277  KCS=      0  X,Y,Z=  5.3333      0.66667       0.0000     

 NODE        278  KCS=      0  X,Y,Z=  5.5000      0.66667       0.0000     

 NODE        279  KCS=      0  X,Y,Z=  5.6667      0.66667       0.0000     

 NODE        280  KCS=      0  X,Y,Z=  5.8333      0.66667       0.0000     

 NODE        281  KCS=      0  X,Y,Z=  6.0000      0.66667       0.0000     

 NODE        282  KCS=      0  X,Y,Z=  6.1667      0.66667       0.0000     

 NODE        283  KCS=      0  X,Y,Z=  6.3333      0.66667       0.0000     

 NODE        284  KCS=      0  X,Y,Z=  6.5000      0.66667       0.0000     

 NODE        285  KCS=      0  X,Y,Z=  6.6667      0.66667       0.0000     

 NODE        286  KCS=      0  X,Y,Z=  6.8333      0.66667       0.0000     

 NODE        287  KCS=      0  X,Y,Z=  7.0000      0.66667       0.0000     

 NODE        288  KCS=      0  X,Y,Z=  7.1667      0.66667       0.0000     

 NODE        289  KCS=      0  X,Y,Z=  7.3333      0.66667       0.0000     

 NODE        290  KCS=      0  X,Y,Z=  7.5000      0.66667       0.0000     

 NODE        291  KCS=      0  X,Y,Z=  7.6667      0.66667       0.0000     

 NODE        292  KCS=      0  X,Y,Z=  7.8333      0.66667       0.0000     

 NODE        293  KCS=      0  X,Y,Z=  8.0000      0.66667       0.0000     

 NODE        294  KCS=      0  X,Y,Z=  8.1667      0.66667       0.0000     

 NODE        295  KCS=      0  X,Y,Z=  8.3333      0.66667       0.0000     

 NODE        296  KCS=      0  X,Y,Z=  8.5000      0.66667       0.0000     

 NODE        297  KCS=      0  X,Y,Z=  8.6667      0.66667       0.0000     

 NODE        298  KCS=      0  X,Y,Z=  8.8333      0.66667       0.0000     

 NODE        299  KCS=      0  X,Y,Z=  9.0000      0.66667       0.0000     

 NODE        300  KCS=      0  X,Y,Z=  9.1667      0.66667       0.0000     

 NODE        301  KCS=      0  X,Y,Z=  9.3333      0.66667       0.0000     

 NODE        302  KCS=      0  X,Y,Z=  9.5000      0.66667       0.0000     

 NODE        303  KCS=      0  X,Y,Z=  9.6667      0.66667       0.0000     

 NODE        304  KCS=      0  X,Y,Z=  9.8333      0.66667       0.0000     

 NODE        305  KCS=      0  X,Y,Z=  10.000      0.66667       0.0000     

 NODE        306  KCS=      0  X,Y,Z=  0.0000      0.83333       0.0000     

 NODE        307  KCS=      0  X,Y,Z= 0.16667      0.83333       0.0000     

 NODE        308  KCS=      0  X,Y,Z= 0.33333      0.83333       0.0000     

 NODE        309  KCS=      0  X,Y,Z= 0.50000      0.83333       0.0000     

 NODE        310  KCS=      0  X,Y,Z= 0.66667      0.83333       0.0000     

 NODE        311  KCS=      0  X,Y,Z= 0.83333      0.83333       0.0000     

 NODE        312  KCS=      0  X,Y,Z=  1.0000      0.83333       0.0000     

 NODE        313  KCS=      0  X,Y,Z=  1.1667      0.83333       0.0000     

 NODE        314  KCS=      0  X,Y,Z=  1.3333      0.83333       0.0000     

 NODE        315  KCS=      0  X,Y,Z=  1.5000      0.83333       0.0000     

 NODE        316  KCS=      0  X,Y,Z=  1.6667      0.83333       0.0000     

 NODE        317  KCS=      0  X,Y,Z=  1.8333      0.83333       0.0000     

 NODE        318  KCS=      0  X,Y,Z=  2.0000      0.83333       0.0000     

 NODE        319  KCS=      0  X,Y,Z=  2.1667      0.83333       0.0000     

 NODE        320  KCS=      0  X,Y,Z=  2.3333      0.83333       0.0000     

 NODE        321  KCS=      0  X,Y,Z=  2.5000      0.83333       0.0000     

 NODE        322  KCS=      0  X,Y,Z=  2.6667      0.83333       0.0000     

 NODE        323  KCS=      0  X,Y,Z=  2.8333      0.83333       0.0000     

 NODE        324  KCS=      0  X,Y,Z=  3.0000      0.83333       0.0000     

 NODE        325  KCS=      0  X,Y,Z=  3.1667      0.83333       0.0000     

 NODE        326  KCS=      0  X,Y,Z=  3.3333      0.83333       0.0000     

 NODE        327  KCS=      0  X,Y,Z=  3.5000      0.83333       0.0000     

 NODE        328  KCS=      0  X,Y,Z=  3.6667      0.83333       0.0000     

 NODE        329  KCS=      0  X,Y,Z=  3.8333      0.83333       0.0000     

 NODE        330  KCS=      0  X,Y,Z=  4.0000      0.83333       0.0000     

 NODE        331  KCS=      0  X,Y,Z=  4.1667      0.83333       0.0000     

 NODE        332  KCS=      0  X,Y,Z=  4.3333      0.83333       0.0000     

 NODE        333  KCS=      0  X,Y,Z=  4.5000      0.83333       0.0000     

 NODE        334  KCS=      0  X,Y,Z=  4.6667      0.83333       0.0000     

 NODE        335  KCS=      0  X,Y,Z=  4.8333      0.83333       0.0000     

 NODE        336  KCS=      0  X,Y,Z=  5.0000      0.83333       0.0000     

 NODE        337  KCS=      0  X,Y,Z=  5.1667      0.83333       0.0000     

 NODE        338  KCS=      0  X,Y,Z=  5.3333      0.83333       0.0000     

 NODE        339  KCS=      0  X,Y,Z=  5.5000      0.83333       0.0000     

 NODE        340  KCS=      0  X,Y,Z=  5.6667      0.83333       0.0000     

 NODE        341  KCS=      0  X,Y,Z=  5.8333      0.83333       0.0000     

 NODE        342  KCS=      0  X,Y,Z=  6.0000      0.83333       0.0000     

 NODE        343  KCS=      0  X,Y,Z=  6.1667      0.83333       0.0000     

 NODE        344  KCS=      0  X,Y,Z=  6.3333      0.83333       0.0000     

 NODE        345  KCS=      0  X,Y,Z=  6.5000      0.83333       0.0000     

 NODE        346  KCS=      0  X,Y,Z=  6.6667      0.83333       0.0000     

 NODE        347  KCS=      0  X,Y,Z=  6.8333      0.83333       0.0000     

 NODE        348  KCS=      0  X,Y,Z=  7.0000      0.83333       0.0000     

 NODE        349  KCS=      0  X,Y,Z=  7.1667      0.83333       0.0000     

 NODE        350  KCS=      0  X,Y,Z=  7.3333      0.83333       0.0000     

 NODE        351  KCS=      0  X,Y,Z=  7.5000      0.83333       0.0000     

 NODE        352  KCS=      0  X,Y,Z=  7.6667      0.83333       0.0000     

 NODE        353  KCS=      0  X,Y,Z=  7.8333      0.83333       0.0000     

 NODE        354  KCS=      0  X,Y,Z=  8.0000      0.83333       0.0000     

 NODE        355  KCS=      0  X,Y,Z=  8.1667      0.83333       0.0000     

 NODE        356  KCS=      0  X,Y,Z=  8.3333      0.83333       0.0000     

 NODE        357  KCS=      0  X,Y,Z=  8.5000      0.83333       0.0000     

 NODE        358  KCS=      0  X,Y,Z=  8.6667      0.83333       0.0000     

 NODE        359  KCS=      0  X,Y,Z=  8.8333      0.83333       0.0000     

 NODE        360  KCS=      0  X,Y,Z=  9.0000      0.83333       0.0000     

 NODE        361  KCS=      0  X,Y,Z=  9.1667      0.83333       0.0000     

 NODE        362  KCS=      0  X,Y,Z=  9.3333      0.83333       0.0000     

 NODE        363  KCS=      0  X,Y,Z=  9.5000      0.83333       0.0000     

 NODE        364  KCS=      0  X,Y,Z=  9.6667      0.83333       0.0000     

 NODE        365  KCS=      0  X,Y,Z=  9.8333      0.83333       0.0000     

 NODE        366  KCS=      0  X,Y,Z=  10.000      0.83333       0.0000     

 NODE        367  KCS=      0  X,Y,Z=  0.0000       1.0000       0.0000     

 NODE        368  KCS=      0  X,Y,Z= 0.16667       1.0000       0.0000     

 NODE        369  KCS=      0  X,Y,Z= 0.33333       1.0000       0.0000     

 NODE        370  KCS=      0  X,Y,Z= 0.50000       1.0000       0.0000     

 NODE        371  KCS=      0  X,Y,Z= 0.66667       1.0000       0.0000     

 NODE        372  KCS=      0  X,Y,Z= 0.83333       1.0000       0.0000     

 NODE        373  KCS=      0  X,Y,Z=  1.0000       1.0000       0.0000     

 NODE        374  KCS=      0  X,Y,Z=  1.1667       1.0000       0.0000     

 NODE        375  KCS=      0  X,Y,Z=  1.3333       1.0000       0.0000     

 NODE        376  KCS=      0  X,Y,Z=  1.5000       1.0000       0.0000     

 NODE        377  KCS=      0  X,Y,Z=  1.6667       1.0000       0.0000     

 NODE        378  KCS=      0  X,Y,Z=  1.8333       1.0000       0.0000     

 NODE        379  KCS=      0  X,Y,Z=  2.0000       1.0000       0.0000     

 NODE        380  KCS=      0  X,Y,Z=  2.1667       1.0000       0.0000     

 NODE        381  KCS=      0  X,Y,Z=  2.3333       1.0000       0.0000     

 NODE        382  KCS=      0  X,Y,Z=  2.5000       1.0000       0.0000     

 NODE        383  KCS=      0  X,Y,Z=  2.6667       1.0000       0.0000     

 NODE        384  KCS=      0  X,Y,Z=  2.8333       1.0000       0.0000     

 NODE        385  KCS=      0  X,Y,Z=  3.0000       1.0000       0.0000     

 NODE        386  KCS=      0  X,Y,Z=  3.1667       1.0000       0.0000     

 NODE        387  KCS=      0  X,Y,Z=  3.3333       1.0000       0.0000     

 NODE        388  KCS=      0  X,Y,Z=  3.5000       1.0000       0.0000     

 NODE        389  KCS=      0  X,Y,Z=  3.6667       1.0000       0.0000     

 NODE        390  KCS=      0  X,Y,Z=  3.8333       1.0000       0.0000     

 NODE        391  KCS=      0  X,Y,Z=  4.0000       1.0000       0.0000     

 NODE        392  KCS=      0  X,Y,Z=  4.1667       1.0000       0.0000     

 NODE        393  KCS=      0  X,Y,Z=  4.3333       1.0000       0.0000     

 NODE        394  KCS=      0  X,Y,Z=  4.5000       1.0000       0.0000     

 NODE        395  KCS=      0  X,Y,Z=  4.6667       1.0000       0.0000     

 NODE        396  KCS=      0  X,Y,Z=  4.8333       1.0000       0.0000     

 NODE        397  KCS=      0  X,Y,Z=  5.0000       1.0000       0.0000     

 NODE        398  KCS=      0  X,Y,Z=  5.1667       1.0000       0.0000     

 NODE        399  KCS=      0  X,Y,Z=  5.3333       1.0000       0.0000     

 NODE        400  KCS=      0  X,Y,Z=  5.5000       1.0000       0.0000     

 NODE        401  KCS=      0  X,Y,Z=  5.6667       1.0000       0.0000     

 NODE        402  KCS=      0  X,Y,Z=  5.8333       1.0000       0.0000     

 NODE        403  KCS=      0  X,Y,Z=  6.0000       1.0000       0.0000     

 NODE        404  KCS=      0  X,Y,Z=  6.1667       1.0000       0.0000     

 NODE        405  KCS=      0  X,Y,Z=  6.3333       1.0000       0.0000     

 NODE        406  KCS=      0  X,Y,Z=  6.5000       1.0000       0.0000     

 NODE        407  KCS=      0  X,Y,Z=  6.6667       1.0000       0.0000     

 NODE        408  KCS=      0  X,Y,Z=  6.8333       1.0000       0.0000     

 NODE        409  KCS=      0  X,Y,Z=  7.0000       1.0000       0.0000     

 NODE        410  KCS=      0  X,Y,Z=  7.1667       1.0000       0.0000     

 NODE        411  KCS=      0  X,Y,Z=  7.3333       1.0000       0.0000     

 NODE        412  KCS=      0  X,Y,Z=  7.5000       1.0000       0.0000     

 NODE        413  KCS=      0  X,Y,Z=  7.6667       1.0000       0.0000     

 NODE        414  KCS=      0  X,Y,Z=  7.8333       1.0000       0.0000     

 NODE        415  KCS=      0  X,Y,Z=  8.0000       1.0000       0.0000     

 NODE        416  KCS=      0  X,Y,Z=  8.1667       1.0000       0.0000     

 NODE        417  KCS=      0  X,Y,Z=  8.3333       1.0000       0.0000     

 NODE        418  KCS=      0  X,Y,Z=  8.5000       1.0000       0.0000     

 NODE        419  KCS=      0  X,Y,Z=  8.6667       1.0000       0.0000     

 NODE        420  KCS=      0  X,Y,Z=  8.8333       1.0000       0.0000     

 NODE        421  KCS=      0  X,Y,Z=  9.0000       1.0000       0.0000     

 NODE        422  KCS=      0  X,Y,Z=  9.1667       1.0000       0.0000     

 NODE        423  KCS=      0  X,Y,Z=  9.3333       1.0000       0.0000     

 NODE        424  KCS=      0  X,Y,Z=  9.5000       1.0000       0.0000     

 NODE        425  KCS=      0  X,Y,Z=  9.6667       1.0000       0.0000     

 NODE        426  KCS=      0  X,Y,Z=  9.8333       1.0000       0.0000     

 NODE        427  KCS=      0  X,Y,Z=  10.000       1.0000       0.0000     

 NODE        428  KCS=      0  X,Y,Z=  0.0000       1.1667       0.0000     

 NODE        429  KCS=      0  X,Y,Z= 0.16667       1.1667       0.0000     

 NODE        430  KCS=      0  X,Y,Z= 0.33333       1.1667       0.0000     

 NODE        431  KCS=      0  X,Y,Z= 0.50000       1.1667       0.0000     

 NODE        432  KCS=      0  X,Y,Z= 0.66667       1.1667       0.0000     

 NODE        433  KCS=      0  X,Y,Z= 0.83333       1.1667       0.0000     

 NODE        434  KCS=      0  X,Y,Z=  1.0000       1.1667       0.0000     

 NODE        435  KCS=      0  X,Y,Z=  1.1667       1.1667       0.0000     

 NODE        436  KCS=      0  X,Y,Z=  1.3333       1.1667       0.0000     

 NODE        437  KCS=      0  X,Y,Z=  1.5000       1.1667       0.0000     

 NODE        438  KCS=      0  X,Y,Z=  1.6667       1.1667       0.0000     

 NODE        439  KCS=      0  X,Y,Z=  1.8333       1.1667       0.0000     

 NODE        440  KCS=      0  X,Y,Z=  2.0000       1.1667       0.0000     

 NODE        441  KCS=      0  X,Y,Z=  2.1667       1.1667       0.0000     

 NODE        442  KCS=      0  X,Y,Z=  2.3333       1.1667       0.0000     

 NODE        443  KCS=      0  X,Y,Z=  2.5000       1.1667       0.0000     

 NODE        444  KCS=      0  X,Y,Z=  2.6667       1.1667       0.0000     

 NODE        445  KCS=      0  X,Y,Z=  2.8333       1.1667       0.0000     

 NODE        446  KCS=      0  X,Y,Z=  3.0000       1.1667       0.0000     

 NODE        447  KCS=      0  X,Y,Z=  3.1667       1.1667       0.0000     

 NODE        448  KCS=      0  X,Y,Z=  3.3333       1.1667       0.0000     

 NODE        449  KCS=      0  X,Y,Z=  3.5000       1.1667       0.0000     

 NODE        450  KCS=      0  X,Y,Z=  3.6667       1.1667       0.0000     

 NODE        451  KCS=      0  X,Y,Z=  3.8333       1.1667       0.0000     

 NODE        452  KCS=      0  X,Y,Z=  4.0000       1.1667       0.0000     

 NODE        453  KCS=      0  X,Y,Z=  4.1667       1.1667       0.0000     

 NODE        454  KCS=      0  X,Y,Z=  4.3333       1.1667       0.0000     

 NODE        455  KCS=      0  X,Y,Z=  4.5000       1.1667       0.0000     

 NODE        456  KCS=      0  X,Y,Z=  4.6667       1.1667       0.0000     

 NODE        457  KCS=      0  X,Y,Z=  4.8333       1.1667       0.0000     

 NODE        458  KCS=      0  X,Y,Z=  5.0000       1.1667       0.0000     

 NODE        459  KCS=      0  X,Y,Z=  5.1667       1.1667       0.0000     

 NODE        460  KCS=      0  X,Y,Z=  5.3333       1.1667       0.0000     

 NODE        461  KCS=      0  X,Y,Z=  5.5000       1.1667       0.0000     

 NODE        462  KCS=      0  X,Y,Z=  5.6667       1.1667       0.0000     

 NODE        463  KCS=      0  X,Y,Z=  5.8333       1.1667       0.0000     

 NODE        464  KCS=      0  X,Y,Z=  6.0000       1.1667       0.0000     

 NODE        465  KCS=      0  X,Y,Z=  6.1667       1.1667       0.0000     

 NODE        466  KCS=      0  X,Y,Z=  6.3333       1.1667       0.0000     

 NODE        467  KCS=      0  X,Y,Z=  6.5000       1.1667       0.0000     

 NODE        468  KCS=      0  X,Y,Z=  6.6667       1.1667       0.0000     

 NODE        469  KCS=      0  X,Y,Z=  6.8333       1.1667       0.0000     

 NODE        470  KCS=      0  X,Y,Z=  7.0000       1.1667       0.0000     

 NODE        471  KCS=      0  X,Y,Z=  7.1667       1.1667       0.0000     

 NODE        472  KCS=      0  X,Y,Z=  7.3333       1.1667       0.0000     

 NODE        473  KCS=      0  X,Y,Z=  7.5000       1.1667       0.0000     

 NODE        474  KCS=      0  X,Y,Z=  7.6667       1.1667       0.0000     

 NODE        475  KCS=      0  X,Y,Z=  7.8333       1.1667       0.0000     

 NODE        476  KCS=      0  X,Y,Z=  8.0000       1.1667       0.0000     

 NODE        477  KCS=      0  X,Y,Z=  8.1667       1.1667       0.0000     

 NODE        478  KCS=      0  X,Y,Z=  8.3333       1.1667       0.0000     

 NODE        479  KCS=      0  X,Y,Z=  8.5000       1.1667       0.0000     

 NODE        480  KCS=      0  X,Y,Z=  8.6667       1.1667       0.0000     

 NODE        481  KCS=      0  X,Y,Z=  8.8333       1.1667       0.0000     

 NODE        482  KCS=      0  X,Y,Z=  9.0000       1.1667       0.0000     

 NODE        483  KCS=      0  X,Y,Z=  9.1667       1.1667       0.0000     

 NODE        484  KCS=      0  X,Y,Z=  9.3333       1.1667       0.0000     

 NODE        485  KCS=      0  X,Y,Z=  9.5000       1.1667       0.0000     

 NODE        486  KCS=      0  X,Y,Z=  9.6667       1.1667       0.0000     

 NODE        487  KCS=      0  X,Y,Z=  9.8333       1.1667       0.0000     

 NODE        488  KCS=      0  X,Y,Z=  10.000       1.1667       0.0000     

 NODE        489  KCS=      0  X,Y,Z=  0.0000       1.3333       0.0000     

 NODE        490  KCS=      0  X,Y,Z= 0.16667       1.3333       0.0000     

 NODE        491  KCS=      0  X,Y,Z= 0.33333       1.3333       0.0000     

 NODE        492  KCS=      0  X,Y,Z= 0.50000       1.3333       0.0000     

 NODE        493  KCS=      0  X,Y,Z= 0.66667       1.3333       0.0000     

 NODE        494  KCS=      0  X,Y,Z= 0.83333       1.3333       0.0000     

 NODE        495  KCS=      0  X,Y,Z=  1.0000       1.3333       0.0000     

 NODE        496  KCS=      0  X,Y,Z=  1.1667       1.3333       0.0000     

 NODE        497  KCS=      0  X,Y,Z=  1.3333       1.3333       0.0000     

 NODE        498  KCS=      0  X,Y,Z=  1.5000       1.3333       0.0000     

 NODE        499  KCS=      0  X,Y,Z=  1.6667       1.3333       0.0000     

 NODE        500  KCS=      0  X,Y,Z=  1.8333       1.3333       0.0000     

 NODE        501  KCS=      0  X,Y,Z=  2.0000       1.3333       0.0000     

 NODE        502  KCS=      0  X,Y,Z=  2.1667       1.3333       0.0000     

 NODE        503  KCS=      0  X,Y,Z=  2.3333       1.3333       0.0000     

 NODE        504  KCS=      0  X,Y,Z=  2.5000       1.3333       0.0000     

 NODE        505  KCS=      0  X,Y,Z=  2.6667       1.3333       0.0000     

 NODE        506  KCS=      0  X,Y,Z=  2.8333       1.3333       0.0000     

 NODE        507  KCS=      0  X,Y,Z=  3.0000       1.3333       0.0000     

 NODE        508  KCS=      0  X,Y,Z=  3.1667       1.3333       0.0000     

 NODE        509  KCS=      0  X,Y,Z=  3.3333       1.3333       0.0000     

 NODE        510  KCS=      0  X,Y,Z=  3.5000       1.3333       0.0000     

 NODE        511  KCS=      0  X,Y,Z=  3.6667       1.3333       0.0000     

 NODE        512  KCS=      0  X,Y,Z=  3.8333       1.3333       0.0000     

 NODE        513  KCS=      0  X,Y,Z=  4.0000       1.3333       0.0000     

 NODE        514  KCS=      0  X,Y,Z=  4.1667       1.3333       0.0000     

 NODE        515  KCS=      0  X,Y,Z=  4.3333       1.3333       0.0000     

 NODE        516  KCS=      0  X,Y,Z=  4.5000       1.3333       0.0000     

 NODE        517  KCS=      0  X,Y,Z=  4.6667       1.3333       0.0000     

 NODE        518  KCS=      0  X,Y,Z=  4.8333       1.3333       0.0000     

 NODE        519  KCS=      0  X,Y,Z=  5.0000       1.3333       0.0000     

 NODE        520  KCS=      0  X,Y,Z=  5.1667       1.3333       0.0000     

 NODE        521  KCS=      0  X,Y,Z=  5.3333       1.3333       0.0000     

 NODE        522  KCS=      0  X,Y,Z=  5.5000       1.3333       0.0000     

 NODE        523  KCS=      0  X,Y,Z=  5.6667       1.3333       0.0000     

 NODE        524  KCS=      0  X,Y,Z=  5.8333       1.3333       0.0000     

 NODE        525  KCS=      0  X,Y,Z=  6.0000       1.3333       0.0000     

 NODE        526  KCS=      0  X,Y,Z=  6.1667       1.3333       0.0000     

 NODE        527  KCS=      0  X,Y,Z=  6.3333       1.3333       0.0000     

 NODE        528  KCS=      0  X,Y,Z=  6.5000       1.3333       0.0000     

 NODE        529  KCS=      0  X,Y,Z=  6.6667       1.3333       0.0000     

 NODE        530  KCS=      0  X,Y,Z=  6.8333       1.3333       0.0000     

 NODE        531  KCS=      0  X,Y,Z=  7.0000       1.3333       0.0000     

 NODE        532  KCS=      0  X,Y,Z=  7.1667       1.3333       0.0000     

 NODE        533  KCS=      0  X,Y,Z=  7.3333       1.3333       0.0000     

 NODE        534  KCS=      0  X,Y,Z=  7.5000       1.3333       0.0000     

 NODE        535  KCS=      0  X,Y,Z=  7.6667       1.3333       0.0000     

 NODE        536  KCS=      0  X,Y,Z=  7.8333       1.3333       0.0000     

 NODE        537  KCS=      0  X,Y,Z=  8.0000       1.3333       0.0000     

 NODE        538  KCS=      0  X,Y,Z=  8.1667       1.3333       0.0000     

 NODE        539  KCS=      0  X,Y,Z=  8.3333       1.3333       0.0000     

 NODE        540  KCS=      0  X,Y,Z=  8.5000       1.3333       0.0000     

 NODE        541  KCS=      0  X,Y,Z=  8.6667       1.3333       0.0000     

 NODE        542  KCS=      0  X,Y,Z=  8.8333       1.3333       0.0000     

 NODE        543  KCS=      0  X,Y,Z=  9.0000       1.3333       0.0000     

 NODE        544  KCS=      0  X,Y,Z=  9.1667       1.3333       0.0000     

 NODE        545  KCS=      0  X,Y,Z=  9.3333       1.3333       0.0000     

 NODE        546  KCS=      0  X,Y,Z=  9.5000       1.3333       0.0000     

 NODE        547  KCS=      0  X,Y,Z=  9.6667       1.3333       0.0000     

 NODE        548  KCS=      0  X,Y,Z=  9.8333       1.3333       0.0000     

 NODE        549  KCS=      0  X,Y,Z=  10.000       1.3333       0.0000     

 NODE        550  KCS=      0  X,Y,Z=  0.0000       1.5000       0.0000     

 NODE        551  KCS=      0  X,Y,Z= 0.16667       1.5000       0.0000     

 NODE        552  KCS=      0  X,Y,Z= 0.33333       1.5000       0.0000     

 NODE        553  KCS=      0  X,Y,Z= 0.50000       1.5000       0.0000     

 NODE        554  KCS=      0  X,Y,Z= 0.66667       1.5000       0.0000     

 NODE        555  KCS=      0  X,Y,Z= 0.83333       1.5000       0.0000     

 NODE        556  KCS=      0  X,Y,Z=  1.0000       1.5000       0.0000     

 NODE        557  KCS=      0  X,Y,Z=  1.1667       1.5000       0.0000     

 NODE        558  KCS=      0  X,Y,Z=  1.3333       1.5000       0.0000     

 NODE        559  KCS=      0  X,Y,Z=  1.5000       1.5000       0.0000     

 NODE        560  KCS=      0  X,Y,Z=  1.6667       1.5000       0.0000     

 NODE        561  KCS=      0  X,Y,Z=  1.8333       1.5000       0.0000     

 NODE        562  KCS=      0  X,Y,Z=  2.0000       1.5000       0.0000     

 NODE        563  KCS=      0  X,Y,Z=  2.1667       1.5000       0.0000     

 NODE        564  KCS=      0  X,Y,Z=  2.3333       1.5000       0.0000     

 NODE        565  KCS=      0  X,Y,Z=  2.5000       1.5000       0.0000     

 NODE        566  KCS=      0  X,Y,Z=  2.6667       1.5000       0.0000     

 NODE        567  KCS=      0  X,Y,Z=  2.8333       1.5000       0.0000     

 NODE        568  KCS=      0  X,Y,Z=  3.0000       1.5000       0.0000     

 NODE        569  KCS=      0  X,Y,Z=  3.1667       1.5000       0.0000     

 NODE        570  KCS=      0  X,Y,Z=  3.3333       1.5000       0.0000     

 NODE        571  KCS=      0  X,Y,Z=  3.5000       1.5000       0.0000     

 NODE        572  KCS=      0  X,Y,Z=  3.6667       1.5000       0.0000     

 NODE        573  KCS=      0  X,Y,Z=  3.8333       1.5000       0.0000     

 NODE        574  KCS=      0  X,Y,Z=  4.0000       1.5000       0.0000     

 NODE        575  KCS=      0  X,Y,Z=  4.1667       1.5000       0.0000     

 NODE        576  KCS=      0  X,Y,Z=  4.3333       1.5000       0.0000     

 NODE        577  KCS=      0  X,Y,Z=  4.5000       1.5000       0.0000     

 NODE        578  KCS=      0  X,Y,Z=  4.6667       1.5000       0.0000     

 NODE        579  KCS=      0  X,Y,Z=  4.8333       1.5000       0.0000     

 NODE        580  KCS=      0  X,Y,Z=  5.0000       1.5000       0.0000     

 NODE        581  KCS=      0  X,Y,Z=  5.1667       1.5000       0.0000     

 NODE        582  KCS=      0  X,Y,Z=  5.3333       1.5000       0.0000     

 NODE        583  KCS=      0  X,Y,Z=  5.5000       1.5000       0.0000     

 NODE        584  KCS=      0  X,Y,Z=  5.6667       1.5000       0.0000     

 NODE        585  KCS=      0  X,Y,Z=  5.8333       1.5000       0.0000     

 NODE        586  KCS=      0  X,Y,Z=  6.0000       1.5000       0.0000     

 NODE        587  KCS=      0  X,Y,Z=  6.1667       1.5000       0.0000     

 NODE        588  KCS=      0  X,Y,Z=  6.3333       1.5000       0.0000     

 NODE        589  KCS=      0  X,Y,Z=  6.5000       1.5000       0.0000     

 NODE        590  KCS=      0  X,Y,Z=  6.6667       1.5000       0.0000     

 NODE        591  KCS=      0  X,Y,Z=  6.8333       1.5000       0.0000     

 NODE        592  KCS=      0  X,Y,Z=  7.0000       1.5000       0.0000     

 NODE        593  KCS=      0  X,Y,Z=  7.1667       1.5000       0.0000     

 NODE        594  KCS=      0  X,Y,Z=  7.3333       1.5000       0.0000     

 NODE        595  KCS=      0  X,Y,Z=  7.5000       1.5000       0.0000     

 NODE        596  KCS=      0  X,Y,Z=  7.6667       1.5000       0.0000     

 NODE        597  KCS=      0  X,Y,Z=  7.8333       1.5000       0.0000     

 NODE        598  KCS=      0  X,Y,Z=  8.0000       1.5000       0.0000     

 NODE        599  KCS=      0  X,Y,Z=  8.1667       1.5000       0.0000     

 NODE        600  KCS=      0  X,Y,Z=  8.3333       1.5000       0.0000     

 NODE        601  KCS=      0  X,Y,Z=  8.5000       1.5000       0.0000     

 NODE        602  KCS=      0  X,Y,Z=  8.6667       1.5000       0.0000     

 NODE        603  KCS=      0  X,Y,Z=  8.8333       1.5000       0.0000     

 NODE        604  KCS=      0  X,Y,Z=  9.0000       1.5000       0.0000     

 NODE        605  KCS=      0  X,Y,Z=  9.1667       1.5000       0.0000     

 NODE        606  KCS=      0  X,Y,Z=  9.3333       1.5000       0.0000     

 NODE        607  KCS=      0  X,Y,Z=  9.5000       1.5000       0.0000     

 NODE        608  KCS=      0  X,Y,Z=  9.6667       1.5000       0.0000     

 NODE        609  KCS=      0  X,Y,Z=  9.8333       1.5000       0.0000     

 NODE        610  KCS=      0  X,Y,Z=  10.000       1.5000       0.0000     

 NODE        611  KCS=      0  X,Y,Z=  0.0000       1.6667       0.0000     

 NODE        612  KCS=      0  X,Y,Z= 0.16667       1.6667       0.0000     

 NODE        613  KCS=      0  X,Y,Z= 0.33333       1.6667       0.0000     

 NODE        614  KCS=      0  X,Y,Z= 0.50000       1.6667       0.0000     

 NODE        615  KCS=      0  X,Y,Z= 0.66667       1.6667       0.0000     

 NODE        616  KCS=      0  X,Y,Z= 0.83333       1.6667       0.0000     

 NODE        617  KCS=      0  X,Y,Z=  1.0000       1.6667       0.0000     

 NODE        618  KCS=      0  X,Y,Z=  1.1667       1.6667       0.0000     

 NODE        619  KCS=      0  X,Y,Z=  1.3333       1.6667       0.0000     

 NODE        620  KCS=      0  X,Y,Z=  1.5000       1.6667       0.0000     

 NODE        621  KCS=      0  X,Y,Z=  1.6667       1.6667       0.0000     

 NODE        622  KCS=      0  X,Y,Z=  1.8333       1.6667       0.0000     

 NODE        623  KCS=      0  X,Y,Z=  2.0000       1.6667       0.0000     

 NODE        624  KCS=      0  X,Y,Z=  2.1667       1.6667       0.0000     

 NODE        625  KCS=      0  X,Y,Z=  2.3333       1.6667       0.0000     

 NODE        626  KCS=      0  X,Y,Z=  2.5000       1.6667       0.0000     

 NODE        627  KCS=      0  X,Y,Z=  2.6667       1.6667       0.0000     

 NODE        628  KCS=      0  X,Y,Z=  2.8333       1.6667       0.0000     

 NODE        629  KCS=      0  X,Y,Z=  3.0000       1.6667       0.0000     

 NODE        630  KCS=      0  X,Y,Z=  3.1667       1.6667       0.0000     

 NODE        631  KCS=      0  X,Y,Z=  3.3333       1.6667       0.0000     

 NODE        632  KCS=      0  X,Y,Z=  3.5000       1.6667       0.0000     

 NODE        633  KCS=      0  X,Y,Z=  3.6667       1.6667       0.0000     

 NODE        634  KCS=      0  X,Y,Z=  3.8333       1.6667       0.0000     

 NODE        635  KCS=      0  X,Y,Z=  4.0000       1.6667       0.0000     

 NODE        636  KCS=      0  X,Y,Z=  4.1667       1.6667       0.0000     

 NODE        637  KCS=      0  X,Y,Z=  4.3333       1.6667       0.0000     

 NODE        638  KCS=      0  X,Y,Z=  4.5000       1.6667       0.0000     

 NODE        639  KCS=      0  X,Y,Z=  4.6667       1.6667       0.0000     

 NODE        640  KCS=      0  X,Y,Z=  4.8333       1.6667       0.0000     

 NODE        641  KCS=      0  X,Y,Z=  5.0000       1.6667       0.0000     

 NODE        642  KCS=      0  X,Y,Z=  5.1667       1.6667       0.0000     

 NODE        643  KCS=      0  X,Y,Z=  5.3333       1.6667       0.0000     

 NODE        644  KCS=      0  X,Y,Z=  5.5000       1.6667       0.0000     

 NODE        645  KCS=      0  X,Y,Z=  5.6667       1.6667       0.0000     

 NODE        646  KCS=      0  X,Y,Z=  5.8333       1.6667       0.0000     

 NODE        647  KCS=      0  X,Y,Z=  6.0000       1.6667       0.0000     

 NODE        648  KCS=      0  X,Y,Z=  6.1667       1.6667       0.0000     

 NODE        649  KCS=      0  X,Y,Z=  6.3333       1.6667       0.0000     

 NODE        650  KCS=      0  X,Y,Z=  6.5000       1.6667       0.0000     

 NODE        651  KCS=      0  X,Y,Z=  6.6667       1.6667       0.0000     

 NODE        652  KCS=      0  X,Y,Z=  6.8333       1.6667       0.0000     

 NODE        653  KCS=      0  X,Y,Z=  7.0000       1.6667       0.0000     

 NODE        654  KCS=      0  X,Y,Z=  7.1667       1.6667       0.0000     

 NODE        655  KCS=      0  X,Y,Z=  7.3333       1.6667       0.0000     

 NODE        656  KCS=      0  X,Y,Z=  7.5000       1.6667       0.0000     

 NODE        657  KCS=      0  X,Y,Z=  7.6667       1.6667       0.0000     

 NODE        658  KCS=      0  X,Y,Z=  7.8333       1.6667       0.0000     

 NODE        659  KCS=      0  X,Y,Z=  8.0000       1.6667       0.0000     

 NODE        660  KCS=      0  X,Y,Z=  8.1667       1.6667       0.0000     

 NODE        661  KCS=      0  X,Y,Z=  8.3333       1.6667       0.0000     

 NODE        662  KCS=      0  X,Y,Z=  8.5000       1.6667       0.0000     

 NODE        663  KCS=      0  X,Y,Z=  8.6667       1.6667       0.0000     

 NODE        664  KCS=      0  X,Y,Z=  8.8333       1.6667       0.0000     

 NODE        665  KCS=      0  X,Y,Z=  9.0000       1.6667       0.0000     

 NODE        666  KCS=      0  X,Y,Z=  9.1667       1.6667       0.0000     

 NODE        667  KCS=      0  X,Y,Z=  9.3333       1.6667       0.0000     

 NODE        668  KCS=      0  X,Y,Z=  9.5000       1.6667       0.0000     

 NODE        669  KCS=      0  X,Y,Z=  9.6667       1.6667       0.0000     

 NODE        670  KCS=      0  X,Y,Z=  9.8333       1.6667       0.0000     

 NODE        671  KCS=      0  X,Y,Z=  10.000       1.6667       0.0000     

 NODE        672  KCS=      0  X,Y,Z=  0.0000       1.8333       0.0000     

 NODE        673  KCS=      0  X,Y,Z= 0.16667       1.8333       0.0000     

 NODE        674  KCS=      0  X,Y,Z= 0.33333       1.8333       0.0000     

 NODE        675  KCS=      0  X,Y,Z= 0.50000       1.8333       0.0000     

 NODE        676  KCS=      0  X,Y,Z= 0.66667       1.8333       0.0000     

 NODE        677  KCS=      0  X,Y,Z= 0.83333       1.8333       0.0000     

 NODE        678  KCS=      0  X,Y,Z=  1.0000       1.8333       0.0000     

 NODE        679  KCS=      0  X,Y,Z=  1.1667       1.8333       0.0000     

 NODE        680  KCS=      0  X,Y,Z=  1.3333       1.8333       0.0000     

 NODE        681  KCS=      0  X,Y,Z=  1.5000       1.8333       0.0000     

 NODE        682  KCS=      0  X,Y,Z=  1.6667       1.8333       0.0000     

 NODE        683  KCS=      0  X,Y,Z=  1.8333       1.8333       0.0000     

 NODE        684  KCS=      0  X,Y,Z=  2.0000       1.8333       0.0000     

 NODE        685  KCS=      0  X,Y,Z=  2.1667       1.8333       0.0000     

 NODE        686  KCS=      0  X,Y,Z=  2.3333       1.8333       0.0000     

 NODE        687  KCS=      0  X,Y,Z=  2.5000       1.8333       0.0000     

 NODE        688  KCS=      0  X,Y,Z=  2.6667       1.8333       0.0000     

 NODE        689  KCS=      0  X,Y,Z=  2.8333       1.8333       0.0000     

 NODE        690  KCS=      0  X,Y,Z=  3.0000       1.8333       0.0000     

 NODE        691  KCS=      0  X,Y,Z=  3.1667       1.8333       0.0000     

 NODE        692  KCS=      0  X,Y,Z=  3.3333       1.8333       0.0000     

 NODE        693  KCS=      0  X,Y,Z=  3.5000       1.8333       0.0000     

 NODE        694  KCS=      0  X,Y,Z=  3.6667       1.8333       0.0000     

 NODE        695  KCS=      0  X,Y,Z=  3.8333       1.8333       0.0000     

 NODE        696  KCS=      0  X,Y,Z=  4.0000       1.8333       0.0000     

 NODE        697  KCS=      0  X,Y,Z=  4.1667       1.8333       0.0000     

 NODE        698  KCS=      0  X,Y,Z=  4.3333       1.8333       0.0000     

 NODE        699  KCS=      0  X,Y,Z=  4.5000       1.8333       0.0000     

 NODE        700  KCS=      0  X,Y,Z=  4.6667       1.8333       0.0000     

 NODE        701  KCS=      0  X,Y,Z=  4.8333       1.8333       0.0000     

 NODE        702  KCS=      0  X,Y,Z=  5.0000       1.8333       0.0000     

 NODE        703  KCS=      0  X,Y,Z=  5.1667       1.8333       0.0000     

 NODE        704  KCS=      0  X,Y,Z=  5.3333       1.8333       0.0000     

 NODE        705  KCS=      0  X,Y,Z=  5.5000       1.8333       0.0000     

 NODE        706  KCS=      0  X,Y,Z=  5.6667       1.8333       0.0000     

 NODE        707  KCS=      0  X,Y,Z=  5.8333       1.8333       0.0000     

 NODE        708  KCS=      0  X,Y,Z=  6.0000       1.8333       0.0000     

 NODE        709  KCS=      0  X,Y,Z=  6.1667       1.8333       0.0000     

 NODE        710  KCS=      0  X,Y,Z=  6.3333       1.8333       0.0000     

 NODE        711  KCS=      0  X,Y,Z=  6.5000       1.8333       0.0000     

 NODE        712  KCS=      0  X,Y,Z=  6.6667       1.8333       0.0000     

 NODE        713  KCS=      0  X,Y,Z=  6.8333       1.8333       0.0000     

 NODE        714  KCS=      0  X,Y,Z=  7.0000       1.8333       0.0000     

 NODE        715  KCS=      0  X,Y,Z=  7.1667       1.8333       0.0000     

 NODE        716  KCS=      0  X,Y,Z=  7.3333       1.8333       0.0000     

 NODE        717  KCS=      0  X,Y,Z=  7.5000       1.8333       0.0000     

 NODE        718  KCS=      0  X,Y,Z=  7.6667       1.8333       0.0000     

 NODE        719  KCS=      0  X,Y,Z=  7.8333       1.8333       0.0000     

 NODE        720  KCS=      0  X,Y,Z=  8.0000       1.8333       0.0000     

 NODE        721  KCS=      0  X,Y,Z=  8.1667       1.8333       0.0000     

 NODE        722  KCS=      0  X,Y,Z=  8.3333       1.8333       0.0000     

 NODE        723  KCS=      0  X,Y,Z=  8.5000       1.8333       0.0000     

 NODE        724  KCS=      0  X,Y,Z=  8.6667       1.8333       0.0000     

 NODE        725  KCS=      0  X,Y,Z=  8.8333       1.8333       0.0000     

 NODE        726  KCS=      0  X,Y,Z=  9.0000       1.8333       0.0000     

 NODE        727  KCS=      0  X,Y,Z=  9.1667       1.8333       0.0000     

 NODE        728  KCS=      0  X,Y,Z=  9.3333       1.8333       0.0000     

 NODE        729  KCS=      0  X,Y,Z=  9.5000       1.8333       0.0000     

 NODE        730  KCS=      0  X,Y,Z=  9.6667       1.8333       0.0000     

 NODE        731  KCS=      0  X,Y,Z=  9.8333       1.8333       0.0000     

 NODE        732  KCS=      0  X,Y,Z=  10.000       1.8333       0.0000     

 NODE        733  KCS=      0  X,Y,Z=  0.0000       2.0000       0.0000     

 NODE        734  KCS=      0  X,Y,Z= 0.16667       2.0000       0.0000     

 NODE        735  KCS=      0  X,Y,Z= 0.33333       2.0000       0.0000     

 NODE        736  KCS=      0  X,Y,Z= 0.50000       2.0000       0.0000     

 NODE        737  KCS=      0  X,Y,Z= 0.66667       2.0000       0.0000     

 NODE        738  KCS=      0  X,Y,Z= 0.83333       2.0000       0.0000     

 NODE        739  KCS=      0  X,Y,Z=  1.0000       2.0000       0.0000     

 NODE        740  KCS=      0  X,Y,Z=  1.1667       2.0000       0.0000     

 NODE        741  KCS=      0  X,Y,Z=  1.3333       2.0000       0.0000     

 NODE        742  KCS=      0  X,Y,Z=  1.5000       2.0000       0.0000     

 NODE        743  KCS=      0  X,Y,Z=  1.6667       2.0000       0.0000     

 NODE        744  KCS=      0  X,Y,Z=  1.8333       2.0000       0.0000     

 NODE        745  KCS=      0  X,Y,Z=  2.0000       2.0000       0.0000     

 NODE        746  KCS=      0  X,Y,Z=  2.1667       2.0000       0.0000     

 NODE        747  KCS=      0  X,Y,Z=  2.3333       2.0000       0.0000     

 NODE        748  KCS=      0  X,Y,Z=  2.5000       2.0000       0.0000     

 NODE        749  KCS=      0  X,Y,Z=  2.6667       2.0000       0.0000     

 NODE        750  KCS=      0  X,Y,Z=  2.8333       2.0000       0.0000     

 NODE        751  KCS=      0  X,Y,Z=  3.0000       2.0000       0.0000     

 NODE        752  KCS=      0  X,Y,Z=  3.1667       2.0000       0.0000     

 NODE        753  KCS=      0  X,Y,Z=  3.3333       2.0000       0.0000     

 NODE        754  KCS=      0  X,Y,Z=  3.5000       2.0000       0.0000     

 NODE        755  KCS=      0  X,Y,Z=  3.6667       2.0000       0.0000     

 NODE        756  KCS=      0  X,Y,Z=  3.8333       2.0000       0.0000     

 NODE        757  KCS=      0  X,Y,Z=  4.0000       2.0000       0.0000     

 NODE        758  KCS=      0  X,Y,Z=  4.1667       2.0000       0.0000     

 NODE        759  KCS=      0  X,Y,Z=  4.3333       2.0000       0.0000     

 NODE        760  KCS=      0  X,Y,Z=  4.5000       2.0000       0.0000     

 NODE        761  KCS=      0  X,Y,Z=  4.6667       2.0000       0.0000     

 NODE        762  KCS=      0  X,Y,Z=  4.8333       2.0000       0.0000     

 NODE        763  KCS=      0  X,Y,Z=  5.0000       2.0000       0.0000     

 NODE        764  KCS=      0  X,Y,Z=  5.1667       2.0000       0.0000     

 NODE        765  KCS=      0  X,Y,Z=  5.3333       2.0000       0.0000     

 NODE        766  KCS=      0  X,Y,Z=  5.5000       2.0000       0.0000     

 NODE        767  KCS=      0  X,Y,Z=  5.6667       2.0000       0.0000     

 NODE        768  KCS=      0  X,Y,Z=  5.8333       2.0000       0.0000     

 NODE        769  KCS=      0  X,Y,Z=  6.0000       2.0000       0.0000     

 NODE        770  KCS=      0  X,Y,Z=  6.1667       2.0000       0.0000     

 NODE        771  KCS=      0  X,Y,Z=  6.3333       2.0000       0.0000     

 NODE        772  KCS=      0  X,Y,Z=  6.5000       2.0000       0.0000     

 NODE        773  KCS=      0  X,Y,Z=  6.6667       2.0000       0.0000     

 NODE        774  KCS=      0  X,Y,Z=  6.8333       2.0000       0.0000     

 NODE        775  KCS=      0  X,Y,Z=  7.0000       2.0000       0.0000     

 NODE        776  KCS=      0  X,Y,Z=  7.1667       2.0000       0.0000     

 NODE        777  KCS=      0  X,Y,Z=  7.3333       2.0000       0.0000     

 NODE        778  KCS=      0  X,Y,Z=  7.5000       2.0000       0.0000     

 NODE        779  KCS=      0  X,Y,Z=  7.6667       2.0000       0.0000     

 NODE        780  KCS=      0  X,Y,Z=  7.8333       2.0000       0.0000     

 NODE        781  KCS=      0  X,Y,Z=  8.0000       2.0000       0.0000     

 NODE        782  KCS=      0  X,Y,Z=  8.1667       2.0000       0.0000     

 NODE        783  KCS=      0  X,Y,Z=  8.3333       2.0000       0.0000     

 NODE        784  KCS=      0  X,Y,Z=  8.5000       2.0000       0.0000     

 NODE        785  KCS=      0  X,Y,Z=  8.6667       2.0000       0.0000     

 NODE        786  KCS=      0  X,Y,Z=  8.8333       2.0000       0.0000     

 NODE        787  KCS=      0  X,Y,Z=  9.0000       2.0000       0.0000     

 NODE        788  KCS=      0  X,Y,Z=  9.1667       2.0000       0.0000     

 NODE        789  KCS=      0  X,Y,Z=  9.3333       2.0000       0.0000     

 NODE        790  KCS=      0  X,Y,Z=  9.5000       2.0000       0.0000     

 NODE        791  KCS=      0  X,Y,Z=  9.6667       2.0000       0.0000     

 NODE        792  KCS=      0  X,Y,Z=  9.8333       2.0000       0.0000     

 NODE        793  KCS=      0  X,Y,Z=  10.000       2.0000       0.0000     

 NODE        794  KCS=      0  X,Y,Z=  0.0000       2.1667       0.0000     

 NODE        795  KCS=      0  X,Y,Z= 0.16667       2.1667       0.0000     

 NODE        796  KCS=      0  X,Y,Z= 0.33333       2.1667       0.0000     

 NODE        797  KCS=      0  X,Y,Z= 0.50000       2.1667       0.0000     

 NODE        798  KCS=      0  X,Y,Z= 0.66667       2.1667       0.0000     

 NODE        799  KCS=      0  X,Y,Z= 0.83333       2.1667       0.0000     

 NODE        800  KCS=      0  X,Y,Z=  1.0000       2.1667       0.0000     

 NODE        801  KCS=      0  X,Y,Z=  1.1667       2.1667       0.0000     

 NODE        802  KCS=      0  X,Y,Z=  1.3333       2.1667       0.0000     

 NODE        803  KCS=      0  X,Y,Z=  1.5000       2.1667       0.0000     

 NODE        804  KCS=      0  X,Y,Z=  1.6667       2.1667       0.0000     

 NODE        805  KCS=      0  X,Y,Z=  1.8333       2.1667       0.0000     

 NODE        806  KCS=      0  X,Y,Z=  2.0000       2.1667       0.0000     

 NODE        807  KCS=      0  X,Y,Z=  2.1667       2.1667       0.0000     

 NODE        808  KCS=      0  X,Y,Z=  2.3333       2.1667       0.0000     

 NODE        809  KCS=      0  X,Y,Z=  2.5000       2.1667       0.0000     

 NODE        810  KCS=      0  X,Y,Z=  2.6667       2.1667       0.0000     

 NODE        811  KCS=      0  X,Y,Z=  2.8333       2.1667       0.0000     

 NODE        812  KCS=      0  X,Y,Z=  3.0000       2.1667       0.0000     

 NODE        813  KCS=      0  X,Y,Z=  3.1667       2.1667       0.0000     

 NODE        814  KCS=      0  X,Y,Z=  3.3333       2.1667       0.0000     

 NODE        815  KCS=      0  X,Y,Z=  3.5000       2.1667       0.0000     

 NODE        816  KCS=      0  X,Y,Z=  3.6667       2.1667       0.0000     

 NODE        817  KCS=      0  X,Y,Z=  3.8333       2.1667       0.0000     

 NODE        818  KCS=      0  X,Y,Z=  4.0000       2.1667       0.0000     

 NODE        819  KCS=      0  X,Y,Z=  4.1667       2.1667       0.0000     

 NODE        820  KCS=      0  X,Y,Z=  4.3333       2.1667       0.0000     

 NODE        821  KCS=      0  X,Y,Z=  4.5000       2.1667       0.0000     

 NODE        822  KCS=      0  X,Y,Z=  4.6667       2.1667       0.0000     

 NODE        823  KCS=      0  X,Y,Z=  4.8333       2.1667       0.0000     

 NODE        824  KCS=      0  X,Y,Z=  5.0000       2.1667       0.0000     

 NODE        825  KCS=      0  X,Y,Z=  5.1667       2.1667       0.0000     

 NODE        826  KCS=      0  X,Y,Z=  5.3333       2.1667       0.0000     

 NODE        827  KCS=      0  X,Y,Z=  5.5000       2.1667       0.0000     

 NODE        828  KCS=      0  X,Y,Z=  5.6667       2.1667       0.0000     

 NODE        829  KCS=      0  X,Y,Z=  5.8333       2.1667       0.0000     

 NODE        830  KCS=      0  X,Y,Z=  6.0000       2.1667       0.0000     

 NODE        831  KCS=      0  X,Y,Z=  6.1667       2.1667       0.0000     

 NODE        832  KCS=      0  X,Y,Z=  6.3333       2.1667       0.0000     

 NODE        833  KCS=      0  X,Y,Z=  6.5000       2.1667       0.0000     

 NODE        834  KCS=      0  X,Y,Z=  6.6667       2.1667       0.0000     

 NODE        835  KCS=      0  X,Y,Z=  6.8333       2.1667       0.0000     

 NODE        836  KCS=      0  X,Y,Z=  7.0000       2.1667       0.0000     

 NODE        837  KCS=      0  X,Y,Z=  7.1667       2.1667       0.0000     

 NODE        838  KCS=      0  X,Y,Z=  7.3333       2.1667       0.0000     

 NODE        839  KCS=      0  X,Y,Z=  7.5000       2.1667       0.0000     

 NODE        840  KCS=      0  X,Y,Z=  7.6667       2.1667       0.0000     

 NODE        841  KCS=      0  X,Y,Z=  7.8333       2.1667       0.0000     

 NODE        842  KCS=      0  X,Y,Z=  8.0000       2.1667       0.0000     

 NODE        843  KCS=      0  X,Y,Z=  8.1667       2.1667       0.0000     

 NODE        844  KCS=      0  X,Y,Z=  8.3333       2.1667       0.0000     

 NODE        845  KCS=      0  X,Y,Z=  8.5000       2.1667       0.0000     

 NODE        846  KCS=      0  X,Y,Z=  8.6667       2.1667       0.0000     

 NODE        847  KCS=      0  X,Y,Z=  8.8333       2.1667       0.0000     

 NODE        848  KCS=      0  X,Y,Z=  9.0000       2.1667       0.0000     

 NODE        849  KCS=      0  X,Y,Z=  9.1667       2.1667       0.0000     

 NODE        850  KCS=      0  X,Y,Z=  9.3333       2.1667       0.0000     

 NODE        851  KCS=      0  X,Y,Z=  9.5000       2.1667       0.0000     

 NODE        852  KCS=      0  X,Y,Z=  9.6667       2.1667       0.0000     

 NODE        853  KCS=      0  X,Y,Z=  9.8333       2.1667       0.0000     

 NODE        854  KCS=      0  X,Y,Z=  10.000       2.1667       0.0000     

 NODE        855  KCS=      0  X,Y,Z=  0.0000       2.3333       0.0000     

 NODE        856  KCS=      0  X,Y,Z= 0.16667       2.3333       0.0000     

 NODE        857  KCS=      0  X,Y,Z= 0.33333       2.3333       0.0000     

 NODE        858  KCS=      0  X,Y,Z= 0.50000       2.3333       0.0000     

 NODE        859  KCS=      0  X,Y,Z= 0.66667       2.3333       0.0000     

 NODE        860  KCS=      0  X,Y,Z= 0.83333       2.3333       0.0000     

 NODE        861  KCS=      0  X,Y,Z=  1.0000       2.3333       0.0000     

 NODE        862  KCS=      0  X,Y,Z=  1.1667       2.3333       0.0000     

 NODE        863  KCS=      0  X,Y,Z=  1.3333       2.3333       0.0000     

 NODE        864  KCS=      0  X,Y,Z=  1.5000       2.3333       0.0000     

 NODE        865  KCS=      0  X,Y,Z=  1.6667       2.3333       0.0000     

 NODE        866  KCS=      0  X,Y,Z=  1.8333       2.3333       0.0000     

 NODE        867  KCS=      0  X,Y,Z=  2.0000       2.3333       0.0000     

 NODE        868  KCS=      0  X,Y,Z=  2.1667       2.3333       0.0000     

 NODE        869  KCS=      0  X,Y,Z=  2.3333       2.3333       0.0000     

 NODE        870  KCS=      0  X,Y,Z=  2.5000       2.3333       0.0000     

 NODE        871  KCS=      0  X,Y,Z=  2.6667       2.3333       0.0000     

 NODE        872  KCS=      0  X,Y,Z=  2.8333       2.3333       0.0000     

 NODE        873  KCS=      0  X,Y,Z=  3.0000       2.3333       0.0000     

 NODE        874  KCS=      0  X,Y,Z=  3.1667       2.3333       0.0000     

 NODE        875  KCS=      0  X,Y,Z=  3.3333       2.3333       0.0000     

 NODE        876  KCS=      0  X,Y,Z=  3.5000       2.3333       0.0000     

 NODE        877  KCS=      0  X,Y,Z=  3.6667       2.3333       0.0000     

 NODE        878  KCS=      0  X,Y,Z=  3.8333       2.3333       0.0000     

 NODE        879  KCS=      0  X,Y,Z=  4.0000       2.3333       0.0000     

 NODE        880  KCS=      0  X,Y,Z=  4.1667       2.3333       0.0000     

 NODE        881  KCS=      0  X,Y,Z=  4.3333       2.3333       0.0000     

 NODE        882  KCS=      0  X,Y,Z=  4.5000       2.3333       0.0000     

 NODE        883  KCS=      0  X,Y,Z=  4.6667       2.3333       0.0000     

 NODE        884  KCS=      0  X,Y,Z=  4.8333       2.3333       0.0000     

 NODE        885  KCS=      0  X,Y,Z=  5.0000       2.3333       0.0000     

 NODE        886  KCS=      0  X,Y,Z=  5.1667       2.3333       0.0000     

 NODE        887  KCS=      0  X,Y,Z=  5.3333       2.3333       0.0000     

 NODE        888  KCS=      0  X,Y,Z=  5.5000       2.3333       0.0000     

 NODE        889  KCS=      0  X,Y,Z=  5.6667       2.3333       0.0000     

 NODE        890  KCS=      0  X,Y,Z=  5.8333       2.3333       0.0000     

 NODE        891  KCS=      0  X,Y,Z=  6.0000       2.3333       0.0000     

 NODE        892  KCS=      0  X,Y,Z=  6.1667       2.3333       0.0000     

 NODE        893  KCS=      0  X,Y,Z=  6.3333       2.3333       0.0000     

 NODE        894  KCS=      0  X,Y,Z=  6.5000       2.3333       0.0000     

 NODE        895  KCS=      0  X,Y,Z=  6.6667       2.3333       0.0000     

 NODE        896  KCS=      0  X,Y,Z=  6.8333       2.3333       0.0000     

 NODE        897  KCS=      0  X,Y,Z=  7.0000       2.3333       0.0000     

 NODE        898  KCS=      0  X,Y,Z=  7.1667       2.3333       0.0000     

 NODE        899  KCS=      0  X,Y,Z=  7.3333       2.3333       0.0000     

 NODE        900  KCS=      0  X,Y,Z=  7.5000       2.3333       0.0000     

 NODE        901  KCS=      0  X,Y,Z=  7.6667       2.3333       0.0000     

 NODE        902  KCS=      0  X,Y,Z=  7.8333       2.3333       0.0000     

 NODE        903  KCS=      0  X,Y,Z=  8.0000       2.3333       0.0000     

 NODE        904  KCS=      0  X,Y,Z=  8.1667       2.3333       0.0000     

 NODE        905  KCS=      0  X,Y,Z=  8.3333       2.3333       0.0000     

 NODE        906  KCS=      0  X,Y,Z=  8.5000       2.3333       0.0000     

 NODE        907  KCS=      0  X,Y,Z=  8.6667       2.3333       0.0000     

 NODE        908  KCS=      0  X,Y,Z=  8.8333       2.3333       0.0000     

 NODE        909  KCS=      0  X,Y,Z=  9.0000       2.3333       0.0000     

 NODE        910  KCS=      0  X,Y,Z=  9.1667       2.3333       0.0000     

 NODE        911  KCS=      0  X,Y,Z=  9.3333       2.3333       0.0000     

 NODE        912  KCS=      0  X,Y,Z=  9.5000       2.3333       0.0000     

 NODE        913  KCS=      0  X,Y,Z=  9.6667       2.3333       0.0000     

 NODE        914  KCS=      0  X,Y,Z=  9.8333       2.3333       0.0000     

 NODE        915  KCS=      0  X,Y,Z=  10.000       2.3333       0.0000     

 NODE        916  KCS=      0  X,Y,Z=  0.0000       2.5000       0.0000     

 NODE        917  KCS=      0  X,Y,Z= 0.16667       2.5000       0.0000     

 NODE        918  KCS=      0  X,Y,Z= 0.33333       2.5000       0.0000     

 NODE        919  KCS=      0  X,Y,Z= 0.50000       2.5000       0.0000     

 NODE        920  KCS=      0  X,Y,Z= 0.66667       2.5000       0.0000     

 NODE        921  KCS=      0  X,Y,Z= 0.83333       2.5000       0.0000     

 NODE        922  KCS=      0  X,Y,Z=  1.0000       2.5000       0.0000     

 NODE        923  KCS=      0  X,Y,Z=  1.1667       2.5000       0.0000     

 NODE        924  KCS=      0  X,Y,Z=  1.3333       2.5000       0.0000     

 NODE        925  KCS=      0  X,Y,Z=  1.5000       2.5000       0.0000     

 NODE        926  KCS=      0  X,Y,Z=  1.6667       2.5000       0.0000     

 NODE        927  KCS=      0  X,Y,Z=  1.8333       2.5000       0.0000     

 NODE        928  KCS=      0  X,Y,Z=  2.0000       2.5000       0.0000     

 NODE        929  KCS=      0  X,Y,Z=  2.1667       2.5000       0.0000     

 NODE        930  KCS=      0  X,Y,Z=  2.3333       2.5000       0.0000     

 NODE        931  KCS=      0  X,Y,Z=  2.5000       2.5000       0.0000     

 NODE        932  KCS=      0  X,Y,Z=  2.6667       2.5000       0.0000     

 NODE        933  KCS=      0  X,Y,Z=  2.8333       2.5000       0.0000     

 NODE        934  KCS=      0  X,Y,Z=  3.0000       2.5000       0.0000     

 NODE        935  KCS=      0  X,Y,Z=  3.1667       2.5000       0.0000     

 NODE        936  KCS=      0  X,Y,Z=  3.3333       2.5000       0.0000     

 NODE        937  KCS=      0  X,Y,Z=  3.5000       2.5000       0.0000     

 NODE        938  KCS=      0  X,Y,Z=  3.6667       2.5000       0.0000     

 NODE        939  KCS=      0  X,Y,Z=  3.8333       2.5000       0.0000     

 NODE        940  KCS=      0  X,Y,Z=  4.0000       2.5000       0.0000     

 NODE        941  KCS=      0  X,Y,Z=  4.1667       2.5000       0.0000     

 NODE        942  KCS=      0  X,Y,Z=  4.3333       2.5000       0.0000     

 NODE        943  KCS=      0  X,Y,Z=  4.5000       2.5000       0.0000     

 NODE        944  KCS=      0  X,Y,Z=  4.6667       2.5000       0.0000     

 NODE        945  KCS=      0  X,Y,Z=  4.8333       2.5000       0.0000     

 NODE        946  KCS=      0  X,Y,Z=  5.0000       2.5000       0.0000     

 NODE        947  KCS=      0  X,Y,Z=  5.1667       2.5000       0.0000     

 NODE        948  KCS=      0  X,Y,Z=  5.3333       2.5000       0.0000     

 NODE        949  KCS=      0  X,Y,Z=  5.5000       2.5000       0.0000     

 NODE        950  KCS=      0  X,Y,Z=  5.6667       2.5000       0.0000     

 NODE        951  KCS=      0  X,Y,Z=  5.8333       2.5000       0.0000     

 NODE        952  KCS=      0  X,Y,Z=  6.0000       2.5000       0.0000     

 NODE        953  KCS=      0  X,Y,Z=  6.1667       2.5000       0.0000     

 NODE        954  KCS=      0  X,Y,Z=  6.3333       2.5000       0.0000     

 NODE        955  KCS=      0  X,Y,Z=  6.5000       2.5000       0.0000     

 NODE        956  KCS=      0  X,Y,Z=  6.6667       2.5000       0.0000     

 NODE        957  KCS=      0  X,Y,Z=  6.8333       2.5000       0.0000     

 NODE        958  KCS=      0  X,Y,Z=  7.0000       2.5000       0.0000     

 NODE        959  KCS=      0  X,Y,Z=  7.1667       2.5000       0.0000     

 NODE        960  KCS=      0  X,Y,Z=  7.3333       2.5000       0.0000     

 NODE        961  KCS=      0  X,Y,Z=  7.5000       2.5000       0.0000     

 NODE        962  KCS=      0  X,Y,Z=  7.6667       2.5000       0.0000     

 NODE        963  KCS=      0  X,Y,Z=  7.8333       2.5000       0.0000     

 NODE        964  KCS=      0  X,Y,Z=  8.0000       2.5000       0.0000     

 NODE        965  KCS=      0  X,Y,Z=  8.1667       2.5000       0.0000     

 NODE        966  KCS=      0  X,Y,Z=  8.3333       2.5000       0.0000     

 NODE        967  KCS=      0  X,Y,Z=  8.5000       2.5000       0.0000     

 NODE        968  KCS=      0  X,Y,Z=  8.6667       2.5000       0.0000     

 NODE        969  KCS=      0  X,Y,Z=  8.8333       2.5000       0.0000     

 NODE        970  KCS=      0  X,Y,Z=  9.0000       2.5000       0.0000     

 NODE        971  KCS=      0  X,Y,Z=  9.1667       2.5000       0.0000     

 NODE        972  KCS=      0  X,Y,Z=  9.3333       2.5000       0.0000     

 NODE        973  KCS=      0  X,Y,Z=  9.5000       2.5000       0.0000     

 NODE        974  KCS=      0  X,Y,Z=  9.6667       2.5000       0.0000     

 NODE        975  KCS=      0  X,Y,Z=  9.8333       2.5000       0.0000     

 NODE        976  KCS=      0  X,Y,Z=  10.000       2.5000       0.0000     

 NODE        977  KCS=      0  X,Y,Z=  0.0000       2.6667       0.0000     

 NODE        978  KCS=      0  X,Y,Z= 0.16667       2.6667       0.0000     

 NODE        979  KCS=      0  X,Y,Z= 0.33333       2.6667       0.0000     

 NODE        980  KCS=      0  X,Y,Z= 0.50000       2.6667       0.0000     

 NODE        981  KCS=      0  X,Y,Z= 0.66667       2.6667       0.0000     

 NODE        982  KCS=      0  X,Y,Z= 0.83333       2.6667       0.0000     

 NODE        983  KCS=      0  X,Y,Z=  1.0000       2.6667       0.0000     

 NODE        984  KCS=      0  X,Y,Z=  1.1667       2.6667       0.0000     

 NODE        985  KCS=      0  X,Y,Z=  1.3333       2.6667       0.0000     

 NODE        986  KCS=      0  X,Y,Z=  1.5000       2.6667       0.0000     

 NODE        987  KCS=      0  X,Y,Z=  1.6667       2.6667       0.0000     

 NODE        988  KCS=      0  X,Y,Z=  1.8333       2.6667       0.0000     

 NODE        989  KCS=      0  X,Y,Z=  2.0000       2.6667       0.0000     

 NODE        990  KCS=      0  X,Y,Z=  2.1667       2.6667       0.0000     

 NODE        991  KCS=      0  X,Y,Z=  2.3333       2.6667       0.0000     

 NODE        992  KCS=      0  X,Y,Z=  2.5000       2.6667       0.0000     

 NODE        993  KCS=      0  X,Y,Z=  2.6667       2.6667       0.0000     

 NODE        994  KCS=      0  X,Y,Z=  2.8333       2.6667       0.0000     

 NODE        995  KCS=      0  X,Y,Z=  3.0000       2.6667       0.0000     

 NODE        996  KCS=      0  X,Y,Z=  3.1667       2.6667       0.0000     

 NODE        997  KCS=      0  X,Y,Z=  3.3333       2.6667       0.0000     

 NODE        998  KCS=      0  X,Y,Z=  3.5000       2.6667       0.0000     

 NODE        999  KCS=      0  X,Y,Z=  3.6667       2.6667       0.0000     

 NODE       1000  KCS=      0  X,Y,Z=  3.8333       2.6667       0.0000     

 NODE       1001  KCS=      0  X,Y,Z=  4.0000       2.6667       0.0000     

 NODE       1002  KCS=      0  X,Y,Z=  4.1667       2.6667       0.0000     

 NODE       1003  KCS=      0  X,Y,Z=  4.3333       2.6667       0.0000     

 NODE       1004  KCS=      0  X,Y,Z=  4.5000       2.6667       0.0000     

 NODE       1005  KCS=      0  X,Y,Z=  4.6667       2.6667       0.0000     

 NODE       1006  KCS=      0  X,Y,Z=  4.8333       2.6667       0.0000     

 NODE       1007  KCS=      0  X,Y,Z=  5.0000       2.6667       0.0000     

 NODE       1008  KCS=      0  X,Y,Z=  5.1667       2.6667       0.0000     

 NODE       1009  KCS=      0  X,Y,Z=  5.3333       2.6667       0.0000     

 NODE       1010  KCS=      0  X,Y,Z=  5.5000       2.6667       0.0000     

 NODE       1011  KCS=      0  X,Y,Z=  5.6667       2.6667       0.0000     

 NODE       1012  KCS=      0  X,Y,Z=  5.8333       2.6667       0.0000     

 NODE       1013  KCS=      0  X,Y,Z=  6.0000       2.6667       0.0000     

 NODE       1014  KCS=      0  X,Y,Z=  6.1667       2.6667       0.0000     

 NODE       1015  KCS=      0  X,Y,Z=  6.3333       2.6667       0.0000     

 NODE       1016  KCS=      0  X,Y,Z=  6.5000       2.6667       0.0000     

 NODE       1017  KCS=      0  X,Y,Z=  6.6667       2.6667       0.0000     

 NODE       1018  KCS=      0  X,Y,Z=  6.8333       2.6667       0.0000     

 NODE       1019  KCS=      0  X,Y,Z=  7.0000       2.6667       0.0000     

 NODE       1020  KCS=      0  X,Y,Z=  7.1667       2.6667       0.0000     

 NODE       1021  KCS=      0  X,Y,Z=  7.3333       2.6667       0.0000     

 NODE       1022  KCS=      0  X,Y,Z=  7.5000       2.6667       0.0000     

 NODE       1023  KCS=      0  X,Y,Z=  7.6667       2.6667       0.0000     

 NODE       1024  KCS=      0  X,Y,Z=  7.8333       2.6667       0.0000     

 NODE       1025  KCS=      0  X,Y,Z=  8.0000       2.6667       0.0000     

 NODE       1026  KCS=      0  X,Y,Z=  8.1667       2.6667       0.0000     

 NODE       1027  KCS=      0  X,Y,Z=  8.3333       2.6667       0.0000     

 NODE       1028  KCS=      0  X,Y,Z=  8.5000       2.6667       0.0000     

 NODE       1029  KCS=      0  X,Y,Z=  8.6667       2.6667       0.0000     

 NODE       1030  KCS=      0  X,Y,Z=  8.8333       2.6667       0.0000     

 NODE       1031  KCS=      0  X,Y,Z=  9.0000       2.6667       0.0000     

 NODE       1032  KCS=      0  X,Y,Z=  9.1667       2.6667       0.0000     

 NODE       1033  KCS=      0  X,Y,Z=  9.3333       2.6667       0.0000     

 NODE       1034  KCS=      0  X,Y,Z=  9.5000       2.6667       0.0000     

 NODE       1035  KCS=      0  X,Y,Z=  9.6667       2.6667       0.0000     

 NODE       1036  KCS=      0  X,Y,Z=  9.8333       2.6667       0.0000     

 NODE       1037  KCS=      0  X,Y,Z=  10.000       2.6667       0.0000     

 NODE       1038  KCS=      0  X,Y,Z=  0.0000       2.8333       0.0000     

 NODE       1039  KCS=      0  X,Y,Z= 0.16667       2.8333       0.0000     

 NODE       1040  KCS=      0  X,Y,Z= 0.33333       2.8333       0.0000     

 NODE       1041  KCS=      0  X,Y,Z= 0.50000       2.8333       0.0000     

 NODE       1042  KCS=      0  X,Y,Z= 0.66667       2.8333       0.0000     

 NODE       1043  KCS=      0  X,Y,Z= 0.83333       2.8333       0.0000     

 NODE       1044  KCS=      0  X,Y,Z=  1.0000       2.8333       0.0000     

 NODE       1045  KCS=      0  X,Y,Z=  1.1667       2.8333       0.0000     

 NODE       1046  KCS=      0  X,Y,Z=  1.3333       2.8333       0.0000     

 NODE       1047  KCS=      0  X,Y,Z=  1.5000       2.8333       0.0000     

 NODE       1048  KCS=      0  X,Y,Z=  1.6667       2.8333       0.0000     

 NODE       1049  KCS=      0  X,Y,Z=  1.8333       2.8333       0.0000     

 NODE       1050  KCS=      0  X,Y,Z=  2.0000       2.8333       0.0000     

 NODE       1051  KCS=      0  X,Y,Z=  2.1667       2.8333       0.0000     

 NODE       1052  KCS=      0  X,Y,Z=  2.3333       2.8333       0.0000     

 NODE       1053  KCS=      0  X,Y,Z=  2.5000       2.8333       0.0000     

 NODE       1054  KCS=      0  X,Y,Z=  2.6667       2.8333       0.0000     

 NODE       1055  KCS=      0  X,Y,Z=  2.8333       2.8333       0.0000     

 NODE       1056  KCS=      0  X,Y,Z=  3.0000       2.8333       0.0000     

 NODE       1057  KCS=      0  X,Y,Z=  3.1667       2.8333       0.0000     

 NODE       1058  KCS=      0  X,Y,Z=  3.3333       2.8333       0.0000     

 NODE       1059  KCS=      0  X,Y,Z=  3.5000       2.8333       0.0000     

 NODE       1060  KCS=      0  X,Y,Z=  3.6667       2.8333       0.0000     

 NODE       1061  KCS=      0  X,Y,Z=  3.8333       2.8333       0.0000     

 NODE       1062  KCS=      0  X,Y,Z=  4.0000       2.8333       0.0000     

 NODE       1063  KCS=      0  X,Y,Z=  4.1667       2.8333       0.0000     

 NODE       1064  KCS=      0  X,Y,Z=  4.3333       2.8333       0.0000     

 NODE       1065  KCS=      0  X,Y,Z=  4.5000       2.8333       0.0000     

 NODE       1066  KCS=      0  X,Y,Z=  4.6667       2.8333       0.0000     

 NODE       1067  KCS=      0  X,Y,Z=  4.8333       2.8333       0.0000     

 NODE       1068  KCS=      0  X,Y,Z=  5.0000       2.8333       0.0000     

 NODE       1069  KCS=      0  X,Y,Z=  5.1667       2.8333       0.0000     

 NODE       1070  KCS=      0  X,Y,Z=  5.3333       2.8333       0.0000     

 NODE       1071  KCS=      0  X,Y,Z=  5.5000       2.8333       0.0000     

 NODE       1072  KCS=      0  X,Y,Z=  5.6667       2.8333       0.0000     

 NODE       1073  KCS=      0  X,Y,Z=  5.8333       2.8333       0.0000     

 NODE       1074  KCS=      0  X,Y,Z=  6.0000       2.8333       0.0000     

 NODE       1075  KCS=      0  X,Y,Z=  6.1667       2.8333       0.0000     

 NODE       1076  KCS=      0  X,Y,Z=  6.3333       2.8333       0.0000     

 NODE       1077  KCS=      0  X,Y,Z=  6.5000       2.8333       0.0000     

 NODE       1078  KCS=      0  X,Y,Z=  6.6667       2.8333       0.0000     

 NODE       1079  KCS=      0  X,Y,Z=  6.8333       2.8333       0.0000     

 NODE       1080  KCS=      0  X,Y,Z=  7.0000       2.8333       0.0000     

 NODE       1081  KCS=      0  X,Y,Z=  7.1667       2.8333       0.0000     

 NODE       1082  KCS=      0  X,Y,Z=  7.3333       2.8333       0.0000     

 NODE       1083  KCS=      0  X,Y,Z=  7.5000       2.8333       0.0000     

 NODE       1084  KCS=      0  X,Y,Z=  7.6667       2.8333       0.0000     

 NODE       1085  KCS=      0  X,Y,Z=  7.8333       2.8333       0.0000     

 NODE       1086  KCS=      0  X,Y,Z=  8.0000       2.8333       0.0000     

 NODE       1087  KCS=      0  X,Y,Z=  8.1667       2.8333       0.0000     

 NODE       1088  KCS=      0  X,Y,Z=  8.3333       2.8333       0.0000     

 NODE       1089  KCS=      0  X,Y,Z=  8.5000       2.8333       0.0000     

 NODE       1090  KCS=      0  X,Y,Z=  8.6667       2.8333       0.0000     

 NODE       1091  KCS=      0  X,Y,Z=  8.8333       2.8333       0.0000     

 NODE       1092  KCS=      0  X,Y,Z=  9.0000       2.8333       0.0000     

 NODE       1093  KCS=      0  X,Y,Z=  9.1667       2.8333       0.0000     

 NODE       1094  KCS=      0  X,Y,Z=  9.3333       2.8333       0.0000     

 NODE       1095  KCS=      0  X,Y,Z=  9.5000       2.8333       0.0000     

 NODE       1096  KCS=      0  X,Y,Z=  9.6667       2.8333       0.0000     

 NODE       1097  KCS=      0  X,Y,Z=  9.8333       2.8333       0.0000     

 NODE       1098  KCS=      0  X,Y,Z=  10.000       2.8333       0.0000     

 NODE       1099  KCS=      0  X,Y,Z=  0.0000       3.0000       0.0000     

 NODE       1100  KCS=      0  X,Y,Z= 0.16667       3.0000       0.0000     

 NODE       1101  KCS=      0  X,Y,Z= 0.33333       3.0000       0.0000     

 NODE       1102  KCS=      0  X,Y,Z= 0.50000       3.0000       0.0000     

 NODE       1103  KCS=      0  X,Y,Z= 0.66667       3.0000       0.0000     

 NODE       1104  KCS=      0  X,Y,Z= 0.83333       3.0000       0.0000     

 NODE       1105  KCS=      0  X,Y,Z=  1.0000       3.0000       0.0000     

 NODE       1106  KCS=      0  X,Y,Z=  1.1667       3.0000       0.0000     

 NODE       1107  KCS=      0  X,Y,Z=  1.3333       3.0000       0.0000     

 NODE       1108  KCS=      0  X,Y,Z=  1.5000       3.0000       0.0000     

 NODE       1109  KCS=      0  X,Y,Z=  1.6667       3.0000       0.0000     

 NODE       1110  KCS=      0  X,Y,Z=  1.8333       3.0000       0.0000     

 NODE       1111  KCS=      0  X,Y,Z=  2.0000       3.0000       0.0000     

 NODE       1112  KCS=      0  X,Y,Z=  2.1667       3.0000       0.0000     

 NODE       1113  KCS=      0  X,Y,Z=  2.3333       3.0000       0.0000     

 NODE       1114  KCS=      0  X,Y,Z=  2.5000       3.0000       0.0000     

 NODE       1115  KCS=      0  X,Y,Z=  2.6667       3.0000       0.0000     

 NODE       1116  KCS=      0  X,Y,Z=  2.8333       3.0000       0.0000     

 NODE       1117  KCS=      0  X,Y,Z=  3.0000       3.0000       0.0000     

 NODE       1118  KCS=      0  X,Y,Z=  3.1667       3.0000       0.0000     

 NODE       1119  KCS=      0  X,Y,Z=  3.3333       3.0000       0.0000     

 NODE       1120  KCS=      0  X,Y,Z=  3.5000       3.0000       0.0000     

 NODE       1121  KCS=      0  X,Y,Z=  3.6667       3.0000       0.0000     

 NODE       1122  KCS=      0  X,Y,Z=  3.8333       3.0000       0.0000     

 NODE       1123  KCS=      0  X,Y,Z=  4.0000       3.0000       0.0000     

 NODE       1124  KCS=      0  X,Y,Z=  4.1667       3.0000       0.0000     

 NODE       1125  KCS=      0  X,Y,Z=  4.3333       3.0000       0.0000     

 NODE       1126  KCS=      0  X,Y,Z=  4.5000       3.0000       0.0000     

 NODE       1127  KCS=      0  X,Y,Z=  4.6667       3.0000       0.0000     

 NODE       1128  KCS=      0  X,Y,Z=  4.8333       3.0000       0.0000     

 NODE       1129  KCS=      0  X,Y,Z=  5.0000       3.0000       0.0000     

 NODE       1130  KCS=      0  X,Y,Z=  5.1667       3.0000       0.0000     

 NODE       1131  KCS=      0  X,Y,Z=  5.3333       3.0000       0.0000     

 NODE       1132  KCS=      0  X,Y,Z=  5.5000       3.0000       0.0000     

 NODE       1133  KCS=      0  X,Y,Z=  5.6667       3.0000       0.0000     

 NODE       1134  KCS=      0  X,Y,Z=  5.8333       3.0000       0.0000     

 NODE       1135  KCS=      0  X,Y,Z=  6.0000       3.0000       0.0000     

 NODE       1136  KCS=      0  X,Y,Z=  6.1667       3.0000       0.0000     

 NODE       1137  KCS=      0  X,Y,Z=  6.3333       3.0000       0.0000     

 NODE       1138  KCS=      0  X,Y,Z=  6.5000       3.0000       0.0000     

 NODE       1139  KCS=      0  X,Y,Z=  6.6667       3.0000       0.0000     

 NODE       1140  KCS=      0  X,Y,Z=  6.8333       3.0000       0.0000     

 NODE       1141  KCS=      0  X,Y,Z=  7.0000       3.0000       0.0000     

 NODE       1142  KCS=      0  X,Y,Z=  7.1667       3.0000       0.0000     

 NODE       1143  KCS=      0  X,Y,Z=  7.3333       3.0000       0.0000     

 NODE       1144  KCS=      0  X,Y,Z=  7.5000       3.0000       0.0000     

 NODE       1145  KCS=      0  X,Y,Z=  7.6667       3.0000       0.0000     

 NODE       1146  KCS=      0  X,Y,Z=  7.8333       3.0000       0.0000     

 NODE       1147  KCS=      0  X,Y,Z=  8.0000       3.0000       0.0000     

 NODE       1148  KCS=      0  X,Y,Z=  8.1667       3.0000       0.0000     

 NODE       1149  KCS=      0  X,Y,Z=  8.3333       3.0000       0.0000     

 NODE       1150  KCS=      0  X,Y,Z=  8.5000       3.0000       0.0000     

 NODE       1151  KCS=      0  X,Y,Z=  8.6667       3.0000       0.0000     

 NODE       1152  KCS=      0  X,Y,Z=  8.8333       3.0000       0.0000     

 NODE       1153  KCS=      0  X,Y,Z=  9.0000       3.0000       0.0000     

 NODE       1154  KCS=      0  X,Y,Z=  9.1667       3.0000       0.0000     

 NODE       1155  KCS=      0  X,Y,Z=  9.3333       3.0000       0.0000     

 NODE       1156  KCS=      0  X,Y,Z=  9.5000       3.0000       0.0000     

 NODE       1157  KCS=      0  X,Y,Z=  9.6667       3.0000       0.0000     

 NODE       1158  KCS=      0  X,Y,Z=  9.8333       3.0000       0.0000     

 NODE       1159  KCS=      0  X,Y,Z=  10.000       3.0000       0.0000     

 NODE       1160  KCS=      0  X,Y,Z=  0.0000       3.1667       0.0000     

 NODE       1161  KCS=      0  X,Y,Z= 0.16667       3.1667       0.0000     

 NODE       1162  KCS=      0  X,Y,Z= 0.33333       3.1667       0.0000     

 NODE       1163  KCS=      0  X,Y,Z= 0.50000       3.1667       0.0000     

 NODE       1164  KCS=      0  X,Y,Z= 0.66667       3.1667       0.0000     

 NODE       1165  KCS=      0  X,Y,Z= 0.83333       3.1667       0.0000     

 NODE       1166  KCS=      0  X,Y,Z=  1.0000       3.1667       0.0000     

 NODE       1167  KCS=      0  X,Y,Z=  1.1667       3.1667       0.0000     

 NODE       1168  KCS=      0  X,Y,Z=  1.3333       3.1667       0.0000     

 NODE       1169  KCS=      0  X,Y,Z=  1.5000       3.1667       0.0000     

 NODE       1170  KCS=      0  X,Y,Z=  1.6667       3.1667       0.0000     

 NODE       1171  KCS=      0  X,Y,Z=  1.8333       3.1667       0.0000     

 NODE       1172  KCS=      0  X,Y,Z=  2.0000       3.1667       0.0000     

 NODE       1173  KCS=      0  X,Y,Z=  2.1667       3.1667       0.0000     

 NODE       1174  KCS=      0  X,Y,Z=  2.3333       3.1667       0.0000     

 NODE       1175  KCS=      0  X,Y,Z=  2.5000       3.1667       0.0000     

 NODE       1176  KCS=      0  X,Y,Z=  2.6667       3.1667       0.0000     

 NODE       1177  KCS=      0  X,Y,Z=  2.8333       3.1667       0.0000     

 NODE       1178  KCS=      0  X,Y,Z=  3.0000       3.1667       0.0000     

 NODE       1179  KCS=      0  X,Y,Z=  3.1667       3.1667       0.0000     

 NODE       1180  KCS=      0  X,Y,Z=  3.3333       3.1667       0.0000     

 NODE       1181  KCS=      0  X,Y,Z=  3.5000       3.1667       0.0000     

 NODE       1182  KCS=      0  X,Y,Z=  3.6667       3.1667       0.0000     

 NODE       1183  KCS=      0  X,Y,Z=  3.8333       3.1667       0.0000     

 NODE       1184  KCS=      0  X,Y,Z=  4.0000       3.1667       0.0000     

 NODE       1185  KCS=      0  X,Y,Z=  4.1667       3.1667       0.0000     

 NODE       1186  KCS=      0  X,Y,Z=  4.3333       3.1667       0.0000     

 NODE       1187  KCS=      0  X,Y,Z=  4.5000       3.1667       0.0000     

 NODE       1188  KCS=      0  X,Y,Z=  4.6667       3.1667       0.0000     

 NODE       1189  KCS=      0  X,Y,Z=  4.8333       3.1667       0.0000     

 NODE       1190  KCS=      0  X,Y,Z=  5.0000       3.1667       0.0000     

 NODE       1191  KCS=      0  X,Y,Z=  5.1667       3.1667       0.0000     

 NODE       1192  KCS=      0  X,Y,Z=  5.3333       3.1667       0.0000     

 NODE       1193  KCS=      0  X,Y,Z=  5.5000       3.1667       0.0000     

 NODE       1194  KCS=      0  X,Y,Z=  5.6667       3.1667       0.0000     

 NODE       1195  KCS=      0  X,Y,Z=  5.8333       3.1667       0.0000     

 NODE       1196  KCS=      0  X,Y,Z=  6.0000       3.1667       0.0000     

 NODE       1197  KCS=      0  X,Y,Z=  6.1667       3.1667       0.0000     

 NODE       1198  KCS=      0  X,Y,Z=  6.3333       3.1667       0.0000     

 NODE       1199  KCS=      0  X,Y,Z=  6.5000       3.1667       0.0000     

 NODE       1200  KCS=      0  X,Y,Z=  6.6667       3.1667       0.0000     

 NODE       1201  KCS=      0  X,Y,Z=  6.8333       3.1667       0.0000     

 NODE       1202  KCS=      0  X,Y,Z=  7.0000       3.1667       0.0000     

 NODE       1203  KCS=      0  X,Y,Z=  7.1667       3.1667       0.0000     

 NODE       1204  KCS=      0  X,Y,Z=  7.3333       3.1667       0.0000     

 NODE       1205  KCS=      0  X,Y,Z=  7.5000       3.1667       0.0000     

 NODE       1206  KCS=      0  X,Y,Z=  7.6667       3.1667       0.0000     

 NODE       1207  KCS=      0  X,Y,Z=  7.8333       3.1667       0.0000     

 NODE       1208  KCS=      0  X,Y,Z=  8.0000       3.1667       0.0000     

 NODE       1209  KCS=      0  X,Y,Z=  8.1667       3.1667       0.0000     

 NODE       1210  KCS=      0  X,Y,Z=  8.3333       3.1667       0.0000     

 NODE       1211  KCS=      0  X,Y,Z=  8.5000       3.1667       0.0000     

 NODE       1212  KCS=      0  X,Y,Z=  8.6667       3.1667       0.0000     

 NODE       1213  KCS=      0  X,Y,Z=  8.8333       3.1667       0.0000     

 NODE       1214  KCS=      0  X,Y,Z=  9.0000       3.1667       0.0000     

 NODE       1215  KCS=      0  X,Y,Z=  9.1667       3.1667       0.0000     

 NODE       1216  KCS=      0  X,Y,Z=  9.3333       3.1667       0.0000     

 NODE       1217  KCS=      0  X,Y,Z=  9.5000       3.1667       0.0000     

 NODE       1218  KCS=      0  X,Y,Z=  9.6667       3.1667       0.0000     

 NODE       1219  KCS=      0  X,Y,Z=  9.8333       3.1667       0.0000     

 NODE       1220  KCS=      0  X,Y,Z=  10.000       3.1667       0.0000     

 NODE       1221  KCS=      0  X,Y,Z=  0.0000       3.3333       0.0000     

 NODE       1222  KCS=      0  X,Y,Z= 0.16667       3.3333       0.0000     

 NODE       1223  KCS=      0  X,Y,Z= 0.33333       3.3333       0.0000     

 NODE       1224  KCS=      0  X,Y,Z= 0.50000       3.3333       0.0000     

 NODE       1225  KCS=      0  X,Y,Z= 0.66667       3.3333       0.0000     

 NODE       1226  KCS=      0  X,Y,Z= 0.83333       3.3333       0.0000     

 NODE       1227  KCS=      0  X,Y,Z=  1.0000       3.3333       0.0000     

 NODE       1228  KCS=      0  X,Y,Z=  1.1667       3.3333       0.0000     

 NODE       1229  KCS=      0  X,Y,Z=  1.3333       3.3333       0.0000     

 NODE       1230  KCS=      0  X,Y,Z=  1.5000       3.3333       0.0000     

 NODE       1231  KCS=      0  X,Y,Z=  1.6667       3.3333       0.0000     

 NODE       1232  KCS=      0  X,Y,Z=  1.8333       3.3333       0.0000     

 NODE       1233  KCS=      0  X,Y,Z=  2.0000       3.3333       0.0000     

 NODE       1234  KCS=      0  X,Y,Z=  2.1667       3.3333       0.0000     

 NODE       1235  KCS=      0  X,Y,Z=  2.3333       3.3333       0.0000     

 NODE       1236  KCS=      0  X,Y,Z=  2.5000       3.3333       0.0000     

 NODE       1237  KCS=      0  X,Y,Z=  2.6667       3.3333       0.0000     

 NODE       1238  KCS=      0  X,Y,Z=  2.8333       3.3333       0.0000     

 NODE       1239  KCS=      0  X,Y,Z=  3.0000       3.3333       0.0000     

 NODE       1240  KCS=      0  X,Y,Z=  3.1667       3.3333       0.0000     

 NODE       1241  KCS=      0  X,Y,Z=  3.3333       3.3333       0.0000     

 NODE       1242  KCS=      0  X,Y,Z=  3.5000       3.3333       0.0000     

 NODE       1243  KCS=      0  X,Y,Z=  3.6667       3.3333       0.0000     

 NODE       1244  KCS=      0  X,Y,Z=  3.8333       3.3333       0.0000     

 NODE       1245  KCS=      0  X,Y,Z=  4.0000       3.3333       0.0000     

 NODE       1246  KCS=      0  X,Y,Z=  4.1667       3.3333       0.0000     

 NODE       1247  KCS=      0  X,Y,Z=  4.3333       3.3333       0.0000     

 NODE       1248  KCS=      0  X,Y,Z=  4.5000       3.3333       0.0000     

 NODE       1249  KCS=      0  X,Y,Z=  4.6667       3.3333       0.0000     

 NODE       1250  KCS=      0  X,Y,Z=  4.8333       3.3333       0.0000     

 NODE       1251  KCS=      0  X,Y,Z=  5.0000       3.3333       0.0000     

 NODE       1252  KCS=      0  X,Y,Z=  5.1667       3.3333       0.0000     

 NODE       1253  KCS=      0  X,Y,Z=  5.3333       3.3333       0.0000     

 NODE       1254  KCS=      0  X,Y,Z=  5.5000       3.3333       0.0000     

 NODE       1255  KCS=      0  X,Y,Z=  5.6667       3.3333       0.0000     

 NODE       1256  KCS=      0  X,Y,Z=  5.8333       3.3333       0.0000     

 NODE       1257  KCS=      0  X,Y,Z=  6.0000       3.3333       0.0000     

 NODE       1258  KCS=      0  X,Y,Z=  6.1667       3.3333       0.0000     

 NODE       1259  KCS=      0  X,Y,Z=  6.3333       3.3333       0.0000     

 NODE       1260  KCS=      0  X,Y,Z=  6.5000       3.3333       0.0000     

 NODE       1261  KCS=      0  X,Y,Z=  6.6667       3.3333       0.0000     

 NODE       1262  KCS=      0  X,Y,Z=  6.8333       3.3333       0.0000     

 NODE       1263  KCS=      0  X,Y,Z=  7.0000       3.3333       0.0000     

 NODE       1264  KCS=      0  X,Y,Z=  7.1667       3.3333       0.0000     

 NODE       1265  KCS=      0  X,Y,Z=  7.3333       3.3333       0.0000     

 NODE       1266  KCS=      0  X,Y,Z=  7.5000       3.3333       0.0000     

 NODE       1267  KCS=      0  X,Y,Z=  7.6667       3.3333       0.0000     

 NODE       1268  KCS=      0  X,Y,Z=  7.8333       3.3333       0.0000     

 NODE       1269  KCS=      0  X,Y,Z=  8.0000       3.3333       0.0000     

 NODE       1270  KCS=      0  X,Y,Z=  8.1667       3.3333       0.0000     

 NODE       1271  KCS=      0  X,Y,Z=  8.3333       3.3333       0.0000     

 NODE       1272  KCS=      0  X,Y,Z=  8.5000       3.3333       0.0000     

 NODE       1273  KCS=      0  X,Y,Z=  8.6667       3.3333       0.0000     

 NODE       1274  KCS=      0  X,Y,Z=  8.8333       3.3333       0.0000     

 NODE       1275  KCS=      0  X,Y,Z=  9.0000       3.3333       0.0000     

 NODE       1276  KCS=      0  X,Y,Z=  9.1667       3.3333       0.0000     

 NODE       1277  KCS=      0  X,Y,Z=  9.3333       3.3333       0.0000     

 NODE       1278  KCS=      0  X,Y,Z=  9.5000       3.3333       0.0000     

 NODE       1279  KCS=      0  X,Y,Z=  9.6667       3.3333       0.0000     

 NODE       1280  KCS=      0  X,Y,Z=  9.8333       3.3333       0.0000     

 NODE       1281  KCS=      0  X,Y,Z=  10.000       3.3333       0.0000     

 NODE       1282  KCS=      0  X,Y,Z=  0.0000       3.5000       0.0000     

 NODE       1283  KCS=      0  X,Y,Z= 0.16667       3.5000       0.0000     

 NODE       1284  KCS=      0  X,Y,Z= 0.33333       3.5000       0.0000     

 NODE       1285  KCS=      0  X,Y,Z= 0.50000       3.5000       0.0000     

 NODE       1286  KCS=      0  X,Y,Z= 0.66667       3.5000       0.0000     

 NODE       1287  KCS=      0  X,Y,Z= 0.83333       3.5000       0.0000     

 NODE       1288  KCS=      0  X,Y,Z=  1.0000       3.5000       0.0000     

 NODE       1289  KCS=      0  X,Y,Z=  1.1667       3.5000       0.0000     

 NODE       1290  KCS=      0  X,Y,Z=  1.3333       3.5000       0.0000     

 NODE       1291  KCS=      0  X,Y,Z=  1.5000       3.5000       0.0000     

 NODE       1292  KCS=      0  X,Y,Z=  1.6667       3.5000       0.0000     

 NODE       1293  KCS=      0  X,Y,Z=  1.8333       3.5000       0.0000     

 NODE       1294  KCS=      0  X,Y,Z=  2.0000       3.5000       0.0000     

 NODE       1295  KCS=      0  X,Y,Z=  2.1667       3.5000       0.0000     

 NODE       1296  KCS=      0  X,Y,Z=  2.3333       3.5000       0.0000     

 NODE       1297  KCS=      0  X,Y,Z=  2.5000       3.5000       0.0000     

 NODE       1298  KCS=      0  X,Y,Z=  2.6667       3.5000       0.0000     

 NODE       1299  KCS=      0  X,Y,Z=  2.8333       3.5000       0.0000     

 NODE       1300  KCS=      0  X,Y,Z=  3.0000       3.5000       0.0000     

 NODE       1301  KCS=      0  X,Y,Z=  3.1667       3.5000       0.0000     

 NODE       1302  KCS=      0  X,Y,Z=  3.3333       3.5000       0.0000     

 NODE       1303  KCS=      0  X,Y,Z=  3.5000       3.5000       0.0000     

 NODE       1304  KCS=      0  X,Y,Z=  3.6667       3.5000       0.0000     

 NODE       1305  KCS=      0  X,Y,Z=  3.8333       3.5000       0.0000     

 NODE       1306  KCS=      0  X,Y,Z=  4.0000       3.5000       0.0000     

 NODE       1307  KCS=      0  X,Y,Z=  4.1667       3.5000       0.0000     

 NODE       1308  KCS=      0  X,Y,Z=  4.3333       3.5000       0.0000     

 NODE       1309  KCS=      0  X,Y,Z=  4.5000       3.5000       0.0000     

 NODE       1310  KCS=      0  X,Y,Z=  4.6667       3.5000       0.0000     

 NODE       1311  KCS=      0  X,Y,Z=  4.8333       3.5000       0.0000     

 NODE       1312  KCS=      0  X,Y,Z=  5.0000       3.5000       0.0000     

 NODE       1313  KCS=      0  X,Y,Z=  5.1667       3.5000       0.0000     

 NODE       1314  KCS=      0  X,Y,Z=  5.3333       3.5000       0.0000     

 NODE       1315  KCS=      0  X,Y,Z=  5.5000       3.5000       0.0000     

 NODE       1316  KCS=      0  X,Y,Z=  5.6667       3.5000       0.0000     

 NODE       1317  KCS=      0  X,Y,Z=  5.8333       3.5000       0.0000     

 NODE       1318  KCS=      0  X,Y,Z=  6.0000       3.5000       0.0000     

 NODE       1319  KCS=      0  X,Y,Z=  6.1667       3.5000       0.0000     

 NODE       1320  KCS=      0  X,Y,Z=  6.3333       3.5000       0.0000     

 NODE       1321  KCS=      0  X,Y,Z=  6.5000       3.5000       0.0000     

 NODE       1322  KCS=      0  X,Y,Z=  6.6667       3.5000       0.0000     

 NODE       1323  KCS=      0  X,Y,Z=  6.8333       3.5000       0.0000     

 NODE       1324  KCS=      0  X,Y,Z=  7.0000       3.5000       0.0000     

 NODE       1325  KCS=      0  X,Y,Z=  7.1667       3.5000       0.0000     

 NODE       1326  KCS=      0  X,Y,Z=  7.3333       3.5000       0.0000     

 NODE       1327  KCS=      0  X,Y,Z=  7.5000       3.5000       0.0000     

 NODE       1328  KCS=      0  X,Y,Z=  7.6667       3.5000       0.0000     

 NODE       1329  KCS=      0  X,Y,Z=  7.8333       3.5000       0.0000     

 NODE       1330  KCS=      0  X,Y,Z=  8.0000       3.5000       0.0000     

 NODE       1331  KCS=      0  X,Y,Z=  8.1667       3.5000       0.0000     

 NODE       1332  KCS=      0  X,Y,Z=  8.3333       3.5000       0.0000     

 NODE       1333  KCS=      0  X,Y,Z=  8.5000       3.5000       0.0000     

 NODE       1334  KCS=      0  X,Y,Z=  8.6667       3.5000       0.0000     

 NODE       1335  KCS=      0  X,Y,Z=  8.8333       3.5000       0.0000     

 NODE       1336  KCS=      0  X,Y,Z=  9.0000       3.5000       0.0000     

 NODE       1337  KCS=      0  X,Y,Z=  9.1667       3.5000       0.0000     

 NODE       1338  KCS=      0  X,Y,Z=  9.3333       3.5000       0.0000     

 NODE       1339  KCS=      0  X,Y,Z=  9.5000       3.5000       0.0000     

 NODE       1340  KCS=      0  X,Y,Z=  9.6667       3.5000       0.0000     

 NODE       1341  KCS=      0  X,Y,Z=  9.8333       3.5000       0.0000     

 NODE       1342  KCS=      0  X,Y,Z=  10.000       3.5000       0.0000     

 NODE       1343  KCS=      0  X,Y,Z=  0.0000       3.6667       0.0000     

 NODE       1344  KCS=      0  X,Y,Z= 0.16667       3.6667       0.0000     

 NODE       1345  KCS=      0  X,Y,Z= 0.33333       3.6667       0.0000     

 NODE       1346  KCS=      0  X,Y,Z= 0.50000       3.6667       0.0000     

 NODE       1347  KCS=      0  X,Y,Z= 0.66667       3.6667       0.0000     

 NODE       1348  KCS=      0  X,Y,Z= 0.83333       3.6667       0.0000     

 NODE       1349  KCS=      0  X,Y,Z=  1.0000       3.6667       0.0000     

 NODE       1350  KCS=      0  X,Y,Z=  1.1667       3.6667       0.0000     

 NODE       1351  KCS=      0  X,Y,Z=  1.3333       3.6667       0.0000     

 NODE       1352  KCS=      0  X,Y,Z=  1.5000       3.6667       0.0000     

 NODE       1353  KCS=      0  X,Y,Z=  1.6667       3.6667       0.0000     

 NODE       1354  KCS=      0  X,Y,Z=  1.8333       3.6667       0.0000     

 NODE       1355  KCS=      0  X,Y,Z=  2.0000       3.6667       0.0000     

 NODE       1356  KCS=      0  X,Y,Z=  2.1667       3.6667       0.0000     

 NODE       1357  KCS=      0  X,Y,Z=  2.3333       3.6667       0.0000     

 NODE       1358  KCS=      0  X,Y,Z=  2.5000       3.6667       0.0000     

 NODE       1359  KCS=      0  X,Y,Z=  2.6667       3.6667       0.0000     

 NODE       1360  KCS=      0  X,Y,Z=  2.8333       3.6667       0.0000     

 NODE       1361  KCS=      0  X,Y,Z=  3.0000       3.6667       0.0000     

 NODE       1362  KCS=      0  X,Y,Z=  3.1667       3.6667       0.0000     

 NODE       1363  KCS=      0  X,Y,Z=  3.3333       3.6667       0.0000     

 NODE       1364  KCS=      0  X,Y,Z=  3.5000       3.6667       0.0000     

 NODE       1365  KCS=      0  X,Y,Z=  3.6667       3.6667       0.0000     

 NODE       1366  KCS=      0  X,Y,Z=  3.8333       3.6667       0.0000     

 NODE       1367  KCS=      0  X,Y,Z=  4.0000       3.6667       0.0000     

 NODE       1368  KCS=      0  X,Y,Z=  4.1667       3.6667       0.0000     

 NODE       1369  KCS=      0  X,Y,Z=  4.3333       3.6667       0.0000     

 NODE       1370  KCS=      0  X,Y,Z=  4.5000       3.6667       0.0000     

 NODE       1371  KCS=      0  X,Y,Z=  4.6667       3.6667       0.0000     

 NODE       1372  KCS=      0  X,Y,Z=  4.8333       3.6667       0.0000     

 NODE       1373  KCS=      0  X,Y,Z=  5.0000       3.6667       0.0000     

 NODE       1374  KCS=      0  X,Y,Z=  5.1667       3.6667       0.0000     

 NODE       1375  KCS=      0  X,Y,Z=  5.3333       3.6667       0.0000     

 NODE       1376  KCS=      0  X,Y,Z=  5.5000       3.6667       0.0000     

 NODE       1377  KCS=      0  X,Y,Z=  5.6667       3.6667       0.0000     

 NODE       1378  KCS=      0  X,Y,Z=  5.8333       3.6667       0.0000     

 NODE       1379  KCS=      0  X,Y,Z=  6.0000       3.6667       0.0000     

 NODE       1380  KCS=      0  X,Y,Z=  6.1667       3.6667       0.0000     

 NODE       1381  KCS=      0  X,Y,Z=  6.3333       3.6667       0.0000     

 NODE       1382  KCS=      0  X,Y,Z=  6.5000       3.6667       0.0000     

 NODE       1383  KCS=      0  X,Y,Z=  6.6667       3.6667       0.0000     

 NODE       1384  KCS=      0  X,Y,Z=  6.8333       3.6667       0.0000     

 NODE       1385  KCS=      0  X,Y,Z=  7.0000       3.6667       0.0000     

 NODE       1386  KCS=      0  X,Y,Z=  7.1667       3.6667       0.0000     

 NODE       1387  KCS=      0  X,Y,Z=  7.3333       3.6667       0.0000     

 NODE       1388  KCS=      0  X,Y,Z=  7.5000       3.6667       0.0000     

 NODE       1389  KCS=      0  X,Y,Z=  7.6667       3.6667       0.0000     

 NODE       1390  KCS=      0  X,Y,Z=  7.8333       3.6667       0.0000     

 NODE       1391  KCS=      0  X,Y,Z=  8.0000       3.6667       0.0000     

 NODE       1392  KCS=      0  X,Y,Z=  8.1667       3.6667       0.0000     

 NODE       1393  KCS=      0  X,Y,Z=  8.3333       3.6667       0.0000     

 NODE       1394  KCS=      0  X,Y,Z=  8.5000       3.6667       0.0000     

 NODE       1395  KCS=      0  X,Y,Z=  8.6667       3.6667       0.0000     

 NODE       1396  KCS=      0  X,Y,Z=  8.8333       3.6667       0.0000     

 NODE       1397  KCS=      0  X,Y,Z=  9.0000       3.6667       0.0000     

 NODE       1398  KCS=      0  X,Y,Z=  9.1667       3.6667       0.0000     

 NODE       1399  KCS=      0  X,Y,Z=  9.3333       3.6667       0.0000     

 NODE       1400  KCS=      0  X,Y,Z=  9.5000       3.6667       0.0000     

 NODE       1401  KCS=      0  X,Y,Z=  9.6667       3.6667       0.0000     

 NODE       1402  KCS=      0  X,Y,Z=  9.8333       3.6667       0.0000     

 NODE       1403  KCS=      0  X,Y,Z=  10.000       3.6667       0.0000     

 NODE       1404  KCS=      0  X,Y,Z=  0.0000       3.8333       0.0000     

 NODE       1405  KCS=      0  X,Y,Z= 0.16667       3.8333       0.0000     

 NODE       1406  KCS=      0  X,Y,Z= 0.33333       3.8333       0.0000     

 NODE       1407  KCS=      0  X,Y,Z= 0.50000       3.8333       0.0000     

 NODE       1408  KCS=      0  X,Y,Z= 0.66667       3.8333       0.0000     

 NODE       1409  KCS=      0  X,Y,Z= 0.83333       3.8333       0.0000     

 NODE       1410  KCS=      0  X,Y,Z=  1.0000       3.8333       0.0000     

 NODE       1411  KCS=      0  X,Y,Z=  1.1667       3.8333       0.0000     

 NODE       1412  KCS=      0  X,Y,Z=  1.3333       3.8333       0.0000     

 NODE       1413  KCS=      0  X,Y,Z=  1.5000       3.8333       0.0000     

 NODE       1414  KCS=      0  X,Y,Z=  1.6667       3.8333       0.0000     

 NODE       1415  KCS=      0  X,Y,Z=  1.8333       3.8333       0.0000     

 NODE       1416  KCS=      0  X,Y,Z=  2.0000       3.8333       0.0000     

 NODE       1417  KCS=      0  X,Y,Z=  2.1667       3.8333       0.0000     

 NODE       1418  KCS=      0  X,Y,Z=  2.3333       3.8333       0.0000     

 NODE       1419  KCS=      0  X,Y,Z=  2.5000       3.8333       0.0000     

 NODE       1420  KCS=      0  X,Y,Z=  2.6667       3.8333       0.0000     

 NODE       1421  KCS=      0  X,Y,Z=  2.8333       3.8333       0.0000     

 NODE       1422  KCS=      0  X,Y,Z=  3.0000       3.8333       0.0000     

 NODE       1423  KCS=      0  X,Y,Z=  3.1667       3.8333       0.0000     

 NODE       1424  KCS=      0  X,Y,Z=  3.3333       3.8333       0.0000     

 NODE       1425  KCS=      0  X,Y,Z=  3.5000       3.8333       0.0000     

 NODE       1426  KCS=      0  X,Y,Z=  3.6667       3.8333       0.0000     

 NODE       1427  KCS=      0  X,Y,Z=  3.8333       3.8333       0.0000     

 NODE       1428  KCS=      0  X,Y,Z=  4.0000       3.8333       0.0000     

 NODE       1429  KCS=      0  X,Y,Z=  4.1667       3.8333       0.0000     

 NODE       1430  KCS=      0  X,Y,Z=  4.3333       3.8333       0.0000     

 NODE       1431  KCS=      0  X,Y,Z=  4.5000       3.8333       0.0000     

 NODE       1432  KCS=      0  X,Y,Z=  4.6667       3.8333       0.0000     

 NODE       1433  KCS=      0  X,Y,Z=  4.8333       3.8333       0.0000     

 NODE       1434  KCS=      0  X,Y,Z=  5.0000       3.8333       0.0000     

 NODE       1435  KCS=      0  X,Y,Z=  5.1667       3.8333       0.0000     

 NODE       1436  KCS=      0  X,Y,Z=  5.3333       3.8333       0.0000     

 NODE       1437  KCS=      0  X,Y,Z=  5.5000       3.8333       0.0000     

 NODE       1438  KCS=      0  X,Y,Z=  5.6667       3.8333       0.0000     

 NODE       1439  KCS=      0  X,Y,Z=  5.8333       3.8333       0.0000     

 NODE       1440  KCS=      0  X,Y,Z=  6.0000       3.8333       0.0000     

 NODE       1441  KCS=      0  X,Y,Z=  6.1667       3.8333       0.0000     

 NODE       1442  KCS=      0  X,Y,Z=  6.3333       3.8333       0.0000     

 NODE       1443  KCS=      0  X,Y,Z=  6.5000       3.8333       0.0000     

 NODE       1444  KCS=      0  X,Y,Z=  6.6667       3.8333       0.0000     

 NODE       1445  KCS=      0  X,Y,Z=  6.8333       3.8333       0.0000     

 NODE       1446  KCS=      0  X,Y,Z=  7.0000       3.8333       0.0000     

 NODE       1447  KCS=      0  X,Y,Z=  7.1667       3.8333       0.0000     

 NODE       1448  KCS=      0  X,Y,Z=  7.3333       3.8333       0.0000     

 NODE       1449  KCS=      0  X,Y,Z=  7.5000       3.8333       0.0000     

 NODE       1450  KCS=      0  X,Y,Z=  7.6667       3.8333       0.0000     

 NODE       1451  KCS=      0  X,Y,Z=  7.8333       3.8333       0.0000     

 NODE       1452  KCS=      0  X,Y,Z=  8.0000       3.8333       0.0000     

 NODE       1453  KCS=      0  X,Y,Z=  8.1667       3.8333       0.0000     

 NODE       1454  KCS=      0  X,Y,Z=  8.3333       3.8333       0.0000     

 NODE       1455  KCS=      0  X,Y,Z=  8.5000       3.8333       0.0000     

 NODE       1456  KCS=      0  X,Y,Z=  8.6667       3.8333       0.0000     

 NODE       1457  KCS=      0  X,Y,Z=  8.8333       3.8333       0.0000     

 NODE       1458  KCS=      0  X,Y,Z=  9.0000       3.8333       0.0000     

 NODE       1459  KCS=      0  X,Y,Z=  9.1667       3.8333       0.0000     

 NODE       1460  KCS=      0  X,Y,Z=  9.3333       3.8333       0.0000     

 NODE       1461  KCS=      0  X,Y,Z=  9.5000       3.8333       0.0000     

 NODE       1462  KCS=      0  X,Y,Z=  9.6667       3.8333       0.0000     

 NODE       1463  KCS=      0  X,Y,Z=  9.8333       3.8333       0.0000     

 NODE       1464  KCS=      0  X,Y,Z=  10.000       3.8333       0.0000     

 NODE       1465  KCS=      0  X,Y,Z=  0.0000       4.0000       0.0000     

 NODE       1466  KCS=      0  X,Y,Z= 0.16667       4.0000       0.0000     

 NODE       1467  KCS=      0  X,Y,Z= 0.33333       4.0000       0.0000     

 NODE       1468  KCS=      0  X,Y,Z= 0.50000       4.0000       0.0000     

 NODE       1469  KCS=      0  X,Y,Z= 0.66667       4.0000       0.0000     

 NODE       1470  KCS=      0  X,Y,Z= 0.83333       4.0000       0.0000     

 NODE       1471  KCS=      0  X,Y,Z=  1.0000       4.0000       0.0000     

 NODE       1472  KCS=      0  X,Y,Z=  1.1667       4.0000       0.0000     

 NODE       1473  KCS=      0  X,Y,Z=  1.3333       4.0000       0.0000     

 NODE       1474  KCS=      0  X,Y,Z=  1.5000       4.0000       0.0000     

 NODE       1475  KCS=      0  X,Y,Z=  1.6667       4.0000       0.0000     

 NODE       1476  KCS=      0  X,Y,Z=  1.8333       4.0000       0.0000     

 NODE       1477  KCS=      0  X,Y,Z=  2.0000       4.0000       0.0000     

 NODE       1478  KCS=      0  X,Y,Z=  2.1667       4.0000       0.0000     

 NODE       1479  KCS=      0  X,Y,Z=  2.3333       4.0000       0.0000     

 NODE       1480  KCS=      0  X,Y,Z=  2.5000       4.0000       0.0000     

 NODE       1481  KCS=      0  X,Y,Z=  2.6667       4.0000       0.0000     

 NODE       1482  KCS=      0  X,Y,Z=  2.8333       4.0000       0.0000     

 NODE       1483  KCS=      0  X,Y,Z=  3.0000       4.0000       0.0000     

 NODE       1484  KCS=      0  X,Y,Z=  3.1667       4.0000       0.0000     

 NODE       1485  KCS=      0  X,Y,Z=  3.3333       4.0000       0.0000     

 NODE       1486  KCS=      0  X,Y,Z=  3.5000       4.0000       0.0000     

 NODE       1487  KCS=      0  X,Y,Z=  3.6667       4.0000       0.0000     

 NODE       1488  KCS=      0  X,Y,Z=  3.8333       4.0000       0.0000     

 NODE       1489  KCS=      0  X,Y,Z=  4.0000       4.0000       0.0000     

 NODE       1490  KCS=      0  X,Y,Z=  4.1667       4.0000       0.0000     

 NODE       1491  KCS=      0  X,Y,Z=  4.3333       4.0000       0.0000     

 NODE       1492  KCS=      0  X,Y,Z=  4.5000       4.0000       0.0000     

 NODE       1493  KCS=      0  X,Y,Z=  4.6667       4.0000       0.0000     

 NODE       1494  KCS=      0  X,Y,Z=  4.8333       4.0000       0.0000     

 NODE       1495  KCS=      0  X,Y,Z=  5.0000       4.0000       0.0000     

 NODE       1496  KCS=      0  X,Y,Z=  5.1667       4.0000       0.0000     

 NODE       1497  KCS=      0  X,Y,Z=  5.3333       4.0000       0.0000     

 NODE       1498  KCS=      0  X,Y,Z=  5.5000       4.0000       0.0000     

 NODE       1499  KCS=      0  X,Y,Z=  5.6667       4.0000       0.0000     

 NODE       1500  KCS=      0  X,Y,Z=  5.8333       4.0000       0.0000     

 NODE       1501  KCS=      0  X,Y,Z=  6.0000       4.0000       0.0000     

 NODE       1502  KCS=      0  X,Y,Z=  6.1667       4.0000       0.0000     

 NODE       1503  KCS=      0  X,Y,Z=  6.3333       4.0000       0.0000     

 NODE       1504  KCS=      0  X,Y,Z=  6.5000       4.0000       0.0000     

 NODE       1505  KCS=      0  X,Y,Z=  6.6667       4.0000       0.0000     

 NODE       1506  KCS=      0  X,Y,Z=  6.8333       4.0000       0.0000     

 NODE       1507  KCS=      0  X,Y,Z=  7.0000       4.0000       0.0000     

 NODE       1508  KCS=      0  X,Y,Z=  7.1667       4.0000       0.0000     

 NODE       1509  KCS=      0  X,Y,Z=  7.3333       4.0000       0.0000     

 NODE       1510  KCS=      0  X,Y,Z=  7.5000       4.0000       0.0000     

 NODE       1511  KCS=      0  X,Y,Z=  7.6667       4.0000       0.0000     

 NODE       1512  KCS=      0  X,Y,Z=  7.8333       4.0000       0.0000     

 NODE       1513  KCS=      0  X,Y,Z=  8.0000       4.0000       0.0000     

 NODE       1514  KCS=      0  X,Y,Z=  8.1667       4.0000       0.0000     

 NODE       1515  KCS=      0  X,Y,Z=  8.3333       4.0000       0.0000     

 NODE       1516  KCS=      0  X,Y,Z=  8.5000       4.0000       0.0000     

 NODE       1517  KCS=      0  X,Y,Z=  8.6667       4.0000       0.0000     

 NODE       1518  KCS=      0  X,Y,Z=  8.8333       4.0000       0.0000     

 NODE       1519  KCS=      0  X,Y,Z=  9.0000       4.0000       0.0000     

 NODE       1520  KCS=      0  X,Y,Z=  9.1667       4.0000       0.0000     

 NODE       1521  KCS=      0  X,Y,Z=  9.3333       4.0000       0.0000     

 NODE       1522  KCS=      0  X,Y,Z=  9.5000       4.0000       0.0000     

 NODE       1523  KCS=      0  X,Y,Z=  9.6667       4.0000       0.0000     

 NODE       1524  KCS=      0  X,Y,Z=  9.8333       4.0000       0.0000     

 NODE       1525  KCS=      0  X,Y,Z=  10.000       4.0000       0.0000     

 ELEMENT      1       1      2     63     62

 ELEMENT      2       2      3     64     63

 ELEMENT      3       3      4     65     64

 ELEMENT      4       4      5     66     65

 ELEMENT      5       5      6     67     66

 ELEMENT      6       6      7     68     67

 ELEMENT      7       7      8     69     68

 ELEMENT      8       8      9     70     69

 ELEMENT      9       9     10     71     70

 ELEMENT     10      10     11     72     71

 ELEMENT     11      11     12     73     72

 ELEMENT     12      12     13     74     73

 ELEMENT     13      13     14     75     74

 ELEMENT     14      14     15     76     75

 ELEMENT     15      15     16     77     76

 ELEMENT     16      16     17     78     77

 ELEMENT     17      17     18     79     78

 ELEMENT     18      18     19     80     79

 ELEMENT     19      19     20     81     80

 ELEMENT     20      20     21     82     81

 ELEMENT     21      21     22     83     82

 ELEMENT     22      22     23     84     83

 ELEMENT     23      23     24     85     84

 ELEMENT     24      24     25     86     85

 ELEMENT     25      25     26     87     86

 ELEMENT     26      26     27     88     87

 ELEMENT     27      27     28     89     88

 ELEMENT     28      28     29     90     89

 ELEMENT     29      29     30     91     90

 ELEMENT     30      30     31     92     91

 ELEMENT     31      31     32     93     92

 ELEMENT     32      32     33     94     93

 ELEMENT     33      33     34     95     94

 ELEMENT     34      34     35     96     95

 ELEMENT     35      35     36     97     96

 ELEMENT     36      36     37     98     97

 ELEMENT     37      37     38     99     98

 ELEMENT     38      38     39    100     99

 ELEMENT     39      39     40    101    100

 ELEMENT     40      40     41    102    101

 ELEMENT     41      41     42    103    102

 ELEMENT     42      42     43    104    103

 ELEMENT     43      43     44    105    104

 ELEMENT     44      44     45    106    105

 ELEMENT     45      45     46    107    106

 ELEMENT     46      46     47    108    107

 ELEMENT     47      47     48    109    108

 ELEMENT     48      48     49    110    109

 ELEMENT     49      49     50    111    110

 ELEMENT     50      50     51    112    111

 ELEMENT     51      51     52    113    112

 ELEMENT     52      52     53    114    113

 ELEMENT     53      53     54    115    114

 ELEMENT     54      54     55    116    115

 ELEMENT     55      55     56    117    116

 ELEMENT     56      56     57    118    117

 ELEMENT     57      57     58    119    118

 ELEMENT     58      58     59    120    119

 ELEMENT     59      59     60    121    120

 ELEMENT     60      60     61    122    121

 ELEMENT     61      62     63    124    123

 ELEMENT     62      63     64    125    124

 ELEMENT     63      64     65    126    125

 ELEMENT     64      65     66    127    126

 ELEMENT     65      66     67    128    127

 ELEMENT     66      67     68    129    128

 ELEMENT     67      68     69    130    129

 ELEMENT     68      69     70    131    130

 ELEMENT     69      70     71    132    131

 ELEMENT     70      71     72    133    132

 ELEMENT     71      72     73    134    133

 ELEMENT     72      73     74    135    134

 ELEMENT     73      74     75    136    135

 ELEMENT     74      75     76    137    136

 ELEMENT     75      76     77    138    137

 ELEMENT     76      77     78    139    138

 ELEMENT     77      78     79    140    139

 ELEMENT     78      79     80    141    140

 ELEMENT     79      80     81    142    141

 ELEMENT     80      81     82    143    142

 ELEMENT     81      82     83    144    143

 ELEMENT     82      83     84    145    144

 ELEMENT     83      84     85    146    145

 ELEMENT     84      85     86    147    146

 ELEMENT     85      86     87    148    147

 ELEMENT     86      87     88    149    148

 ELEMENT     87      88     89    150    149

 ELEMENT     88      89     90    151    150

 ELEMENT     89      90     91    152    151

 ELEMENT     90      91     92    153    152

 ELEMENT     91      92     93    154    153

 ELEMENT     92      93     94    155    154

 ELEMENT     93      94     95    156    155

 ELEMENT     94      95     96    157    156

 ELEMENT     95      96     97    158    157

 ELEMENT     96      97     98    159    158

 ELEMENT     97      98     99    160    159

 ELEMENT     98      99    100    161    160

 ELEMENT     99     100    101    162    161

 ELEMENT    100     101    102    163    162

 ELEMENT    101     102    103    164    163

 ELEMENT    102     103    104    165    164

 ELEMENT    103     104    105    166    165

 ELEMENT    104     105    106    167    166

 ELEMENT    105     106    107    168    167

 ELEMENT    106     107    108    169    168

 ELEMENT    107     108    109    170    169

 ELEMENT    108     109    110    171    170

 ELEMENT    109     110    111    172    171

 ELEMENT    110     111    112    173    172

 ELEMENT    111     112    113    174    173

 ELEMENT    112     113    114    175    174

 ELEMENT    113     114    115    176    175

 ELEMENT    114     115    116    177    176

 ELEMENT    115     116    117    178    177

 ELEMENT    116     117    118    179    178

 ELEMENT    117     118    119    180    179

 ELEMENT    118     119    120    181    180

 ELEMENT    119     120    121    182    181

 ELEMENT    120     121    122    183    182

 ELEMENT    121     123    124    185    184

 ELEMENT    122     124    125    186    185

 ELEMENT    123     125    126    187    186

 ELEMENT    124     126    127    188    187

 ELEMENT    125     127    128    189    188

 ELEMENT    126     128    129    190    189

 ELEMENT    127     129    130    191    190

 ELEMENT    128     130    131    192    191

 ELEMENT    129     131    132    193    192

 ELEMENT    130     132    133    194    193

 ELEMENT    131     133    134    195    194

 ELEMENT    132     134    135    196    195

 ELEMENT    133     135    136    197    196

 ELEMENT    134     136    137    198    197

 ELEMENT    135     137    138    199    198

 ELEMENT    136     138    139    200    199

 ELEMENT    137     139    140    201    200

 ELEMENT    138     140    141    202    201

 ELEMENT    139     141    142    203    202

 ELEMENT    140     142    143    204    203

 ELEMENT    141     143    144    205    204

 ELEMENT    142     144    145    206    205

 ELEMENT    143     145    146    207    206

 ELEMENT    144     146    147    208    207

 ELEMENT    145     147    148    209    208

 ELEMENT    146     148    149    210    209

 ELEMENT    147     149    150    211    210

 ELEMENT    148     150    151    212    211

 ELEMENT    149     151    152    213    212

 ELEMENT    150     152    153    214    213

 ELEMENT    151     153    154    215    214

 ELEMENT    152     154    155    216    215

 ELEMENT    153     155    156    217    216

 ELEMENT    154     156    157    218    217

 ELEMENT    155     157    158    219    218

 ELEMENT    156     158    159    220    219

 ELEMENT    157     159    160    221    220

 ELEMENT    158     160    161    222    221

 ELEMENT    159     161    162    223    222

 ELEMENT    160     162    163    224    223

 ELEMENT    161     163    164    225    224

 ELEMENT    162     164    165    226    225

 ELEMENT    163     165    166    227    226

 ELEMENT    164     166    167    228    227

 ELEMENT    165     167    168    229    228

 ELEMENT    166     168    169    230    229

 ELEMENT    167     169    170    231    230

 ELEMENT    168     170    171    232    231

 ELEMENT    169     171    172    233    232

 ELEMENT    170     172    173    234    233

 ELEMENT    171     173    174    235    234

 ELEMENT    172     174    175    236    235

 ELEMENT    173     175    176    237    236

 ELEMENT    174     176    177    238    237

 ELEMENT    175     177    178    239    238

 ELEMENT    176     178    179    240    239

 ELEMENT    177     179    180    241    240

 ELEMENT    178     180    181    242    241

 ELEMENT    179     181    182    243    242

 ELEMENT    180     182    183    244    243

 ELEMENT    181     184    185    246    245

 ELEMENT    182     185    186    247    246

 ELEMENT    183     186    187    248    247

 ELEMENT    184     187    188    249    248

 ELEMENT    185     188    189    250    249

 ELEMENT    186     189    190    251    250

 ELEMENT    187     190    191    252    251

 ELEMENT    188     191    192    253    252

 ELEMENT    189     192    193    254    253

 ELEMENT    190     193    194    255    254

 ELEMENT    191     194    195    256    255

 ELEMENT    192     195    196    257    256

 ELEMENT    193     196    197    258    257

 ELEMENT    194     197    198    259    258

 ELEMENT    195     198    199    260    259

 ELEMENT    196     199    200    261    260

 ELEMENT    197     200    201    262    261

 ELEMENT    198     201    202    263    262

 ELEMENT    199     202    203    264    263

 ELEMENT    200     203    204    265    264

 ELEMENT    201     204    205    266    265

 ELEMENT    202     205    206    267    266

 ELEMENT    203     206    207    268    267

 ELEMENT    204     207    208    269    268

 ELEMENT    205     208    209    270    269

 ELEMENT    206     209    210    271    270

 ELEMENT    207     210    211    272    271

 ELEMENT    208     211    212    273    272

 ELEMENT    209     212    213    274    273

 ELEMENT    210     213    214    275    274

 ELEMENT    211     214    215    276    275

 ELEMENT    212     215    216    277    276

 ELEMENT    213     216    217    278    277

 ELEMENT    214     217    218    279    278

 ELEMENT    215     218    219    280    279

 ELEMENT    216     219    220    281    280

 ELEMENT    217     220    221    282    281

 ELEMENT    218     221    222    283    282

 ELEMENT    219     222    223    284    283

 ELEMENT    220     223    224    285    284

 ELEMENT    221     224    225    286    285

 ELEMENT    222     225    226    287    286

 ELEMENT    223     226    227    288    287

 ELEMENT    224     227    228    289    288

 ELEMENT    225     228    229    290    289

 ELEMENT    226     229    230    291    290

 ELEMENT    227     230    231    292    291

 ELEMENT    228     231    232    293    292

 ELEMENT    229     232    233    294    293

 ELEMENT    230     233    234    295    294

 ELEMENT    231     234    235    296    295

 ELEMENT    232     235    236    297    296

 ELEMENT    233     236    237    298    297

 ELEMENT    234     237    238    299    298

 ELEMENT    235     238    239    300    299

 ELEMENT    236     239    240    301    300

 ELEMENT    237     240    241    302    301

 ELEMENT    238     241    242    303    302

 ELEMENT    239     242    243    304    303

 ELEMENT    240     243    244    305    304

 ELEMENT    241     245    246    307    306

 ELEMENT    242     246    247    308    307

 ELEMENT    243     247    248    309    308

 ELEMENT    244     248    249    310    309

 ELEMENT    245     249    250    311    310

 ELEMENT    246     250    251    312    311

 ELEMENT    247     251    252    313    312

 ELEMENT    248     252    253    314    313

 ELEMENT    249     253    254    315    314

 ELEMENT    250     254    255    316    315

 ELEMENT    251     255    256    317    316

 ELEMENT    252     256    257    318    317

 ELEMENT    253     257    258    319    318

 ELEMENT    254     258    259    320    319

 ELEMENT    255     259    260    321    320

 ELEMENT    256     260    261    322    321

 ELEMENT    257     261    262    323    322

 ELEMENT    258     262    263    324    323

 ELEMENT    259     263    264    325    324

 ELEMENT    260     264    265    326    325

 ELEMENT    261     265    266    327    326

 ELEMENT    262     266    267    328    327

 ELEMENT    263     267    268    329    328

 ELEMENT    264     268    269    330    329

 ELEMENT    265     269    270    331    330

 ELEMENT    266     270    271    332    331

 ELEMENT    267     271    272    333    332

 ELEMENT    268     272    273    334    333

 ELEMENT    269     273    274    335    334

 ELEMENT    270     274    275    336    335

 ELEMENT    271     275    276    337    336

 ELEMENT    272     276    277    338    337

 ELEMENT    273     277    278    339    338

 ELEMENT    274     278    279    340    339

 ELEMENT    275     279    280    341    340

 ELEMENT    276     280    281    342    341

 ELEMENT    277     281    282    343    342

 ELEMENT    278     282    283    344    343

 ELEMENT    279     283    284    345    344

 ELEMENT    280     284    285    346    345

 ELEMENT    281     285    286    347    346

 ELEMENT    282     286    287    348    347

 ELEMENT    283     287    288    349    348

 ELEMENT    284     288    289    350    349

 ELEMENT    285     289    290    351    350

 ELEMENT    286     290    291    352    351

 ELEMENT    287     291    292    353    352

 ELEMENT    288     292    293    354    353

 ELEMENT    289     293    294    355    354

 ELEMENT    290     294    295    356    355

 ELEMENT    291     295    296    357    356

 ELEMENT    292     296    297    358    357

 ELEMENT    293     297    298    359    358

 ELEMENT    294     298    299    360    359

 ELEMENT    295     299    300    361    360

 ELEMENT    296     300    301    362    361

 ELEMENT    297     301    302    363    362

 ELEMENT    298     302    303    364    363

 ELEMENT    299     303    304    365    364

 ELEMENT    300     304    305    366    365

 ELEMENT    301     306    307    368    367

 ELEMENT    302     307    308    369    368

 ELEMENT    303     308    309    370    369

 ELEMENT    304     309    310    371    370

 ELEMENT    305     310    311    372    371

 ELEMENT    306     311    312    373    372

 ELEMENT    307     312    313    374    373

 ELEMENT    308     313    314    375    374

 ELEMENT    309     314    315    376    375

 ELEMENT    310     315    316    377    376

 ELEMENT    311     316    317    378    377

 ELEMENT    312     317    318    379    378

 ELEMENT    313     318    319    380    379

 ELEMENT    314     319    320    381    380

 ELEMENT    315     320    321    382    381

 ELEMENT    316     321    322    383    382

 ELEMENT    317     322    323    384    383

 ELEMENT    318     323    324    385    384

 ELEMENT    319     324    325    386    385

 ELEMENT    320     325    326    387    386

 ELEMENT    321     326    327    388    387

 ELEMENT    322     327    328    389    388

 ELEMENT    323     328    329    390    389

 ELEMENT    324     329    330    391    390

 ELEMENT    325     330    331    392    391

 ELEMENT    326     331    332    393    392

 ELEMENT    327     332    333    394    393

 ELEMENT    328     333    334    395    394

 ELEMENT    329     334    335    396    395

 ELEMENT    330     335    336    397    396

 ELEMENT    331     336    337    398    397

 ELEMENT    332     337    338    399    398

 ELEMENT    333     338    339    400    399

 ELEMENT    334     339    340    401    400

 ELEMENT    335     340    341    402    401

 ELEMENT    336     341    342    403    402

 ELEMENT    337     342    343    404    403

 ELEMENT    338     343    344    405    404

 ELEMENT    339     344    345    406    405

 ELEMENT    340     345    346    407    406

 ELEMENT    341     346    347    408    407

 ELEMENT    342     347    348    409    408

 ELEMENT    343     348    349    410    409

 ELEMENT    344     349    350    411    410

 ELEMENT    345     350    351    412    411

 ELEMENT    346     351    352    413    412

 ELEMENT    347     352    353    414    413

 ELEMENT    348     353    354    415    414

 ELEMENT    349     354    355    416    415

 ELEMENT    350     355    356    417    416

 ELEMENT    351     356    357    418    417

 ELEMENT    352     357    358    419    418

 ELEMENT    353     358    359    420    419

 ELEMENT    354     359    360    421    420

 ELEMENT    355     360    361    422    421

 ELEMENT    356     361    362    423    422

 ELEMENT    357     362    363    424    423

 ELEMENT    358     363    364    425    424

 ELEMENT    359     364    365    426    425

 ELEMENT    360     365    366    427    426

 ELEMENT    361     367    368    429    428

 ELEMENT    362     368    369    430    429

 ELEMENT    363     369    370    431    430

 ELEMENT    364     370    371    432    431

 ELEMENT    365     371    372    433    432

 ELEMENT    366     372    373    434    433

 ELEMENT    367     373    374    435    434

 ELEMENT    368     374    375    436    435

 ELEMENT    369     375    376    437    436

 ELEMENT    370     376    377    438    437

 ELEMENT    371     377    378    439    438

 ELEMENT    372     378    379    440    439

 ELEMENT    373     379    380    441    440

 ELEMENT    374     380    381    442    441

 ELEMENT    375     381    382    443    442

 ELEMENT    376     382    383    444    443

 ELEMENT    377     383    384    445    444

 ELEMENT    378     384    385    446    445

 ELEMENT    379     385    386    447    446

 ELEMENT    380     386    387    448    447

 ELEMENT    381     387    388    449    448

 ELEMENT    382     388    389    450    449

 ELEMENT    383     389    390    451    450

 ELEMENT    384     390    391    452    451

 ELEMENT    385     391    392    453    452

 ELEMENT    386     392    393    454    453

 ELEMENT    387     393    394    455    454

 ELEMENT    388     394    395    456    455

 ELEMENT    389     395    396    457    456

 ELEMENT    390     396    397    458    457

 ELEMENT    391     397    398    459    458

 ELEMENT    392     398    399    460    459

 ELEMENT    393     399    400    461    460

 ELEMENT    394     400    401    462    461

 ELEMENT    395     401    402    463    462

 ELEMENT    396     402    403    464    463

 ELEMENT    397     403    404    465    464

 ELEMENT    398     404    405    466    465

 ELEMENT    399     405    406    467    466

 ELEMENT    400     406    407    468    467

 ELEMENT    401     407    408    469    468

 ELEMENT    402     408    409    470    469

 ELEMENT    403     409    410    471    470

 ELEMENT    404     410    411    472    471

 ELEMENT    405     411    412    473    472

 ELEMENT    406     412    413    474    473

 ELEMENT    407     413    414    475    474

 ELEMENT    408     414    415    476    475

 ELEMENT    409     415    416    477    476

 ELEMENT    410     416    417    478    477

 ELEMENT    411     417    418    479    478

 ELEMENT    412     418    419    480    479

 ELEMENT    413     419    420    481    480

 ELEMENT    414     420    421    482    481

 ELEMENT    415     421    422    483    482

 ELEMENT    416     422    423    484    483

 ELEMENT    417     423    424    485    484

 ELEMENT    418     424    425    486    485

 ELEMENT    419     425    426    487    486

 ELEMENT    420     426    427    488    487

 ELEMENT    421     428    429    490    489

 ELEMENT    422     429    430    491    490

 ELEMENT    423     430    431    492    491

 ELEMENT    424     431    432    493    492

 ELEMENT    425     432    433    494    493

 ELEMENT    426     433    434    495    494

 ELEMENT    427     434    435    496    495

 ELEMENT    428     435    436    497    496

 ELEMENT    429     436    437    498    497

 ELEMENT    430     437    438    499    498

 ELEMENT    431     438    439    500    499

 ELEMENT    432     439    440    501    500

 ELEMENT    433     440    441    502    501

 ELEMENT    434     441    442    503    502

 ELEMENT    435     442    443    504    503

 ELEMENT    436     443    444    505    504

 ELEMENT    437     444    445    506    505

 ELEMENT    438     445    446    507    506

 ELEMENT    439     446    447    508    507

 ELEMENT    440     447    448    509    508

 ELEMENT    441     448    449    510    509

 ELEMENT    442     449    450    511    510

 ELEMENT    443     450    451    512    511

 ELEMENT    444     451    452    513    512

 ELEMENT    445     452    453    514    513

 ELEMENT    446     453    454    515    514

 ELEMENT    447     454    455    516    515

 ELEMENT    448     455    456    517    516

 ELEMENT    449     456    457    518    517

 ELEMENT    450     457    458    519    518

 ELEMENT    451     458    459    520    519

 ELEMENT    452     459    460    521    520

 ELEMENT    453     460    461    522    521

 ELEMENT    454     461    462    523    522

 ELEMENT    455     462    463    524    523

 ELEMENT    456     463    464    525    524

 ELEMENT    457     464    465    526    525

 ELEMENT    458     465    466    527    526

 ELEMENT    459     466    467    528    527

 ELEMENT    460     467    468    529    528

 ELEMENT    461     468    469    530    529

 ELEMENT    462     469    470    531    530

 ELEMENT    463     470    471    532    531

 ELEMENT    464     471    472    533    532

 ELEMENT    465     472    473    534    533

 ELEMENT    466     473    474    535    534

 ELEMENT    467     474    475    536    535

 ELEMENT    468     475    476    537    536

 ELEMENT    469     476    477    538    537

 ELEMENT    470     477    478    539    538

 ELEMENT    471     478    479    540    539

 ELEMENT    472     479    480    541    540

 ELEMENT    473     480    481    542    541

 ELEMENT    474     481    482    543    542

 ELEMENT    475     482    483    544    543

 ELEMENT    476     483    484    545    544

 ELEMENT    477     484    485    546    545

 ELEMENT    478     485    486    547    546

 ELEMENT    479     486    487    548    547

 ELEMENT    480     487    488    549    548

 ELEMENT    481     489    490    551    550

 ELEMENT    482     490    491    552    551

 ELEMENT    483     491    492    553    552

 ELEMENT    484     492    493    554    553

 ELEMENT    485     493    494    555    554

 ELEMENT    486     494    495    556    555

 ELEMENT    487     495    496    557    556

 ELEMENT    488     496    497    558    557

 ELEMENT    489     497    498    559    558

 ELEMENT    490     498    499    560    559

 ELEMENT    491     499    500    561    560

 ELEMENT    492     500    501    562    561

 ELEMENT    493     501    502    563    562

 ELEMENT    494     502    503    564    563

 ELEMENT    495     503    504    565    564

 ELEMENT    496     504    505    566    565

 ELEMENT    497     505    506    567    566

 ELEMENT    498     506    507    568    567

 ELEMENT    499     507    508    569    568

 ELEMENT    500     508    509    570    569

 ELEMENT    501     509    510    571    570

 ELEMENT    502     510    511    572    571

 ELEMENT    503     511    512    573    572

 ELEMENT    504     512    513    574    573

 ELEMENT    505     513    514    575    574

 ELEMENT    506     514    515    576    575

 ELEMENT    507     515    516    577    576

 ELEMENT    508     516    517    578    577

 ELEMENT    509     517    518    579    578

 ELEMENT    510     518    519    580    579

 ELEMENT    511     519    520    581    580

 ELEMENT    512     520    521    582    581

 ELEMENT    513     521    522    583    582

 ELEMENT    514     522    523    584    583

 ELEMENT    515     523    524    585    584

 ELEMENT    516     524    525    586    585

 ELEMENT    517     525    526    587    586

 ELEMENT    518     526    527    588    587

 ELEMENT    519     527    528    589    588

 ELEMENT    520     528    529    590    589

 ELEMENT    521     529    530    591    590

 ELEMENT    522     530    531    592    591

 ELEMENT    523     531    532    593    592

 ELEMENT    524     532    533    594    593

 ELEMENT    525     533    534    595    594

 ELEMENT    526     534    535    596    595

 ELEMENT    527     535    536    597    596

 ELEMENT    528     536    537    598    597

 ELEMENT    529     537    538    599    598

 ELEMENT    530     538    539    600    599

 ELEMENT    531     539    540    601    600

 ELEMENT    532     540    541    602    601

 ELEMENT    533     541    542    603    602

 ELEMENT    534     542    543    604    603

 ELEMENT    535     543    544    605    604

 ELEMENT    536     544    545    606    605

 ELEMENT    537     545    546    607    606

 ELEMENT    538     546    547    608    607

 ELEMENT    539     547    548    609    608

 ELEMENT    540     548    549    610    609

 ELEMENT    541     550    551    612    611

 ELEMENT    542     551    552    613    612

 ELEMENT    543     552    553    614    613

 ELEMENT    544     553    554    615    614

 ELEMENT    545     554    555    616    615

 ELEMENT    546     555    556    617    616

 ELEMENT    547     556    557    618    617

 ELEMENT    548     557    558    619    618

 ELEMENT    549     558    559    620    619

 ELEMENT    550     559    560    621    620

 ELEMENT    551     560    561    622    621

 ELEMENT    552     561    562    623    622

 ELEMENT    553     562    563    624    623

 ELEMENT    554     563    564    625    624

 ELEMENT    555     564    565    626    625

 ELEMENT    556     565    566    627    626

 ELEMENT    557     566    567    628    627

 ELEMENT    558     567    568    629    628

 ELEMENT    559     568    569    630    629

 ELEMENT    560     569    570    631    630

 ELEMENT    561     570    571    632    631

 ELEMENT    562     571    572    633    632

 ELEMENT    563     572    573    634    633

 ELEMENT    564     573    574    635    634

 ELEMENT    565     574    575    636    635

 ELEMENT    566     575    576    637    636

 ELEMENT    567     576    577    638    637

 ELEMENT    568     577    578    639    638

 ELEMENT    569     578    579    640    639

 ELEMENT    570     579    580    641    640

 ELEMENT    571     580    581    642    641

 ELEMENT    572     581    582    643    642

 ELEMENT    573     582    583    644    643

 ELEMENT    574     583    584    645    644

 ELEMENT    575     584    585    646    645

 ELEMENT    576     585    586    647    646

 ELEMENT    577     586    587    648    647

 ELEMENT    578     587    588    649    648

 ELEMENT    579     588    589    650    649

 ELEMENT    580     589    590    651    650

 ELEMENT    581     590    591    652    651

 ELEMENT    582     591    592    653    652

 ELEMENT    583     592    593    654    653

 ELEMENT    584     593    594    655    654

 ELEMENT    585     594    595    656    655

 ELEMENT    586     595    596    657    656

 ELEMENT    587     596    597    658    657

 ELEMENT    588     597    598    659    658

 ELEMENT    589     598    599    660    659

 ELEMENT    590     599    600    661    660

 ELEMENT    591     600    601    662    661

 ELEMENT    592     601    602    663    662

 ELEMENT    593     602    603    664    663

 ELEMENT    594     603    604    665    664

 ELEMENT    595     604    605    666    665

 ELEMENT    596     605    606    667    666

 ELEMENT    597     606    607    668    667

 ELEMENT    598     607    608    669    668

 ELEMENT    599     608    609    670    669

 ELEMENT    600     609    610    671    670

 ELEMENT    601     611    612    673    672

 ELEMENT    602     612    613    674    673

 ELEMENT    603     613    614    675    674

 ELEMENT    604     614    615    676    675

 ELEMENT    605     615    616    677    676

 ELEMENT    606     616    617    678    677

 ELEMENT    607     617    618    679    678

 ELEMENT    608     618    619    680    679

 ELEMENT    609     619    620    681    680

 ELEMENT    610     620    621    682    681

 ELEMENT    611     621    622    683    682

 ELEMENT    612     622    623    684    683

 ELEMENT    613     623    624    685    684

 ELEMENT    614     624    625    686    685

 ELEMENT    615     625    626    687    686

 ELEMENT    616     626    627    688    687

 ELEMENT    617     627    628    689    688

 ELEMENT    618     628    629    690    689

 ELEMENT    619     629    630    691    690

 ELEMENT    620     630    631    692    691

 ELEMENT    621     631    632    693    692

 ELEMENT    622     632    633    694    693

 ELEMENT    623     633    634    695    694

 ELEMENT    624     634    635    696    695

 ELEMENT    625     635    636    697    696

 ELEMENT    626     636    637    698    697

 ELEMENT    627     637    638    699    698

 ELEMENT    628     638    639    700    699

 ELEMENT    629     639    640    701    700

 ELEMENT    630     640    641    702    701

 ELEMENT    631     641    642    703    702

 ELEMENT    632     642    643    704    703

 ELEMENT    633     643    644    705    704

 ELEMENT    634     644    645    706    705

 ELEMENT    635     645    646    707    706

 ELEMENT    636     646    647    708    707

 ELEMENT    637     647    648    709    708

 ELEMENT    638     648    649    710    709

 ELEMENT    639     649    650    711    710

 ELEMENT    640     650    651    712    711

 ELEMENT    641     651    652    713    712

 ELEMENT    642     652    653    714    713

 ELEMENT    643     653    654    715    714

 ELEMENT    644     654    655    716    715

 ELEMENT    645     655    656    717    716

 ELEMENT    646     656    657    718    717

 ELEMENT    647     657    658    719    718

 ELEMENT    648     658    659    720    719

 ELEMENT    649     659    660    721    720

 ELEMENT    650     660    661    722    721

 ELEMENT    651     661    662    723    722

 ELEMENT    652     662    663    724    723

 ELEMENT    653     663    664    725    724

 ELEMENT    654     664    665    726    725

 ELEMENT    655     665    666    727    726

 ELEMENT    656     666    667    728    727

 ELEMENT    657     667    668    729    728

 ELEMENT    658     668    669    730    729

 ELEMENT    659     669    670    731    730

 ELEMENT    660     670    671    732    731

 ELEMENT    661     672    673    734    733

 ELEMENT    662     673    674    735    734

 ELEMENT    663     674    675    736    735

 ELEMENT    664     675    676    737    736

 ELEMENT    665     676    677    738    737

 ELEMENT    666     677    678    739    738

 ELEMENT    667     678    679    740    739

 ELEMENT    668     679    680    741    740

 ELEMENT    669     680    681    742    741

 ELEMENT    670     681    682    743    742

 ELEMENT    671     682    683    744    743

 ELEMENT    672     683    684    745    744

 ELEMENT    673     684    685    746    745

 ELEMENT    674     685    686    747    746

 ELEMENT    675     686    687    748    747

 ELEMENT    676     687    688    749    748

 ELEMENT    677     688    689    750    749

 ELEMENT    678     689    690    751    750

 ELEMENT    679     690    691    752    751

 ELEMENT    680     691    692    753    752

 ELEMENT    681     692    693    754    753

 ELEMENT    682     693    694    755    754

 ELEMENT    683     694    695    756    755

 ELEMENT    684     695    696    757    756

 ELEMENT    685     696    697    758    757

 ELEMENT    686     697    698    759    758

 ELEMENT    687     698    699    760    759

 ELEMENT    688     699    700    761    760

 ELEMENT    689     700    701    762    761

 ELEMENT    690     701    702    763    762

 ELEMENT    691     702    703    764    763

 ELEMENT    692     703    704    765    764

 ELEMENT    693     704    705    766    765

 ELEMENT    694     705    706    767    766

 ELEMENT    695     706    707    768    767

 ELEMENT    696     707    708    769    768

 ELEMENT    697     708    709    770    769

 ELEMENT    698     709    710    771    770

 ELEMENT    699     710    711    772    771

 ELEMENT    700     711    712    773    772

 ELEMENT    701     712    713    774    773

 ELEMENT    702     713    714    775    774

 ELEMENT    703     714    715    776    775

 ELEMENT    704     715    716    777    776

 ELEMENT    705     716    717    778    777

 ELEMENT    706     717    718    779    778

 ELEMENT    707     718    719    780    779

 ELEMENT    708     719    720    781    780

 ELEMENT    709     720    721    782    781

 ELEMENT    710     721    722    783    782

 ELEMENT    711     722    723    784    783

 ELEMENT    712     723    724    785    784

 ELEMENT    713     724    725    786    785

 ELEMENT    714     725    726    787    786

 ELEMENT    715     726    727    788    787

 ELEMENT    716     727    728    789    788

 ELEMENT    717     728    729    790    789

 ELEMENT    718     729    730    791    790

 ELEMENT    719     730    731    792    791

 ELEMENT    720     731    732    793    792

 ELEMENT    721     733    734    795    794

 ELEMENT    722     734    735    796    795

 ELEMENT    723     735    736    797    796

 ELEMENT    724     736    737    798    797

 ELEMENT    725     737    738    799    798

 ELEMENT    726     738    739    800    799

 ELEMENT    727     739    740    801    800

 ELEMENT    728     740    741    802    801

 ELEMENT    729     741    742    803    802

 ELEMENT    730     742    743    804    803

 ELEMENT    731     743    744    805    804

 ELEMENT    732     744    745    806    805

 ELEMENT    733     745    746    807    806

 ELEMENT    734     746    747    808    807

 ELEMENT    735     747    748    809    808

 ELEMENT    736     748    749    810    809

 ELEMENT    737     749    750    811    810

 ELEMENT    738     750    751    812    811

 ELEMENT    739     751    752    813    812

 ELEMENT    740     752    753    814    813

 ELEMENT    741     753    754    815    814

 ELEMENT    742     754    755    816    815

 ELEMENT    743     755    756    817    816

 ELEMENT    744     756    757    818    817

 ELEMENT    745     757    758    819    818

 ELEMENT    746     758    759    820    819

 ELEMENT    747     759    760    821    820

 ELEMENT    748     760    761    822    821

 ELEMENT    749     761    762    823    822

 ELEMENT    750     762    763    824    823

 ELEMENT    751     763    764    825    824

 ELEMENT    752     764    765    826    825

 ELEMENT    753     765    766    827    826

 ELEMENT    754     766    767    828    827

 ELEMENT    755     767    768    829    828

 ELEMENT    756     768    769    830    829

 ELEMENT    757     769    770    831    830

 ELEMENT    758     770    771    832    831

 ELEMENT    759     771    772    833    832

 ELEMENT    760     772    773    834    833

 ELEMENT    761     773    774    835    834

 ELEMENT    762     774    775    836    835

 ELEMENT    763     775    776    837    836

 ELEMENT    764     776    777    838    837

 ELEMENT    765     777    778    839    838

 ELEMENT    766     778    779    840    839

 ELEMENT    767     779    780    841    840

 ELEMENT    768     780    781    842    841

 ELEMENT    769     781    782    843    842

 ELEMENT    770     782    783    844    843

 ELEMENT    771     783    784    845    844

 ELEMENT    772     784    785    846    845

 ELEMENT    773     785    786    847    846

 ELEMENT    774     786    787    848    847

 ELEMENT    775     787    788    849    848

 ELEMENT    776     788    789    850    849

 ELEMENT    777     789    790    851    850

 ELEMENT    778     790    791    852    851

 ELEMENT    779     791    792    853    852

 ELEMENT    780     792    793    854    853

 ELEMENT    781     794    795    856    855

 ELEMENT    782     795    796    857    856

 ELEMENT    783     796    797    858    857

 ELEMENT    784     797    798    859    858

 ELEMENT    785     798    799    860    859

 ELEMENT    786     799    800    861    860

 ELEMENT    787     800    801    862    861

 ELEMENT    788     801    802    863    862

 ELEMENT    789     802    803    864    863

 ELEMENT    790     803    804    865    864

 ELEMENT    791     804    805    866    865

 ELEMENT    792     805    806    867    866

 ELEMENT    793     806    807    868    867

 ELEMENT    794     807    808    869    868

 ELEMENT    795     808    809    870    869

 ELEMENT    796     809    810    871    870

 ELEMENT    797     810    811    872    871

 ELEMENT    798     811    812    873    872

 ELEMENT    799     812    813    874    873

 ELEMENT    800     813    814    875    874

 ELEMENT    801     814    815    876    875

 ELEMENT    802     815    816    877    876

 ELEMENT    803     816    817    878    877

 ELEMENT    804     817    818    879    878

 ELEMENT    805     818    819    880    879

 ELEMENT    806     819    820    881    880

 ELEMENT    807     820    821    882    881

 ELEMENT    808     821    822    883    882

 ELEMENT    809     822    823    884    883

 ELEMENT    810     823    824    885    884

 ELEMENT    811     824    825    886    885

 ELEMENT    812     825    826    887    886

 ELEMENT    813     826    827    888    887

 ELEMENT    814     827    828    889    888

 ELEMENT    815     828    829    890    889

 ELEMENT    816     829    830    891    890

 ELEMENT    817     830    831    892    891

 ELEMENT    818     831    832    893    892

 ELEMENT    819     832    833    894    893

 ELEMENT    820     833    834    895    894

 ELEMENT    821     834    835    896    895

 ELEMENT    822     835    836    897    896

 ELEMENT    823     836    837    898    897

 ELEMENT    824     837    838    899    898

 ELEMENT    825     838    839    900    899

 ELEMENT    826     839    840    901    900

 ELEMENT    827     840    841    902    901

 ELEMENT    828     841    842    903    902

 ELEMENT    829     842    843    904    903

 ELEMENT    830     843    844    905    904

 ELEMENT    831     844    845    906    905

 ELEMENT    832     845    846    907    906

 ELEMENT    833     846    847    908    907

 ELEMENT    834     847    848    909    908

 ELEMENT    835     848    849    910    909

 ELEMENT    836     849    850    911    910

 ELEMENT    837     850    851    912    911

 ELEMENT    838     851    852    913    912

 ELEMENT    839     852    853    914    913

 ELEMENT    840     853    854    915    914

 ELEMENT    841     855    856    917    916

 ELEMENT    842     856    857    918    917

 ELEMENT    843     857    858    919    918

 ELEMENT    844     858    859    920    919

 ELEMENT    845     859    860    921    920

 ELEMENT    846     860    861    922    921

 ELEMENT    847     861    862    923    922

 ELEMENT    848     862    863    924    923

 ELEMENT    849     863    864    925    924

 ELEMENT    850     864    865    926    925

 ELEMENT    851     865    866    927    926

 ELEMENT    852     866    867    928    927

 ELEMENT    853     867    868    929    928

 ELEMENT    854     868    869    930    929

 ELEMENT    855     869    870    931    930

 ELEMENT    856     870    871    932    931

 ELEMENT    857     871    872    933    932

 ELEMENT    858     872    873    934    933

 ELEMENT    859     873    874    935    934

 ELEMENT    860     874    875    936    935

 ELEMENT    861     875    876    937    936

 ELEMENT    862     876    877    938    937

 ELEMENT    863     877    878    939    938

 ELEMENT    864     878    879    940    939

 ELEMENT    865     879    880    941    940

 ELEMENT    866     880    881    942    941

 ELEMENT    867     881    882    943    942

 ELEMENT    868     882    883    944    943

 ELEMENT    869     883    884    945    944

 ELEMENT    870     884    885    946    945

 ELEMENT    871     885    886    947    946

 ELEMENT    872     886    887    948    947

 ELEMENT    873     887    888    949    948

 ELEMENT    874     888    889    950    949

 ELEMENT    875     889    890    951    950

 ELEMENT    876     890    891    952    951

 ELEMENT    877     891    892    953    952

 ELEMENT    878     892    893    954    953

 ELEMENT    879     893    894    955    954

 ELEMENT    880     894    895    956    955

 ELEMENT    881     895    896    957    956

 ELEMENT    882     896    897    958    957

 ELEMENT    883     897    898    959    958

 ELEMENT    884     898    899    960    959

 ELEMENT    885     899    900    961    960

 ELEMENT    886     900    901    962    961

 ELEMENT    887     901    902    963    962

 ELEMENT    888     902    903    964    963

 ELEMENT    889     903    904    965    964

 ELEMENT    890     904    905    966    965

 ELEMENT    891     905    906    967    966

 ELEMENT    892     906    907    968    967

 ELEMENT    893     907    908    969    968

 ELEMENT    894     908    909    970    969

 ELEMENT    895     909    910    971    970

 ELEMENT    896     910    911    972    971

 ELEMENT    897     911    912    973    972

 ELEMENT    898     912    913    974    973

 ELEMENT    899     913    914    975    974

 ELEMENT    900     914    915    976    975

 ELEMENT    901     916    917    978    977

 ELEMENT    902     917    918    979    978

 ELEMENT    903     918    919    980    979

 ELEMENT    904     919    920    981    980

 ELEMENT    905     920    921    982    981

 ELEMENT    906     921    922    983    982

 ELEMENT    907     922    923    984    983

 ELEMENT    908     923    924    985    984

 ELEMENT    909     924    925    986    985

 ELEMENT    910     925    926    987    986

 ELEMENT    911     926    927    988    987

 ELEMENT    912     927    928    989    988

 ELEMENT    913     928    929    990    989

 ELEMENT    914     929    930    991    990

 ELEMENT    915     930    931    992    991

 ELEMENT    916     931    932    993    992

 ELEMENT    917     932    933    994    993

 ELEMENT    918     933    934    995    994

 ELEMENT    919     934    935    996    995

 ELEMENT    920     935    936    997    996

 ELEMENT    921     936    937    998    997

 ELEMENT    922     937    938    999    998

 ELEMENT    923     938    939   1000    999

 ELEMENT    924     939    940   1001   1000

 ELEMENT    925     940    941   1002   1001

 ELEMENT    926     941    942   1003   1002

 ELEMENT    927     942    943   1004   1003

 ELEMENT    928     943    944   1005   1004

 ELEMENT    929     944    945   1006   1005

 ELEMENT    930     945    946   1007   1006

 ELEMENT    931     946    947   1008   1007

 ELEMENT    932     947    948   1009   1008

 ELEMENT    933     948    949   1010   1009

 ELEMENT    934     949    950   1011   1010

 ELEMENT    935     950    951   1012   1011

 ELEMENT    936     951    952   1013   1012

 ELEMENT    937     952    953   1014   1013

 ELEMENT    938     953    954   1015   1014

 ELEMENT    939     954    955   1016   1015

 ELEMENT    940     955    956   1017   1016

 ELEMENT    941     956    957   1018   1017

 ELEMENT    942     957    958   1019   1018

 ELEMENT    943     958    959   1020   1019

 ELEMENT    944     959    960   1021   1020

 ELEMENT    945     960    961   1022   1021

 ELEMENT    946     961    962   1023   1022

 ELEMENT    947     962    963   1024   1023

 ELEMENT    948     963    964   1025   1024

 ELEMENT    949     964    965   1026   1025

 ELEMENT    950     965    966   1027   1026

 ELEMENT    951     966    967   1028   1027

 ELEMENT    952     967    968   1029   1028

 ELEMENT    953     968    969   1030   1029

 ELEMENT    954     969    970   1031   1030

 ELEMENT    955     970    971   1032   1031

 ELEMENT    956     971    972   1033   1032

 ELEMENT    957     972    973   1034   1033

 ELEMENT    958     973    974   1035   1034

 ELEMENT    959     974    975   1036   1035

 ELEMENT    960     975    976   1037   1036

 ELEMENT    961     977    978   1039   1038

 ELEMENT    962     978    979   1040   1039

 ELEMENT    963     979    980   1041   1040

 ELEMENT    964     980    981   1042   1041

 ELEMENT    965     981    982   1043   1042

 ELEMENT    966     982    983   1044   1043

 ELEMENT    967     983    984   1045   1044

 ELEMENT    968     984    985   1046   1045

 ELEMENT    969     985    986   1047   1046

 ELEMENT    970     986    987   1048   1047

 ELEMENT    971     987    988   1049   1048

 ELEMENT    972     988    989   1050   1049

 ELEMENT    973     989    990   1051   1050

 ELEMENT    974     990    991   1052   1051

 ELEMENT    975     991    992   1053   1052

 ELEMENT    976     992    993   1054   1053

 ELEMENT    977     993    994   1055   1054

 ELEMENT    978     994    995   1056   1055

 ELEMENT    979     995    996   1057   1056

 ELEMENT    980     996    997   1058   1057

 ELEMENT    981     997    998   1059   1058

 ELEMENT    982     998    999   1060   1059

 ELEMENT    983     999   1000   1061   1060

 ELEMENT    984    1000   1001   1062   1061

 ELEMENT    985    1001   1002   1063   1062

 ELEMENT    986    1002   1003   1064   1063

 ELEMENT    987    1003   1004   1065   1064

 ELEMENT    988    1004   1005   1066   1065

 ELEMENT    989    1005   1006   1067   1066

 ELEMENT    990    1006   1007   1068   1067

 ELEMENT    991    1007   1008   1069   1068

 ELEMENT    992    1008   1009   1070   1069

 ELEMENT    993    1009   1010   1071   1070

 ELEMENT    994    1010   1011   1072   1071

 ELEMENT    995    1011   1012   1073   1072

 ELEMENT    996    1012   1013   1074   1073

 ELEMENT    997    1013   1014   1075   1074

 ELEMENT    998    1014   1015   1076   1075

 ELEMENT    999    1015   1016   1077   1076

 ELEMENT   1000    1016   1017   1078   1077

 ELEMENT   1001    1017   1018   1079   1078

 ELEMENT   1002    1018   1019   1080   1079

 ELEMENT   1003    1019   1020   1081   1080

 ELEMENT   1004    1020   1021   1082   1081

 ELEMENT   1005    1021   1022   1083   1082

 ELEMENT   1006    1022   1023   1084   1083

 ELEMENT   1007    1023   1024   1085   1084

 ELEMENT   1008    1024   1025   1086   1085

 ELEMENT   1009    1025   1026   1087   1086

 ELEMENT   1010    1026   1027   1088   1087

 ELEMENT   1011    1027   1028   1089   1088

 ELEMENT   1012    1028   1029   1090   1089

 ELEMENT   1013    1029   1030   1091   1090

 ELEMENT   1014    1030   1031   1092   1091

 ELEMENT   1015    1031   1032   1093   1092

 ELEMENT   1016    1032   1033   1094   1093

 ELEMENT   1017    1033   1034   1095   1094

 ELEMENT   1018    1034   1035   1096   1095

 ELEMENT   1019    1035   1036   1097   1096

 ELEMENT   1020    1036   1037   1098   1097

 ELEMENT   1021    1038   1039   1100   1099

 ELEMENT   1022    1039   1040   1101   1100

 ELEMENT   1023    1040   1041   1102   1101

 ELEMENT   1024    1041   1042   1103   1102

 ELEMENT   1025    1042   1043   1104   1103

 ELEMENT   1026    1043   1044   1105   1104

 ELEMENT   1027    1044   1045   1106   1105

 ELEMENT   1028    1045   1046   1107   1106

 ELEMENT   1029    1046   1047   1108   1107

 ELEMENT   1030    1047   1048   1109   1108

 ELEMENT   1031    1048   1049   1110   1109

 ELEMENT   1032    1049   1050   1111   1110

 ELEMENT   1033    1050   1051   1112   1111

 ELEMENT   1034    1051   1052   1113   1112

 ELEMENT   1035    1052   1053   1114   1113

 ELEMENT   1036    1053   1054   1115   1114

 ELEMENT   1037    1054   1055   1116   1115

 ELEMENT   1038    1055   1056   1117   1116

 ELEMENT   1039    1056   1057   1118   1117

 ELEMENT   1040    1057   1058   1119   1118

 ELEMENT   1041    1058   1059   1120   1119

 ELEMENT   1042    1059   1060   1121   1120

 ELEMENT   1043    1060   1061   1122   1121

 ELEMENT   1044    1061   1062   1123   1122

 ELEMENT   1045    1062   1063   1124   1123

 ELEMENT   1046    1063   1064   1125   1124

 ELEMENT   1047    1064   1065   1126   1125

 ELEMENT   1048    1065   1066   1127   1126

 ELEMENT   1049    1066   1067   1128   1127

 ELEMENT   1050    1067   1068   1129   1128

 ELEMENT   1051    1068   1069   1130   1129

 ELEMENT   1052    1069   1070   1131   1130

 ELEMENT   1053    1070   1071   1132   1131

 ELEMENT   1054    1071   1072   1133   1132

 ELEMENT   1055    1072   1073   1134   1133

 ELEMENT   1056    1073   1074   1135   1134

 ELEMENT   1057    1074   1075   1136   1135

 ELEMENT   1058    1075   1076   1137   1136

 ELEMENT   1059    1076   1077   1138   1137

 ELEMENT   1060    1077   1078   1139   1138

 ELEMENT   1061    1078   1079   1140   1139

 ELEMENT   1062    1079   1080   1141   1140

 ELEMENT   1063    1080   1081   1142   1141

 ELEMENT   1064    1081   1082   1143   1142

 ELEMENT   1065    1082   1083   1144   1143

 ELEMENT   1066    1083   1084   1145   1144

 ELEMENT   1067    1084   1085   1146   1145

 ELEMENT   1068    1085   1086   1147   1146

 ELEMENT   1069    1086   1087   1148   1147

 ELEMENT   1070    1087   1088   1149   1148

 ELEMENT   1071    1088   1089   1150   1149

 ELEMENT   1072    1089   1090   1151   1150

 ELEMENT   1073    1090   1091   1152   1151

 ELEMENT   1074    1091   1092   1153   1152

 ELEMENT   1075    1092   1093   1154   1153

 ELEMENT   1076    1093   1094   1155   1154

 ELEMENT   1077    1094   1095   1156   1155

 ELEMENT   1078    1095   1096   1157   1156

 ELEMENT   1079    1096   1097   1158   1157

 ELEMENT   1080    1097   1098   1159   1158

 ELEMENT   1081    1099   1100   1161   1160

 ELEMENT   1082    1100   1101   1162   1161

 ELEMENT   1083    1101   1102   1163   1162

 ELEMENT   1084    1102   1103   1164   1163

 ELEMENT   1085    1103   1104   1165   1164

 ELEMENT   1086    1104   1105   1166   1165

 ELEMENT   1087    1105   1106   1167   1166

 ELEMENT   1088    1106   1107   1168   1167

 ELEMENT   1089    1107   1108   1169   1168

 ELEMENT   1090    1108   1109   1170   1169

 ELEMENT   1091    1109   1110   1171   1170

 ELEMENT   1092    1110   1111   1172   1171

 ELEMENT   1093    1111   1112   1173   1172

 ELEMENT   1094    1112   1113   1174   1173

 ELEMENT   1095    1113   1114   1175   1174

 ELEMENT   1096    1114   1115   1176   1175

 ELEMENT   1097    1115   1116   1177   1176

 ELEMENT   1098    1116   1117   1178   1177

 ELEMENT   1099    1117   1118   1179   1178

 ELEMENT   1100    1118   1119   1180   1179

 ELEMENT   1101    1119   1120   1181   1180

 ELEMENT   1102    1120   1121   1182   1181

 ELEMENT   1103    1121   1122   1183   1182

 ELEMENT   1104    1122   1123   1184   1183

 ELEMENT   1105    1123   1124   1185   1184

 ELEMENT   1106    1124   1125   1186   1185

 ELEMENT   1107    1125   1126   1187   1186

 ELEMENT   1108    1126   1127   1188   1187

 ELEMENT   1109    1127   1128   1189   1188

 ELEMENT   1110    1128   1129   1190   1189

 ELEMENT   1111    1129   1130   1191   1190

 ELEMENT   1112    1130   1131   1192   1191

 ELEMENT   1113    1131   1132   1193   1192

 ELEMENT   1114    1132   1133   1194   1193

 ELEMENT   1115    1133   1134   1195   1194

 ELEMENT   1116    1134   1135   1196   1195

 ELEMENT   1117    1135   1136   1197   1196

 ELEMENT   1118    1136   1137   1198   1197

 ELEMENT   1119    1137   1138   1199   1198

 ELEMENT   1120    1138   1139   1200   1199

 ELEMENT   1121    1139   1140   1201   1200

 ELEMENT   1122    1140   1141   1202   1201

 ELEMENT   1123    1141   1142   1203   1202

 ELEMENT   1124    1142   1143   1204   1203

 ELEMENT   1125    1143   1144   1205   1204

 ELEMENT   1126    1144   1145   1206   1205

 ELEMENT   1127    1145   1146   1207   1206

 ELEMENT   1128    1146   1147   1208   1207

 ELEMENT   1129    1147   1148   1209   1208

 ELEMENT   1130    1148   1149   1210   1209

 ELEMENT   1131    1149   1150   1211   1210

 ELEMENT   1132    1150   1151   1212   1211

 ELEMENT   1133    1151   1152   1213   1212

 ELEMENT   1134    1152   1153   1214   1213

 ELEMENT   1135    1153   1154   1215   1214

 ELEMENT   1136    1154   1155   1216   1215

 ELEMENT   1137    1155   1156   1217   1216

 ELEMENT   1138    1156   1157   1218   1217

 ELEMENT   1139    1157   1158   1219   1218

 ELEMENT   1140    1158   1159   1220   1219

 ELEMENT   1141    1160   1161   1222   1221

 ELEMENT   1142    1161   1162   1223   1222

 ELEMENT   1143    1162   1163   1224   1223

 ELEMENT   1144    1163   1164   1225   1224

 ELEMENT   1145    1164   1165   1226   1225

 ELEMENT   1146    1165   1166   1227   1226

 ELEMENT   1147    1166   1167   1228   1227

 ELEMENT   1148    1167   1168   1229   1228

 ELEMENT   1149    1168   1169   1230   1229

 ELEMENT   1150    1169   1170   1231   1230

 ELEMENT   1151    1170   1171   1232   1231

 ELEMENT   1152    1171   1172   1233   1232

 ELEMENT   1153    1172   1173   1234   1233

 ELEMENT   1154    1173   1174   1235   1234

 ELEMENT   1155    1174   1175   1236   1235

 ELEMENT   1156    1175   1176   1237   1236

 ELEMENT   1157    1176   1177   1238   1237

 ELEMENT   1158    1177   1178   1239   1238

 ELEMENT   1159    1178   1179   1240   1239

 ELEMENT   1160    1179   1180   1241   1240

 ELEMENT   1161    1180   1181   1242   1241

 ELEMENT   1162    1181   1182   1243   1242

 ELEMENT   1163    1182   1183   1244   1243

 ELEMENT   1164    1183   1184   1245   1244

 ELEMENT   1165    1184   1185   1246   1245

 ELEMENT   1166    1185   1186   1247   1246

 ELEMENT   1167    1186   1187   1248   1247

 ELEMENT   1168    1187   1188   1249   1248

 ELEMENT   1169    1188   1189   1250   1249

 ELEMENT   1170    1189   1190   1251   1250

 ELEMENT   1171    1190   1191   1252   1251

 ELEMENT   1172    1191   1192   1253   1252

 ELEMENT   1173    1192   1193   1254   1253

 ELEMENT   1174    1193   1194   1255   1254

 ELEMENT   1175    1194   1195   1256   1255

 ELEMENT   1176    1195   1196   1257   1256

 ELEMENT   1177    1196   1197   1258   1257

 ELEMENT   1178    1197   1198   1259   1258

 ELEMENT   1179    1198   1199   1260   1259

 ELEMENT   1180    1199   1200   1261   1260

 ELEMENT   1181    1200   1201   1262   1261

 ELEMENT   1182    1201   1202   1263   1262

 ELEMENT   1183    1202   1203   1264   1263

 ELEMENT   1184    1203   1204   1265   1264

 ELEMENT   1185    1204   1205   1266   1265

 ELEMENT   1186    1205   1206   1267   1266

 ELEMENT   1187    1206   1207   1268   1267

 ELEMENT   1188    1207   1208   1269   1268

 ELEMENT   1189    1208   1209   1270   1269

 ELEMENT   1190    1209   1210   1271   1270

 ELEMENT   1191    1210   1211   1272   1271

 ELEMENT   1192    1211   1212   1273   1272

 ELEMENT   1193    1212   1213   1274   1273

 ELEMENT   1194    1213   1214   1275   1274

 ELEMENT   1195    1214   1215   1276   1275

 ELEMENT   1196    1215   1216   1277   1276

 ELEMENT   1197    1216   1217   1278   1277

 ELEMENT   1198    1217   1218   1279   1278

 ELEMENT   1199    1218   1219   1280   1279

 ELEMENT   1200    1219   1220   1281   1280

 ELEMENT   1201    1221   1222   1283   1282

 ELEMENT   1202    1222   1223   1284   1283

 ELEMENT   1203    1223   1224   1285   1284

 ELEMENT   1204    1224   1225   1286   1285

 ELEMENT   1205    1225   1226   1287   1286

 ELEMENT   1206    1226   1227   1288   1287

 ELEMENT   1207    1227   1228   1289   1288

 ELEMENT   1208    1228   1229   1290   1289

 ELEMENT   1209    1229   1230   1291   1290

 ELEMENT   1210    1230   1231   1292   1291

 ELEMENT   1211    1231   1232   1293   1292

 ELEMENT   1212    1232   1233   1294   1293

 ELEMENT   1213    1233   1234   1295   1294

 ELEMENT   1214    1234   1235   1296   1295

 ELEMENT   1215    1235   1236   1297   1296

 ELEMENT   1216    1236   1237   1298   1297

 ELEMENT   1217    1237   1238   1299   1298

 ELEMENT   1218    1238   1239   1300   1299

 ELEMENT   1219    1239   1240   1301   1300

 ELEMENT   1220    1240   1241   1302   1301

 ELEMENT   1221    1241   1242   1303   1302

 ELEMENT   1222    1242   1243   1304   1303

 ELEMENT   1223    1243   1244   1305   1304

 ELEMENT   1224    1244   1245   1306   1305

 ELEMENT   1225    1245   1246   1307   1306

 ELEMENT   1226    1246   1247   1308   1307

 ELEMENT   1227    1247   1248   1309   1308

 ELEMENT   1228    1248   1249   1310   1309

 ELEMENT   1229    1249   1250   1311   1310

 ELEMENT   1230    1250   1251   1312   1311

 ELEMENT   1231    1251   1252   1313   1312

 ELEMENT   1232    1252   1253   1314   1313

 ELEMENT   1233    1253   1254   1315   1314

 ELEMENT   1234    1254   1255   1316   1315

 ELEMENT   1235    1255   1256   1317   1316

 ELEMENT   1236    1256   1257   1318   1317

 ELEMENT   1237    1257   1258   1319   1318

 ELEMENT   1238    1258   1259   1320   1319

 ELEMENT   1239    1259   1260   1321   1320

 ELEMENT   1240    1260   1261   1322   1321

 ELEMENT   1241    1261   1262   1323   1322

 ELEMENT   1242    1262   1263   1324   1323

 ELEMENT   1243    1263   1264   1325   1324

 ELEMENT   1244    1264   1265   1326   1325

 ELEMENT   1245    1265   1266   1327   1326

 ELEMENT   1246    1266   1267   1328   1327

 ELEMENT   1247    1267   1268   1329   1328

 ELEMENT   1248    1268   1269   1330   1329

 ELEMENT   1249    1269   1270   1331   1330

 ELEMENT   1250    1270   1271   1332   1331

 ELEMENT   1251    1271   1272   1333   1332

 ELEMENT   1252    1272   1273   1334   1333

 ELEMENT   1253    1273   1274   1335   1334

 ELEMENT   1254    1274   1275   1336   1335

 ELEMENT   1255    1275   1276   1337   1336

 ELEMENT   1256    1276   1277   1338   1337

 ELEMENT   1257    1277   1278   1339   1338

 ELEMENT   1258    1278   1279   1340   1339

 ELEMENT   1259    1279   1280   1341   1340

 ELEMENT   1260    1280   1281   1342   1341

 ELEMENT   1261    1282   1283   1344   1343

 ELEMENT   1262    1283   1284   1345   1344

 ELEMENT   1263    1284   1285   1346   1345

 ELEMENT   1264    1285   1286   1347   1346

 ELEMENT   1265    1286   1287   1348   1347

 ELEMENT   1266    1287   1288   1349   1348

 ELEMENT   1267    1288   1289   1350   1349

 ELEMENT   1268    1289   1290   1351   1350

 ELEMENT   1269    1290   1291   1352   1351

 ELEMENT   1270    1291   1292   1353   1352

 ELEMENT   1271    1292   1293   1354   1353

 ELEMENT   1272    1293   1294   1355   1354

 ELEMENT   1273    1294   1295   1356   1355

 ELEMENT   1274    1295   1296   1357   1356

 ELEMENT   1275    1296   1297   1358   1357

 ELEMENT   1276    1297   1298   1359   1358

 ELEMENT   1277    1298   1299   1360   1359

 ELEMENT   1278    1299   1300   1361   1360

 ELEMENT   1279    1300   1301   1362   1361

 ELEMENT   1280    1301   1302   1363   1362

 ELEMENT   1281    1302   1303   1364   1363

 ELEMENT   1282    1303   1304   1365   1364

 ELEMENT   1283    1304   1305   1366   1365

 ELEMENT   1284    1305   1306   1367   1366

 ELEMENT   1285    1306   1307   1368   1367

 ELEMENT   1286    1307   1308   1369   1368

 ELEMENT   1287    1308   1309   1370   1369

 ELEMENT   1288    1309   1310   1371   1370

 ELEMENT   1289    1310   1311   1372   1371

 ELEMENT   1290    1311   1312   1373   1372

 ELEMENT   1291    1312   1313   1374   1373

 ELEMENT   1292    1313   1314   1375   1374

 ELEMENT   1293    1314   1315   1376   1375

 ELEMENT   1294    1315   1316   1377   1376

 ELEMENT   1295    1316   1317   1378   1377

 ELEMENT   1296    1317   1318   1379   1378

 ELEMENT   1297    1318   1319   1380   1379

 ELEMENT   1298    1319   1320   1381   1380

 ELEMENT   1299    1320   1321   1382   1381

 ELEMENT   1300    1321   1322   1383   1382

 ELEMENT   1301    1322   1323   1384   1383

 ELEMENT   1302    1323   1324   1385   1384

 ELEMENT   1303    1324   1325   1386   1385

 ELEMENT   1304    1325   1326   1387   1386

 ELEMENT   1305    1326   1327   1388   1387

 ELEMENT   1306    1327   1328   1389   1388

 ELEMENT   1307    1328   1329   1390   1389

 ELEMENT   1308    1329   1330   1391   1390

 ELEMENT   1309    1330   1331   1392   1391

 ELEMENT   1310    1331   1332   1393   1392

 ELEMENT   1311    1332   1333   1394   1393

 ELEMENT   1312    1333   1334   1395   1394

 ELEMENT   1313    1334   1335   1396   1395

 ELEMENT   1314    1335   1336   1397   1396

 ELEMENT   1315    1336   1337   1398   1397

 ELEMENT   1316    1337   1338   1399   1398

 ELEMENT   1317    1338   1339   1400   1399

 ELEMENT   1318    1339   1340   1401   1400

 ELEMENT   1319    1340   1341   1402   1401

 ELEMENT   1320    1341   1342   1403   1402

 ELEMENT   1321    1343   1344   1405   1404

 ELEMENT   1322    1344   1345   1406   1405

 ELEMENT   1323    1345   1346   1407   1406

 ELEMENT   1324    1346   1347   1408   1407

 ELEMENT   1325    1347   1348   1409   1408

 ELEMENT   1326    1348   1349   1410   1409

 ELEMENT   1327    1349   1350   1411   1410

 ELEMENT   1328    1350   1351   1412   1411

 ELEMENT   1329    1351   1352   1413   1412

 ELEMENT   1330    1352   1353   1414   1413

 ELEMENT   1331    1353   1354   1415   1414

 ELEMENT   1332    1354   1355   1416   1415

 ELEMENT   1333    1355   1356   1417   1416

 ELEMENT   1334    1356   1357   1418   1417

 ELEMENT   1335    1357   1358   1419   1418

 ELEMENT   1336    1358   1359   1420   1419

 ELEMENT   1337    1359   1360   1421   1420

 ELEMENT   1338    1360   1361   1422   1421

 ELEMENT   1339    1361   1362   1423   1422

 ELEMENT   1340    1362   1363   1424   1423

 ELEMENT   1341    1363   1364   1425   1424

 ELEMENT   1342    1364   1365   1426   1425

 ELEMENT   1343    1365   1366   1427   1426

 ELEMENT   1344    1366   1367   1428   1427

 ELEMENT   1345    1367   1368   1429   1428

 ELEMENT   1346    1368   1369   1430   1429

 ELEMENT   1347    1369   1370   1431   1430

 ELEMENT   1348    1370   1371   1432   1431

 ELEMENT   1349    1371   1372   1433   1432

 ELEMENT   1350    1372   1373   1434   1433

 ELEMENT   1351    1373   1374   1435   1434

 ELEMENT   1352    1374   1375   1436   1435

 ELEMENT   1353    1375   1376   1437   1436

 ELEMENT   1354    1376   1377   1438   1437

 ELEMENT   1355    1377   1378   1439   1438

 ELEMENT   1356    1378   1379   1440   1439

 ELEMENT   1357    1379   1380   1441   1440

 ELEMENT   1358    1380   1381   1442   1441

 ELEMENT   1359    1381   1382   1443   1442

 ELEMENT   1360    1382   1383   1444   1443

 ELEMENT   1361    1383   1384   1445   1444

 ELEMENT   1362    1384   1385   1446   1445

 ELEMENT   1363    1385   1386   1447   1446

 ELEMENT   1364    1386   1387   1448   1447

 ELEMENT   1365    1387   1388   1449   1448

 ELEMENT   1366    1388   1389   1450   1449

 ELEMENT   1367    1389   1390   1451   1450

 ELEMENT   1368    1390   1391   1452   1451

 ELEMENT   1369    1391   1392   1453   1452

 ELEMENT   1370    1392   1393   1454   1453

 ELEMENT   1371    1393   1394   1455   1454

 ELEMENT   1372    1394   1395   1456   1455

 ELEMENT   1373    1395   1396   1457   1456

 ELEMENT   1374    1396   1397   1458   1457

 ELEMENT   1375    1397   1398   1459   1458

 ELEMENT   1376    1398   1399   1460   1459

 ELEMENT   1377    1399   1400   1461   1460

 ELEMENT   1378    1400   1401   1462   1461

 ELEMENT   1379    1401   1402   1463   1462

 ELEMENT   1380    1402   1403   1464   1463

 ELEMENT   1381    1404   1405   1466   1465

 ELEMENT   1382    1405   1406   1467   1466

 ELEMENT   1383    1406   1407   1468   1467

 ELEMENT   1384    1407   1408   1469   1468

 ELEMENT   1385    1408   1409   1470   1469

 ELEMENT   1386    1409   1410   1471   1470

 ELEMENT   1387    1410   1411   1472   1471

 ELEMENT   1388    1411   1412   1473   1472

 ELEMENT   1389    1412   1413   1474   1473

 ELEMENT   1390    1413   1414   1475   1474

 ELEMENT   1391    1414   1415   1476   1475

 ELEMENT   1392    1415   1416   1477   1476

 ELEMENT   1393    1416   1417   1478   1477

 ELEMENT   1394    1417   1418   1479   1478

 ELEMENT   1395    1418   1419   1480   1479

 ELEMENT   1396    1419   1420   1481   1480

 ELEMENT   1397    1420   1421   1482   1481

 ELEMENT   1398    1421   1422   1483   1482

 ELEMENT   1399    1422   1423   1484   1483

 ELEMENT   1400    1423   1424   1485   1484

 ELEMENT   1401    1424   1425   1486   1485

 ELEMENT   1402    1425   1426   1487   1486

 ELEMENT   1403    1426   1427   1488   1487

 ELEMENT   1404    1427   1428   1489   1488

 ELEMENT   1405    1428   1429   1490   1489

 ELEMENT   1406    1429   1430   1491   1490

 ELEMENT   1407    1430   1431   1492   1491

 ELEMENT   1408    1431   1432   1493   1492

 ELEMENT   1409    1432   1433   1494   1493

 ELEMENT   1410    1433   1434   1495   1494

 ELEMENT   1411    1434   1435   1496   1495

 ELEMENT   1412    1435   1436   1497   1496

 ELEMENT   1413    1436   1437   1498   1497

 ELEMENT   1414    1437   1438   1499   1498

 ELEMENT   1415    1438   1439   1500   1499

 ELEMENT   1416    1439   1440   1501   1500

 ELEMENT   1417    1440   1441   1502   1501

 ELEMENT   1418    1441   1442   1503   1502

 ELEMENT   1419    1442   1443   1504   1503

 ELEMENT   1420    1443   1444   1505   1504

 ELEMENT   1421    1444   1445   1506   1505

 ELEMENT   1422    1445   1446   1507   1506

 ELEMENT   1423    1446   1447   1508   1507

 ELEMENT   1424    1447   1448   1509   1508

 ELEMENT   1425    1448   1449   1510   1509

 ELEMENT   1426    1449   1450   1511   1510

 ELEMENT   1427    1450   1451   1512   1511

 ELEMENT   1428    1451   1452   1513   1512

 ELEMENT   1429    1452   1453   1514   1513

 ELEMENT   1430    1453   1454   1515   1514

 ELEMENT   1431    1454   1455   1516   1515

 ELEMENT   1432    1455   1456   1517   1516

 ELEMENT   1433    1456   1457   1518   1517

 ELEMENT   1434    1457   1458   1519   1518

 ELEMENT   1435    1458   1459   1520   1519

 ELEMENT   1436    1459   1460   1521   1520

 ELEMENT   1437    1460   1461   1522   1521

 ELEMENT   1438    1461   1462   1523   1522

 ELEMENT   1439    1462   1463   1524   1523

 ELEMENT   1440    1463   1464   1525   1524

 SPECIFIED CONSTRAINT UY   FOR SELECTED NODES            1 TO           1 BY           1
 REAL=  0.00000000       IMAG=  0.00000000    

 SPECIFIED CONSTRAINT UY   FOR SELECTED NODES            2 TO           2 BY           1
 REAL=  0.00000000       IMAG=  0.00000000    

 SPECIFIED CONSTRAINT UY   FOR SELECTED NODES            3 TO           3 BY           1
 REAL=  0.00000000       IMAG=  0.00000000    

 SPECIFIED CONSTRAINT UY   FOR SELECTED NODES            4 TO           4 BY           1
 REAL=  0.00000000       IMAG=  0.00000000    

 SPECIFIED CONSTRAINT UY   FOR SELECTED NODES            5 TO           5 BY           1
 REAL=  0.00000000       IMAG=  0.00000000    

 SPECIFIED CONSTRAINT UY   FOR SELECTED NODES            6 TO           6 BY           1
 REAL=  0.00000000       IMAG=  0.00000000    

 SPECIFIED CONSTRAINT UY   FOR SELECTED NODES            7 TO           7 BY           1
 REAL=  0.00000000       IMAG=  0.00000000    

 SPECIFIED CONSTRAINT UY   FOR SELECTED NODES            8 TO           8 BY           1
 REAL=  0.00000000       IMAG=  0.00000000    

 SPECIFIED CONSTRAINT UY   FOR SELECTED NODES            9 TO           9 BY           1
 REAL=  0.00000000       IMAG=  0.00000000    

 SPECIFIED CONSTRAINT UY   FOR SELECTED NODES           10 TO          10 BY           1
 REAL=  0.00000000       IMAG=  0.00000000    

 SPECIFIED CONSTRAINT UY   FOR SELECTED NODES           11 TO          11 BY           1
 REAL=  0.00000000       IMAG=  0.00000000    

 SPECIFIED CONSTRAINT UY   FOR SELECTED NODES           12 TO          12 BY           1
 REAL=  0.00000000       IMAG=  0.00000000    

 SPECIFIED CONSTRAINT UY   FOR SELECTED NODES           13 TO          13 BY           1
 REAL=  0.00000000       IMAG=  0.00000000    

 SPECIFIED CONSTRAINT UY   FOR SELECTED NODES           14 TO          14 BY           1
 REAL=  0.00000000       IMAG=  0.00000000    

 SPECIFIED CONSTRAINT UY   FOR SELECTED NODES           15 TO          15 BY           1
 REAL=  0.00000000       IMAG=  0.00000000    

 SPECIFIED CONSTRAINT UY   FOR SELECTED NODES           16 TO          16 BY           1
 REAL=  0.00000000       IMAG=  0.00000000    

 SPECIFIED CONSTRAINT UY   FOR SELECTED NODES           17 TO          17 BY           1
 REAL=  0.00000000       IMAG=  0.00000000    

 SPECIFIED CONSTRAINT UY   FOR SELECTED NODES           18 TO          18 BY           1
 REAL=  0.00000000       IMAG=  0.00000000    

 SPECIFIED CONSTRAINT UY   FOR SELECTED NODES           19 TO          19 BY           1
 REAL=  0.00000000       IMAG=  0.00000000    

 SPECIFIED CONSTRAINT UY   FOR SELECTED NODES           20 TO          20 BY           1
 REAL=  0.00000000       IMAG=  0.00000000    

 SPECIFIED CONSTRAINT UY   FOR SELECTED NODES           21 TO          21 BY           1
 REAL=  0.00000000       IMAG=  0.00000000    

 SPECIFIED CONSTRAINT UY   FOR SELECTED NODES           22 TO          22 BY           1
 REAL=  0.00000000       IMAG=  0.00000000    

 SPECIFIED CONSTRAINT UY   FOR SELECTED NODES           23 TO          23 BY           1
 REAL=  0.00000000       IMAG=  0.00000000    

 SPECIFIED CONSTRAINT UY   FOR SELECTED NODES           24 TO          24 BY           1
 REAL=  0.00000000       IMAG=  0.00000000    

 SPECIFIED CONSTRAINT UY   FOR SELECTED NODES           25 TO          25 BY           1
 REAL=  0.00000000       IMAG=  0.00000000    

 SPECIFIED CONSTRAINT UY   FOR SELECTED NODES           26 TO          26 BY           1
 REAL=  0.00000000       IMAG=  0.00000000    

 SPECIFIED CONSTRAINT UY   FOR SELECTED NODES           27 TO          27 BY           1
 REAL=  0.00000000       IMAG=  0.00000000    

 SPECIFIED CONSTRAINT UY   FOR SELECTED NODES           28 TO          28 BY           1
 REAL=  0.00000000       IMAG=  0.00000000    

 SPECIFIED CONSTRAINT UY   FOR SELECTED NODES           29 TO          29 BY           1
 REAL=  0.00000000       IMAG=  0.00000000    

 SPECIFIED CONSTRAINT UY   FOR SELECTED NODES           30 TO          30 BY           1
 REAL=  0.00000000       IMAG=  0.00000000    

 SPECIFIED CONSTRAINT UY   FOR SELECTED NODES           31 TO          31 BY           1
 REAL=  0.00000000       IMAG=  0.00000000    

 SPECIFIED CONSTRAINT UY   FOR SELECTED NODES           32 TO          32 BY           1
 REAL=  0.00000000       IMAG=  0.00000000    

 SPECIFIED CONSTRAINT UY   FOR SELECTED NODES           33 TO          33 BY           1
 REAL=  0.00000000       IMAG=  0.00000000    

 SPECIFIED CONSTRAINT UY   FOR SELECTED NODES           34 TO          34 BY           1
 REAL=  0.00000000       IMAG=  0.00000000    

 SPECIFIED CONSTRAINT UY   FOR SELECTED NODES           35 TO          35 BY           1
 REAL=  0.00000000       IMAG=  0.00000000    

 SPECIFIED CONSTRAINT UY   FOR SELECTED NODES           36 TO          36 BY           1
 REAL=  0.00000000       IMAG=  0.00000000    

 SPECIFIED CONSTRAINT UY   FOR SELECTED NODES           37 TO          37 BY           1
 REAL=  0.00000000       IMAG=  0.00000000    

 SPECIFIED CONSTRAINT UY   FOR SELECTED NODES           38 TO          38 BY           1
 REAL=  0.00000000       IMAG=  0.00000000    

 SPECIFIED CONSTRAINT UY   FOR SELECTED NODES           39 TO          39 BY           1
 REAL=  0.00000000       IMAG=  0.00000000    

 SPECIFIED CONSTRAINT UY   FOR SELECTED NODES           40 TO          40 BY           1
 REAL=  0.00000000       IMAG=  0.00000000    

 SPECIFIED CONSTRAINT UY   FOR SELECTED NODES           41 TO          41 BY           1
 REAL=  0.00000000       IMAG=  0.00000000    

 SPECIFIED CONSTRAINT UY   FOR SELECTED NODES           42 TO          42 BY           1
 REAL=  0.00000000       IMAG=  0.00000000    

 SPECIFIED CONSTRAINT UY   FOR SELECTED NODES           43 TO          43 BY           1
 REAL=  0.00000000       IMAG=  0.00000000    

 SPECIFIED CONSTRAINT UY   FOR SELECTED NODES           44 TO          44 BY           1
 REAL=  0.00000000       IMAG=  0.00000000    

 SPECIFIED CONSTRAINT UY   FOR SELECTED NODES           45 TO          45 BY           1
 REAL=  0.00000000       IMAG=  0.00000000    

 SPECIFIED CONSTRAINT UY   FOR SELECTED NODES           46 TO          46 BY           1
 REAL=  0.00000000       IMAG=  0.00000000    

 SPECIFIED CONSTRAINT UY   FOR SELECTED NODES           47 TO          47 BY           1
 REAL=  0.00000000       IMAG=  0.00000000    

 SPECIFIED CONSTRAINT UY   FOR SELECTED NODES           48 TO          48 BY           1
 REAL=  0.00000000       IMAG=  0.00000000    

 SPECIFIED CONSTRAINT UY   FOR SELECTED NODES           49 TO          49 BY           1
 REAL=  0.00000000       IMAG=  0.00000000    

 SPECIFIED CONSTRAINT UY   FOR SELECTED NODES           50 TO          50 BY           1
 REAL=  0.00000000       IMAG=  0.00000000    

 SPECIFIED CONSTRAINT UY   FOR SELECTED NODES           51 TO          51 BY           1
 REAL=  0.00000000       IMAG=  0.00000000    

 SPECIFIED CONSTRAINT UY   FOR SELECTED NODES           52 TO          52 BY           1
 REAL=  0.00000000       IMAG=  0.00000000    

 SPECIFIED CONSTRAINT UY   FOR SELECTED NODES           53 TO          53 BY           1
 REAL=  0.00000000       IMAG=  0.00000000    

 SPECIFIED CONSTRAINT UY   FOR SELECTED NODES           54 TO          54 BY           1
 REAL=  0.00000000       IMAG=  0.00000000    

 SPECIFIED CONSTRAINT UY   FOR SELECTED NODES           55 TO          55 BY           1
 REAL=  0.00000000       IMAG=  0.00000000    

 SPECIFIED CONSTRAINT UY   FOR SELECTED NODES           56 TO          56 BY           1
 REAL=  0.00000000       IMAG=  0.00000000    

 SPECIFIED CONSTRAINT UY   FOR SELECTED NODES           57 TO          57 BY           1
 REAL=  0.00000000       IMAG=  0.00000000    

 SPECIFIED CONSTRAINT UY   FOR SELECTED NODES           58 TO          58 BY           1
 REAL=  0.00000000       IMAG=  0.00000000    

 SPECIFIED CONSTRAINT UY   FOR SELECTED NODES           59 TO          59 BY           1
 REAL=  0.00000000       IMAG=  0.00000000    

 SPECIFIED CONSTRAINT UY   FOR SELECTED NODES           60 TO          60 BY           1
 REAL=  0.00000000       IMAG=  0.00000000    

 SPECIFIED CONSTRAINT UY   FOR SELECTED NODES           61 TO          61 BY           1
 REAL=  0.00000000       IMAG=  0.00000000    

 SPECIFIED CONSTRAINT UX   FOR SELECTED NODES            1 TO           1 BY           1
 REAL=  0.00000000       IMAG=  0.00000000    

 NODE     900001  KCS=      0  X,Y,Z=  0.0000       4.0200       0.0000     

 NODE     900002  KCS=      0  X,Y,Z=  10.000       4.0200       0.0000     

 SPECIFIED CONSTRAINT UX   FOR SELECTED NODES       900001 TO      900001 BY           1
 REAL=  0.00000000       IMAG=  0.00000000    
 ADDITIONAL DOFS=  UY  

 SPECIFIED CONSTRAINT UX   FOR SELECTED NODES       900002 TO      900002 BY           1
 REAL=  0.00000000       IMAG=  0.00000000    
 ADDITIONAL DOFS=  UY  

 ELEMENT TYPE SET TO         2

 REAL CONSTANT NUMBER=        3

 MATERIAL NUMBER SET TO         1

 ELEMENT   1441  900001 900002      0

 ELEMENT TYPE SET TO         3

 REAL CONSTANT NUMBER=        3

 MATERIAL NUMBER SET TO         1

 ELEMENT   1442    1466   1465      0

 ELEMENT   1443    1467   1466      0

 ELEMENT   1444    1468   1467      0

 ELEMENT   1445    1469   1468      0

 ELEMENT   1446    1470   1469      0

 ELEMENT   1447    1471   1470      0

 ELEMENT   1448    1472   1471      0

 ELEMENT   1449    1473   1472      0

 ELEMENT   1450    1474   1473      0

 ELEMENT   1451    1475   1474      0

 ELEMENT   1452    1476   1475      0

 ELEMENT   1453    1477   1476      0

 ELEMENT   1454    1478   1477      0

 ELEMENT   1455    1479   1478      0

 ELEMENT   1456    1480   1479      0

 ELEMENT   1457    1481   1480      0

 ELEMENT   1458    1482   1481      0

 ELEMENT   1459    1483   1482      0

 ELEMENT   1460    1484   1483      0

 ELEMENT   1461    1485   1484      0

 ELEMENT   1462    1486   1485      0

 ELEMENT   1463    1487   1486      0

 ELEMENT   1464    1488   1487      0

 ELEMENT   1465    1489   1488      0

 ELEMENT   1466    1490   1489      0

 ELEMENT   1467    1491   1490      0

 ELEMENT   1468    1492   1491      0

 ELEMENT   1469    1493   1492      0

 ELEMENT   1470    1494   1493      0

 ELEMENT   1471    1495   1494      0

 ELEMENT   1472    1496   1495      0

 ELEMENT   1473    1497   1496      0

 ELEMENT   1474    1498   1497      0

 ELEMENT   1475    1499   1498      0

 ELEMENT   1476    1500   1499      0

 ELEMENT   1477    1501   1500      0

 ELEMENT   1478    1502   1501      0

 ELEMENT   1479    1503   1502      0

 ELEMENT   1480    1504   1503      0

 ELEMENT   1481    1505   1504      0

 ELEMENT   1482    1506   1505      0

 ELEMENT   1483    1507   1506      0

 ELEMENT   1484    1508   1507      0

 ELEMENT   1485    1509   1508      0

 ELEMENT   1486    1510   1509      0

 ELEMENT   1487    1511   1510      0

 ELEMENT   1488    1512   1511      0

 ELEMENT   1489    1513   1512      0

 ELEMENT   1490    1514   1513      0

 ELEMENT   1491    1515   1514      0

 ELEMENT   1492    1516   1515      0

 ELEMENT   1493    1517   1516      0

 ELEMENT   1494    1518   1517      0

 ELEMENT   1495    1519   1518      0

 ELEMENT   1496    1520   1519      0

 ELEMENT   1497    1521   1520      0

 ELEMENT   1498    1522   1521      0

 ELEMENT   1499    1523   1522      0

 ELEMENT   1500    1524   1523      0

 ELEMENT   1501    1525   1524      0

 SELECT ALL ENTITIES OF TYPE= ALL  AND BELOW


 ***** ROUTINE COMPLETED *****  ELAPSED TIME =         6.049



 *****  MAPDL SOLUTION ROUTINE  *****


 PERFORM A STATIC ANALYSIS
  THIS WILL BE A NEW ANALYSIS

 LARGE DEFORMATION ANALYSIS

 USE AUTOMATIC TIME STEPPING THIS LOAD STEP

 STEP BOUNDARY CONDITION KEY= 0

 USE THE FULL NEWTON-RAPHSON OPTION FOR  ALL DEGREES OF FREEDOM
   AND USE THE DEFAULT ADAPTIVE DESCENT OPTION

 WRITE ALL  ITEMS TO THE DATABASE WITH A FREQUENCY OF LAST
   FOR ALL APPLICABLE ENTITIES

 REFERENCE TEMPERATURE=  20.000  (TUNIF=  20.000)

 SELECT       FOR ITEM=NODE COMPONENT=    
  IN RANGE         1 TO       1525 STEP          1

       1525  NODES (OF       1527  DEFINED) SELECTED BY  NSEL  COMMAND.

 SPECIFIED BODY FORCE TEMP FOR ALL SELECTED NODES SET TO   120.000000 

 SELECT ALL ENTITIES OF TYPE= ALL  AND BELOW

 TIME=  1.0000    

 USE      20 SUBSTEPS INITIALLY THIS LOAD STEP FOR ALL  DEGREES OF FREEDOM
 FOR AUTOMATIC TIME STEPPING:
   USE    200 SUBSTEPS AS A MAXIMUM
   USE      5 SUBSTEPS AS A MINIMUM

 *****  MAPDL SOLVE    COMMAND  *****

 *** SELECTION OF ELEMENT TECHNOLOGIES FOR APPLICABLE ELEMENTS ***
                ---GIVE SUGGESTIONS ONLY---

 ELEMENT TYPE  1 IS PLANE182 WITH PLANE STRAIN OPTION. IT IS ASSOCIATED WITH
 LINEAR MATERIALS ONLY AND POISSON'S RATIO IS NOT GREATER THAN 0.49.
 KEYOPT(1)=3 IS SUGGESTED.



 *** MAPDL - ENGINEERING ANALYSIS SYSTEM  RELEASE 2026 R1          26.1     ***
 Ansys Mechanical Enterprise Academic Student      
 01055371  VERSION=WINDOWS x64   21:06:53  SEP 14, 2026 Elapsed Time=      6.111

 Stage 10 contact-control verification                                         



                       S O L U T I O N   O P T I O N S

   PROBLEM DIMENSIONALITY. . . . . . . . . . . . .2-D                  
   DEGREES OF FREEDOM. . . . . . UX   UY  
   ANALYSIS TYPE . . . . . . . . . . . . . . . . .STATIC (STEADY-STATE)
   NONLINEAR GEOMETRIC EFFECTS . . . . . . . . . .ON
   NEWTON-RAPHSON OPTION . . . . . . . . . . . . .FULL             
   GLOBALLY ASSEMBLED MATRIX . . . . . . . . . . .SYMMETRIC  

 *** NOTE ***                            ELAPSED TIME =       6.116   TIME= 21:06:53
 The conditions for direct assembly have been met.  No .emat or .erot    
 files will be produced.                                                 

                      L O A D   S T E P   O P T I O N S

   LOAD STEP NUMBER. . . . . . . . . . . . . . . .     1
   TIME AT END OF THE LOAD STEP. . . . . . . . . .  1.0000    
   AUTOMATIC TIME STEPPING . . . . . . . . . . . .    ON
      INITIAL NUMBER OF SUBSTEPS . . . . . . . . .    20
      MAXIMUM NUMBER OF SUBSTEPS . . . . . . . . .   200
      MINIMUM NUMBER OF SUBSTEPS . . . . . . . . .     5
   MAXIMUM NUMBER OF EQUILIBRIUM ITERATIONS. . . .    15
   STEP CHANGE BOUNDARY CONDITIONS . . . . . . . .    NO
   STRESS-STIFFENING . . . . . . . . . . . . . . .    ON
   TERMINATE ANALYSIS IF NOT CONVERGED . . . . . .YES (EXIT)  
   CONVERGENCE CONTROLS. . . . . . . . . . . . . .USE DEFAULTS
   PRINT OUTPUT CONTROLS . . . . . . . . . . . . .NO PRINTOUT
   DATABASE OUTPUT CONTROLS
      ITEM     FREQUENCY   COMPONENT
       ALL       LAST               


 SOLUTION MONITORING INFO IS WRITTEN TO FILE= stage10_contact.mntr                                                                                                                                                                                                                                                

 *** NOTE ***                            ELAPSED TIME =       6.222   TIME= 21:06:53
 Rigid-deformable contact pair identified by real constant set 3 and     
 contact element type 3 has been set up.  Please verify constraints on   
 target nodes which may be automatically fixed by MAPDL.                 
 Contact algorithm: Augmented Lagrange method
 Contact detection at: Gauss integration point
 Target element geometry R1                    1.0000    
 Default contact stiffness factor FKN          1.0000    
 The resulting initial contact stiffness       12000.    
 Penetration tolerance factor FTOLN            2.0000    
 The resulting penetration tolerance          0.33333    
 Frictionless contact pair is defined
 Update contact stiffness at each iteration
 Average contact surface length               0.16667    
 Average contact pair depth                   0.16667    
 Average target surface length                 10.000    
 Default pinball region factor PINB            2.0000    
 The resulting pinball region                 0.33333    
 *WARNING*: Initial penetration is included.

 *** NOTE ***                            ELAPSED TIME =       6.222   TIME= 21:06:53
 Min.  Initial gap 2.E-02 was detected between contact element 1451 and  
 target element 1441.                                                    
 You may move entire target surface by: x= 0, y= -2.E-02, z= 0, to bring 
 it in contact.                                                          
 ****************************************
  

 *** WARNING ***                         ELAPSED TIME =       6.223   TIME= 21:06:53
 All selected contact pairs are initially open.  Rigid body motion can   
 occur.  You may use auto CNOF by setting KEYOPT(5) to close small       
 gaps.                                                                   
  
  
 MAXIMUM NUMBER OF EQUILIBRIUM ITERATIONS HAS BEEN MODIFIED              
  TO BE, NEQIT = 25, BY SOLUTION CONTROL LOGIC.                          


 Range of element maximum matrix coefficients in global coordinates
 Maximum = 993.589744 at element 655.                                    
 Minimum = 993.589744 at element 274.                                    

   *** ELEMENT MATRIX FORMULATION TIMES
     TYPE    NUMBER     ENAME   TOTAL ELAPSED   AVG ELAPSED

        1      1440  PLANE182          0.1461   0.000101448
        2         1  TARGE169          0.0000   0.000002200
        3        60  CONTA172          0.0056   0.000092948
 Elapsed Time at end of element matrix formulation = 6.5714766.          

 ALL CURRENT MAPDL DATA WRITTEN TO FILE NAME= stage10_contact.rdb
  FOR POSSIBLE RESUME FROM THIS POINT
     FORCE CONVERGENCE VALUE  =   4.295      CRITERION=  0.2147E-01

 SPARSE MATRIX DIRECT SOLVER.
  Number of equations =        2988,    Maximum wavefront =     14


  Memory allocated on this process
  -------------------------------------------------------------------
  Equation solver memory allocated                     =     3.329 MB
  Equation solver memory required for in-core mode     =     3.206 MB
  Equation solver memory required for out-of-core mode =     1.739 MB
  Total (solver and non-solver) memory allocated       =   401.469 MB

 *** NOTE ***                            ELAPSED TIME =       6.655   TIME= 21:06:53
 The Sparse Matrix Solver is currently running in the in-core memory     
 mode.  This memory mode uses the most amount of memory in order to      
 avoid using the hard drive as much as possible, which most often        
 results in the fastest solution time.  This mode is recommended if      
 enough physical memory is present to accommodate all of the solver      
 data.                                                                   
 Sparse solver maximum pivot= 3974.35897 at node 1335 UX.                
 Sparse solver minimum pivot= 229.968509 at node 31 UX.                  
 Sparse solver minimum pivot in absolute value= 229.968509 at node 31    
 UX.                                                                     
     DISP CONVERGENCE VALUE   =  0.6500E-02  CRITERION=  0.3250E-03
    EQUIL ITER   1 COMPLETED.  NEW TRIANG MATRIX.  MAX DOF INC=  0.6500E-02
     DISP CONVERGENCE VALUE   =  0.6500E-02  CRITERION=  0.3250E-03
     LINE SEARCH PARAMETER =   1.000     SCALED MAX DOF INC =  0.6500E-02
     FORCE CONVERGENCE VALUE  =  0.1396E-02  CRITERION=  0.5000E-04
    EQUIL ITER   2 COMPLETED.  NEW TRIANG MATRIX.  MAX DOF INC=  0.2113E-05
     DISP CONVERGENCE VALUE   =  0.2113E-05  CRITERION=  0.3251E-03 <<< CONVERGED
     LINE SEARCH PARAMETER =   1.000     SCALED MAX DOF INC =  0.2113E-05
     FORCE CONVERGENCE VALUE  =  0.5897E-09  CRITERION=  0.5000E-04 <<< CONVERGED

 *** WARNING ***                         ELAPSED TIME =       7.254   TIME= 21:06:54
 A reference force value times the tolerance is used by the              
 Newton-Raphson method for checking convergence.  The calculated         
 reference FORCE CONVERGENCE VALUE = 4.422501484E-10 is less than a      
 threshold.  This threshold is internally calculated.  You can           
 overwrite it by specifying MINREF on the CNVTOL command.  Check         
 results carefully.                                                      
    >>> SOLUTION CONVERGED AFTER EQUILIBRIUM ITERATION   2

   *** ELEMENT RESULT CALCULATION TIMES
     TYPE    NUMBER     ENAME   TOTAL ELAPSED   AVG ELAPSED

        1      1440  PLANE182          0.1025   0.000071173
        3        60  CONTA172          0.0048   0.000080032

   *** NODAL LOAD CALCULATION TIMES
     TYPE    NUMBER     ENAME   TOTAL ELAPSED   AVG ELAPSED

        1      1440  PLANE182          0.0025   0.000001726
        3        60  CONTA172          0.0001   0.000002023
 *** LOAD STEP     1   SUBSTEP     1  COMPLETED.    CUM ITER =      2
 *** TIME =  0.500000E-01     TIME INC =  0.500000E-01
 *** AUTO STEP TIME:  NEXT TIME INC = 0.50000E-01  UNCHANGED

     FORCE CONVERGENCE VALUE  =  0.2794E-02  CRITERION=  0.2687E-01
     DISP CONVERGENCE VALUE   =  0.4230E-05  CRITERION=  0.3253E-03 <<< CONVERGED
    EQUIL ITER   1 COMPLETED.  NEW TRIANG MATRIX.  MAX DOF INC=  0.4230E-05
     DISP CONVERGENCE VALUE   =  0.4228E-05  CRITERION=  0.3253E-03 <<< CONVERGED
     LINE SEARCH PARAMETER =  0.9994     SCALED MAX DOF INC =  0.4228E-05
     FORCE CONVERGENCE VALUE  =  0.3874E-12  CRITERION=  0.5000E-04 <<< CONVERGED
    >>> SOLUTION CONVERGED AFTER EQUILIBRIUM ITERATION   1
 *** LOAD STEP     1   SUBSTEP     2  COMPLETED.    CUM ITER =      3
 *** TIME =  0.100000         TIME INC =  0.500000E-01
 *** AUTO TIME STEP:  NEXT TIME INC = 0.75000E-01  INCREASED (FACTOR = 1.5000)

     FORCE CONVERGENCE VALUE  =  0.5242E-02  CRITERION=  0.4034E-01
     DISP CONVERGENCE VALUE   =  0.7941E-05  CRITERION=  0.4884E-03 <<< CONVERGED
    EQUIL ITER   1 COMPLETED.  NEW TRIANG MATRIX.  MAX DOF INC=  0.7941E-05
     DISP CONVERGENCE VALUE   =  0.7933E-05  CRITERION=  0.4884E-03 <<< CONVERGED
     LINE SEARCH PARAMETER =  0.9990     SCALED MAX DOF INC =  0.7933E-05
     FORCE CONVERGENCE VALUE  =  0.2038E-11  CRITERION=  0.5000E-04 <<< CONVERGED
    >>> SOLUTION CONVERGED AFTER EQUILIBRIUM ITERATION   1
 *** LOAD STEP     1   SUBSTEP     3  COMPLETED.    CUM ITER =      4
 *** TIME =  0.175000         TIME INC =  0.750000E-01
 *** AUTO TIME STEP:  NEXT TIME INC = 0.11250      INCREASED (FACTOR = 1.5000)

     FORCE CONVERGENCE VALUE  =  0.1181E-01  CRITERION=  0.6059E-01
     DISP CONVERGENCE VALUE   =  0.1790E-04  CRITERION=  0.7335E-03 <<< CONVERGED
    EQUIL ITER   1 COMPLETED.  NEW TRIANG MATRIX.  MAX DOF INC=  0.1790E-04
     DISP CONVERGENCE VALUE   =  0.1787E-04  CRITERION=  0.7335E-03 <<< CONVERGED
     LINE SEARCH PARAMETER =  0.9985     SCALED MAX DOF INC =  0.1787E-04
     FORCE CONVERGENCE VALUE  =  0.1533E-10  CRITERION=  0.5000E-04 <<< CONVERGED
    >>> SOLUTION CONVERGED AFTER EQUILIBRIUM ITERATION   1
 *** LOAD STEP     1   SUBSTEP     4  COMPLETED.    CUM ITER =      5
 *** TIME =  0.287500         TIME INC =  0.112500    
 *** AUTO TIME STEP:  NEXT TIME INC = 0.16875      INCREASED (FACTOR = 1.5000)

     FORCE CONVERGENCE VALUE  =   11.67      CRITERION=  0.4627    
     DISP CONVERGENCE VALUE   =  0.3373E-02  CRITERION=  0.1269E-02
    EQUIL ITER   1 COMPLETED.  NEW TRIANG MATRIX.  MAX DOF INC=  0.3373E-02
     DISP CONVERGENCE VALUE   =  0.3370E-02  CRITERION=  0.1269E-02
     LINE SEARCH PARAMETER =  0.9991     SCALED MAX DOF INC =  0.3370E-02
     FORCE CONVERGENCE VALUE  =  0.3454E-02  CRITERION=  0.8574E-01 <<< CONVERGED
    EQUIL ITER   2 COMPLETED.  NEW TRIANG MATRIX.  MAX DOF INC= -0.1346E-04
     DISP CONVERGENCE VALUE   =  0.1345E-04  CRITERION=  0.1269E-02 <<< CONVERGED
     LINE SEARCH PARAMETER =  0.9992     SCALED MAX DOF INC = -0.1345E-04
     FORCE CONVERGENCE VALUE  =  0.7693E-05  CRITERION=  0.8574E-01 <<< CONVERGED
    >>> SOLUTION CONVERGED AFTER EQUILIBRIUM ITERATION   2
 *** LOAD STEP     1   SUBSTEP     5  COMPLETED.    CUM ITER =      7
 *** TIME =  0.456250         TIME INC =  0.168750    
 *** AUTO TIME STEP:  NEXT TIME INC = 0.20000      INCREASED (FACTOR = 1.1852)

     FORCE CONVERGENCE VALUE  =   18.44      CRITERION=  0.9083    
     DISP CONVERGENCE VALUE   =  0.5343E-02  CRITERION=  0.1770E-02
    EQUIL ITER   1 COMPLETED.  NEW TRIANG MATRIX.  MAX DOF INC=  0.5343E-02
     DISP CONVERGENCE VALUE   =  0.5339E-02  CRITERION=  0.1770E-02
     LINE SEARCH PARAMETER =  0.9992     SCALED MAX DOF INC =  0.5339E-02
     FORCE CONVERGENCE VALUE  =  0.6969E-02  CRITERION=  0.3231     <<< CONVERGED
    EQUIL ITER   2 COMPLETED.  NEW TRIANG MATRIX.  MAX DOF INC= -0.1112E-04
     DISP CONVERGENCE VALUE   =  0.1111E-04  CRITERION=  0.1770E-02 <<< CONVERGED
     LINE SEARCH PARAMETER =  0.9990     SCALED MAX DOF INC = -0.1111E-04
     FORCE CONVERGENCE VALUE  =  0.2883E-04  CRITERION=  0.3231     <<< CONVERGED
    >>> SOLUTION CONVERGED AFTER EQUILIBRIUM ITERATION   2
 *** LOAD STEP     1   SUBSTEP     6  COMPLETED.    CUM ITER =      9
 *** TIME =  0.656250         TIME INC =  0.200000    
 *** AUTO STEP TIME:  NEXT TIME INC = 0.20000      UNCHANGED

     FORCE CONVERGENCE VALUE  =  0.4242E-01  CRITERION=  0.5642    
     DISP CONVERGENCE VALUE   =  0.1547E-03  CRITERION=  0.1777E-02 <<< CONVERGED
    EQUIL ITER   1 COMPLETED.  NEW TRIANG MATRIX.  MAX DOF INC=  0.1547E-03
     DISP CONVERGENCE VALUE   =  0.1542E-03  CRITERION=  0.1777E-02 <<< CONVERGED
     LINE SEARCH PARAMETER =  0.9966     SCALED MAX DOF INC =  0.1542E-03
     FORCE CONVERGENCE VALUE  =  0.3383E-03  CRITERION=  0.5621     <<< CONVERGED
    >>> SOLUTION CONVERGED AFTER EQUILIBRIUM ITERATION   1
 *** LOAD STEP     1   SUBSTEP     7  COMPLETED.    CUM ITER =     10
 *** TIME =  0.856250         TIME INC =  0.200000    
 *** AUTO TIME STEP:  NEXT TIME INC = 0.14375      DECREASED (FACTOR = 0.7188)

     FORCE CONVERGENCE VALUE  =   1.214      CRITERION=  0.7256    
     DISP CONVERGENCE VALUE   =  0.2184E-02  CRITERION=  0.1777E-02
    EQUIL ITER   1 COMPLETED.  NEW TRIANG MATRIX.  MAX DOF INC=  0.2184E-02
     DISP CONVERGENCE VALUE   =  0.2181E-02  CRITERION=  0.1777E-02
     LINE SEARCH PARAMETER =  0.9986     SCALED MAX DOF INC =  0.2181E-02
     FORCE CONVERGENCE VALUE  =  0.1469E-01  CRITERION=  0.7326     <<< CONVERGED
    EQUIL ITER   2 COMPLETED.  NEW TRIANG MATRIX.  MAX DOF INC=  0.1601E-03
     DISP CONVERGENCE VALUE   =  0.1599E-03  CRITERION=  0.1777E-02 <<< CONVERGED
     LINE SEARCH PARAMETER =  0.9992     SCALED MAX DOF INC =  0.1599E-03
     FORCE CONVERGENCE VALUE  =  0.6385E-03  CRITERION=  0.7326     <<< CONVERGED
    >>> SOLUTION CONVERGED AFTER EQUILIBRIUM ITERATION   2
 *** LOAD STEP     1   SUBSTEP     8  COMPLETED.    CUM ITER =     12
 *** TIME =   1.00000         TIME INC =  0.143750    


 *** MAPDL BINARY FILE STATISTICS
  BUFFER SIZE USED= 16384
        3.188 MB WRITTEN ON ELEMENT SAVED DATA FILE: stage10_contact.esav
        0.562 MB WRITTEN ON ASSEMBLED MATRIX FILE: stage10_contact.full
        1.438 MB WRITTEN ON RESULTS FILE: stage10_contact.rst

 FINISH SOLUTION PROCESSING


 ***** ROUTINE COMPLETED *****  ELAPSED TIME =        12.326



 *** MAPDL - ENGINEERING ANALYSIS SYSTEM  RELEASE 2026 R1          26.1     ***
 Ansys Mechanical Enterprise Academic Student      
 01055371  VERSION=WINDOWS x64   21:06:59  SEP 14, 2026 Elapsed Time=     12.345

 Stage 10 contact-control verification                                         



          ***** MAPDL RESULTS INTERPRETATION (POST1) *****

 *** NOTE ***                            ELAPSED TIME =      12.345   TIME= 21:06:59
 Reading results into the database (SET command) will update the current 
 displacement and force boundary conditions in the database with the     
 values from the results file for that load set.  Note that any          
 subsequent solutions will use these values unless action is taken to    
 either SAVE the current values or not overwrite them (/EXIT,NOSAVE).    


 USE LAST SUBSTEP ON RESULT FILE  FOR LOAD CASE 0 

 SET COMMAND GOT LOAD STEP=     1  SUBSTEP=     8  CUMULATIVE ITERATION=    12
   TIME/FREQUENCY=  1.0000    
 TITLE= Stage 10 contact-control verification                                   

 STORE CPRES    FROM ITEM=CONT COMP=PRES  FOR ALL SELECTED ELEMENTS

 STORE PENE     FROM ITEM=CONT COMP=PENE  FOR ALL SELECTED ELEMENTS

 STORE CSTAT    FROM ITEM=CONT COMP=STAT  FOR ALL SELECTED ELEMENTS

 STORE CSFRIC   FROM ITEM=CONT COMP=SFRI  FOR ALL SELECTED ELEMENTS

 OPENED FILE= contact_values.csv FOR COMMAND FILE DATA 


 PARAMETER EIDV =     1442.000000    

 PARAMETER XV =    0.8333333333E-01

 *GET  PV        FROM  ELEM      1442  ITEM=ETAB CPRES     VALUE=  14.3423648    

 *GET  PENV      FROM  ELEM      1442  ITEM=ETAB PENE      VALUE= 0.597598520E-02

 *GET  STATV     FROM  ELEM      1442  ITEM=ETAB CSTAT     VALUE=  2.00000000    

 *GET  FRICV     FROM  ELEM      1442  ITEM=ETAB CSFRIC    VALUE=  0.00000000    

 PARAMETER EIDV =     1443.000000    

 PARAMETER XV =    0.2500000000    

 *GET  PV        FROM  ELEM      1443  ITEM=ETAB CPRES     VALUE=  14.3417215    

 *GET  PENV      FROM  ELEM      1443  ITEM=ETAB PENE      VALUE= 0.597571721E-02

 *GET  STATV     FROM  ELEM      1443  ITEM=ETAB CSTAT     VALUE=  2.00000000    

 *GET  FRICV     FROM  ELEM      1443  ITEM=ETAB CSFRIC    VALUE=  0.00000000    

 PARAMETER EIDV =     1444.000000    

 PARAMETER XV =    0.4166666667    

 *GET  PV        FROM  ELEM      1444  ITEM=ETAB CPRES     VALUE=  14.3410335    

 *GET  PENV      FROM  ELEM      1444  ITEM=ETAB PENE      VALUE= 0.597543060E-02

 *GET  STATV     FROM  ELEM      1444  ITEM=ETAB CSTAT     VALUE=  2.00000000    

 *GET  FRICV     FROM  ELEM      1444  ITEM=ETAB CSFRIC    VALUE=  0.00000000    

 PARAMETER EIDV =     1445.000000    

 PARAMETER XV =    0.5833333333    

 *GET  PV        FROM  ELEM      1445  ITEM=ETAB CPRES     VALUE=  14.3402891    

 *GET  PENV      FROM  ELEM      1445  ITEM=ETAB PENE      VALUE= 0.597512047E-02

 *GET  STATV     FROM  ELEM      1445  ITEM=ETAB CSTAT     VALUE=  2.00000000    

 *GET  FRICV     FROM  ELEM      1445  ITEM=ETAB CSFRIC    VALUE=  0.00000000    

 PARAMETER EIDV =     1446.000000    

 PARAMETER XV =    0.7500000000    

 *GET  PV        FROM  ELEM      1446  ITEM=ETAB CPRES     VALUE=  14.3394918    

 *GET  PENV      FROM  ELEM      1446  ITEM=ETAB PENE      VALUE= 0.597478799E-02

 *GET  STATV     FROM  ELEM      1446  ITEM=ETAB CSTAT     VALUE=  2.00000000    

 *GET  FRICV     FROM  ELEM      1446  ITEM=ETAB CSFRIC    VALUE=  0.00000000    

 PARAMETER EIDV =     1447.000000    

 PARAMETER XV =    0.9166666667    

 *GET  PV        FROM  ELEM      1447  ITEM=ETAB CPRES     VALUE=  14.3386517    

 *GET  PENV      FROM  ELEM      1447  ITEM=ETAB PENE      VALUE= 0.597443804E-02

 *GET  STATV     FROM  ELEM      1447  ITEM=ETAB CSTAT     VALUE=  2.00000000    

 *GET  FRICV     FROM  ELEM      1447  ITEM=ETAB CSFRIC    VALUE=  0.00000000    

 PARAMETER EIDV =     1448.000000    

 PARAMETER XV =     1.083333333    

 *GET  PV        FROM  ELEM      1448  ITEM=ETAB CPRES     VALUE=  14.3377805    

 *GET  PENV      FROM  ELEM      1448  ITEM=ETAB PENE      VALUE= 0.597407506E-02

 *GET  STATV     FROM  ELEM      1448  ITEM=ETAB CSTAT     VALUE=  2.00000000    

 *GET  FRICV     FROM  ELEM      1448  ITEM=ETAB CSFRIC    VALUE=  0.00000000    

 PARAMETER EIDV =     1449.000000    

 PARAMETER XV =     1.250000000    

 *GET  PV        FROM  ELEM      1449  ITEM=ETAB CPRES     VALUE=  14.3368883    

 *GET  PENV      FROM  ELEM      1449  ITEM=ETAB PENE      VALUE= 0.597370346E-02

 *GET  STATV     FROM  ELEM      1449  ITEM=ETAB CSTAT     VALUE=  2.00000000    

 *GET  FRICV     FROM  ELEM      1449  ITEM=ETAB CSFRIC    VALUE=  0.00000000    

 PARAMETER EIDV =     1450.000000    

 PARAMETER XV =     1.416666667    

 *GET  PV        FROM  ELEM      1450  ITEM=ETAB CPRES     VALUE=  14.3359842    

 *GET  PENV      FROM  ELEM      1450  ITEM=ETAB PENE      VALUE= 0.597332674E-02

 *GET  STATV     FROM  ELEM      1450  ITEM=ETAB CSTAT     VALUE=  2.00000000    

 *GET  FRICV     FROM  ELEM      1450  ITEM=ETAB CSFRIC    VALUE=  0.00000000    

 PARAMETER EIDV =     1451.000000    

 PARAMETER XV =     1.583333333    

 *GET  PV        FROM  ELEM      1451  ITEM=ETAB CPRES     VALUE=  14.3350739    

 *GET  PENV      FROM  ELEM      1451  ITEM=ETAB PENE      VALUE= 0.597294723E-02

 *GET  STATV     FROM  ELEM      1451  ITEM=ETAB CSTAT     VALUE=  2.00000000    

 *GET  FRICV     FROM  ELEM      1451  ITEM=ETAB CSFRIC    VALUE=  0.00000000    

 PARAMETER EIDV =     1452.000000    

 PARAMETER XV =     1.750000000    

 *GET  PV        FROM  ELEM      1452  ITEM=ETAB CPRES     VALUE=  14.3341579    

 *GET  PENV      FROM  ELEM      1452  ITEM=ETAB PENE      VALUE= 0.597256562E-02

 *GET  STATV     FROM  ELEM      1452  ITEM=ETAB CSTAT     VALUE=  2.00000000    

 *GET  FRICV     FROM  ELEM      1452  ITEM=ETAB CSFRIC    VALUE=  0.00000000    

 PARAMETER EIDV =     1453.000000    

 PARAMETER XV =     1.916666667    

 *GET  PV        FROM  ELEM      1453  ITEM=ETAB CPRES     VALUE=  14.3332381    

 *GET  PENV      FROM  ELEM      1453  ITEM=ETAB PENE      VALUE= 0.597218215E-02

 *GET  STATV     FROM  ELEM      1453  ITEM=ETAB CSTAT     VALUE=  2.00000000    

 *GET  FRICV     FROM  ELEM      1453  ITEM=ETAB CSFRIC    VALUE=  0.00000000    

 PARAMETER EIDV =     1454.000000    

 PARAMETER XV =     2.083333333    

 *GET  PV        FROM  ELEM      1454  ITEM=ETAB CPRES     VALUE=  14.3323097    

 *GET  PENV      FROM  ELEM      1454  ITEM=ETAB PENE      VALUE= 0.597179565E-02

 *GET  STATV     FROM  ELEM      1454  ITEM=ETAB CSTAT     VALUE=  2.00000000    

 *GET  FRICV     FROM  ELEM      1454  ITEM=ETAB CSFRIC    VALUE=  0.00000000    

 PARAMETER EIDV =     1455.000000    

 PARAMETER XV =     2.250000000    

 *GET  PV        FROM  ELEM      1455  ITEM=ETAB CPRES     VALUE=  14.3313699    

 *GET  PENV      FROM  ELEM      1455  ITEM=ETAB PENE      VALUE= 0.597140403E-02

 *GET  STATV     FROM  ELEM      1455  ITEM=ETAB CSTAT     VALUE=  2.00000000    

 *GET  FRICV     FROM  ELEM      1455  ITEM=ETAB CSFRIC    VALUE=  0.00000000    

 PARAMETER EIDV =     1456.000000    

 PARAMETER XV =     2.416666667    

 *GET  PV        FROM  ELEM      1456  ITEM=ETAB CPRES     VALUE=  14.3304119    

 *GET  PENV      FROM  ELEM      1456  ITEM=ETAB PENE      VALUE= 0.597100472E-02

 *GET  STATV     FROM  ELEM      1456  ITEM=ETAB CSTAT     VALUE=  2.00000000    

 *GET  FRICV     FROM  ELEM      1456  ITEM=ETAB CSFRIC    VALUE=  0.00000000    

 PARAMETER EIDV =     1457.000000    

 PARAMETER XV =     2.583333333    

 *GET  PV        FROM  ELEM      1457  ITEM=ETAB CPRES     VALUE=  14.3294287    

 *GET  PENV      FROM  ELEM      1457  ITEM=ETAB PENE      VALUE= 0.597059517E-02

 *GET  STATV     FROM  ELEM      1457  ITEM=ETAB CSTAT     VALUE=  2.00000000    

 *GET  FRICV     FROM  ELEM      1457  ITEM=ETAB CSFRIC    VALUE=  0.00000000    

 PARAMETER EIDV =     1458.000000    

 PARAMETER XV =     2.750000000    

 *GET  PV        FROM  ELEM      1458  ITEM=ETAB CPRES     VALUE=  14.3284135    

 *GET  PENV      FROM  ELEM      1458  ITEM=ETAB PENE      VALUE= 0.597017212E-02

 *GET  STATV     FROM  ELEM      1458  ITEM=ETAB CSTAT     VALUE=  2.00000000    

 *GET  FRICV     FROM  ELEM      1458  ITEM=ETAB CSFRIC    VALUE=  0.00000000    

 PARAMETER EIDV =     1459.000000    

 PARAMETER XV =     2.916666667    

 *GET  PV        FROM  ELEM      1459  ITEM=ETAB CPRES     VALUE=  14.3273582    

 *GET  PENV      FROM  ELEM      1459  ITEM=ETAB PENE      VALUE= 0.596973253E-02

 *GET  STATV     FROM  ELEM      1459  ITEM=ETAB CSTAT     VALUE=  2.00000000    

 *GET  FRICV     FROM  ELEM      1459  ITEM=ETAB CSFRIC    VALUE=  0.00000000    

 PARAMETER EIDV =     1460.000000    

 PARAMETER XV =     3.083333333    

 *GET  PV        FROM  ELEM      1460  ITEM=ETAB CPRES     VALUE=  14.3262553    

 *GET  PENV      FROM  ELEM      1460  ITEM=ETAB PENE      VALUE= 0.596927316E-02

 *GET  STATV     FROM  ELEM      1460  ITEM=ETAB CSTAT     VALUE=  2.00000000    

 *GET  FRICV     FROM  ELEM      1460  ITEM=ETAB CSFRIC    VALUE=  0.00000000    

 PARAMETER EIDV =     1461.000000    

 PARAMETER XV =     3.250000000    

 *GET  PV        FROM  ELEM      1461  ITEM=ETAB CPRES     VALUE=  14.3250990    

 *GET  PENV      FROM  ELEM      1461  ITEM=ETAB PENE      VALUE= 0.596879120E-02

 *GET  STATV     FROM  ELEM      1461  ITEM=ETAB CSTAT     VALUE=  2.00000000    

 *GET  FRICV     FROM  ELEM      1461  ITEM=ETAB CSFRIC    VALUE=  0.00000000    

 PARAMETER EIDV =     1462.000000    

 PARAMETER XV =     3.416666667    

 *GET  PV        FROM  ELEM      1462  ITEM=ETAB CPRES     VALUE=  14.3238821    

 *GET  PENV      FROM  ELEM      1462  ITEM=ETAB PENE      VALUE= 0.596828409E-02

 *GET  STATV     FROM  ELEM      1462  ITEM=ETAB CSTAT     VALUE=  2.00000000    

 *GET  FRICV     FROM  ELEM      1462  ITEM=ETAB CSFRIC    VALUE=  0.00000000    

 PARAMETER EIDV =     1463.000000    

 PARAMETER XV =     3.583333333    

 *GET  PV        FROM  ELEM      1463  ITEM=ETAB CPRES     VALUE=  14.3226004    

 *GET  PENV      FROM  ELEM      1463  ITEM=ETAB PENE      VALUE= 0.596774998E-02

 *GET  STATV     FROM  ELEM      1463  ITEM=ETAB CSTAT     VALUE=  2.00000000    

 *GET  FRICV     FROM  ELEM      1463  ITEM=ETAB CSFRIC    VALUE=  0.00000000    

 PARAMETER EIDV =     1464.000000    

 PARAMETER XV =     3.750000000    

 *GET  PV        FROM  ELEM      1464  ITEM=ETAB CPRES     VALUE=  14.3212495    

 *GET  PENV      FROM  ELEM      1464  ITEM=ETAB PENE      VALUE= 0.596718723E-02

 *GET  STATV     FROM  ELEM      1464  ITEM=ETAB CSTAT     VALUE=  2.00000000    

 *GET  FRICV     FROM  ELEM      1464  ITEM=ETAB CSFRIC    VALUE=  0.00000000    

 PARAMETER EIDV =     1465.000000    

 PARAMETER XV =     3.916666667    

 *GET  PV        FROM  ELEM      1465  ITEM=ETAB CPRES     VALUE=  14.3198290    

 *GET  PENV      FROM  ELEM      1465  ITEM=ETAB PENE      VALUE= 0.596659514E-02

 *GET  STATV     FROM  ELEM      1465  ITEM=ETAB CSTAT     VALUE=  2.00000000    

 *GET  FRICV     FROM  ELEM      1465  ITEM=ETAB CSFRIC    VALUE=  0.00000000    

 PARAMETER EIDV =     1466.000000    

 PARAMETER XV =     4.083333333    

 *GET  PV        FROM  ELEM      1466  ITEM=ETAB CPRES     VALUE=  14.3183370    

 *GET  PENV      FROM  ELEM      1466  ITEM=ETAB PENE      VALUE= 0.596597348E-02

 *GET  STATV     FROM  ELEM      1466  ITEM=ETAB CSTAT     VALUE=  2.00000000    

 *GET  FRICV     FROM  ELEM      1466  ITEM=ETAB CSFRIC    VALUE=  0.00000000    

 PARAMETER EIDV =     1467.000000    

 PARAMETER XV =     4.250000000    

 *GET  PV        FROM  ELEM      1467  ITEM=ETAB CPRES     VALUE=  14.3167768    

 *GET  PENV      FROM  ELEM      1467  ITEM=ETAB PENE      VALUE= 0.596532342E-02

 *GET  STATV     FROM  ELEM      1467  ITEM=ETAB CSTAT     VALUE=  2.00000000    

 *GET  FRICV     FROM  ELEM      1467  ITEM=ETAB CSFRIC    VALUE=  0.00000000    

 PARAMETER EIDV =     1468.000000    

 PARAMETER XV =     4.416666667    

 *GET  PV        FROM  ELEM      1468  ITEM=ETAB CPRES     VALUE=  14.3151522    

 *GET  PENV      FROM  ELEM      1468  ITEM=ETAB PENE      VALUE= 0.596464681E-02

 *GET  STATV     FROM  ELEM      1468  ITEM=ETAB CSTAT     VALUE=  2.00000000    

 *GET  FRICV     FROM  ELEM      1468  ITEM=ETAB CSFRIC    VALUE=  0.00000000    

 PARAMETER EIDV =     1469.000000    

 PARAMETER XV =     4.583333333    

 *GET  PV        FROM  ELEM      1469  ITEM=ETAB CPRES     VALUE=  14.3134723    

 *GET  PENV      FROM  ELEM      1469  ITEM=ETAB PENE      VALUE= 0.596394669E-02

 *GET  STATV     FROM  ELEM      1469  ITEM=ETAB CSTAT     VALUE=  2.00000000    

 *GET  FRICV     FROM  ELEM      1469  ITEM=ETAB CSFRIC    VALUE=  0.00000000    

 PARAMETER EIDV =     1470.000000    

 PARAMETER XV =     4.750000000    

 *GET  PV        FROM  ELEM      1470  ITEM=ETAB CPRES     VALUE=  14.3117471    

 *GET  PENV      FROM  ELEM      1470  ITEM=ETAB PENE      VALUE= 0.596322794E-02

 *GET  STATV     FROM  ELEM      1470  ITEM=ETAB CSTAT     VALUE=  2.00000000    

 *GET  FRICV     FROM  ELEM      1470  ITEM=ETAB CSFRIC    VALUE=  0.00000000    

 PARAMETER EIDV =     1471.000000    

 PARAMETER XV =     4.916666667    

 *GET  PV        FROM  ELEM      1471  ITEM=ETAB CPRES     VALUE=  14.3099928    

 *GET  PENV      FROM  ELEM      1471  ITEM=ETAB PENE      VALUE= 0.596249686E-02

 *GET  STATV     FROM  ELEM      1471  ITEM=ETAB CSTAT     VALUE=  2.00000000    

 *GET  FRICV     FROM  ELEM      1471  ITEM=ETAB CSFRIC    VALUE=  0.00000000    

 PARAMETER EIDV =     1472.000000    

 PARAMETER XV =     5.083333333    

 *GET  PV        FROM  ELEM      1472  ITEM=ETAB CPRES     VALUE=  14.3082299    

 *GET  PENV      FROM  ELEM      1472  ITEM=ETAB PENE      VALUE= 0.596176228E-02

 *GET  STATV     FROM  ELEM      1472  ITEM=ETAB CSTAT     VALUE=  2.00000000    

 *GET  FRICV     FROM  ELEM      1472  ITEM=ETAB CSFRIC    VALUE=  0.00000000    

 PARAMETER EIDV =     1473.000000    

 PARAMETER XV =     5.250000000    

 *GET  PV        FROM  ELEM      1473  ITEM=ETAB CPRES     VALUE=  14.3064837    

 *GET  PENV      FROM  ELEM      1473  ITEM=ETAB PENE      VALUE= 0.596103491E-02

 *GET  STATV     FROM  ELEM      1473  ITEM=ETAB CSTAT     VALUE=  2.00000000    

 *GET  FRICV     FROM  ELEM      1473  ITEM=ETAB CSFRIC    VALUE=  0.00000000    

 PARAMETER EIDV =     1474.000000    

 PARAMETER XV =     5.416666667    

 *GET  PV        FROM  ELEM      1474  ITEM=ETAB CPRES     VALUE=  14.3047891    

 *GET  PENV      FROM  ELEM      1474  ITEM=ETAB PENE      VALUE= 0.596032874E-02

 *GET  STATV     FROM  ELEM      1474  ITEM=ETAB CSTAT     VALUE=  2.00000000    

 *GET  FRICV     FROM  ELEM      1474  ITEM=ETAB CSFRIC    VALUE=  0.00000000    

 PARAMETER EIDV =     1475.000000    

 PARAMETER XV =     5.583333333    

 *GET  PV        FROM  ELEM      1475  ITEM=ETAB CPRES     VALUE=  14.3031864    

 *GET  PENV      FROM  ELEM      1475  ITEM=ETAB PENE      VALUE= 0.595966075E-02

 *GET  STATV     FROM  ELEM      1475  ITEM=ETAB CSTAT     VALUE=  2.00000000    

 *GET  FRICV     FROM  ELEM      1475  ITEM=ETAB CSFRIC    VALUE=  0.00000000    

 PARAMETER EIDV =     1476.000000    

 PARAMETER XV =     5.750000000    

 *GET  PV        FROM  ELEM      1476  ITEM=ETAB CPRES     VALUE=  14.3017278    

 *GET  PENV      FROM  ELEM      1476  ITEM=ETAB PENE      VALUE= 0.595905283E-02

 *GET  STATV     FROM  ELEM      1476  ITEM=ETAB CSTAT     VALUE=  2.00000000    

 *GET  FRICV     FROM  ELEM      1476  ITEM=ETAB CSFRIC    VALUE=  0.00000000    

 PARAMETER EIDV =     1477.000000    

 PARAMETER XV =     5.916666667    

 *GET  PV        FROM  ELEM      1477  ITEM=ETAB CPRES     VALUE=  14.3004761    

 *GET  PENV      FROM  ELEM      1477  ITEM=ETAB PENE      VALUE= 0.595853152E-02

 *GET  STATV     FROM  ELEM      1477  ITEM=ETAB CSTAT     VALUE=  2.00000000    

 *GET  FRICV     FROM  ELEM      1477  ITEM=ETAB CSFRIC    VALUE=  0.00000000    

 PARAMETER EIDV =     1478.000000    

 PARAMETER XV =     6.083333333    

 *GET  PV        FROM  ELEM      1478  ITEM=ETAB CPRES     VALUE=  14.2995105    

 *GET  PENV      FROM  ELEM      1478  ITEM=ETAB PENE      VALUE= 0.595812919E-02

 *GET  STATV     FROM  ELEM      1478  ITEM=ETAB CSTAT     VALUE=  2.00000000    

 *GET  FRICV     FROM  ELEM      1478  ITEM=ETAB CSFRIC    VALUE=  0.00000000    

 PARAMETER EIDV =     1479.000000    

 PARAMETER XV =     6.250000000    

 *GET  PV        FROM  ELEM      1479  ITEM=ETAB CPRES     VALUE=  14.2989268    

 *GET  PENV      FROM  ELEM      1479  ITEM=ETAB PENE      VALUE= 0.595788634E-02

 *GET  STATV     FROM  ELEM      1479  ITEM=ETAB CSTAT     VALUE=  2.00000000    

 *GET  FRICV     FROM  ELEM      1479  ITEM=ETAB CSFRIC    VALUE=  0.00000000    

 PARAMETER EIDV =     1480.000000    

 PARAMETER XV =     6.416666667    

 *GET  PV        FROM  ELEM      1480  ITEM=ETAB CPRES     VALUE=  14.2988458    

 *GET  PENV      FROM  ELEM      1480  ITEM=ETAB PENE      VALUE= 0.595785212E-02

 *GET  STATV     FROM  ELEM      1480  ITEM=ETAB CSTAT     VALUE=  2.00000000    

 *GET  FRICV     FROM  ELEM      1480  ITEM=ETAB CSFRIC    VALUE=  0.00000000    

 PARAMETER EIDV =     1481.000000    

 PARAMETER XV =     6.583333333    

 *GET  PV        FROM  ELEM      1481  ITEM=ETAB CPRES     VALUE=  14.2994132    

 *GET  PENV      FROM  ELEM      1481  ITEM=ETAB PENE      VALUE= 0.595808867E-02

 *GET  STATV     FROM  ELEM      1481  ITEM=ETAB CSTAT     VALUE=  2.00000000    

 *GET  FRICV     FROM  ELEM      1481  ITEM=ETAB CSFRIC    VALUE=  0.00000000    

 PARAMETER EIDV =     1482.000000    

 PARAMETER XV =     6.750000000    

 *GET  PV        FROM  ELEM      1482  ITEM=ETAB CPRES     VALUE=  14.3008142    

 *GET  PENV      FROM  ELEM      1482  ITEM=ETAB PENE      VALUE= 0.595867238E-02

 *GET  STATV     FROM  ELEM      1482  ITEM=ETAB CSTAT     VALUE=  2.00000000    

 *GET  FRICV     FROM  ELEM      1482  ITEM=ETAB CSFRIC    VALUE=  0.00000000    

 PARAMETER EIDV =     1483.000000    

 PARAMETER XV =     6.916666667    

 *GET  PV        FROM  ELEM      1483  ITEM=ETAB CPRES     VALUE=  14.3032775    

 *GET  PENV      FROM  ELEM      1483  ITEM=ETAB PENE      VALUE= 0.595969893E-02

 *GET  STATV     FROM  ELEM      1483  ITEM=ETAB CSTAT     VALUE=  2.00000000    

 *GET  FRICV     FROM  ELEM      1483  ITEM=ETAB CSFRIC    VALUE=  0.00000000    

 PARAMETER EIDV =     1484.000000    

 PARAMETER XV =     7.083333333    

 *GET  PV        FROM  ELEM      1484  ITEM=ETAB CPRES     VALUE=  14.3070955    

 *GET  PENV      FROM  ELEM      1484  ITEM=ETAB PENE      VALUE= 0.596128963E-02

 *GET  STATV     FROM  ELEM      1484  ITEM=ETAB CSTAT     VALUE=  2.00000000    

 *GET  FRICV     FROM  ELEM      1484  ITEM=ETAB CSFRIC    VALUE=  0.00000000    

 PARAMETER EIDV =     1485.000000    

 PARAMETER XV =     7.250000000    

 *GET  PV        FROM  ELEM      1485  ITEM=ETAB CPRES     VALUE=  14.3126402    

 *GET  PENV      FROM  ELEM      1485  ITEM=ETAB PENE      VALUE= 0.596360001E-02

 *GET  STATV     FROM  ELEM      1485  ITEM=ETAB CSTAT     VALUE=  2.00000000    

 *GET  FRICV     FROM  ELEM      1485  ITEM=ETAB CSFRIC    VALUE=  0.00000000    

 PARAMETER EIDV =     1486.000000    

 PARAMETER XV =     7.416666667    

 *GET  PV        FROM  ELEM      1486  ITEM=ETAB CPRES     VALUE=  14.3203926    

 *GET  PENV      FROM  ELEM      1486  ITEM=ETAB PENE      VALUE= 0.596683007E-02

 *GET  STATV     FROM  ELEM      1486  ITEM=ETAB CSTAT     VALUE=  2.00000000    

 *GET  FRICV     FROM  ELEM      1486  ITEM=ETAB CSFRIC    VALUE=  0.00000000    

 PARAMETER EIDV =     1487.000000    

 PARAMETER XV =     7.583333333    

 *GET  PV        FROM  ELEM      1487  ITEM=ETAB CPRES     VALUE=  14.3309855    

 *GET  PENV      FROM  ELEM      1487  ITEM=ETAB PENE      VALUE= 0.597124384E-02

 *GET  STATV     FROM  ELEM      1487  ITEM=ETAB CSTAT     VALUE=  2.00000000    

 *GET  FRICV     FROM  ELEM      1487  ITEM=ETAB CSFRIC    VALUE=  0.00000000    

 PARAMETER EIDV =     1488.000000    

 PARAMETER XV =     7.750000000    

 *GET  PV        FROM  ELEM      1488  ITEM=ETAB CPRES     VALUE=  14.3452616    

 *GET  PENV      FROM  ELEM      1488  ITEM=ETAB PENE      VALUE= 0.597719243E-02

 *GET  STATV     FROM  ELEM      1488  ITEM=ETAB CSTAT     VALUE=  2.00000000    

 *GET  FRICV     FROM  ELEM      1488  ITEM=ETAB CSFRIC    VALUE=  0.00000000    

 PARAMETER EIDV =     1489.000000    

 PARAMETER XV =     7.916666667    

 *GET  PV        FROM  ELEM      1489  ITEM=ETAB CPRES     VALUE=  14.3643661    

 *GET  PENV      FROM  ELEM      1489  ITEM=ETAB PENE      VALUE= 0.598515267E-02

 *GET  STATV     FROM  ELEM      1489  ITEM=ETAB CSTAT     VALUE=  2.00000000    

 *GET  FRICV     FROM  ELEM      1489  ITEM=ETAB CSFRIC    VALUE=  0.00000000    

 PARAMETER EIDV =     1490.000000    

 PARAMETER XV =     8.083333333    

 *GET  PV        FROM  ELEM      1490  ITEM=ETAB CPRES     VALUE=  14.3898940    

 *GET  PENV      FROM  ELEM      1490  ITEM=ETAB PENE      VALUE= 0.599578908E-02

 *GET  STATV     FROM  ELEM      1490  ITEM=ETAB CSTAT     VALUE=  2.00000000    

 *GET  FRICV     FROM  ELEM      1490  ITEM=ETAB CSFRIC    VALUE=  0.00000000    

 PARAMETER EIDV =     1491.000000    

 PARAMETER XV =     8.250000000    

 *GET  PV        FROM  ELEM      1491  ITEM=ETAB CPRES     VALUE=  14.4240937    

 *GET  PENV      FROM  ELEM      1491  ITEM=ETAB PENE      VALUE= 0.601003901E-02

 *GET  STATV     FROM  ELEM      1491  ITEM=ETAB CSTAT     VALUE=  2.00000000    

 *GET  FRICV     FROM  ELEM      1491  ITEM=ETAB CSFRIC    VALUE=  0.00000000    

 PARAMETER EIDV =     1492.000000    

 PARAMETER XV =     8.416666667    

 *GET  PV        FROM  ELEM      1492  ITEM=ETAB CPRES     VALUE=  14.4703021    

 *GET  PENV      FROM  ELEM      1492  ITEM=ETAB PENE      VALUE= 0.602929248E-02

 *GET  STATV     FROM  ELEM      1492  ITEM=ETAB CSTAT     VALUE=  2.00000000    

 *GET  FRICV     FROM  ELEM      1492  ITEM=ETAB CSFRIC    VALUE=  0.00000000    

 PARAMETER EIDV =     1493.000000    

 PARAMETER XV =     8.583333333    

 *GET  PV        FROM  ELEM      1493  ITEM=ETAB CPRES     VALUE=  14.5334024    

 *GET  PENV      FROM  ELEM      1493  ITEM=ETAB PENE      VALUE= 0.605558441E-02

 *GET  STATV     FROM  ELEM      1493  ITEM=ETAB CSTAT     VALUE=  2.00000000    

 *GET  FRICV     FROM  ELEM      1493  ITEM=ETAB CSFRIC    VALUE=  0.00000000    

 PARAMETER EIDV =     1494.000000    

 PARAMETER XV =     8.750000000    

 *GET  PV        FROM  ELEM      1494  ITEM=ETAB CPRES     VALUE=  14.6214871    

 *GET  PENV      FROM  ELEM      1494  ITEM=ETAB PENE      VALUE= 0.609228644E-02

 *GET  STATV     FROM  ELEM      1494  ITEM=ETAB CSTAT     VALUE=  2.00000000    

 *GET  FRICV     FROM  ELEM      1494  ITEM=ETAB CSFRIC    VALUE=  0.00000000    

 PARAMETER EIDV =     1495.000000    

 PARAMETER XV =     8.916666667    

 *GET  PV        FROM  ELEM      1495  ITEM=ETAB CPRES     VALUE=  14.7465067    

 *GET  PENV      FROM  ELEM      1495  ITEM=ETAB PENE      VALUE= 0.614437787E-02

 *GET  STATV     FROM  ELEM      1495  ITEM=ETAB CSTAT     VALUE=  2.00000000    

 *GET  FRICV     FROM  ELEM      1495  ITEM=ETAB CSFRIC    VALUE=  0.00000000    

 PARAMETER EIDV =     1496.000000    

 PARAMETER XV =     9.083333333    

 *GET  PV        FROM  ELEM      1496  ITEM=ETAB CPRES     VALUE=  14.9332981    

 *GET  PENV      FROM  ELEM      1496  ITEM=ETAB PENE      VALUE= 0.622220733E-02

 *GET  STATV     FROM  ELEM      1496  ITEM=ETAB CSTAT     VALUE=  2.00000000    

 *GET  FRICV     FROM  ELEM      1496  ITEM=ETAB CSFRIC    VALUE=  0.00000000    

 PARAMETER EIDV =     1497.000000    

 PARAMETER XV =     9.250000000    

 *GET  PV        FROM  ELEM      1497  ITEM=ETAB CPRES     VALUE=  15.2159214    

 *GET  PENV      FROM  ELEM      1497  ITEM=ETAB PENE      VALUE= 0.633996702E-02

 *GET  STATV     FROM  ELEM      1497  ITEM=ETAB CSTAT     VALUE=  2.00000000    

 *GET  FRICV     FROM  ELEM      1497  ITEM=ETAB CSFRIC    VALUE=  0.00000000    

 PARAMETER EIDV =     1498.000000    

 PARAMETER XV =     9.416666667    

 *GET  PV        FROM  ELEM      1498  ITEM=ETAB CPRES     VALUE=  15.7075624    

 *GET  PENV      FROM  ELEM      1498  ITEM=ETAB PENE      VALUE= 0.654481747E-02

 *GET  STATV     FROM  ELEM      1498  ITEM=ETAB CSTAT     VALUE=  2.00000000    

 *GET  FRICV     FROM  ELEM      1498  ITEM=ETAB CSFRIC    VALUE=  0.00000000    

 PARAMETER EIDV =     1499.000000    

 PARAMETER XV =     9.583333333    

 *GET  PV        FROM  ELEM      1499  ITEM=ETAB CPRES     VALUE=  16.5435047    

 *GET  PENV      FROM  ELEM      1499  ITEM=ETAB PENE      VALUE= 0.689312653E-02

 *GET  STATV     FROM  ELEM      1499  ITEM=ETAB CSTAT     VALUE=  2.00000000    

 *GET  FRICV     FROM  ELEM      1499  ITEM=ETAB CSFRIC    VALUE=  0.00000000    

 PARAMETER EIDV =     1500.000000    

 PARAMETER XV =     9.750000000    

 *GET  PV        FROM  ELEM      1500  ITEM=ETAB CPRES     VALUE=  19.0845833    

 *GET  PENV      FROM  ELEM      1500  ITEM=ETAB PENE      VALUE= 0.795190921E-02

 *GET  STATV     FROM  ELEM      1500  ITEM=ETAB CSTAT     VALUE=  2.00000000    

 *GET  FRICV     FROM  ELEM      1500  ITEM=ETAB CSFRIC    VALUE=  0.00000000    

 PARAMETER EIDV =     1501.000000    

 PARAMETER XV =     9.916666667    

 *GET  PV        FROM  ELEM      1501  ITEM=ETAB CPRES     VALUE=  0.00000000    

 *GET  PENV      FROM  ELEM      1501  ITEM=ETAB PENE      VALUE=  0.00000000    

 *GET  STATV     FROM  ELEM      1501  ITEM=ETAB CSTAT     VALUE=  1.00000000    

 *GET  FRICV     FROM  ELEM      1501  ITEM=ETAB CSFRIC    VALUE=  0.00000000    

  COMMAND FILE CLOSED 


 OPENED FILE= reaction.csv FOR COMMAND FILE DATA 


 PARAMETER RFY =     0.000000000    

 *GET  RV        FROM  NODE         1  ITEM=RF   FY    VALUE=  1.18448688     

 PARAMETER RFY =     1.184486876    

 *GET  RV        FROM  NODE         2  ITEM=RF   FY    VALUE=  2.42973615     

 PARAMETER RFY =     3.614223029    

 *GET  RV        FROM  NODE         3  ITEM=RF   FY    VALUE=  2.43280651     

 PARAMETER RFY =     6.047029534    

 *GET  RV        FROM  NODE         4  ITEM=RF   FY    VALUE=  2.43085715     

 PARAMETER RFY =     8.477886680    

 *GET  RV        FROM  NODE         5  ITEM=RF   FY    VALUE=  2.43112210     

 PARAMETER RFY =     10.90900878    

 *GET  RV        FROM  NODE         6  ITEM=RF   FY    VALUE=  2.43087261     

 PARAMETER RFY =     13.33988139    

 *GET  RV        FROM  NODE         7  ITEM=RF   FY    VALUE=  2.43081293     

 PARAMETER RFY =     15.77069432    

 *GET  RV        FROM  NODE         8  ITEM=RF   FY    VALUE=  2.43074112     

 PARAMETER RFY =     18.20143544    

 *GET  RV        FROM  NODE         9  ITEM=RF   FY    VALUE=  2.43071014     

 PARAMETER RFY =     20.63214558    

 *GET  RV        FROM  NODE        10  ITEM=RF   FY    VALUE=  2.43070086     

 PARAMETER RFY =     23.06284645    

 *GET  RV        FROM  NODE        11  ITEM=RF   FY    VALUE=  2.43071681     

 PARAMETER RFY =     25.49356326    

 *GET  RV        FROM  NODE        12  ITEM=RF   FY    VALUE=  2.43075503     

 PARAMETER RFY =     27.92431828    

 *GET  RV        FROM  NODE        13  ITEM=RF   FY    VALUE=  2.43081510     

 PARAMETER RFY =     30.35513338    

 *GET  RV        FROM  NODE        14  ITEM=RF   FY    VALUE=  2.43089613     

 PARAMETER RFY =     32.78602951    

 *GET  RV        FROM  NODE        15  ITEM=RF   FY    VALUE=  2.43099761     

 PARAMETER RFY =     35.21702712    

 *GET  RV        FROM  NODE        16  ITEM=RF   FY    VALUE=  2.43111906     

 PARAMETER RFY =     37.64814617    

 *GET  RV        FROM  NODE        17  ITEM=RF   FY    VALUE=  2.43126006     

 PARAMETER RFY =     40.07940623    

 *GET  RV        FROM  NODE        18  ITEM=RF   FY    VALUE=  2.43142015     

 PARAMETER RFY =     42.51082638    

 *GET  RV        FROM  NODE        19  ITEM=RF   FY    VALUE=  2.43159876     

 PARAMETER RFY =     44.94242514    

 *GET  RV        FROM  NODE        20  ITEM=RF   FY    VALUE=  2.43179513     

 PARAMETER RFY =     47.37422027    

 *GET  RV        FROM  NODE        21  ITEM=RF   FY    VALUE=  2.43200823     

 PARAMETER RFY =     49.80622850    

 *GET  RV        FROM  NODE        22  ITEM=RF   FY    VALUE=  2.43223669     

 PARAMETER RFY =     52.23846519    

 *GET  RV        FROM  NODE        23  ITEM=RF   FY    VALUE=  2.43247861     

 PARAMETER RFY =     54.67094380    

 *GET  RV        FROM  NODE        24  ITEM=RF   FY    VALUE=  2.43273154     

 PARAMETER RFY =     57.10367534    

 *GET  RV        FROM  NODE        25  ITEM=RF   FY    VALUE=  2.43299223     

 PARAMETER RFY =     59.53666757    

 *GET  RV        FROM  NODE        26  ITEM=RF   FY    VALUE=  2.43325656     

 PARAMETER RFY =     61.96992413    

 *GET  RV        FROM  NODE        27  ITEM=RF   FY    VALUE=  2.43351928     

 PARAMETER RFY =     64.40344342    

 *GET  RV        FROM  NODE        28  ITEM=RF   FY    VALUE=  2.43377385     

 PARAMETER RFY =     66.83721726    

 *GET  RV        FROM  NODE        29  ITEM=RF   FY    VALUE=  2.43401214     

 PARAMETER RFY =     69.27122940    

 *GET  RV        FROM  NODE        30  ITEM=RF   FY    VALUE=  2.43422424     

 PARAMETER RFY =     71.70545364    

 *GET  RV        FROM  NODE        31  ITEM=RF   FY    VALUE=  2.43439813     

 PARAMETER RFY =     74.13985177    

 *GET  RV        FROM  NODE        32  ITEM=RF   FY    VALUE=  2.43451934     

 PARAMETER RFY =     76.57437111    

 *GET  RV        FROM  NODE        33  ITEM=RF   FY    VALUE=  2.43457071     

 PARAMETER RFY =     79.00894182    

 *GET  RV        FROM  NODE        34  ITEM=RF   FY    VALUE=  2.43453197     

 PARAMETER RFY =     81.44347379    

 *GET  RV        FROM  NODE        35  ITEM=RF   FY    VALUE=  2.43437948     

 PARAMETER RFY =     83.87785326    

 *GET  RV        FROM  NODE        36  ITEM=RF   FY    VALUE=  2.43408593     

 PARAMETER RFY =     86.31193920    

 *GET  RV        FROM  NODE        37  ITEM=RF   FY    VALUE=  2.43362016     

 PARAMETER RFY =     88.74555935    

 *GET  RV        FROM  NODE        38  ITEM=RF   FY    VALUE=  2.43294701     

 PARAMETER RFY =     91.17850636    

 *GET  RV        FROM  NODE        39  ITEM=RF   FY    VALUE=  2.43202742     

 PARAMETER RFY =     93.61053378    

 *GET  RV        FROM  NODE        40  ITEM=RF   FY    VALUE=  2.43081874     

 PARAMETER RFY =     96.04135252    

 *GET  RV        FROM  NODE        41  ITEM=RF   FY    VALUE=  2.42927529     

 PARAMETER RFY =     98.47062781    

 *GET  RV        FROM  NODE        42  ITEM=RF   FY    VALUE=  2.42734939     

 PARAMETER RFY =     100.8979772    

 *GET  RV        FROM  NODE        43  ITEM=RF   FY    VALUE=  2.42499283     

 PARAMETER RFY =     103.3229700    

 *GET  RV        FROM  NODE        44  ITEM=RF   FY    VALUE=  2.42215892     

 PARAMETER RFY =     105.7451290    

 *GET  RV        FROM  NODE        45  ITEM=RF   FY    VALUE=  2.41880517     

 PARAMETER RFY =     108.1639341    

 *GET  RV        FROM  NODE        46  ITEM=RF   FY    VALUE=  2.41489661     

 PARAMETER RFY =     110.5788307    

 *GET  RV        FROM  NODE        47  ITEM=RF   FY    VALUE=  2.41040975     

 PARAMETER RFY =     112.9892405    

 *GET  RV        FROM  NODE        48  ITEM=RF   FY    VALUE=  2.40533706     

 PARAMETER RFY =     115.3945775    

 *GET  RV        FROM  NODE        49  ITEM=RF   FY    VALUE=  2.39969171     

 PARAMETER RFY =     117.7942692    

 *GET  RV        FROM  NODE        50  ITEM=RF   FY    VALUE=  2.39351224     

 PARAMETER RFY =     120.1877815    

 *GET  RV        FROM  NODE        51  ITEM=RF   FY    VALUE=  2.38686671     

 PARAMETER RFY =     122.5746482    

 *GET  RV        FROM  NODE        52  ITEM=RF   FY    VALUE=  2.37985582     

 PARAMETER RFY =     124.9545040    

 *GET  RV        FROM  NODE        53  ITEM=RF   FY    VALUE=  2.37261414     

 PARAMETER RFY =     127.3271182    

 *GET  RV        FROM  NODE        54  ITEM=RF   FY    VALUE=  2.36530923     

 PARAMETER RFY =     129.6924274    

 *GET  RV        FROM  NODE        55  ITEM=RF   FY    VALUE=  2.35813776     

 PARAMETER RFY =     132.0505651    

 *GET  RV        FROM  NODE        56  ITEM=RF   FY    VALUE=  2.35131871     

 PARAMETER RFY =     134.4018839    

 *GET  RV        FROM  NODE        57  ITEM=RF   FY    VALUE=  2.34508350     

 PARAMETER RFY =     136.7469674    

 *GET  RV        FROM  NODE        58  ITEM=RF   FY    VALUE=  2.33966365     

 PARAMETER RFY =     139.0866310    

 *GET  RV        FROM  NODE        59  ITEM=RF   FY    VALUE=  2.33527679     

 PARAMETER RFY =     141.4219078    

 *GET  RV        FROM  NODE        60  ITEM=RF   FY    VALUE=  2.33211221     

 PARAMETER RFY =     143.7540200    

 *GET  RV        FROM  NODE        61  ITEM=RF   FY    VALUE=  1.16536444     

 PARAMETER RFY =     144.9193844    

  COMMAND FILE CLOSED 


 EXIT THE MAPDL POST1 DATABASE PROCESSOR


 ***** ROUTINE COMPLETED *****  ELAPSED TIME =        12.411



 EXIT MAPDL WITHOUT SAVING DATABASE


 NUMBER OF WARNING MESSAGES ENCOUNTERED=          2
 NUMBER OF ERROR   MESSAGES ENCOUNTERED=          0

+--------------------- M A P D L   S T A T I S T I C S ------------------------+

Release: 2026 R1            Build: 26.1       Update: UP20260202   Platform: WINDOWS x64 
Date Run: 09/14/2026   Time: 21:07     Process ID: 31560
Operating System: Windows 11  (Build: 26200)

Processor Model: AMD Ryzen 7 7435HS

Compiler: Intel(R) Fortran Compiler Classic Version 2021.9  (Build: 20230302)
          Intel(R) C/C++ Compiler Classic Version 2021.9  (Build: 20230302)
          AOCL-BLAS 5.1.1 Build 20251008
          Intel(R) oneAPI Math Kernel Library Version 2024.2.3-Product Build 20250403

Number of machines requested            :    1
Total number of cores available         :   16
Number of physical cores available      :    8
Number of processes requested           :    1
Number of threads per process requested :    1
Total number of cores requested         :    1 (Shared Memory Parallel)                    

GPU Acceleration: Not Requested

Job Name: stage10_contact
Input File: C:\Users\asus\AppData\Local\Temp\FDM_stage10_contact_mesh_extra_fine_ijrojalb\input.dat
Working Directory: C:\Users\asus\AppData\Local\Temp\FDM_stage10_contact_mesh_extra_fine_ijrojalb

Total CPU time for main thread                    :        6.9 seconds
Total CPU time summed for all threads             :        6.8 seconds

Elapsed time spent obtaining a license            :        1.3 seconds
Elapsed time spent pre-processing model (/PREP7)  :        0.2 seconds
Elapsed time spent solution - preprocessing       :        0.1 seconds
Elapsed time spent computing solution             :        6.1 seconds
   Elapsed time in element formation & assembly   :        2.9 seconds
   Elapsed time in equation solver                :        0.2 seconds
   Elapsed time in element result calculations    :        1.1 seconds
Elapsed time spent solution - postprocessing      :        0.0 seconds
Elapsed time spent post-processing model (/POST1) :        0.1 seconds
 
Equation solver used                              :            Sparse (symmetric)

Sum of disk space used on all processes           :        9.5 MB

Sum of memory used on all processes               :       68.0 MB
Sum of memory allocated on all processes          :     2304.0 MB
Physical memory available                         :         16 GB
Total amount of I/O written to disk               :        0.1 GB
Total amount of I/O read from disk                :        0.2 GB

+------------------ E N D   M A P D L   S T A T I S T I C S -------------------+


 *-----------------------------------------------------------------------------*
 |                                                                             |
 |                               RUN COMPLETED                                 |
 |                                                                             |
 |-----------------------------------------------------------------------------|
 |                                                                             |
 |  Ansys MAPDL 2026 R1         Build 26.1         UP20260202    WINDOWS x64   |
 |                                                                             |
 |-----------------------------------------------------------------------------|
 |                                                                             |
 |  Database Requested(-db)     1024 MB     Scratch Memory Requested   1024 MB |
 |  Max Database Used(Master)     20 MB     Max Scratch Used(Master)     48 MB |
 |  Max Database Used(Workers)     0 MB     Max Scratch Used(Workers)     0 MB |
 |  Sum Database Used(All)        20 MB     Sum Scratch Used(All)        48 MB |
 |                                                                             |
 |-----------------------------------------------------------------------------|
 |                                                                             |
 |        CP Time      (sec) =          6.781       Time  =  21:07:09          |
 |        Elapsed Time (sec) =         22.658       Date  =  09/14/2026        |
 |                                                                             |
 *-----------------------------------------------------------------------------*
