
 Ansys Mechanical Enterprise Academic Student      


 *------------------------------------------------------------------*
 |                                                                  |
 |   W E L C O M E   T O   T H E   A N S Y S (R)  P R O G R A M     |
 |                                                                  |
 *------------------------------------------------------------------*




 ***************************************************************
 *         ANSYS MAPDL 2026 R1          LEGAL NOTICES          *
 ***************************************************************
 *                                                             *
 * Copyright (c) 2026 Synopsys, Inc. and ANSYS, Inc.           *
 * All rights reserved.                                        *
 * Unauthorized use, distribution or duplication is            *
 * prohibited.                                                 *
 *                                                             *
 * Ansys is a registered trademark of Ansys, Inc. or its       *
 * subsidiaries in the United States or other countries.       *
 * See the Ansys, Inc. online documentation or the Ansys, Inc. *
 * documentation CD or online help for the complete Legal      *
 * Notice.                                                     *
 *                                                             *
 ***************************************************************
 *                                                             *
 * THIS ANSYS SOFTWARE PRODUCT AND PROGRAM DOCUMENTATION       *
 * INCLUDE TRADE SECRETS AND CONFIDENTIAL AND PROPRIETARY      *
 * PRODUCTS OF ANSYS, INC., ITS SUBSIDIARIES, OR LICENSORS.    *
 * The software products and documentation are furnished by    *
 * Ansys, Inc. or its subsidiaries under a software license    *
 * agreement that contains provisions concerning               *
 * non-disclosure, copying, length and nature of use,          *
 * compliance with exporting laws, warranties, disclaimers,    *
 * limitations of liability, and remedies, and other           *
 * provisions.  The software products and documentation may be *
 * used, disclosed, transferred, or copied only in accordance  *
 * with the terms and conditions of that software license      *
 * agreement.                                                  *
 *                                                             *
 * Ansys, Inc. is a UL registered                              *
 * ISO 9001:2015 company.                                      *
 *                                                             *
 ***************************************************************
 *                                                             *
 * This product is subject to U.S. laws governing export and   *
 * re-export.                                                  *
 *                                                             *
 * For U.S. Government users, except as specifically granted   *
 * by the Ansys, Inc. software license agreement, the use,     *
 * duplication, or disclosure by the United States Government  *
 * is subject to restrictions stated in the Ansys, Inc.        *
 * software license agreement and FAR 12.212 (for non-DOD      *
 * licenses).                                                  *
 *                                                             *
 ***************************************************************

 2026 R1 
     
 Point Releases and Patches installed:   
     
 Ansys, Inc. License Manager 2026 R1 
 Discovery (full install) 2026 R1
 Core WB Files 2026 R1   
 optiSLang Core UI 2026 R1   
 CFX (includes CFD-Post) 2026 R1 
 Chemkin 2026 R1 
 EnSight 2026 R1 
 FENSAP-ICE 2026 R1  
 Fluent (includes CFD-Post) 2026 R1  
 Polyflow (includes CFD-Post) 2026 R1
 Forte (includes EnSight) 2026 R1
 Rocky 2026 R1   
 TurboGrid 2026 R1   
 ACIS Geometry Interface 2026 R1 
 AutoCAD Geometry Interface 2026 R1  
 Catia, Version 4 Geometry Interface 2026 R1 
 Catia, Version 5 Geometry Interface 2026 R1 
 Catia, Version 6 Geometry Interface 2026 R1 
 Creo Elements/Direct Modeling Geometry Interface 2026 R1
 Creo Parametric Geometry Interface 2026 R1  
 Inventor Geometry Interface 2026 R1 
 JTOpen Geometry Interface 2026 R1   
 NX Geometry Interface 2026 R1   
 Parasolid Geometry Interface  2026 R1   
 Solid Edge Geometry Interface 2026 R1   
 SOLIDWORKS Geometry Interface 2026 R1   
 Speos 2026 R1   
 SpaceClaim 2026 R1  
 Speos RPC 2026 R1   
 Zemax OpticStudio 2026 R1   
 Dynamic Reporting 2026 R1   
 Aqwa 2026 R1
 Autodyn 2026 R1 
 Material Calibration App 2026 R1
 Mechanical Products 2026 R1 
 Motion 2026 R1  
 Academic Student 2026 R1


          *****  MAPDL COMMAND LINE ARGUMENTS  *****
  INITIAL JOBNAME              = stage10                                                                                                                                                                                                                                                 
  BATCH MODE REQUESTED (-b)    = LIST
  INPUT FILE COPY MODE (-c)    = COPY
       1 PARALLEL PROCESSES REQUESTED WITH SINGLE THREAD PER PROCESS
    TOTAL OF     1 CORES REQUESTED
  INPUT FILE NAME              = C:\Users\asus\AppData\Local\Temp\FDM_stage10_structural_mesh_medium_6fb8iv3m\input.dat
  OUTPUT FILE NAME             = C:\Users\asus\AppData\Local\Temp\FDM_stage10_structural_mesh_medium_6fb8iv3m\mapdl.out

 RELEASE= 2026 R1              BUILD= 26.1      UP20260202   VERSION=WINDOWS x64 
 CURRENT JOBNAME=stage10  20:26:35  SEP 14, 2026  Elapsed Time=       0.125

     1  /BATCH  
     2  /FILNAME,stage10_structural 
     3  /TITLE,Stage 10 isothermal discretization verification  
     4  /PREP7  
     5  ET,1,182
     6  KEYOPT,1,3,3
     7  R,1,1   
     8  TYPE,1  
     9  REAL,1  
    10  MAT,1   
    11  MP,EX,1,1691.594
    12  MP,PRXY,1,0.35  
    13  TB,PRONY,1,,23,SHEAR
    14  TBDATA,1,0.003681734506033953,1.176e-14 
    15  TBDATA,3,0.001067632067742023,1.228e-14 
    16  TBDATA,5,0.00464000227004825,2.878e-14  
    17  TBDATA,7,0.007537860739633741,1.701e-12 
    18  TBDATA,9,0.01232979071810375,9.178e-12  
    19  TBDATA,11,0.01838739082782275,6.034e-11 
    20  TBDATA,13,0.02693672358733833,6.187e-09 
    21  TBDATA,15,0.03785541920815515,1.102e-07 
    22  TBDATA,17,0.05467269332948686,1.047e-06 
    23  TBDATA,19,0.0803478848943659,6.903e-06  
    24  TBDATA,21,0.06708938433217426,2.582e-05 
    25  TBDATA,23,0.07582552314562477,5.363e-05 
    26  TBDATA,25,0.1025482473926959,0.0001838  
    27  TBDATA,27,0.05521005631374904,0.0004386 
    28  TBDATA,29,0.0968341103125218,0.0007577  
    29  TBDATA,31,0.07939907566472806,0.001795  
    30  TBDATA,33,0.07050509755887051,0.002292  
    31  TBDATA,35,0.05946817025834805,0.006576  
    32  TBDATA,37,0.04760835046707425,0.00992   
    33  TBDATA,39,0.036429545150905,0.0329  
    34  TBDATA,41,0.02631127800169544,0.05374   
    35  TBDATA,43,0.01804747474866901,0.06586   
    36  TBDATA,45,0.01100145779661077,35.03 
    37  TB,PRONY,1,,23,BULK 
    38  TBDATA,1,0.003681734506033953,1.176e-14 
    39  TBDATA,3,0.001067632067742023,1.228e-14 
    40  TBDATA,5,0.00464000227004825,2.878e-14  
    41  TBDATA,7,0.007537860739633741,1.701e-12 
    42  TBDATA,9,0.01232979071810375,9.178e-12  
    43  TBDATA,11,0.01838739082782275,6.034e-11 
    44  TBDATA,13,0.02693672358733833,6.187e-09 
    45  TBDATA,15,0.03785541920815515,1.102e-07 
    46  TBDATA,17,0.05467269332948686,1.047e-06 
    47  TBDATA,19,0.0803478848943659,6.903e-06  
    48  TBDATA,21,0.06708938433217426,2.582e-05 
    49  TBDATA,23,0.07582552314562477,5.363e-05 
    50  TBDATA,25,0.1025482473926959,0.0001838  
    51  TBDATA,27,0.05521005631374904,0.0004386 
    52  TBDATA,29,0.0968341103125218,0.0007577  
    53  TBDATA,31,0.07939907566472806,0.001795  
    54  TBDATA,33,0.07050509755887051,0.002292  
    55  TBDATA,35,0.05946817025834805,0.006576  
    56  TBDATA,37,0.04760835046707425,0.00992   
    57  TBDATA,39,0.036429545150905,0.0329  
    58  TBDATA,41,0.02631127800169544,0.05374   
    59  TBDATA,43,0.01804747474866901,0.06586   
    60  TBDATA,45,0.01100145779661077,35.03 
    61  MP,EX,2,1691.594
    62  MP,PRXY,2,0.35  
    63  TB,PRONY,2,,23,SHEAR
    64  TBDATA,1,0.003681734506033953,1.176e-13 
    65  TBDATA,3,0.001067632067742023,1.228e-13 
    66  TBDATA,5,0.00464000227004825,2.878e-13  
    67  TBDATA,7,0.007537860739633741,1.701e-11 
    68  TBDATA,9,0.01232979071810375,9.177999999999999e-11  
    69  TBDATA,11,0.01838739082782275,6.034e-10 
    70  TBDATA,13,0.02693672358733833,6.187e-08 
    71  TBDATA,15,0.03785541920815515,1.102e-06 
    72  TBDATA,17,0.05467269332948686,1.047e-05 
    73  TBDATA,19,0.0803478848943659,6.902999999999999e-05  
    74  TBDATA,21,0.06708938433217426,0.0002582 
    75  TBDATA,23,0.07582552314562477,0.0005363 
    76  TBDATA,25,0.1025482473926959,0.001838   
    77  TBDATA,27,0.05521005631374904,0.004386  
    78  TBDATA,29,0.0968341103125218,0.007577   
    79  TBDATA,31,0.07939907566472806,0.01795   
    80  TBDATA,33,0.07050509755887051,0.02292   
    81  TBDATA,35,0.05946817025834805,0.06576   
    82  TBDATA,37,0.04760835046707425,0.0992
    83  TBDATA,39,0.036429545150905,0.329   
    84  TBDATA,41,0.02631127800169544,0.5374
    85  TBDATA,43,0.01804747474866901,0.6586000000000001
    86  TBDATA,45,0.01100145779661077,350.3 
    87  TB,PRONY,2,,23,BULK 
    88  TBDATA,1,0.003681734506033953,1.176e-13 
    89  TBDATA,3,0.001067632067742023,1.228e-13 
    90  TBDATA,5,0.00464000227004825,2.878e-13  
    91  TBDATA,7,0.007537860739633741,1.701e-11 
    92  TBDATA,9,0.01232979071810375,9.177999999999999e-11  
    93  TBDATA,11,0.01838739082782275,6.034e-10 
    94  TBDATA,13,0.02693672358733833,6.187e-08 
    95  TBDATA,15,0.03785541920815515,1.102e-06 
    96  TBDATA,17,0.05467269332948686,1.047e-05 
    97  TBDATA,19,0.0803478848943659,6.902999999999999e-05  
    98  TBDATA,21,0.06708938433217426,0.0002582 
    99  TBDATA,23,0.07582552314562477,0.0005363 
   100  TBDATA,25,0.1025482473926959,0.001838   
   101  TBDATA,27,0.05521005631374904,0.004386  
   102  TBDATA,29,0.0968341103125218,0.007577   
   103  TBDATA,31,0.07939907566472806,0.01795   
   104  TBDATA,33,0.07050509755887051,0.02292   
   105  TBDATA,35,0.05946817025834805,0.06576   
   106  TBDATA,37,0.04760835046707425,0.0992
   107  TBDATA,39,0.036429545150905,0.329   
   108  TBDATA,41,0.02631127800169544,0.5374
   109  TBDATA,43,0.01804747474866901,0.6586000000000001
   110  TBDATA,45,0.01100145779661077,350.3 
   111  N,1,0,0,0   
   112  N,2,2,0,0   
   113  N,3,4,0,0   
   114  N,4,6,0,0   
   115  N,5,8,0,0   
   116  N,6,10,0,0  
   117  N,7,12,0,0  
   118  N,8,14,0,0  
   119  N,9,16,0,0  
   120  N,10,18,0,0 
   121  N,11,20,0,0 
   122  N,12,22,0,0 
   123  N,13,24,0,0 
   124  N,14,26,0,0 
   125  N,15,28,0,0 
   126  N,16,30,0,0 
   127  N,17,32,0,0 
   128  N,18,34,0,0 
   129  N,19,36,0,0 
   130  N,20,38,0,0 
   131  N,21,40,0,0 
   132  N,22,42,0,0 
   133  N,23,44,0,0 
   134  N,24,46,0,0 
   135  N,25,48,0,0 
   136  N,26,50,0,0 
   137  N,27,52,0,0 
   138  N,28,54,0,0 
   139  N,29,56,0,0 
   140  N,30,58,0,0 
   141  N,31,60,0,0 
   142  N,32,0,1,0  
   143  N,33,2,1,0  
   144  N,34,4,1,0  
   145  N,35,6,1,0  
   146  N,36,8,1,0  
   147  N,37,10,1,0 
   148  N,38,12,1,0 
   149  N,39,14,1,0 
   150  N,40,16,1,0 
   151  N,41,18,1,0 
   152  N,42,20,1,0 
   153  N,43,22,1,0 
   154  N,44,24,1,0 
   155  N,45,26,1,0 
   156  N,46,28,1,0 
   157  N,47,30,1,0 
   158  N,48,32,1,0 
   159  N,49,34,1,0 
   160  N,50,36,1,0 
   161  N,51,38,1,0 
   162  N,52,40,1,0 
   163  N,53,42,1,0 
   164  N,54,44,1,0 
   165  N,55,46,1,0 
   166  N,56,48,1,0 
   167  N,57,50,1,0 
   168  N,58,52,1,0 
   169  N,59,54,1,0 
   170  N,60,56,1,0 
   171  N,61,58,1,0 
   172  N,62,60,1,0 
   173  N,63,0,2,0  
   174  N,64,2,2,0  
   175  N,65,4,2,0  
   176  N,66,6,2,0  
   177  N,67,8,2,0  
   178  N,68,10,2,0 
   179  N,69,12,2,0 
   180  N,70,14,2,0 
   181  N,71,16,2,0 
   182  N,72,18,2,0 
   183  N,73,20,2,0 
   184  N,74,22,2,0 
   185  N,75,24,2,0 
   186  N,76,26,2,0 
   187  N,77,28,2,0 
   188  N,78,30,2,0 
   189  N,79,32,2,0 
   190  N,80,34,2,0 
   191  N,81,36,2,0 
   192  N,82,38,2,0 
   193  N,83,40,2,0 
   194  N,84,42,2,0 
   195  N,85,44,2,0 
   196  N,86,46,2,0 
   197  N,87,48,2,0 
   198  N,88,50,2,0 
   199  N,89,52,2,0 
   200  N,90,54,2,0 
   201  N,91,56,2,0 
   202  N,92,58,2,0 
   203  N,93,60,2,0 
   204  N,94,0,3,0  
   205  N,95,2,3,0  
   206  N,96,4,3,0  
   207  N,97,6,3,0  
   208  N,98,8,3,0  
   209  N,99,10,3,0 
   210  N,100,12,3,0
   211  N,101,14,3,0
   212  N,102,16,3,0
   213  N,103,18,3,0
   214  N,104,20,3,0
   215  N,105,22,3,0
   216  N,106,24,3,0
   217  N,107,26,3,0
   218  N,108,28,3,0
   219  N,109,30,3,0
   220  N,110,32,3,0
   221  N,111,34,3,0
   222  N,112,36,3,0
   223  N,113,38,3,0
   224  N,114,40,3,0
   225  N,115,42,3,0
   226  N,116,44,3,0
   227  N,117,46,3,0
   228  N,118,48,3,0
   229  N,119,50,3,0
   230  N,120,52,3,0
   231  N,121,54,3,0
   232  N,122,56,3,0
   233  N,123,58,3,0
   234  N,124,60,3,0
   235  N,125,0,4,0 
   236  N,126,2,4,0 
   237  N,127,4,4,0 
   238  N,128,6,4,0 
   239  N,129,8,4,0 
   240  N,130,10,4,0
   241  N,131,12,4,0
   242  N,132,14,4,0
   243  N,133,16,4,0
   244  N,134,18,4,0
   245  N,135,20,4,0
   246  N,136,22,4,0
   247  N,137,24,4,0
   248  N,138,26,4,0
   249  N,139,28,4,0
   250  N,140,30,4,0
   251  N,141,32,4,0
   252  N,142,34,4,0
   253  N,143,36,4,0
   254  N,144,38,4,0
   255  N,145,40,4,0
   256  N,146,42,4,0
   257  N,147,44,4,0
   258  N,148,46,4,0
   259  N,149,48,4,0
   260  N,150,50,4,0
   261  N,151,52,4,0
   262  N,152,54,4,0
   263  N,153,56,4,0
   264  N,154,58,4,0
   265  N,155,60,4,0
   266  MAT,1   
   267  E,1,2,33,32 
   268  E,2,3,34,33 
   269  E,3,4,35,34 
   270  E,4,5,36,35 
   271  E,5,6,37,36 
   272  E,6,7,38,37 
   273  E,7,8,39,38 
   274  E,8,9,40,39 
   275  E,9,10,41,40
   276  E,10,11,42,41   
   277  E,11,12,43,42   
   278  E,12,13,44,43   
   279  E,13,14,45,44   
   280  E,14,15,46,45   
   281  E,15,16,47,46   
   282  E,16,17,48,47   
   283  E,17,18,49,48   
   284  E,18,19,50,49   
   285  E,19,20,51,50   
   286  E,20,21,52,51   
   287  E,21,22,53,52   
   288  E,22,23,54,53   
   289  E,23,24,55,54   
   290  E,24,25,56,55   
   291  E,25,26,57,56   
   292  E,26,27,58,57   
   293  E,27,28,59,58   
   294  E,28,29,60,59   
   295  E,29,30,61,60   
   296  E,30,31,62,61   
   297  MAT,1   
   298  E,32,33,64,63   
   299  E,33,34,65,64   
   300  E,34,35,66,65   
   301  E,35,36,67,66   
   302  E,36,37,68,67   
   303  E,37,38,69,68   
   304  E,38,39,70,69   
   305  E,39,40,71,70   
   306  E,40,41,72,71   
   307  E,41,42,73,72   
   308  E,42,43,74,73   
   309  E,43,44,75,74   
   310  E,44,45,76,75   
   311  E,45,46,77,76   
   312  E,46,47,78,77   
   313  E,47,48,79,78   
   314  E,48,49,80,79   
   315  E,49,50,81,80   
   316  E,50,51,82,81   
   317  E,51,52,83,82   
   318  E,52,53,84,83   
   319  E,53,54,85,84   
   320  E,54,55,86,85   
   321  E,55,56,87,86   
   322  E,56,57,88,87   
   323  E,57,58,89,88   
   324  E,58,59,90,89   
   325  E,59,60,91,90   
   326  E,60,61,92,91   
   327  E,61,62,93,92   
   328  MAT,2   
   329  E,63,64,95,94   
   330  E,64,65,96,95   
   331  E,65,66,97,96   
   332  E,66,67,98,97   
   333  E,67,68,99,98   
   334  E,68,69,100,99  
   335  E,69,70,101,100 
   336  E,70,71,102,101 
   337  E,71,72,103,102 
   338  E,72,73,104,103 
   339  E,73,74,105,104 
   340  E,74,75,106,105 
   341  E,75,76,107,106 
   342  E,76,77,108,107 
   343  E,77,78,109,108 
   344  E,78,79,110,109 
   345  E,79,80,111,110 
   346  E,80,81,112,111 
   347  E,81,82,113,112 
   348  E,82,83,114,113 
   349  E,83,84,115,114 
   350  E,84,85,116,115 
   351  E,85,86,117,116 
   352  E,86,87,118,117 
   353  E,87,88,119,118 
   354  E,88,89,120,119 
   355  E,89,90,121,120 
   356  E,90,91,122,121 
   357  E,91,92,123,122 
   358  E,92,93,124,123 
   359  MAT,2   
   360  E,94,95,126,125 
   361  E,95,96,127,126 
   362  E,96,97,128,127 
   363  E,97,98,129,128 
   364  E,98,99,130,129 
   365  E,99,100,131,130
   366  E,100,101,132,131   
   367  E,101,102,133,132   
   368  E,102,103,134,133   
   369  E,103,104,135,134   
   370  E,104,105,136,135   
   371  E,105,106,137,136   
   372  E,106,107,138,137   
   373  E,107,108,139,138   
   374  E,108,109,140,139   
   375  E,109,110,141,140   
   376  E,110,111,142,141   
   377  E,111,112,143,142   
   378  E,112,113,144,143   
   379  E,113,114,145,144   
   380  E,114,115,146,145   
   381  E,115,116,147,146   
   382  E,116,117,148,147   
   383  E,117,118,149,148   
   384  E,118,119,150,149   
   385  E,119,120,151,150   
   386  E,120,121,152,151   
   387  E,121,122,153,152   
   388  E,122,123,154,153   
   389  E,123,124,155,154   
   390  D,1,UX,0
   391  D,1,UY,0
   392  D,32,UX,0   
   393  D,32,UY,0   
   394  D,63,UX,0   
   395  D,63,UY,0   
   396  D,94,UX,0   
   397  D,94,UY,0   
   398  D,125,UX,0  
   399  D,125,UY,0  
   400  FINISH  
   401  /SOLU   
   402  ANTYPE,STATIC   
   403  NLGEOM,OFF  
   404  AUTOTS,OFF  
   405  KBC,0   
   406  OUTRES,ERASE
   407  OUTRES,ALL,LAST 
   408  TREF,65 
   409  BF,ALL,TEMP,65  
   410  F,31,FY,-0.000125   
   411  F,62,FY,-0.00025
   412  F,93,FY,-0.00025
   413  F,124,FY,-0.00025   
   414  F,155,FY,-0.000125  
   415  TIME,1  
   416  DELTIM,0.01,0.01,0.01   
   417  SOLVE   
   418  TIME,31 
   419  DELTIM,0.1,0.1,0.1  
   420  SOLVE   
   421  FDELE,31,FY 
   422  FDELE,62,FY 
   423  FDELE,93,FY 
   424  FDELE,124,FY
   425  FDELE,155,FY
   426  TIME,32 
   427  DELTIM,0.01,0.01,0.01   
   428  SOLVE   
   429  TIME,62 
   430  DELTIM,0.1,0.1,0.1  
   431  SOLVE   
   432  FINISH  
   433  /POST1  
   434  SET,,,,,62  
   435  ETABLE,SEQV,S,EQV   
   436  *CFOPEN,top_nodes,csv   
   437  NIDV=125
   438  *GET,XV,NODE,125,LOC,X  
   439  *GET,YV,NODE,125,LOC,Y  
   440  *GET,UXV,NODE,125,U,X   
   441  *GET,UYV,NODE,125,U,Y   
   442  *VWRITE,NIDV,XV,YV,UXV,UYV  
   443  (5(E24.16,',')) 
   444  NIDV=126
   445  *GET,XV,NODE,126,LOC,X  
   446  *GET,YV,NODE,126,LOC,Y  
   447  *GET,UXV,NODE,126,U,X   
   448  *GET,UYV,NODE,126,U,Y   
   449  *VWRITE,NIDV,XV,YV,UXV,UYV  
   450  (5(E24.16,',')) 
   451  NIDV=127
   452  *GET,XV,NODE,127,LOC,X  
   453  *GET,YV,NODE,127,LOC,Y  
   454  *GET,UXV,NODE,127,U,X   
   455  *GET,UYV,NODE,127,U,Y   
   456  *VWRITE,NIDV,XV,YV,UXV,UYV  
   457  (5(E24.16,',')) 
   458  NIDV=128
   459  *GET,XV,NODE,128,LOC,X  
   460  *GET,YV,NODE,128,LOC,Y  
   461  *GET,UXV,NODE,128,U,X   
   462  *GET,UYV,NODE,128,U,Y   
   463  *VWRITE,NIDV,XV,YV,UXV,UYV  
   464  (5(E24.16,',')) 
   465  NIDV=129
   466  *GET,XV,NODE,129,LOC,X  
   467  *GET,YV,NODE,129,LOC,Y  
   468  *GET,UXV,NODE,129,U,X   
   469  *GET,UYV,NODE,129,U,Y   
   470  *VWRITE,NIDV,XV,YV,UXV,UYV  
   471  (5(E24.16,',')) 
   472  NIDV=130
   473  *GET,XV,NODE,130,LOC,X  
   474  *GET,YV,NODE,130,LOC,Y  
   475  *GET,UXV,NODE,130,U,X   
   476  *GET,UYV,NODE,130,U,Y   
   477  *VWRITE,NIDV,XV,YV,UXV,UYV  
   478  (5(E24.16,',')) 
   479  NIDV=131
   480  *GET,XV,NODE,131,LOC,X  
   481  *GET,YV,NODE,131,LOC,Y  
   482  *GET,UXV,NODE,131,U,X   
   483  *GET,UYV,NODE,131,U,Y   
   484  *VWRITE,NIDV,XV,YV,UXV,UYV  
   485  (5(E24.16,',')) 
   486  NIDV=132
   487  *GET,XV,NODE,132,LOC,X  
   488  *GET,YV,NODE,132,LOC,Y  
   489  *GET,UXV,NODE,132,U,X   
   490  *GET,UYV,NODE,132,U,Y   
   491  *VWRITE,NIDV,XV,YV,UXV,UYV  
   492  (5(E24.16,',')) 
   493  NIDV=133
   494  *GET,XV,NODE,133,LOC,X  
   495  *GET,YV,NODE,133,LOC,Y  
   496  *GET,UXV,NODE,133,U,X   
   497  *GET,UYV,NODE,133,U,Y   
   498  *VWRITE,NIDV,XV,YV,UXV,UYV  
   499  (5(E24.16,',')) 
   500  NIDV=134
   501  *GET,XV,NODE,134,LOC,X  
   502  *GET,YV,NODE,134,LOC,Y  
   503  *GET,UXV,NODE,134,U,X   
   504  *GET,UYV,NODE,134,U,Y   
   505  *VWRITE,NIDV,XV,YV,UXV,UYV  
   506  (5(E24.16,',')) 
   507  NIDV=135
   508  *GET,XV,NODE,135,LOC,X  
   509  *GET,YV,NODE,135,LOC,Y  
   510  *GET,UXV,NODE,135,U,X   
   511  *GET,UYV,NODE,135,U,Y   
   512  *VWRITE,NIDV,XV,YV,UXV,UYV  
   513  (5(E24.16,',')) 
   514  NIDV=136
   515  *GET,XV,NODE,136,LOC,X  
   516  *GET,YV,NODE,136,LOC,Y  
   517  *GET,UXV,NODE,136,U,X   
   518  *GET,UYV,NODE,136,U,Y   
   519  *VWRITE,NIDV,XV,YV,UXV,UYV  
   520  (5(E24.16,',')) 
   521  NIDV=137
   522  *GET,XV,NODE,137,LOC,X  
   523  *GET,YV,NODE,137,LOC,Y  
   524  *GET,UXV,NODE,137,U,X   
   525  *GET,UYV,NODE,137,U,Y   
   526  *VWRITE,NIDV,XV,YV,UXV,UYV  
   527  (5(E24.16,',')) 
   528  NIDV=138
   529  *GET,XV,NODE,138,LOC,X  
   530  *GET,YV,NODE,138,LOC,Y  
   531  *GET,UXV,NODE,138,U,X   
   532  *GET,UYV,NODE,138,U,Y   
   533  *VWRITE,NIDV,XV,YV,UXV,UYV  
   534  (5(E24.16,',')) 
   535  NIDV=139
   536  *GET,XV,NODE,139,LOC,X  
   537  *GET,YV,NODE,139,LOC,Y  
   538  *GET,UXV,NODE,139,U,X   
   539  *GET,UYV,NODE,139,U,Y   
   540  *VWRITE,NIDV,XV,YV,UXV,UYV  
   541  (5(E24.16,',')) 
   542  NIDV=140
   543  *GET,XV,NODE,140,LOC,X  
   544  *GET,YV,NODE,140,LOC,Y  
   545  *GET,UXV,NODE,140,U,X   
   546  *GET,UYV,NODE,140,U,Y   
   547  *VWRITE,NIDV,XV,YV,UXV,UYV  
   548  (5(E24.16,',')) 
   549  NIDV=141
   550  *GET,XV,NODE,141,LOC,X  
   551  *GET,YV,NODE,141,LOC,Y  
   552  *GET,UXV,NODE,141,U,X   
   553  *GET,UYV,NODE,141,U,Y   
   554  *VWRITE,NIDV,XV,YV,UXV,UYV  
   555  (5(E24.16,',')) 
   556  NIDV=142
   557  *GET,XV,NODE,142,LOC,X  
   558  *GET,YV,NODE,142,LOC,Y  
   559  *GET,UXV,NODE,142,U,X   
   560  *GET,UYV,NODE,142,U,Y   
   561  *VWRITE,NIDV,XV,YV,UXV,UYV  
   562  (5(E24.16,',')) 
   563  NIDV=143
   564  *GET,XV,NODE,143,LOC,X  
   565  *GET,YV,NODE,143,LOC,Y  
   566  *GET,UXV,NODE,143,U,X   
   567  *GET,UYV,NODE,143,U,Y   
   568  *VWRITE,NIDV,XV,YV,UXV,UYV  
   569  (5(E24.16,',')) 
   570  NIDV=144
   571  *GET,XV,NODE,144,LOC,X  
   572  *GET,YV,NODE,144,LOC,Y  
   573  *GET,UXV,NODE,144,U,X   
   574  *GET,UYV,NODE,144,U,Y   
   575  *VWRITE,NIDV,XV,YV,UXV,UYV  
   576  (5(E24.16,',')) 
   577  NIDV=145
   578  *GET,XV,NODE,145,LOC,X  
   579  *GET,YV,NODE,145,LOC,Y  
   580  *GET,UXV,NODE,145,U,X   
   581  *GET,UYV,NODE,145,U,Y   
   582  *VWRITE,NIDV,XV,YV,UXV,UYV  
   583  (5(E24.16,',')) 
   584  NIDV=146
   585  *GET,XV,NODE,146,LOC,X  
   586  *GET,YV,NODE,146,LOC,Y  
   587  *GET,UXV,NODE,146,U,X   
   588  *GET,UYV,NODE,146,U,Y   
   589  *VWRITE,NIDV,XV,YV,UXV,UYV  
   590  (5(E24.16,',')) 
   591  NIDV=147
   592  *GET,XV,NODE,147,LOC,X  
   593  *GET,YV,NODE,147,LOC,Y  
   594  *GET,UXV,NODE,147,U,X   
   595  *GET,UYV,NODE,147,U,Y   
   596  *VWRITE,NIDV,XV,YV,UXV,UYV  
   597  (5(E24.16,',')) 
   598  NIDV=148
   599  *GET,XV,NODE,148,LOC,X  
   600  *GET,YV,NODE,148,LOC,Y  
   601  *GET,UXV,NODE,148,U,X   
   602  *GET,UYV,NODE,148,U,Y   
   603  *VWRITE,NIDV,XV,YV,UXV,UYV  
   604  (5(E24.16,',')) 
   605  NIDV=149
   606  *GET,XV,NODE,149,LOC,X  
   607  *GET,YV,NODE,149,LOC,Y  
   608  *GET,UXV,NODE,149,U,X   
   609  *GET,UYV,NODE,149,U,Y   
   610  *VWRITE,NIDV,XV,YV,UXV,UYV  
   611  (5(E24.16,',')) 
   612  NIDV=150
   613  *GET,XV,NODE,150,LOC,X  
   614  *GET,YV,NODE,150,LOC,Y  
   615  *GET,UXV,NODE,150,U,X   
   616  *GET,UYV,NODE,150,U,Y   
   617  *VWRITE,NIDV,XV,YV,UXV,UYV  
   618  (5(E24.16,',')) 
   619  NIDV=151
   620  *GET,XV,NODE,151,LOC,X  
   621  *GET,YV,NODE,151,LOC,Y  
   622  *GET,UXV,NODE,151,U,X   
   623  *GET,UYV,NODE,151,U,Y   
   624  *VWRITE,NIDV,XV,YV,UXV,UYV  
   625  (5(E24.16,',')) 
   626  NIDV=152
   627  *GET,XV,NODE,152,LOC,X  
   628  *GET,YV,NODE,152,LOC,Y  
   629  *GET,UXV,NODE,152,U,X   
   630  *GET,UYV,NODE,152,U,Y   
   631  *VWRITE,NIDV,XV,YV,UXV,UYV  
   632  (5(E24.16,',')) 
   633  NIDV=153
   634  *GET,XV,NODE,153,LOC,X  
   635  *GET,YV,NODE,153,LOC,Y  
   636  *GET,UXV,NODE,153,U,X   
   637  *GET,UYV,NODE,153,U,Y   
   638  *VWRITE,NIDV,XV,YV,UXV,UYV  
   639  (5(E24.16,',')) 
   640  NIDV=154
   641  *GET,XV,NODE,154,LOC,X  
   642  *GET,YV,NODE,154,LOC,Y  
   643  *GET,UXV,NODE,154,U,X   
   644  *GET,UYV,NODE,154,U,Y   
   645  *VWRITE,NIDV,XV,YV,UXV,UYV  
   646  (5(E24.16,',')) 
   647  NIDV=155
   648  *GET,XV,NODE,155,LOC,X  
   649  *GET,YV,NODE,155,LOC,Y  
   650  *GET,UXV,NODE,155,U,X   
   651  *GET,UYV,NODE,155,U,Y   
   652  *VWRITE,NIDV,XV,YV,UXV,UYV  
   653  (5(E24.16,',')) 
   654  *CFCLOS 
   655  *CFOPEN,element_stress,csv  
   656  EIDV=1  
   657  *GET,XV,ELEM,1,CENT,X   
   658  *GET,YV,ELEM,1,CENT,Y   
   659  *GET,SV,ELEM,1,ETAB,SEQV
   660  *VWRITE,EIDV,XV,YV,SV   
   661  (4(E24.16,',')) 
   662  EIDV=2  
   663  *GET,XV,ELEM,2,CENT,X   
   664  *GET,YV,ELEM,2,CENT,Y   
   665  *GET,SV,ELEM,2,ETAB,SEQV
   666  *VWRITE,EIDV,XV,YV,SV   
   667  (4(E24.16,',')) 
   668  EIDV=3  
   669  *GET,XV,ELEM,3,CENT,X   
   670  *GET,YV,ELEM,3,CENT,Y   
   671  *GET,SV,ELEM,3,ETAB,SEQV
   672  *VWRITE,EIDV,XV,YV,SV   
   673  (4(E24.16,',')) 
   674  EIDV=4  
   675  *GET,XV,ELEM,4,CENT,X   
   676  *GET,YV,ELEM,4,CENT,Y   
   677  *GET,SV,ELEM,4,ETAB,SEQV
   678  *VWRITE,EIDV,XV,YV,SV   
   679  (4(E24.16,',')) 
   680  EIDV=5  
   681  *GET,XV,ELEM,5,CENT,X   
   682  *GET,YV,ELEM,5,CENT,Y   
   683  *GET,SV,ELEM,5,ETAB,SEQV
   684  *VWRITE,EIDV,XV,YV,SV   
   685  (4(E24.16,',')) 
   686  EIDV=6  
   687  *GET,XV,ELEM,6,CENT,X   
   688  *GET,YV,ELEM,6,CENT,Y   
   689  *GET,SV,ELEM,6,ETAB,SEQV
   690  *VWRITE,EIDV,XV,YV,SV   
   691  (4(E24.16,',')) 
   692  EIDV=7  
   693  *GET,XV,ELEM,7,CENT,X   
   694  *GET,YV,ELEM,7,CENT,Y   
   695  *GET,SV,ELEM,7,ETAB,SEQV
   696  *VWRITE,EIDV,XV,YV,SV   
   697  (4(E24.16,',')) 
   698  EIDV=8  
   699  *GET,XV,ELEM,8,CENT,X   
   700  *GET,YV,ELEM,8,CENT,Y   
   701  *GET,SV,ELEM,8,ETAB,SEQV
   702  *VWRITE,EIDV,XV,YV,SV   
   703  (4(E24.16,',')) 
   704  EIDV=9  
   705  *GET,XV,ELEM,9,CENT,X   
   706  *GET,YV,ELEM,9,CENT,Y   
   707  *GET,SV,ELEM,9,ETAB,SEQV
   708  *VWRITE,EIDV,XV,YV,SV   
   709  (4(E24.16,',')) 
   710  EIDV=10 
   711  *GET,XV,ELEM,10,CENT,X  
   712  *GET,YV,ELEM,10,CENT,Y  
   713  *GET,SV,ELEM,10,ETAB,SEQV   
   714  *VWRITE,EIDV,XV,YV,SV   
   715  (4(E24.16,',')) 
   716  EIDV=11 
   717  *GET,XV,ELEM,11,CENT,X  
   718  *GET,YV,ELEM,11,CENT,Y  
   719  *GET,SV,ELEM,11,ETAB,SEQV   
   720  *VWRITE,EIDV,XV,YV,SV   
   721  (4(E24.16,',')) 
   722  EIDV=12 
   723  *GET,XV,ELEM,12,CENT,X  
   724  *GET,YV,ELEM,12,CENT,Y  
   725  *GET,SV,ELEM,12,ETAB,SEQV   
   726  *VWRITE,EIDV,XV,YV,SV   
   727  (4(E24.16,',')) 
   728  EIDV=13 
   729  *GET,XV,ELEM,13,CENT,X  
   730  *GET,YV,ELEM,13,CENT,Y  
   731  *GET,SV,ELEM,13,ETAB,SEQV   
   732  *VWRITE,EIDV,XV,YV,SV   
   733  (4(E24.16,',')) 
   734  EIDV=14 
   735  *GET,XV,ELEM,14,CENT,X  
   736  *GET,YV,ELEM,14,CENT,Y  
   737  *GET,SV,ELEM,14,ETAB,SEQV   
   738  *VWRITE,EIDV,XV,YV,SV   
   739  (4(E24.16,',')) 
   740  EIDV=15 
   741  *GET,XV,ELEM,15,CENT,X  
   742  *GET,YV,ELEM,15,CENT,Y  
   743  *GET,SV,ELEM,15,ETAB,SEQV   
   744  *VWRITE,EIDV,XV,YV,SV   
   745  (4(E24.16,',')) 
   746  EIDV=16 
   747  *GET,XV,ELEM,16,CENT,X  
   748  *GET,YV,ELEM,16,CENT,Y  
   749  *GET,SV,ELEM,16,ETAB,SEQV   
   750  *VWRITE,EIDV,XV,YV,SV   
   751  (4(E24.16,',')) 
   752  EIDV=17 
   753  *GET,XV,ELEM,17,CENT,X  
   754  *GET,YV,ELEM,17,CENT,Y  
   755  *GET,SV,ELEM,17,ETAB,SEQV   
   756  *VWRITE,EIDV,XV,YV,SV   
   757  (4(E24.16,',')) 
   758  EIDV=18 
   759  *GET,XV,ELEM,18,CENT,X  
   760  *GET,YV,ELEM,18,CENT,Y  
   761  *GET,SV,ELEM,18,ETAB,SEQV   
   762  *VWRITE,EIDV,XV,YV,SV   
   763  (4(E24.16,',')) 
   764  EIDV=19 
   765  *GET,XV,ELEM,19,CENT,X  
   766  *GET,YV,ELEM,19,CENT,Y  
   767  *GET,SV,ELEM,19,ETAB,SEQV   
   768  *VWRITE,EIDV,XV,YV,SV   
   769  (4(E24.16,',')) 
   770  EIDV=20 
   771  *GET,XV,ELEM,20,CENT,X  
   772  *GET,YV,ELEM,20,CENT,Y  
   773  *GET,SV,ELEM,20,ETAB,SEQV   
   774  *VWRITE,EIDV,XV,YV,SV   
   775  (4(E24.16,',')) 
   776  EIDV=21 
   777  *GET,XV,ELEM,21,CENT,X  
   778  *GET,YV,ELEM,21,CENT,Y  
   779  *GET,SV,ELEM,21,ETAB,SEQV   
   780  *VWRITE,EIDV,XV,YV,SV   
   781  (4(E24.16,',')) 
   782  EIDV=22 
   783  *GET,XV,ELEM,22,CENT,X  
   784  *GET,YV,ELEM,22,CENT,Y  
   785  *GET,SV,ELEM,22,ETAB,SEQV   
   786  *VWRITE,EIDV,XV,YV,SV   
   787  (4(E24.16,',')) 
   788  EIDV=23 
   789  *GET,XV,ELEM,23,CENT,X  
   790  *GET,YV,ELEM,23,CENT,Y  
   791  *GET,SV,ELEM,23,ETAB,SEQV   
   792  *VWRITE,EIDV,XV,YV,SV   
   793  (4(E24.16,',')) 
   794  EIDV=24 
   795  *GET,XV,ELEM,24,CENT,X  
   796  *GET,YV,ELEM,24,CENT,Y  
   797  *GET,SV,ELEM,24,ETAB,SEQV   
   798  *VWRITE,EIDV,XV,YV,SV   
   799  (4(E24.16,',')) 
   800  EIDV=25 
   801  *GET,XV,ELEM,25,CENT,X  
   802  *GET,YV,ELEM,25,CENT,Y  
   803  *GET,SV,ELEM,25,ETAB,SEQV   
   804  *VWRITE,EIDV,XV,YV,SV   
   805  (4(E24.16,',')) 
   806  EIDV=26 
   807  *GET,XV,ELEM,26,CENT,X  
   808  *GET,YV,ELEM,26,CENT,Y  
   809  *GET,SV,ELEM,26,ETAB,SEQV   
   810  *VWRITE,EIDV,XV,YV,SV   
   811  (4(E24.16,',')) 
   812  EIDV=27 
   813  *GET,XV,ELEM,27,CENT,X  
   814  *GET,YV,ELEM,27,CENT,Y  
   815  *GET,SV,ELEM,27,ETAB,SEQV   
   816  *VWRITE,EIDV,XV,YV,SV   
   817  (4(E24.16,',')) 
   818  EIDV=28 
   819  *GET,XV,ELEM,28,CENT,X  
   820  *GET,YV,ELEM,28,CENT,Y  
   821  *GET,SV,ELEM,28,ETAB,SEQV   
   822  *VWRITE,EIDV,XV,YV,SV   
   823  (4(E24.16,',')) 
   824  EIDV=29 
   825  *GET,XV,ELEM,29,CENT,X  
   826  *GET,YV,ELEM,29,CENT,Y  
   827  *GET,SV,ELEM,29,ETAB,SEQV   
   828  *VWRITE,EIDV,XV,YV,SV   
   829  (4(E24.16,',')) 
   830  EIDV=30 
   831  *GET,XV,ELEM,30,CENT,X  
   832  *GET,YV,ELEM,30,CENT,Y  
   833  *GET,SV,ELEM,30,ETAB,SEQV   
   834  *VWRITE,EIDV,XV,YV,SV   
   835  (4(E24.16,',')) 
   836  EIDV=31 
   837  *GET,XV,ELEM,31,CENT,X  
   838  *GET,YV,ELEM,31,CENT,Y  
   839  *GET,SV,ELEM,31,ETAB,SEQV   
   840  *VWRITE,EIDV,XV,YV,SV   
   841  (4(E24.16,',')) 
   842  EIDV=32 
   843  *GET,XV,ELEM,32,CENT,X  
   844  *GET,YV,ELEM,32,CENT,Y  
   845  *GET,SV,ELEM,32,ETAB,SEQV   
   846  *VWRITE,EIDV,XV,YV,SV   
   847  (4(E24.16,',')) 
   848  EIDV=33 
   849  *GET,XV,ELEM,33,CENT,X  
   850  *GET,YV,ELEM,33,CENT,Y  
   851  *GET,SV,ELEM,33,ETAB,SEQV   
   852  *VWRITE,EIDV,XV,YV,SV   
   853  (4(E24.16,',')) 
   854  EIDV=34 
   855  *GET,XV,ELEM,34,CENT,X  
   856  *GET,YV,ELEM,34,CENT,Y  
   857  *GET,SV,ELEM,34,ETAB,SEQV   
   858  *VWRITE,EIDV,XV,YV,SV   
   859  (4(E24.16,',')) 
   860  EIDV=35 
   861  *GET,XV,ELEM,35,CENT,X  
   862  *GET,YV,ELEM,35,CENT,Y  
   863  *GET,SV,ELEM,35,ETAB,SEQV   
   864  *VWRITE,EIDV,XV,YV,SV   
   865  (4(E24.16,',')) 
   866  EIDV=36 
   867  *GET,XV,ELEM,36,CENT,X  
   868  *GET,YV,ELEM,36,CENT,Y  
   869  *GET,SV,ELEM,36,ETAB,SEQV   
   870  *VWRITE,EIDV,XV,YV,SV   
   871  (4(E24.16,',')) 
   872  EIDV=37 
   873  *GET,XV,ELEM,37,CENT,X  
   874  *GET,YV,ELEM,37,CENT,Y  
   875  *GET,SV,ELEM,37,ETAB,SEQV   
   876  *VWRITE,EIDV,XV,YV,SV   
   877  (4(E24.16,',')) 
   878  EIDV=38 
   879  *GET,XV,ELEM,38,CENT,X  
   880  *GET,YV,ELEM,38,CENT,Y  
   881  *GET,SV,ELEM,38,ETAB,SEQV   
   882  *VWRITE,EIDV,XV,YV,SV   
   883  (4(E24.16,',')) 
   884  EIDV=39 
   885  *GET,XV,ELEM,39,CENT,X  
   886  *GET,YV,ELEM,39,CENT,Y  
   887  *GET,SV,ELEM,39,ETAB,SEQV   
   888  *VWRITE,EIDV,XV,YV,SV   
   889  (4(E24.16,',')) 
   890  EIDV=40 
   891  *GET,XV,ELEM,40,CENT,X  
   892  *GET,YV,ELEM,40,CENT,Y  
   893  *GET,SV,ELEM,40,ETAB,SEQV   
   894  *VWRITE,EIDV,XV,YV,SV   
   895  (4(E24.16,',')) 
   896  EIDV=41 
   897  *GET,XV,ELEM,41,CENT,X  
   898  *GET,YV,ELEM,41,CENT,Y  
   899  *GET,SV,ELEM,41,ETAB,SEQV   
   900  *VWRITE,EIDV,XV,YV,SV   
   901  (4(E24.16,',')) 
   902  EIDV=42 
   903  *GET,XV,ELEM,42,CENT,X  
   904  *GET,YV,ELEM,42,CENT,Y  
   905  *GET,SV,ELEM,42,ETAB,SEQV   
   906  *VWRITE,EIDV,XV,YV,SV   
   907  (4(E24.16,',')) 
   908  EIDV=43 
   909  *GET,XV,ELEM,43,CENT,X  
   910  *GET,YV,ELEM,43,CENT,Y  
   911  *GET,SV,ELEM,43,ETAB,SEQV   
   912  *VWRITE,EIDV,XV,YV,SV   
   913  (4(E24.16,',')) 
   914  EIDV=44 
   915  *GET,XV,ELEM,44,CENT,X  
   916  *GET,YV,ELEM,44,CENT,Y  
   917  *GET,SV,ELEM,44,ETAB,SEQV   
   918  *VWRITE,EIDV,XV,YV,SV   
   919  (4(E24.16,',')) 
   920  EIDV=45 
   921  *GET,XV,ELEM,45,CENT,X  
   922  *GET,YV,ELEM,45,CENT,Y  
   923  *GET,SV,ELEM,45,ETAB,SEQV   
   924  *VWRITE,EIDV,XV,YV,SV   
   925  (4(E24.16,',')) 
   926  EIDV=46 
   927  *GET,XV,ELEM,46,CENT,X  
   928  *GET,YV,ELEM,46,CENT,Y  
   929  *GET,SV,ELEM,46,ETAB,SEQV   
   930  *VWRITE,EIDV,XV,YV,SV   
   931  (4(E24.16,',')) 
   932  EIDV=47 
   933  *GET,XV,ELEM,47,CENT,X  
   934  *GET,YV,ELEM,47,CENT,Y  
   935  *GET,SV,ELEM,47,ETAB,SEQV   
   936  *VWRITE,EIDV,XV,YV,SV   
   937  (4(E24.16,',')) 
   938  EIDV=48 
   939  *GET,XV,ELEM,48,CENT,X  
   940  *GET,YV,ELEM,48,CENT,Y  
   941  *GET,SV,ELEM,48,ETAB,SEQV   
   942  *VWRITE,EIDV,XV,YV,SV   
   943  (4(E24.16,',')) 
   944  EIDV=49 
   945  *GET,XV,ELEM,49,CENT,X  
   946  *GET,YV,ELEM,49,CENT,Y  
   947  *GET,SV,ELEM,49,ETAB,SEQV   
   948  *VWRITE,EIDV,XV,YV,SV   
   949  (4(E24.16,',')) 
   950  EIDV=50 
   951  *GET,XV,ELEM,50,CENT,X  
   952  *GET,YV,ELEM,50,CENT,Y  
   953  *GET,SV,ELEM,50,ETAB,SEQV   
   954  *VWRITE,EIDV,XV,YV,SV   
   955  (4(E24.16,',')) 
   956  EIDV=51 
   957  *GET,XV,ELEM,51,CENT,X  
   958  *GET,YV,ELEM,51,CENT,Y  
   959  *GET,SV,ELEM,51,ETAB,SEQV   
   960  *VWRITE,EIDV,XV,YV,SV   
   961  (4(E24.16,',')) 
   962  EIDV=52 
   963  *GET,XV,ELEM,52,CENT,X  
   964  *GET,YV,ELEM,52,CENT,Y  
   965  *GET,SV,ELEM,52,ETAB,SEQV   
   966  *VWRITE,EIDV,XV,YV,SV   
   967  (4(E24.16,',')) 
   968  EIDV=53 
   969  *GET,XV,ELEM,53,CENT,X  
   970  *GET,YV,ELEM,53,CENT,Y  
   971  *GET,SV,ELEM,53,ETAB,SEQV   
   972  *VWRITE,EIDV,XV,YV,SV   
   973  (4(E24.16,',')) 
   974  EIDV=54 
   975  *GET,XV,ELEM,54,CENT,X  
   976  *GET,YV,ELEM,54,CENT,Y  
   977  *GET,SV,ELEM,54,ETAB,SEQV   
   978  *VWRITE,EIDV,XV,YV,SV   
   979  (4(E24.16,',')) 
   980  EIDV=55 
   981  *GET,XV,ELEM,55,CENT,X  
   982  *GET,YV,ELEM,55,CENT,Y  
   983  *GET,SV,ELEM,55,ETAB,SEQV   
   984  *VWRITE,EIDV,XV,YV,SV   
   985  (4(E24.16,',')) 
   986  EIDV=56 
   987  *GET,XV,ELEM,56,CENT,X  
   988  *GET,YV,ELEM,56,CENT,Y  
   989  *GET,SV,ELEM,56,ETAB,SEQV   
   990  *VWRITE,EIDV,XV,YV,SV   
   991  (4(E24.16,',')) 
   992  EIDV=57 
   993  *GET,XV,ELEM,57,CENT,X  
   994  *GET,YV,ELEM,57,CENT,Y  
   995  *GET,SV,ELEM,57,ETAB,SEQV   
   996  *VWRITE,EIDV,XV,YV,SV   
   997  (4(E24.16,',')) 
   998  EIDV=58 
   999  *GET,XV,ELEM,58,CENT,X  
  1000  *GET,YV,ELEM,58,CENT,Y  
  1001  *GET,SV,ELEM,58,ETAB,SEQV   
  1002  *VWRITE,EIDV,XV,YV,SV   
  1003  (4(E24.16,',')) 
  1004  EIDV=59 
  1005  *GET,XV,ELEM,59,CENT,X  
  1006  *GET,YV,ELEM,59,CENT,Y  
  1007  *GET,SV,ELEM,59,ETAB,SEQV   
  1008  *VWRITE,EIDV,XV,YV,SV   
  1009  (4(E24.16,',')) 
  1010  EIDV=60 
  1011  *GET,XV,ELEM,60,CENT,X  
  1012  *GET,YV,ELEM,60,CENT,Y  
  1013  *GET,SV,ELEM,60,ETAB,SEQV   
  1014  *VWRITE,EIDV,XV,YV,SV   
  1015  (4(E24.16,',')) 
  1016  EIDV=61 
  1017  *GET,XV,ELEM,61,CENT,X  
  1018  *GET,YV,ELEM,61,CENT,Y  
  1019  *GET,SV,ELEM,61,ETAB,SEQV   
  1020  *VWRITE,EIDV,XV,YV,SV   
  1021  (4(E24.16,',')) 
  1022  EIDV=62 
  1023  *GET,XV,ELEM,62,CENT,X  
  1024  *GET,YV,ELEM,62,CENT,Y  
  1025  *GET,SV,ELEM,62,ETAB,SEQV   
  1026  *VWRITE,EIDV,XV,YV,SV   
  1027  (4(E24.16,',')) 
  1028  EIDV=63 
  1029  *GET,XV,ELEM,63,CENT,X  
  1030  *GET,YV,ELEM,63,CENT,Y  
  1031  *GET,SV,ELEM,63,ETAB,SEQV   
  1032  *VWRITE,EIDV,XV,YV,SV   
  1033  (4(E24.16,',')) 
  1034  EIDV=64 
  1035  *GET,XV,ELEM,64,CENT,X  
  1036  *GET,YV,ELEM,64,CENT,Y  
  1037  *GET,SV,ELEM,64,ETAB,SEQV   
  1038  *VWRITE,EIDV,XV,YV,SV   
  1039  (4(E24.16,',')) 
  1040  EIDV=65 
  1041  *GET,XV,ELEM,65,CENT,X  
  1042  *GET,YV,ELEM,65,CENT,Y  
  1043  *GET,SV,ELEM,65,ETAB,SEQV   
  1044  *VWRITE,EIDV,XV,YV,SV   
  1045  (4(E24.16,',')) 
  1046  EIDV=66 
  1047  *GET,XV,ELEM,66,CENT,X  
  1048  *GET,YV,ELEM,66,CENT,Y  
  1049  *GET,SV,ELEM,66,ETAB,SEQV   
  1050  *VWRITE,EIDV,XV,YV,SV   
  1051  (4(E24.16,',')) 
  1052  EIDV=67 
  1053  *GET,XV,ELEM,67,CENT,X  
  1054  *GET,YV,ELEM,67,CENT,Y  
  1055  *GET,SV,ELEM,67,ETAB,SEQV   
  1056  *VWRITE,EIDV,XV,YV,SV   
  1057  (4(E24.16,',')) 
  1058  EIDV=68 
  1059  *GET,XV,ELEM,68,CENT,X  
  1060  *GET,YV,ELEM,68,CENT,Y  
  1061  *GET,SV,ELEM,68,ETAB,SEQV   
  1062  *VWRITE,EIDV,XV,YV,SV   
  1063  (4(E24.16,',')) 
  1064  EIDV=69 
  1065  *GET,XV,ELEM,69,CENT,X  
  1066  *GET,YV,ELEM,69,CENT,Y  
  1067  *GET,SV,ELEM,69,ETAB,SEQV   
  1068  *VWRITE,EIDV,XV,YV,SV   
  1069  (4(E24.16,',')) 
  1070  EIDV=70 
  1071  *GET,XV,ELEM,70,CENT,X  
  1072  *GET,YV,ELEM,70,CENT,Y  
  1073  *GET,SV,ELEM,70,ETAB,SEQV   
  1074  *VWRITE,EIDV,XV,YV,SV   
  1075  (4(E24.16,',')) 
  1076  EIDV=71 
  1077  *GET,XV,ELEM,71,CENT,X  
  1078  *GET,YV,ELEM,71,CENT,Y  
  1079  *GET,SV,ELEM,71,ETAB,SEQV   
  1080  *VWRITE,EIDV,XV,YV,SV   
  1081  (4(E24.16,',')) 
  1082  EIDV=72 
  1083  *GET,XV,ELEM,72,CENT,X  
  1084  *GET,YV,ELEM,72,CENT,Y  
  1085  *GET,SV,ELEM,72,ETAB,SEQV   
  1086  *VWRITE,EIDV,XV,YV,SV   
  1087  (4(E24.16,',')) 
  1088  EIDV=73 
  1089  *GET,XV,ELEM,73,CENT,X  
  1090  *GET,YV,ELEM,73,CENT,Y  
  1091  *GET,SV,ELEM,73,ETAB,SEQV   
  1092  *VWRITE,EIDV,XV,YV,SV   
  1093  (4(E24.16,',')) 
  1094  EIDV=74 
  1095  *GET,XV,ELEM,74,CENT,X  
  1096  *GET,YV,ELEM,74,CENT,Y  
  1097  *GET,SV,ELEM,74,ETAB,SEQV   
  1098  *VWRITE,EIDV,XV,YV,SV   
  1099  (4(E24.16,',')) 
  1100  EIDV=75 
  1101  *GET,XV,ELEM,75,CENT,X  
  1102  *GET,YV,ELEM,75,CENT,Y  
  1103  *GET,SV,ELEM,75,ETAB,SEQV   
  1104  *VWRITE,EIDV,XV,YV,SV   
  1105  (4(E24.16,',')) 
  1106  EIDV=76 
  1107  *GET,XV,ELEM,76,CENT,X  
  1108  *GET,YV,ELEM,76,CENT,Y  
  1109  *GET,SV,ELEM,76,ETAB,SEQV   
  1110  *VWRITE,EIDV,XV,YV,SV   
  1111  (4(E24.16,',')) 
  1112  EIDV=77 
  1113  *GET,XV,ELEM,77,CENT,X  
  1114  *GET,YV,ELEM,77,CENT,Y  
  1115  *GET,SV,ELEM,77,ETAB,SEQV   
  1116  *VWRITE,EIDV,XV,YV,SV   
  1117  (4(E24.16,',')) 
  1118  EIDV=78 
  1119  *GET,XV,ELEM,78,CENT,X  
  1120  *GET,YV,ELEM,78,CENT,Y  
  1121  *GET,SV,ELEM,78,ETAB,SEQV   
  1122  *VWRITE,EIDV,XV,YV,SV   
  1123  (4(E24.16,',')) 
  1124  EIDV=79 
  1125  *GET,XV,ELEM,79,CENT,X  
  1126  *GET,YV,ELEM,79,CENT,Y  
  1127  *GET,SV,ELEM,79,ETAB,SEQV   
  1128  *VWRITE,EIDV,XV,YV,SV   
  1129  (4(E24.16,',')) 
  1130  EIDV=80 
  1131  *GET,XV,ELEM,80,CENT,X  
  1132  *GET,YV,ELEM,80,CENT,Y  
  1133  *GET,SV,ELEM,80,ETAB,SEQV   
  1134  *VWRITE,EIDV,XV,YV,SV   
  1135  (4(E24.16,',')) 
  1136  EIDV=81 
  1137  *GET,XV,ELEM,81,CENT,X  
  1138  *GET,YV,ELEM,81,CENT,Y  
  1139  *GET,SV,ELEM,81,ETAB,SEQV   
  1140  *VWRITE,EIDV,XV,YV,SV   
  1141  (4(E24.16,',')) 
  1142  EIDV=82 
  1143  *GET,XV,ELEM,82,CENT,X  
  1144  *GET,YV,ELEM,82,CENT,Y  
  1145  *GET,SV,ELEM,82,ETAB,SEQV   
  1146  *VWRITE,EIDV,XV,YV,SV   
  1147  (4(E24.16,',')) 
  1148  EIDV=83 
  1149  *GET,XV,ELEM,83,CENT,X  
  1150  *GET,YV,ELEM,83,CENT,Y  
  1151  *GET,SV,ELEM,83,ETAB,SEQV   
  1152  *VWRITE,EIDV,XV,YV,SV   
  1153  (4(E24.16,',')) 
  1154  EIDV=84 
  1155  *GET,XV,ELEM,84,CENT,X  
  1156  *GET,YV,ELEM,84,CENT,Y  
  1157  *GET,SV,ELEM,84,ETAB,SEQV   
  1158  *VWRITE,EIDV,XV,YV,SV   
  1159  (4(E24.16,',')) 
  1160  EIDV=85 
  1161  *GET,XV,ELEM,85,CENT,X  
  1162  *GET,YV,ELEM,85,CENT,Y  
  1163  *GET,SV,ELEM,85,ETAB,SEQV   
  1164  *VWRITE,EIDV,XV,YV,SV   
  1165  (4(E24.16,',')) 
  1166  EIDV=86 
  1167  *GET,XV,ELEM,86,CENT,X  
  1168  *GET,YV,ELEM,86,CENT,Y  
  1169  *GET,SV,ELEM,86,ETAB,SEQV   
  1170  *VWRITE,EIDV,XV,YV,SV   
  1171  (4(E24.16,',')) 
  1172  EIDV=87 
  1173  *GET,XV,ELEM,87,CENT,X  
  1174  *GET,YV,ELEM,87,CENT,Y  
  1175  *GET,SV,ELEM,87,ETAB,SEQV   
  1176  *VWRITE,EIDV,XV,YV,SV   
  1177  (4(E24.16,',')) 
  1178  EIDV=88 
  1179  *GET,XV,ELEM,88,CENT,X  
  1180  *GET,YV,ELEM,88,CENT,Y  
  1181  *GET,SV,ELEM,88,ETAB,SEQV   
  1182  *VWRITE,EIDV,XV,YV,SV   
  1183  (4(E24.16,',')) 
  1184  EIDV=89 
  1185  *GET,XV,ELEM,89,CENT,X  
  1186  *GET,YV,ELEM,89,CENT,Y  
  1187  *GET,SV,ELEM,89,ETAB,SEQV   
  1188  *VWRITE,EIDV,XV,YV,SV   
  1189  (4(E24.16,',')) 
  1190  EIDV=90 
  1191  *GET,XV,ELEM,90,CENT,X  
  1192  *GET,YV,ELEM,90,CENT,Y  
  1193  *GET,SV,ELEM,90,ETAB,SEQV   
  1194  *VWRITE,EIDV,XV,YV,SV   
  1195  (4(E24.16,',')) 
  1196  EIDV=91 
  1197  *GET,XV,ELEM,91,CENT,X  
  1198  *GET,YV,ELEM,91,CENT,Y  
  1199  *GET,SV,ELEM,91,ETAB,SEQV   
  1200  *VWRITE,EIDV,XV,YV,SV   
  1201  (4(E24.16,',')) 
  1202  EIDV=92 
  1203  *GET,XV,ELEM,92,CENT,X  
  1204  *GET,YV,ELEM,92,CENT,Y  
  1205  *GET,SV,ELEM,92,ETAB,SEQV   
  1206  *VWRITE,EIDV,XV,YV,SV   
  1207  (4(E24.16,',')) 
  1208  EIDV=93 
  1209  *GET,XV,ELEM,93,CENT,X  
  1210  *GET,YV,ELEM,93,CENT,Y  
  1211  *GET,SV,ELEM,93,ETAB,SEQV   
  1212  *VWRITE,EIDV,XV,YV,SV   
  1213  (4(E24.16,',')) 
  1214  EIDV=94 
  1215  *GET,XV,ELEM,94,CENT,X  
  1216  *GET,YV,ELEM,94,CENT,Y  
  1217  *GET,SV,ELEM,94,ETAB,SEQV   
  1218  *VWRITE,EIDV,XV,YV,SV   
  1219  (4(E24.16,',')) 
  1220  EIDV=95 
  1221  *GET,XV,ELEM,95,CENT,X  
  1222  *GET,YV,ELEM,95,CENT,Y  
  1223  *GET,SV,ELEM,95,ETAB,SEQV   
  1224  *VWRITE,EIDV,XV,YV,SV   
  1225  (4(E24.16,',')) 
  1226  EIDV=96 
  1227  *GET,XV,ELEM,96,CENT,X  
  1228  *GET,YV,ELEM,96,CENT,Y  
  1229  *GET,SV,ELEM,96,ETAB,SEQV   
  1230  *VWRITE,EIDV,XV,YV,SV   
  1231  (4(E24.16,',')) 
  1232  EIDV=97 
  1233  *GET,XV,ELEM,97,CENT,X  
  1234  *GET,YV,ELEM,97,CENT,Y  
  1235  *GET,SV,ELEM,97,ETAB,SEQV   
  1236  *VWRITE,EIDV,XV,YV,SV   
  1237  (4(E24.16,',')) 
  1238  EIDV=98 
  1239  *GET,XV,ELEM,98,CENT,X  
  1240  *GET,YV,ELEM,98,CENT,Y  
  1241  *GET,SV,ELEM,98,ETAB,SEQV   
  1242  *VWRITE,EIDV,XV,YV,SV   
  1243  (4(E24.16,',')) 
  1244  EIDV=99 
  1245  *GET,XV,ELEM,99,CENT,X  
  1246  *GET,YV,ELEM,99,CENT,Y  
  1247  *GET,SV,ELEM,99,ETAB,SEQV   
  1248  *VWRITE,EIDV,XV,YV,SV   
  1249  (4(E24.16,',')) 
  1250  EIDV=100
  1251  *GET,XV,ELEM,100,CENT,X 
  1252  *GET,YV,ELEM,100,CENT,Y 
  1253  *GET,SV,ELEM,100,ETAB,SEQV  
  1254  *VWRITE,EIDV,XV,YV,SV   
  1255  (4(E24.16,',')) 
  1256  EIDV=101
  1257  *GET,XV,ELEM,101,CENT,X 
  1258  *GET,YV,ELEM,101,CENT,Y 
  1259  *GET,SV,ELEM,101,ETAB,SEQV  
  1260  *VWRITE,EIDV,XV,YV,SV   
  1261  (4(E24.16,',')) 
  1262  EIDV=102
  1263  *GET,XV,ELEM,102,CENT,X 
  1264  *GET,YV,ELEM,102,CENT,Y 
  1265  *GET,SV,ELEM,102,ETAB,SEQV  
  1266  *VWRITE,EIDV,XV,YV,SV   
  1267  (4(E24.16,',')) 
  1268  EIDV=103
  1269  *GET,XV,ELEM,103,CENT,X 
  1270  *GET,YV,ELEM,103,CENT,Y 
  1271  *GET,SV,ELEM,103,ETAB,SEQV  
  1272  *VWRITE,EIDV,XV,YV,SV   
  1273  (4(E24.16,',')) 
  1274  EIDV=104
  1275  *GET,XV,ELEM,104,CENT,X 
  1276  *GET,YV,ELEM,104,CENT,Y 
  1277  *GET,SV,ELEM,104,ETAB,SEQV  
  1278  *VWRITE,EIDV,XV,YV,SV   
  1279  (4(E24.16,',')) 
  1280  EIDV=105
  1281  *GET,XV,ELEM,105,CENT,X 
  1282  *GET,YV,ELEM,105,CENT,Y 
  1283  *GET,SV,ELEM,105,ETAB,SEQV  
  1284  *VWRITE,EIDV,XV,YV,SV   
  1285  (4(E24.16,',')) 
  1286  EIDV=106
  1287  *GET,XV,ELEM,106,CENT,X 
  1288  *GET,YV,ELEM,106,CENT,Y 
  1289  *GET,SV,ELEM,106,ETAB,SEQV  
  1290  *VWRITE,EIDV,XV,YV,SV   
  1291  (4(E24.16,',')) 
  1292  EIDV=107
  1293  *GET,XV,ELEM,107,CENT,X 
  1294  *GET,YV,ELEM,107,CENT,Y 
  1295  *GET,SV,ELEM,107,ETAB,SEQV  
  1296  *VWRITE,EIDV,XV,YV,SV   
  1297  (4(E24.16,',')) 
  1298  EIDV=108
  1299  *GET,XV,ELEM,108,CENT,X 
  1300  *GET,YV,ELEM,108,CENT,Y 
  1301  *GET,SV,ELEM,108,ETAB,SEQV  
  1302  *VWRITE,EIDV,XV,YV,SV   
  1303  (4(E24.16,',')) 
  1304  EIDV=109
  1305  *GET,XV,ELEM,109,CENT,X 
  1306  *GET,YV,ELEM,109,CENT,Y 
  1307  *GET,SV,ELEM,109,ETAB,SEQV  
  1308  *VWRITE,EIDV,XV,YV,SV   
  1309  (4(E24.16,',')) 
  1310  EIDV=110
  1311  *GET,XV,ELEM,110,CENT,X 
  1312  *GET,YV,ELEM,110,CENT,Y 
  1313  *GET,SV,ELEM,110,ETAB,SEQV  
  1314  *VWRITE,EIDV,XV,YV,SV   
  1315  (4(E24.16,',')) 
  1316  EIDV=111
  1317  *GET,XV,ELEM,111,CENT,X 
  1318  *GET,YV,ELEM,111,CENT,Y 
  1319  *GET,SV,ELEM,111,ETAB,SEQV  
  1320  *VWRITE,EIDV,XV,YV,SV   
  1321  (4(E24.16,',')) 
  1322  EIDV=112
  1323  *GET,XV,ELEM,112,CENT,X 
  1324  *GET,YV,ELEM,112,CENT,Y 
  1325  *GET,SV,ELEM,112,ETAB,SEQV  
  1326  *VWRITE,EIDV,XV,YV,SV   
  1327  (4(E24.16,',')) 
  1328  EIDV=113
  1329  *GET,XV,ELEM,113,CENT,X 
  1330  *GET,YV,ELEM,113,CENT,Y 
  1331  *GET,SV,ELEM,113,ETAB,SEQV  
  1332  *VWRITE,EIDV,XV,YV,SV   
  1333  (4(E24.16,',')) 
  1334  EIDV=114
  1335  *GET,XV,ELEM,114,CENT,X 
  1336  *GET,YV,ELEM,114,CENT,Y 
  1337  *GET,SV,ELEM,114,ETAB,SEQV  
  1338  *VWRITE,EIDV,XV,YV,SV   
  1339  (4(E24.16,',')) 
  1340  EIDV=115
  1341  *GET,XV,ELEM,115,CENT,X 
  1342  *GET,YV,ELEM,115,CENT,Y 
  1343  *GET,SV,ELEM,115,ETAB,SEQV  
  1344  *VWRITE,EIDV,XV,YV,SV   
  1345  (4(E24.16,',')) 
  1346  EIDV=116
  1347  *GET,XV,ELEM,116,CENT,X 
  1348  *GET,YV,ELEM,116,CENT,Y 
  1349  *GET,SV,ELEM,116,ETAB,SEQV  
  1350  *VWRITE,EIDV,XV,YV,SV   
  1351  (4(E24.16,',')) 
  1352  EIDV=117
  1353  *GET,XV,ELEM,117,CENT,X 
  1354  *GET,YV,ELEM,117,CENT,Y 
  1355  *GET,SV,ELEM,117,ETAB,SEQV  
  1356  *VWRITE,EIDV,XV,YV,SV   
  1357  (4(E24.16,',')) 
  1358  EIDV=118
  1359  *GET,XV,ELEM,118,CENT,X 
  1360  *GET,YV,ELEM,118,CENT,Y 
  1361  *GET,SV,ELEM,118,ETAB,SEQV  
  1362  *VWRITE,EIDV,XV,YV,SV   
  1363  (4(E24.16,',')) 
  1364  EIDV=119
  1365  *GET,XV,ELEM,119,CENT,X 
  1366  *GET,YV,ELEM,119,CENT,Y 
  1367  *GET,SV,ELEM,119,ETAB,SEQV  
  1368  *VWRITE,EIDV,XV,YV,SV   
  1369  (4(E24.16,',')) 
  1370  EIDV=120
  1371  *GET,XV,ELEM,120,CENT,X 
  1372  *GET,YV,ELEM,120,CENT,Y 
  1373  *GET,SV,ELEM,120,ETAB,SEQV  
  1374  *VWRITE,EIDV,XV,YV,SV   
  1375  (4(E24.16,',')) 
  1376  *CFCLOS 
  1377  FINISH  
  1378  /EXIT,NOSAVE

 RUN SETUP PROCEDURE FROM FILE= C:\Program Files\ANSYS Inc\ANSYS Student\v261\Ansys\apdl\start.ans

 /INPUT FILE= C:\Program Files\ANSYS Inc\ANSYS Student\v261\Ansys\apdl\start.ans  LINE=       0

 CURRENT JOBNAME REDEFINED AS stage10_structural

 TITLE= 
 Stage 10 isothermal discretization verification                               


 *** MAPDL - ENGINEERING ANALYSIS SYSTEM  RELEASE 2026 R1          26.1     ***
 Ansys Mechanical Enterprise Academic Student      
 01055371  VERSION=WINDOWS x64   20:26:35  SEP 14, 2026 Elapsed Time=      5.896

 Stage 10 isothermal discretization verification                               



          ***** MAPDL ANALYSIS DEFINITION (PREP7) *****

 ELEMENT TYPE          1 IS PLANE182     2-D 4-NODE PLANE STRS SOLID 
  KEYOPT( 1- 6)=        0      0      0        0      0      0
  KEYOPT( 7-12)=        0      0      0        0      0      0
  KEYOPT(13-18)=        0      0      0        0      0      0

 CURRENT NODAL DOF SET IS  UX    UY  
  TWO-DIMENSIONAL MODEL

 ELEMENT TYPE       1 IS PLANE182     2-D 4-NODE PLANE STRS SOLID 
  KEYOPT( 1- 6)=        0      0      3        0      0      0
  KEYOPT( 7-12)=        0      0      0        0      0      0
  KEYOPT(13-18)=        0      0      0        0      0      0

 CURRENT NODAL DOF SET IS  UX    UY  
  TWO-DIMENSIONAL MODEL

 REAL CONSTANT SET          1  ITEMS   1 TO   6
    1.0000       0.0000       0.0000       0.0000       0.0000       0.0000    

 ELEMENT TYPE SET TO         1

 REAL CONSTANT NUMBER=        1

 MATERIAL NUMBER SET TO         1

 MATERIAL          1     EX   =   1691.594      

 MATERIAL          1     PRXY =  0.3500000      

   Prony constants for shear response
 DATA FOR  PRON  TABLE FOR MATERIAL   1 AT TEMPERATURE=  0.0000    
 LOC=  1 3.68173e-03     1.17600e-14    

 DATA FOR  PRON  TABLE FOR MATERIAL   1 AT TEMPERATURE=  0.0000    
 LOC=  3 1.06763e-03     1.22800e-14    

 DATA FOR  PRON  TABLE FOR MATERIAL   1 AT TEMPERATURE=  0.0000    
 LOC=  5 4.64000e-03     2.87800e-14    

 DATA FOR  PRON  TABLE FOR MATERIAL   1 AT TEMPERATURE=  0.0000    
 LOC=  7 7.53786e-03     1.70100e-12    

 DATA FOR  PRON  TABLE FOR MATERIAL   1 AT TEMPERATURE=  0.0000    
 LOC=  9 1.23298e-02     9.17800e-12    

 DATA FOR  PRON  TABLE FOR MATERIAL   1 AT TEMPERATURE=  0.0000    
 LOC=  11 1.83874e-02     6.03400e-11    

 DATA FOR  PRON  TABLE FOR MATERIAL   1 AT TEMPERATURE=  0.0000    
 LOC=  13 2.69367e-02     6.18700e-09    

 DATA FOR  PRON  TABLE FOR MATERIAL   1 AT TEMPERATURE=  0.0000    
 LOC=  15 3.78554e-02     1.10200e-07    

 DATA FOR  PRON  TABLE FOR MATERIAL   1 AT TEMPERATURE=  0.0000    
 LOC=  17 5.46727e-02     1.04700e-06    

 DATA FOR  PRON  TABLE FOR MATERIAL   1 AT TEMPERATURE=  0.0000    
 LOC=  19 8.03479e-02     6.90300e-06    

 DATA FOR  PRON  TABLE FOR MATERIAL   1 AT TEMPERATURE=  0.0000    
 LOC=  21 6.70894e-02     2.58200e-05    

 DATA FOR  PRON  TABLE FOR MATERIAL   1 AT TEMPERATURE=  0.0000    
 LOC=  23 7.58255e-02     5.36300e-05    

 DATA FOR  PRON  TABLE FOR MATERIAL   1 AT TEMPERATURE=  0.0000    
 LOC=  25 1.02548e-01     1.83800e-04    

 DATA FOR  PRON  TABLE FOR MATERIAL   1 AT TEMPERATURE=  0.0000    
 LOC=  27 5.52101e-02     4.38600e-04    

 DATA FOR  PRON  TABLE FOR MATERIAL   1 AT TEMPERATURE=  0.0000    
 LOC=  29 9.68341e-02     7.57700e-04    

 DATA FOR  PRON  TABLE FOR MATERIAL   1 AT TEMPERATURE=  0.0000    
 LOC=  31 7.93991e-02     1.79500e-03    

 DATA FOR  PRON  TABLE FOR MATERIAL   1 AT TEMPERATURE=  0.0000    
 LOC=  33 7.05051e-02     2.29200e-03    

 DATA FOR  PRON  TABLE FOR MATERIAL   1 AT TEMPERATURE=  0.0000    
 LOC=  35 5.94682e-02     6.57600e-03    

 DATA FOR  PRON  TABLE FOR MATERIAL   1 AT TEMPERATURE=  0.0000    
 LOC=  37 4.76084e-02     9.92000e-03    

 DATA FOR  PRON  TABLE FOR MATERIAL   1 AT TEMPERATURE=  0.0000    
 LOC=  39 3.64295e-02     3.29000e-02    

 DATA FOR  PRON  TABLE FOR MATERIAL   1 AT TEMPERATURE=  0.0000    
 LOC=  41 2.63113e-02     5.37400e-02    

 DATA FOR  PRON  TABLE FOR MATERIAL   1 AT TEMPERATURE=  0.0000    
 LOC=  43 1.80475e-02     6.58600e-02    

 DATA FOR  PRON  TABLE FOR MATERIAL   1 AT TEMPERATURE=  0.0000    
 LOC=  45 1.10015e-02     3.50300e+01    


   Prony constants for volumetric response
 DATA FOR  PRON  TABLE FOR MATERIAL   1 AT TEMPERATURE=  0.0000    
 LOC=  1 3.68173e-03     1.17600e-14    

 DATA FOR  PRON  TABLE FOR MATERIAL   1 AT TEMPERATURE=  0.0000    
 LOC=  3 1.06763e-03     1.22800e-14    

 DATA FOR  PRON  TABLE FOR MATERIAL   1 AT TEMPERATURE=  0.0000    
 LOC=  5 4.64000e-03     2.87800e-14    

 DATA FOR  PRON  TABLE FOR MATERIAL   1 AT TEMPERATURE=  0.0000    
 LOC=  7 7.53786e-03     1.70100e-12    

 DATA FOR  PRON  TABLE FOR MATERIAL   1 AT TEMPERATURE=  0.0000    
 LOC=  9 1.23298e-02     9.17800e-12    

 DATA FOR  PRON  TABLE FOR MATERIAL   1 AT TEMPERATURE=  0.0000    
 LOC=  11 1.83874e-02     6.03400e-11    

 DATA FOR  PRON  TABLE FOR MATERIAL   1 AT TEMPERATURE=  0.0000    
 LOC=  13 2.69367e-02     6.18700e-09    

 DATA FOR  PRON  TABLE FOR MATERIAL   1 AT TEMPERATURE=  0.0000    
 LOC=  15 3.78554e-02     1.10200e-07    

 DATA FOR  PRON  TABLE FOR MATERIAL   1 AT TEMPERATURE=  0.0000    
 LOC=  17 5.46727e-02     1.04700e-06    

 DATA FOR  PRON  TABLE FOR MATERIAL   1 AT TEMPERATURE=  0.0000    
 LOC=  19 8.03479e-02     6.90300e-06    

 DATA FOR  PRON  TABLE FOR MATERIAL   1 AT TEMPERATURE=  0.0000    
 LOC=  21 6.70894e-02     2.58200e-05    

 DATA FOR  PRON  TABLE FOR MATERIAL   1 AT TEMPERATURE=  0.0000    
 LOC=  23 7.58255e-02     5.36300e-05    

 DATA FOR  PRON  TABLE FOR MATERIAL   1 AT TEMPERATURE=  0.0000    
 LOC=  25 1.02548e-01     1.83800e-04    

 DATA FOR  PRON  TABLE FOR MATERIAL   1 AT TEMPERATURE=  0.0000    
 LOC=  27 5.52101e-02     4.38600e-04    

 DATA FOR  PRON  TABLE FOR MATERIAL   1 AT TEMPERATURE=  0.0000    
 LOC=  29 9.68341e-02     7.57700e-04    

 DATA FOR  PRON  TABLE FOR MATERIAL   1 AT TEMPERATURE=  0.0000    
 LOC=  31 7.93991e-02     1.79500e-03    

 DATA FOR  PRON  TABLE FOR MATERIAL   1 AT TEMPERATURE=  0.0000    
 LOC=  33 7.05051e-02     2.29200e-03    

 DATA FOR  PRON  TABLE FOR MATERIAL   1 AT TEMPERATURE=  0.0000    
 LOC=  35 5.94682e-02     6.57600e-03    

 DATA FOR  PRON  TABLE FOR MATERIAL   1 AT TEMPERATURE=  0.0000    
 LOC=  37 4.76084e-02     9.92000e-03    

 DATA FOR  PRON  TABLE FOR MATERIAL   1 AT TEMPERATURE=  0.0000    
 LOC=  39 3.64295e-02     3.29000e-02    

 DATA FOR  PRON  TABLE FOR MATERIAL   1 AT TEMPERATURE=  0.0000    
 LOC=  41 2.63113e-02     5.37400e-02    

 DATA FOR  PRON  TABLE FOR MATERIAL   1 AT TEMPERATURE=  0.0000    
 LOC=  43 1.80475e-02     6.58600e-02    

 DATA FOR  PRON  TABLE FOR MATERIAL   1 AT TEMPERATURE=  0.0000    
 LOC=  45 1.10015e-02     3.50300e+01    


 MATERIAL          2     EX   =   1691.594      

 MATERIAL          2     PRXY =  0.3500000      

   Prony constants for shear response
 DATA FOR  PRON  TABLE FOR MATERIAL   2 AT TEMPERATURE=  0.0000    
 LOC=  1 3.68173e-03     1.17600e-13    

 DATA FOR  PRON  TABLE FOR MATERIAL   2 AT TEMPERATURE=  0.0000    
 LOC=  3 1.06763e-03     1.22800e-13    

 DATA FOR  PRON  TABLE FOR MATERIAL   2 AT TEMPERATURE=  0.0000    
 LOC=  5 4.64000e-03     2.87800e-13    

 DATA FOR  PRON  TABLE FOR MATERIAL   2 AT TEMPERATURE=  0.0000    
 LOC=  7 7.53786e-03     1.70100e-11    

 DATA FOR  PRON  TABLE FOR MATERIAL   2 AT TEMPERATURE=  0.0000    
 LOC=  9 1.23298e-02     9.17800e-11    

 DATA FOR  PRON  TABLE FOR MATERIAL   2 AT TEMPERATURE=  0.0000    
 LOC=  11 1.83874e-02     6.03400e-10    

 DATA FOR  PRON  TABLE FOR MATERIAL   2 AT TEMPERATURE=  0.0000    
 LOC=  13 2.69367e-02     6.18700e-08    

 DATA FOR  PRON  TABLE FOR MATERIAL   2 AT TEMPERATURE=  0.0000    
 LOC=  15 3.78554e-02     1.10200e-06    

 DATA FOR  PRON  TABLE FOR MATERIAL   2 AT TEMPERATURE=  0.0000    
 LOC=  17 5.46727e-02     1.04700e-05    

 DATA FOR  PRON  TABLE FOR MATERIAL   2 AT TEMPERATURE=  0.0000    
 LOC=  19 8.03479e-02     6.90300e-05    

 DATA FOR  PRON  TABLE FOR MATERIAL   2 AT TEMPERATURE=  0.0000    
 LOC=  21 6.70894e-02     2.58200e-04    

 DATA FOR  PRON  TABLE FOR MATERIAL   2 AT TEMPERATURE=  0.0000    
 LOC=  23 7.58255e-02     5.36300e-04    

 DATA FOR  PRON  TABLE FOR MATERIAL   2 AT TEMPERATURE=  0.0000    
 LOC=  25 1.02548e-01     1.83800e-03    

 DATA FOR  PRON  TABLE FOR MATERIAL   2 AT TEMPERATURE=  0.0000    
 LOC=  27 5.52101e-02     4.38600e-03    

 DATA FOR  PRON  TABLE FOR MATERIAL   2 AT TEMPERATURE=  0.0000    
 LOC=  29 9.68341e-02     7.57700e-03    

 DATA FOR  PRON  TABLE FOR MATERIAL   2 AT TEMPERATURE=  0.0000    
 LOC=  31 7.93991e-02     1.79500e-02    

 DATA FOR  PRON  TABLE FOR MATERIAL   2 AT TEMPERATURE=  0.0000    
 LOC=  33 7.05051e-02     2.29200e-02    

 DATA FOR  PRON  TABLE FOR MATERIAL   2 AT TEMPERATURE=  0.0000    
 LOC=  35 5.94682e-02     6.57600e-02    

 DATA FOR  PRON  TABLE FOR MATERIAL   2 AT TEMPERATURE=  0.0000    
 LOC=  37 4.76084e-02     9.92000e-02    

 DATA FOR  PRON  TABLE FOR MATERIAL   2 AT TEMPERATURE=  0.0000    
 LOC=  39 3.64295e-02     3.29000e-01    

 DATA FOR  PRON  TABLE FOR MATERIAL   2 AT TEMPERATURE=  0.0000    
 LOC=  41 2.63113e-02     5.37400e-01    

 DATA FOR  PRON  TABLE FOR MATERIAL   2 AT TEMPERATURE=  0.0000    
 LOC=  43 1.80475e-02     6.58600e-01    

 DATA FOR  PRON  TABLE FOR MATERIAL   2 AT TEMPERATURE=  0.0000    
 LOC=  45 1.10015e-02     3.50300e+02    


   Prony constants for volumetric response
 DATA FOR  PRON  TABLE FOR MATERIAL   2 AT TEMPERATURE=  0.0000    
 LOC=  1 3.68173e-03     1.17600e-13    

 DATA FOR  PRON  TABLE FOR MATERIAL   2 AT TEMPERATURE=  0.0000    
 LOC=  3 1.06763e-03     1.22800e-13    

 DATA FOR  PRON  TABLE FOR MATERIAL   2 AT TEMPERATURE=  0.0000    
 LOC=  5 4.64000e-03     2.87800e-13    

 DATA FOR  PRON  TABLE FOR MATERIAL   2 AT TEMPERATURE=  0.0000    
 LOC=  7 7.53786e-03     1.70100e-11    

 DATA FOR  PRON  TABLE FOR MATERIAL   2 AT TEMPERATURE=  0.0000    
 LOC=  9 1.23298e-02     9.17800e-11    

 DATA FOR  PRON  TABLE FOR MATERIAL   2 AT TEMPERATURE=  0.0000    
 LOC=  11 1.83874e-02     6.03400e-10    

 DATA FOR  PRON  TABLE FOR MATERIAL   2 AT TEMPERATURE=  0.0000    
 LOC=  13 2.69367e-02     6.18700e-08    

 DATA FOR  PRON  TABLE FOR MATERIAL   2 AT TEMPERATURE=  0.0000    
 LOC=  15 3.78554e-02     1.10200e-06    

 DATA FOR  PRON  TABLE FOR MATERIAL   2 AT TEMPERATURE=  0.0000    
 LOC=  17 5.46727e-02     1.04700e-05    

 DATA FOR  PRON  TABLE FOR MATERIAL   2 AT TEMPERATURE=  0.0000    
 LOC=  19 8.03479e-02     6.90300e-05    

 DATA FOR  PRON  TABLE FOR MATERIAL   2 AT TEMPERATURE=  0.0000    
 LOC=  21 6.70894e-02     2.58200e-04    

 DATA FOR  PRON  TABLE FOR MATERIAL   2 AT TEMPERATURE=  0.0000    
 LOC=  23 7.58255e-02     5.36300e-04    

 DATA FOR  PRON  TABLE FOR MATERIAL   2 AT TEMPERATURE=  0.0000    
 LOC=  25 1.02548e-01     1.83800e-03    

 DATA FOR  PRON  TABLE FOR MATERIAL   2 AT TEMPERATURE=  0.0000    
 LOC=  27 5.52101e-02     4.38600e-03    

 DATA FOR  PRON  TABLE FOR MATERIAL   2 AT TEMPERATURE=  0.0000    
 LOC=  29 9.68341e-02     7.57700e-03    

 DATA FOR  PRON  TABLE FOR MATERIAL   2 AT TEMPERATURE=  0.0000    
 LOC=  31 7.93991e-02     1.79500e-02    

 DATA FOR  PRON  TABLE FOR MATERIAL   2 AT TEMPERATURE=  0.0000    
 LOC=  33 7.05051e-02     2.29200e-02    

 DATA FOR  PRON  TABLE FOR MATERIAL   2 AT TEMPERATURE=  0.0000    
 LOC=  35 5.94682e-02     6.57600e-02    

 DATA FOR  PRON  TABLE FOR MATERIAL   2 AT TEMPERATURE=  0.0000    
 LOC=  37 4.76084e-02     9.92000e-02    

 DATA FOR  PRON  TABLE FOR MATERIAL   2 AT TEMPERATURE=  0.0000    
 LOC=  39 3.64295e-02     3.29000e-01    

 DATA FOR  PRON  TABLE FOR MATERIAL   2 AT TEMPERATURE=  0.0000    
 LOC=  41 2.63113e-02     5.37400e-01    

 DATA FOR  PRON  TABLE FOR MATERIAL   2 AT TEMPERATURE=  0.0000    
 LOC=  43 1.80475e-02     6.58600e-01    

 DATA FOR  PRON  TABLE FOR MATERIAL   2 AT TEMPERATURE=  0.0000    
 LOC=  45 1.10015e-02     3.50300e+02    


 NODE          1  KCS=      0  X,Y,Z=  0.0000       0.0000       0.0000     

 NODE          2  KCS=      0  X,Y,Z=  2.0000       0.0000       0.0000     

 NODE          3  KCS=      0  X,Y,Z=  4.0000       0.0000       0.0000     

 NODE          4  KCS=      0  X,Y,Z=  6.0000       0.0000       0.0000     

 NODE          5  KCS=      0  X,Y,Z=  8.0000       0.0000       0.0000     

 NODE          6  KCS=      0  X,Y,Z=  10.000       0.0000       0.0000     

 NODE          7  KCS=      0  X,Y,Z=  12.000       0.0000       0.0000     

 NODE          8  KCS=      0  X,Y,Z=  14.000       0.0000       0.0000     

 NODE          9  KCS=      0  X,Y,Z=  16.000       0.0000       0.0000     

 NODE         10  KCS=      0  X,Y,Z=  18.000       0.0000       0.0000     

 NODE         11  KCS=      0  X,Y,Z=  20.000       0.0000       0.0000     

 NODE         12  KCS=      0  X,Y,Z=  22.000       0.0000       0.0000     

 NODE         13  KCS=      0  X,Y,Z=  24.000       0.0000       0.0000     

 NODE         14  KCS=      0  X,Y,Z=  26.000       0.0000       0.0000     

 NODE         15  KCS=      0  X,Y,Z=  28.000       0.0000       0.0000     

 NODE         16  KCS=      0  X,Y,Z=  30.000       0.0000       0.0000     

 NODE         17  KCS=      0  X,Y,Z=  32.000       0.0000       0.0000     

 NODE         18  KCS=      0  X,Y,Z=  34.000       0.0000       0.0000     

 NODE         19  KCS=      0  X,Y,Z=  36.000       0.0000       0.0000     

 NODE         20  KCS=      0  X,Y,Z=  38.000       0.0000       0.0000     

 NODE         21  KCS=      0  X,Y,Z=  40.000       0.0000       0.0000     

 NODE         22  KCS=      0  X,Y,Z=  42.000       0.0000       0.0000     

 NODE         23  KCS=      0  X,Y,Z=  44.000       0.0000       0.0000     

 NODE         24  KCS=      0  X,Y,Z=  46.000       0.0000       0.0000     

 NODE         25  KCS=      0  X,Y,Z=  48.000       0.0000       0.0000     

 NODE         26  KCS=      0  X,Y,Z=  50.000       0.0000       0.0000     

 NODE         27  KCS=      0  X,Y,Z=  52.000       0.0000       0.0000     

 NODE         28  KCS=      0  X,Y,Z=  54.000       0.0000       0.0000     

 NODE         29  KCS=      0  X,Y,Z=  56.000       0.0000       0.0000     

 NODE         30  KCS=      0  X,Y,Z=  58.000       0.0000       0.0000     

 NODE         31  KCS=      0  X,Y,Z=  60.000       0.0000       0.0000     

 NODE         32  KCS=      0  X,Y,Z=  0.0000       1.0000       0.0000     

 NODE         33  KCS=      0  X,Y,Z=  2.0000       1.0000       0.0000     

 NODE         34  KCS=      0  X,Y,Z=  4.0000       1.0000       0.0000     

 NODE         35  KCS=      0  X,Y,Z=  6.0000       1.0000       0.0000     

 NODE         36  KCS=      0  X,Y,Z=  8.0000       1.0000       0.0000     

 NODE         37  KCS=      0  X,Y,Z=  10.000       1.0000       0.0000     

 NODE         38  KCS=      0  X,Y,Z=  12.000       1.0000       0.0000     

 NODE         39  KCS=      0  X,Y,Z=  14.000       1.0000       0.0000     

 NODE         40  KCS=      0  X,Y,Z=  16.000       1.0000       0.0000     

 NODE         41  KCS=      0  X,Y,Z=  18.000       1.0000       0.0000     

 NODE         42  KCS=      0  X,Y,Z=  20.000       1.0000       0.0000     

 NODE         43  KCS=      0  X,Y,Z=  22.000       1.0000       0.0000     

 NODE         44  KCS=      0  X,Y,Z=  24.000       1.0000       0.0000     

 NODE         45  KCS=      0  X,Y,Z=  26.000       1.0000       0.0000     

 NODE         46  KCS=      0  X,Y,Z=  28.000       1.0000       0.0000     

 NODE         47  KCS=      0  X,Y,Z=  30.000       1.0000       0.0000     

 NODE         48  KCS=      0  X,Y,Z=  32.000       1.0000       0.0000     

 NODE         49  KCS=      0  X,Y,Z=  34.000       1.0000       0.0000     

 NODE         50  KCS=      0  X,Y,Z=  36.000       1.0000       0.0000     

 NODE         51  KCS=      0  X,Y,Z=  38.000       1.0000       0.0000     

 NODE         52  KCS=      0  X,Y,Z=  40.000       1.0000       0.0000     

 NODE         53  KCS=      0  X,Y,Z=  42.000       1.0000       0.0000     

 NODE         54  KCS=      0  X,Y,Z=  44.000       1.0000       0.0000     

 NODE         55  KCS=      0  X,Y,Z=  46.000       1.0000       0.0000     

 NODE         56  KCS=      0  X,Y,Z=  48.000       1.0000       0.0000     

 NODE         57  KCS=      0  X,Y,Z=  50.000       1.0000       0.0000     

 NODE         58  KCS=      0  X,Y,Z=  52.000       1.0000       0.0000     

 NODE         59  KCS=      0  X,Y,Z=  54.000       1.0000       0.0000     

 NODE         60  KCS=      0  X,Y,Z=  56.000       1.0000       0.0000     

 NODE         61  KCS=      0  X,Y,Z=  58.000       1.0000       0.0000     

 NODE         62  KCS=      0  X,Y,Z=  60.000       1.0000       0.0000     

 NODE         63  KCS=      0  X,Y,Z=  0.0000       2.0000       0.0000     

 NODE         64  KCS=      0  X,Y,Z=  2.0000       2.0000       0.0000     

 NODE         65  KCS=      0  X,Y,Z=  4.0000       2.0000       0.0000     

 NODE         66  KCS=      0  X,Y,Z=  6.0000       2.0000       0.0000     

 NODE         67  KCS=      0  X,Y,Z=  8.0000       2.0000       0.0000     

 NODE         68  KCS=      0  X,Y,Z=  10.000       2.0000       0.0000     

 NODE         69  KCS=      0  X,Y,Z=  12.000       2.0000       0.0000     

 NODE         70  KCS=      0  X,Y,Z=  14.000       2.0000       0.0000     

 NODE         71  KCS=      0  X,Y,Z=  16.000       2.0000       0.0000     

 NODE         72  KCS=      0  X,Y,Z=  18.000       2.0000       0.0000     

 NODE         73  KCS=      0  X,Y,Z=  20.000       2.0000       0.0000     

 NODE         74  KCS=      0  X,Y,Z=  22.000       2.0000       0.0000     

 NODE         75  KCS=      0  X,Y,Z=  24.000       2.0000       0.0000     

 NODE         76  KCS=      0  X,Y,Z=  26.000       2.0000       0.0000     

 NODE         77  KCS=      0  X,Y,Z=  28.000       2.0000       0.0000     

 NODE         78  KCS=      0  X,Y,Z=  30.000       2.0000       0.0000     

 NODE         79  KCS=      0  X,Y,Z=  32.000       2.0000       0.0000     

 NODE         80  KCS=      0  X,Y,Z=  34.000       2.0000       0.0000     

 NODE         81  KCS=      0  X,Y,Z=  36.000       2.0000       0.0000     

 NODE         82  KCS=      0  X,Y,Z=  38.000       2.0000       0.0000     

 NODE         83  KCS=      0  X,Y,Z=  40.000       2.0000       0.0000     

 NODE         84  KCS=      0  X,Y,Z=  42.000       2.0000       0.0000     

 NODE         85  KCS=      0  X,Y,Z=  44.000       2.0000       0.0000     

 NODE         86  KCS=      0  X,Y,Z=  46.000       2.0000       0.0000     

 NODE         87  KCS=      0  X,Y,Z=  48.000       2.0000       0.0000     

 NODE         88  KCS=      0  X,Y,Z=  50.000       2.0000       0.0000     

 NODE         89  KCS=      0  X,Y,Z=  52.000       2.0000       0.0000     

 NODE         90  KCS=      0  X,Y,Z=  54.000       2.0000       0.0000     

 NODE         91  KCS=      0  X,Y,Z=  56.000       2.0000       0.0000     

 NODE         92  KCS=      0  X,Y,Z=  58.000       2.0000       0.0000     

 NODE         93  KCS=      0  X,Y,Z=  60.000       2.0000       0.0000     

 NODE         94  KCS=      0  X,Y,Z=  0.0000       3.0000       0.0000     

 NODE         95  KCS=      0  X,Y,Z=  2.0000       3.0000       0.0000     

 NODE         96  KCS=      0  X,Y,Z=  4.0000       3.0000       0.0000     

 NODE         97  KCS=      0  X,Y,Z=  6.0000       3.0000       0.0000     

 NODE         98  KCS=      0  X,Y,Z=  8.0000       3.0000       0.0000     

 NODE         99  KCS=      0  X,Y,Z=  10.000       3.0000       0.0000     

 NODE        100  KCS=      0  X,Y,Z=  12.000       3.0000       0.0000     

 NODE        101  KCS=      0  X,Y,Z=  14.000       3.0000       0.0000     

 NODE        102  KCS=      0  X,Y,Z=  16.000       3.0000       0.0000     

 NODE        103  KCS=      0  X,Y,Z=  18.000       3.0000       0.0000     

 NODE        104  KCS=      0  X,Y,Z=  20.000       3.0000       0.0000     

 NODE        105  KCS=      0  X,Y,Z=  22.000       3.0000       0.0000     

 NODE        106  KCS=      0  X,Y,Z=  24.000       3.0000       0.0000     

 NODE        107  KCS=      0  X,Y,Z=  26.000       3.0000       0.0000     

 NODE        108  KCS=      0  X,Y,Z=  28.000       3.0000       0.0000     

 NODE        109  KCS=      0  X,Y,Z=  30.000       3.0000       0.0000     

 NODE        110  KCS=      0  X,Y,Z=  32.000       3.0000       0.0000     

 NODE        111  KCS=      0  X,Y,Z=  34.000       3.0000       0.0000     

 NODE        112  KCS=      0  X,Y,Z=  36.000       3.0000       0.0000     

 NODE        113  KCS=      0  X,Y,Z=  38.000       3.0000       0.0000     

 NODE        114  KCS=      0  X,Y,Z=  40.000       3.0000       0.0000     

 NODE        115  KCS=      0  X,Y,Z=  42.000       3.0000       0.0000     

 NODE        116  KCS=      0  X,Y,Z=  44.000       3.0000       0.0000     

 NODE        117  KCS=      0  X,Y,Z=  46.000       3.0000       0.0000     

 NODE        118  KCS=      0  X,Y,Z=  48.000       3.0000       0.0000     

 NODE        119  KCS=      0  X,Y,Z=  50.000       3.0000       0.0000     

 NODE        120  KCS=      0  X,Y,Z=  52.000       3.0000       0.0000     

 NODE        121  KCS=      0  X,Y,Z=  54.000       3.0000       0.0000     

 NODE        122  KCS=      0  X,Y,Z=  56.000       3.0000       0.0000     

 NODE        123  KCS=      0  X,Y,Z=  58.000       3.0000       0.0000     

 NODE        124  KCS=      0  X,Y,Z=  60.000       3.0000       0.0000     

 NODE        125  KCS=      0  X,Y,Z=  0.0000       4.0000       0.0000     

 NODE        126  KCS=      0  X,Y,Z=  2.0000       4.0000       0.0000     

 NODE        127  KCS=      0  X,Y,Z=  4.0000       4.0000       0.0000     

 NODE        128  KCS=      0  X,Y,Z=  6.0000       4.0000       0.0000     

 NODE        129  KCS=      0  X,Y,Z=  8.0000       4.0000       0.0000     

 NODE        130  KCS=      0  X,Y,Z=  10.000       4.0000       0.0000     

 NODE        131  KCS=      0  X,Y,Z=  12.000       4.0000       0.0000     

 NODE        132  KCS=      0  X,Y,Z=  14.000       4.0000       0.0000     

 NODE        133  KCS=      0  X,Y,Z=  16.000       4.0000       0.0000     

 NODE        134  KCS=      0  X,Y,Z=  18.000       4.0000       0.0000     

 NODE        135  KCS=      0  X,Y,Z=  20.000       4.0000       0.0000     

 NODE        136  KCS=      0  X,Y,Z=  22.000       4.0000       0.0000     

 NODE        137  KCS=      0  X,Y,Z=  24.000       4.0000       0.0000     

 NODE        138  KCS=      0  X,Y,Z=  26.000       4.0000       0.0000     

 NODE        139  KCS=      0  X,Y,Z=  28.000       4.0000       0.0000     

 NODE        140  KCS=      0  X,Y,Z=  30.000       4.0000       0.0000     

 NODE        141  KCS=      0  X,Y,Z=  32.000       4.0000       0.0000     

 NODE        142  KCS=      0  X,Y,Z=  34.000       4.0000       0.0000     

 NODE        143  KCS=      0  X,Y,Z=  36.000       4.0000       0.0000     

 NODE        144  KCS=      0  X,Y,Z=  38.000       4.0000       0.0000     

 NODE        145  KCS=      0  X,Y,Z=  40.000       4.0000       0.0000     

 NODE        146  KCS=      0  X,Y,Z=  42.000       4.0000       0.0000     

 NODE        147  KCS=      0  X,Y,Z=  44.000       4.0000       0.0000     

 NODE        148  KCS=      0  X,Y,Z=  46.000       4.0000       0.0000     

 NODE        149  KCS=      0  X,Y,Z=  48.000       4.0000       0.0000     

 NODE        150  KCS=      0  X,Y,Z=  50.000       4.0000       0.0000     

 NODE        151  KCS=      0  X,Y,Z=  52.000       4.0000       0.0000     

 NODE        152  KCS=      0  X,Y,Z=  54.000       4.0000       0.0000     

 NODE        153  KCS=      0  X,Y,Z=  56.000       4.0000       0.0000     

 NODE        154  KCS=      0  X,Y,Z=  58.000       4.0000       0.0000     

 NODE        155  KCS=      0  X,Y,Z=  60.000       4.0000       0.0000     

 MATERIAL NUMBER SET TO         1

 ELEMENT      1       1      2     33     32

 ELEMENT      2       2      3     34     33

 ELEMENT      3       3      4     35     34

 ELEMENT      4       4      5     36     35

 ELEMENT      5       5      6     37     36

 ELEMENT      6       6      7     38     37

 ELEMENT      7       7      8     39     38

 ELEMENT      8       8      9     40     39

 ELEMENT      9       9     10     41     40

 ELEMENT     10      10     11     42     41

 ELEMENT     11      11     12     43     42

 ELEMENT     12      12     13     44     43

 ELEMENT     13      13     14     45     44

 ELEMENT     14      14     15     46     45

 ELEMENT     15      15     16     47     46

 ELEMENT     16      16     17     48     47

 ELEMENT     17      17     18     49     48

 ELEMENT     18      18     19     50     49

 ELEMENT     19      19     20     51     50

 ELEMENT     20      20     21     52     51

 ELEMENT     21      21     22     53     52

 ELEMENT     22      22     23     54     53

 ELEMENT     23      23     24     55     54

 ELEMENT     24      24     25     56     55

 ELEMENT     25      25     26     57     56

 ELEMENT     26      26     27     58     57

 ELEMENT     27      27     28     59     58

 ELEMENT     28      28     29     60     59

 ELEMENT     29      29     30     61     60

 ELEMENT     30      30     31     62     61

 MATERIAL NUMBER SET TO         1

 ELEMENT     31      32     33     64     63

 ELEMENT     32      33     34     65     64

 ELEMENT     33      34     35     66     65

 ELEMENT     34      35     36     67     66

 ELEMENT     35      36     37     68     67

 ELEMENT     36      37     38     69     68

 ELEMENT     37      38     39     70     69

 ELEMENT     38      39     40     71     70

 ELEMENT     39      40     41     72     71

 ELEMENT     40      41     42     73     72

 ELEMENT     41      42     43     74     73

 ELEMENT     42      43     44     75     74

 ELEMENT     43      44     45     76     75

 ELEMENT     44      45     46     77     76

 ELEMENT     45      46     47     78     77

 ELEMENT     46      47     48     79     78

 ELEMENT     47      48     49     80     79

 ELEMENT     48      49     50     81     80

 ELEMENT     49      50     51     82     81

 ELEMENT     50      51     52     83     82

 ELEMENT     51      52     53     84     83

 ELEMENT     52      53     54     85     84

 ELEMENT     53      54     55     86     85

 ELEMENT     54      55     56     87     86

 ELEMENT     55      56     57     88     87

 ELEMENT     56      57     58     89     88

 ELEMENT     57      58     59     90     89

 ELEMENT     58      59     60     91     90

 ELEMENT     59      60     61     92     91

 ELEMENT     60      61     62     93     92

 MATERIAL NUMBER SET TO         2

 ELEMENT     61      63     64     95     94

 ELEMENT     62      64     65     96     95

 ELEMENT     63      65     66     97     96

 ELEMENT     64      66     67     98     97

 ELEMENT     65      67     68     99     98

 ELEMENT     66      68     69    100     99

 ELEMENT     67      69     70    101    100

 ELEMENT     68      70     71    102    101

 ELEMENT     69      71     72    103    102

 ELEMENT     70      72     73    104    103

 ELEMENT     71      73     74    105    104

 ELEMENT     72      74     75    106    105

 ELEMENT     73      75     76    107    106

 ELEMENT     74      76     77    108    107

 ELEMENT     75      77     78    109    108

 ELEMENT     76      78     79    110    109

 ELEMENT     77      79     80    111    110

 ELEMENT     78      80     81    112    111

 ELEMENT     79      81     82    113    112

 ELEMENT     80      82     83    114    113

 ELEMENT     81      83     84    115    114

 ELEMENT     82      84     85    116    115

 ELEMENT     83      85     86    117    116

 ELEMENT     84      86     87    118    117

 ELEMENT     85      87     88    119    118

 ELEMENT     86      88     89    120    119

 ELEMENT     87      89     90    121    120

 ELEMENT     88      90     91    122    121

 ELEMENT     89      91     92    123    122

 ELEMENT     90      92     93    124    123

 MATERIAL NUMBER SET TO         2

 ELEMENT     91      94     95    126    125

 ELEMENT     92      95     96    127    126

 ELEMENT     93      96     97    128    127

 ELEMENT     94      97     98    129    128

 ELEMENT     95      98     99    130    129

 ELEMENT     96      99    100    131    130

 ELEMENT     97     100    101    132    131

 ELEMENT     98     101    102    133    132

 ELEMENT     99     102    103    134    133

 ELEMENT    100     103    104    135    134

 ELEMENT    101     104    105    136    135

 ELEMENT    102     105    106    137    136

 ELEMENT    103     106    107    138    137

 ELEMENT    104     107    108    139    138

 ELEMENT    105     108    109    140    139

 ELEMENT    106     109    110    141    140

 ELEMENT    107     110    111    142    141

 ELEMENT    108     111    112    143    142

 ELEMENT    109     112    113    144    143

 ELEMENT    110     113    114    145    144

 ELEMENT    111     114    115    146    145

 ELEMENT    112     115    116    147    146

 ELEMENT    113     116    117    148    147

 ELEMENT    114     117    118    149    148

 ELEMENT    115     118    119    150    149

 ELEMENT    116     119    120    151    150

 ELEMENT    117     120    121    152    151

 ELEMENT    118     121    122    153    152

 ELEMENT    119     122    123    154    153

 ELEMENT    120     123    124    155    154

 SPECIFIED CONSTRAINT UX   FOR SELECTED NODES            1 TO           1 BY           1
 REAL=  0.00000000       IMAG=  0.00000000    

 SPECIFIED CONSTRAINT UY   FOR SELECTED NODES            1 TO           1 BY           1
 REAL=  0.00000000       IMAG=  0.00000000    

 SPECIFIED CONSTRAINT UX   FOR SELECTED NODES           32 TO          32 BY           1
 REAL=  0.00000000       IMAG=  0.00000000    

 SPECIFIED CONSTRAINT UY   FOR SELECTED NODES           32 TO          32 BY           1
 REAL=  0.00000000       IMAG=  0.00000000    

 SPECIFIED CONSTRAINT UX   FOR SELECTED NODES           63 TO          63 BY           1
 REAL=  0.00000000       IMAG=  0.00000000    

 SPECIFIED CONSTRAINT UY   FOR SELECTED NODES           63 TO          63 BY           1
 REAL=  0.00000000       IMAG=  0.00000000    

 SPECIFIED CONSTRAINT UX   FOR SELECTED NODES           94 TO          94 BY           1
 REAL=  0.00000000       IMAG=  0.00000000    

 SPECIFIED CONSTRAINT UY   FOR SELECTED NODES           94 TO          94 BY           1
 REAL=  0.00000000       IMAG=  0.00000000    

 SPECIFIED CONSTRAINT UX   FOR SELECTED NODES          125 TO         125 BY           1
 REAL=  0.00000000       IMAG=  0.00000000    

 SPECIFIED CONSTRAINT UY   FOR SELECTED NODES          125 TO         125 BY           1
 REAL=  0.00000000       IMAG=  0.00000000    


 ***** ROUTINE COMPLETED *****  ELAPSED TIME =         5.924



 *****  MAPDL SOLUTION ROUTINE  *****


 PERFORM A STATIC ANALYSIS
  THIS WILL BE A NEW ANALYSIS

 SMALL DEFORMATION ANALYSIS

 DO NOT USE AUTOMATIC TIME STEPPING THIS LOAD STEP

 STEP BOUNDARY CONDITION KEY= 0

 ERASE THE CURRENT DATABASE OUTPUT CONTROL TABLE.


 WRITE ALL  ITEMS TO THE DATABASE WITH A FREQUENCY OF LAST
   FOR ALL APPLICABLE ENTITIES

 REFERENCE TEMPERATURE=  65.000  (TUNIF=  65.000)

 SPECIFIED BODY FORCE TEMP FOR ALL SELECTED NODES SET TO   65.0000000 

 SPECIFIED NODAL LOAD FY   FOR SELECTED NODES        31 TO       31 BY        1
  REAL=-1.250000000E-04   IMAG=  0.00000000    

 SPECIFIED NODAL LOAD FY   FOR SELECTED NODES        62 TO       62 BY        1
  REAL=-2.500000000E-04   IMAG=  0.00000000    

 SPECIFIED NODAL LOAD FY   FOR SELECTED NODES        93 TO       93 BY        1
  REAL=-2.500000000E-04   IMAG=  0.00000000    

 SPECIFIED NODAL LOAD FY   FOR SELECTED NODES       124 TO      124 BY        1
  REAL=-2.500000000E-04   IMAG=  0.00000000    

 SPECIFIED NODAL LOAD FY   FOR SELECTED NODES       155 TO      155 BY        1
  REAL=-1.250000000E-04   IMAG=  0.00000000    

 TIME=  1.0000    

 USE INITIAL TIME STEP SIZE OF 0.1000000E-01 FOR ALL  DEGREES OF FREEDOM
 FOR AUTOMATIC TIME STEPPING:
   USE 0.1000000E-01 AS THE MINIMUM TIME STEP SIZE
   USE 0.1000000E-01 AS THE MAXIMUM TIME STEP SIZE

 *****  MAPDL SOLVE    COMMAND  *****

 *** SELECTION OF ELEMENT TECHNOLOGIES FOR APPLICABLE ELEMENTS ***
                ---GIVE SUGGESTIONS ONLY---

 ELEMENT TYPE  1 IS PLANE182 WITH PLANE STRESS OPTION. IT IS ASSOCIATED WITH
 ELASTOPLASTIC MATERIALS ONLY. KEYOPT(1)=2 IS SUGGESTED.



 *** MAPDL - ENGINEERING ANALYSIS SYSTEM  RELEASE 2026 R1          26.1     ***
 Ansys Mechanical Enterprise Academic Student      
 01055371  VERSION=WINDOWS x64   20:26:35  SEP 14, 2026 Elapsed Time=      5.958

 Stage 10 isothermal discretization verification                               



                       S O L U T I O N   O P T I O N S

   PROBLEM DIMENSIONALITY. . . . . . . . . . . . .2-D                  
   DEGREES OF FREEDOM. . . . . . UX   UY  
   ANALYSIS TYPE . . . . . . . . . . . . . . . . .STATIC (STEADY-STATE)
   NEWTON-RAPHSON OPTION . . . . . . . . . . . . .PROGRAM CHOSEN   
   GLOBALLY ASSEMBLED MATRIX . . . . . . . . . . .SYMMETRIC  

 *** NOTE ***                            ELAPSED TIME =       5.959   TIME= 20:26:35
 This nonlinear analysis defaults to using the initial stiffness         
 Newton-Raphson solution procedure.  This can be modified using the      
 NROPT command.                                                          

 *** NOTE ***                            ELAPSED TIME =       5.959   TIME= 20:26:35
 The conditions for direct assembly have been met.  No .emat or .erot    
 files will be produced.                                                 

                      L O A D   S T E P   O P T I O N S

   LOAD STEP NUMBER. . . . . . . . . . . . . . . .     1
   TIME AT END OF THE LOAD STEP. . . . . . . . . .  1.0000    
   TIME STEP SIZE. . . . . . . . . . . . . . . . . 0.10000E-01
   MAXIMUM NUMBER OF EQUILIBRIUM ITERATIONS. . . .    15
   STEP CHANGE BOUNDARY CONDITIONS . . . . . . . .    NO
   TERMINATE ANALYSIS IF NOT CONVERGED . . . . . .YES (EXIT)  
   CONVERGENCE CONTROLS. . . . . . . . . . . . . .USE DEFAULTS
   PRINT OUTPUT CONTROLS . . . . . . . . . . . . .NO PRINTOUT
   DATABASE OUTPUT CONTROLS
      ITEM     FREQUENCY   COMPONENT
       ALL       LAST               


 SOLUTION MONITORING INFO IS WRITTEN TO FILE= stage10_structural.mntr                                                                                                                                                                                                                                             


 Range of element maximum matrix coefficients in global coordinates
 Maximum = 540.214664 at element 119.                                    
 Minimum = 220.680489 at element 60.                                     

   *** ELEMENT MATRIX FORMULATION TIMES
     TYPE    NUMBER     ENAME   TOTAL ELAPSED   AVG ELAPSED

        1       120  PLANE182          0.0249   0.000207268
 Elapsed Time at end of element matrix formulation = 6.2380303.          

 ALL CURRENT MAPDL DATA WRITTEN TO FILE NAME= stage10_structural.rdb
  FOR POSSIBLE RESUME FROM THIS POINT
     FORCE CONVERGENCE VALUE  =  0.4677E-05  CRITERION=  0.5000E-04

 SPARSE MATRIX DIRECT SOLVER.
  Number of equations =         300,    Maximum wavefront =     10


  Memory allocated on this process
  -------------------------------------------------------------------
  Equation solver memory allocated                     =     0.240 MB
  Equation solver memory required for in-core mode     =     0.232 MB
  Equation solver memory required for out-of-core mode =     0.208 MB
  Total (solver and non-solver) memory allocated       =   357.271 MB

 *** NOTE ***                            ELAPSED TIME =       6.302   TIME= 20:26:36
 The Sparse Matrix Solver is currently running in the in-core memory     
 mode.  This memory mode uses the most amount of memory in order to      
 avoid using the hard drive as much as possible, which most often        
 results in the fastest solution time.  This mode is recommended if      
 enough physical memory is present to accommodate all of the solver      
 data.                                                                   
 Sparse solver maximum pivot= 1521.79031 at node 78 UY.                  
 Sparse solver minimum pivot= 0.218059231 at node 48 UY.                 
 Sparse solver minimum pivot in absolute value= 0.218059231 at node 48   
 UY.                                                                     
     DISP CONVERGENCE VALUE   =  0.3007E-03  CRITERION=  0.1504E-04
    EQUIL ITER   1 COMPLETED.  NEW TRIANG MATRIX.  MAX DOF INC= -0.3007E-03
     FORCE CONVERGENCE VALUE  =  0.5981E-15  CRITERION=  0.5000E-04 <<< CONVERGED

 *** WARNING ***                         ELAPSED TIME =       6.327   TIME= 20:26:36
 A reference force value times the tolerance is used by the              
 Newton-Raphson method for checking convergence.  The calculated         
 reference FORCE CONVERGENCE VALUE = 2.125846875E-04 is less than a      
 threshold.  This threshold is internally calculated.  You can           
 overwrite it by specifying MINREF on the CNVTOL command.  Check         
 results carefully.                                                      
     DISP CONVERGENCE VALUE   =  0.2718E-13  CRITERION=  0.1504E-04 <<< CONVERGED
    EQUIL ITER   2 COMPLETED.  OLD TRIANG MATRIX.  MAX DOF INC = -0.2718E-13
    >>> SOLUTION CONVERGED AFTER EQUILIBRIUM ITERATION   2

   *** ELEMENT RESULT CALCULATION TIMES
     TYPE    NUMBER     ENAME   TOTAL ELAPSED   AVG ELAPSED

        1       120  PLANE182          0.0176   0.000146656

   *** NODAL LOAD CALCULATION TIMES
     TYPE    NUMBER     ENAME   TOTAL ELAPSED   AVG ELAPSED

        1       120  PLANE182          0.0003   0.000002809
 *** LOAD STEP     1   SUBSTEP     1  COMPLETED.    CUM ITER =      2
 *** TIME =  0.100000E-01     TIME INC =  0.100000E-01
 *** MAX VISCOELASTIC STRAIN STEP = 0.4169E-06

     FORCE CONVERGENCE VALUE  =  0.4488E-05  CRITERION=  0.5000E-04
     DISP CONVERGENCE VALUE   =  0.1119E-03  CRITERION=  0.2063E-04
    EQUIL ITER   1 COMPLETED.  OLD TRIANG MATRIX.  MAX DOF INC= -0.1119E-03
     FORCE CONVERGENCE VALUE  =  0.6798E-15  CRITERION=  0.5000E-04 <<< CONVERGED
     DISP CONVERGENCE VALUE   =  0.1011E-13  CRITERION=  0.2063E-04 <<< CONVERGED
    EQUIL ITER   2 COMPLETED.  OLD TRIANG MATRIX.  MAX DOF INC = -0.1011E-13
    >>> SOLUTION CONVERGED AFTER EQUILIBRIUM ITERATION   2
 *** LOAD STEP     1   SUBSTEP     2  COMPLETED.    CUM ITER =      4
 *** TIME =  0.200000E-01     TIME INC =  0.100000E-01
 *** MAX VISCOELASTIC STRAIN STEP = 0.6149E-06

     FORCE CONVERGENCE VALUE  =  0.3633E-05  CRITERION=  0.5000E-04
     DISP CONVERGENCE VALUE   =  0.8413E-04  CRITERION=  0.2484E-04
    EQUIL ITER   1 COMPLETED.  OLD TRIANG MATRIX.  MAX DOF INC= -0.8413E-04
     FORCE CONVERGENCE VALUE  =  0.8696E-15  CRITERION=  0.5000E-04 <<< CONVERGED
     DISP CONVERGENCE VALUE   =  0.7595E-14  CRITERION=  0.2484E-04 <<< CONVERGED
    EQUIL ITER   2 COMPLETED.  OLD TRIANG MATRIX.  MAX DOF INC = -0.7595E-14
    >>> SOLUTION CONVERGED AFTER EQUILIBRIUM ITERATION   2
 *** LOAD STEP     1   SUBSTEP     3  COMPLETED.    CUM ITER =      6
 *** TIME =  0.300000E-01     TIME INC =  0.100000E-01
 *** MAX VISCOELASTIC STRAIN STEP = 0.7637E-06

     FORCE CONVERGENCE VALUE  =  0.3237E-05  CRITERION=  0.5000E-04
     DISP CONVERGENCE VALUE   =  0.7108E-04  CRITERION=  0.2839E-04
    EQUIL ITER   1 COMPLETED.  OLD TRIANG MATRIX.  MAX DOF INC= -0.7108E-04
     FORCE CONVERGENCE VALUE  =  0.1087E-14  CRITERION=  0.5000E-04 <<< CONVERGED
     DISP CONVERGENCE VALUE   =  0.6416E-14  CRITERION=  0.2839E-04 <<< CONVERGED
    EQUIL ITER   2 COMPLETED.  OLD TRIANG MATRIX.  MAX DOF INC = -0.6416E-14
    >>> SOLUTION CONVERGED AFTER EQUILIBRIUM ITERATION   2
 *** LOAD STEP     1   SUBSTEP     4  COMPLETED.    CUM ITER =      8
 *** TIME =  0.400000E-01     TIME INC =  0.100000E-01
 *** MAX VISCOELASTIC STRAIN STEP = 0.8898E-06

     FORCE CONVERGENCE VALUE  =  0.3039E-05  CRITERION=  0.5000E-04
     DISP CONVERGENCE VALUE   =  0.6325E-04  CRITERION=  0.3156E-04
    EQUIL ITER   1 COMPLETED.  OLD TRIANG MATRIX.  MAX DOF INC= -0.6325E-04
     FORCE CONVERGENCE VALUE  =  0.1595E-14  CRITERION=  0.5000E-04 <<< CONVERGED
     DISP CONVERGENCE VALUE   =  0.5710E-14  CRITERION=  0.3156E-04 <<< CONVERGED
    EQUIL ITER   2 COMPLETED.  OLD TRIANG MATRIX.  MAX DOF INC = -0.5710E-14
    >>> SOLUTION CONVERGED AFTER EQUILIBRIUM ITERATION   2
 *** LOAD STEP     1   SUBSTEP     5  COMPLETED.    CUM ITER =     10
 *** TIME =  0.500000E-01     TIME INC =  0.100000E-01
 *** MAX VISCOELASTIC STRAIN STEP = 0.1002E-05

     FORCE CONVERGENCE VALUE  =  0.2939E-05  CRITERION=  0.5000E-04
     DISP CONVERGENCE VALUE   =  0.5795E-04  CRITERION=  0.3445E-04
    EQUIL ITER   1 COMPLETED.  OLD TRIANG MATRIX.  MAX DOF INC= -0.5795E-04
     FORCE CONVERGENCE VALUE  =  0.2397E-14  CRITERION=  0.5000E-04 <<< CONVERGED
     DISP CONVERGENCE VALUE   =  0.5231E-14  CRITERION=  0.3445E-04 <<< CONVERGED
    EQUIL ITER   2 COMPLETED.  OLD TRIANG MATRIX.  MAX DOF INC = -0.5231E-14
    >>> SOLUTION CONVERGED AFTER EQUILIBRIUM ITERATION   2
 *** LOAD STEP     1   SUBSTEP     6  COMPLETED.    CUM ITER =     12
 *** TIME =  0.600000E-01     TIME INC =  0.100000E-01
 *** MAX VISCOELASTIC STRAIN STEP = 0.1106E-05

     FORCE CONVERGENCE VALUE  =  0.2878E-05  CRITERION=  0.5000E-04
     DISP CONVERGENCE VALUE   =  0.5403E-04  CRITERION=  0.3715E-04
    EQUIL ITER   1 COMPLETED.  OLD TRIANG MATRIX.  MAX DOF INC= -0.5403E-04
     FORCE CONVERGENCE VALUE  =  0.2355E-14  CRITERION=  0.5000E-04 <<< CONVERGED
     DISP CONVERGENCE VALUE   =  0.4875E-14  CRITERION=  0.3715E-04 <<< CONVERGED
    EQUIL ITER   2 COMPLETED.  OLD TRIANG MATRIX.  MAX DOF INC = -0.4875E-14
    >>> SOLUTION CONVERGED AFTER EQUILIBRIUM ITERATION   2
 *** LOAD STEP     1   SUBSTEP     7  COMPLETED.    CUM ITER =     14
 *** TIME =  0.700000E-01     TIME INC =  0.100000E-01
 *** MAX VISCOELASTIC STRAIN STEP = 0.1203E-05

     FORCE CONVERGENCE VALUE  =  0.2827E-05  CRITERION=  0.5000E-04
     DISP CONVERGENCE VALUE   =  0.5094E-04  CRITERION=  0.3970E-04
    EQUIL ITER   1 COMPLETED.  OLD TRIANG MATRIX.  MAX DOF INC= -0.5094E-04
     FORCE CONVERGENCE VALUE  =  0.3068E-14  CRITERION=  0.5000E-04 <<< CONVERGED
     DISP CONVERGENCE VALUE   =  0.4597E-14  CRITERION=  0.3970E-04 <<< CONVERGED
    EQUIL ITER   2 COMPLETED.  OLD TRIANG MATRIX.  MAX DOF INC = -0.4597E-14
    >>> SOLUTION CONVERGED AFTER EQUILIBRIUM ITERATION   2
 *** LOAD STEP     1   SUBSTEP     8  COMPLETED.    CUM ITER =     16
 *** TIME =  0.800000E-01     TIME INC =  0.100000E-01
 *** MAX VISCOELASTIC STRAIN STEP = 0.1294E-05

     FORCE CONVERGENCE VALUE  =  0.2772E-05  CRITERION=  0.5000E-04
     DISP CONVERGENCE VALUE   =  0.4839E-04  CRITERION=  0.4212E-04
    EQUIL ITER   1 COMPLETED.  OLD TRIANG MATRIX.  MAX DOF INC= -0.4839E-04
     FORCE CONVERGENCE VALUE  =  0.4326E-14  CRITERION=  0.5000E-04 <<< CONVERGED
     DISP CONVERGENCE VALUE   =  0.4366E-14  CRITERION=  0.4212E-04 <<< CONVERGED
    EQUIL ITER   2 COMPLETED.  OLD TRIANG MATRIX.  MAX DOF INC = -0.4366E-14
    >>> SOLUTION CONVERGED AFTER EQUILIBRIUM ITERATION   2
 *** LOAD STEP     1   SUBSTEP     9  COMPLETED.    CUM ITER =     18
 *** TIME =  0.900000E-01     TIME INC =  0.100000E-01
 *** MAX VISCOELASTIC STRAIN STEP = 0.1382E-05

     FORCE CONVERGENCE VALUE  =  0.2708E-05  CRITERION=  0.5000E-04
     DISP CONVERGENCE VALUE   =  0.4620E-04  CRITERION=  0.4443E-04
    EQUIL ITER   1 COMPLETED.  OLD TRIANG MATRIX.  MAX DOF INC= -0.4620E-04
     FORCE CONVERGENCE VALUE  =  0.4306E-14  CRITERION=  0.5000E-04 <<< CONVERGED
     DISP CONVERGENCE VALUE   =  0.4168E-14  CRITERION=  0.4443E-04 <<< CONVERGED
    EQUIL ITER   2 COMPLETED.  OLD TRIANG MATRIX.  MAX DOF INC = -0.4168E-14
    >>> SOLUTION CONVERGED AFTER EQUILIBRIUM ITERATION   2
 *** LOAD STEP     1   SUBSTEP    10  COMPLETED.    CUM ITER =     20
 *** TIME =  0.100000         TIME INC =  0.100000E-01
 *** MAX VISCOELASTIC STRAIN STEP = 0.1465E-05

     FORCE CONVERGENCE VALUE  =  0.2637E-05  CRITERION=  0.5000E-04
     DISP CONVERGENCE VALUE   =  0.4428E-04  CRITERION=  0.4665E-04 <<< CONVERGED
    EQUIL ITER   1 COMPLETED.  OLD TRIANG MATRIX.  MAX DOF INC= -0.4428E-04
     FORCE CONVERGENCE VALUE  =  0.5514E-14  CRITERION=  0.5000E-04 <<< CONVERGED
    >>> SOLUTION CONVERGED AFTER EQUILIBRIUM ITERATION   1
 *** LOAD STEP     1   SUBSTEP    11  COMPLETED.    CUM ITER =     21
 *** TIME =  0.110000         TIME INC =  0.100000E-01
 *** MAX VISCOELASTIC STRAIN STEP = 0.1545E-05

     FORCE CONVERGENCE VALUE  =  0.2558E-05  CRITERION=  0.5000E-04
     DISP CONVERGENCE VALUE   =  0.4256E-04  CRITERION=  0.4877E-04 <<< CONVERGED
    EQUIL ITER   1 COMPLETED.  OLD TRIANG MATRIX.  MAX DOF INC= -0.4256E-04
     FORCE CONVERGENCE VALUE  =  0.6374E-14  CRITERION=  0.5000E-04 <<< CONVERGED
    >>> SOLUTION CONVERGED AFTER EQUILIBRIUM ITERATION   1
 *** LOAD STEP     1   SUBSTEP    12  COMPLETED.    CUM ITER =     22
 *** TIME =  0.120000         TIME INC =  0.100000E-01
 *** MAX VISCOELASTIC STRAIN STEP = 0.1622E-05

     FORCE CONVERGENCE VALUE  =  0.2474E-05  CRITERION=  0.5000E-04
     DISP CONVERGENCE VALUE   =  0.4100E-04  CRITERION=  0.5082E-04 <<< CONVERGED
    EQUIL ITER   1 COMPLETED.  OLD TRIANG MATRIX.  MAX DOF INC= -0.4100E-04
     FORCE CONVERGENCE VALUE  =  0.7372E-14  CRITERION=  0.5000E-04 <<< CONVERGED
    >>> SOLUTION CONVERGED AFTER EQUILIBRIUM ITERATION   1
 *** LOAD STEP     1   SUBSTEP    13  COMPLETED.    CUM ITER =     23
 *** TIME =  0.130000         TIME INC =  0.100000E-01
 *** MAX VISCOELASTIC STRAIN STEP = 0.1696E-05

     FORCE CONVERGENCE VALUE  =  0.2386E-05  CRITERION=  0.5000E-04
     DISP CONVERGENCE VALUE   =  0.3958E-04  CRITERION=  0.5280E-04 <<< CONVERGED
    EQUIL ITER   1 COMPLETED.  OLD TRIANG MATRIX.  MAX DOF INC= -0.3958E-04
     FORCE CONVERGENCE VALUE  =  0.6126E-14  CRITERION=  0.5000E-04 <<< CONVERGED
    >>> SOLUTION CONVERGED AFTER EQUILIBRIUM ITERATION   1
 *** LOAD STEP     1   SUBSTEP    14  COMPLETED.    CUM ITER =     24
 *** TIME =  0.140000         TIME INC =  0.100000E-01
 *** MAX VISCOELASTIC STRAIN STEP = 0.1768E-05

     FORCE CONVERGENCE VALUE  =  0.2296E-05  CRITERION=  0.5000E-04
     DISP CONVERGENCE VALUE   =  0.3825E-04  CRITERION=  0.5471E-04 <<< CONVERGED
    EQUIL ITER   1 COMPLETED.  OLD TRIANG MATRIX.  MAX DOF INC= -0.3825E-04
     FORCE CONVERGENCE VALUE  =  0.7298E-14  CRITERION=  0.5000E-04 <<< CONVERGED
    >>> SOLUTION CONVERGED AFTER EQUILIBRIUM ITERATION   1
 *** LOAD STEP     1   SUBSTEP    15  COMPLETED.    CUM ITER =     25
 *** TIME =  0.150000         TIME INC =  0.100000E-01
 *** MAX VISCOELASTIC STRAIN STEP = 0.1837E-05

     FORCE CONVERGENCE VALUE  =  0.2204E-05  CRITERION=  0.5000E-04
     DISP CONVERGENCE VALUE   =  0.3702E-04  CRITERION=  0.5657E-04 <<< CONVERGED
    EQUIL ITER   1 COMPLETED.  OLD TRIANG MATRIX.  MAX DOF INC= -0.3702E-04
     FORCE CONVERGENCE VALUE  =  0.9287E-14  CRITERION=  0.5000E-04 <<< CONVERGED
    >>> SOLUTION CONVERGED AFTER EQUILIBRIUM ITERATION   1
 *** LOAD STEP     1   SUBSTEP    16  COMPLETED.    CUM ITER =     26
 *** TIME =  0.160000         TIME INC =  0.100000E-01
 *** MAX VISCOELASTIC STRAIN STEP = 0.1904E-05

     FORCE CONVERGENCE VALUE  =  0.2113E-05  CRITERION=  0.5000E-04
     DISP CONVERGENCE VALUE   =  0.3587E-04  CRITERION=  0.5836E-04 <<< CONVERGED
    EQUIL ITER   1 COMPLETED.  OLD TRIANG MATRIX.  MAX DOF INC= -0.3587E-04
     FORCE CONVERGENCE VALUE  =  0.8294E-14  CRITERION=  0.5000E-04 <<< CONVERGED
    >>> SOLUTION CONVERGED AFTER EQUILIBRIUM ITERATION   1
 *** LOAD STEP     1   SUBSTEP    17  COMPLETED.    CUM ITER =     27
 *** TIME =  0.170000         TIME INC =  0.100000E-01
 *** MAX VISCOELASTIC STRAIN STEP = 0.1968E-05

     FORCE CONVERGENCE VALUE  =  0.2022E-05  CRITERION=  0.5000E-04
     DISP CONVERGENCE VALUE   =  0.3479E-04  CRITERION=  0.6010E-04 <<< CONVERGED
    EQUIL ITER   1 COMPLETED.  OLD TRIANG MATRIX.  MAX DOF INC= -0.3479E-04
     FORCE CONVERGENCE VALUE  =  0.7623E-14  CRITERION=  0.5000E-04 <<< CONVERGED
    >>> SOLUTION CONVERGED AFTER EQUILIBRIUM ITERATION   1
 *** LOAD STEP     1   SUBSTEP    18  COMPLETED.    CUM ITER =     28
 *** TIME =  0.180000         TIME INC =  0.100000E-01
 *** MAX VISCOELASTIC STRAIN STEP = 0.2031E-05

     FORCE CONVERGENCE VALUE  =  0.1932E-05  CRITERION=  0.5000E-04
     DISP CONVERGENCE VALUE   =  0.3377E-04  CRITERION=  0.6179E-04 <<< CONVERGED
    EQUIL ITER   1 COMPLETED.  OLD TRIANG MATRIX.  MAX DOF INC= -0.3377E-04
     FORCE CONVERGENCE VALUE  =  0.7761E-14  CRITERION=  0.5000E-04 <<< CONVERGED
    >>> SOLUTION CONVERGED AFTER EQUILIBRIUM ITERATION   1
 *** LOAD STEP     1   SUBSTEP    19  COMPLETED.    CUM ITER =     29
 *** TIME =  0.190000         TIME INC =  0.100000E-01
 *** MAX VISCOELASTIC STRAIN STEP = 0.2091E-05

     FORCE CONVERGENCE VALUE  =  0.1844E-05  CRITERION=  0.5000E-04
     DISP CONVERGENCE VALUE   =  0.3280E-04  CRITERION=  0.6343E-04 <<< CONVERGED
    EQUIL ITER   1 COMPLETED.  OLD TRIANG MATRIX.  MAX DOF INC= -0.3280E-04
     FORCE CONVERGENCE VALUE  =  0.1097E-13  CRITERION=  0.5000E-04 <<< CONVERGED
    >>> SOLUTION CONVERGED AFTER EQUILIBRIUM ITERATION   1
 *** LOAD STEP     1   SUBSTEP    20  COMPLETED.    CUM ITER =     30
 *** TIME =  0.200000         TIME INC =  0.100000E-01
 *** MAX VISCOELASTIC STRAIN STEP = 0.2150E-05

     FORCE CONVERGENCE VALUE  =  0.1757E-05  CRITERION=  0.5000E-04
     DISP CONVERGENCE VALUE   =  0.3188E-04  CRITERION=  0.6502E-04 <<< CONVERGED
    EQUIL ITER   1 COMPLETED.  OLD TRIANG MATRIX.  MAX DOF INC= -0.3188E-04
     FORCE CONVERGENCE VALUE  =  0.1410E-13  CRITERION=  0.5000E-04 <<< CONVERGED
    >>> SOLUTION CONVERGED AFTER EQUILIBRIUM ITERATION   1
 *** LOAD STEP     1   SUBSTEP    21  COMPLETED.    CUM ITER =     31
 *** TIME =  0.210000         TIME INC =  0.100000E-01
 *** MAX VISCOELASTIC STRAIN STEP = 0.2207E-05

     FORCE CONVERGENCE VALUE  =  0.1672E-05  CRITERION=  0.5000E-04
     DISP CONVERGENCE VALUE   =  0.3101E-04  CRITERION=  0.6657E-04 <<< CONVERGED
    EQUIL ITER   1 COMPLETED.  OLD TRIANG MATRIX.  MAX DOF INC= -0.3101E-04
     FORCE CONVERGENCE VALUE  =  0.1518E-13  CRITERION=  0.5000E-04 <<< CONVERGED
    >>> SOLUTION CONVERGED AFTER EQUILIBRIUM ITERATION   1
 *** LOAD STEP     1   SUBSTEP    22  COMPLETED.    CUM ITER =     32
 *** TIME =  0.220000         TIME INC =  0.100000E-01
 *** MAX VISCOELASTIC STRAIN STEP = 0.2263E-05

     FORCE CONVERGENCE VALUE  =  0.1589E-05  CRITERION=  0.5000E-04
     DISP CONVERGENCE VALUE   =  0.3018E-04  CRITERION=  0.6808E-04 <<< CONVERGED
    EQUIL ITER   1 COMPLETED.  OLD TRIANG MATRIX.  MAX DOF INC= -0.3018E-04
     FORCE CONVERGENCE VALUE  =  0.1997E-13  CRITERION=  0.5000E-04 <<< CONVERGED
    >>> SOLUTION CONVERGED AFTER EQUILIBRIUM ITERATION   1
 *** LOAD STEP     1   SUBSTEP    23  COMPLETED.    CUM ITER =     33
 *** TIME =  0.230000         TIME INC =  0.100000E-01
 *** MAX VISCOELASTIC STRAIN STEP = 0.2316E-05

     FORCE CONVERGENCE VALUE  =  0.1508E-05  CRITERION=  0.5000E-04
     DISP CONVERGENCE VALUE   =  0.2938E-04  CRITERION=  0.6955E-04 <<< CONVERGED
    EQUIL ITER   1 COMPLETED.  OLD TRIANG MATRIX.  MAX DOF INC= -0.2938E-04
     FORCE CONVERGENCE VALUE  =  0.1176E-13  CRITERION=  0.5000E-04 <<< CONVERGED
    >>> SOLUTION CONVERGED AFTER EQUILIBRIUM ITERATION   1
 *** LOAD STEP     1   SUBSTEP    24  COMPLETED.    CUM ITER =     34
 *** TIME =  0.240000         TIME INC =  0.100000E-01
 *** MAX VISCOELASTIC STRAIN STEP = 0.2369E-05

     FORCE CONVERGENCE VALUE  =  0.1429E-05  CRITERION=  0.5000E-04
     DISP CONVERGENCE VALUE   =  0.2862E-04  CRITERION=  0.7098E-04 <<< CONVERGED
    EQUIL ITER   1 COMPLETED.  OLD TRIANG MATRIX.  MAX DOF INC= -0.2862E-04
     FORCE CONVERGENCE VALUE  =  0.1356E-13  CRITERION=  0.5000E-04 <<< CONVERGED
    >>> SOLUTION CONVERGED AFTER EQUILIBRIUM ITERATION   1
 *** LOAD STEP     1   SUBSTEP    25  COMPLETED.    CUM ITER =     35
 *** TIME =  0.250000         TIME INC =  0.100000E-01
 *** MAX VISCOELASTIC STRAIN STEP = 0.2419E-05

     FORCE CONVERGENCE VALUE  =  0.1352E-05  CRITERION=  0.5000E-04
     DISP CONVERGENCE VALUE   =  0.2790E-04  CRITERION=  0.7238E-04 <<< CONVERGED
    EQUIL ITER   1 COMPLETED.  OLD TRIANG MATRIX.  MAX DOF INC= -0.2790E-04
     FORCE CONVERGENCE VALUE  =  0.1656E-13  CRITERION=  0.5000E-04 <<< CONVERGED
    >>> SOLUTION CONVERGED AFTER EQUILIBRIUM ITERATION   1
 *** LOAD STEP     1   SUBSTEP    26  COMPLETED.    CUM ITER =     36
 *** TIME =  0.260000         TIME INC =  0.100000E-01
 *** MAX VISCOELASTIC STRAIN STEP = 0.2469E-05

     FORCE CONVERGENCE VALUE  =  0.1278E-05  CRITERION=  0.5000E-04
     DISP CONVERGENCE VALUE   =  0.2721E-04  CRITERION=  0.7374E-04 <<< CONVERGED
    EQUIL ITER   1 COMPLETED.  OLD TRIANG MATRIX.  MAX DOF INC= -0.2721E-04
     FORCE CONVERGENCE VALUE  =  0.2647E-13  CRITERION=  0.5000E-04 <<< CONVERGED
    >>> SOLUTION CONVERGED AFTER EQUILIBRIUM ITERATION   1
 *** LOAD STEP     1   SUBSTEP    27  COMPLETED.    CUM ITER =     37
 *** TIME =  0.270000         TIME INC =  0.100000E-01
 *** MAX VISCOELASTIC STRAIN STEP = 0.2517E-05

     FORCE CONVERGENCE VALUE  =  0.1205E-05  CRITERION=  0.5000E-04
     DISP CONVERGENCE VALUE   =  0.2654E-04  CRITERION=  0.7506E-04 <<< CONVERGED
    EQUIL ITER   1 COMPLETED.  OLD TRIANG MATRIX.  MAX DOF INC= -0.2654E-04
     FORCE CONVERGENCE VALUE  =  0.2207E-13  CRITERION=  0.5000E-04 <<< CONVERGED
    >>> SOLUTION CONVERGED AFTER EQUILIBRIUM ITERATION   1
 *** LOAD STEP     1   SUBSTEP    28  COMPLETED.    CUM ITER =     38
 *** TIME =  0.280000         TIME INC =  0.100000E-01
 *** MAX VISCOELASTIC STRAIN STEP = 0.2563E-05

     FORCE CONVERGENCE VALUE  =  0.1135E-05  CRITERION=  0.5000E-04
     DISP CONVERGENCE VALUE   =  0.2590E-04  CRITERION=  0.7636E-04 <<< CONVERGED
    EQUIL ITER   1 COMPLETED.  OLD TRIANG MATRIX.  MAX DOF INC= -0.2590E-04
     FORCE CONVERGENCE VALUE  =  0.2026E-13  CRITERION=  0.5000E-04 <<< CONVERGED
    >>> SOLUTION CONVERGED AFTER EQUILIBRIUM ITERATION   1
 *** LOAD STEP     1   SUBSTEP    29  COMPLETED.    CUM ITER =     39
 *** TIME =  0.290000         TIME INC =  0.100000E-01
 *** MAX VISCOELASTIC STRAIN STEP = 0.2609E-05

     FORCE CONVERGENCE VALUE  =  0.1067E-05  CRITERION=  0.5000E-04
     DISP CONVERGENCE VALUE   =  0.2529E-04  CRITERION=  0.7762E-04 <<< CONVERGED
    EQUIL ITER   1 COMPLETED.  OLD TRIANG MATRIX.  MAX DOF INC= -0.2529E-04
     FORCE CONVERGENCE VALUE  =  0.1973E-13  CRITERION=  0.5000E-04 <<< CONVERGED
    >>> SOLUTION CONVERGED AFTER EQUILIBRIUM ITERATION   1
 *** LOAD STEP     1   SUBSTEP    30  COMPLETED.    CUM ITER =     40
 *** TIME =  0.300000         TIME INC =  0.100000E-01
 *** MAX VISCOELASTIC STRAIN STEP = 0.2653E-05

     FORCE CONVERGENCE VALUE  =  0.1001E-05  CRITERION=  0.5000E-04
     DISP CONVERGENCE VALUE   =  0.2471E-04  CRITERION=  0.7886E-04 <<< CONVERGED
    EQUIL ITER   1 COMPLETED.  OLD TRIANG MATRIX.  MAX DOF INC= -0.2471E-04
     FORCE CONVERGENCE VALUE  =  0.1990E-13  CRITERION=  0.5000E-04 <<< CONVERGED
    >>> SOLUTION CONVERGED AFTER EQUILIBRIUM ITERATION   1
 *** LOAD STEP     1   SUBSTEP    31  COMPLETED.    CUM ITER =     41
 *** TIME =  0.310000         TIME INC =  0.100000E-01
 *** MAX VISCOELASTIC STRAIN STEP = 0.2696E-05

     FORCE CONVERGENCE VALUE  =  0.9372E-06  CRITERION=  0.5000E-04
     DISP CONVERGENCE VALUE   =  0.2414E-04  CRITERION=  0.8007E-04 <<< CONVERGED
    EQUIL ITER   1 COMPLETED.  OLD TRIANG MATRIX.  MAX DOF INC= -0.2414E-04
     FORCE CONVERGENCE VALUE  =  0.2434E-13  CRITERION=  0.5000E-04 <<< CONVERGED
    >>> SOLUTION CONVERGED AFTER EQUILIBRIUM ITERATION   1
 *** LOAD STEP     1   SUBSTEP    32  COMPLETED.    CUM ITER =     42
 *** TIME =  0.320000         TIME INC =  0.100000E-01
 *** MAX VISCOELASTIC STRAIN STEP = 0.2738E-05

     FORCE CONVERGENCE VALUE  =  0.8757E-06  CRITERION=  0.5000E-04
     DISP CONVERGENCE VALUE   =  0.2360E-04  CRITERION=  0.8125E-04 <<< CONVERGED
    EQUIL ITER   1 COMPLETED.  OLD TRIANG MATRIX.  MAX DOF INC= -0.2360E-04
     FORCE CONVERGENCE VALUE  =  0.2464E-13  CRITERION=  0.5000E-04 <<< CONVERGED
    >>> SOLUTION CONVERGED AFTER EQUILIBRIUM ITERATION   1
 *** LOAD STEP     1   SUBSTEP    33  COMPLETED.    CUM ITER =     43
 *** TIME =  0.330000         TIME INC =  0.100000E-01
 *** MAX VISCOELASTIC STRAIN STEP = 0.2779E-05

     FORCE CONVERGENCE VALUE  =  0.8162E-06  CRITERION=  0.5000E-04
     DISP CONVERGENCE VALUE   =  0.2308E-04  CRITERION=  0.8240E-04 <<< CONVERGED
    EQUIL ITER   1 COMPLETED.  OLD TRIANG MATRIX.  MAX DOF INC= -0.2308E-04
     FORCE CONVERGENCE VALUE  =  0.3616E-13  CRITERION=  0.5000E-04 <<< CONVERGED
    >>> SOLUTION CONVERGED AFTER EQUILIBRIUM ITERATION   1
 *** LOAD STEP     1   SUBSTEP    34  COMPLETED.    CUM ITER =     44
 *** TIME =  0.340000         TIME INC =  0.100000E-01
 *** MAX VISCOELASTIC STRAIN STEP = 0.2819E-05

     FORCE CONVERGENCE VALUE  =  0.7590E-06  CRITERION=  0.5000E-04
     DISP CONVERGENCE VALUE   =  0.2258E-04  CRITERION=  0.8353E-04 <<< CONVERGED
    EQUIL ITER   1 COMPLETED.  OLD TRIANG MATRIX.  MAX DOF INC= -0.2258E-04
     FORCE CONVERGENCE VALUE  =  0.2023E-13  CRITERION=  0.5000E-04 <<< CONVERGED
    >>> SOLUTION CONVERGED AFTER EQUILIBRIUM ITERATION   1
 *** LOAD STEP     1   SUBSTEP    35  COMPLETED.    CUM ITER =     45
 *** TIME =  0.350000         TIME INC =  0.100000E-01
 *** MAX VISCOELASTIC STRAIN STEP = 0.2858E-05

     FORCE CONVERGENCE VALUE  =  0.7041E-06  CRITERION=  0.5000E-04
     DISP CONVERGENCE VALUE   =  0.2209E-04  CRITERION=  0.8463E-04 <<< CONVERGED
    EQUIL ITER   1 COMPLETED.  OLD TRIANG MATRIX.  MAX DOF INC= -0.2209E-04
     FORCE CONVERGENCE VALUE  =  0.3471E-13  CRITERION=  0.5000E-04 <<< CONVERGED
    >>> SOLUTION CONVERGED AFTER EQUILIBRIUM ITERATION   1
 *** LOAD STEP     1   SUBSTEP    36  COMPLETED.    CUM ITER =     46
 *** TIME =  0.360000         TIME INC =  0.100000E-01
 *** MAX VISCOELASTIC STRAIN STEP = 0.2896E-05

     FORCE CONVERGENCE VALUE  =  0.6514E-06  CRITERION=  0.5000E-04
     DISP CONVERGENCE VALUE   =  0.2163E-04  CRITERION=  0.8571E-04 <<< CONVERGED
    EQUIL ITER   1 COMPLETED.  OLD TRIANG MATRIX.  MAX DOF INC= -0.2163E-04
     FORCE CONVERGENCE VALUE  =  0.2536E-13  CRITERION=  0.5000E-04 <<< CONVERGED
    >>> SOLUTION CONVERGED AFTER EQUILIBRIUM ITERATION   1
 *** LOAD STEP     1   SUBSTEP    37  COMPLETED.    CUM ITER =     47
 *** TIME =  0.370000         TIME INC =  0.100000E-01
 *** MAX VISCOELASTIC STRAIN STEP = 0.2933E-05

     FORCE CONVERGENCE VALUE  =  0.6011E-06  CRITERION=  0.5000E-04
     DISP CONVERGENCE VALUE   =  0.2118E-04  CRITERION=  0.8677E-04 <<< CONVERGED
    EQUIL ITER   1 COMPLETED.  OLD TRIANG MATRIX.  MAX DOF INC= -0.2118E-04
     FORCE CONVERGENCE VALUE  =  0.2783E-13  CRITERION=  0.5000E-04 <<< CONVERGED
    >>> SOLUTION CONVERGED AFTER EQUILIBRIUM ITERATION   1
 *** LOAD STEP     1   SUBSTEP    38  COMPLETED.    CUM ITER =     48
 *** TIME =  0.380000         TIME INC =  0.100000E-01
 *** MAX VISCOELASTIC STRAIN STEP = 0.2969E-05

     FORCE CONVERGENCE VALUE  =  0.5532E-06  CRITERION=  0.5000E-04
     DISP CONVERGENCE VALUE   =  0.2075E-04  CRITERION=  0.8781E-04 <<< CONVERGED
    EQUIL ITER   1 COMPLETED.  OLD TRIANG MATRIX.  MAX DOF INC= -0.2075E-04
     FORCE CONVERGENCE VALUE  =  0.2885E-13  CRITERION=  0.5000E-04 <<< CONVERGED
    >>> SOLUTION CONVERGED AFTER EQUILIBRIUM ITERATION   1
 *** LOAD STEP     1   SUBSTEP    39  COMPLETED.    CUM ITER =     49
 *** TIME =  0.390000         TIME INC =  0.100000E-01
 *** MAX VISCOELASTIC STRAIN STEP = 0.3004E-05

     FORCE CONVERGENCE VALUE  =  0.5080E-06  CRITERION=  0.5000E-04
     DISP CONVERGENCE VALUE   =  0.2033E-04  CRITERION=  0.8883E-04 <<< CONVERGED
    EQUIL ITER   1 COMPLETED.  OLD TRIANG MATRIX.  MAX DOF INC= -0.2033E-04
     FORCE CONVERGENCE VALUE  =  0.2821E-13  CRITERION=  0.5000E-04 <<< CONVERGED
    >>> SOLUTION CONVERGED AFTER EQUILIBRIUM ITERATION   1
 *** LOAD STEP     1   SUBSTEP    40  COMPLETED.    CUM ITER =     50
 *** TIME =  0.400000         TIME INC =  0.100000E-01
 *** MAX VISCOELASTIC STRAIN STEP = 0.3039E-05

     FORCE CONVERGENCE VALUE  =  0.4655E-06  CRITERION=  0.5000E-04
     DISP CONVERGENCE VALUE   =  0.1993E-04  CRITERION=  0.8982E-04 <<< CONVERGED
    EQUIL ITER   1 COMPLETED.  OLD TRIANG MATRIX.  MAX DOF INC= -0.1993E-04
     FORCE CONVERGENCE VALUE  =  0.4371E-13  CRITERION=  0.5000E-04 <<< CONVERGED
    >>> SOLUTION CONVERGED AFTER EQUILIBRIUM ITERATION   1
 *** LOAD STEP     1   SUBSTEP    41  COMPLETED.    CUM ITER =     51
 *** TIME =  0.410000         TIME INC =  0.100000E-01
 *** MAX VISCOELASTIC STRAIN STEP = 0.3072E-05

     FORCE CONVERGENCE VALUE  =  0.4261E-06  CRITERION=  0.5000E-04
     DISP CONVERGENCE VALUE   =  0.1954E-04  CRITERION=  0.9080E-04 <<< CONVERGED
    EQUIL ITER   1 COMPLETED.  OLD TRIANG MATRIX.  MAX DOF INC= -0.1954E-04
     FORCE CONVERGENCE VALUE  =  0.4944E-13  CRITERION=  0.5000E-04 <<< CONVERGED
    >>> SOLUTION CONVERGED AFTER EQUILIBRIUM ITERATION   1
 *** LOAD STEP     1   SUBSTEP    42  COMPLETED.    CUM ITER =     52
 *** TIME =  0.420000         TIME INC =  0.100000E-01
 *** MAX VISCOELASTIC STRAIN STEP = 0.3105E-05

     FORCE CONVERGENCE VALUE  =  0.3899E-06  CRITERION=  0.5000E-04
     DISP CONVERGENCE VALUE   =  0.1917E-04  CRITERION=  0.9176E-04 <<< CONVERGED
    EQUIL ITER   1 COMPLETED.  OLD TRIANG MATRIX.  MAX DOF INC= -0.1917E-04
     FORCE CONVERGENCE VALUE  =  0.3591E-13  CRITERION=  0.5000E-04 <<< CONVERGED
    >>> SOLUTION CONVERGED AFTER EQUILIBRIUM ITERATION   1
 *** LOAD STEP     1   SUBSTEP    43  COMPLETED.    CUM ITER =     53
 *** TIME =  0.430000         TIME INC =  0.100000E-01
 *** MAX VISCOELASTIC STRAIN STEP = 0.3137E-05

     FORCE CONVERGENCE VALUE  =  0.3575E-06  CRITERION=  0.5000E-04
     DISP CONVERGENCE VALUE   =  0.1881E-04  CRITERION=  0.9270E-04 <<< CONVERGED
    EQUIL ITER   1 COMPLETED.  OLD TRIANG MATRIX.  MAX DOF INC= -0.1881E-04
     FORCE CONVERGENCE VALUE  =  0.3971E-13  CRITERION=  0.5000E-04 <<< CONVERGED
    >>> SOLUTION CONVERGED AFTER EQUILIBRIUM ITERATION   1
 *** LOAD STEP     1   SUBSTEP    44  COMPLETED.    CUM ITER =     54
 *** TIME =  0.440000         TIME INC =  0.100000E-01
 *** MAX VISCOELASTIC STRAIN STEP = 0.3169E-05

     FORCE CONVERGENCE VALUE  =  0.3293E-06  CRITERION=  0.5000E-04
     DISP CONVERGENCE VALUE   =  0.1846E-04  CRITERION=  0.9362E-04 <<< CONVERGED
    EQUIL ITER   1 COMPLETED.  OLD TRIANG MATRIX.  MAX DOF INC= -0.1846E-04
     FORCE CONVERGENCE VALUE  =  0.4319E-13  CRITERION=  0.5000E-04 <<< CONVERGED
    >>> SOLUTION CONVERGED AFTER EQUILIBRIUM ITERATION   1
 *** LOAD STEP     1   SUBSTEP    45  COMPLETED.    CUM ITER =     55
 *** TIME =  0.450000         TIME INC =  0.100000E-01
 *** MAX VISCOELASTIC STRAIN STEP = 0.3200E-05

     FORCE CONVERGENCE VALUE  =  0.3059E-06  CRITERION=  0.5037E-04
     DISP CONVERGENCE VALUE   =  0.1812E-04  CRITERION=  0.9453E-04 <<< CONVERGED
    EQUIL ITER   1 COMPLETED.  OLD TRIANG MATRIX.  MAX DOF INC= -0.1812E-04
     FORCE CONVERGENCE VALUE  =  0.2959E-13  CRITERION=  0.5043E-04 <<< CONVERGED
    >>> SOLUTION CONVERGED AFTER EQUILIBRIUM ITERATION   1
 *** LOAD STEP     1   SUBSTEP    46  COMPLETED.    CUM ITER =     56
 *** TIME =  0.460000         TIME INC =  0.100000E-01
 *** MAX VISCOELASTIC STRAIN STEP = 0.3230E-05

     FORCE CONVERGENCE VALUE  =  0.2876E-06  CRITERION=  0.5146E-04
     DISP CONVERGENCE VALUE   =  0.1779E-04  CRITERION=  0.9542E-04 <<< CONVERGED
    EQUIL ITER   1 COMPLETED.  OLD TRIANG MATRIX.  MAX DOF INC= -0.1779E-04
     FORCE CONVERGENCE VALUE  =  0.3731E-13  CRITERION=  0.5152E-04 <<< CONVERGED
    >>> SOLUTION CONVERGED AFTER EQUILIBRIUM ITERATION   1
 *** LOAD STEP     1   SUBSTEP    47  COMPLETED.    CUM ITER =     57
 *** TIME =  0.470000         TIME INC =  0.100000E-01
 *** MAX VISCOELASTIC STRAIN STEP = 0.3259E-05

     FORCE CONVERGENCE VALUE  =  0.2750E-06  CRITERION=  0.5255E-04
     DISP CONVERGENCE VALUE   =  0.1747E-04  CRITERION=  0.9629E-04 <<< CONVERGED
    EQUIL ITER   1 COMPLETED.  OLD TRIANG MATRIX.  MAX DOF INC= -0.1747E-04
     FORCE CONVERGENCE VALUE  =  0.3397E-13  CRITERION=  0.5261E-04 <<< CONVERGED
    >>> SOLUTION CONVERGED AFTER EQUILIBRIUM ITERATION   1
 *** LOAD STEP     1   SUBSTEP    48  COMPLETED.    CUM ITER =     58
 *** TIME =  0.480000         TIME INC =  0.100000E-01
 *** MAX VISCOELASTIC STRAIN STEP = 0.3288E-05

     FORCE CONVERGENCE VALUE  =  0.2683E-06  CRITERION=  0.5364E-04
     DISP CONVERGENCE VALUE   =  0.1717E-04  CRITERION=  0.9715E-04 <<< CONVERGED
    EQUIL ITER   1 COMPLETED.  OLD TRIANG MATRIX.  MAX DOF INC= -0.1717E-04
     FORCE CONVERGENCE VALUE  =  0.3945E-13  CRITERION=  0.5370E-04 <<< CONVERGED
    >>> SOLUTION CONVERGED AFTER EQUILIBRIUM ITERATION   1
 *** LOAD STEP     1   SUBSTEP    49  COMPLETED.    CUM ITER =     59
 *** TIME =  0.490000         TIME INC =  0.100000E-01
 *** MAX VISCOELASTIC STRAIN STEP = 0.3316E-05

     FORCE CONVERGENCE VALUE  =  0.2673E-06  CRITERION=  0.5473E-04
     DISP CONVERGENCE VALUE   =  0.1687E-04  CRITERION=  0.9799E-04 <<< CONVERGED
    EQUIL ITER   1 COMPLETED.  OLD TRIANG MATRIX.  MAX DOF INC= -0.1687E-04
     FORCE CONVERGENCE VALUE  =  0.4314E-13  CRITERION=  0.5479E-04 <<< CONVERGED
    >>> SOLUTION CONVERGED AFTER EQUILIBRIUM ITERATION   1
 *** LOAD STEP     1   SUBSTEP    50  COMPLETED.    CUM ITER =     60
 *** TIME =  0.500000         TIME INC =  0.100000E-01
 *** MAX VISCOELASTIC STRAIN STEP = 0.3343E-05

     FORCE CONVERGENCE VALUE  =  0.2716E-06  CRITERION=  0.5582E-04
     DISP CONVERGENCE VALUE   =  0.1659E-04  CRITERION=  0.9882E-04 <<< CONVERGED
    EQUIL ITER   1 COMPLETED.  OLD TRIANG MATRIX.  MAX DOF INC= -0.1659E-04
     FORCE CONVERGENCE VALUE  =  0.5050E-13  CRITERION=  0.5588E-04 <<< CONVERGED
    >>> SOLUTION CONVERGED AFTER EQUILIBRIUM ITERATION   1
 *** LOAD STEP     1   SUBSTEP    51  COMPLETED.    CUM ITER =     61
 *** TIME =  0.510000         TIME INC =  0.100000E-01
 *** MAX VISCOELASTIC STRAIN STEP = 0.3370E-05

     FORCE CONVERGENCE VALUE  =  0.2805E-06  CRITERION=  0.5690E-04
     DISP CONVERGENCE VALUE   =  0.1631E-04  CRITERION=  0.9964E-04 <<< CONVERGED
    EQUIL ITER   1 COMPLETED.  OLD TRIANG MATRIX.  MAX DOF INC= -0.1631E-04
     FORCE CONVERGENCE VALUE  =  0.6371E-13  CRITERION=  0.5696E-04 <<< CONVERGED
    >>> SOLUTION CONVERGED AFTER EQUILIBRIUM ITERATION   1
 *** LOAD STEP     1   SUBSTEP    52  COMPLETED.    CUM ITER =     62
 *** TIME =  0.520000         TIME INC =  0.100000E-01
 *** MAX VISCOELASTIC STRAIN STEP = 0.3397E-05

     FORCE CONVERGENCE VALUE  =  0.2932E-06  CRITERION=  0.5799E-04
     DISP CONVERGENCE VALUE   =  0.1604E-04  CRITERION=  0.1004E-03 <<< CONVERGED
    EQUIL ITER   1 COMPLETED.  OLD TRIANG MATRIX.  MAX DOF INC= -0.1604E-04
     FORCE CONVERGENCE VALUE  =  0.5392E-13  CRITERION=  0.5805E-04 <<< CONVERGED
    >>> SOLUTION CONVERGED AFTER EQUILIBRIUM ITERATION   1
 *** LOAD STEP     1   SUBSTEP    53  COMPLETED.    CUM ITER =     63
 *** TIME =  0.530000         TIME INC =  0.100000E-01
 *** MAX VISCOELASTIC STRAIN STEP = 0.3423E-05

     FORCE CONVERGENCE VALUE  =  0.3088E-06  CRITERION=  0.5908E-04
     DISP CONVERGENCE VALUE   =  0.1578E-04  CRITERION=  0.1012E-03 <<< CONVERGED
    EQUIL ITER   1 COMPLETED.  OLD TRIANG MATRIX.  MAX DOF INC= -0.1578E-04
     FORCE CONVERGENCE VALUE  =  0.5150E-13  CRITERION=  0.5913E-04 <<< CONVERGED
    >>> SOLUTION CONVERGED AFTER EQUILIBRIUM ITERATION   1
 *** LOAD STEP     1   SUBSTEP    54  COMPLETED.    CUM ITER =     64
 *** TIME =  0.540000         TIME INC =  0.100000E-01
 *** MAX VISCOELASTIC STRAIN STEP = 0.3448E-05

     FORCE CONVERGENCE VALUE  =  0.3266E-06  CRITERION=  0.6016E-04
     DISP CONVERGENCE VALUE   =  0.1553E-04  CRITERION=  0.1020E-03 <<< CONVERGED
    EQUIL ITER   1 COMPLETED.  OLD TRIANG MATRIX.  MAX DOF INC= -0.1553E-04
     FORCE CONVERGENCE VALUE  =  0.4250E-13  CRITERION=  0.6021E-04 <<< CONVERGED
    >>> SOLUTION CONVERGED AFTER EQUILIBRIUM ITERATION   1
 *** LOAD STEP     1   SUBSTEP    55  COMPLETED.    CUM ITER =     65
 *** TIME =  0.550000         TIME INC =  0.100000E-01
 *** MAX VISCOELASTIC STRAIN STEP = 0.3473E-05

     FORCE CONVERGENCE VALUE  =  0.3460E-06  CRITERION=  0.6124E-04
     DISP CONVERGENCE VALUE   =  0.1528E-04  CRITERION=  0.1028E-03 <<< CONVERGED
    EQUIL ITER   1 COMPLETED.  OLD TRIANG MATRIX.  MAX DOF INC= -0.1528E-04
     FORCE CONVERGENCE VALUE  =  0.4354E-13  CRITERION=  0.6130E-04 <<< CONVERGED
    >>> SOLUTION CONVERGED AFTER EQUILIBRIUM ITERATION   1
 *** LOAD STEP     1   SUBSTEP    56  COMPLETED.    CUM ITER =     66
 *** TIME =  0.560000         TIME INC =  0.100000E-01
 *** MAX VISCOELASTIC STRAIN STEP = 0.3498E-05

     FORCE CONVERGENCE VALUE  =  0.3664E-06  CRITERION=  0.6233E-04
     DISP CONVERGENCE VALUE   =  0.1504E-04  CRITERION=  0.1035E-03 <<< CONVERGED
    EQUIL ITER   1 COMPLETED.  OLD TRIANG MATRIX.  MAX DOF INC= -0.1504E-04
     FORCE CONVERGENCE VALUE  =  0.6138E-13  CRITERION=  0.6238E-04 <<< CONVERGED
    >>> SOLUTION CONVERGED AFTER EQUILIBRIUM ITERATION   1
 *** LOAD STEP     1   SUBSTEP    57  COMPLETED.    CUM ITER =     67
 *** TIME =  0.570000         TIME INC =  0.100000E-01
 *** MAX VISCOELASTIC STRAIN STEP = 0.3521E-05

     FORCE CONVERGENCE VALUE  =  0.3876E-06  CRITERION=  0.6341E-04
     DISP CONVERGENCE VALUE   =  0.1481E-04  CRITERION=  0.1043E-03 <<< CONVERGED
    EQUIL ITER   1 COMPLETED.  OLD TRIANG MATRIX.  MAX DOF INC= -0.1481E-04
     FORCE CONVERGENCE VALUE  =  0.5770E-13  CRITERION=  0.6346E-04 <<< CONVERGED
    >>> SOLUTION CONVERGED AFTER EQUILIBRIUM ITERATION   1
 *** LOAD STEP     1   SUBSTEP    58  COMPLETED.    CUM ITER =     68
 *** TIME =  0.580000         TIME INC =  0.100000E-01
 *** MAX VISCOELASTIC STRAIN STEP = 0.3545E-05

     FORCE CONVERGENCE VALUE  =  0.4091E-06  CRITERION=  0.6449E-04
     DISP CONVERGENCE VALUE   =  0.1459E-04  CRITERION=  0.1050E-03 <<< CONVERGED
    EQUIL ITER   1 COMPLETED.  OLD TRIANG MATRIX.  MAX DOF INC= -0.1459E-04
     FORCE CONVERGENCE VALUE  =  0.6883E-13  CRITERION=  0.6454E-04 <<< CONVERGED
    >>> SOLUTION CONVERGED AFTER EQUILIBRIUM ITERATION   1
 *** LOAD STEP     1   SUBSTEP    59  COMPLETED.    CUM ITER =     69
 *** TIME =  0.590000         TIME INC =  0.100000E-01
 *** MAX VISCOELASTIC STRAIN STEP = 0.3568E-05

     FORCE CONVERGENCE VALUE  =  0.4309E-06  CRITERION=  0.6557E-04
     DISP CONVERGENCE VALUE   =  0.1437E-04  CRITERION=  0.1057E-03 <<< CONVERGED
    EQUIL ITER   1 COMPLETED.  OLD TRIANG MATRIX.  MAX DOF INC= -0.1437E-04
     FORCE CONVERGENCE VALUE  =  0.6795E-13  CRITERION=  0.6562E-04 <<< CONVERGED
    >>> SOLUTION CONVERGED AFTER EQUILIBRIUM ITERATION   1
 *** LOAD STEP     1   SUBSTEP    60  COMPLETED.    CUM ITER =     70
 *** TIME =  0.600000         TIME INC =  0.100000E-01
 *** MAX VISCOELASTIC STRAIN STEP = 0.3591E-05

     FORCE CONVERGENCE VALUE  =  0.4526E-06  CRITERION=  0.6665E-04
     DISP CONVERGENCE VALUE   =  0.1416E-04  CRITERION=  0.1064E-03 <<< CONVERGED
    EQUIL ITER   1 COMPLETED.  OLD TRIANG MATRIX.  MAX DOF INC= -0.1416E-04
     FORCE CONVERGENCE VALUE  =  0.6041E-13  CRITERION=  0.6670E-04 <<< CONVERGED
    >>> SOLUTION CONVERGED AFTER EQUILIBRIUM ITERATION   1
 *** LOAD STEP     1   SUBSTEP    61  COMPLETED.    CUM ITER =     71
 *** TIME =  0.610000         TIME INC =  0.100000E-01
 *** MAX VISCOELASTIC STRAIN STEP = 0.3613E-05

     FORCE CONVERGENCE VALUE  =  0.4742E-06  CRITERION=  0.6772E-04
     DISP CONVERGENCE VALUE   =  0.1395E-04  CRITERION=  0.1071E-03 <<< CONVERGED
    EQUIL ITER   1 COMPLETED.  OLD TRIANG MATRIX.  MAX DOF INC= -0.1395E-04
     FORCE CONVERGENCE VALUE  =  0.6816E-13  CRITERION=  0.6777E-04 <<< CONVERGED
    >>> SOLUTION CONVERGED AFTER EQUILIBRIUM ITERATION   1
 *** LOAD STEP     1   SUBSTEP    62  COMPLETED.    CUM ITER =     72
 *** TIME =  0.620000         TIME INC =  0.100000E-01
 *** MAX VISCOELASTIC STRAIN STEP = 0.3634E-05

     FORCE CONVERGENCE VALUE  =  0.4955E-06  CRITERION=  0.6880E-04
     DISP CONVERGENCE VALUE   =  0.1375E-04  CRITERION=  0.1078E-03 <<< CONVERGED
    EQUIL ITER   1 COMPLETED.  OLD TRIANG MATRIX.  MAX DOF INC= -0.1375E-04
     FORCE CONVERGENCE VALUE  =  0.6588E-13  CRITERION=  0.6885E-04 <<< CONVERGED
    >>> SOLUTION CONVERGED AFTER EQUILIBRIUM ITERATION   1
 *** LOAD STEP     1   SUBSTEP    63  COMPLETED.    CUM ITER =     73
 *** TIME =  0.630000         TIME INC =  0.100000E-01
 *** MAX VISCOELASTIC STRAIN STEP = 0.3656E-05

     FORCE CONVERGENCE VALUE  =  0.5166E-06  CRITERION=  0.6988E-04
     DISP CONVERGENCE VALUE   =  0.1356E-04  CRITERION=  0.1085E-03 <<< CONVERGED
    EQUIL ITER   1 COMPLETED.  OLD TRIANG MATRIX.  MAX DOF INC= -0.1356E-04
     FORCE CONVERGENCE VALUE  =  0.6797E-13  CRITERION=  0.6993E-04 <<< CONVERGED
    >>> SOLUTION CONVERGED AFTER EQUILIBRIUM ITERATION   1
 *** LOAD STEP     1   SUBSTEP    64  COMPLETED.    CUM ITER =     74
 *** TIME =  0.640000         TIME INC =  0.100000E-01
 *** MAX VISCOELASTIC STRAIN STEP = 0.3677E-05

     FORCE CONVERGENCE VALUE  =  0.5373E-06  CRITERION=  0.7095E-04
     DISP CONVERGENCE VALUE   =  0.1337E-04  CRITERION=  0.1091E-03 <<< CONVERGED
    EQUIL ITER   1 COMPLETED.  OLD TRIANG MATRIX.  MAX DOF INC= -0.1337E-04
     FORCE CONVERGENCE VALUE  =  0.6041E-13  CRITERION=  0.7100E-04 <<< CONVERGED
    >>> SOLUTION CONVERGED AFTER EQUILIBRIUM ITERATION   1
 *** LOAD STEP     1   SUBSTEP    65  COMPLETED.    CUM ITER =     75
 *** TIME =  0.650000         TIME INC =  0.100000E-01
 *** MAX VISCOELASTIC STRAIN STEP = 0.3697E-05

     FORCE CONVERGENCE VALUE  =  0.5576E-06  CRITERION=  0.7203E-04
     DISP CONVERGENCE VALUE   =  0.1319E-04  CRITERION=  0.1098E-03 <<< CONVERGED
    EQUIL ITER   1 COMPLETED.  OLD TRIANG MATRIX.  MAX DOF INC= -0.1319E-04
     FORCE CONVERGENCE VALUE  =  0.8034E-13  CRITERION=  0.7208E-04 <<< CONVERGED
    >>> SOLUTION CONVERGED AFTER EQUILIBRIUM ITERATION   1
 *** LOAD STEP     1   SUBSTEP    66  COMPLETED.    CUM ITER =     76
 *** TIME =  0.660000         TIME INC =  0.100000E-01
 *** MAX VISCOELASTIC STRAIN STEP = 0.3718E-05

     FORCE CONVERGENCE VALUE  =  0.5775E-06  CRITERION=  0.7310E-04
     DISP CONVERGENCE VALUE   =  0.1301E-04  CRITERION=  0.1105E-03 <<< CONVERGED
    EQUIL ITER   1 COMPLETED.  OLD TRIANG MATRIX.  MAX DOF INC= -0.1301E-04
     FORCE CONVERGENCE VALUE  =  0.7369E-13  CRITERION=  0.7315E-04 <<< CONVERGED
    >>> SOLUTION CONVERGED AFTER EQUILIBRIUM ITERATION   1
 *** LOAD STEP     1   SUBSTEP    67  COMPLETED.    CUM ITER =     77
 *** TIME =  0.670000         TIME INC =  0.100000E-01
 *** MAX VISCOELASTIC STRAIN STEP = 0.3738E-05

     FORCE CONVERGENCE VALUE  =  0.5969E-06  CRITERION=  0.7418E-04
     DISP CONVERGENCE VALUE   =  0.1283E-04  CRITERION=  0.1111E-03 <<< CONVERGED
    EQUIL ITER   1 COMPLETED.  OLD TRIANG MATRIX.  MAX DOF INC= -0.1283E-04
     FORCE CONVERGENCE VALUE  =  0.6331E-13  CRITERION=  0.7422E-04 <<< CONVERGED
    >>> SOLUTION CONVERGED AFTER EQUILIBRIUM ITERATION   1
 *** LOAD STEP     1   SUBSTEP    68  COMPLETED.    CUM ITER =     78
 *** TIME =  0.680000         TIME INC =  0.100000E-01
 *** MAX VISCOELASTIC STRAIN STEP = 0.3757E-05

     FORCE CONVERGENCE VALUE  =  0.6159E-06  CRITERION=  0.7525E-04
     DISP CONVERGENCE VALUE   =  0.1266E-04  CRITERION=  0.1117E-03 <<< CONVERGED
    EQUIL ITER   1 COMPLETED.  OLD TRIANG MATRIX.  MAX DOF INC= -0.1266E-04
     FORCE CONVERGENCE VALUE  =  0.6336E-13  CRITERION=  0.7530E-04 <<< CONVERGED
    >>> SOLUTION CONVERGED AFTER EQUILIBRIUM ITERATION   1
 *** LOAD STEP     1   SUBSTEP    69  COMPLETED.    CUM ITER =     79
 *** TIME =  0.690000         TIME INC =  0.100000E-01
 *** MAX VISCOELASTIC STRAIN STEP = 0.3776E-05

     FORCE CONVERGENCE VALUE  =  0.6345E-06  CRITERION=  0.7632E-04
     DISP CONVERGENCE VALUE   =  0.1250E-04  CRITERION=  0.1124E-03 <<< CONVERGED
    EQUIL ITER   1 COMPLETED.  OLD TRIANG MATRIX.  MAX DOF INC= -0.1250E-04
     FORCE CONVERGENCE VALUE  =  0.6352E-13  CRITERION=  0.7637E-04 <<< CONVERGED
    >>> SOLUTION CONVERGED AFTER EQUILIBRIUM ITERATION   1
 *** LOAD STEP     1   SUBSTEP    70  COMPLETED.    CUM ITER =     80
 *** TIME =  0.700000         TIME INC =  0.100000E-01
 *** MAX VISCOELASTIC STRAIN STEP = 0.3795E-05

     FORCE CONVERGENCE VALUE  =  0.6525E-06  CRITERION=  0.7739E-04
     DISP CONVERGENCE VALUE   =  0.1234E-04  CRITERION=  0.1130E-03 <<< CONVERGED
    EQUIL ITER   1 COMPLETED.  OLD TRIANG MATRIX.  MAX DOF INC= -0.1234E-04
     FORCE CONVERGENCE VALUE  =  0.8842E-13  CRITERION=  0.7744E-04 <<< CONVERGED
    >>> SOLUTION CONVERGED AFTER EQUILIBRIUM ITERATION   1
 *** LOAD STEP     1   SUBSTEP    71  COMPLETED.    CUM ITER =     81
 *** TIME =  0.710000         TIME INC =  0.100000E-01
 *** MAX VISCOELASTIC STRAIN STEP = 0.3814E-05

     FORCE CONVERGENCE VALUE  =  0.6701E-06  CRITERION=  0.7846E-04
     DISP CONVERGENCE VALUE   =  0.1218E-04  CRITERION=  0.1136E-03 <<< CONVERGED
    EQUIL ITER   1 COMPLETED.  OLD TRIANG MATRIX.  MAX DOF INC= -0.1218E-04
     FORCE CONVERGENCE VALUE  =  0.7531E-13  CRITERION=  0.7851E-04 <<< CONVERGED
    >>> SOLUTION CONVERGED AFTER EQUILIBRIUM ITERATION   1
 *** LOAD STEP     1   SUBSTEP    72  COMPLETED.    CUM ITER =     82
 *** TIME =  0.720000         TIME INC =  0.100000E-01
 *** MAX VISCOELASTIC STRAIN STEP = 0.3832E-05

     FORCE CONVERGENCE VALUE  =  0.6872E-06  CRITERION=  0.7953E-04
     DISP CONVERGENCE VALUE   =  0.1203E-04  CRITERION=  0.1142E-03 <<< CONVERGED
    EQUIL ITER   1 COMPLETED.  OLD TRIANG MATRIX.  MAX DOF INC= -0.1203E-04
     FORCE CONVERGENCE VALUE  =  0.8018E-13  CRITERION=  0.7958E-04 <<< CONVERGED
    >>> SOLUTION CONVERGED AFTER EQUILIBRIUM ITERATION   1
 *** LOAD STEP     1   SUBSTEP    73  COMPLETED.    CUM ITER =     83
 *** TIME =  0.730000         TIME INC =  0.100000E-01
 *** MAX VISCOELASTIC STRAIN STEP = 0.3850E-05

     FORCE CONVERGENCE VALUE  =  0.7038E-06  CRITERION=  0.8060E-04
     DISP CONVERGENCE VALUE   =  0.1188E-04  CRITERION=  0.1148E-03 <<< CONVERGED
    EQUIL ITER   1 COMPLETED.  OLD TRIANG MATRIX.  MAX DOF INC= -0.1188E-04
     FORCE CONVERGENCE VALUE  =  0.7441E-13  CRITERION=  0.8064E-04 <<< CONVERGED
    >>> SOLUTION CONVERGED AFTER EQUILIBRIUM ITERATION   1
 *** LOAD STEP     1   SUBSTEP    74  COMPLETED.    CUM ITER =     84
 *** TIME =  0.740000         TIME INC =  0.100000E-01
 *** MAX VISCOELASTIC STRAIN STEP = 0.3868E-05

     FORCE CONVERGENCE VALUE  =  0.7200E-06  CRITERION=  0.8167E-04
     DISP CONVERGENCE VALUE   =  0.1173E-04  CRITERION=  0.1154E-03 <<< CONVERGED
    EQUIL ITER   1 COMPLETED.  OLD TRIANG MATRIX.  MAX DOF INC= -0.1173E-04
     FORCE CONVERGENCE VALUE  =  0.6328E-13  CRITERION=  0.8171E-04 <<< CONVERGED
    >>> SOLUTION CONVERGED AFTER EQUILIBRIUM ITERATION   1
 *** LOAD STEP     1   SUBSTEP    75  COMPLETED.    CUM ITER =     85
 *** TIME =  0.750000         TIME INC =  0.100000E-01
 *** MAX VISCOELASTIC STRAIN STEP = 0.3885E-05

     FORCE CONVERGENCE VALUE  =  0.7357E-06  CRITERION=  0.8274E-04
     DISP CONVERGENCE VALUE   =  0.1159E-04  CRITERION=  0.1159E-03 <<< CONVERGED
    EQUIL ITER   1 COMPLETED.  OLD TRIANG MATRIX.  MAX DOF INC= -0.1159E-04
     FORCE CONVERGENCE VALUE  =  0.6528E-13  CRITERION=  0.8278E-04 <<< CONVERGED
    >>> SOLUTION CONVERGED AFTER EQUILIBRIUM ITERATION   1
 *** LOAD STEP     1   SUBSTEP    76  COMPLETED.    CUM ITER =     86
 *** TIME =  0.760000         TIME INC =  0.100000E-01
 *** MAX VISCOELASTIC STRAIN STEP = 0.3902E-05

     FORCE CONVERGENCE VALUE  =  0.7510E-06  CRITERION=  0.8380E-04
     DISP CONVERGENCE VALUE   =  0.1145E-04  CRITERION=  0.1165E-03 <<< CONVERGED
    EQUIL ITER   1 COMPLETED.  OLD TRIANG MATRIX.  MAX DOF INC= -0.1145E-04
     FORCE CONVERGENCE VALUE  =  0.9019E-13  CRITERION=  0.8384E-04 <<< CONVERGED
    >>> SOLUTION CONVERGED AFTER EQUILIBRIUM ITERATION   1
 *** LOAD STEP     1   SUBSTEP    77  COMPLETED.    CUM ITER =     87
 *** TIME =  0.770000         TIME INC =  0.100000E-01
 *** MAX VISCOELASTIC STRAIN STEP = 0.3919E-05

     FORCE CONVERGENCE VALUE  =  0.7658E-06  CRITERION=  0.8487E-04
     DISP CONVERGENCE VALUE   =  0.1132E-04  CRITERION=  0.1171E-03 <<< CONVERGED
    EQUIL ITER   1 COMPLETED.  OLD TRIANG MATRIX.  MAX DOF INC= -0.1132E-04
     FORCE CONVERGENCE VALUE  =  0.6483E-13  CRITERION=  0.8491E-04 <<< CONVERGED
    >>> SOLUTION CONVERGED AFTER EQUILIBRIUM ITERATION   1
 *** LOAD STEP     1   SUBSTEP    78  COMPLETED.    CUM ITER =     88
 *** TIME =  0.780000         TIME INC =  0.100000E-01
 *** MAX VISCOELASTIC STRAIN STEP = 0.3936E-05

     FORCE CONVERGENCE VALUE  =  0.7802E-06  CRITERION=  0.8593E-04
     DISP CONVERGENCE VALUE   =  0.1118E-04  CRITERION=  0.1176E-03 <<< CONVERGED
    EQUIL ITER   1 COMPLETED.  OLD TRIANG MATRIX.  MAX DOF INC= -0.1118E-04
     FORCE CONVERGENCE VALUE  =  0.8022E-13  CRITERION=  0.8598E-04 <<< CONVERGED
    >>> SOLUTION CONVERGED AFTER EQUILIBRIUM ITERATION   1
 *** LOAD STEP     1   SUBSTEP    79  COMPLETED.    CUM ITER =     89
 *** TIME =  0.790000         TIME INC =  0.100000E-01
 *** MAX VISCOELASTIC STRAIN STEP = 0.3952E-05

     FORCE CONVERGENCE VALUE  =  0.7942E-06  CRITERION=  0.8700E-04
     DISP CONVERGENCE VALUE   =  0.1105E-04  CRITERION=  0.1182E-03 <<< CONVERGED
    EQUIL ITER   1 COMPLETED.  OLD TRIANG MATRIX.  MAX DOF INC= -0.1105E-04
     FORCE CONVERGENCE VALUE  =  0.7671E-13  CRITERION=  0.8704E-04 <<< CONVERGED
    >>> SOLUTION CONVERGED AFTER EQUILIBRIUM ITERATION   1
 *** LOAD STEP     1   SUBSTEP    80  COMPLETED.    CUM ITER =     90
 *** TIME =  0.800000         TIME INC =  0.100000E-01
 *** MAX VISCOELASTIC STRAIN STEP = 0.3968E-05

     FORCE CONVERGENCE VALUE  =  0.8077E-06  CRITERION=  0.8806E-04
     DISP CONVERGENCE VALUE   =  0.1093E-04  CRITERION=  0.1187E-03 <<< CONVERGED
    EQUIL ITER   1 COMPLETED.  OLD TRIANG MATRIX.  MAX DOF INC= -0.1093E-04
     FORCE CONVERGENCE VALUE  =  0.9046E-13  CRITERION=  0.8810E-04 <<< CONVERGED
    >>> SOLUTION CONVERGED AFTER EQUILIBRIUM ITERATION   1
 *** LOAD STEP     1   SUBSTEP    81  COMPLETED.    CUM ITER =     91
 *** TIME =  0.810000         TIME INC =  0.100000E-01
 *** MAX VISCOELASTIC STRAIN STEP = 0.3984E-05

     FORCE CONVERGENCE VALUE  =  0.8209E-06  CRITERION=  0.8913E-04
     DISP CONVERGENCE VALUE   =  0.1080E-04  CRITERION=  0.1193E-03 <<< CONVERGED
    EQUIL ITER   1 COMPLETED.  OLD TRIANG MATRIX.  MAX DOF INC= -0.1080E-04
     FORCE CONVERGENCE VALUE  =  0.7663E-13  CRITERION=  0.8917E-04 <<< CONVERGED
    >>> SOLUTION CONVERGED AFTER EQUILIBRIUM ITERATION   1
 *** LOAD STEP     1   SUBSTEP    82  COMPLETED.    CUM ITER =     92
 *** TIME =  0.820000         TIME INC =  0.100000E-01
 *** MAX VISCOELASTIC STRAIN STEP = 0.3999E-05

     FORCE CONVERGENCE VALUE  =  0.8336E-06  CRITERION=  0.9019E-04
     DISP CONVERGENCE VALUE   =  0.1068E-04  CRITERION=  0.1198E-03 <<< CONVERGED
    EQUIL ITER   1 COMPLETED.  OLD TRIANG MATRIX.  MAX DOF INC= -0.1068E-04
     FORCE CONVERGENCE VALUE  =  0.9217E-13  CRITERION=  0.9023E-04 <<< CONVERGED
    >>> SOLUTION CONVERGED AFTER EQUILIBRIUM ITERATION   1
 *** LOAD STEP     1   SUBSTEP    83  COMPLETED.    CUM ITER =     93
 *** TIME =  0.830000         TIME INC =  0.100000E-01
 *** MAX VISCOELASTIC STRAIN STEP = 0.4015E-05

     FORCE CONVERGENCE VALUE  =  0.8460E-06  CRITERION=  0.9125E-04
     DISP CONVERGENCE VALUE   =  0.1057E-04  CRITERION=  0.1203E-03 <<< CONVERGED
    EQUIL ITER   1 COMPLETED.  OLD TRIANG MATRIX.  MAX DOF INC= -0.1057E-04
     FORCE CONVERGENCE VALUE  =  0.1178E-12  CRITERION=  0.9129E-04 <<< CONVERGED
    >>> SOLUTION CONVERGED AFTER EQUILIBRIUM ITERATION   1
 *** LOAD STEP     1   SUBSTEP    84  COMPLETED.    CUM ITER =     94
 *** TIME =  0.840000         TIME INC =  0.100000E-01
 *** MAX VISCOELASTIC STRAIN STEP = 0.4030E-05

     FORCE CONVERGENCE VALUE  =  0.8579E-06  CRITERION=  0.9231E-04
     DISP CONVERGENCE VALUE   =  0.1045E-04  CRITERION=  0.1209E-03 <<< CONVERGED
    EQUIL ITER   1 COMPLETED.  OLD TRIANG MATRIX.  MAX DOF INC= -0.1045E-04
     FORCE CONVERGENCE VALUE  =  0.8699E-13  CRITERION=  0.9235E-04 <<< CONVERGED
    >>> SOLUTION CONVERGED AFTER EQUILIBRIUM ITERATION   1
 *** LOAD STEP     1   SUBSTEP    85  COMPLETED.    CUM ITER =     95
 *** TIME =  0.850000         TIME INC =  0.100000E-01
 *** MAX VISCOELASTIC STRAIN STEP = 0.4045E-05

     FORCE CONVERGENCE VALUE  =  0.8696E-06  CRITERION=  0.9337E-04
     DISP CONVERGENCE VALUE   =  0.1034E-04  CRITERION=  0.1214E-03 <<< CONVERGED
    EQUIL ITER   1 COMPLETED.  OLD TRIANG MATRIX.  MAX DOF INC= -0.1034E-04
     FORCE CONVERGENCE VALUE  =  0.8542E-13  CRITERION=  0.9341E-04 <<< CONVERGED
    >>> SOLUTION CONVERGED AFTER EQUILIBRIUM ITERATION   1
 *** LOAD STEP     1   SUBSTEP    86  COMPLETED.    CUM ITER =     96
 *** TIME =  0.860000         TIME INC =  0.100000E-01
 *** MAX VISCOELASTIC STRAIN STEP = 0.4059E-05

     FORCE CONVERGENCE VALUE  =  0.8808E-06  CRITERION=  0.9443E-04
     DISP CONVERGENCE VALUE   =  0.1023E-04  CRITERION=  0.1219E-03 <<< CONVERGED
    EQUIL ITER   1 COMPLETED.  OLD TRIANG MATRIX.  MAX DOF INC= -0.1023E-04
     FORCE CONVERGENCE VALUE  =  0.9292E-13  CRITERION=  0.9447E-04 <<< CONVERGED
    >>> SOLUTION CONVERGED AFTER EQUILIBRIUM ITERATION   1
 *** LOAD STEP     1   SUBSTEP    87  COMPLETED.    CUM ITER =     97
 *** TIME =  0.870000         TIME INC =  0.100000E-01
 *** MAX VISCOELASTIC STRAIN STEP = 0.4074E-05

     FORCE CONVERGENCE VALUE  =  0.8917E-06  CRITERION=  0.9549E-04
     DISP CONVERGENCE VALUE   =  0.1012E-04  CRITERION=  0.1224E-03 <<< CONVERGED
    EQUIL ITER   1 COMPLETED.  OLD TRIANG MATRIX.  MAX DOF INC= -0.1012E-04
     FORCE CONVERGENCE VALUE  =  0.1001E-12  CRITERION=  0.9553E-04 <<< CONVERGED
    >>> SOLUTION CONVERGED AFTER EQUILIBRIUM ITERATION   1
 *** LOAD STEP     1   SUBSTEP    88  COMPLETED.    CUM ITER =     98
 *** TIME =  0.880000         TIME INC =  0.100000E-01
 *** MAX VISCOELASTIC STRAIN STEP = 0.4088E-05

     FORCE CONVERGENCE VALUE  =  0.9023E-06  CRITERION=  0.9655E-04
     DISP CONVERGENCE VALUE   =  0.1001E-04  CRITERION=  0.1229E-03 <<< CONVERGED
    EQUIL ITER   1 COMPLETED.  OLD TRIANG MATRIX.  MAX DOF INC= -0.1001E-04
     FORCE CONVERGENCE VALUE  =  0.1195E-12  CRITERION=  0.9659E-04 <<< CONVERGED
    >>> SOLUTION CONVERGED AFTER EQUILIBRIUM ITERATION   1
 *** LOAD STEP     1   SUBSTEP    89  COMPLETED.    CUM ITER =     99
 *** TIME =  0.890000         TIME INC =  0.100000E-01
 *** MAX VISCOELASTIC STRAIN STEP = 0.4102E-05

     FORCE CONVERGENCE VALUE  =  0.9125E-06  CRITERION=  0.9761E-04
     DISP CONVERGENCE VALUE   =  0.9909E-05  CRITERION=  0.1234E-03 <<< CONVERGED
    EQUIL ITER   1 COMPLETED.  OLD TRIANG MATRIX.  MAX DOF INC= -0.9909E-05
     FORCE CONVERGENCE VALUE  =  0.1085E-12  CRITERION=  0.9765E-04 <<< CONVERGED
    >>> SOLUTION CONVERGED AFTER EQUILIBRIUM ITERATION   1
 *** LOAD STEP     1   SUBSTEP    90  COMPLETED.    CUM ITER =    100
 *** TIME =  0.900000         TIME INC =  0.100000E-01
 *** MAX VISCOELASTIC STRAIN STEP = 0.4116E-05

     FORCE CONVERGENCE VALUE  =  0.9224E-06  CRITERION=  0.9867E-04
     DISP CONVERGENCE VALUE   =  0.9807E-05  CRITERION=  0.1239E-03 <<< CONVERGED
    EQUIL ITER   1 COMPLETED.  OLD TRIANG MATRIX.  MAX DOF INC= -0.9807E-05
     FORCE CONVERGENCE VALUE  =  0.1480E-12  CRITERION=  0.9871E-04 <<< CONVERGED
    >>> SOLUTION CONVERGED AFTER EQUILIBRIUM ITERATION   1
 *** LOAD STEP     1   SUBSTEP    91  COMPLETED.    CUM ITER =    101
 *** TIME =  0.910000         TIME INC =  0.100000E-01
 *** MAX VISCOELASTIC STRAIN STEP = 0.4130E-05

     FORCE CONVERGENCE VALUE  =  0.9320E-06  CRITERION=  0.9973E-04
     DISP CONVERGENCE VALUE   =  0.9707E-05  CRITERION=  0.1244E-03 <<< CONVERGED
    EQUIL ITER   1 COMPLETED.  OLD TRIANG MATRIX.  MAX DOF INC= -0.9707E-05
     FORCE CONVERGENCE VALUE  =  0.1005E-12  CRITERION=  0.9976E-04 <<< CONVERGED
    >>> SOLUTION CONVERGED AFTER EQUILIBRIUM ITERATION   1
 *** LOAD STEP     1   SUBSTEP    92  COMPLETED.    CUM ITER =    102
 *** TIME =  0.920000         TIME INC =  0.100000E-01
 *** MAX VISCOELASTIC STRAIN STEP = 0.4143E-05

     FORCE CONVERGENCE VALUE  =  0.9412E-06  CRITERION=  0.1008E-03
     DISP CONVERGENCE VALUE   =  0.9610E-05  CRITERION=  0.1249E-03 <<< CONVERGED
    EQUIL ITER   1 COMPLETED.  OLD TRIANG MATRIX.  MAX DOF INC= -0.9610E-05
     FORCE CONVERGENCE VALUE  =  0.9624E-13  CRITERION=  0.1008E-03 <<< CONVERGED
    >>> SOLUTION CONVERGED AFTER EQUILIBRIUM ITERATION   1
 *** LOAD STEP     1   SUBSTEP    93  COMPLETED.    CUM ITER =    103
 *** TIME =  0.930000         TIME INC =  0.100000E-01
 *** MAX VISCOELASTIC STRAIN STEP = 0.4156E-05

     FORCE CONVERGENCE VALUE  =  0.9502E-06  CRITERION=  0.1018E-03
     DISP CONVERGENCE VALUE   =  0.9514E-05  CRITERION=  0.1253E-03 <<< CONVERGED
    EQUIL ITER   1 COMPLETED.  OLD TRIANG MATRIX.  MAX DOF INC= -0.9514E-05
     FORCE CONVERGENCE VALUE  =  0.1127E-12  CRITERION=  0.1019E-03 <<< CONVERGED
    >>> SOLUTION CONVERGED AFTER EQUILIBRIUM ITERATION   1
 *** LOAD STEP     1   SUBSTEP    94  COMPLETED.    CUM ITER =    104
 *** TIME =  0.940000         TIME INC =  0.100000E-01
 *** MAX VISCOELASTIC STRAIN STEP = 0.4169E-05

     FORCE CONVERGENCE VALUE  =  0.9589E-06  CRITERION=  0.1029E-03
     DISP CONVERGENCE VALUE   =  0.9421E-05  CRITERION=  0.1258E-03 <<< CONVERGED
    EQUIL ITER   1 COMPLETED.  OLD TRIANG MATRIX.  MAX DOF INC= -0.9421E-05
     FORCE CONVERGENCE VALUE  =  0.1192E-12  CRITERION=  0.1029E-03 <<< CONVERGED
    >>> SOLUTION CONVERGED AFTER EQUILIBRIUM ITERATION   1
 *** LOAD STEP     1   SUBSTEP    95  COMPLETED.    CUM ITER =    105
 *** TIME =  0.950000         TIME INC =  0.100000E-01
 *** MAX VISCOELASTIC STRAIN STEP = 0.4182E-05

     FORCE CONVERGENCE VALUE  =  0.9673E-06  CRITERION=  0.1039E-03
     DISP CONVERGENCE VALUE   =  0.9329E-05  CRITERION=  0.1263E-03 <<< CONVERGED
    EQUIL ITER   1 COMPLETED.  OLD TRIANG MATRIX.  MAX DOF INC= -0.9329E-05
     FORCE CONVERGENCE VALUE  =  0.1333E-12  CRITERION=  0.1040E-03 <<< CONVERGED
    >>> SOLUTION CONVERGED AFTER EQUILIBRIUM ITERATION   1
 *** LOAD STEP     1   SUBSTEP    96  COMPLETED.    CUM ITER =    106
 *** TIME =  0.960000         TIME INC =  0.100000E-01
 *** MAX VISCOELASTIC STRAIN STEP = 0.4195E-05

     FORCE CONVERGENCE VALUE  =  0.9754E-06  CRITERION=  0.1050E-03
     DISP CONVERGENCE VALUE   =  0.9238E-05  CRITERION=  0.1267E-03 <<< CONVERGED
    EQUIL ITER   1 COMPLETED.  OLD TRIANG MATRIX.  MAX DOF INC= -0.9238E-05
     FORCE CONVERGENCE VALUE  =  0.1136E-12  CRITERION=  0.1050E-03 <<< CONVERGED
    >>> SOLUTION CONVERGED AFTER EQUILIBRIUM ITERATION   1
 *** LOAD STEP     1   SUBSTEP    97  COMPLETED.    CUM ITER =    107
 *** TIME =  0.970000         TIME INC =  0.100000E-01
 *** MAX VISCOELASTIC STRAIN STEP = 0.4208E-05

     FORCE CONVERGENCE VALUE  =  0.9832E-06  CRITERION=  0.1061E-03
     DISP CONVERGENCE VALUE   =  0.9150E-05  CRITERION=  0.1272E-03 <<< CONVERGED
    EQUIL ITER   1 COMPLETED.  OLD TRIANG MATRIX.  MAX DOF INC= -0.9150E-05
     FORCE CONVERGENCE VALUE  =  0.1329E-12  CRITERION=  0.1061E-03 <<< CONVERGED
    >>> SOLUTION CONVERGED AFTER EQUILIBRIUM ITERATION   1
 *** LOAD STEP     1   SUBSTEP    98  COMPLETED.    CUM ITER =    108
 *** TIME =  0.980000         TIME INC =  0.100000E-01
 *** MAX VISCOELASTIC STRAIN STEP = 0.4220E-05

     FORCE CONVERGENCE VALUE  =  0.9908E-06  CRITERION=  0.1071E-03
     DISP CONVERGENCE VALUE   =  0.9063E-05  CRITERION=  0.1276E-03 <<< CONVERGED
    EQUIL ITER   1 COMPLETED.  OLD TRIANG MATRIX.  MAX DOF INC= -0.9063E-05
     FORCE CONVERGENCE VALUE  =  0.1015E-12  CRITERION=  0.1071E-03 <<< CONVERGED
    >>> SOLUTION CONVERGED AFTER EQUILIBRIUM ITERATION   1
 *** LOAD STEP     1   SUBSTEP    99  COMPLETED.    CUM ITER =    109
 *** TIME =  0.990000         TIME INC =  0.100000E-01
 *** MAX VISCOELASTIC STRAIN STEP = 0.4232E-05

     FORCE CONVERGENCE VALUE  =  0.9982E-06  CRITERION=  0.1082E-03
     DISP CONVERGENCE VALUE   =  0.8978E-05  CRITERION=  0.1281E-03 <<< CONVERGED
    EQUIL ITER   1 COMPLETED.  OLD TRIANG MATRIX.  MAX DOF INC= -0.8978E-05
     FORCE CONVERGENCE VALUE  =  0.1305E-12  CRITERION=  0.1082E-03 <<< CONVERGED
    >>> SOLUTION CONVERGED AFTER EQUILIBRIUM ITERATION   1
 *** LOAD STEP     1   SUBSTEP   100  COMPLETED.    CUM ITER =    110
 *** TIME =   1.00000         TIME INC =  0.100000E-01
 *** MAX VISCOELASTIC STRAIN STEP = 0.4244E-05


 *** MAPDL BINARY FILE STATISTICS
  BUFFER SIZE USED= 16384
        0.750 MB WRITTEN ON ELEMENT SAVED DATA FILE: stage10_structural.esav
        0.062 MB WRITTEN ON ASSEMBLED MATRIX FILE: stage10_structural.full
        0.375 MB WRITTEN ON RESULTS FILE: stage10_structural.rst

 TIME=  31.000    

 USE INITIAL TIME STEP SIZE OF 0.1000000     FOR ALL  DEGREES OF FREEDOM
 FOR AUTOMATIC TIME STEPPING:
   USE 0.1000000     AS THE MINIMUM TIME STEP SIZE
   USE 0.1000000     AS THE MAXIMUM TIME STEP SIZE

 *****  MAPDL SOLVE    COMMAND  *****

 *** NOTE ***                            ELAPSED TIME =      12.230   TIME= 20:26:42
 This nonlinear analysis defaults to using the initial stiffness         
 Newton-Raphson solution procedure.  This can be modified using the      
 NROPT command.                                                          

 *** MAPDL - ENGINEERING ANALYSIS SYSTEM  RELEASE 2026 R1          26.1     ***
 Ansys Mechanical Enterprise Academic Student      
 01055371  VERSION=WINDOWS x64   20:26:42  SEP 14, 2026 Elapsed Time=     12.233

 Stage 10 isothermal discretization verification                               



                      L O A D   S T E P   O P T I O N S

   LOAD STEP NUMBER. . . . . . . . . . . . . . . .     2
   TIME AT END OF THE LOAD STEP. . . . . . . . . .  31.000    
   TIME STEP SIZE. . . . . . . . . . . . . . . . . 0.10000    
   MAXIMUM NUMBER OF EQUILIBRIUM ITERATIONS. . . .    15
   STEP CHANGE BOUNDARY CONDITIONS . . . . . . . .    NO
   TERMINATE ANALYSIS IF NOT CONVERGED . . . . . .YES (EXIT)  
   CONVERGENCE CONTROLS. . . . . . . . . . . . . .USE DEFAULTS
   PRINT OUTPUT CONTROLS . . . . . . . . . . . . .NO PRINTOUT
   DATABASE OUTPUT CONTROLS
      ITEM     FREQUENCY   COMPONENT
       ALL       LAST               


 SOLUTION MONITORING INFO IS WRITTEN TO FILE= stage10_structural.mntr                                                                                                                                                                                                                                             

     FORCE CONVERGENCE VALUE  =  0.2408E-03  CRITERION=  0.7824E-04
     DISP CONVERGENCE VALUE   =  0.8042E-02  CRITERION=  0.4021E-03
    EQUIL ITER   1 COMPLETED.  OLD TRIANG MATRIX.  MAX DOF INC= -0.8042E-02
     FORCE CONVERGENCE VALUE  =  0.8369E-04  CRITERION=  0.8879E-04 <<< CONVERGED
     DISP CONVERGENCE VALUE   =  0.5306E-02  CRITERION=  0.6674E-03
    EQUIL ITER   2 COMPLETED.  OLD TRIANG MATRIX.  MAX DOF INC= -0.5306E-02
     FORCE CONVERGENCE VALUE  =  0.9217E-04  CRITERION=  0.9556E-04 <<< CONVERGED
     DISP CONVERGENCE VALUE   =  0.3519E-02  CRITERION=  0.8434E-03
    EQUIL ITER   3 COMPLETED.  OLD TRIANG MATRIX.  MAX DOF INC= -0.3519E-02
     FORCE CONVERGENCE VALUE  =  0.1060E-03  CRITERION=  0.9992E-04
     DISP CONVERGENCE VALUE   =  0.2346E-02  CRITERION=  0.9607E-03
    EQUIL ITER   4 COMPLETED.  OLD TRIANG MATRIX.  MAX DOF INC= -0.2346E-02
     FORCE CONVERGENCE VALUE  =  0.1010E-03  CRITERION=  0.1027E-03 <<< CONVERGED
     DISP CONVERGENCE VALUE   =  0.1571E-02  CRITERION=  0.1039E-02
    EQUIL ITER   5 COMPLETED.  OLD TRIANG MATRIX.  MAX DOF INC= -0.1571E-02
     FORCE CONVERGENCE VALUE  =  0.8706E-04  CRITERION=  0.1046E-03 <<< CONVERGED
     DISP CONVERGENCE VALUE   =  0.1057E-02  CRITERION=  0.1092E-02 <<< CONVERGED
    EQUIL ITER   6 COMPLETED.  OLD TRIANG MATRIX.  MAX DOF INC = -0.1057E-02
    >>> SOLUTION CONVERGED AFTER EQUILIBRIUM ITERATION   6
 *** LOAD STEP     2   SUBSTEP     1  COMPLETED.    CUM ITER =    116
 *** TIME =   1.10000         TIME INC =  0.100000    
 *** MAX VISCOELASTIC STRAIN STEP = 0.3659E-04

     FORCE CONVERGENCE VALUE  =  0.1728E-04  CRITERION=  0.1116E-03
     DISP CONVERGENCE VALUE   =  0.1106E-02  CRITERION=  0.1092E-02
    EQUIL ITER   1 COMPLETED.  OLD TRIANG MATRIX.  MAX DOF INC=  0.1106E-02
     FORCE CONVERGENCE VALUE  =  0.2077E-04  CRITERION=  0.1102E-03 <<< CONVERGED
     DISP CONVERGENCE VALUE   =  0.7338E-03  CRITERION=  0.1092E-02 <<< CONVERGED
    EQUIL ITER   2 COMPLETED.  OLD TRIANG MATRIX.  MAX DOF INC =  0.7338E-03
    >>> SOLUTION CONVERGED AFTER EQUILIBRIUM ITERATION   2
 *** LOAD STEP     2   SUBSTEP     2  COMPLETED.    CUM ITER =    118
 *** TIME =   1.20000         TIME INC =  0.100000    
 *** MAX VISCOELASTIC STRAIN STEP = 0.3408E-04

     FORCE CONVERGENCE VALUE  =  0.1391E-03  CRITERION=  0.1142E-03
     DISP CONVERGENCE VALUE   =  0.2078E-02  CRITERION=  0.1092E-02
    EQUIL ITER   1 COMPLETED.  OLD TRIANG MATRIX.  MAX DOF INC=  0.2078E-02
     FORCE CONVERGENCE VALUE  =  0.1187E-03  CRITERION=  0.1118E-03
     DISP CONVERGENCE VALUE   =  0.1398E-02  CRITERION=  0.1092E-02
    EQUIL ITER   2 COMPLETED.  OLD TRIANG MATRIX.  MAX DOF INC=  0.1398E-02
     FORCE CONVERGENCE VALUE  =  0.9592E-04  CRITERION=  0.1102E-03 <<< CONVERGED
     DISP CONVERGENCE VALUE   =  0.9446E-03  CRITERION=  0.1092E-02 <<< CONVERGED
    EQUIL ITER   3 COMPLETED.  OLD TRIANG MATRIX.  MAX DOF INC =  0.9446E-03
    >>> SOLUTION CONVERGED AFTER EQUILIBRIUM ITERATION   3
 *** LOAD STEP     2   SUBSTEP     3  COMPLETED.    CUM ITER =    121
 *** TIME =   1.30000         TIME INC =  0.100000    
 *** MAX VISCOELASTIC STRAIN STEP = 0.2665E-04

     FORCE CONVERGENCE VALUE  =  0.1766E-03  CRITERION=  0.1116E-03
     DISP CONVERGENCE VALUE   =  0.1539E-02  CRITERION=  0.1092E-02
    EQUIL ITER   1 COMPLETED.  OLD TRIANG MATRIX.  MAX DOF INC=  0.1539E-02
     FORCE CONVERGENCE VALUE  =  0.1347E-03  CRITERION=  0.1099E-03
     DISP CONVERGENCE VALUE   =  0.1046E-02  CRITERION=  0.1092E-02 <<< CONVERGED
    EQUIL ITER   2 COMPLETED.  OLD TRIANG MATRIX.  MAX DOF INC=  0.1046E-02
     FORCE CONVERGENCE VALUE  =  0.1010E-03  CRITERION=  0.1088E-03 <<< CONVERGED
    >>> SOLUTION CONVERGED AFTER EQUILIBRIUM ITERATION   2
 *** LOAD STEP     2   SUBSTEP     4  COMPLETED.    CUM ITER =    123
 *** TIME =   1.40000         TIME INC =  0.100000    
 *** MAX VISCOELASTIC STRAIN STEP = 0.1986E-04

     FORCE CONVERGENCE VALUE  =  0.1708E-03  CRITERION=  0.1104E-03
     DISP CONVERGENCE VALUE   =  0.1341E-02  CRITERION=  0.1092E-02
    EQUIL ITER   1 COMPLETED.  OLD TRIANG MATRIX.  MAX DOF INC=  0.1341E-02
     FORCE CONVERGENCE VALUE  =  0.1282E-03  CRITERION=  0.1090E-03
     DISP CONVERGENCE VALUE   =  0.9144E-03  CRITERION=  0.1092E-02 <<< CONVERGED
    EQUIL ITER   2 COMPLETED.  OLD TRIANG MATRIX.  MAX DOF INC=  0.9144E-03
     FORCE CONVERGENCE VALUE  =  0.9487E-04  CRITERION=  0.1081E-03 <<< CONVERGED
    >>> SOLUTION CONVERGED AFTER EQUILIBRIUM ITERATION   2
 *** LOAD STEP     2   SUBSTEP     5  COMPLETED.    CUM ITER =    125
 *** TIME =   1.50000         TIME INC =  0.100000    
 *** MAX VISCOELASTIC STRAIN STEP = 0.1541E-04

     FORCE CONVERGENCE VALUE  =  0.1310E-03  CRITERION=  0.1090E-03
     DISP CONVERGENCE VALUE   =  0.1022E-02  CRITERION=  0.1092E-02 <<< CONVERGED
    EQUIL ITER   1 COMPLETED.  OLD TRIANG MATRIX.  MAX DOF INC=  0.1022E-02
     FORCE CONVERGENCE VALUE  =  0.9824E-04  CRITERION=  0.1079E-03 <<< CONVERGED
    >>> SOLUTION CONVERGED AFTER EQUILIBRIUM ITERATION   1
 *** LOAD STEP     2   SUBSTEP     6  COMPLETED.    CUM ITER =    126
 *** TIME =   1.60000         TIME INC =  0.100000    
 *** MAX VISCOELASTIC STRAIN STEP = 0.1335E-04

     FORCE CONVERGENCE VALUE  =  0.1204E-03  CRITERION=  0.1089E-03
     DISP CONVERGENCE VALUE   =  0.1056E-02  CRITERION=  0.1092E-02 <<< CONVERGED
    EQUIL ITER   1 COMPLETED.  OLD TRIANG MATRIX.  MAX DOF INC=  0.1056E-02
     FORCE CONVERGENCE VALUE  =  0.9200E-04  CRITERION=  0.1077E-03 <<< CONVERGED
    >>> SOLUTION CONVERGED AFTER EQUILIBRIUM ITERATION   1
 *** LOAD STEP     2   SUBSTEP     7  COMPLETED.    CUM ITER =    127
 *** TIME =   1.70000         TIME INC =  0.100000    
 *** MAX VISCOELASTIC STRAIN STEP = 0.1179E-04

     FORCE CONVERGENCE VALUE  =  0.1006E-03  CRITERION=  0.1085E-03
     DISP CONVERGENCE VALUE   =  0.9971E-03  CRITERION=  0.1092E-02 <<< CONVERGED
    EQUIL ITER   1 COMPLETED.  OLD TRIANG MATRIX.  MAX DOF INC=  0.9971E-03
     FORCE CONVERGENCE VALUE  =  0.7850E-04  CRITERION=  0.1074E-03 <<< CONVERGED
    >>> SOLUTION CONVERGED AFTER EQUILIBRIUM ITERATION   1
 *** LOAD STEP     2   SUBSTEP     8  COMPLETED.    CUM ITER =    128
 *** TIME =   1.80000         TIME INC =  0.100000    
 *** MAX VISCOELASTIC STRAIN STEP = 0.1102E-04

     FORCE CONVERGENCE VALUE  =  0.7632E-04  CRITERION=  0.1079E-03
     DISP CONVERGENCE VALUE   =  0.8752E-03  CRITERION=  0.1092E-02 <<< CONVERGED
    EQUIL ITER   1 COMPLETED.  OLD TRIANG MATRIX.  MAX DOF INC=  0.8752E-03
     FORCE CONVERGENCE VALUE  =  0.6124E-04  CRITERION=  0.1070E-03 <<< CONVERGED
    >>> SOLUTION CONVERGED AFTER EQUILIBRIUM ITERATION   1
 *** LOAD STEP     2   SUBSTEP     9  COMPLETED.    CUM ITER =    129
 *** TIME =   1.90000         TIME INC =  0.100000    
 *** MAX VISCOELASTIC STRAIN STEP = 0.1032E-04

     FORCE CONVERGENCE VALUE  =  0.5125E-04  CRITERION=  0.1073E-03
     DISP CONVERGENCE VALUE   =  0.7255E-03  CRITERION=  0.1092E-02 <<< CONVERGED
    EQUIL ITER   1 COMPLETED.  OLD TRIANG MATRIX.  MAX DOF INC=  0.7255E-03
     FORCE CONVERGENCE VALUE  =  0.4300E-04  CRITERION=  0.1065E-03 <<< CONVERGED
    >>> SOLUTION CONVERGED AFTER EQUILIBRIUM ITERATION   1
 *** LOAD STEP     2   SUBSTEP    10  COMPLETED.    CUM ITER =    130
 *** TIME =   2.00000         TIME INC =  0.100000    
 *** MAX VISCOELASTIC STRAIN STEP = 0.9694E-05

     FORCE CONVERGENCE VALUE  =  0.2859E-04  CRITERION=  0.1068E-03
     DISP CONVERGENCE VALUE   =  0.5758E-03  CRITERION=  0.1092E-02 <<< CONVERGED
    EQUIL ITER   1 COMPLETED.  OLD TRIANG MATRIX.  MAX DOF INC=  0.5758E-03
     FORCE CONVERGENCE VALUE  =  0.2603E-04  CRITERION=  0.1061E-03 <<< CONVERGED
    >>> SOLUTION CONVERGED AFTER EQUILIBRIUM ITERATION   1
 *** LOAD STEP     2   SUBSTEP    11  COMPLETED.    CUM ITER =    131
 *** TIME =   2.10000         TIME INC =  0.100000    
 *** MAX VISCOELASTIC STRAIN STEP = 0.9158E-05

     FORCE CONVERGENCE VALUE  =  0.1452E-04  CRITERION=  0.1063E-03
     DISP CONVERGENCE VALUE   =  0.4438E-03  CRITERION=  0.1092E-02 <<< CONVERGED
    EQUIL ITER   1 COMPLETED.  OLD TRIANG MATRIX.  MAX DOF INC=  0.4438E-03
     FORCE CONVERGENCE VALUE  =  0.1294E-04  CRITERION=  0.1058E-03 <<< CONVERGED
    >>> SOLUTION CONVERGED AFTER EQUILIBRIUM ITERATION   1
 *** LOAD STEP     2   SUBSTEP    12  COMPLETED.    CUM ITER =    132
 *** TIME =   2.20000         TIME INC =  0.100000    
 *** MAX VISCOELASTIC STRAIN STEP = 0.8703E-05

     FORCE CONVERGENCE VALUE  =  0.1952E-04  CRITERION=  0.1059E-03
     DISP CONVERGENCE VALUE   =  0.3378E-03  CRITERION=  0.1092E-02 <<< CONVERGED
    EQUIL ITER   1 COMPLETED.  OLD TRIANG MATRIX.  MAX DOF INC=  0.3378E-03
     FORCE CONVERGENCE VALUE  =  0.1021E-04  CRITERION=  0.1055E-03 <<< CONVERGED
    >>> SOLUTION CONVERGED AFTER EQUILIBRIUM ITERATION   1
 *** LOAD STEP     2   SUBSTEP    13  COMPLETED.    CUM ITER =    133
 *** TIME =   2.30000         TIME INC =  0.100000    
 *** MAX VISCOELASTIC STRAIN STEP = 0.8312E-05

     FORCE CONVERGENCE VALUE  =  0.2961E-04  CRITERION=  0.1057E-03
     DISP CONVERGENCE VALUE   =  0.2593E-03  CRITERION=  0.1092E-02 <<< CONVERGED
    EQUIL ITER   1 COMPLETED.  OLD TRIANG MATRIX.  MAX DOF INC=  0.2593E-03
     FORCE CONVERGENCE VALUE  =  0.1594E-04  CRITERION=  0.1053E-03 <<< CONVERGED
    >>> SOLUTION CONVERGED AFTER EQUILIBRIUM ITERATION   1
 *** LOAD STEP     2   SUBSTEP    14  COMPLETED.    CUM ITER =    134
 *** TIME =   2.40000         TIME INC =  0.100000    
 *** MAX VISCOELASTIC STRAIN STEP = 0.7971E-05

     FORCE CONVERGENCE VALUE  =  0.3695E-04  CRITERION=  0.1055E-03
     DISP CONVERGENCE VALUE   =  0.2056E-03  CRITERION=  0.1092E-02 <<< CONVERGED
    EQUIL ITER   1 COMPLETED.  OLD TRIANG MATRIX.  MAX DOF INC=  0.2056E-03
     FORCE CONVERGENCE VALUE  =  0.2098E-04  CRITERION=  0.1052E-03 <<< CONVERGED
    >>> SOLUTION CONVERGED AFTER EQUILIBRIUM ITERATION   1
 *** LOAD STEP     2   SUBSTEP    15  COMPLETED.    CUM ITER =    135
 *** TIME =   2.50000         TIME INC =  0.100000    
 *** MAX VISCOELASTIC STRAIN STEP = 0.7667E-05

     FORCE CONVERGENCE VALUE  =  0.4095E-04  CRITERION=  0.1053E-03
     DISP CONVERGENCE VALUE   =  0.1717E-03  CRITERION=  0.1092E-02 <<< CONVERGED
    EQUIL ITER   1 COMPLETED.  OLD TRIANG MATRIX.  MAX DOF INC=  0.1717E-03
     FORCE CONVERGENCE VALUE  =  0.2387E-04  CRITERION=  0.1051E-03 <<< CONVERGED
    >>> SOLUTION CONVERGED AFTER EQUILIBRIUM ITERATION   1
 *** LOAD STEP     2   SUBSTEP    16  COMPLETED.    CUM ITER =    136
 *** TIME =   2.60000         TIME INC =  0.100000    
 *** MAX VISCOELASTIC STRAIN STEP = 0.7388E-05

     FORCE CONVERGENCE VALUE  =  0.4219E-04  CRITERION=  0.1053E-03
     DISP CONVERGENCE VALUE   =  0.1523E-03  CRITERION=  0.1092E-02 <<< CONVERGED
    EQUIL ITER   1 COMPLETED.  OLD TRIANG MATRIX.  MAX DOF INC=  0.1523E-03
     FORCE CONVERGENCE VALUE  =  0.2486E-04  CRITERION=  0.1050E-03 <<< CONVERGED
    >>> SOLUTION CONVERGED AFTER EQUILIBRIUM ITERATION   1
 *** LOAD STEP     2   SUBSTEP    17  COMPLETED.    CUM ITER =    137
 *** TIME =   2.70000         TIME INC =  0.100000    
 *** MAX VISCOELASTIC STRAIN STEP = 0.7127E-05

     FORCE CONVERGENCE VALUE  =  0.4150E-04  CRITERION=  0.1052E-03
     DISP CONVERGENCE VALUE   =  0.1423E-03  CRITERION=  0.1092E-02 <<< CONVERGED
    EQUIL ITER   1 COMPLETED.  OLD TRIANG MATRIX.  MAX DOF INC=  0.1423E-03
     FORCE CONVERGENCE VALUE  =  0.2451E-04  CRITERION=  0.1050E-03 <<< CONVERGED
    >>> SOLUTION CONVERGED AFTER EQUILIBRIUM ITERATION   1
 *** LOAD STEP     2   SUBSTEP    18  COMPLETED.    CUM ITER =    138
 *** TIME =   2.80000         TIME INC =  0.100000    
 *** MAX VISCOELASTIC STRAIN STEP = 0.6878E-05

     FORCE CONVERGENCE VALUE  =  0.3966E-04  CRITERION=  0.1052E-03
     DISP CONVERGENCE VALUE   =  0.1376E-03  CRITERION=  0.1092E-02 <<< CONVERGED
    EQUIL ITER   1 COMPLETED.  OLD TRIANG MATRIX.  MAX DOF INC=  0.1376E-03
     FORCE CONVERGENCE VALUE  =  0.2336E-04  CRITERION=  0.1049E-03 <<< CONVERGED
    >>> SOLUTION CONVERGED AFTER EQUILIBRIUM ITERATION   1
 *** LOAD STEP     2   SUBSTEP    19  COMPLETED.    CUM ITER =    139
 *** TIME =   2.90000         TIME INC =  0.100000    
 *** MAX VISCOELASTIC STRAIN STEP = 0.6639E-05

     FORCE CONVERGENCE VALUE  =  0.3733E-04  CRITERION=  0.1051E-03
     DISP CONVERGENCE VALUE   =  0.1352E-03  CRITERION=  0.1092E-02 <<< CONVERGED
    EQUIL ITER   1 COMPLETED.  OLD TRIANG MATRIX.  MAX DOF INC=  0.1352E-03
     FORCE CONVERGENCE VALUE  =  0.2188E-04  CRITERION=  0.1049E-03 <<< CONVERGED
    >>> SOLUTION CONVERGED AFTER EQUILIBRIUM ITERATION   1
 *** LOAD STEP     2   SUBSTEP    20  COMPLETED.    CUM ITER =    140
 *** TIME =   3.00000         TIME INC =  0.100000    
 *** MAX VISCOELASTIC STRAIN STEP = 0.6409E-05

     FORCE CONVERGENCE VALUE  =  0.3500E-04  CRITERION=  0.1051E-03
     DISP CONVERGENCE VALUE   =  0.1332E-03  CRITERION=  0.1092E-02 <<< CONVERGED
    EQUIL ITER   1 COMPLETED.  OLD TRIANG MATRIX.  MAX DOF INC=  0.1332E-03
     FORCE CONVERGENCE VALUE  =  0.2039E-04  CRITERION=  0.1049E-03 <<< CONVERGED
    >>> SOLUTION CONVERGED AFTER EQUILIBRIUM ITERATION   1
 *** LOAD STEP     2   SUBSTEP    21  COMPLETED.    CUM ITER =    141
 *** TIME =   3.10000         TIME INC =  0.100000    
 *** MAX VISCOELASTIC STRAIN STEP = 0.6186E-05

     FORCE CONVERGENCE VALUE  =  0.3295E-04  CRITERION=  0.1051E-03
     DISP CONVERGENCE VALUE   =  0.1305E-03  CRITERION=  0.1092E-02 <<< CONVERGED
    EQUIL ITER   1 COMPLETED.  OLD TRIANG MATRIX.  MAX DOF INC=  0.1305E-03
     FORCE CONVERGENCE VALUE  =  0.1909E-04  CRITERION=  0.1048E-03 <<< CONVERGED
    >>> SOLUTION CONVERGED AFTER EQUILIBRIUM ITERATION   1
 *** LOAD STEP     2   SUBSTEP    22  COMPLETED.    CUM ITER =    142
 *** TIME =   3.20000         TIME INC =  0.100000    
 *** MAX VISCOELASTIC STRAIN STEP = 0.5970E-05

     FORCE CONVERGENCE VALUE  =  0.3130E-04  CRITERION=  0.1050E-03
     DISP CONVERGENCE VALUE   =  0.1266E-03  CRITERION=  0.1092E-02 <<< CONVERGED
    EQUIL ITER   1 COMPLETED.  OLD TRIANG MATRIX.  MAX DOF INC=  0.1266E-03
     FORCE CONVERGENCE VALUE  =  0.1807E-04  CRITERION=  0.1048E-03 <<< CONVERGED
    >>> SOLUTION CONVERGED AFTER EQUILIBRIUM ITERATION   1
 *** LOAD STEP     2   SUBSTEP    23  COMPLETED.    CUM ITER =    143
 *** TIME =   3.30000         TIME INC =  0.100000    
 *** MAX VISCOELASTIC STRAIN STEP = 0.5763E-05

     FORCE CONVERGENCE VALUE  =  0.3006E-04  CRITERION=  0.1050E-03
     DISP CONVERGENCE VALUE   =  0.1215E-03  CRITERION=  0.1092E-02 <<< CONVERGED
    EQUIL ITER   1 COMPLETED.  OLD TRIANG MATRIX.  MAX DOF INC=  0.1215E-03
     FORCE CONVERGENCE VALUE  =  0.1733E-04  CRITERION=  0.1048E-03 <<< CONVERGED
    >>> SOLUTION CONVERGED AFTER EQUILIBRIUM ITERATION   1
 *** LOAD STEP     2   SUBSTEP    24  COMPLETED.    CUM ITER =    144
 *** TIME =   3.40000         TIME INC =  0.100000    
 *** MAX VISCOELASTIC STRAIN STEP = 0.5563E-05

     FORCE CONVERGENCE VALUE  =  0.2917E-04  CRITERION=  0.1049E-03
     DISP CONVERGENCE VALUE   =  0.1156E-03  CRITERION=  0.1092E-02 <<< CONVERGED
    EQUIL ITER   1 COMPLETED.  OLD TRIANG MATRIX.  MAX DOF INC=  0.1156E-03
     FORCE CONVERGENCE VALUE  =  0.1683E-04  CRITERION=  0.1047E-03 <<< CONVERGED
    >>> SOLUTION CONVERGED AFTER EQUILIBRIUM ITERATION   1
 *** LOAD STEP     2   SUBSTEP    25  COMPLETED.    CUM ITER =    145
 *** TIME =   3.50000         TIME INC =  0.100000    
 *** MAX VISCOELASTIC STRAIN STEP = 0.5370E-05

     FORCE CONVERGENCE VALUE  =  0.2854E-04  CRITERION=  0.1049E-03
     DISP CONVERGENCE VALUE   =  0.1091E-03  CRITERION=  0.1092E-02 <<< CONVERGED
    EQUIL ITER   1 COMPLETED.  OLD TRIANG MATRIX.  MAX DOF INC=  0.1091E-03
     FORCE CONVERGENCE VALUE  =  0.1651E-04  CRITERION=  0.1047E-03 <<< CONVERGED
    >>> SOLUTION CONVERGED AFTER EQUILIBRIUM ITERATION   1
 *** LOAD STEP     2   SUBSTEP    26  COMPLETED.    CUM ITER =    146
 *** TIME =   3.60000         TIME INC =  0.100000    
 *** MAX VISCOELASTIC STRAIN STEP = 0.5186E-05

     FORCE CONVERGENCE VALUE  =  0.2806E-04  CRITERION=  0.1049E-03
     DISP CONVERGENCE VALUE   =  0.1024E-03  CRITERION=  0.1092E-02 <<< CONVERGED
    EQUIL ITER   1 COMPLETED.  OLD TRIANG MATRIX.  MAX DOF INC=  0.1024E-03
     FORCE CONVERGENCE VALUE  =  0.1629E-04  CRITERION=  0.1047E-03 <<< CONVERGED
    >>> SOLUTION CONVERGED AFTER EQUILIBRIUM ITERATION   1
 *** LOAD STEP     2   SUBSTEP    27  COMPLETED.    CUM ITER =    147
 *** TIME =   3.70000         TIME INC =  0.100000    
 *** MAX VISCOELASTIC STRAIN STEP = 0.5010E-05

     FORCE CONVERGENCE VALUE  =  0.2765E-04  CRITERION=  0.1048E-03
     DISP CONVERGENCE VALUE   =  0.9592E-04  CRITERION=  0.1092E-02 <<< CONVERGED
    EQUIL ITER   1 COMPLETED.  OLD TRIANG MATRIX.  MAX DOF INC=  0.9592E-04
     FORCE CONVERGENCE VALUE  =  0.1612E-04  CRITERION=  0.1046E-03 <<< CONVERGED
    >>> SOLUTION CONVERGED AFTER EQUILIBRIUM ITERATION   1
 *** LOAD STEP     2   SUBSTEP    28  COMPLETED.    CUM ITER =    148
 *** TIME =   3.80000         TIME INC =  0.100000    
 *** MAX VISCOELASTIC STRAIN STEP = 0.4841E-05

     FORCE CONVERGENCE VALUE  =  0.2725E-04  CRITERION=  0.1048E-03
     DISP CONVERGENCE VALUE   =  0.8977E-04  CRITERION=  0.1092E-02 <<< CONVERGED
    EQUIL ITER   1 COMPLETED.  OLD TRIANG MATRIX.  MAX DOF INC=  0.8977E-04
     FORCE CONVERGENCE VALUE  =  0.1594E-04  CRITERION=  0.1046E-03 <<< CONVERGED
    >>> SOLUTION CONVERGED AFTER EQUILIBRIUM ITERATION   1
 *** LOAD STEP     2   SUBSTEP    29  COMPLETED.    CUM ITER =    149
 *** TIME =   3.90000         TIME INC =  0.100000    
 *** MAX VISCOELASTIC STRAIN STEP = 0.4679E-05

     FORCE CONVERGENCE VALUE  =  0.2681E-04  CRITERION=  0.1047E-03
     DISP CONVERGENCE VALUE   =  0.8413E-04  CRITERION=  0.1092E-02 <<< CONVERGED
    EQUIL ITER   1 COMPLETED.  OLD TRIANG MATRIX.  MAX DOF INC=  0.8413E-04
     FORCE CONVERGENCE VALUE  =  0.1574E-04  CRITERION=  0.1046E-03 <<< CONVERGED
    >>> SOLUTION CONVERGED AFTER EQUILIBRIUM ITERATION   1
 *** LOAD STEP     2   SUBSTEP    30  COMPLETED.    CUM ITER =    150
 *** TIME =   4.00000         TIME INC =  0.100000    
 *** MAX VISCOELASTIC STRAIN STEP = 0.4523E-05

     FORCE CONVERGENCE VALUE  =  0.2631E-04  CRITERION=  0.1047E-03
     DISP CONVERGENCE VALUE   =  0.7906E-04  CRITERION=  0.1092E-02 <<< CONVERGED
    EQUIL ITER   1 COMPLETED.  OLD TRIANG MATRIX.  MAX DOF INC=  0.7906E-04
     FORCE CONVERGENCE VALUE  =  0.1549E-04  CRITERION=  0.1045E-03 <<< CONVERGED
    >>> SOLUTION CONVERGED AFTER EQUILIBRIUM ITERATION   1
 *** LOAD STEP     2   SUBSTEP    31  COMPLETED.    CUM ITER =    151
 *** TIME =   4.10000         TIME INC =  0.100000    
 *** MAX VISCOELASTIC STRAIN STEP = 0.4375E-05

     FORCE CONVERGENCE VALUE  =  0.2575E-04  CRITERION=  0.1047E-03
     DISP CONVERGENCE VALUE   =  0.7455E-04  CRITERION=  0.1092E-02 <<< CONVERGED
    EQUIL ITER   1 COMPLETED.  OLD TRIANG MATRIX.  MAX DOF INC=  0.7455E-04
     FORCE CONVERGENCE VALUE  =  0.1519E-04  CRITERION=  0.1045E-03 <<< CONVERGED
    >>> SOLUTION CONVERGED AFTER EQUILIBRIUM ITERATION   1
 *** LOAD STEP     2   SUBSTEP    32  COMPLETED.    CUM ITER =    152
 *** TIME =   4.20000         TIME INC =  0.100000    
 *** MAX VISCOELASTIC STRAIN STEP = 0.4232E-05

     FORCE CONVERGENCE VALUE  =  0.2513E-04  CRITERION=  0.1046E-03
     DISP CONVERGENCE VALUE   =  0.7055E-04  CRITERION=  0.1092E-02 <<< CONVERGED
    EQUIL ITER   1 COMPLETED.  OLD TRIANG MATRIX.  MAX DOF INC=  0.7055E-04
     FORCE CONVERGENCE VALUE  =  0.1486E-04  CRITERION=  0.1045E-03 <<< CONVERGED
    >>> SOLUTION CONVERGED AFTER EQUILIBRIUM ITERATION   1
 *** LOAD STEP     2   SUBSTEP    33  COMPLETED.    CUM ITER =    153
 *** TIME =   4.30000         TIME INC =  0.100000    
 *** MAX VISCOELASTIC STRAIN STEP = 0.4094E-05

     FORCE CONVERGENCE VALUE  =  0.2447E-04  CRITERION=  0.1046E-03
     DISP CONVERGENCE VALUE   =  0.6700E-04  CRITERION=  0.1092E-02 <<< CONVERGED
    EQUIL ITER   1 COMPLETED.  OLD TRIANG MATRIX.  MAX DOF INC=  0.6700E-04
     FORCE CONVERGENCE VALUE  =  0.1448E-04  CRITERION=  0.1045E-03 <<< CONVERGED
    >>> SOLUTION CONVERGED AFTER EQUILIBRIUM ITERATION   1
 *** LOAD STEP     2   SUBSTEP    34  COMPLETED.    CUM ITER =    154
 *** TIME =   4.40000         TIME INC =  0.100000    
 *** MAX VISCOELASTIC STRAIN STEP = 0.3962E-05

     FORCE CONVERGENCE VALUE  =  0.2378E-04  CRITERION=  0.1046E-03
     DISP CONVERGENCE VALUE   =  0.6383E-04  CRITERION=  0.1092E-02 <<< CONVERGED
    EQUIL ITER   1 COMPLETED.  OLD TRIANG MATRIX.  MAX DOF INC=  0.6383E-04
     FORCE CONVERGENCE VALUE  =  0.1409E-04  CRITERION=  0.1044E-03 <<< CONVERGED
    >>> SOLUTION CONVERGED AFTER EQUILIBRIUM ITERATION   1
 *** LOAD STEP     2   SUBSTEP    35  COMPLETED.    CUM ITER =    155
 *** TIME =   4.50000         TIME INC =  0.100000    
 *** MAX VISCOELASTIC STRAIN STEP = 0.3835E-05

     FORCE CONVERGENCE VALUE  =  0.2308E-04  CRITERION=  0.1045E-03
     DISP CONVERGENCE VALUE   =  0.6096E-04  CRITERION=  0.1092E-02 <<< CONVERGED
    EQUIL ITER   1 COMPLETED.  OLD TRIANG MATRIX.  MAX DOF INC=  0.6096E-04
     FORCE CONVERGENCE VALUE  =  0.1368E-04  CRITERION=  0.1044E-03 <<< CONVERGED
    >>> SOLUTION CONVERGED AFTER EQUILIBRIUM ITERATION   1
 *** LOAD STEP     2   SUBSTEP    36  COMPLETED.    CUM ITER =    156
 *** TIME =   4.60000         TIME INC =  0.100000    
 *** MAX VISCOELASTIC STRAIN STEP = 0.3712E-05

     FORCE CONVERGENCE VALUE  =  0.2237E-04  CRITERION=  0.1045E-03
     DISP CONVERGENCE VALUE   =  0.5832E-04  CRITERION=  0.1092E-02 <<< CONVERGED
    EQUIL ITER   1 COMPLETED.  OLD TRIANG MATRIX.  MAX DOF INC=  0.5832E-04
     FORCE CONVERGENCE VALUE  =  0.1327E-04  CRITERION=  0.1044E-03 <<< CONVERGED
    >>> SOLUTION CONVERGED AFTER EQUILIBRIUM ITERATION   1
 *** LOAD STEP     2   SUBSTEP    37  COMPLETED.    CUM ITER =    157
 *** TIME =   4.70000         TIME INC =  0.100000    
 *** MAX VISCOELASTIC STRAIN STEP = 0.3594E-05

     FORCE CONVERGENCE VALUE  =  0.2168E-04  CRITERION=  0.1045E-03
     DISP CONVERGENCE VALUE   =  0.5588E-04  CRITERION=  0.1092E-02 <<< CONVERGED
    EQUIL ITER   1 COMPLETED.  OLD TRIANG MATRIX.  MAX DOF INC=  0.5588E-04
     FORCE CONVERGENCE VALUE  =  0.1286E-04  CRITERION=  0.1044E-03 <<< CONVERGED
    >>> SOLUTION CONVERGED AFTER EQUILIBRIUM ITERATION   1
 *** LOAD STEP     2   SUBSTEP    38  COMPLETED.    CUM ITER =    158
 *** TIME =   4.80000         TIME INC =  0.100000    
 *** MAX VISCOELASTIC STRAIN STEP = 0.3480E-05

     FORCE CONVERGENCE VALUE  =  0.2099E-04  CRITERION=  0.1045E-03
     DISP CONVERGENCE VALUE   =  0.5358E-04  CRITERION=  0.1092E-02 <<< CONVERGED
    EQUIL ITER   1 COMPLETED.  OLD TRIANG MATRIX.  MAX DOF INC=  0.5358E-04
     FORCE CONVERGENCE VALUE  =  0.1246E-04  CRITERION=  0.1044E-03 <<< CONVERGED
    >>> SOLUTION CONVERGED AFTER EQUILIBRIUM ITERATION   1
 *** LOAD STEP     2   SUBSTEP    39  COMPLETED.    CUM ITER =    159
 *** TIME =   4.90000         TIME INC =  0.100000    
 *** MAX VISCOELASTIC STRAIN STEP = 0.3371E-05

     FORCE CONVERGENCE VALUE  =  0.2032E-04  CRITERION=  0.1044E-03
     DISP CONVERGENCE VALUE   =  0.5141E-04  CRITERION=  0.1092E-02 <<< CONVERGED
    EQUIL ITER   1 COMPLETED.  OLD TRIANG MATRIX.  MAX DOF INC=  0.5141E-04
     FORCE CONVERGENCE VALUE  =  0.1206E-04  CRITERION=  0.1043E-03 <<< CONVERGED
    >>> SOLUTION CONVERGED AFTER EQUILIBRIUM ITERATION   1
 *** LOAD STEP     2   SUBSTEP    40  COMPLETED.    CUM ITER =    160
 *** TIME =   5.00000         TIME INC =  0.100000    
 *** MAX VISCOELASTIC STRAIN STEP = 0.3265E-05

     FORCE CONVERGENCE VALUE  =  0.1968E-04  CRITERION=  0.1044E-03
     DISP CONVERGENCE VALUE   =  0.4935E-04  CRITERION=  0.1092E-02 <<< CONVERGED
    EQUIL ITER   1 COMPLETED.  OLD TRIANG MATRIX.  MAX DOF INC=  0.4935E-04
     FORCE CONVERGENCE VALUE  =  0.1168E-04  CRITERION=  0.1043E-03 <<< CONVERGED
    >>> SOLUTION CONVERGED AFTER EQUILIBRIUM ITERATION   1
 *** LOAD STEP     2   SUBSTEP    41  COMPLETED.    CUM ITER =    161
 *** TIME =   5.10000         TIME INC =  0.100000    
 *** MAX VISCOELASTIC STRAIN STEP = 0.3163E-05

     FORCE CONVERGENCE VALUE  =  0.1905E-04  CRITERION=  0.1044E-03
     DISP CONVERGENCE VALUE   =  0.4738E-04  CRITERION=  0.1092E-02 <<< CONVERGED
    EQUIL ITER   1 COMPLETED.  OLD TRIANG MATRIX.  MAX DOF INC=  0.4738E-04
     FORCE CONVERGENCE VALUE  =  0.1131E-04  CRITERION=  0.1043E-03 <<< CONVERGED
    >>> SOLUTION CONVERGED AFTER EQUILIBRIUM ITERATION   1
 *** LOAD STEP     2   SUBSTEP    42  COMPLETED.    CUM ITER =    162
 *** TIME =   5.20000         TIME INC =  0.100000    
 *** MAX VISCOELASTIC STRAIN STEP = 0.3064E-05

     FORCE CONVERGENCE VALUE  =  0.1844E-04  CRITERION=  0.1044E-03
     DISP CONVERGENCE VALUE   =  0.4550E-04  CRITERION=  0.1092E-02 <<< CONVERGED
    EQUIL ITER   1 COMPLETED.  OLD TRIANG MATRIX.  MAX DOF INC=  0.4550E-04
     FORCE CONVERGENCE VALUE  =  0.1095E-04  CRITERION=  0.1043E-03 <<< CONVERGED
    >>> SOLUTION CONVERGED AFTER EQUILIBRIUM ITERATION   1
 *** LOAD STEP     2   SUBSTEP    43  COMPLETED.    CUM ITER =    163
 *** TIME =   5.30000         TIME INC =  0.100000    
 *** MAX VISCOELASTIC STRAIN STEP = 0.2969E-05

     FORCE CONVERGENCE VALUE  =  0.1786E-04  CRITERION=  0.1044E-03
     DISP CONVERGENCE VALUE   =  0.4371E-04  CRITERION=  0.1092E-02 <<< CONVERGED
    EQUIL ITER   1 COMPLETED.  OLD TRIANG MATRIX.  MAX DOF INC=  0.4371E-04
     FORCE CONVERGENCE VALUE  =  0.1061E-04  CRITERION=  0.1043E-03 <<< CONVERGED
    >>> SOLUTION CONVERGED AFTER EQUILIBRIUM ITERATION   1
 *** LOAD STEP     2   SUBSTEP    44  COMPLETED.    CUM ITER =    164
 *** TIME =   5.40000         TIME INC =  0.100000    
 *** MAX VISCOELASTIC STRAIN STEP = 0.2877E-05

     FORCE CONVERGENCE VALUE  =  0.1728E-04  CRITERION=  0.1043E-03
     DISP CONVERGENCE VALUE   =  0.4200E-04  CRITERION=  0.1092E-02 <<< CONVERGED
    EQUIL ITER   1 COMPLETED.  OLD TRIANG MATRIX.  MAX DOF INC=  0.4200E-04
     FORCE CONVERGENCE VALUE  =  0.1027E-04  CRITERION=  0.1043E-03 <<< CONVERGED
    >>> SOLUTION CONVERGED AFTER EQUILIBRIUM ITERATION   1
 *** LOAD STEP     2   SUBSTEP    45  COMPLETED.    CUM ITER =    165
 *** TIME =   5.50000         TIME INC =  0.100000    
 *** MAX VISCOELASTIC STRAIN STEP = 0.2789E-05

     FORCE CONVERGENCE VALUE  =  0.1673E-04  CRITERION=  0.1043E-03
     DISP CONVERGENCE VALUE   =  0.4037E-04  CRITERION=  0.1092E-02 <<< CONVERGED
    EQUIL ITER   1 COMPLETED.  OLD TRIANG MATRIX.  MAX DOF INC=  0.4037E-04
     FORCE CONVERGENCE VALUE  =  0.9943E-05  CRITERION=  0.1042E-03 <<< CONVERGED
    >>> SOLUTION CONVERGED AFTER EQUILIBRIUM ITERATION   1
 *** LOAD STEP     2   SUBSTEP    46  COMPLETED.    CUM ITER =    166
 *** TIME =   5.60000         TIME INC =  0.100000    
 *** MAX VISCOELASTIC STRAIN STEP = 0.2703E-05

     FORCE CONVERGENCE VALUE  =  0.1619E-04  CRITERION=  0.1043E-03
     DISP CONVERGENCE VALUE   =  0.3883E-04  CRITERION=  0.1092E-02 <<< CONVERGED
    EQUIL ITER   1 COMPLETED.  OLD TRIANG MATRIX.  MAX DOF INC=  0.3883E-04
     FORCE CONVERGENCE VALUE  =  0.9625E-05  CRITERION=  0.1042E-03 <<< CONVERGED
    >>> SOLUTION CONVERGED AFTER EQUILIBRIUM ITERATION   1
 *** LOAD STEP     2   SUBSTEP    47  COMPLETED.    CUM ITER =    167
 *** TIME =   5.70000         TIME INC =  0.100000    
 *** MAX VISCOELASTIC STRAIN STEP = 0.2621E-05

     FORCE CONVERGENCE VALUE  =  0.1567E-04  CRITERION=  0.1043E-03
     DISP CONVERGENCE VALUE   =  0.3735E-04  CRITERION=  0.1092E-02 <<< CONVERGED
    EQUIL ITER   1 COMPLETED.  OLD TRIANG MATRIX.  MAX DOF INC=  0.3735E-04
     FORCE CONVERGENCE VALUE  =  0.9315E-05  CRITERION=  0.1042E-03 <<< CONVERGED
    >>> SOLUTION CONVERGED AFTER EQUILIBRIUM ITERATION   1
 *** LOAD STEP     2   SUBSTEP    48  COMPLETED.    CUM ITER =    168
 *** TIME =   5.80000         TIME INC =  0.100000    
 *** MAX VISCOELASTIC STRAIN STEP = 0.2541E-05

     FORCE CONVERGENCE VALUE  =  0.1516E-04  CRITERION=  0.1043E-03
     DISP CONVERGENCE VALUE   =  0.3595E-04  CRITERION=  0.1092E-02 <<< CONVERGED
    EQUIL ITER   1 COMPLETED.  OLD TRIANG MATRIX.  MAX DOF INC=  0.3595E-04
     FORCE CONVERGENCE VALUE  =  0.9014E-05  CRITERION=  0.1042E-03 <<< CONVERGED
    >>> SOLUTION CONVERGED AFTER EQUILIBRIUM ITERATION   1
 *** LOAD STEP     2   SUBSTEP    49  COMPLETED.    CUM ITER =    169
 *** TIME =   5.90000         TIME INC =  0.100000    
 *** MAX VISCOELASTIC STRAIN STEP = 0.2464E-05

     FORCE CONVERGENCE VALUE  =  0.1467E-04  CRITERION=  0.1043E-03
     DISP CONVERGENCE VALUE   =  0.3461E-04  CRITERION=  0.1092E-02 <<< CONVERGED
    EQUIL ITER   1 COMPLETED.  OLD TRIANG MATRIX.  MAX DOF INC=  0.3461E-04
     FORCE CONVERGENCE VALUE  =  0.8722E-05  CRITERION=  0.1042E-03 <<< CONVERGED
    >>> SOLUTION CONVERGED AFTER EQUILIBRIUM ITERATION   1
 *** LOAD STEP     2   SUBSTEP    50  COMPLETED.    CUM ITER =    170
 *** TIME =   6.00000         TIME INC =  0.100000    
 *** MAX VISCOELASTIC STRAIN STEP = 0.2390E-05

     FORCE CONVERGENCE VALUE  =  0.1419E-04  CRITERION=  0.1042E-03
     DISP CONVERGENCE VALUE   =  0.3334E-04  CRITERION=  0.1092E-02 <<< CONVERGED
    EQUIL ITER   1 COMPLETED.  OLD TRIANG MATRIX.  MAX DOF INC=  0.3334E-04
     FORCE CONVERGENCE VALUE  =  0.8437E-05  CRITERION=  0.1042E-03 <<< CONVERGED
    >>> SOLUTION CONVERGED AFTER EQUILIBRIUM ITERATION   1
 *** LOAD STEP     2   SUBSTEP    51  COMPLETED.    CUM ITER =    171
 *** TIME =   6.10000         TIME INC =  0.100000    
 *** MAX VISCOELASTIC STRAIN STEP = 0.2318E-05

     FORCE CONVERGENCE VALUE  =  0.1373E-04  CRITERION=  0.1042E-03
     DISP CONVERGENCE VALUE   =  0.3212E-04  CRITERION=  0.1092E-02 <<< CONVERGED
    EQUIL ITER   1 COMPLETED.  OLD TRIANG MATRIX.  MAX DOF INC=  0.3212E-04
     FORCE CONVERGENCE VALUE  =  0.8161E-05  CRITERION=  0.1042E-03 <<< CONVERGED
    >>> SOLUTION CONVERGED AFTER EQUILIBRIUM ITERATION   1
 *** LOAD STEP     2   SUBSTEP    52  COMPLETED.    CUM ITER =    172
 *** TIME =   6.20000         TIME INC =  0.100000    
 *** MAX VISCOELASTIC STRAIN STEP = 0.2249E-05

     FORCE CONVERGENCE VALUE  =  0.1327E-04  CRITERION=  0.1042E-03
     DISP CONVERGENCE VALUE   =  0.3096E-04  CRITERION=  0.1092E-02 <<< CONVERGED
    EQUIL ITER   1 COMPLETED.  OLD TRIANG MATRIX.  MAX DOF INC=  0.3096E-04
     FORCE CONVERGENCE VALUE  =  0.7893E-05  CRITERION=  0.1041E-03 <<< CONVERGED
    >>> SOLUTION CONVERGED AFTER EQUILIBRIUM ITERATION   1
 *** LOAD STEP     2   SUBSTEP    53  COMPLETED.    CUM ITER =    173
 *** TIME =   6.30000         TIME INC =  0.100000    
 *** MAX VISCOELASTIC STRAIN STEP = 0.2182E-05

     FORCE CONVERGENCE VALUE  =  0.1284E-04  CRITERION=  0.1042E-03
     DISP CONVERGENCE VALUE   =  0.2985E-04  CRITERION=  0.1092E-02 <<< CONVERGED
    EQUIL ITER   1 COMPLETED.  OLD TRIANG MATRIX.  MAX DOF INC=  0.2985E-04
     FORCE CONVERGENCE VALUE  =  0.7633E-05  CRITERION=  0.1041E-03 <<< CONVERGED
    >>> SOLUTION CONVERGED AFTER EQUILIBRIUM ITERATION   1
 *** LOAD STEP     2   SUBSTEP    54  COMPLETED.    CUM ITER =    174
 *** TIME =   6.40000         TIME INC =  0.100000    
 *** MAX VISCOELASTIC STRAIN STEP = 0.2118E-05

     FORCE CONVERGENCE VALUE  =  0.1241E-04  CRITERION=  0.1042E-03
     DISP CONVERGENCE VALUE   =  0.2879E-04  CRITERION=  0.1092E-02 <<< CONVERGED
    EQUIL ITER   1 COMPLETED.  OLD TRIANG MATRIX.  MAX DOF INC=  0.2879E-04
     FORCE CONVERGENCE VALUE  =  0.7381E-05  CRITERION=  0.1041E-03 <<< CONVERGED
    >>> SOLUTION CONVERGED AFTER EQUILIBRIUM ITERATION   1
 *** LOAD STEP     2   SUBSTEP    55  COMPLETED.    CUM ITER =    175
 *** TIME =   6.50000         TIME INC =  0.100000    
 *** MAX VISCOELASTIC STRAIN STEP = 0.2055E-05

     FORCE CONVERGENCE VALUE  =  0.1200E-04  CRITERION=  0.1042E-03
     DISP CONVERGENCE VALUE   =  0.2777E-04  CRITERION=  0.1092E-02 <<< CONVERGED
    EQUIL ITER   1 COMPLETED.  OLD TRIANG MATRIX.  MAX DOF INC=  0.2777E-04
     FORCE CONVERGENCE VALUE  =  0.7137E-05  CRITERION=  0.1041E-03 <<< CONVERGED
    >>> SOLUTION CONVERGED AFTER EQUILIBRIUM ITERATION   1
 *** LOAD STEP     2   SUBSTEP    56  COMPLETED.    CUM ITER =    176
 *** TIME =   6.60000         TIME INC =  0.100000    
 *** MAX VISCOELASTIC STRAIN STEP = 0.1995E-05

     FORCE CONVERGENCE VALUE  =  0.1161E-04  CRITERION=  0.1042E-03
     DISP CONVERGENCE VALUE   =  0.2679E-04  CRITERION=  0.1092E-02 <<< CONVERGED
    EQUIL ITER   1 COMPLETED.  OLD TRIANG MATRIX.  MAX DOF INC=  0.2679E-04
     FORCE CONVERGENCE VALUE  =  0.6901E-05  CRITERION=  0.1041E-03 <<< CONVERGED
    >>> SOLUTION CONVERGED AFTER EQUILIBRIUM ITERATION   1
 *** LOAD STEP     2   SUBSTEP    57  COMPLETED.    CUM ITER =    177
 *** TIME =   6.70000         TIME INC =  0.100000    
 *** MAX VISCOELASTIC STRAIN STEP = 0.1937E-05

     FORCE CONVERGENCE VALUE  =  0.1122E-04  CRITERION=  0.1041E-03
     DISP CONVERGENCE VALUE   =  0.2585E-04  CRITERION=  0.1092E-02 <<< CONVERGED
    EQUIL ITER   1 COMPLETED.  OLD TRIANG MATRIX.  MAX DOF INC=  0.2585E-04
     FORCE CONVERGENCE VALUE  =  0.6672E-05  CRITERION=  0.1041E-03 <<< CONVERGED
    >>> SOLUTION CONVERGED AFTER EQUILIBRIUM ITERATION   1
 *** LOAD STEP     2   SUBSTEP    58  COMPLETED.    CUM ITER =    178
 *** TIME =   6.80000         TIME INC =  0.100000    
 *** MAX VISCOELASTIC STRAIN STEP = 0.1881E-05

     FORCE CONVERGENCE VALUE  =  0.1085E-04  CRITERION=  0.1041E-03
     DISP CONVERGENCE VALUE   =  0.2495E-04  CRITERION=  0.1092E-02 <<< CONVERGED
    EQUIL ITER   1 COMPLETED.  OLD TRIANG MATRIX.  MAX DOF INC=  0.2495E-04
     FORCE CONVERGENCE VALUE  =  0.6451E-05  CRITERION=  0.1041E-03 <<< CONVERGED
    >>> SOLUTION CONVERGED AFTER EQUILIBRIUM ITERATION   1
 *** LOAD STEP     2   SUBSTEP    59  COMPLETED.    CUM ITER =    179
 *** TIME =   6.90000         TIME INC =  0.100000    
 *** MAX VISCOELASTIC STRAIN STEP = 0.1826E-05

     FORCE CONVERGENCE VALUE  =  0.1049E-04  CRITERION=  0.1041E-03
     DISP CONVERGENCE VALUE   =  0.2409E-04  CRITERION=  0.1092E-02 <<< CONVERGED
    EQUIL ITER   1 COMPLETED.  OLD TRIANG MATRIX.  MAX DOF INC=  0.2409E-04
     FORCE CONVERGENCE VALUE  =  0.6236E-05  CRITERION=  0.1041E-03 <<< CONVERGED
    >>> SOLUTION CONVERGED AFTER EQUILIBRIUM ITERATION   1
 *** LOAD STEP     2   SUBSTEP    60  COMPLETED.    CUM ITER =    180
 *** TIME =   7.00000         TIME INC =  0.100000    
 *** MAX VISCOELASTIC STRAIN STEP = 0.1774E-05

     FORCE CONVERGENCE VALUE  =  0.1014E-04  CRITERION=  0.1041E-03
     DISP CONVERGENCE VALUE   =  0.2325E-04  CRITERION=  0.1092E-02 <<< CONVERGED
    EQUIL ITER   1 COMPLETED.  OLD TRIANG MATRIX.  MAX DOF INC=  0.2325E-04
     FORCE CONVERGENCE VALUE  =  0.6029E-05  CRITERION=  0.1041E-03 <<< CONVERGED
    >>> SOLUTION CONVERGED AFTER EQUILIBRIUM ITERATION   1
 *** LOAD STEP     2   SUBSTEP    61  COMPLETED.    CUM ITER =    181
 *** TIME =   7.10000         TIME INC =  0.100000    
 *** MAX VISCOELASTIC STRAIN STEP = 0.1723E-05

     FORCE CONVERGENCE VALUE  =  0.9805E-05  CRITERION=  0.1041E-03
     DISP CONVERGENCE VALUE   =  0.2245E-04  CRITERION=  0.1092E-02 <<< CONVERGED
    EQUIL ITER   1 COMPLETED.  OLD TRIANG MATRIX.  MAX DOF INC=  0.2245E-04
     FORCE CONVERGENCE VALUE  =  0.5828E-05  CRITERION=  0.1041E-03 <<< CONVERGED
    >>> SOLUTION CONVERGED AFTER EQUILIBRIUM ITERATION   1
 *** LOAD STEP     2   SUBSTEP    62  COMPLETED.    CUM ITER =    182
 *** TIME =   7.20000         TIME INC =  0.100000    
 *** MAX VISCOELASTIC STRAIN STEP = 0.1674E-05

     FORCE CONVERGENCE VALUE  =  0.9479E-05  CRITERION=  0.1041E-03
     DISP CONVERGENCE VALUE   =  0.2168E-04  CRITERION=  0.1092E-02 <<< CONVERGED
    EQUIL ITER   1 COMPLETED.  OLD TRIANG MATRIX.  MAX DOF INC=  0.2168E-04
     FORCE CONVERGENCE VALUE  =  0.5634E-05  CRITERION=  0.1040E-03 <<< CONVERGED
    >>> SOLUTION CONVERGED AFTER EQUILIBRIUM ITERATION   1
 *** LOAD STEP     2   SUBSTEP    63  COMPLETED.    CUM ITER =    183
 *** TIME =   7.30000         TIME INC =  0.100000    
 *** MAX VISCOELASTIC STRAIN STEP = 0.1627E-05

     FORCE CONVERGENCE VALUE  =  0.9163E-05  CRITERION=  0.1041E-03
     DISP CONVERGENCE VALUE   =  0.2094E-04  CRITERION=  0.1092E-02 <<< CONVERGED
    EQUIL ITER   1 COMPLETED.  OLD TRIANG MATRIX.  MAX DOF INC=  0.2094E-04
     FORCE CONVERGENCE VALUE  =  0.5447E-05  CRITERION=  0.1040E-03 <<< CONVERGED
    >>> SOLUTION CONVERGED AFTER EQUILIBRIUM ITERATION   1
 *** LOAD STEP     2   SUBSTEP    64  COMPLETED.    CUM ITER =    184
 *** TIME =   7.40000         TIME INC =  0.100000    
 *** MAX VISCOELASTIC STRAIN STEP = 0.1581E-05

     FORCE CONVERGENCE VALUE  =  0.8859E-05  CRITERION=  0.1041E-03
     DISP CONVERGENCE VALUE   =  0.2022E-04  CRITERION=  0.1092E-02 <<< CONVERGED
    EQUIL ITER   1 COMPLETED.  OLD TRIANG MATRIX.  MAX DOF INC=  0.2022E-04
     FORCE CONVERGENCE VALUE  =  0.5265E-05  CRITERION=  0.1040E-03 <<< CONVERGED
    >>> SOLUTION CONVERGED AFTER EQUILIBRIUM ITERATION   1
 *** LOAD STEP     2   SUBSTEP    65  COMPLETED.    CUM ITER =    185
 *** TIME =   7.50000         TIME INC =  0.100000    
 *** MAX VISCOELASTIC STRAIN STEP = 0.1537E-05

     FORCE CONVERGENCE VALUE  =  0.8564E-05  CRITERION=  0.1041E-03
     DISP CONVERGENCE VALUE   =  0.1953E-04  CRITERION=  0.1092E-02 <<< CONVERGED
    EQUIL ITER   1 COMPLETED.  OLD TRIANG MATRIX.  MAX DOF INC=  0.1953E-04
     FORCE CONVERGENCE VALUE  =  0.5089E-05  CRITERION=  0.1040E-03 <<< CONVERGED
    >>> SOLUTION CONVERGED AFTER EQUILIBRIUM ITERATION   1
 *** LOAD STEP     2   SUBSTEP    66  COMPLETED.    CUM ITER =    186
 *** TIME =   7.60000         TIME INC =  0.100000    
 *** MAX VISCOELASTIC STRAIN STEP = 0.1495E-05

     FORCE CONVERGENCE VALUE  =  0.8279E-05  CRITERION=  0.1041E-03
     DISP CONVERGENCE VALUE   =  0.1887E-04  CRITERION=  0.1092E-02 <<< CONVERGED
    EQUIL ITER   1 COMPLETED.  OLD TRIANG MATRIX.  MAX DOF INC=  0.1887E-04
     FORCE CONVERGENCE VALUE  =  0.4920E-05  CRITERION=  0.1040E-03 <<< CONVERGED
    >>> SOLUTION CONVERGED AFTER EQUILIBRIUM ITERATION   1
 *** LOAD STEP     2   SUBSTEP    67  COMPLETED.    CUM ITER =    187
 *** TIME =   7.70000         TIME INC =  0.100000    
 *** MAX VISCOELASTIC STRAIN STEP = 0.1453E-05

     FORCE CONVERGENCE VALUE  =  0.8003E-05  CRITERION=  0.1040E-03
     DISP CONVERGENCE VALUE   =  0.1823E-04  CRITERION=  0.1092E-02 <<< CONVERGED
    EQUIL ITER   1 COMPLETED.  OLD TRIANG MATRIX.  MAX DOF INC=  0.1823E-04
     FORCE CONVERGENCE VALUE  =  0.4755E-05  CRITERION=  0.1040E-03 <<< CONVERGED
    >>> SOLUTION CONVERGED AFTER EQUILIBRIUM ITERATION   1
 *** LOAD STEP     2   SUBSTEP    68  COMPLETED.    CUM ITER =    188
 *** TIME =   7.80000         TIME INC =  0.100000    
 *** MAX VISCOELASTIC STRAIN STEP = 0.1413E-05

     FORCE CONVERGENCE VALUE  =  0.7736E-05  CRITERION=  0.1040E-03
     DISP CONVERGENCE VALUE   =  0.1762E-04  CRITERION=  0.1092E-02 <<< CONVERGED
    EQUIL ITER   1 COMPLETED.  OLD TRIANG MATRIX.  MAX DOF INC=  0.1762E-04
     FORCE CONVERGENCE VALUE  =  0.4597E-05  CRITERION=  0.1040E-03 <<< CONVERGED
    >>> SOLUTION CONVERGED AFTER EQUILIBRIUM ITERATION   1
 *** LOAD STEP     2   SUBSTEP    69  COMPLETED.    CUM ITER =    189
 *** TIME =   7.90000         TIME INC =  0.100000    
 *** MAX VISCOELASTIC STRAIN STEP = 0.1375E-05

     FORCE CONVERGENCE VALUE  =  0.7478E-05  CRITERION=  0.1040E-03
     DISP CONVERGENCE VALUE   =  0.1702E-04  CRITERION=  0.1092E-02 <<< CONVERGED
    EQUIL ITER   1 COMPLETED.  OLD TRIANG MATRIX.  MAX DOF INC=  0.1702E-04
     FORCE CONVERGENCE VALUE  =  0.4443E-05  CRITERION=  0.1040E-03 <<< CONVERGED
    >>> SOLUTION CONVERGED AFTER EQUILIBRIUM ITERATION   1
 *** LOAD STEP     2   SUBSTEP    70  COMPLETED.    CUM ITER =    190
 *** TIME =   8.00000         TIME INC =  0.100000    
 *** MAX VISCOELASTIC STRAIN STEP = 0.1338E-05

     FORCE CONVERGENCE VALUE  =  0.7229E-05  CRITERION=  0.1040E-03
     DISP CONVERGENCE VALUE   =  0.1645E-04  CRITERION=  0.1092E-02 <<< CONVERGED
    EQUIL ITER   1 COMPLETED.  OLD TRIANG MATRIX.  MAX DOF INC=  0.1645E-04
     FORCE CONVERGENCE VALUE  =  0.4294E-05  CRITERION=  0.1040E-03 <<< CONVERGED
    >>> SOLUTION CONVERGED AFTER EQUILIBRIUM ITERATION   1
 *** LOAD STEP     2   SUBSTEP    71  COMPLETED.    CUM ITER =    191
 *** TIME =   8.10000         TIME INC =  0.100000    
 *** MAX VISCOELASTIC STRAIN STEP = 0.1302E-05

     FORCE CONVERGENCE VALUE  =  0.6987E-05  CRITERION=  0.1040E-03
     DISP CONVERGENCE VALUE   =  0.1590E-04  CRITERION=  0.1092E-02 <<< CONVERGED
    EQUIL ITER   1 COMPLETED.  OLD TRIANG MATRIX.  MAX DOF INC=  0.1590E-04
     FORCE CONVERGENCE VALUE  =  0.4151E-05  CRITERION=  0.1040E-03 <<< CONVERGED
    >>> SOLUTION CONVERGED AFTER EQUILIBRIUM ITERATION   1
 *** LOAD STEP     2   SUBSTEP    72  COMPLETED.    CUM ITER =    192
 *** TIME =   8.20000         TIME INC =  0.100000    
 *** MAX VISCOELASTIC STRAIN STEP = 0.1267E-05

     FORCE CONVERGENCE VALUE  =  0.6754E-05  CRITERION=  0.1040E-03
     DISP CONVERGENCE VALUE   =  0.1537E-04  CRITERION=  0.1092E-02 <<< CONVERGED
    EQUIL ITER   1 COMPLETED.  OLD TRIANG MATRIX.  MAX DOF INC=  0.1537E-04
     FORCE CONVERGENCE VALUE  =  0.4012E-05  CRITERION=  0.1040E-03 <<< CONVERGED
    >>> SOLUTION CONVERGED AFTER EQUILIBRIUM ITERATION   1
 *** LOAD STEP     2   SUBSTEP    73  COMPLETED.    CUM ITER =    193
 *** TIME =   8.30000         TIME INC =  0.100000    
 *** MAX VISCOELASTIC STRAIN STEP = 0.1233E-05

     FORCE CONVERGENCE VALUE  =  0.6529E-05  CRITERION=  0.1040E-03
     DISP CONVERGENCE VALUE   =  0.1485E-04  CRITERION=  0.1092E-02 <<< CONVERGED
    EQUIL ITER   1 COMPLETED.  OLD TRIANG MATRIX.  MAX DOF INC=  0.1485E-04
     FORCE CONVERGENCE VALUE  =  0.3878E-05  CRITERION=  0.1040E-03 <<< CONVERGED
    >>> SOLUTION CONVERGED AFTER EQUILIBRIUM ITERATION   1
 *** LOAD STEP     2   SUBSTEP    74  COMPLETED.    CUM ITER =    194
 *** TIME =   8.40000         TIME INC =  0.100000    
 *** MAX VISCOELASTIC STRAIN STEP = 0.1201E-05

     FORCE CONVERGENCE VALUE  =  0.6310E-05  CRITERION=  0.1040E-03
     DISP CONVERGENCE VALUE   =  0.1436E-04  CRITERION=  0.1092E-02 <<< CONVERGED
    EQUIL ITER   1 COMPLETED.  OLD TRIANG MATRIX.  MAX DOF INC=  0.1436E-04
     FORCE CONVERGENCE VALUE  =  0.3748E-05  CRITERION=  0.1040E-03 <<< CONVERGED
    >>> SOLUTION CONVERGED AFTER EQUILIBRIUM ITERATION   1
 *** LOAD STEP     2   SUBSTEP    75  COMPLETED.    CUM ITER =    195
 *** TIME =   8.50000         TIME INC =  0.100000    
 *** MAX VISCOELASTIC STRAIN STEP = 0.1170E-05

     FORCE CONVERGENCE VALUE  =  0.6100E-05  CRITERION=  0.1040E-03
     DISP CONVERGENCE VALUE   =  0.1388E-04  CRITERION=  0.1092E-02 <<< CONVERGED
    EQUIL ITER   1 COMPLETED.  OLD TRIANG MATRIX.  MAX DOF INC=  0.1388E-04
     FORCE CONVERGENCE VALUE  =  0.3622E-05  CRITERION=  0.1040E-03 <<< CONVERGED
    >>> SOLUTION CONVERGED AFTER EQUILIBRIUM ITERATION   1
 *** LOAD STEP     2   SUBSTEP    76  COMPLETED.    CUM ITER =    196
 *** TIME =   8.60000         TIME INC =  0.100000    
 *** MAX VISCOELASTIC STRAIN STEP = 0.1139E-05

     FORCE CONVERGENCE VALUE  =  0.5896E-05  CRITERION=  0.1040E-03
     DISP CONVERGENCE VALUE   =  0.1342E-04  CRITERION=  0.1092E-02 <<< CONVERGED
    EQUIL ITER   1 COMPLETED.  OLD TRIANG MATRIX.  MAX DOF INC=  0.1342E-04
     FORCE CONVERGENCE VALUE  =  0.3501E-05  CRITERION=  0.1040E-03 <<< CONVERGED
    >>> SOLUTION CONVERGED AFTER EQUILIBRIUM ITERATION   1
 *** LOAD STEP     2   SUBSTEP    77  COMPLETED.    CUM ITER =    197
 *** TIME =   8.70000         TIME INC =  0.100000    
 *** MAX VISCOELASTIC STRAIN STEP = 0.1110E-05

     FORCE CONVERGENCE VALUE  =  0.5699E-05  CRITERION=  0.1040E-03
     DISP CONVERGENCE VALUE   =  0.1298E-04  CRITERION=  0.1092E-02 <<< CONVERGED
    EQUIL ITER   1 COMPLETED.  OLD TRIANG MATRIX.  MAX DOF INC=  0.1298E-04
     FORCE CONVERGENCE VALUE  =  0.3384E-05  CRITERION=  0.1040E-03 <<< CONVERGED
    >>> SOLUTION CONVERGED AFTER EQUILIBRIUM ITERATION   1
 *** LOAD STEP     2   SUBSTEP    78  COMPLETED.    CUM ITER =    198
 *** TIME =   8.80000         TIME INC =  0.100000    
 *** MAX VISCOELASTIC STRAIN STEP = 0.1082E-05

     FORCE CONVERGENCE VALUE  =  0.5508E-05  CRITERION=  0.1040E-03
     DISP CONVERGENCE VALUE   =  0.1255E-04  CRITERION=  0.1092E-02 <<< CONVERGED
    EQUIL ITER   1 COMPLETED.  OLD TRIANG MATRIX.  MAX DOF INC=  0.1255E-04
     FORCE CONVERGENCE VALUE  =  0.3270E-05  CRITERION=  0.1039E-03 <<< CONVERGED
    >>> SOLUTION CONVERGED AFTER EQUILIBRIUM ITERATION   1
 *** LOAD STEP     2   SUBSTEP    79  COMPLETED.    CUM ITER =    199
 *** TIME =   8.90000         TIME INC =  0.100000    
 *** MAX VISCOELASTIC STRAIN STEP = 0.1054E-05

     FORCE CONVERGENCE VALUE  =  0.5324E-05  CRITERION=  0.1040E-03
     DISP CONVERGENCE VALUE   =  0.1213E-04  CRITERION=  0.1092E-02 <<< CONVERGED
    EQUIL ITER   1 COMPLETED.  OLD TRIANG MATRIX.  MAX DOF INC=  0.1213E-04
     FORCE CONVERGENCE VALUE  =  0.3160E-05  CRITERION=  0.1039E-03 <<< CONVERGED
    >>> SOLUTION CONVERGED AFTER EQUILIBRIUM ITERATION   1
 *** LOAD STEP     2   SUBSTEP    80  COMPLETED.    CUM ITER =    200
 *** TIME =   9.00000         TIME INC =  0.100000    
 *** MAX VISCOELASTIC STRAIN STEP = 0.1028E-05

     FORCE CONVERGENCE VALUE  =  0.5145E-05  CRITERION=  0.1040E-03
     DISP CONVERGENCE VALUE   =  0.1173E-04  CRITERION=  0.1092E-02 <<< CONVERGED
    EQUIL ITER   1 COMPLETED.  OLD TRIANG MATRIX.  MAX DOF INC=  0.1173E-04
     FORCE CONVERGENCE VALUE  =  0.3054E-05  CRITERION=  0.1039E-03 <<< CONVERGED
    >>> SOLUTION CONVERGED AFTER EQUILIBRIUM ITERATION   1
 *** LOAD STEP     2   SUBSTEP    81  COMPLETED.    CUM ITER =    201
 *** TIME =   9.10000         TIME INC =  0.100000    
 *** MAX VISCOELASTIC STRAIN STEP = 0.1002E-05

     FORCE CONVERGENCE VALUE  =  0.4973E-05  CRITERION=  0.1040E-03
     DISP CONVERGENCE VALUE   =  0.1135E-04  CRITERION=  0.1092E-02 <<< CONVERGED
    EQUIL ITER   1 COMPLETED.  OLD TRIANG MATRIX.  MAX DOF INC=  0.1135E-04
     FORCE CONVERGENCE VALUE  =  0.2952E-05  CRITERION=  0.1039E-03 <<< CONVERGED
    >>> SOLUTION CONVERGED AFTER EQUILIBRIUM ITERATION   1
 *** LOAD STEP     2   SUBSTEP    82  COMPLETED.    CUM ITER =    202
 *** TIME =   9.20000         TIME INC =  0.100000    
 *** MAX VISCOELASTIC STRAIN STEP = 0.9778E-06

     FORCE CONVERGENCE VALUE  =  0.4806E-05  CRITERION=  0.1040E-03
     DISP CONVERGENCE VALUE   =  0.1097E-04  CRITERION=  0.1092E-02 <<< CONVERGED
    EQUIL ITER   1 COMPLETED.  OLD TRIANG MATRIX.  MAX DOF INC=  0.1097E-04
     FORCE CONVERGENCE VALUE  =  0.2853E-05  CRITERION=  0.1039E-03 <<< CONVERGED
    >>> SOLUTION CONVERGED AFTER EQUILIBRIUM ITERATION   1
 *** LOAD STEP     2   SUBSTEP    83  COMPLETED.    CUM ITER =    203
 *** TIME =   9.30000         TIME INC =  0.100000    
 *** MAX VISCOELASTIC STRAIN STEP = 0.9539E-06

     FORCE CONVERGENCE VALUE  =  0.4645E-05  CRITERION=  0.1040E-03
     DISP CONVERGENCE VALUE   =  0.1061E-04  CRITERION=  0.1092E-02 <<< CONVERGED
    EQUIL ITER   1 COMPLETED.  OLD TRIANG MATRIX.  MAX DOF INC=  0.1061E-04
     FORCE CONVERGENCE VALUE  =  0.2757E-05  CRITERION=  0.1039E-03 <<< CONVERGED
    >>> SOLUTION CONVERGED AFTER EQUILIBRIUM ITERATION   1
 *** LOAD STEP     2   SUBSTEP    84  COMPLETED.    CUM ITER =    204
 *** TIME =   9.40000         TIME INC =  0.100000    
 *** MAX VISCOELASTIC STRAIN STEP = 0.9309E-06

     FORCE CONVERGENCE VALUE  =  0.4489E-05  CRITERION=  0.1040E-03
     DISP CONVERGENCE VALUE   =  0.1027E-04  CRITERION=  0.1092E-02 <<< CONVERGED
    EQUIL ITER   1 COMPLETED.  OLD TRIANG MATRIX.  MAX DOF INC=  0.1027E-04
     FORCE CONVERGENCE VALUE  =  0.2664E-05  CRITERION=  0.1039E-03 <<< CONVERGED
    >>> SOLUTION CONVERGED AFTER EQUILIBRIUM ITERATION   1
 *** LOAD STEP     2   SUBSTEP    85  COMPLETED.    CUM ITER =    205
 *** TIME =   9.50000         TIME INC =  0.100000    
 *** MAX VISCOELASTIC STRAIN STEP = 0.9086E-06

     FORCE CONVERGENCE VALUE  =  0.4339E-05  CRITERION=  0.1039E-03
     DISP CONVERGENCE VALUE   =  0.9931E-05  CRITERION=  0.1092E-02 <<< CONVERGED
    EQUIL ITER   1 COMPLETED.  OLD TRIANG MATRIX.  MAX DOF INC=  0.9931E-05
     FORCE CONVERGENCE VALUE  =  0.2574E-05  CRITERION=  0.1039E-03 <<< CONVERGED
    >>> SOLUTION CONVERGED AFTER EQUILIBRIUM ITERATION   1
 *** LOAD STEP     2   SUBSTEP    86  COMPLETED.    CUM ITER =    206
 *** TIME =   9.60000         TIME INC =  0.100000    
 *** MAX VISCOELASTIC STRAIN STEP = 0.8870E-06

     FORCE CONVERGENCE VALUE  =  0.4193E-05  CRITERION=  0.1039E-03
     DISP CONVERGENCE VALUE   =  0.9606E-05  CRITERION=  0.1092E-02 <<< CONVERGED
    EQUIL ITER   1 COMPLETED.  OLD TRIANG MATRIX.  MAX DOF INC=  0.9606E-05
     FORCE CONVERGENCE VALUE  =  0.2488E-05  CRITERION=  0.1039E-03 <<< CONVERGED
    >>> SOLUTION CONVERGED AFTER EQUILIBRIUM ITERATION   1
 *** LOAD STEP     2   SUBSTEP    87  COMPLETED.    CUM ITER =    207
 *** TIME =   9.70000         TIME INC =  0.100000    
 *** MAX VISCOELASTIC STRAIN STEP = 0.8662E-06

     FORCE CONVERGENCE VALUE  =  0.4052E-05  CRITERION=  0.1039E-03
     DISP CONVERGENCE VALUE   =  0.9294E-05  CRITERION=  0.1092E-02 <<< CONVERGED
    EQUIL ITER   1 COMPLETED.  OLD TRIANG MATRIX.  MAX DOF INC=  0.9294E-05
     FORCE CONVERGENCE VALUE  =  0.2404E-05  CRITERION=  0.1039E-03 <<< CONVERGED
    >>> SOLUTION CONVERGED AFTER EQUILIBRIUM ITERATION   1
 *** LOAD STEP     2   SUBSTEP    88  COMPLETED.    CUM ITER =    208
 *** TIME =   9.80000         TIME INC =  0.100000    
 *** MAX VISCOELASTIC STRAIN STEP = 0.8505E-06

     FORCE CONVERGENCE VALUE  =  0.3916E-05  CRITERION=  0.1039E-03
     DISP CONVERGENCE VALUE   =  0.8991E-05  CRITERION=  0.1092E-02 <<< CONVERGED
    EQUIL ITER   1 COMPLETED.  OLD TRIANG MATRIX.  MAX DOF INC=  0.8991E-05
     FORCE CONVERGENCE VALUE  =  0.2323E-05  CRITERION=  0.1039E-03 <<< CONVERGED
    >>> SOLUTION CONVERGED AFTER EQUILIBRIUM ITERATION   1
 *** LOAD STEP     2   SUBSTEP    89  COMPLETED.    CUM ITER =    209
 *** TIME =   9.90000         TIME INC =  0.100000    
 *** MAX VISCOELASTIC STRAIN STEP = 0.8459E-06

     FORCE CONVERGENCE VALUE  =  0.3784E-05  CRITERION=  0.1039E-03
     DISP CONVERGENCE VALUE   =  0.8699E-05  CRITERION=  0.1092E-02 <<< CONVERGED
    EQUIL ITER   1 COMPLETED.  OLD TRIANG MATRIX.  MAX DOF INC=  0.8699E-05
     FORCE CONVERGENCE VALUE  =  0.2245E-05  CRITERION=  0.1039E-03 <<< CONVERGED
    >>> SOLUTION CONVERGED AFTER EQUILIBRIUM ITERATION   1
 *** LOAD STEP     2   SUBSTEP    90  COMPLETED.    CUM ITER =    210
 *** TIME =   10.0000         TIME INC =  0.100000    
 *** MAX VISCOELASTIC STRAIN STEP = 0.8414E-06

     FORCE CONVERGENCE VALUE  =  0.3657E-05  CRITERION=  0.1039E-03
     DISP CONVERGENCE VALUE   =  0.8418E-05  CRITERION=  0.1092E-02 <<< CONVERGED
    EQUIL ITER   1 COMPLETED.  OLD TRIANG MATRIX.  MAX DOF INC=  0.8418E-05
     FORCE CONVERGENCE VALUE  =  0.2169E-05  CRITERION=  0.1039E-03 <<< CONVERGED
    >>> SOLUTION CONVERGED AFTER EQUILIBRIUM ITERATION   1
 *** LOAD STEP     2   SUBSTEP    91  COMPLETED.    CUM ITER =    211
 *** TIME =   10.1000         TIME INC =  0.100000    
 *** MAX VISCOELASTIC STRAIN STEP = 0.8371E-06

     FORCE CONVERGENCE VALUE  =  0.3534E-05  CRITERION=  0.1039E-03
     DISP CONVERGENCE VALUE   =  0.8145E-05  CRITERION=  0.1092E-02 <<< CONVERGED
    EQUIL ITER   1 COMPLETED.  OLD TRIANG MATRIX.  MAX DOF INC=  0.8145E-05
     FORCE CONVERGENCE VALUE  =  0.2096E-05  CRITERION=  0.1039E-03 <<< CONVERGED
    >>> SOLUTION CONVERGED AFTER EQUILIBRIUM ITERATION   1
 *** LOAD STEP     2   SUBSTEP    92  COMPLETED.    CUM ITER =    212
 *** TIME =   10.2000         TIME INC =  0.100000    
 *** MAX VISCOELASTIC STRAIN STEP = 0.8328E-06

     FORCE CONVERGENCE VALUE  =  0.3415E-05  CRITERION=  0.1039E-03
     DISP CONVERGENCE VALUE   =  0.7882E-05  CRITERION=  0.1092E-02 <<< CONVERGED
    EQUIL ITER   1 COMPLETED.  OLD TRIANG MATRIX.  MAX DOF INC=  0.7882E-05
     FORCE CONVERGENCE VALUE  =  0.2025E-05  CRITERION=  0.1039E-03 <<< CONVERGED
    >>> SOLUTION CONVERGED AFTER EQUILIBRIUM ITERATION   1
 *** LOAD STEP     2   SUBSTEP    93  COMPLETED.    CUM ITER =    213
 *** TIME =   10.3000         TIME INC =  0.100000    
 *** MAX VISCOELASTIC STRAIN STEP = 0.8287E-06

     FORCE CONVERGENCE VALUE  =  0.3300E-05  CRITERION=  0.1039E-03
     DISP CONVERGENCE VALUE   =  0.7628E-05  CRITERION=  0.1092E-02 <<< CONVERGED
    EQUIL ITER   1 COMPLETED.  OLD TRIANG MATRIX.  MAX DOF INC=  0.7628E-05
     FORCE CONVERGENCE VALUE  =  0.1956E-05  CRITERION=  0.1039E-03 <<< CONVERGED
    >>> SOLUTION CONVERGED AFTER EQUILIBRIUM ITERATION   1
 *** LOAD STEP     2   SUBSTEP    94  COMPLETED.    CUM ITER =    214
 *** TIME =   10.4000         TIME INC =  0.100000    
 *** MAX VISCOELASTIC STRAIN STEP = 0.8247E-06

     FORCE CONVERGENCE VALUE  =  0.3189E-05  CRITERION=  0.1039E-03
     DISP CONVERGENCE VALUE   =  0.7383E-05  CRITERION=  0.1092E-02 <<< CONVERGED
    EQUIL ITER   1 COMPLETED.  OLD TRIANG MATRIX.  MAX DOF INC=  0.7383E-05
     FORCE CONVERGENCE VALUE  =  0.1890E-05  CRITERION=  0.1039E-03 <<< CONVERGED
    >>> SOLUTION CONVERGED AFTER EQUILIBRIUM ITERATION   1
 *** LOAD STEP     2   SUBSTEP    95  COMPLETED.    CUM ITER =    215
 *** TIME =   10.5000         TIME INC =  0.100000    
 *** MAX VISCOELASTIC STRAIN STEP = 0.8208E-06

     FORCE CONVERGENCE VALUE  =  0.3081E-05  CRITERION=  0.1039E-03
     DISP CONVERGENCE VALUE   =  0.7146E-05  CRITERION=  0.1092E-02 <<< CONVERGED
    EQUIL ITER   1 COMPLETED.  OLD TRIANG MATRIX.  MAX DOF INC=  0.7146E-05
     FORCE CONVERGENCE VALUE  =  0.1826E-05  CRITERION=  0.1039E-03 <<< CONVERGED
    >>> SOLUTION CONVERGED AFTER EQUILIBRIUM ITERATION   1
 *** LOAD STEP     2   SUBSTEP    96  COMPLETED.    CUM ITER =    216
 *** TIME =   10.6000         TIME INC =  0.100000    
 *** MAX VISCOELASTIC STRAIN STEP = 0.8170E-06

     FORCE CONVERGENCE VALUE  =  0.2977E-05  CRITERION=  0.1039E-03
     DISP CONVERGENCE VALUE   =  0.6917E-05  CRITERION=  0.1092E-02 <<< CONVERGED
    EQUIL ITER   1 COMPLETED.  OLD TRIANG MATRIX.  MAX DOF INC=  0.6917E-05
     FORCE CONVERGENCE VALUE  =  0.1764E-05  CRITERION=  0.1039E-03 <<< CONVERGED
    >>> SOLUTION CONVERGED AFTER EQUILIBRIUM ITERATION   1
 *** LOAD STEP     2   SUBSTEP    97  COMPLETED.    CUM ITER =    217
 *** TIME =   10.7000         TIME INC =  0.100000    
 *** MAX VISCOELASTIC STRAIN STEP = 0.8133E-06

     FORCE CONVERGENCE VALUE  =  0.2876E-05  CRITERION=  0.1039E-03
     DISP CONVERGENCE VALUE   =  0.6696E-05  CRITERION=  0.1092E-02 <<< CONVERGED
    EQUIL ITER   1 COMPLETED.  OLD TRIANG MATRIX.  MAX DOF INC=  0.6696E-05
     FORCE CONVERGENCE VALUE  =  0.1704E-05  CRITERION=  0.1039E-03 <<< CONVERGED
    >>> SOLUTION CONVERGED AFTER EQUILIBRIUM ITERATION   1
 *** LOAD STEP     2   SUBSTEP    98  COMPLETED.    CUM ITER =    218
 *** TIME =   10.8000         TIME INC =  0.100000    
 *** MAX VISCOELASTIC STRAIN STEP = 0.8097E-06

     FORCE CONVERGENCE VALUE  =  0.2779E-05  CRITERION=  0.1039E-03
     DISP CONVERGENCE VALUE   =  0.6483E-05  CRITERION=  0.1092E-02 <<< CONVERGED
    EQUIL ITER   1 COMPLETED.  OLD TRIANG MATRIX.  MAX DOF INC=  0.6483E-05
     FORCE CONVERGENCE VALUE  =  0.1647E-05  CRITERION=  0.1039E-03 <<< CONVERGED
    >>> SOLUTION CONVERGED AFTER EQUILIBRIUM ITERATION   1
 *** LOAD STEP     2   SUBSTEP    99  COMPLETED.    CUM ITER =    219
 *** TIME =   10.9000         TIME INC =  0.100000    
 *** MAX VISCOELASTIC STRAIN STEP = 0.8062E-06

     FORCE CONVERGENCE VALUE  =  0.2685E-05  CRITERION=  0.1039E-03
     DISP CONVERGENCE VALUE   =  0.6276E-05  CRITERION=  0.1092E-02 <<< CONVERGED
    EQUIL ITER   1 COMPLETED.  OLD TRIANG MATRIX.  MAX DOF INC=  0.6276E-05
     FORCE CONVERGENCE VALUE  =  0.1591E-05  CRITERION=  0.1039E-03 <<< CONVERGED
    >>> SOLUTION CONVERGED AFTER EQUILIBRIUM ITERATION   1
 *** LOAD STEP     2   SUBSTEP   100  COMPLETED.    CUM ITER =    220
 *** TIME =   11.0000         TIME INC =  0.100000    
 *** MAX VISCOELASTIC STRAIN STEP = 0.8027E-06

     FORCE CONVERGENCE VALUE  =  0.2594E-05  CRITERION=  0.1039E-03
     DISP CONVERGENCE VALUE   =  0.6077E-05  CRITERION=  0.1092E-02 <<< CONVERGED
    EQUIL ITER   1 COMPLETED.  OLD TRIANG MATRIX.  MAX DOF INC=  0.6077E-05
     FORCE CONVERGENCE VALUE  =  0.1536E-05  CRITERION=  0.1039E-03 <<< CONVERGED
    >>> SOLUTION CONVERGED AFTER EQUILIBRIUM ITERATION   1
 *** LOAD STEP     2   SUBSTEP   101  COMPLETED.    CUM ITER =    221
 *** TIME =   11.1000         TIME INC =  0.100000    
 *** MAX VISCOELASTIC STRAIN STEP = 0.7994E-06

     FORCE CONVERGENCE VALUE  =  0.2506E-05  CRITERION=  0.1039E-03
     DISP CONVERGENCE VALUE   =  0.5884E-05  CRITERION=  0.1092E-02 <<< CONVERGED
    EQUIL ITER   1 COMPLETED.  OLD TRIANG MATRIX.  MAX DOF INC=  0.5884E-05
     FORCE CONVERGENCE VALUE  =  0.1484E-05  CRITERION=  0.1039E-03 <<< CONVERGED
    >>> SOLUTION CONVERGED AFTER EQUILIBRIUM ITERATION   1
 *** LOAD STEP     2   SUBSTEP   102  COMPLETED.    CUM ITER =    222
 *** TIME =   11.2000         TIME INC =  0.100000    
 *** MAX VISCOELASTIC STRAIN STEP = 0.7962E-06

     FORCE CONVERGENCE VALUE  =  0.2421E-05  CRITERION=  0.1039E-03
     DISP CONVERGENCE VALUE   =  0.5698E-05  CRITERION=  0.1092E-02 <<< CONVERGED
    EQUIL ITER   1 COMPLETED.  OLD TRIANG MATRIX.  MAX DOF INC=  0.5698E-05
     FORCE CONVERGENCE VALUE  =  0.1434E-05  CRITERION=  0.1039E-03 <<< CONVERGED
    >>> SOLUTION CONVERGED AFTER EQUILIBRIUM ITERATION   1
 *** LOAD STEP     2   SUBSTEP   103  COMPLETED.    CUM ITER =    223
 *** TIME =   11.3000         TIME INC =  0.100000    
 *** MAX VISCOELASTIC STRAIN STEP = 0.7930E-06

     FORCE CONVERGENCE VALUE  =  0.2339E-05  CRITERION=  0.1039E-03
     DISP CONVERGENCE VALUE   =  0.5519E-05  CRITERION=  0.1092E-02 <<< CONVERGED
    EQUIL ITER   1 COMPLETED.  OLD TRIANG MATRIX.  MAX DOF INC=  0.5519E-05
     FORCE CONVERGENCE VALUE  =  0.1385E-05  CRITERION=  0.1039E-03 <<< CONVERGED
    >>> SOLUTION CONVERGED AFTER EQUILIBRIUM ITERATION   1
 *** LOAD STEP     2   SUBSTEP   104  COMPLETED.    CUM ITER =    224
 *** TIME =   11.4000         TIME INC =  0.100000    
 *** MAX VISCOELASTIC STRAIN STEP = 0.7899E-06

     FORCE CONVERGENCE VALUE  =  0.2260E-05  CRITERION=  0.1039E-03
     DISP CONVERGENCE VALUE   =  0.5345E-05  CRITERION=  0.1092E-02 <<< CONVERGED
    EQUIL ITER   1 COMPLETED.  OLD TRIANG MATRIX.  MAX DOF INC=  0.5345E-05
     FORCE CONVERGENCE VALUE  =  0.1337E-05  CRITERION=  0.1039E-03 <<< CONVERGED
    >>> SOLUTION CONVERGED AFTER EQUILIBRIUM ITERATION   1
 *** LOAD STEP     2   SUBSTEP   105  COMPLETED.    CUM ITER =    225
 *** TIME =   11.5000         TIME INC =  0.100000    
 *** MAX VISCOELASTIC STRAIN STEP = 0.7869E-06

     FORCE CONVERGENCE VALUE  =  0.2183E-05  CRITERION=  0.1039E-03
     DISP CONVERGENCE VALUE   =  0.5178E-05  CRITERION=  0.1092E-02 <<< CONVERGED
    EQUIL ITER   1 COMPLETED.  OLD TRIANG MATRIX.  MAX DOF INC=  0.5178E-05
     FORCE CONVERGENCE VALUE  =  0.1292E-05  CRITERION=  0.1039E-03 <<< CONVERGED
    >>> SOLUTION CONVERGED AFTER EQUILIBRIUM ITERATION   1
 *** LOAD STEP     2   SUBSTEP   106  COMPLETED.    CUM ITER =    226
 *** TIME =   11.6000         TIME INC =  0.100000    
 *** MAX VISCOELASTIC STRAIN STEP = 0.7840E-06

     FORCE CONVERGENCE VALUE  =  0.2108E-05  CRITERION=  0.1039E-03
     DISP CONVERGENCE VALUE   =  0.5016E-05  CRITERION=  0.1092E-02 <<< CONVERGED
    EQUIL ITER   1 COMPLETED.  OLD TRIANG MATRIX.  MAX DOF INC=  0.5016E-05
     FORCE CONVERGENCE VALUE  =  0.1247E-05  CRITERION=  0.1039E-03 <<< CONVERGED
    >>> SOLUTION CONVERGED AFTER EQUILIBRIUM ITERATION   1
 *** LOAD STEP     2   SUBSTEP   107  COMPLETED.    CUM ITER =    227
 *** TIME =   11.7000         TIME INC =  0.100000    
 *** MAX VISCOELASTIC STRAIN STEP = 0.7812E-06

     FORCE CONVERGENCE VALUE  =  0.2037E-05  CRITERION=  0.1039E-03
     DISP CONVERGENCE VALUE   =  0.4859E-05  CRITERION=  0.1092E-02 <<< CONVERGED
    EQUIL ITER   1 COMPLETED.  OLD TRIANG MATRIX.  MAX DOF INC=  0.4859E-05
     FORCE CONVERGENCE VALUE  =  0.1205E-05  CRITERION=  0.1039E-03 <<< CONVERGED
    >>> SOLUTION CONVERGED AFTER EQUILIBRIUM ITERATION   1
 *** LOAD STEP     2   SUBSTEP   108  COMPLETED.    CUM ITER =    228
 *** TIME =   11.8000         TIME INC =  0.100000    
 *** MAX VISCOELASTIC STRAIN STEP = 0.7784E-06

     FORCE CONVERGENCE VALUE  =  0.1967E-05  CRITERION=  0.1039E-03
     DISP CONVERGENCE VALUE   =  0.4708E-05  CRITERION=  0.1092E-02 <<< CONVERGED
    EQUIL ITER   1 COMPLETED.  OLD TRIANG MATRIX.  MAX DOF INC=  0.4708E-05
     FORCE CONVERGENCE VALUE  =  0.1163E-05  CRITERION=  0.1039E-03 <<< CONVERGED
    >>> SOLUTION CONVERGED AFTER EQUILIBRIUM ITERATION   1
 *** LOAD STEP     2   SUBSTEP   109  COMPLETED.    CUM ITER =    229
 *** TIME =   11.9000         TIME INC =  0.100000    
 *** MAX VISCOELASTIC STRAIN STEP = 0.7757E-06

     FORCE CONVERGENCE VALUE  =  0.1900E-05  CRITERION=  0.1039E-03
     DISP CONVERGENCE VALUE   =  0.4562E-05  CRITERION=  0.1092E-02 <<< CONVERGED
    EQUIL ITER   1 COMPLETED.  OLD TRIANG MATRIX.  MAX DOF INC=  0.4562E-05
     FORCE CONVERGENCE VALUE  =  0.1123E-05  CRITERION=  0.1039E-03 <<< CONVERGED
    >>> SOLUTION CONVERGED AFTER EQUILIBRIUM ITERATION   1
 *** LOAD STEP     2   SUBSTEP   110  COMPLETED.    CUM ITER =    230
 *** TIME =   12.0000         TIME INC =  0.100000    
 *** MAX VISCOELASTIC STRAIN STEP = 0.7730E-06

     FORCE CONVERGENCE VALUE  =  0.1835E-05  CRITERION=  0.1039E-03
     DISP CONVERGENCE VALUE   =  0.4421E-05  CRITERION=  0.1092E-02 <<< CONVERGED
    EQUIL ITER   1 COMPLETED.  OLD TRIANG MATRIX.  MAX DOF INC=  0.4421E-05
     FORCE CONVERGENCE VALUE  =  0.1085E-05  CRITERION=  0.1039E-03 <<< CONVERGED
    >>> SOLUTION CONVERGED AFTER EQUILIBRIUM ITERATION   1
 *** LOAD STEP     2   SUBSTEP   111  COMPLETED.    CUM ITER =    231
 *** TIME =   12.1000         TIME INC =  0.100000    
 *** MAX VISCOELASTIC STRAIN STEP = 0.7704E-06

     FORCE CONVERGENCE VALUE  =  0.1772E-05  CRITERION=  0.1039E-03
     DISP CONVERGENCE VALUE   =  0.4284E-05  CRITERION=  0.1092E-02 <<< CONVERGED
    EQUIL ITER   1 COMPLETED.  OLD TRIANG MATRIX.  MAX DOF INC=  0.4284E-05
     FORCE CONVERGENCE VALUE  =  0.1048E-05  CRITERION=  0.1039E-03 <<< CONVERGED
    >>> SOLUTION CONVERGED AFTER EQUILIBRIUM ITERATION   1
 *** LOAD STEP     2   SUBSTEP   112  COMPLETED.    CUM ITER =    232
 *** TIME =   12.2000         TIME INC =  0.100000    
 *** MAX VISCOELASTIC STRAIN STEP = 0.7679E-06

     FORCE CONVERGENCE VALUE  =  0.1711E-05  CRITERION=  0.1039E-03
     DISP CONVERGENCE VALUE   =  0.4152E-05  CRITERION=  0.1092E-02 <<< CONVERGED
    EQUIL ITER   1 COMPLETED.  OLD TRIANG MATRIX.  MAX DOF INC=  0.4152E-05
     FORCE CONVERGENCE VALUE  =  0.1011E-05  CRITERION=  0.1039E-03 <<< CONVERGED
    >>> SOLUTION CONVERGED AFTER EQUILIBRIUM ITERATION   1
 *** LOAD STEP     2   SUBSTEP   113  COMPLETED.    CUM ITER =    233
 *** TIME =   12.3000         TIME INC =  0.100000    
 *** MAX VISCOELASTIC STRAIN STEP = 0.7654E-06

     FORCE CONVERGENCE VALUE  =  0.1653E-05  CRITERION=  0.1039E-03
     DISP CONVERGENCE VALUE   =  0.4025E-05  CRITERION=  0.1092E-02 <<< CONVERGED
    EQUIL ITER   1 COMPLETED.  OLD TRIANG MATRIX.  MAX DOF INC=  0.4025E-05
     FORCE CONVERGENCE VALUE  =  0.9765E-06  CRITERION=  0.1039E-03 <<< CONVERGED
    >>> SOLUTION CONVERGED AFTER EQUILIBRIUM ITERATION   1
 *** LOAD STEP     2   SUBSTEP   114  COMPLETED.    CUM ITER =    234
 *** TIME =   12.4000         TIME INC =  0.100000    
 *** MAX VISCOELASTIC STRAIN STEP = 0.7630E-06

     FORCE CONVERGENCE VALUE  =  0.1596E-05  CRITERION=  0.1039E-03
     DISP CONVERGENCE VALUE   =  0.3902E-05  CRITERION=  0.1092E-02 <<< CONVERGED
    EQUIL ITER   1 COMPLETED.  OLD TRIANG MATRIX.  MAX DOF INC=  0.3902E-05
     FORCE CONVERGENCE VALUE  =  0.9427E-06  CRITERION=  0.1039E-03 <<< CONVERGED
    >>> SOLUTION CONVERGED AFTER EQUILIBRIUM ITERATION   1
 *** LOAD STEP     2   SUBSTEP   115  COMPLETED.    CUM ITER =    235
 *** TIME =   12.5000         TIME INC =  0.100000    
 *** MAX VISCOELASTIC STRAIN STEP = 0.7607E-06

     FORCE CONVERGENCE VALUE  =  0.1541E-05  CRITERION=  0.1039E-03
     DISP CONVERGENCE VALUE   =  0.3783E-05  CRITERION=  0.1092E-02 <<< CONVERGED
    EQUIL ITER   1 COMPLETED.  OLD TRIANG MATRIX.  MAX DOF INC=  0.3783E-05
     FORCE CONVERGENCE VALUE  =  0.9101E-06  CRITERION=  0.1039E-03 <<< CONVERGED
    >>> SOLUTION CONVERGED AFTER EQUILIBRIUM ITERATION   1
 *** LOAD STEP     2   SUBSTEP   116  COMPLETED.    CUM ITER =    236
 *** TIME =   12.6000         TIME INC =  0.100000    
 *** MAX VISCOELASTIC STRAIN STEP = 0.7584E-06

     FORCE CONVERGENCE VALUE  =  0.1488E-05  CRITERION=  0.1039E-03
     DISP CONVERGENCE VALUE   =  0.3668E-05  CRITERION=  0.1092E-02 <<< CONVERGED
    EQUIL ITER   1 COMPLETED.  OLD TRIANG MATRIX.  MAX DOF INC=  0.3668E-05
     FORCE CONVERGENCE VALUE  =  0.8785E-06  CRITERION=  0.1039E-03 <<< CONVERGED
    >>> SOLUTION CONVERGED AFTER EQUILIBRIUM ITERATION   1
 *** LOAD STEP     2   SUBSTEP   117  COMPLETED.    CUM ITER =    237
 *** TIME =   12.7000         TIME INC =  0.100000    
 *** MAX VISCOELASTIC STRAIN STEP = 0.7561E-06

     FORCE CONVERGENCE VALUE  =  0.1437E-05  CRITERION=  0.1039E-03
     DISP CONVERGENCE VALUE   =  0.3558E-05  CRITERION=  0.1092E-02 <<< CONVERGED
    EQUIL ITER   1 COMPLETED.  OLD TRIANG MATRIX.  MAX DOF INC=  0.3558E-05
     FORCE CONVERGENCE VALUE  =  0.8480E-06  CRITERION=  0.1039E-03 <<< CONVERGED
    >>> SOLUTION CONVERGED AFTER EQUILIBRIUM ITERATION   1
 *** LOAD STEP     2   SUBSTEP   118  COMPLETED.    CUM ITER =    238
 *** TIME =   12.8000         TIME INC =  0.100000    
 *** MAX VISCOELASTIC STRAIN STEP = 0.7539E-06

     FORCE CONVERGENCE VALUE  =  0.1387E-05  CRITERION=  0.1039E-03
     DISP CONVERGENCE VALUE   =  0.3450E-05  CRITERION=  0.1092E-02 <<< CONVERGED
    EQUIL ITER   1 COMPLETED.  OLD TRIANG MATRIX.  MAX DOF INC=  0.3450E-05
     FORCE CONVERGENCE VALUE  =  0.8185E-06  CRITERION=  0.1039E-03 <<< CONVERGED
    >>> SOLUTION CONVERGED AFTER EQUILIBRIUM ITERATION   1
 *** LOAD STEP     2   SUBSTEP   119  COMPLETED.    CUM ITER =    239
 *** TIME =   12.9000         TIME INC =  0.100000    
 *** MAX VISCOELASTIC STRAIN STEP = 0.7517E-06

     FORCE CONVERGENCE VALUE  =  0.1339E-05  CRITERION=  0.1039E-03
     DISP CONVERGENCE VALUE   =  0.3347E-05  CRITERION=  0.1092E-02 <<< CONVERGED
    EQUIL ITER   1 COMPLETED.  OLD TRIANG MATRIX.  MAX DOF INC=  0.3347E-05
     FORCE CONVERGENCE VALUE  =  0.7900E-06  CRITERION=  0.1039E-03 <<< CONVERGED
    >>> SOLUTION CONVERGED AFTER EQUILIBRIUM ITERATION   1
 *** LOAD STEP     2   SUBSTEP   120  COMPLETED.    CUM ITER =    240
 *** TIME =   13.0000         TIME INC =  0.100000    
 *** MAX VISCOELASTIC STRAIN STEP = 0.7496E-06

     FORCE CONVERGENCE VALUE  =  0.1293E-05  CRITERION=  0.1039E-03
     DISP CONVERGENCE VALUE   =  0.3247E-05  CRITERION=  0.1092E-02 <<< CONVERGED
    EQUIL ITER   1 COMPLETED.  OLD TRIANG MATRIX.  MAX DOF INC=  0.3247E-05
     FORCE CONVERGENCE VALUE  =  0.7624E-06  CRITERION=  0.1039E-03 <<< CONVERGED
    >>> SOLUTION CONVERGED AFTER EQUILIBRIUM ITERATION   1
 *** LOAD STEP     2   SUBSTEP   121  COMPLETED.    CUM ITER =    241
 *** TIME =   13.1000         TIME INC =  0.100000    
 *** MAX VISCOELASTIC STRAIN STEP = 0.7476E-06

     FORCE CONVERGENCE VALUE  =  0.1248E-05  CRITERION=  0.1039E-03
     DISP CONVERGENCE VALUE   =  0.3150E-05  CRITERION=  0.1092E-02 <<< CONVERGED
    EQUIL ITER   1 COMPLETED.  OLD TRIANG MATRIX.  MAX DOF INC=  0.3150E-05
     FORCE CONVERGENCE VALUE  =  0.7358E-06  CRITERION=  0.1039E-03 <<< CONVERGED
    >>> SOLUTION CONVERGED AFTER EQUILIBRIUM ITERATION   1
 *** LOAD STEP     2   SUBSTEP   122  COMPLETED.    CUM ITER =    242
 *** TIME =   13.2000         TIME INC =  0.100000    
 *** MAX VISCOELASTIC STRAIN STEP = 0.7455E-06

     FORCE CONVERGENCE VALUE  =  0.1205E-05  CRITERION=  0.1039E-03
     DISP CONVERGENCE VALUE   =  0.3057E-05  CRITERION=  0.1092E-02 <<< CONVERGED
    EQUIL ITER   1 COMPLETED.  OLD TRIANG MATRIX.  MAX DOF INC=  0.3057E-05
     FORCE CONVERGENCE VALUE  =  0.7100E-06  CRITERION=  0.1039E-03 <<< CONVERGED
    >>> SOLUTION CONVERGED AFTER EQUILIBRIUM ITERATION   1
 *** LOAD STEP     2   SUBSTEP   123  COMPLETED.    CUM ITER =    243
 *** TIME =   13.3000         TIME INC =  0.100000    
 *** MAX VISCOELASTIC STRAIN STEP = 0.7436E-06

     FORCE CONVERGENCE VALUE  =  0.1163E-05  CRITERION=  0.1039E-03
     DISP CONVERGENCE VALUE   =  0.2966E-05  CRITERION=  0.1092E-02 <<< CONVERGED
    EQUIL ITER   1 COMPLETED.  OLD TRIANG MATRIX.  MAX DOF INC=  0.2966E-05
     FORCE CONVERGENCE VALUE  =  0.6851E-06  CRITERION=  0.1039E-03 <<< CONVERGED
    >>> SOLUTION CONVERGED AFTER EQUILIBRIUM ITERATION   1
 *** LOAD STEP     2   SUBSTEP   124  COMPLETED.    CUM ITER =    244
 *** TIME =   13.4000         TIME INC =  0.100000    
 *** MAX VISCOELASTIC STRAIN STEP = 0.7416E-06

     FORCE CONVERGENCE VALUE  =  0.1122E-05  CRITERION=  0.1039E-03
     DISP CONVERGENCE VALUE   =  0.2879E-05  CRITERION=  0.1092E-02 <<< CONVERGED
    EQUIL ITER   1 COMPLETED.  OLD TRIANG MATRIX.  MAX DOF INC=  0.2879E-05
     FORCE CONVERGENCE VALUE  =  0.6610E-06  CRITERION=  0.1039E-03 <<< CONVERGED
    >>> SOLUTION CONVERGED AFTER EQUILIBRIUM ITERATION   1
 *** LOAD STEP     2   SUBSTEP   125  COMPLETED.    CUM ITER =    245
 *** TIME =   13.5000         TIME INC =  0.100000    
 *** MAX VISCOELASTIC STRAIN STEP = 0.7397E-06

     FORCE CONVERGENCE VALUE  =  0.1083E-05  CRITERION=  0.1039E-03
     DISP CONVERGENCE VALUE   =  0.2795E-05  CRITERION=  0.1092E-02 <<< CONVERGED
    EQUIL ITER   1 COMPLETED.  OLD TRIANG MATRIX.  MAX DOF INC=  0.2795E-05
     FORCE CONVERGENCE VALUE  =  0.6377E-06  CRITERION=  0.1039E-03 <<< CONVERGED
    >>> SOLUTION CONVERGED AFTER EQUILIBRIUM ITERATION   1
 *** LOAD STEP     2   SUBSTEP   126  COMPLETED.    CUM ITER =    246
 *** TIME =   13.6000         TIME INC =  0.100000    
 *** MAX VISCOELASTIC STRAIN STEP = 0.7379E-06

     FORCE CONVERGENCE VALUE  =  0.1045E-05  CRITERION=  0.1039E-03
     DISP CONVERGENCE VALUE   =  0.2713E-05  CRITERION=  0.1092E-02 <<< CONVERGED
    EQUIL ITER   1 COMPLETED.  OLD TRIANG MATRIX.  MAX DOF INC=  0.2713E-05
     FORCE CONVERGENCE VALUE  =  0.6152E-06  CRITERION=  0.1039E-03 <<< CONVERGED
    >>> SOLUTION CONVERGED AFTER EQUILIBRIUM ITERATION   1
 *** LOAD STEP     2   SUBSTEP   127  COMPLETED.    CUM ITER =    247
 *** TIME =   13.7000         TIME INC =  0.100000    
 *** MAX VISCOELASTIC STRAIN STEP = 0.7361E-06

     FORCE CONVERGENCE VALUE  =  0.1009E-05  CRITERION=  0.1039E-03
     DISP CONVERGENCE VALUE   =  0.2635E-05  CRITERION=  0.1092E-02 <<< CONVERGED
    EQUIL ITER   1 COMPLETED.  OLD TRIANG MATRIX.  MAX DOF INC=  0.2635E-05
     FORCE CONVERGENCE VALUE  =  0.5934E-06  CRITERION=  0.1039E-03 <<< CONVERGED
    >>> SOLUTION CONVERGED AFTER EQUILIBRIUM ITERATION   1
 *** LOAD STEP     2   SUBSTEP   128  COMPLETED.    CUM ITER =    248
 *** TIME =   13.8000         TIME INC =  0.100000    
 *** MAX VISCOELASTIC STRAIN STEP = 0.7343E-06

     FORCE CONVERGENCE VALUE  =  0.9733E-06  CRITERION=  0.1039E-03
     DISP CONVERGENCE VALUE   =  0.2559E-05  CRITERION=  0.1092E-02 <<< CONVERGED
    EQUIL ITER   1 COMPLETED.  OLD TRIANG MATRIX.  MAX DOF INC=  0.2559E-05
     FORCE CONVERGENCE VALUE  =  0.5724E-06  CRITERION=  0.1039E-03 <<< CONVERGED
    >>> SOLUTION CONVERGED AFTER EQUILIBRIUM ITERATION   1
 *** LOAD STEP     2   SUBSTEP   129  COMPLETED.    CUM ITER =    249
 *** TIME =   13.9000         TIME INC =  0.100000    
 *** MAX VISCOELASTIC STRAIN STEP = 0.7325E-06

     FORCE CONVERGENCE VALUE  =  0.9391E-06  CRITERION=  0.1039E-03
     DISP CONVERGENCE VALUE   =  0.2485E-05  CRITERION=  0.1092E-02 <<< CONVERGED
    EQUIL ITER   1 COMPLETED.  OLD TRIANG MATRIX.  MAX DOF INC=  0.2485E-05
     FORCE CONVERGENCE VALUE  =  0.5520E-06  CRITERION=  0.1039E-03 <<< CONVERGED
    >>> SOLUTION CONVERGED AFTER EQUILIBRIUM ITERATION   1
 *** LOAD STEP     2   SUBSTEP   130  COMPLETED.    CUM ITER =    250
 *** TIME =   14.0000         TIME INC =  0.100000    
 *** MAX VISCOELASTIC STRAIN STEP = 0.7308E-06

     FORCE CONVERGENCE VALUE  =  0.9060E-06  CRITERION=  0.1039E-03
     DISP CONVERGENCE VALUE   =  0.2414E-05  CRITERION=  0.1092E-02 <<< CONVERGED
    EQUIL ITER   1 COMPLETED.  OLD TRIANG MATRIX.  MAX DOF INC=  0.2414E-05
     FORCE CONVERGENCE VALUE  =  0.5324E-06  CRITERION=  0.1039E-03 <<< CONVERGED
    >>> SOLUTION CONVERGED AFTER EQUILIBRIUM ITERATION   1
 *** LOAD STEP     2   SUBSTEP   131  COMPLETED.    CUM ITER =    251
 *** TIME =   14.1000         TIME INC =  0.100000    
 *** MAX VISCOELASTIC STRAIN STEP = 0.7291E-06

     FORCE CONVERGENCE VALUE  =  0.8741E-06  CRITERION=  0.1039E-03
     DISP CONVERGENCE VALUE   =  0.2346E-05  CRITERION=  0.1092E-02 <<< CONVERGED
    EQUIL ITER   1 COMPLETED.  OLD TRIANG MATRIX.  MAX DOF INC=  0.2346E-05
     FORCE CONVERGENCE VALUE  =  0.5133E-06  CRITERION=  0.1039E-03 <<< CONVERGED
    >>> SOLUTION CONVERGED AFTER EQUILIBRIUM ITERATION   1
 *** LOAD STEP     2   SUBSTEP   132  COMPLETED.    CUM ITER =    252
 *** TIME =   14.2000         TIME INC =  0.100000    
 *** MAX VISCOELASTIC STRAIN STEP = 0.7274E-06

     FORCE CONVERGENCE VALUE  =  0.8431E-06  CRITERION=  0.1039E-03
     DISP CONVERGENCE VALUE   =  0.2279E-05  CRITERION=  0.1092E-02 <<< CONVERGED
    EQUIL ITER   1 COMPLETED.  OLD TRIANG MATRIX.  MAX DOF INC=  0.2279E-05
     FORCE CONVERGENCE VALUE  =  0.4950E-06  CRITERION=  0.1039E-03 <<< CONVERGED
    >>> SOLUTION CONVERGED AFTER EQUILIBRIUM ITERATION   1
 *** LOAD STEP     2   SUBSTEP   133  COMPLETED.    CUM ITER =    253
 *** TIME =   14.3000         TIME INC =  0.100000    
 *** MAX VISCOELASTIC STRAIN STEP = 0.7258E-06

     FORCE CONVERGENCE VALUE  =  0.8133E-06  CRITERION=  0.1039E-03
     DISP CONVERGENCE VALUE   =  0.2215E-05  CRITERION=  0.1092E-02 <<< CONVERGED
    EQUIL ITER   1 COMPLETED.  OLD TRIANG MATRIX.  MAX DOF INC=  0.2215E-05
     FORCE CONVERGENCE VALUE  =  0.4772E-06  CRITERION=  0.1039E-03 <<< CONVERGED
    >>> SOLUTION CONVERGED AFTER EQUILIBRIUM ITERATION   1
 *** LOAD STEP     2   SUBSTEP   134  COMPLETED.    CUM ITER =    254
 *** TIME =   14.4000         TIME INC =  0.100000    
 *** MAX VISCOELASTIC STRAIN STEP = 0.7242E-06

     FORCE CONVERGENCE VALUE  =  0.7844E-06  CRITERION=  0.1039E-03
     DISP CONVERGENCE VALUE   =  0.2153E-05  CRITERION=  0.1092E-02 <<< CONVERGED
    EQUIL ITER   1 COMPLETED.  OLD TRIANG MATRIX.  MAX DOF INC=  0.2153E-05
     FORCE CONVERGENCE VALUE  =  0.4600E-06  CRITERION=  0.1039E-03 <<< CONVERGED
    >>> SOLUTION CONVERGED AFTER EQUILIBRIUM ITERATION   1
 *** LOAD STEP     2   SUBSTEP   135  COMPLETED.    CUM ITER =    255
 *** TIME =   14.5000         TIME INC =  0.100000    
 *** MAX VISCOELASTIC STRAIN STEP = 0.7226E-06

     FORCE CONVERGENCE VALUE  =  0.7565E-06  CRITERION=  0.1039E-03
     DISP CONVERGENCE VALUE   =  0.2094E-05  CRITERION=  0.1092E-02 <<< CONVERGED
    EQUIL ITER   1 COMPLETED.  OLD TRIANG MATRIX.  MAX DOF INC=  0.2094E-05
     FORCE CONVERGENCE VALUE  =  0.4434E-06  CRITERION=  0.1039E-03 <<< CONVERGED
    >>> SOLUTION CONVERGED AFTER EQUILIBRIUM ITERATION   1
 *** LOAD STEP     2   SUBSTEP   136  COMPLETED.    CUM ITER =    256
 *** TIME =   14.6000         TIME INC =  0.100000    
 *** MAX VISCOELASTIC STRAIN STEP = 0.7211E-06

     FORCE CONVERGENCE VALUE  =  0.7295E-06  CRITERION=  0.1039E-03
     DISP CONVERGENCE VALUE   =  0.2036E-05  CRITERION=  0.1092E-02 <<< CONVERGED
    EQUIL ITER   1 COMPLETED.  OLD TRIANG MATRIX.  MAX DOF INC=  0.2036E-05
     FORCE CONVERGENCE VALUE  =  0.4273E-06  CRITERION=  0.1039E-03 <<< CONVERGED
    >>> SOLUTION CONVERGED AFTER EQUILIBRIUM ITERATION   1
 *** LOAD STEP     2   SUBSTEP   137  COMPLETED.    CUM ITER =    257
 *** TIME =   14.7000         TIME INC =  0.100000    
 *** MAX VISCOELASTIC STRAIN STEP = 0.7196E-06

     FORCE CONVERGENCE VALUE  =  0.7034E-06  CRITERION=  0.1039E-03
     DISP CONVERGENCE VALUE   =  0.1980E-05  CRITERION=  0.1092E-02 <<< CONVERGED
    EQUIL ITER   1 COMPLETED.  OLD TRIANG MATRIX.  MAX DOF INC=  0.1980E-05
     FORCE CONVERGENCE VALUE  =  0.4118E-06  CRITERION=  0.1039E-03 <<< CONVERGED
    >>> SOLUTION CONVERGED AFTER EQUILIBRIUM ITERATION   1
 *** LOAD STEP     2   SUBSTEP   138  COMPLETED.    CUM ITER =    258
 *** TIME =   14.8000         TIME INC =  0.100000    
 *** MAX VISCOELASTIC STRAIN STEP = 0.7181E-06

     FORCE CONVERGENCE VALUE  =  0.6782E-06  CRITERION=  0.1039E-03
     DISP CONVERGENCE VALUE   =  0.1926E-05  CRITERION=  0.1092E-02 <<< CONVERGED
    EQUIL ITER   1 COMPLETED.  OLD TRIANG MATRIX.  MAX DOF INC=  0.1926E-05
     FORCE CONVERGENCE VALUE  =  0.3968E-06  CRITERION=  0.1039E-03 <<< CONVERGED
    >>> SOLUTION CONVERGED AFTER EQUILIBRIUM ITERATION   1
 *** LOAD STEP     2   SUBSTEP   139  COMPLETED.    CUM ITER =    259
 *** TIME =   14.9000         TIME INC =  0.100000    
 *** MAX VISCOELASTIC STRAIN STEP = 0.7166E-06

     FORCE CONVERGENCE VALUE  =  0.6538E-06  CRITERION=  0.1039E-03
     DISP CONVERGENCE VALUE   =  0.1874E-05  CRITERION=  0.1092E-02 <<< CONVERGED
    EQUIL ITER   1 COMPLETED.  OLD TRIANG MATRIX.  MAX DOF INC=  0.1874E-05
     FORCE CONVERGENCE VALUE  =  0.3823E-06  CRITERION=  0.1039E-03 <<< CONVERGED
    >>> SOLUTION CONVERGED AFTER EQUILIBRIUM ITERATION   1
 *** LOAD STEP     2   SUBSTEP   140  COMPLETED.    CUM ITER =    260
 *** TIME =   15.0000         TIME INC =  0.100000    
 *** MAX VISCOELASTIC STRAIN STEP = 0.7152E-06

     FORCE CONVERGENCE VALUE  =  0.6302E-06  CRITERION=  0.1039E-03
     DISP CONVERGENCE VALUE   =  0.1823E-05  CRITERION=  0.1092E-02 <<< CONVERGED
    EQUIL ITER   1 COMPLETED.  OLD TRIANG MATRIX.  MAX DOF INC=  0.1823E-05
     FORCE CONVERGENCE VALUE  =  0.3683E-06  CRITERION=  0.1039E-03 <<< CONVERGED
    >>> SOLUTION CONVERGED AFTER EQUILIBRIUM ITERATION   1
 *** LOAD STEP     2   SUBSTEP   141  COMPLETED.    CUM ITER =    261
 *** TIME =   15.1000         TIME INC =  0.100000    
 *** MAX VISCOELASTIC STRAIN STEP = 0.7138E-06

     FORCE CONVERGENCE VALUE  =  0.6074E-06  CRITERION=  0.1039E-03
     DISP CONVERGENCE VALUE   =  0.1775E-05  CRITERION=  0.1092E-02 <<< CONVERGED
    EQUIL ITER   1 COMPLETED.  OLD TRIANG MATRIX.  MAX DOF INC=  0.1775E-05
     FORCE CONVERGENCE VALUE  =  0.3548E-06  CRITERION=  0.1039E-03 <<< CONVERGED
    >>> SOLUTION CONVERGED AFTER EQUILIBRIUM ITERATION   1
 *** LOAD STEP     2   SUBSTEP   142  COMPLETED.    CUM ITER =    262
 *** TIME =   15.2000         TIME INC =  0.100000    
 *** MAX VISCOELASTIC STRAIN STEP = 0.7124E-06

     FORCE CONVERGENCE VALUE  =  0.5854E-06  CRITERION=  0.1039E-03
     DISP CONVERGENCE VALUE   =  0.1728E-05  CRITERION=  0.1092E-02 <<< CONVERGED
    EQUIL ITER   1 COMPLETED.  OLD TRIANG MATRIX.  MAX DOF INC=  0.1728E-05
     FORCE CONVERGENCE VALUE  =  0.3417E-06  CRITERION=  0.1039E-03 <<< CONVERGED
    >>> SOLUTION CONVERGED AFTER EQUILIBRIUM ITERATION   1
 *** LOAD STEP     2   SUBSTEP   143  COMPLETED.    CUM ITER =    263
 *** TIME =   15.3000         TIME INC =  0.100000    
 *** MAX VISCOELASTIC STRAIN STEP = 0.7110E-06

     FORCE CONVERGENCE VALUE  =  0.5641E-06  CRITERION=  0.1039E-03
     DISP CONVERGENCE VALUE   =  0.1682E-05  CRITERION=  0.1092E-02 <<< CONVERGED
    EQUIL ITER   1 COMPLETED.  OLD TRIANG MATRIX.  MAX DOF INC=  0.1682E-05
     FORCE CONVERGENCE VALUE  =  0.3290E-06  CRITERION=  0.1039E-03 <<< CONVERGED
    >>> SOLUTION CONVERGED AFTER EQUILIBRIUM ITERATION   1
 *** LOAD STEP     2   SUBSTEP   144  COMPLETED.    CUM ITER =    264
 *** TIME =   15.4000         TIME INC =  0.100000    
 *** MAX VISCOELASTIC STRAIN STEP = 0.7096E-06

     FORCE CONVERGENCE VALUE  =  0.5435E-06  CRITERION=  0.1039E-03
     DISP CONVERGENCE VALUE   =  0.1638E-05  CRITERION=  0.1092E-02 <<< CONVERGED
    EQUIL ITER   1 COMPLETED.  OLD TRIANG MATRIX.  MAX DOF INC=  0.1638E-05
     FORCE CONVERGENCE VALUE  =  0.3168E-06  CRITERION=  0.1039E-03 <<< CONVERGED
    >>> SOLUTION CONVERGED AFTER EQUILIBRIUM ITERATION   1
 *** LOAD STEP     2   SUBSTEP   145  COMPLETED.    CUM ITER =    265
 *** TIME =   15.5000         TIME INC =  0.100000    
 *** MAX VISCOELASTIC STRAIN STEP = 0.7083E-06

     FORCE CONVERGENCE VALUE  =  0.5237E-06  CRITERION=  0.1039E-03
     DISP CONVERGENCE VALUE   =  0.1596E-05  CRITERION=  0.1092E-02 <<< CONVERGED
    EQUIL ITER   1 COMPLETED.  OLD TRIANG MATRIX.  MAX DOF INC=  0.1596E-05
     FORCE CONVERGENCE VALUE  =  0.3049E-06  CRITERION=  0.1039E-03 <<< CONVERGED
    >>> SOLUTION CONVERGED AFTER EQUILIBRIUM ITERATION   1
 *** LOAD STEP     2   SUBSTEP   146  COMPLETED.    CUM ITER =    266
 *** TIME =   15.6000         TIME INC =  0.100000    
 *** MAX VISCOELASTIC STRAIN STEP = 0.7070E-06

     FORCE CONVERGENCE VALUE  =  0.5044E-06  CRITERION=  0.1039E-03
     DISP CONVERGENCE VALUE   =  0.1554E-05  CRITERION=  0.1092E-02 <<< CONVERGED
    EQUIL ITER   1 COMPLETED.  OLD TRIANG MATRIX.  MAX DOF INC=  0.1554E-05
     FORCE CONVERGENCE VALUE  =  0.2935E-06  CRITERION=  0.1039E-03 <<< CONVERGED
    >>> SOLUTION CONVERGED AFTER EQUILIBRIUM ITERATION   1
 *** LOAD STEP     2   SUBSTEP   147  COMPLETED.    CUM ITER =    267
 *** TIME =   15.7000         TIME INC =  0.100000    
 *** MAX VISCOELASTIC STRAIN STEP = 0.7057E-06

     FORCE CONVERGENCE VALUE  =  0.4858E-06  CRITERION=  0.1039E-03
     DISP CONVERGENCE VALUE   =  0.1515E-05  CRITERION=  0.1092E-02 <<< CONVERGED
    EQUIL ITER   1 COMPLETED.  OLD TRIANG MATRIX.  MAX DOF INC=  0.1515E-05
     FORCE CONVERGENCE VALUE  =  0.2824E-06  CRITERION=  0.1039E-03 <<< CONVERGED
    >>> SOLUTION CONVERGED AFTER EQUILIBRIUM ITERATION   1
 *** LOAD STEP     2   SUBSTEP   148  COMPLETED.    CUM ITER =    268
 *** TIME =   15.8000         TIME INC =  0.100000    
 *** MAX VISCOELASTIC STRAIN STEP = 0.7044E-06

     FORCE CONVERGENCE VALUE  =  0.4679E-06  CRITERION=  0.1039E-03
     DISP CONVERGENCE VALUE   =  0.1476E-05  CRITERION=  0.1092E-02 <<< CONVERGED
    EQUIL ITER   1 COMPLETED.  OLD TRIANG MATRIX.  MAX DOF INC=  0.1476E-05
     FORCE CONVERGENCE VALUE  =  0.2718E-06  CRITERION=  0.1039E-03 <<< CONVERGED
    >>> SOLUTION CONVERGED AFTER EQUILIBRIUM ITERATION   1
 *** LOAD STEP     2   SUBSTEP   149  COMPLETED.    CUM ITER =    269
 *** TIME =   15.9000         TIME INC =  0.100000    
 *** MAX VISCOELASTIC STRAIN STEP = 0.7031E-06

     FORCE CONVERGENCE VALUE  =  0.4505E-06  CRITERION=  0.1039E-03
     DISP CONVERGENCE VALUE   =  0.1439E-05  CRITERION=  0.1092E-02 <<< CONVERGED
    EQUIL ITER   1 COMPLETED.  OLD TRIANG MATRIX.  MAX DOF INC=  0.1439E-05
     FORCE CONVERGENCE VALUE  =  0.2614E-06  CRITERION=  0.1039E-03 <<< CONVERGED
    >>> SOLUTION CONVERGED AFTER EQUILIBRIUM ITERATION   1
 *** LOAD STEP     2   SUBSTEP   150  COMPLETED.    CUM ITER =    270
 *** TIME =   16.0000         TIME INC =  0.100000    
 *** MAX VISCOELASTIC STRAIN STEP = 0.7019E-06

     FORCE CONVERGENCE VALUE  =  0.4337E-06  CRITERION=  0.1039E-03
     DISP CONVERGENCE VALUE   =  0.1403E-05  CRITERION=  0.1092E-02 <<< CONVERGED
    EQUIL ITER   1 COMPLETED.  OLD TRIANG MATRIX.  MAX DOF INC=  0.1403E-05
     FORCE CONVERGENCE VALUE  =  0.2515E-06  CRITERION=  0.1039E-03 <<< CONVERGED
    >>> SOLUTION CONVERGED AFTER EQUILIBRIUM ITERATION   1
 *** LOAD STEP     2   SUBSTEP   151  COMPLETED.    CUM ITER =    271
 *** TIME =   16.1000         TIME INC =  0.100000    
 *** MAX VISCOELASTIC STRAIN STEP = 0.7007E-06

     FORCE CONVERGENCE VALUE  =  0.4175E-06  CRITERION=  0.1039E-03
     DISP CONVERGENCE VALUE   =  0.1369E-05  CRITERION=  0.1092E-02 <<< CONVERGED
    EQUIL ITER   1 COMPLETED.  OLD TRIANG MATRIX.  MAX DOF INC=  0.1369E-05
     FORCE CONVERGENCE VALUE  =  0.2418E-06  CRITERION=  0.1039E-03 <<< CONVERGED
    >>> SOLUTION CONVERGED AFTER EQUILIBRIUM ITERATION   1
 *** LOAD STEP     2   SUBSTEP   152  COMPLETED.    CUM ITER =    272
 *** TIME =   16.2000         TIME INC =  0.100000    
 *** MAX VISCOELASTIC STRAIN STEP = 0.6995E-06

     FORCE CONVERGENCE VALUE  =  0.4018E-06  CRITERION=  0.1039E-03
     DISP CONVERGENCE VALUE   =  0.1335E-05  CRITERION=  0.1092E-02 <<< CONVERGED
    EQUIL ITER   1 COMPLETED.  OLD TRIANG MATRIX.  MAX DOF INC=  0.1335E-05
     FORCE CONVERGENCE VALUE  =  0.2325E-06  CRITERION=  0.1039E-03 <<< CONVERGED
    >>> SOLUTION CONVERGED AFTER EQUILIBRIUM ITERATION   1
 *** LOAD STEP     2   SUBSTEP   153  COMPLETED.    CUM ITER =    273
 *** TIME =   16.3000         TIME INC =  0.100000    
 *** MAX VISCOELASTIC STRAIN STEP = 0.6983E-06

     FORCE CONVERGENCE VALUE  =  0.3867E-06  CRITERION=  0.1039E-03
     DISP CONVERGENCE VALUE   =  0.1303E-05  CRITERION=  0.1092E-02 <<< CONVERGED
    EQUIL ITER   1 COMPLETED.  OLD TRIANG MATRIX.  MAX DOF INC=  0.1303E-05
     FORCE CONVERGENCE VALUE  =  0.2235E-06  CRITERION=  0.1039E-03 <<< CONVERGED
    >>> SOLUTION CONVERGED AFTER EQUILIBRIUM ITERATION   1
 *** LOAD STEP     2   SUBSTEP   154  COMPLETED.    CUM ITER =    274
 *** TIME =   16.4000         TIME INC =  0.100000    
 *** MAX VISCOELASTIC STRAIN STEP = 0.6971E-06

     FORCE CONVERGENCE VALUE  =  0.3720E-06  CRITERION=  0.1039E-03
     DISP CONVERGENCE VALUE   =  0.1272E-05  CRITERION=  0.1092E-02 <<< CONVERGED
    EQUIL ITER   1 COMPLETED.  OLD TRIANG MATRIX.  MAX DOF INC=  0.1272E-05
     FORCE CONVERGENCE VALUE  =  0.2148E-06  CRITERION=  0.1039E-03 <<< CONVERGED
    >>> SOLUTION CONVERGED AFTER EQUILIBRIUM ITERATION   1
 *** LOAD STEP     2   SUBSTEP   155  COMPLETED.    CUM ITER =    275
 *** TIME =   16.5000         TIME INC =  0.100000    
 *** MAX VISCOELASTIC STRAIN STEP = 0.6959E-06

     FORCE CONVERGENCE VALUE  =  0.3579E-06  CRITERION=  0.1039E-03
     DISP CONVERGENCE VALUE   =  0.1241E-05  CRITERION=  0.1092E-02 <<< CONVERGED
    EQUIL ITER   1 COMPLETED.  OLD TRIANG MATRIX.  MAX DOF INC=  0.1241E-05
     FORCE CONVERGENCE VALUE  =  0.2063E-06  CRITERION=  0.1039E-03 <<< CONVERGED
    >>> SOLUTION CONVERGED AFTER EQUILIBRIUM ITERATION   1
 *** LOAD STEP     2   SUBSTEP   156  COMPLETED.    CUM ITER =    276
 *** TIME =   16.6000         TIME INC =  0.100000    
 *** MAX VISCOELASTIC STRAIN STEP = 0.6948E-06

     FORCE CONVERGENCE VALUE  =  0.3442E-06  CRITERION=  0.1039E-03
     DISP CONVERGENCE VALUE   =  0.1212E-05  CRITERION=  0.1092E-02 <<< CONVERGED
    EQUIL ITER   1 COMPLETED.  OLD TRIANG MATRIX.  MAX DOF INC=  0.1212E-05
     FORCE CONVERGENCE VALUE  =  0.1982E-06  CRITERION=  0.1039E-03 <<< CONVERGED
    >>> SOLUTION CONVERGED AFTER EQUILIBRIUM ITERATION   1
 *** LOAD STEP     2   SUBSTEP   157  COMPLETED.    CUM ITER =    277
 *** TIME =   16.7000         TIME INC =  0.100000    
 *** MAX VISCOELASTIC STRAIN STEP = 0.6936E-06

     FORCE CONVERGENCE VALUE  =  0.3310E-06  CRITERION=  0.1039E-03
     DISP CONVERGENCE VALUE   =  0.1184E-05  CRITERION=  0.1092E-02 <<< CONVERGED
    EQUIL ITER   1 COMPLETED.  OLD TRIANG MATRIX.  MAX DOF INC=  0.1184E-05
     FORCE CONVERGENCE VALUE  =  0.1904E-06  CRITERION=  0.1039E-03 <<< CONVERGED
    >>> SOLUTION CONVERGED AFTER EQUILIBRIUM ITERATION   1
 *** LOAD STEP     2   SUBSTEP   158  COMPLETED.    CUM ITER =    278
 *** TIME =   16.8000         TIME INC =  0.100000    
 *** MAX VISCOELASTIC STRAIN STEP = 0.6925E-06

     FORCE CONVERGENCE VALUE  =  0.3182E-06  CRITERION=  0.1039E-03
     DISP CONVERGENCE VALUE   =  0.1157E-05  CRITERION=  0.1092E-02 <<< CONVERGED
    EQUIL ITER   1 COMPLETED.  OLD TRIANG MATRIX.  MAX DOF INC=  0.1157E-05
     FORCE CONVERGENCE VALUE  =  0.1828E-06  CRITERION=  0.1039E-03 <<< CONVERGED
    >>> SOLUTION CONVERGED AFTER EQUILIBRIUM ITERATION   1
 *** LOAD STEP     2   SUBSTEP   159  COMPLETED.    CUM ITER =    279
 *** TIME =   16.9000         TIME INC =  0.100000    
 *** MAX VISCOELASTIC STRAIN STEP = 0.6914E-06

     FORCE CONVERGENCE VALUE  =  0.3058E-06  CRITERION=  0.1039E-03
     DISP CONVERGENCE VALUE   =  0.1130E-05  CRITERION=  0.1092E-02 <<< CONVERGED
    EQUIL ITER   1 COMPLETED.  OLD TRIANG MATRIX.  MAX DOF INC=  0.1130E-05
     FORCE CONVERGENCE VALUE  =  0.1754E-06  CRITERION=  0.1039E-03 <<< CONVERGED
    >>> SOLUTION CONVERGED AFTER EQUILIBRIUM ITERATION   1
 *** LOAD STEP     2   SUBSTEP   160  COMPLETED.    CUM ITER =    280
 *** TIME =   17.0000         TIME INC =  0.100000    
 *** MAX VISCOELASTIC STRAIN STEP = 0.6903E-06

     FORCE CONVERGENCE VALUE  =  0.2939E-06  CRITERION=  0.1039E-03
     DISP CONVERGENCE VALUE   =  0.1105E-05  CRITERION=  0.1092E-02 <<< CONVERGED
    EQUIL ITER   1 COMPLETED.  OLD TRIANG MATRIX.  MAX DOF INC=  0.1105E-05
     FORCE CONVERGENCE VALUE  =  0.1683E-06  CRITERION=  0.1039E-03 <<< CONVERGED
    >>> SOLUTION CONVERGED AFTER EQUILIBRIUM ITERATION   1
 *** LOAD STEP     2   SUBSTEP   161  COMPLETED.    CUM ITER =    281
 *** TIME =   17.1000         TIME INC =  0.100000    
 *** MAX VISCOELASTIC STRAIN STEP = 0.6892E-06

     FORCE CONVERGENCE VALUE  =  0.2824E-06  CRITERION=  0.1039E-03
     DISP CONVERGENCE VALUE   =  0.1080E-05  CRITERION=  0.1092E-02 <<< CONVERGED
    EQUIL ITER   1 COMPLETED.  OLD TRIANG MATRIX.  MAX DOF INC=  0.1080E-05
     FORCE CONVERGENCE VALUE  =  0.1615E-06  CRITERION=  0.1039E-03 <<< CONVERGED
    >>> SOLUTION CONVERGED AFTER EQUILIBRIUM ITERATION   1
 *** LOAD STEP     2   SUBSTEP   162  COMPLETED.    CUM ITER =    282
 *** TIME =   17.2000         TIME INC =  0.100000    
 *** MAX VISCOELASTIC STRAIN STEP = 0.6881E-06

     FORCE CONVERGENCE VALUE  =  0.2712E-06  CRITERION=  0.1039E-03
     DISP CONVERGENCE VALUE   =  0.1056E-05  CRITERION=  0.1092E-02 <<< CONVERGED
    EQUIL ITER   1 COMPLETED.  OLD TRIANG MATRIX.  MAX DOF INC=  0.1056E-05
     FORCE CONVERGENCE VALUE  =  0.1548E-06  CRITERION=  0.1039E-03 <<< CONVERGED
    >>> SOLUTION CONVERGED AFTER EQUILIBRIUM ITERATION   1
 *** LOAD STEP     2   SUBSTEP   163  COMPLETED.    CUM ITER =    283
 *** TIME =   17.3000         TIME INC =  0.100000    
 *** MAX VISCOELASTIC STRAIN STEP = 0.6871E-06

     FORCE CONVERGENCE VALUE  =  0.2604E-06  CRITERION=  0.1039E-03
     DISP CONVERGENCE VALUE   =  0.1033E-05  CRITERION=  0.1092E-02 <<< CONVERGED
    EQUIL ITER   1 COMPLETED.  OLD TRIANG MATRIX.  MAX DOF INC=  0.1033E-05
     FORCE CONVERGENCE VALUE  =  0.1484E-06  CRITERION=  0.1039E-03 <<< CONVERGED
    >>> SOLUTION CONVERGED AFTER EQUILIBRIUM ITERATION   1
 *** LOAD STEP     2   SUBSTEP   164  COMPLETED.    CUM ITER =    284
 *** TIME =   17.4000         TIME INC =  0.100000    
 *** MAX VISCOELASTIC STRAIN STEP = 0.6860E-06

     FORCE CONVERGENCE VALUE  =  0.2500E-06  CRITERION=  0.1039E-03
     DISP CONVERGENCE VALUE   =  0.1011E-05  CRITERION=  0.1092E-02 <<< CONVERGED
    EQUIL ITER   1 COMPLETED.  OLD TRIANG MATRIX.  MAX DOF INC=  0.1011E-05
     FORCE CONVERGENCE VALUE  =  0.1422E-06  CRITERION=  0.1039E-03 <<< CONVERGED
    >>> SOLUTION CONVERGED AFTER EQUILIBRIUM ITERATION   1
 *** LOAD STEP     2   SUBSTEP   165  COMPLETED.    CUM ITER =    285
 *** TIME =   17.5000         TIME INC =  0.100000    
 *** MAX VISCOELASTIC STRAIN STEP = 0.6850E-06

     FORCE CONVERGENCE VALUE  =  0.2400E-06  CRITERION=  0.1039E-03
     DISP CONVERGENCE VALUE   =  0.9891E-06  CRITERION=  0.1092E-02 <<< CONVERGED
    EQUIL ITER   1 COMPLETED.  OLD TRIANG MATRIX.  MAX DOF INC=  0.9891E-06
     FORCE CONVERGENCE VALUE  =  0.1362E-06  CRITERION=  0.1039E-03 <<< CONVERGED
    >>> SOLUTION CONVERGED AFTER EQUILIBRIUM ITERATION   1
 *** LOAD STEP     2   SUBSTEP   166  COMPLETED.    CUM ITER =    286
 *** TIME =   17.6000         TIME INC =  0.100000    
 *** MAX VISCOELASTIC STRAIN STEP = 0.6839E-06

     FORCE CONVERGENCE VALUE  =  0.2303E-06  CRITERION=  0.1039E-03
     DISP CONVERGENCE VALUE   =  0.9682E-06  CRITERION=  0.1092E-02 <<< CONVERGED
    EQUIL ITER   1 COMPLETED.  OLD TRIANG MATRIX.  MAX DOF INC=  0.9682E-06
     FORCE CONVERGENCE VALUE  =  0.1305E-06  CRITERION=  0.1039E-03 <<< CONVERGED
    >>> SOLUTION CONVERGED AFTER EQUILIBRIUM ITERATION   1
 *** LOAD STEP     2   SUBSTEP   167  COMPLETED.    CUM ITER =    287
 *** TIME =   17.7000         TIME INC =  0.100000    
 *** MAX VISCOELASTIC STRAIN STEP = 0.6829E-06

     FORCE CONVERGENCE VALUE  =  0.2209E-06  CRITERION=  0.1039E-03
     DISP CONVERGENCE VALUE   =  0.9480E-06  CRITERION=  0.1092E-02 <<< CONVERGED
    EQUIL ITER   1 COMPLETED.  OLD TRIANG MATRIX.  MAX DOF INC=  0.9480E-06
     FORCE CONVERGENCE VALUE  =  0.1249E-06  CRITERION=  0.1039E-03 <<< CONVERGED
    >>> SOLUTION CONVERGED AFTER EQUILIBRIUM ITERATION   1
 *** LOAD STEP     2   SUBSTEP   168  COMPLETED.    CUM ITER =    288
 *** TIME =   17.8000         TIME INC =  0.100000    
 *** MAX VISCOELASTIC STRAIN STEP = 0.6819E-06

     FORCE CONVERGENCE VALUE  =  0.2118E-06  CRITERION=  0.1039E-03
     DISP CONVERGENCE VALUE   =  0.9285E-06  CRITERION=  0.1092E-02 <<< CONVERGED
    EQUIL ITER   1 COMPLETED.  OLD TRIANG MATRIX.  MAX DOF INC=  0.9285E-06
     FORCE CONVERGENCE VALUE  =  0.1195E-06  CRITERION=  0.1039E-03 <<< CONVERGED
    >>> SOLUTION CONVERGED AFTER EQUILIBRIUM ITERATION   1
 *** LOAD STEP     2   SUBSTEP   169  COMPLETED.    CUM ITER =    289
 *** TIME =   17.9000         TIME INC =  0.100000    
 *** MAX VISCOELASTIC STRAIN STEP = 0.6809E-06

     FORCE CONVERGENCE VALUE  =  0.2030E-06  CRITERION=  0.1039E-03
     DISP CONVERGENCE VALUE   =  0.9097E-06  CRITERION=  0.1092E-02 <<< CONVERGED
    EQUIL ITER   1 COMPLETED.  OLD TRIANG MATRIX.  MAX DOF INC=  0.9097E-06
     FORCE CONVERGENCE VALUE  =  0.1143E-06  CRITERION=  0.1039E-03 <<< CONVERGED
    >>> SOLUTION CONVERGED AFTER EQUILIBRIUM ITERATION   1
 *** LOAD STEP     2   SUBSTEP   170  COMPLETED.    CUM ITER =    290
 *** TIME =   18.0000         TIME INC =  0.100000    
 *** MAX VISCOELASTIC STRAIN STEP = 0.6799E-06

     FORCE CONVERGENCE VALUE  =  0.1945E-06  CRITERION=  0.1039E-03
     DISP CONVERGENCE VALUE   =  0.8914E-06  CRITERION=  0.1092E-02 <<< CONVERGED
    EQUIL ITER   1 COMPLETED.  OLD TRIANG MATRIX.  MAX DOF INC=  0.8914E-06
     FORCE CONVERGENCE VALUE  =  0.1092E-06  CRITERION=  0.1039E-03 <<< CONVERGED
    >>> SOLUTION CONVERGED AFTER EQUILIBRIUM ITERATION   1
 *** LOAD STEP     2   SUBSTEP   171  COMPLETED.    CUM ITER =    291
 *** TIME =   18.1000         TIME INC =  0.100000    
 *** MAX VISCOELASTIC STRAIN STEP = 0.6789E-06

     FORCE CONVERGENCE VALUE  =  0.1863E-06  CRITERION=  0.1039E-03
     DISP CONVERGENCE VALUE   =  0.8738E-06  CRITERION=  0.1092E-02 <<< CONVERGED
    EQUIL ITER   1 COMPLETED.  OLD TRIANG MATRIX.  MAX DOF INC=  0.8738E-06
     FORCE CONVERGENCE VALUE  =  0.1044E-06  CRITERION=  0.1039E-03 <<< CONVERGED
    >>> SOLUTION CONVERGED AFTER EQUILIBRIUM ITERATION   1
 *** LOAD STEP     2   SUBSTEP   172  COMPLETED.    CUM ITER =    292
 *** TIME =   18.2000         TIME INC =  0.100000    
 *** MAX VISCOELASTIC STRAIN STEP = 0.6779E-06

     FORCE CONVERGENCE VALUE  =  0.1784E-06  CRITERION=  0.1039E-03
     DISP CONVERGENCE VALUE   =  0.8567E-06  CRITERION=  0.1092E-02 <<< CONVERGED
    EQUIL ITER   1 COMPLETED.  OLD TRIANG MATRIX.  MAX DOF INC=  0.8567E-06
     FORCE CONVERGENCE VALUE  =  0.9966E-07  CRITERION=  0.1039E-03 <<< CONVERGED
    >>> SOLUTION CONVERGED AFTER EQUILIBRIUM ITERATION   1
 *** LOAD STEP     2   SUBSTEP   173  COMPLETED.    CUM ITER =    293
 *** TIME =   18.3000         TIME INC =  0.100000    
 *** MAX VISCOELASTIC STRAIN STEP = 0.6770E-06

     FORCE CONVERGENCE VALUE  =  0.1708E-06  CRITERION=  0.1039E-03
     DISP CONVERGENCE VALUE   =  0.8403E-06  CRITERION=  0.1092E-02 <<< CONVERGED
    EQUIL ITER   1 COMPLETED.  OLD TRIANG MATRIX.  MAX DOF INC=  0.8403E-06
     FORCE CONVERGENCE VALUE  =  0.9511E-07  CRITERION=  0.1039E-03 <<< CONVERGED
    >>> SOLUTION CONVERGED AFTER EQUILIBRIUM ITERATION   1
 *** LOAD STEP     2   SUBSTEP   174  COMPLETED.    CUM ITER =    294
 *** TIME =   18.4000         TIME INC =  0.100000    
 *** MAX VISCOELASTIC STRAIN STEP = 0.6760E-06

     FORCE CONVERGENCE VALUE  =  0.1634E-06  CRITERION=  0.1039E-03
     DISP CONVERGENCE VALUE   =  0.8243E-06  CRITERION=  0.1092E-02 <<< CONVERGED
    EQUIL ITER   1 COMPLETED.  OLD TRIANG MATRIX.  MAX DOF INC=  0.8243E-06
     FORCE CONVERGENCE VALUE  =  0.9072E-07  CRITERION=  0.1039E-03 <<< CONVERGED
    >>> SOLUTION CONVERGED AFTER EQUILIBRIUM ITERATION   1
 *** LOAD STEP     2   SUBSTEP   175  COMPLETED.    CUM ITER =    295
 *** TIME =   18.5000         TIME INC =  0.100000    
 *** MAX VISCOELASTIC STRAIN STEP = 0.6750E-06

     FORCE CONVERGENCE VALUE  =  0.1562E-06  CRITERION=  0.1040E-03
     DISP CONVERGENCE VALUE   =  0.8089E-06  CRITERION=  0.1092E-02 <<< CONVERGED
    EQUIL ITER   1 COMPLETED.  OLD TRIANG MATRIX.  MAX DOF INC=  0.8089E-06
     FORCE CONVERGENCE VALUE  =  0.8648E-07  CRITERION=  0.1039E-03 <<< CONVERGED
    >>> SOLUTION CONVERGED AFTER EQUILIBRIUM ITERATION   1
 *** LOAD STEP     2   SUBSTEP   176  COMPLETED.    CUM ITER =    296
 *** TIME =   18.6000         TIME INC =  0.100000    
 *** MAX VISCOELASTIC STRAIN STEP = 0.6741E-06

     FORCE CONVERGENCE VALUE  =  0.1494E-06  CRITERION=  0.1040E-03
     DISP CONVERGENCE VALUE   =  0.7940E-06  CRITERION=  0.1092E-02 <<< CONVERGED
    EQUIL ITER   1 COMPLETED.  OLD TRIANG MATRIX.  MAX DOF INC=  0.7940E-06
     FORCE CONVERGENCE VALUE  =  0.8238E-07  CRITERION=  0.1040E-03 <<< CONVERGED
    >>> SOLUTION CONVERGED AFTER EQUILIBRIUM ITERATION   1
 *** LOAD STEP     2   SUBSTEP   177  COMPLETED.    CUM ITER =    297
 *** TIME =   18.7000         TIME INC =  0.100000    
 *** MAX VISCOELASTIC STRAIN STEP = 0.6732E-06

     FORCE CONVERGENCE VALUE  =  0.1427E-06  CRITERION=  0.1040E-03
     DISP CONVERGENCE VALUE   =  0.7795E-06  CRITERION=  0.1092E-02 <<< CONVERGED
    EQUIL ITER   1 COMPLETED.  OLD TRIANG MATRIX.  MAX DOF INC=  0.7795E-06
     FORCE CONVERGENCE VALUE  =  0.7843E-07  CRITERION=  0.1040E-03 <<< CONVERGED
    >>> SOLUTION CONVERGED AFTER EQUILIBRIUM ITERATION   1
 *** LOAD STEP     2   SUBSTEP   178  COMPLETED.    CUM ITER =    298
 *** TIME =   18.8000         TIME INC =  0.100000    
 *** MAX VISCOELASTIC STRAIN STEP = 0.6722E-06

     FORCE CONVERGENCE VALUE  =  0.1363E-06  CRITERION=  0.1040E-03
     DISP CONVERGENCE VALUE   =  0.7656E-06  CRITERION=  0.1092E-02 <<< CONVERGED
    EQUIL ITER   1 COMPLETED.  OLD TRIANG MATRIX.  MAX DOF INC=  0.7656E-06
     FORCE CONVERGENCE VALUE  =  0.7460E-07  CRITERION=  0.1040E-03 <<< CONVERGED
    >>> SOLUTION CONVERGED AFTER EQUILIBRIUM ITERATION   1
 *** LOAD STEP     2   SUBSTEP   179  COMPLETED.    CUM ITER =    299
 *** TIME =   18.9000         TIME INC =  0.100000    
 *** MAX VISCOELASTIC STRAIN STEP = 0.6713E-06

     FORCE CONVERGENCE VALUE  =  0.1300E-06  CRITERION=  0.1040E-03
     DISP CONVERGENCE VALUE   =  0.7521E-06  CRITERION=  0.1092E-02 <<< CONVERGED
    EQUIL ITER   1 COMPLETED.  OLD TRIANG MATRIX.  MAX DOF INC=  0.7521E-06
     FORCE CONVERGENCE VALUE  =  0.7091E-07  CRITERION=  0.1040E-03 <<< CONVERGED
    >>> SOLUTION CONVERGED AFTER EQUILIBRIUM ITERATION   1
 *** LOAD STEP     2   SUBSTEP   180  COMPLETED.    CUM ITER =    300
 *** TIME =   19.0000         TIME INC =  0.100000    
 *** MAX VISCOELASTIC STRAIN STEP = 0.6704E-06

     FORCE CONVERGENCE VALUE  =  0.1240E-06  CRITERION=  0.1040E-03
     DISP CONVERGENCE VALUE   =  0.7390E-06  CRITERION=  0.1092E-02 <<< CONVERGED
    EQUIL ITER   1 COMPLETED.  OLD TRIANG MATRIX.  MAX DOF INC=  0.7390E-06
     FORCE CONVERGENCE VALUE  =  0.6734E-07  CRITERION=  0.1040E-03 <<< CONVERGED
    >>> SOLUTION CONVERGED AFTER EQUILIBRIUM ITERATION   1
 *** LOAD STEP     2   SUBSTEP   181  COMPLETED.    CUM ITER =    301
 *** TIME =   19.1000         TIME INC =  0.100000    
 *** MAX VISCOELASTIC STRAIN STEP = 0.6695E-06

     FORCE CONVERGENCE VALUE  =  0.1182E-06  CRITERION=  0.1040E-03
     DISP CONVERGENCE VALUE   =  0.7264E-06  CRITERION=  0.1092E-02 <<< CONVERGED
    EQUIL ITER   1 COMPLETED.  OLD TRIANG MATRIX.  MAX DOF INC=  0.7264E-06
     FORCE CONVERGENCE VALUE  =  0.6390E-07  CRITERION=  0.1040E-03 <<< CONVERGED
    >>> SOLUTION CONVERGED AFTER EQUILIBRIUM ITERATION   1
 *** LOAD STEP     2   SUBSTEP   182  COMPLETED.    CUM ITER =    302
 *** TIME =   19.2000         TIME INC =  0.100000    
 *** MAX VISCOELASTIC STRAIN STEP = 0.6686E-06

     FORCE CONVERGENCE VALUE  =  0.1126E-06  CRITERION=  0.1040E-03
     DISP CONVERGENCE VALUE   =  0.7142E-06  CRITERION=  0.1092E-02 <<< CONVERGED
    EQUIL ITER   1 COMPLETED.  OLD TRIANG MATRIX.  MAX DOF INC=  0.7142E-06
     FORCE CONVERGENCE VALUE  =  0.6057E-07  CRITERION=  0.1040E-03 <<< CONVERGED
    >>> SOLUTION CONVERGED AFTER EQUILIBRIUM ITERATION   1
 *** LOAD STEP     2   SUBSTEP   183  COMPLETED.    CUM ITER =    303
 *** TIME =   19.3000         TIME INC =  0.100000    
 *** MAX VISCOELASTIC STRAIN STEP = 0.6677E-06

     FORCE CONVERGENCE VALUE  =  0.1072E-06  CRITERION=  0.1040E-03
     DISP CONVERGENCE VALUE   =  0.7023E-06  CRITERION=  0.1092E-02 <<< CONVERGED
    EQUIL ITER   1 COMPLETED.  OLD TRIANG MATRIX.  MAX DOF INC=  0.7023E-06
     FORCE CONVERGENCE VALUE  =  0.5736E-07  CRITERION=  0.1040E-03 <<< CONVERGED
    >>> SOLUTION CONVERGED AFTER EQUILIBRIUM ITERATION   1
 *** LOAD STEP     2   SUBSTEP   184  COMPLETED.    CUM ITER =    304
 *** TIME =   19.4000         TIME INC =  0.100000    
 *** MAX VISCOELASTIC STRAIN STEP = 0.6668E-06

     FORCE CONVERGENCE VALUE  =  0.1020E-06  CRITERION=  0.1040E-03
     DISP CONVERGENCE VALUE   =  0.6909E-06  CRITERION=  0.1092E-02 <<< CONVERGED
    EQUIL ITER   1 COMPLETED.  OLD TRIANG MATRIX.  MAX DOF INC=  0.6909E-06
     FORCE CONVERGENCE VALUE  =  0.5425E-07  CRITERION=  0.1040E-03 <<< CONVERGED
    >>> SOLUTION CONVERGED AFTER EQUILIBRIUM ITERATION   1
 *** LOAD STEP     2   SUBSTEP   185  COMPLETED.    CUM ITER =    305
 *** TIME =   19.5000         TIME INC =  0.100000    
 *** MAX VISCOELASTIC STRAIN STEP = 0.6659E-06

     FORCE CONVERGENCE VALUE  =  0.9694E-07  CRITERION=  0.1040E-03
     DISP CONVERGENCE VALUE   =  0.6798E-06  CRITERION=  0.1092E-02 <<< CONVERGED
    EQUIL ITER   1 COMPLETED.  OLD TRIANG MATRIX.  MAX DOF INC=  0.6798E-06
     FORCE CONVERGENCE VALUE  =  0.5126E-07  CRITERION=  0.1040E-03 <<< CONVERGED
    >>> SOLUTION CONVERGED AFTER EQUILIBRIUM ITERATION   1
 *** LOAD STEP     2   SUBSTEP   186  COMPLETED.    CUM ITER =    306
 *** TIME =   19.6000         TIME INC =  0.100000    
 *** MAX VISCOELASTIC STRAIN STEP = 0.6650E-06

     FORCE CONVERGENCE VALUE  =  0.9207E-07  CRITERION=  0.1040E-03
     DISP CONVERGENCE VALUE   =  0.6691E-06  CRITERION=  0.1092E-02 <<< CONVERGED
    EQUIL ITER   1 COMPLETED.  OLD TRIANG MATRIX.  MAX DOF INC=  0.6691E-06
     FORCE CONVERGENCE VALUE  =  0.4837E-07  CRITERION=  0.1040E-03 <<< CONVERGED
    >>> SOLUTION CONVERGED AFTER EQUILIBRIUM ITERATION   1
 *** LOAD STEP     2   SUBSTEP   187  COMPLETED.    CUM ITER =    307
 *** TIME =   19.7000         TIME INC =  0.100000    
 *** MAX VISCOELASTIC STRAIN STEP = 0.6641E-06

     FORCE CONVERGENCE VALUE  =  0.8736E-07  CRITERION=  0.1040E-03
     DISP CONVERGENCE VALUE   =  0.6587E-06  CRITERION=  0.1092E-02 <<< CONVERGED
    EQUIL ITER   1 COMPLETED.  OLD TRIANG MATRIX.  MAX DOF INC=  0.6587E-06
     FORCE CONVERGENCE VALUE  =  0.4558E-07  CRITERION=  0.1040E-03 <<< CONVERGED
    >>> SOLUTION CONVERGED AFTER EQUILIBRIUM ITERATION   1
 *** LOAD STEP     2   SUBSTEP   188  COMPLETED.    CUM ITER =    308
 *** TIME =   19.8000         TIME INC =  0.100000    
 *** MAX VISCOELASTIC STRAIN STEP = 0.6633E-06

     FORCE CONVERGENCE VALUE  =  0.8282E-07  CRITERION=  0.1040E-03
     DISP CONVERGENCE VALUE   =  0.6487E-06  CRITERION=  0.1092E-02 <<< CONVERGED
    EQUIL ITER   1 COMPLETED.  OLD TRIANG MATRIX.  MAX DOF INC=  0.6487E-06
     FORCE CONVERGENCE VALUE  =  0.4288E-07  CRITERION=  0.1040E-03 <<< CONVERGED
    >>> SOLUTION CONVERGED AFTER EQUILIBRIUM ITERATION   1
 *** LOAD STEP     2   SUBSTEP   189  COMPLETED.    CUM ITER =    309
 *** TIME =   19.9000         TIME INC =  0.100000    
 *** MAX VISCOELASTIC STRAIN STEP = 0.6624E-06

     FORCE CONVERGENCE VALUE  =  0.7844E-07  CRITERION=  0.1040E-03
     DISP CONVERGENCE VALUE   =  0.6390E-06  CRITERION=  0.1092E-02 <<< CONVERGED
    EQUIL ITER   1 COMPLETED.  OLD TRIANG MATRIX.  MAX DOF INC=  0.6390E-06
     FORCE CONVERGENCE VALUE  =  0.4028E-07  CRITERION=  0.1040E-03 <<< CONVERGED
    >>> SOLUTION CONVERGED AFTER EQUILIBRIUM ITERATION   1
 *** LOAD STEP     2   SUBSTEP   190  COMPLETED.    CUM ITER =    310
 *** TIME =   20.0000         TIME INC =  0.100000    
 *** MAX VISCOELASTIC STRAIN STEP = 0.6615E-06

     FORCE CONVERGENCE VALUE  =  0.7420E-07  CRITERION=  0.1040E-03
     DISP CONVERGENCE VALUE   =  0.6296E-06  CRITERION=  0.1092E-02 <<< CONVERGED
    EQUIL ITER   1 COMPLETED.  OLD TRIANG MATRIX.  MAX DOF INC=  0.6296E-06
     FORCE CONVERGENCE VALUE  =  0.3778E-07  CRITERION=  0.1040E-03 <<< CONVERGED
    >>> SOLUTION CONVERGED AFTER EQUILIBRIUM ITERATION   1
 *** LOAD STEP     2   SUBSTEP   191  COMPLETED.    CUM ITER =    311
 *** TIME =   20.1000         TIME INC =  0.100000    
 *** MAX VISCOELASTIC STRAIN STEP = 0.6607E-06

     FORCE CONVERGENCE VALUE  =  0.7012E-07  CRITERION=  0.1040E-03
     DISP CONVERGENCE VALUE   =  0.6205E-06  CRITERION=  0.1092E-02 <<< CONVERGED
    EQUIL ITER   1 COMPLETED.  OLD TRIANG MATRIX.  MAX DOF INC=  0.6205E-06
     FORCE CONVERGENCE VALUE  =  0.3536E-07  CRITERION=  0.1040E-03 <<< CONVERGED
    >>> SOLUTION CONVERGED AFTER EQUILIBRIUM ITERATION   1
 *** LOAD STEP     2   SUBSTEP   192  COMPLETED.    CUM ITER =    312
 *** TIME =   20.2000         TIME INC =  0.100000    
 *** MAX VISCOELASTIC STRAIN STEP = 0.6598E-06

     FORCE CONVERGENCE VALUE  =  0.6618E-07  CRITERION=  0.1040E-03
     DISP CONVERGENCE VALUE   =  0.6117E-06  CRITERION=  0.1092E-02 <<< CONVERGED
    EQUIL ITER   1 COMPLETED.  OLD TRIANG MATRIX.  MAX DOF INC=  0.6117E-06
     FORCE CONVERGENCE VALUE  =  0.3303E-07  CRITERION=  0.1040E-03 <<< CONVERGED
    >>> SOLUTION CONVERGED AFTER EQUILIBRIUM ITERATION   1
 *** LOAD STEP     2   SUBSTEP   193  COMPLETED.    CUM ITER =    313
 *** TIME =   20.3000         TIME INC =  0.100000    
 *** MAX VISCOELASTIC STRAIN STEP = 0.6590E-06

     FORCE CONVERGENCE VALUE  =  0.6238E-07  CRITERION=  0.1040E-03
     DISP CONVERGENCE VALUE   =  0.6032E-06  CRITERION=  0.1092E-02 <<< CONVERGED
    EQUIL ITER   1 COMPLETED.  OLD TRIANG MATRIX.  MAX DOF INC=  0.6032E-06
     FORCE CONVERGENCE VALUE  =  0.3078E-07  CRITERION=  0.1040E-03 <<< CONVERGED
    >>> SOLUTION CONVERGED AFTER EQUILIBRIUM ITERATION   1
 *** LOAD STEP     2   SUBSTEP   194  COMPLETED.    CUM ITER =    314
 *** TIME =   20.4000         TIME INC =  0.100000    
 *** MAX VISCOELASTIC STRAIN STEP = 0.6581E-06

     FORCE CONVERGENCE VALUE  =  0.5872E-07  CRITERION=  0.1040E-03
     DISP CONVERGENCE VALUE   =  0.5949E-06  CRITERION=  0.1092E-02 <<< CONVERGED
    EQUIL ITER   1 COMPLETED.  OLD TRIANG MATRIX.  MAX DOF INC=  0.5949E-06
     FORCE CONVERGENCE VALUE  =  0.2862E-07  CRITERION=  0.1040E-03 <<< CONVERGED
    >>> SOLUTION CONVERGED AFTER EQUILIBRIUM ITERATION   1
 *** LOAD STEP     2   SUBSTEP   195  COMPLETED.    CUM ITER =    315
 *** TIME =   20.5000         TIME INC =  0.100000    
 *** MAX VISCOELASTIC STRAIN STEP = 0.6573E-06

     FORCE CONVERGENCE VALUE  =  0.5518E-07  CRITERION=  0.1040E-03
     DISP CONVERGENCE VALUE   =  0.5870E-06  CRITERION=  0.1092E-02 <<< CONVERGED
    EQUIL ITER   1 COMPLETED.  OLD TRIANG MATRIX.  MAX DOF INC=  0.5870E-06
     FORCE CONVERGENCE VALUE  =  0.2653E-07  CRITERION=  0.1040E-03 <<< CONVERGED
    >>> SOLUTION CONVERGED AFTER EQUILIBRIUM ITERATION   1
 *** LOAD STEP     2   SUBSTEP   196  COMPLETED.    CUM ITER =    316
 *** TIME =   20.6000         TIME INC =  0.100000    
 *** MAX VISCOELASTIC STRAIN STEP = 0.6565E-06

     FORCE CONVERGENCE VALUE  =  0.5178E-07  CRITERION=  0.1040E-03
     DISP CONVERGENCE VALUE   =  0.5792E-06  CRITERION=  0.1092E-02 <<< CONVERGED
    EQUIL ITER   1 COMPLETED.  OLD TRIANG MATRIX.  MAX DOF INC=  0.5792E-06
     FORCE CONVERGENCE VALUE  =  0.2453E-07  CRITERION=  0.1040E-03 <<< CONVERGED
    >>> SOLUTION CONVERGED AFTER EQUILIBRIUM ITERATION   1
 *** LOAD STEP     2   SUBSTEP   197  COMPLETED.    CUM ITER =    317
 *** TIME =   20.7000         TIME INC =  0.100000    
 *** MAX VISCOELASTIC STRAIN STEP = 0.6556E-06

     FORCE CONVERGENCE VALUE  =  0.4850E-07  CRITERION=  0.1040E-03
     DISP CONVERGENCE VALUE   =  0.5717E-06  CRITERION=  0.1092E-02 <<< CONVERGED
    EQUIL ITER   1 COMPLETED.  OLD TRIANG MATRIX.  MAX DOF INC=  0.5717E-06
     FORCE CONVERGENCE VALUE  =  0.2260E-07  CRITERION=  0.1040E-03 <<< CONVERGED
    >>> SOLUTION CONVERGED AFTER EQUILIBRIUM ITERATION   1
 *** LOAD STEP     2   SUBSTEP   198  COMPLETED.    CUM ITER =    318
 *** TIME =   20.8000         TIME INC =  0.100000    
 *** MAX VISCOELASTIC STRAIN STEP = 0.6548E-06

     FORCE CONVERGENCE VALUE  =  0.4534E-07  CRITERION=  0.1040E-03
     DISP CONVERGENCE VALUE   =  0.5645E-06  CRITERION=  0.1092E-02 <<< CONVERGED
    EQUIL ITER   1 COMPLETED.  OLD TRIANG MATRIX.  MAX DOF INC=  0.5645E-06
     FORCE CONVERGENCE VALUE  =  0.2075E-07  CRITERION=  0.1040E-03 <<< CONVERGED
    >>> SOLUTION CONVERGED AFTER EQUILIBRIUM ITERATION   1
 *** LOAD STEP     2   SUBSTEP   199  COMPLETED.    CUM ITER =    319
 *** TIME =   20.9000         TIME INC =  0.100000    
 *** MAX VISCOELASTIC STRAIN STEP = 0.6540E-06

     FORCE CONVERGENCE VALUE  =  0.4230E-07  CRITERION=  0.1040E-03
     DISP CONVERGENCE VALUE   =  0.5575E-06  CRITERION=  0.1092E-02 <<< CONVERGED
    EQUIL ITER   1 COMPLETED.  OLD TRIANG MATRIX.  MAX DOF INC=  0.5575E-06
     FORCE CONVERGENCE VALUE  =  0.1898E-07  CRITERION=  0.1040E-03 <<< CONVERGED
    >>> SOLUTION CONVERGED AFTER EQUILIBRIUM ITERATION   1
 *** LOAD STEP     2   SUBSTEP   200  COMPLETED.    CUM ITER =    320
 *** TIME =   21.0000         TIME INC =  0.100000    
 *** MAX VISCOELASTIC STRAIN STEP = 0.6532E-06

     FORCE CONVERGENCE VALUE  =  0.3938E-07  CRITERION=  0.1040E-03
     DISP CONVERGENCE VALUE   =  0.5507E-06  CRITERION=  0.1092E-02 <<< CONVERGED
    EQUIL ITER   1 COMPLETED.  OLD TRIANG MATRIX.  MAX DOF INC=  0.5507E-06
     FORCE CONVERGENCE VALUE  =  0.1728E-07  CRITERION=  0.1040E-03 <<< CONVERGED
    >>> SOLUTION CONVERGED AFTER EQUILIBRIUM ITERATION   1
 *** LOAD STEP     2   SUBSTEP   201  COMPLETED.    CUM ITER =    321
 *** TIME =   21.1000         TIME INC =  0.100000    
 *** MAX VISCOELASTIC STRAIN STEP = 0.6524E-06

     FORCE CONVERGENCE VALUE  =  0.3658E-07  CRITERION=  0.1040E-03
     DISP CONVERGENCE VALUE   =  0.5441E-06  CRITERION=  0.1092E-02 <<< CONVERGED
    EQUIL ITER   1 COMPLETED.  OLD TRIANG MATRIX.  MAX DOF INC=  0.5441E-06
     FORCE CONVERGENCE VALUE  =  0.1567E-07  CRITERION=  0.1040E-03 <<< CONVERGED
    >>> SOLUTION CONVERGED AFTER EQUILIBRIUM ITERATION   1
 *** LOAD STEP     2   SUBSTEP   202  COMPLETED.    CUM ITER =    322
 *** TIME =   21.2000         TIME INC =  0.100000    
 *** MAX VISCOELASTIC STRAIN STEP = 0.6515E-06

     FORCE CONVERGENCE VALUE  =  0.3389E-07  CRITERION=  0.1040E-03
     DISP CONVERGENCE VALUE   =  0.5377E-06  CRITERION=  0.1092E-02 <<< CONVERGED
    EQUIL ITER   1 COMPLETED.  OLD TRIANG MATRIX.  MAX DOF INC=  0.5377E-06
     FORCE CONVERGENCE VALUE  =  0.1413E-07  CRITERION=  0.1040E-03 <<< CONVERGED
    >>> SOLUTION CONVERGED AFTER EQUILIBRIUM ITERATION   1
 *** LOAD STEP     2   SUBSTEP   203  COMPLETED.    CUM ITER =    323
 *** TIME =   21.3000         TIME INC =  0.100000    
 *** MAX VISCOELASTIC STRAIN STEP = 0.6507E-06

     FORCE CONVERGENCE VALUE  =  0.3131E-07  CRITERION=  0.1040E-03
     DISP CONVERGENCE VALUE   =  0.5315E-06  CRITERION=  0.1092E-02 <<< CONVERGED
    EQUIL ITER   1 COMPLETED.  OLD TRIANG MATRIX.  MAX DOF INC=  0.5315E-06
     FORCE CONVERGENCE VALUE  =  0.1268E-07  CRITERION=  0.1040E-03 <<< CONVERGED
    >>> SOLUTION CONVERGED AFTER EQUILIBRIUM ITERATION   1
 *** LOAD STEP     2   SUBSTEP   204  COMPLETED.    CUM ITER =    324
 *** TIME =   21.4000         TIME INC =  0.100000    
 *** MAX VISCOELASTIC STRAIN STEP = 0.6499E-06

     FORCE CONVERGENCE VALUE  =  0.2885E-07  CRITERION=  0.1040E-03
     DISP CONVERGENCE VALUE   =  0.5256E-06  CRITERION=  0.1092E-02 <<< CONVERGED
    EQUIL ITER   1 COMPLETED.  OLD TRIANG MATRIX.  MAX DOF INC=  0.5256E-06
     FORCE CONVERGENCE VALUE  =  0.1133E-07  CRITERION=  0.1040E-03 <<< CONVERGED
    >>> SOLUTION CONVERGED AFTER EQUILIBRIUM ITERATION   1
 *** LOAD STEP     2   SUBSTEP   205  COMPLETED.    CUM ITER =    325
 *** TIME =   21.5000         TIME INC =  0.100000    
 *** MAX VISCOELASTIC STRAIN STEP = 0.6491E-06

     FORCE CONVERGENCE VALUE  =  0.2650E-07  CRITERION=  0.1040E-03
     DISP CONVERGENCE VALUE   =  0.5198E-06  CRITERION=  0.1092E-02 <<< CONVERGED
    EQUIL ITER   1 COMPLETED.  OLD TRIANG MATRIX.  MAX DOF INC=  0.5198E-06
     FORCE CONVERGENCE VALUE  =  0.1007E-07  CRITERION=  0.1040E-03 <<< CONVERGED
    >>> SOLUTION CONVERGED AFTER EQUILIBRIUM ITERATION   1
 *** LOAD STEP     2   SUBSTEP   206  COMPLETED.    CUM ITER =    326
 *** TIME =   21.6000         TIME INC =  0.100000    
 *** MAX VISCOELASTIC STRAIN STEP = 0.6483E-06

     FORCE CONVERGENCE VALUE  =  0.2427E-07  CRITERION=  0.1040E-03
     DISP CONVERGENCE VALUE   =  0.5141E-06  CRITERION=  0.1092E-02 <<< CONVERGED
    EQUIL ITER   1 COMPLETED.  OLD TRIANG MATRIX.  MAX DOF INC=  0.5141E-06
     FORCE CONVERGENCE VALUE  =  0.8935E-08  CRITERION=  0.1040E-03 <<< CONVERGED
    >>> SOLUTION CONVERGED AFTER EQUILIBRIUM ITERATION   1
 *** LOAD STEP     2   SUBSTEP   207  COMPLETED.    CUM ITER =    327
 *** TIME =   21.7000         TIME INC =  0.100000    
 *** MAX VISCOELASTIC STRAIN STEP = 0.6475E-06

     FORCE CONVERGENCE VALUE  =  0.2216E-07  CRITERION=  0.1040E-03
     DISP CONVERGENCE VALUE   =  0.5087E-06  CRITERION=  0.1092E-02 <<< CONVERGED
    EQUIL ITER   1 COMPLETED.  OLD TRIANG MATRIX.  MAX DOF INC=  0.5087E-06
     FORCE CONVERGENCE VALUE  =  0.7935E-08  CRITERION=  0.1040E-03 <<< CONVERGED
    >>> SOLUTION CONVERGED AFTER EQUILIBRIUM ITERATION   1
 *** LOAD STEP     2   SUBSTEP   208  COMPLETED.    CUM ITER =    328
 *** TIME =   21.8000         TIME INC =  0.100000    
 *** MAX VISCOELASTIC STRAIN STEP = 0.6468E-06

     FORCE CONVERGENCE VALUE  =  0.2018E-07  CRITERION=  0.1040E-03
     DISP CONVERGENCE VALUE   =  0.5034E-06  CRITERION=  0.1092E-02 <<< CONVERGED
    EQUIL ITER   1 COMPLETED.  OLD TRIANG MATRIX.  MAX DOF INC=  0.5034E-06
     FORCE CONVERGENCE VALUE  =  0.7102E-08  CRITERION=  0.1040E-03 <<< CONVERGED
    >>> SOLUTION CONVERGED AFTER EQUILIBRIUM ITERATION   1
 *** LOAD STEP     2   SUBSTEP   209  COMPLETED.    CUM ITER =    329
 *** TIME =   21.9000         TIME INC =  0.100000    
 *** MAX VISCOELASTIC STRAIN STEP = 0.6460E-06

     FORCE CONVERGENCE VALUE  =  0.1833E-07  CRITERION=  0.1040E-03
     DISP CONVERGENCE VALUE   =  0.4983E-06  CRITERION=  0.1092E-02 <<< CONVERGED
    EQUIL ITER   1 COMPLETED.  OLD TRIANG MATRIX.  MAX DOF INC=  0.4983E-06
     FORCE CONVERGENCE VALUE  =  0.6468E-08  CRITERION=  0.1040E-03 <<< CONVERGED
    >>> SOLUTION CONVERGED AFTER EQUILIBRIUM ITERATION   1
 *** LOAD STEP     2   SUBSTEP   210  COMPLETED.    CUM ITER =    330
 *** TIME =   22.0000         TIME INC =  0.100000    
 *** MAX VISCOELASTIC STRAIN STEP = 0.6452E-06

     FORCE CONVERGENCE VALUE  =  0.1663E-07  CRITERION=  0.1040E-03
     DISP CONVERGENCE VALUE   =  0.4934E-06  CRITERION=  0.1092E-02 <<< CONVERGED
    EQUIL ITER   1 COMPLETED.  OLD TRIANG MATRIX.  MAX DOF INC=  0.4934E-06
     FORCE CONVERGENCE VALUE  =  0.6064E-08  CRITERION=  0.1040E-03 <<< CONVERGED
    >>> SOLUTION CONVERGED AFTER EQUILIBRIUM ITERATION   1
 *** LOAD STEP     2   SUBSTEP   211  COMPLETED.    CUM ITER =    331
 *** TIME =   22.1000         TIME INC =  0.100000    
 *** MAX VISCOELASTIC STRAIN STEP = 0.6444E-06

     FORCE CONVERGENCE VALUE  =  0.1510E-07  CRITERION=  0.1040E-03
     DISP CONVERGENCE VALUE   =  0.4886E-06  CRITERION=  0.1092E-02 <<< CONVERGED
    EQUIL ITER   1 COMPLETED.  OLD TRIANG MATRIX.  MAX DOF INC=  0.4886E-06
     FORCE CONVERGENCE VALUE  =  0.5910E-08  CRITERION=  0.1040E-03 <<< CONVERGED
    >>> SOLUTION CONVERGED AFTER EQUILIBRIUM ITERATION   1
 *** LOAD STEP     2   SUBSTEP   212  COMPLETED.    CUM ITER =    332
 *** TIME =   22.2000         TIME INC =  0.100000    
 *** MAX VISCOELASTIC STRAIN STEP = 0.6436E-06

     FORCE CONVERGENCE VALUE  =  0.1375E-07  CRITERION=  0.1040E-03
     DISP CONVERGENCE VALUE   =  0.4839E-06  CRITERION=  0.1092E-02 <<< CONVERGED
    EQUIL ITER   1 COMPLETED.  OLD TRIANG MATRIX.  MAX DOF INC=  0.4839E-06
     FORCE CONVERGENCE VALUE  =  0.5998E-08  CRITERION=  0.1040E-03 <<< CONVERGED
    >>> SOLUTION CONVERGED AFTER EQUILIBRIUM ITERATION   1
 *** LOAD STEP     2   SUBSTEP   213  COMPLETED.    CUM ITER =    333
 *** TIME =   22.3000         TIME INC =  0.100000    
 *** MAX VISCOELASTIC STRAIN STEP = 0.6428E-06

     FORCE CONVERGENCE VALUE  =  0.1261E-07  CRITERION=  0.1040E-03
     DISP CONVERGENCE VALUE   =  0.4794E-06  CRITERION=  0.1092E-02 <<< CONVERGED
    EQUIL ITER   1 COMPLETED.  OLD TRIANG MATRIX.  MAX DOF INC=  0.4794E-06
     FORCE CONVERGENCE VALUE  =  0.6294E-08  CRITERION=  0.1040E-03 <<< CONVERGED
    >>> SOLUTION CONVERGED AFTER EQUILIBRIUM ITERATION   1
 *** LOAD STEP     2   SUBSTEP   214  COMPLETED.    CUM ITER =    334
 *** TIME =   22.4000         TIME INC =  0.100000    
 *** MAX VISCOELASTIC STRAIN STEP = 0.6421E-06

     FORCE CONVERGENCE VALUE  =  0.1170E-07  CRITERION=  0.1040E-03
     DISP CONVERGENCE VALUE   =  0.4750E-06  CRITERION=  0.1092E-02 <<< CONVERGED
    EQUIL ITER   1 COMPLETED.  OLD TRIANG MATRIX.  MAX DOF INC=  0.4750E-06
     FORCE CONVERGENCE VALUE  =  0.6752E-08  CRITERION=  0.1040E-03 <<< CONVERGED
    >>> SOLUTION CONVERGED AFTER EQUILIBRIUM ITERATION   1
 *** LOAD STEP     2   SUBSTEP   215  COMPLETED.    CUM ITER =    335
 *** TIME =   22.5000         TIME INC =  0.100000    
 *** MAX VISCOELASTIC STRAIN STEP = 0.6413E-06

     FORCE CONVERGENCE VALUE  =  0.1106E-07  CRITERION=  0.1040E-03
     DISP CONVERGENCE VALUE   =  0.4708E-06  CRITERION=  0.1092E-02 <<< CONVERGED
    EQUIL ITER   1 COMPLETED.  OLD TRIANG MATRIX.  MAX DOF INC=  0.4708E-06
     FORCE CONVERGENCE VALUE  =  0.7324E-08  CRITERION=  0.1040E-03 <<< CONVERGED
    >>> SOLUTION CONVERGED AFTER EQUILIBRIUM ITERATION   1
 *** LOAD STEP     2   SUBSTEP   216  COMPLETED.    CUM ITER =    336
 *** TIME =   22.6000         TIME INC =  0.100000    
 *** MAX VISCOELASTIC STRAIN STEP = 0.6405E-06

     FORCE CONVERGENCE VALUE  =  0.1068E-07  CRITERION=  0.1040E-03
     DISP CONVERGENCE VALUE   =  0.4666E-06  CRITERION=  0.1092E-02 <<< CONVERGED
    EQUIL ITER   1 COMPLETED.  OLD TRIANG MATRIX.  MAX DOF INC=  0.4666E-06
     FORCE CONVERGENCE VALUE  =  0.7972E-08  CRITERION=  0.1040E-03 <<< CONVERGED
    >>> SOLUTION CONVERGED AFTER EQUILIBRIUM ITERATION   1
 *** LOAD STEP     2   SUBSTEP   217  COMPLETED.    CUM ITER =    337
 *** TIME =   22.7000         TIME INC =  0.100000    
 *** MAX VISCOELASTIC STRAIN STEP = 0.6398E-06

     FORCE CONVERGENCE VALUE  =  0.1058E-07  CRITERION=  0.1040E-03
     DISP CONVERGENCE VALUE   =  0.4626E-06  CRITERION=  0.1092E-02 <<< CONVERGED
    EQUIL ITER   1 COMPLETED.  OLD TRIANG MATRIX.  MAX DOF INC=  0.4626E-06
     FORCE CONVERGENCE VALUE  =  0.8667E-08  CRITERION=  0.1040E-03 <<< CONVERGED
    >>> SOLUTION CONVERGED AFTER EQUILIBRIUM ITERATION   1
 *** LOAD STEP     2   SUBSTEP   218  COMPLETED.    CUM ITER =    338
 *** TIME =   22.8000         TIME INC =  0.100000    
 *** MAX VISCOELASTIC STRAIN STEP = 0.6390E-06

     FORCE CONVERGENCE VALUE  =  0.1073E-07  CRITERION=  0.1040E-03
     DISP CONVERGENCE VALUE   =  0.4588E-06  CRITERION=  0.1092E-02 <<< CONVERGED
    EQUIL ITER   1 COMPLETED.  OLD TRIANG MATRIX.  MAX DOF INC=  0.4588E-06
     FORCE CONVERGENCE VALUE  =  0.9387E-08  CRITERION=  0.1040E-03 <<< CONVERGED
    >>> SOLUTION CONVERGED AFTER EQUILIBRIUM ITERATION   1
 *** LOAD STEP     2   SUBSTEP   219  COMPLETED.    CUM ITER =    339
 *** TIME =   22.9000         TIME INC =  0.100000    
 *** MAX VISCOELASTIC STRAIN STEP = 0.6382E-06

     FORCE CONVERGENCE VALUE  =  0.1110E-07  CRITERION=  0.1040E-03
     DISP CONVERGENCE VALUE   =  0.4550E-06  CRITERION=  0.1092E-02 <<< CONVERGED
    EQUIL ITER   1 COMPLETED.  OLD TRIANG MATRIX.  MAX DOF INC=  0.4550E-06
     FORCE CONVERGENCE VALUE  =  0.1012E-07  CRITERION=  0.1040E-03 <<< CONVERGED
    >>> SOLUTION CONVERGED AFTER EQUILIBRIUM ITERATION   1
 *** LOAD STEP     2   SUBSTEP   220  COMPLETED.    CUM ITER =    340
 *** TIME =   23.0000         TIME INC =  0.100000    
 *** MAX VISCOELASTIC STRAIN STEP = 0.6375E-06

     FORCE CONVERGENCE VALUE  =  0.1164E-07  CRITERION=  0.1040E-03
     DISP CONVERGENCE VALUE   =  0.4514E-06  CRITERION=  0.1092E-02 <<< CONVERGED
    EQUIL ITER   1 COMPLETED.  OLD TRIANG MATRIX.  MAX DOF INC=  0.4514E-06
     FORCE CONVERGENCE VALUE  =  0.1085E-07  CRITERION=  0.1040E-03 <<< CONVERGED
    >>> SOLUTION CONVERGED AFTER EQUILIBRIUM ITERATION   1
 *** LOAD STEP     2   SUBSTEP   221  COMPLETED.    CUM ITER =    341
 *** TIME =   23.1000         TIME INC =  0.100000    
 *** MAX VISCOELASTIC STRAIN STEP = 0.6367E-06

     FORCE CONVERGENCE VALUE  =  0.1232E-07  CRITERION=  0.1040E-03
     DISP CONVERGENCE VALUE   =  0.4478E-06  CRITERION=  0.1092E-02 <<< CONVERGED
    EQUIL ITER   1 COMPLETED.  OLD TRIANG MATRIX.  MAX DOF INC=  0.4478E-06
     FORCE CONVERGENCE VALUE  =  0.1158E-07  CRITERION=  0.1040E-03 <<< CONVERGED
    >>> SOLUTION CONVERGED AFTER EQUILIBRIUM ITERATION   1
 *** LOAD STEP     2   SUBSTEP   222  COMPLETED.    CUM ITER =    342
 *** TIME =   23.2000         TIME INC =  0.100000    
 *** MAX VISCOELASTIC STRAIN STEP = 0.6360E-06

     FORCE CONVERGENCE VALUE  =  0.1309E-07  CRITERION=  0.1040E-03
     DISP CONVERGENCE VALUE   =  0.4444E-06  CRITERION=  0.1092E-02 <<< CONVERGED
    EQUIL ITER   1 COMPLETED.  OLD TRIANG MATRIX.  MAX DOF INC=  0.4444E-06
     FORCE CONVERGENCE VALUE  =  0.1230E-07  CRITERION=  0.1040E-03 <<< CONVERGED
    >>> SOLUTION CONVERGED AFTER EQUILIBRIUM ITERATION   1
 *** LOAD STEP     2   SUBSTEP   223  COMPLETED.    CUM ITER =    343
 *** TIME =   23.3000         TIME INC =  0.100000    
 *** MAX VISCOELASTIC STRAIN STEP = 0.6352E-06

     FORCE CONVERGENCE VALUE  =  0.1393E-07  CRITERION=  0.1040E-03
     DISP CONVERGENCE VALUE   =  0.4410E-06  CRITERION=  0.1092E-02 <<< CONVERGED
    EQUIL ITER   1 COMPLETED.  OLD TRIANG MATRIX.  MAX DOF INC=  0.4410E-06
     FORCE CONVERGENCE VALUE  =  0.1301E-07  CRITERION=  0.1040E-03 <<< CONVERGED
    >>> SOLUTION CONVERGED AFTER EQUILIBRIUM ITERATION   1
 *** LOAD STEP     2   SUBSTEP   224  COMPLETED.    CUM ITER =    344
 *** TIME =   23.4000         TIME INC =  0.100000    
 *** MAX VISCOELASTIC STRAIN STEP = 0.6345E-06

     FORCE CONVERGENCE VALUE  =  0.1482E-07  CRITERION=  0.1040E-03
     DISP CONVERGENCE VALUE   =  0.4378E-06  CRITERION=  0.1092E-02 <<< CONVERGED
    EQUIL ITER   1 COMPLETED.  OLD TRIANG MATRIX.  MAX DOF INC=  0.4378E-06
     FORCE CONVERGENCE VALUE  =  0.1370E-07  CRITERION=  0.1040E-03 <<< CONVERGED
    >>> SOLUTION CONVERGED AFTER EQUILIBRIUM ITERATION   1
 *** LOAD STEP     2   SUBSTEP   225  COMPLETED.    CUM ITER =    345
 *** TIME =   23.5000         TIME INC =  0.100000    
 *** MAX VISCOELASTIC STRAIN STEP = 0.6337E-06

     FORCE CONVERGENCE VALUE  =  0.1572E-07  CRITERION=  0.1040E-03
     DISP CONVERGENCE VALUE   =  0.4347E-06  CRITERION=  0.1092E-02 <<< CONVERGED
    EQUIL ITER   1 COMPLETED.  OLD TRIANG MATRIX.  MAX DOF INC=  0.4347E-06
     FORCE CONVERGENCE VALUE  =  0.1437E-07  CRITERION=  0.1040E-03 <<< CONVERGED
    >>> SOLUTION CONVERGED AFTER EQUILIBRIUM ITERATION   1
 *** LOAD STEP     2   SUBSTEP   226  COMPLETED.    CUM ITER =    346
 *** TIME =   23.6000         TIME INC =  0.100000    
 *** MAX VISCOELASTIC STRAIN STEP = 0.6330E-06

     FORCE CONVERGENCE VALUE  =  0.1664E-07  CRITERION=  0.1040E-03
     DISP CONVERGENCE VALUE   =  0.4316E-06  CRITERION=  0.1092E-02 <<< CONVERGED
    EQUIL ITER   1 COMPLETED.  OLD TRIANG MATRIX.  MAX DOF INC=  0.4316E-06
     FORCE CONVERGENCE VALUE  =  0.1503E-07  CRITERION=  0.1040E-03 <<< CONVERGED
    >>> SOLUTION CONVERGED AFTER EQUILIBRIUM ITERATION   1
 *** LOAD STEP     2   SUBSTEP   227  COMPLETED.    CUM ITER =    347
 *** TIME =   23.7000         TIME INC =  0.100000    
 *** MAX VISCOELASTIC STRAIN STEP = 0.6322E-06

     FORCE CONVERGENCE VALUE  =  0.1756E-07  CRITERION=  0.1040E-03
     DISP CONVERGENCE VALUE   =  0.4286E-06  CRITERION=  0.1092E-02 <<< CONVERGED
    EQUIL ITER   1 COMPLETED.  OLD TRIANG MATRIX.  MAX DOF INC=  0.4286E-06
     FORCE CONVERGENCE VALUE  =  0.1567E-07  CRITERION=  0.1040E-03 <<< CONVERGED
    >>> SOLUTION CONVERGED AFTER EQUILIBRIUM ITERATION   1
 *** LOAD STEP     2   SUBSTEP   228  COMPLETED.    CUM ITER =    348
 *** TIME =   23.8000         TIME INC =  0.100000    
 *** MAX VISCOELASTIC STRAIN STEP = 0.6315E-06

     FORCE CONVERGENCE VALUE  =  0.1848E-07  CRITERION=  0.1040E-03
     DISP CONVERGENCE VALUE   =  0.4257E-06  CRITERION=  0.1092E-02 <<< CONVERGED
    EQUIL ITER   1 COMPLETED.  OLD TRIANG MATRIX.  MAX DOF INC=  0.4257E-06
     FORCE CONVERGENCE VALUE  =  0.1629E-07  CRITERION=  0.1040E-03 <<< CONVERGED
    >>> SOLUTION CONVERGED AFTER EQUILIBRIUM ITERATION   1
 *** LOAD STEP     2   SUBSTEP   229  COMPLETED.    CUM ITER =    349
 *** TIME =   23.9000         TIME INC =  0.100000    
 *** MAX VISCOELASTIC STRAIN STEP = 0.6308E-06

     FORCE CONVERGENCE VALUE  =  0.1939E-07  CRITERION=  0.1040E-03
     DISP CONVERGENCE VALUE   =  0.4229E-06  CRITERION=  0.1092E-02 <<< CONVERGED
    EQUIL ITER   1 COMPLETED.  OLD TRIANG MATRIX.  MAX DOF INC=  0.4229E-06
     FORCE CONVERGENCE VALUE  =  0.1689E-07  CRITERION=  0.1040E-03 <<< CONVERGED
    >>> SOLUTION CONVERGED AFTER EQUILIBRIUM ITERATION   1
 *** LOAD STEP     2   SUBSTEP   230  COMPLETED.    CUM ITER =    350
 *** TIME =   24.0000         TIME INC =  0.100000    
 *** MAX VISCOELASTIC STRAIN STEP = 0.6300E-06

     FORCE CONVERGENCE VALUE  =  0.2028E-07  CRITERION=  0.1040E-03
     DISP CONVERGENCE VALUE   =  0.4202E-06  CRITERION=  0.1092E-02 <<< CONVERGED
    EQUIL ITER   1 COMPLETED.  OLD TRIANG MATRIX.  MAX DOF INC=  0.4202E-06
     FORCE CONVERGENCE VALUE  =  0.1747E-07  CRITERION=  0.1040E-03 <<< CONVERGED
    >>> SOLUTION CONVERGED AFTER EQUILIBRIUM ITERATION   1
 *** LOAD STEP     2   SUBSTEP   231  COMPLETED.    CUM ITER =    351
 *** TIME =   24.1000         TIME INC =  0.100000    
 *** MAX VISCOELASTIC STRAIN STEP = 0.6293E-06

     FORCE CONVERGENCE VALUE  =  0.2115E-07  CRITERION=  0.1040E-03
     DISP CONVERGENCE VALUE   =  0.4176E-06  CRITERION=  0.1092E-02 <<< CONVERGED
    EQUIL ITER   1 COMPLETED.  OLD TRIANG MATRIX.  MAX DOF INC=  0.4176E-06
     FORCE CONVERGENCE VALUE  =  0.1804E-07  CRITERION=  0.1040E-03 <<< CONVERGED
    >>> SOLUTION CONVERGED AFTER EQUILIBRIUM ITERATION   1
 *** LOAD STEP     2   SUBSTEP   232  COMPLETED.    CUM ITER =    352
 *** TIME =   24.2000         TIME INC =  0.100000    
 *** MAX VISCOELASTIC STRAIN STEP = 0.6286E-06

     FORCE CONVERGENCE VALUE  =  0.2201E-07  CRITERION=  0.1041E-03
     DISP CONVERGENCE VALUE   =  0.4150E-06  CRITERION=  0.1092E-02 <<< CONVERGED
    EQUIL ITER   1 COMPLETED.  OLD TRIANG MATRIX.  MAX DOF INC=  0.4150E-06
     FORCE CONVERGENCE VALUE  =  0.1858E-07  CRITERION=  0.1041E-03 <<< CONVERGED
    >>> SOLUTION CONVERGED AFTER EQUILIBRIUM ITERATION   1
 *** LOAD STEP     2   SUBSTEP   233  COMPLETED.    CUM ITER =    353
 *** TIME =   24.3000         TIME INC =  0.100000    
 *** MAX VISCOELASTIC STRAIN STEP = 0.6278E-06

     FORCE CONVERGENCE VALUE  =  0.2284E-07  CRITERION=  0.1041E-03
     DISP CONVERGENCE VALUE   =  0.4125E-06  CRITERION=  0.1092E-02 <<< CONVERGED
    EQUIL ITER   1 COMPLETED.  OLD TRIANG MATRIX.  MAX DOF INC=  0.4125E-06
     FORCE CONVERGENCE VALUE  =  0.1911E-07  CRITERION=  0.1041E-03 <<< CONVERGED
    >>> SOLUTION CONVERGED AFTER EQUILIBRIUM ITERATION   1
 *** LOAD STEP     2   SUBSTEP   234  COMPLETED.    CUM ITER =    354
 *** TIME =   24.4000         TIME INC =  0.100000    
 *** MAX VISCOELASTIC STRAIN STEP = 0.6271E-06

     FORCE CONVERGENCE VALUE  =  0.2365E-07  CRITERION=  0.1041E-03
     DISP CONVERGENCE VALUE   =  0.4101E-06  CRITERION=  0.1092E-02 <<< CONVERGED
    EQUIL ITER   1 COMPLETED.  OLD TRIANG MATRIX.  MAX DOF INC=  0.4101E-06
     FORCE CONVERGENCE VALUE  =  0.1962E-07  CRITERION=  0.1041E-03 <<< CONVERGED
    >>> SOLUTION CONVERGED AFTER EQUILIBRIUM ITERATION   1
 *** LOAD STEP     2   SUBSTEP   235  COMPLETED.    CUM ITER =    355
 *** TIME =   24.5000         TIME INC =  0.100000    
 *** MAX VISCOELASTIC STRAIN STEP = 0.6264E-06

     FORCE CONVERGENCE VALUE  =  0.2444E-07  CRITERION=  0.1041E-03
     DISP CONVERGENCE VALUE   =  0.4077E-06  CRITERION=  0.1092E-02 <<< CONVERGED
    EQUIL ITER   1 COMPLETED.  OLD TRIANG MATRIX.  MAX DOF INC=  0.4077E-06
     FORCE CONVERGENCE VALUE  =  0.2012E-07  CRITERION=  0.1041E-03 <<< CONVERGED
    >>> SOLUTION CONVERGED AFTER EQUILIBRIUM ITERATION   1
 *** LOAD STEP     2   SUBSTEP   236  COMPLETED.    CUM ITER =    356
 *** TIME =   24.6000         TIME INC =  0.100000    
 *** MAX VISCOELASTIC STRAIN STEP = 0.6256E-06

     FORCE CONVERGENCE VALUE  =  0.2521E-07  CRITERION=  0.1041E-03
     DISP CONVERGENCE VALUE   =  0.4054E-06  CRITERION=  0.1092E-02 <<< CONVERGED
    EQUIL ITER   1 COMPLETED.  OLD TRIANG MATRIX.  MAX DOF INC=  0.4054E-06
     FORCE CONVERGENCE VALUE  =  0.2060E-07  CRITERION=  0.1041E-03 <<< CONVERGED
    >>> SOLUTION CONVERGED AFTER EQUILIBRIUM ITERATION   1
 *** LOAD STEP     2   SUBSTEP   237  COMPLETED.    CUM ITER =    357
 *** TIME =   24.7000         TIME INC =  0.100000    
 *** MAX VISCOELASTIC STRAIN STEP = 0.6249E-06

     FORCE CONVERGENCE VALUE  =  0.2596E-07  CRITERION=  0.1041E-03
     DISP CONVERGENCE VALUE   =  0.4032E-06  CRITERION=  0.1092E-02 <<< CONVERGED
    EQUIL ITER   1 COMPLETED.  OLD TRIANG MATRIX.  MAX DOF INC=  0.4032E-06
     FORCE CONVERGENCE VALUE  =  0.2106E-07  CRITERION=  0.1041E-03 <<< CONVERGED
    >>> SOLUTION CONVERGED AFTER EQUILIBRIUM ITERATION   1
 *** LOAD STEP     2   SUBSTEP   238  COMPLETED.    CUM ITER =    358
 *** TIME =   24.8000         TIME INC =  0.100000    
 *** MAX VISCOELASTIC STRAIN STEP = 0.6242E-06

     FORCE CONVERGENCE VALUE  =  0.2668E-07  CRITERION=  0.1041E-03
     DISP CONVERGENCE VALUE   =  0.4010E-06  CRITERION=  0.1092E-02 <<< CONVERGED
    EQUIL ITER   1 COMPLETED.  OLD TRIANG MATRIX.  MAX DOF INC=  0.4010E-06
     FORCE CONVERGENCE VALUE  =  0.2150E-07  CRITERION=  0.1041E-03 <<< CONVERGED
    >>> SOLUTION CONVERGED AFTER EQUILIBRIUM ITERATION   1
 *** LOAD STEP     2   SUBSTEP   239  COMPLETED.    CUM ITER =    359
 *** TIME =   24.9000         TIME INC =  0.100000    
 *** MAX VISCOELASTIC STRAIN STEP = 0.6235E-06

     FORCE CONVERGENCE VALUE  =  0.2738E-07  CRITERION=  0.1041E-03
     DISP CONVERGENCE VALUE   =  0.3989E-06  CRITERION=  0.1092E-02 <<< CONVERGED
    EQUIL ITER   1 COMPLETED.  OLD TRIANG MATRIX.  MAX DOF INC=  0.3989E-06
     FORCE CONVERGENCE VALUE  =  0.2194E-07  CRITERION=  0.1041E-03 <<< CONVERGED
    >>> SOLUTION CONVERGED AFTER EQUILIBRIUM ITERATION   1
 *** LOAD STEP     2   SUBSTEP   240  COMPLETED.    CUM ITER =    360
 *** TIME =   25.0000         TIME INC =  0.100000    
 *** MAX VISCOELASTIC STRAIN STEP = 0.6227E-06

     FORCE CONVERGENCE VALUE  =  0.2806E-07  CRITERION=  0.1041E-03
     DISP CONVERGENCE VALUE   =  0.3968E-06  CRITERION=  0.1092E-02 <<< CONVERGED
    EQUIL ITER   1 COMPLETED.  OLD TRIANG MATRIX.  MAX DOF INC=  0.3968E-06
     FORCE CONVERGENCE VALUE  =  0.2235E-07  CRITERION=  0.1041E-03 <<< CONVERGED
    >>> SOLUTION CONVERGED AFTER EQUILIBRIUM ITERATION   1
 *** LOAD STEP     2   SUBSTEP   241  COMPLETED.    CUM ITER =    361
 *** TIME =   25.1000         TIME INC =  0.100000    
 *** MAX VISCOELASTIC STRAIN STEP = 0.6220E-06

     FORCE CONVERGENCE VALUE  =  0.2872E-07  CRITERION=  0.1041E-03
     DISP CONVERGENCE VALUE   =  0.3948E-06  CRITERION=  0.1092E-02 <<< CONVERGED
    EQUIL ITER   1 COMPLETED.  OLD TRIANG MATRIX.  MAX DOF INC=  0.3948E-06
     FORCE CONVERGENCE VALUE  =  0.2275E-07  CRITERION=  0.1041E-03 <<< CONVERGED
    >>> SOLUTION CONVERGED AFTER EQUILIBRIUM ITERATION   1
 *** LOAD STEP     2   SUBSTEP   242  COMPLETED.    CUM ITER =    362
 *** TIME =   25.2000         TIME INC =  0.100000    
 *** MAX VISCOELASTIC STRAIN STEP = 0.6213E-06

     FORCE CONVERGENCE VALUE  =  0.2936E-07  CRITERION=  0.1041E-03
     DISP CONVERGENCE VALUE   =  0.3928E-06  CRITERION=  0.1092E-02 <<< CONVERGED
    EQUIL ITER   1 COMPLETED.  OLD TRIANG MATRIX.  MAX DOF INC=  0.3928E-06
     FORCE CONVERGENCE VALUE  =  0.2314E-07  CRITERION=  0.1041E-03 <<< CONVERGED
    >>> SOLUTION CONVERGED AFTER EQUILIBRIUM ITERATION   1
 *** LOAD STEP     2   SUBSTEP   243  COMPLETED.    CUM ITER =    363
 *** TIME =   25.3000         TIME INC =  0.100000    
 *** MAX VISCOELASTIC STRAIN STEP = 0.6206E-06

     FORCE CONVERGENCE VALUE  =  0.2997E-07  CRITERION=  0.1041E-03
     DISP CONVERGENCE VALUE   =  0.3909E-06  CRITERION=  0.1092E-02 <<< CONVERGED
    EQUIL ITER   1 COMPLETED.  OLD TRIANG MATRIX.  MAX DOF INC=  0.3909E-06
     FORCE CONVERGENCE VALUE  =  0.2351E-07  CRITERION=  0.1041E-03 <<< CONVERGED
    >>> SOLUTION CONVERGED AFTER EQUILIBRIUM ITERATION   1
 *** LOAD STEP     2   SUBSTEP   244  COMPLETED.    CUM ITER =    364
 *** TIME =   25.4000         TIME INC =  0.100000    
 *** MAX VISCOELASTIC STRAIN STEP = 0.6199E-06

     FORCE CONVERGENCE VALUE  =  0.3057E-07  CRITERION=  0.1041E-03
     DISP CONVERGENCE VALUE   =  0.3891E-06  CRITERION=  0.1092E-02 <<< CONVERGED
    EQUIL ITER   1 COMPLETED.  OLD TRIANG MATRIX.  MAX DOF INC=  0.3891E-06
     FORCE CONVERGENCE VALUE  =  0.2387E-07  CRITERION=  0.1041E-03 <<< CONVERGED
    >>> SOLUTION CONVERGED AFTER EQUILIBRIUM ITERATION   1
 *** LOAD STEP     2   SUBSTEP   245  COMPLETED.    CUM ITER =    365
 *** TIME =   25.5000         TIME INC =  0.100000    
 *** MAX VISCOELASTIC STRAIN STEP = 0.6192E-06

     FORCE CONVERGENCE VALUE  =  0.3114E-07  CRITERION=  0.1041E-03
     DISP CONVERGENCE VALUE   =  0.3873E-06  CRITERION=  0.1092E-02 <<< CONVERGED
    EQUIL ITER   1 COMPLETED.  OLD TRIANG MATRIX.  MAX DOF INC=  0.3873E-06
     FORCE CONVERGENCE VALUE  =  0.2422E-07  CRITERION=  0.1041E-03 <<< CONVERGED
    >>> SOLUTION CONVERGED AFTER EQUILIBRIUM ITERATION   1
 *** LOAD STEP     2   SUBSTEP   246  COMPLETED.    CUM ITER =    366
 *** TIME =   25.6000         TIME INC =  0.100000    
 *** MAX VISCOELASTIC STRAIN STEP = 0.6185E-06

     FORCE CONVERGENCE VALUE  =  0.3170E-07  CRITERION=  0.1041E-03
     DISP CONVERGENCE VALUE   =  0.3855E-06  CRITERION=  0.1092E-02 <<< CONVERGED
    EQUIL ITER   1 COMPLETED.  OLD TRIANG MATRIX.  MAX DOF INC=  0.3855E-06
     FORCE CONVERGENCE VALUE  =  0.2455E-07  CRITERION=  0.1041E-03 <<< CONVERGED
    >>> SOLUTION CONVERGED AFTER EQUILIBRIUM ITERATION   1
 *** LOAD STEP     2   SUBSTEP   247  COMPLETED.    CUM ITER =    367
 *** TIME =   25.7000         TIME INC =  0.100000    
 *** MAX VISCOELASTIC STRAIN STEP = 0.6178E-06

     FORCE CONVERGENCE VALUE  =  0.3223E-07  CRITERION=  0.1041E-03
     DISP CONVERGENCE VALUE   =  0.3838E-06  CRITERION=  0.1092E-02 <<< CONVERGED
    EQUIL ITER   1 COMPLETED.  OLD TRIANG MATRIX.  MAX DOF INC=  0.3838E-06
     FORCE CONVERGENCE VALUE  =  0.2488E-07  CRITERION=  0.1041E-03 <<< CONVERGED
    >>> SOLUTION CONVERGED AFTER EQUILIBRIUM ITERATION   1
 *** LOAD STEP     2   SUBSTEP   248  COMPLETED.    CUM ITER =    368
 *** TIME =   25.8000         TIME INC =  0.100000    
 *** MAX VISCOELASTIC STRAIN STEP = 0.6170E-06

     FORCE CONVERGENCE VALUE  =  0.3275E-07  CRITERION=  0.1041E-03
     DISP CONVERGENCE VALUE   =  0.3821E-06  CRITERION=  0.1092E-02 <<< CONVERGED
    EQUIL ITER   1 COMPLETED.  OLD TRIANG MATRIX.  MAX DOF INC=  0.3821E-06
     FORCE CONVERGENCE VALUE  =  0.2519E-07  CRITERION=  0.1041E-03 <<< CONVERGED
    >>> SOLUTION CONVERGED AFTER EQUILIBRIUM ITERATION   1
 *** LOAD STEP     2   SUBSTEP   249  COMPLETED.    CUM ITER =    369
 *** TIME =   25.9000         TIME INC =  0.100000    
 *** MAX VISCOELASTIC STRAIN STEP = 0.6163E-06

     FORCE CONVERGENCE VALUE  =  0.3325E-07  CRITERION=  0.1041E-03
     DISP CONVERGENCE VALUE   =  0.3805E-06  CRITERION=  0.1092E-02 <<< CONVERGED
    EQUIL ITER   1 COMPLETED.  OLD TRIANG MATRIX.  MAX DOF INC=  0.3805E-06
     FORCE CONVERGENCE VALUE  =  0.2549E-07  CRITERION=  0.1041E-03 <<< CONVERGED
    >>> SOLUTION CONVERGED AFTER EQUILIBRIUM ITERATION   1
 *** LOAD STEP     2   SUBSTEP   250  COMPLETED.    CUM ITER =    370
 *** TIME =   26.0000         TIME INC =  0.100000    
 *** MAX VISCOELASTIC STRAIN STEP = 0.6156E-06

     FORCE CONVERGENCE VALUE  =  0.3373E-07  CRITERION=  0.1041E-03
     DISP CONVERGENCE VALUE   =  0.3789E-06  CRITERION=  0.1092E-02 <<< CONVERGED
    EQUIL ITER   1 COMPLETED.  OLD TRIANG MATRIX.  MAX DOF INC=  0.3789E-06
     FORCE CONVERGENCE VALUE  =  0.2578E-07  CRITERION=  0.1041E-03 <<< CONVERGED
    >>> SOLUTION CONVERGED AFTER EQUILIBRIUM ITERATION   1
 *** LOAD STEP     2   SUBSTEP   251  COMPLETED.    CUM ITER =    371
 *** TIME =   26.1000         TIME INC =  0.100000    
 *** MAX VISCOELASTIC STRAIN STEP = 0.6149E-06

     FORCE CONVERGENCE VALUE  =  0.3420E-07  CRITERION=  0.1041E-03
     DISP CONVERGENCE VALUE   =  0.3773E-06  CRITERION=  0.1092E-02 <<< CONVERGED
    EQUIL ITER   1 COMPLETED.  OLD TRIANG MATRIX.  MAX DOF INC=  0.3773E-06
     FORCE CONVERGENCE VALUE  =  0.2605E-07  CRITERION=  0.1041E-03 <<< CONVERGED
    >>> SOLUTION CONVERGED AFTER EQUILIBRIUM ITERATION   1
 *** LOAD STEP     2   SUBSTEP   252  COMPLETED.    CUM ITER =    372
 *** TIME =   26.2000         TIME INC =  0.100000    
 *** MAX VISCOELASTIC STRAIN STEP = 0.6142E-06

     FORCE CONVERGENCE VALUE  =  0.3464E-07  CRITERION=  0.1041E-03
     DISP CONVERGENCE VALUE   =  0.3758E-06  CRITERION=  0.1092E-02 <<< CONVERGED
    EQUIL ITER   1 COMPLETED.  OLD TRIANG MATRIX.  MAX DOF INC=  0.3758E-06
     FORCE CONVERGENCE VALUE  =  0.2632E-07  CRITERION=  0.1041E-03 <<< CONVERGED
    >>> SOLUTION CONVERGED AFTER EQUILIBRIUM ITERATION   1
 *** LOAD STEP     2   SUBSTEP   253  COMPLETED.    CUM ITER =    373
 *** TIME =   26.3000         TIME INC =  0.100000    
 *** MAX VISCOELASTIC STRAIN STEP = 0.6135E-06

     FORCE CONVERGENCE VALUE  =  0.3508E-07  CRITERION=  0.1041E-03
     DISP CONVERGENCE VALUE   =  0.3743E-06  CRITERION=  0.1092E-02 <<< CONVERGED
    EQUIL ITER   1 COMPLETED.  OLD TRIANG MATRIX.  MAX DOF INC=  0.3743E-06
     FORCE CONVERGENCE VALUE  =  0.2658E-07  CRITERION=  0.1041E-03 <<< CONVERGED
    >>> SOLUTION CONVERGED AFTER EQUILIBRIUM ITERATION   1
 *** LOAD STEP     2   SUBSTEP   254  COMPLETED.    CUM ITER =    374
 *** TIME =   26.4000         TIME INC =  0.100000    
 *** MAX VISCOELASTIC STRAIN STEP = 0.6128E-06

     FORCE CONVERGENCE VALUE  =  0.3549E-07  CRITERION=  0.1041E-03
     DISP CONVERGENCE VALUE   =  0.3729E-06  CRITERION=  0.1092E-02 <<< CONVERGED
    EQUIL ITER   1 COMPLETED.  OLD TRIANG MATRIX.  MAX DOF INC=  0.3729E-06
     FORCE CONVERGENCE VALUE  =  0.2683E-07  CRITERION=  0.1041E-03 <<< CONVERGED
    >>> SOLUTION CONVERGED AFTER EQUILIBRIUM ITERATION   1
 *** LOAD STEP     2   SUBSTEP   255  COMPLETED.    CUM ITER =    375
 *** TIME =   26.5000         TIME INC =  0.100000    
 *** MAX VISCOELASTIC STRAIN STEP = 0.6121E-06

     FORCE CONVERGENCE VALUE  =  0.3590E-07  CRITERION=  0.1041E-03
     DISP CONVERGENCE VALUE   =  0.3714E-06  CRITERION=  0.1092E-02 <<< CONVERGED
    EQUIL ITER   1 COMPLETED.  OLD TRIANG MATRIX.  MAX DOF INC=  0.3714E-06
     FORCE CONVERGENCE VALUE  =  0.2707E-07  CRITERION=  0.1041E-03 <<< CONVERGED
    >>> SOLUTION CONVERGED AFTER EQUILIBRIUM ITERATION   1
 *** LOAD STEP     2   SUBSTEP   256  COMPLETED.    CUM ITER =    376
 *** TIME =   26.6000         TIME INC =  0.100000    
 *** MAX VISCOELASTIC STRAIN STEP = 0.6114E-06

     FORCE CONVERGENCE VALUE  =  0.3628E-07  CRITERION=  0.1041E-03
     DISP CONVERGENCE VALUE   =  0.3701E-06  CRITERION=  0.1092E-02 <<< CONVERGED
    EQUIL ITER   1 COMPLETED.  OLD TRIANG MATRIX.  MAX DOF INC=  0.3701E-06
     FORCE CONVERGENCE VALUE  =  0.2730E-07  CRITERION=  0.1041E-03 <<< CONVERGED
    >>> SOLUTION CONVERGED AFTER EQUILIBRIUM ITERATION   1
 *** LOAD STEP     2   SUBSTEP   257  COMPLETED.    CUM ITER =    377
 *** TIME =   26.7000         TIME INC =  0.100000    
 *** MAX VISCOELASTIC STRAIN STEP = 0.6107E-06

     FORCE CONVERGENCE VALUE  =  0.3666E-07  CRITERION=  0.1041E-03
     DISP CONVERGENCE VALUE   =  0.3687E-06  CRITERION=  0.1092E-02 <<< CONVERGED
    EQUIL ITER   1 COMPLETED.  OLD TRIANG MATRIX.  MAX DOF INC=  0.3687E-06
     FORCE CONVERGENCE VALUE  =  0.2752E-07  CRITERION=  0.1041E-03 <<< CONVERGED
    >>> SOLUTION CONVERGED AFTER EQUILIBRIUM ITERATION   1
 *** LOAD STEP     2   SUBSTEP   258  COMPLETED.    CUM ITER =    378
 *** TIME =   26.8000         TIME INC =  0.100000    
 *** MAX VISCOELASTIC STRAIN STEP = 0.6100E-06

     FORCE CONVERGENCE VALUE  =  0.3701E-07  CRITERION=  0.1041E-03
     DISP CONVERGENCE VALUE   =  0.3674E-06  CRITERION=  0.1092E-02 <<< CONVERGED
    EQUIL ITER   1 COMPLETED.  OLD TRIANG MATRIX.  MAX DOF INC=  0.3674E-06
     FORCE CONVERGENCE VALUE  =  0.2773E-07  CRITERION=  0.1041E-03 <<< CONVERGED
    >>> SOLUTION CONVERGED AFTER EQUILIBRIUM ITERATION   1
 *** LOAD STEP     2   SUBSTEP   259  COMPLETED.    CUM ITER =    379
 *** TIME =   26.9000         TIME INC =  0.100000    
 *** MAX VISCOELASTIC STRAIN STEP = 0.6093E-06

     FORCE CONVERGENCE VALUE  =  0.3736E-07  CRITERION=  0.1041E-03
     DISP CONVERGENCE VALUE   =  0.3661E-06  CRITERION=  0.1092E-02 <<< CONVERGED
    EQUIL ITER   1 COMPLETED.  OLD TRIANG MATRIX.  MAX DOF INC=  0.3661E-06
     FORCE CONVERGENCE VALUE  =  0.2793E-07  CRITERION=  0.1041E-03 <<< CONVERGED
    >>> SOLUTION CONVERGED AFTER EQUILIBRIUM ITERATION   1
 *** LOAD STEP     2   SUBSTEP   260  COMPLETED.    CUM ITER =    380
 *** TIME =   27.0000         TIME INC =  0.100000    
 *** MAX VISCOELASTIC STRAIN STEP = 0.6087E-06

     FORCE CONVERGENCE VALUE  =  0.3769E-07  CRITERION=  0.1041E-03
     DISP CONVERGENCE VALUE   =  0.3648E-06  CRITERION=  0.1092E-02 <<< CONVERGED
    EQUIL ITER   1 COMPLETED.  OLD TRIANG MATRIX.  MAX DOF INC=  0.3648E-06
     FORCE CONVERGENCE VALUE  =  0.2813E-07  CRITERION=  0.1041E-03 <<< CONVERGED
    >>> SOLUTION CONVERGED AFTER EQUILIBRIUM ITERATION   1
 *** LOAD STEP     2   SUBSTEP   261  COMPLETED.    CUM ITER =    381
 *** TIME =   27.1000         TIME INC =  0.100000    
 *** MAX VISCOELASTIC STRAIN STEP = 0.6080E-06

     FORCE CONVERGENCE VALUE  =  0.3801E-07  CRITERION=  0.1041E-03
     DISP CONVERGENCE VALUE   =  0.3636E-06  CRITERION=  0.1092E-02 <<< CONVERGED
    EQUIL ITER   1 COMPLETED.  OLD TRIANG MATRIX.  MAX DOF INC=  0.3636E-06
     FORCE CONVERGENCE VALUE  =  0.2832E-07  CRITERION=  0.1041E-03 <<< CONVERGED
    >>> SOLUTION CONVERGED AFTER EQUILIBRIUM ITERATION   1
 *** LOAD STEP     2   SUBSTEP   262  COMPLETED.    CUM ITER =    382
 *** TIME =   27.2000         TIME INC =  0.100000    
 *** MAX VISCOELASTIC STRAIN STEP = 0.6073E-06

     FORCE CONVERGENCE VALUE  =  0.3832E-07  CRITERION=  0.1041E-03
     DISP CONVERGENCE VALUE   =  0.3624E-06  CRITERION=  0.1092E-02 <<< CONVERGED
    EQUIL ITER   1 COMPLETED.  OLD TRIANG MATRIX.  MAX DOF INC=  0.3624E-06
     FORCE CONVERGENCE VALUE  =  0.2850E-07  CRITERION=  0.1041E-03 <<< CONVERGED
    >>> SOLUTION CONVERGED AFTER EQUILIBRIUM ITERATION   1
 *** LOAD STEP     2   SUBSTEP   263  COMPLETED.    CUM ITER =    383
 *** TIME =   27.3000         TIME INC =  0.100000    
 *** MAX VISCOELASTIC STRAIN STEP = 0.6066E-06

     FORCE CONVERGENCE VALUE  =  0.3862E-07  CRITERION=  0.1041E-03
     DISP CONVERGENCE VALUE   =  0.3612E-06  CRITERION=  0.1092E-02 <<< CONVERGED
    EQUIL ITER   1 COMPLETED.  OLD TRIANG MATRIX.  MAX DOF INC=  0.3612E-06
     FORCE CONVERGENCE VALUE  =  0.2867E-07  CRITERION=  0.1041E-03 <<< CONVERGED
    >>> SOLUTION CONVERGED AFTER EQUILIBRIUM ITERATION   1
 *** LOAD STEP     2   SUBSTEP   264  COMPLETED.    CUM ITER =    384
 *** TIME =   27.4000         TIME INC =  0.100000    
 *** MAX VISCOELASTIC STRAIN STEP = 0.6059E-06

     FORCE CONVERGENCE VALUE  =  0.3890E-07  CRITERION=  0.1041E-03
     DISP CONVERGENCE VALUE   =  0.3601E-06  CRITERION=  0.1092E-02 <<< CONVERGED
    EQUIL ITER   1 COMPLETED.  OLD TRIANG MATRIX.  MAX DOF INC=  0.3601E-06
     FORCE CONVERGENCE VALUE  =  0.2884E-07  CRITERION=  0.1041E-03 <<< CONVERGED
    >>> SOLUTION CONVERGED AFTER EQUILIBRIUM ITERATION   1
 *** LOAD STEP     2   SUBSTEP   265  COMPLETED.    CUM ITER =    385
 *** TIME =   27.5000         TIME INC =  0.100000    
 *** MAX VISCOELASTIC STRAIN STEP = 0.6052E-06

     FORCE CONVERGENCE VALUE  =  0.3918E-07  CRITERION=  0.1041E-03
     DISP CONVERGENCE VALUE   =  0.3589E-06  CRITERION=  0.1092E-02 <<< CONVERGED
    EQUIL ITER   1 COMPLETED.  OLD TRIANG MATRIX.  MAX DOF INC=  0.3589E-06
     FORCE CONVERGENCE VALUE  =  0.2900E-07  CRITERION=  0.1041E-03 <<< CONVERGED
    >>> SOLUTION CONVERGED AFTER EQUILIBRIUM ITERATION   1
 *** LOAD STEP     2   SUBSTEP   266  COMPLETED.    CUM ITER =    386
 *** TIME =   27.6000         TIME INC =  0.100000    
 *** MAX VISCOELASTIC STRAIN STEP = 0.6045E-06

     FORCE CONVERGENCE VALUE  =  0.3944E-07  CRITERION=  0.1041E-03
     DISP CONVERGENCE VALUE   =  0.3578E-06  CRITERION=  0.1092E-02 <<< CONVERGED
    EQUIL ITER   1 COMPLETED.  OLD TRIANG MATRIX.  MAX DOF INC=  0.3578E-06
     FORCE CONVERGENCE VALUE  =  0.2916E-07  CRITERION=  0.1041E-03 <<< CONVERGED
    >>> SOLUTION CONVERGED AFTER EQUILIBRIUM ITERATION   1
 *** LOAD STEP     2   SUBSTEP   267  COMPLETED.    CUM ITER =    387
 *** TIME =   27.7000         TIME INC =  0.100000    
 *** MAX VISCOELASTIC STRAIN STEP = 0.6038E-06

     FORCE CONVERGENCE VALUE  =  0.3970E-07  CRITERION=  0.1041E-03
     DISP CONVERGENCE VALUE   =  0.3567E-06  CRITERION=  0.1092E-02 <<< CONVERGED
    EQUIL ITER   1 COMPLETED.  OLD TRIANG MATRIX.  MAX DOF INC=  0.3567E-06
     FORCE CONVERGENCE VALUE  =  0.2930E-07  CRITERION=  0.1041E-03 <<< CONVERGED
    >>> SOLUTION CONVERGED AFTER EQUILIBRIUM ITERATION   1
 *** LOAD STEP     2   SUBSTEP   268  COMPLETED.    CUM ITER =    388
 *** TIME =   27.8000         TIME INC =  0.100000    
 *** MAX VISCOELASTIC STRAIN STEP = 0.6032E-06

     FORCE CONVERGENCE VALUE  =  0.3994E-07  CRITERION=  0.1041E-03
     DISP CONVERGENCE VALUE   =  0.3557E-06  CRITERION=  0.1092E-02 <<< CONVERGED
    EQUIL ITER   1 COMPLETED.  OLD TRIANG MATRIX.  MAX DOF INC=  0.3557E-06
     FORCE CONVERGENCE VALUE  =  0.2945E-07  CRITERION=  0.1041E-03 <<< CONVERGED
    >>> SOLUTION CONVERGED AFTER EQUILIBRIUM ITERATION   1
 *** LOAD STEP     2   SUBSTEP   269  COMPLETED.    CUM ITER =    389
 *** TIME =   27.9000         TIME INC =  0.100000    
 *** MAX VISCOELASTIC STRAIN STEP = 0.6025E-06

     FORCE CONVERGENCE VALUE  =  0.4017E-07  CRITERION=  0.1041E-03
     DISP CONVERGENCE VALUE   =  0.3546E-06  CRITERION=  0.1092E-02 <<< CONVERGED
    EQUIL ITER   1 COMPLETED.  OLD TRIANG MATRIX.  MAX DOF INC=  0.3546E-06
     FORCE CONVERGENCE VALUE  =  0.2958E-07  CRITERION=  0.1041E-03 <<< CONVERGED
    >>> SOLUTION CONVERGED AFTER EQUILIBRIUM ITERATION   1
 *** LOAD STEP     2   SUBSTEP   270  COMPLETED.    CUM ITER =    390
 *** TIME =   28.0000         TIME INC =  0.100000    
 *** MAX VISCOELASTIC STRAIN STEP = 0.6018E-06

     FORCE CONVERGENCE VALUE  =  0.4040E-07  CRITERION=  0.1041E-03
     DISP CONVERGENCE VALUE   =  0.3536E-06  CRITERION=  0.1092E-02 <<< CONVERGED
    EQUIL ITER   1 COMPLETED.  OLD TRIANG MATRIX.  MAX DOF INC=  0.3536E-06
     FORCE CONVERGENCE VALUE  =  0.2971E-07  CRITERION=  0.1041E-03 <<< CONVERGED
    >>> SOLUTION CONVERGED AFTER EQUILIBRIUM ITERATION   1
 *** LOAD STEP     2   SUBSTEP   271  COMPLETED.    CUM ITER =    391
 *** TIME =   28.1000         TIME INC =  0.100000    
 *** MAX VISCOELASTIC STRAIN STEP = 0.6011E-06

     FORCE CONVERGENCE VALUE  =  0.4061E-07  CRITERION=  0.1041E-03
     DISP CONVERGENCE VALUE   =  0.3526E-06  CRITERION=  0.1092E-02 <<< CONVERGED
    EQUIL ITER   1 COMPLETED.  OLD TRIANG MATRIX.  MAX DOF INC=  0.3526E-06
     FORCE CONVERGENCE VALUE  =  0.2984E-07  CRITERION=  0.1041E-03 <<< CONVERGED
    >>> SOLUTION CONVERGED AFTER EQUILIBRIUM ITERATION   1
 *** LOAD STEP     2   SUBSTEP   272  COMPLETED.    CUM ITER =    392
 *** TIME =   28.2000         TIME INC =  0.100000    
 *** MAX VISCOELASTIC STRAIN STEP = 0.6004E-06

     FORCE CONVERGENCE VALUE  =  0.4082E-07  CRITERION=  0.1041E-03
     DISP CONVERGENCE VALUE   =  0.3516E-06  CRITERION=  0.1092E-02 <<< CONVERGED
    EQUIL ITER   1 COMPLETED.  OLD TRIANG MATRIX.  MAX DOF INC=  0.3516E-06
     FORCE CONVERGENCE VALUE  =  0.2996E-07  CRITERION=  0.1041E-03 <<< CONVERGED
    >>> SOLUTION CONVERGED AFTER EQUILIBRIUM ITERATION   1
 *** LOAD STEP     2   SUBSTEP   273  COMPLETED.    CUM ITER =    393
 *** TIME =   28.3000         TIME INC =  0.100000    
 *** MAX VISCOELASTIC STRAIN STEP = 0.5998E-06

     FORCE CONVERGENCE VALUE  =  0.4102E-07  CRITERION=  0.1041E-03
     DISP CONVERGENCE VALUE   =  0.3506E-06  CRITERION=  0.1092E-02 <<< CONVERGED
    EQUIL ITER   1 COMPLETED.  OLD TRIANG MATRIX.  MAX DOF INC=  0.3506E-06
     FORCE CONVERGENCE VALUE  =  0.3007E-07  CRITERION=  0.1041E-03 <<< CONVERGED
    >>> SOLUTION CONVERGED AFTER EQUILIBRIUM ITERATION   1
 *** LOAD STEP     2   SUBSTEP   274  COMPLETED.    CUM ITER =    394
 *** TIME =   28.4000         TIME INC =  0.100000    
 *** MAX VISCOELASTIC STRAIN STEP = 0.5991E-06

     FORCE CONVERGENCE VALUE  =  0.4121E-07  CRITERION=  0.1041E-03
     DISP CONVERGENCE VALUE   =  0.3497E-06  CRITERION=  0.1092E-02 <<< CONVERGED
    EQUIL ITER   1 COMPLETED.  OLD TRIANG MATRIX.  MAX DOF INC=  0.3497E-06
     FORCE CONVERGENCE VALUE  =  0.3018E-07  CRITERION=  0.1041E-03 <<< CONVERGED
    >>> SOLUTION CONVERGED AFTER EQUILIBRIUM ITERATION   1
 *** LOAD STEP     2   SUBSTEP   275  COMPLETED.    CUM ITER =    395
 *** TIME =   28.5000         TIME INC =  0.100000    
 *** MAX VISCOELASTIC STRAIN STEP = 0.5984E-06

     FORCE CONVERGENCE VALUE  =  0.4139E-07  CRITERION=  0.1041E-03
     DISP CONVERGENCE VALUE   =  0.3488E-06  CRITERION=  0.1092E-02 <<< CONVERGED
    EQUIL ITER   1 COMPLETED.  OLD TRIANG MATRIX.  MAX DOF INC=  0.3488E-06
     FORCE CONVERGENCE VALUE  =  0.3029E-07  CRITERION=  0.1041E-03 <<< CONVERGED
    >>> SOLUTION CONVERGED AFTER EQUILIBRIUM ITERATION   1
 *** LOAD STEP     2   SUBSTEP   276  COMPLETED.    CUM ITER =    396
 *** TIME =   28.6000         TIME INC =  0.100000    
 *** MAX VISCOELASTIC STRAIN STEP = 0.5977E-06

     FORCE CONVERGENCE VALUE  =  0.4157E-07  CRITERION=  0.1041E-03
     DISP CONVERGENCE VALUE   =  0.3478E-06  CRITERION=  0.1092E-02 <<< CONVERGED
    EQUIL ITER   1 COMPLETED.  OLD TRIANG MATRIX.  MAX DOF INC=  0.3478E-06
     FORCE CONVERGENCE VALUE  =  0.3039E-07  CRITERION=  0.1041E-03 <<< CONVERGED
    >>> SOLUTION CONVERGED AFTER EQUILIBRIUM ITERATION   1
 *** LOAD STEP     2   SUBSTEP   277  COMPLETED.    CUM ITER =    397
 *** TIME =   28.7000         TIME INC =  0.100000    
 *** MAX VISCOELASTIC STRAIN STEP = 0.5971E-06

     FORCE CONVERGENCE VALUE  =  0.4173E-07  CRITERION=  0.1041E-03
     DISP CONVERGENCE VALUE   =  0.3469E-06  CRITERION=  0.1092E-02 <<< CONVERGED
    EQUIL ITER   1 COMPLETED.  OLD TRIANG MATRIX.  MAX DOF INC=  0.3469E-06
     FORCE CONVERGENCE VALUE  =  0.3048E-07  CRITERION=  0.1041E-03 <<< CONVERGED
    >>> SOLUTION CONVERGED AFTER EQUILIBRIUM ITERATION   1
 *** LOAD STEP     2   SUBSTEP   278  COMPLETED.    CUM ITER =    398
 *** TIME =   28.8000         TIME INC =  0.100000    
 *** MAX VISCOELASTIC STRAIN STEP = 0.5964E-06

     FORCE CONVERGENCE VALUE  =  0.4189E-07  CRITERION=  0.1041E-03
     DISP CONVERGENCE VALUE   =  0.3461E-06  CRITERION=  0.1092E-02 <<< CONVERGED
    EQUIL ITER   1 COMPLETED.  OLD TRIANG MATRIX.  MAX DOF INC=  0.3461E-06
     FORCE CONVERGENCE VALUE  =  0.3057E-07  CRITERION=  0.1041E-03 <<< CONVERGED
    >>> SOLUTION CONVERGED AFTER EQUILIBRIUM ITERATION   1
 *** LOAD STEP     2   SUBSTEP   279  COMPLETED.    CUM ITER =    399
 *** TIME =   28.9000         TIME INC =  0.100000    
 *** MAX VISCOELASTIC STRAIN STEP = 0.5957E-06

     FORCE CONVERGENCE VALUE  =  0.4205E-07  CRITERION=  0.1041E-03
     DISP CONVERGENCE VALUE   =  0.3452E-06  CRITERION=  0.1092E-02 <<< CONVERGED
    EQUIL ITER   1 COMPLETED.  OLD TRIANG MATRIX.  MAX DOF INC=  0.3452E-06
     FORCE CONVERGENCE VALUE  =  0.3066E-07  CRITERION=  0.1041E-03 <<< CONVERGED
    >>> SOLUTION CONVERGED AFTER EQUILIBRIUM ITERATION   1
 *** LOAD STEP     2   SUBSTEP   280  COMPLETED.    CUM ITER =    400
 *** TIME =   29.0000         TIME INC =  0.100000    
 *** MAX VISCOELASTIC STRAIN STEP = 0.5950E-06

     FORCE CONVERGENCE VALUE  =  0.4220E-07  CRITERION=  0.1041E-03
     DISP CONVERGENCE VALUE   =  0.3443E-06  CRITERION=  0.1092E-02 <<< CONVERGED
    EQUIL ITER   1 COMPLETED.  OLD TRIANG MATRIX.  MAX DOF INC=  0.3443E-06
     FORCE CONVERGENCE VALUE  =  0.3074E-07  CRITERION=  0.1041E-03 <<< CONVERGED
    >>> SOLUTION CONVERGED AFTER EQUILIBRIUM ITERATION   1
 *** LOAD STEP     2   SUBSTEP   281  COMPLETED.    CUM ITER =    401
 *** TIME =   29.1000         TIME INC =  0.100000    
 *** MAX VISCOELASTIC STRAIN STEP = 0.5944E-06

     FORCE CONVERGENCE VALUE  =  0.4234E-07  CRITERION=  0.1041E-03
     DISP CONVERGENCE VALUE   =  0.3435E-06  CRITERION=  0.1092E-02 <<< CONVERGED
    EQUIL ITER   1 COMPLETED.  OLD TRIANG MATRIX.  MAX DOF INC=  0.3435E-06
     FORCE CONVERGENCE VALUE  =  0.3082E-07  CRITERION=  0.1041E-03 <<< CONVERGED
    >>> SOLUTION CONVERGED AFTER EQUILIBRIUM ITERATION   1
 *** LOAD STEP     2   SUBSTEP   282  COMPLETED.    CUM ITER =    402
 *** TIME =   29.2000         TIME INC =  0.100000    
 *** MAX VISCOELASTIC STRAIN STEP = 0.5937E-06

     FORCE CONVERGENCE VALUE  =  0.4247E-07  CRITERION=  0.1041E-03
     DISP CONVERGENCE VALUE   =  0.3427E-06  CRITERION=  0.1092E-02 <<< CONVERGED
    EQUIL ITER   1 COMPLETED.  OLD TRIANG MATRIX.  MAX DOF INC=  0.3427E-06
     FORCE CONVERGENCE VALUE  =  0.3090E-07  CRITERION=  0.1041E-03 <<< CONVERGED
    >>> SOLUTION CONVERGED AFTER EQUILIBRIUM ITERATION   1
 *** LOAD STEP     2   SUBSTEP   283  COMPLETED.    CUM ITER =    403
 *** TIME =   29.3000         TIME INC =  0.100000    
 *** MAX VISCOELASTIC STRAIN STEP = 0.5930E-06

     FORCE CONVERGENCE VALUE  =  0.4260E-07  CRITERION=  0.1041E-03
     DISP CONVERGENCE VALUE   =  0.3419E-06  CRITERION=  0.1092E-02 <<< CONVERGED
    EQUIL ITER   1 COMPLETED.  OLD TRIANG MATRIX.  MAX DOF INC=  0.3419E-06
     FORCE CONVERGENCE VALUE  =  0.3097E-07  CRITERION=  0.1041E-03 <<< CONVERGED
    >>> SOLUTION CONVERGED AFTER EQUILIBRIUM ITERATION   1
 *** LOAD STEP     2   SUBSTEP   284  COMPLETED.    CUM ITER =    404
 *** TIME =   29.4000         TIME INC =  0.100000    
 *** MAX VISCOELASTIC STRAIN STEP = 0.5924E-06

     FORCE CONVERGENCE VALUE  =  0.4272E-07  CRITERION=  0.1042E-03
     DISP CONVERGENCE VALUE   =  0.3411E-06  CRITERION=  0.1092E-02 <<< CONVERGED
    EQUIL ITER   1 COMPLETED.  OLD TRIANG MATRIX.  MAX DOF INC=  0.3411E-06
     FORCE CONVERGENCE VALUE  =  0.3104E-07  CRITERION=  0.1042E-03 <<< CONVERGED
    >>> SOLUTION CONVERGED AFTER EQUILIBRIUM ITERATION   1
 *** LOAD STEP     2   SUBSTEP   285  COMPLETED.    CUM ITER =    405
 *** TIME =   29.5000         TIME INC =  0.100000    
 *** MAX VISCOELASTIC STRAIN STEP = 0.5917E-06

     FORCE CONVERGENCE VALUE  =  0.4284E-07  CRITERION=  0.1042E-03
     DISP CONVERGENCE VALUE   =  0.3403E-06  CRITERION=  0.1092E-02 <<< CONVERGED
    EQUIL ITER   1 COMPLETED.  OLD TRIANG MATRIX.  MAX DOF INC=  0.3403E-06
     FORCE CONVERGENCE VALUE  =  0.3110E-07  CRITERION=  0.1042E-03 <<< CONVERGED
    >>> SOLUTION CONVERGED AFTER EQUILIBRIUM ITERATION   1
 *** LOAD STEP     2   SUBSTEP   286  COMPLETED.    CUM ITER =    406
 *** TIME =   29.6000         TIME INC =  0.100000    
 *** MAX VISCOELASTIC STRAIN STEP = 0.5910E-06

     FORCE CONVERGENCE VALUE  =  0.4295E-07  CRITERION=  0.1042E-03
     DISP CONVERGENCE VALUE   =  0.3395E-06  CRITERION=  0.1092E-02 <<< CONVERGED
    EQUIL ITER   1 COMPLETED.  OLD TRIANG MATRIX.  MAX DOF INC=  0.3395E-06
     FORCE CONVERGENCE VALUE  =  0.3117E-07  CRITERION=  0.1042E-03 <<< CONVERGED
    >>> SOLUTION CONVERGED AFTER EQUILIBRIUM ITERATION   1
 *** LOAD STEP     2   SUBSTEP   287  COMPLETED.    CUM ITER =    407
 *** TIME =   29.7000         TIME INC =  0.100000    
 *** MAX VISCOELASTIC STRAIN STEP = 0.5904E-06

     FORCE CONVERGENCE VALUE  =  0.4306E-07  CRITERION=  0.1042E-03
     DISP CONVERGENCE VALUE   =  0.3387E-06  CRITERION=  0.1092E-02 <<< CONVERGED
    EQUIL ITER   1 COMPLETED.  OLD TRIANG MATRIX.  MAX DOF INC=  0.3387E-06
     FORCE CONVERGENCE VALUE  =  0.3123E-07  CRITERION=  0.1042E-03 <<< CONVERGED
    >>> SOLUTION CONVERGED AFTER EQUILIBRIUM ITERATION   1
 *** LOAD STEP     2   SUBSTEP   288  COMPLETED.    CUM ITER =    408
 *** TIME =   29.8000         TIME INC =  0.100000    
 *** MAX VISCOELASTIC STRAIN STEP = 0.5897E-06

     FORCE CONVERGENCE VALUE  =  0.4316E-07  CRITERION=  0.1042E-03
     DISP CONVERGENCE VALUE   =  0.3380E-06  CRITERION=  0.1092E-02 <<< CONVERGED
    EQUIL ITER   1 COMPLETED.  OLD TRIANG MATRIX.  MAX DOF INC=  0.3380E-06
     FORCE CONVERGENCE VALUE  =  0.3128E-07  CRITERION=  0.1042E-03 <<< CONVERGED
    >>> SOLUTION CONVERGED AFTER EQUILIBRIUM ITERATION   1
 *** LOAD STEP     2   SUBSTEP   289  COMPLETED.    CUM ITER =    409
 *** TIME =   29.9000         TIME INC =  0.100000    
 *** MAX VISCOELASTIC STRAIN STEP = 0.5890E-06

     FORCE CONVERGENCE VALUE  =  0.4325E-07  CRITERION=  0.1042E-03
     DISP CONVERGENCE VALUE   =  0.3372E-06  CRITERION=  0.1092E-02 <<< CONVERGED
    EQUIL ITER   1 COMPLETED.  OLD TRIANG MATRIX.  MAX DOF INC=  0.3372E-06
     FORCE CONVERGENCE VALUE  =  0.3133E-07  CRITERION=  0.1042E-03 <<< CONVERGED
    >>> SOLUTION CONVERGED AFTER EQUILIBRIUM ITERATION   1
 *** LOAD STEP     2   SUBSTEP   290  COMPLETED.    CUM ITER =    410
 *** TIME =   30.0000         TIME INC =  0.100000    
 *** MAX VISCOELASTIC STRAIN STEP = 0.5884E-06

     FORCE CONVERGENCE VALUE  =  0.4334E-07  CRITERION=  0.1042E-03
     DISP CONVERGENCE VALUE   =  0.3365E-06  CRITERION=  0.1092E-02 <<< CONVERGED
    EQUIL ITER   1 COMPLETED.  OLD TRIANG MATRIX.  MAX DOF INC=  0.3365E-06
     FORCE CONVERGENCE VALUE  =  0.3138E-07  CRITERION=  0.1042E-03 <<< CONVERGED
    >>> SOLUTION CONVERGED AFTER EQUILIBRIUM ITERATION   1
 *** LOAD STEP     2   SUBSTEP   291  COMPLETED.    CUM ITER =    411
 *** TIME =   30.1000         TIME INC =  0.100000    
 *** MAX VISCOELASTIC STRAIN STEP = 0.5877E-06

     FORCE CONVERGENCE VALUE  =  0.4343E-07  CRITERION=  0.1042E-03
     DISP CONVERGENCE VALUE   =  0.3358E-06  CRITERION=  0.1092E-02 <<< CONVERGED
    EQUIL ITER   1 COMPLETED.  OLD TRIANG MATRIX.  MAX DOF INC=  0.3358E-06
     FORCE CONVERGENCE VALUE  =  0.3143E-07  CRITERION=  0.1042E-03 <<< CONVERGED
    >>> SOLUTION CONVERGED AFTER EQUILIBRIUM ITERATION   1
 *** LOAD STEP     2   SUBSTEP   292  COMPLETED.    CUM ITER =    412
 *** TIME =   30.2000         TIME INC =  0.100000    
 *** MAX VISCOELASTIC STRAIN STEP = 0.5871E-06

     FORCE CONVERGENCE VALUE  =  0.4351E-07  CRITERION=  0.1042E-03
     DISP CONVERGENCE VALUE   =  0.3351E-06  CRITERION=  0.1092E-02 <<< CONVERGED
    EQUIL ITER   1 COMPLETED.  OLD TRIANG MATRIX.  MAX DOF INC=  0.3351E-06
     FORCE CONVERGENCE VALUE  =  0.3148E-07  CRITERION=  0.1042E-03 <<< CONVERGED
    >>> SOLUTION CONVERGED AFTER EQUILIBRIUM ITERATION   1
 *** LOAD STEP     2   SUBSTEP   293  COMPLETED.    CUM ITER =    413
 *** TIME =   30.3000         TIME INC =  0.100000    
 *** MAX VISCOELASTIC STRAIN STEP = 0.5864E-06

     FORCE CONVERGENCE VALUE  =  0.4359E-07  CRITERION=  0.1042E-03
     DISP CONVERGENCE VALUE   =  0.3344E-06  CRITERION=  0.1092E-02 <<< CONVERGED
    EQUIL ITER   1 COMPLETED.  OLD TRIANG MATRIX.  MAX DOF INC=  0.3344E-06
     FORCE CONVERGENCE VALUE  =  0.3152E-07  CRITERION=  0.1042E-03 <<< CONVERGED
    >>> SOLUTION CONVERGED AFTER EQUILIBRIUM ITERATION   1
 *** LOAD STEP     2   SUBSTEP   294  COMPLETED.    CUM ITER =    414
 *** TIME =   30.4000         TIME INC =  0.100000    
 *** MAX VISCOELASTIC STRAIN STEP = 0.5858E-06

     FORCE CONVERGENCE VALUE  =  0.4367E-07  CRITERION=  0.1042E-03
     DISP CONVERGENCE VALUE   =  0.3337E-06  CRITERION=  0.1092E-02 <<< CONVERGED
    EQUIL ITER   1 COMPLETED.  OLD TRIANG MATRIX.  MAX DOF INC=  0.3337E-06
     FORCE CONVERGENCE VALUE  =  0.3156E-07  CRITERION=  0.1042E-03 <<< CONVERGED
    >>> SOLUTION CONVERGED AFTER EQUILIBRIUM ITERATION   1
 *** LOAD STEP     2   SUBSTEP   295  COMPLETED.    CUM ITER =    415
 *** TIME =   30.5000         TIME INC =  0.100000    
 *** MAX VISCOELASTIC STRAIN STEP = 0.5851E-06

     FORCE CONVERGENCE VALUE  =  0.4374E-07  CRITERION=  0.1042E-03
     DISP CONVERGENCE VALUE   =  0.3330E-06  CRITERION=  0.1092E-02 <<< CONVERGED
    EQUIL ITER   1 COMPLETED.  OLD TRIANG MATRIX.  MAX DOF INC=  0.3330E-06
     FORCE CONVERGENCE VALUE  =  0.3159E-07  CRITERION=  0.1042E-03 <<< CONVERGED
    >>> SOLUTION CONVERGED AFTER EQUILIBRIUM ITERATION   1
 *** LOAD STEP     2   SUBSTEP   296  COMPLETED.    CUM ITER =    416
 *** TIME =   30.6000         TIME INC =  0.100000    
 *** MAX VISCOELASTIC STRAIN STEP = 0.5844E-06

     FORCE CONVERGENCE VALUE  =  0.4380E-07  CRITERION=  0.1042E-03
     DISP CONVERGENCE VALUE   =  0.3323E-06  CRITERION=  0.1092E-02 <<< CONVERGED
    EQUIL ITER   1 COMPLETED.  OLD TRIANG MATRIX.  MAX DOF INC=  0.3323E-06
     FORCE CONVERGENCE VALUE  =  0.3163E-07  CRITERION=  0.1042E-03 <<< CONVERGED
    >>> SOLUTION CONVERGED AFTER EQUILIBRIUM ITERATION   1
 *** LOAD STEP     2   SUBSTEP   297  COMPLETED.    CUM ITER =    417
 *** TIME =   30.7000         TIME INC =  0.100000    
 *** MAX VISCOELASTIC STRAIN STEP = 0.5838E-06

     FORCE CONVERGENCE VALUE  =  0.4386E-07  CRITERION=  0.1042E-03
     DISP CONVERGENCE VALUE   =  0.3317E-06  CRITERION=  0.1092E-02 <<< CONVERGED
    EQUIL ITER   1 COMPLETED.  OLD TRIANG MATRIX.  MAX DOF INC=  0.3317E-06
     FORCE CONVERGENCE VALUE  =  0.3166E-07  CRITERION=  0.1042E-03 <<< CONVERGED
    >>> SOLUTION CONVERGED AFTER EQUILIBRIUM ITERATION   1
 *** LOAD STEP     2   SUBSTEP   298  COMPLETED.    CUM ITER =    418
 *** TIME =   30.8000         TIME INC =  0.100000    
 *** MAX VISCOELASTIC STRAIN STEP = 0.5831E-06

     FORCE CONVERGENCE VALUE  =  0.4392E-07  CRITERION=  0.1042E-03
     DISP CONVERGENCE VALUE   =  0.3310E-06  CRITERION=  0.1092E-02 <<< CONVERGED
    EQUIL ITER   1 COMPLETED.  OLD TRIANG MATRIX.  MAX DOF INC=  0.3310E-06
     FORCE CONVERGENCE VALUE  =  0.3169E-07  CRITERION=  0.1042E-03 <<< CONVERGED
    >>> SOLUTION CONVERGED AFTER EQUILIBRIUM ITERATION   1
 *** LOAD STEP     2   SUBSTEP   299  COMPLETED.    CUM ITER =    419
 *** TIME =   30.9000         TIME INC =  0.100000    
 *** MAX VISCOELASTIC STRAIN STEP = 0.5825E-06

     FORCE CONVERGENCE VALUE  =  0.4398E-07  CRITERION=  0.1042E-03
     DISP CONVERGENCE VALUE   =  0.3304E-06  CRITERION=  0.1092E-02 <<< CONVERGED
    EQUIL ITER   1 COMPLETED.  OLD TRIANG MATRIX.  MAX DOF INC=  0.3304E-06
     FORCE CONVERGENCE VALUE  =  0.3172E-07  CRITERION=  0.1042E-03 <<< CONVERGED
    >>> SOLUTION CONVERGED AFTER EQUILIBRIUM ITERATION   1
 *** LOAD STEP     2   SUBSTEP   300  COMPLETED.    CUM ITER =    420
 *** TIME =   31.0000         TIME INC =  0.100000    
 *** MAX VISCOELASTIC STRAIN STEP = 0.5818E-06

 DELETE SPECIFIED NODAL LOAD FY   FOR SELECTED NODES FROM      31 TO      31 BY       1

 NUMBER OF NODAL LOADS DELETED=       1

 DELETE SPECIFIED NODAL LOAD FY   FOR SELECTED NODES FROM      62 TO      62 BY       1

 NUMBER OF NODAL LOADS DELETED=       1

 DELETE SPECIFIED NODAL LOAD FY   FOR SELECTED NODES FROM      93 TO      93 BY       1

 NUMBER OF NODAL LOADS DELETED=       1

 DELETE SPECIFIED NODAL LOAD FY   FOR SELECTED NODES FROM     124 TO     124 BY       1

 NUMBER OF NODAL LOADS DELETED=       1

 DELETE SPECIFIED NODAL LOAD FY   FOR SELECTED NODES FROM     155 TO     155 BY       1

 NUMBER OF NODAL LOADS DELETED=       1

 TIME=  32.000    

 USE INITIAL TIME STEP SIZE OF 0.1000000E-01 FOR ALL  DEGREES OF FREEDOM
 FOR AUTOMATIC TIME STEPPING:
   USE 0.1000000E-01 AS THE MINIMUM TIME STEP SIZE
   USE 0.1000000E-01 AS THE MAXIMUM TIME STEP SIZE

 *****  MAPDL SOLVE    COMMAND  *****

 *** NOTE ***                            ELAPSED TIME =      30.399   TIME= 20:27:00
 This nonlinear analysis defaults to using the initial stiffness         
 Newton-Raphson solution procedure.  This can be modified using the      
 NROPT command.                                                          

 *** MAPDL - ENGINEERING ANALYSIS SYSTEM  RELEASE 2026 R1          26.1     ***
 Ansys Mechanical Enterprise Academic Student      
 01055371  VERSION=WINDOWS x64   20:27:00  SEP 14, 2026 Elapsed Time=     30.447

 Stage 10 isothermal discretization verification                               



                      L O A D   S T E P   O P T I O N S

   LOAD STEP NUMBER. . . . . . . . . . . . . . . .     3
   TIME AT END OF THE LOAD STEP. . . . . . . . . .  32.000    
   TIME STEP SIZE. . . . . . . . . . . . . . . . . 0.10000E-01
   MAXIMUM NUMBER OF EQUILIBRIUM ITERATIONS. . . .    15
   STEP CHANGE BOUNDARY CONDITIONS . . . . . . . .    NO
   TERMINATE ANALYSIS IF NOT CONVERGED . . . . . .YES (EXIT)  
   CONVERGENCE CONTROLS. . . . . . . . . . . . . .USE DEFAULTS
   PRINT OUTPUT CONTROLS . . . . . . . . . . . . .NO PRINTOUT
   DATABASE OUTPUT CONTROLS
      ITEM     FREQUENCY   COMPONENT
       ALL       LAST               


 SOLUTION MONITORING INFO IS WRITTEN TO FILE= stage10_structural.mntr                                                                                                                                                                                                                                             

     FORCE CONVERGENCE VALUE  =  0.4675E-03  CRITERION=  0.1041E-03
     DISP CONVERGENCE VALUE   =  0.3005E-01  CRITERION=  0.1503E-02
    EQUIL ITER   1 COMPLETED.  OLD TRIANG MATRIX.  MAX DOF INC=  0.3005E-01
     FORCE CONVERGENCE VALUE  =  0.3318E-12  CRITERION=  0.5000E-04 <<< CONVERGED

 *** WARNING ***                         ELAPSED TIME =      30.491   TIME= 20:27:00
 A reference force value times the tolerance is used by the              
 Newton-Raphson method for checking convergence.  The calculated         
 reference FORCE CONVERGENCE VALUE = 3.482680353E-03 is less than a      
 threshold.  This threshold is internally calculated.  You can           
 overwrite it by specifying MINREF on the CNVTOL command.  Check         
 results carefully.                                                      
     DISP CONVERGENCE VALUE   =  0.2717E-11  CRITERION=  0.1503E-02 <<< CONVERGED
    EQUIL ITER   2 COMPLETED.  OLD TRIANG MATRIX.  MAX DOF INC =  0.2717E-11
    >>> SOLUTION CONVERGED AFTER EQUILIBRIUM ITERATION   2
 *** LOAD STEP     3   SUBSTEP     1  COMPLETED.    CUM ITER =    422
 *** TIME =   31.0100         TIME INC =  0.100000E-01
 *** MAX VISCOELASTIC STRAIN STEP = 0.4166E-04

     FORCE CONVERGENCE VALUE  =  0.5136E-03  CRITERION=  0.7539E-04
     DISP CONVERGENCE VALUE   =  0.1888E-01  CRITERION=  0.1503E-02
    EQUIL ITER   1 COMPLETED.  OLD TRIANG MATRIX.  MAX DOF INC= -0.1888E-01
     FORCE CONVERGENCE VALUE  =  0.2526E-12  CRITERION=  0.5000E-04 <<< CONVERGED
     DISP CONVERGENCE VALUE   =  0.1708E-11  CRITERION=  0.1503E-02 <<< CONVERGED
    EQUIL ITER   2 COMPLETED.  OLD TRIANG MATRIX.  MAX DOF INC = -0.1708E-11
    >>> SOLUTION CONVERGED AFTER EQUILIBRIUM ITERATION   2
 *** LOAD STEP     3   SUBSTEP     2  COMPLETED.    CUM ITER =    424
 *** TIME =   31.0200         TIME INC =  0.100000E-01
 *** MAX VISCOELASTIC STRAIN STEP = 0.1976E-04

     FORCE CONVERGENCE VALUE  =  0.8687E-04  CRITERION=  0.5000E-04
     DISP CONVERGENCE VALUE   =  0.2783E-02  CRITERION=  0.1503E-02
    EQUIL ITER   1 COMPLETED.  OLD TRIANG MATRIX.  MAX DOF INC= -0.2783E-02
     FORCE CONVERGENCE VALUE  =  0.3191E-12  CRITERION=  0.5000E-04 <<< CONVERGED
     DISP CONVERGENCE VALUE   =  0.2513E-12  CRITERION=  0.1503E-02 <<< CONVERGED
    EQUIL ITER   2 COMPLETED.  OLD TRIANG MATRIX.  MAX DOF INC = -0.2513E-12
    >>> SOLUTION CONVERGED AFTER EQUILIBRIUM ITERATION   2
 *** LOAD STEP     3   SUBSTEP     3  COMPLETED.    CUM ITER =    426
 *** TIME =   31.0300         TIME INC =  0.100000E-01
 *** MAX VISCOELASTIC STRAIN STEP = 0.1484E-04

     FORCE CONVERGENCE VALUE  =  0.4036E-04  CRITERION=  0.5000E-04
     DISP CONVERGENCE VALUE   =  0.1306E-02  CRITERION=  0.1503E-02 <<< CONVERGED
    EQUIL ITER   1 COMPLETED.  OLD TRIANG MATRIX.  MAX DOF INC= -0.1306E-02
     FORCE CONVERGENCE VALUE  =  0.3036E-12  CRITERION=  0.5000E-04 <<< CONVERGED
    >>> SOLUTION CONVERGED AFTER EQUILIBRIUM ITERATION   1
 *** LOAD STEP     3   SUBSTEP     4  COMPLETED.    CUM ITER =    427
 *** TIME =   31.0400         TIME INC =  0.100000E-01
 *** MAX VISCOELASTIC STRAIN STEP = 0.1256E-04

     FORCE CONVERGENCE VALUE  =  0.2079E-04  CRITERION=  0.5000E-04
     DISP CONVERGENCE VALUE   =  0.7837E-03  CRITERION=  0.1503E-02 <<< CONVERGED
    EQUIL ITER   1 COMPLETED.  OLD TRIANG MATRIX.  MAX DOF INC= -0.7837E-03
     FORCE CONVERGENCE VALUE  =  0.3010E-12  CRITERION=  0.5000E-04 <<< CONVERGED
    >>> SOLUTION CONVERGED AFTER EQUILIBRIUM ITERATION   1
 *** LOAD STEP     3   SUBSTEP     5  COMPLETED.    CUM ITER =    428
 *** TIME =   31.0500         TIME INC =  0.100000E-01
 *** MAX VISCOELASTIC STRAIN STEP = 0.1121E-04

     FORCE CONVERGENCE VALUE  =  0.1146E-04  CRITERION=  0.5000E-04
     DISP CONVERGENCE VALUE   =  0.5308E-03  CRITERION=  0.1503E-02 <<< CONVERGED
    EQUIL ITER   1 COMPLETED.  OLD TRIANG MATRIX.  MAX DOF INC= -0.5308E-03
     FORCE CONVERGENCE VALUE  =  0.3023E-12  CRITERION=  0.5000E-04 <<< CONVERGED
    >>> SOLUTION CONVERGED AFTER EQUILIBRIUM ITERATION   1
 *** LOAD STEP     3   SUBSTEP     6  COMPLETED.    CUM ITER =    429
 *** TIME =   31.0600         TIME INC =  0.100000E-01
 *** MAX VISCOELASTIC STRAIN STEP = 0.1030E-04

     FORCE CONVERGENCE VALUE  =  0.7631E-05  CRITERION=  0.5000E-04
     DISP CONVERGENCE VALUE   =  0.3923E-03  CRITERION=  0.1503E-02 <<< CONVERGED
    EQUIL ITER   1 COMPLETED.  OLD TRIANG MATRIX.  MAX DOF INC= -0.3923E-03
     FORCE CONVERGENCE VALUE  =  0.3651E-12  CRITERION=  0.5000E-04 <<< CONVERGED
    >>> SOLUTION CONVERGED AFTER EQUILIBRIUM ITERATION   1
 *** LOAD STEP     3   SUBSTEP     7  COMPLETED.    CUM ITER =    430
 *** TIME =   31.0700         TIME INC =  0.100000E-01
 *** MAX VISCOELASTIC STRAIN STEP = 0.9640E-05

     FORCE CONVERGENCE VALUE  =  0.6278E-05  CRITERION=  0.5000E-04
     DISP CONVERGENCE VALUE   =  0.3093E-03  CRITERION=  0.1503E-02 <<< CONVERGED
    EQUIL ITER   1 COMPLETED.  OLD TRIANG MATRIX.  MAX DOF INC= -0.3093E-03
     FORCE CONVERGENCE VALUE  =  0.3298E-12  CRITERION=  0.5000E-04 <<< CONVERGED
    >>> SOLUTION CONVERGED AFTER EQUILIBRIUM ITERATION   1
 *** LOAD STEP     3   SUBSTEP     8  COMPLETED.    CUM ITER =    431
 *** TIME =   31.0800         TIME INC =  0.100000E-01
 *** MAX VISCOELASTIC STRAIN STEP = 0.9115E-05

     FORCE CONVERGENCE VALUE  =  0.6137E-05  CRITERION=  0.5000E-04
     DISP CONVERGENCE VALUE   =  0.2558E-03  CRITERION=  0.1503E-02 <<< CONVERGED
    EQUIL ITER   1 COMPLETED.  OLD TRIANG MATRIX.  MAX DOF INC= -0.2558E-03
     FORCE CONVERGENCE VALUE  =  0.2861E-12  CRITERION=  0.5000E-04 <<< CONVERGED
    >>> SOLUTION CONVERGED AFTER EQUILIBRIUM ITERATION   1
 *** LOAD STEP     3   SUBSTEP     9  COMPLETED.    CUM ITER =    432
 *** TIME =   31.0900         TIME INC =  0.100000E-01
 *** MAX VISCOELASTIC STRAIN STEP = 0.8676E-05

     FORCE CONVERGENCE VALUE  =  0.6620E-05  CRITERION=  0.5000E-04
     DISP CONVERGENCE VALUE   =  0.2190E-03  CRITERION=  0.1503E-02 <<< CONVERGED
    EQUIL ITER   1 COMPLETED.  OLD TRIANG MATRIX.  MAX DOF INC= -0.2190E-03
     FORCE CONVERGENCE VALUE  =  0.3614E-12  CRITERION=  0.5000E-04 <<< CONVERGED
    >>> SOLUTION CONVERGED AFTER EQUILIBRIUM ITERATION   1
 *** LOAD STEP     3   SUBSTEP    10  COMPLETED.    CUM ITER =    433
 *** TIME =   31.1000         TIME INC =  0.100000E-01
 *** MAX VISCOELASTIC STRAIN STEP = 0.8296E-05

     FORCE CONVERGENCE VALUE  =  0.7306E-05  CRITERION=  0.5000E-04
     DISP CONVERGENCE VALUE   =  0.1922E-03  CRITERION=  0.1503E-02 <<< CONVERGED
    EQUIL ITER   1 COMPLETED.  OLD TRIANG MATRIX.  MAX DOF INC= -0.1922E-03
     FORCE CONVERGENCE VALUE  =  0.2763E-12  CRITERION=  0.5000E-04 <<< CONVERGED
    >>> SOLUTION CONVERGED AFTER EQUILIBRIUM ITERATION   1
 *** LOAD STEP     3   SUBSTEP    11  COMPLETED.    CUM ITER =    434
 *** TIME =   31.1100         TIME INC =  0.100000E-01
 *** MAX VISCOELASTIC STRAIN STEP = 0.7957E-05

     FORCE CONVERGENCE VALUE  =  0.7953E-05  CRITERION=  0.5000E-04
     DISP CONVERGENCE VALUE   =  0.1719E-03  CRITERION=  0.1503E-02 <<< CONVERGED
    EQUIL ITER   1 COMPLETED.  OLD TRIANG MATRIX.  MAX DOF INC= -0.1719E-03
     FORCE CONVERGENCE VALUE  =  0.2539E-12  CRITERION=  0.5000E-04 <<< CONVERGED
    >>> SOLUTION CONVERGED AFTER EQUILIBRIUM ITERATION   1
 *** LOAD STEP     3   SUBSTEP    12  COMPLETED.    CUM ITER =    435
 *** TIME =   31.1200         TIME INC =  0.100000E-01
 *** MAX VISCOELASTIC STRAIN STEP = 0.7650E-05

     FORCE CONVERGENCE VALUE  =  0.8466E-05  CRITERION=  0.5000E-04
     DISP CONVERGENCE VALUE   =  0.1560E-03  CRITERION=  0.1503E-02 <<< CONVERGED
    EQUIL ITER   1 COMPLETED.  OLD TRIANG MATRIX.  MAX DOF INC= -0.1560E-03
     FORCE CONVERGENCE VALUE  =  0.2554E-12  CRITERION=  0.5000E-04 <<< CONVERGED
    >>> SOLUTION CONVERGED AFTER EQUILIBRIUM ITERATION   1
 *** LOAD STEP     3   SUBSTEP    13  COMPLETED.    CUM ITER =    436
 *** TIME =   31.1300         TIME INC =  0.100000E-01
 *** MAX VISCOELASTIC STRAIN STEP = 0.7367E-05

     FORCE CONVERGENCE VALUE  =  0.8828E-05  CRITERION=  0.5000E-04
     DISP CONVERGENCE VALUE   =  0.1430E-03  CRITERION=  0.1503E-02 <<< CONVERGED
    EQUIL ITER   1 COMPLETED.  OLD TRIANG MATRIX.  MAX DOF INC= -0.1430E-03
     FORCE CONVERGENCE VALUE  =  0.2877E-12  CRITERION=  0.5000E-04 <<< CONVERGED
    >>> SOLUTION CONVERGED AFTER EQUILIBRIUM ITERATION   1
 *** LOAD STEP     3   SUBSTEP    14  COMPLETED.    CUM ITER =    437
 *** TIME =   31.1400         TIME INC =  0.100000E-01
 *** MAX VISCOELASTIC STRAIN STEP = 0.7105E-05

     FORCE CONVERGENCE VALUE  =  0.9053E-05  CRITERION=  0.5000E-04
     DISP CONVERGENCE VALUE   =  0.1323E-03  CRITERION=  0.1503E-02 <<< CONVERGED
    EQUIL ITER   1 COMPLETED.  OLD TRIANG MATRIX.  MAX DOF INC= -0.1323E-03
     FORCE CONVERGENCE VALUE  =  0.2530E-12  CRITERION=  0.5000E-04 <<< CONVERGED
    >>> SOLUTION CONVERGED AFTER EQUILIBRIUM ITERATION   1
 *** LOAD STEP     3   SUBSTEP    15  COMPLETED.    CUM ITER =    438
 *** TIME =   31.1500         TIME INC =  0.100000E-01
 *** MAX VISCOELASTIC STRAIN STEP = 0.6860E-05

     FORCE CONVERGENCE VALUE  =  0.9165E-05  CRITERION=  0.5000E-04
     DISP CONVERGENCE VALUE   =  0.1232E-03  CRITERION=  0.1503E-02 <<< CONVERGED
    EQUIL ITER   1 COMPLETED.  OLD TRIANG MATRIX.  MAX DOF INC= -0.1232E-03
     FORCE CONVERGENCE VALUE  =  0.3348E-12  CRITERION=  0.5000E-04 <<< CONVERGED
    >>> SOLUTION CONVERGED AFTER EQUILIBRIUM ITERATION   1
 *** LOAD STEP     3   SUBSTEP    16  COMPLETED.    CUM ITER =    439
 *** TIME =   31.1600         TIME INC =  0.100000E-01
 *** MAX VISCOELASTIC STRAIN STEP = 0.6631E-05

     FORCE CONVERGENCE VALUE  =  0.9188E-05  CRITERION=  0.5000E-04
     DISP CONVERGENCE VALUE   =  0.1153E-03  CRITERION=  0.1503E-02 <<< CONVERGED
    EQUIL ITER   1 COMPLETED.  OLD TRIANG MATRIX.  MAX DOF INC= -0.1153E-03
     FORCE CONVERGENCE VALUE  =  0.2740E-12  CRITERION=  0.5000E-04 <<< CONVERGED
    >>> SOLUTION CONVERGED AFTER EQUILIBRIUM ITERATION   1
 *** LOAD STEP     3   SUBSTEP    17  COMPLETED.    CUM ITER =    440
 *** TIME =   31.1700         TIME INC =  0.100000E-01
 *** MAX VISCOELASTIC STRAIN STEP = 0.6414E-05

     FORCE CONVERGENCE VALUE  =  0.9144E-05  CRITERION=  0.5000E-04
     DISP CONVERGENCE VALUE   =  0.1085E-03  CRITERION=  0.1503E-02 <<< CONVERGED
    EQUIL ITER   1 COMPLETED.  OLD TRIANG MATRIX.  MAX DOF INC= -0.1085E-03
     FORCE CONVERGENCE VALUE  =  0.2462E-12  CRITERION=  0.5000E-04 <<< CONVERGED
    >>> SOLUTION CONVERGED AFTER EQUILIBRIUM ITERATION   1
 *** LOAD STEP     3   SUBSTEP    18  COMPLETED.    CUM ITER =    441
 *** TIME =   31.1800         TIME INC =  0.100000E-01
 *** MAX VISCOELASTIC STRAIN STEP = 0.6209E-05

     FORCE CONVERGENCE VALUE  =  0.9050E-05  CRITERION=  0.5000E-04
     DISP CONVERGENCE VALUE   =  0.1023E-03  CRITERION=  0.1503E-02 <<< CONVERGED
    EQUIL ITER   1 COMPLETED.  OLD TRIANG MATRIX.  MAX DOF INC= -0.1023E-03
     FORCE CONVERGENCE VALUE  =  0.2777E-12  CRITERION=  0.5000E-04 <<< CONVERGED
    >>> SOLUTION CONVERGED AFTER EQUILIBRIUM ITERATION   1
 *** LOAD STEP     3   SUBSTEP    19  COMPLETED.    CUM ITER =    442
 *** TIME =   31.1900         TIME INC =  0.100000E-01
 *** MAX VISCOELASTIC STRAIN STEP = 0.6014E-05

     FORCE CONVERGENCE VALUE  =  0.8919E-05  CRITERION=  0.5000E-04
     DISP CONVERGENCE VALUE   =  0.9687E-04  CRITERION=  0.1503E-02 <<< CONVERGED
    EQUIL ITER   1 COMPLETED.  OLD TRIANG MATRIX.  MAX DOF INC= -0.9687E-04
     FORCE CONVERGENCE VALUE  =  0.2499E-12  CRITERION=  0.5000E-04 <<< CONVERGED
    >>> SOLUTION CONVERGED AFTER EQUILIBRIUM ITERATION   1
 *** LOAD STEP     3   SUBSTEP    20  COMPLETED.    CUM ITER =    443
 *** TIME =   31.2000         TIME INC =  0.100000E-01
 *** MAX VISCOELASTIC STRAIN STEP = 0.5829E-05

     FORCE CONVERGENCE VALUE  =  0.8764E-05  CRITERION=  0.5000E-04
     DISP CONVERGENCE VALUE   =  0.9192E-04  CRITERION=  0.1503E-02 <<< CONVERGED
    EQUIL ITER   1 COMPLETED.  OLD TRIANG MATRIX.  MAX DOF INC= -0.9192E-04
     FORCE CONVERGENCE VALUE  =  0.3351E-12  CRITERION=  0.5000E-04 <<< CONVERGED
    >>> SOLUTION CONVERGED AFTER EQUILIBRIUM ITERATION   1
 *** LOAD STEP     3   SUBSTEP    21  COMPLETED.    CUM ITER =    444
 *** TIME =   31.2100         TIME INC =  0.100000E-01
 *** MAX VISCOELASTIC STRAIN STEP = 0.5653E-05

     FORCE CONVERGENCE VALUE  =  0.8590E-05  CRITERION=  0.5000E-04
     DISP CONVERGENCE VALUE   =  0.8740E-04  CRITERION=  0.1503E-02 <<< CONVERGED
    EQUIL ITER   1 COMPLETED.  OLD TRIANG MATRIX.  MAX DOF INC= -0.8740E-04
     FORCE CONVERGENCE VALUE  =  0.3037E-12  CRITERION=  0.5000E-04 <<< CONVERGED
    >>> SOLUTION CONVERGED AFTER EQUILIBRIUM ITERATION   1
 *** LOAD STEP     3   SUBSTEP    22  COMPLETED.    CUM ITER =    445
 *** TIME =   31.2200         TIME INC =  0.100000E-01
 *** MAX VISCOELASTIC STRAIN STEP = 0.5485E-05

     FORCE CONVERGENCE VALUE  =  0.8404E-05  CRITERION=  0.5000E-04
     DISP CONVERGENCE VALUE   =  0.8325E-04  CRITERION=  0.1503E-02 <<< CONVERGED
    EQUIL ITER   1 COMPLETED.  OLD TRIANG MATRIX.  MAX DOF INC= -0.8325E-04
     FORCE CONVERGENCE VALUE  =  0.3171E-12  CRITERION=  0.5000E-04 <<< CONVERGED
    >>> SOLUTION CONVERGED AFTER EQUILIBRIUM ITERATION   1
 *** LOAD STEP     3   SUBSTEP    23  COMPLETED.    CUM ITER =    446
 *** TIME =   31.2300         TIME INC =  0.100000E-01
 *** MAX VISCOELASTIC STRAIN STEP = 0.5324E-05

     FORCE CONVERGENCE VALUE  =  0.8210E-05  CRITERION=  0.5000E-04
     DISP CONVERGENCE VALUE   =  0.7942E-04  CRITERION=  0.1503E-02 <<< CONVERGED
    EQUIL ITER   1 COMPLETED.  OLD TRIANG MATRIX.  MAX DOF INC= -0.7942E-04
     FORCE CONVERGENCE VALUE  =  0.3362E-12  CRITERION=  0.5000E-04 <<< CONVERGED
    >>> SOLUTION CONVERGED AFTER EQUILIBRIUM ITERATION   1
 *** LOAD STEP     3   SUBSTEP    24  COMPLETED.    CUM ITER =    447
 *** TIME =   31.2400         TIME INC =  0.100000E-01
 *** MAX VISCOELASTIC STRAIN STEP = 0.5170E-05

     FORCE CONVERGENCE VALUE  =  0.8011E-05  CRITERION=  0.5000E-04
     DISP CONVERGENCE VALUE   =  0.7586E-04  CRITERION=  0.1503E-02 <<< CONVERGED
    EQUIL ITER   1 COMPLETED.  OLD TRIANG MATRIX.  MAX DOF INC= -0.7586E-04
     FORCE CONVERGENCE VALUE  =  0.3563E-12  CRITERION=  0.5000E-04 <<< CONVERGED
    >>> SOLUTION CONVERGED AFTER EQUILIBRIUM ITERATION   1
 *** LOAD STEP     3   SUBSTEP    25  COMPLETED.    CUM ITER =    448
 *** TIME =   31.2500         TIME INC =  0.100000E-01
 *** MAX VISCOELASTIC STRAIN STEP = 0.5023E-05

     FORCE CONVERGENCE VALUE  =  0.7810E-05  CRITERION=  0.5000E-04
     DISP CONVERGENCE VALUE   =  0.7254E-04  CRITERION=  0.1503E-02 <<< CONVERGED
    EQUIL ITER   1 COMPLETED.  OLD TRIANG MATRIX.  MAX DOF INC= -0.7254E-04
     FORCE CONVERGENCE VALUE  =  0.2513E-12  CRITERION=  0.5000E-04 <<< CONVERGED
    >>> SOLUTION CONVERGED AFTER EQUILIBRIUM ITERATION   1
 *** LOAD STEP     3   SUBSTEP    26  COMPLETED.    CUM ITER =    449
 *** TIME =   31.2600         TIME INC =  0.100000E-01
 *** MAX VISCOELASTIC STRAIN STEP = 0.4882E-05

     FORCE CONVERGENCE VALUE  =  0.7609E-05  CRITERION=  0.5000E-04
     DISP CONVERGENCE VALUE   =  0.6944E-04  CRITERION=  0.1503E-02 <<< CONVERGED
    EQUIL ITER   1 COMPLETED.  OLD TRIANG MATRIX.  MAX DOF INC= -0.6944E-04
     FORCE CONVERGENCE VALUE  =  0.2412E-12  CRITERION=  0.5000E-04 <<< CONVERGED
    >>> SOLUTION CONVERGED AFTER EQUILIBRIUM ITERATION   1
 *** LOAD STEP     3   SUBSTEP    27  COMPLETED.    CUM ITER =    450
 *** TIME =   31.2700         TIME INC =  0.100000E-01
 *** MAX VISCOELASTIC STRAIN STEP = 0.4747E-05

     FORCE CONVERGENCE VALUE  =  0.7408E-05  CRITERION=  0.5000E-04
     DISP CONVERGENCE VALUE   =  0.6652E-04  CRITERION=  0.1503E-02 <<< CONVERGED
    EQUIL ITER   1 COMPLETED.  OLD TRIANG MATRIX.  MAX DOF INC= -0.6652E-04
     FORCE CONVERGENCE VALUE  =  0.2421E-12  CRITERION=  0.5000E-04 <<< CONVERGED
    >>> SOLUTION CONVERGED AFTER EQUILIBRIUM ITERATION   1
 *** LOAD STEP     3   SUBSTEP    28  COMPLETED.    CUM ITER =    451
 *** TIME =   31.2800         TIME INC =  0.100000E-01
 *** MAX VISCOELASTIC STRAIN STEP = 0.4617E-05

     FORCE CONVERGENCE VALUE  =  0.7209E-05  CRITERION=  0.5000E-04
     DISP CONVERGENCE VALUE   =  0.6378E-04  CRITERION=  0.1503E-02 <<< CONVERGED
    EQUIL ITER   1 COMPLETED.  OLD TRIANG MATRIX.  MAX DOF INC= -0.6378E-04
     FORCE CONVERGENCE VALUE  =  0.2323E-12  CRITERION=  0.5000E-04 <<< CONVERGED
    >>> SOLUTION CONVERGED AFTER EQUILIBRIUM ITERATION   1
 *** LOAD STEP     3   SUBSTEP    29  COMPLETED.    CUM ITER =    452
 *** TIME =   31.2900         TIME INC =  0.100000E-01
 *** MAX VISCOELASTIC STRAIN STEP = 0.4492E-05

     FORCE CONVERGENCE VALUE  =  0.7012E-05  CRITERION=  0.5000E-04
     DISP CONVERGENCE VALUE   =  0.6120E-04  CRITERION=  0.1503E-02 <<< CONVERGED
    EQUIL ITER   1 COMPLETED.  OLD TRIANG MATRIX.  MAX DOF INC= -0.6120E-04
     FORCE CONVERGENCE VALUE  =  0.2793E-12  CRITERION=  0.5000E-04 <<< CONVERGED
    >>> SOLUTION CONVERGED AFTER EQUILIBRIUM ITERATION   1
 *** LOAD STEP     3   SUBSTEP    30  COMPLETED.    CUM ITER =    453
 *** TIME =   31.3000         TIME INC =  0.100000E-01
 *** MAX VISCOELASTIC STRAIN STEP = 0.4372E-05

     FORCE CONVERGENCE VALUE  =  0.6818E-05  CRITERION=  0.5000E-04
     DISP CONVERGENCE VALUE   =  0.5876E-04  CRITERION=  0.1503E-02 <<< CONVERGED
    EQUIL ITER   1 COMPLETED.  OLD TRIANG MATRIX.  MAX DOF INC= -0.5876E-04
     FORCE CONVERGENCE VALUE  =  0.2836E-12  CRITERION=  0.5000E-04 <<< CONVERGED
    >>> SOLUTION CONVERGED AFTER EQUILIBRIUM ITERATION   1
 *** LOAD STEP     3   SUBSTEP    31  COMPLETED.    CUM ITER =    454
 *** TIME =   31.3100         TIME INC =  0.100000E-01
 *** MAX VISCOELASTIC STRAIN STEP = 0.4256E-05

     FORCE CONVERGENCE VALUE  =  0.6628E-05  CRITERION=  0.5000E-04
     DISP CONVERGENCE VALUE   =  0.5645E-04  CRITERION=  0.1503E-02 <<< CONVERGED
    EQUIL ITER   1 COMPLETED.  OLD TRIANG MATRIX.  MAX DOF INC= -0.5645E-04
     FORCE CONVERGENCE VALUE  =  0.2459E-12  CRITERION=  0.5000E-04 <<< CONVERGED
    >>> SOLUTION CONVERGED AFTER EQUILIBRIUM ITERATION   1
 *** LOAD STEP     3   SUBSTEP    32  COMPLETED.    CUM ITER =    455
 *** TIME =   31.3200         TIME INC =  0.100000E-01
 *** MAX VISCOELASTIC STRAIN STEP = 0.4145E-05

     FORCE CONVERGENCE VALUE  =  0.6441E-05  CRITERION=  0.5000E-04
     DISP CONVERGENCE VALUE   =  0.5427E-04  CRITERION=  0.1503E-02 <<< CONVERGED
    EQUIL ITER   1 COMPLETED.  OLD TRIANG MATRIX.  MAX DOF INC= -0.5427E-04
     FORCE CONVERGENCE VALUE  =  0.2531E-12  CRITERION=  0.5000E-04 <<< CONVERGED
    >>> SOLUTION CONVERGED AFTER EQUILIBRIUM ITERATION   1
 *** LOAD STEP     3   SUBSTEP    33  COMPLETED.    CUM ITER =    456
 *** TIME =   31.3300         TIME INC =  0.100000E-01
 *** MAX VISCOELASTIC STRAIN STEP = 0.4038E-05

     FORCE CONVERGENCE VALUE  =  0.6257E-05  CRITERION=  0.5000E-04
     DISP CONVERGENCE VALUE   =  0.5219E-04  CRITERION=  0.1503E-02 <<< CONVERGED
    EQUIL ITER   1 COMPLETED.  OLD TRIANG MATRIX.  MAX DOF INC= -0.5219E-04
     FORCE CONVERGENCE VALUE  =  0.3273E-12  CRITERION=  0.5000E-04 <<< CONVERGED
    >>> SOLUTION CONVERGED AFTER EQUILIBRIUM ITERATION   1
 *** LOAD STEP     3   SUBSTEP    34  COMPLETED.    CUM ITER =    457
 *** TIME =   31.3400         TIME INC =  0.100000E-01
 *** MAX VISCOELASTIC STRAIN STEP = 0.3935E-05

     FORCE CONVERGENCE VALUE  =  0.6078E-05  CRITERION=  0.5000E-04
     DISP CONVERGENCE VALUE   =  0.5022E-04  CRITERION=  0.1503E-02 <<< CONVERGED
    EQUIL ITER   1 COMPLETED.  OLD TRIANG MATRIX.  MAX DOF INC= -0.5022E-04
     FORCE CONVERGENCE VALUE  =  0.2595E-12  CRITERION=  0.5000E-04 <<< CONVERGED
    >>> SOLUTION CONVERGED AFTER EQUILIBRIUM ITERATION   1
 *** LOAD STEP     3   SUBSTEP    35  COMPLETED.    CUM ITER =    458
 *** TIME =   31.3500         TIME INC =  0.100000E-01
 *** MAX VISCOELASTIC STRAIN STEP = 0.3836E-05

     FORCE CONVERGENCE VALUE  =  0.5902E-05  CRITERION=  0.5000E-04
     DISP CONVERGENCE VALUE   =  0.4835E-04  CRITERION=  0.1503E-02 <<< CONVERGED
    EQUIL ITER   1 COMPLETED.  OLD TRIANG MATRIX.  MAX DOF INC= -0.4835E-04
     FORCE CONVERGENCE VALUE  =  0.2400E-12  CRITERION=  0.5000E-04 <<< CONVERGED
    >>> SOLUTION CONVERGED AFTER EQUILIBRIUM ITERATION   1
 *** LOAD STEP     3   SUBSTEP    36  COMPLETED.    CUM ITER =    459
 *** TIME =   31.3600         TIME INC =  0.100000E-01
 *** MAX VISCOELASTIC STRAIN STEP = 0.3741E-05

     FORCE CONVERGENCE VALUE  =  0.5730E-05  CRITERION=  0.5000E-04
     DISP CONVERGENCE VALUE   =  0.4657E-04  CRITERION=  0.1503E-02 <<< CONVERGED
    EQUIL ITER   1 COMPLETED.  OLD TRIANG MATRIX.  MAX DOF INC= -0.4657E-04
     FORCE CONVERGENCE VALUE  =  0.2564E-12  CRITERION=  0.5000E-04 <<< CONVERGED
    >>> SOLUTION CONVERGED AFTER EQUILIBRIUM ITERATION   1
 *** LOAD STEP     3   SUBSTEP    37  COMPLETED.    CUM ITER =    460
 *** TIME =   31.3700         TIME INC =  0.100000E-01
 *** MAX VISCOELASTIC STRAIN STEP = 0.3649E-05

     FORCE CONVERGENCE VALUE  =  0.5563E-05  CRITERION=  0.5000E-04
     DISP CONVERGENCE VALUE   =  0.4487E-04  CRITERION=  0.1503E-02 <<< CONVERGED
    EQUIL ITER   1 COMPLETED.  OLD TRIANG MATRIX.  MAX DOF INC= -0.4487E-04
     FORCE CONVERGENCE VALUE  =  0.2222E-12  CRITERION=  0.5000E-04 <<< CONVERGED
    >>> SOLUTION CONVERGED AFTER EQUILIBRIUM ITERATION   1
 *** LOAD STEP     3   SUBSTEP    38  COMPLETED.    CUM ITER =    461
 *** TIME =   31.3800         TIME INC =  0.100000E-01
 *** MAX VISCOELASTIC STRAIN STEP = 0.3560E-05

     FORCE CONVERGENCE VALUE  =  0.5399E-05  CRITERION=  0.5000E-04
     DISP CONVERGENCE VALUE   =  0.4325E-04  CRITERION=  0.1503E-02 <<< CONVERGED
    EQUIL ITER   1 COMPLETED.  OLD TRIANG MATRIX.  MAX DOF INC= -0.4325E-04
     FORCE CONVERGENCE VALUE  =  0.3094E-12  CRITERION=  0.5000E-04 <<< CONVERGED
    >>> SOLUTION CONVERGED AFTER EQUILIBRIUM ITERATION   1
 *** LOAD STEP     3   SUBSTEP    39  COMPLETED.    CUM ITER =    462
 *** TIME =   31.3900         TIME INC =  0.100000E-01
 *** MAX VISCOELASTIC STRAIN STEP = 0.3474E-05

     FORCE CONVERGENCE VALUE  =  0.5239E-05  CRITERION=  0.5000E-04
     DISP CONVERGENCE VALUE   =  0.4171E-04  CRITERION=  0.1503E-02 <<< CONVERGED
    EQUIL ITER   1 COMPLETED.  OLD TRIANG MATRIX.  MAX DOF INC= -0.4171E-04
     FORCE CONVERGENCE VALUE  =  0.1956E-12  CRITERION=  0.5000E-04 <<< CONVERGED
    >>> SOLUTION CONVERGED AFTER EQUILIBRIUM ITERATION   1
 *** LOAD STEP     3   SUBSTEP    40  COMPLETED.    CUM ITER =    463
 *** TIME =   31.4000         TIME INC =  0.100000E-01
 *** MAX VISCOELASTIC STRAIN STEP = 0.3391E-05

     FORCE CONVERGENCE VALUE  =  0.5084E-05  CRITERION=  0.5000E-04
     DISP CONVERGENCE VALUE   =  0.4024E-04  CRITERION=  0.1503E-02 <<< CONVERGED
    EQUIL ITER   1 COMPLETED.  OLD TRIANG MATRIX.  MAX DOF INC= -0.4024E-04
     FORCE CONVERGENCE VALUE  =  0.2389E-12  CRITERION=  0.5000E-04 <<< CONVERGED
    >>> SOLUTION CONVERGED AFTER EQUILIBRIUM ITERATION   1
 *** LOAD STEP     3   SUBSTEP    41  COMPLETED.    CUM ITER =    464
 *** TIME =   31.4100         TIME INC =  0.100000E-01
 *** MAX VISCOELASTIC STRAIN STEP = 0.3311E-05

     FORCE CONVERGENCE VALUE  =  0.4932E-05  CRITERION=  0.5000E-04
     DISP CONVERGENCE VALUE   =  0.3884E-04  CRITERION=  0.1503E-02 <<< CONVERGED
    EQUIL ITER   1 COMPLETED.  OLD TRIANG MATRIX.  MAX DOF INC= -0.3884E-04
     FORCE CONVERGENCE VALUE  =  0.2474E-12  CRITERION=  0.5000E-04 <<< CONVERGED
    >>> SOLUTION CONVERGED AFTER EQUILIBRIUM ITERATION   1
 *** LOAD STEP     3   SUBSTEP    42  COMPLETED.    CUM ITER =    465
 *** TIME =   31.4200         TIME INC =  0.100000E-01
 *** MAX VISCOELASTIC STRAIN STEP = 0.3234E-05

     FORCE CONVERGENCE VALUE  =  0.4785E-05  CRITERION=  0.5000E-04
     DISP CONVERGENCE VALUE   =  0.3750E-04  CRITERION=  0.1503E-02 <<< CONVERGED
    EQUIL ITER   1 COMPLETED.  OLD TRIANG MATRIX.  MAX DOF INC= -0.3750E-04
     FORCE CONVERGENCE VALUE  =  0.2289E-12  CRITERION=  0.5000E-04 <<< CONVERGED
    >>> SOLUTION CONVERGED AFTER EQUILIBRIUM ITERATION   1
 *** LOAD STEP     3   SUBSTEP    43  COMPLETED.    CUM ITER =    466
 *** TIME =   31.4300         TIME INC =  0.100000E-01
 *** MAX VISCOELASTIC STRAIN STEP = 0.3160E-05

     FORCE CONVERGENCE VALUE  =  0.4641E-05  CRITERION=  0.5000E-04
     DISP CONVERGENCE VALUE   =  0.3622E-04  CRITERION=  0.1503E-02 <<< CONVERGED
    EQUIL ITER   1 COMPLETED.  OLD TRIANG MATRIX.  MAX DOF INC= -0.3622E-04
     FORCE CONVERGENCE VALUE  =  0.2065E-12  CRITERION=  0.5000E-04 <<< CONVERGED
    >>> SOLUTION CONVERGED AFTER EQUILIBRIUM ITERATION   1
 *** LOAD STEP     3   SUBSTEP    44  COMPLETED.    CUM ITER =    467
 *** TIME =   31.4400         TIME INC =  0.100000E-01
 *** MAX VISCOELASTIC STRAIN STEP = 0.3088E-05

     FORCE CONVERGENCE VALUE  =  0.4501E-05  CRITERION=  0.5000E-04
     DISP CONVERGENCE VALUE   =  0.3500E-04  CRITERION=  0.1503E-02 <<< CONVERGED
    EQUIL ITER   1 COMPLETED.  OLD TRIANG MATRIX.  MAX DOF INC= -0.3500E-04
     FORCE CONVERGENCE VALUE  =  0.2997E-12  CRITERION=  0.5000E-04 <<< CONVERGED
    >>> SOLUTION CONVERGED AFTER EQUILIBRIUM ITERATION   1
 *** LOAD STEP     3   SUBSTEP    45  COMPLETED.    CUM ITER =    468
 *** TIME =   31.4500         TIME INC =  0.100000E-01
 *** MAX VISCOELASTIC STRAIN STEP = 0.3018E-05

     FORCE CONVERGENCE VALUE  =  0.4365E-05  CRITERION=  0.5000E-04
     DISP CONVERGENCE VALUE   =  0.3383E-04  CRITERION=  0.1503E-02 <<< CONVERGED
    EQUIL ITER   1 COMPLETED.  OLD TRIANG MATRIX.  MAX DOF INC= -0.3383E-04
     FORCE CONVERGENCE VALUE  =  0.2903E-12  CRITERION=  0.5000E-04 <<< CONVERGED
    >>> SOLUTION CONVERGED AFTER EQUILIBRIUM ITERATION   1
 *** LOAD STEP     3   SUBSTEP    46  COMPLETED.    CUM ITER =    469
 *** TIME =   31.4600         TIME INC =  0.100000E-01
 *** MAX VISCOELASTIC STRAIN STEP = 0.2951E-05

     FORCE CONVERGENCE VALUE  =  0.4233E-05  CRITERION=  0.5000E-04
     DISP CONVERGENCE VALUE   =  0.3271E-04  CRITERION=  0.1503E-02 <<< CONVERGED
    EQUIL ITER   1 COMPLETED.  OLD TRIANG MATRIX.  MAX DOF INC= -0.3271E-04
     FORCE CONVERGENCE VALUE  =  0.2732E-12  CRITERION=  0.5000E-04 <<< CONVERGED
    >>> SOLUTION CONVERGED AFTER EQUILIBRIUM ITERATION   1
 *** LOAD STEP     3   SUBSTEP    47  COMPLETED.    CUM ITER =    470
 *** TIME =   31.4700         TIME INC =  0.100000E-01
 *** MAX VISCOELASTIC STRAIN STEP = 0.2886E-05

     FORCE CONVERGENCE VALUE  =  0.4104E-05  CRITERION=  0.5000E-04
     DISP CONVERGENCE VALUE   =  0.3164E-04  CRITERION=  0.1503E-02 <<< CONVERGED
    EQUIL ITER   1 COMPLETED.  OLD TRIANG MATRIX.  MAX DOF INC= -0.3164E-04
     FORCE CONVERGENCE VALUE  =  0.2411E-12  CRITERION=  0.5000E-04 <<< CONVERGED
    >>> SOLUTION CONVERGED AFTER EQUILIBRIUM ITERATION   1
 *** LOAD STEP     3   SUBSTEP    48  COMPLETED.    CUM ITER =    471
 *** TIME =   31.4800         TIME INC =  0.100000E-01
 *** MAX VISCOELASTIC STRAIN STEP = 0.2823E-05

     FORCE CONVERGENCE VALUE  =  0.3979E-05  CRITERION=  0.5000E-04
     DISP CONVERGENCE VALUE   =  0.3062E-04  CRITERION=  0.1503E-02 <<< CONVERGED
    EQUIL ITER   1 COMPLETED.  OLD TRIANG MATRIX.  MAX DOF INC= -0.3062E-04
     FORCE CONVERGENCE VALUE  =  0.2371E-12  CRITERION=  0.5000E-04 <<< CONVERGED
    >>> SOLUTION CONVERGED AFTER EQUILIBRIUM ITERATION   1
 *** LOAD STEP     3   SUBSTEP    49  COMPLETED.    CUM ITER =    472
 *** TIME =   31.4900         TIME INC =  0.100000E-01
 *** MAX VISCOELASTIC STRAIN STEP = 0.2762E-05

     FORCE CONVERGENCE VALUE  =  0.3858E-05  CRITERION=  0.5000E-04
     DISP CONVERGENCE VALUE   =  0.2964E-04  CRITERION=  0.1503E-02 <<< CONVERGED
    EQUIL ITER   1 COMPLETED.  OLD TRIANG MATRIX.  MAX DOF INC= -0.2964E-04
     FORCE CONVERGENCE VALUE  =  0.2092E-12  CRITERION=  0.5000E-04 <<< CONVERGED
    >>> SOLUTION CONVERGED AFTER EQUILIBRIUM ITERATION   1
 *** LOAD STEP     3   SUBSTEP    50  COMPLETED.    CUM ITER =    473
 *** TIME =   31.5000         TIME INC =  0.100000E-01
 *** MAX VISCOELASTIC STRAIN STEP = 0.2703E-05

     FORCE CONVERGENCE VALUE  =  0.3740E-05  CRITERION=  0.5000E-04
     DISP CONVERGENCE VALUE   =  0.2870E-04  CRITERION=  0.1503E-02 <<< CONVERGED
    EQUIL ITER   1 COMPLETED.  OLD TRIANG MATRIX.  MAX DOF INC= -0.2870E-04
     FORCE CONVERGENCE VALUE  =  0.1829E-12  CRITERION=  0.5000E-04 <<< CONVERGED
    >>> SOLUTION CONVERGED AFTER EQUILIBRIUM ITERATION   1
 *** LOAD STEP     3   SUBSTEP    51  COMPLETED.    CUM ITER =    474
 *** TIME =   31.5100         TIME INC =  0.100000E-01
 *** MAX VISCOELASTIC STRAIN STEP = 0.2645E-05

     FORCE CONVERGENCE VALUE  =  0.3625E-05  CRITERION=  0.5000E-04
     DISP CONVERGENCE VALUE   =  0.2779E-04  CRITERION=  0.1503E-02 <<< CONVERGED
    EQUIL ITER   1 COMPLETED.  OLD TRIANG MATRIX.  MAX DOF INC= -0.2779E-04
     FORCE CONVERGENCE VALUE  =  0.2086E-12  CRITERION=  0.5000E-04 <<< CONVERGED
    >>> SOLUTION CONVERGED AFTER EQUILIBRIUM ITERATION   1
 *** LOAD STEP     3   SUBSTEP    52  COMPLETED.    CUM ITER =    475
 *** TIME =   31.5200         TIME INC =  0.100000E-01
 *** MAX VISCOELASTIC STRAIN STEP = 0.2590E-05

     FORCE CONVERGENCE VALUE  =  0.3514E-05  CRITERION=  0.5000E-04
     DISP CONVERGENCE VALUE   =  0.2693E-04  CRITERION=  0.1503E-02 <<< CONVERGED
    EQUIL ITER   1 COMPLETED.  OLD TRIANG MATRIX.  MAX DOF INC= -0.2693E-04
     FORCE CONVERGENCE VALUE  =  0.2939E-12  CRITERION=  0.5000E-04 <<< CONVERGED
    >>> SOLUTION CONVERGED AFTER EQUILIBRIUM ITERATION   1
 *** LOAD STEP     3   SUBSTEP    53  COMPLETED.    CUM ITER =    476
 *** TIME =   31.5300         TIME INC =  0.100000E-01
 *** MAX VISCOELASTIC STRAIN STEP = 0.2536E-05

     FORCE CONVERGENCE VALUE  =  0.3406E-05  CRITERION=  0.5000E-04
     DISP CONVERGENCE VALUE   =  0.2610E-04  CRITERION=  0.1503E-02 <<< CONVERGED
    EQUIL ITER   1 COMPLETED.  OLD TRIANG MATRIX.  MAX DOF INC= -0.2610E-04
     FORCE CONVERGENCE VALUE  =  0.1967E-12  CRITERION=  0.5000E-04 <<< CONVERGED
    >>> SOLUTION CONVERGED AFTER EQUILIBRIUM ITERATION   1
 *** LOAD STEP     3   SUBSTEP    54  COMPLETED.    CUM ITER =    477
 *** TIME =   31.5400         TIME INC =  0.100000E-01
 *** MAX VISCOELASTIC STRAIN STEP = 0.2484E-05

     FORCE CONVERGENCE VALUE  =  0.3301E-05  CRITERION=  0.5000E-04
     DISP CONVERGENCE VALUE   =  0.2531E-04  CRITERION=  0.1503E-02 <<< CONVERGED
    EQUIL ITER   1 COMPLETED.  OLD TRIANG MATRIX.  MAX DOF INC= -0.2531E-04
     FORCE CONVERGENCE VALUE  =  0.2430E-12  CRITERION=  0.5000E-04 <<< CONVERGED
    >>> SOLUTION CONVERGED AFTER EQUILIBRIUM ITERATION   1
 *** LOAD STEP     3   SUBSTEP    55  COMPLETED.    CUM ITER =    478
 *** TIME =   31.5500         TIME INC =  0.100000E-01
 *** MAX VISCOELASTIC STRAIN STEP = 0.2434E-05

     FORCE CONVERGENCE VALUE  =  0.3200E-05  CRITERION=  0.5000E-04
     DISP CONVERGENCE VALUE   =  0.2455E-04  CRITERION=  0.1503E-02 <<< CONVERGED
    EQUIL ITER   1 COMPLETED.  OLD TRIANG MATRIX.  MAX DOF INC= -0.2455E-04
     FORCE CONVERGENCE VALUE  =  0.2073E-12  CRITERION=  0.5000E-04 <<< CONVERGED
    >>> SOLUTION CONVERGED AFTER EQUILIBRIUM ITERATION   1
 *** LOAD STEP     3   SUBSTEP    56  COMPLETED.    CUM ITER =    479
 *** TIME =   31.5600         TIME INC =  0.100000E-01
 *** MAX VISCOELASTIC STRAIN STEP = 0.2385E-05

     FORCE CONVERGENCE VALUE  =  0.3101E-05  CRITERION=  0.5000E-04
     DISP CONVERGENCE VALUE   =  0.2382E-04  CRITERION=  0.1503E-02 <<< CONVERGED
    EQUIL ITER   1 COMPLETED.  OLD TRIANG MATRIX.  MAX DOF INC= -0.2382E-04
     FORCE CONVERGENCE VALUE  =  0.1572E-12  CRITERION=  0.5000E-04 <<< CONVERGED
    >>> SOLUTION CONVERGED AFTER EQUILIBRIUM ITERATION   1
 *** LOAD STEP     3   SUBSTEP    57  COMPLETED.    CUM ITER =    480
 *** TIME =   31.5700         TIME INC =  0.100000E-01
 *** MAX VISCOELASTIC STRAIN STEP = 0.2338E-05

     FORCE CONVERGENCE VALUE  =  0.3005E-05  CRITERION=  0.5000E-04
     DISP CONVERGENCE VALUE   =  0.2312E-04  CRITERION=  0.1503E-02 <<< CONVERGED
    EQUIL ITER   1 COMPLETED.  OLD TRIANG MATRIX.  MAX DOF INC= -0.2312E-04
     FORCE CONVERGENCE VALUE  =  0.2033E-12  CRITERION=  0.5000E-04 <<< CONVERGED
    >>> SOLUTION CONVERGED AFTER EQUILIBRIUM ITERATION   1
 *** LOAD STEP     3   SUBSTEP    58  COMPLETED.    CUM ITER =    481
 *** TIME =   31.5800         TIME INC =  0.100000E-01
 *** MAX VISCOELASTIC STRAIN STEP = 0.2292E-05

     FORCE CONVERGENCE VALUE  =  0.2912E-05  CRITERION=  0.5000E-04
     DISP CONVERGENCE VALUE   =  0.2244E-04  CRITERION=  0.1503E-02 <<< CONVERGED
    EQUIL ITER   1 COMPLETED.  OLD TRIANG MATRIX.  MAX DOF INC= -0.2244E-04
     FORCE CONVERGENCE VALUE  =  0.1818E-12  CRITERION=  0.5000E-04 <<< CONVERGED
    >>> SOLUTION CONVERGED AFTER EQUILIBRIUM ITERATION   1
 *** LOAD STEP     3   SUBSTEP    59  COMPLETED.    CUM ITER =    482
 *** TIME =   31.5900         TIME INC =  0.100000E-01
 *** MAX VISCOELASTIC STRAIN STEP = 0.2247E-05

     FORCE CONVERGENCE VALUE  =  0.2822E-05  CRITERION=  0.5000E-04
     DISP CONVERGENCE VALUE   =  0.2180E-04  CRITERION=  0.1503E-02 <<< CONVERGED
    EQUIL ITER   1 COMPLETED.  OLD TRIANG MATRIX.  MAX DOF INC= -0.2180E-04
     FORCE CONVERGENCE VALUE  =  0.1669E-12  CRITERION=  0.5000E-04 <<< CONVERGED
    >>> SOLUTION CONVERGED AFTER EQUILIBRIUM ITERATION   1
 *** LOAD STEP     3   SUBSTEP    60  COMPLETED.    CUM ITER =    483
 *** TIME =   31.6000         TIME INC =  0.100000E-01
 *** MAX VISCOELASTIC STRAIN STEP = 0.2204E-05

     FORCE CONVERGENCE VALUE  =  0.2735E-05  CRITERION=  0.5000E-04
     DISP CONVERGENCE VALUE   =  0.2117E-04  CRITERION=  0.1503E-02 <<< CONVERGED
    EQUIL ITER   1 COMPLETED.  OLD TRIANG MATRIX.  MAX DOF INC= -0.2117E-04
     FORCE CONVERGENCE VALUE  =  0.2325E-12  CRITERION=  0.5000E-04 <<< CONVERGED
    >>> SOLUTION CONVERGED AFTER EQUILIBRIUM ITERATION   1
 *** LOAD STEP     3   SUBSTEP    61  COMPLETED.    CUM ITER =    484
 *** TIME =   31.6100         TIME INC =  0.100000E-01
 *** MAX VISCOELASTIC STRAIN STEP = 0.2162E-05

     FORCE CONVERGENCE VALUE  =  0.2650E-05  CRITERION=  0.5000E-04
     DISP CONVERGENCE VALUE   =  0.2058E-04  CRITERION=  0.1503E-02 <<< CONVERGED
    EQUIL ITER   1 COMPLETED.  OLD TRIANG MATRIX.  MAX DOF INC= -0.2058E-04
     FORCE CONVERGENCE VALUE  =  0.2374E-12  CRITERION=  0.5000E-04 <<< CONVERGED
    >>> SOLUTION CONVERGED AFTER EQUILIBRIUM ITERATION   1
 *** LOAD STEP     3   SUBSTEP    62  COMPLETED.    CUM ITER =    485
 *** TIME =   31.6200         TIME INC =  0.100000E-01
 *** MAX VISCOELASTIC STRAIN STEP = 0.2121E-05

     FORCE CONVERGENCE VALUE  =  0.2567E-05  CRITERION=  0.5000E-04
     DISP CONVERGENCE VALUE   =  0.2000E-04  CRITERION=  0.1503E-02 <<< CONVERGED
    EQUIL ITER   1 COMPLETED.  OLD TRIANG MATRIX.  MAX DOF INC= -0.2000E-04
     FORCE CONVERGENCE VALUE  =  0.2016E-12  CRITERION=  0.5000E-04 <<< CONVERGED
    >>> SOLUTION CONVERGED AFTER EQUILIBRIUM ITERATION   1
 *** LOAD STEP     3   SUBSTEP    63  COMPLETED.    CUM ITER =    486
 *** TIME =   31.6300         TIME INC =  0.100000E-01
 *** MAX VISCOELASTIC STRAIN STEP = 0.2081E-05

     FORCE CONVERGENCE VALUE  =  0.2488E-05  CRITERION=  0.5000E-04
     DISP CONVERGENCE VALUE   =  0.1945E-04  CRITERION=  0.1503E-02 <<< CONVERGED
    EQUIL ITER   1 COMPLETED.  OLD TRIANG MATRIX.  MAX DOF INC= -0.1945E-04
     FORCE CONVERGENCE VALUE  =  0.2325E-12  CRITERION=  0.5000E-04 <<< CONVERGED
    >>> SOLUTION CONVERGED AFTER EQUILIBRIUM ITERATION   1
 *** LOAD STEP     3   SUBSTEP    64  COMPLETED.    CUM ITER =    487
 *** TIME =   31.6400         TIME INC =  0.100000E-01
 *** MAX VISCOELASTIC STRAIN STEP = 0.2043E-05

     FORCE CONVERGENCE VALUE  =  0.2410E-05  CRITERION=  0.5000E-04
     DISP CONVERGENCE VALUE   =  0.1892E-04  CRITERION=  0.1503E-02 <<< CONVERGED
    EQUIL ITER   1 COMPLETED.  OLD TRIANG MATRIX.  MAX DOF INC= -0.1892E-04
     FORCE CONVERGENCE VALUE  =  0.1880E-12  CRITERION=  0.5000E-04 <<< CONVERGED
    >>> SOLUTION CONVERGED AFTER EQUILIBRIUM ITERATION   1
 *** LOAD STEP     3   SUBSTEP    65  COMPLETED.    CUM ITER =    488
 *** TIME =   31.6500         TIME INC =  0.100000E-01
 *** MAX VISCOELASTIC STRAIN STEP = 0.2005E-05

     FORCE CONVERGENCE VALUE  =  0.2335E-05  CRITERION=  0.5000E-04
     DISP CONVERGENCE VALUE   =  0.1841E-04  CRITERION=  0.1503E-02 <<< CONVERGED
    EQUIL ITER   1 COMPLETED.  OLD TRIANG MATRIX.  MAX DOF INC= -0.1841E-04
     FORCE CONVERGENCE VALUE  =  0.1980E-12  CRITERION=  0.5000E-04 <<< CONVERGED
    >>> SOLUTION CONVERGED AFTER EQUILIBRIUM ITERATION   1
 *** LOAD STEP     3   SUBSTEP    66  COMPLETED.    CUM ITER =    489
 *** TIME =   31.6600         TIME INC =  0.100000E-01
 *** MAX VISCOELASTIC STRAIN STEP = 0.1969E-05

     FORCE CONVERGENCE VALUE  =  0.2263E-05  CRITERION=  0.5000E-04
     DISP CONVERGENCE VALUE   =  0.1792E-04  CRITERION=  0.1503E-02 <<< CONVERGED
    EQUIL ITER   1 COMPLETED.  OLD TRIANG MATRIX.  MAX DOF INC= -0.1792E-04
     FORCE CONVERGENCE VALUE  =  0.2438E-12  CRITERION=  0.5000E-04 <<< CONVERGED
    >>> SOLUTION CONVERGED AFTER EQUILIBRIUM ITERATION   1
 *** LOAD STEP     3   SUBSTEP    67  COMPLETED.    CUM ITER =    490
 *** TIME =   31.6700         TIME INC =  0.100000E-01
 *** MAX VISCOELASTIC STRAIN STEP = 0.1934E-05

     FORCE CONVERGENCE VALUE  =  0.2192E-05  CRITERION=  0.5000E-04
     DISP CONVERGENCE VALUE   =  0.1744E-04  CRITERION=  0.1503E-02 <<< CONVERGED
    EQUIL ITER   1 COMPLETED.  OLD TRIANG MATRIX.  MAX DOF INC= -0.1744E-04
     FORCE CONVERGENCE VALUE  =  0.1719E-12  CRITERION=  0.5000E-04 <<< CONVERGED
    >>> SOLUTION CONVERGED AFTER EQUILIBRIUM ITERATION   1
 *** LOAD STEP     3   SUBSTEP    68  COMPLETED.    CUM ITER =    491
 *** TIME =   31.6800         TIME INC =  0.100000E-01
 *** MAX VISCOELASTIC STRAIN STEP = 0.1899E-05

     FORCE CONVERGENCE VALUE  =  0.2124E-05  CRITERION=  0.5000E-04
     DISP CONVERGENCE VALUE   =  0.1699E-04  CRITERION=  0.1503E-02 <<< CONVERGED
    EQUIL ITER   1 COMPLETED.  OLD TRIANG MATRIX.  MAX DOF INC= -0.1699E-04
     FORCE CONVERGENCE VALUE  =  0.2019E-12  CRITERION=  0.5000E-04 <<< CONVERGED
    >>> SOLUTION CONVERGED AFTER EQUILIBRIUM ITERATION   1
 *** LOAD STEP     3   SUBSTEP    69  COMPLETED.    CUM ITER =    492
 *** TIME =   31.6900         TIME INC =  0.100000E-01
 *** MAX VISCOELASTIC STRAIN STEP = 0.1866E-05

     FORCE CONVERGENCE VALUE  =  0.2057E-05  CRITERION=  0.5000E-04
     DISP CONVERGENCE VALUE   =  0.1655E-04  CRITERION=  0.1503E-02 <<< CONVERGED
    EQUIL ITER   1 COMPLETED.  OLD TRIANG MATRIX.  MAX DOF INC= -0.1655E-04
     FORCE CONVERGENCE VALUE  =  0.2481E-12  CRITERION=  0.5000E-04 <<< CONVERGED
    >>> SOLUTION CONVERGED AFTER EQUILIBRIUM ITERATION   1
 *** LOAD STEP     3   SUBSTEP    70  COMPLETED.    CUM ITER =    493
 *** TIME =   31.7000         TIME INC =  0.100000E-01
 *** MAX VISCOELASTIC STRAIN STEP = 0.1833E-05

     FORCE CONVERGENCE VALUE  =  0.1993E-05  CRITERION=  0.5000E-04
     DISP CONVERGENCE VALUE   =  0.1613E-04  CRITERION=  0.1503E-02 <<< CONVERGED
    EQUIL ITER   1 COMPLETED.  OLD TRIANG MATRIX.  MAX DOF INC= -0.1613E-04
     FORCE CONVERGENCE VALUE  =  0.2382E-12  CRITERION=  0.5000E-04 <<< CONVERGED
    >>> SOLUTION CONVERGED AFTER EQUILIBRIUM ITERATION   1
 *** LOAD STEP     3   SUBSTEP    71  COMPLETED.    CUM ITER =    494
 *** TIME =   31.7100         TIME INC =  0.100000E-01
 *** MAX VISCOELASTIC STRAIN STEP = 0.1801E-05

     FORCE CONVERGENCE VALUE  =  0.1931E-05  CRITERION=  0.5000E-04
     DISP CONVERGENCE VALUE   =  0.1572E-04  CRITERION=  0.1503E-02 <<< CONVERGED
    EQUIL ITER   1 COMPLETED.  OLD TRIANG MATRIX.  MAX DOF INC= -0.1572E-04
     FORCE CONVERGENCE VALUE  =  0.2900E-12  CRITERION=  0.5000E-04 <<< CONVERGED
    >>> SOLUTION CONVERGED AFTER EQUILIBRIUM ITERATION   1
 *** LOAD STEP     3   SUBSTEP    72  COMPLETED.    CUM ITER =    495
 *** TIME =   31.7200         TIME INC =  0.100000E-01
 *** MAX VISCOELASTIC STRAIN STEP = 0.1770E-05

     FORCE CONVERGENCE VALUE  =  0.1870E-05  CRITERION=  0.5000E-04
     DISP CONVERGENCE VALUE   =  0.1532E-04  CRITERION=  0.1503E-02 <<< CONVERGED
    EQUIL ITER   1 COMPLETED.  OLD TRIANG MATRIX.  MAX DOF INC= -0.1532E-04
     FORCE CONVERGENCE VALUE  =  0.2564E-12  CRITERION=  0.5000E-04 <<< CONVERGED
    >>> SOLUTION CONVERGED AFTER EQUILIBRIUM ITERATION   1
 *** LOAD STEP     3   SUBSTEP    73  COMPLETED.    CUM ITER =    496
 *** TIME =   31.7300         TIME INC =  0.100000E-01
 *** MAX VISCOELASTIC STRAIN STEP = 0.1740E-05

     FORCE CONVERGENCE VALUE  =  0.1812E-05  CRITERION=  0.5000E-04
     DISP CONVERGENCE VALUE   =  0.1495E-04  CRITERION=  0.1503E-02 <<< CONVERGED
    EQUIL ITER   1 COMPLETED.  OLD TRIANG MATRIX.  MAX DOF INC= -0.1495E-04
     FORCE CONVERGENCE VALUE  =  0.2030E-12  CRITERION=  0.5000E-04 <<< CONVERGED
    >>> SOLUTION CONVERGED AFTER EQUILIBRIUM ITERATION   1
 *** LOAD STEP     3   SUBSTEP    74  COMPLETED.    CUM ITER =    497
 *** TIME =   31.7400         TIME INC =  0.100000E-01
 *** MAX VISCOELASTIC STRAIN STEP = 0.1711E-05

     FORCE CONVERGENCE VALUE  =  0.1755E-05  CRITERION=  0.5000E-04
     DISP CONVERGENCE VALUE   =  0.1458E-04  CRITERION=  0.1503E-02 <<< CONVERGED
    EQUIL ITER   1 COMPLETED.  OLD TRIANG MATRIX.  MAX DOF INC= -0.1458E-04
     FORCE CONVERGENCE VALUE  =  0.2658E-12  CRITERION=  0.5000E-04 <<< CONVERGED
    >>> SOLUTION CONVERGED AFTER EQUILIBRIUM ITERATION   1
 *** LOAD STEP     3   SUBSTEP    75  COMPLETED.    CUM ITER =    498
 *** TIME =   31.7500         TIME INC =  0.100000E-01
 *** MAX VISCOELASTIC STRAIN STEP = 0.1682E-05

     FORCE CONVERGENCE VALUE  =  0.1700E-05  CRITERION=  0.5000E-04
     DISP CONVERGENCE VALUE   =  0.1423E-04  CRITERION=  0.1503E-02 <<< CONVERGED
    EQUIL ITER   1 COMPLETED.  OLD TRIANG MATRIX.  MAX DOF INC= -0.1423E-04
     FORCE CONVERGENCE VALUE  =  0.2315E-12  CRITERION=  0.5000E-04 <<< CONVERGED
    >>> SOLUTION CONVERGED AFTER EQUILIBRIUM ITERATION   1
 *** LOAD STEP     3   SUBSTEP    76  COMPLETED.    CUM ITER =    499
 *** TIME =   31.7600         TIME INC =  0.100000E-01
 *** MAX VISCOELASTIC STRAIN STEP = 0.1655E-05

     FORCE CONVERGENCE VALUE  =  0.1647E-05  CRITERION=  0.5000E-04
     DISP CONVERGENCE VALUE   =  0.1389E-04  CRITERION=  0.1503E-02 <<< CONVERGED
    EQUIL ITER   1 COMPLETED.  OLD TRIANG MATRIX.  MAX DOF INC= -0.1389E-04
     FORCE CONVERGENCE VALUE  =  0.2301E-12  CRITERION=  0.5000E-04 <<< CONVERGED
    >>> SOLUTION CONVERGED AFTER EQUILIBRIUM ITERATION   1
 *** LOAD STEP     3   SUBSTEP    77  COMPLETED.    CUM ITER =    500
 *** TIME =   31.7700         TIME INC =  0.100000E-01
 *** MAX VISCOELASTIC STRAIN STEP = 0.1627E-05

     FORCE CONVERGENCE VALUE  =  0.1595E-05  CRITERION=  0.5000E-04
     DISP CONVERGENCE VALUE   =  0.1356E-04  CRITERION=  0.1503E-02 <<< CONVERGED
    EQUIL ITER   1 COMPLETED.  OLD TRIANG MATRIX.  MAX DOF INC= -0.1356E-04
     FORCE CONVERGENCE VALUE  =  0.1965E-12  CRITERION=  0.5000E-04 <<< CONVERGED
    >>> SOLUTION CONVERGED AFTER EQUILIBRIUM ITERATION   1
 *** LOAD STEP     3   SUBSTEP    78  COMPLETED.    CUM ITER =    501
 *** TIME =   31.7800         TIME INC =  0.100000E-01
 *** MAX VISCOELASTIC STRAIN STEP = 0.1601E-05

     FORCE CONVERGENCE VALUE  =  0.1545E-05  CRITERION=  0.5000E-04
     DISP CONVERGENCE VALUE   =  0.1324E-04  CRITERION=  0.1503E-02 <<< CONVERGED
    EQUIL ITER   1 COMPLETED.  OLD TRIANG MATRIX.  MAX DOF INC= -0.1324E-04
     FORCE CONVERGENCE VALUE  =  0.1944E-12  CRITERION=  0.5000E-04 <<< CONVERGED
    >>> SOLUTION CONVERGED AFTER EQUILIBRIUM ITERATION   1
 *** LOAD STEP     3   SUBSTEP    79  COMPLETED.    CUM ITER =    502
 *** TIME =   31.7900         TIME INC =  0.100000E-01
 *** MAX VISCOELASTIC STRAIN STEP = 0.1575E-05

     FORCE CONVERGENCE VALUE  =  0.1496E-05  CRITERION=  0.5000E-04
     DISP CONVERGENCE VALUE   =  0.1294E-04  CRITERION=  0.1503E-02 <<< CONVERGED
    EQUIL ITER   1 COMPLETED.  OLD TRIANG MATRIX.  MAX DOF INC= -0.1294E-04
     FORCE CONVERGENCE VALUE  =  0.1806E-12  CRITERION=  0.5000E-04 <<< CONVERGED
    >>> SOLUTION CONVERGED AFTER EQUILIBRIUM ITERATION   1
 *** LOAD STEP     3   SUBSTEP    80  COMPLETED.    CUM ITER =    503
 *** TIME =   31.8000         TIME INC =  0.100000E-01
 *** MAX VISCOELASTIC STRAIN STEP = 0.1550E-05

     FORCE CONVERGENCE VALUE  =  0.1449E-05  CRITERION=  0.5000E-04
     DISP CONVERGENCE VALUE   =  0.1264E-04  CRITERION=  0.1503E-02 <<< CONVERGED
    EQUIL ITER   1 COMPLETED.  OLD TRIANG MATRIX.  MAX DOF INC= -0.1264E-04
     FORCE CONVERGENCE VALUE  =  0.1760E-12  CRITERION=  0.5000E-04 <<< CONVERGED
    >>> SOLUTION CONVERGED AFTER EQUILIBRIUM ITERATION   1
 *** LOAD STEP     3   SUBSTEP    81  COMPLETED.    CUM ITER =    504
 *** TIME =   31.8100         TIME INC =  0.100000E-01
 *** MAX VISCOELASTIC STRAIN STEP = 0.1525E-05

     FORCE CONVERGENCE VALUE  =  0.1403E-05  CRITERION=  0.5000E-04
     DISP CONVERGENCE VALUE   =  0.1235E-04  CRITERION=  0.1503E-02 <<< CONVERGED
    EQUIL ITER   1 COMPLETED.  OLD TRIANG MATRIX.  MAX DOF INC= -0.1235E-04
     FORCE CONVERGENCE VALUE  =  0.1672E-12  CRITERION=  0.5000E-04 <<< CONVERGED
    >>> SOLUTION CONVERGED AFTER EQUILIBRIUM ITERATION   1
 *** LOAD STEP     3   SUBSTEP    82  COMPLETED.    CUM ITER =    505
 *** TIME =   31.8200         TIME INC =  0.100000E-01
 *** MAX VISCOELASTIC STRAIN STEP = 0.1502E-05

     FORCE CONVERGENCE VALUE  =  0.1359E-05  CRITERION=  0.5000E-04
     DISP CONVERGENCE VALUE   =  0.1208E-04  CRITERION=  0.1503E-02 <<< CONVERGED
    EQUIL ITER   1 COMPLETED.  OLD TRIANG MATRIX.  MAX DOF INC= -0.1208E-04
     FORCE CONVERGENCE VALUE  =  0.1624E-12  CRITERION=  0.5000E-04 <<< CONVERGED
    >>> SOLUTION CONVERGED AFTER EQUILIBRIUM ITERATION   1
 *** LOAD STEP     3   SUBSTEP    83  COMPLETED.    CUM ITER =    506
 *** TIME =   31.8300         TIME INC =  0.100000E-01
 *** MAX VISCOELASTIC STRAIN STEP = 0.1478E-05

     FORCE CONVERGENCE VALUE  =  0.1316E-05  CRITERION=  0.5000E-04
     DISP CONVERGENCE VALUE   =  0.1181E-04  CRITERION=  0.1503E-02 <<< CONVERGED
    EQUIL ITER   1 COMPLETED.  OLD TRIANG MATRIX.  MAX DOF INC= -0.1181E-04
     FORCE CONVERGENCE VALUE  =  0.2433E-12  CRITERION=  0.5000E-04 <<< CONVERGED
    >>> SOLUTION CONVERGED AFTER EQUILIBRIUM ITERATION   1
 *** LOAD STEP     3   SUBSTEP    84  COMPLETED.    CUM ITER =    507
 *** TIME =   31.8400         TIME INC =  0.100000E-01
 *** MAX VISCOELASTIC STRAIN STEP = 0.1455E-05

     FORCE CONVERGENCE VALUE  =  0.1274E-05  CRITERION=  0.5000E-04
     DISP CONVERGENCE VALUE   =  0.1155E-04  CRITERION=  0.1503E-02 <<< CONVERGED
    EQUIL ITER   1 COMPLETED.  OLD TRIANG MATRIX.  MAX DOF INC= -0.1155E-04
     FORCE CONVERGENCE VALUE  =  0.1919E-12  CRITERION=  0.5000E-04 <<< CONVERGED
    >>> SOLUTION CONVERGED AFTER EQUILIBRIUM ITERATION   1
 *** LOAD STEP     3   SUBSTEP    85  COMPLETED.    CUM ITER =    508
 *** TIME =   31.8500         TIME INC =  0.100000E-01
 *** MAX VISCOELASTIC STRAIN STEP = 0.1433E-05

     FORCE CONVERGENCE VALUE  =  0.1233E-05  CRITERION=  0.5000E-04
     DISP CONVERGENCE VALUE   =  0.1130E-04  CRITERION=  0.1503E-02 <<< CONVERGED
    EQUIL ITER   1 COMPLETED.  OLD TRIANG MATRIX.  MAX DOF INC= -0.1130E-04
     FORCE CONVERGENCE VALUE  =  0.2027E-12  CRITERION=  0.5000E-04 <<< CONVERGED
    >>> SOLUTION CONVERGED AFTER EQUILIBRIUM ITERATION   1
 *** LOAD STEP     3   SUBSTEP    86  COMPLETED.    CUM ITER =    509
 *** TIME =   31.8600         TIME INC =  0.100000E-01
 *** MAX VISCOELASTIC STRAIN STEP = 0.1411E-05

     FORCE CONVERGENCE VALUE  =  0.1194E-05  CRITERION=  0.5000E-04
     DISP CONVERGENCE VALUE   =  0.1106E-04  CRITERION=  0.1503E-02 <<< CONVERGED
    EQUIL ITER   1 COMPLETED.  OLD TRIANG MATRIX.  MAX DOF INC= -0.1106E-04
     FORCE CONVERGENCE VALUE  =  0.2235E-12  CRITERION=  0.5000E-04 <<< CONVERGED
    >>> SOLUTION CONVERGED AFTER EQUILIBRIUM ITERATION   1
 *** LOAD STEP     3   SUBSTEP    87  COMPLETED.    CUM ITER =    510
 *** TIME =   31.8700         TIME INC =  0.100000E-01
 *** MAX VISCOELASTIC STRAIN STEP = 0.1390E-05

     FORCE CONVERGENCE VALUE  =  0.1156E-05  CRITERION=  0.5000E-04
     DISP CONVERGENCE VALUE   =  0.1083E-04  CRITERION=  0.1503E-02 <<< CONVERGED
    EQUIL ITER   1 COMPLETED.  OLD TRIANG MATRIX.  MAX DOF INC= -0.1083E-04
     FORCE CONVERGENCE VALUE  =  0.1849E-12  CRITERION=  0.5000E-04 <<< CONVERGED
    >>> SOLUTION CONVERGED AFTER EQUILIBRIUM ITERATION   1
 *** LOAD STEP     3   SUBSTEP    88  COMPLETED.    CUM ITER =    511
 *** TIME =   31.8800         TIME INC =  0.100000E-01
 *** MAX VISCOELASTIC STRAIN STEP = 0.1369E-05

     FORCE CONVERGENCE VALUE  =  0.1119E-05  CRITERION=  0.5000E-04
     DISP CONVERGENCE VALUE   =  0.1060E-04  CRITERION=  0.1503E-02 <<< CONVERGED
    EQUIL ITER   1 COMPLETED.  OLD TRIANG MATRIX.  MAX DOF INC= -0.1060E-04
     FORCE CONVERGENCE VALUE  =  0.1510E-12  CRITERION=  0.5000E-04 <<< CONVERGED
    >>> SOLUTION CONVERGED AFTER EQUILIBRIUM ITERATION   1
 *** LOAD STEP     3   SUBSTEP    89  COMPLETED.    CUM ITER =    512
 *** TIME =   31.8900         TIME INC =  0.100000E-01
 *** MAX VISCOELASTIC STRAIN STEP = 0.1349E-05

     FORCE CONVERGENCE VALUE  =  0.1083E-05  CRITERION=  0.5000E-04
     DISP CONVERGENCE VALUE   =  0.1038E-04  CRITERION=  0.1503E-02 <<< CONVERGED
    EQUIL ITER   1 COMPLETED.  OLD TRIANG MATRIX.  MAX DOF INC= -0.1038E-04
     FORCE CONVERGENCE VALUE  =  0.1968E-12  CRITERION=  0.5000E-04 <<< CONVERGED
    >>> SOLUTION CONVERGED AFTER EQUILIBRIUM ITERATION   1
 *** LOAD STEP     3   SUBSTEP    90  COMPLETED.    CUM ITER =    513
 *** TIME =   31.9000         TIME INC =  0.100000E-01
 *** MAX VISCOELASTIC STRAIN STEP = 0.1329E-05

     FORCE CONVERGENCE VALUE  =  0.1049E-05  CRITERION=  0.5000E-04
     DISP CONVERGENCE VALUE   =  0.1017E-04  CRITERION=  0.1503E-02 <<< CONVERGED
    EQUIL ITER   1 COMPLETED.  OLD TRIANG MATRIX.  MAX DOF INC= -0.1017E-04
     FORCE CONVERGENCE VALUE  =  0.1436E-12  CRITERION=  0.5000E-04 <<< CONVERGED
    >>> SOLUTION CONVERGED AFTER EQUILIBRIUM ITERATION   1
 *** LOAD STEP     3   SUBSTEP    91  COMPLETED.    CUM ITER =    514
 *** TIME =   31.9100         TIME INC =  0.100000E-01
 *** MAX VISCOELASTIC STRAIN STEP = 0.1310E-05

     FORCE CONVERGENCE VALUE  =  0.1015E-05  CRITERION=  0.5000E-04
     DISP CONVERGENCE VALUE   =  0.9962E-05  CRITERION=  0.1503E-02 <<< CONVERGED
    EQUIL ITER   1 COMPLETED.  OLD TRIANG MATRIX.  MAX DOF INC= -0.9962E-05
     FORCE CONVERGENCE VALUE  =  0.1521E-12  CRITERION=  0.5000E-04 <<< CONVERGED
    >>> SOLUTION CONVERGED AFTER EQUILIBRIUM ITERATION   1
 *** LOAD STEP     3   SUBSTEP    92  COMPLETED.    CUM ITER =    515
 *** TIME =   31.9200         TIME INC =  0.100000E-01
 *** MAX VISCOELASTIC STRAIN STEP = 0.1291E-05

     FORCE CONVERGENCE VALUE  =  0.9823E-06  CRITERION=  0.5000E-04
     DISP CONVERGENCE VALUE   =  0.9762E-05  CRITERION=  0.1503E-02 <<< CONVERGED
    EQUIL ITER   1 COMPLETED.  OLD TRIANG MATRIX.  MAX DOF INC= -0.9762E-05
     FORCE CONVERGENCE VALUE  =  0.1633E-12  CRITERION=  0.5000E-04 <<< CONVERGED
    >>> SOLUTION CONVERGED AFTER EQUILIBRIUM ITERATION   1
 *** LOAD STEP     3   SUBSTEP    93  COMPLETED.    CUM ITER =    516
 *** TIME =   31.9300         TIME INC =  0.100000E-01
 *** MAX VISCOELASTIC STRAIN STEP = 0.1272E-05

     FORCE CONVERGENCE VALUE  =  0.9505E-06  CRITERION=  0.5000E-04
     DISP CONVERGENCE VALUE   =  0.9569E-05  CRITERION=  0.1503E-02 <<< CONVERGED
    EQUIL ITER   1 COMPLETED.  OLD TRIANG MATRIX.  MAX DOF INC= -0.9569E-05
     FORCE CONVERGENCE VALUE  =  0.1725E-12  CRITERION=  0.5000E-04 <<< CONVERGED
    >>> SOLUTION CONVERGED AFTER EQUILIBRIUM ITERATION   1
 *** LOAD STEP     3   SUBSTEP    94  COMPLETED.    CUM ITER =    517
 *** TIME =   31.9400         TIME INC =  0.100000E-01
 *** MAX VISCOELASTIC STRAIN STEP = 0.1254E-05

     FORCE CONVERGENCE VALUE  =  0.9197E-06  CRITERION=  0.5000E-04
     DISP CONVERGENCE VALUE   =  0.9381E-05  CRITERION=  0.1503E-02 <<< CONVERGED
    EQUIL ITER   1 COMPLETED.  OLD TRIANG MATRIX.  MAX DOF INC= -0.9381E-05
     FORCE CONVERGENCE VALUE  =  0.1852E-12  CRITERION=  0.5000E-04 <<< CONVERGED
    >>> SOLUTION CONVERGED AFTER EQUILIBRIUM ITERATION   1
 *** LOAD STEP     3   SUBSTEP    95  COMPLETED.    CUM ITER =    518
 *** TIME =   31.9500         TIME INC =  0.100000E-01
 *** MAX VISCOELASTIC STRAIN STEP = 0.1236E-05

     FORCE CONVERGENCE VALUE  =  0.8898E-06  CRITERION=  0.5000E-04
     DISP CONVERGENCE VALUE   =  0.9199E-05  CRITERION=  0.1503E-02 <<< CONVERGED
    EQUIL ITER   1 COMPLETED.  OLD TRIANG MATRIX.  MAX DOF INC= -0.9199E-05
     FORCE CONVERGENCE VALUE  =  0.1603E-12  CRITERION=  0.5000E-04 <<< CONVERGED
    >>> SOLUTION CONVERGED AFTER EQUILIBRIUM ITERATION   1
 *** LOAD STEP     3   SUBSTEP    96  COMPLETED.    CUM ITER =    519
 *** TIME =   31.9600         TIME INC =  0.100000E-01
 *** MAX VISCOELASTIC STRAIN STEP = 0.1219E-05

     FORCE CONVERGENCE VALUE  =  0.8609E-06  CRITERION=  0.5000E-04
     DISP CONVERGENCE VALUE   =  0.9023E-05  CRITERION=  0.1503E-02 <<< CONVERGED
    EQUIL ITER   1 COMPLETED.  OLD TRIANG MATRIX.  MAX DOF INC= -0.9023E-05
     FORCE CONVERGENCE VALUE  =  0.1733E-12  CRITERION=  0.5000E-04 <<< CONVERGED
    >>> SOLUTION CONVERGED AFTER EQUILIBRIUM ITERATION   1
 *** LOAD STEP     3   SUBSTEP    97  COMPLETED.    CUM ITER =    520
 *** TIME =   31.9700         TIME INC =  0.100000E-01
 *** MAX VISCOELASTIC STRAIN STEP = 0.1202E-05

     FORCE CONVERGENCE VALUE  =  0.8327E-06  CRITERION=  0.5000E-04
     DISP CONVERGENCE VALUE   =  0.8852E-05  CRITERION=  0.1503E-02 <<< CONVERGED
    EQUIL ITER   1 COMPLETED.  OLD TRIANG MATRIX.  MAX DOF INC= -0.8852E-05
     FORCE CONVERGENCE VALUE  =  0.2182E-12  CRITERION=  0.5000E-04 <<< CONVERGED
    >>> SOLUTION CONVERGED AFTER EQUILIBRIUM ITERATION   1
 *** LOAD STEP     3   SUBSTEP    98  COMPLETED.    CUM ITER =    521
 *** TIME =   31.9800         TIME INC =  0.100000E-01
 *** MAX VISCOELASTIC STRAIN STEP = 0.1185E-05

     FORCE CONVERGENCE VALUE  =  0.8054E-06  CRITERION=  0.5000E-04
     DISP CONVERGENCE VALUE   =  0.8685E-05  CRITERION=  0.1503E-02 <<< CONVERGED
    EQUIL ITER   1 COMPLETED.  OLD TRIANG MATRIX.  MAX DOF INC= -0.8685E-05
     FORCE CONVERGENCE VALUE  =  0.1708E-12  CRITERION=  0.5000E-04 <<< CONVERGED
    >>> SOLUTION CONVERGED AFTER EQUILIBRIUM ITERATION   1
 *** LOAD STEP     3   SUBSTEP    99  COMPLETED.    CUM ITER =    522
 *** TIME =   31.9900         TIME INC =  0.100000E-01
 *** MAX VISCOELASTIC STRAIN STEP = 0.1175E-05

     FORCE CONVERGENCE VALUE  =  0.7789E-06  CRITERION=  0.5000E-04
     DISP CONVERGENCE VALUE   =  0.8524E-05  CRITERION=  0.1503E-02 <<< CONVERGED
    EQUIL ITER   1 COMPLETED.  OLD TRIANG MATRIX.  MAX DOF INC= -0.8524E-05
     FORCE CONVERGENCE VALUE  =  0.2031E-12  CRITERION=  0.5000E-04 <<< CONVERGED
    >>> SOLUTION CONVERGED AFTER EQUILIBRIUM ITERATION   1
 *** LOAD STEP     3   SUBSTEP   100  COMPLETED.    CUM ITER =    523
 *** TIME =   32.0000         TIME INC =  0.100000E-01
 *** MAX VISCOELASTIC STRAIN STEP = 0.1168E-05

 TIME=  62.000    

 USE INITIAL TIME STEP SIZE OF 0.1000000     FOR ALL  DEGREES OF FREEDOM
 FOR AUTOMATIC TIME STEPPING:
   USE 0.1000000     AS THE MINIMUM TIME STEP SIZE
   USE 0.1000000     AS THE MAXIMUM TIME STEP SIZE

 *****  MAPDL SOLVE    COMMAND  *****

 *** NOTE ***                            ELAPSED TIME =      36.486   TIME= 20:27:06
 This nonlinear analysis defaults to using the initial stiffness         
 Newton-Raphson solution procedure.  This can be modified using the      
 NROPT command.                                                          

 *** MAPDL - ENGINEERING ANALYSIS SYSTEM  RELEASE 2026 R1          26.1     ***
 Ansys Mechanical Enterprise Academic Student      
 01055371  VERSION=WINDOWS x64   20:27:06  SEP 14, 2026 Elapsed Time=     36.506

 Stage 10 isothermal discretization verification                               



                      L O A D   S T E P   O P T I O N S

   LOAD STEP NUMBER. . . . . . . . . . . . . . . .     4
   TIME AT END OF THE LOAD STEP. . . . . . . . . .  62.000    
   TIME STEP SIZE. . . . . . . . . . . . . . . . . 0.10000    
   MAXIMUM NUMBER OF EQUILIBRIUM ITERATIONS. . . .    15
   STEP CHANGE BOUNDARY CONDITIONS . . . . . . . .    NO
   TERMINATE ANALYSIS IF NOT CONVERGED . . . . . .YES (EXIT)  
   CONVERGENCE CONTROLS. . . . . . . . . . . . . .USE DEFAULTS
   PRINT OUTPUT CONTROLS . . . . . . . . . . . . .NO PRINTOUT
   DATABASE OUTPUT CONTROLS
      ITEM     FREQUENCY   COMPONENT
       ALL       LAST               


 SOLUTION MONITORING INFO IS WRITTEN TO FILE= stage10_structural.mntr                                                                                                                                                                                                                                             

     FORCE CONVERGENCE VALUE  =  0.5900E-03  CRITERION=  0.5000E-04
     DISP CONVERGENCE VALUE   =  0.3583E-02  CRITERION=  0.1503E-02
    EQUIL ITER   1 COMPLETED.  OLD TRIANG MATRIX.  MAX DOF INC=  0.3583E-02
     FORCE CONVERGENCE VALUE  =  0.3199E-03  CRITERION=  0.5000E-04
     DISP CONVERGENCE VALUE   =  0.2292E-02  CRITERION=  0.1503E-02
    EQUIL ITER   2 COMPLETED.  OLD TRIANG MATRIX.  MAX DOF INC=  0.2292E-02
     FORCE CONVERGENCE VALUE  =  0.1688E-03  CRITERION=  0.5000E-04
     DISP CONVERGENCE VALUE   =  0.1475E-02  CRITERION=  0.1503E-02 <<< CONVERGED
    EQUIL ITER   3 COMPLETED.  OLD TRIANG MATRIX.  MAX DOF INC=  0.1475E-02
     FORCE CONVERGENCE VALUE  =  0.8559E-04  CRITERION=  0.5000E-04
     DISP CONVERGENCE VALUE   =  0.9551E-03  CRITERION=  0.1503E-02 <<< CONVERGED
    EQUIL ITER   4 COMPLETED.  OLD TRIANG MATRIX.  MAX DOF INC=  0.9551E-03
     FORCE CONVERGENCE VALUE  =  0.4091E-04  CRITERION=  0.5000E-04 <<< CONVERGED

 *** WARNING ***                         ELAPSED TIME =      36.620   TIME= 20:27:06
 A reference force value times the tolerance is used by the              
 Newton-Raphson method for checking convergence.  The calculated         
 reference FORCE CONVERGENCE VALUE = 2.424547789E-03 is less than a      
 threshold.  This threshold is internally calculated.  You can           
 overwrite it by specifying MINREF on the CNVTOL command.  Check         
 results carefully.                                                      
    >>> SOLUTION CONVERGED AFTER EQUILIBRIUM ITERATION   4
 *** LOAD STEP     4   SUBSTEP     1  COMPLETED.    CUM ITER =    527
 *** TIME =   32.1000         TIME INC =  0.100000    
 *** MAX VISCOELASTIC STRAIN STEP = 0.1191E-04

     FORCE CONVERGENCE VALUE  =  0.3517E-04  CRITERION=  0.5000E-04
     DISP CONVERGENCE VALUE   =  0.3404E-03  CRITERION=  0.1503E-02 <<< CONVERGED
    EQUIL ITER   1 COMPLETED.  OLD TRIANG MATRIX.  MAX DOF INC=  0.3404E-03
     FORCE CONVERGENCE VALUE  =  0.1779E-04  CRITERION=  0.5000E-04 <<< CONVERGED
    >>> SOLUTION CONVERGED AFTER EQUILIBRIUM ITERATION   1
 *** LOAD STEP     4   SUBSTEP     2  COMPLETED.    CUM ITER =    528
 *** TIME =   32.2000         TIME INC =  0.100000    
 *** MAX VISCOELASTIC STRAIN STEP = 0.1185E-04

     FORCE CONVERGENCE VALUE  =  0.3586E-05  CRITERION=  0.5000E-04
     DISP CONVERGENCE VALUE   =  0.2180E-03  CRITERION=  0.1503E-02 <<< CONVERGED
    EQUIL ITER   1 COMPLETED.  OLD TRIANG MATRIX.  MAX DOF INC= -0.2180E-03
     FORCE CONVERGENCE VALUE  =  0.3816E-05  CRITERION=  0.5000E-04 <<< CONVERGED
    >>> SOLUTION CONVERGED AFTER EQUILIBRIUM ITERATION   1
 *** LOAD STEP     4   SUBSTEP     3  COMPLETED.    CUM ITER =    529
 *** TIME =   32.3000         TIME INC =  0.100000    
 *** MAX VISCOELASTIC STRAIN STEP = 0.1163E-04

     FORCE CONVERGENCE VALUE  =  0.1522E-04  CRITERION=  0.5000E-04
     DISP CONVERGENCE VALUE   =  0.5772E-03  CRITERION=  0.1503E-02 <<< CONVERGED
    EQUIL ITER   1 COMPLETED.  OLD TRIANG MATRIX.  MAX DOF INC= -0.5772E-03
     FORCE CONVERGENCE VALUE  =  0.8277E-05  CRITERION=  0.5000E-04 <<< CONVERGED
    >>> SOLUTION CONVERGED AFTER EQUILIBRIUM ITERATION   1
 *** LOAD STEP     4   SUBSTEP     4  COMPLETED.    CUM ITER =    530
 *** TIME =   32.4000         TIME INC =  0.100000    
 *** MAX VISCOELASTIC STRAIN STEP = 0.1107E-04

     FORCE CONVERGENCE VALUE  =  0.1805E-04  CRITERION=  0.5000E-04
     DISP CONVERGENCE VALUE   =  0.7438E-03  CRITERION=  0.1503E-02 <<< CONVERGED
    EQUIL ITER   1 COMPLETED.  OLD TRIANG MATRIX.  MAX DOF INC= -0.7438E-03
     FORCE CONVERGENCE VALUE  =  0.1533E-04  CRITERION=  0.5000E-04 <<< CONVERGED
    >>> SOLUTION CONVERGED AFTER EQUILIBRIUM ITERATION   1
 *** LOAD STEP     4   SUBSTEP     5  COMPLETED.    CUM ITER =    531
 *** TIME =   32.5000         TIME INC =  0.100000    
 *** MAX VISCOELASTIC STRAIN STEP = 0.1036E-04

     FORCE CONVERGENCE VALUE  =  0.2288E-04  CRITERION=  0.5000E-04
     DISP CONVERGENCE VALUE   =  0.7682E-03  CRITERION=  0.1503E-02 <<< CONVERGED
    EQUIL ITER   1 COMPLETED.  OLD TRIANG MATRIX.  MAX DOF INC= -0.7682E-03
     FORCE CONVERGENCE VALUE  =  0.2243E-04  CRITERION=  0.5000E-04 <<< CONVERGED
    >>> SOLUTION CONVERGED AFTER EQUILIBRIUM ITERATION   1
 *** LOAD STEP     4   SUBSTEP     6  COMPLETED.    CUM ITER =    532
 *** TIME =   32.6000         TIME INC =  0.100000    
 *** MAX VISCOELASTIC STRAIN STEP = 0.9642E-05

     FORCE CONVERGENCE VALUE  =  0.2786E-04  CRITERION=  0.5000E-04
     DISP CONVERGENCE VALUE   =  0.7061E-03  CRITERION=  0.1503E-02 <<< CONVERGED
    EQUIL ITER   1 COMPLETED.  OLD TRIANG MATRIX.  MAX DOF INC= -0.7061E-03
     FORCE CONVERGENCE VALUE  =  0.2625E-04  CRITERION=  0.5000E-04 <<< CONVERGED
    >>> SOLUTION CONVERGED AFTER EQUILIBRIUM ITERATION   1
 *** LOAD STEP     4   SUBSTEP     7  COMPLETED.    CUM ITER =    533
 *** TIME =   32.7000         TIME INC =  0.100000    
 *** MAX VISCOELASTIC STRAIN STEP = 0.8991E-05

     FORCE CONVERGENCE VALUE  =  0.2764E-04  CRITERION=  0.5000E-04
     DISP CONVERGENCE VALUE   =  0.6030E-03  CRITERION=  0.1503E-02 <<< CONVERGED
    EQUIL ITER   1 COMPLETED.  OLD TRIANG MATRIX.  MAX DOF INC= -0.6030E-03
     FORCE CONVERGENCE VALUE  =  0.2517E-04  CRITERION=  0.5000E-04 <<< CONVERGED
    >>> SOLUTION CONVERGED AFTER EQUILIBRIUM ITERATION   1
 *** LOAD STEP     4   SUBSTEP     8  COMPLETED.    CUM ITER =    534
 *** TIME =   32.8000         TIME INC =  0.100000    
 *** MAX VISCOELASTIC STRAIN STEP = 0.8435E-05

     FORCE CONVERGENCE VALUE  =  0.2167E-04  CRITERION=  0.5000E-04
     DISP CONVERGENCE VALUE   =  0.4901E-03  CRITERION=  0.1503E-02 <<< CONVERGED
    EQUIL ITER   1 COMPLETED.  OLD TRIANG MATRIX.  MAX DOF INC= -0.4901E-03
     FORCE CONVERGENCE VALUE  =  0.1980E-04  CRITERION=  0.5000E-04 <<< CONVERGED
    >>> SOLUTION CONVERGED AFTER EQUILIBRIUM ITERATION   1
 *** LOAD STEP     4   SUBSTEP     9  COMPLETED.    CUM ITER =    535
 *** TIME =   32.9000         TIME INC =  0.100000    
 *** MAX VISCOELASTIC STRAIN STEP = 0.7971E-05

     FORCE CONVERGENCE VALUE  =  0.1338E-04  CRITERION=  0.5000E-04
     DISP CONVERGENCE VALUE   =  0.3858E-03  CRITERION=  0.1503E-02 <<< CONVERGED
    EQUIL ITER   1 COMPLETED.  OLD TRIANG MATRIX.  MAX DOF INC= -0.3858E-03
     FORCE CONVERGENCE VALUE  =  0.1223E-04  CRITERION=  0.5000E-04 <<< CONVERGED
    >>> SOLUTION CONVERGED AFTER EQUILIBRIUM ITERATION   1
 *** LOAD STEP     4   SUBSTEP    10  COMPLETED.    CUM ITER =    536
 *** TIME =   33.0000         TIME INC =  0.100000    
 *** MAX VISCOELASTIC STRAIN STEP = 0.7582E-05

     FORCE CONVERGENCE VALUE  =  0.1215E-04  CRITERION=  0.5000E-04
     DISP CONVERGENCE VALUE   =  0.2989E-03  CRITERION=  0.1503E-02 <<< CONVERGED
    EQUIL ITER   1 COMPLETED.  OLD TRIANG MATRIX.  MAX DOF INC= -0.2989E-03
     FORCE CONVERGENCE VALUE  =  0.6844E-05  CRITERION=  0.5000E-04 <<< CONVERGED
    >>> SOLUTION CONVERGED AFTER EQUILIBRIUM ITERATION   1
 *** LOAD STEP     4   SUBSTEP    11  COMPLETED.    CUM ITER =    537
 *** TIME =   33.1000         TIME INC =  0.100000    
 *** MAX VISCOELASTIC STRAIN STEP = 0.7250E-05

     FORCE CONVERGENCE VALUE  =  0.2020E-04  CRITERION=  0.5000E-04
     DISP CONVERGENCE VALUE   =  0.2317E-03  CRITERION=  0.1503E-02 <<< CONVERGED
    EQUIL ITER   1 COMPLETED.  OLD TRIANG MATRIX.  MAX DOF INC= -0.2317E-03
     FORCE CONVERGENCE VALUE  =  0.1010E-04  CRITERION=  0.5000E-04 <<< CONVERGED
    >>> SOLUTION CONVERGED AFTER EQUILIBRIUM ITERATION   1
 *** LOAD STEP     4   SUBSTEP    12  COMPLETED.    CUM ITER =    538
 *** TIME =   33.2000         TIME INC =  0.100000    
 *** MAX VISCOELASTIC STRAIN STEP = 0.6958E-05

     FORCE CONVERGENCE VALUE  =  0.2857E-04  CRITERION=  0.5000E-04
     DISP CONVERGENCE VALUE   =  0.1832E-03  CRITERION=  0.1503E-02 <<< CONVERGED
    EQUIL ITER   1 COMPLETED.  OLD TRIANG MATRIX.  MAX DOF INC= -0.1832E-03
     FORCE CONVERGENCE VALUE  =  0.1570E-04  CRITERION=  0.5000E-04 <<< CONVERGED
    >>> SOLUTION CONVERGED AFTER EQUILIBRIUM ITERATION   1
 *** LOAD STEP     4   SUBSTEP    13  COMPLETED.    CUM ITER =    539
 *** TIME =   33.3000         TIME INC =  0.100000    
 *** MAX VISCOELASTIC STRAIN STEP = 0.6694E-05

     FORCE CONVERGENCE VALUE  =  0.3457E-04  CRITERION=  0.5000E-04
     DISP CONVERGENCE VALUE   =  0.1504E-03  CRITERION=  0.1503E-02 <<< CONVERGED
    EQUIL ITER   1 COMPLETED.  OLD TRIANG MATRIX.  MAX DOF INC= -0.1504E-03
     FORCE CONVERGENCE VALUE  =  0.1989E-04  CRITERION=  0.5000E-04 <<< CONVERGED
    >>> SOLUTION CONVERGED AFTER EQUILIBRIUM ITERATION   1
 *** LOAD STEP     4   SUBSTEP    14  COMPLETED.    CUM ITER =    540
 *** TIME =   33.4000         TIME INC =  0.100000    
 *** MAX VISCOELASTIC STRAIN STEP = 0.6449E-05

     FORCE CONVERGENCE VALUE  =  0.3788E-04  CRITERION=  0.5000E-04
     DISP CONVERGENCE VALUE   =  0.1297E-03  CRITERION=  0.1503E-02 <<< CONVERGED
    EQUIL ITER   1 COMPLETED.  OLD TRIANG MATRIX.  MAX DOF INC= -0.1297E-03
     FORCE CONVERGENCE VALUE  =  0.2226E-04  CRITERION=  0.5000E-04 <<< CONVERGED
    >>> SOLUTION CONVERGED AFTER EQUILIBRIUM ITERATION   1
 *** LOAD STEP     4   SUBSTEP    15  COMPLETED.    CUM ITER =    541
 *** TIME =   33.5000         TIME INC =  0.100000    
 *** MAX VISCOELASTIC STRAIN STEP = 0.6219E-05

     FORCE CONVERGENCE VALUE  =  0.3891E-04  CRITERION=  0.5000E-04
     DISP CONVERGENCE VALUE   =  0.1176E-03  CRITERION=  0.1503E-02 <<< CONVERGED
    EQUIL ITER   1 COMPLETED.  OLD TRIANG MATRIX.  MAX DOF INC= -0.1176E-03
     FORCE CONVERGENCE VALUE  =  0.2307E-04  CRITERION=  0.5000E-04 <<< CONVERGED
    >>> SOLUTION CONVERGED AFTER EQUILIBRIUM ITERATION   1
 *** LOAD STEP     4   SUBSTEP    16  COMPLETED.    CUM ITER =    542
 *** TIME =   33.6000         TIME INC =  0.100000    
 *** MAX VISCOELASTIC STRAIN STEP = 0.6000E-05

     FORCE CONVERGENCE VALUE  =  0.3830E-04  CRITERION=  0.5000E-04
     DISP CONVERGENCE VALUE   =  0.1111E-03  CRITERION=  0.1503E-02 <<< CONVERGED
    EQUIL ITER   1 COMPLETED.  OLD TRIANG MATRIX.  MAX DOF INC= -0.1111E-03
     FORCE CONVERGENCE VALUE  =  0.2276E-04  CRITERION=  0.5000E-04 <<< CONVERGED
    >>> SOLUTION CONVERGED AFTER EQUILIBRIUM ITERATION   1
 *** LOAD STEP     4   SUBSTEP    17  COMPLETED.    CUM ITER =    543
 *** TIME =   33.7000         TIME INC =  0.100000    
 *** MAX VISCOELASTIC STRAIN STEP = 0.5789E-05

     FORCE CONVERGENCE VALUE  =  0.3672E-04  CRITERION=  0.5000E-04
     DISP CONVERGENCE VALUE   =  0.1079E-03  CRITERION=  0.1503E-02 <<< CONVERGED
    EQUIL ITER   1 COMPLETED.  OLD TRIANG MATRIX.  MAX DOF INC= -0.1079E-03
     FORCE CONVERGENCE VALUE  =  0.2179E-04  CRITERION=  0.5000E-04 <<< CONVERGED
    >>> SOLUTION CONVERGED AFTER EQUILIBRIUM ITERATION   1
 *** LOAD STEP     4   SUBSTEP    18  COMPLETED.    CUM ITER =    544
 *** TIME =   33.8000         TIME INC =  0.100000    
 *** MAX VISCOELASTIC STRAIN STEP = 0.5587E-05

     FORCE CONVERGENCE VALUE  =  0.3472E-04  CRITERION=  0.5000E-04
     DISP CONVERGENCE VALUE   =  0.1061E-03  CRITERION=  0.1503E-02 <<< CONVERGED
    EQUIL ITER   1 COMPLETED.  OLD TRIANG MATRIX.  MAX DOF INC= -0.1061E-03
     FORCE CONVERGENCE VALUE  =  0.2053E-04  CRITERION=  0.5000E-04 <<< CONVERGED
    >>> SOLUTION CONVERGED AFTER EQUILIBRIUM ITERATION   1
 *** LOAD STEP     4   SUBSTEP    19  COMPLETED.    CUM ITER =    545
 *** TIME =   33.9000         TIME INC =  0.100000    
 *** MAX VISCOELASTIC STRAIN STEP = 0.5391E-05

     FORCE CONVERGENCE VALUE  =  0.3269E-04  CRITERION=  0.5000E-04
     DISP CONVERGENCE VALUE   =  0.1045E-03  CRITERION=  0.1503E-02 <<< CONVERGED
    EQUIL ITER   1 COMPLETED.  OLD TRIANG MATRIX.  MAX DOF INC= -0.1045E-03
     FORCE CONVERGENCE VALUE  =  0.1925E-04  CRITERION=  0.5000E-04 <<< CONVERGED
    >>> SOLUTION CONVERGED AFTER EQUILIBRIUM ITERATION   1
 *** LOAD STEP     4   SUBSTEP    20  COMPLETED.    CUM ITER =    546
 *** TIME =   34.0000         TIME INC =  0.100000    
 *** MAX VISCOELASTIC STRAIN STEP = 0.5202E-05

     FORCE CONVERGENCE VALUE  =  0.3086E-04  CRITERION=  0.5000E-04
     DISP CONVERGENCE VALUE   =  0.1024E-03  CRITERION=  0.1503E-02 <<< CONVERGED
    EQUIL ITER   1 COMPLETED.  OLD TRIANG MATRIX.  MAX DOF INC= -0.1024E-03
     FORCE CONVERGENCE VALUE  =  0.1810E-04  CRITERION=  0.5000E-04 <<< CONVERGED
    >>> SOLUTION CONVERGED AFTER EQUILIBRIUM ITERATION   1
 *** LOAD STEP     4   SUBSTEP    21  COMPLETED.    CUM ITER =    547
 *** TIME =   34.1000         TIME INC =  0.100000    
 *** MAX VISCOELASTIC STRAIN STEP = 0.5019E-05

     FORCE CONVERGENCE VALUE  =  0.2935E-04  CRITERION=  0.5000E-04
     DISP CONVERGENCE VALUE   =  0.9963E-04  CRITERION=  0.1503E-02 <<< CONVERGED
    EQUIL ITER   1 COMPLETED.  OLD TRIANG MATRIX.  MAX DOF INC= -0.9963E-04
     FORCE CONVERGENCE VALUE  =  0.1716E-04  CRITERION=  0.5000E-04 <<< CONVERGED
    >>> SOLUTION CONVERGED AFTER EQUILIBRIUM ITERATION   1
 *** LOAD STEP     4   SUBSTEP    22  COMPLETED.    CUM ITER =    548
 *** TIME =   34.2000         TIME INC =  0.100000    
 *** MAX VISCOELASTIC STRAIN STEP = 0.4843E-05

     FORCE CONVERGENCE VALUE  =  0.2816E-04  CRITERION=  0.5000E-04
     DISP CONVERGENCE VALUE   =  0.9605E-04  CRITERION=  0.1503E-02 <<< CONVERGED
    EQUIL ITER   1 COMPLETED.  OLD TRIANG MATRIX.  MAX DOF INC= -0.9605E-04
     FORCE CONVERGENCE VALUE  =  0.1644E-04  CRITERION=  0.5000E-04 <<< CONVERGED
    >>> SOLUTION CONVERGED AFTER EQUILIBRIUM ITERATION   1
 *** LOAD STEP     4   SUBSTEP    23  COMPLETED.    CUM ITER =    549
 *** TIME =   34.3000         TIME INC =  0.100000    
 *** MAX VISCOELASTIC STRAIN STEP = 0.4673E-05

     FORCE CONVERGENCE VALUE  =  0.2723E-04  CRITERION=  0.5000E-04
     DISP CONVERGENCE VALUE   =  0.9184E-04  CRITERION=  0.1503E-02 <<< CONVERGED
    EQUIL ITER   1 COMPLETED.  OLD TRIANG MATRIX.  MAX DOF INC= -0.9184E-04
     FORCE CONVERGENCE VALUE  =  0.1590E-04  CRITERION=  0.5000E-04 <<< CONVERGED
    >>> SOLUTION CONVERGED AFTER EQUILIBRIUM ITERATION   1
 *** LOAD STEP     4   SUBSTEP    24  COMPLETED.    CUM ITER =    550
 *** TIME =   34.4000         TIME INC =  0.100000    
 *** MAX VISCOELASTIC STRAIN STEP = 0.4509E-05

     FORCE CONVERGENCE VALUE  =  0.2651E-04  CRITERION=  0.5000E-04
     DISP CONVERGENCE VALUE   =  0.8724E-04  CRITERION=  0.1503E-02 <<< CONVERGED
    EQUIL ITER   1 COMPLETED.  OLD TRIANG MATRIX.  MAX DOF INC= -0.8724E-04
     FORCE CONVERGENCE VALUE  =  0.1550E-04  CRITERION=  0.5000E-04 <<< CONVERGED
    >>> SOLUTION CONVERGED AFTER EQUILIBRIUM ITERATION   1
 *** LOAD STEP     4   SUBSTEP    25  COMPLETED.    CUM ITER =    551
 *** TIME =   34.5000         TIME INC =  0.100000    
 *** MAX VISCOELASTIC STRAIN STEP = 0.4351E-05

     FORCE CONVERGENCE VALUE  =  0.2591E-04  CRITERION=  0.5000E-04
     DISP CONVERGENCE VALUE   =  0.8250E-04  CRITERION=  0.1503E-02 <<< CONVERGED
    EQUIL ITER   1 COMPLETED.  OLD TRIANG MATRIX.  MAX DOF INC= -0.8250E-04
     FORCE CONVERGENCE VALUE  =  0.1518E-04  CRITERION=  0.5000E-04 <<< CONVERGED
    >>> SOLUTION CONVERGED AFTER EQUILIBRIUM ITERATION   1
 *** LOAD STEP     4   SUBSTEP    26  COMPLETED.    CUM ITER =    552
 *** TIME =   34.6000         TIME INC =  0.100000    
 *** MAX VISCOELASTIC STRAIN STEP = 0.4200E-05

     FORCE CONVERGENCE VALUE  =  0.2537E-04  CRITERION=  0.5000E-04
     DISP CONVERGENCE VALUE   =  0.7781E-04  CRITERION=  0.1503E-02 <<< CONVERGED
    EQUIL ITER   1 COMPLETED.  OLD TRIANG MATRIX.  MAX DOF INC= -0.7781E-04
     FORCE CONVERGENCE VALUE  =  0.1490E-04  CRITERION=  0.5000E-04 <<< CONVERGED
    >>> SOLUTION CONVERGED AFTER EQUILIBRIUM ITERATION   1
 *** LOAD STEP     4   SUBSTEP    27  COMPLETED.    CUM ITER =    553
 *** TIME =   34.7000         TIME INC =  0.100000    
 *** MAX VISCOELASTIC STRAIN STEP = 0.4055E-05

     FORCE CONVERGENCE VALUE  =  0.2485E-04  CRITERION=  0.5000E-04
     DISP CONVERGENCE VALUE   =  0.7335E-04  CRITERION=  0.1503E-02 <<< CONVERGED
    EQUIL ITER   1 COMPLETED.  OLD TRIANG MATRIX.  MAX DOF INC= -0.7335E-04
     FORCE CONVERGENCE VALUE  =  0.1463E-04  CRITERION=  0.5000E-04 <<< CONVERGED
    >>> SOLUTION CONVERGED AFTER EQUILIBRIUM ITERATION   1
 *** LOAD STEP     4   SUBSTEP    28  COMPLETED.    CUM ITER =    554
 *** TIME =   34.8000         TIME INC =  0.100000    
 *** MAX VISCOELASTIC STRAIN STEP = 0.3915E-05

     FORCE CONVERGENCE VALUE  =  0.2431E-04  CRITERION=  0.5000E-04
     DISP CONVERGENCE VALUE   =  0.6921E-04  CRITERION=  0.1503E-02 <<< CONVERGED
    EQUIL ITER   1 COMPLETED.  OLD TRIANG MATRIX.  MAX DOF INC= -0.6921E-04
     FORCE CONVERGENCE VALUE  =  0.1435E-04  CRITERION=  0.5000E-04 <<< CONVERGED
    >>> SOLUTION CONVERGED AFTER EQUILIBRIUM ITERATION   1
 *** LOAD STEP     4   SUBSTEP    29  COMPLETED.    CUM ITER =    555
 *** TIME =   34.9000         TIME INC =  0.100000    
 *** MAX VISCOELASTIC STRAIN STEP = 0.3781E-05

     FORCE CONVERGENCE VALUE  =  0.2375E-04  CRITERION=  0.5000E-04
     DISP CONVERGENCE VALUE   =  0.6544E-04  CRITERION=  0.1503E-02 <<< CONVERGED
    EQUIL ITER   1 COMPLETED.  OLD TRIANG MATRIX.  MAX DOF INC= -0.6544E-04
     FORCE CONVERGENCE VALUE  =  0.1404E-04  CRITERION=  0.5000E-04 <<< CONVERGED
    >>> SOLUTION CONVERGED AFTER EQUILIBRIUM ITERATION   1
 *** LOAD STEP     4   SUBSTEP    30  COMPLETED.    CUM ITER =    556
 *** TIME =   35.0000         TIME INC =  0.100000    
 *** MAX VISCOELASTIC STRAIN STEP = 0.3653E-05

     FORCE CONVERGENCE VALUE  =  0.2315E-04  CRITERION=  0.5000E-04
     DISP CONVERGENCE VALUE   =  0.6205E-04  CRITERION=  0.1503E-02 <<< CONVERGED
    EQUIL ITER   1 COMPLETED.  OLD TRIANG MATRIX.  MAX DOF INC= -0.6205E-04
     FORCE CONVERGENCE VALUE  =  0.1371E-04  CRITERION=  0.5000E-04 <<< CONVERGED
    >>> SOLUTION CONVERGED AFTER EQUILIBRIUM ITERATION   1
 *** LOAD STEP     4   SUBSTEP    31  COMPLETED.    CUM ITER =    557
 *** TIME =   35.1000         TIME INC =  0.100000    
 *** MAX VISCOELASTIC STRAIN STEP = 0.3529E-05

     FORCE CONVERGENCE VALUE  =  0.2253E-04  CRITERION=  0.5000E-04
     DISP CONVERGENCE VALUE   =  0.5900E-04  CRITERION=  0.1503E-02 <<< CONVERGED
    EQUIL ITER   1 COMPLETED.  OLD TRIANG MATRIX.  MAX DOF INC= -0.5900E-04
     FORCE CONVERGENCE VALUE  =  0.1336E-04  CRITERION=  0.5000E-04 <<< CONVERGED
    >>> SOLUTION CONVERGED AFTER EQUILIBRIUM ITERATION   1
 *** LOAD STEP     4   SUBSTEP    32  COMPLETED.    CUM ITER =    558
 *** TIME =   35.2000         TIME INC =  0.100000    
 *** MAX VISCOELASTIC STRAIN STEP = 0.3409E-05

     FORCE CONVERGENCE VALUE  =  0.2189E-04  CRITERION=  0.5000E-04
     DISP CONVERGENCE VALUE   =  0.5626E-04  CRITERION=  0.1503E-02 <<< CONVERGED
    EQUIL ITER   1 COMPLETED.  OLD TRIANG MATRIX.  MAX DOF INC= -0.5626E-04
     FORCE CONVERGENCE VALUE  =  0.1299E-04  CRITERION=  0.5000E-04 <<< CONVERGED
    >>> SOLUTION CONVERGED AFTER EQUILIBRIUM ITERATION   1
 *** LOAD STEP     4   SUBSTEP    33  COMPLETED.    CUM ITER =    559
 *** TIME =   35.3000         TIME INC =  0.100000    
 *** MAX VISCOELASTIC STRAIN STEP = 0.3295E-05

     FORCE CONVERGENCE VALUE  =  0.2124E-04  CRITERION=  0.5000E-04
     DISP CONVERGENCE VALUE   =  0.5378E-04  CRITERION=  0.1503E-02 <<< CONVERGED
    EQUIL ITER   1 COMPLETED.  OLD TRIANG MATRIX.  MAX DOF INC= -0.5378E-04
     FORCE CONVERGENCE VALUE  =  0.1261E-04  CRITERION=  0.5000E-04 <<< CONVERGED
    >>> SOLUTION CONVERGED AFTER EQUILIBRIUM ITERATION   1
 *** LOAD STEP     4   SUBSTEP    34  COMPLETED.    CUM ITER =    560
 *** TIME =   35.4000         TIME INC =  0.100000    
 *** MAX VISCOELASTIC STRAIN STEP = 0.3184E-05

     FORCE CONVERGENCE VALUE  =  0.2058E-04  CRITERION=  0.5000E-04
     DISP CONVERGENCE VALUE   =  0.5151E-04  CRITERION=  0.1503E-02 <<< CONVERGED
    EQUIL ITER   1 COMPLETED.  OLD TRIANG MATRIX.  MAX DOF INC= -0.5151E-04
     FORCE CONVERGENCE VALUE  =  0.1223E-04  CRITERION=  0.5000E-04 <<< CONVERGED
    >>> SOLUTION CONVERGED AFTER EQUILIBRIUM ITERATION   1
 *** LOAD STEP     4   SUBSTEP    35  COMPLETED.    CUM ITER =    561
 *** TIME =   35.5000         TIME INC =  0.100000    
 *** MAX VISCOELASTIC STRAIN STEP = 0.3077E-05

     FORCE CONVERGENCE VALUE  =  0.1993E-04  CRITERION=  0.5000E-04
     DISP CONVERGENCE VALUE   =  0.4941E-04  CRITERION=  0.1503E-02 <<< CONVERGED
    EQUIL ITER   1 COMPLETED.  OLD TRIANG MATRIX.  MAX DOF INC= -0.4941E-04
     FORCE CONVERGENCE VALUE  =  0.1184E-04  CRITERION=  0.5000E-04 <<< CONVERGED
    >>> SOLUTION CONVERGED AFTER EQUILIBRIUM ITERATION   1
 *** LOAD STEP     4   SUBSTEP    36  COMPLETED.    CUM ITER =    562
 *** TIME =   35.6000         TIME INC =  0.100000    
 *** MAX VISCOELASTIC STRAIN STEP = 0.2974E-05

     FORCE CONVERGENCE VALUE  =  0.1929E-04  CRITERION=  0.5000E-04
     DISP CONVERGENCE VALUE   =  0.4744E-04  CRITERION=  0.1503E-02 <<< CONVERGED
    EQUIL ITER   1 COMPLETED.  OLD TRIANG MATRIX.  MAX DOF INC= -0.4744E-04
     FORCE CONVERGENCE VALUE  =  0.1147E-04  CRITERION=  0.5000E-04 <<< CONVERGED
    >>> SOLUTION CONVERGED AFTER EQUILIBRIUM ITERATION   1
 *** LOAD STEP     4   SUBSTEP    37  COMPLETED.    CUM ITER =    563
 *** TIME =   35.7000         TIME INC =  0.100000    
 *** MAX VISCOELASTIC STRAIN STEP = 0.2875E-05

     FORCE CONVERGENCE VALUE  =  0.1867E-04  CRITERION=  0.5000E-04
     DISP CONVERGENCE VALUE   =  0.4558E-04  CRITERION=  0.1503E-02 <<< CONVERGED
    EQUIL ITER   1 COMPLETED.  OLD TRIANG MATRIX.  MAX DOF INC= -0.4558E-04
     FORCE CONVERGENCE VALUE  =  0.1110E-04  CRITERION=  0.5000E-04 <<< CONVERGED
    >>> SOLUTION CONVERGED AFTER EQUILIBRIUM ITERATION   1
 *** LOAD STEP     4   SUBSTEP    38  COMPLETED.    CUM ITER =    564
 *** TIME =   35.8000         TIME INC =  0.100000    
 *** MAX VISCOELASTIC STRAIN STEP = 0.2779E-05

     FORCE CONVERGENCE VALUE  =  0.1807E-04  CRITERION=  0.5000E-04
     DISP CONVERGENCE VALUE   =  0.4381E-04  CRITERION=  0.1503E-02 <<< CONVERGED
    EQUIL ITER   1 COMPLETED.  OLD TRIANG MATRIX.  MAX DOF INC= -0.4381E-04
     FORCE CONVERGENCE VALUE  =  0.1074E-04  CRITERION=  0.5000E-04 <<< CONVERGED
    >>> SOLUTION CONVERGED AFTER EQUILIBRIUM ITERATION   1
 *** LOAD STEP     4   SUBSTEP    39  COMPLETED.    CUM ITER =    565
 *** TIME =   35.9000         TIME INC =  0.100000    
 *** MAX VISCOELASTIC STRAIN STEP = 0.2687E-05

     FORCE CONVERGENCE VALUE  =  0.1748E-04  CRITERION=  0.5000E-04
     DISP CONVERGENCE VALUE   =  0.4212E-04  CRITERION=  0.1503E-02 <<< CONVERGED
    EQUIL ITER   1 COMPLETED.  OLD TRIANG MATRIX.  MAX DOF INC= -0.4212E-04
     FORCE CONVERGENCE VALUE  =  0.1039E-04  CRITERION=  0.5000E-04 <<< CONVERGED
    >>> SOLUTION CONVERGED AFTER EQUILIBRIUM ITERATION   1
 *** LOAD STEP     4   SUBSTEP    40  COMPLETED.    CUM ITER =    566
 *** TIME =   36.0000         TIME INC =  0.100000    
 *** MAX VISCOELASTIC STRAIN STEP = 0.2598E-05

     FORCE CONVERGENCE VALUE  =  0.1692E-04  CRITERION=  0.5000E-04
     DISP CONVERGENCE VALUE   =  0.4051E-04  CRITERION=  0.1503E-02 <<< CONVERGED
    EQUIL ITER   1 COMPLETED.  OLD TRIANG MATRIX.  MAX DOF INC= -0.4051E-04
     FORCE CONVERGENCE VALUE  =  0.1006E-04  CRITERION=  0.5000E-04 <<< CONVERGED
    >>> SOLUTION CONVERGED AFTER EQUILIBRIUM ITERATION   1
 *** LOAD STEP     4   SUBSTEP    41  COMPLETED.    CUM ITER =    567
 *** TIME =   36.1000         TIME INC =  0.100000    
 *** MAX VISCOELASTIC STRAIN STEP = 0.2512E-05

     FORCE CONVERGENCE VALUE  =  0.1637E-04  CRITERION=  0.5000E-04
     DISP CONVERGENCE VALUE   =  0.3896E-04  CRITERION=  0.1503E-02 <<< CONVERGED
    EQUIL ITER   1 COMPLETED.  OLD TRIANG MATRIX.  MAX DOF INC= -0.3896E-04
     FORCE CONVERGENCE VALUE  =  0.9735E-05  CRITERION=  0.5000E-04 <<< CONVERGED
    >>> SOLUTION CONVERGED AFTER EQUILIBRIUM ITERATION   1
 *** LOAD STEP     4   SUBSTEP    42  COMPLETED.    CUM ITER =    568
 *** TIME =   36.2000         TIME INC =  0.100000    
 *** MAX VISCOELASTIC STRAIN STEP = 0.2428E-05

     FORCE CONVERGENCE VALUE  =  0.1584E-04  CRITERION=  0.5000E-04
     DISP CONVERGENCE VALUE   =  0.3748E-04  CRITERION=  0.1503E-02 <<< CONVERGED
    EQUIL ITER   1 COMPLETED.  OLD TRIANG MATRIX.  MAX DOF INC= -0.3748E-04
     FORCE CONVERGENCE VALUE  =  0.9421E-05  CRITERION=  0.5000E-04 <<< CONVERGED
    >>> SOLUTION CONVERGED AFTER EQUILIBRIUM ITERATION   1
 *** LOAD STEP     4   SUBSTEP    43  COMPLETED.    CUM ITER =    569
 *** TIME =   36.3000         TIME INC =  0.100000    
 *** MAX VISCOELASTIC STRAIN STEP = 0.2348E-05

     FORCE CONVERGENCE VALUE  =  0.1533E-04  CRITERION=  0.5000E-04
     DISP CONVERGENCE VALUE   =  0.3606E-04  CRITERION=  0.1503E-02 <<< CONVERGED
    EQUIL ITER   1 COMPLETED.  OLD TRIANG MATRIX.  MAX DOF INC= -0.3606E-04
     FORCE CONVERGENCE VALUE  =  0.9117E-05  CRITERION=  0.5000E-04 <<< CONVERGED
    >>> SOLUTION CONVERGED AFTER EQUILIBRIUM ITERATION   1
 *** LOAD STEP     4   SUBSTEP    44  COMPLETED.    CUM ITER =    570
 *** TIME =   36.4000         TIME INC =  0.100000    
 *** MAX VISCOELASTIC STRAIN STEP = 0.2271E-05

     FORCE CONVERGENCE VALUE  =  0.1483E-04  CRITERION=  0.5000E-04
     DISP CONVERGENCE VALUE   =  0.3471E-04  CRITERION=  0.1503E-02 <<< CONVERGED
    EQUIL ITER   1 COMPLETED.  OLD TRIANG MATRIX.  MAX DOF INC= -0.3471E-04
     FORCE CONVERGENCE VALUE  =  0.8822E-05  CRITERION=  0.5000E-04 <<< CONVERGED
    >>> SOLUTION CONVERGED AFTER EQUILIBRIUM ITERATION   1
 *** LOAD STEP     4   SUBSTEP    45  COMPLETED.    CUM ITER =    571
 *** TIME =   36.5000         TIME INC =  0.100000    
 *** MAX VISCOELASTIC STRAIN STEP = 0.2196E-05

     FORCE CONVERGENCE VALUE  =  0.1435E-04  CRITERION=  0.5000E-04
     DISP CONVERGENCE VALUE   =  0.3341E-04  CRITERION=  0.1503E-02 <<< CONVERGED
    EQUIL ITER   1 COMPLETED.  OLD TRIANG MATRIX.  MAX DOF INC= -0.3341E-04
     FORCE CONVERGENCE VALUE  =  0.8537E-05  CRITERION=  0.5000E-04 <<< CONVERGED
    >>> SOLUTION CONVERGED AFTER EQUILIBRIUM ITERATION   1
 *** LOAD STEP     4   SUBSTEP    46  COMPLETED.    CUM ITER =    572
 *** TIME =   36.6000         TIME INC =  0.100000    
 *** MAX VISCOELASTIC STRAIN STEP = 0.2124E-05

     FORCE CONVERGENCE VALUE  =  0.1388E-04  CRITERION=  0.5000E-04
     DISP CONVERGENCE VALUE   =  0.3218E-04  CRITERION=  0.1503E-02 <<< CONVERGED
    EQUIL ITER   1 COMPLETED.  OLD TRIANG MATRIX.  MAX DOF INC= -0.3218E-04
     FORCE CONVERGENCE VALUE  =  0.8259E-05  CRITERION=  0.5000E-04 <<< CONVERGED
    >>> SOLUTION CONVERGED AFTER EQUILIBRIUM ITERATION   1
 *** LOAD STEP     4   SUBSTEP    47  COMPLETED.    CUM ITER =    573
 *** TIME =   36.7000         TIME INC =  0.100000    
 *** MAX VISCOELASTIC STRAIN STEP = 0.2054E-05

     FORCE CONVERGENCE VALUE  =  0.1343E-04  CRITERION=  0.5000E-04
     DISP CONVERGENCE VALUE   =  0.3099E-04  CRITERION=  0.1503E-02 <<< CONVERGED
    EQUIL ITER   1 COMPLETED.  OLD TRIANG MATRIX.  MAX DOF INC= -0.3099E-04
     FORCE CONVERGENCE VALUE  =  0.7990E-05  CRITERION=  0.5000E-04 <<< CONVERGED
    >>> SOLUTION CONVERGED AFTER EQUILIBRIUM ITERATION   1
 *** LOAD STEP     4   SUBSTEP    48  COMPLETED.    CUM ITER =    574
 *** TIME =   36.8000         TIME INC =  0.100000    
 *** MAX VISCOELASTIC STRAIN STEP = 0.1987E-05

     FORCE CONVERGENCE VALUE  =  0.1299E-04  CRITERION=  0.5000E-04
     DISP CONVERGENCE VALUE   =  0.2986E-04  CRITERION=  0.1503E-02 <<< CONVERGED
    EQUIL ITER   1 COMPLETED.  OLD TRIANG MATRIX.  MAX DOF INC= -0.2986E-04
     FORCE CONVERGENCE VALUE  =  0.7729E-05  CRITERION=  0.5000E-04 <<< CONVERGED
    >>> SOLUTION CONVERGED AFTER EQUILIBRIUM ITERATION   1
 *** LOAD STEP     4   SUBSTEP    49  COMPLETED.    CUM ITER =    575
 *** TIME =   36.9000         TIME INC =  0.100000    
 *** MAX VISCOELASTIC STRAIN STEP = 0.1922E-05

     FORCE CONVERGENCE VALUE  =  0.1256E-04  CRITERION=  0.5000E-04
     DISP CONVERGENCE VALUE   =  0.2878E-04  CRITERION=  0.1503E-02 <<< CONVERGED
    EQUIL ITER   1 COMPLETED.  OLD TRIANG MATRIX.  MAX DOF INC= -0.2878E-04
     FORCE CONVERGENCE VALUE  =  0.7476E-05  CRITERION=  0.5000E-04 <<< CONVERGED
    >>> SOLUTION CONVERGED AFTER EQUILIBRIUM ITERATION   1
 *** LOAD STEP     4   SUBSTEP    50  COMPLETED.    CUM ITER =    576
 *** TIME =   37.0000         TIME INC =  0.100000    
 *** MAX VISCOELASTIC STRAIN STEP = 0.1859E-05

     FORCE CONVERGENCE VALUE  =  0.1215E-04  CRITERION=  0.5000E-04
     DISP CONVERGENCE VALUE   =  0.2775E-04  CRITERION=  0.1503E-02 <<< CONVERGED
    EQUIL ITER   1 COMPLETED.  OLD TRIANG MATRIX.  MAX DOF INC= -0.2775E-04
     FORCE CONVERGENCE VALUE  =  0.7231E-05  CRITERION=  0.5000E-04 <<< CONVERGED
    >>> SOLUTION CONVERGED AFTER EQUILIBRIUM ITERATION   1
 *** LOAD STEP     4   SUBSTEP    51  COMPLETED.    CUM ITER =    577
 *** TIME =   37.1000         TIME INC =  0.100000    
 *** MAX VISCOELASTIC STRAIN STEP = 0.1799E-05

     FORCE CONVERGENCE VALUE  =  0.1175E-04  CRITERION=  0.5000E-04
     DISP CONVERGENCE VALUE   =  0.2676E-04  CRITERION=  0.1503E-02 <<< CONVERGED
    EQUIL ITER   1 COMPLETED.  OLD TRIANG MATRIX.  MAX DOF INC= -0.2676E-04
     FORCE CONVERGENCE VALUE  =  0.6993E-05  CRITERION=  0.5000E-04 <<< CONVERGED
    >>> SOLUTION CONVERGED AFTER EQUILIBRIUM ITERATION   1
 *** LOAD STEP     4   SUBSTEP    52  COMPLETED.    CUM ITER =    578
 *** TIME =   37.2000         TIME INC =  0.100000    
 *** MAX VISCOELASTIC STRAIN STEP = 0.1740E-05

     FORCE CONVERGENCE VALUE  =  0.1136E-04  CRITERION=  0.5000E-04
     DISP CONVERGENCE VALUE   =  0.2581E-04  CRITERION=  0.1503E-02 <<< CONVERGED
    EQUIL ITER   1 COMPLETED.  OLD TRIANG MATRIX.  MAX DOF INC= -0.2581E-04
     FORCE CONVERGENCE VALUE  =  0.6762E-05  CRITERION=  0.5000E-04 <<< CONVERGED
    >>> SOLUTION CONVERGED AFTER EQUILIBRIUM ITERATION   1
 *** LOAD STEP     4   SUBSTEP    53  COMPLETED.    CUM ITER =    579
 *** TIME =   37.3000         TIME INC =  0.100000    
 *** MAX VISCOELASTIC STRAIN STEP = 0.1683E-05

     FORCE CONVERGENCE VALUE  =  0.1099E-04  CRITERION=  0.5000E-04
     DISP CONVERGENCE VALUE   =  0.2490E-04  CRITERION=  0.1503E-02 <<< CONVERGED
    EQUIL ITER   1 COMPLETED.  OLD TRIANG MATRIX.  MAX DOF INC= -0.2490E-04
     FORCE CONVERGENCE VALUE  =  0.6539E-05  CRITERION=  0.5000E-04 <<< CONVERGED
    >>> SOLUTION CONVERGED AFTER EQUILIBRIUM ITERATION   1
 *** LOAD STEP     4   SUBSTEP    54  COMPLETED.    CUM ITER =    580
 *** TIME =   37.4000         TIME INC =  0.100000    
 *** MAX VISCOELASTIC STRAIN STEP = 0.1629E-05

     FORCE CONVERGENCE VALUE  =  0.1063E-04  CRITERION=  0.5000E-04
     DISP CONVERGENCE VALUE   =  0.2402E-04  CRITERION=  0.1503E-02 <<< CONVERGED
    EQUIL ITER   1 COMPLETED.  OLD TRIANG MATRIX.  MAX DOF INC= -0.2402E-04
     FORCE CONVERGENCE VALUE  =  0.6323E-05  CRITERION=  0.5000E-04 <<< CONVERGED
    >>> SOLUTION CONVERGED AFTER EQUILIBRIUM ITERATION   1
 *** LOAD STEP     4   SUBSTEP    55  COMPLETED.    CUM ITER =    581
 *** TIME =   37.5000         TIME INC =  0.100000    
 *** MAX VISCOELASTIC STRAIN STEP = 0.1576E-05

     FORCE CONVERGENCE VALUE  =  0.1027E-04  CRITERION=  0.5000E-04
     DISP CONVERGENCE VALUE   =  0.2318E-04  CRITERION=  0.1503E-02 <<< CONVERGED
    EQUIL ITER   1 COMPLETED.  OLD TRIANG MATRIX.  MAX DOF INC= -0.2318E-04
     FORCE CONVERGENCE VALUE  =  0.6113E-05  CRITERION=  0.5000E-04 <<< CONVERGED
    >>> SOLUTION CONVERGED AFTER EQUILIBRIUM ITERATION   1
 *** LOAD STEP     4   SUBSTEP    56  COMPLETED.    CUM ITER =    582
 *** TIME =   37.6000         TIME INC =  0.100000    
 *** MAX VISCOELASTIC STRAIN STEP = 0.1525E-05

     FORCE CONVERGENCE VALUE  =  0.9934E-05  CRITERION=  0.5000E-04
     DISP CONVERGENCE VALUE   =  0.2237E-04  CRITERION=  0.1503E-02 <<< CONVERGED
    EQUIL ITER   1 COMPLETED.  OLD TRIANG MATRIX.  MAX DOF INC= -0.2237E-04
     FORCE CONVERGENCE VALUE  =  0.5911E-05  CRITERION=  0.5000E-04 <<< CONVERGED
    >>> SOLUTION CONVERGED AFTER EQUILIBRIUM ITERATION   1
 *** LOAD STEP     4   SUBSTEP    57  COMPLETED.    CUM ITER =    583
 *** TIME =   37.7000         TIME INC =  0.100000    
 *** MAX VISCOELASTIC STRAIN STEP = 0.1476E-05

     FORCE CONVERGENCE VALUE  =  0.9606E-05  CRITERION=  0.5000E-04
     DISP CONVERGENCE VALUE   =  0.2159E-04  CRITERION=  0.1503E-02 <<< CONVERGED
    EQUIL ITER   1 COMPLETED.  OLD TRIANG MATRIX.  MAX DOF INC= -0.2159E-04
     FORCE CONVERGENCE VALUE  =  0.5715E-05  CRITERION=  0.5000E-04 <<< CONVERGED
    >>> SOLUTION CONVERGED AFTER EQUILIBRIUM ITERATION   1
 *** LOAD STEP     4   SUBSTEP    58  COMPLETED.    CUM ITER =    584
 *** TIME =   37.8000         TIME INC =  0.100000    
 *** MAX VISCOELASTIC STRAIN STEP = 0.1428E-05

     FORCE CONVERGENCE VALUE  =  0.9288E-05  CRITERION=  0.5000E-04
     DISP CONVERGENCE VALUE   =  0.2084E-04  CRITERION=  0.1503E-02 <<< CONVERGED
    EQUIL ITER   1 COMPLETED.  OLD TRIANG MATRIX.  MAX DOF INC= -0.2084E-04
     FORCE CONVERGENCE VALUE  =  0.5526E-05  CRITERION=  0.5000E-04 <<< CONVERGED
    >>> SOLUTION CONVERGED AFTER EQUILIBRIUM ITERATION   1
 *** LOAD STEP     4   SUBSTEP    59  COMPLETED.    CUM ITER =    585
 *** TIME =   37.9000         TIME INC =  0.100000    
 *** MAX VISCOELASTIC STRAIN STEP = 0.1382E-05

     FORCE CONVERGENCE VALUE  =  0.8980E-05  CRITERION=  0.5000E-04
     DISP CONVERGENCE VALUE   =  0.2012E-04  CRITERION=  0.1503E-02 <<< CONVERGED
    EQUIL ITER   1 COMPLETED.  OLD TRIANG MATRIX.  MAX DOF INC= -0.2012E-04
     FORCE CONVERGENCE VALUE  =  0.5343E-05  CRITERION=  0.5000E-04 <<< CONVERGED
    >>> SOLUTION CONVERGED AFTER EQUILIBRIUM ITERATION   1
 *** LOAD STEP     4   SUBSTEP    60  COMPLETED.    CUM ITER =    586
 *** TIME =   38.0000         TIME INC =  0.100000    
 *** MAX VISCOELASTIC STRAIN STEP = 0.1338E-05

     FORCE CONVERGENCE VALUE  =  0.8683E-05  CRITERION=  0.5000E-04
     DISP CONVERGENCE VALUE   =  0.1942E-04  CRITERION=  0.1503E-02 <<< CONVERGED
    EQUIL ITER   1 COMPLETED.  OLD TRIANG MATRIX.  MAX DOF INC= -0.1942E-04
     FORCE CONVERGENCE VALUE  =  0.5166E-05  CRITERION=  0.5000E-04 <<< CONVERGED
    >>> SOLUTION CONVERGED AFTER EQUILIBRIUM ITERATION   1
 *** LOAD STEP     4   SUBSTEP    61  COMPLETED.    CUM ITER =    587
 *** TIME =   38.1000         TIME INC =  0.100000    
 *** MAX VISCOELASTIC STRAIN STEP = 0.1295E-05

     FORCE CONVERGENCE VALUE  =  0.8395E-05  CRITERION=  0.5000E-04
     DISP CONVERGENCE VALUE   =  0.1875E-04  CRITERION=  0.1503E-02 <<< CONVERGED
    EQUIL ITER   1 COMPLETED.  OLD TRIANG MATRIX.  MAX DOF INC= -0.1875E-04
     FORCE CONVERGENCE VALUE  =  0.4994E-05  CRITERION=  0.5000E-04 <<< CONVERGED
    >>> SOLUTION CONVERGED AFTER EQUILIBRIUM ITERATION   1
 *** LOAD STEP     4   SUBSTEP    62  COMPLETED.    CUM ITER =    588
 *** TIME =   38.2000         TIME INC =  0.100000    
 *** MAX VISCOELASTIC STRAIN STEP = 0.1254E-05

     FORCE CONVERGENCE VALUE  =  0.8117E-05  CRITERION=  0.5000E-04
     DISP CONVERGENCE VALUE   =  0.1811E-04  CRITERION=  0.1503E-02 <<< CONVERGED
    EQUIL ITER   1 COMPLETED.  OLD TRIANG MATRIX.  MAX DOF INC= -0.1811E-04
     FORCE CONVERGENCE VALUE  =  0.4829E-05  CRITERION=  0.5000E-04 <<< CONVERGED
    >>> SOLUTION CONVERGED AFTER EQUILIBRIUM ITERATION   1
 *** LOAD STEP     4   SUBSTEP    63  COMPLETED.    CUM ITER =    589
 *** TIME =   38.3000         TIME INC =  0.100000    
 *** MAX VISCOELASTIC STRAIN STEP = 0.1214E-05

     FORCE CONVERGENCE VALUE  =  0.7848E-05  CRITERION=  0.5000E-04
     DISP CONVERGENCE VALUE   =  0.1749E-04  CRITERION=  0.1503E-02 <<< CONVERGED
    EQUIL ITER   1 COMPLETED.  OLD TRIANG MATRIX.  MAX DOF INC= -0.1749E-04
     FORCE CONVERGENCE VALUE  =  0.4669E-05  CRITERION=  0.5000E-04 <<< CONVERGED
    >>> SOLUTION CONVERGED AFTER EQUILIBRIUM ITERATION   1
 *** LOAD STEP     4   SUBSTEP    64  COMPLETED.    CUM ITER =    590
 *** TIME =   38.4000         TIME INC =  0.100000    
 *** MAX VISCOELASTIC STRAIN STEP = 0.1175E-05

     FORCE CONVERGENCE VALUE  =  0.7587E-05  CRITERION=  0.5000E-04
     DISP CONVERGENCE VALUE   =  0.1689E-04  CRITERION=  0.1503E-02 <<< CONVERGED
    EQUIL ITER   1 COMPLETED.  OLD TRIANG MATRIX.  MAX DOF INC= -0.1689E-04
     FORCE CONVERGENCE VALUE  =  0.4514E-05  CRITERION=  0.5000E-04 <<< CONVERGED
    >>> SOLUTION CONVERGED AFTER EQUILIBRIUM ITERATION   1
 *** LOAD STEP     4   SUBSTEP    65  COMPLETED.    CUM ITER =    591
 *** TIME =   38.5000         TIME INC =  0.100000    
 *** MAX VISCOELASTIC STRAIN STEP = 0.1138E-05

     FORCE CONVERGENCE VALUE  =  0.7336E-05  CRITERION=  0.5000E-04
     DISP CONVERGENCE VALUE   =  0.1631E-04  CRITERION=  0.1503E-02 <<< CONVERGED
    EQUIL ITER   1 COMPLETED.  OLD TRIANG MATRIX.  MAX DOF INC= -0.1631E-04
     FORCE CONVERGENCE VALUE  =  0.4364E-05  CRITERION=  0.5000E-04 <<< CONVERGED
    >>> SOLUTION CONVERGED AFTER EQUILIBRIUM ITERATION   1
 *** LOAD STEP     4   SUBSTEP    66  COMPLETED.    CUM ITER =    592
 *** TIME =   38.6000         TIME INC =  0.100000    
 *** MAX VISCOELASTIC STRAIN STEP = 0.1102E-05

     FORCE CONVERGENCE VALUE  =  0.7092E-05  CRITERION=  0.5000E-04
     DISP CONVERGENCE VALUE   =  0.1575E-04  CRITERION=  0.1503E-02 <<< CONVERGED
    EQUIL ITER   1 COMPLETED.  OLD TRIANG MATRIX.  MAX DOF INC= -0.1575E-04
     FORCE CONVERGENCE VALUE  =  0.4219E-05  CRITERION=  0.5000E-04 <<< CONVERGED
    >>> SOLUTION CONVERGED AFTER EQUILIBRIUM ITERATION   1
 *** LOAD STEP     4   SUBSTEP    67  COMPLETED.    CUM ITER =    593
 *** TIME =   38.7000         TIME INC =  0.100000    
 *** MAX VISCOELASTIC STRAIN STEP = 0.1067E-05

     FORCE CONVERGENCE VALUE  =  0.6857E-05  CRITERION=  0.5000E-04
     DISP CONVERGENCE VALUE   =  0.1522E-04  CRITERION=  0.1503E-02 <<< CONVERGED
    EQUIL ITER   1 COMPLETED.  OLD TRIANG MATRIX.  MAX DOF INC= -0.1522E-04
     FORCE CONVERGENCE VALUE  =  0.4079E-05  CRITERION=  0.5000E-04 <<< CONVERGED
    >>> SOLUTION CONVERGED AFTER EQUILIBRIUM ITERATION   1
 *** LOAD STEP     4   SUBSTEP    68  COMPLETED.    CUM ITER =    594
 *** TIME =   38.8000         TIME INC =  0.100000    
 *** MAX VISCOELASTIC STRAIN STEP = 0.1033E-05

     FORCE CONVERGENCE VALUE  =  0.6630E-05  CRITERION=  0.5000E-04
     DISP CONVERGENCE VALUE   =  0.1470E-04  CRITERION=  0.1503E-02 <<< CONVERGED
    EQUIL ITER   1 COMPLETED.  OLD TRIANG MATRIX.  MAX DOF INC= -0.1470E-04
     FORCE CONVERGENCE VALUE  =  0.3943E-05  CRITERION=  0.5000E-04 <<< CONVERGED
    >>> SOLUTION CONVERGED AFTER EQUILIBRIUM ITERATION   1
 *** LOAD STEP     4   SUBSTEP    69  COMPLETED.    CUM ITER =    595
 *** TIME =   38.9000         TIME INC =  0.100000    
 *** MAX VISCOELASTIC STRAIN STEP = 0.1000E-05

     FORCE CONVERGENCE VALUE  =  0.6410E-05  CRITERION=  0.5000E-04
     DISP CONVERGENCE VALUE   =  0.1420E-04  CRITERION=  0.1503E-02 <<< CONVERGED
    EQUIL ITER   1 COMPLETED.  OLD TRIANG MATRIX.  MAX DOF INC= -0.1420E-04
     FORCE CONVERGENCE VALUE  =  0.3812E-05  CRITERION=  0.5000E-04 <<< CONVERGED
    >>> SOLUTION CONVERGED AFTER EQUILIBRIUM ITERATION   1
 *** LOAD STEP     4   SUBSTEP    70  COMPLETED.    CUM ITER =    596
 *** TIME =   39.0000         TIME INC =  0.100000    
 *** MAX VISCOELASTIC STRAIN STEP = 0.9690E-06

     FORCE CONVERGENCE VALUE  =  0.6197E-05  CRITERION=  0.5000E-04
     DISP CONVERGENCE VALUE   =  0.1372E-04  CRITERION=  0.1503E-02 <<< CONVERGED
    EQUIL ITER   1 COMPLETED.  OLD TRIANG MATRIX.  MAX DOF INC= -0.1372E-04
     FORCE CONVERGENCE VALUE  =  0.3686E-05  CRITERION=  0.5000E-04 <<< CONVERGED
    >>> SOLUTION CONVERGED AFTER EQUILIBRIUM ITERATION   1
 *** LOAD STEP     4   SUBSTEP    71  COMPLETED.    CUM ITER =    597
 *** TIME =   39.1000         TIME INC =  0.100000    
 *** MAX VISCOELASTIC STRAIN STEP = 0.9386E-06

     FORCE CONVERGENCE VALUE  =  0.5991E-05  CRITERION=  0.5000E-04
     DISP CONVERGENCE VALUE   =  0.1325E-04  CRITERION=  0.1503E-02 <<< CONVERGED
    EQUIL ITER   1 COMPLETED.  OLD TRIANG MATRIX.  MAX DOF INC= -0.1325E-04
     FORCE CONVERGENCE VALUE  =  0.3563E-05  CRITERION=  0.5000E-04 <<< CONVERGED
    >>> SOLUTION CONVERGED AFTER EQUILIBRIUM ITERATION   1
 *** LOAD STEP     4   SUBSTEP    72  COMPLETED.    CUM ITER =    598
 *** TIME =   39.2000         TIME INC =  0.100000    
 *** MAX VISCOELASTIC STRAIN STEP = 0.9092E-06

     FORCE CONVERGENCE VALUE  =  0.5792E-05  CRITERION=  0.5000E-04
     DISP CONVERGENCE VALUE   =  0.1280E-04  CRITERION=  0.1503E-02 <<< CONVERGED
    EQUIL ITER   1 COMPLETED.  OLD TRIANG MATRIX.  MAX DOF INC= -0.1280E-04
     FORCE CONVERGENCE VALUE  =  0.3445E-05  CRITERION=  0.5000E-04 <<< CONVERGED
    >>> SOLUTION CONVERGED AFTER EQUILIBRIUM ITERATION   1
 *** LOAD STEP     4   SUBSTEP    73  COMPLETED.    CUM ITER =    599
 *** TIME =   39.3000         TIME INC =  0.100000    
 *** MAX VISCOELASTIC STRAIN STEP = 0.8808E-06

     FORCE CONVERGENCE VALUE  =  0.5600E-05  CRITERION=  0.5000E-04
     DISP CONVERGENCE VALUE   =  0.1237E-04  CRITERION=  0.1503E-02 <<< CONVERGED
    EQUIL ITER   1 COMPLETED.  OLD TRIANG MATRIX.  MAX DOF INC= -0.1237E-04
     FORCE CONVERGENCE VALUE  =  0.3330E-05  CRITERION=  0.5000E-04 <<< CONVERGED
    >>> SOLUTION CONVERGED AFTER EQUILIBRIUM ITERATION   1
 *** LOAD STEP     4   SUBSTEP    74  COMPLETED.    CUM ITER =    600
 *** TIME =   39.4000         TIME INC =  0.100000    
 *** MAX VISCOELASTIC STRAIN STEP = 0.8534E-06

     FORCE CONVERGENCE VALUE  =  0.5414E-05  CRITERION=  0.5000E-04
     DISP CONVERGENCE VALUE   =  0.1195E-04  CRITERION=  0.1503E-02 <<< CONVERGED
    EQUIL ITER   1 COMPLETED.  OLD TRIANG MATRIX.  MAX DOF INC= -0.1195E-04
     FORCE CONVERGENCE VALUE  =  0.3220E-05  CRITERION=  0.5000E-04 <<< CONVERGED
    >>> SOLUTION CONVERGED AFTER EQUILIBRIUM ITERATION   1
 *** LOAD STEP     4   SUBSTEP    75  COMPLETED.    CUM ITER =    601
 *** TIME =   39.5000         TIME INC =  0.100000    
 *** MAX VISCOELASTIC STRAIN STEP = 0.8269E-06

     FORCE CONVERGENCE VALUE  =  0.5234E-05  CRITERION=  0.5000E-04
     DISP CONVERGENCE VALUE   =  0.1155E-04  CRITERION=  0.1503E-02 <<< CONVERGED
    EQUIL ITER   1 COMPLETED.  OLD TRIANG MATRIX.  MAX DOF INC= -0.1155E-04
     FORCE CONVERGENCE VALUE  =  0.3113E-05  CRITERION=  0.5000E-04 <<< CONVERGED
    >>> SOLUTION CONVERGED AFTER EQUILIBRIUM ITERATION   1
 *** LOAD STEP     4   SUBSTEP    76  COMPLETED.    CUM ITER =    602
 *** TIME =   39.6000         TIME INC =  0.100000    
 *** MAX VISCOELASTIC STRAIN STEP = 0.8013E-06

     FORCE CONVERGENCE VALUE  =  0.5060E-05  CRITERION=  0.5000E-04
     DISP CONVERGENCE VALUE   =  0.1116E-04  CRITERION=  0.1503E-02 <<< CONVERGED
    EQUIL ITER   1 COMPLETED.  OLD TRIANG MATRIX.  MAX DOF INC= -0.1116E-04
     FORCE CONVERGENCE VALUE  =  0.3009E-05  CRITERION=  0.5000E-04 <<< CONVERGED
    >>> SOLUTION CONVERGED AFTER EQUILIBRIUM ITERATION   1
 *** LOAD STEP     4   SUBSTEP    77  COMPLETED.    CUM ITER =    603
 *** TIME =   39.7000         TIME INC =  0.100000    
 *** MAX VISCOELASTIC STRAIN STEP = 0.7765E-06

     FORCE CONVERGENCE VALUE  =  0.4892E-05  CRITERION=  0.5000E-04
     DISP CONVERGENCE VALUE   =  0.1078E-04  CRITERION=  0.1503E-02 <<< CONVERGED
    EQUIL ITER   1 COMPLETED.  OLD TRIANG MATRIX.  MAX DOF INC= -0.1078E-04
     FORCE CONVERGENCE VALUE  =  0.2909E-05  CRITERION=  0.5000E-04 <<< CONVERGED
    >>> SOLUTION CONVERGED AFTER EQUILIBRIUM ITERATION   1
 *** LOAD STEP     4   SUBSTEP    78  COMPLETED.    CUM ITER =    604
 *** TIME =   39.8000         TIME INC =  0.100000    
 *** MAX VISCOELASTIC STRAIN STEP = 0.7526E-06

     FORCE CONVERGENCE VALUE  =  0.4729E-05  CRITERION=  0.5000E-04
     DISP CONVERGENCE VALUE   =  0.1042E-04  CRITERION=  0.1503E-02 <<< CONVERGED
    EQUIL ITER   1 COMPLETED.  OLD TRIANG MATRIX.  MAX DOF INC= -0.1042E-04
     FORCE CONVERGENCE VALUE  =  0.2812E-05  CRITERION=  0.5000E-04 <<< CONVERGED
    >>> SOLUTION CONVERGED AFTER EQUILIBRIUM ITERATION   1
 *** LOAD STEP     4   SUBSTEP    79  COMPLETED.    CUM ITER =    605
 *** TIME =   39.9000         TIME INC =  0.100000    
 *** MAX VISCOELASTIC STRAIN STEP = 0.7295E-06

     FORCE CONVERGENCE VALUE  =  0.4572E-05  CRITERION=  0.5000E-04
     DISP CONVERGENCE VALUE   =  0.1007E-04  CRITERION=  0.1503E-02 <<< CONVERGED
    EQUIL ITER   1 COMPLETED.  OLD TRIANG MATRIX.  MAX DOF INC= -0.1007E-04
     FORCE CONVERGENCE VALUE  =  0.2719E-05  CRITERION=  0.5000E-04 <<< CONVERGED
    >>> SOLUTION CONVERGED AFTER EQUILIBRIUM ITERATION   1
 *** LOAD STEP     4   SUBSTEP    80  COMPLETED.    CUM ITER =    606
 *** TIME =   40.0000         TIME INC =  0.100000    
 *** MAX VISCOELASTIC STRAIN STEP = 0.7072E-06

     FORCE CONVERGENCE VALUE  =  0.4420E-05  CRITERION=  0.5000E-04
     DISP CONVERGENCE VALUE   =  0.9733E-05  CRITERION=  0.1503E-02 <<< CONVERGED
    EQUIL ITER   1 COMPLETED.  OLD TRIANG MATRIX.  MAX DOF INC= -0.9733E-05
     FORCE CONVERGENCE VALUE  =  0.2628E-05  CRITERION=  0.5000E-04 <<< CONVERGED
    >>> SOLUTION CONVERGED AFTER EQUILIBRIUM ITERATION   1
 *** LOAD STEP     4   SUBSTEP    81  COMPLETED.    CUM ITER =    607
 *** TIME =   40.1000         TIME INC =  0.100000    
 *** MAX VISCOELASTIC STRAIN STEP = 0.6857E-06

     FORCE CONVERGENCE VALUE  =  0.4273E-05  CRITERION=  0.5000E-04
     DISP CONVERGENCE VALUE   =  0.9406E-05  CRITERION=  0.1503E-02 <<< CONVERGED
    EQUIL ITER   1 COMPLETED.  OLD TRIANG MATRIX.  MAX DOF INC= -0.9406E-05
     FORCE CONVERGENCE VALUE  =  0.2541E-05  CRITERION=  0.5000E-04 <<< CONVERGED
    >>> SOLUTION CONVERGED AFTER EQUILIBRIUM ITERATION   1
 *** LOAD STEP     4   SUBSTEP    82  COMPLETED.    CUM ITER =    608
 *** TIME =   40.2000         TIME INC =  0.100000    
 *** MAX VISCOELASTIC STRAIN STEP = 0.6648E-06

     FORCE CONVERGENCE VALUE  =  0.4131E-05  CRITERION=  0.5000E-04
     DISP CONVERGENCE VALUE   =  0.9091E-05  CRITERION=  0.1503E-02 <<< CONVERGED
    EQUIL ITER   1 COMPLETED.  OLD TRIANG MATRIX.  MAX DOF INC= -0.9091E-05
     FORCE CONVERGENCE VALUE  =  0.2456E-05  CRITERION=  0.5000E-04 <<< CONVERGED
    >>> SOLUTION CONVERGED AFTER EQUILIBRIUM ITERATION   1
 *** LOAD STEP     4   SUBSTEP    83  COMPLETED.    CUM ITER =    609
 *** TIME =   40.3000         TIME INC =  0.100000    
 *** MAX VISCOELASTIC STRAIN STEP = 0.6447E-06

     FORCE CONVERGENCE VALUE  =  0.3994E-05  CRITERION=  0.5000E-04
     DISP CONVERGENCE VALUE   =  0.8786E-05  CRITERION=  0.1503E-02 <<< CONVERGED
    EQUIL ITER   1 COMPLETED.  OLD TRIANG MATRIX.  MAX DOF INC= -0.8786E-05
     FORCE CONVERGENCE VALUE  =  0.2374E-05  CRITERION=  0.5000E-04 <<< CONVERGED
    >>> SOLUTION CONVERGED AFTER EQUILIBRIUM ITERATION   1
 *** LOAD STEP     4   SUBSTEP    84  COMPLETED.    CUM ITER =    610
 *** TIME =   40.4000         TIME INC =  0.100000    
 *** MAX VISCOELASTIC STRAIN STEP = 0.6252E-06

     FORCE CONVERGENCE VALUE  =  0.3861E-05  CRITERION=  0.5000E-04
     DISP CONVERGENCE VALUE   =  0.8492E-05  CRITERION=  0.1503E-02 <<< CONVERGED
    EQUIL ITER   1 COMPLETED.  OLD TRIANG MATRIX.  MAX DOF INC= -0.8492E-05
     FORCE CONVERGENCE VALUE  =  0.2295E-05  CRITERION=  0.5000E-04 <<< CONVERGED
    >>> SOLUTION CONVERGED AFTER EQUILIBRIUM ITERATION   1
 *** LOAD STEP     4   SUBSTEP    85  COMPLETED.    CUM ITER =    611
 *** TIME =   40.5000         TIME INC =  0.100000    
 *** MAX VISCOELASTIC STRAIN STEP = 0.6064E-06

     FORCE CONVERGENCE VALUE  =  0.3732E-05  CRITERION=  0.5000E-04
     DISP CONVERGENCE VALUE   =  0.8208E-05  CRITERION=  0.1503E-02 <<< CONVERGED
    EQUIL ITER   1 COMPLETED.  OLD TRIANG MATRIX.  MAX DOF INC= -0.8208E-05
     FORCE CONVERGENCE VALUE  =  0.2219E-05  CRITERION=  0.5000E-04 <<< CONVERGED
    >>> SOLUTION CONVERGED AFTER EQUILIBRIUM ITERATION   1
 *** LOAD STEP     4   SUBSTEP    86  COMPLETED.    CUM ITER =    612
 *** TIME =   40.6000         TIME INC =  0.100000    
 *** MAX VISCOELASTIC STRAIN STEP = 0.5882E-06

     FORCE CONVERGENCE VALUE  =  0.3608E-05  CRITERION=  0.5000E-04
     DISP CONVERGENCE VALUE   =  0.7933E-05  CRITERION=  0.1503E-02 <<< CONVERGED
    EQUIL ITER   1 COMPLETED.  OLD TRIANG MATRIX.  MAX DOF INC= -0.7933E-05
     FORCE CONVERGENCE VALUE  =  0.2145E-05  CRITERION=  0.5000E-04 <<< CONVERGED
    >>> SOLUTION CONVERGED AFTER EQUILIBRIUM ITERATION   1
 *** LOAD STEP     4   SUBSTEP    87  COMPLETED.    CUM ITER =    613
 *** TIME =   40.7000         TIME INC =  0.100000    
 *** MAX VISCOELASTIC STRAIN STEP = 0.5707E-06

     FORCE CONVERGENCE VALUE  =  0.3488E-05  CRITERION=  0.5000E-04
     DISP CONVERGENCE VALUE   =  0.7668E-05  CRITERION=  0.1503E-02 <<< CONVERGED
    EQUIL ITER   1 COMPLETED.  OLD TRIANG MATRIX.  MAX DOF INC= -0.7668E-05
     FORCE CONVERGENCE VALUE  =  0.2074E-05  CRITERION=  0.5000E-04 <<< CONVERGED
    >>> SOLUTION CONVERGED AFTER EQUILIBRIUM ITERATION   1
 *** LOAD STEP     4   SUBSTEP    88  COMPLETED.    CUM ITER =    614
 *** TIME =   40.8000         TIME INC =  0.100000    
 *** MAX VISCOELASTIC STRAIN STEP = 0.5537E-06

     FORCE CONVERGENCE VALUE  =  0.3372E-05  CRITERION=  0.5000E-04
     DISP CONVERGENCE VALUE   =  0.7412E-05  CRITERION=  0.1503E-02 <<< CONVERGED
    EQUIL ITER   1 COMPLETED.  OLD TRIANG MATRIX.  MAX DOF INC= -0.7412E-05
     FORCE CONVERGENCE VALUE  =  0.2004E-05  CRITERION=  0.5000E-04 <<< CONVERGED
    >>> SOLUTION CONVERGED AFTER EQUILIBRIUM ITERATION   1
 *** LOAD STEP     4   SUBSTEP    89  COMPLETED.    CUM ITER =    615
 *** TIME =   40.9000         TIME INC =  0.100000    
 *** MAX VISCOELASTIC STRAIN STEP = 0.5373E-06

     FORCE CONVERGENCE VALUE  =  0.3260E-05  CRITERION=  0.5000E-04
     DISP CONVERGENCE VALUE   =  0.7165E-05  CRITERION=  0.1503E-02 <<< CONVERGED
    EQUIL ITER   1 COMPLETED.  OLD TRIANG MATRIX.  MAX DOF INC= -0.7165E-05
     FORCE CONVERGENCE VALUE  =  0.1938E-05  CRITERION=  0.5000E-04 <<< CONVERGED
    >>> SOLUTION CONVERGED AFTER EQUILIBRIUM ITERATION   1
 *** LOAD STEP     4   SUBSTEP    90  COMPLETED.    CUM ITER =    616
 *** TIME =   41.0000         TIME INC =  0.100000    
 *** MAX VISCOELASTIC STRAIN STEP = 0.5214E-06

     FORCE CONVERGENCE VALUE  =  0.3151E-05  CRITERION=  0.5000E-04
     DISP CONVERGENCE VALUE   =  0.6926E-05  CRITERION=  0.1503E-02 <<< CONVERGED
    EQUIL ITER   1 COMPLETED.  OLD TRIANG MATRIX.  MAX DOF INC= -0.6926E-05
     FORCE CONVERGENCE VALUE  =  0.1873E-05  CRITERION=  0.5000E-04 <<< CONVERGED
    >>> SOLUTION CONVERGED AFTER EQUILIBRIUM ITERATION   1
 *** LOAD STEP     4   SUBSTEP    91  COMPLETED.    CUM ITER =    617
 *** TIME =   41.1000         TIME INC =  0.100000    
 *** MAX VISCOELASTIC STRAIN STEP = 0.5061E-06

     FORCE CONVERGENCE VALUE  =  0.3046E-05  CRITERION=  0.5000E-04
     DISP CONVERGENCE VALUE   =  0.6695E-05  CRITERION=  0.1503E-02 <<< CONVERGED
    EQUIL ITER   1 COMPLETED.  OLD TRIANG MATRIX.  MAX DOF INC= -0.6695E-05
     FORCE CONVERGENCE VALUE  =  0.1811E-05  CRITERION=  0.5000E-04 <<< CONVERGED
    >>> SOLUTION CONVERGED AFTER EQUILIBRIUM ITERATION   1
 *** LOAD STEP     4   SUBSTEP    92  COMPLETED.    CUM ITER =    618
 *** TIME =   41.2000         TIME INC =  0.100000    
 *** MAX VISCOELASTIC STRAIN STEP = 0.4913E-06

     FORCE CONVERGENCE VALUE  =  0.2945E-05  CRITERION=  0.5000E-04
     DISP CONVERGENCE VALUE   =  0.6473E-05  CRITERION=  0.1503E-02 <<< CONVERGED
    EQUIL ITER   1 COMPLETED.  OLD TRIANG MATRIX.  MAX DOF INC= -0.6473E-05
     FORCE CONVERGENCE VALUE  =  0.1750E-05  CRITERION=  0.5000E-04 <<< CONVERGED
    >>> SOLUTION CONVERGED AFTER EQUILIBRIUM ITERATION   1
 *** LOAD STEP     4   SUBSTEP    93  COMPLETED.    CUM ITER =    619
 *** TIME =   41.3000         TIME INC =  0.100000    
 *** MAX VISCOELASTIC STRAIN STEP = 0.4770E-06

     FORCE CONVERGENCE VALUE  =  0.2846E-05  CRITERION=  0.5000E-04
     DISP CONVERGENCE VALUE   =  0.6257E-05  CRITERION=  0.1503E-02 <<< CONVERGED
    EQUIL ITER   1 COMPLETED.  OLD TRIANG MATRIX.  MAX DOF INC= -0.6257E-05
     FORCE CONVERGENCE VALUE  =  0.1692E-05  CRITERION=  0.5000E-04 <<< CONVERGED
    >>> SOLUTION CONVERGED AFTER EQUILIBRIUM ITERATION   1
 *** LOAD STEP     4   SUBSTEP    94  COMPLETED.    CUM ITER =    620
 *** TIME =   41.4000         TIME INC =  0.100000    
 *** MAX VISCOELASTIC STRAIN STEP = 0.4632E-06

     FORCE CONVERGENCE VALUE  =  0.2751E-05  CRITERION=  0.5000E-04
     DISP CONVERGENCE VALUE   =  0.6050E-05  CRITERION=  0.1503E-02 <<< CONVERGED
    EQUIL ITER   1 COMPLETED.  OLD TRIANG MATRIX.  MAX DOF INC= -0.6050E-05
     FORCE CONVERGENCE VALUE  =  0.1635E-05  CRITERION=  0.5000E-04 <<< CONVERGED
    >>> SOLUTION CONVERGED AFTER EQUILIBRIUM ITERATION   1
 *** LOAD STEP     4   SUBSTEP    95  COMPLETED.    CUM ITER =    621
 *** TIME =   41.5000         TIME INC =  0.100000    
 *** MAX VISCOELASTIC STRAIN STEP = 0.4498E-06

     FORCE CONVERGENCE VALUE  =  0.2660E-05  CRITERION=  0.5000E-04
     DISP CONVERGENCE VALUE   =  0.5849E-05  CRITERION=  0.1503E-02 <<< CONVERGED
    EQUIL ITER   1 COMPLETED.  OLD TRIANG MATRIX.  MAX DOF INC= -0.5849E-05
     FORCE CONVERGENCE VALUE  =  0.1581E-05  CRITERION=  0.5000E-04 <<< CONVERGED
    >>> SOLUTION CONVERGED AFTER EQUILIBRIUM ITERATION   1
 *** LOAD STEP     4   SUBSTEP    96  COMPLETED.    CUM ITER =    622
 *** TIME =   41.6000         TIME INC =  0.100000    
 *** MAX VISCOELASTIC STRAIN STEP = 0.4369E-06

     FORCE CONVERGENCE VALUE  =  0.2571E-05  CRITERION=  0.5000E-04
     DISP CONVERGENCE VALUE   =  0.5655E-05  CRITERION=  0.1503E-02 <<< CONVERGED
    EQUIL ITER   1 COMPLETED.  OLD TRIANG MATRIX.  MAX DOF INC= -0.5655E-05
     FORCE CONVERGENCE VALUE  =  0.1528E-05  CRITERION=  0.5000E-04 <<< CONVERGED
    >>> SOLUTION CONVERGED AFTER EQUILIBRIUM ITERATION   1
 *** LOAD STEP     4   SUBSTEP    97  COMPLETED.    CUM ITER =    623
 *** TIME =   41.7000         TIME INC =  0.100000    
 *** MAX VISCOELASTIC STRAIN STEP = 0.4245E-06

     FORCE CONVERGENCE VALUE  =  0.2485E-05  CRITERION=  0.5000E-04
     DISP CONVERGENCE VALUE   =  0.5467E-05  CRITERION=  0.1503E-02 <<< CONVERGED
    EQUIL ITER   1 COMPLETED.  OLD TRIANG MATRIX.  MAX DOF INC= -0.5467E-05
     FORCE CONVERGENCE VALUE  =  0.1477E-05  CRITERION=  0.5000E-04 <<< CONVERGED
    >>> SOLUTION CONVERGED AFTER EQUILIBRIUM ITERATION   1
 *** LOAD STEP     4   SUBSTEP    98  COMPLETED.    CUM ITER =    624
 *** TIME =   41.8000         TIME INC =  0.100000    
 *** MAX VISCOELASTIC STRAIN STEP = 0.4124E-06

     FORCE CONVERGENCE VALUE  =  0.2402E-05  CRITERION=  0.5000E-04
     DISP CONVERGENCE VALUE   =  0.5286E-05  CRITERION=  0.1503E-02 <<< CONVERGED
    EQUIL ITER   1 COMPLETED.  OLD TRIANG MATRIX.  MAX DOF INC= -0.5286E-05
     FORCE CONVERGENCE VALUE  =  0.1427E-05  CRITERION=  0.5000E-04 <<< CONVERGED
    >>> SOLUTION CONVERGED AFTER EQUILIBRIUM ITERATION   1
 *** LOAD STEP     4   SUBSTEP    99  COMPLETED.    CUM ITER =    625
 *** TIME =   41.9000         TIME INC =  0.100000    
 *** MAX VISCOELASTIC STRAIN STEP = 0.4007E-06

     FORCE CONVERGENCE VALUE  =  0.2322E-05  CRITERION=  0.5000E-04
     DISP CONVERGENCE VALUE   =  0.5112E-05  CRITERION=  0.1503E-02 <<< CONVERGED
    EQUIL ITER   1 COMPLETED.  OLD TRIANG MATRIX.  MAX DOF INC= -0.5112E-05
     FORCE CONVERGENCE VALUE  =  0.1380E-05  CRITERION=  0.5000E-04 <<< CONVERGED
    >>> SOLUTION CONVERGED AFTER EQUILIBRIUM ITERATION   1
 *** LOAD STEP     4   SUBSTEP   100  COMPLETED.    CUM ITER =    626
 *** TIME =   42.0000         TIME INC =  0.100000    
 *** MAX VISCOELASTIC STRAIN STEP = 0.3895E-06

     FORCE CONVERGENCE VALUE  =  0.2244E-05  CRITERION=  0.5000E-04
     DISP CONVERGENCE VALUE   =  0.4943E-05  CRITERION=  0.1503E-02 <<< CONVERGED
    EQUIL ITER   1 COMPLETED.  OLD TRIANG MATRIX.  MAX DOF INC= -0.4943E-05
     FORCE CONVERGENCE VALUE  =  0.1334E-05  CRITERION=  0.5000E-04 <<< CONVERGED
    >>> SOLUTION CONVERGED AFTER EQUILIBRIUM ITERATION   1
 *** LOAD STEP     4   SUBSTEP   101  COMPLETED.    CUM ITER =    627
 *** TIME =   42.1000         TIME INC =  0.100000    
 *** MAX VISCOELASTIC STRAIN STEP = 0.3786E-06

     FORCE CONVERGENCE VALUE  =  0.2169E-05  CRITERION=  0.5000E-04
     DISP CONVERGENCE VALUE   =  0.4780E-05  CRITERION=  0.1503E-02 <<< CONVERGED
    EQUIL ITER   1 COMPLETED.  OLD TRIANG MATRIX.  MAX DOF INC= -0.4780E-05
     FORCE CONVERGENCE VALUE  =  0.1289E-05  CRITERION=  0.5000E-04 <<< CONVERGED
    >>> SOLUTION CONVERGED AFTER EQUILIBRIUM ITERATION   1
 *** LOAD STEP     4   SUBSTEP   102  COMPLETED.    CUM ITER =    628
 *** TIME =   42.2000         TIME INC =  0.100000    
 *** MAX VISCOELASTIC STRAIN STEP = 0.3681E-06

     FORCE CONVERGENCE VALUE  =  0.2097E-05  CRITERION=  0.5000E-04
     DISP CONVERGENCE VALUE   =  0.4622E-05  CRITERION=  0.1503E-02 <<< CONVERGED
    EQUIL ITER   1 COMPLETED.  OLD TRIANG MATRIX.  MAX DOF INC= -0.4622E-05
     FORCE CONVERGENCE VALUE  =  0.1246E-05  CRITERION=  0.5000E-04 <<< CONVERGED
    >>> SOLUTION CONVERGED AFTER EQUILIBRIUM ITERATION   1
 *** LOAD STEP     4   SUBSTEP   103  COMPLETED.    CUM ITER =    629
 *** TIME =   42.3000         TIME INC =  0.100000    
 *** MAX VISCOELASTIC STRAIN STEP = 0.3579E-06

     FORCE CONVERGENCE VALUE  =  0.2027E-05  CRITERION=  0.5000E-04
     DISP CONVERGENCE VALUE   =  0.4470E-05  CRITERION=  0.1503E-02 <<< CONVERGED
    EQUIL ITER   1 COMPLETED.  OLD TRIANG MATRIX.  MAX DOF INC= -0.4470E-05
     FORCE CONVERGENCE VALUE  =  0.1204E-05  CRITERION=  0.5000E-04 <<< CONVERGED
    >>> SOLUTION CONVERGED AFTER EQUILIBRIUM ITERATION   1
 *** LOAD STEP     4   SUBSTEP   104  COMPLETED.    CUM ITER =    630
 *** TIME =   42.4000         TIME INC =  0.100000    
 *** MAX VISCOELASTIC STRAIN STEP = 0.3481E-06

     FORCE CONVERGENCE VALUE  =  0.1959E-05  CRITERION=  0.5000E-04
     DISP CONVERGENCE VALUE   =  0.4323E-05  CRITERION=  0.1503E-02 <<< CONVERGED
    EQUIL ITER   1 COMPLETED.  OLD TRIANG MATRIX.  MAX DOF INC= -0.4323E-05
     FORCE CONVERGENCE VALUE  =  0.1164E-05  CRITERION=  0.5000E-04 <<< CONVERGED
    >>> SOLUTION CONVERGED AFTER EQUILIBRIUM ITERATION   1
 *** LOAD STEP     4   SUBSTEP   105  COMPLETED.    CUM ITER =    631
 *** TIME =   42.5000         TIME INC =  0.100000    
 *** MAX VISCOELASTIC STRAIN STEP = 0.3386E-06

     FORCE CONVERGENCE VALUE  =  0.1893E-05  CRITERION=  0.5000E-04
     DISP CONVERGENCE VALUE   =  0.4181E-05  CRITERION=  0.1503E-02 <<< CONVERGED
    EQUIL ITER   1 COMPLETED.  OLD TRIANG MATRIX.  MAX DOF INC= -0.4181E-05
     FORCE CONVERGENCE VALUE  =  0.1125E-05  CRITERION=  0.5000E-04 <<< CONVERGED
    >>> SOLUTION CONVERGED AFTER EQUILIBRIUM ITERATION   1
 *** LOAD STEP     4   SUBSTEP   106  COMPLETED.    CUM ITER =    632
 *** TIME =   42.6000         TIME INC =  0.100000    
 *** MAX VISCOELASTIC STRAIN STEP = 0.3294E-06

     FORCE CONVERGENCE VALUE  =  0.1830E-05  CRITERION=  0.5000E-04
     DISP CONVERGENCE VALUE   =  0.4043E-05  CRITERION=  0.1503E-02 <<< CONVERGED
    EQUIL ITER   1 COMPLETED.  OLD TRIANG MATRIX.  MAX DOF INC= -0.4043E-05
     FORCE CONVERGENCE VALUE  =  0.1087E-05  CRITERION=  0.5000E-04 <<< CONVERGED
    >>> SOLUTION CONVERGED AFTER EQUILIBRIUM ITERATION   1
 *** LOAD STEP     4   SUBSTEP   107  COMPLETED.    CUM ITER =    633
 *** TIME =   42.7000         TIME INC =  0.100000    
 *** MAX VISCOELASTIC STRAIN STEP = 0.3205E-06

     FORCE CONVERGENCE VALUE  =  0.1769E-05  CRITERION=  0.5000E-04
     DISP CONVERGENCE VALUE   =  0.3911E-05  CRITERION=  0.1503E-02 <<< CONVERGED
    EQUIL ITER   1 COMPLETED.  OLD TRIANG MATRIX.  MAX DOF INC= -0.3911E-05
     FORCE CONVERGENCE VALUE  =  0.1051E-05  CRITERION=  0.5000E-04 <<< CONVERGED
    >>> SOLUTION CONVERGED AFTER EQUILIBRIUM ITERATION   1
 *** LOAD STEP     4   SUBSTEP   108  COMPLETED.    CUM ITER =    634
 *** TIME =   42.8000         TIME INC =  0.100000    
 *** MAX VISCOELASTIC STRAIN STEP = 0.3119E-06

     FORCE CONVERGENCE VALUE  =  0.1709E-05  CRITERION=  0.5000E-04
     DISP CONVERGENCE VALUE   =  0.3783E-05  CRITERION=  0.1503E-02 <<< CONVERGED
    EQUIL ITER   1 COMPLETED.  OLD TRIANG MATRIX.  MAX DOF INC= -0.3783E-05
     FORCE CONVERGENCE VALUE  =  0.1015E-05  CRITERION=  0.5000E-04 <<< CONVERGED
    >>> SOLUTION CONVERGED AFTER EQUILIBRIUM ITERATION   1
 *** LOAD STEP     4   SUBSTEP   109  COMPLETED.    CUM ITER =    635
 *** TIME =   42.9000         TIME INC =  0.100000    
 *** MAX VISCOELASTIC STRAIN STEP = 0.3036E-06

     FORCE CONVERGENCE VALUE  =  0.1652E-05  CRITERION=  0.5000E-04
     DISP CONVERGENCE VALUE   =  0.3659E-05  CRITERION=  0.1503E-02 <<< CONVERGED
    EQUIL ITER   1 COMPLETED.  OLD TRIANG MATRIX.  MAX DOF INC= -0.3659E-05
     FORCE CONVERGENCE VALUE  =  0.9812E-06  CRITERION=  0.5000E-04 <<< CONVERGED
    >>> SOLUTION CONVERGED AFTER EQUILIBRIUM ITERATION   1
 *** LOAD STEP     4   SUBSTEP   110  COMPLETED.    CUM ITER =    636
 *** TIME =   43.0000         TIME INC =  0.100000    
 *** MAX VISCOELASTIC STRAIN STEP = 0.2956E-06

     FORCE CONVERGENCE VALUE  =  0.1597E-05  CRITERION=  0.5000E-04
     DISP CONVERGENCE VALUE   =  0.3539E-05  CRITERION=  0.1503E-02 <<< CONVERGED
    EQUIL ITER   1 COMPLETED.  OLD TRIANG MATRIX.  MAX DOF INC= -0.3539E-05
     FORCE CONVERGENCE VALUE  =  0.9482E-06  CRITERION=  0.5000E-04 <<< CONVERGED
    >>> SOLUTION CONVERGED AFTER EQUILIBRIUM ITERATION   1
 *** LOAD STEP     4   SUBSTEP   111  COMPLETED.    CUM ITER =    637
 *** TIME =   43.1000         TIME INC =  0.100000    
 *** MAX VISCOELASTIC STRAIN STEP = 0.2879E-06

     FORCE CONVERGENCE VALUE  =  0.1543E-05  CRITERION=  0.5000E-04
     DISP CONVERGENCE VALUE   =  0.3424E-05  CRITERION=  0.1503E-02 <<< CONVERGED
    EQUIL ITER   1 COMPLETED.  OLD TRIANG MATRIX.  MAX DOF INC= -0.3424E-05
     FORCE CONVERGENCE VALUE  =  0.9163E-06  CRITERION=  0.5000E-04 <<< CONVERGED
    >>> SOLUTION CONVERGED AFTER EQUILIBRIUM ITERATION   1
 *** LOAD STEP     4   SUBSTEP   112  COMPLETED.    CUM ITER =    638
 *** TIME =   43.2000         TIME INC =  0.100000    
 *** MAX VISCOELASTIC STRAIN STEP = 0.2804E-06

     FORCE CONVERGENCE VALUE  =  0.1491E-05  CRITERION=  0.5000E-04
     DISP CONVERGENCE VALUE   =  0.3312E-05  CRITERION=  0.1503E-02 <<< CONVERGED
    EQUIL ITER   1 COMPLETED.  OLD TRIANG MATRIX.  MAX DOF INC= -0.3312E-05
     FORCE CONVERGENCE VALUE  =  0.8855E-06  CRITERION=  0.5000E-04 <<< CONVERGED
    >>> SOLUTION CONVERGED AFTER EQUILIBRIUM ITERATION   1
 *** LOAD STEP     4   SUBSTEP   113  COMPLETED.    CUM ITER =    639
 *** TIME =   43.3000         TIME INC =  0.100000    
 *** MAX VISCOELASTIC STRAIN STEP = 0.2731E-06

     FORCE CONVERGENCE VALUE  =  0.1441E-05  CRITERION=  0.5000E-04
     DISP CONVERGENCE VALUE   =  0.3204E-05  CRITERION=  0.1503E-02 <<< CONVERGED
    EQUIL ITER   1 COMPLETED.  OLD TRIANG MATRIX.  MAX DOF INC= -0.3204E-05
     FORCE CONVERGENCE VALUE  =  0.8557E-06  CRITERION=  0.5000E-04 <<< CONVERGED
    >>> SOLUTION CONVERGED AFTER EQUILIBRIUM ITERATION   1
 *** LOAD STEP     4   SUBSTEP   114  COMPLETED.    CUM ITER =    640
 *** TIME =   43.4000         TIME INC =  0.100000    
 *** MAX VISCOELASTIC STRAIN STEP = 0.2662E-06

     FORCE CONVERGENCE VALUE  =  0.1393E-05  CRITERION=  0.5000E-04
     DISP CONVERGENCE VALUE   =  0.3100E-05  CRITERION=  0.1503E-02 <<< CONVERGED
    EQUIL ITER   1 COMPLETED.  OLD TRIANG MATRIX.  MAX DOF INC= -0.3100E-05
     FORCE CONVERGENCE VALUE  =  0.8269E-06  CRITERION=  0.5000E-04 <<< CONVERGED
    >>> SOLUTION CONVERGED AFTER EQUILIBRIUM ITERATION   1
 *** LOAD STEP     4   SUBSTEP   115  COMPLETED.    CUM ITER =    641
 *** TIME =   43.5000         TIME INC =  0.100000    
 *** MAX VISCOELASTIC STRAIN STEP = 0.2594E-06

     FORCE CONVERGENCE VALUE  =  0.1346E-05  CRITERION=  0.5000E-04
     DISP CONVERGENCE VALUE   =  0.3000E-05  CRITERION=  0.1503E-02 <<< CONVERGED
    EQUIL ITER   1 COMPLETED.  OLD TRIANG MATRIX.  MAX DOF INC= -0.3000E-05
     FORCE CONVERGENCE VALUE  =  0.7990E-06  CRITERION=  0.5000E-04 <<< CONVERGED
    >>> SOLUTION CONVERGED AFTER EQUILIBRIUM ITERATION   1
 *** LOAD STEP     4   SUBSTEP   116  COMPLETED.    CUM ITER =    642
 *** TIME =   43.6000         TIME INC =  0.100000    
 *** MAX VISCOELASTIC STRAIN STEP = 0.2528E-06

     FORCE CONVERGENCE VALUE  =  0.1301E-05  CRITERION=  0.5000E-04
     DISP CONVERGENCE VALUE   =  0.2902E-05  CRITERION=  0.1503E-02 <<< CONVERGED
    EQUIL ITER   1 COMPLETED.  OLD TRIANG MATRIX.  MAX DOF INC= -0.2902E-05
     FORCE CONVERGENCE VALUE  =  0.7721E-06  CRITERION=  0.5000E-04 <<< CONVERGED
    >>> SOLUTION CONVERGED AFTER EQUILIBRIUM ITERATION   1
 *** LOAD STEP     4   SUBSTEP   117  COMPLETED.    CUM ITER =    643
 *** TIME =   43.7000         TIME INC =  0.100000    
 *** MAX VISCOELASTIC STRAIN STEP = 0.2465E-06

     FORCE CONVERGENCE VALUE  =  0.1257E-05  CRITERION=  0.5000E-04
     DISP CONVERGENCE VALUE   =  0.2808E-05  CRITERION=  0.1503E-02 <<< CONVERGED
    EQUIL ITER   1 COMPLETED.  OLD TRIANG MATRIX.  MAX DOF INC= -0.2808E-05
     FORCE CONVERGENCE VALUE  =  0.7461E-06  CRITERION=  0.5000E-04 <<< CONVERGED
    >>> SOLUTION CONVERGED AFTER EQUILIBRIUM ITERATION   1
 *** LOAD STEP     4   SUBSTEP   118  COMPLETED.    CUM ITER =    644
 *** TIME =   43.8000         TIME INC =  0.100000    
 *** MAX VISCOELASTIC STRAIN STEP = 0.2404E-06

     FORCE CONVERGENCE VALUE  =  0.1215E-05  CRITERION=  0.5000E-04
     DISP CONVERGENCE VALUE   =  0.2718E-05  CRITERION=  0.1503E-02 <<< CONVERGED
    EQUIL ITER   1 COMPLETED.  OLD TRIANG MATRIX.  MAX DOF INC= -0.2718E-05
     FORCE CONVERGENCE VALUE  =  0.7209E-06  CRITERION=  0.5000E-04 <<< CONVERGED
    >>> SOLUTION CONVERGED AFTER EQUILIBRIUM ITERATION   1
 *** LOAD STEP     4   SUBSTEP   119  COMPLETED.    CUM ITER =    645
 *** TIME =   43.9000         TIME INC =  0.100000    
 *** MAX VISCOELASTIC STRAIN STEP = 0.2379E-06

     FORCE CONVERGENCE VALUE  =  0.1174E-05  CRITERION=  0.5000E-04
     DISP CONVERGENCE VALUE   =  0.2630E-05  CRITERION=  0.1503E-02 <<< CONVERGED
    EQUIL ITER   1 COMPLETED.  OLD TRIANG MATRIX.  MAX DOF INC= -0.2630E-05
     FORCE CONVERGENCE VALUE  =  0.6966E-06  CRITERION=  0.5000E-04 <<< CONVERGED
    >>> SOLUTION CONVERGED AFTER EQUILIBRIUM ITERATION   1
 *** LOAD STEP     4   SUBSTEP   120  COMPLETED.    CUM ITER =    646
 *** TIME =   44.0000         TIME INC =  0.100000    
 *** MAX VISCOELASTIC STRAIN STEP = 0.2365E-06

     FORCE CONVERGENCE VALUE  =  0.1134E-05  CRITERION=  0.5000E-04
     DISP CONVERGENCE VALUE   =  0.2545E-05  CRITERION=  0.1503E-02 <<< CONVERGED
    EQUIL ITER   1 COMPLETED.  OLD TRIANG MATRIX.  MAX DOF INC= -0.2545E-05
     FORCE CONVERGENCE VALUE  =  0.6730E-06  CRITERION=  0.5000E-04 <<< CONVERGED
    >>> SOLUTION CONVERGED AFTER EQUILIBRIUM ITERATION   1
 *** LOAD STEP     4   SUBSTEP   121  COMPLETED.    CUM ITER =    647
 *** TIME =   44.1000         TIME INC =  0.100000    
 *** MAX VISCOELASTIC STRAIN STEP = 0.2352E-06

     FORCE CONVERGENCE VALUE  =  0.1096E-05  CRITERION=  0.5000E-04
     DISP CONVERGENCE VALUE   =  0.2464E-05  CRITERION=  0.1503E-02 <<< CONVERGED
    EQUIL ITER   1 COMPLETED.  OLD TRIANG MATRIX.  MAX DOF INC= -0.2464E-05
     FORCE CONVERGENCE VALUE  =  0.6503E-06  CRITERION=  0.5000E-04 <<< CONVERGED
    >>> SOLUTION CONVERGED AFTER EQUILIBRIUM ITERATION   1
 *** LOAD STEP     4   SUBSTEP   122  COMPLETED.    CUM ITER =    648
 *** TIME =   44.2000         TIME INC =  0.100000    
 *** MAX VISCOELASTIC STRAIN STEP = 0.2339E-06

     FORCE CONVERGENCE VALUE  =  0.1059E-05  CRITERION=  0.5000E-04
     DISP CONVERGENCE VALUE   =  0.2384E-05  CRITERION=  0.1503E-02 <<< CONVERGED
    EQUIL ITER   1 COMPLETED.  OLD TRIANG MATRIX.  MAX DOF INC= -0.2384E-05
     FORCE CONVERGENCE VALUE  =  0.6283E-06  CRITERION=  0.5000E-04 <<< CONVERGED
    >>> SOLUTION CONVERGED AFTER EQUILIBRIUM ITERATION   1
 *** LOAD STEP     4   SUBSTEP   123  COMPLETED.    CUM ITER =    649
 *** TIME =   44.3000         TIME INC =  0.100000    
 *** MAX VISCOELASTIC STRAIN STEP = 0.2327E-06

     FORCE CONVERGENCE VALUE  =  0.1023E-05  CRITERION=  0.5000E-04
     DISP CONVERGENCE VALUE   =  0.2308E-05  CRITERION=  0.1503E-02 <<< CONVERGED
    EQUIL ITER   1 COMPLETED.  OLD TRIANG MATRIX.  MAX DOF INC= -0.2308E-05
     FORCE CONVERGENCE VALUE  =  0.6070E-06  CRITERION=  0.5000E-04 <<< CONVERGED
    >>> SOLUTION CONVERGED AFTER EQUILIBRIUM ITERATION   1
 *** LOAD STEP     4   SUBSTEP   124  COMPLETED.    CUM ITER =    650
 *** TIME =   44.4000         TIME INC =  0.100000    
 *** MAX VISCOELASTIC STRAIN STEP = 0.2315E-06

     FORCE CONVERGENCE VALUE  =  0.9887E-06  CRITERION=  0.5000E-04
     DISP CONVERGENCE VALUE   =  0.2234E-05  CRITERION=  0.1503E-02 <<< CONVERGED
    EQUIL ITER   1 COMPLETED.  OLD TRIANG MATRIX.  MAX DOF INC= -0.2234E-05
     FORCE CONVERGENCE VALUE  =  0.5865E-06  CRITERION=  0.5000E-04 <<< CONVERGED
    >>> SOLUTION CONVERGED AFTER EQUILIBRIUM ITERATION   1
 *** LOAD STEP     4   SUBSTEP   125  COMPLETED.    CUM ITER =    651
 *** TIME =   44.5000         TIME INC =  0.100000    
 *** MAX VISCOELASTIC STRAIN STEP = 0.2303E-06

     FORCE CONVERGENCE VALUE  =  0.9553E-06  CRITERION=  0.5000E-04
     DISP CONVERGENCE VALUE   =  0.2163E-05  CRITERION=  0.1503E-02 <<< CONVERGED
    EQUIL ITER   1 COMPLETED.  OLD TRIANG MATRIX.  MAX DOF INC= -0.2163E-05
     FORCE CONVERGENCE VALUE  =  0.5666E-06  CRITERION=  0.5000E-04 <<< CONVERGED
    >>> SOLUTION CONVERGED AFTER EQUILIBRIUM ITERATION   1
 *** LOAD STEP     4   SUBSTEP   126  COMPLETED.    CUM ITER =    652
 *** TIME =   44.6000         TIME INC =  0.100000    
 *** MAX VISCOELASTIC STRAIN STEP = 0.2291E-06

     FORCE CONVERGENCE VALUE  =  0.9230E-06  CRITERION=  0.5000E-04
     DISP CONVERGENCE VALUE   =  0.2094E-05  CRITERION=  0.1503E-02 <<< CONVERGED
    EQUIL ITER   1 COMPLETED.  OLD TRIANG MATRIX.  MAX DOF INC= -0.2094E-05
     FORCE CONVERGENCE VALUE  =  0.5474E-06  CRITERION=  0.5000E-04 <<< CONVERGED
    >>> SOLUTION CONVERGED AFTER EQUILIBRIUM ITERATION   1
 *** LOAD STEP     4   SUBSTEP   127  COMPLETED.    CUM ITER =    653
 *** TIME =   44.7000         TIME INC =  0.100000    
 *** MAX VISCOELASTIC STRAIN STEP = 0.2280E-06

     FORCE CONVERGENCE VALUE  =  0.8918E-06  CRITERION=  0.5000E-04
     DISP CONVERGENCE VALUE   =  0.2028E-05  CRITERION=  0.1503E-02 <<< CONVERGED
    EQUIL ITER   1 COMPLETED.  OLD TRIANG MATRIX.  MAX DOF INC= -0.2028E-05
     FORCE CONVERGENCE VALUE  =  0.5288E-06  CRITERION=  0.5000E-04 <<< CONVERGED
    >>> SOLUTION CONVERGED AFTER EQUILIBRIUM ITERATION   1
 *** LOAD STEP     4   SUBSTEP   128  COMPLETED.    CUM ITER =    654
 *** TIME =   44.8000         TIME INC =  0.100000    
 *** MAX VISCOELASTIC STRAIN STEP = 0.2269E-06

     FORCE CONVERGENCE VALUE  =  0.8616E-06  CRITERION=  0.5000E-04
     DISP CONVERGENCE VALUE   =  0.1963E-05  CRITERION=  0.1503E-02 <<< CONVERGED
    EQUIL ITER   1 COMPLETED.  OLD TRIANG MATRIX.  MAX DOF INC= -0.1963E-05
     FORCE CONVERGENCE VALUE  =  0.5108E-06  CRITERION=  0.5000E-04 <<< CONVERGED
    >>> SOLUTION CONVERGED AFTER EQUILIBRIUM ITERATION   1
 *** LOAD STEP     4   SUBSTEP   129  COMPLETED.    CUM ITER =    655
 *** TIME =   44.9000         TIME INC =  0.100000    
 *** MAX VISCOELASTIC STRAIN STEP = 0.2259E-06

     FORCE CONVERGENCE VALUE  =  0.8324E-06  CRITERION=  0.5000E-04
     DISP CONVERGENCE VALUE   =  0.1901E-05  CRITERION=  0.1503E-02 <<< CONVERGED
    EQUIL ITER   1 COMPLETED.  OLD TRIANG MATRIX.  MAX DOF INC= -0.1901E-05
     FORCE CONVERGENCE VALUE  =  0.4934E-06  CRITERION=  0.5000E-04 <<< CONVERGED
    >>> SOLUTION CONVERGED AFTER EQUILIBRIUM ITERATION   1
 *** LOAD STEP     4   SUBSTEP   130  COMPLETED.    CUM ITER =    656
 *** TIME =   45.0000         TIME INC =  0.100000    
 *** MAX VISCOELASTIC STRAIN STEP = 0.2248E-06

     FORCE CONVERGENCE VALUE  =  0.8042E-06  CRITERION=  0.5000E-04
     DISP CONVERGENCE VALUE   =  0.1841E-05  CRITERION=  0.1503E-02 <<< CONVERGED
    EQUIL ITER   1 COMPLETED.  OLD TRIANG MATRIX.  MAX DOF INC= -0.1841E-05
     FORCE CONVERGENCE VALUE  =  0.4767E-06  CRITERION=  0.5000E-04 <<< CONVERGED
    >>> SOLUTION CONVERGED AFTER EQUILIBRIUM ITERATION   1
 *** LOAD STEP     4   SUBSTEP   131  COMPLETED.    CUM ITER =    657
 *** TIME =   45.1000         TIME INC =  0.100000    
 *** MAX VISCOELASTIC STRAIN STEP = 0.2238E-06

     FORCE CONVERGENCE VALUE  =  0.7769E-06  CRITERION=  0.5000E-04
     DISP CONVERGENCE VALUE   =  0.1783E-05  CRITERION=  0.1503E-02 <<< CONVERGED
    EQUIL ITER   1 COMPLETED.  OLD TRIANG MATRIX.  MAX DOF INC= -0.1783E-05
     FORCE CONVERGENCE VALUE  =  0.4604E-06  CRITERION=  0.5000E-04 <<< CONVERGED
    >>> SOLUTION CONVERGED AFTER EQUILIBRIUM ITERATION   1
 *** LOAD STEP     4   SUBSTEP   132  COMPLETED.    CUM ITER =    658
 *** TIME =   45.2000         TIME INC =  0.100000    
 *** MAX VISCOELASTIC STRAIN STEP = 0.2228E-06

     FORCE CONVERGENCE VALUE  =  0.7506E-06  CRITERION=  0.5000E-04
     DISP CONVERGENCE VALUE   =  0.1727E-05  CRITERION=  0.1503E-02 <<< CONVERGED
    EQUIL ITER   1 COMPLETED.  OLD TRIANG MATRIX.  MAX DOF INC= -0.1727E-05
     FORCE CONVERGENCE VALUE  =  0.4447E-06  CRITERION=  0.5000E-04 <<< CONVERGED
    >>> SOLUTION CONVERGED AFTER EQUILIBRIUM ITERATION   1
 *** LOAD STEP     4   SUBSTEP   133  COMPLETED.    CUM ITER =    659
 *** TIME =   45.3000         TIME INC =  0.100000    
 *** MAX VISCOELASTIC STRAIN STEP = 0.2219E-06

     FORCE CONVERGENCE VALUE  =  0.7251E-06  CRITERION=  0.5000E-04
     DISP CONVERGENCE VALUE   =  0.1673E-05  CRITERION=  0.1503E-02 <<< CONVERGED
    EQUIL ITER   1 COMPLETED.  OLD TRIANG MATRIX.  MAX DOF INC= -0.1673E-05
     FORCE CONVERGENCE VALUE  =  0.4296E-06  CRITERION=  0.5000E-04 <<< CONVERGED
    >>> SOLUTION CONVERGED AFTER EQUILIBRIUM ITERATION   1
 *** LOAD STEP     4   SUBSTEP   134  COMPLETED.    CUM ITER =    660
 *** TIME =   45.4000         TIME INC =  0.100000    
 *** MAX VISCOELASTIC STRAIN STEP = 0.2210E-06

     FORCE CONVERGENCE VALUE  =  0.7004E-06  CRITERION=  0.5000E-04
     DISP CONVERGENCE VALUE   =  0.1621E-05  CRITERION=  0.1503E-02 <<< CONVERGED
    EQUIL ITER   1 COMPLETED.  OLD TRIANG MATRIX.  MAX DOF INC= -0.1621E-05
     FORCE CONVERGENCE VALUE  =  0.4149E-06  CRITERION=  0.5000E-04 <<< CONVERGED
    >>> SOLUTION CONVERGED AFTER EQUILIBRIUM ITERATION   1
 *** LOAD STEP     4   SUBSTEP   135  COMPLETED.    CUM ITER =    661
 *** TIME =   45.5000         TIME INC =  0.100000    
 *** MAX VISCOELASTIC STRAIN STEP = 0.2200E-06

     FORCE CONVERGENCE VALUE  =  0.6766E-06  CRITERION=  0.5000E-04
     DISP CONVERGENCE VALUE   =  0.1570E-05  CRITERION=  0.1503E-02 <<< CONVERGED
    EQUIL ITER   1 COMPLETED.  OLD TRIANG MATRIX.  MAX DOF INC= -0.1570E-05
     FORCE CONVERGENCE VALUE  =  0.4007E-06  CRITERION=  0.5000E-04 <<< CONVERGED
    >>> SOLUTION CONVERGED AFTER EQUILIBRIUM ITERATION   1
 *** LOAD STEP     4   SUBSTEP   136  COMPLETED.    CUM ITER =    662
 *** TIME =   45.6000         TIME INC =  0.100000    
 *** MAX VISCOELASTIC STRAIN STEP = 0.2192E-06

     FORCE CONVERGENCE VALUE  =  0.6536E-06  CRITERION=  0.5000E-04
     DISP CONVERGENCE VALUE   =  0.1521E-05  CRITERION=  0.1503E-02 <<< CONVERGED
    EQUIL ITER   1 COMPLETED.  OLD TRIANG MATRIX.  MAX DOF INC= -0.1521E-05
     FORCE CONVERGENCE VALUE  =  0.3870E-06  CRITERION=  0.5000E-04 <<< CONVERGED
    >>> SOLUTION CONVERGED AFTER EQUILIBRIUM ITERATION   1
 *** LOAD STEP     4   SUBSTEP   137  COMPLETED.    CUM ITER =    663
 *** TIME =   45.7000         TIME INC =  0.100000    
 *** MAX VISCOELASTIC STRAIN STEP = 0.2183E-06

     FORCE CONVERGENCE VALUE  =  0.6313E-06  CRITERION=  0.5000E-04
     DISP CONVERGENCE VALUE   =  0.1474E-05  CRITERION=  0.1503E-02 <<< CONVERGED
    EQUIL ITER   1 COMPLETED.  OLD TRIANG MATRIX.  MAX DOF INC= -0.1474E-05
     FORCE CONVERGENCE VALUE  =  0.3738E-06  CRITERION=  0.5000E-04 <<< CONVERGED
    >>> SOLUTION CONVERGED AFTER EQUILIBRIUM ITERATION   1
 *** LOAD STEP     4   SUBSTEP   138  COMPLETED.    CUM ITER =    664
 *** TIME =   45.8000         TIME INC =  0.100000    
 *** MAX VISCOELASTIC STRAIN STEP = 0.2175E-06

     FORCE CONVERGENCE VALUE  =  0.6098E-06  CRITERION=  0.5000E-04
     DISP CONVERGENCE VALUE   =  0.1429E-05  CRITERION=  0.1503E-02 <<< CONVERGED
    EQUIL ITER   1 COMPLETED.  OLD TRIANG MATRIX.  MAX DOF INC= -0.1429E-05
     FORCE CONVERGENCE VALUE  =  0.3609E-06  CRITERION=  0.5000E-04 <<< CONVERGED
    >>> SOLUTION CONVERGED AFTER EQUILIBRIUM ITERATION   1
 *** LOAD STEP     4   SUBSTEP   139  COMPLETED.    CUM ITER =    665
 *** TIME =   45.9000         TIME INC =  0.100000    
 *** MAX VISCOELASTIC STRAIN STEP = 0.2166E-06

     FORCE CONVERGENCE VALUE  =  0.5890E-06  CRITERION=  0.5000E-04
     DISP CONVERGENCE VALUE   =  0.1385E-05  CRITERION=  0.1503E-02 <<< CONVERGED
    EQUIL ITER   1 COMPLETED.  OLD TRIANG MATRIX.  MAX DOF INC= -0.1385E-05
     FORCE CONVERGENCE VALUE  =  0.3486E-06  CRITERION=  0.5000E-04 <<< CONVERGED
    >>> SOLUTION CONVERGED AFTER EQUILIBRIUM ITERATION   1
 *** LOAD STEP     4   SUBSTEP   140  COMPLETED.    CUM ITER =    666
 *** TIME =   46.0000         TIME INC =  0.100000    
 *** MAX VISCOELASTIC STRAIN STEP = 0.2158E-06

     FORCE CONVERGENCE VALUE  =  0.5689E-06  CRITERION=  0.5000E-04
     DISP CONVERGENCE VALUE   =  0.1342E-05  CRITERION=  0.1503E-02 <<< CONVERGED
    EQUIL ITER   1 COMPLETED.  OLD TRIANG MATRIX.  MAX DOF INC= -0.1342E-05
     FORCE CONVERGENCE VALUE  =  0.3366E-06  CRITERION=  0.5000E-04 <<< CONVERGED
    >>> SOLUTION CONVERGED AFTER EQUILIBRIUM ITERATION   1
 *** LOAD STEP     4   SUBSTEP   141  COMPLETED.    CUM ITER =    667
 *** TIME =   46.1000         TIME INC =  0.100000    
 *** MAX VISCOELASTIC STRAIN STEP = 0.2150E-06

     FORCE CONVERGENCE VALUE  =  0.5494E-06  CRITERION=  0.5000E-04
     DISP CONVERGENCE VALUE   =  0.1301E-05  CRITERION=  0.1503E-02 <<< CONVERGED
    EQUIL ITER   1 COMPLETED.  OLD TRIANG MATRIX.  MAX DOF INC= -0.1301E-05
     FORCE CONVERGENCE VALUE  =  0.3250E-06  CRITERION=  0.5000E-04 <<< CONVERGED
    >>> SOLUTION CONVERGED AFTER EQUILIBRIUM ITERATION   1
 *** LOAD STEP     4   SUBSTEP   142  COMPLETED.    CUM ITER =    668
 *** TIME =   46.2000         TIME INC =  0.100000    
 *** MAX VISCOELASTIC STRAIN STEP = 0.2143E-06

     FORCE CONVERGENCE VALUE  =  0.5306E-06  CRITERION=  0.5000E-04
     DISP CONVERGENCE VALUE   =  0.1261E-05  CRITERION=  0.1503E-02 <<< CONVERGED
    EQUIL ITER   1 COMPLETED.  OLD TRIANG MATRIX.  MAX DOF INC= -0.1261E-05
     FORCE CONVERGENCE VALUE  =  0.3138E-06  CRITERION=  0.5000E-04 <<< CONVERGED
    >>> SOLUTION CONVERGED AFTER EQUILIBRIUM ITERATION   1
 *** LOAD STEP     4   SUBSTEP   143  COMPLETED.    CUM ITER =    669
 *** TIME =   46.3000         TIME INC =  0.100000    
 *** MAX VISCOELASTIC STRAIN STEP = 0.2135E-06

     FORCE CONVERGENCE VALUE  =  0.5125E-06  CRITERION=  0.5000E-04
     DISP CONVERGENCE VALUE   =  0.1223E-05  CRITERION=  0.1503E-02 <<< CONVERGED
    EQUIL ITER   1 COMPLETED.  OLD TRIANG MATRIX.  MAX DOF INC= -0.1223E-05
     FORCE CONVERGENCE VALUE  =  0.3030E-06  CRITERION=  0.5000E-04 <<< CONVERGED
    >>> SOLUTION CONVERGED AFTER EQUILIBRIUM ITERATION   1
 *** LOAD STEP     4   SUBSTEP   144  COMPLETED.    CUM ITER =    670
 *** TIME =   46.4000         TIME INC =  0.100000    
 *** MAX VISCOELASTIC STRAIN STEP = 0.2128E-06

     FORCE CONVERGENCE VALUE  =  0.4949E-06  CRITERION=  0.5000E-04
     DISP CONVERGENCE VALUE   =  0.1186E-05  CRITERION=  0.1503E-02 <<< CONVERGED
    EQUIL ITER   1 COMPLETED.  OLD TRIANG MATRIX.  MAX DOF INC= -0.1186E-05
     FORCE CONVERGENCE VALUE  =  0.2926E-06  CRITERION=  0.5000E-04 <<< CONVERGED
    >>> SOLUTION CONVERGED AFTER EQUILIBRIUM ITERATION   1
 *** LOAD STEP     4   SUBSTEP   145  COMPLETED.    CUM ITER =    671
 *** TIME =   46.5000         TIME INC =  0.100000    
 *** MAX VISCOELASTIC STRAIN STEP = 0.2121E-06

     FORCE CONVERGENCE VALUE  =  0.4779E-06  CRITERION=  0.5000E-04
     DISP CONVERGENCE VALUE   =  0.1150E-05  CRITERION=  0.1503E-02 <<< CONVERGED
    EQUIL ITER   1 COMPLETED.  OLD TRIANG MATRIX.  MAX DOF INC= -0.1150E-05
     FORCE CONVERGENCE VALUE  =  0.2825E-06  CRITERION=  0.5000E-04 <<< CONVERGED
    >>> SOLUTION CONVERGED AFTER EQUILIBRIUM ITERATION   1
 *** LOAD STEP     4   SUBSTEP   146  COMPLETED.    CUM ITER =    672
 *** TIME =   46.6000         TIME INC =  0.100000    
 *** MAX VISCOELASTIC STRAIN STEP = 0.2114E-06

     FORCE CONVERGENCE VALUE  =  0.4615E-06  CRITERION=  0.5000E-04
     DISP CONVERGENCE VALUE   =  0.1115E-05  CRITERION=  0.1503E-02 <<< CONVERGED
    EQUIL ITER   1 COMPLETED.  OLD TRIANG MATRIX.  MAX DOF INC= -0.1115E-05
     FORCE CONVERGENCE VALUE  =  0.2727E-06  CRITERION=  0.5000E-04 <<< CONVERGED
    >>> SOLUTION CONVERGED AFTER EQUILIBRIUM ITERATION   1
 *** LOAD STEP     4   SUBSTEP   147  COMPLETED.    CUM ITER =    673
 *** TIME =   46.7000         TIME INC =  0.100000    
 *** MAX VISCOELASTIC STRAIN STEP = 0.2107E-06

     FORCE CONVERGENCE VALUE  =  0.4456E-06  CRITERION=  0.5000E-04
     DISP CONVERGENCE VALUE   =  0.1082E-05  CRITERION=  0.1503E-02 <<< CONVERGED
    EQUIL ITER   1 COMPLETED.  OLD TRIANG MATRIX.  MAX DOF INC= -0.1082E-05
     FORCE CONVERGENCE VALUE  =  0.2633E-06  CRITERION=  0.5000E-04 <<< CONVERGED
    >>> SOLUTION CONVERGED AFTER EQUILIBRIUM ITERATION   1
 *** LOAD STEP     4   SUBSTEP   148  COMPLETED.    CUM ITER =    674
 *** TIME =   46.8000         TIME INC =  0.100000    
 *** MAX VISCOELASTIC STRAIN STEP = 0.2101E-06

     FORCE CONVERGENCE VALUE  =  0.4303E-06  CRITERION=  0.5000E-04
     DISP CONVERGENCE VALUE   =  0.1049E-05  CRITERION=  0.1503E-02 <<< CONVERGED
    EQUIL ITER   1 COMPLETED.  OLD TRIANG MATRIX.  MAX DOF INC= -0.1049E-05
     FORCE CONVERGENCE VALUE  =  0.2541E-06  CRITERION=  0.5000E-04 <<< CONVERGED
    >>> SOLUTION CONVERGED AFTER EQUILIBRIUM ITERATION   1
 *** LOAD STEP     4   SUBSTEP   149  COMPLETED.    CUM ITER =    675
 *** TIME =   46.9000         TIME INC =  0.100000    
 *** MAX VISCOELASTIC STRAIN STEP = 0.2094E-06

     FORCE CONVERGENCE VALUE  =  0.4155E-06  CRITERION=  0.5000E-04
     DISP CONVERGENCE VALUE   =  0.1018E-05  CRITERION=  0.1503E-02 <<< CONVERGED
    EQUIL ITER   1 COMPLETED.  OLD TRIANG MATRIX.  MAX DOF INC= -0.1018E-05
     FORCE CONVERGENCE VALUE  =  0.2453E-06  CRITERION=  0.5000E-04 <<< CONVERGED
    >>> SOLUTION CONVERGED AFTER EQUILIBRIUM ITERATION   1
 *** LOAD STEP     4   SUBSTEP   150  COMPLETED.    CUM ITER =    676
 *** TIME =   47.0000         TIME INC =  0.100000    
 *** MAX VISCOELASTIC STRAIN STEP = 0.2088E-06

     FORCE CONVERGENCE VALUE  =  0.4011E-06  CRITERION=  0.5000E-04
     DISP CONVERGENCE VALUE   =  0.9881E-06  CRITERION=  0.1503E-02 <<< CONVERGED
    EQUIL ITER   1 COMPLETED.  OLD TRIANG MATRIX.  MAX DOF INC= -0.9881E-06
     FORCE CONVERGENCE VALUE  =  0.2368E-06  CRITERION=  0.5000E-04 <<< CONVERGED
    >>> SOLUTION CONVERGED AFTER EQUILIBRIUM ITERATION   1
 *** LOAD STEP     4   SUBSTEP   151  COMPLETED.    CUM ITER =    677
 *** TIME =   47.1000         TIME INC =  0.100000    
 *** MAX VISCOELASTIC STRAIN STEP = 0.2081E-06

     FORCE CONVERGENCE VALUE  =  0.3873E-06  CRITERION=  0.5000E-04
     DISP CONVERGENCE VALUE   =  0.9589E-06  CRITERION=  0.1503E-02 <<< CONVERGED
    EQUIL ITER   1 COMPLETED.  OLD TRIANG MATRIX.  MAX DOF INC= -0.9589E-06
     FORCE CONVERGENCE VALUE  =  0.2285E-06  CRITERION=  0.5000E-04 <<< CONVERGED
    >>> SOLUTION CONVERGED AFTER EQUILIBRIUM ITERATION   1
 *** LOAD STEP     4   SUBSTEP   152  COMPLETED.    CUM ITER =    678
 *** TIME =   47.2000         TIME INC =  0.100000    
 *** MAX VISCOELASTIC STRAIN STEP = 0.2075E-06

     FORCE CONVERGENCE VALUE  =  0.3739E-06  CRITERION=  0.5000E-04
     DISP CONVERGENCE VALUE   =  0.9307E-06  CRITERION=  0.1503E-02 <<< CONVERGED
    EQUIL ITER   1 COMPLETED.  OLD TRIANG MATRIX.  MAX DOF INC= -0.9307E-06
     FORCE CONVERGENCE VALUE  =  0.2206E-06  CRITERION=  0.5000E-04 <<< CONVERGED
    >>> SOLUTION CONVERGED AFTER EQUILIBRIUM ITERATION   1
 *** LOAD STEP     4   SUBSTEP   153  COMPLETED.    CUM ITER =    679
 *** TIME =   47.3000         TIME INC =  0.100000    
 *** MAX VISCOELASTIC STRAIN STEP = 0.2069E-06

     FORCE CONVERGENCE VALUE  =  0.3610E-06  CRITERION=  0.5000E-04
     DISP CONVERGENCE VALUE   =  0.9035E-06  CRITERION=  0.1503E-02 <<< CONVERGED
    EQUIL ITER   1 COMPLETED.  OLD TRIANG MATRIX.  MAX DOF INC= -0.9035E-06
     FORCE CONVERGENCE VALUE  =  0.2129E-06  CRITERION=  0.5000E-04 <<< CONVERGED
    >>> SOLUTION CONVERGED AFTER EQUILIBRIUM ITERATION   1
 *** LOAD STEP     4   SUBSTEP   154  COMPLETED.    CUM ITER =    680
 *** TIME =   47.4000         TIME INC =  0.100000    
 *** MAX VISCOELASTIC STRAIN STEP = 0.2063E-06

     FORCE CONVERGENCE VALUE  =  0.3485E-06  CRITERION=  0.5000E-04
     DISP CONVERGENCE VALUE   =  0.8772E-06  CRITERION=  0.1503E-02 <<< CONVERGED
    EQUIL ITER   1 COMPLETED.  OLD TRIANG MATRIX.  MAX DOF INC= -0.8772E-06
     FORCE CONVERGENCE VALUE  =  0.2054E-06  CRITERION=  0.5000E-04 <<< CONVERGED
    >>> SOLUTION CONVERGED AFTER EQUILIBRIUM ITERATION   1
 *** LOAD STEP     4   SUBSTEP   155  COMPLETED.    CUM ITER =    681
 *** TIME =   47.5000         TIME INC =  0.100000    
 *** MAX VISCOELASTIC STRAIN STEP = 0.2058E-06

     FORCE CONVERGENCE VALUE  =  0.3364E-06  CRITERION=  0.5000E-04
     DISP CONVERGENCE VALUE   =  0.8517E-06  CRITERION=  0.1503E-02 <<< CONVERGED
    EQUIL ITER   1 COMPLETED.  OLD TRIANG MATRIX.  MAX DOF INC= -0.8517E-06
     FORCE CONVERGENCE VALUE  =  0.1982E-06  CRITERION=  0.5000E-04 <<< CONVERGED
    >>> SOLUTION CONVERGED AFTER EQUILIBRIUM ITERATION   1
 *** LOAD STEP     4   SUBSTEP   156  COMPLETED.    CUM ITER =    682
 *** TIME =   47.6000         TIME INC =  0.100000    
 *** MAX VISCOELASTIC STRAIN STEP = 0.2052E-06

     FORCE CONVERGENCE VALUE  =  0.3247E-06  CRITERION=  0.5000E-04
     DISP CONVERGENCE VALUE   =  0.8272E-06  CRITERION=  0.1503E-02 <<< CONVERGED
    EQUIL ITER   1 COMPLETED.  OLD TRIANG MATRIX.  MAX DOF INC= -0.8272E-06
     FORCE CONVERGENCE VALUE  =  0.1913E-06  CRITERION=  0.5000E-04 <<< CONVERGED
    >>> SOLUTION CONVERGED AFTER EQUILIBRIUM ITERATION   1
 *** LOAD STEP     4   SUBSTEP   157  COMPLETED.    CUM ITER =    683
 *** TIME =   47.7000         TIME INC =  0.100000    
 *** MAX VISCOELASTIC STRAIN STEP = 0.2047E-06

     FORCE CONVERGENCE VALUE  =  0.3134E-06  CRITERION=  0.5000E-04
     DISP CONVERGENCE VALUE   =  0.8034E-06  CRITERION=  0.1503E-02 <<< CONVERGED
    EQUIL ITER   1 COMPLETED.  OLD TRIANG MATRIX.  MAX DOF INC= -0.8034E-06
     FORCE CONVERGENCE VALUE  =  0.1845E-06  CRITERION=  0.5000E-04 <<< CONVERGED
    >>> SOLUTION CONVERGED AFTER EQUILIBRIUM ITERATION   1
 *** LOAD STEP     4   SUBSTEP   158  COMPLETED.    CUM ITER =    684
 *** TIME =   47.8000         TIME INC =  0.100000    
 *** MAX VISCOELASTIC STRAIN STEP = 0.2041E-06

     FORCE CONVERGENCE VALUE  =  0.3025E-06  CRITERION=  0.5000E-04
     DISP CONVERGENCE VALUE   =  0.7805E-06  CRITERION=  0.1503E-02 <<< CONVERGED
    EQUIL ITER   1 COMPLETED.  OLD TRIANG MATRIX.  MAX DOF INC= -0.7805E-06
     FORCE CONVERGENCE VALUE  =  0.1780E-06  CRITERION=  0.5000E-04 <<< CONVERGED
    >>> SOLUTION CONVERGED AFTER EQUILIBRIUM ITERATION   1
 *** LOAD STEP     4   SUBSTEP   159  COMPLETED.    CUM ITER =    685
 *** TIME =   47.9000         TIME INC =  0.100000    
 *** MAX VISCOELASTIC STRAIN STEP = 0.2036E-06

     FORCE CONVERGENCE VALUE  =  0.2919E-06  CRITERION=  0.5000E-04
     DISP CONVERGENCE VALUE   =  0.7583E-06  CRITERION=  0.1503E-02 <<< CONVERGED
    EQUIL ITER   1 COMPLETED.  OLD TRIANG MATRIX.  MAX DOF INC= -0.7583E-06
     FORCE CONVERGENCE VALUE  =  0.1718E-06  CRITERION=  0.5000E-04 <<< CONVERGED
    >>> SOLUTION CONVERGED AFTER EQUILIBRIUM ITERATION   1
 *** LOAD STEP     4   SUBSTEP   160  COMPLETED.    CUM ITER =    686
 *** TIME =   48.0000         TIME INC =  0.100000    
 *** MAX VISCOELASTIC STRAIN STEP = 0.2031E-06

     FORCE CONVERGENCE VALUE  =  0.2817E-06  CRITERION=  0.5000E-04
     DISP CONVERGENCE VALUE   =  0.7369E-06  CRITERION=  0.1503E-02 <<< CONVERGED
    EQUIL ITER   1 COMPLETED.  OLD TRIANG MATRIX.  MAX DOF INC= -0.7369E-06
     FORCE CONVERGENCE VALUE  =  0.1657E-06  CRITERION=  0.5000E-04 <<< CONVERGED
    >>> SOLUTION CONVERGED AFTER EQUILIBRIUM ITERATION   1
 *** LOAD STEP     4   SUBSTEP   161  COMPLETED.    CUM ITER =    687
 *** TIME =   48.1000         TIME INC =  0.100000    
 *** MAX VISCOELASTIC STRAIN STEP = 0.2026E-06

     FORCE CONVERGENCE VALUE  =  0.2718E-06  CRITERION=  0.5000E-04
     DISP CONVERGENCE VALUE   =  0.7162E-06  CRITERION=  0.1503E-02 <<< CONVERGED
    EQUIL ITER   1 COMPLETED.  OLD TRIANG MATRIX.  MAX DOF INC= -0.7162E-06
     FORCE CONVERGENCE VALUE  =  0.1598E-06  CRITERION=  0.5000E-04 <<< CONVERGED
    >>> SOLUTION CONVERGED AFTER EQUILIBRIUM ITERATION   1
 *** LOAD STEP     4   SUBSTEP   162  COMPLETED.    CUM ITER =    688
 *** TIME =   48.2000         TIME INC =  0.100000    
 *** MAX VISCOELASTIC STRAIN STEP = 0.2021E-06

     FORCE CONVERGENCE VALUE  =  0.2623E-06  CRITERION=  0.5000E-04
     DISP CONVERGENCE VALUE   =  0.6962E-06  CRITERION=  0.1503E-02 <<< CONVERGED
    EQUIL ITER   1 COMPLETED.  OLD TRIANG MATRIX.  MAX DOF INC= -0.6962E-06
     FORCE CONVERGENCE VALUE  =  0.1541E-06  CRITERION=  0.5000E-04 <<< CONVERGED
    >>> SOLUTION CONVERGED AFTER EQUILIBRIUM ITERATION   1
 *** LOAD STEP     4   SUBSTEP   163  COMPLETED.    CUM ITER =    689
 *** TIME =   48.3000         TIME INC =  0.100000    
 *** MAX VISCOELASTIC STRAIN STEP = 0.2016E-06

     FORCE CONVERGENCE VALUE  =  0.2531E-06  CRITERION=  0.5000E-04
     DISP CONVERGENCE VALUE   =  0.6768E-06  CRITERION=  0.1503E-02 <<< CONVERGED
    EQUIL ITER   1 COMPLETED.  OLD TRIANG MATRIX.  MAX DOF INC= -0.6768E-06
     FORCE CONVERGENCE VALUE  =  0.1487E-06  CRITERION=  0.5000E-04 <<< CONVERGED
    >>> SOLUTION CONVERGED AFTER EQUILIBRIUM ITERATION   1
 *** LOAD STEP     4   SUBSTEP   164  COMPLETED.    CUM ITER =    690
 *** TIME =   48.4000         TIME INC =  0.100000    
 *** MAX VISCOELASTIC STRAIN STEP = 0.2011E-06

     FORCE CONVERGENCE VALUE  =  0.2442E-06  CRITERION=  0.5000E-04
     DISP CONVERGENCE VALUE   =  0.6581E-06  CRITERION=  0.1503E-02 <<< CONVERGED
    EQUIL ITER   1 COMPLETED.  OLD TRIANG MATRIX.  MAX DOF INC= -0.6581E-06
     FORCE CONVERGENCE VALUE  =  0.1434E-06  CRITERION=  0.5000E-04 <<< CONVERGED
    >>> SOLUTION CONVERGED AFTER EQUILIBRIUM ITERATION   1
 *** LOAD STEP     4   SUBSTEP   165  COMPLETED.    CUM ITER =    691
 *** TIME =   48.5000         TIME INC =  0.100000    
 *** MAX VISCOELASTIC STRAIN STEP = 0.2006E-06

     FORCE CONVERGENCE VALUE  =  0.2356E-06  CRITERION=  0.5000E-04
     DISP CONVERGENCE VALUE   =  0.6401E-06  CRITERION=  0.1503E-02 <<< CONVERGED
    EQUIL ITER   1 COMPLETED.  OLD TRIANG MATRIX.  MAX DOF INC= -0.6401E-06
     FORCE CONVERGENCE VALUE  =  0.1382E-06  CRITERION=  0.5000E-04 <<< CONVERGED
    >>> SOLUTION CONVERGED AFTER EQUILIBRIUM ITERATION   1
 *** LOAD STEP     4   SUBSTEP   166  COMPLETED.    CUM ITER =    692
 *** TIME =   48.6000         TIME INC =  0.100000    
 *** MAX VISCOELASTIC STRAIN STEP = 0.2001E-06

     FORCE CONVERGENCE VALUE  =  0.2273E-06  CRITERION=  0.5000E-04
     DISP CONVERGENCE VALUE   =  0.6226E-06  CRITERION=  0.1503E-02 <<< CONVERGED
    EQUIL ITER   1 COMPLETED.  OLD TRIANG MATRIX.  MAX DOF INC= -0.6226E-06
     FORCE CONVERGENCE VALUE  =  0.1333E-06  CRITERION=  0.5000E-04 <<< CONVERGED
    >>> SOLUTION CONVERGED AFTER EQUILIBRIUM ITERATION   1
 *** LOAD STEP     4   SUBSTEP   167  COMPLETED.    CUM ITER =    693
 *** TIME =   48.7000         TIME INC =  0.100000    
 *** MAX VISCOELASTIC STRAIN STEP = 0.1997E-06

     FORCE CONVERGENCE VALUE  =  0.2193E-06  CRITERION=  0.5000E-04
     DISP CONVERGENCE VALUE   =  0.6057E-06  CRITERION=  0.1503E-02 <<< CONVERGED
    EQUIL ITER   1 COMPLETED.  OLD TRIANG MATRIX.  MAX DOF INC= -0.6057E-06
     FORCE CONVERGENCE VALUE  =  0.1285E-06  CRITERION=  0.5000E-04 <<< CONVERGED
    >>> SOLUTION CONVERGED AFTER EQUILIBRIUM ITERATION   1
 *** LOAD STEP     4   SUBSTEP   168  COMPLETED.    CUM ITER =    694
 *** TIME =   48.8000         TIME INC =  0.100000    
 *** MAX VISCOELASTIC STRAIN STEP = 0.1992E-06

     FORCE CONVERGENCE VALUE  =  0.2115E-06  CRITERION=  0.5000E-04
     DISP CONVERGENCE VALUE   =  0.5894E-06  CRITERION=  0.1503E-02 <<< CONVERGED
    EQUIL ITER   1 COMPLETED.  OLD TRIANG MATRIX.  MAX DOF INC= -0.5894E-06
     FORCE CONVERGENCE VALUE  =  0.1239E-06  CRITERION=  0.5000E-04 <<< CONVERGED
    >>> SOLUTION CONVERGED AFTER EQUILIBRIUM ITERATION   1
 *** LOAD STEP     4   SUBSTEP   169  COMPLETED.    CUM ITER =    695
 *** TIME =   48.9000         TIME INC =  0.100000    
 *** MAX VISCOELASTIC STRAIN STEP = 0.1988E-06

     FORCE CONVERGENCE VALUE  =  0.2040E-06  CRITERION=  0.5000E-04
     DISP CONVERGENCE VALUE   =  0.5737E-06  CRITERION=  0.1503E-02 <<< CONVERGED
    EQUIL ITER   1 COMPLETED.  OLD TRIANG MATRIX.  MAX DOF INC= -0.5737E-06
     FORCE CONVERGENCE VALUE  =  0.1194E-06  CRITERION=  0.5000E-04 <<< CONVERGED
    >>> SOLUTION CONVERGED AFTER EQUILIBRIUM ITERATION   1
 *** LOAD STEP     4   SUBSTEP   170  COMPLETED.    CUM ITER =    696
 *** TIME =   49.0000         TIME INC =  0.100000    
 *** MAX VISCOELASTIC STRAIN STEP = 0.1984E-06

     FORCE CONVERGENCE VALUE  =  0.1967E-06  CRITERION=  0.5000E-04
     DISP CONVERGENCE VALUE   =  0.5584E-06  CRITERION=  0.1503E-02 <<< CONVERGED
    EQUIL ITER   1 COMPLETED.  OLD TRIANG MATRIX.  MAX DOF INC= -0.5584E-06
     FORCE CONVERGENCE VALUE  =  0.1151E-06  CRITERION=  0.5000E-04 <<< CONVERGED
    >>> SOLUTION CONVERGED AFTER EQUILIBRIUM ITERATION   1
 *** LOAD STEP     4   SUBSTEP   171  COMPLETED.    CUM ITER =    697
 *** TIME =   49.1000         TIME INC =  0.100000    
 *** MAX VISCOELASTIC STRAIN STEP = 0.1979E-06

     FORCE CONVERGENCE VALUE  =  0.1897E-06  CRITERION=  0.5000E-04
     DISP CONVERGENCE VALUE   =  0.5437E-06  CRITERION=  0.1503E-02 <<< CONVERGED
    EQUIL ITER   1 COMPLETED.  OLD TRIANG MATRIX.  MAX DOF INC= -0.5437E-06
     FORCE CONVERGENCE VALUE  =  0.1109E-06  CRITERION=  0.5000E-04 <<< CONVERGED
    >>> SOLUTION CONVERGED AFTER EQUILIBRIUM ITERATION   1
 *** LOAD STEP     4   SUBSTEP   172  COMPLETED.    CUM ITER =    698
 *** TIME =   49.2000         TIME INC =  0.100000    
 *** MAX VISCOELASTIC STRAIN STEP = 0.1975E-06

     FORCE CONVERGENCE VALUE  =  0.1829E-06  CRITERION=  0.5000E-04
     DISP CONVERGENCE VALUE   =  0.5295E-06  CRITERION=  0.1503E-02 <<< CONVERGED
    EQUIL ITER   1 COMPLETED.  OLD TRIANG MATRIX.  MAX DOF INC= -0.5295E-06
     FORCE CONVERGENCE VALUE  =  0.1069E-06  CRITERION=  0.5000E-04 <<< CONVERGED
    >>> SOLUTION CONVERGED AFTER EQUILIBRIUM ITERATION   1
 *** LOAD STEP     4   SUBSTEP   173  COMPLETED.    CUM ITER =    699
 *** TIME =   49.3000         TIME INC =  0.100000    
 *** MAX VISCOELASTIC STRAIN STEP = 0.1971E-06

     FORCE CONVERGENCE VALUE  =  0.1764E-06  CRITERION=  0.5000E-04
     DISP CONVERGENCE VALUE   =  0.5158E-06  CRITERION=  0.1503E-02 <<< CONVERGED
    EQUIL ITER   1 COMPLETED.  OLD TRIANG MATRIX.  MAX DOF INC= -0.5158E-06
     FORCE CONVERGENCE VALUE  =  0.1030E-06  CRITERION=  0.5000E-04 <<< CONVERGED
    >>> SOLUTION CONVERGED AFTER EQUILIBRIUM ITERATION   1
 *** LOAD STEP     4   SUBSTEP   174  COMPLETED.    CUM ITER =    700
 *** TIME =   49.4000         TIME INC =  0.100000    
 *** MAX VISCOELASTIC STRAIN STEP = 0.1967E-06

     FORCE CONVERGENCE VALUE  =  0.1701E-06  CRITERION=  0.5000E-04
     DISP CONVERGENCE VALUE   =  0.5025E-06  CRITERION=  0.1503E-02 <<< CONVERGED
    EQUIL ITER   1 COMPLETED.  OLD TRIANG MATRIX.  MAX DOF INC= -0.5025E-06
     FORCE CONVERGENCE VALUE  =  0.9923E-07  CRITERION=  0.5000E-04 <<< CONVERGED
    >>> SOLUTION CONVERGED AFTER EQUILIBRIUM ITERATION   1
 *** LOAD STEP     4   SUBSTEP   175  COMPLETED.    CUM ITER =    701
 *** TIME =   49.5000         TIME INC =  0.100000    
 *** MAX VISCOELASTIC STRAIN STEP = 0.1963E-06

     FORCE CONVERGENCE VALUE  =  0.1639E-06  CRITERION=  0.5000E-04
     DISP CONVERGENCE VALUE   =  0.4896E-06  CRITERION=  0.1503E-02 <<< CONVERGED
    EQUIL ITER   1 COMPLETED.  OLD TRIANG MATRIX.  MAX DOF INC= -0.4896E-06
     FORCE CONVERGENCE VALUE  =  0.9559E-07  CRITERION=  0.5000E-04 <<< CONVERGED
    >>> SOLUTION CONVERGED AFTER EQUILIBRIUM ITERATION   1
 *** LOAD STEP     4   SUBSTEP   176  COMPLETED.    CUM ITER =    702
 *** TIME =   49.6000         TIME INC =  0.100000    
 *** MAX VISCOELASTIC STRAIN STEP = 0.1959E-06

     FORCE CONVERGENCE VALUE  =  0.1580E-06  CRITERION=  0.5000E-04
     DISP CONVERGENCE VALUE   =  0.4772E-06  CRITERION=  0.1503E-02 <<< CONVERGED
    EQUIL ITER   1 COMPLETED.  OLD TRIANG MATRIX.  MAX DOF INC= -0.4772E-06
     FORCE CONVERGENCE VALUE  =  0.9207E-07  CRITERION=  0.5000E-04 <<< CONVERGED
    >>> SOLUTION CONVERGED AFTER EQUILIBRIUM ITERATION   1
 *** LOAD STEP     4   SUBSTEP   177  COMPLETED.    CUM ITER =    703
 *** TIME =   49.7000         TIME INC =  0.100000    
 *** MAX VISCOELASTIC STRAIN STEP = 0.1955E-06

     FORCE CONVERGENCE VALUE  =  0.1523E-06  CRITERION=  0.5000E-04
     DISP CONVERGENCE VALUE   =  0.4652E-06  CRITERION=  0.1503E-02 <<< CONVERGED
    EQUIL ITER   1 COMPLETED.  OLD TRIANG MATRIX.  MAX DOF INC= -0.4652E-06
     FORCE CONVERGENCE VALUE  =  0.8867E-07  CRITERION=  0.5000E-04 <<< CONVERGED
    >>> SOLUTION CONVERGED AFTER EQUILIBRIUM ITERATION   1
 *** LOAD STEP     4   SUBSTEP   178  COMPLETED.    CUM ITER =    704
 *** TIME =   49.8000         TIME INC =  0.100000    
 *** MAX VISCOELASTIC STRAIN STEP = 0.1951E-06

     FORCE CONVERGENCE VALUE  =  0.1468E-06  CRITERION=  0.5000E-04
     DISP CONVERGENCE VALUE   =  0.4536E-06  CRITERION=  0.1503E-02 <<< CONVERGED
    EQUIL ITER   1 COMPLETED.  OLD TRIANG MATRIX.  MAX DOF INC= -0.4536E-06
     FORCE CONVERGENCE VALUE  =  0.8538E-07  CRITERION=  0.5000E-04 <<< CONVERGED
    >>> SOLUTION CONVERGED AFTER EQUILIBRIUM ITERATION   1
 *** LOAD STEP     4   SUBSTEP   179  COMPLETED.    CUM ITER =    705
 *** TIME =   49.9000         TIME INC =  0.100000    
 *** MAX VISCOELASTIC STRAIN STEP = 0.1947E-06

     FORCE CONVERGENCE VALUE  =  0.1415E-06  CRITERION=  0.5000E-04
     DISP CONVERGENCE VALUE   =  0.4424E-06  CRITERION=  0.1503E-02 <<< CONVERGED
    EQUIL ITER   1 COMPLETED.  OLD TRIANG MATRIX.  MAX DOF INC= -0.4424E-06
     FORCE CONVERGENCE VALUE  =  0.8221E-07  CRITERION=  0.5000E-04 <<< CONVERGED
    >>> SOLUTION CONVERGED AFTER EQUILIBRIUM ITERATION   1
 *** LOAD STEP     4   SUBSTEP   180  COMPLETED.    CUM ITER =    706
 *** TIME =   50.0000         TIME INC =  0.100000    
 *** MAX VISCOELASTIC STRAIN STEP = 0.1944E-06

     FORCE CONVERGENCE VALUE  =  0.1363E-06  CRITERION=  0.5000E-04
     DISP CONVERGENCE VALUE   =  0.4316E-06  CRITERION=  0.1503E-02 <<< CONVERGED
    EQUIL ITER   1 COMPLETED.  OLD TRIANG MATRIX.  MAX DOF INC= -0.4316E-06
     FORCE CONVERGENCE VALUE  =  0.7914E-07  CRITERION=  0.5000E-04 <<< CONVERGED
    >>> SOLUTION CONVERGED AFTER EQUILIBRIUM ITERATION   1
 *** LOAD STEP     4   SUBSTEP   181  COMPLETED.    CUM ITER =    707
 *** TIME =   50.1000         TIME INC =  0.100000    
 *** MAX VISCOELASTIC STRAIN STEP = 0.1940E-06

     FORCE CONVERGENCE VALUE  =  0.1313E-06  CRITERION=  0.5000E-04
     DISP CONVERGENCE VALUE   =  0.4211E-06  CRITERION=  0.1503E-02 <<< CONVERGED
    EQUIL ITER   1 COMPLETED.  OLD TRIANG MATRIX.  MAX DOF INC= -0.4211E-06
     FORCE CONVERGENCE VALUE  =  0.7618E-07  CRITERION=  0.5000E-04 <<< CONVERGED
    >>> SOLUTION CONVERGED AFTER EQUILIBRIUM ITERATION   1
 *** LOAD STEP     4   SUBSTEP   182  COMPLETED.    CUM ITER =    708
 *** TIME =   50.2000         TIME INC =  0.100000    
 *** MAX VISCOELASTIC STRAIN STEP = 0.1936E-06

     FORCE CONVERGENCE VALUE  =  0.1265E-06  CRITERION=  0.5000E-04
     DISP CONVERGENCE VALUE   =  0.4110E-06  CRITERION=  0.1503E-02 <<< CONVERGED
    EQUIL ITER   1 COMPLETED.  OLD TRIANG MATRIX.  MAX DOF INC= -0.4110E-06
     FORCE CONVERGENCE VALUE  =  0.7331E-07  CRITERION=  0.5000E-04 <<< CONVERGED
    >>> SOLUTION CONVERGED AFTER EQUILIBRIUM ITERATION   1
 *** LOAD STEP     4   SUBSTEP   183  COMPLETED.    CUM ITER =    709
 *** TIME =   50.3000         TIME INC =  0.100000    
 *** MAX VISCOELASTIC STRAIN STEP = 0.1933E-06

     FORCE CONVERGENCE VALUE  =  0.1219E-06  CRITERION=  0.5000E-04
     DISP CONVERGENCE VALUE   =  0.4012E-06  CRITERION=  0.1503E-02 <<< CONVERGED
    EQUIL ITER   1 COMPLETED.  OLD TRIANG MATRIX.  MAX DOF INC= -0.4012E-06
     FORCE CONVERGENCE VALUE  =  0.7054E-07  CRITERION=  0.5000E-04 <<< CONVERGED
    >>> SOLUTION CONVERGED AFTER EQUILIBRIUM ITERATION   1
 *** LOAD STEP     4   SUBSTEP   184  COMPLETED.    CUM ITER =    710
 *** TIME =   50.4000         TIME INC =  0.100000    
 *** MAX VISCOELASTIC STRAIN STEP = 0.1929E-06

     FORCE CONVERGENCE VALUE  =  0.1174E-06  CRITERION=  0.5000E-04
     DISP CONVERGENCE VALUE   =  0.3917E-06  CRITERION=  0.1503E-02 <<< CONVERGED
    EQUIL ITER   1 COMPLETED.  OLD TRIANG MATRIX.  MAX DOF INC= -0.3917E-06
     FORCE CONVERGENCE VALUE  =  0.6787E-07  CRITERION=  0.5000E-04 <<< CONVERGED
    >>> SOLUTION CONVERGED AFTER EQUILIBRIUM ITERATION   1
 *** LOAD STEP     4   SUBSTEP   185  COMPLETED.    CUM ITER =    711
 *** TIME =   50.5000         TIME INC =  0.100000    
 *** MAX VISCOELASTIC STRAIN STEP = 0.1926E-06

     FORCE CONVERGENCE VALUE  =  0.1130E-06  CRITERION=  0.5000E-04
     DISP CONVERGENCE VALUE   =  0.3825E-06  CRITERION=  0.1503E-02 <<< CONVERGED
    EQUIL ITER   1 COMPLETED.  OLD TRIANG MATRIX.  MAX DOF INC= -0.3825E-06
     FORCE CONVERGENCE VALUE  =  0.6528E-07  CRITERION=  0.5000E-04 <<< CONVERGED
    >>> SOLUTION CONVERGED AFTER EQUILIBRIUM ITERATION   1
 *** LOAD STEP     4   SUBSTEP   186  COMPLETED.    CUM ITER =    712
 *** TIME =   50.6000         TIME INC =  0.100000    
 *** MAX VISCOELASTIC STRAIN STEP = 0.1922E-06

     FORCE CONVERGENCE VALUE  =  0.1088E-06  CRITERION=  0.5000E-04
     DISP CONVERGENCE VALUE   =  0.3737E-06  CRITERION=  0.1503E-02 <<< CONVERGED
    EQUIL ITER   1 COMPLETED.  OLD TRIANG MATRIX.  MAX DOF INC= -0.3737E-06
     FORCE CONVERGENCE VALUE  =  0.6279E-07  CRITERION=  0.5000E-04 <<< CONVERGED
    >>> SOLUTION CONVERGED AFTER EQUILIBRIUM ITERATION   1
 *** LOAD STEP     4   SUBSTEP   187  COMPLETED.    CUM ITER =    713
 *** TIME =   50.7000         TIME INC =  0.100000    
 *** MAX VISCOELASTIC STRAIN STEP = 0.1919E-06

     FORCE CONVERGENCE VALUE  =  0.1048E-06  CRITERION=  0.5000E-04
     DISP CONVERGENCE VALUE   =  0.3651E-06  CRITERION=  0.1503E-02 <<< CONVERGED
    EQUIL ITER   1 COMPLETED.  OLD TRIANG MATRIX.  MAX DOF INC= -0.3651E-06
     FORCE CONVERGENCE VALUE  =  0.6037E-07  CRITERION=  0.5000E-04 <<< CONVERGED
    >>> SOLUTION CONVERGED AFTER EQUILIBRIUM ITERATION   1
 *** LOAD STEP     4   SUBSTEP   188  COMPLETED.    CUM ITER =    714
 *** TIME =   50.8000         TIME INC =  0.100000    
 *** MAX VISCOELASTIC STRAIN STEP = 0.1915E-06

     FORCE CONVERGENCE VALUE  =  0.1009E-06  CRITERION=  0.5000E-04
     DISP CONVERGENCE VALUE   =  0.3569E-06  CRITERION=  0.1503E-02 <<< CONVERGED
    EQUIL ITER   1 COMPLETED.  OLD TRIANG MATRIX.  MAX DOF INC= -0.3569E-06
     FORCE CONVERGENCE VALUE  =  0.5804E-07  CRITERION=  0.5000E-04 <<< CONVERGED
    >>> SOLUTION CONVERGED AFTER EQUILIBRIUM ITERATION   1
 *** LOAD STEP     4   SUBSTEP   189  COMPLETED.    CUM ITER =    715
 *** TIME =   50.9000         TIME INC =  0.100000    
 *** MAX VISCOELASTIC STRAIN STEP = 0.1912E-06

     FORCE CONVERGENCE VALUE  =  0.9709E-07  CRITERION=  0.5000E-04
     DISP CONVERGENCE VALUE   =  0.3489E-06  CRITERION=  0.1503E-02 <<< CONVERGED
    EQUIL ITER   1 COMPLETED.  OLD TRIANG MATRIX.  MAX DOF INC= -0.3489E-06
     FORCE CONVERGENCE VALUE  =  0.5579E-07  CRITERION=  0.5000E-04 <<< CONVERGED
    >>> SOLUTION CONVERGED AFTER EQUILIBRIUM ITERATION   1
 *** LOAD STEP     4   SUBSTEP   190  COMPLETED.    CUM ITER =    716
 *** TIME =   51.0000         TIME INC =  0.100000    
 *** MAX VISCOELASTIC STRAIN STEP = 0.1909E-06

     FORCE CONVERGENCE VALUE  =  0.9344E-07  CRITERION=  0.5000E-04
     DISP CONVERGENCE VALUE   =  0.3412E-06  CRITERION=  0.1503E-02 <<< CONVERGED
    EQUIL ITER   1 COMPLETED.  OLD TRIANG MATRIX.  MAX DOF INC= -0.3412E-06
     FORCE CONVERGENCE VALUE  =  0.5362E-07  CRITERION=  0.5000E-04 <<< CONVERGED
    >>> SOLUTION CONVERGED AFTER EQUILIBRIUM ITERATION   1
 *** LOAD STEP     4   SUBSTEP   191  COMPLETED.    CUM ITER =    717
 *** TIME =   51.1000         TIME INC =  0.100000    
 *** MAX VISCOELASTIC STRAIN STEP = 0.1905E-06

     FORCE CONVERGENCE VALUE  =  0.8991E-07  CRITERION=  0.5000E-04
     DISP CONVERGENCE VALUE   =  0.3337E-06  CRITERION=  0.1503E-02 <<< CONVERGED
    EQUIL ITER   1 COMPLETED.  OLD TRIANG MATRIX.  MAX DOF INC= -0.3337E-06
     FORCE CONVERGENCE VALUE  =  0.5152E-07  CRITERION=  0.5000E-04 <<< CONVERGED
    >>> SOLUTION CONVERGED AFTER EQUILIBRIUM ITERATION   1
 *** LOAD STEP     4   SUBSTEP   192  COMPLETED.    CUM ITER =    718
 *** TIME =   51.2000         TIME INC =  0.100000    
 *** MAX VISCOELASTIC STRAIN STEP = 0.1902E-06

     FORCE CONVERGENCE VALUE  =  0.8649E-07  CRITERION=  0.5000E-04
     DISP CONVERGENCE VALUE   =  0.3265E-06  CRITERION=  0.1503E-02 <<< CONVERGED
    EQUIL ITER   1 COMPLETED.  OLD TRIANG MATRIX.  MAX DOF INC= -0.3265E-06
     FORCE CONVERGENCE VALUE  =  0.4948E-07  CRITERION=  0.5000E-04 <<< CONVERGED
    >>> SOLUTION CONVERGED AFTER EQUILIBRIUM ITERATION   1
 *** LOAD STEP     4   SUBSTEP   193  COMPLETED.    CUM ITER =    719
 *** TIME =   51.3000         TIME INC =  0.100000    
 *** MAX VISCOELASTIC STRAIN STEP = 0.1899E-06

     FORCE CONVERGENCE VALUE  =  0.8320E-07  CRITERION=  0.5000E-04
     DISP CONVERGENCE VALUE   =  0.3195E-06  CRITERION=  0.1503E-02 <<< CONVERGED
    EQUIL ITER   1 COMPLETED.  OLD TRIANG MATRIX.  MAX DOF INC= -0.3195E-06
     FORCE CONVERGENCE VALUE  =  0.4752E-07  CRITERION=  0.5000E-04 <<< CONVERGED
    >>> SOLUTION CONVERGED AFTER EQUILIBRIUM ITERATION   1
 *** LOAD STEP     4   SUBSTEP   194  COMPLETED.    CUM ITER =    720
 *** TIME =   51.4000         TIME INC =  0.100000    
 *** MAX VISCOELASTIC STRAIN STEP = 0.1896E-06

     FORCE CONVERGENCE VALUE  =  0.8002E-07  CRITERION=  0.5000E-04
     DISP CONVERGENCE VALUE   =  0.3127E-06  CRITERION=  0.1503E-02 <<< CONVERGED
    EQUIL ITER   1 COMPLETED.  OLD TRIANG MATRIX.  MAX DOF INC= -0.3127E-06
     FORCE CONVERGENCE VALUE  =  0.4563E-07  CRITERION=  0.5000E-04 <<< CONVERGED
    >>> SOLUTION CONVERGED AFTER EQUILIBRIUM ITERATION   1
 *** LOAD STEP     4   SUBSTEP   195  COMPLETED.    CUM ITER =    721
 *** TIME =   51.5000         TIME INC =  0.100000    
 *** MAX VISCOELASTIC STRAIN STEP = 0.1893E-06

     FORCE CONVERGENCE VALUE  =  0.7694E-07  CRITERION=  0.5000E-04
     DISP CONVERGENCE VALUE   =  0.3062E-06  CRITERION=  0.1503E-02 <<< CONVERGED
    EQUIL ITER   1 COMPLETED.  OLD TRIANG MATRIX.  MAX DOF INC= -0.3062E-06
     FORCE CONVERGENCE VALUE  =  0.4380E-07  CRITERION=  0.5000E-04 <<< CONVERGED
    >>> SOLUTION CONVERGED AFTER EQUILIBRIUM ITERATION   1
 *** LOAD STEP     4   SUBSTEP   196  COMPLETED.    CUM ITER =    722
 *** TIME =   51.6000         TIME INC =  0.100000    
 *** MAX VISCOELASTIC STRAIN STEP = 0.1890E-06

     FORCE CONVERGENCE VALUE  =  0.7397E-07  CRITERION=  0.5000E-04
     DISP CONVERGENCE VALUE   =  0.2999E-06  CRITERION=  0.1503E-02 <<< CONVERGED
    EQUIL ITER   1 COMPLETED.  OLD TRIANG MATRIX.  MAX DOF INC= -0.2999E-06
     FORCE CONVERGENCE VALUE  =  0.4203E-07  CRITERION=  0.5000E-04 <<< CONVERGED
    >>> SOLUTION CONVERGED AFTER EQUILIBRIUM ITERATION   1
 *** LOAD STEP     4   SUBSTEP   197  COMPLETED.    CUM ITER =    723
 *** TIME =   51.7000         TIME INC =  0.100000    
 *** MAX VISCOELASTIC STRAIN STEP = 0.1886E-06

     FORCE CONVERGENCE VALUE  =  0.7111E-07  CRITERION=  0.5000E-04
     DISP CONVERGENCE VALUE   =  0.2938E-06  CRITERION=  0.1503E-02 <<< CONVERGED
    EQUIL ITER   1 COMPLETED.  OLD TRIANG MATRIX.  MAX DOF INC= -0.2938E-06
     FORCE CONVERGENCE VALUE  =  0.4032E-07  CRITERION=  0.5000E-04 <<< CONVERGED
    >>> SOLUTION CONVERGED AFTER EQUILIBRIUM ITERATION   1
 *** LOAD STEP     4   SUBSTEP   198  COMPLETED.    CUM ITER =    724
 *** TIME =   51.8000         TIME INC =  0.100000    
 *** MAX VISCOELASTIC STRAIN STEP = 0.1883E-06

     FORCE CONVERGENCE VALUE  =  0.6834E-07  CRITERION=  0.5000E-04
     DISP CONVERGENCE VALUE   =  0.2879E-06  CRITERION=  0.1503E-02 <<< CONVERGED
    EQUIL ITER   1 COMPLETED.  OLD TRIANG MATRIX.  MAX DOF INC= -0.2879E-06
     FORCE CONVERGENCE VALUE  =  0.3868E-07  CRITERION=  0.5000E-04 <<< CONVERGED
    >>> SOLUTION CONVERGED AFTER EQUILIBRIUM ITERATION   1
 *** LOAD STEP     4   SUBSTEP   199  COMPLETED.    CUM ITER =    725
 *** TIME =   51.9000         TIME INC =  0.100000    
 *** MAX VISCOELASTIC STRAIN STEP = 0.1880E-06

     FORCE CONVERGENCE VALUE  =  0.6566E-07  CRITERION=  0.5000E-04
     DISP CONVERGENCE VALUE   =  0.2821E-06  CRITERION=  0.1503E-02 <<< CONVERGED
    EQUIL ITER   1 COMPLETED.  OLD TRIANG MATRIX.  MAX DOF INC= -0.2821E-06
     FORCE CONVERGENCE VALUE  =  0.3708E-07  CRITERION=  0.5000E-04 <<< CONVERGED
    >>> SOLUTION CONVERGED AFTER EQUILIBRIUM ITERATION   1
 *** LOAD STEP     4   SUBSTEP   200  COMPLETED.    CUM ITER =    726
 *** TIME =   52.0000         TIME INC =  0.100000    
 *** MAX VISCOELASTIC STRAIN STEP = 0.1877E-06

     FORCE CONVERGENCE VALUE  =  0.6308E-07  CRITERION=  0.5000E-04
     DISP CONVERGENCE VALUE   =  0.2766E-06  CRITERION=  0.1503E-02 <<< CONVERGED
    EQUIL ITER   1 COMPLETED.  OLD TRIANG MATRIX.  MAX DOF INC= -0.2766E-06
     FORCE CONVERGENCE VALUE  =  0.3555E-07  CRITERION=  0.5000E-04 <<< CONVERGED
    >>> SOLUTION CONVERGED AFTER EQUILIBRIUM ITERATION   1
 *** LOAD STEP     4   SUBSTEP   201  COMPLETED.    CUM ITER =    727
 *** TIME =   52.1000         TIME INC =  0.100000    
 *** MAX VISCOELASTIC STRAIN STEP = 0.1874E-06

     FORCE CONVERGENCE VALUE  =  0.6059E-07  CRITERION=  0.5000E-04
     DISP CONVERGENCE VALUE   =  0.2713E-06  CRITERION=  0.1503E-02 <<< CONVERGED
    EQUIL ITER   1 COMPLETED.  OLD TRIANG MATRIX.  MAX DOF INC= -0.2713E-06
     FORCE CONVERGENCE VALUE  =  0.3406E-07  CRITERION=  0.5000E-04 <<< CONVERGED
    >>> SOLUTION CONVERGED AFTER EQUILIBRIUM ITERATION   1
 *** LOAD STEP     4   SUBSTEP   202  COMPLETED.    CUM ITER =    728
 *** TIME =   52.2000         TIME INC =  0.100000    
 *** MAX VISCOELASTIC STRAIN STEP = 0.1872E-06

     FORCE CONVERGENCE VALUE  =  0.5818E-07  CRITERION=  0.5000E-04
     DISP CONVERGENCE VALUE   =  0.2661E-06  CRITERION=  0.1503E-02 <<< CONVERGED
    EQUIL ITER   1 COMPLETED.  OLD TRIANG MATRIX.  MAX DOF INC= -0.2661E-06
     FORCE CONVERGENCE VALUE  =  0.3263E-07  CRITERION=  0.5000E-04 <<< CONVERGED
    >>> SOLUTION CONVERGED AFTER EQUILIBRIUM ITERATION   1
 *** LOAD STEP     4   SUBSTEP   203  COMPLETED.    CUM ITER =    729
 *** TIME =   52.3000         TIME INC =  0.100000    
 *** MAX VISCOELASTIC STRAIN STEP = 0.1869E-06

     FORCE CONVERGENCE VALUE  =  0.5586E-07  CRITERION=  0.5000E-04
     DISP CONVERGENCE VALUE   =  0.2611E-06  CRITERION=  0.1503E-02 <<< CONVERGED
    EQUIL ITER   1 COMPLETED.  OLD TRIANG MATRIX.  MAX DOF INC= -0.2611E-06
     FORCE CONVERGENCE VALUE  =  0.3125E-07  CRITERION=  0.5000E-04 <<< CONVERGED
    >>> SOLUTION CONVERGED AFTER EQUILIBRIUM ITERATION   1
 *** LOAD STEP     4   SUBSTEP   204  COMPLETED.    CUM ITER =    730
 *** TIME =   52.4000         TIME INC =  0.100000    
 *** MAX VISCOELASTIC STRAIN STEP = 0.1866E-06

     FORCE CONVERGENCE VALUE  =  0.5361E-07  CRITERION=  0.5000E-04
     DISP CONVERGENCE VALUE   =  0.2563E-06  CRITERION=  0.1503E-02 <<< CONVERGED
    EQUIL ITER   1 COMPLETED.  OLD TRIANG MATRIX.  MAX DOF INC= -0.2563E-06
     FORCE CONVERGENCE VALUE  =  0.2991E-07  CRITERION=  0.5000E-04 <<< CONVERGED
    >>> SOLUTION CONVERGED AFTER EQUILIBRIUM ITERATION   1
 *** LOAD STEP     4   SUBSTEP   205  COMPLETED.    CUM ITER =    731
 *** TIME =   52.5000         TIME INC =  0.100000    
 *** MAX VISCOELASTIC STRAIN STEP = 0.1863E-06

     FORCE CONVERGENCE VALUE  =  0.5145E-07  CRITERION=  0.5000E-04
     DISP CONVERGENCE VALUE   =  0.2516E-06  CRITERION=  0.1503E-02 <<< CONVERGED
    EQUIL ITER   1 COMPLETED.  OLD TRIANG MATRIX.  MAX DOF INC= -0.2516E-06
     FORCE CONVERGENCE VALUE  =  0.2862E-07  CRITERION=  0.5000E-04 <<< CONVERGED
    >>> SOLUTION CONVERGED AFTER EQUILIBRIUM ITERATION   1
 *** LOAD STEP     4   SUBSTEP   206  COMPLETED.    CUM ITER =    732
 *** TIME =   52.6000         TIME INC =  0.100000    
 *** MAX VISCOELASTIC STRAIN STEP = 0.1860E-06

     FORCE CONVERGENCE VALUE  =  0.4936E-07  CRITERION=  0.5000E-04
     DISP CONVERGENCE VALUE   =  0.2471E-06  CRITERION=  0.1503E-02 <<< CONVERGED
    EQUIL ITER   1 COMPLETED.  OLD TRIANG MATRIX.  MAX DOF INC= -0.2471E-06
     FORCE CONVERGENCE VALUE  =  0.2738E-07  CRITERION=  0.5000E-04 <<< CONVERGED
    >>> SOLUTION CONVERGED AFTER EQUILIBRIUM ITERATION   1
 *** LOAD STEP     4   SUBSTEP   207  COMPLETED.    CUM ITER =    733
 *** TIME =   52.7000         TIME INC =  0.100000    
 *** MAX VISCOELASTIC STRAIN STEP = 0.1857E-06

     FORCE CONVERGENCE VALUE  =  0.4734E-07  CRITERION=  0.5000E-04
     DISP CONVERGENCE VALUE   =  0.2427E-06  CRITERION=  0.1503E-02 <<< CONVERGED
    EQUIL ITER   1 COMPLETED.  OLD TRIANG MATRIX.  MAX DOF INC= -0.2427E-06
     FORCE CONVERGENCE VALUE  =  0.2618E-07  CRITERION=  0.5000E-04 <<< CONVERGED
    >>> SOLUTION CONVERGED AFTER EQUILIBRIUM ITERATION   1
 *** LOAD STEP     4   SUBSTEP   208  COMPLETED.    CUM ITER =    734
 *** TIME =   52.8000         TIME INC =  0.100000    
 *** MAX VISCOELASTIC STRAIN STEP = 0.1854E-06

     FORCE CONVERGENCE VALUE  =  0.4539E-07  CRITERION=  0.5000E-04
     DISP CONVERGENCE VALUE   =  0.2384E-06  CRITERION=  0.1503E-02 <<< CONVERGED
    EQUIL ITER   1 COMPLETED.  OLD TRIANG MATRIX.  MAX DOF INC= -0.2384E-06
     FORCE CONVERGENCE VALUE  =  0.2502E-07  CRITERION=  0.5000E-04 <<< CONVERGED
    >>> SOLUTION CONVERGED AFTER EQUILIBRIUM ITERATION   1
 *** LOAD STEP     4   SUBSTEP   209  COMPLETED.    CUM ITER =    735
 *** TIME =   52.9000         TIME INC =  0.100000    
 *** MAX VISCOELASTIC STRAIN STEP = 0.1852E-06

     FORCE CONVERGENCE VALUE  =  0.4352E-07  CRITERION=  0.5000E-04
     DISP CONVERGENCE VALUE   =  0.2343E-06  CRITERION=  0.1503E-02 <<< CONVERGED
    EQUIL ITER   1 COMPLETED.  OLD TRIANG MATRIX.  MAX DOF INC= -0.2343E-06
     FORCE CONVERGENCE VALUE  =  0.2390E-07  CRITERION=  0.5000E-04 <<< CONVERGED
    >>> SOLUTION CONVERGED AFTER EQUILIBRIUM ITERATION   1
 *** LOAD STEP     4   SUBSTEP   210  COMPLETED.    CUM ITER =    736
 *** TIME =   53.0000         TIME INC =  0.100000    
 *** MAX VISCOELASTIC STRAIN STEP = 0.1849E-06

     FORCE CONVERGENCE VALUE  =  0.4171E-07  CRITERION=  0.5000E-04
     DISP CONVERGENCE VALUE   =  0.2304E-06  CRITERION=  0.1503E-02 <<< CONVERGED
    EQUIL ITER   1 COMPLETED.  OLD TRIANG MATRIX.  MAX DOF INC= -0.2304E-06
     FORCE CONVERGENCE VALUE  =  0.2283E-07  CRITERION=  0.5000E-04 <<< CONVERGED
    >>> SOLUTION CONVERGED AFTER EQUILIBRIUM ITERATION   1
 *** LOAD STEP     4   SUBSTEP   211  COMPLETED.    CUM ITER =    737
 *** TIME =   53.1000         TIME INC =  0.100000    
 *** MAX VISCOELASTIC STRAIN STEP = 0.1846E-06

     FORCE CONVERGENCE VALUE  =  0.3996E-07  CRITERION=  0.5000E-04
     DISP CONVERGENCE VALUE   =  0.2265E-06  CRITERION=  0.1503E-02 <<< CONVERGED
    EQUIL ITER   1 COMPLETED.  OLD TRIANG MATRIX.  MAX DOF INC= -0.2265E-06
     FORCE CONVERGENCE VALUE  =  0.2179E-07  CRITERION=  0.5000E-04 <<< CONVERGED
    >>> SOLUTION CONVERGED AFTER EQUILIBRIUM ITERATION   1
 *** LOAD STEP     4   SUBSTEP   212  COMPLETED.    CUM ITER =    738
 *** TIME =   53.2000         TIME INC =  0.100000    
 *** MAX VISCOELASTIC STRAIN STEP = 0.1843E-06

     FORCE CONVERGENCE VALUE  =  0.3828E-07  CRITERION=  0.5000E-04
     DISP CONVERGENCE VALUE   =  0.2228E-06  CRITERION=  0.1503E-02 <<< CONVERGED
    EQUIL ITER   1 COMPLETED.  OLD TRIANG MATRIX.  MAX DOF INC= -0.2228E-06
     FORCE CONVERGENCE VALUE  =  0.2079E-07  CRITERION=  0.5000E-04 <<< CONVERGED
    >>> SOLUTION CONVERGED AFTER EQUILIBRIUM ITERATION   1
 *** LOAD STEP     4   SUBSTEP   213  COMPLETED.    CUM ITER =    739
 *** TIME =   53.3000         TIME INC =  0.100000    
 *** MAX VISCOELASTIC STRAIN STEP = 0.1841E-06

     FORCE CONVERGENCE VALUE  =  0.3665E-07  CRITERION=  0.5000E-04
     DISP CONVERGENCE VALUE   =  0.2192E-06  CRITERION=  0.1503E-02 <<< CONVERGED
    EQUIL ITER   1 COMPLETED.  OLD TRIANG MATRIX.  MAX DOF INC= -0.2192E-06
     FORCE CONVERGENCE VALUE  =  0.1982E-07  CRITERION=  0.5000E-04 <<< CONVERGED
    >>> SOLUTION CONVERGED AFTER EQUILIBRIUM ITERATION   1
 *** LOAD STEP     4   SUBSTEP   214  COMPLETED.    CUM ITER =    740
 *** TIME =   53.4000         TIME INC =  0.100000    
 *** MAX VISCOELASTIC STRAIN STEP = 0.1838E-06

     FORCE CONVERGENCE VALUE  =  0.3509E-07  CRITERION=  0.5000E-04
     DISP CONVERGENCE VALUE   =  0.2158E-06  CRITERION=  0.1503E-02 <<< CONVERGED
    EQUIL ITER   1 COMPLETED.  OLD TRIANG MATRIX.  MAX DOF INC= -0.2158E-06
     FORCE CONVERGENCE VALUE  =  0.1889E-07  CRITERION=  0.5000E-04 <<< CONVERGED
    >>> SOLUTION CONVERGED AFTER EQUILIBRIUM ITERATION   1
 *** LOAD STEP     4   SUBSTEP   215  COMPLETED.    CUM ITER =    741
 *** TIME =   53.5000         TIME INC =  0.100000    
 *** MAX VISCOELASTIC STRAIN STEP = 0.1835E-06

     FORCE CONVERGENCE VALUE  =  0.3358E-07  CRITERION=  0.5000E-04
     DISP CONVERGENCE VALUE   =  0.2124E-06  CRITERION=  0.1503E-02 <<< CONVERGED
    EQUIL ITER   1 COMPLETED.  OLD TRIANG MATRIX.  MAX DOF INC= -0.2124E-06
     FORCE CONVERGENCE VALUE  =  0.1800E-07  CRITERION=  0.5000E-04 <<< CONVERGED
    >>> SOLUTION CONVERGED AFTER EQUILIBRIUM ITERATION   1
 *** LOAD STEP     4   SUBSTEP   216  COMPLETED.    CUM ITER =    742
 *** TIME =   53.6000         TIME INC =  0.100000    
 *** MAX VISCOELASTIC STRAIN STEP = 0.1833E-06

     FORCE CONVERGENCE VALUE  =  0.3213E-07  CRITERION=  0.5000E-04
     DISP CONVERGENCE VALUE   =  0.2091E-06  CRITERION=  0.1503E-02 <<< CONVERGED
    EQUIL ITER   1 COMPLETED.  OLD TRIANG MATRIX.  MAX DOF INC= -0.2091E-06
     FORCE CONVERGENCE VALUE  =  0.1713E-07  CRITERION=  0.5000E-04 <<< CONVERGED
    >>> SOLUTION CONVERGED AFTER EQUILIBRIUM ITERATION   1
 *** LOAD STEP     4   SUBSTEP   217  COMPLETED.    CUM ITER =    743
 *** TIME =   53.7000         TIME INC =  0.100000    
 *** MAX VISCOELASTIC STRAIN STEP = 0.1830E-06

     FORCE CONVERGENCE VALUE  =  0.3073E-07  CRITERION=  0.5000E-04
     DISP CONVERGENCE VALUE   =  0.2060E-06  CRITERION=  0.1503E-02 <<< CONVERGED
    EQUIL ITER   1 COMPLETED.  OLD TRIANG MATRIX.  MAX DOF INC= -0.2060E-06
     FORCE CONVERGENCE VALUE  =  0.1630E-07  CRITERION=  0.5000E-04 <<< CONVERGED
    >>> SOLUTION CONVERGED AFTER EQUILIBRIUM ITERATION   1
 *** LOAD STEP     4   SUBSTEP   218  COMPLETED.    CUM ITER =    744
 *** TIME =   53.8000         TIME INC =  0.100000    
 *** MAX VISCOELASTIC STRAIN STEP = 0.1828E-06

     FORCE CONVERGENCE VALUE  =  0.2939E-07  CRITERION=  0.5000E-04
     DISP CONVERGENCE VALUE   =  0.2029E-06  CRITERION=  0.1503E-02 <<< CONVERGED
    EQUIL ITER   1 COMPLETED.  OLD TRIANG MATRIX.  MAX DOF INC= -0.2029E-06
     FORCE CONVERGENCE VALUE  =  0.1551E-07  CRITERION=  0.5000E-04 <<< CONVERGED
    >>> SOLUTION CONVERGED AFTER EQUILIBRIUM ITERATION   1
 *** LOAD STEP     4   SUBSTEP   219  COMPLETED.    CUM ITER =    745
 *** TIME =   53.9000         TIME INC =  0.100000    
 *** MAX VISCOELASTIC STRAIN STEP = 0.1825E-06

     FORCE CONVERGENCE VALUE  =  0.2809E-07  CRITERION=  0.5000E-04
     DISP CONVERGENCE VALUE   =  0.2000E-06  CRITERION=  0.1503E-02 <<< CONVERGED
    EQUIL ITER   1 COMPLETED.  OLD TRIANG MATRIX.  MAX DOF INC= -0.2000E-06
     FORCE CONVERGENCE VALUE  =  0.1474E-07  CRITERION=  0.5000E-04 <<< CONVERGED
    >>> SOLUTION CONVERGED AFTER EQUILIBRIUM ITERATION   1
 *** LOAD STEP     4   SUBSTEP   220  COMPLETED.    CUM ITER =    746
 *** TIME =   54.0000         TIME INC =  0.100000    
 *** MAX VISCOELASTIC STRAIN STEP = 0.1822E-06

     FORCE CONVERGENCE VALUE  =  0.2685E-07  CRITERION=  0.5000E-04
     DISP CONVERGENCE VALUE   =  0.1971E-06  CRITERION=  0.1503E-02 <<< CONVERGED
    EQUIL ITER   1 COMPLETED.  OLD TRIANG MATRIX.  MAX DOF INC= -0.1971E-06
     FORCE CONVERGENCE VALUE  =  0.1400E-07  CRITERION=  0.5000E-04 <<< CONVERGED
    >>> SOLUTION CONVERGED AFTER EQUILIBRIUM ITERATION   1
 *** LOAD STEP     4   SUBSTEP   221  COMPLETED.    CUM ITER =    747
 *** TIME =   54.1000         TIME INC =  0.100000    
 *** MAX VISCOELASTIC STRAIN STEP = 0.1820E-06

     FORCE CONVERGENCE VALUE  =  0.2565E-07  CRITERION=  0.5000E-04
     DISP CONVERGENCE VALUE   =  0.1943E-06  CRITERION=  0.1503E-02 <<< CONVERGED
    EQUIL ITER   1 COMPLETED.  OLD TRIANG MATRIX.  MAX DOF INC= -0.1943E-06
     FORCE CONVERGENCE VALUE  =  0.1330E-07  CRITERION=  0.5000E-04 <<< CONVERGED
    >>> SOLUTION CONVERGED AFTER EQUILIBRIUM ITERATION   1
 *** LOAD STEP     4   SUBSTEP   222  COMPLETED.    CUM ITER =    748
 *** TIME =   54.2000         TIME INC =  0.100000    
 *** MAX VISCOELASTIC STRAIN STEP = 0.1817E-06

     FORCE CONVERGENCE VALUE  =  0.2451E-07  CRITERION=  0.5000E-04
     DISP CONVERGENCE VALUE   =  0.1917E-06  CRITERION=  0.1503E-02 <<< CONVERGED
    EQUIL ITER   1 COMPLETED.  OLD TRIANG MATRIX.  MAX DOF INC= -0.1917E-06
     FORCE CONVERGENCE VALUE  =  0.1262E-07  CRITERION=  0.5000E-04 <<< CONVERGED
    >>> SOLUTION CONVERGED AFTER EQUILIBRIUM ITERATION   1
 *** LOAD STEP     4   SUBSTEP   223  COMPLETED.    CUM ITER =    749
 *** TIME =   54.3000         TIME INC =  0.100000    
 *** MAX VISCOELASTIC STRAIN STEP = 0.1815E-06

     FORCE CONVERGENCE VALUE  =  0.2340E-07  CRITERION=  0.5000E-04
     DISP CONVERGENCE VALUE   =  0.1891E-06  CRITERION=  0.1503E-02 <<< CONVERGED
    EQUIL ITER   1 COMPLETED.  OLD TRIANG MATRIX.  MAX DOF INC= -0.1891E-06
     FORCE CONVERGENCE VALUE  =  0.1197E-07  CRITERION=  0.5000E-04 <<< CONVERGED
    >>> SOLUTION CONVERGED AFTER EQUILIBRIUM ITERATION   1
 *** LOAD STEP     4   SUBSTEP   224  COMPLETED.    CUM ITER =    750
 *** TIME =   54.4000         TIME INC =  0.100000    
 *** MAX VISCOELASTIC STRAIN STEP = 0.1812E-06

     FORCE CONVERGENCE VALUE  =  0.2235E-07  CRITERION=  0.5000E-04
     DISP CONVERGENCE VALUE   =  0.1866E-06  CRITERION=  0.1503E-02 <<< CONVERGED
    EQUIL ITER   1 COMPLETED.  OLD TRIANG MATRIX.  MAX DOF INC= -0.1866E-06
     FORCE CONVERGENCE VALUE  =  0.1135E-07  CRITERION=  0.5000E-04 <<< CONVERGED
    >>> SOLUTION CONVERGED AFTER EQUILIBRIUM ITERATION   1
 *** LOAD STEP     4   SUBSTEP   225  COMPLETED.    CUM ITER =    751
 *** TIME =   54.5000         TIME INC =  0.100000    
 *** MAX VISCOELASTIC STRAIN STEP = 0.1810E-06

     FORCE CONVERGENCE VALUE  =  0.2133E-07  CRITERION=  0.5000E-04
     DISP CONVERGENCE VALUE   =  0.1841E-06  CRITERION=  0.1503E-02 <<< CONVERGED
    EQUIL ITER   1 COMPLETED.  OLD TRIANG MATRIX.  MAX DOF INC= -0.1841E-06
     FORCE CONVERGENCE VALUE  =  0.1075E-07  CRITERION=  0.5000E-04 <<< CONVERGED
    >>> SOLUTION CONVERGED AFTER EQUILIBRIUM ITERATION   1
 *** LOAD STEP     4   SUBSTEP   226  COMPLETED.    CUM ITER =    752
 *** TIME =   54.6000         TIME INC =  0.100000    
 *** MAX VISCOELASTIC STRAIN STEP = 0.1807E-06

     FORCE CONVERGENCE VALUE  =  0.2036E-07  CRITERION=  0.5000E-04
     DISP CONVERGENCE VALUE   =  0.1818E-06  CRITERION=  0.1503E-02 <<< CONVERGED
    EQUIL ITER   1 COMPLETED.  OLD TRIANG MATRIX.  MAX DOF INC= -0.1818E-06
     FORCE CONVERGENCE VALUE  =  0.1019E-07  CRITERION=  0.5000E-04 <<< CONVERGED
    >>> SOLUTION CONVERGED AFTER EQUILIBRIUM ITERATION   1
 *** LOAD STEP     4   SUBSTEP   227  COMPLETED.    CUM ITER =    753
 *** TIME =   54.7000         TIME INC =  0.100000    
 *** MAX VISCOELASTIC STRAIN STEP = 0.1805E-06

     FORCE CONVERGENCE VALUE  =  0.1943E-07  CRITERION=  0.5000E-04
     DISP CONVERGENCE VALUE   =  0.1795E-06  CRITERION=  0.1503E-02 <<< CONVERGED
    EQUIL ITER   1 COMPLETED.  OLD TRIANG MATRIX.  MAX DOF INC= -0.1795E-06
     FORCE CONVERGENCE VALUE  =  0.9646E-08  CRITERION=  0.5000E-04 <<< CONVERGED
    >>> SOLUTION CONVERGED AFTER EQUILIBRIUM ITERATION   1
 *** LOAD STEP     4   SUBSTEP   228  COMPLETED.    CUM ITER =    754
 *** TIME =   54.8000         TIME INC =  0.100000    
 *** MAX VISCOELASTIC STRAIN STEP = 0.1802E-06

     FORCE CONVERGENCE VALUE  =  0.1855E-07  CRITERION=  0.5000E-04
     DISP CONVERGENCE VALUE   =  0.1773E-06  CRITERION=  0.1503E-02 <<< CONVERGED
    EQUIL ITER   1 COMPLETED.  OLD TRIANG MATRIX.  MAX DOF INC= -0.1773E-06
     FORCE CONVERGENCE VALUE  =  0.9133E-08  CRITERION=  0.5000E-04 <<< CONVERGED
    >>> SOLUTION CONVERGED AFTER EQUILIBRIUM ITERATION   1
 *** LOAD STEP     4   SUBSTEP   229  COMPLETED.    CUM ITER =    755
 *** TIME =   54.9000         TIME INC =  0.100000    
 *** MAX VISCOELASTIC STRAIN STEP = 0.1800E-06

     FORCE CONVERGENCE VALUE  =  0.1770E-07  CRITERION=  0.5000E-04
     DISP CONVERGENCE VALUE   =  0.1751E-06  CRITERION=  0.1503E-02 <<< CONVERGED
    EQUIL ITER   1 COMPLETED.  OLD TRIANG MATRIX.  MAX DOF INC= -0.1751E-06
     FORCE CONVERGENCE VALUE  =  0.8647E-08  CRITERION=  0.5000E-04 <<< CONVERGED
    >>> SOLUTION CONVERGED AFTER EQUILIBRIUM ITERATION   1
 *** LOAD STEP     4   SUBSTEP   230  COMPLETED.    CUM ITER =    756
 *** TIME =   55.0000         TIME INC =  0.100000    
 *** MAX VISCOELASTIC STRAIN STEP = 0.1797E-06

     FORCE CONVERGENCE VALUE  =  0.1690E-07  CRITERION=  0.5000E-04
     DISP CONVERGENCE VALUE   =  0.1730E-06  CRITERION=  0.1503E-02 <<< CONVERGED
    EQUIL ITER   1 COMPLETED.  OLD TRIANG MATRIX.  MAX DOF INC= -0.1730E-06
     FORCE CONVERGENCE VALUE  =  0.8187E-08  CRITERION=  0.5000E-04 <<< CONVERGED
    >>> SOLUTION CONVERGED AFTER EQUILIBRIUM ITERATION   1
 *** LOAD STEP     4   SUBSTEP   231  COMPLETED.    CUM ITER =    757
 *** TIME =   55.1000         TIME INC =  0.100000    
 *** MAX VISCOELASTIC STRAIN STEP = 0.1795E-06

     FORCE CONVERGENCE VALUE  =  0.1613E-07  CRITERION=  0.5000E-04
     DISP CONVERGENCE VALUE   =  0.1710E-06  CRITERION=  0.1503E-02 <<< CONVERGED
    EQUIL ITER   1 COMPLETED.  OLD TRIANG MATRIX.  MAX DOF INC= -0.1710E-06
     FORCE CONVERGENCE VALUE  =  0.7755E-08  CRITERION=  0.5000E-04 <<< CONVERGED
    >>> SOLUTION CONVERGED AFTER EQUILIBRIUM ITERATION   1
 *** LOAD STEP     4   SUBSTEP   232  COMPLETED.    CUM ITER =    758
 *** TIME =   55.2000         TIME INC =  0.100000    
 *** MAX VISCOELASTIC STRAIN STEP = 0.1792E-06

     FORCE CONVERGENCE VALUE  =  0.1541E-07  CRITERION=  0.5000E-04
     DISP CONVERGENCE VALUE   =  0.1691E-06  CRITERION=  0.1503E-02 <<< CONVERGED
    EQUIL ITER   1 COMPLETED.  OLD TRIANG MATRIX.  MAX DOF INC= -0.1691E-06
     FORCE CONVERGENCE VALUE  =  0.7350E-08  CRITERION=  0.5000E-04 <<< CONVERGED
    >>> SOLUTION CONVERGED AFTER EQUILIBRIUM ITERATION   1
 *** LOAD STEP     4   SUBSTEP   233  COMPLETED.    CUM ITER =    759
 *** TIME =   55.3000         TIME INC =  0.100000    
 *** MAX VISCOELASTIC STRAIN STEP = 0.1790E-06

     FORCE CONVERGENCE VALUE  =  0.1472E-07  CRITERION=  0.5000E-04
     DISP CONVERGENCE VALUE   =  0.1672E-06  CRITERION=  0.1503E-02 <<< CONVERGED
    EQUIL ITER   1 COMPLETED.  OLD TRIANG MATRIX.  MAX DOF INC= -0.1672E-06
     FORCE CONVERGENCE VALUE  =  0.6972E-08  CRITERION=  0.5000E-04 <<< CONVERGED
    >>> SOLUTION CONVERGED AFTER EQUILIBRIUM ITERATION   1
 *** LOAD STEP     4   SUBSTEP   234  COMPLETED.    CUM ITER =    760
 *** TIME =   55.4000         TIME INC =  0.100000    
 *** MAX VISCOELASTIC STRAIN STEP = 0.1788E-06

     FORCE CONVERGENCE VALUE  =  0.1407E-07  CRITERION=  0.5000E-04
     DISP CONVERGENCE VALUE   =  0.1654E-06  CRITERION=  0.1503E-02 <<< CONVERGED
    EQUIL ITER   1 COMPLETED.  OLD TRIANG MATRIX.  MAX DOF INC= -0.1654E-06
     FORCE CONVERGENCE VALUE  =  0.6622E-08  CRITERION=  0.5000E-04 <<< CONVERGED
    >>> SOLUTION CONVERGED AFTER EQUILIBRIUM ITERATION   1
 *** LOAD STEP     4   SUBSTEP   235  COMPLETED.    CUM ITER =    761
 *** TIME =   55.5000         TIME INC =  0.100000    
 *** MAX VISCOELASTIC STRAIN STEP = 0.1785E-06

     FORCE CONVERGENCE VALUE  =  0.1346E-07  CRITERION=  0.5000E-04
     DISP CONVERGENCE VALUE   =  0.1636E-06  CRITERION=  0.1503E-02 <<< CONVERGED
    EQUIL ITER   1 COMPLETED.  OLD TRIANG MATRIX.  MAX DOF INC= -0.1636E-06
     FORCE CONVERGENCE VALUE  =  0.6301E-08  CRITERION=  0.5000E-04 <<< CONVERGED
    >>> SOLUTION CONVERGED AFTER EQUILIBRIUM ITERATION   1
 *** LOAD STEP     4   SUBSTEP   236  COMPLETED.    CUM ITER =    762
 *** TIME =   55.6000         TIME INC =  0.100000    
 *** MAX VISCOELASTIC STRAIN STEP = 0.1783E-06

     FORCE CONVERGENCE VALUE  =  0.1289E-07  CRITERION=  0.5000E-04
     DISP CONVERGENCE VALUE   =  0.1619E-06  CRITERION=  0.1503E-02 <<< CONVERGED
    EQUIL ITER   1 COMPLETED.  OLD TRIANG MATRIX.  MAX DOF INC= -0.1619E-06
     FORCE CONVERGENCE VALUE  =  0.6007E-08  CRITERION=  0.5000E-04 <<< CONVERGED
    >>> SOLUTION CONVERGED AFTER EQUILIBRIUM ITERATION   1
 *** LOAD STEP     4   SUBSTEP   237  COMPLETED.    CUM ITER =    763
 *** TIME =   55.7000         TIME INC =  0.100000    
 *** MAX VISCOELASTIC STRAIN STEP = 0.1780E-06

     FORCE CONVERGENCE VALUE  =  0.1236E-07  CRITERION=  0.5000E-04
     DISP CONVERGENCE VALUE   =  0.1602E-06  CRITERION=  0.1503E-02 <<< CONVERGED
    EQUIL ITER   1 COMPLETED.  OLD TRIANG MATRIX.  MAX DOF INC= -0.1602E-06
     FORCE CONVERGENCE VALUE  =  0.5742E-08  CRITERION=  0.5000E-04 <<< CONVERGED
    >>> SOLUTION CONVERGED AFTER EQUILIBRIUM ITERATION   1
 *** LOAD STEP     4   SUBSTEP   238  COMPLETED.    CUM ITER =    764
 *** TIME =   55.8000         TIME INC =  0.100000    
 *** MAX VISCOELASTIC STRAIN STEP = 0.1778E-06

     FORCE CONVERGENCE VALUE  =  0.1186E-07  CRITERION=  0.5000E-04
     DISP CONVERGENCE VALUE   =  0.1586E-06  CRITERION=  0.1503E-02 <<< CONVERGED
    EQUIL ITER   1 COMPLETED.  OLD TRIANG MATRIX.  MAX DOF INC= -0.1586E-06
     FORCE CONVERGENCE VALUE  =  0.5507E-08  CRITERION=  0.5000E-04 <<< CONVERGED
    >>> SOLUTION CONVERGED AFTER EQUILIBRIUM ITERATION   1
 *** LOAD STEP     4   SUBSTEP   239  COMPLETED.    CUM ITER =    765
 *** TIME =   55.9000         TIME INC =  0.100000    
 *** MAX VISCOELASTIC STRAIN STEP = 0.1776E-06

     FORCE CONVERGENCE VALUE  =  0.1140E-07  CRITERION=  0.5000E-04
     DISP CONVERGENCE VALUE   =  0.1570E-06  CRITERION=  0.1503E-02 <<< CONVERGED
    EQUIL ITER   1 COMPLETED.  OLD TRIANG MATRIX.  MAX DOF INC= -0.1570E-06
     FORCE CONVERGENCE VALUE  =  0.5300E-08  CRITERION=  0.5000E-04 <<< CONVERGED
    >>> SOLUTION CONVERGED AFTER EQUILIBRIUM ITERATION   1
 *** LOAD STEP     4   SUBSTEP   240  COMPLETED.    CUM ITER =    766
 *** TIME =   56.0000         TIME INC =  0.100000    
 *** MAX VISCOELASTIC STRAIN STEP = 0.1773E-06

     FORCE CONVERGENCE VALUE  =  0.1098E-07  CRITERION=  0.5000E-04
     DISP CONVERGENCE VALUE   =  0.1555E-06  CRITERION=  0.1503E-02 <<< CONVERGED
    EQUIL ITER   1 COMPLETED.  OLD TRIANG MATRIX.  MAX DOF INC= -0.1555E-06
     FORCE CONVERGENCE VALUE  =  0.5123E-08  CRITERION=  0.5000E-04 <<< CONVERGED
    >>> SOLUTION CONVERGED AFTER EQUILIBRIUM ITERATION   1
 *** LOAD STEP     4   SUBSTEP   241  COMPLETED.    CUM ITER =    767
 *** TIME =   56.1000         TIME INC =  0.100000    
 *** MAX VISCOELASTIC STRAIN STEP = 0.1771E-06

     FORCE CONVERGENCE VALUE  =  0.1060E-07  CRITERION=  0.5000E-04
     DISP CONVERGENCE VALUE   =  0.1540E-06  CRITERION=  0.1503E-02 <<< CONVERGED
    EQUIL ITER   1 COMPLETED.  OLD TRIANG MATRIX.  MAX DOF INC= -0.1540E-06
     FORCE CONVERGENCE VALUE  =  0.4975E-08  CRITERION=  0.5000E-04 <<< CONVERGED
    >>> SOLUTION CONVERGED AFTER EQUILIBRIUM ITERATION   1
 *** LOAD STEP     4   SUBSTEP   242  COMPLETED.    CUM ITER =    768
 *** TIME =   56.2000         TIME INC =  0.100000    
 *** MAX VISCOELASTIC STRAIN STEP = 0.1769E-06

     FORCE CONVERGENCE VALUE  =  0.1025E-07  CRITERION=  0.5000E-04
     DISP CONVERGENCE VALUE   =  0.1526E-06  CRITERION=  0.1503E-02 <<< CONVERGED
    EQUIL ITER   1 COMPLETED.  OLD TRIANG MATRIX.  MAX DOF INC= -0.1526E-06
     FORCE CONVERGENCE VALUE  =  0.4855E-08  CRITERION=  0.5000E-04 <<< CONVERGED
    >>> SOLUTION CONVERGED AFTER EQUILIBRIUM ITERATION   1
 *** LOAD STEP     4   SUBSTEP   243  COMPLETED.    CUM ITER =    769
 *** TIME =   56.3000         TIME INC =  0.100000    
 *** MAX VISCOELASTIC STRAIN STEP = 0.1766E-06

     FORCE CONVERGENCE VALUE  =  0.9935E-08  CRITERION=  0.5000E-04
     DISP CONVERGENCE VALUE   =  0.1512E-06  CRITERION=  0.1503E-02 <<< CONVERGED
    EQUIL ITER   1 COMPLETED.  OLD TRIANG MATRIX.  MAX DOF INC= -0.1512E-06
     FORCE CONVERGENCE VALUE  =  0.4762E-08  CRITERION=  0.5000E-04 <<< CONVERGED
    >>> SOLUTION CONVERGED AFTER EQUILIBRIUM ITERATION   1
 *** LOAD STEP     4   SUBSTEP   244  COMPLETED.    CUM ITER =    770
 *** TIME =   56.4000         TIME INC =  0.100000    
 *** MAX VISCOELASTIC STRAIN STEP = 0.1764E-06

     FORCE CONVERGENCE VALUE  =  0.9658E-08  CRITERION=  0.5000E-04
     DISP CONVERGENCE VALUE   =  0.1499E-06  CRITERION=  0.1503E-02 <<< CONVERGED
    EQUIL ITER   1 COMPLETED.  OLD TRIANG MATRIX.  MAX DOF INC= -0.1499E-06
     FORCE CONVERGENCE VALUE  =  0.4696E-08  CRITERION=  0.5000E-04 <<< CONVERGED
    >>> SOLUTION CONVERGED AFTER EQUILIBRIUM ITERATION   1
 *** LOAD STEP     4   SUBSTEP   245  COMPLETED.    CUM ITER =    771
 *** TIME =   56.5000         TIME INC =  0.100000    
 *** MAX VISCOELASTIC STRAIN STEP = 0.1762E-06

     FORCE CONVERGENCE VALUE  =  0.9416E-08  CRITERION=  0.5000E-04
     DISP CONVERGENCE VALUE   =  0.1486E-06  CRITERION=  0.1503E-02 <<< CONVERGED
    EQUIL ITER   1 COMPLETED.  OLD TRIANG MATRIX.  MAX DOF INC= -0.1486E-06
     FORCE CONVERGENCE VALUE  =  0.4654E-08  CRITERION=  0.5000E-04 <<< CONVERGED
    >>> SOLUTION CONVERGED AFTER EQUILIBRIUM ITERATION   1
 *** LOAD STEP     4   SUBSTEP   246  COMPLETED.    CUM ITER =    772
 *** TIME =   56.6000         TIME INC =  0.100000    
 *** MAX VISCOELASTIC STRAIN STEP = 0.1759E-06

     FORCE CONVERGENCE VALUE  =  0.9207E-08  CRITERION=  0.5000E-04
     DISP CONVERGENCE VALUE   =  0.1473E-06  CRITERION=  0.1503E-02 <<< CONVERGED
    EQUIL ITER   1 COMPLETED.  OLD TRIANG MATRIX.  MAX DOF INC= -0.1473E-06
     FORCE CONVERGENCE VALUE  =  0.4635E-08  CRITERION=  0.5000E-04 <<< CONVERGED
    >>> SOLUTION CONVERGED AFTER EQUILIBRIUM ITERATION   1
 *** LOAD STEP     4   SUBSTEP   247  COMPLETED.    CUM ITER =    773
 *** TIME =   56.7000         TIME INC =  0.100000    
 *** MAX VISCOELASTIC STRAIN STEP = 0.1757E-06

     FORCE CONVERGENCE VALUE  =  0.9030E-08  CRITERION=  0.5000E-04
     DISP CONVERGENCE VALUE   =  0.1461E-06  CRITERION=  0.1503E-02 <<< CONVERGED
    EQUIL ITER   1 COMPLETED.  OLD TRIANG MATRIX.  MAX DOF INC= -0.1461E-06
     FORCE CONVERGENCE VALUE  =  0.4636E-08  CRITERION=  0.5000E-04 <<< CONVERGED
    >>> SOLUTION CONVERGED AFTER EQUILIBRIUM ITERATION   1
 *** LOAD STEP     4   SUBSTEP   248  COMPLETED.    CUM ITER =    774
 *** TIME =   56.8000         TIME INC =  0.100000    
 *** MAX VISCOELASTIC STRAIN STEP = 0.1755E-06

     FORCE CONVERGENCE VALUE  =  0.8883E-08  CRITERION=  0.5000E-04
     DISP CONVERGENCE VALUE   =  0.1449E-06  CRITERION=  0.1503E-02 <<< CONVERGED
    EQUIL ITER   1 COMPLETED.  OLD TRIANG MATRIX.  MAX DOF INC= -0.1449E-06
     FORCE CONVERGENCE VALUE  =  0.4657E-08  CRITERION=  0.5000E-04 <<< CONVERGED
    >>> SOLUTION CONVERGED AFTER EQUILIBRIUM ITERATION   1
 *** LOAD STEP     4   SUBSTEP   249  COMPLETED.    CUM ITER =    775
 *** TIME =   56.9000         TIME INC =  0.100000    
 *** MAX VISCOELASTIC STRAIN STEP = 0.1753E-06

     FORCE CONVERGENCE VALUE  =  0.8766E-08  CRITERION=  0.5000E-04
     DISP CONVERGENCE VALUE   =  0.1437E-06  CRITERION=  0.1503E-02 <<< CONVERGED
    EQUIL ITER   1 COMPLETED.  OLD TRIANG MATRIX.  MAX DOF INC= -0.1437E-06
     FORCE CONVERGENCE VALUE  =  0.4694E-08  CRITERION=  0.5000E-04 <<< CONVERGED
    >>> SOLUTION CONVERGED AFTER EQUILIBRIUM ITERATION   1
 *** LOAD STEP     4   SUBSTEP   250  COMPLETED.    CUM ITER =    776
 *** TIME =   57.0000         TIME INC =  0.100000    
 *** MAX VISCOELASTIC STRAIN STEP = 0.1750E-06

     FORCE CONVERGENCE VALUE  =  0.8676E-08  CRITERION=  0.5000E-04
     DISP CONVERGENCE VALUE   =  0.1426E-06  CRITERION=  0.1503E-02 <<< CONVERGED
    EQUIL ITER   1 COMPLETED.  OLD TRIANG MATRIX.  MAX DOF INC= -0.1426E-06
     FORCE CONVERGENCE VALUE  =  0.4745E-08  CRITERION=  0.5000E-04 <<< CONVERGED
    >>> SOLUTION CONVERGED AFTER EQUILIBRIUM ITERATION   1
 *** LOAD STEP     4   SUBSTEP   251  COMPLETED.    CUM ITER =    777
 *** TIME =   57.1000         TIME INC =  0.100000    
 *** MAX VISCOELASTIC STRAIN STEP = 0.1748E-06

     FORCE CONVERGENCE VALUE  =  0.8612E-08  CRITERION=  0.5000E-04
     DISP CONVERGENCE VALUE   =  0.1415E-06  CRITERION=  0.1503E-02 <<< CONVERGED
    EQUIL ITER   1 COMPLETED.  OLD TRIANG MATRIX.  MAX DOF INC= -0.1415E-06
     FORCE CONVERGENCE VALUE  =  0.4809E-08  CRITERION=  0.5000E-04 <<< CONVERGED
    >>> SOLUTION CONVERGED AFTER EQUILIBRIUM ITERATION   1
 *** LOAD STEP     4   SUBSTEP   252  COMPLETED.    CUM ITER =    778
 *** TIME =   57.2000         TIME INC =  0.100000    
 *** MAX VISCOELASTIC STRAIN STEP = 0.1746E-06

     FORCE CONVERGENCE VALUE  =  0.8571E-08  CRITERION=  0.5000E-04
     DISP CONVERGENCE VALUE   =  0.1404E-06  CRITERION=  0.1503E-02 <<< CONVERGED
    EQUIL ITER   1 COMPLETED.  OLD TRIANG MATRIX.  MAX DOF INC= -0.1404E-06
     FORCE CONVERGENCE VALUE  =  0.4883E-08  CRITERION=  0.5000E-04 <<< CONVERGED
    >>> SOLUTION CONVERGED AFTER EQUILIBRIUM ITERATION   1
 *** LOAD STEP     4   SUBSTEP   253  COMPLETED.    CUM ITER =    779
 *** TIME =   57.3000         TIME INC =  0.100000    
 *** MAX VISCOELASTIC STRAIN STEP = 0.1744E-06

     FORCE CONVERGENCE VALUE  =  0.8552E-08  CRITERION=  0.5000E-04
     DISP CONVERGENCE VALUE   =  0.1394E-06  CRITERION=  0.1503E-02 <<< CONVERGED
    EQUIL ITER   1 COMPLETED.  OLD TRIANG MATRIX.  MAX DOF INC= -0.1394E-06
     FORCE CONVERGENCE VALUE  =  0.4965E-08  CRITERION=  0.5000E-04 <<< CONVERGED
    >>> SOLUTION CONVERGED AFTER EQUILIBRIUM ITERATION   1
 *** LOAD STEP     4   SUBSTEP   254  COMPLETED.    CUM ITER =    780
 *** TIME =   57.4000         TIME INC =  0.100000    
 *** MAX VISCOELASTIC STRAIN STEP = 0.1741E-06

     FORCE CONVERGENCE VALUE  =  0.8552E-08  CRITERION=  0.5000E-04
     DISP CONVERGENCE VALUE   =  0.1384E-06  CRITERION=  0.1503E-02 <<< CONVERGED
    EQUIL ITER   1 COMPLETED.  OLD TRIANG MATRIX.  MAX DOF INC= -0.1384E-06
     FORCE CONVERGENCE VALUE  =  0.5055E-08  CRITERION=  0.5000E-04 <<< CONVERGED
    >>> SOLUTION CONVERGED AFTER EQUILIBRIUM ITERATION   1
 *** LOAD STEP     4   SUBSTEP   255  COMPLETED.    CUM ITER =    781
 *** TIME =   57.5000         TIME INC =  0.100000    
 *** MAX VISCOELASTIC STRAIN STEP = 0.1739E-06

     FORCE CONVERGENCE VALUE  =  0.8570E-08  CRITERION=  0.5000E-04
     DISP CONVERGENCE VALUE   =  0.1374E-06  CRITERION=  0.1503E-02 <<< CONVERGED
    EQUIL ITER   1 COMPLETED.  OLD TRIANG MATRIX.  MAX DOF INC= -0.1374E-06
     FORCE CONVERGENCE VALUE  =  0.5151E-08  CRITERION=  0.5000E-04 <<< CONVERGED
    >>> SOLUTION CONVERGED AFTER EQUILIBRIUM ITERATION   1
 *** LOAD STEP     4   SUBSTEP   256  COMPLETED.    CUM ITER =    782
 *** TIME =   57.6000         TIME INC =  0.100000    
 *** MAX VISCOELASTIC STRAIN STEP = 0.1737E-06

     FORCE CONVERGENCE VALUE  =  0.8604E-08  CRITERION=  0.5000E-04
     DISP CONVERGENCE VALUE   =  0.1365E-06  CRITERION=  0.1503E-02 <<< CONVERGED
    EQUIL ITER   1 COMPLETED.  OLD TRIANG MATRIX.  MAX DOF INC= -0.1365E-06
     FORCE CONVERGENCE VALUE  =  0.5251E-08  CRITERION=  0.5000E-04 <<< CONVERGED
    >>> SOLUTION CONVERGED AFTER EQUILIBRIUM ITERATION   1
 *** LOAD STEP     4   SUBSTEP   257  COMPLETED.    CUM ITER =    783
 *** TIME =   57.7000         TIME INC =  0.100000    
 *** MAX VISCOELASTIC STRAIN STEP = 0.1735E-06

     FORCE CONVERGENCE VALUE  =  0.8651E-08  CRITERION=  0.5000E-04
     DISP CONVERGENCE VALUE   =  0.1355E-06  CRITERION=  0.1503E-02 <<< CONVERGED
    EQUIL ITER   1 COMPLETED.  OLD TRIANG MATRIX.  MAX DOF INC= -0.1355E-06
     FORCE CONVERGENCE VALUE  =  0.5354E-08  CRITERION=  0.5000E-04 <<< CONVERGED
    >>> SOLUTION CONVERGED AFTER EQUILIBRIUM ITERATION   1
 *** LOAD STEP     4   SUBSTEP   258  COMPLETED.    CUM ITER =    784
 *** TIME =   57.8000         TIME INC =  0.100000    
 *** MAX VISCOELASTIC STRAIN STEP = 0.1732E-06

     FORCE CONVERGENCE VALUE  =  0.8711E-08  CRITERION=  0.5000E-04
     DISP CONVERGENCE VALUE   =  0.1347E-06  CRITERION=  0.1503E-02 <<< CONVERGED
    EQUIL ITER   1 COMPLETED.  OLD TRIANG MATRIX.  MAX DOF INC= -0.1347E-06
     FORCE CONVERGENCE VALUE  =  0.5459E-08  CRITERION=  0.5000E-04 <<< CONVERGED
    >>> SOLUTION CONVERGED AFTER EQUILIBRIUM ITERATION   1
 *** LOAD STEP     4   SUBSTEP   259  COMPLETED.    CUM ITER =    785
 *** TIME =   57.9000         TIME INC =  0.100000    
 *** MAX VISCOELASTIC STRAIN STEP = 0.1730E-06

     FORCE CONVERGENCE VALUE  =  0.8781E-08  CRITERION=  0.5000E-04
     DISP CONVERGENCE VALUE   =  0.1338E-06  CRITERION=  0.1503E-02 <<< CONVERGED
    EQUIL ITER   1 COMPLETED.  OLD TRIANG MATRIX.  MAX DOF INC= -0.1338E-06
     FORCE CONVERGENCE VALUE  =  0.5566E-08  CRITERION=  0.5000E-04 <<< CONVERGED
    >>> SOLUTION CONVERGED AFTER EQUILIBRIUM ITERATION   1
 *** LOAD STEP     4   SUBSTEP   260  COMPLETED.    CUM ITER =    786
 *** TIME =   58.0000         TIME INC =  0.100000    
 *** MAX VISCOELASTIC STRAIN STEP = 0.1728E-06

     FORCE CONVERGENCE VALUE  =  0.8859E-08  CRITERION=  0.5000E-04
     DISP CONVERGENCE VALUE   =  0.1329E-06  CRITERION=  0.1503E-02 <<< CONVERGED
    EQUIL ITER   1 COMPLETED.  OLD TRIANG MATRIX.  MAX DOF INC= -0.1329E-06
     FORCE CONVERGENCE VALUE  =  0.5674E-08  CRITERION=  0.5000E-04 <<< CONVERGED
    >>> SOLUTION CONVERGED AFTER EQUILIBRIUM ITERATION   1
 *** LOAD STEP     4   SUBSTEP   261  COMPLETED.    CUM ITER =    787
 *** TIME =   58.1000         TIME INC =  0.100000    
 *** MAX VISCOELASTIC STRAIN STEP = 0.1726E-06

     FORCE CONVERGENCE VALUE  =  0.8946E-08  CRITERION=  0.5000E-04
     DISP CONVERGENCE VALUE   =  0.1321E-06  CRITERION=  0.1503E-02 <<< CONVERGED
    EQUIL ITER   1 COMPLETED.  OLD TRIANG MATRIX.  MAX DOF INC= -0.1321E-06
     FORCE CONVERGENCE VALUE  =  0.5782E-08  CRITERION=  0.5000E-04 <<< CONVERGED
    >>> SOLUTION CONVERGED AFTER EQUILIBRIUM ITERATION   1
 *** LOAD STEP     4   SUBSTEP   262  COMPLETED.    CUM ITER =    788
 *** TIME =   58.2000         TIME INC =  0.100000    
 *** MAX VISCOELASTIC STRAIN STEP = 0.1724E-06

     FORCE CONVERGENCE VALUE  =  0.9038E-08  CRITERION=  0.5000E-04
     DISP CONVERGENCE VALUE   =  0.1313E-06  CRITERION=  0.1503E-02 <<< CONVERGED
    EQUIL ITER   1 COMPLETED.  OLD TRIANG MATRIX.  MAX DOF INC= -0.1313E-06
     FORCE CONVERGENCE VALUE  =  0.5890E-08  CRITERION=  0.5000E-04 <<< CONVERGED
    >>> SOLUTION CONVERGED AFTER EQUILIBRIUM ITERATION   1
 *** LOAD STEP     4   SUBSTEP   263  COMPLETED.    CUM ITER =    789
 *** TIME =   58.3000         TIME INC =  0.100000    
 *** MAX VISCOELASTIC STRAIN STEP = 0.1721E-06

     FORCE CONVERGENCE VALUE  =  0.9136E-08  CRITERION=  0.5000E-04
     DISP CONVERGENCE VALUE   =  0.1305E-06  CRITERION=  0.1503E-02 <<< CONVERGED
    EQUIL ITER   1 COMPLETED.  OLD TRIANG MATRIX.  MAX DOF INC= -0.1305E-06
     FORCE CONVERGENCE VALUE  =  0.5997E-08  CRITERION=  0.5000E-04 <<< CONVERGED
    >>> SOLUTION CONVERGED AFTER EQUILIBRIUM ITERATION   1
 *** LOAD STEP     4   SUBSTEP   264  COMPLETED.    CUM ITER =    790
 *** TIME =   58.4000         TIME INC =  0.100000    
 *** MAX VISCOELASTIC STRAIN STEP = 0.1719E-06

     FORCE CONVERGENCE VALUE  =  0.9237E-08  CRITERION=  0.5000E-04
     DISP CONVERGENCE VALUE   =  0.1298E-06  CRITERION=  0.1503E-02 <<< CONVERGED
    EQUIL ITER   1 COMPLETED.  OLD TRIANG MATRIX.  MAX DOF INC= -0.1298E-06
     FORCE CONVERGENCE VALUE  =  0.6103E-08  CRITERION=  0.5000E-04 <<< CONVERGED
    >>> SOLUTION CONVERGED AFTER EQUILIBRIUM ITERATION   1
 *** LOAD STEP     4   SUBSTEP   265  COMPLETED.    CUM ITER =    791
 *** TIME =   58.5000         TIME INC =  0.100000    
 *** MAX VISCOELASTIC STRAIN STEP = 0.1717E-06

     FORCE CONVERGENCE VALUE  =  0.9342E-08  CRITERION=  0.5000E-04
     DISP CONVERGENCE VALUE   =  0.1290E-06  CRITERION=  0.1503E-02 <<< CONVERGED
    EQUIL ITER   1 COMPLETED.  OLD TRIANG MATRIX.  MAX DOF INC= -0.1290E-06
     FORCE CONVERGENCE VALUE  =  0.6207E-08  CRITERION=  0.5000E-04 <<< CONVERGED
    >>> SOLUTION CONVERGED AFTER EQUILIBRIUM ITERATION   1
 *** LOAD STEP     4   SUBSTEP   266  COMPLETED.    CUM ITER =    792
 *** TIME =   58.6000         TIME INC =  0.100000    
 *** MAX VISCOELASTIC STRAIN STEP = 0.1715E-06

     FORCE CONVERGENCE VALUE  =  0.9449E-08  CRITERION=  0.5000E-04
     DISP CONVERGENCE VALUE   =  0.1283E-06  CRITERION=  0.1503E-02 <<< CONVERGED
    EQUIL ITER   1 COMPLETED.  OLD TRIANG MATRIX.  MAX DOF INC= -0.1283E-06
     FORCE CONVERGENCE VALUE  =  0.6310E-08  CRITERION=  0.5000E-04 <<< CONVERGED
    >>> SOLUTION CONVERGED AFTER EQUILIBRIUM ITERATION   1
 *** LOAD STEP     4   SUBSTEP   267  COMPLETED.    CUM ITER =    793
 *** TIME =   58.7000         TIME INC =  0.100000    
 *** MAX VISCOELASTIC STRAIN STEP = 0.1713E-06

     FORCE CONVERGENCE VALUE  =  0.9558E-08  CRITERION=  0.5000E-04
     DISP CONVERGENCE VALUE   =  0.1276E-06  CRITERION=  0.1503E-02 <<< CONVERGED
    EQUIL ITER   1 COMPLETED.  OLD TRIANG MATRIX.  MAX DOF INC= -0.1276E-06
     FORCE CONVERGENCE VALUE  =  0.6412E-08  CRITERION=  0.5000E-04 <<< CONVERGED
    >>> SOLUTION CONVERGED AFTER EQUILIBRIUM ITERATION   1
 *** LOAD STEP     4   SUBSTEP   268  COMPLETED.    CUM ITER =    794
 *** TIME =   58.8000         TIME INC =  0.100000    
 *** MAX VISCOELASTIC STRAIN STEP = 0.1711E-06

     FORCE CONVERGENCE VALUE  =  0.9668E-08  CRITERION=  0.5000E-04
     DISP CONVERGENCE VALUE   =  0.1269E-06  CRITERION=  0.1503E-02 <<< CONVERGED
    EQUIL ITER   1 COMPLETED.  OLD TRIANG MATRIX.  MAX DOF INC= -0.1269E-06
     FORCE CONVERGENCE VALUE  =  0.6511E-08  CRITERION=  0.5000E-04 <<< CONVERGED
    >>> SOLUTION CONVERGED AFTER EQUILIBRIUM ITERATION   1
 *** LOAD STEP     4   SUBSTEP   269  COMPLETED.    CUM ITER =    795
 *** TIME =   58.9000         TIME INC =  0.100000    
 *** MAX VISCOELASTIC STRAIN STEP = 0.1708E-06

     FORCE CONVERGENCE VALUE  =  0.9778E-08  CRITERION=  0.5000E-04
     DISP CONVERGENCE VALUE   =  0.1263E-06  CRITERION=  0.1503E-02 <<< CONVERGED
    EQUIL ITER   1 COMPLETED.  OLD TRIANG MATRIX.  MAX DOF INC= -0.1263E-06
     FORCE CONVERGENCE VALUE  =  0.6608E-08  CRITERION=  0.5000E-04 <<< CONVERGED
    >>> SOLUTION CONVERGED AFTER EQUILIBRIUM ITERATION   1
 *** LOAD STEP     4   SUBSTEP   270  COMPLETED.    CUM ITER =    796
 *** TIME =   59.0000         TIME INC =  0.100000    
 *** MAX VISCOELASTIC STRAIN STEP = 0.1706E-06

     FORCE CONVERGENCE VALUE  =  0.9888E-08  CRITERION=  0.5000E-04
     DISP CONVERGENCE VALUE   =  0.1256E-06  CRITERION=  0.1503E-02 <<< CONVERGED
    EQUIL ITER   1 COMPLETED.  OLD TRIANG MATRIX.  MAX DOF INC= -0.1256E-06
     FORCE CONVERGENCE VALUE  =  0.6703E-08  CRITERION=  0.5000E-04 <<< CONVERGED
    >>> SOLUTION CONVERGED AFTER EQUILIBRIUM ITERATION   1
 *** LOAD STEP     4   SUBSTEP   271  COMPLETED.    CUM ITER =    797
 *** TIME =   59.1000         TIME INC =  0.100000    
 *** MAX VISCOELASTIC STRAIN STEP = 0.1704E-06

     FORCE CONVERGENCE VALUE  =  0.9998E-08  CRITERION=  0.5000E-04
     DISP CONVERGENCE VALUE   =  0.1250E-06  CRITERION=  0.1503E-02 <<< CONVERGED
    EQUIL ITER   1 COMPLETED.  OLD TRIANG MATRIX.  MAX DOF INC= -0.1250E-06
     FORCE CONVERGENCE VALUE  =  0.6795E-08  CRITERION=  0.5000E-04 <<< CONVERGED
    >>> SOLUTION CONVERGED AFTER EQUILIBRIUM ITERATION   1
 *** LOAD STEP     4   SUBSTEP   272  COMPLETED.    CUM ITER =    798
 *** TIME =   59.2000         TIME INC =  0.100000    
 *** MAX VISCOELASTIC STRAIN STEP = 0.1702E-06

     FORCE CONVERGENCE VALUE  =  0.1011E-07  CRITERION=  0.5000E-04
     DISP CONVERGENCE VALUE   =  0.1244E-06  CRITERION=  0.1503E-02 <<< CONVERGED
    EQUIL ITER   1 COMPLETED.  OLD TRIANG MATRIX.  MAX DOF INC= -0.1244E-06
     FORCE CONVERGENCE VALUE  =  0.6886E-08  CRITERION=  0.5000E-04 <<< CONVERGED
    >>> SOLUTION CONVERGED AFTER EQUILIBRIUM ITERATION   1
 *** LOAD STEP     4   SUBSTEP   273  COMPLETED.    CUM ITER =    799
 *** TIME =   59.3000         TIME INC =  0.100000    
 *** MAX VISCOELASTIC STRAIN STEP = 0.1700E-06

     FORCE CONVERGENCE VALUE  =  0.1022E-07  CRITERION=  0.5000E-04
     DISP CONVERGENCE VALUE   =  0.1238E-06  CRITERION=  0.1503E-02 <<< CONVERGED
    EQUIL ITER   1 COMPLETED.  OLD TRIANG MATRIX.  MAX DOF INC= -0.1238E-06
     FORCE CONVERGENCE VALUE  =  0.6974E-08  CRITERION=  0.5000E-04 <<< CONVERGED
    >>> SOLUTION CONVERGED AFTER EQUILIBRIUM ITERATION   1
 *** LOAD STEP     4   SUBSTEP   274  COMPLETED.    CUM ITER =    800
 *** TIME =   59.4000         TIME INC =  0.100000    
 *** MAX VISCOELASTIC STRAIN STEP = 0.1698E-06

     FORCE CONVERGENCE VALUE  =  0.1032E-07  CRITERION=  0.5000E-04
     DISP CONVERGENCE VALUE   =  0.1232E-06  CRITERION=  0.1503E-02 <<< CONVERGED
    EQUIL ITER   1 COMPLETED.  OLD TRIANG MATRIX.  MAX DOF INC= -0.1232E-06
     FORCE CONVERGENCE VALUE  =  0.7059E-08  CRITERION=  0.5000E-04 <<< CONVERGED
    >>> SOLUTION CONVERGED AFTER EQUILIBRIUM ITERATION   1
 *** LOAD STEP     4   SUBSTEP   275  COMPLETED.    CUM ITER =    801
 *** TIME =   59.5000         TIME INC =  0.100000    
 *** MAX VISCOELASTIC STRAIN STEP = 0.1696E-06

     FORCE CONVERGENCE VALUE  =  0.1043E-07  CRITERION=  0.5000E-04
     DISP CONVERGENCE VALUE   =  0.1226E-06  CRITERION=  0.1503E-02 <<< CONVERGED
    EQUIL ITER   1 COMPLETED.  OLD TRIANG MATRIX.  MAX DOF INC= -0.1226E-06
     FORCE CONVERGENCE VALUE  =  0.7142E-08  CRITERION=  0.5000E-04 <<< CONVERGED
    >>> SOLUTION CONVERGED AFTER EQUILIBRIUM ITERATION   1
 *** LOAD STEP     4   SUBSTEP   276  COMPLETED.    CUM ITER =    802
 *** TIME =   59.6000         TIME INC =  0.100000    
 *** MAX VISCOELASTIC STRAIN STEP = 0.1693E-06

     FORCE CONVERGENCE VALUE  =  0.1053E-07  CRITERION=  0.5000E-04
     DISP CONVERGENCE VALUE   =  0.1221E-06  CRITERION=  0.1503E-02 <<< CONVERGED
    EQUIL ITER   1 COMPLETED.  OLD TRIANG MATRIX.  MAX DOF INC= -0.1221E-06
     FORCE CONVERGENCE VALUE  =  0.7223E-08  CRITERION=  0.5000E-04 <<< CONVERGED
    >>> SOLUTION CONVERGED AFTER EQUILIBRIUM ITERATION   1
 *** LOAD STEP     4   SUBSTEP   277  COMPLETED.    CUM ITER =    803
 *** TIME =   59.7000         TIME INC =  0.100000    
 *** MAX VISCOELASTIC STRAIN STEP = 0.1691E-06

     FORCE CONVERGENCE VALUE  =  0.1063E-07  CRITERION=  0.5000E-04
     DISP CONVERGENCE VALUE   =  0.1215E-06  CRITERION=  0.1503E-02 <<< CONVERGED
    EQUIL ITER   1 COMPLETED.  OLD TRIANG MATRIX.  MAX DOF INC= -0.1215E-06
     FORCE CONVERGENCE VALUE  =  0.7301E-08  CRITERION=  0.5000E-04 <<< CONVERGED
    >>> SOLUTION CONVERGED AFTER EQUILIBRIUM ITERATION   1
 *** LOAD STEP     4   SUBSTEP   278  COMPLETED.    CUM ITER =    804
 *** TIME =   59.8000         TIME INC =  0.100000    
 *** MAX VISCOELASTIC STRAIN STEP = 0.1689E-06

     FORCE CONVERGENCE VALUE  =  0.1073E-07  CRITERION=  0.5000E-04
     DISP CONVERGENCE VALUE   =  0.1210E-06  CRITERION=  0.1503E-02 <<< CONVERGED
    EQUIL ITER   1 COMPLETED.  OLD TRIANG MATRIX.  MAX DOF INC= -0.1210E-06
     FORCE CONVERGENCE VALUE  =  0.7377E-08  CRITERION=  0.5000E-04 <<< CONVERGED
    >>> SOLUTION CONVERGED AFTER EQUILIBRIUM ITERATION   1
 *** LOAD STEP     4   SUBSTEP   279  COMPLETED.    CUM ITER =    805
 *** TIME =   59.9000         TIME INC =  0.100000    
 *** MAX VISCOELASTIC STRAIN STEP = 0.1687E-06

     FORCE CONVERGENCE VALUE  =  0.1083E-07  CRITERION=  0.5000E-04
     DISP CONVERGENCE VALUE   =  0.1205E-06  CRITERION=  0.1503E-02 <<< CONVERGED
    EQUIL ITER   1 COMPLETED.  OLD TRIANG MATRIX.  MAX DOF INC= -0.1205E-06
     FORCE CONVERGENCE VALUE  =  0.7451E-08  CRITERION=  0.5000E-04 <<< CONVERGED
    >>> SOLUTION CONVERGED AFTER EQUILIBRIUM ITERATION   1
 *** LOAD STEP     4   SUBSTEP   280  COMPLETED.    CUM ITER =    806
 *** TIME =   60.0000         TIME INC =  0.100000    
 *** MAX VISCOELASTIC STRAIN STEP = 0.1685E-06

     FORCE CONVERGENCE VALUE  =  0.1092E-07  CRITERION=  0.5000E-04
     DISP CONVERGENCE VALUE   =  0.1200E-06  CRITERION=  0.1503E-02 <<< CONVERGED
    EQUIL ITER   1 COMPLETED.  OLD TRIANG MATRIX.  MAX DOF INC= -0.1200E-06
     FORCE CONVERGENCE VALUE  =  0.7522E-08  CRITERION=  0.5000E-04 <<< CONVERGED
    >>> SOLUTION CONVERGED AFTER EQUILIBRIUM ITERATION   1
 *** LOAD STEP     4   SUBSTEP   281  COMPLETED.    CUM ITER =    807
 *** TIME =   60.1000         TIME INC =  0.100000    
 *** MAX VISCOELASTIC STRAIN STEP = 0.1683E-06

     FORCE CONVERGENCE VALUE  =  0.1101E-07  CRITERION=  0.5000E-04
     DISP CONVERGENCE VALUE   =  0.1195E-06  CRITERION=  0.1503E-02 <<< CONVERGED
    EQUIL ITER   1 COMPLETED.  OLD TRIANG MATRIX.  MAX DOF INC= -0.1195E-06
     FORCE CONVERGENCE VALUE  =  0.7591E-08  CRITERION=  0.5000E-04 <<< CONVERGED
    >>> SOLUTION CONVERGED AFTER EQUILIBRIUM ITERATION   1
 *** LOAD STEP     4   SUBSTEP   282  COMPLETED.    CUM ITER =    808
 *** TIME =   60.2000         TIME INC =  0.100000    
 *** MAX VISCOELASTIC STRAIN STEP = 0.1681E-06

     FORCE CONVERGENCE VALUE  =  0.1110E-07  CRITERION=  0.5000E-04
     DISP CONVERGENCE VALUE   =  0.1190E-06  CRITERION=  0.1503E-02 <<< CONVERGED
    EQUIL ITER   1 COMPLETED.  OLD TRIANG MATRIX.  MAX DOF INC= -0.1190E-06
     FORCE CONVERGENCE VALUE  =  0.7658E-08  CRITERION=  0.5000E-04 <<< CONVERGED
    >>> SOLUTION CONVERGED AFTER EQUILIBRIUM ITERATION   1
 *** LOAD STEP     4   SUBSTEP   283  COMPLETED.    CUM ITER =    809
 *** TIME =   60.3000         TIME INC =  0.100000    
 *** MAX VISCOELASTIC STRAIN STEP = 0.1679E-06

     FORCE CONVERGENCE VALUE  =  0.1119E-07  CRITERION=  0.5000E-04
     DISP CONVERGENCE VALUE   =  0.1185E-06  CRITERION=  0.1503E-02 <<< CONVERGED
    EQUIL ITER   1 COMPLETED.  OLD TRIANG MATRIX.  MAX DOF INC= -0.1185E-06
     FORCE CONVERGENCE VALUE  =  0.7722E-08  CRITERION=  0.5000E-04 <<< CONVERGED
    >>> SOLUTION CONVERGED AFTER EQUILIBRIUM ITERATION   1
 *** LOAD STEP     4   SUBSTEP   284  COMPLETED.    CUM ITER =    810
 *** TIME =   60.4000         TIME INC =  0.100000    
 *** MAX VISCOELASTIC STRAIN STEP = 0.1677E-06

     FORCE CONVERGENCE VALUE  =  0.1128E-07  CRITERION=  0.5000E-04
     DISP CONVERGENCE VALUE   =  0.1181E-06  CRITERION=  0.1503E-02 <<< CONVERGED
    EQUIL ITER   1 COMPLETED.  OLD TRIANG MATRIX.  MAX DOF INC= -0.1181E-06
     FORCE CONVERGENCE VALUE  =  0.7785E-08  CRITERION=  0.5000E-04 <<< CONVERGED
    >>> SOLUTION CONVERGED AFTER EQUILIBRIUM ITERATION   1
 *** LOAD STEP     4   SUBSTEP   285  COMPLETED.    CUM ITER =    811
 *** TIME =   60.5000         TIME INC =  0.100000    
 *** MAX VISCOELASTIC STRAIN STEP = 0.1675E-06

     FORCE CONVERGENCE VALUE  =  0.1136E-07  CRITERION=  0.5000E-04
     DISP CONVERGENCE VALUE   =  0.1176E-06  CRITERION=  0.1503E-02 <<< CONVERGED
    EQUIL ITER   1 COMPLETED.  OLD TRIANG MATRIX.  MAX DOF INC= -0.1176E-06
     FORCE CONVERGENCE VALUE  =  0.7845E-08  CRITERION=  0.5000E-04 <<< CONVERGED
    >>> SOLUTION CONVERGED AFTER EQUILIBRIUM ITERATION   1
 *** LOAD STEP     4   SUBSTEP   286  COMPLETED.    CUM ITER =    812
 *** TIME =   60.6000         TIME INC =  0.100000    
 *** MAX VISCOELASTIC STRAIN STEP = 0.1672E-06

     FORCE CONVERGENCE VALUE  =  0.1144E-07  CRITERION=  0.5000E-04
     DISP CONVERGENCE VALUE   =  0.1172E-06  CRITERION=  0.1503E-02 <<< CONVERGED
    EQUIL ITER   1 COMPLETED.  OLD TRIANG MATRIX.  MAX DOF INC= -0.1172E-06
     FORCE CONVERGENCE VALUE  =  0.7903E-08  CRITERION=  0.5000E-04 <<< CONVERGED
    >>> SOLUTION CONVERGED AFTER EQUILIBRIUM ITERATION   1
 *** LOAD STEP     4   SUBSTEP   287  COMPLETED.    CUM ITER =    813
 *** TIME =   60.7000         TIME INC =  0.100000    
 *** MAX VISCOELASTIC STRAIN STEP = 0.1670E-06

     FORCE CONVERGENCE VALUE  =  0.1152E-07  CRITERION=  0.5000E-04
     DISP CONVERGENCE VALUE   =  0.1168E-06  CRITERION=  0.1503E-02 <<< CONVERGED
    EQUIL ITER   1 COMPLETED.  OLD TRIANG MATRIX.  MAX DOF INC= -0.1168E-06
     FORCE CONVERGENCE VALUE  =  0.7959E-08  CRITERION=  0.5000E-04 <<< CONVERGED
    >>> SOLUTION CONVERGED AFTER EQUILIBRIUM ITERATION   1
 *** LOAD STEP     4   SUBSTEP   288  COMPLETED.    CUM ITER =    814
 *** TIME =   60.8000         TIME INC =  0.100000    
 *** MAX VISCOELASTIC STRAIN STEP = 0.1668E-06

     FORCE CONVERGENCE VALUE  =  0.1159E-07  CRITERION=  0.5000E-04
     DISP CONVERGENCE VALUE   =  0.1163E-06  CRITERION=  0.1503E-02 <<< CONVERGED
    EQUIL ITER   1 COMPLETED.  OLD TRIANG MATRIX.  MAX DOF INC= -0.1163E-06
     FORCE CONVERGENCE VALUE  =  0.8013E-08  CRITERION=  0.5000E-04 <<< CONVERGED
    >>> SOLUTION CONVERGED AFTER EQUILIBRIUM ITERATION   1
 *** LOAD STEP     4   SUBSTEP   289  COMPLETED.    CUM ITER =    815
 *** TIME =   60.9000         TIME INC =  0.100000    
 *** MAX VISCOELASTIC STRAIN STEP = 0.1666E-06

     FORCE CONVERGENCE VALUE  =  0.1167E-07  CRITERION=  0.5000E-04
     DISP CONVERGENCE VALUE   =  0.1159E-06  CRITERION=  0.1503E-02 <<< CONVERGED
    EQUIL ITER   1 COMPLETED.  OLD TRIANG MATRIX.  MAX DOF INC= -0.1159E-06
     FORCE CONVERGENCE VALUE  =  0.8065E-08  CRITERION=  0.5000E-04 <<< CONVERGED
    >>> SOLUTION CONVERGED AFTER EQUILIBRIUM ITERATION   1
 *** LOAD STEP     4   SUBSTEP   290  COMPLETED.    CUM ITER =    816
 *** TIME =   61.0000         TIME INC =  0.100000    
 *** MAX VISCOELASTIC STRAIN STEP = 0.1664E-06

     FORCE CONVERGENCE VALUE  =  0.1174E-07  CRITERION=  0.5000E-04
     DISP CONVERGENCE VALUE   =  0.1155E-06  CRITERION=  0.1503E-02 <<< CONVERGED
    EQUIL ITER   1 COMPLETED.  OLD TRIANG MATRIX.  MAX DOF INC= -0.1155E-06
     FORCE CONVERGENCE VALUE  =  0.8115E-08  CRITERION=  0.5000E-04 <<< CONVERGED
    >>> SOLUTION CONVERGED AFTER EQUILIBRIUM ITERATION   1
 *** LOAD STEP     4   SUBSTEP   291  COMPLETED.    CUM ITER =    817
 *** TIME =   61.1000         TIME INC =  0.100000    
 *** MAX VISCOELASTIC STRAIN STEP = 0.1662E-06

     FORCE CONVERGENCE VALUE  =  0.1181E-07  CRITERION=  0.5000E-04
     DISP CONVERGENCE VALUE   =  0.1151E-06  CRITERION=  0.1503E-02 <<< CONVERGED
    EQUIL ITER   1 COMPLETED.  OLD TRIANG MATRIX.  MAX DOF INC= -0.1151E-06
     FORCE CONVERGENCE VALUE  =  0.8164E-08  CRITERION=  0.5000E-04 <<< CONVERGED
    >>> SOLUTION CONVERGED AFTER EQUILIBRIUM ITERATION   1
 *** LOAD STEP     4   SUBSTEP   292  COMPLETED.    CUM ITER =    818
 *** TIME =   61.2000         TIME INC =  0.100000    
 *** MAX VISCOELASTIC STRAIN STEP = 0.1660E-06

     FORCE CONVERGENCE VALUE  =  0.1187E-07  CRITERION=  0.5000E-04
     DISP CONVERGENCE VALUE   =  0.1147E-06  CRITERION=  0.1503E-02 <<< CONVERGED
    EQUIL ITER   1 COMPLETED.  OLD TRIANG MATRIX.  MAX DOF INC= -0.1147E-06
     FORCE CONVERGENCE VALUE  =  0.8210E-08  CRITERION=  0.5000E-04 <<< CONVERGED
    >>> SOLUTION CONVERGED AFTER EQUILIBRIUM ITERATION   1
 *** LOAD STEP     4   SUBSTEP   293  COMPLETED.    CUM ITER =    819
 *** TIME =   61.3000         TIME INC =  0.100000    
 *** MAX VISCOELASTIC STRAIN STEP = 0.1658E-06

     FORCE CONVERGENCE VALUE  =  0.1194E-07  CRITERION=  0.5000E-04
     DISP CONVERGENCE VALUE   =  0.1144E-06  CRITERION=  0.1503E-02 <<< CONVERGED
    EQUIL ITER   1 COMPLETED.  OLD TRIANG MATRIX.  MAX DOF INC= -0.1144E-06
     FORCE CONVERGENCE VALUE  =  0.8255E-08  CRITERION=  0.5000E-04 <<< CONVERGED
    >>> SOLUTION CONVERGED AFTER EQUILIBRIUM ITERATION   1
 *** LOAD STEP     4   SUBSTEP   294  COMPLETED.    CUM ITER =    820
 *** TIME =   61.4000         TIME INC =  0.100000    
 *** MAX VISCOELASTIC STRAIN STEP = 0.1656E-06

     FORCE CONVERGENCE VALUE  =  0.1200E-07  CRITERION=  0.5000E-04
     DISP CONVERGENCE VALUE   =  0.1140E-06  CRITERION=  0.1503E-02 <<< CONVERGED
    EQUIL ITER   1 COMPLETED.  OLD TRIANG MATRIX.  MAX DOF INC= -0.1140E-06
     FORCE CONVERGENCE VALUE  =  0.8298E-08  CRITERION=  0.5000E-04 <<< CONVERGED
    >>> SOLUTION CONVERGED AFTER EQUILIBRIUM ITERATION   1
 *** LOAD STEP     4   SUBSTEP   295  COMPLETED.    CUM ITER =    821
 *** TIME =   61.5000         TIME INC =  0.100000    
 *** MAX VISCOELASTIC STRAIN STEP = 0.1654E-06

     FORCE CONVERGENCE VALUE  =  0.1206E-07  CRITERION=  0.5000E-04
     DISP CONVERGENCE VALUE   =  0.1136E-06  CRITERION=  0.1503E-02 <<< CONVERGED
    EQUIL ITER   1 COMPLETED.  OLD TRIANG MATRIX.  MAX DOF INC= -0.1136E-06
     FORCE CONVERGENCE VALUE  =  0.8340E-08  CRITERION=  0.5000E-04 <<< CONVERGED
    >>> SOLUTION CONVERGED AFTER EQUILIBRIUM ITERATION   1
 *** LOAD STEP     4   SUBSTEP   296  COMPLETED.    CUM ITER =    822
 *** TIME =   61.6000         TIME INC =  0.100000    
 *** MAX VISCOELASTIC STRAIN STEP = 0.1652E-06

     FORCE CONVERGENCE VALUE  =  0.1211E-07  CRITERION=  0.5000E-04
     DISP CONVERGENCE VALUE   =  0.1133E-06  CRITERION=  0.1503E-02 <<< CONVERGED
    EQUIL ITER   1 COMPLETED.  OLD TRIANG MATRIX.  MAX DOF INC= -0.1133E-06
     FORCE CONVERGENCE VALUE  =  0.8379E-08  CRITERION=  0.5000E-04 <<< CONVERGED
    >>> SOLUTION CONVERGED AFTER EQUILIBRIUM ITERATION   1
 *** LOAD STEP     4   SUBSTEP   297  COMPLETED.    CUM ITER =    823
 *** TIME =   61.7000         TIME INC =  0.100000    
 *** MAX VISCOELASTIC STRAIN STEP = 0.1650E-06

     FORCE CONVERGENCE VALUE  =  0.1217E-07  CRITERION=  0.5000E-04
     DISP CONVERGENCE VALUE   =  0.1129E-06  CRITERION=  0.1503E-02 <<< CONVERGED
    EQUIL ITER   1 COMPLETED.  OLD TRIANG MATRIX.  MAX DOF INC= -0.1129E-06
     FORCE CONVERGENCE VALUE  =  0.8418E-08  CRITERION=  0.5000E-04 <<< CONVERGED
    >>> SOLUTION CONVERGED AFTER EQUILIBRIUM ITERATION   1
 *** LOAD STEP     4   SUBSTEP   298  COMPLETED.    CUM ITER =    824
 *** TIME =   61.8000         TIME INC =  0.100000    
 *** MAX VISCOELASTIC STRAIN STEP = 0.1648E-06

     FORCE CONVERGENCE VALUE  =  0.1222E-07  CRITERION=  0.5000E-04
     DISP CONVERGENCE VALUE   =  0.1126E-06  CRITERION=  0.1503E-02 <<< CONVERGED
    EQUIL ITER   1 COMPLETED.  OLD TRIANG MATRIX.  MAX DOF INC= -0.1126E-06
     FORCE CONVERGENCE VALUE  =  0.8454E-08  CRITERION=  0.5000E-04 <<< CONVERGED
    >>> SOLUTION CONVERGED AFTER EQUILIBRIUM ITERATION   1
 *** LOAD STEP     4   SUBSTEP   299  COMPLETED.    CUM ITER =    825
 *** TIME =   61.9000         TIME INC =  0.100000    
 *** MAX VISCOELASTIC STRAIN STEP = 0.1646E-06

     FORCE CONVERGENCE VALUE  =  0.1227E-07  CRITERION=  0.5000E-04
     DISP CONVERGENCE VALUE   =  0.1122E-06  CRITERION=  0.1503E-02 <<< CONVERGED
    EQUIL ITER   1 COMPLETED.  OLD TRIANG MATRIX.  MAX DOF INC= -0.1122E-06
     FORCE CONVERGENCE VALUE  =  0.8490E-08  CRITERION=  0.5000E-04 <<< CONVERGED
    >>> SOLUTION CONVERGED AFTER EQUILIBRIUM ITERATION   1
 *** LOAD STEP     4   SUBSTEP   300  COMPLETED.    CUM ITER =    826
 *** TIME =   62.0000         TIME INC =  0.100000    
 *** MAX VISCOELASTIC STRAIN STEP = 0.1644E-06

 FINISH SOLUTION PROCESSING


 ***** ROUTINE COMPLETED *****  ELAPSED TIME =        51.503



 *** MAPDL - ENGINEERING ANALYSIS SYSTEM  RELEASE 2026 R1          26.1     ***
 Ansys Mechanical Enterprise Academic Student      
 01055371  VERSION=WINDOWS x64   20:27:21  SEP 14, 2026 Elapsed Time=     51.520

 Stage 10 isothermal discretization verification                               



          ***** MAPDL RESULTS INTERPRETATION (POST1) *****

 *** NOTE ***                            ELAPSED TIME =      51.520   TIME= 20:27:21
 Reading results into the database (SET command) will update the current 
 displacement and force boundary conditions in the database with the     
 values from the results file for that load set.  Note that any          
 subsequent solutions will use these values unless action is taken to    
 either SAVE the current values or not overwrite them (/EXIT,NOSAVE).    


 USE LOAD STEP     0  SUBSTEP  LAST    FOR LOAD CASE 0 
 USE DATA SET FOR TIME OR FREQUENCY=  62.000    

 SET COMMAND GOT LOAD STEP=     4  SUBSTEP=   300  CUMULATIVE ITERATION=   826
   TIME/FREQUENCY=  62.000    
 TITLE= Stage 10 isothermal discretization verification                         

 STORE SEQV     FROM ITEM=S    COMP=EQV   FOR ALL SELECTED ELEMENTS

 OPENED FILE= top_nodes.csv FOR COMMAND FILE DATA 


 PARAMETER NIDV =     125.0000000    

 *GET  XV        FROM  NODE       125  ITEM=LOC  X     VALUE=  0.00000000     

 *GET  YV        FROM  NODE       125  ITEM=LOC  Y     VALUE=  4.00000000     

 *GET  UXV       FROM  NODE    125  ITEM=U    X     VALUE=  0.00000000    

 *GET  UYV       FROM  NODE    125  ITEM=U    Y     VALUE=  0.00000000    

 PARAMETER NIDV =     126.0000000    

 *GET  XV        FROM  NODE       126  ITEM=LOC  X     VALUE=  2.00000000     

 *GET  YV        FROM  NODE       126  ITEM=LOC  Y     VALUE=  4.00000000     

 *GET  UXV       FROM  NODE    126  ITEM=U    X     VALUE= 0.152680255E-03

 *GET  UYV       FROM  NODE    126  ITEM=U    Y     VALUE=-0.132916349E-03

 PARAMETER NIDV =     127.0000000    

 *GET  XV        FROM  NODE       127  ITEM=LOC  X     VALUE=  4.00000000     

 *GET  YV        FROM  NODE       127  ITEM=LOC  Y     VALUE=  4.00000000     

 *GET  UXV       FROM  NODE    127  ITEM=U    X     VALUE= 0.309053932E-03

 *GET  UYV       FROM  NODE    127  ITEM=U    Y     VALUE=-0.509555564E-03

 PARAMETER NIDV =     128.0000000    

 *GET  XV        FROM  NODE       128  ITEM=LOC  X     VALUE=  6.00000000     

 *GET  YV        FROM  NODE       128  ITEM=LOC  Y     VALUE=  4.00000000     

 *GET  UXV       FROM  NODE    128  ITEM=U    X     VALUE= 0.457061102E-03

 *GET  UYV       FROM  NODE    128  ITEM=U    Y     VALUE=-0.113658230E-02

 PARAMETER NIDV =     129.0000000    

 *GET  XV        FROM  NODE       129  ITEM=LOC  X     VALUE=  8.00000000     

 *GET  YV        FROM  NODE       129  ITEM=LOC  Y     VALUE=  4.00000000     

 *GET  UXV       FROM  NODE    129  ITEM=U    X     VALUE= 0.599206029E-03

 *GET  UYV       FROM  NODE    129  ITEM=U    Y     VALUE=-0.199795837E-02

 PARAMETER NIDV =     130.0000000    

 *GET  XV        FROM  NODE       130  ITEM=LOC  X     VALUE=  10.0000000     

 *GET  YV        FROM  NODE       130  ITEM=LOC  Y     VALUE=  4.00000000     

 *GET  UXV       FROM  NODE    130  ITEM=U    X     VALUE= 0.736169420E-03

 *GET  UYV       FROM  NODE    130  ITEM=U    Y     VALUE=-0.308618078E-02

 PARAMETER NIDV =     131.0000000    

 *GET  XV        FROM  NODE       131  ITEM=LOC  X     VALUE=  12.0000000     

 *GET  YV        FROM  NODE       131  ITEM=LOC  Y     VALUE=  4.00000000     

 *GET  UXV       FROM  NODE    131  ITEM=U    X     VALUE= 0.867773788E-03

 *GET  UYV       FROM  NODE    131  ITEM=U    Y     VALUE=-0.439256235E-02

 PARAMETER NIDV =     132.0000000    

 *GET  XV        FROM  NODE       132  ITEM=LOC  X     VALUE=  14.0000000     

 *GET  YV        FROM  NODE       132  ITEM=LOC  Y     VALUE=  4.00000000     

 *GET  UXV       FROM  NODE    132  ITEM=U    X     VALUE= 0.993998751E-03

 *GET  UYV       FROM  NODE    132  ITEM=U    Y     VALUE=-0.590836564E-02

 PARAMETER NIDV =     133.0000000    

 *GET  XV        FROM  NODE       133  ITEM=LOC  X     VALUE=  16.0000000     

 *GET  YV        FROM  NODE       133  ITEM=LOC  Y     VALUE=  4.00000000     

 *GET  UXV       FROM  NODE    133  ITEM=U    X     VALUE= 0.111485274E-02

 *GET  UYV       FROM  NODE    133  ITEM=U    Y     VALUE=-0.762485709E-02

 PARAMETER NIDV =     134.0000000    

 *GET  XV        FROM  NODE       134  ITEM=LOC  X     VALUE=  18.0000000     

 *GET  YV        FROM  NODE       134  ITEM=LOC  Y     VALUE=  4.00000000     

 *GET  UXV       FROM  NODE    134  ITEM=U    X     VALUE= 0.123033541E-02

 *GET  UYV       FROM  NODE    134  ITEM=U    Y     VALUE=-0.953331307E-02

 PARAMETER NIDV =     135.0000000    

 *GET  XV        FROM  NODE       135  ITEM=LOC  X     VALUE=  20.0000000     

 *GET  YV        FROM  NODE       135  ITEM=LOC  Y     VALUE=  4.00000000     

 *GET  UXV       FROM  NODE    135  ITEM=U    X     VALUE= 0.134044687E-02

 *GET  UYV       FROM  NODE    135  ITEM=U    Y     VALUE=-0.116250077E-01

 PARAMETER NIDV =     136.0000000    

 *GET  XV        FROM  NODE       136  ITEM=LOC  X     VALUE=  22.0000000     

 *GET  YV        FROM  NODE       136  ITEM=LOC  Y     VALUE=  4.00000000     

 *GET  UXV       FROM  NODE    136  ITEM=U    X     VALUE= 0.144518702E-02

 *GET  UYV       FROM  NODE    136  ITEM=U    Y     VALUE=-0.138912154E-01

 PARAMETER NIDV =     137.0000000    

 *GET  XV        FROM  NODE       137  ITEM=LOC  X     VALUE=  24.0000000     

 *GET  YV        FROM  NODE       137  ITEM=LOC  Y     VALUE=  4.00000000     

 *GET  UXV       FROM  NODE    137  ITEM=U    X     VALUE= 0.154455588E-02

 *GET  UYV       FROM  NODE    137  ITEM=U    Y     VALUE=-0.163232105E-01

 PARAMETER NIDV =     138.0000000    

 *GET  XV        FROM  NODE       138  ITEM=LOC  X     VALUE=  26.0000000     

 *GET  YV        FROM  NODE       138  ITEM=LOC  Y     VALUE=  4.00000000     

 *GET  UXV       FROM  NODE    138  ITEM=U    X     VALUE= 0.163855346E-02

 *GET  UYV       FROM  NODE    138  ITEM=U    Y     VALUE=-0.189122674E-01

 PARAMETER NIDV =     139.0000000    

 *GET  XV        FROM  NODE       139  ITEM=LOC  X     VALUE=  28.0000000     

 *GET  YV        FROM  NODE       139  ITEM=LOC  Y     VALUE=  4.00000000     

 *GET  UXV       FROM  NODE    139  ITEM=U    X     VALUE= 0.172717974E-02

 *GET  UYV       FROM  NODE    139  ITEM=U    Y     VALUE=-0.216496603E-01

 PARAMETER NIDV =     140.0000000    

 *GET  XV        FROM  NODE       140  ITEM=LOC  X     VALUE=  30.0000000     

 *GET  YV        FROM  NODE       140  ITEM=LOC  Y     VALUE=  4.00000000     

 *GET  UXV       FROM  NODE    140  ITEM=U    X     VALUE= 0.181043473E-02

 *GET  UYV       FROM  NODE    140  ITEM=U    Y     VALUE=-0.245266637E-01

 PARAMETER NIDV =     141.0000000    

 *GET  XV        FROM  NODE       141  ITEM=LOC  X     VALUE=  32.0000000     

 *GET  YV        FROM  NODE       141  ITEM=LOC  Y     VALUE=  4.00000000     

 *GET  UXV       FROM  NODE    141  ITEM=U    X     VALUE= 0.188831844E-02

 *GET  UYV       FROM  NODE    141  ITEM=U    Y     VALUE=-0.275345519E-01

 PARAMETER NIDV =     142.0000000    

 *GET  XV        FROM  NODE       142  ITEM=LOC  X     VALUE=  34.0000000     

 *GET  YV        FROM  NODE       142  ITEM=LOC  Y     VALUE=  4.00000000     

 *GET  UXV       FROM  NODE    142  ITEM=U    X     VALUE= 0.196083085E-02

 *GET  UYV       FROM  NODE    142  ITEM=U    Y     VALUE=-0.306645993E-01

 PARAMETER NIDV =     143.0000000    

 *GET  XV        FROM  NODE       143  ITEM=LOC  X     VALUE=  36.0000000     

 *GET  YV        FROM  NODE       143  ITEM=LOC  Y     VALUE=  4.00000000     

 *GET  UXV       FROM  NODE    143  ITEM=U    X     VALUE= 0.202797197E-02

 *GET  UYV       FROM  NODE    143  ITEM=U    Y     VALUE=-0.339080801E-01

 PARAMETER NIDV =     144.0000000    

 *GET  XV        FROM  NODE       144  ITEM=LOC  X     VALUE=  38.0000000     

 *GET  YV        FROM  NODE       144  ITEM=LOC  Y     VALUE=  4.00000000     

 *GET  UXV       FROM  NODE    144  ITEM=U    X     VALUE= 0.208974181E-02

 *GET  UYV       FROM  NODE    144  ITEM=U    Y     VALUE=-0.372562688E-01

 PARAMETER NIDV =     145.0000000    

 *GET  XV        FROM  NODE       145  ITEM=LOC  X     VALUE=  40.0000000     

 *GET  YV        FROM  NODE       145  ITEM=LOC  Y     VALUE=  4.00000000     

 *GET  UXV       FROM  NODE    145  ITEM=U    X     VALUE= 0.214614035E-02

 *GET  UYV       FROM  NODE    145  ITEM=U    Y     VALUE=-0.407004396E-01

 PARAMETER NIDV =     146.0000000    

 *GET  XV        FROM  NODE       146  ITEM=LOC  X     VALUE=  42.0000000     

 *GET  YV        FROM  NODE       146  ITEM=LOC  Y     VALUE=  4.00000000     

 *GET  UXV       FROM  NODE    146  ITEM=U    X     VALUE= 0.219716761E-02

 *GET  UYV       FROM  NODE    146  ITEM=U    Y     VALUE=-0.442318670E-01

 PARAMETER NIDV =     147.0000000    

 *GET  XV        FROM  NODE       147  ITEM=LOC  X     VALUE=  44.0000000     

 *GET  YV        FROM  NODE       147  ITEM=LOC  Y     VALUE=  4.00000000     

 *GET  UXV       FROM  NODE    147  ITEM=U    X     VALUE= 0.224282357E-02

 *GET  UYV       FROM  NODE    147  ITEM=U    Y     VALUE=-0.478418252E-01

 PARAMETER NIDV =     148.0000000    

 *GET  XV        FROM  NODE       148  ITEM=LOC  X     VALUE=  46.0000000     

 *GET  YV        FROM  NODE       148  ITEM=LOC  Y     VALUE=  4.00000000     

 *GET  UXV       FROM  NODE    148  ITEM=U    X     VALUE= 0.228310826E-02

 *GET  UYV       FROM  NODE    148  ITEM=U    Y     VALUE=-0.515215887E-01

 PARAMETER NIDV =     149.0000000    

 *GET  XV        FROM  NODE       149  ITEM=LOC  X     VALUE=  48.0000000     

 *GET  YV        FROM  NODE       149  ITEM=LOC  Y     VALUE=  4.00000000     

 *GET  UXV       FROM  NODE    149  ITEM=U    X     VALUE= 0.231802164E-02

 *GET  UYV       FROM  NODE    149  ITEM=U    Y     VALUE=-0.552624318E-01

 PARAMETER NIDV =     150.0000000    

 *GET  XV        FROM  NODE       150  ITEM=LOC  X     VALUE=  50.0000000     

 *GET  YV        FROM  NODE       150  ITEM=LOC  Y     VALUE=  4.00000000     

 *GET  UXV       FROM  NODE    150  ITEM=U    X     VALUE= 0.234756330E-02

 *GET  UYV       FROM  NODE    150  ITEM=U    Y     VALUE=-0.590556287E-01

 PARAMETER NIDV =     151.0000000    

 *GET  XV        FROM  NODE       151  ITEM=LOC  X     VALUE=  52.0000000     

 *GET  YV        FROM  NODE       151  ITEM=LOC  Y     VALUE=  4.00000000     

 *GET  UXV       FROM  NODE    151  ITEM=U    X     VALUE= 0.237173376E-02

 *GET  UYV       FROM  NODE    151  ITEM=U    Y     VALUE=-0.628924516E-01

 PARAMETER NIDV =     152.0000000    

 *GET  XV        FROM  NODE       152  ITEM=LOC  X     VALUE=  54.0000000     

 *GET  YV        FROM  NODE       152  ITEM=LOC  Y     VALUE=  4.00000000     

 *GET  UXV       FROM  NODE    152  ITEM=U    X     VALUE= 0.239054627E-02

 *GET  UYV       FROM  NODE    152  ITEM=U    Y     VALUE=-0.667641810E-01

 PARAMETER NIDV =     153.0000000    

 *GET  XV        FROM  NODE       153  ITEM=LOC  X     VALUE=  56.0000000     

 *GET  YV        FROM  NODE       153  ITEM=LOC  Y     VALUE=  4.00000000     

 *GET  UXV       FROM  NODE    153  ITEM=U    X     VALUE= 0.240397356E-02

 *GET  UYV       FROM  NODE    153  ITEM=U    Y     VALUE=-0.706621469E-01

 PARAMETER NIDV =     154.0000000    

 *GET  XV        FROM  NODE       154  ITEM=LOC  X     VALUE=  58.0000000     

 *GET  YV        FROM  NODE       154  ITEM=LOC  Y     VALUE=  4.00000000     

 *GET  UXV       FROM  NODE    154  ITEM=U    X     VALUE= 0.241178746E-02

 *GET  UYV       FROM  NODE    154  ITEM=U    Y     VALUE=-0.745774235E-01

 PARAMETER NIDV =     155.0000000    

 *GET  XV        FROM  NODE       155  ITEM=LOC  X     VALUE=  60.0000000     

 *GET  YV        FROM  NODE       155  ITEM=LOC  Y     VALUE=  4.00000000     

 *GET  UXV       FROM  NODE    155  ITEM=U    X     VALUE= 0.241427931E-02

 *GET  UYV       FROM  NODE    155  ITEM=U    Y     VALUE=-0.785006554E-01

  COMMAND FILE CLOSED 


 OPENED FILE= element_stress.csv FOR COMMAND FILE DATA 


 PARAMETER EIDV =     1.000000000    

 *GET  XV        FROM  ELEM         1  ITEM=CENT X         VALUE=  1.00000000    

 *GET  YV        FROM  ELEM         1  ITEM=CENT Y         VALUE= 0.500000000    

 *GET  SV        FROM  ELEM         1  ITEM=ETAB SEQV      VALUE= 0.449945975E-03

 PARAMETER EIDV =     2.000000000    

 *GET  XV        FROM  ELEM         2  ITEM=CENT X         VALUE=  3.00000000    

 *GET  YV        FROM  ELEM         2  ITEM=CENT Y         VALUE= 0.500000000    

 *GET  SV        FROM  ELEM         2  ITEM=ETAB SEQV      VALUE= 0.482442327E-03

 PARAMETER EIDV =     3.000000000    

 *GET  XV        FROM  ELEM         3  ITEM=CENT X         VALUE=  5.00000000    

 *GET  YV        FROM  ELEM         3  ITEM=CENT Y         VALUE= 0.500000000    

 *GET  SV        FROM  ELEM         3  ITEM=ETAB SEQV      VALUE= 0.438879802E-03

 PARAMETER EIDV =     4.000000000    

 *GET  XV        FROM  ELEM         4  ITEM=CENT X         VALUE=  7.00000000    

 *GET  YV        FROM  ELEM         4  ITEM=CENT Y         VALUE= 0.500000000    

 *GET  SV        FROM  ELEM         4  ITEM=ETAB SEQV      VALUE= 0.423838152E-03

 PARAMETER EIDV =     5.000000000    

 *GET  XV        FROM  ELEM         5  ITEM=CENT X         VALUE=  9.00000000    

 *GET  YV        FROM  ELEM         5  ITEM=CENT Y         VALUE= 0.500000000    

 *GET  SV        FROM  ELEM         5  ITEM=ETAB SEQV      VALUE= 0.408549281E-03

 PARAMETER EIDV =     6.000000000    

 *GET  XV        FROM  ELEM         6  ITEM=CENT X         VALUE=  11.0000000    

 *GET  YV        FROM  ELEM         6  ITEM=CENT Y         VALUE= 0.500000000    

 *GET  SV        FROM  ELEM         6  ITEM=ETAB SEQV      VALUE= 0.392515015E-03

 PARAMETER EIDV =     7.000000000    

 *GET  XV        FROM  ELEM         7  ITEM=CENT X         VALUE=  13.0000000    

 *GET  YV        FROM  ELEM         7  ITEM=CENT Y         VALUE= 0.500000000    

 *GET  SV        FROM  ELEM         7  ITEM=ETAB SEQV      VALUE= 0.376492181E-03

 PARAMETER EIDV =     8.000000000    

 *GET  XV        FROM  ELEM         8  ITEM=CENT X         VALUE=  15.0000000    

 *GET  YV        FROM  ELEM         8  ITEM=CENT Y         VALUE= 0.500000000    

 *GET  SV        FROM  ELEM         8  ITEM=ETAB SEQV      VALUE= 0.360485462E-03

 PARAMETER EIDV =     9.000000000    

 *GET  XV        FROM  ELEM         9  ITEM=CENT X         VALUE=  17.0000000    

 *GET  YV        FROM  ELEM         9  ITEM=CENT Y         VALUE= 0.500000000    

 *GET  SV        FROM  ELEM         9  ITEM=ETAB SEQV      VALUE= 0.344482267E-03

 PARAMETER EIDV =     10.00000000    

 *GET  XV        FROM  ELEM        10  ITEM=CENT X         VALUE=  19.0000000    

 *GET  YV        FROM  ELEM        10  ITEM=CENT Y         VALUE= 0.500000000    

 *GET  SV        FROM  ELEM        10  ITEM=ETAB SEQV      VALUE= 0.328479243E-03

 PARAMETER EIDV =     11.00000000    

 *GET  XV        FROM  ELEM        11  ITEM=CENT X         VALUE=  21.0000000    

 *GET  YV        FROM  ELEM        11  ITEM=CENT Y         VALUE= 0.500000000    

 *GET  SV        FROM  ELEM        11  ITEM=ETAB SEQV      VALUE= 0.312477032E-03

 PARAMETER EIDV =     12.00000000    

 *GET  XV        FROM  ELEM        12  ITEM=CENT X         VALUE=  23.0000000    

 *GET  YV        FROM  ELEM        12  ITEM=CENT Y         VALUE= 0.500000000    

 *GET  SV        FROM  ELEM        12  ITEM=ETAB SEQV      VALUE= 0.296476060E-03

 PARAMETER EIDV =     13.00000000    

 *GET  XV        FROM  ELEM        13  ITEM=CENT X         VALUE=  25.0000000    

 *GET  YV        FROM  ELEM        13  ITEM=CENT Y         VALUE= 0.500000000    

 *GET  SV        FROM  ELEM        13  ITEM=ETAB SEQV      VALUE= 0.280476457E-03

 PARAMETER EIDV =     14.00000000    

 *GET  XV        FROM  ELEM        14  ITEM=CENT X         VALUE=  27.0000000    

 *GET  YV        FROM  ELEM        14  ITEM=CENT Y         VALUE= 0.500000000    

 *GET  SV        FROM  ELEM        14  ITEM=ETAB SEQV      VALUE= 0.264478479E-03

 PARAMETER EIDV =     15.00000000    

 *GET  XV        FROM  ELEM        15  ITEM=CENT X         VALUE=  29.0000000    

 *GET  YV        FROM  ELEM        15  ITEM=CENT Y         VALUE= 0.500000000    

 *GET  SV        FROM  ELEM        15  ITEM=ETAB SEQV      VALUE= 0.248482446E-03

 PARAMETER EIDV =     16.00000000    

 *GET  XV        FROM  ELEM        16  ITEM=CENT X         VALUE=  31.0000000    

 *GET  YV        FROM  ELEM        16  ITEM=CENT Y         VALUE= 0.500000000    

 *GET  SV        FROM  ELEM        16  ITEM=ETAB SEQV      VALUE= 0.232488746E-03

 PARAMETER EIDV =     17.00000000    

 *GET  XV        FROM  ELEM        17  ITEM=CENT X         VALUE=  33.0000000    

 *GET  YV        FROM  ELEM        17  ITEM=CENT Y         VALUE= 0.500000000    

 *GET  SV        FROM  ELEM        17  ITEM=ETAB SEQV      VALUE= 0.216497902E-03

 PARAMETER EIDV =     18.00000000    

 *GET  XV        FROM  ELEM        18  ITEM=CENT X         VALUE=  35.0000000    

 *GET  YV        FROM  ELEM        18  ITEM=CENT Y         VALUE= 0.500000000    

 *GET  SV        FROM  ELEM        18  ITEM=ETAB SEQV      VALUE= 0.200510598E-03

 PARAMETER EIDV =     19.00000000    

 *GET  XV        FROM  ELEM        19  ITEM=CENT X         VALUE=  37.0000000    

 *GET  YV        FROM  ELEM        19  ITEM=CENT Y         VALUE= 0.500000000    

 *GET  SV        FROM  ELEM        19  ITEM=ETAB SEQV      VALUE= 0.184527755E-03

 PARAMETER EIDV =     20.00000000    

 *GET  XV        FROM  ELEM        20  ITEM=CENT X         VALUE=  39.0000000    

 *GET  YV        FROM  ELEM        20  ITEM=CENT Y         VALUE= 0.500000000    

 *GET  SV        FROM  ELEM        20  ITEM=ETAB SEQV      VALUE= 0.168550642E-03

 PARAMETER EIDV =     21.00000000    

 *GET  XV        FROM  ELEM        21  ITEM=CENT X         VALUE=  41.0000000    

 *GET  YV        FROM  ELEM        21  ITEM=CENT Y         VALUE= 0.500000000    

 *GET  SV        FROM  ELEM        21  ITEM=ETAB SEQV      VALUE= 0.152581053E-03

 PARAMETER EIDV =     22.00000000    

 *GET  XV        FROM  ELEM        22  ITEM=CENT X         VALUE=  43.0000000    

 *GET  YV        FROM  ELEM        22  ITEM=CENT Y         VALUE= 0.500000000    

 *GET  SV        FROM  ELEM        22  ITEM=ETAB SEQV      VALUE= 0.136621639E-03

 PARAMETER EIDV =     23.00000000    

 *GET  XV        FROM  ELEM        23  ITEM=CENT X         VALUE=  45.0000000    

 *GET  YV        FROM  ELEM        23  ITEM=CENT Y         VALUE= 0.500000000    

 *GET  SV        FROM  ELEM        23  ITEM=ETAB SEQV      VALUE= 0.120676503E-03

 PARAMETER EIDV =     24.00000000    

 *GET  XV        FROM  ELEM        24  ITEM=CENT X         VALUE=  47.0000000    

 *GET  YV        FROM  ELEM        24  ITEM=CENT Y         VALUE= 0.500000000    

 *GET  SV        FROM  ELEM        24  ITEM=ETAB SEQV      VALUE= 0.104751912E-03

 PARAMETER EIDV =     25.00000000    

 *GET  XV        FROM  ELEM        25  ITEM=CENT X         VALUE=  49.0000000    

 *GET  YV        FROM  ELEM        25  ITEM=CENT Y         VALUE= 0.500000000    

 *GET  SV        FROM  ELEM        25  ITEM=ETAB SEQV      VALUE= 0.888584557E-04

 PARAMETER EIDV =     26.00000000    

 *GET  XV        FROM  ELEM        26  ITEM=CENT X         VALUE=  51.0000000    

 *GET  YV        FROM  ELEM        26  ITEM=CENT Y         VALUE= 0.500000000    

 *GET  SV        FROM  ELEM        26  ITEM=ETAB SEQV      VALUE= 0.730145982E-04

 PARAMETER EIDV =     27.00000000    

 *GET  XV        FROM  ELEM        27  ITEM=CENT X         VALUE=  53.0000000    

 *GET  YV        FROM  ELEM        27  ITEM=CENT Y         VALUE= 0.500000000    

 *GET  SV        FROM  ELEM        27  ITEM=ETAB SEQV      VALUE= 0.572927034E-04

 PARAMETER EIDV =     28.00000000    

 *GET  XV        FROM  ELEM        28  ITEM=CENT X         VALUE=  55.0000000    

 *GET  YV        FROM  ELEM        28  ITEM=CENT Y         VALUE= 0.500000000    

 *GET  SV        FROM  ELEM        28  ITEM=ETAB SEQV      VALUE= 0.419067365E-04

 PARAMETER EIDV =     29.00000000    

 *GET  XV        FROM  ELEM        29  ITEM=CENT X         VALUE=  57.0000000    

 *GET  YV        FROM  ELEM        29  ITEM=CENT Y         VALUE= 0.500000000    

 *GET  SV        FROM  ELEM        29  ITEM=ETAB SEQV      VALUE= 0.267295370E-04

 PARAMETER EIDV =     30.00000000    

 *GET  XV        FROM  ELEM        30  ITEM=CENT X         VALUE=  59.0000000    

 *GET  YV        FROM  ELEM        30  ITEM=CENT Y         VALUE= 0.500000000    

 *GET  SV        FROM  ELEM        30  ITEM=ETAB SEQV      VALUE= 0.112165160E-04

 PARAMETER EIDV =     31.00000000    

 *GET  XV        FROM  ELEM        31  ITEM=CENT X         VALUE=  1.00000000    

 *GET  YV        FROM  ELEM        31  ITEM=CENT Y         VALUE=  1.50000000    

 *GET  SV        FROM  ELEM        31  ITEM=ETAB SEQV      VALUE= 0.273394892E-03

 PARAMETER EIDV =     32.00000000    

 *GET  XV        FROM  ELEM        32  ITEM=CENT X         VALUE=  3.00000000    

 *GET  YV        FROM  ELEM        32  ITEM=CENT Y         VALUE=  1.50000000    

 *GET  SV        FROM  ELEM        32  ITEM=ETAB SEQV      VALUE= 0.287298856E-03

 PARAMETER EIDV =     33.00000000    

 *GET  XV        FROM  ELEM        33  ITEM=CENT X         VALUE=  5.00000000    

 *GET  YV        FROM  ELEM        33  ITEM=CENT Y         VALUE=  1.50000000    

 *GET  SV        FROM  ELEM        33  ITEM=ETAB SEQV      VALUE= 0.272593492E-03

 PARAMETER EIDV =     34.00000000    

 *GET  XV        FROM  ELEM        34  ITEM=CENT X         VALUE=  7.00000000    

 *GET  YV        FROM  ELEM        34  ITEM=CENT Y         VALUE=  1.50000000    

 *GET  SV        FROM  ELEM        34  ITEM=ETAB SEQV      VALUE= 0.257607744E-03

 PARAMETER EIDV =     35.00000000    

 *GET  XV        FROM  ELEM        35  ITEM=CENT X         VALUE=  9.00000000    

 *GET  YV        FROM  ELEM        35  ITEM=CENT Y         VALUE=  1.50000000    

 *GET  SV        FROM  ELEM        35  ITEM=ETAB SEQV      VALUE= 0.248525474E-03

 PARAMETER EIDV =     36.00000000    

 *GET  XV        FROM  ELEM        36  ITEM=CENT X         VALUE=  11.0000000    

 *GET  YV        FROM  ELEM        36  ITEM=CENT Y         VALUE=  1.50000000    

 *GET  SV        FROM  ELEM        36  ITEM=ETAB SEQV      VALUE= 0.239020404E-03

 PARAMETER EIDV =     37.00000000    

 *GET  XV        FROM  ELEM        37  ITEM=CENT X         VALUE=  13.0000000    

 *GET  YV        FROM  ELEM        37  ITEM=CENT Y         VALUE=  1.50000000    

 *GET  SV        FROM  ELEM        37  ITEM=ETAB SEQV      VALUE= 0.229257132E-03

 PARAMETER EIDV =     38.00000000    

 *GET  XV        FROM  ELEM        38  ITEM=CENT X         VALUE=  15.0000000    

 *GET  YV        FROM  ELEM        38  ITEM=CENT Y         VALUE=  1.50000000    

 *GET  SV        FROM  ELEM        38  ITEM=ETAB SEQV      VALUE= 0.219540824E-03

 PARAMETER EIDV =     39.00000000    

 *GET  XV        FROM  ELEM        39  ITEM=CENT X         VALUE=  17.0000000    

 *GET  YV        FROM  ELEM        39  ITEM=CENT Y         VALUE=  1.50000000    

 *GET  SV        FROM  ELEM        39  ITEM=ETAB SEQV      VALUE= 0.209826951E-03

 PARAMETER EIDV =     40.00000000    

 *GET  XV        FROM  ELEM        40  ITEM=CENT X         VALUE=  19.0000000    

 *GET  YV        FROM  ELEM        40  ITEM=CENT Y         VALUE=  1.50000000    

 *GET  SV        FROM  ELEM        40  ITEM=ETAB SEQV      VALUE= 0.200115825E-03

 PARAMETER EIDV =     41.00000000    

 *GET  XV        FROM  ELEM        41  ITEM=CENT X         VALUE=  21.0000000    

 *GET  YV        FROM  ELEM        41  ITEM=CENT Y         VALUE=  1.50000000    

 *GET  SV        FROM  ELEM        41  ITEM=ETAB SEQV      VALUE= 0.190406746E-03

 PARAMETER EIDV =     42.00000000    

 *GET  XV        FROM  ELEM        42  ITEM=CENT X         VALUE=  23.0000000    

 *GET  YV        FROM  ELEM        42  ITEM=CENT Y         VALUE=  1.50000000    

 *GET  SV        FROM  ELEM        42  ITEM=ETAB SEQV      VALUE= 0.180700627E-03

 PARAMETER EIDV =     43.00000000    

 *GET  XV        FROM  ELEM        43  ITEM=CENT X         VALUE=  25.0000000    

 *GET  YV        FROM  ELEM        43  ITEM=CENT Y         VALUE=  1.50000000    

 *GET  SV        FROM  ELEM        43  ITEM=ETAB SEQV      VALUE= 0.170997900E-03

 PARAMETER EIDV =     44.00000000    

 *GET  XV        FROM  ELEM        44  ITEM=CENT X         VALUE=  27.0000000    

 *GET  YV        FROM  ELEM        44  ITEM=CENT Y         VALUE=  1.50000000    

 *GET  SV        FROM  ELEM        44  ITEM=ETAB SEQV      VALUE= 0.161299195E-03

 PARAMETER EIDV =     45.00000000    

 *GET  XV        FROM  ELEM        45  ITEM=CENT X         VALUE=  29.0000000    

 *GET  YV        FROM  ELEM        45  ITEM=CENT Y         VALUE=  1.50000000    

 *GET  SV        FROM  ELEM        45  ITEM=ETAB SEQV      VALUE= 0.151605261E-03

 PARAMETER EIDV =     46.00000000    

 *GET  XV        FROM  ELEM        46  ITEM=CENT X         VALUE=  31.0000000    

 *GET  YV        FROM  ELEM        46  ITEM=CENT Y         VALUE=  1.50000000    

 *GET  SV        FROM  ELEM        46  ITEM=ETAB SEQV      VALUE= 0.141917095E-03

 PARAMETER EIDV =     47.00000000    

 *GET  XV        FROM  ELEM        47  ITEM=CENT X         VALUE=  33.0000000    

 *GET  YV        FROM  ELEM        47  ITEM=CENT Y         VALUE=  1.50000000    

 *GET  SV        FROM  ELEM        47  ITEM=ETAB SEQV      VALUE= 0.132235949E-03

 PARAMETER EIDV =     48.00000000    

 *GET  XV        FROM  ELEM        48  ITEM=CENT X         VALUE=  35.0000000    

 *GET  YV        FROM  ELEM        48  ITEM=CENT Y         VALUE=  1.50000000    

 *GET  SV        FROM  ELEM        48  ITEM=ETAB SEQV      VALUE= 0.122563502E-03

 PARAMETER EIDV =     49.00000000    

 *GET  XV        FROM  ELEM        49  ITEM=CENT X         VALUE=  37.0000000    

 *GET  YV        FROM  ELEM        49  ITEM=CENT Y         VALUE=  1.50000000    

 *GET  SV        FROM  ELEM        49  ITEM=ETAB SEQV      VALUE= 0.112901982E-03

 PARAMETER EIDV =     50.00000000    

 *GET  XV        FROM  ELEM        50  ITEM=CENT X         VALUE=  39.0000000    

 *GET  YV        FROM  ELEM        50  ITEM=CENT Y         VALUE=  1.50000000    

 *GET  SV        FROM  ELEM        50  ITEM=ETAB SEQV      VALUE= 0.103254448E-03

 PARAMETER EIDV =     51.00000000    

 *GET  XV        FROM  ELEM        51  ITEM=CENT X         VALUE=  41.0000000    

 *GET  YV        FROM  ELEM        51  ITEM=CENT Y         VALUE=  1.50000000    

 *GET  SV        FROM  ELEM        51  ITEM=ETAB SEQV      VALUE= 0.936252345E-04

 PARAMETER EIDV =     52.00000000    

 *GET  XV        FROM  ELEM        52  ITEM=CENT X         VALUE=  43.0000000    

 *GET  YV        FROM  ELEM        52  ITEM=CENT Y         VALUE=  1.50000000    

 *GET  SV        FROM  ELEM        52  ITEM=ETAB SEQV      VALUE= 0.840206528E-04

 PARAMETER EIDV =     53.00000000    

 *GET  XV        FROM  ELEM        53  ITEM=CENT X         VALUE=  45.0000000    

 *GET  YV        FROM  ELEM        53  ITEM=CENT Y         VALUE=  1.50000000    

 *GET  SV        FROM  ELEM        53  ITEM=ETAB SEQV      VALUE= 0.744502263E-04

 PARAMETER EIDV =     54.00000000    

 *GET  XV        FROM  ELEM        54  ITEM=CENT X         VALUE=  47.0000000    

 *GET  YV        FROM  ELEM        54  ITEM=CENT Y         VALUE=  1.50000000    

 *GET  SV        FROM  ELEM        54  ITEM=ETAB SEQV      VALUE= 0.649289990E-04

 PARAMETER EIDV =     55.00000000    

 *GET  XV        FROM  ELEM        55  ITEM=CENT X         VALUE=  49.0000000    

 *GET  YV        FROM  ELEM        55  ITEM=CENT Y         VALUE=  1.50000000    

 *GET  SV        FROM  ELEM        55  ITEM=ETAB SEQV      VALUE= 0.554805971E-04

 PARAMETER EIDV =     56.00000000    

 *GET  XV        FROM  ELEM        56  ITEM=CENT X         VALUE=  51.0000000    

 *GET  YV        FROM  ELEM        56  ITEM=CENT Y         VALUE=  1.50000000    

 *GET  SV        FROM  ELEM        56  ITEM=ETAB SEQV      VALUE= 0.461572257E-04

 PARAMETER EIDV =     57.00000000    

 *GET  XV        FROM  ELEM        57  ITEM=CENT X         VALUE=  53.0000000    

 *GET  YV        FROM  ELEM        57  ITEM=CENT Y         VALUE=  1.50000000    

 *GET  SV        FROM  ELEM        57  ITEM=ETAB SEQV      VALUE= 0.370833237E-04

 PARAMETER EIDV =     58.00000000    

 *GET  XV        FROM  ELEM        58  ITEM=CENT X         VALUE=  55.0000000    

 *GET  YV        FROM  ELEM        58  ITEM=CENT Y         VALUE=  1.50000000    

 *GET  SV        FROM  ELEM        58  ITEM=ETAB SEQV      VALUE= 0.282687270E-04

 PARAMETER EIDV =     59.00000000    

 *GET  XV        FROM  ELEM        59  ITEM=CENT X         VALUE=  57.0000000    

 *GET  YV        FROM  ELEM        59  ITEM=CENT Y         VALUE=  1.50000000    

 *GET  SV        FROM  ELEM        59  ITEM=ETAB SEQV      VALUE= 0.211862470E-04

 PARAMETER EIDV =     60.00000000    

 *GET  XV        FROM  ELEM        60  ITEM=CENT X         VALUE=  59.0000000    

 *GET  YV        FROM  ELEM        60  ITEM=CENT Y         VALUE=  1.50000000    

 *GET  SV        FROM  ELEM        60  ITEM=ETAB SEQV      VALUE= 0.155344015E-04

 PARAMETER EIDV =     61.00000000    

 *GET  XV        FROM  ELEM        61  ITEM=CENT X         VALUE=  1.00000000    

 *GET  YV        FROM  ELEM        61  ITEM=CENT Y         VALUE=  2.50000000    

 *GET  SV        FROM  ELEM        61  ITEM=ETAB SEQV      VALUE= 0.622025006E-03

 PARAMETER EIDV =     62.00000000    

 *GET  XV        FROM  ELEM        62  ITEM=CENT X         VALUE=  3.00000000    

 *GET  YV        FROM  ELEM        62  ITEM=CENT Y         VALUE=  2.50000000    

 *GET  SV        FROM  ELEM        62  ITEM=ETAB SEQV      VALUE= 0.669884962E-03

 PARAMETER EIDV =     63.00000000    

 *GET  XV        FROM  ELEM        63  ITEM=CENT X         VALUE=  5.00000000    

 *GET  YV        FROM  ELEM        63  ITEM=CENT Y         VALUE=  2.50000000    

 *GET  SV        FROM  ELEM        63  ITEM=ETAB SEQV      VALUE= 0.630077447E-03

 PARAMETER EIDV =     64.00000000    

 *GET  XV        FROM  ELEM        64  ITEM=CENT X         VALUE=  7.00000000    

 *GET  YV        FROM  ELEM        64  ITEM=CENT Y         VALUE=  2.50000000    

 *GET  SV        FROM  ELEM        64  ITEM=ETAB SEQV      VALUE= 0.600988773E-03

 PARAMETER EIDV =     65.00000000    

 *GET  XV        FROM  ELEM        65  ITEM=CENT X         VALUE=  9.00000000    

 *GET  YV        FROM  ELEM        65  ITEM=CENT Y         VALUE=  2.50000000    

 *GET  SV        FROM  ELEM        65  ITEM=ETAB SEQV      VALUE= 0.578889491E-03

 PARAMETER EIDV =     66.00000000    

 *GET  XV        FROM  ELEM        66  ITEM=CENT X         VALUE=  11.0000000    

 *GET  YV        FROM  ELEM        66  ITEM=CENT Y         VALUE=  2.50000000    

 *GET  SV        FROM  ELEM        66  ITEM=ETAB SEQV      VALUE= 0.556576513E-03

 PARAMETER EIDV =     67.00000000    

 *GET  XV        FROM  ELEM        67  ITEM=CENT X         VALUE=  13.0000000    

 *GET  YV        FROM  ELEM        67  ITEM=CENT Y         VALUE=  2.50000000    

 *GET  SV        FROM  ELEM        67  ITEM=ETAB SEQV      VALUE= 0.533812442E-03

 PARAMETER EIDV =     68.00000000    

 *GET  XV        FROM  ELEM        68  ITEM=CENT X         VALUE=  15.0000000    

 *GET  YV        FROM  ELEM        68  ITEM=CENT Y         VALUE=  2.50000000    

 *GET  SV        FROM  ELEM        68  ITEM=ETAB SEQV      VALUE= 0.511102464E-03

 PARAMETER EIDV =     69.00000000    

 *GET  XV        FROM  ELEM        69  ITEM=CENT X         VALUE=  17.0000000    

 *GET  YV        FROM  ELEM        69  ITEM=CENT Y         VALUE=  2.50000000    

 *GET  SV        FROM  ELEM        69  ITEM=ETAB SEQV      VALUE= 0.488399144E-03

 PARAMETER EIDV =     70.00000000    

 *GET  XV        FROM  ELEM        70  ITEM=CENT X         VALUE=  19.0000000    

 *GET  YV        FROM  ELEM        70  ITEM=CENT Y         VALUE=  2.50000000    

 *GET  SV        FROM  ELEM        70  ITEM=ETAB SEQV      VALUE= 0.465697149E-03

 PARAMETER EIDV =     71.00000000    

 *GET  XV        FROM  ELEM        71  ITEM=CENT X         VALUE=  21.0000000    

 *GET  YV        FROM  ELEM        71  ITEM=CENT Y         VALUE=  2.50000000    

 *GET  SV        FROM  ELEM        71  ITEM=ETAB SEQV      VALUE= 0.442995103E-03

 PARAMETER EIDV =     72.00000000    

 *GET  XV        FROM  ELEM        72  ITEM=CENT X         VALUE=  23.0000000    

 *GET  YV        FROM  ELEM        72  ITEM=CENT Y         VALUE=  2.50000000    

 *GET  SV        FROM  ELEM        72  ITEM=ETAB SEQV      VALUE= 0.420293974E-03

 PARAMETER EIDV =     73.00000000    

 *GET  XV        FROM  ELEM        73  ITEM=CENT X         VALUE=  25.0000000    

 *GET  YV        FROM  ELEM        73  ITEM=CENT Y         VALUE=  2.50000000    

 *GET  SV        FROM  ELEM        73  ITEM=ETAB SEQV      VALUE= 0.397593801E-03

 PARAMETER EIDV =     74.00000000    

 *GET  XV        FROM  ELEM        74  ITEM=CENT X         VALUE=  27.0000000    

 *GET  YV        FROM  ELEM        74  ITEM=CENT Y         VALUE=  2.50000000    

 *GET  SV        FROM  ELEM        74  ITEM=ETAB SEQV      VALUE= 0.374894793E-03

 PARAMETER EIDV =     75.00000000    

 *GET  XV        FROM  ELEM        75  ITEM=CENT X         VALUE=  29.0000000    

 *GET  YV        FROM  ELEM        75  ITEM=CENT Y         VALUE=  2.50000000    

 *GET  SV        FROM  ELEM        75  ITEM=ETAB SEQV      VALUE= 0.352197125E-03

 PARAMETER EIDV =     76.00000000    

 *GET  XV        FROM  ELEM        76  ITEM=CENT X         VALUE=  31.0000000    

 *GET  YV        FROM  ELEM        76  ITEM=CENT Y         VALUE=  2.50000000    

 *GET  SV        FROM  ELEM        76  ITEM=ETAB SEQV      VALUE= 0.329501138E-03

 PARAMETER EIDV =     77.00000000    

 *GET  XV        FROM  ELEM        77  ITEM=CENT X         VALUE=  33.0000000    

 *GET  YV        FROM  ELEM        77  ITEM=CENT Y         VALUE=  2.50000000    

 *GET  SV        FROM  ELEM        77  ITEM=ETAB SEQV      VALUE= 0.306807153E-03

 PARAMETER EIDV =     78.00000000    

 *GET  XV        FROM  ELEM        78  ITEM=CENT X         VALUE=  35.0000000    

 *GET  YV        FROM  ELEM        78  ITEM=CENT Y         VALUE=  2.50000000    

 *GET  SV        FROM  ELEM        78  ITEM=ETAB SEQV      VALUE= 0.284115670E-03

 PARAMETER EIDV =     79.00000000    

 *GET  XV        FROM  ELEM        79  ITEM=CENT X         VALUE=  37.0000000    

 *GET  YV        FROM  ELEM        79  ITEM=CENT Y         VALUE=  2.50000000    

 *GET  SV        FROM  ELEM        79  ITEM=ETAB SEQV      VALUE= 0.261427354E-03

 PARAMETER EIDV =     80.00000000    

 *GET  XV        FROM  ELEM        80  ITEM=CENT X         VALUE=  39.0000000    

 *GET  YV        FROM  ELEM        80  ITEM=CENT Y         VALUE=  2.50000000    

 *GET  SV        FROM  ELEM        80  ITEM=ETAB SEQV      VALUE= 0.238743076E-03

 PARAMETER EIDV =     81.00000000    

 *GET  XV        FROM  ELEM        81  ITEM=CENT X         VALUE=  41.0000000    

 *GET  YV        FROM  ELEM        81  ITEM=CENT Y         VALUE=  2.50000000    

 *GET  SV        FROM  ELEM        81  ITEM=ETAB SEQV      VALUE= 0.216064123E-03

 PARAMETER EIDV =     82.00000000    

 *GET  XV        FROM  ELEM        82  ITEM=CENT X         VALUE=  43.0000000    

 *GET  YV        FROM  ELEM        82  ITEM=CENT Y         VALUE=  2.50000000    

 *GET  SV        FROM  ELEM        82  ITEM=ETAB SEQV      VALUE= 0.193392406E-03

 PARAMETER EIDV =     83.00000000    

 *GET  XV        FROM  ELEM        83  ITEM=CENT X         VALUE=  45.0000000    

 *GET  YV        FROM  ELEM        83  ITEM=CENT Y         VALUE=  2.50000000    

 *GET  SV        FROM  ELEM        83  ITEM=ETAB SEQV      VALUE= 0.170730820E-03

 PARAMETER EIDV =     84.00000000    

 *GET  XV        FROM  ELEM        84  ITEM=CENT X         VALUE=  47.0000000    

 *GET  YV        FROM  ELEM        84  ITEM=CENT Y         VALUE=  2.50000000    

 *GET  SV        FROM  ELEM        84  ITEM=ETAB SEQV      VALUE= 0.148083227E-03

 PARAMETER EIDV =     85.00000000    

 *GET  XV        FROM  ELEM        85  ITEM=CENT X         VALUE=  49.0000000    

 *GET  YV        FROM  ELEM        85  ITEM=CENT Y         VALUE=  2.50000000    

 *GET  SV        FROM  ELEM        85  ITEM=ETAB SEQV      VALUE= 0.125455586E-03

 PARAMETER EIDV =     86.00000000    

 *GET  XV        FROM  ELEM        86  ITEM=CENT X         VALUE=  51.0000000    

 *GET  YV        FROM  ELEM        86  ITEM=CENT Y         VALUE=  2.50000000    

 *GET  SV        FROM  ELEM        86  ITEM=ETAB SEQV      VALUE= 0.102885928E-03

 PARAMETER EIDV =     87.00000000    

 *GET  XV        FROM  ELEM        87  ITEM=CENT X         VALUE=  53.0000000    

 *GET  YV        FROM  ELEM        87  ITEM=CENT Y         VALUE=  2.50000000    

 *GET  SV        FROM  ELEM        87  ITEM=ETAB SEQV      VALUE= 0.804450899E-04

 PARAMETER EIDV =     88.00000000    

 *GET  XV        FROM  ELEM        88  ITEM=CENT X         VALUE=  55.0000000    

 *GET  YV        FROM  ELEM        88  ITEM=CENT Y         VALUE=  2.50000000    

 *GET  SV        FROM  ELEM        88  ITEM=ETAB SEQV      VALUE= 0.577042136E-04

 PARAMETER EIDV =     89.00000000    

 *GET  XV        FROM  ELEM        89  ITEM=CENT X         VALUE=  57.0000000    

 *GET  YV        FROM  ELEM        89  ITEM=CENT Y         VALUE=  2.50000000    

 *GET  SV        FROM  ELEM        89  ITEM=ETAB SEQV      VALUE= 0.347292285E-04

 PARAMETER EIDV =     90.00000000    

 *GET  XV        FROM  ELEM        90  ITEM=CENT X         VALUE=  59.0000000    

 *GET  YV        FROM  ELEM        90  ITEM=CENT Y         VALUE=  2.50000000    

 *GET  SV        FROM  ELEM        90  ITEM=ETAB SEQV      VALUE= 0.182297554E-04

 PARAMETER EIDV =     91.00000000    

 *GET  XV        FROM  ELEM        91  ITEM=CENT X         VALUE=  1.00000000    

 *GET  YV        FROM  ELEM        91  ITEM=CENT Y         VALUE=  3.50000000    

 *GET  SV        FROM  ELEM        91  ITEM=ETAB SEQV      VALUE= 0.466908088E-03

 PARAMETER EIDV =     92.00000000    

 *GET  XV        FROM  ELEM        92  ITEM=CENT X         VALUE=  3.00000000    

 *GET  YV        FROM  ELEM        92  ITEM=CENT Y         VALUE=  3.50000000    

 *GET  SV        FROM  ELEM        92  ITEM=ETAB SEQV      VALUE= 0.495347129E-03

 PARAMETER EIDV =     93.00000000    

 *GET  XV        FROM  ELEM        93  ITEM=CENT X         VALUE=  5.00000000    

 *GET  YV        FROM  ELEM        93  ITEM=CENT Y         VALUE=  3.50000000    

 *GET  SV        FROM  ELEM        93  ITEM=ETAB SEQV      VALUE= 0.450422780E-03

 PARAMETER EIDV =     94.00000000    

 *GET  XV        FROM  ELEM        94  ITEM=CENT X         VALUE=  7.00000000    

 *GET  YV        FROM  ELEM        94  ITEM=CENT Y         VALUE=  3.50000000    

 *GET  SV        FROM  ELEM        94  ITEM=ETAB SEQV      VALUE= 0.435050040E-03

 PARAMETER EIDV =     95.00000000    

 *GET  XV        FROM  ELEM        95  ITEM=CENT X         VALUE=  9.00000000    

 *GET  YV        FROM  ELEM        95  ITEM=CENT Y         VALUE=  3.50000000    

 *GET  SV        FROM  ELEM        95  ITEM=ETAB SEQV      VALUE= 0.419336549E-03

 PARAMETER EIDV =     96.00000000    

 *GET  XV        FROM  ELEM        96  ITEM=CENT X         VALUE=  11.0000000    

 *GET  YV        FROM  ELEM        96  ITEM=CENT Y         VALUE=  3.50000000    

 *GET  SV        FROM  ELEM        96  ITEM=ETAB SEQV      VALUE= 0.402914475E-03

 PARAMETER EIDV =     97.00000000    

 *GET  XV        FROM  ELEM        97  ITEM=CENT X         VALUE=  13.0000000    

 *GET  YV        FROM  ELEM        97  ITEM=CENT Y         VALUE=  3.50000000    

 *GET  SV        FROM  ELEM        97  ITEM=ETAB SEQV      VALUE= 0.386464474E-03

 PARAMETER EIDV =     98.00000000    

 *GET  XV        FROM  ELEM        98  ITEM=CENT X         VALUE=  15.0000000    

 *GET  YV        FROM  ELEM        98  ITEM=CENT Y         VALUE=  3.50000000    

 *GET  SV        FROM  ELEM        98  ITEM=ETAB SEQV      VALUE= 0.370042066E-03

 PARAMETER EIDV =     99.00000000    

 *GET  XV        FROM  ELEM        99  ITEM=CENT X         VALUE=  17.0000000    

 *GET  YV        FROM  ELEM        99  ITEM=CENT Y         VALUE=  3.50000000    

 *GET  SV        FROM  ELEM        99  ITEM=ETAB SEQV      VALUE= 0.353622392E-03

 PARAMETER EIDV =     100.0000000    

 *GET  XV        FROM  ELEM       100  ITEM=CENT X         VALUE=  19.0000000    

 *GET  YV        FROM  ELEM       100  ITEM=CENT Y         VALUE=  3.50000000    

 *GET  SV        FROM  ELEM       100  ITEM=ETAB SEQV      VALUE= 0.337203456E-03

 PARAMETER EIDV =     101.0000000    

 *GET  XV        FROM  ELEM       101  ITEM=CENT X         VALUE=  21.0000000    

 *GET  YV        FROM  ELEM       101  ITEM=CENT Y         VALUE=  3.50000000    

 *GET  SV        FROM  ELEM       101  ITEM=ETAB SEQV      VALUE= 0.320785703E-03

 PARAMETER EIDV =     102.0000000    

 *GET  XV        FROM  ELEM       102  ITEM=CENT X         VALUE=  23.0000000    

 *GET  YV        FROM  ELEM       102  ITEM=CENT Y         VALUE=  3.50000000    

 *GET  SV        FROM  ELEM       102  ITEM=ETAB SEQV      VALUE= 0.304369780E-03

 PARAMETER EIDV =     103.0000000    

 *GET  XV        FROM  ELEM       103  ITEM=CENT X         VALUE=  25.0000000    

 *GET  YV        FROM  ELEM       103  ITEM=CENT Y         VALUE=  3.50000000    

 *GET  SV        FROM  ELEM       103  ITEM=ETAB SEQV      VALUE= 0.287955865E-03

 PARAMETER EIDV =     104.0000000    

 *GET  XV        FROM  ELEM       104  ITEM=CENT X         VALUE=  27.0000000    

 *GET  YV        FROM  ELEM       104  ITEM=CENT Y         VALUE=  3.50000000    

 *GET  SV        FROM  ELEM       104  ITEM=ETAB SEQV      VALUE= 0.271544350E-03

 PARAMETER EIDV =     105.0000000    

 *GET  XV        FROM  ELEM       105  ITEM=CENT X         VALUE=  29.0000000    

 *GET  YV        FROM  ELEM       105  ITEM=CENT Y         VALUE=  3.50000000    

 *GET  SV        FROM  ELEM       105  ITEM=ETAB SEQV      VALUE= 0.255135686E-03

 PARAMETER EIDV =     106.0000000    

 *GET  XV        FROM  ELEM       106  ITEM=CENT X         VALUE=  31.0000000    

 *GET  YV        FROM  ELEM       106  ITEM=CENT Y         VALUE=  3.50000000    

 *GET  SV        FROM  ELEM       106  ITEM=ETAB SEQV      VALUE= 0.238730465E-03

 PARAMETER EIDV =     107.0000000    

 *GET  XV        FROM  ELEM       107  ITEM=CENT X         VALUE=  33.0000000    

 *GET  YV        FROM  ELEM       107  ITEM=CENT Y         VALUE=  3.50000000    

 *GET  SV        FROM  ELEM       107  ITEM=ETAB SEQV      VALUE= 0.222329450E-03

 PARAMETER EIDV =     108.0000000    

 *GET  XV        FROM  ELEM       108  ITEM=CENT X         VALUE=  35.0000000    

 *GET  YV        FROM  ELEM       108  ITEM=CENT Y         VALUE=  3.50000000    

 *GET  SV        FROM  ELEM       108  ITEM=ETAB SEQV      VALUE= 0.205933650E-03

 PARAMETER EIDV =     109.0000000    

 *GET  XV        FROM  ELEM       109  ITEM=CENT X         VALUE=  37.0000000    

 *GET  YV        FROM  ELEM       109  ITEM=CENT Y         VALUE=  3.50000000    

 *GET  SV        FROM  ELEM       109  ITEM=ETAB SEQV      VALUE= 0.189544406E-03

 PARAMETER EIDV =     110.0000000    

 *GET  XV        FROM  ELEM       110  ITEM=CENT X         VALUE=  39.0000000    

 *GET  YV        FROM  ELEM       110  ITEM=CENT Y         VALUE=  3.50000000    

 *GET  SV        FROM  ELEM       110  ITEM=ETAB SEQV      VALUE= 0.173163586E-03

 PARAMETER EIDV =     111.0000000    

 *GET  XV        FROM  ELEM       111  ITEM=CENT X         VALUE=  41.0000000    

 *GET  YV        FROM  ELEM       111  ITEM=CENT Y         VALUE=  3.50000000    

 *GET  SV        FROM  ELEM       111  ITEM=ETAB SEQV      VALUE= 0.156793831E-03

 PARAMETER EIDV =     112.0000000    

 *GET  XV        FROM  ELEM       112  ITEM=CENT X         VALUE=  43.0000000    

 *GET  YV        FROM  ELEM       112  ITEM=CENT Y         VALUE=  3.50000000    

 *GET  SV        FROM  ELEM       112  ITEM=ETAB SEQV      VALUE= 0.140439005E-03

 PARAMETER EIDV =     113.0000000    

 *GET  XV        FROM  ELEM       113  ITEM=CENT X         VALUE=  45.0000000    

 *GET  YV        FROM  ELEM       113  ITEM=CENT Y         VALUE=  3.50000000    

 *GET  SV        FROM  ELEM       113  ITEM=ETAB SEQV      VALUE= 0.124105101E-03

 PARAMETER EIDV =     114.0000000    

 *GET  XV        FROM  ELEM       114  ITEM=CENT X         VALUE=  47.0000000    

 *GET  YV        FROM  ELEM       114  ITEM=CENT Y         VALUE=  3.50000000    

 *GET  SV        FROM  ELEM       114  ITEM=ETAB SEQV      VALUE= 0.107801435E-03

 PARAMETER EIDV =     115.0000000    

 *GET  XV        FROM  ELEM       115  ITEM=CENT X         VALUE=  49.0000000    

 *GET  YV        FROM  ELEM       115  ITEM=CENT Y         VALUE=  3.50000000    

 *GET  SV        FROM  ELEM       115  ITEM=ETAB SEQV      VALUE= 0.915432805E-04

 PARAMETER EIDV =     116.0000000    

 *GET  XV        FROM  ELEM       116  ITEM=CENT X         VALUE=  51.0000000    

 *GET  YV        FROM  ELEM       116  ITEM=CENT Y         VALUE=  3.50000000    

 *GET  SV        FROM  ELEM       116  ITEM=ETAB SEQV      VALUE= 0.753568727E-04

 PARAMETER EIDV =     117.0000000    

 *GET  XV        FROM  ELEM       117  ITEM=CENT X         VALUE=  53.0000000    

 *GET  YV        FROM  ELEM       117  ITEM=CENT Y         VALUE=  3.50000000    

 *GET  SV        FROM  ELEM       117  ITEM=ETAB SEQV      VALUE= 0.593436296E-04

 PARAMETER EIDV =     118.0000000    

 *GET  XV        FROM  ELEM       118  ITEM=CENT X         VALUE=  55.0000000    

 *GET  YV        FROM  ELEM       118  ITEM=CENT Y         VALUE=  3.50000000    

 *GET  SV        FROM  ELEM       118  ITEM=ETAB SEQV      VALUE= 0.437792066E-04

 PARAMETER EIDV =     119.0000000    

 *GET  XV        FROM  ELEM       119  ITEM=CENT X         VALUE=  57.0000000    

 *GET  YV        FROM  ELEM       119  ITEM=CENT Y         VALUE=  3.50000000    

 *GET  SV        FROM  ELEM       119  ITEM=ETAB SEQV      VALUE= 0.288212416E-04

 PARAMETER EIDV =     120.0000000    

 *GET  XV        FROM  ELEM       120  ITEM=CENT X         VALUE=  59.0000000    

 *GET  YV        FROM  ELEM       120  ITEM=CENT Y         VALUE=  3.50000000    

 *GET  SV        FROM  ELEM       120  ITEM=ETAB SEQV      VALUE= 0.134443922E-04

  COMMAND FILE CLOSED 


 EXIT THE MAPDL POST1 DATABASE PROCESSOR


 ***** ROUTINE COMPLETED *****  ELAPSED TIME =        51.560



 EXIT MAPDL WITHOUT SAVING DATABASE


 NUMBER OF WARNING MESSAGES ENCOUNTERED=          3
 NUMBER OF ERROR   MESSAGES ENCOUNTERED=          0

+--------------------- M A P D L   S T A T I S T I C S ------------------------+

Release: 2026 R1            Build: 26.1       Update: UP20260202   Platform: WINDOWS x64 
Date Run: 09/14/2026   Time: 20:27     Process ID: 24752
Operating System: Windows 11  (Build: 26200)

Processor Model: AMD Ryzen 7 7435HS

Compiler: Intel(R) Fortran Compiler Classic Version 2021.9  (Build: 20230302)
          Intel(R) C/C++ Compiler Classic Version 2021.9  (Build: 20230302)
          AOCL-BLAS 5.1.1 Build 20251008
          Intel(R) oneAPI Math Kernel Library Version 2024.2.3-Product Build 20250403

Number of machines requested            :    1
Total number of cores available         :   16
Number of physical cores available      :    8
Number of processes requested           :    1
Number of threads per process requested :    1
Total number of cores requested         :    1 (Shared Memory Parallel)                    

GPU Acceleration: Not Requested

Job Name: stage10_structural
Input File: C:\Users\asus\AppData\Local\Temp\FDM_stage10_structural_mesh_medium_6fb8iv3m\input.dat
Working Directory: C:\Users\asus\AppData\Local\Temp\FDM_stage10_structural_mesh_medium_6fb8iv3m

Total CPU time for main thread                    :       44.5 seconds
Total CPU time summed for all threads             :       44.3 seconds

Elapsed time spent obtaining a license            :        1.3 seconds
Elapsed time spent pre-processing model (/PREP7)  :        0.0 seconds
Elapsed time spent solution - preprocessing       :        0.0 seconds
Elapsed time spent computing solution             :       45.3 seconds
   Elapsed time in element formation & assembly   :       27.6 seconds
   Elapsed time in equation solver                :        1.6 seconds
   Elapsed time in element result calculations    :       13.3 seconds
Elapsed time spent solution - postprocessing      :        0.0 seconds
Elapsed time spent post-processing model (/POST1) :        0.0 seconds
 
Equation solver used                              :            Sparse (symmetric)

Sum of disk space used on all processes           :        2.3 MB

Sum of memory used on all processes               :       42.0 MB
Sum of memory allocated on all processes          :     2304.0 MB
Physical memory available                         :         16 GB
Total amount of I/O written to disk               :        2.2 GB
Total amount of I/O read from disk                :        2.7 GB

+------------------ E N D   M A P D L   S T A T I S T I C S -------------------+


 *-----------------------------------------------------------------------------*
 |                                                                             |
 |                               RUN COMPLETED                                 |
 |                                                                             |
 |-----------------------------------------------------------------------------|
 |                                                                             |
 |  Ansys MAPDL 2026 R1         Build 26.1         UP20260202    WINDOWS x64   |
 |                                                                             |
 |-----------------------------------------------------------------------------|
 |                                                                             |
 |  Database Requested(-db)     1024 MB     Scratch Memory Requested   1024 MB |
 |  Max Database Used(Master)      1 MB     Max Scratch Used(Master)     41 MB |
 |  Max Database Used(Workers)     0 MB     Max Scratch Used(Workers)     0 MB |
 |  Sum Database Used(All)         1 MB     Sum Scratch Used(All)        41 MB |
 |                                                                             |
 |-----------------------------------------------------------------------------|
 |                                                                             |
 |        CP Time      (sec) =         44.328       Time  =  20:27:31          |
 |        Elapsed Time (sec) =         61.954       Date  =  09/14/2026        |
 |                                                                             |
 *-----------------------------------------------------------------------------*
