  0.1000000000000000E+01,  0.2500000000000000E+00,  0.1250000000000000E+00,  0.7110958364836186E-03,
  0.2000000000000000E+01,  0.7500000000000000E+00,  0.1250000000000000E+00,  0.8060997111707503E-03,
  0.3000000000000000E+01,  0.1250000000000000E+01,  0.1250000000000000E+00,  0.8286354035223864E-03,
  0.4000000000000000E+01,  0.1750000000000000E+01,  0.1250000000000000E+00,  0.8293635267056964E-03,
  0.5000000000000000E+01,  0.2250000000000000E+01,  0.1250000000000000E+00,  0.8135515080632526E-03,
  0.6000000000000000E+01,  0.2750000000000000E+01,  0.1250000000000000E+00,  0.7948691263645740E-03,
  0.7000000000000000E+01,  0.3250000000000000E+01,  0.1250000000000000E+00,  0.7780959461385478E-03,
  0.8000000000000000E+01,  0.3750000000000000E+01,  0.1250000000000000E+00,  0.7645664714591984E-03,
  0.9000000000000000E+01,  0.4250000000000000E+01,  0.1250000000000000E+00,  0.7538191675613142E-03,
  0.1000000000000000E+02,  0.4750000000000000E+01,  0.1250000000000000E+00,  0.7449852252670959E-03,
  0.1100000000000000E+02,  0.5250000000000000E+01,  0.1250000000000000E+00,  0.7372941161590447E-03,
  0.1200000000000000E+02,  0.5750000000000000E+01,  0.1250000000000000E+00,  0.7302120143923564E-03,
  0.1300000000000000E+02,  0.6250000000000000E+01,  0.1250000000000000E+00,  0.7234164074196228E-03,
  0.1400000000000000E+02,  0.6750000000000000E+01,  0.1250000000000000E+00,  0.7167326377050091E-03,
  0.1500000000000000E+02,  0.7250000000000000E+01,  0.1250000000000000E+00,  0.7100762647500642E-03,
  0.1600000000000000E+02,  0.7750000000000000E+01,  0.1250000000000000E+00,  0.7034125347088711E-03,
  0.1700000000000000E+02,  0.8250000000000000E+01,  0.1250000000000000E+00,  0.6967312296508848E-03,
  0.1800000000000000E+02,  0.8750000000000000E+01,  0.1250000000000000E+00,  0.6900327428838916E-03,
  0.1900000000000000E+02,  0.9250000000000000E+01,  0.1250000000000000E+00,  0.6833210106590402E-03,
  0.2000000000000000E+02,  0.9750000000000000E+01,  0.1250000000000000E+00,  0.6766002181580380E-03,
  0.2100000000000000E+02,  0.1025000000000000E+02,  0.1250000000000000E+00,  0.6698738274240934E-03,
  0.2200000000000000E+02,  0.1075000000000000E+02,  0.1250000000000000E+00,  0.6631442224628109E-03,
  0.2300000000000000E+02,  0.1125000000000000E+02,  0.1250000000000000E+00,  0.6564129398675686E-03,
  0.2400000000000000E+02,  0.1175000000000000E+02,  0.1250000000000000E+00,  0.6496808616995970E-03,
  0.2500000000000000E+02,  0.1225000000000000E+02,  0.1250000000000000E+00,  0.6429484594181487E-03,
  0.2600000000000000E+02,  0.1275000000000000E+02,  0.1250000000000000E+00,  0.6362159858710164E-03,
  0.2700000000000000E+02,  0.1325000000000000E+02,  0.1250000000000000E+00,  0.6294835431791592E-03,
  0.2800000000000000E+02,  0.1375000000000000E+02,  0.1250000000000000E+00,  0.6227511460330959E-03,
  0.2900000000000000E+02,  0.1425000000000000E+02,  0.1250000000000000E+00,  0.6160187800093846E-03,
  0.3000000000000000E+02,  0.1475000000000000E+02,  0.1250000000000000E+00,  0.6092864597098679E-03,
  0.3100000000000000E+02,  0.1525000000000000E+02,  0.1250000000000000E+00,  0.6025541706436770E-03,
  0.3200000000000000E+02,  0.1575000000000000E+02,  0.1250000000000000E+00,  0.5958218983312825E-03,
  0.3300000000000000E+02,  0.1625000000000000E+02,  0.1250000000000000E+00,  0.5890896428481676E-03,
  0.3400000000000000E+02,  0.1675000000000000E+02,  0.1250000000000000E+00,  0.5823573896865391E-03,
  0.3500000000000000E+02,  0.1725000000000000E+02,  0.1250000000000000E+00,  0.5756251535061502E-03,
  0.3600000000000000E+02,  0.1775000000000000E+02,  0.1250000000000000E+00,  0.5688929052719270E-03,
  0.3700000000000000E+02,  0.1825000000000000E+02,  0.1250000000000000E+00,  0.5621606596252990E-03,
  0.3800000000000000E+02,  0.1875000000000000E+02,  0.1250000000000000E+00,  0.5554284166603576E-03,
  0.3900000000000000E+02,  0.1925000000000000E+02,  0.1250000000000000E+00,  0.5486961983126113E-03,
  0.4000000000000000E+02,  0.1975000000000000E+02,  0.1250000000000000E+00,  0.5419639610027585E-03,
  0.4100000000000000E+02,  0.2025000000000000E+02,  0.1250000000000000E+00,  0.5352317266950491E-03,
  0.4200000000000000E+02,  0.2075000000000000E+02,  0.1250000000000000E+00,  0.5284995100461886E-03,
  0.4300000000000000E+02,  0.2125000000000000E+02,  0.1250000000000000E+00,  0.5217672820731618E-03,
  0.4400000000000000E+02,  0.2175000000000000E+02,  0.1250000000000000E+00,  0.5150350574541801E-03,
  0.4500000000000000E+02,  0.2225000000000000E+02,  0.1250000000000000E+00,  0.5083028363225112E-03,
  0.4600000000000000E+02,  0.2275000000000000E+02,  0.1250000000000000E+00,  0.5015706333803719E-03,
  0.4700000000000000E+02,  0.2325000000000000E+02,  0.1250000000000000E+00,  0.4948384196523706E-03,
  0.4800000000000000E+02,  0.2375000000000000E+02,  0.1250000000000000E+00,  0.4881062171217414E-03,
  0.4900000000000000E+02,  0.2425000000000000E+02,  0.1250000000000000E+00,  0.4813740259742234E-03,
  0.5000000000000000E+02,  0.2475000000000000E+02,  0.1250000000000000E+00,  0.4746418318329982E-03,
  0.5100000000000000E+02,  0.2525000000000000E+02,  0.1250000000000000E+00,  0.4679096348501667E-03,
  0.5200000000000000E+02,  0.2575000000000000E+02,  0.1250000000000000E+00,  0.4611774425289310E-03,
  0.5300000000000000E+02,  0.2625000000000000E+02,  0.1250000000000000E+00,  0.4544452696167701E-03,
  0.5400000000000000E+02,  0.2675000000000000E+02,  0.1250000000000000E+00,  0.4477130872297089E-03,
  0.5500000000000000E+02,  0.2725000000000000E+02,  0.1250000000000000E+00,  0.4409809101518094E-03,
  0.5600000000000000E+02,  0.2775000000000000E+02,  0.1250000000000000E+00,  0.4342487531815054E-03,
  0.5700000000000000E+02,  0.2825000000000000E+02,  0.1250000000000000E+00,  0.4275165874901882E-03,
  0.5800000000000000E+02,  0.2875000000000000E+02,  0.1250000000000000E+00,  0.4207844278849551E-03,
  0.5900000000000000E+02,  0.2925000000000000E+02,  0.1250000000000000E+00,  0.4140522819384051E-03,
  0.6000000000000000E+02,  0.2975000000000000E+02,  0.1250000000000000E+00,  0.4073201427163548E-03,
  0.6100000000000000E+02,  0.3025000000000000E+02,  0.1250000000000000E+00,  0.4005880032821135E-03,
  0.6200000000000000E+02,  0.3075000000000000E+02,  0.1250000000000000E+00,  0.3938558857991148E-03,
  0.6300000000000000E+02,  0.3125000000000000E+02,  0.1250000000000000E+00,  0.3871237688262507E-03,
  0.6400000000000000E+02,  0.3175000000000000E+02,  0.1250000000000000E+00,  0.3803916528037765E-03,
  0.6500000000000000E+02,  0.3225000000000000E+02,  0.1250000000000000E+00,  0.3736595527140422E-03,
  0.6600000000000000E+02,  0.3275000000000000E+02,  0.1250000000000000E+00,  0.3669274617578426E-03,
  0.6700000000000000E+02,  0.3325000000000000E+02,  0.1250000000000000E+00,  0.3601953731716353E-03,
  0.6800000000000000E+02,  0.3375000000000000E+02,  0.1250000000000000E+00,  0.3534632947966892E-03,
  0.6900000000000000E+02,  0.3425000000000000E+02,  0.1250000000000000E+00,  0.3467312344739668E-03,
  0.7000000000000000E+02,  0.3475000000000000E+02,  0.1250000000000000E+00,  0.3399991855754507E-03,
  0.7100000000000000E+02,  0.3525000000000000E+02,  0.1250000000000000E+00,  0.3332671415255015E-03,
  0.7200000000000000E+02,  0.3575000000000000E+02,  0.1250000000000000E+00,  0.3265351176486971E-03,
  0.7300000000000000E+02,  0.3625000000000000E+02,  0.1250000000000000E+00,  0.3198031074360028E-03,
  0.7400000000000000E+02,  0.3675000000000000E+02,  0.1250000000000000E+00,  0.3130711190770738E-03,
  0.7500000000000000E+02,  0.3725000000000000E+02,  0.1250000000000000E+00,  0.3063391316979679E-03,
  0.7600000000000000E+02,  0.3775000000000000E+02,  0.1250000000000000E+00,  0.2996071681637768E-03,
  0.7700000000000000E+02,  0.3825000000000000E+02,  0.1250000000000000E+00,  0.2928752223676663E-03,
  0.7800000000000000E+02,  0.3875000000000000E+02,  0.1250000000000000E+00,  0.2861432882503951E-03,
  0.7900000000000000E+02,  0.3925000000000000E+02,  0.1250000000000000E+00,  0.2794113744849295E-03,
  0.8000000000000000E+02,  0.3975000000000000E+02,  0.1250000000000000E+00,  0.2726794898446850E-03,
  0.8100000000000000E+02,  0.4025000000000000E+02,  0.1250000000000000E+00,  0.2659476323607161E-03,
  0.8200000000000000E+02,  0.4075000000000000E+02,  0.1250000000000000E+00,  0.2592157892948404E-03,
  0.8300000000000000E+02,  0.4125000000000000E+02,  0.1250000000000000E+00,  0.2524839772341960E-03,
  0.8400000000000000E+02,  0.4175000000000000E+02,  0.1250000000000000E+00,  0.2457521984173558E-03,
  0.8500000000000000E+02,  0.4225000000000000E+02,  0.1250000000000000E+00,  0.2390204517294736E-03,
  0.8600000000000000E+02,  0.4275000000000000E+02,  0.1250000000000000E+00,  0.2322887326886000E-03,
  0.8700000000000000E+02,  0.4325000000000000E+02,  0.1250000000000000E+00,  0.2255570625756631E-03,
  0.8800000000000000E+02,  0.4375000000000000E+02,  0.1250000000000000E+00,  0.2188254303951638E-03,
  0.8900000000000000E+02,  0.4425000000000000E+02,  0.1250000000000000E+00,  0.2120938400571838E-03,
  0.9000000000000000E+02,  0.4475000000000000E+02,  0.1250000000000000E+00,  0.2053622997214536E-03,
  0.9100000000000000E+02,  0.4525000000000000E+02,  0.1250000000000000E+00,  0.1986308144459477E-03,
  0.9200000000000000E+02,  0.4575000000000000E+02,  0.1250000000000000E+00,  0.1918993864007536E-03,
  0.9300000000000000E+02,  0.4625000000000000E+02,  0.1250000000000000E+00,  0.1851680222241756E-03,
  0.9400000000000000E+02,  0.4675000000000000E+02,  0.1250000000000000E+00,  0.1784367259330823E-03,
  0.9500000000000000E+02,  0.4725000000000000E+02,  0.1250000000000000E+00,  0.1717055100045045E-03,
  0.9600000000000000E+02,  0.4775000000000000E+02,  0.1250000000000000E+00,  0.1649743737700546E-03,
  0.9700000000000000E+02,  0.4825000000000000E+02,  0.1250000000000000E+00,  0.1582433365231641E-03,
  0.9800000000000000E+02,  0.4875000000000000E+02,  0.1250000000000000E+00,  0.1515124304605567E-03,
  0.9900000000000000E+02,  0.4925000000000000E+02,  0.1250000000000000E+00,  0.1447816928213804E-03,
  0.1000000000000000E+03,  0.4975000000000000E+02,  0.1250000000000000E+00,  0.1380512126372262E-03,
  0.1010000000000000E+03,  0.5025000000000000E+02,  0.1250000000000000E+00,  0.1313211282810820E-03,
  0.1020000000000000E+03,  0.5075000000000000E+02,  0.1250000000000000E+00,  0.1245916954277691E-03,
  0.1030000000000000E+03,  0.5125000000000000E+02,  0.1250000000000000E+00,  0.1178633077001772E-03,
  0.1040000000000000E+03,  0.5175000000000000E+02,  0.1250000000000000E+00,  0.1111365370534608E-03,
  0.1050000000000000E+03,  0.5225000000000000E+02,  0.1250000000000000E+00,  0.1044121436749778E-03,
  0.1060000000000000E+03,  0.5275000000000000E+02,  0.1250000000000000E+00,  0.9769096035363670E-04,
  0.1070000000000000E+03,  0.5325000000000000E+02,  0.1250000000000000E+00,  0.9097349564507045E-04,
  0.1080000000000000E+03,  0.5375000000000000E+02,  0.1250000000000000E+00,  0.8425900241787290E-04,
  0.1090000000000000E+03,  0.5425000000000000E+02,  0.1250000000000000E+00,  0.7754355764198280E-04,
  0.1100000000000000E+03,  0.5475000000000000E+02,  0.1250000000000000E+00,  0.7081648798892445E-04,
  0.1110000000000000E+03,  0.5525000000000000E+02,  0.1250000000000000E+00,  0.6405448847939720E-04,
  0.1120000000000000E+03,  0.5575000000000000E+02,  0.1250000000000000E+00,  0.5721325948351860E-04,
  0.1130000000000000E+03,  0.5625000000000000E+02,  0.1250000000000000E+00,  0.5021871799101241E-04,
  0.1140000000000000E+03,  0.5675000000000000E+02,  0.1250000000000000E+00,  0.4296541570568803E-04,
  0.1150000000000000E+03,  0.5725000000000000E+02,  0.1250000000000000E+00,  0.3534045779259571E-04,
  0.1160000000000000E+03,  0.5775000000000000E+02,  0.1250000000000000E+00,  0.2730279098851560E-04,
  0.1170000000000000E+03,  0.5825000000000000E+02,  0.1250000000000000E+00,  0.1904000196471972E-04,
  0.1180000000000000E+03,  0.5875000000000000E+02,  0.1250000000000000E+00,  0.1116368196302422E-04,
  0.1190000000000000E+03,  0.5925000000000000E+02,  0.1250000000000000E+00,  0.4720085923106809E-05,
  0.1200000000000000E+03,  0.5975000000000000E+02,  0.1250000000000000E+00,  0.7828341280790513E-06,
  0.1210000000000000E+03,  0.2500000000000000E+00,  0.3750000000000000E+00,  0.5302423996446213E-03,
  0.1220000000000000E+03,  0.7500000000000000E+00,  0.3750000000000000E+00,  0.6170537204490995E-03,
  0.1230000000000000E+03,  0.1250000000000000E+01,  0.3750000000000000E+00,  0.6176547385510051E-03,
  0.1240000000000000E+03,  0.1750000000000000E+01,  0.3750000000000000E+00,  0.6127305795017021E-03,
  0.1250000000000000E+03,  0.2250000000000000E+01,  0.3750000000000000E+00,  0.6022963075522180E-03,
  0.1260000000000000E+03,  0.2750000000000000E+01,  0.3750000000000000E+00,  0.5898286593979188E-03,
  0.1270000000000000E+03,  0.3250000000000000E+01,  0.3750000000000000E+00,  0.5783955201982005E-03,
  0.1280000000000000E+03,  0.3750000000000000E+01,  0.3750000000000000E+00,  0.5688237428898138E-03,
  0.1290000000000000E+03,  0.4250000000000000E+01,  0.3750000000000000E+00,  0.5609638122208878E-03,
  0.1300000000000000E+03,  0.4750000000000000E+01,  0.3750000000000000E+00,  0.5543464008050528E-03,
  0.1310000000000000E+03,  0.5250000000000000E+01,  0.3750000000000000E+00,  0.5485204711452894E-03,
  0.1320000000000000E+03,  0.5750000000000000E+01,  0.3750000000000000E+00,  0.5431499931113489E-03,
  0.1330000000000000E+03,  0.6250000000000000E+01,  0.3750000000000000E+00,  0.5380172489497354E-03,
  0.1340000000000000E+03,  0.6750000000000000E+01,  0.3750000000000000E+00,  0.5329945624015358E-03,
  0.1350000000000000E+03,  0.7250000000000000E+01,  0.3750000000000000E+00,  0.5280137362879107E-03,
  0.1360000000000000E+03,  0.7750000000000000E+01,  0.3750000000000000E+00,  0.5230421252599220E-03,
  0.1370000000000000E+03,  0.8250000000000000E+01,  0.3750000000000000E+00,  0.5180665226588544E-03,
  0.1380000000000000E+03,  0.8750000000000000E+01,  0.3750000000000000E+00,  0.5130832261101635E-03,
  0.1390000000000000E+03,  0.9250000000000000E+01,  0.3750000000000000E+00,  0.5080926245394288E-03,
  0.1400000000000000E+03,  0.9750000000000000E+01,  0.3750000000000000E+00,  0.5030964835700303E-03,
  0.1410000000000000E+03,  0.1025000000000000E+02,  0.3750000000000000E+00,  0.4980965987946688E-03,
  0.1420000000000000E+03,  0.1075000000000000E+02,  0.3750000000000000E+00,  0.4930943880413148E-03,
  0.1430000000000000E+03,  0.1125000000000000E+02,  0.3750000000000000E+00,  0.4880908662050293E-03,
  0.1440000000000000E+03,  0.1175000000000000E+02,  0.3750000000000000E+00,  0.4830866552207672E-03,
  0.1450000000000000E+03,  0.1225000000000000E+02,  0.3750000000000000E+00,  0.4780821529100963E-03,
  0.1460000000000000E+03,  0.1275000000000000E+02,  0.3750000000000000E+00,  0.4730775236599815E-03,
  0.1470000000000000E+03,  0.1325000000000000E+02,  0.3750000000000000E+00,  0.4680728803526816E-03,
  0.1480000000000000E+03,  0.1375000000000000E+02,  0.3750000000000000E+00,  0.4630682799659095E-03,
  0.1490000000000000E+03,  0.1425000000000000E+02,  0.3750000000000000E+00,  0.4580636981527498E-03,
  0.1500000000000000E+03,  0.1475000000000000E+02,  0.3750000000000000E+00,  0.4530591564134049E-03,
  0.1510000000000000E+03,  0.1525000000000000E+02,  0.3750000000000000E+00,  0.4480546473731706E-03,
  0.1520000000000000E+03,  0.1575000000000000E+02,  0.3750000000000000E+00,  0.4430501883837702E-03,
  0.1530000000000000E+03,  0.1625000000000000E+02,  0.3750000000000000E+00,  0.4380457469134710E-03,
  0.1540000000000000E+03,  0.1675000000000000E+02,  0.3750000000000000E+00,  0.4330413189126966E-03,
  0.1550000000000000E+03,  0.1725000000000000E+02,  0.3750000000000000E+00,  0.4280369123530807E-03,
  0.1560000000000000E+03,  0.1775000000000000E+02,  0.3750000000000000E+00,  0.4230325352391104E-03,
  0.1570000000000000E+03,  0.1825000000000000E+02,  0.3750000000000000E+00,  0.4180281810296867E-03,
  0.1580000000000000E+03,  0.1875000000000000E+02,  0.3750000000000000E+00,  0.4130238506526198E-03,
  0.1590000000000000E+03,  0.1925000000000000E+02,  0.3750000000000000E+00,  0.4080195521628416E-03,
  0.1600000000000000E+03,  0.1975000000000000E+02,  0.3750000000000000E+00,  0.4030152719608311E-03,
  0.1610000000000000E+03,  0.2025000000000000E+02,  0.3750000000000000E+00,  0.3980110182852676E-03,
  0.1620000000000000E+03,  0.2075000000000000E+02,  0.3750000000000000E+00,  0.3930067921494545E-03,
  0.1630000000000000E+03,  0.2125000000000000E+02,  0.3750000000000000E+00,  0.3880026091675316E-03,
  0.1640000000000000E+03,  0.2175000000000000E+02,  0.3750000000000000E+00,  0.3829984413635373E-03,
  0.1650000000000000E+03,  0.2225000000000000E+02,  0.3750000000000000E+00,  0.3779943044667491E-03,
  0.1660000000000000E+03,  0.2275000000000000E+02,  0.3750000000000000E+00,  0.3729901997211454E-03,
  0.1670000000000000E+03,  0.2325000000000000E+02,  0.3750000000000000E+00,  0.3679861284739975E-03,
  0.1680000000000000E+03,  0.2375000000000000E+02,  0.3750000000000000E+00,  0.3629820920384804E-03,
  0.1690000000000000E+03,  0.2425000000000000E+02,  0.3750000000000000E+00,  0.3579781064590612E-03,
  0.1700000000000000E+03,  0.2475000000000000E+02,  0.3750000000000000E+00,  0.3529741441838525E-03,
  0.1710000000000000E+03,  0.2525000000000000E+02,  0.3750000000000000E+00,  0.3479702213562541E-03,
  0.1720000000000000E+03,  0.2575000000000000E+02,  0.3750000000000000E+00,  0.3429663397793734E-03,
  0.1730000000000000E+03,  0.2625000000000000E+02,  0.3750000000000000E+00,  0.3379625012466868E-03,
  0.1740000000000000E+03,  0.2675000000000000E+02,  0.3750000000000000E+00,  0.3329587076988509E-03,
  0.1750000000000000E+03,  0.2725000000000000E+02,  0.3750000000000000E+00,  0.3279549757421703E-03,
  0.1760000000000000E+03,  0.2775000000000000E+02,  0.3750000000000000E+00,  0.3229512784687146E-03,
  0.1770000000000000E+03,  0.2825000000000000E+02,  0.3750000000000000E+00,  0.3179476327501479E-03,
  0.1780000000000000E+03,  0.2875000000000000E+02,  0.3750000000000000E+00,  0.3129440411012990E-03,
  0.1790000000000000E+03,  0.2925000000000000E+02,  0.3750000000000000E+00,  0.3079405060726653E-03,
  0.1800000000000000E+03,  0.2975000000000000E+02,  0.3750000000000000E+00,  0.3029370305130803E-03,
  0.1810000000000000E+03,  0.3025000000000000E+02,  0.3750000000000000E+00,  0.2979336319649346E-03,
  0.1820000000000000E+03,  0.3075000000000000E+02,  0.3750000000000000E+00,  0.2929302808551107E-03,
  0.1830000000000000E+03,  0.3125000000000000E+02,  0.3750000000000000E+00,  0.2879270025151165E-03,
  0.1840000000000000E+03,  0.3175000000000000E+02,  0.3750000000000000E+00,  0.2829237969297418E-03,
  0.1850000000000000E+03,  0.3225000000000000E+02,  0.3750000000000000E+00,  0.2779206680282338E-03,
  0.1860000000000000E+03,  0.3275000000000000E+02,  0.3750000000000000E+00,  0.2729176200279008E-03,
  0.1870000000000000E+03,  0.3325000000000000E+02,  0.3750000000000000E+00,  0.2679146683696643E-03,
  0.1880000000000000E+03,  0.3375000000000000E+02,  0.3750000000000000E+00,  0.2629117960882011E-03,
  0.1890000000000000E+03,  0.3425000000000000E+02,  0.3750000000000000E+00,  0.2579090194480931E-03,
  0.1900000000000000E+03,  0.3475000000000000E+02,  0.3750000000000000E+00,  0.2529063439694732E-03,
  0.1910000000000000E+03,  0.3525000000000000E+02,  0.3750000000000000E+00,  0.2479037759353222E-03,
  0.1920000000000000E+03,  0.3575000000000000E+02,  0.3750000000000000E+00,  0.2429013218491504E-03,
  0.1930000000000000E+03,  0.3625000000000000E+02,  0.3750000000000000E+00,  0.2378990034972543E-03,
  0.1940000000000000E+03,  0.3675000000000000E+02,  0.3750000000000000E+00,  0.2328967995741996E-03,
  0.1950000000000000E+03,  0.3725000000000000E+02,  0.3750000000000000E+00,  0.2278947331735698E-03,
  0.1960000000000000E+03,  0.3775000000000000E+02,  0.3750000000000000E+00,  0.2228928134951930E-03,
  0.1970000000000000E+03,  0.3825000000000000E+02,  0.3750000000000000E+00,  0.2178910507037463E-03,
  0.1980000000000000E+03,  0.3875000000000000E+02,  0.3750000000000000E+00,  0.2128894558264411E-03,
  0.1990000000000000E+03,  0.3925000000000000E+02,  0.3750000000000000E+00,  0.2078880554915612E-03,
  0.2000000000000000E+03,  0.3975000000000000E+02,  0.3750000000000000E+00,  0.2028868304242284E-03,
  0.2010000000000000E+03,  0.4025000000000000E+02,  0.3750000000000000E+00,  0.1978858205380021E-03,
  0.2020000000000000E+03,  0.4075000000000000E+02,  0.3750000000000000E+00,  0.1928850312359247E-03,
  0.2030000000000000E+03,  0.4125000000000000E+02,  0.3750000000000000E+00,  0.1878844876909625E-03,
  0.2040000000000000E+03,  0.4175000000000000E+02,  0.3750000000000000E+00,  0.1828842023874143E-03,
  0.2050000000000000E+03,  0.4225000000000000E+02,  0.3750000000000000E+00,  0.1778842011911367E-03,
  0.2060000000000000E+03,  0.4275000000000000E+02,  0.3750000000000000E+00,  0.1728845122342293E-03,
  0.2070000000000000E+03,  0.4325000000000000E+02,  0.3750000000000000E+00,  0.1678851595708156E-03,
  0.2080000000000000E+03,  0.4375000000000000E+02,  0.3750000000000000E+00,  0.1628861705325443E-03,
  0.2090000000000000E+03,  0.4425000000000000E+02,  0.3750000000000000E+00,  0.1578875835957723E-03,
  0.2100000000000000E+03,  0.4475000000000000E+02,  0.3750000000000000E+00,  0.1528894418107186E-03,
  0.2110000000000000E+03,  0.4525000000000000E+02,  0.3750000000000000E+00,  0.1478917828095539E-03,
  0.2120000000000000E+03,  0.4575000000000000E+02,  0.3750000000000000E+00,  0.1428946594228119E-03,
  0.2130000000000000E+03,  0.4625000000000000E+02,  0.3750000000000000E+00,  0.1378981328243083E-03,
  0.2140000000000000E+03,  0.4675000000000000E+02,  0.3750000000000000E+00,  0.1329022597822961E-03,
  0.2150000000000000E+03,  0.4725000000000000E+02,  0.3750000000000000E+00,  0.1279071273783693E-03,
  0.2160000000000000E+03,  0.4775000000000000E+02,  0.3750000000000000E+00,  0.1229128253078194E-03,
  0.2170000000000000E+03,  0.4825000000000000E+02,  0.3750000000000000E+00,  0.1179194582388798E-03,
  0.2180000000000000E+03,  0.4875000000000000E+02,  0.3750000000000000E+00,  0.1129271603156654E-03,
  0.2190000000000000E+03,  0.4925000000000000E+02,  0.3750000000000000E+00,  0.1079361100752135E-03,
  0.2200000000000000E+03,  0.4975000000000000E+02,  0.3750000000000000E+00,  0.1029465213242014E-03,
  0.2210000000000000E+03,  0.5025000000000000E+02,  0.3750000000000000E+00,  0.9795868497510015E-04,
  0.2220000000000000E+03,  0.5075000000000000E+02,  0.3750000000000000E+00,  0.9297299233432700E-04,
  0.2230000000000000E+03,  0.5125000000000000E+02,  0.3750000000000000E+00,  0.8798995524106810E-04,
  0.2240000000000000E+03,  0.5175000000000000E+02,  0.3750000000000000E+00,  0.8301022562652908E-04,
  0.2250000000000000E+03,  0.5225000000000000E+02,  0.3750000000000000E+00,  0.7803458951935039E-04,
  0.2260000000000000E+03,  0.5275000000000000E+02,  0.3750000000000000E+00,  0.7306387526776347E-04,
  0.2270000000000000E+03,  0.5325000000000000E+02,  0.3750000000000000E+00,  0.6809871590323867E-04,
  0.2280000000000000E+03,  0.5375000000000000E+02,  0.3750000000000000E+00,  0.6313903990401593E-04,
  0.2290000000000000E+03,  0.5425000000000000E+02,  0.3750000000000000E+00,  0.5818317444926349E-04,
  0.2300000000000000E+03,  0.5475000000000000E+02,  0.3750000000000000E+00,  0.5322638368462972E-04,
  0.2310000000000000E+03,  0.5525000000000000E+02,  0.3750000000000000E+00,  0.4825900050833869E-04,
  0.2320000000000000E+03,  0.5575000000000000E+02,  0.3750000000000000E+00,  0.4326478527933642E-04,
  0.2330000000000000E+03,  0.5625000000000000E+02,  0.3750000000000000E+00,  0.3822146694915335E-04,
  0.2340000000000000E+03,  0.5675000000000000E+02,  0.3750000000000000E+00,  0.3310744469141259E-04,
  0.2350000000000000E+03,  0.5725000000000000E+02,  0.3750000000000000E+00,  0.2791934897567329E-04,
  0.2360000000000000E+03,  0.5775000000000000E+02,  0.3750000000000000E+00,  0.2269865162345332E-04,
  0.2370000000000000E+03,  0.5825000000000000E+02,  0.3750000000000000E+00,  0.1753825403001232E-04,
  0.2380000000000000E+03,  0.5875000000000000E+02,  0.3750000000000000E+00,  0.1248369660683233E-04,
  0.2390000000000000E+03,  0.5925000000000000E+02,  0.3750000000000000E+00,  0.7352097508044863E-05,
  0.2400000000000000E+03,  0.5975000000000000E+02,  0.3750000000000000E+00,  0.2366828885225268E-05,
  0.2410000000000000E+03,  0.2500000000000000E+00,  0.6250000000000000E+00,  0.3678322012569958E-03,
  0.2420000000000000E+03,  0.7500000000000000E+00,  0.6250000000000000E+00,  0.4173133708207904E-03,
  0.2430000000000000E+03,  0.1250000000000000E+01,  0.6250000000000000E+00,  0.4151270703645683E-03,
  0.2440000000000000E+03,  0.1750000000000000E+01,  0.6250000000000000E+00,  0.4025360444462327E-03,
  0.2450000000000000E+03,  0.2250000000000000E+01,  0.6250000000000000E+00,  0.3931132636105710E-03,
  0.2460000000000000E+03,  0.2750000000000000E+01,  0.6250000000000000E+00,  0.3848744574431279E-03,
  0.2470000000000000E+03,  0.3250000000000000E+01,  0.6250000000000000E+00,  0.3779616741451444E-03,
  0.2480000000000000E+03,  0.3750000000000000E+01,  0.6250000000000000E+00,  0.3722623136070092E-03,
  0.2490000000000000E+03,  0.4250000000000000E+01,  0.6250000000000000E+00,  0.3674754483164423E-03,
  0.2500000000000000E+03,  0.4750000000000000E+01,  0.6250000000000000E+00,  0.3633107667828768E-03,
  0.2510000000000000E+03,  0.5250000000000000E+01,  0.6250000000000000E+00,  0.3595432754604585E-03,
  0.2520000000000000E+03,  0.5750000000000000E+01,  0.6250000000000000E+00,  0.3560162330524213E-03,
  0.2530000000000000E+03,  0.6250000000000000E+01,  0.6250000000000000E+00,  0.3526261648582029E-03,
  0.2540000000000000E+03,  0.6750000000000000E+01,  0.6250000000000000E+00,  0.3493084044452676E-03,
  0.2550000000000000E+03,  0.7250000000000000E+01,  0.6250000000000000E+00,  0.3460249541787134E-03,
  0.2560000000000000E+03,  0.7750000000000000E+01,  0.6250000000000000E+00,  0.3427551142347135E-03,
  0.2570000000000000E+03,  0.8250000000000000E+01,  0.6250000000000000E+00,  0.3394887120220853E-03,
  0.2580000000000000E+03,  0.8750000000000000E+01,  0.6250000000000000E+00,  0.3362214287804316E-03,
  0.2590000000000000E+03,  0.9250000000000000E+01,  0.6250000000000000E+00,  0.3329519391187901E-03,
  0.2600000000000000E+03,  0.9750000000000000E+01,  0.6250000000000000E+00,  0.3296802665912600E-03,
  0.2610000000000000E+03,  0.1025000000000000E+02,  0.6250000000000000E+00,  0.3264068907470567E-03,
  0.2620000000000000E+03,  0.1075000000000000E+02,  0.6250000000000000E+00,  0.3231323461555186E-03,
  0.2630000000000000E+03,  0.1125000000000000E+02,  0.6250000000000000E+00,  0.3198571042742474E-03,
  0.2640000000000000E+03,  0.1175000000000000E+02,  0.6250000000000000E+00,  0.3165814678802537E-03,
  0.2650000000000000E+03,  0.1225000000000000E+02,  0.6250000000000000E+00,  0.3133056415809856E-03,
  0.2660000000000000E+03,  0.1275000000000000E+02,  0.6250000000000000E+00,  0.3100297534294405E-03,
  0.2670000000000000E+03,  0.1325000000000000E+02,  0.6250000000000000E+00,  0.3067538663627796E-03,
  0.2680000000000000E+03,  0.1375000000000000E+02,  0.6250000000000000E+00,  0.3034780196647220E-03,
  0.2690000000000000E+03,  0.1425000000000000E+02,  0.6250000000000000E+00,  0.3002022469585601E-03,
  0.2700000000000000E+03,  0.1475000000000000E+02,  0.6250000000000000E+00,  0.2969265239321452E-03,
  0.2710000000000000E+03,  0.1525000000000000E+02,  0.6250000000000000E+00,  0.2936508587606299E-03,
  0.2720000000000000E+03,  0.1575000000000000E+02,  0.6250000000000000E+00,  0.2903752678334632E-03,
  0.2730000000000000E+03,  0.1625000000000000E+02,  0.6250000000000000E+00,  0.2870997315508018E-03,
  0.2740000000000000E+03,  0.1675000000000000E+02,  0.6250000000000000E+00,  0.2838242674619933E-03,
  0.2750000000000000E+03,  0.1725000000000000E+02,  0.6250000000000000E+00,  0.2805488755205837E-03,
  0.2760000000000000E+03,  0.1775000000000000E+02,  0.6250000000000000E+00,  0.2772735529762465E-03,
  0.2770000000000000E+03,  0.1825000000000000E+02,  0.6250000000000000E+00,  0.2739982946376899E-03,
  0.2780000000000000E+03,  0.1875000000000000E+02,  0.6250000000000000E+00,  0.2707231177066921E-03,
  0.2790000000000000E+03,  0.1925000000000000E+02,  0.6250000000000000E+00,  0.2674480249064509E-03,
  0.2800000000000000E+03,  0.1975000000000000E+02,  0.6250000000000000E+00,  0.2641730081922931E-03,
  0.2810000000000000E+03,  0.2025000000000000E+02,  0.6250000000000000E+00,  0.2608980669324661E-03,
  0.2820000000000000E+03,  0.2075000000000000E+02,  0.6250000000000000E+00,  0.2576232151845565E-03,
  0.2830000000000000E+03,  0.2125000000000000E+02,  0.6250000000000000E+00,  0.2543484525576542E-03,
  0.2840000000000000E+03,  0.2175000000000000E+02,  0.6250000000000000E+00,  0.2510737791293034E-03,
  0.2850000000000000E+03,  0.2225000000000000E+02,  0.6250000000000000E+00,  0.2477992019867843E-03,
  0.2860000000000000E+03,  0.2275000000000000E+02,  0.6250000000000000E+00,  0.2445247287087566E-03,
  0.2870000000000000E+03,  0.2325000000000000E+02,  0.6250000000000000E+00,  0.2412503597426059E-03,
  0.2880000000000000E+03,  0.2375000000000000E+02,  0.6250000000000000E+00,  0.2379760957606682E-03,
  0.2890000000000000E+03,  0.2425000000000000E+02,  0.6250000000000000E+00,  0.2347019449425000E-03,
  0.2900000000000000E+03,  0.2475000000000000E+02,  0.6250000000000000E+00,  0.2314279157242473E-03,
  0.2910000000000000E+03,  0.2525000000000000E+02,  0.6250000000000000E+00,  0.2281540095509791E-03,
  0.2920000000000000E+03,  0.2575000000000000E+02,  0.6250000000000000E+00,  0.2248802281638535E-03,
  0.2930000000000000E+03,  0.2625000000000000E+02,  0.6250000000000000E+00,  0.2216065808874210E-03,
  0.2940000000000000E+03,  0.2675000000000000E+02,  0.6250000000000000E+00,  0.2183330773007964E-03,
  0.2950000000000000E+03,  0.2725000000000000E+02,  0.6250000000000000E+00,  0.2150597276932210E-03,
  0.2960000000000000E+03,  0.2775000000000000E+02,  0.6250000000000000E+00,  0.2117865240717890E-03,
  0.2970000000000000E+03,  0.2825000000000000E+02,  0.6250000000000000E+00,  0.2085134810087359E-03,
  0.2980000000000000E+03,  0.2875000000000000E+02,  0.6250000000000000E+00,  0.2052406061855021E-03,
  0.2990000000000000E+03,  0.2925000000000000E+02,  0.6250000000000000E+00,  0.2019679077810285E-03,
  0.3000000000000000E+03,  0.2975000000000000E+02,  0.6250000000000000E+00,  0.1986953872497881E-03,
  0.3010000000000000E+03,  0.3025000000000000E+02,  0.6250000000000000E+00,  0.1954230684187166E-03,
  0.3020000000000000E+03,  0.3075000000000000E+02,  0.6250000000000000E+00,  0.1921509539094394E-03,
  0.3030000000000000E+03,  0.3125000000000000E+02,  0.6250000000000000E+00,  0.1888790543905556E-03,
  0.3040000000000000E+03,  0.3175000000000000E+02,  0.6250000000000000E+00,  0.1856073740212493E-03,
  0.3050000000000000E+03,  0.3225000000000000E+02,  0.6250000000000000E+00,  0.1823359395629614E-03,
  0.3060000000000000E+03,  0.3275000000000000E+02,  0.6250000000000000E+00,  0.1790647567294965E-03,
  0.3070000000000000E+03,  0.3325000000000000E+02,  0.6250000000000000E+00,  0.1757938430904869E-03,
  0.3080000000000000E+03,  0.3375000000000000E+02,  0.6250000000000000E+00,  0.1725232064911383E-03,
  0.3090000000000000E+03,  0.3425000000000000E+02,  0.6250000000000000E+00,  0.1692528634250880E-03,
  0.3100000000000000E+03,  0.3475000000000000E+02,  0.6250000000000000E+00,  0.1659828386024200E-03,
  0.3110000000000000E+03,  0.3525000000000000E+02,  0.6250000000000000E+00,  0.1627131437338941E-03,
  0.3120000000000000E+03,  0.3575000000000000E+02,  0.6250000000000000E+00,  0.1594438065985286E-03,
  0.3130000000000000E+03,  0.3625000000000000E+02,  0.6250000000000000E+00,  0.1561748421786338E-03,
  0.3140000000000000E+03,  0.3675000000000000E+02,  0.6250000000000000E+00,  0.1529062817440543E-03,
  0.3150000000000000E+03,  0.3725000000000000E+02,  0.6250000000000000E+00,  0.1496381445264765E-03,
  0.3160000000000000E+03,  0.3775000000000000E+02,  0.6250000000000000E+00,  0.1463704734943768E-03,
  0.3170000000000000E+03,  0.3825000000000000E+02,  0.6250000000000000E+00,  0.1431032783429319E-03,
  0.3180000000000000E+03,  0.3875000000000000E+02,  0.6250000000000000E+00,  0.1398366071579995E-03,
  0.3190000000000000E+03,  0.3925000000000000E+02,  0.6250000000000000E+00,  0.1365704901655053E-03,
  0.3200000000000000E+03,  0.3975000000000000E+02,  0.6250000000000000E+00,  0.1333049758971847E-03,
  0.3210000000000000E+03,  0.4025000000000000E+02,  0.6250000000000000E+00,  0.1300401020943339E-03,
  0.3220000000000000E+03,  0.4075000000000000E+02,  0.6250000000000000E+00,  0.1267759257648863E-03,
  0.3230000000000000E+03,  0.4125000000000000E+02,  0.6250000000000000E+00,  0.1235124946754055E-03,
  0.3240000000000000E+03,  0.4175000000000000E+02,  0.6250000000000000E+00,  0.1202498842004186E-03,
  0.3250000000000000E+03,  0.4225000000000000E+02,  0.6250000000000000E+00,  0.1169881406054161E-03,
  0.3260000000000000E+03,  0.4275000000000000E+02,  0.6250000000000000E+00,  0.1137273518370011E-03,
  0.3270000000000000E+03,  0.4325000000000000E+02,  0.6250000000000000E+00,  0.1104676005636774E-03,
  0.3280000000000000E+03,  0.4375000000000000E+02,  0.6250000000000000E+00,  0.1072089814224072E-03,
  0.3290000000000000E+03,  0.4425000000000000E+02,  0.6250000000000000E+00,  0.1039516010621597E-03,
  0.3300000000000000E+03,  0.4475000000000000E+02,  0.6250000000000000E+00,  0.1006955776164834E-03,
  0.3310000000000000E+03,  0.4525000000000000E+02,  0.6250000000000000E+00,  0.9744105377243928E-04,
  0.3320000000000000E+03,  0.4575000000000000E+02,  0.6250000000000000E+00,  0.9418817673357497E-04,
  0.3330000000000000E+03,  0.4625000000000000E+02,  0.6250000000000000E+00,  0.9093712691235457E-04,
  0.3340000000000000E+03,  0.4675000000000000E+02,  0.6250000000000000E+00,  0.8768810617360432E-04,
  0.3350000000000000E+03,  0.4725000000000000E+02,  0.6250000000000000E+00,  0.8444134978237226E-04,
  0.3360000000000000E+03,  0.4775000000000000E+02,  0.6250000000000000E+00,  0.8119712997447894E-04,
  0.3370000000000000E+03,  0.4825000000000000E+02,  0.6250000000000000E+00,  0.7795576487093370E-04,
  0.3380000000000000E+03,  0.4875000000000000E+02,  0.6250000000000000E+00,  0.7471762917955089E-04,
  0.3390000000000000E+03,  0.4925000000000000E+02,  0.6250000000000000E+00,  0.7148316932221642E-04,
  0.3400000000000000E+03,  0.4975000000000000E+02,  0.6250000000000000E+00,  0.6825291727026500E-04,
  0.3410000000000000E+03,  0.5025000000000000E+02,  0.6250000000000000E+00,  0.6502750905178549E-04,
  0.3420000000000000E+03,  0.5075000000000000E+02,  0.6250000000000000E+00,  0.6180771720168678E-04,
  0.3430000000000000E+03,  0.5125000000000000E+02,  0.6250000000000000E+00,  0.5859447821418860E-04,
  0.3440000000000000E+03,  0.5175000000000000E+02,  0.6250000000000000E+00,  0.5538892963928283E-04,
  0.3450000000000000E+03,  0.5225000000000000E+02,  0.6250000000000000E+00,  0.5219246868726865E-04,
  0.3460000000000000E+03,  0.5275000000000000E+02,  0.6250000000000000E+00,  0.4900681788426152E-04,
  0.3470000000000000E+03,  0.5325000000000000E+02,  0.6250000000000000E+00,  0.4583420346137949E-04,
  0.3480000000000000E+03,  0.5375000000000000E+02,  0.6250000000000000E+00,  0.4267764698575994E-04,
  0.3490000000000000E+03,  0.5425000000000000E+02,  0.6250000000000000E+00,  0.3954166092058831E-04,
  0.3500000000000000E+03,  0.5475000000000000E+02,  0.6250000000000000E+00,  0.3643366113918612E-04,
  0.3510000000000000E+03,  0.5525000000000000E+02,  0.6250000000000000E+00,  0.3336664481650007E-04,
  0.3520000000000000E+03,  0.5575000000000000E+02,  0.6250000000000000E+00,  0.3036368078255772E-04,
  0.3530000000000000E+03,  0.5625000000000000E+02,  0.6250000000000000E+00,  0.2746349799735513E-04,
  0.3540000000000000E+03,  0.5675000000000000E+02,  0.6250000000000000E+00,  0.2472161686799218E-04,
  0.3550000000000000E+03,  0.5725000000000000E+02,  0.6250000000000000E+00,  0.2218839498329724E-04,
  0.3560000000000000E+03,  0.5775000000000000E+02,  0.6250000000000000E+00,  0.1982741530397242E-04,
  0.3570000000000000E+03,  0.5825000000000000E+02,  0.6250000000000000E+00,  0.1736124597363824E-04,
  0.3580000000000000E+03,  0.5875000000000000E+02,  0.6250000000000000E+00,  0.1418620383842695E-04,
  0.3590000000000000E+03,  0.5925000000000000E+02,  0.6250000000000000E+00,  0.9808759014474327E-05,
  0.3600000000000000E+03,  0.5975000000000000E+02,  0.6250000000000000E+00,  0.4400490290852882E-05,
  0.3610000000000000E+03,  0.2500000000000000E+00,  0.8750000000000000E+00,  0.2327547332660779E-03,
  0.3620000000000000E+03,  0.7500000000000000E+00,  0.8750000000000000E+00,  0.2237769660989736E-03,
  0.3630000000000000E+03,  0.1250000000000000E+01,  0.8750000000000000E+00,  0.2122590029906534E-03,
  0.3640000000000000E+03,  0.1750000000000000E+01,  0.8750000000000000E+00,  0.1959688523927603E-03,
  0.3650000000000000E+03,  0.2250000000000000E+01,  0.8750000000000000E+00,  0.1865940818186730E-03,
  0.3660000000000000E+03,  0.2750000000000000E+01,  0.8750000000000000E+00,  0.1814993620590256E-03,
  0.3670000000000000E+03,  0.3250000000000000E+01,  0.8750000000000000E+00,  0.1782711354109967E-03,
  0.3680000000000000E+03,  0.3750000000000000E+01,  0.8750000000000000E+00,  0.1759625056866146E-03,
  0.3690000000000000E+03,  0.4250000000000000E+01,  0.8750000000000000E+00,  0.1740633825337139E-03,
  0.3700000000000000E+03,  0.4750000000000000E+01,  0.8750000000000000E+00,  0.1723268864159651E-03,
  0.3710000000000000E+03,  0.5250000000000000E+01,  0.8750000000000000E+00,  0.1706572670634323E-03,
  0.3720000000000000E+03,  0.5750000000000000E+01,  0.8750000000000000E+00,  0.1690250574356705E-03,
  0.3730000000000000E+03,  0.6250000000000000E+01,  0.8750000000000000E+00,  0.1674208922974975E-03,
  0.3740000000000000E+03,  0.6750000000000000E+01,  0.8750000000000000E+00,  0.1658386897164484E-03,
  0.3750000000000000E+03,  0.7250000000000000E+01,  0.8750000000000000E+00,  0.1642724130032847E-03,
  0.3760000000000000E+03,  0.7750000000000000E+01,  0.8750000000000000E+00,  0.1627165350124819E-03,
  0.3770000000000000E+03,  0.8250000000000000E+01,  0.8750000000000000E+00,  0.1611667851481016E-03,
  0.3780000000000000E+03,  0.8750000000000000E+01,  0.8750000000000000E+00,  0.1596202598111888E-03,
  0.3790000000000000E+03,  0.9250000000000000E+01,  0.8750000000000000E+00,  0.1580752286160066E-03,
  0.3800000000000000E+03,  0.9750000000000000E+01,  0.8750000000000000E+00,  0.1565307540305015E-03,
  0.3810000000000000E+03,  0.1025000000000000E+02,  0.8750000000000000E+00,  0.1549864282387099E-03,
  0.3820000000000000E+03,  0.1075000000000000E+02,  0.8750000000000000E+00,  0.1534420859902475E-03,
  0.3830000000000000E+03,  0.1125000000000000E+02,  0.8750000000000000E+00,  0.1518977072265425E-03,
  0.3840000000000000E+03,  0.1175000000000000E+02,  0.8750000000000000E+00,  0.1503533220760201E-03,
  0.3850000000000000E+03,  0.1225000000000000E+02,  0.8750000000000000E+00,  0.1488089681844997E-03,
  0.3860000000000000E+03,  0.1275000000000000E+02,  0.8750000000000000E+00,  0.1472647024583973E-03,
  0.3870000000000000E+03,  0.1325000000000000E+02,  0.8750000000000000E+00,  0.1457205431873423E-03,
  0.3880000000000000E+03,  0.1375000000000000E+02,  0.8750000000000000E+00,  0.1441765160161623E-03,
  0.3890000000000000E+03,  0.1425000000000000E+02,  0.8750000000000000E+00,  0.1426326345654981E-03,
  0.3900000000000000E+03,  0.1475000000000000E+02,  0.8750000000000000E+00,  0.1410889129419388E-03,
  0.3910000000000000E+03,  0.1525000000000000E+02,  0.8750000000000000E+00,  0.1395453574977399E-03,
  0.3920000000000000E+03,  0.1575000000000000E+02,  0.8750000000000000E+00,  0.1380019812211656E-03,
  0.3930000000000000E+03,  0.1625000000000000E+02,  0.8750000000000000E+00,  0.1364587755038477E-03,
  0.3940000000000000E+03,  0.1675000000000000E+02,  0.8750000000000000E+00,  0.1349157638843952E-03,
  0.3950000000000000E+03,  0.1725000000000000E+02,  0.8750000000000000E+00,  0.1333729426319038E-03,
  0.3960000000000000E+03,  0.1775000000000000E+02,  0.8750000000000000E+00,  0.1318303169781557E-03,
  0.3970000000000000E+03,  0.1825000000000000E+02,  0.8750000000000000E+00,  0.1302878982086895E-03,
  0.3980000000000000E+03,  0.1875000000000000E+02,  0.8750000000000000E+00,  0.1287456958771316E-03,
  0.3990000000000000E+03,  0.1925000000000000E+02,  0.8750000000000000E+00,  0.1272037143503201E-03,
  0.4000000000000000E+03,  0.1975000000000000E+02,  0.8750000000000000E+00,  0.1256619619321905E-03,
  0.4010000000000000E+03,  0.2025000000000000E+02,  0.8750000000000000E+00,  0.1241204475157427E-03,
  0.4020000000000000E+03,  0.2075000000000000E+02,  0.8750000000000000E+00,  0.1225791797201615E-03,
  0.4030000000000000E+03,  0.2125000000000000E+02,  0.8750000000000000E+00,  0.1210381692345329E-03,
  0.4040000000000000E+03,  0.2175000000000000E+02,  0.8750000000000000E+00,  0.1194974241716029E-03,
  0.4050000000000000E+03,  0.2225000000000000E+02,  0.8750000000000000E+00,  0.1179569554971094E-03,
  0.4060000000000000E+03,  0.2275000000000000E+02,  0.8750000000000000E+00,  0.1164167754647116E-03,
  0.4070000000000000E+03,  0.2325000000000000E+02,  0.8750000000000000E+00,  0.1148768898469206E-03,
  0.4080000000000000E+03,  0.2375000000000000E+02,  0.8750000000000000E+00,  0.1133373155381373E-03,
  0.4090000000000000E+03,  0.2425000000000000E+02,  0.8750000000000000E+00,  0.1117980690088286E-03,
  0.4100000000000000E+03,  0.2475000000000000E+02,  0.8750000000000000E+00,  0.1102591602245785E-03,
  0.4110000000000000E+03,  0.2525000000000000E+02,  0.8750000000000000E+00,  0.1087206044293594E-03,
  0.4120000000000000E+03,  0.2575000000000000E+02,  0.8750000000000000E+00,  0.1071824147754817E-03,
  0.4130000000000000E+03,  0.2625000000000000E+02,  0.8750000000000000E+00,  0.1056446093078462E-03,
  0.4140000000000000E+03,  0.2675000000000000E+02,  0.8750000000000000E+00,  0.1041072034200817E-03,
  0.4150000000000000E+03,  0.2725000000000000E+02,  0.8750000000000000E+00,  0.1025702160221209E-03,
  0.4160000000000000E+03,  0.2775000000000000E+02,  0.8750000000000000E+00,  0.1010336657763011E-03,
  0.4170000000000000E+03,  0.2825000000000000E+02,  0.8750000000000000E+00,  0.9949757337896016E-04,
  0.4180000000000000E+03,  0.2875000000000000E+02,  0.8750000000000000E+00,  0.9796196081779016E-04,
  0.4190000000000000E+03,  0.2925000000000000E+02,  0.8750000000000000E+00,  0.9642684220351006E-04,
  0.4200000000000000E+03,  0.2975000000000000E+02,  0.8750000000000000E+00,  0.9489225810172416E-04,
  0.4210000000000000E+03,  0.3025000000000000E+02,  0.8750000000000000E+00,  0.9335822535247962E-04,
  0.4220000000000000E+03,  0.3075000000000000E+02,  0.8750000000000000E+00,  0.9182477265367709E-04,
  0.4230000000000000E+03,  0.3125000000000000E+02,  0.8750000000000000E+00,  0.9029192968094015E-04,
  0.4240000000000000E+03,  0.3175000000000000E+02,  0.8750000000000000E+00,  0.8875972789915006E-04,
  0.4250000000000000E+03,  0.3225000000000000E+02,  0.8750000000000000E+00,  0.8722820199441750E-04,
  0.4260000000000000E+03,  0.3275000000000000E+02,  0.8750000000000000E+00,  0.8569738623057381E-04,
  0.4270000000000000E+03,  0.3325000000000000E+02,  0.8750000000000000E+00,  0.8416732114389634E-04,
  0.4280000000000000E+03,  0.3375000000000000E+02,  0.8750000000000000E+00,  0.8263804737593228E-04,
  0.4290000000000000E+03,  0.3425000000000000E+02,  0.8750000000000000E+00,  0.8110961020023147E-04,
  0.4300000000000000E+03,  0.3475000000000000E+02,  0.8750000000000000E+00,  0.7958205359313839E-04,
  0.4310000000000000E+03,  0.3525000000000000E+02,  0.8750000000000000E+00,  0.7805543382967800E-04,
  0.4320000000000000E+03,  0.3575000000000000E+02,  0.8750000000000000E+00,  0.7652980991745786E-04,
  0.4330000000000000E+03,  0.3625000000000000E+02,  0.8750000000000000E+00,  0.7500524123892749E-04,
  0.4340000000000000E+03,  0.3675000000000000E+02,  0.8750000000000000E+00,  0.7348178782751687E-04,
  0.4350000000000000E+03,  0.3725000000000000E+02,  0.8750000000000000E+00,  0.7195952550576147E-04,
  0.4360000000000000E+03,  0.3775000000000000E+02,  0.8750000000000000E+00,  0.7043853006924153E-04,
  0.4370000000000000E+03,  0.3825000000000000E+02,  0.8750000000000000E+00,  0.6891888568126484E-04,
  0.4380000000000000E+03,  0.3875000000000000E+02,  0.8750000000000000E+00,  0.6740068196121193E-04,
  0.4390000000000000E+03,  0.3925000000000000E+02,  0.8750000000000000E+00,  0.6588401979776326E-04,
  0.4400000000000000E+03,  0.3975000000000000E+02,  0.8750000000000000E+00,  0.6436901033944621E-04,
  0.4410000000000000E+03,  0.4025000000000000E+02,  0.8750000000000000E+00,  0.6285577061424195E-04,
  0.4420000000000000E+03,  0.4075000000000000E+02,  0.8750000000000000E+00,  0.6134443232940452E-04,
  0.4430000000000000E+03,  0.4125000000000000E+02,  0.8750000000000000E+00,  0.5983513901601985E-04,
  0.4440000000000000E+03,  0.4175000000000000E+02,  0.8750000000000000E+00,  0.5832804829075549E-04,
  0.4450000000000000E+03,  0.4225000000000000E+02,  0.8750000000000000E+00,  0.5682333693854435E-04,
  0.4460000000000000E+03,  0.4275000000000000E+02,  0.8750000000000000E+00,  0.5532120063249077E-04,
  0.4470000000000000E+03,  0.4325000000000000E+02,  0.8750000000000000E+00,  0.5382185343941026E-04,
  0.4480000000000000E+03,  0.4375000000000000E+02,  0.8750000000000000E+00,  0.5232553524138345E-04,
  0.4490000000000000E+03,  0.4425000000000000E+02,  0.8750000000000000E+00,  0.5083251184083715E-04,
  0.4500000000000000E+03,  0.4475000000000000E+02,  0.8750000000000000E+00,  0.4934308390394586E-04,
  0.4510000000000000E+03,  0.4525000000000000E+02,  0.8750000000000000E+00,  0.4785758998398277E-04,
  0.4520000000000000E+03,  0.4575000000000000E+02,  0.8750000000000000E+00,  0.4637640281404828E-04,
  0.4530000000000000E+03,  0.4625000000000000E+02,  0.8750000000000000E+00,  0.4489995570492079E-04,
  0.4540000000000000E+03,  0.4675000000000000E+02,  0.8750000000000000E+00,  0.4342872442982986E-04,
  0.4550000000000000E+03,  0.4725000000000000E+02,  0.8750000000000000E+00,  0.4196326487683319E-04,
  0.4560000000000000E+03,  0.4775000000000000E+02,  0.8750000000000000E+00,  0.4050419784804599E-04,
  0.4570000000000000E+03,  0.4825000000000000E+02,  0.8750000000000000E+00,  0.3905223468049448E-04,
  0.4580000000000000E+03,  0.4875000000000000E+02,  0.8750000000000000E+00,  0.3760819032678504E-04,
  0.4590000000000000E+03,  0.4925000000000000E+02,  0.8750000000000000E+00,  0.3617299262430162E-04,
  0.4600000000000000E+03,  0.4975000000000000E+02,  0.8750000000000000E+00,  0.3474770163305147E-04,
  0.4610000000000000E+03,  0.5025000000000000E+02,  0.8750000000000000E+00,  0.3333352784611086E-04,
  0.4620000000000000E+03,  0.5075000000000000E+02,  0.8750000000000000E+00,  0.3193185468471486E-04,
  0.4630000000000000E+03,  0.5125000000000000E+02,  0.8750000000000000E+00,  0.3054428022839750E-04,
  0.4640000000000000E+03,  0.5175000000000000E+02,  0.8750000000000000E+00,  0.2917269083604851E-04,
  0.4650000000000000E+03,  0.5225000000000000E+02,  0.8750000000000000E+00,  0.2781941872073743E-04,
  0.4660000000000000E+03,  0.5275000000000000E+02,  0.8750000000000000E+00,  0.2648757120817478E-04,
  0.4670000000000000E+03,  0.5325000000000000E+02,  0.8750000000000000E+00,  0.2518168008021943E-04,
  0.4680000000000000E+03,  0.5375000000000000E+02,  0.8750000000000000E+00,  0.2390895251238293E-04,
  0.4690000000000000E+03,  0.5425000000000000E+02,  0.8750000000000000E+00,  0.2268146056683253E-04,
  0.4700000000000000E+03,  0.5475000000000000E+02,  0.8750000000000000E+00,  0.2151963089439353E-04,
  0.4710000000000000E+03,  0.5525000000000000E+02,  0.8750000000000000E+00,  0.2045695526767490E-04,
  0.4720000000000000E+03,  0.5575000000000000E+02,  0.8750000000000000E+00,  0.1954414886999402E-04,
  0.4730000000000000E+03,  0.5625000000000000E+02,  0.8750000000000000E+00,  0.1884681195158712E-04,
  0.4740000000000000E+03,  0.5675000000000000E+02,  0.8750000000000000E+00,  0.1842266567671254E-04,
  0.4750000000000000E+03,  0.5725000000000000E+02,  0.8750000000000000E+00,  0.1825689970510349E-04,
  0.4760000000000000E+03,  0.5775000000000000E+02,  0.8750000000000000E+00,  0.1814022253371743E-04,
  0.4770000000000000E+03,  0.5825000000000000E+02,  0.8750000000000000E+00,  0.1752702710471827E-04,
  0.4780000000000000E+03,  0.5875000000000000E+02,  0.8750000000000000E+00,  0.1558960562017672E-04,
  0.4790000000000000E+03,  0.5925000000000000E+02,  0.8750000000000000E+00,  0.1183327823580056E-04,
  0.4800000000000000E+03,  0.5975000000000000E+02,  0.8750000000000000E+00,  0.6648891421497329E-05,
  0.4810000000000000E+03,  0.2500000000000000E+00,  0.1125000000000000E+01,  0.1864919538432077E-03,
  0.4820000000000000E+03,  0.7500000000000000E+00,  0.1125000000000000E+01,  0.7932766876310434E-04,
  0.4830000000000000E+03,  0.1250000000000000E+01,  0.1125000000000000E+01,  0.3934911408101250E-04,
  0.4840000000000000E+03,  0.1750000000000000E+01,  0.1125000000000000E+01,  0.3588204930864868E-04,
  0.4850000000000000E+03,  0.2250000000000000E+01,  0.1125000000000000E+01,  0.4224841641410588E-04,
  0.4860000000000000E+03,  0.2750000000000000E+01,  0.1125000000000000E+01,  0.4227395450792073E-04,
  0.4870000000000000E+03,  0.3250000000000000E+01,  0.1125000000000000E+01,  0.3823196346557943E-04,
  0.4880000000000000E+03,  0.3750000000000000E+01,  0.1125000000000000E+01,  0.3347909881170067E-04,
  0.4890000000000000E+03,  0.4250000000000000E+01,  0.1125000000000000E+01,  0.2962603799168826E-04,
  0.4900000000000000E+03,  0.4750000000000000E+01,  0.1125000000000000E+01,  0.2701015097417747E-04,
  0.4910000000000000E+03,  0.5250000000000000E+01,  0.1125000000000000E+01,  0.2541417311947114E-04,
  0.4920000000000000E+03,  0.5750000000000000E+01,  0.1125000000000000E+01,  0.2450083440386157E-04,
  0.4930000000000000E+03,  0.6250000000000000E+01,  0.1125000000000000E+01,  0.2399179957134796E-04,
  0.4940000000000000E+03,  0.6750000000000000E+01,  0.1125000000000000E+01,  0.2370122513960054E-04,
  0.4950000000000000E+03,  0.7250000000000000E+01,  0.1125000000000000E+01,  0.2351828896045183E-04,
  0.4960000000000000E+03,  0.7750000000000000E+01,  0.1125000000000000E+01,  0.2338210585692391E-04,
  0.4970000000000000E+03,  0.8250000000000000E+01,  0.1125000000000000E+01,  0.2326193421020979E-04,
  0.4980000000000000E+03,  0.8750000000000000E+01,  0.1125000000000000E+01,  0.2314390208423069E-04,
  0.4990000000000000E+03,  0.9250000000000000E+01,  0.1125000000000000E+01,  0.2302290757436774E-04,
  0.5000000000000000E+03,  0.9750000000000000E+01,  0.1125000000000000E+01,  0.2289794991405113E-04,
  0.5010000000000000E+03,  0.1025000000000000E+02,  0.1125000000000000E+01,  0.2276966919109224E-04,
  0.5020000000000000E+03,  0.1075000000000000E+02,  0.1125000000000000E+01,  0.2263912158115481E-04,
  0.5030000000000000E+03,  0.1125000000000000E+02,  0.1125000000000000E+01,  0.2250728598522249E-04,
  0.5040000000000000E+03,  0.1175000000000000E+02,  0.1125000000000000E+01,  0.2237491284450739E-04,
  0.5050000000000000E+03,  0.1225000000000000E+02,  0.1125000000000000E+01,  0.2224250376890379E-04,
  0.5060000000000000E+03,  0.1275000000000000E+02,  0.1125000000000000E+01,  0.2211037883375446E-04,
  0.5070000000000000E+03,  0.1325000000000000E+02,  0.1125000000000000E+01,  0.2197871955931699E-04,
  0.5080000000000000E+03,  0.1375000000000000E+02,  0.1125000000000000E+01,  0.2184762713244904E-04,
  0.5090000000000000E+03,  0.1425000000000000E+02,  0.1125000000000000E+01,  0.2171715923954389E-04,
  0.5100000000000000E+03,  0.1475000000000000E+02,  0.1125000000000000E+01,  0.2158734134223108E-04,
  0.5110000000000000E+03,  0.1525000000000000E+02,  0.1125000000000000E+01,  0.2145818848773573E-04,
  0.5120000000000000E+03,  0.1575000000000000E+02,  0.1125000000000000E+01,  0.2132971235123508E-04,
  0.5130000000000000E+03,  0.1625000000000000E+02,  0.1125000000000000E+01,  0.2120192460125369E-04,
  0.5140000000000000E+03,  0.1675000000000000E+02,  0.1125000000000000E+01,  0.2107482912479001E-04,
  0.5150000000000000E+03,  0.1725000000000000E+02,  0.1125000000000000E+01,  0.2094844340558913E-04,
  0.5160000000000000E+03,  0.1775000000000000E+02,  0.1125000000000000E+01,  0.2082277344602684E-04,
  0.5170000000000000E+03,  0.1825000000000000E+02,  0.1125000000000000E+01,  0.2069783584665971E-04,
  0.5180000000000000E+03,  0.1875000000000000E+02,  0.1125000000000000E+01,  0.2057363942452351E-04,
  0.5190000000000000E+03,  0.1925000000000000E+02,  0.1125000000000000E+01,  0.2045019611634946E-04,
  0.5200000000000000E+03,  0.1975000000000000E+02,  0.1125000000000000E+01,  0.2032752623025904E-04,
  0.5210000000000000E+03,  0.2025000000000000E+02,  0.1125000000000000E+01,  0.2020563950150129E-04,
  0.5220000000000000E+03,  0.2075000000000000E+02,  0.1125000000000000E+01,  0.2008454805631677E-04,
  0.5230000000000000E+03,  0.2125000000000000E+02,  0.1125000000000000E+01,  0.1996426905202899E-04,
  0.5240000000000000E+03,  0.2175000000000000E+02,  0.1125000000000000E+01,  0.1984481929971751E-04,
  0.5250000000000000E+03,  0.2225000000000000E+02,  0.1125000000000000E+01,  0.1972621103082629E-04,
  0.5260000000000000E+03,  0.2275000000000000E+02,  0.1125000000000000E+01,  0.1960845706204549E-04,
  0.5270000000000000E+03,  0.2325000000000000E+02,  0.1125000000000000E+01,  0.1949157832326171E-04,
  0.5280000000000000E+03,  0.2375000000000000E+02,  0.1125000000000000E+01,  0.1937558941697137E-04,
  0.5290000000000000E+03,  0.2425000000000000E+02,  0.1125000000000000E+01,  0.1926050399626007E-04,
  0.5300000000000000E+03,  0.2475000000000000E+02,  0.1125000000000000E+01,  0.1914633840331753E-04,
  0.5310000000000000E+03,  0.2525000000000000E+02,  0.1125000000000000E+01,  0.1903311157496128E-04,
  0.5320000000000000E+03,  0.2575000000000000E+02,  0.1125000000000000E+01,  0.1892084037210868E-04,
  0.5330000000000000E+03,  0.2625000000000000E+02,  0.1125000000000000E+01,  0.1880953946150186E-04,
  0.5340000000000000E+03,  0.2675000000000000E+02,  0.1125000000000000E+01,  0.1869922616917231E-04,
  0.5350000000000000E+03,  0.2725000000000000E+02,  0.1125000000000000E+01,  0.1858992178795699E-04,
  0.5360000000000000E+03,  0.2775000000000000E+02,  0.1125000000000000E+01,  0.1848163937022044E-04,
  0.5370000000000000E+03,  0.2825000000000000E+02,  0.1125000000000000E+01,  0.1837439924505897E-04,
  0.5380000000000000E+03,  0.2875000000000000E+02,  0.1125000000000000E+01,  0.1826822223339211E-04,
  0.5390000000000000E+03,  0.2925000000000000E+02,  0.1125000000000000E+01,  0.1816312349583060E-04,
  0.5400000000000000E+03,  0.2975000000000000E+02,  0.1125000000000000E+01,  0.1805912191118974E-04,
  0.5410000000000000E+03,  0.3025000000000000E+02,  0.1125000000000000E+01,  0.1795623871513969E-04,
  0.5420000000000000E+03,  0.3075000000000000E+02,  0.1125000000000000E+01,  0.1785449149622006E-04,
  0.5430000000000000E+03,  0.3125000000000000E+02,  0.1125000000000000E+01,  0.1775390237581535E-04,
  0.5440000000000000E+03,  0.3175000000000000E+02,  0.1125000000000000E+01,  0.1765448789278399E-04,
  0.5450000000000000E+03,  0.3225000000000000E+02,  0.1125000000000000E+01,  0.1755626931159162E-04,
  0.5460000000000000E+03,  0.3275000000000000E+02,  0.1125000000000000E+01,  0.1745926747376798E-04,
  0.5470000000000000E+03,  0.3325000000000000E+02,  0.1125000000000000E+01,  0.1736350046219333E-04,
  0.5480000000000000E+03,  0.3375000000000000E+02,  0.1125000000000000E+01,  0.1726899130532762E-04,
  0.5490000000000000E+03,  0.3425000000000000E+02,  0.1125000000000000E+01,  0.1717576010546849E-04,
  0.5500000000000000E+03,  0.3475000000000000E+02,  0.1125000000000000E+01,  0.1708382761256760E-04,
  0.5510000000000000E+03,  0.3525000000000000E+02,  0.1125000000000000E+01,  0.1699321422782918E-04,
  0.5520000000000000E+03,  0.3575000000000000E+02,  0.1125000000000000E+01,  0.1690394160780025E-04,
  0.5530000000000000E+03,  0.3625000000000000E+02,  0.1125000000000000E+01,  0.1681603250407181E-04,
  0.5540000000000000E+03,  0.3675000000000000E+02,  0.1125000000000000E+01,  0.1672950838068017E-04,
  0.5550000000000000E+03,  0.3725000000000000E+02,  0.1125000000000000E+01,  0.1664438744017617E-04,
  0.5560000000000000E+03,  0.3775000000000000E+02,  0.1125000000000000E+01,  0.1656069448370159E-04,
  0.5570000000000000E+03,  0.3825000000000000E+02,  0.1125000000000000E+01,  0.1647845106498410E-04,
  0.5580000000000000E+03,  0.3875000000000000E+02,  0.1125000000000000E+01,  0.1639767800652966E-04,
  0.5590000000000000E+03,  0.3925000000000000E+02,  0.1125000000000000E+01,  0.1631839589368843E-04,
  0.5600000000000000E+03,  0.3975000000000000E+02,  0.1125000000000000E+01,  0.1624062923226088E-04,
  0.5610000000000000E+03,  0.4025000000000000E+02,  0.1125000000000000E+01,  0.1616439876316431E-04,
  0.5620000000000000E+03,  0.4075000000000000E+02,  0.1125000000000000E+01,  0.1608972484162088E-04,
  0.5630000000000000E+03,  0.4125000000000000E+02,  0.1125000000000000E+01,  0.1601663260538631E-04,
  0.5640000000000000E+03,  0.4175000000000000E+02,  0.1125000000000000E+01,  0.1594514153632477E-04,
  0.5650000000000000E+03,  0.4225000000000000E+02,  0.1125000000000000E+01,  0.1587527400461894E-04,
  0.5660000000000000E+03,  0.4275000000000000E+02,  0.1125000000000000E+01,  0.1580705046390867E-04,
  0.5670000000000000E+03,  0.4325000000000000E+02,  0.1125000000000000E+01,  0.1574049436133690E-04,
  0.5680000000000000E+03,  0.4375000000000000E+02,  0.1125000000000000E+01,  0.1567562454074922E-04,
  0.5690000000000000E+03,  0.4425000000000000E+02,  0.1125000000000000E+01,  0.1561246413707203E-04,
  0.5700000000000000E+03,  0.4475000000000000E+02,  0.1125000000000000E+01,  0.1555103410062155E-04,
  0.5710000000000000E+03,  0.4525000000000000E+02,  0.1125000000000000E+01,  0.1549135409888113E-04,
  0.5720000000000000E+03,  0.4575000000000000E+02,  0.1125000000000000E+01,  0.1543344596667663E-04,
  0.5730000000000000E+03,  0.4625000000000000E+02,  0.1125000000000000E+01,  0.1537732823140660E-04,
  0.5740000000000000E+03,  0.4675000000000000E+02,  0.1125000000000000E+01,  0.1532302267790622E-04,
  0.5750000000000000E+03,  0.4725000000000000E+02,  0.1125000000000000E+01,  0.1527054338579502E-04,
  0.5760000000000000E+03,  0.4775000000000000E+02,  0.1125000000000000E+01,  0.1521990213939415E-04,
  0.5770000000000000E+03,  0.4825000000000000E+02,  0.1125000000000000E+01,  0.1517110457735671E-04,
  0.5780000000000000E+03,  0.4875000000000000E+02,  0.1125000000000000E+01,  0.1512413965314089E-04,
  0.5790000000000000E+03,  0.4925000000000000E+02,  0.1125000000000000E+01,  0.1507897969137289E-04,
  0.5800000000000000E+03,  0.4975000000000000E+02,  0.1125000000000000E+01,  0.1503556596854692E-04,
  0.5810000000000000E+03,  0.5025000000000000E+02,  0.1125000000000000E+01,  0.1499380425616479E-04,
  0.5820000000000000E+03,  0.5075000000000000E+02,  0.1125000000000000E+01,  0.1495357036175329E-04,
  0.5830000000000000E+03,  0.5125000000000000E+02,  0.1125000000000000E+01,  0.1491473508481774E-04,
  0.5840000000000000E+03,  0.5175000000000000E+02,  0.1125000000000000E+01,  0.1487725931886993E-04,
  0.5850000000000000E+03,  0.5225000000000000E+02,  0.1125000000000000E+01,  0.1484138981044702E-04,
  0.5860000000000000E+03,  0.5275000000000000E+02,  0.1125000000000000E+01,  0.1480806379449352E-04,
  0.5870000000000000E+03,  0.5325000000000000E+02,  0.1125000000000000E+01,  0.1477964344945234E-04,
  0.5880000000000000E+03,  0.5375000000000000E+02,  0.1125000000000000E+01,  0.1476113131997937E-04,
  0.5890000000000000E+03,  0.5425000000000000E+02,  0.1125000000000000E+01,  0.1476201092663682E-04,
  0.5900000000000000E+03,  0.5475000000000000E+02,  0.1125000000000000E+01,  0.1479871275815084E-04,
  0.5910000000000000E+03,  0.5525000000000000E+02,  0.1125000000000000E+01,  0.1489727503546746E-04,
  0.5920000000000000E+03,  0.5575000000000000E+02,  0.1125000000000000E+01,  0.1509483700904380E-04,
  0.5930000000000000E+03,  0.5625000000000000E+02,  0.1125000000000000E+01,  0.1543640656676113E-04,
  0.5940000000000000E+03,  0.5675000000000000E+02,  0.1125000000000000E+01,  0.1595875532721659E-04,
  0.5950000000000000E+03,  0.5725000000000000E+02,  0.1125000000000000E+01,  0.1664443210158970E-04,
  0.5960000000000000E+03,  0.5775000000000000E+02,  0.1125000000000000E+01,  0.1732622985117810E-04,
  0.5970000000000000E+03,  0.5825000000000000E+02,  0.1125000000000000E+01,  0.1753699208673801E-04,
  0.5980000000000000E+03,  0.5875000000000000E+02,  0.1125000000000000E+01,  0.1643492972748249E-04,
  0.5990000000000000E+03,  0.5925000000000000E+02,  0.1125000000000000E+01,  0.1328783374572570E-04,
  0.6000000000000000E+03,  0.5975000000000000E+02,  0.1125000000000000E+01,  0.8954906441781366E-05,
  0.6010000000000000E+03,  0.2500000000000000E+00,  0.1375000000000000E+01,  0.2758025287711548E-03,
  0.6020000000000000E+03,  0.7500000000000000E+00,  0.1375000000000000E+01,  0.2028943589732258E-03,
  0.6030000000000000E+03,  0.1250000000000000E+01,  0.1375000000000000E+01,  0.2103644729962114E-03,
  0.6040000000000000E+03,  0.1750000000000000E+01,  0.1375000000000000E+01,  0.2269106297779639E-03,
  0.6050000000000000E+03,  0.2250000000000000E+01,  0.1375000000000000E+01,  0.2329124231878353E-03,
  0.6060000000000000E+03,  0.2750000000000000E+01,  0.1375000000000000E+01,  0.2311672698720468E-03,
  0.6070000000000000E+03,  0.3250000000000000E+01,  0.1375000000000000E+01,  0.2261471237755595E-03,
  0.6080000000000000E+03,  0.3750000000000000E+01,  0.1375000000000000E+01,  0.2207591869979179E-03,
  0.6090000000000000E+03,  0.4250000000000000E+01,  0.1375000000000000E+01,  0.2161544119865224E-03,
  0.6100000000000000E+03,  0.4750000000000000E+01,  0.1375000000000000E+01,  0.2124957541464571E-03,
  0.6110000000000000E+03,  0.5250000000000000E+01,  0.1375000000000000E+01,  0.2095839025577694E-03,
  0.6120000000000000E+03,  0.5750000000000000E+01,  0.1375000000000000E+01,  0.2071627112701363E-03,
  0.6130000000000000E+03,  0.6250000000000000E+01,  0.1375000000000000E+01,  0.2050276467651731E-03,
  0.6140000000000000E+03,  0.6750000000000000E+01,  0.1375000000000000E+01,  0.2030430308415082E-03,
  0.6150000000000000E+03,  0.7250000000000000E+01,  0.1375000000000000E+01,  0.2011287849664718E-03,
  0.6160000000000000E+03,  0.7750000000000000E+01,  0.1375000000000000E+01,  0.1992420361821543E-03,
  0.6170000000000000E+03,  0.8250000000000000E+01,  0.1375000000000000E+01,  0.1973621562427745E-03,
  0.6180000000000000E+03,  0.8750000000000000E+01,  0.1375000000000000E+01,  0.1954806538584532E-03,
  0.6190000000000000E+03,  0.9250000000000000E+01,  0.1375000000000000E+01,  0.1935950231492722E-03,
  0.6200000000000000E+03,  0.9750000000000000E+01,  0.1375000000000000E+01,  0.1917053317533309E-03,
  0.6210000000000000E+03,  0.1025000000000000E+02,  0.1375000000000000E+01,  0.1898125225987260E-03,
  0.6220000000000000E+03,  0.1075000000000000E+02,  0.1375000000000000E+01,  0.1879176172151671E-03,
  0.6230000000000000E+03,  0.1125000000000000E+02,  0.1375000000000000E+01,  0.1860214364665842E-03,
  0.6240000000000000E+03,  0.1175000000000000E+02,  0.1375000000000000E+01,  0.1841245792072147E-03,
  0.6250000000000000E+03,  0.1225000000000000E+02,  0.1375000000000000E+01,  0.1822274188803166E-03,
  0.6260000000000000E+03,  0.1275000000000000E+02,  0.1375000000000000E+01,  0.1803301721712383E-03,
  0.6270000000000000E+03,  0.1325000000000000E+02,  0.1375000000000000E+01,  0.1784329625066048E-03,
  0.6280000000000000E+03,  0.1375000000000000E+02,  0.1375000000000000E+01,  0.1765358480765434E-03,
  0.6290000000000000E+03,  0.1425000000000000E+02,  0.1375000000000000E+01,  0.1746388649965103E-03,
  0.6300000000000000E+03,  0.1475000000000000E+02,  0.1375000000000000E+01,  0.1727420160737034E-03,
  0.6310000000000000E+03,  0.1525000000000000E+02,  0.1375000000000000E+01,  0.1708453073502426E-03,
  0.6320000000000000E+03,  0.1575000000000000E+02,  0.1375000000000000E+01,  0.1689487456442539E-03,
  0.6330000000000000E+03,  0.1625000000000000E+02,  0.1375000000000000E+01,  0.1670523437952773E-03,
  0.6340000000000000E+03,  0.1675000000000000E+02,  0.1375000000000000E+01,  0.1651560747854142E-03,
  0.6350000000000000E+03,  0.1725000000000000E+02,  0.1375000000000000E+01,  0.1632599660785488E-03,
  0.6360000000000000E+03,  0.1775000000000000E+02,  0.1375000000000000E+01,  0.1613640135077142E-03,
  0.6370000000000000E+03,  0.1825000000000000E+02,  0.1375000000000000E+01,  0.1594682243629666E-03,
  0.6380000000000000E+03,  0.1875000000000000E+02,  0.1375000000000000E+01,  0.1575726026258089E-03,
  0.6390000000000000E+03,  0.1925000000000000E+02,  0.1375000000000000E+01,  0.1556771510649747E-03,
  0.6400000000000000E+03,  0.1975000000000000E+02,  0.1375000000000000E+01,  0.1537818832147840E-03,
  0.6410000000000000E+03,  0.2025000000000000E+02,  0.1375000000000000E+01,  0.1518868021924733E-03,
  0.6420000000000000E+03,  0.2075000000000000E+02,  0.1375000000000000E+01,  0.1499919150795037E-03,
  0.6430000000000000E+03,  0.2125000000000000E+02,  0.1375000000000000E+01,  0.1480972256966359E-03,
  0.6440000000000000E+03,  0.2175000000000000E+02,  0.1375000000000000E+01,  0.1462027509281954E-03,
  0.6450000000000000E+03,  0.2225000000000000E+02,  0.1375000000000000E+01,  0.1443084917675679E-03,
  0.6460000000000000E+03,  0.2275000000000000E+02,  0.1375000000000000E+01,  0.1424144587016360E-03,
  0.6470000000000000E+03,  0.2325000000000000E+02,  0.1375000000000000E+01,  0.1405206608727745E-03,
  0.6480000000000000E+03,  0.2375000000000000E+02,  0.1375000000000000E+01,  0.1386271044572567E-03,
  0.6490000000000000E+03,  0.2425000000000000E+02,  0.1375000000000000E+01,  0.1367338064024920E-03,
  0.6500000000000000E+03,  0.2475000000000000E+02,  0.1375000000000000E+01,  0.1348407742983342E-03,
  0.6510000000000000E+03,  0.2525000000000000E+02,  0.1375000000000000E+01,  0.1329480193429972E-03,
  0.6520000000000000E+03,  0.2575000000000000E+02,  0.1375000000000000E+01,  0.1310555517355269E-03,
  0.6530000000000000E+03,  0.2625000000000000E+02,  0.1375000000000000E+01,  0.1291633878042079E-03,
  0.6540000000000000E+03,  0.2675000000000000E+02,  0.1375000000000000E+01,  0.1272715384687613E-03,
  0.6550000000000000E+03,  0.2725000000000000E+02,  0.1375000000000000E+01,  0.1253800183990616E-03,
  0.6560000000000000E+03,  0.2775000000000000E+02,  0.1375000000000000E+01,  0.1234888450575241E-03,
  0.6570000000000000E+03,  0.2825000000000000E+02,  0.1375000000000000E+01,  0.1215980280330027E-03,
  0.6580000000000000E+03,  0.2875000000000000E+02,  0.1375000000000000E+01,  0.1197075925584283E-03,
  0.6590000000000000E+03,  0.2925000000000000E+02,  0.1375000000000000E+01,  0.1178175533938113E-03,
  0.6600000000000000E+03,  0.2975000000000000E+02,  0.1375000000000000E+01,  0.1159279293645357E-03,
  0.6610000000000000E+03,  0.3025000000000000E+02,  0.1375000000000000E+01,  0.1140387381576484E-03,
  0.6620000000000000E+03,  0.3075000000000000E+02,  0.1375000000000000E+01,  0.1121500086679390E-03,
  0.6630000000000000E+03,  0.3125000000000000E+02,  0.1375000000000000E+01,  0.1102617607263862E-03,
  0.6640000000000000E+03,  0.3175000000000000E+02,  0.1375000000000000E+01,  0.1083740199018935E-03,
  0.6650000000000000E+03,  0.3225000000000000E+02,  0.1375000000000000E+01,  0.1064868140660962E-03,
  0.6660000000000000E+03,  0.3275000000000000E+02,  0.1375000000000000E+01,  0.1046001663037422E-03,
  0.6670000000000000E+03,  0.3325000000000000E+02,  0.1375000000000000E+01,  0.1027141159419748E-03,
  0.6680000000000000E+03,  0.3375000000000000E+02,  0.1375000000000000E+01,  0.1008286926946090E-03,
  0.6690000000000000E+03,  0.3425000000000000E+02,  0.1375000000000000E+01,  0.9894393219344114E-04,
  0.6700000000000000E+03,  0.3475000000000000E+02,  0.1375000000000000E+01,  0.9705987011256730E-04,
  0.6710000000000000E+03,  0.3525000000000000E+02,  0.1375000000000000E+01,  0.9517655466683853E-04,
  0.6720000000000000E+03,  0.3575000000000000E+02,  0.1375000000000000E+01,  0.9329402748312724E-04,
  0.6730000000000000E+03,  0.3625000000000000E+02,  0.1375000000000000E+01,  0.9141233726137200E-04,
  0.6740000000000000E+03,  0.3675000000000000E+02,  0.1375000000000000E+01,  0.8953153653202356E-04,
  0.6750000000000000E+03,  0.3725000000000000E+02,  0.1375000000000000E+01,  0.8765167945349815E-04,
  0.6760000000000000E+03,  0.3775000000000000E+02,  0.1375000000000000E+01,  0.8577283549562485E-04,
  0.6770000000000000E+03,  0.3825000000000000E+02,  0.1375000000000000E+01,  0.8389506837433412E-04,
  0.6780000000000000E+03,  0.3875000000000000E+02,  0.1375000000000000E+01,  0.8201844872660974E-04,
  0.6790000000000000E+03,  0.3925000000000000E+02,  0.1375000000000000E+01,  0.8014306638000439E-04,
  0.6800000000000000E+03,  0.3975000000000000E+02,  0.1375000000000000E+01,  0.7826900333258793E-04,
  0.6810000000000000E+03,  0.4025000000000000E+02,  0.1375000000000000E+01,  0.7639635372863271E-04,
  0.6820000000000000E+03,  0.4075000000000000E+02,  0.1375000000000000E+01,  0.7452523251238853E-04,
  0.6830000000000000E+03,  0.4125000000000000E+02,  0.1375000000000000E+01,  0.7265575331420560E-04,
  0.6840000000000000E+03,  0.4175000000000000E+02,  0.1375000000000000E+01,  0.7078804653382765E-04,
  0.6850000000000000E+03,  0.4225000000000000E+02,  0.1375000000000000E+01,  0.6892225432306451E-04,
  0.6860000000000000E+03,  0.4275000000000000E+02,  0.1375000000000000E+01,  0.6705853890940654E-04,
  0.6870000000000000E+03,  0.4325000000000000E+02,  0.1375000000000000E+01,  0.6519707959344861E-04,
  0.6880000000000000E+03,  0.4375000000000000E+02,  0.1375000000000000E+01,  0.6333807386181136E-04,
  0.6890000000000000E+03,  0.4425000000000000E+02,  0.1375000000000000E+01,  0.6148174188778491E-04,
  0.6900000000000000E+03,  0.4475000000000000E+02,  0.1375000000000000E+01,  0.5962833559712852E-04,
  0.6910000000000000E+03,  0.4525000000000000E+02,  0.1375000000000000E+01,  0.5777813840650898E-04,
  0.6920000000000000E+03,  0.4575000000000000E+02,  0.1375000000000000E+01,  0.5593146474896457E-04,
  0.6930000000000000E+03,  0.4625000000000000E+02,  0.1375000000000000E+01,  0.5408867584149492E-04,
  0.6940000000000000E+03,  0.4675000000000000E+02,  0.1375000000000000E+01,  0.5225018376903019E-04,
  0.6950000000000000E+03,  0.4725000000000000E+02,  0.1375000000000000E+01,  0.5041645807739342E-04,
  0.6960000000000000E+03,  0.4775000000000000E+02,  0.1375000000000000E+01,  0.4858803626867557E-04,
  0.6970000000000000E+03,  0.4825000000000000E+02,  0.1375000000000000E+01,  0.4676554452171523E-04,
  0.6980000000000000E+03,  0.4875000000000000E+02,  0.1375000000000000E+01,  0.4494970790026225E-04,
  0.6990000000000000E+03,  0.4925000000000000E+02,  0.1375000000000000E+01,  0.4314137611264442E-04,
  0.7000000000000000E+03,  0.4975000000000000E+02,  0.1375000000000000E+01,  0.4134155070871820E-04,
  0.7010000000000000E+03,  0.5025000000000000E+02,  0.1375000000000000E+01,  0.3955142132067515E-04,
  0.7020000000000000E+03,  0.5075000000000000E+02,  0.1375000000000000E+01,  0.3777241224204022E-04,
  0.7030000000000000E+03,  0.5125000000000000E+02,  0.1375000000000000E+01,  0.3600624277477671E-04,
  0.7040000000000000E+03,  0.5175000000000000E+02,  0.1375000000000000E+01,  0.3425500216471617E-04,
  0.7050000000000000E+03,  0.5225000000000000E+02,  0.1375000000000000E+01,  0.3252124026976996E-04,
  0.7060000000000000E+03,  0.5275000000000000E+02,  0.1375000000000000E+01,  0.3080809104360034E-04,
  0.7070000000000000E+03,  0.5325000000000000E+02,  0.1375000000000000E+01,  0.2911943572074830E-04,
  0.7080000000000000E+03,  0.5375000000000000E+02,  0.1375000000000000E+01,  0.2746014146338730E-04,
  0.7090000000000000E+03,  0.5425000000000000E+02,  0.1375000000000000E+01,  0.2583649806200874E-04,
  0.7100000000000000E+03,  0.5475000000000000E+02,  0.1375000000000000E+01,  0.2425711865927415E-04,
  0.7110000000000000E+03,  0.5525000000000000E+02,  0.1375000000000000E+01,  0.2273499408897029E-04,
  0.7120000000000000E+03,  0.5575000000000000E+02,  0.1375000000000000E+01,  0.2129208448947262E-04,
  0.7130000000000000E+03,  0.5625000000000000E+02,  0.1375000000000000E+01,  0.1996836957655064E-04,
  0.7140000000000000E+03,  0.5675000000000000E+02,  0.1375000000000000E+01,  0.1883440713421813E-04,
  0.7150000000000000E+03,  0.5725000000000000E+02,  0.1375000000000000E+01,  0.1799170412021294E-04,
  0.7160000000000000E+03,  0.5775000000000000E+02,  0.1375000000000000E+01,  0.1750858462836324E-04,
  0.7170000000000000E+03,  0.5825000000000000E+02,  0.1375000000000000E+01,  0.1724911250540912E-04,
  0.7180000000000000E+03,  0.5875000000000000E+02,  0.1375000000000000E+01,  0.1656129626138936E-04,
  0.7190000000000000E+03,  0.5925000000000000E+02,  0.1375000000000000E+01,  0.1422534878551593E-04,
  0.7200000000000000E+03,  0.5975000000000000E+02,  0.1375000000000000E+01,  0.1114471460765526E-04,
  0.7210000000000000E+03,  0.2500000000000000E+00,  0.1625000000000000E+01,  0.4205015438283470E-03,
  0.7220000000000000E+03,  0.7500000000000000E+00,  0.1625000000000000E+01,  0.3957651119208423E-03,
  0.7230000000000000E+03,  0.1250000000000000E+01,  0.1625000000000000E+01,  0.4226948344701911E-03,
  0.7240000000000000E+03,  0.1750000000000000E+01,  0.1625000000000000E+01,  0.4354389912724923E-03,
  0.7250000000000000E+03,  0.2250000000000000E+01,  0.1625000000000000E+01,  0.4364273474475857E-03,
  0.7260000000000000E+03,  0.2750000000000000E+01,  0.1625000000000000E+01,  0.4311556422697626E-03,
  0.7270000000000000E+03,  0.3250000000000000E+01,  0.1625000000000000E+01,  0.4235271708192200E-03,
  0.7280000000000000E+03,  0.3750000000000000E+01,  0.1625000000000000E+01,  0.4159067340384607E-03,
  0.7290000000000000E+03,  0.4250000000000000E+01,  0.1625000000000000E+01,  0.4092048162844329E-03,
  0.7300000000000000E+03,  0.4750000000000000E+01,  0.1625000000000000E+01,  0.4035337997890643E-03,
  0.7310000000000000E+03,  0.5250000000000000E+01,  0.1625000000000000E+01,  0.3986875253451214E-03,
  0.7320000000000000E+03,  0.5750000000000000E+01,  0.1625000000000000E+01,  0.3944017052343311E-03,
  0.7330000000000000E+03,  0.6250000000000000E+01,  0.1625000000000000E+01,  0.3904561964544661E-03,
  0.7340000000000000E+03,  0.6750000000000000E+01,  0.1625000000000000E+01,  0.3866981808199560E-03,
  0.7350000000000000E+03,  0.7250000000000000E+01,  0.1625000000000000E+01,  0.3830332280620229E-03,
  0.7360000000000000E+03,  0.7750000000000000E+01,  0.1625000000000000E+01,  0.3794083495685946E-03,
  0.7370000000000000E+03,  0.8250000000000000E+01,  0.1625000000000000E+01,  0.3757965151885549E-03,
  0.7380000000000000E+03,  0.8750000000000000E+01,  0.1625000000000000E+01,  0.3721856446836940E-03,
  0.7390000000000000E+03,  0.9250000000000000E+01,  0.1625000000000000E+01,  0.3685713656111087E-03,
  0.7400000000000000E+03,  0.9750000000000000E+01,  0.1625000000000000E+01,  0.3649529469823419E-03,
  0.7410000000000000E+03,  0.1025000000000000E+02,  0.1625000000000000E+01,  0.3613310392220763E-03,
  0.7420000000000000E+03,  0.1075000000000000E+02,  0.1625000000000000E+01,  0.3577066248618228E-03,
  0.7430000000000000E+03,  0.1125000000000000E+02,  0.1625000000000000E+01,  0.3540806150064239E-03,
  0.7440000000000000E+03,  0.1175000000000000E+02,  0.1625000000000000E+01,  0.3504536588934848E-03,
  0.7450000000000000E+03,  0.1225000000000000E+02,  0.1625000000000000E+01,  0.3468262022619425E-03,
  0.7460000000000000E+03,  0.1275000000000000E+02,  0.1625000000000000E+01,  0.3431985131005171E-03,
  0.7470000000000000E+03,  0.1325000000000000E+02,  0.1625000000000000E+01,  0.3395707446763745E-03,
  0.7480000000000000E+03,  0.1375000000000000E+02,  0.1625000000000000E+01,  0.3359429893878347E-03,
  0.7490000000000000E+03,  0.1425000000000000E+02,  0.1625000000000000E+01,  0.3323152596163008E-03,
  0.7500000000000000E+03,  0.1475000000000000E+02,  0.1625000000000000E+01,  0.3286875815752451E-03,
  0.7510000000000000E+03,  0.1525000000000000E+02,  0.1625000000000000E+01,  0.3250599633808041E-03,
  0.7520000000000000E+03,  0.1575000000000000E+02,  0.1625000000000000E+01,  0.3214324076916529E-03,
  0.7530000000000000E+03,  0.1625000000000000E+02,  0.1625000000000000E+01,  0.3178049181884819E-03,
  0.7540000000000000E+03,  0.1675000000000000E+02,  0.1625000000000000E+01,  0.3141774697013426E-03,
  0.7550000000000000E+03,  0.1725000000000000E+02,  0.1625000000000000E+01,  0.3105500879325537E-03,
  0.7560000000000000E+03,  0.1775000000000000E+02,  0.1625000000000000E+01,  0.3069227582201965E-03,
  0.7570000000000000E+03,  0.1825000000000000E+02,  0.1625000000000000E+01,  0.3032954891171099E-03,
  0.7580000000000000E+03,  0.1875000000000000E+02,  0.1625000000000000E+01,  0.2996682839265909E-03,
  0.7590000000000000E+03,  0.1925000000000000E+02,  0.1625000000000000E+01,  0.2960411486196784E-03,
  0.7600000000000000E+03,  0.1975000000000000E+02,  0.1625000000000000E+01,  0.2924140600182422E-03,
  0.7610000000000000E+03,  0.2025000000000000E+02,  0.1625000000000000E+01,  0.2887870533463719E-03,
  0.7620000000000000E+03,  0.2075000000000000E+02,  0.1625000000000000E+01,  0.2851601128741376E-03,
  0.7630000000000000E+03,  0.2125000000000000E+02,  0.1625000000000000E+01,  0.2815332413640067E-03,
  0.7640000000000000E+03,  0.2175000000000000E+02,  0.1625000000000000E+01,  0.2779064489284741E-03,
  0.7650000000000000E+03,  0.2225000000000000E+02,  0.1625000000000000E+01,  0.2742797312901329E-03,
  0.7660000000000000E+03,  0.2275000000000000E+02,  0.1625000000000000E+01,  0.2706530988059954E-03,
  0.7670000000000000E+03,  0.2325000000000000E+02,  0.1625000000000000E+01,  0.2670265476612029E-03,
  0.7680000000000000E+03,  0.2375000000000000E+02,  0.1625000000000000E+01,  0.2634000922697323E-03,
  0.7690000000000000E+03,  0.2425000000000000E+02,  0.1625000000000000E+01,  0.2597737180270038E-03,
  0.7700000000000000E+03,  0.2475000000000000E+02,  0.1625000000000000E+01,  0.2561474506501600E-03,
  0.7710000000000000E+03,  0.2525000000000000E+02,  0.1625000000000000E+01,  0.2525212726074493E-03,
  0.7720000000000000E+03,  0.2575000000000000E+02,  0.1625000000000000E+01,  0.2488952100862697E-03,
  0.7730000000000000E+03,  0.2625000000000000E+02,  0.1625000000000000E+01,  0.2452692530440438E-03,
  0.7740000000000000E+03,  0.2675000000000000E+02,  0.1625000000000000E+01,  0.2416434064666573E-03,
  0.7750000000000000E+03,  0.2725000000000000E+02,  0.1625000000000000E+01,  0.2380176792027266E-03,
  0.7760000000000000E+03,  0.2775000000000000E+02,  0.1625000000000000E+01,  0.2343920804228498E-03,
  0.7770000000000000E+03,  0.2825000000000000E+02,  0.1625000000000000E+01,  0.2307666123004720E-03,
  0.7780000000000000E+03,  0.2875000000000000E+02,  0.1625000000000000E+01,  0.2271412776152827E-03,
  0.7790000000000000E+03,  0.2925000000000000E+02,  0.1625000000000000E+01,  0.2235160939373724E-03,
  0.7800000000000000E+03,  0.2975000000000000E+02,  0.1625000000000000E+01,  0.2198910500472760E-03,
  0.7810000000000000E+03,  0.3025000000000000E+02,  0.1625000000000000E+01,  0.2162661753219191E-03,
  0.7820000000000000E+03,  0.3075000000000000E+02,  0.1625000000000000E+01,  0.2126414634897209E-03,
  0.7830000000000000E+03,  0.3125000000000000E+02,  0.1625000000000000E+01,  0.2090169232147514E-03,
  0.7840000000000000E+03,  0.3175000000000000E+02,  0.1625000000000000E+01,  0.2053925708637983E-03,
  0.7850000000000000E+03,  0.3225000000000000E+02,  0.1625000000000000E+01,  0.2017684091471117E-03,
  0.7860000000000000E+03,  0.3275000000000000E+02,  0.1625000000000000E+01,  0.1981444524469257E-03,
  0.7870000000000000E+03,  0.3325000000000000E+02,  0.1625000000000000E+01,  0.1945207158077922E-03,
  0.7880000000000000E+03,  0.3375000000000000E+02,  0.1625000000000000E+01,  0.1908972079226269E-03,
  0.7890000000000000E+03,  0.3425000000000000E+02,  0.1625000000000000E+01,  0.1872739420221708E-03,
  0.7900000000000000E+03,  0.3475000000000000E+02,  0.1625000000000000E+01,  0.1836509289916570E-03,
  0.7910000000000000E+03,  0.3525000000000000E+02,  0.1625000000000000E+01,  0.1800281912828301E-03,
  0.7920000000000000E+03,  0.3575000000000000E+02,  0.1625000000000000E+01,  0.1764057385743230E-03,
  0.7930000000000000E+03,  0.3625000000000000E+02,  0.1625000000000000E+01,  0.1727835962295779E-03,
  0.7940000000000000E+03,  0.3675000000000000E+02,  0.1625000000000000E+01,  0.1691617804266203E-03,
  0.7950000000000000E+03,  0.3725000000000000E+02,  0.1625000000000000E+01,  0.1655403105147978E-03,
  0.7960000000000000E+03,  0.3775000000000000E+02,  0.1625000000000000E+01,  0.1619192099898910E-03,
  0.7970000000000000E+03,  0.3825000000000000E+02,  0.1625000000000000E+01,  0.1582985134543345E-03,
  0.7980000000000000E+03,  0.3875000000000000E+02,  0.1625000000000000E+01,  0.1546782341949947E-03,
  0.7990000000000000E+03,  0.3925000000000000E+02,  0.1625000000000000E+01,  0.1510584136211540E-03,
  0.8000000000000000E+03,  0.3975000000000000E+02,  0.1625000000000000E+01,  0.1474390779331720E-03,
  0.8010000000000000E+03,  0.4025000000000000E+02,  0.1625000000000000E+01,  0.1438202697016485E-03,
  0.8020000000000000E+03,  0.4075000000000000E+02,  0.1625000000000000E+01,  0.1402020274343986E-03,
  0.8030000000000000E+03,  0.4125000000000000E+02,  0.1625000000000000E+01,  0.1365844000615204E-03,
  0.8040000000000000E+03,  0.4175000000000000E+02,  0.1625000000000000E+01,  0.1329674300226608E-03,
  0.8050000000000000E+03,  0.4225000000000000E+02,  0.1625000000000000E+01,  0.1293511746468696E-03,
  0.8060000000000000E+03,  0.4275000000000000E+02,  0.1625000000000000E+01,  0.1257357011185467E-03,
  0.8070000000000000E+03,  0.4325000000000000E+02,  0.1625000000000000E+01,  0.1221210750780550E-03,
  0.8080000000000000E+03,  0.4375000000000000E+02,  0.1625000000000000E+01,  0.1185073741489207E-03,
  0.8090000000000000E+03,  0.4425000000000000E+02,  0.1625000000000000E+01,  0.1148946806733010E-03,
  0.8100000000000000E+03,  0.4475000000000000E+02,  0.1625000000000000E+01,  0.1112830983753811E-03,
  0.8110000000000000E+03,  0.4525000000000000E+02,  0.1625000000000000E+01,  0.1076727418100496E-03,
  0.8120000000000000E+03,  0.4575000000000000E+02,  0.1625000000000000E+01,  0.1040637317144102E-03,
  0.8130000000000000E+03,  0.4625000000000000E+02,  0.1625000000000000E+01,  0.1004562129224870E-03,
  0.8140000000000000E+03,  0.4675000000000000E+02,  0.1625000000000000E+01,  0.9685035393743184E-04,
  0.8150000000000000E+03,  0.4725000000000000E+02,  0.1625000000000000E+01,  0.9324635449508487E-04,
  0.8160000000000000E+03,  0.4775000000000000E+02,  0.1625000000000000E+01,  0.8964443411694377E-04,
  0.8170000000000000E+03,  0.4825000000000000E+02,  0.1625000000000000E+01,  0.8604486209608624E-04,
  0.8180000000000000E+03,  0.4875000000000000E+02,  0.1625000000000000E+01,  0.8244796637422702E-04,
  0.8190000000000000E+03,  0.4925000000000000E+02,  0.1625000000000000E+01,  0.7885413299315433E-04,
  0.8200000000000000E+03,  0.4975000000000000E+02,  0.1625000000000000E+01,  0.7526385347317085E-04,
  0.8210000000000000E+03,  0.5025000000000000E+02,  0.1625000000000000E+01,  0.7167772615058465E-04,
  0.8220000000000000E+03,  0.5075000000000000E+02,  0.1625000000000000E+01,  0.6809650004994071E-04,
  0.8230000000000000E+03,  0.5125000000000000E+02,  0.1625000000000000E+01,  0.6452109791169872E-04,
  0.8240000000000000E+03,  0.5175000000000000E+02,  0.1625000000000000E+01,  0.6095262619814378E-04,
  0.8250000000000000E+03,  0.5225000000000000E+02,  0.1625000000000000E+01,  0.5739233548616601E-04,
  0.8260000000000000E+03,  0.5275000000000000E+02,  0.1625000000000000E+01,  0.5384149845485895E-04,
  0.8270000000000000E+03,  0.5325000000000000E+02,  0.1625000000000000E+01,  0.5030112711185646E-04,
  0.8280000000000000E+03,  0.5375000000000000E+02,  0.1625000000000000E+01,  0.4677144127381660E-04,
  0.8290000000000000E+03,  0.5425000000000000E+02,  0.1625000000000000E+01,  0.4325108650055747E-04,
  0.8300000000000000E+03,  0.5475000000000000E+02,  0.1625000000000000E+01,  0.3973621902810484E-04,
  0.8310000000000000E+03,  0.5525000000000000E+02,  0.1625000000000000E+01,  0.3622021719669828E-04,
  0.8320000000000000E+03,  0.5575000000000000E+02,  0.1625000000000000E+01,  0.3269595966615776E-04,
  0.8330000000000000E+03,  0.5625000000000000E+02,  0.1625000000000000E+01,  0.2916485810239174E-04,
  0.8340000000000000E+03,  0.5675000000000000E+02,  0.1625000000000000E+01,  0.2565980317889475E-04,
  0.8350000000000000E+03,  0.5725000000000000E+02,  0.1625000000000000E+01,  0.2228890970506454E-04,
  0.8360000000000000E+03,  0.5775000000000000E+02,  0.1625000000000000E+01,  0.1929094552469351E-04,
  0.8370000000000000E+03,  0.5825000000000000E+02,  0.1625000000000000E+01,  0.1701910245665777E-04,
  0.8380000000000000E+03,  0.5875000000000000E+02,  0.1625000000000000E+01,  0.1577828076328066E-04,
  0.8390000000000000E+03,  0.5925000000000000E+02,  0.1625000000000000E+01,  0.1469107734429074E-04,
  0.8400000000000000E+03,  0.5975000000000000E+02,  0.1625000000000000E+01,  0.1298349183543592E-04,
  0.8410000000000000E+03,  0.2500000000000000E+00,  0.1875000000000000E+01,  0.5671021160379863E-03,
  0.8420000000000000E+03,  0.7500000000000000E+00,  0.1875000000000000E+01,  0.6153646024994309E-03,
  0.8430000000000000E+03,  0.1250000000000000E+01,  0.1875000000000000E+01,  0.6398565474775216E-03,
  0.8440000000000000E+03,  0.1750000000000000E+01,  0.1875000000000000E+01,  0.6423131428810471E-03,
  0.8450000000000000E+03,  0.2250000000000000E+01,  0.1875000000000000E+01,  0.6377007052314618E-03,
  0.8460000000000000E+03,  0.2750000000000000E+01,  0.1875000000000000E+01,  0.6293949157882863E-03,
  0.8470000000000000E+03,  0.3250000000000000E+01,  0.1875000000000000E+01,  0.6198659083336275E-03,
  0.8480000000000000E+03,  0.3750000000000000E+01,  0.1875000000000000E+01,  0.6105481313831026E-03,
  0.8490000000000000E+03,  0.4250000000000000E+01,  0.1875000000000000E+01,  0.6020958556366811E-03,
  0.8500000000000000E+03,  0.4750000000000000E+01,  0.1875000000000000E+01,  0.5946111636308480E-03,
  0.8510000000000000E+03,  0.5250000000000000E+01,  0.1875000000000000E+01,  0.5879322524543058E-03,
  0.8520000000000000E+03,  0.5750000000000000E+01,  0.1875000000000000E+01,  0.5818263420750533E-03,
  0.8530000000000000E+03,  0.6250000000000000E+01,  0.1875000000000000E+01,  0.5760850547990422E-03,
  0.8540000000000000E+03,  0.6750000000000000E+01,  0.1875000000000000E+01,  0.5705549434174376E-03,
  0.8550000000000000E+03,  0.7250000000000000E+01,  0.1875000000000000E+01,  0.5651360953017112E-03,
  0.8560000000000000E+03,  0.7750000000000000E+01,  0.1875000000000000E+01,  0.5597694385260271E-03,
  0.8570000000000000E+03,  0.8250000000000000E+01,  0.1875000000000000E+01,  0.5544231011316728E-03,
  0.8580000000000000E+03,  0.8750000000000000E+01,  0.1875000000000000E+01,  0.5490816647504710E-03,
  0.8590000000000000E+03,  0.9250000000000000E+01,  0.1875000000000000E+01,  0.5437386979077829E-03,
  0.8600000000000000E+03,  0.9750000000000000E+01,  0.1875000000000000E+01,  0.5383923626820009E-03,
  0.8610000000000000E+03,  0.1025000000000000E+02,  0.1875000000000000E+01,  0.5330426944329486E-03,
  0.8620000000000000E+03,  0.1075000000000000E+02,  0.1875000000000000E+01,  0.5276904582479645E-03,
  0.8630000000000000E+03,  0.1125000000000000E+02,  0.1875000000000000E+01,  0.5223364936980172E-03,
  0.8640000000000000E+03,  0.1175000000000000E+02,  0.1875000000000000E+01,  0.5169814353774820E-03,
  0.8650000000000000E+03,  0.1225000000000000E+02,  0.1875000000000000E+01,  0.5116257483523757E-03,
  0.8660000000000000E+03,  0.1275000000000000E+02,  0.1875000000000000E+01,  0.5062697559768748E-03,
  0.8670000000000000E+03,  0.1325000000000000E+02,  0.1875000000000000E+01,  0.5009136069033347E-03,
  0.8680000000000000E+03,  0.1375000000000000E+02,  0.1875000000000000E+01,  0.4955573974129578E-03,
  0.8690000000000000E+03,  0.1425000000000000E+02,  0.1875000000000000E+01,  0.4902011785640927E-03,
  0.8700000000000000E+03,  0.1475000000000000E+02,  0.1875000000000000E+01,  0.4848449983472369E-03,
  0.8710000000000000E+03,  0.1525000000000000E+02,  0.1875000000000000E+01,  0.4794888143567712E-03,
  0.8720000000000000E+03,  0.1575000000000000E+02,  0.1875000000000000E+01,  0.4741326678762585E-03,
  0.8730000000000000E+03,  0.1625000000000000E+02,  0.1875000000000000E+01,  0.4687765526258339E-03,
  0.8740000000000000E+03,  0.1675000000000000E+02,  0.1875000000000000E+01,  0.4634204479020177E-03,
  0.8750000000000000E+03,  0.1725000000000000E+02,  0.1875000000000000E+01,  0.4580643506295715E-03,
  0.8760000000000000E+03,  0.1775000000000000E+02,  0.1875000000000000E+01,  0.4527082891074841E-03,
  0.8770000000000000E+03,  0.1825000000000000E+02,  0.1875000000000000E+01,  0.4473522446014626E-03,
  0.8780000000000000E+03,  0.1875000000000000E+02,  0.1875000000000000E+01,  0.4419962031538182E-03,
  0.8790000000000000E+03,  0.1925000000000000E+02,  0.1875000000000000E+01,  0.4366401799624932E-03,
  0.8800000000000000E+03,  0.1975000000000000E+02,  0.1875000000000000E+01,  0.4312842048071843E-03,
  0.8810000000000000E+03,  0.2025000000000000E+02,  0.1875000000000000E+01,  0.4259282201756791E-03,
  0.8820000000000000E+03,  0.2075000000000000E+02,  0.1875000000000000E+01,  0.4205722559728484E-03,
  0.8830000000000000E+03,  0.2125000000000000E+02,  0.1875000000000000E+01,  0.4152163275107123E-03,
  0.8840000000000000E+03,  0.2175000000000000E+02,  0.1875000000000000E+01,  0.4098604210703106E-03,
  0.8850000000000000E+03,  0.2225000000000000E+02,  0.1875000000000000E+01,  0.4045045302805167E-03,
  0.8860000000000000E+03,  0.2275000000000000E+02,  0.1875000000000000E+01,  0.3991486705551910E-03,
  0.8870000000000000E+03,  0.2325000000000000E+02,  0.1875000000000000E+01,  0.3937928210705455E-03,
  0.8880000000000000E+03,  0.2375000000000000E+02,  0.1875000000000000E+01,  0.3884370119507542E-03,
  0.8890000000000000E+03,  0.2425000000000000E+02,  0.1875000000000000E+01,  0.3830812224545822E-03,
  0.8900000000000000E+03,  0.2475000000000000E+02,  0.1875000000000000E+01,  0.3777254610008750E-03,
  0.8910000000000000E+03,  0.2525000000000000E+02,  0.1875000000000000E+01,  0.3723697287996300E-03,
  0.8920000000000000E+03,  0.2575000000000000E+02,  0.1875000000000000E+01,  0.3670140270996546E-03,
  0.8930000000000000E+03,  0.2625000000000000E+02,  0.1875000000000000E+01,  0.3616583645949983E-03,
  0.8940000000000000E+03,  0.2675000000000000E+02,  0.1875000000000000E+01,  0.3563027281761863E-03,
  0.8950000000000000E+03,  0.2725000000000000E+02,  0.1875000000000000E+01,  0.3509471265451783E-03,
  0.8960000000000000E+03,  0.2775000000000000E+02,  0.1875000000000000E+01,  0.3455915614544162E-03,
  0.8970000000000000E+03,  0.2825000000000000E+02,  0.1875000000000000E+01,  0.3402360418006985E-03,
  0.8980000000000000E+03,  0.2875000000000000E+02,  0.1875000000000000E+01,  0.3348805549013095E-03,
  0.8990000000000000E+03,  0.2925000000000000E+02,  0.1875000000000000E+01,  0.3295251099821850E-03,
  0.9000000000000000E+03,  0.2975000000000000E+02,  0.1875000000000000E+01,  0.3241697091239295E-03,
  0.9010000000000000E+03,  0.3025000000000000E+02,  0.1875000000000000E+01,  0.3188143618209203E-03,
  0.9020000000000000E+03,  0.3075000000000000E+02,  0.1875000000000000E+01,  0.3134590486232873E-03,
  0.9030000000000000E+03,  0.3125000000000000E+02,  0.1875000000000000E+01,  0.3081038084377147E-03,
  0.9040000000000000E+03,  0.3175000000000000E+02,  0.1875000000000000E+01,  0.3027486002987968E-03,
  0.9050000000000000E+03,  0.3225000000000000E+02,  0.1875000000000000E+01,  0.2973934599666753E-03,
  0.9060000000000000E+03,  0.3275000000000000E+02,  0.1875000000000000E+01,  0.2920383831573827E-03,
  0.9070000000000000E+03,  0.3325000000000000E+02,  0.1875000000000000E+01,  0.2866833624385806E-03,
  0.9080000000000000E+03,  0.3375000000000000E+02,  0.1875000000000000E+01,  0.2813284049411192E-03,
  0.9090000000000000E+03,  0.3425000000000000E+02,  0.1875000000000000E+01,  0.2759735291883387E-03,
  0.9100000000000000E+03,  0.3475000000000000E+02,  0.1875000000000000E+01,  0.2706187211800632E-03,
  0.9110000000000000E+03,  0.3525000000000000E+02,  0.1875000000000000E+01,  0.2652639927328220E-03,
  0.9120000000000000E+03,  0.3575000000000000E+02,  0.1875000000000000E+01,  0.2599093523780734E-03,
  0.9130000000000000E+03,  0.3625000000000000E+02,  0.1875000000000000E+01,  0.2545547982182997E-03,
  0.9140000000000000E+03,  0.3675000000000000E+02,  0.1875000000000000E+01,  0.2492003396338251E-03,
  0.9150000000000000E+03,  0.3725000000000000E+02,  0.1875000000000000E+01,  0.2438459902411559E-03,
  0.9160000000000000E+03,  0.3775000000000000E+02,  0.1875000000000000E+01,  0.2384917423839613E-03,
  0.9170000000000000E+03,  0.3825000000000000E+02,  0.1875000000000000E+01,  0.2331376107064674E-03,
  0.9180000000000000E+03,  0.3875000000000000E+02,  0.1875000000000000E+01,  0.2277836108270756E-03,
  0.9190000000000000E+03,  0.3925000000000000E+02,  0.1875000000000000E+01,  0.2224297370623956E-03,
  0.9200000000000000E+03,  0.3975000000000000E+02,  0.1875000000000000E+01,  0.2170760065541146E-03,
  0.9210000000000000E+03,  0.4025000000000000E+02,  0.1875000000000000E+01,  0.2117224303074725E-03,
  0.9220000000000000E+03,  0.4075000000000000E+02,  0.1875000000000000E+01,  0.2063690202147790E-03,
  0.9230000000000000E+03,  0.4125000000000000E+02,  0.1875000000000000E+01,  0.2010157931864705E-03,
  0.9240000000000000E+03,  0.4175000000000000E+02,  0.1875000000000000E+01,  0.1956627603736782E-03,
  0.9250000000000000E+03,  0.4225000000000000E+02,  0.1875000000000000E+01,  0.1903099344991763E-03,
  0.9260000000000000E+03,  0.4275000000000000E+02,  0.1875000000000000E+01,  0.1849573338459794E-03,
  0.9270000000000000E+03,  0.4325000000000000E+02,  0.1875000000000000E+01,  0.1796049934478083E-03,
  0.9280000000000000E+03,  0.4375000000000000E+02,  0.1875000000000000E+01,  0.1742529180396253E-03,
  0.9290000000000000E+03,  0.4425000000000000E+02,  0.1875000000000000E+01,  0.1689011395931444E-03,
  0.9300000000000000E+03,  0.4475000000000000E+02,  0.1875000000000000E+01,  0.1635496925897409E-03,
  0.9310000000000000E+03,  0.4525000000000000E+02,  0.1875000000000000E+01,  0.1581986022929923E-03,
  0.9320000000000000E+03,  0.4575000000000000E+02,  0.1875000000000000E+01,  0.1528479102763398E-03,
  0.9330000000000000E+03,  0.4625000000000000E+02,  0.1875000000000000E+01,  0.1474976583069359E-03,
  0.9340000000000000E+03,  0.4675000000000000E+02,  0.1875000000000000E+01,  0.1421478974756803E-03,
  0.9350000000000000E+03,  0.4725000000000000E+02,  0.1875000000000000E+01,  0.1367986840920289E-03,
  0.9360000000000000E+03,  0.4775000000000000E+02,  0.1875000000000000E+01,  0.1314500950349111E-03,
  0.9370000000000000E+03,  0.4825000000000000E+02,  0.1875000000000000E+01,  0.1261022223139678E-03,
  0.9380000000000000E+03,  0.4875000000000000E+02,  0.1875000000000000E+01,  0.1207551728063660E-03,
  0.9390000000000000E+03,  0.4925000000000000E+02,  0.1875000000000000E+01,  0.1154091051922815E-03,
  0.9400000000000000E+03,  0.4975000000000000E+02,  0.1875000000000000E+01,  0.1100642205238233E-03,
  0.9410000000000000E+03,  0.5025000000000000E+02,  0.1875000000000000E+01,  0.1047207614058705E-03,
  0.9420000000000000E+03,  0.5075000000000000E+02,  0.1875000000000000E+01,  0.9937907244490144E-04,
  0.9430000000000000E+03,  0.5125000000000000E+02,  0.1875000000000000E+01,  0.9403952836947170E-04,
  0.9440000000000000E+03,  0.5175000000000000E+02,  0.1875000000000000E+01,  0.8870252223875084E-04,
  0.9450000000000000E+03,  0.5225000000000000E+02,  0.1875000000000000E+01,  0.8336831643492350E-04,
  0.9460000000000000E+03,  0.5275000000000000E+02,  0.1875000000000000E+01,  0.7803675783437401E-04,
  0.9470000000000000E+03,  0.5325000000000000E+02,  0.1875000000000000E+01,  0.7270671992512100E-04,
  0.9480000000000000E+03,  0.5375000000000000E+02,  0.1875000000000000E+01,  0.6737520369564223E-04,
  0.9490000000000000E+03,  0.5425000000000000E+02,  0.1875000000000000E+01,  0.6203598907549326E-04,
  0.9500000000000000E+03,  0.5475000000000000E+02,  0.1875000000000000E+01,  0.5667798475614067E-04,
  0.9510000000000000E+03,  0.5525000000000000E+02,  0.1875000000000000E+01,  0.5128388389849222E-04,
  0.9520000000000000E+03,  0.5575000000000000E+02,  0.1875000000000000E+01,  0.4583072844723730E-04,
  0.9530000000000000E+03,  0.5625000000000000E+02,  0.1875000000000000E+01,  0.4029530468776920E-04,
  0.9540000000000000E+03,  0.5675000000000000E+02,  0.1875000000000000E+01,  0.3466872565454633E-04,
  0.9550000000000000E+03,  0.5725000000000000E+02,  0.1875000000000000E+01,  0.2898506451976477E-04,
  0.9560000000000000E+03,  0.5775000000000000E+02,  0.1875000000000000E+01,  0.2337197584819977E-04,
  0.9570000000000000E+03,  0.5825000000000000E+02,  0.1875000000000000E+01,  0.1816583903591720E-04,
  0.9580000000000000E+03,  0.5875000000000000E+02,  0.1875000000000000E+01,  0.1428782239232304E-04,
  0.9590000000000000E+03,  0.5925000000000000E+02,  0.1875000000000000E+01,  0.1399010914438636E-04,
  0.9600000000000000E+03,  0.5975000000000000E+02,  0.1875000000000000E+01,  0.1380564025479012E-04,
  0.9610000000000000E+03,  0.2500000000000000E+00,  0.2125000000000000E+01,  0.1022281027344494E-02,
  0.9620000000000000E+03,  0.7500000000000000E+00,  0.2125000000000000E+01,  0.1192531963634736E-02,
  0.9630000000000000E+03,  0.1250000000000000E+01,  0.2125000000000000E+01,  0.1229935861635071E-02,
  0.9640000000000000E+03,  0.1750000000000000E+01,  0.2125000000000000E+01,  0.1230294558234830E-02,
  0.9650000000000000E+03,  0.2250000000000000E+01,  0.2125000000000000E+01,  0.1218211706936149E-02,
  0.9660000000000000E+03,  0.2750000000000000E+01,  0.2125000000000000E+01,  0.1201612694260451E-02,
  0.9670000000000000E+03,  0.3250000000000000E+01,  0.2125000000000000E+01,  0.1183863455947797E-02,
  0.9680000000000000E+03,  0.3750000000000000E+01,  0.2125000000000000E+01,  0.1166838311514883E-02,
  0.9690000000000000E+03,  0.4250000000000000E+01,  0.2125000000000000E+01,  0.1151345181240283E-02,
  0.9700000000000000E+03,  0.4750000000000000E+01,  0.2125000000000000E+01,  0.1137474199950305E-02,
  0.9710000000000000E+03,  0.5250000000000000E+01,  0.2125000000000000E+01,  0.1124949182678737E-02,
  0.9720000000000000E+03,  0.5750000000000000E+01,  0.2125000000000000E+01,  0.1113390780080028E-02,
  0.9730000000000000E+03,  0.6250000000000000E+01,  0.2125000000000000E+01,  0.1102456237221596E-02,
  0.9740000000000000E+03,  0.6750000000000000E+01,  0.2125000000000000E+01,  0.1091888903737131E-02,
  0.9750000000000000E+03,  0.7250000000000000E+01,  0.2125000000000000E+01,  0.1081518529462701E-02,
  0.9760000000000000E+03,  0.7750000000000000E+01,  0.2125000000000000E+01,  0.1071242592610894E-02,
  0.9770000000000000E+03,  0.8250000000000000E+01,  0.2125000000000000E+01,  0.1061004764332327E-02,
  0.9780000000000000E+03,  0.8750000000000000E+01,  0.2125000000000000E+01,  0.1050777150385423E-02,
  0.9790000000000000E+03,  0.9250000000000000E+01,  0.2125000000000000E+01,  0.1040547813991474E-02,
  0.9800000000000000E+03,  0.9750000000000000E+01,  0.2125000000000000E+01,  0.1030312951154068E-02,
  0.9810000000000000E+03,  0.1025000000000000E+02,  0.2125000000000000E+01,  0.1020072428402155E-02,
  0.9820000000000000E+03,  0.1075000000000000E+02,  0.2125000000000000E+01,  0.1009827513669781E-02,
  0.9830000000000000E+03,  0.1125000000000000E+02,  0.2125000000000000E+01,  0.9995794243520121E-03,
  0.9840000000000000E+03,  0.1175000000000000E+02,  0.2125000000000000E+01,  0.9893294196564215E-03,
  0.9850000000000000E+03,  0.1225000000000000E+02,  0.2125000000000000E+01,  0.9790782858427750E-03,
  0.9860000000000000E+03,  0.1275000000000000E+02,  0.2125000000000000E+01,  0.9688264990297792E-03,
  0.9870000000000000E+03,  0.1325000000000000E+02,  0.2125000000000000E+01,  0.9585744643922664E-03,
  0.9880000000000000E+03,  0.1375000000000000E+02,  0.2125000000000000E+01,  0.9483223169891875E-03,
  0.9890000000000000E+03,  0.1425000000000000E+02,  0.2125000000000000E+01,  0.9380700927414221E-03,
  0.9900000000000000E+03,  0.1475000000000000E+02,  0.2125000000000000E+01,  0.9278178848724253E-03,
  0.9910000000000000E+03,  0.1525000000000000E+02,  0.2125000000000000E+01,  0.9175657029295170E-03,
  0.9920000000000000E+03,  0.1575000000000000E+02,  0.2125000000000000E+01,  0.9073135796546917E-03,
  0.9930000000000000E+03,  0.1625000000000000E+02,  0.2125000000000000E+01,  0.8970614295556443E-03,
  0.9940000000000000E+03,  0.1675000000000000E+02,  0.2125000000000000E+01,  0.8868092521757830E-03,
  0.9950000000000000E+03,  0.1725000000000000E+02,  0.2125000000000000E+01,  0.8765571466522409E-03,
  0.9960000000000000E+03,  0.1775000000000000E+02,  0.2125000000000000E+01,  0.8663049879290225E-03,
  0.9970000000000000E+03,  0.1825000000000000E+02,  0.2125000000000000E+01,  0.8560529019720544E-03,
  0.9980000000000000E+03,  0.1875000000000000E+02,  0.2125000000000000E+01,  0.8458007432617158E-03,
  0.9990000000000000E+03,  0.1925000000000000E+02,  0.2125000000000000E+01,  0.8355486136609139E-03,
  0.1000000000000000E+04,  0.1975000000000000E+02,  0.2125000000000000E+01,  0.8252964695148511E-03,
  0.1001000000000000E+04,  0.2025000000000000E+02,  0.2125000000000000E+01,  0.8150443544787793E-03,
  0.1002000000000000E+04,  0.2075000000000000E+02,  0.2125000000000000E+01,  0.8047922103467802E-03,
  0.1003000000000000E+04,  0.2125000000000000E+02,  0.2125000000000000E+01,  0.7945400953260557E-03,
  0.1004000000000000E+04,  0.2175000000000000E+02,  0.2125000000000000E+01,  0.7842879512092395E-03,
  0.1005000000000000E+04,  0.2225000000000000E+02,  0.2125000000000000E+01,  0.7740358362050801E-03,
  0.1006000000000000E+04,  0.2275000000000000E+02,  0.2125000000000000E+01,  0.7637836921046885E-03,
  0.1007000000000000E+04,  0.2325000000000000E+02,  0.2125000000000000E+01,  0.7535315771168379E-03,
  0.1008000000000000E+04,  0.2375000000000000E+02,  0.2125000000000000E+01,  0.7432794621372434E-03,
  0.1009000000000000E+04,  0.2425000000000000E+02,  0.2125000000000000E+01,  0.7330273180640750E-03,
  0.1010000000000000E+04,  0.2475000000000000E+02,  0.2125000000000000E+01,  0.7227752031045903E-03,
  0.1011000000000000E+04,  0.2525000000000000E+02,  0.2125000000000000E+01,  0.7125230590515547E-03,
  0.1012000000000000E+04,  0.2575000000000000E+02,  0.2125000000000000E+01,  0.7022709441139404E-03,
  0.1013000000000000E+04,  0.2625000000000000E+02,  0.2125000000000000E+01,  0.6920188000828539E-03,
  0.1014000000000000E+04,  0.2675000000000000E+02,  0.2125000000000000E+01,  0.6817666851673085E-03,
  0.1015000000000000E+04,  0.2725000000000000E+02,  0.2125000000000000E+01,  0.6715145411592813E-03,
  0.1016000000000000E+04,  0.2775000000000000E+02,  0.2125000000000000E+01,  0.6612624262687895E-03,
  0.1017000000000000E+04,  0.2825000000000000E+02,  0.2125000000000000E+01,  0.6510102822869620E-03,
  0.1018000000000000E+04,  0.2875000000000000E+02,  0.2125000000000000E+01,  0.6407581674248910E-03,
  0.1019000000000000E+04,  0.2925000000000000E+02,  0.2125000000000000E+01,  0.6305060234737753E-03,
  0.1020000000000000E+04,  0.2975000000000000E+02,  0.2125000000000000E+01,  0.6202538795367135E-03,
  0.1021000000000000E+04,  0.3025000000000000E+02,  0.2125000000000000E+01,  0.6100017647202272E-03,
  0.1022000000000000E+04,  0.3075000000000000E+02,  0.2125000000000000E+01,  0.5997496208165085E-03,
  0.1023000000000000E+04,  0.3125000000000000E+02,  0.2125000000000000E+01,  0.5894975060356211E-03,
  0.1024000000000000E+04,  0.3175000000000000E+02,  0.2125000000000000E+01,  0.5792453621693486E-03,
  0.1025000000000000E+04,  0.3225000000000000E+02,  0.2125000000000000E+01,  0.5689932474268780E-03,
  0.1026000000000000E+04,  0.3275000000000000E+02,  0.2125000000000000E+01,  0.5587411181535654E-03,
  0.1027000000000000E+04,  0.3325000000000000E+02,  0.2125000000000000E+01,  0.5484889889025064E-03,
  0.1028000000000000E+04,  0.3375000000000000E+02,  0.2125000000000000E+01,  0.5382368596749729E-03,
  0.1029000000000000E+04,  0.3425000000000000E+02,  0.2125000000000000E+01,  0.5279847304717620E-03,
  0.1030000000000000E+04,  0.3475000000000000E+02,  0.2125000000000000E+01,  0.5177326012960727E-03,
  0.1031000000000000E+04,  0.3525000000000000E+02,  0.2125000000000000E+01,  0.5074804721477837E-03,
  0.1032000000000000E+04,  0.3575000000000000E+02,  0.2125000000000000E+01,  0.4972283430291983E-03,
  0.1033000000000000E+04,  0.3625000000000000E+02,  0.2125000000000000E+01,  0.4869762139421927E-03,
  0.1034000000000000E+04,  0.3675000000000000E+02,  0.2125000000000000E+01,  0.4767240848888040E-03,
  0.1035000000000000E+04,  0.3725000000000000E+02,  0.2125000000000000E+01,  0.4664719631472061E-03,
  0.1036000000000000E+04,  0.3775000000000000E+02,  0.2125000000000000E+01,  0.4562198414431942E-03,
  0.1037000000000000E+04,  0.3825000000000000E+02,  0.2125000000000000E+01,  0.4459677125054394E-03,
  0.1038000000000000E+04,  0.3875000000000000E+02,  0.2125000000000000E+01,  0.4357155836114894E-03,
  0.1039000000000000E+04,  0.3925000000000000E+02,  0.2125000000000000E+01,  0.4254634547630876E-03,
  0.1040000000000000E+04,  0.3975000000000000E+02,  0.2125000000000000E+01,  0.4152113114131525E-03,
  0.1041000000000000E+04,  0.4025000000000000E+02,  0.2125000000000000E+01,  0.4049591826708328E-03,
  0.1042000000000000E+04,  0.4075000000000000E+02,  0.2125000000000000E+01,  0.3947070539862546E-03,
  0.1043000000000000E+04,  0.4125000000000000E+02,  0.2125000000000000E+01,  0.3844549253640371E-03,
  0.1044000000000000E+04,  0.4175000000000000E+02,  0.2125000000000000E+01,  0.3742027968117327E-03,
  0.1045000000000000E+04,  0.4225000000000000E+02,  0.2125000000000000E+01,  0.3639506537808409E-03,
  0.1046000000000000E+04,  0.4275000000000000E+02,  0.2125000000000000E+01,  0.3536985253824205E-03,
  0.1047000000000000E+04,  0.4325000000000000E+02,  0.2125000000000000E+01,  0.3434464116228038E-03,
  0.1048000000000000E+04,  0.4375000000000000E+02,  0.2125000000000000E+01,  0.3331942834089108E-03,
  0.1049000000000000E+04,  0.4425000000000000E+02,  0.2125000000000000E+01,  0.3229421552991417E-03,
  0.1050000000000000E+04,  0.4475000000000000E+02,  0.2125000000000000E+01,  0.3126900250300016E-03,
  0.1051000000000000E+04,  0.4525000000000000E+02,  0.2125000000000000E+01,  0.3024378957988539E-03,
  0.1052000000000000E+04,  0.4575000000000000E+02,  0.2125000000000000E+01,  0.2921857519283727E-03,
  0.1053000000000000E+04,  0.4625000000000000E+02,  0.2125000000000000E+01,  0.2819336158317384E-03,
  0.1054000000000000E+04,  0.4675000000000000E+02,  0.2125000000000000E+01,  0.2716814666077747E-03,
  0.1055000000000000E+04,  0.4725000000000000E+02,  0.2125000000000000E+01,  0.2614293395210245E-03,
  0.1056000000000000E+04,  0.4775000000000000E+02,  0.2125000000000000E+01,  0.2511772111783742E-03,
  0.1057000000000000E+04,  0.4825000000000000E+02,  0.2125000000000000E+01,  0.2409251262877187E-03,
  0.1058000000000000E+04,  0.4875000000000000E+02,  0.2125000000000000E+01,  0.2306731076238620E-03,
  0.1059000000000000E+04,  0.4925000000000000E+02,  0.2125000000000000E+01,  0.2204212680058755E-03,
  0.1060000000000000E+04,  0.4975000000000000E+02,  0.2125000000000000E+01,  0.2101696916078689E-03,
  0.1061000000000000E+04,  0.5025000000000000E+02,  0.2125000000000000E+01,  0.1999185749304837E-03,
  0.1062000000000000E+04,  0.5075000000000000E+02,  0.2125000000000000E+01,  0.1896681579993693E-03,
  0.1063000000000000E+04,  0.5125000000000000E+02,  0.2125000000000000E+01,  0.1794186746732382E-03,
  0.1064000000000000E+04,  0.5175000000000000E+02,  0.2125000000000000E+01,  0.1691702450389999E-03,
  0.1065000000000000E+04,  0.5225000000000000E+02,  0.2125000000000000E+01,  0.1589225570731316E-03,
  0.1066000000000000E+04,  0.5275000000000000E+02,  0.2125000000000000E+01,  0.1486742516271927E-03,
  0.1067000000000000E+04,  0.5325000000000000E+02,  0.2125000000000000E+01,  0.1384218530089849E-03,
  0.1068000000000000E+04,  0.5375000000000000E+02,  0.2125000000000000E+01,  0.1281579551869915E-03,
  0.1069000000000000E+04,  0.5425000000000000E+02,  0.2125000000000000E+01,  0.1178686840828087E-03,
  0.1070000000000000E+04,  0.5475000000000000E+02,  0.2125000000000000E+01,  0.1075304299929293E-03,
  0.1071000000000000E+04,  0.5525000000000000E+02,  0.2125000000000000E+01,  0.9710696476319932E-04,
  0.1072000000000000E+04,  0.5575000000000000E+02,  0.2125000000000000E+01,  0.8654894414815068E-04,
  0.1073000000000000E+04,  0.5625000000000000E+02,  0.2125000000000000E+01,  0.7579965389848614E-04,
  0.1074000000000000E+04,  0.5675000000000000E+02,  0.2125000000000000E+01,  0.6481165171687324E-04,
  0.1075000000000000E+04,  0.5725000000000000E+02,  0.2125000000000000E+01,  0.5357803466232017E-04,
  0.1076000000000000E+04,  0.5775000000000000E+02,  0.2125000000000000E+01,  0.4218106002114732E-04,
  0.1077000000000000E+04,  0.5825000000000000E+02,  0.2125000000000000E+01,  0.3090489695799383E-04,
  0.1078000000000000E+04,  0.5875000000000000E+02,  0.2125000000000000E+01,  0.2068681873365380E-04,
  0.1079000000000000E+04,  0.5925000000000000E+02,  0.2125000000000000E+01,  0.1539933122417136E-04,
  0.1080000000000000E+04,  0.5975000000000000E+02,  0.2125000000000000E+01,  0.1583192857814935E-04,
  0.1081000000000000E+04,  0.2500000000000000E+00,  0.2375000000000000E+01,  0.7780620243525945E-03,
  0.1082000000000000E+04,  0.7500000000000000E+00,  0.2375000000000000E+01,  0.8440508222455779E-03,
  0.1083000000000000E+04,  0.1250000000000000E+01,  0.2375000000000000E+01,  0.8848251207471873E-03,
  0.1084000000000000E+04,  0.1750000000000000E+01,  0.2375000000000000E+01,  0.8995463854648250E-03,
  0.1085000000000000E+04,  0.2250000000000000E+01,  0.2375000000000000E+01,  0.8965803649592912E-03,
  0.1086000000000000E+04,  0.2750000000000000E+01,  0.2375000000000000E+01,  0.8855147297617569E-03,
  0.1087000000000000E+04,  0.3250000000000000E+01,  0.2375000000000000E+01,  0.8717566425271228E-03,
  0.1088000000000000E+04,  0.3750000000000000E+01,  0.2375000000000000E+01,  0.8581984882729800E-03,
  0.1089000000000000E+04,  0.4250000000000000E+01,  0.2375000000000000E+01,  0.8459490159318936E-03,
  0.1090000000000000E+04,  0.4750000000000000E+01,  0.2375000000000000E+01,  0.8351601014584601E-03,
  0.1091000000000000E+04,  0.5250000000000000E+01,  0.2375000000000000E+01,  0.8255844798183644E-03,
  0.1092000000000000E+04,  0.5750000000000000E+01,  0.2375000000000000E+01,  0.8168772967711874E-03,
  0.1093000000000000E+04,  0.6250000000000000E+01,  0.2375000000000000E+01,  0.8087307214797600E-03,
  0.1094000000000000E+04,  0.6750000000000000E+01,  0.2375000000000000E+01,  0.8009157737735636E-03,
  0.1095000000000000E+04,  0.7250000000000000E+01,  0.2375000000000000E+01,  0.7932805920247882E-03,
  0.1096000000000000E+04,  0.7750000000000000E+01,  0.2375000000000000E+01,  0.7857332891554919E-03,
  0.1097000000000000E+04,  0.8250000000000000E+01,  0.2375000000000000E+01,  0.7782227209548247E-03,
  0.1098000000000000E+04,  0.8750000000000000E+01,  0.2375000000000000E+01,  0.7707231737598951E-03,
  0.1099000000000000E+04,  0.9250000000000000E+01,  0.2375000000000000E+01,  0.7632232772034678E-03,
  0.1100000000000000E+04,  0.9750000000000000E+01,  0.2375000000000000E+01,  0.7557191721923728E-03,
  0.1101000000000000E+04,  0.1025000000000000E+02,  0.2375000000000000E+01,  0.7482103895628241E-03,
  0.1102000000000000E+04,  0.1075000000000000E+02,  0.2375000000000000E+01,  0.7406977902789148E-03,
  0.1103000000000000E+04,  0.1125000000000000E+02,  0.2375000000000000E+01,  0.7331824837291570E-03,
  0.1104000000000000E+04,  0.1175000000000000E+02,  0.2375000000000000E+01,  0.7256654532853153E-03,
  0.1105000000000000E+04,  0.1225000000000000E+02,  0.2375000000000000E+01,  0.7181474335818678E-03,
  0.1106000000000000E+04,  0.1275000000000000E+02,  0.2375000000000000E+01,  0.7106288495073585E-03,
  0.1107000000000000E+04,  0.1325000000000000E+02,  0.2375000000000000E+01,  0.7031099861493364E-03,
  0.1108000000000000E+04,  0.1375000000000000E+02,  0.2375000000000000E+01,  0.6955910216768516E-03,
  0.1109000000000000E+04,  0.1425000000000000E+02,  0.2375000000000000E+01,  0.6880720634158822E-03,
  0.1110000000000000E+04,  0.1475000000000000E+02,  0.2375000000000000E+01,  0.6805530892277326E-03,
  0.1111000000000000E+04,  0.1525000000000000E+02,  0.2375000000000000E+01,  0.6730341221767601E-03,
  0.1112000000000000E+04,  0.1575000000000000E+02,  0.2375000000000000E+01,  0.6655151962552007E-03,
  0.1113000000000000E+04,  0.1625000000000000E+02,  0.2375000000000000E+01,  0.6579962991653989E-03,
  0.1114000000000000E+04,  0.1675000000000000E+02,  0.2375000000000000E+01,  0.6504774158251743E-03,
  0.1115000000000000E+04,  0.1725000000000000E+02,  0.2375000000000000E+01,  0.6429585734971076E-03,
  0.1116000000000000E+04,  0.1775000000000000E+02,  0.2375000000000000E+01,  0.6354397057152008E-03,
  0.1117000000000000E+04,  0.1825000000000000E+02,  0.2375000000000000E+01,  0.6279208808244624E-03,
  0.1118000000000000E+04,  0.1875000000000000E+02,  0.2375000000000000E+01,  0.6204020700643904E-03,
  0.1119000000000000E+04,  0.1925000000000000E+02,  0.2375000000000000E+01,  0.6128832595259754E-03,
  0.1120000000000000E+04,  0.1975000000000000E+02,  0.2375000000000000E+01,  0.6053644788200487E-03,
  0.1121000000000000E+04,  0.2025000000000000E+02,  0.2375000000000000E+01,  0.5978456921880348E-03,
  0.1122000000000000E+04,  0.2075000000000000E+02,  0.2375000000000000E+01,  0.5903269510384825E-03,
  0.1123000000000000E+04,  0.2125000000000000E+02,  0.2375000000000000E+01,  0.5828082197566481E-03,
  0.1124000000000000E+04,  0.2175000000000000E+02,  0.2375000000000000E+01,  0.5752894917394599E-03,
  0.1125000000000000E+04,  0.2225000000000000E+02,  0.2375000000000000E+01,  0.5677707966645002E-03,
  0.1126000000000000E+04,  0.2275000000000000E+02,  0.2375000000000000E+01,  0.5602520917537643E-03,
  0.1127000000000000E+04,  0.2325000000000000E+02,  0.2375000000000000E+01,  0.5527334505008745E-03,
  0.1128000000000000E+04,  0.2375000000000000E+02,  0.2375000000000000E+01,  0.5452148155771589E-03,
  0.1129000000000000E+04,  0.2425000000000000E+02,  0.2375000000000000E+01,  0.5376961877199774E-03,
  0.1130000000000000E+04,  0.2475000000000000E+02,  0.2375000000000000E+01,  0.5301775970903549E-03,
  0.1131000000000000E+04,  0.2525000000000000E+02,  0.2375000000000000E+01,  0.5226590010160339E-03,
  0.1132000000000000E+04,  0.2575000000000000E+02,  0.2375000000000000E+01,  0.5151404731394182E-03,
  0.1133000000000000E+04,  0.2625000000000000E+02,  0.2375000000000000E+01,  0.5076219564970042E-03,
  0.1134000000000000E+04,  0.2675000000000000E+02,  0.2375000000000000E+01,  0.5001034449271270E-03,
  0.1135000000000000E+04,  0.2725000000000000E+02,  0.2375000000000000E+01,  0.4925849906373048E-03,
  0.1136000000000000E+04,  0.2775000000000000E+02,  0.2375000000000000E+01,  0.4850665293088956E-03,
  0.1137000000000000E+04,  0.2825000000000000E+02,  0.2375000000000000E+01,  0.4775481425347019E-03,
  0.1138000000000000E+04,  0.2875000000000000E+02,  0.2375000000000000E+01,  0.4700297734919534E-03,
  0.1139000000000000E+04,  0.2925000000000000E+02,  0.2375000000000000E+01,  0.4625114091784347E-03,
  0.1140000000000000E+04,  0.2975000000000000E+02,  0.2375000000000000E+01,  0.4549931241567211E-03,
  0.1141000000000000E+04,  0.3025000000000000E+02,  0.2375000000000000E+01,  0.4474748328414865E-03,
  0.1142000000000000E+04,  0.3075000000000000E+02,  0.2375000000000000E+01,  0.4399566244177074E-03,
  0.1143000000000000E+04,  0.3125000000000000E+02,  0.2375000000000000E+01,  0.4324384427047237E-03,
  0.1144000000000000E+04,  0.3175000000000000E+02,  0.2375000000000000E+01,  0.4249202755189023E-03,
  0.1145000000000000E+04,  0.3225000000000000E+02,  0.2375000000000000E+01,  0.4174021977563401E-03,
  0.1146000000000000E+04,  0.3275000000000000E+02,  0.2375000000000000E+01,  0.4098841247609430E-03,
  0.1147000000000000E+04,  0.3325000000000000E+02,  0.2375000000000000E+01,  0.4023661392676072E-03,
  0.1148000000000000E+04,  0.3375000000000000E+02,  0.2375000000000000E+01,  0.3948481932115985E-03,
  0.1149000000000000E+04,  0.3425000000000000E+02,  0.2375000000000000E+01,  0.3873302970112685E-03,
  0.1150000000000000E+04,  0.3475000000000000E+02,  0.2375000000000000E+01,  0.3798124832222268E-03,
  0.1151000000000000E+04,  0.3525000000000000E+02,  0.2375000000000000E+01,  0.3722947191760607E-03,
  0.1152000000000000E+04,  0.3575000000000000E+02,  0.2375000000000000E+01,  0.3647770159180457E-03,
  0.1153000000000000E+04,  0.3625000000000000E+02,  0.2375000000000000E+01,  0.3572593997762710E-03,
  0.1154000000000000E+04,  0.3675000000000000E+02,  0.2375000000000000E+01,  0.3497418462978150E-03,
  0.1155000000000000E+04,  0.3725000000000000E+02,  0.2375000000000000E+01,  0.3422243968689287E-03,
  0.1156000000000000E+04,  0.3775000000000000E+02,  0.2375000000000000E+01,  0.3347070206595900E-03,
  0.1157000000000000E+04,  0.3825000000000000E+02,  0.2375000000000000E+01,  0.3271897310696669E-03,
  0.1158000000000000E+04,  0.3875000000000000E+02,  0.2375000000000000E+01,  0.3196725565834178E-03,
  0.1159000000000000E+04,  0.3925000000000000E+02,  0.2375000000000000E+01,  0.3121554751314812E-03,
  0.1160000000000000E+04,  0.3975000000000000E+02,  0.2375000000000000E+01,  0.3046385240171883E-03,
  0.1161000000000000E+04,  0.4025000000000000E+02,  0.2375000000000000E+01,  0.2971216974394429E-03,
  0.1162000000000000E+04,  0.4075000000000000E+02,  0.2375000000000000E+01,  0.2896049940997549E-03,
  0.1163000000000000E+04,  0.4125000000000000E+02,  0.2375000000000000E+01,  0.2820884356322012E-03,
  0.1164000000000000E+04,  0.4175000000000000E+02,  0.2375000000000000E+01,  0.2745720376616242E-03,
  0.1165000000000000E+04,  0.4225000000000000E+02,  0.2375000000000000E+01,  0.2670558171154056E-03,
  0.1166000000000000E+04,  0.4275000000000000E+02,  0.2375000000000000E+01,  0.2595397775795334E-03,
  0.1167000000000000E+04,  0.4325000000000000E+02,  0.2375000000000000E+01,  0.2520239322585604E-03,
  0.1168000000000000E+04,  0.4375000000000000E+02,  0.2375000000000000E+01,  0.2445083105146689E-03,
  0.1169000000000000E+04,  0.4425000000000000E+02,  0.2375000000000000E+01,  0.2369929296099177E-03,
  0.1170000000000000E+04,  0.4475000000000000E+02,  0.2375000000000000E+01,  0.2294778076934797E-03,
  0.1171000000000000E+04,  0.4525000000000000E+02,  0.2375000000000000E+01,  0.2219629777448573E-03,
  0.1172000000000000E+04,  0.4575000000000000E+02,  0.2375000000000000E+01,  0.2144484695472439E-03,
  0.1173000000000000E+04,  0.4625000000000000E+02,  0.2375000000000000E+01,  0.2069343192419921E-03,
  0.1174000000000000E+04,  0.4675000000000000E+02,  0.2375000000000000E+01,  0.1994205639338088E-03,
  0.1175000000000000E+04,  0.4725000000000000E+02,  0.2375000000000000E+01,  0.1919072568197733E-03,
  0.1176000000000000E+04,  0.4775000000000000E+02,  0.2375000000000000E+01,  0.1843944568811649E-03,
  0.1177000000000000E+04,  0.4825000000000000E+02,  0.2375000000000000E+01,  0.1768822508321665E-03,
  0.1178000000000000E+04,  0.4875000000000000E+02,  0.2375000000000000E+01,  0.1693707631213546E-03,
  0.1179000000000000E+04,  0.4925000000000000E+02,  0.2375000000000000E+01,  0.1618601273253068E-03,
  0.1180000000000000E+04,  0.4975000000000000E+02,  0.2375000000000000E+01,  0.1543505747069864E-03,
  0.1181000000000000E+04,  0.5025000000000000E+02,  0.2375000000000000E+01,  0.1468423746805063E-03,
  0.1182000000000000E+04,  0.5075000000000000E+02,  0.2375000000000000E+01,  0.1393358606436698E-03,
  0.1183000000000000E+04,  0.5125000000000000E+02,  0.2375000000000000E+01,  0.1318314232754587E-03,
  0.1184000000000000E+04,  0.5175000000000000E+02,  0.2375000000000000E+01,  0.1243293320960015E-03,
  0.1185000000000000E+04,  0.5225000000000000E+02,  0.2375000000000000E+01,  0.1168295347284612E-03,
  0.1186000000000000E+04,  0.5275000000000000E+02,  0.2375000000000000E+01,  0.1093311190635717E-03,
  0.1187000000000000E+04,  0.5325000000000000E+02,  0.2375000000000000E+01,  0.1018314207748324E-03,
  0.1188000000000000E+04,  0.5375000000000000E+02,  0.2375000000000000E+01,  0.9432458601290892E-04,
  0.1189000000000000E+04,  0.5425000000000000E+02,  0.2375000000000000E+01,  0.8679949441006518E-04,
  0.1190000000000000E+04,  0.5475000000000000E+02,  0.2375000000000000E+01,  0.7923726768221387E-04,
  0.1191000000000000E+04,  0.5525000000000000E+02,  0.2375000000000000E+01,  0.7160913846004536E-04,
  0.1192000000000000E+04,  0.5575000000000000E+02,  0.2375000000000000E+01,  0.6387681101850892E-04,
  0.1193000000000000E+04,  0.5625000000000000E+02,  0.2375000000000000E+01,  0.5599960071391727E-04,
  0.1194000000000000E+04,  0.5675000000000000E+02,  0.2375000000000000E+01,  0.4795614495011304E-04,
  0.1195000000000000E+04,  0.5725000000000000E+02,  0.2375000000000000E+01,  0.3979355683469304E-04,
  0.1196000000000000E+04,  0.5775000000000000E+02,  0.2375000000000000E+01,  0.3172570708258157E-04,
  0.1197000000000000E+04,  0.5825000000000000E+02,  0.2375000000000000E+01,  0.2429861892905516E-04,
  0.1198000000000000E+04,  0.5875000000000000E+02,  0.2375000000000000E+01,  0.1866623796548249E-04,
  0.1199000000000000E+04,  0.5925000000000000E+02,  0.2375000000000000E+01,  0.1550716649343559E-04,
  0.1200000000000000E+04,  0.5975000000000000E+02,  0.2375000000000000E+01,  0.1549848601747466E-04,
  0.1201000000000000E+04,  0.2500000000000000E+00,  0.2625000000000000E+01,  0.5231571541360649E-03,
  0.1202000000000000E+04,  0.7500000000000000E+00,  0.2625000000000000E+01,  0.5245033337862220E-03,
  0.1203000000000000E+04,  0.1250000000000000E+01,  0.2625000000000000E+01,  0.5492851234160257E-03,
  0.1204000000000000E+04,  0.1750000000000000E+01,  0.2625000000000000E+01,  0.5682738381166312E-03,
  0.1205000000000000E+04,  0.2250000000000000E+01,  0.2625000000000000E+01,  0.5725942978237529E-03,
  0.1206000000000000E+04,  0.2750000000000000E+01,  0.2625000000000000E+01,  0.5671891257763731E-03,
  0.1207000000000000E+04,  0.3250000000000000E+01,  0.2625000000000000E+01,  0.5580261109833377E-03,
  0.1208000000000000E+04,  0.3750000000000000E+01,  0.2625000000000000E+01,  0.5484920608273687E-03,
  0.1209000000000000E+04,  0.4250000000000000E+01,  0.2625000000000000E+01,  0.5399053403689594E-03,
  0.1210000000000000E+04,  0.4750000000000000E+01,  0.2625000000000000E+01,  0.5324915617239685E-03,
  0.1211000000000000E+04,  0.5250000000000000E+01,  0.2625000000000000E+01,  0.5260595218242560E-03,
  0.1212000000000000E+04,  0.5750000000000000E+01,  0.2625000000000000E+01,  0.5203248491303284E-03,
  0.1213000000000000E+04,  0.6250000000000000E+01,  0.2625000000000000E+01,  0.5150371409961003E-03,
  0.1214000000000000E+04,  0.6750000000000000E+01,  0.2625000000000000E+01,  0.5100130632098238E-03,
  0.1215000000000000E+04,  0.7250000000000000E+01,  0.2625000000000000E+01,  0.5051321787454132E-03,
  0.1216000000000000E+04,  0.7750000000000000E+01,  0.2625000000000000E+01,  0.5003218486771157E-03,
  0.1217000000000000E+04,  0.8250000000000000E+01,  0.2625000000000000E+01,  0.4955415667224674E-03,
  0.1218000000000000E+04,  0.8750000000000000E+01,  0.2625000000000000E+01,  0.4907708213194364E-03,
  0.1219000000000000E+04,  0.9250000000000000E+01,  0.2625000000000000E+01,  0.4860003496550818E-03,
  0.1220000000000000E+04,  0.9750000000000000E+01,  0.2625000000000000E+01,  0.4812268865543282E-03,
  0.1221000000000000E+04,  0.1025000000000000E+02,  0.2625000000000000E+01,  0.4764499568561306E-03,
  0.1222000000000000E+04,  0.1075000000000000E+02,  0.2625000000000000E+01,  0.4716701259746970E-03,
  0.1223000000000000E+04,  0.1125000000000000E+02,  0.2625000000000000E+01,  0.4668882272069063E-03,
  0.1224000000000000E+04,  0.1175000000000000E+02,  0.2625000000000000E+01,  0.4621050403426147E-03,
  0.1225000000000000E+04,  0.1225000000000000E+02,  0.2625000000000000E+01,  0.4573210686165587E-03,
  0.1226000000000000E+04,  0.1275000000000000E+02,  0.2625000000000000E+01,  0.4525366858651333E-03,
  0.1227000000000000E+04,  0.1325000000000000E+02,  0.2625000000000000E+01,  0.4477521412384532E-03,
  0.1228000000000000E+04,  0.1375000000000000E+02,  0.2625000000000000E+01,  0.4429675213518862E-03,
  0.1229000000000000E+04,  0.1425000000000000E+02,  0.2625000000000000E+01,  0.4381829457472034E-03,
  0.1230000000000000E+04,  0.1475000000000000E+02,  0.2625000000000000E+01,  0.4333983996095046E-03,
  0.1231000000000000E+04,  0.1525000000000000E+02,  0.2625000000000000E+01,  0.4286139208003702E-03,
  0.1232000000000000E+04,  0.1575000000000000E+02,  0.2625000000000000E+01,  0.4238294872867314E-03,
  0.1233000000000000E+04,  0.1625000000000000E+02,  0.2625000000000000E+01,  0.4190451293581189E-03,
  0.1234000000000000E+04,  0.1675000000000000E+02,  0.2625000000000000E+01,  0.4142608268273922E-03,
  0.1235000000000000E+04,  0.1725000000000000E+02,  0.2625000000000000E+01,  0.4094765756958175E-03,
  0.1236000000000000E+04,  0.1775000000000000E+02,  0.2625000000000000E+01,  0.4046923824059664E-03,
  0.1237000000000000E+04,  0.1825000000000000E+02,  0.2625000000000000E+01,  0.3999082591531868E-03,
  0.1238000000000000E+04,  0.1875000000000000E+02,  0.2625000000000000E+01,  0.3951242201949623E-03,
  0.1239000000000000E+04,  0.1925000000000000E+02,  0.2625000000000000E+01,  0.3903402171384809E-03,
  0.1240000000000000E+04,  0.1975000000000000E+02,  0.2625000000000000E+01,  0.3855562886545476E-03,
  0.1241000000000000E+04,  0.2025000000000000E+02,  0.2625000000000000E+01,  0.3807724228457008E-03,
  0.1242000000000000E+04,  0.2075000000000000E+02,  0.2625000000000000E+01,  0.3759886585179758E-03,
  0.1243000000000000E+04,  0.2125000000000000E+02,  0.2625000000000000E+01,  0.3712049476816499E-03,
  0.1244000000000000E+04,  0.2175000000000000E+02,  0.2625000000000000E+01,  0.3664213078296343E-03,
  0.1245000000000000E+04,  0.2225000000000000E+02,  0.2625000000000000E+01,  0.3616377638810191E-03,
  0.1246000000000000E+04,  0.2275000000000000E+02,  0.2625000000000000E+01,  0.3568542971773274E-03,
  0.1247000000000000E+04,  0.2325000000000000E+02,  0.2625000000000000E+01,  0.3520709259420233E-03,
  0.1248000000000000E+04,  0.2375000000000000E+02,  0.2625000000000000E+01,  0.3472876356423381E-03,
  0.1249000000000000E+04,  0.2425000000000000E+02,  0.2625000000000000E+01,  0.3425044553305542E-03,
  0.1250000000000000E+04,  0.2475000000000000E+02,  0.2625000000000000E+01,  0.3377213564677876E-03,
  0.1251000000000000E+04,  0.2525000000000000E+02,  0.2625000000000000E+01,  0.3329383797000789E-03,
  0.1252000000000000E+04,  0.2575000000000000E+02,  0.2625000000000000E+01,  0.3281554968549224E-03,
  0.1253000000000000E+04,  0.2625000000000000E+02,  0.2625000000000000E+01,  0.3233727417611807E-03,
  0.1254000000000000E+04,  0.2675000000000000E+02,  0.2625000000000000E+01,  0.3185900905683707E-03,
  0.1255000000000000E+04,  0.2725000000000000E+02,  0.2625000000000000E+01,  0.3138075741362321E-03,
  0.1256000000000000E+04,  0.2775000000000000E+02,  0.2625000000000000E+01,  0.3090251763390562E-03,
  0.1257000000000000E+04,  0.2825000000000000E+02,  0.2625000000000000E+01,  0.3042429285229736E-03,
  0.1258000000000000E+04,  0.2875000000000000E+02,  0.2625000000000000E+01,  0.2994608048132607E-03,
  0.1259000000000000E+04,  0.2925000000000000E+02,  0.2625000000000000E+01,  0.2946788484109596E-03,
  0.1260000000000000E+04,  0.2975000000000000E+02,  0.2625000000000000E+01,  0.2898970337712039E-03,
  0.1261000000000000E+04,  0.3025000000000000E+02,  0.2625000000000000E+01,  0.2851153944171715E-03,
  0.1262000000000000E+04,  0.3075000000000000E+02,  0.2625000000000000E+01,  0.2803339169557082E-03,
  0.1263000000000000E+04,  0.3125000000000000E+02,  0.2625000000000000E+01,  0.2755526357442078E-03,
  0.1264000000000000E+04,  0.3175000000000000E+02,  0.2625000000000000E+01,  0.2707715274736124E-03,
  0.1265000000000000E+04,  0.3225000000000000E+02,  0.2625000000000000E+01,  0.2659906391778515E-03,
  0.1266000000000000E+04,  0.3275000000000000E+02,  0.2625000000000000E+01,  0.2612099491558564E-03,
  0.1267000000000000E+04,  0.3325000000000000E+02,  0.2625000000000000E+01,  0.2564294981335509E-03,
  0.1268000000000000E+04,  0.3375000000000000E+02,  0.2625000000000000E+01,  0.2516492701682644E-03,
  0.1269000000000000E+04,  0.3425000000000000E+02,  0.2625000000000000E+01,  0.2468693041558924E-03,
  0.1270000000000000E+04,  0.3475000000000000E+02,  0.2625000000000000E+01,  0.2420895934282005E-03,
  0.1271000000000000E+04,  0.3525000000000000E+02,  0.2625000000000000E+01,  0.2373101722324959E-03,
  0.1272000000000000E+04,  0.3575000000000000E+02,  0.2625000000000000E+01,  0.2325310468075917E-03,
  0.1273000000000000E+04,  0.3625000000000000E+02,  0.2625000000000000E+01,  0.2277522435400582E-03,
  0.1274000000000000E+04,  0.3675000000000000E+02,  0.2625000000000000E+01,  0.2229737792775747E-03,
  0.1275000000000000E+04,  0.3725000000000000E+02,  0.2625000000000000E+01,  0.2181956724705452E-03,
  0.1276000000000000E+04,  0.3775000000000000E+02,  0.2625000000000000E+01,  0.2134179546344205E-03,
  0.1277000000000000E+04,  0.3825000000000000E+02,  0.2625000000000000E+01,  0.2086406488091539E-03,
  0.1278000000000000E+04,  0.3875000000000000E+02,  0.2625000000000000E+01,  0.2038637803293780E-03,
  0.1279000000000000E+04,  0.3925000000000000E+02,  0.2625000000000000E+01,  0.1990873878844668E-03,
  0.1280000000000000E+04,  0.3975000000000000E+02,  0.2625000000000000E+01,  0.1943115030018409E-03,
  0.1281000000000000E+04,  0.4025000000000000E+02,  0.2625000000000000E+01,  0.1895361640497869E-03,
  0.1282000000000000E+04,  0.4075000000000000E+02,  0.2625000000000000E+01,  0.1847614131332700E-03,
  0.1283000000000000E+04,  0.4125000000000000E+02,  0.2625000000000000E+01,  0.1799872952947423E-03,
  0.1284000000000000E+04,  0.4175000000000000E+02,  0.2625000000000000E+01,  0.1752138643056506E-03,
  0.1285000000000000E+04,  0.4225000000000000E+02,  0.2625000000000000E+01,  0.1704411779965394E-03,
  0.1286000000000000E+04,  0.4275000000000000E+02,  0.2625000000000000E+01,  0.1656693023514817E-03,
  0.1287000000000000E+04,  0.4325000000000000E+02,  0.2625000000000000E+01,  0.1608983058391802E-03,
  0.1288000000000000E+04,  0.4375000000000000E+02,  0.2625000000000000E+01,  0.1561282708335034E-03,
  0.1289000000000000E+04,  0.4425000000000000E+02,  0.2625000000000000E+01,  0.1513592892625008E-03,
  0.1290000000000000E+04,  0.4475000000000000E+02,  0.2625000000000000E+01,  0.1465914580686503E-03,
  0.1291000000000000E+04,  0.4525000000000000E+02,  0.2625000000000000E+01,  0.1418249018143404E-03,
  0.1292000000000000E+04,  0.4575000000000000E+02,  0.2625000000000000E+01,  0.1370597447449903E-03,
  0.1293000000000000E+04,  0.4625000000000000E+02,  0.2625000000000000E+01,  0.1322961441500206E-03,
  0.1294000000000000E+04,  0.4675000000000000E+02,  0.2625000000000000E+01,  0.1275342758220930E-03,
  0.1295000000000000E+04,  0.4725000000000000E+02,  0.2625000000000000E+01,  0.1227743390166568E-03,
  0.1296000000000000E+04,  0.4775000000000000E+02,  0.2625000000000000E+01,  0.1180165822826670E-03,
  0.1297000000000000E+04,  0.4825000000000000E+02,  0.2625000000000000E+01,  0.1132612876858043E-03,
  0.1298000000000000E+04,  0.4875000000000000E+02,  0.2625000000000000E+01,  0.1085087978048548E-03,
  0.1299000000000000E+04,  0.4925000000000000E+02,  0.2625000000000000E+01,  0.1037595426987591E-03,
  0.1300000000000000E+04,  0.4975000000000000E+02,  0.2625000000000000E+01,  0.9901405183853070E-04,
  0.1301000000000000E+04,  0.5025000000000000E+02,  0.2625000000000000E+01,  0.9427295234569808E-04,
  0.1302000000000000E+04,  0.5075000000000000E+02,  0.2625000000000000E+01,  0.8953702025642704E-04,
  0.1303000000000000E+04,  0.5125000000000000E+02,  0.2625000000000000E+01,  0.8480715948832336E-04,
  0.1304000000000000E+04,  0.5175000000000000E+02,  0.2625000000000000E+01,  0.8008436369664515E-04,
  0.1305000000000000E+04,  0.5225000000000000E+02,  0.2625000000000000E+01,  0.7536958916879440E-04,
  0.1306000000000000E+04,  0.5275000000000000E+02,  0.2625000000000000E+01,  0.7066350990476362E-04,
  0.1307000000000000E+04,  0.5325000000000000E+02,  0.2625000000000000E+01,  0.6596608438905068E-04,
  0.1308000000000000E+04,  0.5375000000000000E+02,  0.2625000000000000E+01,  0.6127589776421152E-04,
  0.1309000000000000E+04,  0.5425000000000000E+02,  0.2625000000000000E+01,  0.5658935111001217E-04,
  0.1310000000000000E+04,  0.5475000000000000E+02,  0.2625000000000000E+01,  0.5189999954826417E-04,
  0.1311000000000000E+04,  0.5525000000000000E+02,  0.2625000000000000E+01,  0.4719899547791583E-04,
  0.1312000000000000E+04,  0.5575000000000000E+02,  0.2625000000000000E+01,  0.4247894016587205E-04,
  0.1313000000000000E+04,  0.5625000000000000E+02,  0.2625000000000000E+01,  0.3774596683664420E-04,
  0.1314000000000000E+04,  0.5675000000000000E+02,  0.2625000000000000E+01,  0.3304821878413054E-04,
  0.1315000000000000E+04,  0.5725000000000000E+02,  0.2625000000000000E+01,  0.2852741062131513E-04,
  0.1316000000000000E+04,  0.5775000000000000E+02,  0.2625000000000000E+01,  0.2446528701239960E-04,
  0.1317000000000000E+04,  0.5825000000000000E+02,  0.2625000000000000E+01,  0.2119996420326071E-04,
  0.1318000000000000E+04,  0.5875000000000000E+02,  0.2625000000000000E+01,  0.1856361628085597E-04,
  0.1319000000000000E+04,  0.5925000000000000E+02,  0.2625000000000000E+01,  0.1547257900292000E-04,
  0.1320000000000000E+04,  0.5975000000000000E+02,  0.2625000000000000E+01,  0.1395507583290222E-04,
  0.1321000000000000E+04,  0.2500000000000000E+00,  0.2875000000000000E+01,  0.2935558720763185E-03,
  0.1322000000000000E+04,  0.7500000000000000E+00,  0.2875000000000000E+01,  0.2166004170315035E-03,
  0.1323000000000000E+04,  0.1250000000000000E+01,  0.2875000000000000E+01,  0.2219329804308391E-03,
  0.1324000000000000E+04,  0.1750000000000000E+01,  0.2875000000000000E+01,  0.2396779431187582E-03,
  0.1325000000000000E+04,  0.2250000000000000E+01,  0.2875000000000000E+01,  0.2486484142768119E-03,
  0.1326000000000000E+04,  0.2750000000000000E+01,  0.2875000000000000E+01,  0.2482941062882409E-03,
  0.1327000000000000E+04,  0.3250000000000000E+01,  0.2875000000000000E+01,  0.2437781257491094E-03,
  0.1328000000000000E+04,  0.3750000000000000E+01,  0.2875000000000000E+01,  0.2384969384427643E-03,
  0.1329000000000000E+04,  0.4250000000000000E+01,  0.2875000000000000E+01,  0.2337809168120626E-03,
  0.1330000000000000E+04,  0.4750000000000000E+01,  0.2875000000000000E+01,  0.2298943891033614E-03,
  0.1331000000000000E+04,  0.5250000000000000E+01,  0.2875000000000000E+01,  0.2267053983540507E-03,
  0.1332000000000000E+04,  0.5750000000000000E+01,  0.2875000000000000E+01,  0.2240037426793784E-03,
  0.1333000000000000E+04,  0.6250000000000000E+01,  0.2875000000000000E+01,  0.2216097006615073E-03,
  0.1334000000000000E+04,  0.6750000000000000E+01,  0.2875000000000000E+01,  0.2193956098098938E-03,
  0.1335000000000000E+04,  0.7250000000000000E+01,  0.2875000000000000E+01,  0.2172792909822943E-03,
  0.1336000000000000E+04,  0.7750000000000000E+01,  0.2875000000000000E+01,  0.2152115736869015E-03,
  0.1337000000000000E+04,  0.8250000000000000E+01,  0.2875000000000000E+01,  0.2131650640173476E-03,
  0.1338000000000000E+04,  0.8750000000000000E+01,  0.2875000000000000E+01,  0.2111256916013403E-03,
  0.1339000000000000E+04,  0.9250000000000000E+01,  0.2875000000000000E+01,  0.2090870465459532E-03,
  0.1340000000000000E+04,  0.9750000000000000E+01,  0.2875000000000000E+01,  0.2070467652922982E-03,
  0.1341000000000000E+04,  0.1025000000000000E+02,  0.2875000000000000E+01,  0.2050043850047202E-03,
  0.1342000000000000E+04,  0.1075000000000000E+02,  0.2875000000000000E+01,  0.2029602343100621E-03,
  0.1343000000000000E+04,  0.1125000000000000E+02,  0.2875000000000000E+01,  0.2009148211543702E-03,
  0.1344000000000000E+04,  0.1175000000000000E+02,  0.2875000000000000E+01,  0.1988686459649407E-03,
  0.1345000000000000E+04,  0.1225000000000000E+02,  0.2875000000000000E+01,  0.1968220534425696E-03,
  0.1346000000000000E+04,  0.1275000000000000E+02,  0.2875000000000000E+01,  0.1947753181307903E-03,
  0.1347000000000000E+04,  0.1325000000000000E+02,  0.2875000000000000E+01,  0.1927285652793898E-03,
  0.1348000000000000E+04,  0.1375000000000000E+02,  0.2875000000000000E+01,  0.1906819065850746E-03,
  0.1349000000000000E+04,  0.1425000000000000E+02,  0.2875000000000000E+01,  0.1886353718521353E-03,
  0.1350000000000000E+04,  0.1475000000000000E+02,  0.2875000000000000E+01,  0.1865890080200302E-03,
  0.1351000000000000E+04,  0.1525000000000000E+02,  0.2875000000000000E+01,  0.1845428149403577E-03,
  0.1352000000000000E+04,  0.1575000000000000E+02,  0.2875000000000000E+01,  0.1824968001684799E-03,
  0.1353000000000000E+04,  0.1625000000000000E+02,  0.2875000000000000E+01,  0.1804509844831999E-03,
  0.1354000000000000E+04,  0.1675000000000000E+02,  0.2875000000000000E+01,  0.1784053506671974E-03,
  0.1355000000000000E+04,  0.1725000000000000E+02,  0.2875000000000000E+01,  0.1763599134224683E-03,
  0.1356000000000000E+04,  0.1775000000000000E+02,  0.2875000000000000E+01,  0.1743146857831176E-03,
  0.1357000000000000E+04,  0.1825000000000000E+02,  0.2875000000000000E+01,  0.1722696609210553E-03,
  0.1358000000000000E+04,  0.1875000000000000E+02,  0.2875000000000000E+01,  0.1702248584114609E-03,
  0.1359000000000000E+04,  0.1925000000000000E+02,  0.2875000000000000E+01,  0.1681802737606186E-03,
  0.1360000000000000E+04,  0.1975000000000000E+02,  0.2875000000000000E+01,  0.1661359285188067E-03,
  0.1361000000000000E+04,  0.2025000000000000E+02,  0.2875000000000000E+01,  0.1640918235259154E-03,
  0.1362000000000000E+04,  0.2075000000000000E+02,  0.2875000000000000E+01,  0.1620479621639240E-03,
  0.1363000000000000E+04,  0.2125000000000000E+02,  0.2875000000000000E+01,  0.1600043663633918E-03,
  0.1364000000000000E+04,  0.2175000000000000E+02,  0.2875000000000000E+01,  0.1579610335169768E-03,
  0.1365000000000000E+04,  0.2225000000000000E+02,  0.2875000000000000E+01,  0.1559179881101585E-03,
  0.1366000000000000E+04,  0.2275000000000000E+02,  0.2875000000000000E+01,  0.1538752334919863E-03,
  0.1367000000000000E+04,  0.2325000000000000E+02,  0.2875000000000000E+01,  0.1518327756745555E-03,
  0.1368000000000000E+04,  0.2375000000000000E+02,  0.2875000000000000E+01,  0.1497906328261003E-03,
  0.1369000000000000E+04,  0.2425000000000000E+02,  0.2875000000000000E+01,  0.1477488267400666E-03,
  0.1370000000000000E+04,  0.2475000000000000E+02,  0.2875000000000000E+01,  0.1457073618389801E-03,
  0.1371000000000000E+04,  0.2525000000000000E+02,  0.2875000000000000E+01,  0.1436662545137521E-03,
  0.1372000000000000E+04,  0.2575000000000000E+02,  0.2875000000000000E+01,  0.1416255115094525E-03,
  0.1373000000000000E+04,  0.2625000000000000E+02,  0.2875000000000000E+01,  0.1395851623614628E-03,
  0.1374000000000000E+04,  0.2675000000000000E+02,  0.2875000000000000E+01,  0.1375452193217093E-03,
  0.1375000000000000E+04,  0.2725000000000000E+02,  0.2875000000000000E+01,  0.1355056996401492E-03,
  0.1376000000000000E+04,  0.2775000000000000E+02,  0.2875000000000000E+01,  0.1334666283746176E-03,
  0.1377000000000000E+04,  0.2825000000000000E+02,  0.2875000000000000E+01,  0.1314280173512138E-03,
  0.1378000000000000E+04,  0.2875000000000000E+02,  0.2875000000000000E+01,  0.1293898933638762E-03,
  0.1379000000000000E+04,  0.2925000000000000E+02,  0.2875000000000000E+01,  0.1273522785988541E-03,
  0.1380000000000000E+04,  0.2975000000000000E+02,  0.2875000000000000E+01,  0.1253151994302456E-03,
  0.1381000000000000E+04,  0.3025000000000000E+02,  0.2875000000000000E+01,  0.1232786810337549E-03,
  0.1382000000000000E+04,  0.3075000000000000E+02,  0.2875000000000000E+01,  0.1212427526754454E-03,
  0.1383000000000000E+04,  0.3125000000000000E+02,  0.2875000000000000E+01,  0.1192074472201448E-03,
  0.1384000000000000E+04,  0.3175000000000000E+02,  0.2875000000000000E+01,  0.1171727904217793E-03,
  0.1385000000000000E+04,  0.3225000000000000E+02,  0.2875000000000000E+01,  0.1151388202510416E-03,
  0.1386000000000000E+04,  0.3275000000000000E+02,  0.2875000000000000E+01,  0.1131055726010139E-03,
  0.1387000000000000E+04,  0.3325000000000000E+02,  0.2875000000000000E+01,  0.1110730896883874E-03,
  0.1388000000000000E+04,  0.3375000000000000E+02,  0.2875000000000000E+01,  0.1090414160237152E-03,
  0.1389000000000000E+04,  0.3425000000000000E+02,  0.2875000000000000E+01,  0.1070105875993278E-03,
  0.1390000000000000E+04,  0.3475000000000000E+02,  0.2875000000000000E+01,  0.1049806673575682E-03,
  0.1391000000000000E+04,  0.3525000000000000E+02,  0.2875000000000000E+01,  0.1029516982814172E-03,
  0.1392000000000000E+04,  0.3575000000000000E+02,  0.2875000000000000E+01,  0.1009237419994604E-03,
  0.1393000000000000E+04,  0.3625000000000000E+02,  0.2875000000000000E+01,  0.9889685944189371E-04,
  0.1394000000000000E+04,  0.3675000000000000E+02,  0.2875000000000000E+01,  0.9687111959515744E-04,
  0.1395000000000000E+04,  0.3725000000000000E+02,  0.2875000000000000E+01,  0.9484659839629124E-04,
  0.1396000000000000E+04,  0.3775000000000000E+02,  0.2875000000000000E+01,  0.9282336865504672E-04,
  0.1397000000000000E+04,  0.3825000000000000E+02,  0.2875000000000000E+01,  0.9080152041260519E-04,
  0.1398000000000000E+04,  0.3875000000000000E+02,  0.2875000000000000E+01,  0.8878114696737204E-04,
  0.1399000000000000E+04,  0.3925000000000000E+02,  0.2875000000000000E+01,  0.8676235319876390E-04,
  0.1400000000000000E+04,  0.3975000000000000E+02,  0.2875000000000000E+01,  0.8474525014793270E-04,
  0.1401000000000000E+04,  0.4025000000000000E+02,  0.2875000000000000E+01,  0.8272996302661182E-04,
  0.1402000000000000E+04,  0.4075000000000000E+02,  0.2875000000000000E+01,  0.8071663064186481E-04,
  0.1403000000000000E+04,  0.4125000000000000E+02,  0.2875000000000000E+01,  0.7870539591723697E-04,
  0.1404000000000000E+04,  0.4175000000000000E+02,  0.2875000000000000E+01,  0.7669642816865262E-04,
  0.1405000000000000E+04,  0.4225000000000000E+02,  0.2875000000000000E+01,  0.7468990827212030E-04,
  0.1406000000000000E+04,  0.4275000000000000E+02,  0.2875000000000000E+01,  0.7268604132539111E-04,
  0.1407000000000000E+04,  0.4325000000000000E+02,  0.2875000000000000E+01,  0.7068505323735584E-04,
  0.1408000000000000E+04,  0.4375000000000000E+02,  0.2875000000000000E+01,  0.6868719313141585E-04,
  0.1409000000000000E+04,  0.4425000000000000E+02,  0.2875000000000000E+01,  0.6669274299173483E-04,
  0.1410000000000000E+04,  0.4475000000000000E+02,  0.2875000000000000E+01,  0.6470201804132965E-04,
  0.1411000000000000E+04,  0.4525000000000000E+02,  0.2875000000000000E+01,  0.6271537444826752E-04,
  0.1412000000000000E+04,  0.4575000000000000E+02,  0.2875000000000000E+01,  0.6073320977592870E-04,
  0.1413000000000000E+04,  0.4625000000000000E+02,  0.2875000000000000E+01,  0.5875598038379834E-04,
  0.1414000000000000E+04,  0.4675000000000000E+02,  0.2875000000000000E+01,  0.5678419917269228E-04,
  0.1415000000000000E+04,  0.4725000000000000E+02,  0.2875000000000000E+01,  0.5481845919505665E-04,
  0.1416000000000000E+04,  0.4775000000000000E+02,  0.2875000000000000E+01,  0.5285943443899479E-04,
  0.1417000000000000E+04,  0.4825000000000000E+02,  0.2875000000000000E+01,  0.5090790126388001E-04,
  0.1418000000000000E+04,  0.4875000000000000E+02,  0.2875000000000000E+01,  0.4896476112451902E-04,
  0.1419000000000000E+04,  0.4925000000000000E+02,  0.2875000000000000E+01,  0.4703105862544617E-04,
  0.1420000000000000E+04,  0.4975000000000000E+02,  0.2875000000000000E+01,  0.4510801373858732E-04,
  0.1421000000000000E+04,  0.5025000000000000E+02,  0.2875000000000000E+01,  0.4319704945887343E-04,
  0.1422000000000000E+04,  0.5075000000000000E+02,  0.2875000000000000E+01,  0.4129982930400852E-04,
  0.1423000000000000E+04,  0.5125000000000000E+02,  0.2875000000000000E+01,  0.3941830482011463E-04,
  0.1424000000000000E+04,  0.5175000000000000E+02,  0.2875000000000000E+01,  0.3755477569446845E-04,
  0.1425000000000000E+04,  0.5225000000000000E+02,  0.2875000000000000E+01,  0.3571197763320793E-04,
  0.1426000000000000E+04,  0.5275000000000000E+02,  0.2875000000000000E+01,  0.3389325662137385E-04,
  0.1427000000000000E+04,  0.5325000000000000E+02,  0.2875000000000000E+01,  0.3210289301142810E-04,
  0.1428000000000000E+04,  0.5375000000000000E+02,  0.2875000000000000E+01,  0.3034674608913099E-04,
  0.1429000000000000E+04,  0.5425000000000000E+02,  0.2875000000000000E+01,  0.2863347454914379E-04,
  0.1430000000000000E+04,  0.5475000000000000E+02,  0.2875000000000000E+01,  0.2697675737567832E-04,
  0.1431000000000000E+04,  0.5525000000000000E+02,  0.2875000000000000E+01,  0.2539908353985090E-04,
  0.1432000000000000E+04,  0.5575000000000000E+02,  0.2875000000000000E+01,  0.2393774062682423E-04,
  0.1433000000000000E+04,  0.5625000000000000E+02,  0.2875000000000000E+01,  0.2265247911344100E-04,
  0.1434000000000000E+04,  0.5675000000000000E+02,  0.2875000000000000E+01,  0.2162834586631413E-04,
  0.1435000000000000E+04,  0.5725000000000000E+02,  0.2875000000000000E+01,  0.2094757628053978E-04,
  0.1436000000000000E+04,  0.5775000000000000E+02,  0.2875000000000000E+01,  0.2057672090429918E-04,
  0.1437000000000000E+04,  0.5825000000000000E+02,  0.2875000000000000E+01,  0.2012167773103370E-04,
  0.1438000000000000E+04,  0.5875000000000000E+02,  0.2875000000000000E+01,  0.1864887499659873E-04,
  0.1439000000000000E+04,  0.5925000000000000E+02,  0.2875000000000000E+01,  0.1534466330194561E-04,
  0.1440000000000000E+04,  0.5975000000000000E+02,  0.2875000000000000E+01,  0.1171801910429763E-04,
  0.1441000000000000E+04,  0.2500000000000000E+00,  0.3125000000000000E+01,  0.2166002995309900E-03,
  0.1442000000000000E+04,  0.7500000000000000E+00,  0.3125000000000000E+01,  0.1400030162414152E-03,
  0.1443000000000000E+04,  0.1250000000000000E+01,  0.3125000000000000E+01,  0.1136239359013824E-03,
  0.1444000000000000E+04,  0.1750000000000000E+01,  0.3125000000000000E+01,  0.9544469609071727E-04,
  0.1445000000000000E+04,  0.2250000000000000E+01,  0.3125000000000000E+01,  0.8885851559668976E-04,
  0.1446000000000000E+04,  0.2750000000000000E+01,  0.3125000000000000E+01,  0.8521159230033072E-04,
  0.1447000000000000E+04,  0.3250000000000000E+01,  0.3125000000000000E+01,  0.8215901720854947E-04,
  0.1448000000000000E+04,  0.3750000000000000E+01,  0.3125000000000000E+01,  0.7989680438874559E-04,
  0.1449000000000000E+04,  0.4250000000000000E+01,  0.3125000000000000E+01,  0.7832863869704374E-04,
  0.1450000000000000E+04,  0.4750000000000000E+01,  0.3125000000000000E+01,  0.7720581411937413E-04,
  0.1451000000000000E+04,  0.5250000000000000E+01,  0.3125000000000000E+01,  0.7632375437632013E-04,
  0.1452000000000000E+04,  0.5750000000000000E+01,  0.3125000000000000E+01,  0.7556272183948103E-04,
  0.1453000000000000E+04,  0.6250000000000000E+01,  0.3125000000000000E+01,  0.7486071937079318E-04,
  0.1454000000000000E+04,  0.6750000000000000E+01,  0.3125000000000000E+01,  0.7418665207557839E-04,
  0.1455000000000000E+04,  0.7250000000000000E+01,  0.3125000000000000E+01,  0.7352492790967985E-04,
  0.1456000000000000E+04,  0.7750000000000000E+01,  0.3125000000000000E+01,  0.7286787701069724E-04,
  0.1457000000000000E+04,  0.8250000000000000E+01,  0.3125000000000000E+01,  0.7221193360415834E-04,
  0.1458000000000000E+04,  0.8750000000000000E+01,  0.3125000000000000E+01,  0.7155570517655685E-04,
  0.1459000000000000E+04,  0.9250000000000000E+01,  0.3125000000000000E+01,  0.7089882307594805E-04,
  0.1460000000000000E+04,  0.9750000000000000E+01,  0.3125000000000000E+01,  0.7024136703800892E-04,
  0.1461000000000000E+04,  0.1025000000000000E+02,  0.3125000000000000E+01,  0.6958358133050652E-04,
  0.1462000000000000E+04,  0.1075000000000000E+02,  0.3125000000000000E+01,  0.6892569616419924E-04,
  0.1463000000000000E+04,  0.1125000000000000E+02,  0.3125000000000000E+01,  0.6826790744610279E-04,
  0.1464000000000000E+04,  0.1175000000000000E+02,  0.3125000000000000E+01,  0.6761035044341635E-04,
  0.1465000000000000E+04,  0.1225000000000000E+02,  0.3125000000000000E+01,  0.6695311659951003E-04,
  0.1466000000000000E+04,  0.1275000000000000E+02,  0.3125000000000000E+01,  0.6629626680124842E-04,
  0.1467000000000000E+04,  0.1325000000000000E+02,  0.3125000000000000E+01,  0.6563985221634106E-04,
  0.1468000000000000E+04,  0.1375000000000000E+02,  0.3125000000000000E+01,  0.6498388310602609E-04,
  0.1469000000000000E+04,  0.1425000000000000E+02,  0.3125000000000000E+01,  0.6432838779332722E-04,
  0.1470000000000000E+04,  0.1475000000000000E+02,  0.3125000000000000E+01,  0.6367338732571631E-04,
  0.1471000000000000E+04,  0.1525000000000000E+02,  0.3125000000000000E+01,  0.6301888855615889E-04,
  0.1472000000000000E+04,  0.1575000000000000E+02,  0.3125000000000000E+01,  0.6236491002681173E-04,
  0.1473000000000000E+04,  0.1625000000000000E+02,  0.3125000000000000E+01,  0.6171146484395920E-04,
  0.1474000000000000E+04,  0.1675000000000000E+02,  0.3125000000000000E+01,  0.6105857370215022E-04,
  0.1475000000000000E+04,  0.1725000000000000E+02,  0.3125000000000000E+01,  0.6040625633973596E-04,
  0.1476000000000000E+04,  0.1775000000000000E+02,  0.3125000000000000E+01,  0.5975452004491608E-04,
  0.1477000000000000E+04,  0.1825000000000000E+02,  0.3125000000000000E+01,  0.5910339828842432E-04,
  0.1478000000000000E+04,  0.1875000000000000E+02,  0.3125000000000000E+01,  0.5845290267138307E-04,
  0.1479000000000000E+04,  0.1925000000000000E+02,  0.3125000000000000E+01,  0.5780305438507751E-04,
  0.1480000000000000E+04,  0.1975000000000000E+02,  0.3125000000000000E+01,  0.5715388068132097E-04,
  0.1481000000000000E+04,  0.2025000000000000E+02,  0.3125000000000000E+01,  0.5650539432525963E-04,
  0.1482000000000000E+04,  0.2075000000000000E+02,  0.3125000000000000E+01,  0.5585763434808384E-04,
  0.1483000000000000E+04,  0.2125000000000000E+02,  0.3125000000000000E+01,  0.5521061295998801E-04,
  0.1484000000000000E+04,  0.2175000000000000E+02,  0.3125000000000000E+01,  0.5456436702451482E-04,
  0.1485000000000000E+04,  0.2225000000000000E+02,  0.3125000000000000E+01,  0.5391891309719937E-04,
  0.1486000000000000E+04,  0.2275000000000000E+02,  0.3125000000000000E+01,  0.5327429478956790E-04,
  0.1487000000000000E+04,  0.2325000000000000E+02,  0.3125000000000000E+01,  0.5263052320417384E-04,
  0.1488000000000000E+04,  0.2375000000000000E+02,  0.3125000000000000E+01,  0.5198764423757506E-04,
  0.1489000000000000E+04,  0.2425000000000000E+02,  0.3125000000000000E+01,  0.5134569058394242E-04,
  0.1490000000000000E+04,  0.2475000000000000E+02,  0.3125000000000000E+01,  0.5070469283999019E-04,
  0.1491000000000000E+04,  0.2525000000000000E+02,  0.3125000000000000E+01,  0.5006469142272978E-04,
  0.1492000000000000E+04,  0.2575000000000000E+02,  0.3125000000000000E+01,  0.4942571858223151E-04,
  0.1493000000000000E+04,  0.2625000000000000E+02,  0.3125000000000000E+01,  0.4878782621589531E-04,
  0.1494000000000000E+04,  0.2675000000000000E+02,  0.3125000000000000E+01,  0.4815104301339462E-04,
  0.1495000000000000E+04,  0.2725000000000000E+02,  0.3125000000000000E+01,  0.4751542645564039E-04,
  0.1496000000000000E+04,  0.2775000000000000E+02,  0.3125000000000000E+01,  0.4688101314706805E-04,
  0.1497000000000000E+04,  0.2825000000000000E+02,  0.3125000000000000E+01,  0.4624786449620784E-04,
  0.1498000000000000E+04,  0.2875000000000000E+02,  0.3125000000000000E+01,  0.4561601961323796E-04,
  0.1499000000000000E+04,  0.2925000000000000E+02,  0.3125000000000000E+01,  0.4498554836669980E-04,
  0.1500000000000000E+04,  0.2975000000000000E+02,  0.3125000000000000E+01,  0.4435649266918890E-04,
  0.1501000000000000E+04,  0.3025000000000000E+02,  0.3125000000000000E+01,  0.4372892639692727E-04,
  0.1502000000000000E+04,  0.3075000000000000E+02,  0.3125000000000000E+01,  0.4310290969416611E-04,
  0.1503000000000000E+04,  0.3125000000000000E+02,  0.3125000000000000E+01,  0.4247851199496327E-04,
  0.1504000000000000E+04,  0.3175000000000000E+02,  0.3125000000000000E+01,  0.4185580561655182E-04,
  0.1505000000000000E+04,  0.3225000000000000E+02,  0.3125000000000000E+01,  0.4123486680312761E-04,
  0.1506000000000000E+04,  0.3275000000000000E+02,  0.3125000000000000E+01,  0.4061578073837882E-04,
  0.1507000000000000E+04,  0.3325000000000000E+02,  0.3125000000000000E+01,  0.3999862458669156E-04,
  0.1508000000000000E+04,  0.3375000000000000E+02,  0.3125000000000000E+01,  0.3938349825772568E-04,
  0.1509000000000000E+04,  0.3425000000000000E+02,  0.3125000000000000E+01,  0.3877048984753257E-04,
  0.1510000000000000E+04,  0.3475000000000000E+02,  0.3125000000000000E+01,  0.3815970869528672E-04,
  0.1511000000000000E+04,  0.3525000000000000E+02,  0.3125000000000000E+01,  0.3755125925994863E-04,
  0.1512000000000000E+04,  0.3575000000000000E+02,  0.3125000000000000E+01,  0.3694526032050148E-04,
  0.1513000000000000E+04,  0.3625000000000000E+02,  0.3125000000000000E+01,  0.3634183082755436E-04,
  0.1514000000000000E+04,  0.3675000000000000E+02,  0.3125000000000000E+01,  0.3574110326946331E-04,
  0.1515000000000000E+04,  0.3725000000000000E+02,  0.3125000000000000E+01,  0.3514321440621636E-04,
  0.1516000000000000E+04,  0.3775000000000000E+02,  0.3125000000000000E+01,  0.3454831331386295E-04,
  0.1517000000000000E+04,  0.3825000000000000E+02,  0.3125000000000000E+01,  0.3395655705055758E-04,
  0.1518000000000000E+04,  0.3875000000000000E+02,  0.3125000000000000E+01,  0.3336810888186106E-04,
  0.1519000000000000E+04,  0.3925000000000000E+02,  0.3125000000000000E+01,  0.3278315345823009E-04,
  0.1520000000000000E+04,  0.3975000000000000E+02,  0.3125000000000000E+01,  0.3220187619669403E-04,
  0.1521000000000000E+04,  0.4025000000000000E+02,  0.3125000000000000E+01,  0.3162448117181542E-04,
  0.1522000000000000E+04,  0.4075000000000000E+02,  0.3125000000000000E+01,  0.3105118537974584E-04,
  0.1523000000000000E+04,  0.4125000000000000E+02,  0.3125000000000000E+01,  0.3048222173716763E-04,
  0.1524000000000000E+04,  0.4175000000000000E+02,  0.3125000000000000E+01,  0.2991783420115714E-04,
  0.1525000000000000E+04,  0.4225000000000000E+02,  0.3125000000000000E+01,  0.2935828725328170E-04,
  0.1526000000000000E+04,  0.4275000000000000E+02,  0.3125000000000000E+01,  0.2880386660144007E-04,
  0.1527000000000000E+04,  0.4325000000000000E+02,  0.3125000000000000E+01,  0.2825487181349172E-04,
  0.1528000000000000E+04,  0.4375000000000000E+02,  0.3125000000000000E+01,  0.2771162488979148E-04,
  0.1529000000000000E+04,  0.4425000000000000E+02,  0.3125000000000000E+01,  0.2717446957814204E-04,
  0.1530000000000000E+04,  0.4475000000000000E+02,  0.3125000000000000E+01,  0.2664377732264161E-04,
  0.1531000000000000E+04,  0.4525000000000000E+02,  0.3125000000000000E+01,  0.2611993992124126E-04,
  0.1532000000000000E+04,  0.4575000000000000E+02,  0.3125000000000000E+01,  0.2560337845466087E-04,
  0.1533000000000000E+04,  0.4625000000000000E+02,  0.3125000000000000E+01,  0.2509454688720323E-04,
  0.1534000000000000E+04,  0.4675000000000000E+02,  0.3125000000000000E+01,  0.2459391724966708E-04,
  0.1535000000000000E+04,  0.4725000000000000E+02,  0.3125000000000000E+01,  0.2410200180002620E-04,
  0.1536000000000000E+04,  0.4775000000000000E+02,  0.3125000000000000E+01,  0.2361933357883489E-04,
  0.1537000000000000E+04,  0.4825000000000000E+02,  0.3125000000000000E+01,  0.2314647901950164E-04,
  0.1538000000000000E+04,  0.4875000000000000E+02,  0.3125000000000000E+01,  0.2268402082715504E-04,
  0.1539000000000000E+04,  0.4925000000000000E+02,  0.3125000000000000E+01,  0.2223255592574550E-04,
  0.1540000000000000E+04,  0.4975000000000000E+02,  0.3125000000000000E+01,  0.2179269226843211E-04,
  0.1541000000000000E+04,  0.5025000000000000E+02,  0.3125000000000000E+01,  0.2136503028003465E-04,
  0.1542000000000000E+04,  0.5075000000000000E+02,  0.3125000000000000E+01,  0.2095018494684576E-04,
  0.1543000000000000E+04,  0.5125000000000000E+02,  0.3125000000000000E+01,  0.2054880998126254E-04,
  0.1544000000000000E+04,  0.5175000000000000E+02,  0.3125000000000000E+01,  0.2016171507687492E-04,
  0.1545000000000000E+04,  0.5225000000000000E+02,  0.3125000000000000E+01,  0.1979010993139260E-04,
  0.1546000000000000E+04,  0.5275000000000000E+02,  0.3125000000000000E+01,  0.1943609642512337E-04,
  0.1547000000000000E+04,  0.5325000000000000E+02,  0.3125000000000000E+01,  0.1910355178045485E-04,
  0.1548000000000000E+04,  0.5375000000000000E+02,  0.3125000000000000E+01,  0.1879962087460103E-04,
  0.1549000000000000E+04,  0.5425000000000000E+02,  0.3125000000000000E+01,  0.1853695758294943E-04,
  0.1550000000000000E+04,  0.5475000000000000E+02,  0.3125000000000000E+01,  0.1833673290431184E-04,
  0.1551000000000000E+04,  0.5525000000000000E+02,  0.3125000000000000E+01,  0.1823172904113462E-04,
  0.1552000000000000E+04,  0.5575000000000000E+02,  0.3125000000000000E+01,  0.1826729181488307E-04,
  0.1553000000000000E+04,  0.5625000000000000E+02,  0.3125000000000000E+01,  0.1849463773039963E-04,
  0.1554000000000000E+04,  0.5675000000000000E+02,  0.3125000000000000E+01,  0.1894528500343860E-04,
  0.1555000000000000E+04,  0.5725000000000000E+02,  0.3125000000000000E+01,  0.1956934130097796E-04,
  0.1556000000000000E+04,  0.5775000000000000E+02,  0.3125000000000000E+01,  0.2011870271169862E-04,
  0.1557000000000000E+04,  0.5825000000000000E+02,  0.3125000000000000E+01,  0.1999728059775890E-04,
  0.1558000000000000E+04,  0.5875000000000000E+02,  0.3125000000000000E+01,  0.1830804956409370E-04,
  0.1559000000000000E+04,  0.5925000000000000E+02,  0.3125000000000000E+01,  0.1451482215741455E-04,
  0.1560000000000000E+04,  0.5975000000000000E+02,  0.3125000000000000E+01,  0.9072449423249078E-05,
  0.1561000000000000E+04,  0.2500000000000000E+00,  0.3375000000000000E+01,  0.3974156795905428E-03,
  0.1562000000000000E+04,  0.7500000000000000E+00,  0.3375000000000000E+01,  0.4399920419782711E-03,
  0.1563000000000000E+04,  0.1250000000000000E+01,  0.3375000000000000E+01,  0.4330212519430881E-03,
  0.1564000000000000E+04,  0.1750000000000000E+01,  0.3375000000000000E+01,  0.4187155031383698E-03,
  0.1565000000000000E+04,  0.2250000000000000E+01,  0.3375000000000000E+01,  0.4092315693179894E-03,
  0.1566000000000000E+04,  0.2750000000000000E+01,  0.3375000000000000E+01,  0.4007651767533615E-03,
  0.1567000000000000E+04,  0.3250000000000000E+01,  0.3375000000000000E+01,  0.3935387356783035E-03,
  0.1568000000000000E+04,  0.3750000000000000E+01,  0.3375000000000000E+01,  0.3875456135941932E-03,
  0.1569000000000000E+04,  0.4250000000000000E+01,  0.3375000000000000E+01,  0.3825130000668881E-03,
  0.1570000000000000E+04,  0.4750000000000000E+01,  0.3375000000000000E+01,  0.3781492559725295E-03,
  0.1571000000000000E+04,  0.5250000000000000E+01,  0.3375000000000000E+01,  0.3742174158545259E-03,
  0.1572000000000000E+04,  0.5750000000000000E+01,  0.3375000000000000E+01,  0.3705473282169026E-03,
  0.1573000000000000E+04,  0.6250000000000000E+01,  0.3375000000000000E+01,  0.3670248857544378E-03,
  0.1574000000000000E+04,  0.6750000000000000E+01,  0.3375000000000000E+01,  0.3635787593836794E-03,
  0.1575000000000000E+04,  0.7250000000000000E+01,  0.3375000000000000E+01,  0.3601675197622707E-03,
  0.1576000000000000E+04,  0.7750000000000000E+01,  0.3375000000000000E+01,  0.3567691313813937E-03,
  0.1577000000000000E+04,  0.8250000000000000E+01,  0.3375000000000000E+01,  0.3533731008601668E-03,
  0.1578000000000000E+04,  0.8750000000000000E+01,  0.3375000000000000E+01,  0.3499752790576772E-03,
  0.1579000000000000E+04,  0.9250000000000000E+01,  0.3375000000000000E+01,  0.3465746128816616E-03,
  0.1580000000000000E+04,  0.9750000000000000E+01,  0.3375000000000000E+01,  0.3431713725318479E-03,
  0.1581000000000000E+04,  0.1025000000000000E+02,  0.3375000000000000E+01,  0.3397662054162740E-03,
  0.1582000000000000E+04,  0.1075000000000000E+02,  0.3375000000000000E+01,  0.3363597774044857E-03,
  0.1583000000000000E+04,  0.1125000000000000E+02,  0.3375000000000000E+01,  0.3329526012313404E-03,
  0.1584000000000000E+04,  0.1175000000000000E+02,  0.3375000000000000E+01,  0.3295450356648969E-03,
  0.1585000000000000E+04,  0.1225000000000000E+02,  0.3375000000000000E+01,  0.3261373004261886E-03,
  0.1586000000000000E+04,  0.1275000000000000E+02,  0.3375000000000000E+01,  0.3227295382829863E-03,
  0.1587000000000000E+04,  0.1325000000000000E+02,  0.3375000000000000E+01,  0.3193218023674079E-03,
  0.1588000000000000E+04,  0.1375000000000000E+02,  0.3375000000000000E+01,  0.3159141472001082E-03,
  0.1589000000000000E+04,  0.1425000000000000E+02,  0.3375000000000000E+01,  0.3125065754221339E-03,
  0.1590000000000000E+04,  0.1475000000000000E+02,  0.3375000000000000E+01,  0.3090990918629568E-03,
  0.1591000000000000E+04,  0.1525000000000000E+02,  0.3375000000000000E+01,  0.3056917093930356E-03,
  0.1592000000000000E+04,  0.1575000000000000E+02,  0.3375000000000000E+01,  0.3022844255802881E-03,
  0.1593000000000000E+04,  0.1625000000000000E+02,  0.3375000000000000E+01,  0.2988772369061293E-03,
  0.1594000000000000E+04,  0.1675000000000000E+02,  0.3375000000000000E+01,  0.2954701528600837E-03,
  0.1595000000000000E+04,  0.1725000000000000E+02,  0.3375000000000000E+01,  0.2920631717546152E-03,
  0.1596000000000000E+04,  0.1775000000000000E+02,  0.3375000000000000E+01,  0.2886562939864257E-03,
  0.1597000000000000E+04,  0.1825000000000000E+02,  0.3375000000000000E+01,  0.2852495253055805E-03,
  0.1598000000000000E+04,  0.1875000000000000E+02,  0.3375000000000000E+01,  0.2818428695001436E-03,
  0.1599000000000000E+04,  0.1925000000000000E+02,  0.3375000000000000E+01,  0.2784363307131915E-03,
  0.1600000000000000E+04,  0.1975000000000000E+02,  0.3375000000000000E+01,  0.2750299169254830E-03,
  0.1601000000000000E+04,  0.2025000000000000E+02,  0.3375000000000000E+01,  0.2716236290703410E-03,
  0.1602000000000000E+04,  0.2075000000000000E+02,  0.3375000000000000E+01,  0.2682174683134092E-03,
  0.1603000000000000E+04,  0.2125000000000000E+02,  0.3375000000000000E+01,  0.2648114433318583E-03,
  0.1604000000000000E+04,  0.2175000000000000E+02,  0.3375000000000000E+01,  0.2614055558010261E-03,
  0.1605000000000000E+04,  0.2225000000000000E+02,  0.3375000000000000E+01,  0.2579998223874106E-03,
  0.1606000000000000E+04,  0.2275000000000000E+02,  0.3375000000000000E+01,  0.2545942375315138E-03,
  0.1607000000000000E+04,  0.2325000000000000E+02,  0.3375000000000000E+01,  0.2511888116199436E-03,
  0.1608000000000000E+04,  0.2375000000000000E+02,  0.3375000000000000E+01,  0.2477835510153187E-03,
  0.1609000000000000E+04,  0.2425000000000000E+02,  0.3375000000000000E+01,  0.2443784698902183E-03,
  0.1610000000000000E+04,  0.2475000000000000E+02,  0.3375000000000000E+01,  0.2409735610203588E-03,
  0.1611000000000000E+04,  0.2525000000000000E+02,  0.3375000000000000E+01,  0.2375688321256273E-03,
  0.1612000000000000E+04,  0.2575000000000000E+02,  0.3375000000000000E+01,  0.2341643059974397E-03,
  0.1613000000000000E+04,  0.2625000000000000E+02,  0.3375000000000000E+01,  0.2307599909804262E-03,
  0.1614000000000000E+04,  0.2675000000000000E+02,  0.3375000000000000E+01,  0.2273558821258892E-03,
  0.1615000000000000E+04,  0.2725000000000000E+02,  0.3375000000000000E+01,  0.2239519958994098E-03,
  0.1616000000000000E+04,  0.2775000000000000E+02,  0.3375000000000000E+01,  0.2205483468814425E-03,
  0.1617000000000000E+04,  0.2825000000000000E+02,  0.3375000000000000E+01,  0.2171449383610121E-03,
  0.1618000000000000E+04,  0.2875000000000000E+02,  0.3375000000000000E+01,  0.2137417894797856E-03,
  0.1619000000000000E+04,  0.2925000000000000E+02,  0.3375000000000000E+01,  0.2103388979235696E-03,
  0.1620000000000000E+04,  0.2975000000000000E+02,  0.3375000000000000E+01,  0.2069362986970358E-03,
  0.1621000000000000E+04,  0.3025000000000000E+02,  0.3375000000000000E+01,  0.2035339917485678E-03,
  0.1622000000000000E+04,  0.3075000000000000E+02,  0.3375000000000000E+01,  0.2001319988356965E-03,
  0.1623000000000000E+04,  0.3125000000000000E+02,  0.3375000000000000E+01,  0.1967303294066004E-03,
  0.1624000000000000E+04,  0.3175000000000000E+02,  0.3375000000000000E+01,  0.1933290078609559E-03,
  0.1625000000000000E+04,  0.3225000000000000E+02,  0.3375000000000000E+01,  0.1899280453152595E-03,
  0.1626000000000000E+04,  0.3275000000000000E+02,  0.3375000000000000E+01,  0.1865274687317808E-03,
  0.1627000000000000E+04,  0.3325000000000000E+02,  0.3375000000000000E+01,  0.1831272849055489E-03,
  0.1628000000000000E+04,  0.3375000000000000E+02,  0.3375000000000000E+01,  0.1797275388954171E-03,
  0.1629000000000000E+04,  0.3425000000000000E+02,  0.3375000000000000E+01,  0.1763282403569614E-03,
  0.1630000000000000E+04,  0.3475000000000000E+02,  0.3375000000000000E+01,  0.1729294235520552E-03,
  0.1631000000000000E+04,  0.3525000000000000E+02,  0.3375000000000000E+01,  0.1695311098481342E-03,
  0.1632000000000000E+04,  0.3575000000000000E+02,  0.3375000000000000E+01,  0.1661333321541735E-03,
  0.1633000000000000E+04,  0.3625000000000000E+02,  0.3375000000000000E+01,  0.1627361295924564E-03,
  0.1634000000000000E+04,  0.3675000000000000E+02,  0.3375000000000000E+01,  0.1593395350938680E-03,
  0.1635000000000000E+04,  0.3725000000000000E+02,  0.3375000000000000E+01,  0.1559435885424849E-03,
  0.1636000000000000E+04,  0.3775000000000000E+02,  0.3375000000000000E+01,  0.1525483309360919E-03,
  0.1637000000000000E+04,  0.3825000000000000E+02,  0.3375000000000000E+01,  0.1491538153524811E-03,
  0.1638000000000000E+04,  0.3875000000000000E+02,  0.3375000000000000E+01,  0.1457600787409708E-03,
  0.1639000000000000E+04,  0.3925000000000000E+02,  0.3375000000000000E+01,  0.1423671992996871E-03,
  0.1640000000000000E+04,  0.3975000000000000E+02,  0.3375000000000000E+01,  0.1389752245377678E-03,
  0.1641000000000000E+04,  0.4025000000000000E+02,  0.3375000000000000E+01,  0.1355842300337997E-03,
  0.1642000000000000E+04,  0.4075000000000000E+02,  0.3375000000000000E+01,  0.1321942832658020E-03,
  0.1643000000000000E+04,  0.4125000000000000E+02,  0.3375000000000000E+01,  0.1288054747485486E-03,
  0.1644000000000000E+04,  0.4175000000000000E+02,  0.3375000000000000E+01,  0.1254178894170014E-03,
  0.1645000000000000E+04,  0.4225000000000000E+02,  0.3375000000000000E+01,  0.1220316362762560E-03,
  0.1646000000000000E+04,  0.4275000000000000E+02,  0.3375000000000000E+01,  0.1186468148412666E-03,
  0.1647000000000000E+04,  0.4325000000000000E+02,  0.3375000000000000E+01,  0.1152635741610159E-03,
  0.1648000000000000E+04,  0.4375000000000000E+02,  0.3375000000000000E+01,  0.1118820426985574E-03,
  0.1649000000000000E+04,  0.4425000000000000E+02,  0.3375000000000000E+01,  0.1085023834373667E-03,
  0.1650000000000000E+04,  0.4475000000000000E+02,  0.3375000000000000E+01,  0.1051247778461298E-03,
  0.1651000000000000E+04,  0.4525000000000000E+02,  0.3375000000000000E+01,  0.1017494267520925E-03,
  0.1652000000000000E+04,  0.4575000000000000E+02,  0.3375000000000000E+01,  0.9837656509027108E-04,
  0.1653000000000000E+04,  0.4625000000000000E+02,  0.3375000000000000E+01,  0.9500645996525113E-04,
  0.1654000000000000E+04,  0.4675000000000000E+02,  0.3375000000000000E+01,  0.9163940771420309E-04,
  0.1655000000000000E+04,  0.4725000000000000E+02,  0.3375000000000000E+01,  0.8827576166359490E-04,
  0.1656000000000000E+04,  0.4775000000000000E+02,  0.3375000000000000E+01,  0.8491593140129494E-04,
  0.1657000000000000E+04,  0.4825000000000000E+02,  0.3375000000000000E+01,  0.8156038190332206E-04,
  0.1658000000000000E+04,  0.4875000000000000E+02,  0.3375000000000000E+01,  0.7820966649582736E-04,
  0.1659000000000000E+04,  0.4925000000000000E+02,  0.3375000000000000E+01,  0.7486443820411544E-04,
  0.1660000000000000E+04,  0.4975000000000000E+02,  0.3375000000000000E+01,  0.7152546843586313E-04,
  0.1661000000000000E+04,  0.5025000000000000E+02,  0.3375000000000000E+01,  0.6819369399234241E-04,
  0.1662000000000000E+04,  0.5075000000000000E+02,  0.3375000000000000E+01,  0.6487023347801168E-04,
  0.1663000000000000E+04,  0.5125000000000000E+02,  0.3375000000000000E+01,  0.6155647008879530E-04,
  0.1664000000000000E+04,  0.5175000000000000E+02,  0.3375000000000000E+01,  0.5825411119281802E-04,
  0.1665000000000000E+04,  0.5225000000000000E+02,  0.3375000000000000E+01,  0.5496531612606667E-04,
  0.1666000000000000E+04,  0.5275000000000000E+02,  0.3375000000000000E+01,  0.5169286840848472E-04,
  0.1667000000000000E+04,  0.5325000000000000E+02,  0.3375000000000000E+01,  0.4844047581160151E-04,
  0.1668000000000000E+04,  0.5375000000000000E+02,  0.3375000000000000E+01,  0.4521331659160299E-04,
  0.1669000000000000E+04,  0.5425000000000000E+02,  0.3375000000000000E+01,  0.4201901053295841E-04,
  0.1670000000000000E+04,  0.5475000000000000E+02,  0.3375000000000000E+01,  0.3886945268495306E-04,
  0.1671000000000000E+04,  0.5525000000000000E+02,  0.3375000000000000E+01,  0.3578402139661545E-04,
  0.1672000000000000E+04,  0.5575000000000000E+02,  0.3375000000000000E+01,  0.3279457652275624E-04,
  0.1673000000000000E+04,  0.5625000000000000E+02,  0.3375000000000000E+01,  0.2995082309464590E-04,
  0.1674000000000000E+04,  0.5675000000000000E+02,  0.3375000000000000E+01,  0.2731864723200350E-04,
  0.1675000000000000E+04,  0.5725000000000000E+02,  0.3375000000000000E+01,  0.2494968342436288E-04,
  0.1676000000000000E+04,  0.5775000000000000E+02,  0.3375000000000000E+01,  0.2278579036846378E-04,
  0.1677000000000000E+04,  0.5825000000000000E+02,  0.3375000000000000E+01,  0.2049232079577202E-04,
  0.1678000000000000E+04,  0.5875000000000000E+02,  0.3375000000000000E+01,  0.1734996171444641E-04,
  0.1679000000000000E+04,  0.5925000000000000E+02,  0.3375000000000000E+01,  0.1266887438119908E-04,
  0.1680000000000000E+04,  0.5975000000000000E+02,  0.3375000000000000E+01,  0.6279829184194541E-05,
  0.1681000000000000E+04,  0.2500000000000000E+00,  0.3625000000000000E+01,  0.6517044122798672E-03,
  0.1682000000000000E+04,  0.7500000000000000E+00,  0.3625000000000000E+01,  0.7565040802344342E-03,
  0.1683000000000000E+04,  0.1250000000000000E+01,  0.3625000000000000E+01,  0.7543002631809016E-03,
  0.1684000000000000E+04,  0.1750000000000000E+01,  0.3625000000000000E+01,  0.7487839482698784E-03,
  0.1685000000000000E+04,  0.2250000000000000E+01,  0.3625000000000000E+01,  0.7372166578877657E-03,
  0.1686000000000000E+04,  0.2750000000000000E+01,  0.3625000000000000E+01,  0.7230742387812637E-03,
  0.1687000000000000E+04,  0.3250000000000000E+01,  0.3625000000000000E+01,  0.7098340238804174E-03,
  0.1688000000000000E+04,  0.3750000000000000E+01,  0.3625000000000000E+01,  0.6984926966418140E-03,
  0.1689000000000000E+04,  0.4250000000000000E+01,  0.3625000000000000E+01,  0.6889770614817111E-03,
  0.1690000000000000E+04,  0.4750000000000000E+01,  0.3625000000000000E+01,  0.6808348830394229E-03,
  0.1691000000000000E+04,  0.5250000000000000E+01,  0.3625000000000000E+01,  0.6736042252947117E-03,
  0.1692000000000000E+04,  0.5750000000000000E+01,  0.3625000000000000E+01,  0.6669251006987319E-03,
  0.1693000000000000E+04,  0.6250000000000000E+01,  0.3625000000000000E+01,  0.6605531069024980E-03,
  0.1694000000000000E+04,  0.6750000000000000E+01,  0.3625000000000000E+01,  0.6543371375740746E-03,
  0.1695000000000000E+04,  0.7250000000000000E+01,  0.3625000000000000E+01,  0.6481910433191721E-03,
  0.1696000000000000E+04,  0.7750000000000000E+01,  0.3625000000000000E+01,  0.6420698680945763E-03,
  0.1697000000000000E+04,  0.8250000000000000E+01,  0.3625000000000000E+01,  0.6359526511644068E-03,
  0.1698000000000000E+04,  0.8750000000000000E+01,  0.3625000000000000E+01,  0.6298311993707239E-03,
  0.1699000000000000E+04,  0.9250000000000000E+01,  0.3625000000000000E+01,  0.6237036072081995E-03,
  0.1700000000000000E+04,  0.9750000000000000E+01,  0.3625000000000000E+01,  0.6175705608247125E-03,
  0.1701000000000000E+04,  0.1025000000000000E+02,  0.3625000000000000E+01,  0.6114334227389508E-03,
  0.1702000000000000E+04,  0.1075000000000000E+02,  0.3625000000000000E+01,  0.6052935793592244E-03,
  0.1703000000000000E+04,  0.1125000000000000E+02,  0.3625000000000000E+01,  0.5991520988013968E-03,
  0.1704000000000000E+04,  0.1175000000000000E+02,  0.3625000000000000E+01,  0.5930097089118327E-03,
  0.1705000000000000E+04,  0.1225000000000000E+02,  0.3625000000000000E+01,  0.5868668416397021E-03,
  0.1706000000000000E+04,  0.1275000000000000E+02,  0.3625000000000000E+01,  0.5807237897550010E-03,
  0.1707000000000000E+04,  0.1325000000000000E+02,  0.3625000000000000E+01,  0.5745806860071998E-03,
  0.1708000000000000E+04,  0.1375000000000000E+02,  0.3625000000000000E+01,  0.5684375800761424E-03,
  0.1709000000000000E+04,  0.1425000000000000E+02,  0.3625000000000000E+01,  0.5622945025850724E-03,
  0.1710000000000000E+04,  0.1475000000000000E+02,  0.3625000000000000E+01,  0.5561514656683993E-03,
  0.1711000000000000E+04,  0.1525000000000000E+02,  0.3625000000000000E+01,  0.5500084720483564E-03,
  0.1712000000000000E+04,  0.1575000000000000E+02,  0.3625000000000000E+01,  0.5438655236415891E-03,
  0.1713000000000000E+04,  0.1625000000000000E+02,  0.3625000000000000E+01,  0.5377226102077727E-03,
  0.1714000000000000E+04,  0.1675000000000000E+02,  0.3625000000000000E+01,  0.5315797184157569E-03,
  0.1715000000000000E+04,  0.1725000000000000E+02,  0.3625000000000000E+01,  0.5254368781168450E-03,
  0.1716000000000000E+04,  0.1775000000000000E+02,  0.3625000000000000E+01,  0.5192940467174321E-03,
  0.1717000000000000E+04,  0.1825000000000000E+02,  0.3625000000000000E+01,  0.5131512690338489E-03,
  0.1718000000000000E+04,  0.1875000000000000E+02,  0.3625000000000000E+01,  0.5070085170602941E-03,
  0.1719000000000000E+04,  0.1925000000000000E+02,  0.3625000000000000E+01,  0.5008657992163769E-03,
  0.1720000000000000E+04,  0.1975000000000000E+02,  0.3625000000000000E+01,  0.4947231097067813E-03,
  0.1721000000000000E+04,  0.2025000000000000E+02,  0.3625000000000000E+01,  0.4885804642128357E-03,
  0.1722000000000000E+04,  0.2075000000000000E+02,  0.3625000000000000E+01,  0.4824378714829043E-03,
  0.1723000000000000E+04,  0.2125000000000000E+02,  0.3625000000000000E+01,  0.4762952820768156E-03,
  0.1724000000000000E+04,  0.2175000000000000E+02,  0.3625000000000000E+01,  0.4701527702912753E-03,
  0.1725000000000000E+04,  0.2225000000000000E+02,  0.3625000000000000E+01,  0.4640102868459841E-03,
  0.1726000000000000E+04,  0.2275000000000000E+02,  0.3625000000000000E+01,  0.4578678407412570E-03,
  0.1727000000000000E+04,  0.2325000000000000E+02,  0.3625000000000000E+01,  0.4517254483449339E-03,
  0.1728000000000000E+04,  0.2375000000000000E+02,  0.3625000000000000E+01,  0.4455831043033574E-03,
  0.1729000000000000E+04,  0.2425000000000000E+02,  0.3625000000000000E+01,  0.4394408179179159E-03,
  0.1730000000000000E+04,  0.2475000000000000E+02,  0.3625000000000000E+01,  0.4332985623153528E-03,
  0.1731000000000000E+04,  0.2525000000000000E+02,  0.3625000000000000E+01,  0.4271563904403077E-03,
  0.1732000000000000E+04,  0.2575000000000000E+02,  0.3625000000000000E+01,  0.4210142540122652E-03,
  0.1733000000000000E+04,  0.2625000000000000E+02,  0.3625000000000000E+01,  0.4148721845867264E-03,
  0.1734000000000000E+04,  0.2675000000000000E+02,  0.3625000000000000E+01,  0.4087301775827620E-03,
  0.1735000000000000E+04,  0.2725000000000000E+02,  0.3625000000000000E+01,  0.4025882286265452E-03,
  0.1736000000000000E+04,  0.2775000000000000E+02,  0.3625000000000000E+01,  0.3964463697608354E-03,
  0.1737000000000000E+04,  0.2825000000000000E+02,  0.3625000000000000E+01,  0.3903045533396936E-03,
  0.1738000000000000E+04,  0.2875000000000000E+02,  0.3625000000000000E+01,  0.3841628263444773E-03,
  0.1739000000000000E+04,  0.2925000000000000E+02,  0.3625000000000000E+01,  0.3780211854230590E-03,
  0.1740000000000000E+04,  0.2975000000000000E+02,  0.3625000000000000E+01,  0.3718796196575128E-03,
  0.1741000000000000E+04,  0.3025000000000000E+02,  0.3625000000000000E+01,  0.3657381332006401E-03,
  0.1742000000000000E+04,  0.3075000000000000E+02,  0.3625000000000000E+01,  0.3595967525447813E-03,
  0.1743000000000000E+04,  0.3125000000000000E+02,  0.3625000000000000E+01,  0.3534554604831980E-03,
  0.1744000000000000E+04,  0.3175000000000000E+02,  0.3625000000000000E+01,  0.3473142620523895E-03,
  0.1745000000000000E+04,  0.3225000000000000E+02,  0.3625000000000000E+01,  0.3411731771959484E-03,
  0.1746000000000000E+04,  0.3275000000000000E+02,  0.3625000000000000E+01,  0.3350322120654895E-03,
  0.1747000000000000E+04,  0.3325000000000000E+02,  0.3625000000000000E+01,  0.3288913507794661E-03,
  0.1748000000000000E+04,  0.3375000000000000E+02,  0.3625000000000000E+01,  0.3227506184880850E-03,
  0.1749000000000000E+04,  0.3425000000000000E+02,  0.3625000000000000E+01,  0.3166100297568742E-03,
  0.1750000000000000E+04,  0.3475000000000000E+02,  0.3625000000000000E+01,  0.3104695704761600E-03,
  0.1751000000000000E+04,  0.3525000000000000E+02,  0.3625000000000000E+01,  0.3043292602184492E-03,
  0.1752000000000000E+04,  0.3575000000000000E+02,  0.3625000000000000E+01,  0.2981891117679525E-03,
  0.1753000000000000E+04,  0.3625000000000000E+02,  0.3625000000000000E+01,  0.2920491351593496E-03,
  0.1754000000000000E+04,  0.3675000000000000E+02,  0.3625000000000000E+01,  0.2859093301435059E-03,
  0.1755000000000000E+04,  0.3725000000000000E+02,  0.3625000000000000E+01,  0.2797697195863130E-03,
  0.1756000000000000E+04,  0.3775000000000000E+02,  0.3625000000000000E+01,  0.2736303163322705E-03,
  0.1757000000000000E+04,  0.3825000000000000E+02,  0.3625000000000000E+01,  0.2674911233077468E-03,
  0.1758000000000000E+04,  0.3875000000000000E+02,  0.3625000000000000E+01,  0.2613521669418111E-03,
  0.1759000000000000E+04,  0.3925000000000000E+02,  0.3625000000000000E+01,  0.2552134567131920E-03,
  0.1760000000000000E+04,  0.3975000000000000E+02,  0.3625000000000000E+01,  0.2490750220623010E-03,
  0.1761000000000000E+04,  0.4025000000000000E+02,  0.3625000000000000E+01,  0.2429368722122865E-03,
  0.1762000000000000E+04,  0.4075000000000000E+02,  0.3625000000000000E+01,  0.2367990298104336E-03,
  0.1763000000000000E+04,  0.4125000000000000E+02,  0.3625000000000000E+01,  0.2306615305926252E-03,
  0.1764000000000000E+04,  0.4175000000000000E+02,  0.3625000000000000E+01,  0.2245243909750783E-03,
  0.1765000000000000E+04,  0.4225000000000000E+02,  0.3625000000000000E+01,  0.2183876418164760E-03,
  0.1766000000000000E+04,  0.4275000000000000E+02,  0.3625000000000000E+01,  0.2122513209335759E-03,
  0.1767000000000000E+04,  0.4325000000000000E+02,  0.3625000000000000E+01,  0.2061154700441708E-03,
  0.1768000000000000E+04,  0.4375000000000000E+02,  0.3625000000000000E+01,  0.1999801284417897E-03,
  0.1769000000000000E+04,  0.4425000000000000E+02,  0.3625000000000000E+01,  0.1938453447492015E-03,
  0.1770000000000000E+04,  0.4475000000000000E+02,  0.3625000000000000E+01,  0.1877111734849409E-03,
  0.1771000000000000E+04,  0.4525000000000000E+02,  0.3625000000000000E+01,  0.1815776731801352E-03,
  0.1772000000000000E+04,  0.4575000000000000E+02,  0.3625000000000000E+01,  0.1754449181200592E-03,
  0.1773000000000000E+04,  0.4625000000000000E+02,  0.3625000000000000E+01,  0.1693129822273904E-03,
  0.1774000000000000E+04,  0.4675000000000000E+02,  0.3625000000000000E+01,  0.1631819705894750E-03,
  0.1775000000000000E+04,  0.4725000000000000E+02,  0.3625000000000000E+01,  0.1570519762722398E-03,
  0.1776000000000000E+04,  0.4775000000000000E+02,  0.3625000000000000E+01,  0.1509231385198478E-03,
  0.1777000000000000E+04,  0.4825000000000000E+02,  0.3625000000000000E+01,  0.1447956014496689E-03,
  0.1778000000000000E+04,  0.4875000000000000E+02,  0.3625000000000000E+01,  0.1386695597033684E-03,
  0.1779000000000000E+04,  0.4925000000000000E+02,  0.3625000000000000E+01,  0.1325452425216436E-03,
  0.1780000000000000E+04,  0.4975000000000000E+02,  0.3625000000000000E+01,  0.1264229593983977E-03,
  0.1781000000000000E+04,  0.5025000000000000E+02,  0.3625000000000000E+01,  0.1203030860053055E-03,
  0.1782000000000000E+04,  0.5075000000000000E+02,  0.3625000000000000E+01,  0.1141861346449131E-03,
  0.1783000000000000E+04,  0.5125000000000000E+02,  0.3625000000000000E+01,  0.1080727338848343E-03,
  0.1784000000000000E+04,  0.5175000000000000E+02,  0.3625000000000000E+01,  0.1019636670138829E-03,
  0.1785000000000000E+04,  0.5225000000000000E+02,  0.3625000000000000E+01,  0.9585981725324780E-04,
  0.1786000000000000E+04,  0.5275000000000000E+02,  0.3625000000000000E+01,  0.8976204313737495E-04,
  0.1787000000000000E+04,  0.5325000000000000E+02,  0.3625000000000000E+01,  0.8367086445880946E-04,
  0.1788000000000000E+04,  0.5375000000000000E+02,  0.3625000000000000E+01,  0.7758588084389278E-04,
  0.1789000000000000E+04,  0.5425000000000000E+02,  0.3625000000000000E+01,  0.7150477267224915E-04,
  0.1790000000000000E+04,  0.5475000000000000E+02,  0.3625000000000000E+01,  0.6542188377449129E-04,
  0.1791000000000000E+04,  0.5525000000000000E+02,  0.3625000000000000E+01,  0.5932654348355236E-04,
  0.1792000000000000E+04,  0.5575000000000000E+02,  0.3625000000000000E+01,  0.5320202134154950E-04,
  0.1793000000000000E+04,  0.5625000000000000E+02,  0.3625000000000000E+01,  0.4702719284247985E-04,
  0.1794000000000000E+04,  0.5675000000000000E+02,  0.3625000000000000E+01,  0.4078486845524346E-04,
  0.1795000000000000E+04,  0.5725000000000000E+02,  0.3625000000000000E+01,  0.3448158686599291E-04,
  0.1796000000000000E+04,  0.5775000000000000E+02,  0.3625000000000000E+01,  0.2817853731979737E-04,
  0.1797000000000000E+04,  0.5825000000000000E+02,  0.3625000000000000E+01,  0.2200589203698915E-04,
  0.1798000000000000E+04,  0.5875000000000000E+02,  0.3625000000000000E+01,  0.1604116579284833E-04,
  0.1799000000000000E+04,  0.5925000000000000E+02,  0.3625000000000000E+01,  0.9952336736281614E-05,
  0.1800000000000000E+04,  0.5975000000000000E+02,  0.3625000000000000E+01,  0.3581549900565755E-05,
  0.1801000000000000E+04,  0.2500000000000000E+00,  0.3875000000000000E+01,  0.9333940440372722E-03,
  0.1802000000000000E+04,  0.7500000000000000E+00,  0.3875000000000000E+01,  0.1060592546255265E-02,
  0.1803000000000000E+04,  0.1250000000000000E+01,  0.3875000000000000E+01,  0.1085983485467199E-02,
  0.1804000000000000E+04,  0.1750000000000000E+01,  0.3875000000000000E+01,  0.1086409321611033E-02,
  0.1805000000000000E+04,  0.2250000000000000E+01,  0.3875000000000000E+01,  0.1067784232360777E-02,
  0.1806000000000000E+04,  0.2750000000000000E+01,  0.3875000000000000E+01,  0.1045795329357500E-02,
  0.1807000000000000E+04,  0.3250000000000000E+01,  0.3875000000000000E+01,  0.1025569884261255E-02,
  0.1808000000000000E+04,  0.3750000000000000E+01,  0.3875000000000000E+01,  0.1008705781275938E-02,
  0.1809000000000000E+04,  0.4250000000000000E+01,  0.3875000000000000E+01,  0.9948436692811206E-03,
  0.1810000000000000E+04,  0.4750000000000000E+01,  0.3875000000000000E+01,  0.9831404985228089E-03,
  0.1811000000000000E+04,  0.5250000000000000E+01,  0.3875000000000000E+01,  0.9728031892828299E-03,
  0.1812000000000000E+04,  0.5750000000000000E+01,  0.3875000000000000E+01,  0.9632541584761594E-03,
  0.1813000000000000E+04,  0.6250000000000000E+01,  0.3875000000000000E+01,  0.9541222104974213E-03,
  0.1814000000000000E+04,  0.6750000000000000E+01,  0.3875000000000000E+01,  0.9451893492063341E-03,
  0.1815000000000000E+04,  0.7250000000000000E+01,  0.3875000000000000E+01,  0.9363374518014765E-03,
  0.1816000000000000E+04,  0.7750000000000000E+01,  0.3875000000000000E+01,  0.9275082778217257E-03,
  0.1817000000000000E+04,  0.8250000000000000E+01,  0.3875000000000000E+01,  0.9186767855821336E-03,
  0.1818000000000000E+04,  0.8750000000000000E+01,  0.3875000000000000E+01,  0.9098347841377536E-03,
  0.1819000000000000E+04,  0.9250000000000000E+01,  0.3875000000000000E+01,  0.9009816240471415E-03,
  0.1820000000000000E+04,  0.9750000000000000E+01,  0.3875000000000000E+01,  0.8921196014622844E-03,
  0.1821000000000000E+04,  0.1025000000000000E+02,  0.3875000000000000E+01,  0.8832512301788892E-03,
  0.1822000000000000E+04,  0.1075000000000000E+02,  0.3875000000000000E+01,  0.8743789273646130E-03,
  0.1823000000000000E+04,  0.1125000000000000E+02,  0.3875000000000000E+01,  0.8655042621470244E-03,
  0.1824000000000000E+04,  0.1175000000000000E+02,  0.3875000000000000E+01,  0.8566283544763087E-03,
  0.1825000000000000E+04,  0.1225000000000000E+02,  0.3875000000000000E+01,  0.8477518091843125E-03,
  0.1826000000000000E+04,  0.1275000000000000E+02,  0.3875000000000000E+01,  0.8388750270415009E-03,
  0.1827000000000000E+04,  0.1325000000000000E+02,  0.3875000000000000E+01,  0.8299981889719085E-03,
  0.1828000000000000E+04,  0.1375000000000000E+02,  0.3875000000000000E+01,  0.8211213243035414E-03,
  0.1829000000000000E+04,  0.1425000000000000E+02,  0.3875000000000000E+01,  0.8122444914268550E-03,
  0.1830000000000000E+04,  0.1475000000000000E+02,  0.3875000000000000E+01,  0.8033676904651383E-03,
  0.1831000000000000E+04,  0.1525000000000000E+02,  0.3875000000000000E+01,  0.7944909215471882E-03,
  0.1832000000000000E+04,  0.1575000000000000E+02,  0.3875000000000000E+01,  0.7856141556167995E-03,
  0.1833000000000000E+04,  0.1625000000000000E+02,  0.3875000000000000E+01,  0.7767374364137706E-03,
  0.1834000000000000E+04,  0.1675000000000000E+02,  0.3875000000000000E+01,  0.7678607204611313E-03,
  0.1835000000000000E+04,  0.1725000000000000E+02,  0.3875000000000000E+01,  0.7589839932488454E-03,
  0.1836000000000000E+04,  0.1775000000000000E+02,  0.3875000000000000E+01,  0.7501072840154578E-03,
  0.1837000000000000E+04,  0.1825000000000000E+02,  0.3875000000000000E+01,  0.7412305783694873E-03,
  0.1838000000000000E+04,  0.1875000000000000E+02,  0.3875000000000000E+01,  0.7323538763851017E-03,
  0.1839000000000000E+04,  0.1925000000000000E+02,  0.3875000000000000E+01,  0.7234771636644173E-03,
  0.1840000000000000E+04,  0.1975000000000000E+02,  0.3875000000000000E+01,  0.7146004694529239E-03,
  0.1841000000000000E+04,  0.2025000000000000E+02,  0.3875000000000000E+01,  0.7057237793483003E-03,
  0.1842000000000000E+04,  0.2075000000000000E+02,  0.3875000000000000E+01,  0.6968470934877747E-03,
  0.1843000000000000E+04,  0.2125000000000000E+02,  0.3875000000000000E+01,  0.6879704120755686E-03,
  0.1844000000000000E+04,  0.2175000000000000E+02,  0.3875000000000000E+01,  0.6790937352861185E-03,
  0.1845000000000000E+04,  0.2225000000000000E+02,  0.3875000000000000E+01,  0.6702170632621045E-03,
  0.1846000000000000E+04,  0.2275000000000000E+02,  0.3875000000000000E+01,  0.6613403962161893E-03,
  0.1847000000000000E+04,  0.2325000000000000E+02,  0.3875000000000000E+01,  0.6524637343515517E-03,
  0.1848000000000000E+04,  0.2375000000000000E+02,  0.3875000000000000E+01,  0.6435870633309988E-03,
  0.1849000000000000E+04,  0.2425000000000000E+02,  0.3875000000000000E+01,  0.6347104124624372E-03,
  0.1850000000000000E+04,  0.2475000000000000E+02,  0.3875000000000000E+01,  0.6258337674984386E-03,
  0.1851000000000000E+04,  0.2525000000000000E+02,  0.3875000000000000E+01,  0.6169571431786103E-03,
  0.1852000000000000E+04,  0.2575000000000000E+02,  0.3875000000000000E+01,  0.6080804815861651E-03,
  0.1853000000000000E+04,  0.2625000000000000E+02,  0.3875000000000000E+01,  0.5992038703140130E-03,
  0.1854000000000000E+04,  0.2675000000000000E+02,  0.3875000000000000E+01,  0.5903272441809103E-03,
  0.1855000000000000E+04,  0.2725000000000000E+02,  0.3875000000000000E+01,  0.5814506326089738E-03,
  0.1856000000000000E+04,  0.2775000000000000E+02,  0.3875000000000000E+01,  0.5725740286372811E-03,
  0.1857000000000000E+04,  0.2825000000000000E+02,  0.3875000000000000E+01,  0.5636974326979950E-03,
  0.1858000000000000E+04,  0.2875000000000000E+02,  0.3875000000000000E+01,  0.5548208450775974E-03,
  0.1859000000000000E+04,  0.2925000000000000E+02,  0.3875000000000000E+01,  0.5459442662699410E-03,
  0.1860000000000000E+04,  0.2975000000000000E+02,  0.3875000000000000E+01,  0.5370676966736211E-03,
  0.1861000000000000E+04,  0.3025000000000000E+02,  0.3875000000000000E+01,  0.5281911221886189E-03,
  0.1862000000000000E+04,  0.3075000000000000E+02,  0.3875000000000000E+01,  0.5193145724397366E-03,
  0.1863000000000000E+04,  0.3125000000000000E+02,  0.3875000000000000E+01,  0.5104380333530441E-03,
  0.1864000000000000E+04,  0.3175000000000000E+02,  0.3875000000000000E+01,  0.5015615055768100E-03,
  0.1865000000000000E+04,  0.3225000000000000E+02,  0.3875000000000000E+01,  0.4926849751013041E-03,
  0.1866000000000000E+04,  0.3275000000000000E+02,  0.3875000000000000E+01,  0.4838084717383885E-03,
  0.1867000000000000E+04,  0.3325000000000000E+02,  0.3875000000000000E+01,  0.4749319888732670E-03,
  0.1868000000000000E+04,  0.3375000000000000E+02,  0.3875000000000000E+01,  0.4660555127101124E-03,
  0.1869000000000000E+04,  0.3425000000000000E+02,  0.3875000000000000E+01,  0.4571790513838219E-03,
  0.1870000000000000E+04,  0.3475000000000000E+02,  0.3875000000000000E+01,  0.4483026057144203E-03,
  0.1871000000000000E+04,  0.3525000000000000E+02,  0.3875000000000000E+01,  0.4394261767132493E-03,
  0.1872000000000000E+04,  0.3575000000000000E+02,  0.3875000000000000E+01,  0.4305497653474108E-03,
  0.1873000000000000E+04,  0.3625000000000000E+02,  0.3875000000000000E+01,  0.4216733582446256E-03,
  0.1874000000000000E+04,  0.3675000000000000E+02,  0.3875000000000000E+01,  0.4127969929465173E-03,
  0.1875000000000000E+04,  0.3725000000000000E+02,  0.3875000000000000E+01,  0.4039206344093478E-03,
  0.1876000000000000E+04,  0.3775000000000000E+02,  0.3875000000000000E+01,  0.3950443131718833E-03,
  0.1877000000000000E+04,  0.3825000000000000E+02,  0.3875000000000000E+01,  0.3861680016829189E-03,
  0.1878000000000000E+04,  0.3875000000000000E+02,  0.3875000000000000E+01,  0.3772917235386575E-03,
  0.1879000000000000E+04,  0.3925000000000000E+02,  0.3875000000000000E+01,  0.3684154732732659E-03,
  0.1880000000000000E+04,  0.3975000000000000E+02,  0.3875000000000000E+01,  0.3595392530279766E-03,
  0.1881000000000000E+04,  0.4025000000000000E+02,  0.3875000000000000E+01,  0.3506630577482926E-03,
  0.1882000000000000E+04,  0.4075000000000000E+02,  0.3875000000000000E+01,  0.3417869045170234E-03,
  0.1883000000000000E+04,  0.4125000000000000E+02,  0.3875000000000000E+01,  0.3329107815647922E-03,
  0.1884000000000000E+04,  0.4175000000000000E+02,  0.3875000000000000E+01,  0.3240347065072239E-03,
  0.1885000000000000E+04,  0.4225000000000000E+02,  0.3875000000000000E+01,  0.3151586755663275E-03,
  0.1886000000000000E+04,  0.4275000000000000E+02,  0.3875000000000000E+01,  0.3062826924878756E-03,
  0.1887000000000000E+04,  0.4325000000000000E+02,  0.3875000000000000E+01,  0.2974067616495641E-03,
  0.1888000000000000E+04,  0.4375000000000000E+02,  0.3875000000000000E+01,  0.2885308805140492E-03,
  0.1889000000000000E+04,  0.4425000000000000E+02,  0.3875000000000000E+01,  0.2796550618554630E-03,
  0.1890000000000000E+04,  0.4475000000000000E+02,  0.3875000000000000E+01,  0.2707793190164672E-03,
  0.1891000000000000E+04,  0.4525000000000000E+02,  0.3875000000000000E+01,  0.2619036517694022E-03,
  0.1892000000000000E+04,  0.4575000000000000E+02,  0.3875000000000000E+01,  0.2530280571024504E-03,
  0.1893000000000000E+04,  0.4625000000000000E+02,  0.3875000000000000E+01,  0.2441525550899423E-03,
  0.1894000000000000E+04,  0.4675000000000000E+02,  0.3875000000000000E+01,  0.2352771488991530E-03,
  0.1895000000000000E+04,  0.4725000000000000E+02,  0.3875000000000000E+01,  0.2264018543076060E-03,
  0.1896000000000000E+04,  0.4775000000000000E+02,  0.3875000000000000E+01,  0.2175266889948324E-03,
  0.1897000000000000E+04,  0.4825000000000000E+02,  0.3875000000000000E+01,  0.2086516620846234E-03,
  0.1898000000000000E+04,  0.4875000000000000E+02,  0.3875000000000000E+01,  0.1997768390971487E-03,
  0.1899000000000000E+04,  0.4925000000000000E+02,  0.3875000000000000E+01,  0.1909022797255313E-03,
  0.1900000000000000E+04,  0.4975000000000000E+02,  0.3875000000000000E+01,  0.1820281080650755E-03,
  0.1901000000000000E+04,  0.5025000000000000E+02,  0.3875000000000000E+01,  0.1731544938162487E-03,
  0.1902000000000000E+04,  0.5075000000000000E+02,  0.3875000000000000E+01,  0.1642817437963294E-03,
  0.1903000000000000E+04,  0.5125000000000000E+02,  0.3875000000000000E+01,  0.1554102609154329E-03,
  0.1904000000000000E+04,  0.5175000000000000E+02,  0.3875000000000000E+01,  0.1465405605587031E-03,
  0.1905000000000000E+04,  0.5225000000000000E+02,  0.3875000000000000E+01,  0.1376732054186659E-03,
  0.1906000000000000E+04,  0.5275000000000000E+02,  0.3875000000000000E+01,  0.1288084950565845E-03,
  0.1907000000000000E+04,  0.5325000000000000E+02,  0.3875000000000000E+01,  0.1199458739339950E-03,
  0.1908000000000000E+04,  0.5375000000000000E+02,  0.3875000000000000E+01,  0.1110827181668521E-03,
  0.1909000000000000E+04,  0.5425000000000000E+02,  0.3875000000000000E+01,  0.1022120392664671E-03,
  0.1910000000000000E+04,  0.5475000000000000E+02,  0.3875000000000000E+01,  0.9331866514702654E-04,
  0.1911000000000000E+04,  0.5525000000000000E+02,  0.3875000000000000E+01,  0.8437334878359735E-04,
  0.1912000000000000E+04,  0.5575000000000000E+02,  0.3875000000000000E+01,  0.7532483241423760E-04,
  0.1913000000000000E+04,  0.5625000000000000E+02,  0.3875000000000000E+01,  0.6609218665154455E-04,
  0.1914000000000000E+04,  0.5675000000000000E+02,  0.3875000000000000E+01,  0.5656508610079795E-04,
  0.1915000000000000E+04,  0.5725000000000000E+02,  0.3875000000000000E+01,  0.4663027263673973E-04,
  0.1916000000000000E+04,  0.5775000000000000E+02,  0.3875000000000000E+01,  0.3625352939591557E-04,
  0.1917000000000000E+04,  0.5825000000000000E+02,  0.3875000000000000E+01,  0.2564027219985297E-04,
  0.1918000000000000E+04,  0.5875000000000000E+02,  0.3875000000000000E+01,  0.1545328572472779E-04,
  0.1919000000000000E+04,  0.5925000000000000E+02,  0.3875000000000000E+01,  0.6893847816197355E-05,
  0.1920000000000000E+04,  0.5975000000000000E+02,  0.3875000000000000E+01,  0.1332280662404857E-05,
