/BATCH
/FILNAME,stage10_structural
/TITLE,Stage 10 isothermal discretization verification
/PREP7
ET,1,182
KEYOPT,1,3,3
R,1,1
TYPE,1
REAL,1
MAT,1
MP,EX,1,1691.594
MP,PRXY,1,0.35
TB,PRONY,1,,23,SHEAR
TBDATA,1,0.003681734506033953,1.176e-14
TBDATA,3,0.001067632067742023,1.228e-14
TBDATA,5,0.00464000227004825,2.878e-14
TBDATA,7,0.007537860739633741,1.701e-12
TBDATA,9,0.01232979071810375,9.178e-12
TBDATA,11,0.01838739082782275,6.034e-11
TBDATA,13,0.02693672358733833,6.187e-09
TBDATA,15,0.03785541920815515,1.102e-07
TBDATA,17,0.05467269332948686,1.047e-06
TBDATA,19,0.0803478848943659,6.903e-06
TBDATA,21,0.06708938433217426,2.582e-05
TBDATA,23,0.07582552314562477,5.363e-05
TBDATA,25,0.1025482473926959,0.0001838
TBDATA,27,0.05521005631374904,0.0004386
TBDATA,29,0.0968341103125218,0.0007577
TBDATA,31,0.07939907566472806,0.001795
TBDATA,33,0.07050509755887051,0.002292
TBDATA,35,0.05946817025834805,0.006576
TBDATA,37,0.04760835046707425,0.00992
TBDATA,39,0.036429545150905,0.0329
TBDATA,41,0.02631127800169544,0.05374
TBDATA,43,0.01804747474866901,0.06586
TBDATA,45,0.01100145779661077,35.03
TB,PRONY,1,,23,BULK
TBDATA,1,0.003681734506033953,1.176e-14
TBDATA,3,0.001067632067742023,1.228e-14
TBDATA,5,0.00464000227004825,2.878e-14
TBDATA,7,0.007537860739633741,1.701e-12
TBDATA,9,0.01232979071810375,9.178e-12
TBDATA,11,0.01838739082782275,6.034e-11
TBDATA,13,0.02693672358733833,6.187e-09
TBDATA,15,0.03785541920815515,1.102e-07
TBDATA,17,0.05467269332948686,1.047e-06
TBDATA,19,0.0803478848943659,6.903e-06
TBDATA,21,0.06708938433217426,2.582e-05
TBDATA,23,0.07582552314562477,5.363e-05
TBDATA,25,0.1025482473926959,0.0001838
TBDATA,27,0.05521005631374904,0.0004386
TBDATA,29,0.0968341103125218,0.0007577
TBDATA,31,0.07939907566472806,0.001795
TBDATA,33,0.07050509755887051,0.002292
TBDATA,35,0.05946817025834805,0.006576
TBDATA,37,0.04760835046707425,0.00992
TBDATA,39,0.036429545150905,0.0329
TBDATA,41,0.02631127800169544,0.05374
TBDATA,43,0.01804747474866901,0.06586
TBDATA,45,0.01100145779661077,35.03
MP,EX,2,1691.594
MP,PRXY,2,0.35
TB,PRONY,2,,23,SHEAR
TBDATA,1,0.003681734506033953,1.176e-13
TBDATA,3,0.001067632067742023,1.228e-13
TBDATA,5,0.00464000227004825,2.878e-13
TBDATA,7,0.007537860739633741,1.701e-11
TBDATA,9,0.01232979071810375,9.177999999999999e-11
TBDATA,11,0.01838739082782275,6.034e-10
TBDATA,13,0.02693672358733833,6.187e-08
TBDATA,15,0.03785541920815515,1.102e-06
TBDATA,17,0.05467269332948686,1.047e-05
TBDATA,19,0.0803478848943659,6.902999999999999e-05
TBDATA,21,0.06708938433217426,0.0002582
TBDATA,23,0.07582552314562477,0.0005363
TBDATA,25,0.1025482473926959,0.001838
TBDATA,27,0.05521005631374904,0.004386
TBDATA,29,0.0968341103125218,0.007577
TBDATA,31,0.07939907566472806,0.01795
TBDATA,33,0.07050509755887051,0.02292
TBDATA,35,0.05946817025834805,0.06576
TBDATA,37,0.04760835046707425,0.0992
TBDATA,39,0.036429545150905,0.329
TBDATA,41,0.02631127800169544,0.5374
TBDATA,43,0.01804747474866901,0.6586000000000001
TBDATA,45,0.01100145779661077,350.3
TB,PRONY,2,,23,BULK
TBDATA,1,0.003681734506033953,1.176e-13
TBDATA,3,0.001067632067742023,1.228e-13
TBDATA,5,0.00464000227004825,2.878e-13
TBDATA,7,0.007537860739633741,1.701e-11
TBDATA,9,0.01232979071810375,9.177999999999999e-11
TBDATA,11,0.01838739082782275,6.034e-10
TBDATA,13,0.02693672358733833,6.187e-08
TBDATA,15,0.03785541920815515,1.102e-06
TBDATA,17,0.05467269332948686,1.047e-05
TBDATA,19,0.0803478848943659,6.902999999999999e-05
TBDATA,21,0.06708938433217426,0.0002582
TBDATA,23,0.07582552314562477,0.0005363
TBDATA,25,0.1025482473926959,0.001838
TBDATA,27,0.05521005631374904,0.004386
TBDATA,29,0.0968341103125218,0.007577
TBDATA,31,0.07939907566472806,0.01795
TBDATA,33,0.07050509755887051,0.02292
TBDATA,35,0.05946817025834805,0.06576
TBDATA,37,0.04760835046707425,0.0992
TBDATA,39,0.036429545150905,0.329
TBDATA,41,0.02631127800169544,0.5374
TBDATA,43,0.01804747474866901,0.6586000000000001
TBDATA,45,0.01100145779661077,350.3
N,1,0,0,0
N,2,0.5,0,0
N,3,1,0,0
N,4,1.5,0,0
N,5,2,0,0
N,6,2.5,0,0
N,7,3,0,0
N,8,3.5,0,0
N,9,4,0,0
N,10,4.5,0,0
N,11,5,0,0
N,12,5.5,0,0
N,13,6,0,0
N,14,6.5,0,0
N,15,7,0,0
N,16,7.5,0,0
N,17,8,0,0
N,18,8.5,0,0
N,19,9,0,0
N,20,9.5,0,0
N,21,10,0,0
N,22,10.5,0,0
N,23,11,0,0
N,24,11.5,0,0
N,25,12,0,0
N,26,12.5,0,0
N,27,13,0,0
N,28,13.5,0,0
N,29,14,0,0
N,30,14.5,0,0
N,31,15,0,0
N,32,15.5,0,0
N,33,16,0,0
N,34,16.5,0,0
N,35,17,0,0
N,36,17.5,0,0
N,37,18,0,0
N,38,18.5,0,0
N,39,19,0,0
N,40,19.5,0,0
N,41,20,0,0
N,42,20.5,0,0
N,43,21,0,0
N,44,21.5,0,0
N,45,22,0,0
N,46,22.5,0,0
N,47,23,0,0
N,48,23.5,0,0
N,49,24,0,0
N,50,24.5,0,0
N,51,25,0,0
N,52,25.5,0,0
N,53,26,0,0
N,54,26.5,0,0
N,55,27,0,0
N,56,27.5,0,0
N,57,28,0,0
N,58,28.5,0,0
N,59,29,0,0
N,60,29.5,0,0
N,61,30,0,0
N,62,30.5,0,0
N,63,31,0,0
N,64,31.5,0,0
N,65,32,0,0
N,66,32.5,0,0
N,67,33,0,0
N,68,33.5,0,0
N,69,34,0,0
N,70,34.5,0,0
N,71,35,0,0
N,72,35.5,0,0
N,73,36,0,0
N,74,36.5,0,0
N,75,37,0,0
N,76,37.5,0,0
N,77,38,0,0
N,78,38.5,0,0
N,79,39,0,0
N,80,39.5,0,0
N,81,40,0,0
N,82,40.5,0,0
N,83,41,0,0
N,84,41.5,0,0
N,85,42,0,0
N,86,42.5,0,0
N,87,43,0,0
N,88,43.5,0,0
N,89,44,0,0
N,90,44.5,0,0
N,91,45,0,0
N,92,45.5,0,0
N,93,46,0,0
N,94,46.5,0,0
N,95,47,0,0
N,96,47.5,0,0
N,97,48,0,0
N,98,48.5,0,0
N,99,49,0,0
N,100,49.5,0,0
N,101,50,0,0
N,102,50.5,0,0
N,103,51,0,0
N,104,51.5,0,0
N,105,52,0,0
N,106,52.5,0,0
N,107,53,0,0
N,108,53.5,0,0
N,109,54,0,0
N,110,54.5,0,0
N,111,55,0,0
N,112,55.5,0,0
N,113,56,0,0
N,114,56.5,0,0
N,115,57,0,0
N,116,57.5,0,0
N,117,58,0,0
N,118,58.5,0,0
N,119,59,0,0
N,120,59.5,0,0
N,121,60,0,0
N,122,0,0.25,0
N,123,0.5,0.25,0
N,124,1,0.25,0
N,125,1.5,0.25,0
N,126,2,0.25,0
N,127,2.5,0.25,0
N,128,3,0.25,0
N,129,3.5,0.25,0
N,130,4,0.25,0
N,131,4.5,0.25,0
N,132,5,0.25,0
N,133,5.5,0.25,0
N,134,6,0.25,0
N,135,6.5,0.25,0
N,136,7,0.25,0
N,137,7.5,0.25,0
N,138,8,0.25,0
N,139,8.5,0.25,0
N,140,9,0.25,0
N,141,9.5,0.25,0
N,142,10,0.25,0
N,143,10.5,0.25,0
N,144,11,0.25,0
N,145,11.5,0.25,0
N,146,12,0.25,0
N,147,12.5,0.25,0
N,148,13,0.25,0
N,149,13.5,0.25,0
N,150,14,0.25,0
N,151,14.5,0.25,0
N,152,15,0.25,0
N,153,15.5,0.25,0
N,154,16,0.25,0
N,155,16.5,0.25,0
N,156,17,0.25,0
N,157,17.5,0.25,0
N,158,18,0.25,0
N,159,18.5,0.25,0
N,160,19,0.25,0
N,161,19.5,0.25,0
N,162,20,0.25,0
N,163,20.5,0.25,0
N,164,21,0.25,0
N,165,21.5,0.25,0
N,166,22,0.25,0
N,167,22.5,0.25,0
N,168,23,0.25,0
N,169,23.5,0.25,0
N,170,24,0.25,0
N,171,24.5,0.25,0
N,172,25,0.25,0
N,173,25.5,0.25,0
N,174,26,0.25,0
N,175,26.5,0.25,0
N,176,27,0.25,0
N,177,27.5,0.25,0
N,178,28,0.25,0
N,179,28.5,0.25,0
N,180,29,0.25,0
N,181,29.5,0.25,0
N,182,30,0.25,0
N,183,30.5,0.25,0
N,184,31,0.25,0
N,185,31.5,0.25,0
N,186,32,0.25,0
N,187,32.5,0.25,0
N,188,33,0.25,0
N,189,33.5,0.25,0
N,190,34,0.25,0
N,191,34.5,0.25,0
N,192,35,0.25,0
N,193,35.5,0.25,0
N,194,36,0.25,0
N,195,36.5,0.25,0
N,196,37,0.25,0
N,197,37.5,0.25,0
N,198,38,0.25,0
N,199,38.5,0.25,0
N,200,39,0.25,0
N,201,39.5,0.25,0
N,202,40,0.25,0
N,203,40.5,0.25,0
N,204,41,0.25,0
N,205,41.5,0.25,0
N,206,42,0.25,0
N,207,42.5,0.25,0
N,208,43,0.25,0
N,209,43.5,0.25,0
N,210,44,0.25,0
N,211,44.5,0.25,0
N,212,45,0.25,0
N,213,45.5,0.25,0
N,214,46,0.25,0
N,215,46.5,0.25,0
N,216,47,0.25,0
N,217,47.5,0.25,0
N,218,48,0.25,0
N,219,48.5,0.25,0
N,220,49,0.25,0
N,221,49.5,0.25,0
N,222,50,0.25,0
N,223,50.5,0.25,0
N,224,51,0.25,0
N,225,51.5,0.25,0
N,226,52,0.25,0
N,227,52.5,0.25,0
N,228,53,0.25,0
N,229,53.5,0.25,0
N,230,54,0.25,0
N,231,54.5,0.25,0
N,232,55,0.25,0
N,233,55.5,0.25,0
N,234,56,0.25,0
N,235,56.5,0.25,0
N,236,57,0.25,0
N,237,57.5,0.25,0
N,238,58,0.25,0
N,239,58.5,0.25,0
N,240,59,0.25,0
N,241,59.5,0.25,0
N,242,60,0.25,0
N,243,0,0.5,0
N,244,0.5,0.5,0
N,245,1,0.5,0
N,246,1.5,0.5,0
N,247,2,0.5,0
N,248,2.5,0.5,0
N,249,3,0.5,0
N,250,3.5,0.5,0
N,251,4,0.5,0
N,252,4.5,0.5,0
N,253,5,0.5,0
N,254,5.5,0.5,0
N,255,6,0.5,0
N,256,6.5,0.5,0
N,257,7,0.5,0
N,258,7.5,0.5,0
N,259,8,0.5,0
N,260,8.5,0.5,0
N,261,9,0.5,0
N,262,9.5,0.5,0
N,263,10,0.5,0
N,264,10.5,0.5,0
N,265,11,0.5,0
N,266,11.5,0.5,0
N,267,12,0.5,0
N,268,12.5,0.5,0
N,269,13,0.5,0
N,270,13.5,0.5,0
N,271,14,0.5,0
N,272,14.5,0.5,0
N,273,15,0.5,0
N,274,15.5,0.5,0
N,275,16,0.5,0
N,276,16.5,0.5,0
N,277,17,0.5,0
N,278,17.5,0.5,0
N,279,18,0.5,0
N,280,18.5,0.5,0
N,281,19,0.5,0
N,282,19.5,0.5,0
N,283,20,0.5,0
N,284,20.5,0.5,0
N,285,21,0.5,0
N,286,21.5,0.5,0
N,287,22,0.5,0
N,288,22.5,0.5,0
N,289,23,0.5,0
N,290,23.5,0.5,0
N,291,24,0.5,0
N,292,24.5,0.5,0
N,293,25,0.5,0
N,294,25.5,0.5,0
N,295,26,0.5,0
N,296,26.5,0.5,0
N,297,27,0.5,0
N,298,27.5,0.5,0
N,299,28,0.5,0
N,300,28.5,0.5,0
N,301,29,0.5,0
N,302,29.5,0.5,0
N,303,30,0.5,0
N,304,30.5,0.5,0
N,305,31,0.5,0
N,306,31.5,0.5,0
N,307,32,0.5,0
N,308,32.5,0.5,0
N,309,33,0.5,0
N,310,33.5,0.5,0
N,311,34,0.5,0
N,312,34.5,0.5,0
N,313,35,0.5,0
N,314,35.5,0.5,0
N,315,36,0.5,0
N,316,36.5,0.5,0
N,317,37,0.5,0
N,318,37.5,0.5,0
N,319,38,0.5,0
N,320,38.5,0.5,0
N,321,39,0.5,0
N,322,39.5,0.5,0
N,323,40,0.5,0
N,324,40.5,0.5,0
N,325,41,0.5,0
N,326,41.5,0.5,0
N,327,42,0.5,0
N,328,42.5,0.5,0
N,329,43,0.5,0
N,330,43.5,0.5,0
N,331,44,0.5,0
N,332,44.5,0.5,0
N,333,45,0.5,0
N,334,45.5,0.5,0
N,335,46,0.5,0
N,336,46.5,0.5,0
N,337,47,0.5,0
N,338,47.5,0.5,0
N,339,48,0.5,0
N,340,48.5,0.5,0
N,341,49,0.5,0
N,342,49.5,0.5,0
N,343,50,0.5,0
N,344,50.5,0.5,0
N,345,51,0.5,0
N,346,51.5,0.5,0
N,347,52,0.5,0
N,348,52.5,0.5,0
N,349,53,0.5,0
N,350,53.5,0.5,0
N,351,54,0.5,0
N,352,54.5,0.5,0
N,353,55,0.5,0
N,354,55.5,0.5,0
N,355,56,0.5,0
N,356,56.5,0.5,0
N,357,57,0.5,0
N,358,57.5,0.5,0
N,359,58,0.5,0
N,360,58.5,0.5,0
N,361,59,0.5,0
N,362,59.5,0.5,0
N,363,60,0.5,0
N,364,0,0.75,0
N,365,0.5,0.75,0
N,366,1,0.75,0
N,367,1.5,0.75,0
N,368,2,0.75,0
N,369,2.5,0.75,0
N,370,3,0.75,0
N,371,3.5,0.75,0
N,372,4,0.75,0
N,373,4.5,0.75,0
N,374,5,0.75,0
N,375,5.5,0.75,0
N,376,6,0.75,0
N,377,6.5,0.75,0
N,378,7,0.75,0
N,379,7.5,0.75,0
N,380,8,0.75,0
N,381,8.5,0.75,0
N,382,9,0.75,0
N,383,9.5,0.75,0
N,384,10,0.75,0
N,385,10.5,0.75,0
N,386,11,0.75,0
N,387,11.5,0.75,0
N,388,12,0.75,0
N,389,12.5,0.75,0
N,390,13,0.75,0
N,391,13.5,0.75,0
N,392,14,0.75,0
N,393,14.5,0.75,0
N,394,15,0.75,0
N,395,15.5,0.75,0
N,396,16,0.75,0
N,397,16.5,0.75,0
N,398,17,0.75,0
N,399,17.5,0.75,0
N,400,18,0.75,0
N,401,18.5,0.75,0
N,402,19,0.75,0
N,403,19.5,0.75,0
N,404,20,0.75,0
N,405,20.5,0.75,0
N,406,21,0.75,0
N,407,21.5,0.75,0
N,408,22,0.75,0
N,409,22.5,0.75,0
N,410,23,0.75,0
N,411,23.5,0.75,0
N,412,24,0.75,0
N,413,24.5,0.75,0
N,414,25,0.75,0
N,415,25.5,0.75,0
N,416,26,0.75,0
N,417,26.5,0.75,0
N,418,27,0.75,0
N,419,27.5,0.75,0
N,420,28,0.75,0
N,421,28.5,0.75,0
N,422,29,0.75,0
N,423,29.5,0.75,0
N,424,30,0.75,0
N,425,30.5,0.75,0
N,426,31,0.75,0
N,427,31.5,0.75,0
N,428,32,0.75,0
N,429,32.5,0.75,0
N,430,33,0.75,0
N,431,33.5,0.75,0
N,432,34,0.75,0
N,433,34.5,0.75,0
N,434,35,0.75,0
N,435,35.5,0.75,0
N,436,36,0.75,0
N,437,36.5,0.75,0
N,438,37,0.75,0
N,439,37.5,0.75,0
N,440,38,0.75,0
N,441,38.5,0.75,0
N,442,39,0.75,0
N,443,39.5,0.75,0
N,444,40,0.75,0
N,445,40.5,0.75,0
N,446,41,0.75,0
N,447,41.5,0.75,0
N,448,42,0.75,0
N,449,42.5,0.75,0
N,450,43,0.75,0
N,451,43.5,0.75,0
N,452,44,0.75,0
N,453,44.5,0.75,0
N,454,45,0.75,0
N,455,45.5,0.75,0
N,456,46,0.75,0
N,457,46.5,0.75,0
N,458,47,0.75,0
N,459,47.5,0.75,0
N,460,48,0.75,0
N,461,48.5,0.75,0
N,462,49,0.75,0
N,463,49.5,0.75,0
N,464,50,0.75,0
N,465,50.5,0.75,0
N,466,51,0.75,0
N,467,51.5,0.75,0
N,468,52,0.75,0
N,469,52.5,0.75,0
N,470,53,0.75,0
N,471,53.5,0.75,0
N,472,54,0.75,0
N,473,54.5,0.75,0
N,474,55,0.75,0
N,475,55.5,0.75,0
N,476,56,0.75,0
N,477,56.5,0.75,0
N,478,57,0.75,0
N,479,57.5,0.75,0
N,480,58,0.75,0
N,481,58.5,0.75,0
N,482,59,0.75,0
N,483,59.5,0.75,0
N,484,60,0.75,0
N,485,0,1,0
N,486,0.5,1,0
N,487,1,1,0
N,488,1.5,1,0
N,489,2,1,0
N,490,2.5,1,0
N,491,3,1,0
N,492,3.5,1,0
N,493,4,1,0
N,494,4.5,1,0
N,495,5,1,0
N,496,5.5,1,0
N,497,6,1,0
N,498,6.5,1,0
N,499,7,1,0
N,500,7.5,1,0
N,501,8,1,0
N,502,8.5,1,0
N,503,9,1,0
N,504,9.5,1,0
N,505,10,1,0
N,506,10.5,1,0
N,507,11,1,0
N,508,11.5,1,0
N,509,12,1,0
N,510,12.5,1,0
N,511,13,1,0
N,512,13.5,1,0
N,513,14,1,0
N,514,14.5,1,0
N,515,15,1,0
N,516,15.5,1,0
N,517,16,1,0
N,518,16.5,1,0
N,519,17,1,0
N,520,17.5,1,0
N,521,18,1,0
N,522,18.5,1,0
N,523,19,1,0
N,524,19.5,1,0
N,525,20,1,0
N,526,20.5,1,0
N,527,21,1,0
N,528,21.5,1,0
N,529,22,1,0
N,530,22.5,1,0
N,531,23,1,0
N,532,23.5,1,0
N,533,24,1,0
N,534,24.5,1,0
N,535,25,1,0
N,536,25.5,1,0
N,537,26,1,0
N,538,26.5,1,0
N,539,27,1,0
N,540,27.5,1,0
N,541,28,1,0
N,542,28.5,1,0
N,543,29,1,0
N,544,29.5,1,0
N,545,30,1,0
N,546,30.5,1,0
N,547,31,1,0
N,548,31.5,1,0
N,549,32,1,0
N,550,32.5,1,0
N,551,33,1,0
N,552,33.5,1,0
N,553,34,1,0
N,554,34.5,1,0
N,555,35,1,0
N,556,35.5,1,0
N,557,36,1,0
N,558,36.5,1,0
N,559,37,1,0
N,560,37.5,1,0
N,561,38,1,0
N,562,38.5,1,0
N,563,39,1,0
N,564,39.5,1,0
N,565,40,1,0
N,566,40.5,1,0
N,567,41,1,0
N,568,41.5,1,0
N,569,42,1,0
N,570,42.5,1,0
N,571,43,1,0
N,572,43.5,1,0
N,573,44,1,0
N,574,44.5,1,0
N,575,45,1,0
N,576,45.5,1,0
N,577,46,1,0
N,578,46.5,1,0
N,579,47,1,0
N,580,47.5,1,0
N,581,48,1,0
N,582,48.5,1,0
N,583,49,1,0
N,584,49.5,1,0
N,585,50,1,0
N,586,50.5,1,0
N,587,51,1,0
N,588,51.5,1,0
N,589,52,1,0
N,590,52.5,1,0
N,591,53,1,0
N,592,53.5,1,0
N,593,54,1,0
N,594,54.5,1,0
N,595,55,1,0
N,596,55.5,1,0
N,597,56,1,0
N,598,56.5,1,0
N,599,57,1,0
N,600,57.5,1,0
N,601,58,1,0
N,602,58.5,1,0
N,603,59,1,0
N,604,59.5,1,0
N,605,60,1,0
N,606,0,1.25,0
N,607,0.5,1.25,0
N,608,1,1.25,0
N,609,1.5,1.25,0
N,610,2,1.25,0
N,611,2.5,1.25,0
N,612,3,1.25,0
N,613,3.5,1.25,0
N,614,4,1.25,0
N,615,4.5,1.25,0
N,616,5,1.25,0
N,617,5.5,1.25,0
N,618,6,1.25,0
N,619,6.5,1.25,0
N,620,7,1.25,0
N,621,7.5,1.25,0
N,622,8,1.25,0
N,623,8.5,1.25,0
N,624,9,1.25,0
N,625,9.5,1.25,0
N,626,10,1.25,0
N,627,10.5,1.25,0
N,628,11,1.25,0
N,629,11.5,1.25,0
N,630,12,1.25,0
N,631,12.5,1.25,0
N,632,13,1.25,0
N,633,13.5,1.25,0
N,634,14,1.25,0
N,635,14.5,1.25,0
N,636,15,1.25,0
N,637,15.5,1.25,0
N,638,16,1.25,0
N,639,16.5,1.25,0
N,640,17,1.25,0
N,641,17.5,1.25,0
N,642,18,1.25,0
N,643,18.5,1.25,0
N,644,19,1.25,0
N,645,19.5,1.25,0
N,646,20,1.25,0
N,647,20.5,1.25,0
N,648,21,1.25,0
N,649,21.5,1.25,0
N,650,22,1.25,0
N,651,22.5,1.25,0
N,652,23,1.25,0
N,653,23.5,1.25,0
N,654,24,1.25,0
N,655,24.5,1.25,0
N,656,25,1.25,0
N,657,25.5,1.25,0
N,658,26,1.25,0
N,659,26.5,1.25,0
N,660,27,1.25,0
N,661,27.5,1.25,0
N,662,28,1.25,0
N,663,28.5,1.25,0
N,664,29,1.25,0
N,665,29.5,1.25,0
N,666,30,1.25,0
N,667,30.5,1.25,0
N,668,31,1.25,0
N,669,31.5,1.25,0
N,670,32,1.25,0
N,671,32.5,1.25,0
N,672,33,1.25,0
N,673,33.5,1.25,0
N,674,34,1.25,0
N,675,34.5,1.25,0
N,676,35,1.25,0
N,677,35.5,1.25,0
N,678,36,1.25,0
N,679,36.5,1.25,0
N,680,37,1.25,0
N,681,37.5,1.25,0
N,682,38,1.25,0
N,683,38.5,1.25,0
N,684,39,1.25,0
N,685,39.5,1.25,0
N,686,40,1.25,0
N,687,40.5,1.25,0
N,688,41,1.25,0
N,689,41.5,1.25,0
N,690,42,1.25,0
N,691,42.5,1.25,0
N,692,43,1.25,0
N,693,43.5,1.25,0
N,694,44,1.25,0
N,695,44.5,1.25,0
N,696,45,1.25,0
N,697,45.5,1.25,0
N,698,46,1.25,0
N,699,46.5,1.25,0
N,700,47,1.25,0
N,701,47.5,1.25,0
N,702,48,1.25,0
N,703,48.5,1.25,0
N,704,49,1.25,0
N,705,49.5,1.25,0
N,706,50,1.25,0
N,707,50.5,1.25,0
N,708,51,1.25,0
N,709,51.5,1.25,0
N,710,52,1.25,0
N,711,52.5,1.25,0
N,712,53,1.25,0
N,713,53.5,1.25,0
N,714,54,1.25,0
N,715,54.5,1.25,0
N,716,55,1.25,0
N,717,55.5,1.25,0
N,718,56,1.25,0
N,719,56.5,1.25,0
N,720,57,1.25,0
N,721,57.5,1.25,0
N,722,58,1.25,0
N,723,58.5,1.25,0
N,724,59,1.25,0
N,725,59.5,1.25,0
N,726,60,1.25,0
N,727,0,1.5,0
N,728,0.5,1.5,0
N,729,1,1.5,0
N,730,1.5,1.5,0
N,731,2,1.5,0
N,732,2.5,1.5,0
N,733,3,1.5,0
N,734,3.5,1.5,0
N,735,4,1.5,0
N,736,4.5,1.5,0
N,737,5,1.5,0
N,738,5.5,1.5,0
N,739,6,1.5,0
N,740,6.5,1.5,0
N,741,7,1.5,0
N,742,7.5,1.5,0
N,743,8,1.5,0
N,744,8.5,1.5,0
N,745,9,1.5,0
N,746,9.5,1.5,0
N,747,10,1.5,0
N,748,10.5,1.5,0
N,749,11,1.5,0
N,750,11.5,1.5,0
N,751,12,1.5,0
N,752,12.5,1.5,0
N,753,13,1.5,0
N,754,13.5,1.5,0
N,755,14,1.5,0
N,756,14.5,1.5,0
N,757,15,1.5,0
N,758,15.5,1.5,0
N,759,16,1.5,0
N,760,16.5,1.5,0
N,761,17,1.5,0
N,762,17.5,1.5,0
N,763,18,1.5,0
N,764,18.5,1.5,0
N,765,19,1.5,0
N,766,19.5,1.5,0
N,767,20,1.5,0
N,768,20.5,1.5,0
N,769,21,1.5,0
N,770,21.5,1.5,0
N,771,22,1.5,0
N,772,22.5,1.5,0
N,773,23,1.5,0
N,774,23.5,1.5,0
N,775,24,1.5,0
N,776,24.5,1.5,0
N,777,25,1.5,0
N,778,25.5,1.5,0
N,779,26,1.5,0
N,780,26.5,1.5,0
N,781,27,1.5,0
N,782,27.5,1.5,0
N,783,28,1.5,0
N,784,28.5,1.5,0
N,785,29,1.5,0
N,786,29.5,1.5,0
N,787,30,1.5,0
N,788,30.5,1.5,0
N,789,31,1.5,0
N,790,31.5,1.5,0
N,791,32,1.5,0
N,792,32.5,1.5,0
N,793,33,1.5,0
N,794,33.5,1.5,0
N,795,34,1.5,0
N,796,34.5,1.5,0
N,797,35,1.5,0
N,798,35.5,1.5,0
N,799,36,1.5,0
N,800,36.5,1.5,0
N,801,37,1.5,0
N,802,37.5,1.5,0
N,803,38,1.5,0
N,804,38.5,1.5,0
N,805,39,1.5,0
N,806,39.5,1.5,0
N,807,40,1.5,0
N,808,40.5,1.5,0
N,809,41,1.5,0
N,810,41.5,1.5,0
N,811,42,1.5,0
N,812,42.5,1.5,0
N,813,43,1.5,0
N,814,43.5,1.5,0
N,815,44,1.5,0
N,816,44.5,1.5,0
N,817,45,1.5,0
N,818,45.5,1.5,0
N,819,46,1.5,0
N,820,46.5,1.5,0
N,821,47,1.5,0
N,822,47.5,1.5,0
N,823,48,1.5,0
N,824,48.5,1.5,0
N,825,49,1.5,0
N,826,49.5,1.5,0
N,827,50,1.5,0
N,828,50.5,1.5,0
N,829,51,1.5,0
N,830,51.5,1.5,0
N,831,52,1.5,0
N,832,52.5,1.5,0
N,833,53,1.5,0
N,834,53.5,1.5,0
N,835,54,1.5,0
N,836,54.5,1.5,0
N,837,55,1.5,0
N,838,55.5,1.5,0
N,839,56,1.5,0
N,840,56.5,1.5,0
N,841,57,1.5,0
N,842,57.5,1.5,0
N,843,58,1.5,0
N,844,58.5,1.5,0
N,845,59,1.5,0
N,846,59.5,1.5,0
N,847,60,1.5,0
N,848,0,1.75,0
N,849,0.5,1.75,0
N,850,1,1.75,0
N,851,1.5,1.75,0
N,852,2,1.75,0
N,853,2.5,1.75,0
N,854,3,1.75,0
N,855,3.5,1.75,0
N,856,4,1.75,0
N,857,4.5,1.75,0
N,858,5,1.75,0
N,859,5.5,1.75,0
N,860,6,1.75,0
N,861,6.5,1.75,0
N,862,7,1.75,0
N,863,7.5,1.75,0
N,864,8,1.75,0
N,865,8.5,1.75,0
N,866,9,1.75,0
N,867,9.5,1.75,0
N,868,10,1.75,0
N,869,10.5,1.75,0
N,870,11,1.75,0
N,871,11.5,1.75,0
N,872,12,1.75,0
N,873,12.5,1.75,0
N,874,13,1.75,0
N,875,13.5,1.75,0
N,876,14,1.75,0
N,877,14.5,1.75,0
N,878,15,1.75,0
N,879,15.5,1.75,0
N,880,16,1.75,0
N,881,16.5,1.75,0
N,882,17,1.75,0
N,883,17.5,1.75,0
N,884,18,1.75,0
N,885,18.5,1.75,0
N,886,19,1.75,0
N,887,19.5,1.75,0
N,888,20,1.75,0
N,889,20.5,1.75,0
N,890,21,1.75,0
N,891,21.5,1.75,0
N,892,22,1.75,0
N,893,22.5,1.75,0
N,894,23,1.75,0
N,895,23.5,1.75,0
N,896,24,1.75,0
N,897,24.5,1.75,0
N,898,25,1.75,0
N,899,25.5,1.75,0
N,900,26,1.75,0
N,901,26.5,1.75,0
N,902,27,1.75,0
N,903,27.5,1.75,0
N,904,28,1.75,0
N,905,28.5,1.75,0
N,906,29,1.75,0
N,907,29.5,1.75,0
N,908,30,1.75,0
N,909,30.5,1.75,0
N,910,31,1.75,0
N,911,31.5,1.75,0
N,912,32,1.75,0
N,913,32.5,1.75,0
N,914,33,1.75,0
N,915,33.5,1.75,0
N,916,34,1.75,0
N,917,34.5,1.75,0
N,918,35,1.75,0
N,919,35.5,1.75,0
N,920,36,1.75,0
N,921,36.5,1.75,0
N,922,37,1.75,0
N,923,37.5,1.75,0
N,924,38,1.75,0
N,925,38.5,1.75,0
N,926,39,1.75,0
N,927,39.5,1.75,0
N,928,40,1.75,0
N,929,40.5,1.75,0
N,930,41,1.75,0
N,931,41.5,1.75,0
N,932,42,1.75,0
N,933,42.5,1.75,0
N,934,43,1.75,0
N,935,43.5,1.75,0
N,936,44,1.75,0
N,937,44.5,1.75,0
N,938,45,1.75,0
N,939,45.5,1.75,0
N,940,46,1.75,0
N,941,46.5,1.75,0
N,942,47,1.75,0
N,943,47.5,1.75,0
N,944,48,1.75,0
N,945,48.5,1.75,0
N,946,49,1.75,0
N,947,49.5,1.75,0
N,948,50,1.75,0
N,949,50.5,1.75,0
N,950,51,1.75,0
N,951,51.5,1.75,0
N,952,52,1.75,0
N,953,52.5,1.75,0
N,954,53,1.75,0
N,955,53.5,1.75,0
N,956,54,1.75,0
N,957,54.5,1.75,0
N,958,55,1.75,0
N,959,55.5,1.75,0
N,960,56,1.75,0
N,961,56.5,1.75,0
N,962,57,1.75,0
N,963,57.5,1.75,0
N,964,58,1.75,0
N,965,58.5,1.75,0
N,966,59,1.75,0
N,967,59.5,1.75,0
N,968,60,1.75,0
N,969,0,2,0
N,970,0.5,2,0
N,971,1,2,0
N,972,1.5,2,0
N,973,2,2,0
N,974,2.5,2,0
N,975,3,2,0
N,976,3.5,2,0
N,977,4,2,0
N,978,4.5,2,0
N,979,5,2,0
N,980,5.5,2,0
N,981,6,2,0
N,982,6.5,2,0
N,983,7,2,0
N,984,7.5,2,0
N,985,8,2,0
N,986,8.5,2,0
N,987,9,2,0
N,988,9.5,2,0
N,989,10,2,0
N,990,10.5,2,0
N,991,11,2,0
N,992,11.5,2,0
N,993,12,2,0
N,994,12.5,2,0
N,995,13,2,0
N,996,13.5,2,0
N,997,14,2,0
N,998,14.5,2,0
N,999,15,2,0
N,1000,15.5,2,0
N,1001,16,2,0
N,1002,16.5,2,0
N,1003,17,2,0
N,1004,17.5,2,0
N,1005,18,2,0
N,1006,18.5,2,0
N,1007,19,2,0
N,1008,19.5,2,0
N,1009,20,2,0
N,1010,20.5,2,0
N,1011,21,2,0
N,1012,21.5,2,0
N,1013,22,2,0
N,1014,22.5,2,0
N,1015,23,2,0
N,1016,23.5,2,0
N,1017,24,2,0
N,1018,24.5,2,0
N,1019,25,2,0
N,1020,25.5,2,0
N,1021,26,2,0
N,1022,26.5,2,0
N,1023,27,2,0
N,1024,27.5,2,0
N,1025,28,2,0
N,1026,28.5,2,0
N,1027,29,2,0
N,1028,29.5,2,0
N,1029,30,2,0
N,1030,30.5,2,0
N,1031,31,2,0
N,1032,31.5,2,0
N,1033,32,2,0
N,1034,32.5,2,0
N,1035,33,2,0
N,1036,33.5,2,0
N,1037,34,2,0
N,1038,34.5,2,0
N,1039,35,2,0
N,1040,35.5,2,0
N,1041,36,2,0
N,1042,36.5,2,0
N,1043,37,2,0
N,1044,37.5,2,0
N,1045,38,2,0
N,1046,38.5,2,0
N,1047,39,2,0
N,1048,39.5,2,0
N,1049,40,2,0
N,1050,40.5,2,0
N,1051,41,2,0
N,1052,41.5,2,0
N,1053,42,2,0
N,1054,42.5,2,0
N,1055,43,2,0
N,1056,43.5,2,0
N,1057,44,2,0
N,1058,44.5,2,0
N,1059,45,2,0
N,1060,45.5,2,0
N,1061,46,2,0
N,1062,46.5,2,0
N,1063,47,2,0
N,1064,47.5,2,0
N,1065,48,2,0
N,1066,48.5,2,0
N,1067,49,2,0
N,1068,49.5,2,0
N,1069,50,2,0
N,1070,50.5,2,0
N,1071,51,2,0
N,1072,51.5,2,0
N,1073,52,2,0
N,1074,52.5,2,0
N,1075,53,2,0
N,1076,53.5,2,0
N,1077,54,2,0
N,1078,54.5,2,0
N,1079,55,2,0
N,1080,55.5,2,0
N,1081,56,2,0
N,1082,56.5,2,0
N,1083,57,2,0
N,1084,57.5,2,0
N,1085,58,2,0
N,1086,58.5,2,0
N,1087,59,2,0
N,1088,59.5,2,0
N,1089,60,2,0
N,1090,0,2.25,0
N,1091,0.5,2.25,0
N,1092,1,2.25,0
N,1093,1.5,2.25,0
N,1094,2,2.25,0
N,1095,2.5,2.25,0
N,1096,3,2.25,0
N,1097,3.5,2.25,0
N,1098,4,2.25,0
N,1099,4.5,2.25,0
N,1100,5,2.25,0
N,1101,5.5,2.25,0
N,1102,6,2.25,0
N,1103,6.5,2.25,0
N,1104,7,2.25,0
N,1105,7.5,2.25,0
N,1106,8,2.25,0
N,1107,8.5,2.25,0
N,1108,9,2.25,0
N,1109,9.5,2.25,0
N,1110,10,2.25,0
N,1111,10.5,2.25,0
N,1112,11,2.25,0
N,1113,11.5,2.25,0
N,1114,12,2.25,0
N,1115,12.5,2.25,0
N,1116,13,2.25,0
N,1117,13.5,2.25,0
N,1118,14,2.25,0
N,1119,14.5,2.25,0
N,1120,15,2.25,0
N,1121,15.5,2.25,0
N,1122,16,2.25,0
N,1123,16.5,2.25,0
N,1124,17,2.25,0
N,1125,17.5,2.25,0
N,1126,18,2.25,0
N,1127,18.5,2.25,0
N,1128,19,2.25,0
N,1129,19.5,2.25,0
N,1130,20,2.25,0
N,1131,20.5,2.25,0
N,1132,21,2.25,0
N,1133,21.5,2.25,0
N,1134,22,2.25,0
N,1135,22.5,2.25,0
N,1136,23,2.25,0
N,1137,23.5,2.25,0
N,1138,24,2.25,0
N,1139,24.5,2.25,0
N,1140,25,2.25,0
N,1141,25.5,2.25,0
N,1142,26,2.25,0
N,1143,26.5,2.25,0
N,1144,27,2.25,0
N,1145,27.5,2.25,0
N,1146,28,2.25,0
N,1147,28.5,2.25,0
N,1148,29,2.25,0
N,1149,29.5,2.25,0
N,1150,30,2.25,0
N,1151,30.5,2.25,0
N,1152,31,2.25,0
N,1153,31.5,2.25,0
N,1154,32,2.25,0
N,1155,32.5,2.25,0
N,1156,33,2.25,0
N,1157,33.5,2.25,0
N,1158,34,2.25,0
N,1159,34.5,2.25,0
N,1160,35,2.25,0
N,1161,35.5,2.25,0
N,1162,36,2.25,0
N,1163,36.5,2.25,0
N,1164,37,2.25,0
N,1165,37.5,2.25,0
N,1166,38,2.25,0
N,1167,38.5,2.25,0
N,1168,39,2.25,0
N,1169,39.5,2.25,0
N,1170,40,2.25,0
N,1171,40.5,2.25,0
N,1172,41,2.25,0
N,1173,41.5,2.25,0
N,1174,42,2.25,0
N,1175,42.5,2.25,0
N,1176,43,2.25,0
N,1177,43.5,2.25,0
N,1178,44,2.25,0
N,1179,44.5,2.25,0
N,1180,45,2.25,0
N,1181,45.5,2.25,0
N,1182,46,2.25,0
N,1183,46.5,2.25,0
N,1184,47,2.25,0
N,1185,47.5,2.25,0
N,1186,48,2.25,0
N,1187,48.5,2.25,0
N,1188,49,2.25,0
N,1189,49.5,2.25,0
N,1190,50,2.25,0
N,1191,50.5,2.25,0
N,1192,51,2.25,0
N,1193,51.5,2.25,0
N,1194,52,2.25,0
N,1195,52.5,2.25,0
N,1196,53,2.25,0
N,1197,53.5,2.25,0
N,1198,54,2.25,0
N,1199,54.5,2.25,0
N,1200,55,2.25,0
N,1201,55.5,2.25,0
N,1202,56,2.25,0
N,1203,56.5,2.25,0
N,1204,57,2.25,0
N,1205,57.5,2.25,0
N,1206,58,2.25,0
N,1207,58.5,2.25,0
N,1208,59,2.25,0
N,1209,59.5,2.25,0
N,1210,60,2.25,0
N,1211,0,2.5,0
N,1212,0.5,2.5,0
N,1213,1,2.5,0
N,1214,1.5,2.5,0
N,1215,2,2.5,0
N,1216,2.5,2.5,0
N,1217,3,2.5,0
N,1218,3.5,2.5,0
N,1219,4,2.5,0
N,1220,4.5,2.5,0
N,1221,5,2.5,0
N,1222,5.5,2.5,0
N,1223,6,2.5,0
N,1224,6.5,2.5,0
N,1225,7,2.5,0
N,1226,7.5,2.5,0
N,1227,8,2.5,0
N,1228,8.5,2.5,0
N,1229,9,2.5,0
N,1230,9.5,2.5,0
N,1231,10,2.5,0
N,1232,10.5,2.5,0
N,1233,11,2.5,0
N,1234,11.5,2.5,0
N,1235,12,2.5,0
N,1236,12.5,2.5,0
N,1237,13,2.5,0
N,1238,13.5,2.5,0
N,1239,14,2.5,0
N,1240,14.5,2.5,0
N,1241,15,2.5,0
N,1242,15.5,2.5,0
N,1243,16,2.5,0
N,1244,16.5,2.5,0
N,1245,17,2.5,0
N,1246,17.5,2.5,0
N,1247,18,2.5,0
N,1248,18.5,2.5,0
N,1249,19,2.5,0
N,1250,19.5,2.5,0
N,1251,20,2.5,0
N,1252,20.5,2.5,0
N,1253,21,2.5,0
N,1254,21.5,2.5,0
N,1255,22,2.5,0
N,1256,22.5,2.5,0
N,1257,23,2.5,0
N,1258,23.5,2.5,0
N,1259,24,2.5,0
N,1260,24.5,2.5,0
N,1261,25,2.5,0
N,1262,25.5,2.5,0
N,1263,26,2.5,0
N,1264,26.5,2.5,0
N,1265,27,2.5,0
N,1266,27.5,2.5,0
N,1267,28,2.5,0
N,1268,28.5,2.5,0
N,1269,29,2.5,0
N,1270,29.5,2.5,0
N,1271,30,2.5,0
N,1272,30.5,2.5,0
N,1273,31,2.5,0
N,1274,31.5,2.5,0
N,1275,32,2.5,0
N,1276,32.5,2.5,0
N,1277,33,2.5,0
N,1278,33.5,2.5,0
N,1279,34,2.5,0
N,1280,34.5,2.5,0
N,1281,35,2.5,0
N,1282,35.5,2.5,0
N,1283,36,2.5,0
N,1284,36.5,2.5,0
N,1285,37,2.5,0
N,1286,37.5,2.5,0
N,1287,38,2.5,0
N,1288,38.5,2.5,0
N,1289,39,2.5,0
N,1290,39.5,2.5,0
N,1291,40,2.5,0
N,1292,40.5,2.5,0
N,1293,41,2.5,0
N,1294,41.5,2.5,0
N,1295,42,2.5,0
N,1296,42.5,2.5,0
N,1297,43,2.5,0
N,1298,43.5,2.5,0
N,1299,44,2.5,0
N,1300,44.5,2.5,0
N,1301,45,2.5,0
N,1302,45.5,2.5,0
N,1303,46,2.5,0
N,1304,46.5,2.5,0
N,1305,47,2.5,0
N,1306,47.5,2.5,0
N,1307,48,2.5,0
N,1308,48.5,2.5,0
N,1309,49,2.5,0
N,1310,49.5,2.5,0
N,1311,50,2.5,0
N,1312,50.5,2.5,0
N,1313,51,2.5,0
N,1314,51.5,2.5,0
N,1315,52,2.5,0
N,1316,52.5,2.5,0
N,1317,53,2.5,0
N,1318,53.5,2.5,0
N,1319,54,2.5,0
N,1320,54.5,2.5,0
N,1321,55,2.5,0
N,1322,55.5,2.5,0
N,1323,56,2.5,0
N,1324,56.5,2.5,0
N,1325,57,2.5,0
N,1326,57.5,2.5,0
N,1327,58,2.5,0
N,1328,58.5,2.5,0
N,1329,59,2.5,0
N,1330,59.5,2.5,0
N,1331,60,2.5,0
N,1332,0,2.75,0
N,1333,0.5,2.75,0
N,1334,1,2.75,0
N,1335,1.5,2.75,0
N,1336,2,2.75,0
N,1337,2.5,2.75,0
N,1338,3,2.75,0
N,1339,3.5,2.75,0
N,1340,4,2.75,0
N,1341,4.5,2.75,0
N,1342,5,2.75,0
N,1343,5.5,2.75,0
N,1344,6,2.75,0
N,1345,6.5,2.75,0
N,1346,7,2.75,0
N,1347,7.5,2.75,0
N,1348,8,2.75,0
N,1349,8.5,2.75,0
N,1350,9,2.75,0
N,1351,9.5,2.75,0
N,1352,10,2.75,0
N,1353,10.5,2.75,0
N,1354,11,2.75,0
N,1355,11.5,2.75,0
N,1356,12,2.75,0
N,1357,12.5,2.75,0
N,1358,13,2.75,0
N,1359,13.5,2.75,0
N,1360,14,2.75,0
N,1361,14.5,2.75,0
N,1362,15,2.75,0
N,1363,15.5,2.75,0
N,1364,16,2.75,0
N,1365,16.5,2.75,0
N,1366,17,2.75,0
N,1367,17.5,2.75,0
N,1368,18,2.75,0
N,1369,18.5,2.75,0
N,1370,19,2.75,0
N,1371,19.5,2.75,0
N,1372,20,2.75,0
N,1373,20.5,2.75,0
N,1374,21,2.75,0
N,1375,21.5,2.75,0
N,1376,22,2.75,0
N,1377,22.5,2.75,0
N,1378,23,2.75,0
N,1379,23.5,2.75,0
N,1380,24,2.75,0
N,1381,24.5,2.75,0
N,1382,25,2.75,0
N,1383,25.5,2.75,0
N,1384,26,2.75,0
N,1385,26.5,2.75,0
N,1386,27,2.75,0
N,1387,27.5,2.75,0
N,1388,28,2.75,0
N,1389,28.5,2.75,0
N,1390,29,2.75,0
N,1391,29.5,2.75,0
N,1392,30,2.75,0
N,1393,30.5,2.75,0
N,1394,31,2.75,0
N,1395,31.5,2.75,0
N,1396,32,2.75,0
N,1397,32.5,2.75,0
N,1398,33,2.75,0
N,1399,33.5,2.75,0
N,1400,34,2.75,0
N,1401,34.5,2.75,0
N,1402,35,2.75,0
N,1403,35.5,2.75,0
N,1404,36,2.75,0
N,1405,36.5,2.75,0
N,1406,37,2.75,0
N,1407,37.5,2.75,0
N,1408,38,2.75,0
N,1409,38.5,2.75,0
N,1410,39,2.75,0
N,1411,39.5,2.75,0
N,1412,40,2.75,0
N,1413,40.5,2.75,0
N,1414,41,2.75,0
N,1415,41.5,2.75,0
N,1416,42,2.75,0
N,1417,42.5,2.75,0
N,1418,43,2.75,0
N,1419,43.5,2.75,0
N,1420,44,2.75,0
N,1421,44.5,2.75,0
N,1422,45,2.75,0
N,1423,45.5,2.75,0
N,1424,46,2.75,0
N,1425,46.5,2.75,0
N,1426,47,2.75,0
N,1427,47.5,2.75,0
N,1428,48,2.75,0
N,1429,48.5,2.75,0
N,1430,49,2.75,0
N,1431,49.5,2.75,0
N,1432,50,2.75,0
N,1433,50.5,2.75,0
N,1434,51,2.75,0
N,1435,51.5,2.75,0
N,1436,52,2.75,0
N,1437,52.5,2.75,0
N,1438,53,2.75,0
N,1439,53.5,2.75,0
N,1440,54,2.75,0
N,1441,54.5,2.75,0
N,1442,55,2.75,0
N,1443,55.5,2.75,0
N,1444,56,2.75,0
N,1445,56.5,2.75,0
N,1446,57,2.75,0
N,1447,57.5,2.75,0
N,1448,58,2.75,0
N,1449,58.5,2.75,0
N,1450,59,2.75,0
N,1451,59.5,2.75,0
N,1452,60,2.75,0
N,1453,0,3,0
N,1454,0.5,3,0
N,1455,1,3,0
N,1456,1.5,3,0
N,1457,2,3,0
N,1458,2.5,3,0
N,1459,3,3,0
N,1460,3.5,3,0
N,1461,4,3,0
N,1462,4.5,3,0
N,1463,5,3,0
N,1464,5.5,3,0
N,1465,6,3,0
N,1466,6.5,3,0
N,1467,7,3,0
N,1468,7.5,3,0
N,1469,8,3,0
N,1470,8.5,3,0
N,1471,9,3,0
N,1472,9.5,3,0
N,1473,10,3,0
N,1474,10.5,3,0
N,1475,11,3,0
N,1476,11.5,3,0
N,1477,12,3,0
N,1478,12.5,3,0
N,1479,13,3,0
N,1480,13.5,3,0
N,1481,14,3,0
N,1482,14.5,3,0
N,1483,15,3,0
N,1484,15.5,3,0
N,1485,16,3,0
N,1486,16.5,3,0
N,1487,17,3,0
N,1488,17.5,3,0
N,1489,18,3,0
N,1490,18.5,3,0
N,1491,19,3,0
N,1492,19.5,3,0
N,1493,20,3,0
N,1494,20.5,3,0
N,1495,21,3,0
N,1496,21.5,3,0
N,1497,22,3,0
N,1498,22.5,3,0
N,1499,23,3,0
N,1500,23.5,3,0
N,1501,24,3,0
N,1502,24.5,3,0
N,1503,25,3,0
N,1504,25.5,3,0
N,1505,26,3,0
N,1506,26.5,3,0
N,1507,27,3,0
N,1508,27.5,3,0
N,1509,28,3,0
N,1510,28.5,3,0
N,1511,29,3,0
N,1512,29.5,3,0
N,1513,30,3,0
N,1514,30.5,3,0
N,1515,31,3,0
N,1516,31.5,3,0
N,1517,32,3,0
N,1518,32.5,3,0
N,1519,33,3,0
N,1520,33.5,3,0
N,1521,34,3,0
N,1522,34.5,3,0
N,1523,35,3,0
N,1524,35.5,3,0
N,1525,36,3,0
N,1526,36.5,3,0
N,1527,37,3,0
N,1528,37.5,3,0
N,1529,38,3,0
N,1530,38.5,3,0
N,1531,39,3,0
N,1532,39.5,3,0
N,1533,40,3,0
N,1534,40.5,3,0
N,1535,41,3,0
N,1536,41.5,3,0
N,1537,42,3,0
N,1538,42.5,3,0
N,1539,43,3,0
N,1540,43.5,3,0
N,1541,44,3,0
N,1542,44.5,3,0
N,1543,45,3,0
N,1544,45.5,3,0
N,1545,46,3,0
N,1546,46.5,3,0
N,1547,47,3,0
N,1548,47.5,3,0
N,1549,48,3,0
N,1550,48.5,3,0
N,1551,49,3,0
N,1552,49.5,3,0
N,1553,50,3,0
N,1554,50.5,3,0
N,1555,51,3,0
N,1556,51.5,3,0
N,1557,52,3,0
N,1558,52.5,3,0
N,1559,53,3,0
N,1560,53.5,3,0
N,1561,54,3,0
N,1562,54.5,3,0
N,1563,55,3,0
N,1564,55.5,3,0
N,1565,56,3,0
N,1566,56.5,3,0
N,1567,57,3,0
N,1568,57.5,3,0
N,1569,58,3,0
N,1570,58.5,3,0
N,1571,59,3,0
N,1572,59.5,3,0
N,1573,60,3,0
N,1574,0,3.25,0
N,1575,0.5,3.25,0
N,1576,1,3.25,0
N,1577,1.5,3.25,0
N,1578,2,3.25,0
N,1579,2.5,3.25,0
N,1580,3,3.25,0
N,1581,3.5,3.25,0
N,1582,4,3.25,0
N,1583,4.5,3.25,0
N,1584,5,3.25,0
N,1585,5.5,3.25,0
N,1586,6,3.25,0
N,1587,6.5,3.25,0
N,1588,7,3.25,0
N,1589,7.5,3.25,0
N,1590,8,3.25,0
N,1591,8.5,3.25,0
N,1592,9,3.25,0
N,1593,9.5,3.25,0
N,1594,10,3.25,0
N,1595,10.5,3.25,0
N,1596,11,3.25,0
N,1597,11.5,3.25,0
N,1598,12,3.25,0
N,1599,12.5,3.25,0
N,1600,13,3.25,0
N,1601,13.5,3.25,0
N,1602,14,3.25,0
N,1603,14.5,3.25,0
N,1604,15,3.25,0
N,1605,15.5,3.25,0
N,1606,16,3.25,0
N,1607,16.5,3.25,0
N,1608,17,3.25,0
N,1609,17.5,3.25,0
N,1610,18,3.25,0
N,1611,18.5,3.25,0
N,1612,19,3.25,0
N,1613,19.5,3.25,0
N,1614,20,3.25,0
N,1615,20.5,3.25,0
N,1616,21,3.25,0
N,1617,21.5,3.25,0
N,1618,22,3.25,0
N,1619,22.5,3.25,0
N,1620,23,3.25,0
N,1621,23.5,3.25,0
N,1622,24,3.25,0
N,1623,24.5,3.25,0
N,1624,25,3.25,0
N,1625,25.5,3.25,0
N,1626,26,3.25,0
N,1627,26.5,3.25,0
N,1628,27,3.25,0
N,1629,27.5,3.25,0
N,1630,28,3.25,0
N,1631,28.5,3.25,0
N,1632,29,3.25,0
N,1633,29.5,3.25,0
N,1634,30,3.25,0
N,1635,30.5,3.25,0
N,1636,31,3.25,0
N,1637,31.5,3.25,0
N,1638,32,3.25,0
N,1639,32.5,3.25,0
N,1640,33,3.25,0
N,1641,33.5,3.25,0
N,1642,34,3.25,0
N,1643,34.5,3.25,0
N,1644,35,3.25,0
N,1645,35.5,3.25,0
N,1646,36,3.25,0
N,1647,36.5,3.25,0
N,1648,37,3.25,0
N,1649,37.5,3.25,0
N,1650,38,3.25,0
N,1651,38.5,3.25,0
N,1652,39,3.25,0
N,1653,39.5,3.25,0
N,1654,40,3.25,0
N,1655,40.5,3.25,0
N,1656,41,3.25,0
N,1657,41.5,3.25,0
N,1658,42,3.25,0
N,1659,42.5,3.25,0
N,1660,43,3.25,0
N,1661,43.5,3.25,0
N,1662,44,3.25,0
N,1663,44.5,3.25,0
N,1664,45,3.25,0
N,1665,45.5,3.25,0
N,1666,46,3.25,0
N,1667,46.5,3.25,0
N,1668,47,3.25,0
N,1669,47.5,3.25,0
N,1670,48,3.25,0
N,1671,48.5,3.25,0
N,1672,49,3.25,0
N,1673,49.5,3.25,0
N,1674,50,3.25,0
N,1675,50.5,3.25,0
N,1676,51,3.25,0
N,1677,51.5,3.25,0
N,1678,52,3.25,0
N,1679,52.5,3.25,0
N,1680,53,3.25,0
N,1681,53.5,3.25,0
N,1682,54,3.25,0
N,1683,54.5,3.25,0
N,1684,55,3.25,0
N,1685,55.5,3.25,0
N,1686,56,3.25,0
N,1687,56.5,3.25,0
N,1688,57,3.25,0
N,1689,57.5,3.25,0
N,1690,58,3.25,0
N,1691,58.5,3.25,0
N,1692,59,3.25,0
N,1693,59.5,3.25,0
N,1694,60,3.25,0
N,1695,0,3.5,0
N,1696,0.5,3.5,0
N,1697,1,3.5,0
N,1698,1.5,3.5,0
N,1699,2,3.5,0
N,1700,2.5,3.5,0
N,1701,3,3.5,0
N,1702,3.5,3.5,0
N,1703,4,3.5,0
N,1704,4.5,3.5,0
N,1705,5,3.5,0
N,1706,5.5,3.5,0
N,1707,6,3.5,0
N,1708,6.5,3.5,0
N,1709,7,3.5,0
N,1710,7.5,3.5,0
N,1711,8,3.5,0
N,1712,8.5,3.5,0
N,1713,9,3.5,0
N,1714,9.5,3.5,0
N,1715,10,3.5,0
N,1716,10.5,3.5,0
N,1717,11,3.5,0
N,1718,11.5,3.5,0
N,1719,12,3.5,0
N,1720,12.5,3.5,0
N,1721,13,3.5,0
N,1722,13.5,3.5,0
N,1723,14,3.5,0
N,1724,14.5,3.5,0
N,1725,15,3.5,0
N,1726,15.5,3.5,0
N,1727,16,3.5,0
N,1728,16.5,3.5,0
N,1729,17,3.5,0
N,1730,17.5,3.5,0
N,1731,18,3.5,0
N,1732,18.5,3.5,0
N,1733,19,3.5,0
N,1734,19.5,3.5,0
N,1735,20,3.5,0
N,1736,20.5,3.5,0
N,1737,21,3.5,0
N,1738,21.5,3.5,0
N,1739,22,3.5,0
N,1740,22.5,3.5,0
N,1741,23,3.5,0
N,1742,23.5,3.5,0
N,1743,24,3.5,0
N,1744,24.5,3.5,0
N,1745,25,3.5,0
N,1746,25.5,3.5,0
N,1747,26,3.5,0
N,1748,26.5,3.5,0
N,1749,27,3.5,0
N,1750,27.5,3.5,0
N,1751,28,3.5,0
N,1752,28.5,3.5,0
N,1753,29,3.5,0
N,1754,29.5,3.5,0
N,1755,30,3.5,0
N,1756,30.5,3.5,0
N,1757,31,3.5,0
N,1758,31.5,3.5,0
N,1759,32,3.5,0
N,1760,32.5,3.5,0
N,1761,33,3.5,0
N,1762,33.5,3.5,0
N,1763,34,3.5,0
N,1764,34.5,3.5,0
N,1765,35,3.5,0
N,1766,35.5,3.5,0
N,1767,36,3.5,0
N,1768,36.5,3.5,0
N,1769,37,3.5,0
N,1770,37.5,3.5,0
N,1771,38,3.5,0
N,1772,38.5,3.5,0
N,1773,39,3.5,0
N,1774,39.5,3.5,0
N,1775,40,3.5,0
N,1776,40.5,3.5,0
N,1777,41,3.5,0
N,1778,41.5,3.5,0
N,1779,42,3.5,0
N,1780,42.5,3.5,0
N,1781,43,3.5,0
N,1782,43.5,3.5,0
N,1783,44,3.5,0
N,1784,44.5,3.5,0
N,1785,45,3.5,0
N,1786,45.5,3.5,0
N,1787,46,3.5,0
N,1788,46.5,3.5,0
N,1789,47,3.5,0
N,1790,47.5,3.5,0
N,1791,48,3.5,0
N,1792,48.5,3.5,0
N,1793,49,3.5,0
N,1794,49.5,3.5,0
N,1795,50,3.5,0
N,1796,50.5,3.5,0
N,1797,51,3.5,0
N,1798,51.5,3.5,0
N,1799,52,3.5,0
N,1800,52.5,3.5,0
N,1801,53,3.5,0
N,1802,53.5,3.5,0
N,1803,54,3.5,0
N,1804,54.5,3.5,0
N,1805,55,3.5,0
N,1806,55.5,3.5,0
N,1807,56,3.5,0
N,1808,56.5,3.5,0
N,1809,57,3.5,0
N,1810,57.5,3.5,0
N,1811,58,3.5,0
N,1812,58.5,3.5,0
N,1813,59,3.5,0
N,1814,59.5,3.5,0
N,1815,60,3.5,0
N,1816,0,3.75,0
N,1817,0.5,3.75,0
N,1818,1,3.75,0
N,1819,1.5,3.75,0
N,1820,2,3.75,0
N,1821,2.5,3.75,0
N,1822,3,3.75,0
N,1823,3.5,3.75,0
N,1824,4,3.75,0
N,1825,4.5,3.75,0
N,1826,5,3.75,0
N,1827,5.5,3.75,0
N,1828,6,3.75,0
N,1829,6.5,3.75,0
N,1830,7,3.75,0
N,1831,7.5,3.75,0
N,1832,8,3.75,0
N,1833,8.5,3.75,0
N,1834,9,3.75,0
N,1835,9.5,3.75,0
N,1836,10,3.75,0
N,1837,10.5,3.75,0
N,1838,11,3.75,0
N,1839,11.5,3.75,0
N,1840,12,3.75,0
N,1841,12.5,3.75,0
N,1842,13,3.75,0
N,1843,13.5,3.75,0
N,1844,14,3.75,0
N,1845,14.5,3.75,0
N,1846,15,3.75,0
N,1847,15.5,3.75,0
N,1848,16,3.75,0
N,1849,16.5,3.75,0
N,1850,17,3.75,0
N,1851,17.5,3.75,0
N,1852,18,3.75,0
N,1853,18.5,3.75,0
N,1854,19,3.75,0
N,1855,19.5,3.75,0
N,1856,20,3.75,0
N,1857,20.5,3.75,0
N,1858,21,3.75,0
N,1859,21.5,3.75,0
N,1860,22,3.75,0
N,1861,22.5,3.75,0
N,1862,23,3.75,0
N,1863,23.5,3.75,0
N,1864,24,3.75,0
N,1865,24.5,3.75,0
N,1866,25,3.75,0
N,1867,25.5,3.75,0
N,1868,26,3.75,0
N,1869,26.5,3.75,0
N,1870,27,3.75,0
N,1871,27.5,3.75,0
N,1872,28,3.75,0
N,1873,28.5,3.75,0
N,1874,29,3.75,0
N,1875,29.5,3.75,0
N,1876,30,3.75,0
N,1877,30.5,3.75,0
N,1878,31,3.75,0
N,1879,31.5,3.75,0
N,1880,32,3.75,0
N,1881,32.5,3.75,0
N,1882,33,3.75,0
N,1883,33.5,3.75,0
N,1884,34,3.75,0
N,1885,34.5,3.75,0
N,1886,35,3.75,0
N,1887,35.5,3.75,0
N,1888,36,3.75,0
N,1889,36.5,3.75,0
N,1890,37,3.75,0
N,1891,37.5,3.75,0
N,1892,38,3.75,0
N,1893,38.5,3.75,0
N,1894,39,3.75,0
N,1895,39.5,3.75,0
N,1896,40,3.75,0
N,1897,40.5,3.75,0
N,1898,41,3.75,0
N,1899,41.5,3.75,0
N,1900,42,3.75,0
N,1901,42.5,3.75,0
N,1902,43,3.75,0
N,1903,43.5,3.75,0
N,1904,44,3.75,0
N,1905,44.5,3.75,0
N,1906,45,3.75,0
N,1907,45.5,3.75,0
N,1908,46,3.75,0
N,1909,46.5,3.75,0
N,1910,47,3.75,0
N,1911,47.5,3.75,0
N,1912,48,3.75,0
N,1913,48.5,3.75,0
N,1914,49,3.75,0
N,1915,49.5,3.75,0
N,1916,50,3.75,0
N,1917,50.5,3.75,0
N,1918,51,3.75,0
N,1919,51.5,3.75,0
N,1920,52,3.75,0
N,1921,52.5,3.75,0
N,1922,53,3.75,0
N,1923,53.5,3.75,0
N,1924,54,3.75,0
N,1925,54.5,3.75,0
N,1926,55,3.75,0
N,1927,55.5,3.75,0
N,1928,56,3.75,0
N,1929,56.5,3.75,0
N,1930,57,3.75,0
N,1931,57.5,3.75,0
N,1932,58,3.75,0
N,1933,58.5,3.75,0
N,1934,59,3.75,0
N,1935,59.5,3.75,0
N,1936,60,3.75,0
N,1937,0,4,0
N,1938,0.5,4,0
N,1939,1,4,0
N,1940,1.5,4,0
N,1941,2,4,0
N,1942,2.5,4,0
N,1943,3,4,0
N,1944,3.5,4,0
N,1945,4,4,0
N,1946,4.5,4,0
N,1947,5,4,0
N,1948,5.5,4,0
N,1949,6,4,0
N,1950,6.5,4,0
N,1951,7,4,0
N,1952,7.5,4,0
N,1953,8,4,0
N,1954,8.5,4,0
N,1955,9,4,0
N,1956,9.5,4,0
N,1957,10,4,0
N,1958,10.5,4,0
N,1959,11,4,0
N,1960,11.5,4,0
N,1961,12,4,0
N,1962,12.5,4,0
N,1963,13,4,0
N,1964,13.5,4,0
N,1965,14,4,0
N,1966,14.5,4,0
N,1967,15,4,0
N,1968,15.5,4,0
N,1969,16,4,0
N,1970,16.5,4,0
N,1971,17,4,0
N,1972,17.5,4,0
N,1973,18,4,0
N,1974,18.5,4,0
N,1975,19,4,0
N,1976,19.5,4,0
N,1977,20,4,0
N,1978,20.5,4,0
N,1979,21,4,0
N,1980,21.5,4,0
N,1981,22,4,0
N,1982,22.5,4,0
N,1983,23,4,0
N,1984,23.5,4,0
N,1985,24,4,0
N,1986,24.5,4,0
N,1987,25,4,0
N,1988,25.5,4,0
N,1989,26,4,0
N,1990,26.5,4,0
N,1991,27,4,0
N,1992,27.5,4,0
N,1993,28,4,0
N,1994,28.5,4,0
N,1995,29,4,0
N,1996,29.5,4,0
N,1997,30,4,0
N,1998,30.5,4,0
N,1999,31,4,0
N,2000,31.5,4,0
N,2001,32,4,0
N,2002,32.5,4,0
N,2003,33,4,0
N,2004,33.5,4,0
N,2005,34,4,0
N,2006,34.5,4,0
N,2007,35,4,0
N,2008,35.5,4,0
N,2009,36,4,0
N,2010,36.5,4,0
N,2011,37,4,0
N,2012,37.5,4,0
N,2013,38,4,0
N,2014,38.5,4,0
N,2015,39,4,0
N,2016,39.5,4,0
N,2017,40,4,0
N,2018,40.5,4,0
N,2019,41,4,0
N,2020,41.5,4,0
N,2021,42,4,0
N,2022,42.5,4,0
N,2023,43,4,0
N,2024,43.5,4,0
N,2025,44,4,0
N,2026,44.5,4,0
N,2027,45,4,0
N,2028,45.5,4,0
N,2029,46,4,0
N,2030,46.5,4,0
N,2031,47,4,0
N,2032,47.5,4,0
N,2033,48,4,0
N,2034,48.5,4,0
N,2035,49,4,0
N,2036,49.5,4,0
N,2037,50,4,0
N,2038,50.5,4,0
N,2039,51,4,0
N,2040,51.5,4,0
N,2041,52,4,0
N,2042,52.5,4,0
N,2043,53,4,0
N,2044,53.5,4,0
N,2045,54,4,0
N,2046,54.5,4,0
N,2047,55,4,0
N,2048,55.5,4,0
N,2049,56,4,0
N,2050,56.5,4,0
N,2051,57,4,0
N,2052,57.5,4,0
N,2053,58,4,0
N,2054,58.5,4,0
N,2055,59,4,0
N,2056,59.5,4,0
N,2057,60,4,0
MAT,1
E,1,2,123,122
E,2,3,124,123
E,3,4,125,124
E,4,5,126,125
E,5,6,127,126
E,6,7,128,127
E,7,8,129,128
E,8,9,130,129
E,9,10,131,130
E,10,11,132,131
E,11,12,133,132
E,12,13,134,133
E,13,14,135,134
E,14,15,136,135
E,15,16,137,136
E,16,17,138,137
E,17,18,139,138
E,18,19,140,139
E,19,20,141,140
E,20,21,142,141
E,21,22,143,142
E,22,23,144,143
E,23,24,145,144
E,24,25,146,145
E,25,26,147,146
E,26,27,148,147
E,27,28,149,148
E,28,29,150,149
E,29,30,151,150
E,30,31,152,151
E,31,32,153,152
E,32,33,154,153
E,33,34,155,154
E,34,35,156,155
E,35,36,157,156
E,36,37,158,157
E,37,38,159,158
E,38,39,160,159
E,39,40,161,160
E,40,41,162,161
E,41,42,163,162
E,42,43,164,163
E,43,44,165,164
E,44,45,166,165
E,45,46,167,166
E,46,47,168,167
E,47,48,169,168
E,48,49,170,169
E,49,50,171,170
E,50,51,172,171
E,51,52,173,172
E,52,53,174,173
E,53,54,175,174
E,54,55,176,175
E,55,56,177,176
E,56,57,178,177
E,57,58,179,178
E,58,59,180,179
E,59,60,181,180
E,60,61,182,181
E,61,62,183,182
E,62,63,184,183
E,63,64,185,184
E,64,65,186,185
E,65,66,187,186
E,66,67,188,187
E,67,68,189,188
E,68,69,190,189
E,69,70,191,190
E,70,71,192,191
E,71,72,193,192
E,72,73,194,193
E,73,74,195,194
E,74,75,196,195
E,75,76,197,196
E,76,77,198,197
E,77,78,199,198
E,78,79,200,199
E,79,80,201,200
E,80,81,202,201
E,81,82,203,202
E,82,83,204,203
E,83,84,205,204
E,84,85,206,205
E,85,86,207,206
E,86,87,208,207
E,87,88,209,208
E,88,89,210,209
E,89,90,211,210
E,90,91,212,211
E,91,92,213,212
E,92,93,214,213
E,93,94,215,214
E,94,95,216,215
E,95,96,217,216
E,96,97,218,217
E,97,98,219,218
E,98,99,220,219
E,99,100,221,220
E,100,101,222,221
E,101,102,223,222
E,102,103,224,223
E,103,104,225,224
E,104,105,226,225
E,105,106,227,226
E,106,107,228,227
E,107,108,229,228
E,108,109,230,229
E,109,110,231,230
E,110,111,232,231
E,111,112,233,232
E,112,113,234,233
E,113,114,235,234
E,114,115,236,235
E,115,116,237,236
E,116,117,238,237
E,117,118,239,238
E,118,119,240,239
E,119,120,241,240
E,120,121,242,241
MAT,1
E,122,123,244,243
E,123,124,245,244
E,124,125,246,245
E,125,126,247,246
E,126,127,248,247
E,127,128,249,248
E,128,129,250,249
E,129,130,251,250
E,130,131,252,251
E,131,132,253,252
E,132,133,254,253
E,133,134,255,254
E,134,135,256,255
E,135,136,257,256
E,136,137,258,257
E,137,138,259,258
E,138,139,260,259
E,139,140,261,260
E,140,141,262,261
E,141,142,263,262
E,142,143,264,263
E,143,144,265,264
E,144,145,266,265
E,145,146,267,266
E,146,147,268,267
E,147,148,269,268
E,148,149,270,269
E,149,150,271,270
E,150,151,272,271
E,151,152,273,272
E,152,153,274,273
E,153,154,275,274
E,154,155,276,275
E,155,156,277,276
E,156,157,278,277
E,157,158,279,278
E,158,159,280,279
E,159,160,281,280
E,160,161,282,281
E,161,162,283,282
E,162,163,284,283
E,163,164,285,284
E,164,165,286,285
E,165,166,287,286
E,166,167,288,287
E,167,168,289,288
E,168,169,290,289
E,169,170,291,290
E,170,171,292,291
E,171,172,293,292
E,172,173,294,293
E,173,174,295,294
E,174,175,296,295
E,175,176,297,296
E,176,177,298,297
E,177,178,299,298
E,178,179,300,299
E,179,180,301,300
E,180,181,302,301
E,181,182,303,302
E,182,183,304,303
E,183,184,305,304
E,184,185,306,305
E,185,186,307,306
E,186,187,308,307
E,187,188,309,308
E,188,189,310,309
E,189,190,311,310
E,190,191,312,311
E,191,192,313,312
E,192,193,314,313
E,193,194,315,314
E,194,195,316,315
E,195,196,317,316
E,196,197,318,317
E,197,198,319,318
E,198,199,320,319
E,199,200,321,320
E,200,201,322,321
E,201,202,323,322
E,202,203,324,323
E,203,204,325,324
E,204,205,326,325
E,205,206,327,326
E,206,207,328,327
E,207,208,329,328
E,208,209,330,329
E,209,210,331,330
E,210,211,332,331
E,211,212,333,332
E,212,213,334,333
E,213,214,335,334
E,214,215,336,335
E,215,216,337,336
E,216,217,338,337
E,217,218,339,338
E,218,219,340,339
E,219,220,341,340
E,220,221,342,341
E,221,222,343,342
E,222,223,344,343
E,223,224,345,344
E,224,225,346,345
E,225,226,347,346
E,226,227,348,347
E,227,228,349,348
E,228,229,350,349
E,229,230,351,350
E,230,231,352,351
E,231,232,353,352
E,232,233,354,353
E,233,234,355,354
E,234,235,356,355
E,235,236,357,356
E,236,237,358,357
E,237,238,359,358
E,238,239,360,359
E,239,240,361,360
E,240,241,362,361
E,241,242,363,362
MAT,1
E,243,244,365,364
E,244,245,366,365
E,245,246,367,366
E,246,247,368,367
E,247,248,369,368
E,248,249,370,369
E,249,250,371,370
E,250,251,372,371
E,251,252,373,372
E,252,253,374,373
E,253,254,375,374
E,254,255,376,375
E,255,256,377,376
E,256,257,378,377
E,257,258,379,378
E,258,259,380,379
E,259,260,381,380
E,260,261,382,381
E,261,262,383,382
E,262,263,384,383
E,263,264,385,384
E,264,265,386,385
E,265,266,387,386
E,266,267,388,387
E,267,268,389,388
E,268,269,390,389
E,269,270,391,390
E,270,271,392,391
E,271,272,393,392
E,272,273,394,393
E,273,274,395,394
E,274,275,396,395
E,275,276,397,396
E,276,277,398,397
E,277,278,399,398
E,278,279,400,399
E,279,280,401,400
E,280,281,402,401
E,281,282,403,402
E,282,283,404,403
E,283,284,405,404
E,284,285,406,405
E,285,286,407,406
E,286,287,408,407
E,287,288,409,408
E,288,289,410,409
E,289,290,411,410
E,290,291,412,411
E,291,292,413,412
E,292,293,414,413
E,293,294,415,414
E,294,295,416,415
E,295,296,417,416
E,296,297,418,417
E,297,298,419,418
E,298,299,420,419
E,299,300,421,420
E,300,301,422,421
E,301,302,423,422
E,302,303,424,423
E,303,304,425,424
E,304,305,426,425
E,305,306,427,426
E,306,307,428,427
E,307,308,429,428
E,308,309,430,429
E,309,310,431,430
E,310,311,432,431
E,311,312,433,432
E,312,313,434,433
E,313,314,435,434
E,314,315,436,435
E,315,316,437,436
E,316,317,438,437
E,317,318,439,438
E,318,319,440,439
E,319,320,441,440
E,320,321,442,441
E,321,322,443,442
E,322,323,444,443
E,323,324,445,444
E,324,325,446,445
E,325,326,447,446
E,326,327,448,447
E,327,328,449,448
E,328,329,450,449
E,329,330,451,450
E,330,331,452,451
E,331,332,453,452
E,332,333,454,453
E,333,334,455,454
E,334,335,456,455
E,335,336,457,456
E,336,337,458,457
E,337,338,459,458
E,338,339,460,459
E,339,340,461,460
E,340,341,462,461
E,341,342,463,462
E,342,343,464,463
E,343,344,465,464
E,344,345,466,465
E,345,346,467,466
E,346,347,468,467
E,347,348,469,468
E,348,349,470,469
E,349,350,471,470
E,350,351,472,471
E,351,352,473,472
E,352,353,474,473
E,353,354,475,474
E,354,355,476,475
E,355,356,477,476
E,356,357,478,477
E,357,358,479,478
E,358,359,480,479
E,359,360,481,480
E,360,361,482,481
E,361,362,483,482
E,362,363,484,483
MAT,1
E,364,365,486,485
E,365,366,487,486
E,366,367,488,487
E,367,368,489,488
E,368,369,490,489
E,369,370,491,490
E,370,371,492,491
E,371,372,493,492
E,372,373,494,493
E,373,374,495,494
E,374,375,496,495
E,375,376,497,496
E,376,377,498,497
E,377,378,499,498
E,378,379,500,499
E,379,380,501,500
E,380,381,502,501
E,381,382,503,502
E,382,383,504,503
E,383,384,505,504
E,384,385,506,505
E,385,386,507,506
E,386,387,508,507
E,387,388,509,508
E,388,389,510,509
E,389,390,511,510
E,390,391,512,511
E,391,392,513,512
E,392,393,514,513
E,393,394,515,514
E,394,395,516,515
E,395,396,517,516
E,396,397,518,517
E,397,398,519,518
E,398,399,520,519
E,399,400,521,520
E,400,401,522,521
E,401,402,523,522
E,402,403,524,523
E,403,404,525,524
E,404,405,526,525
E,405,406,527,526
E,406,407,528,527
E,407,408,529,528
E,408,409,530,529
E,409,410,531,530
E,410,411,532,531
E,411,412,533,532
E,412,413,534,533
E,413,414,535,534
E,414,415,536,535
E,415,416,537,536
E,416,417,538,537
E,417,418,539,538
E,418,419,540,539
E,419,420,541,540
E,420,421,542,541
E,421,422,543,542
E,422,423,544,543
E,423,424,545,544
E,424,425,546,545
E,425,426,547,546
E,426,427,548,547
E,427,428,549,548
E,428,429,550,549
E,429,430,551,550
E,430,431,552,551
E,431,432,553,552
E,432,433,554,553
E,433,434,555,554
E,434,435,556,555
E,435,436,557,556
E,436,437,558,557
E,437,438,559,558
E,438,439,560,559
E,439,440,561,560
E,440,441,562,561
E,441,442,563,562
E,442,443,564,563
E,443,444,565,564
E,444,445,566,565
E,445,446,567,566
E,446,447,568,567
E,447,448,569,568
E,448,449,570,569
E,449,450,571,570
E,450,451,572,571
E,451,452,573,572
E,452,453,574,573
E,453,454,575,574
E,454,455,576,575
E,455,456,577,576
E,456,457,578,577
E,457,458,579,578
E,458,459,580,579
E,459,460,581,580
E,460,461,582,581
E,461,462,583,582
E,462,463,584,583
E,463,464,585,584
E,464,465,586,585
E,465,466,587,586
E,466,467,588,587
E,467,468,589,588
E,468,469,590,589
E,469,470,591,590
E,470,471,592,591
E,471,472,593,592
E,472,473,594,593
E,473,474,595,594
E,474,475,596,595
E,475,476,597,596
E,476,477,598,597
E,477,478,599,598
E,478,479,600,599
E,479,480,601,600
E,480,481,602,601
E,481,482,603,602
E,482,483,604,603
E,483,484,605,604
MAT,1
E,485,486,607,606
E,486,487,608,607
E,487,488,609,608
E,488,489,610,609
E,489,490,611,610
E,490,491,612,611
E,491,492,613,612
E,492,493,614,613
E,493,494,615,614
E,494,495,616,615
E,495,496,617,616
E,496,497,618,617
E,497,498,619,618
E,498,499,620,619
E,499,500,621,620
E,500,501,622,621
E,501,502,623,622
E,502,503,624,623
E,503,504,625,624
E,504,505,626,625
E,505,506,627,626
E,506,507,628,627
E,507,508,629,628
E,508,509,630,629
E,509,510,631,630
E,510,511,632,631
E,511,512,633,632
E,512,513,634,633
E,513,514,635,634
E,514,515,636,635
E,515,516,637,636
E,516,517,638,637
E,517,518,639,638
E,518,519,640,639
E,519,520,641,640
E,520,521,642,641
E,521,522,643,642
E,522,523,644,643
E,523,524,645,644
E,524,525,646,645
E,525,526,647,646
E,526,527,648,647
E,527,528,649,648
E,528,529,650,649
E,529,530,651,650
E,530,531,652,651
E,531,532,653,652
E,532,533,654,653
E,533,534,655,654
E,534,535,656,655
E,535,536,657,656
E,536,537,658,657
E,537,538,659,658
E,538,539,660,659
E,539,540,661,660
E,540,541,662,661
E,541,542,663,662
E,542,543,664,663
E,543,544,665,664
E,544,545,666,665
E,545,546,667,666
E,546,547,668,667
E,547,548,669,668
E,548,549,670,669
E,549,550,671,670
E,550,551,672,671
E,551,552,673,672
E,552,553,674,673
E,553,554,675,674
E,554,555,676,675
E,555,556,677,676
E,556,557,678,677
E,557,558,679,678
E,558,559,680,679
E,559,560,681,680
E,560,561,682,681
E,561,562,683,682
E,562,563,684,683
E,563,564,685,684
E,564,565,686,685
E,565,566,687,686
E,566,567,688,687
E,567,568,689,688
E,568,569,690,689
E,569,570,691,690
E,570,571,692,691
E,571,572,693,692
E,572,573,694,693
E,573,574,695,694
E,574,575,696,695
E,575,576,697,696
E,576,577,698,697
E,577,578,699,698
E,578,579,700,699
E,579,580,701,700
E,580,581,702,701
E,581,582,703,702
E,582,583,704,703
E,583,584,705,704
E,584,585,706,705
E,585,586,707,706
E,586,587,708,707
E,587,588,709,708
E,588,589,710,709
E,589,590,711,710
E,590,591,712,711
E,591,592,713,712
E,592,593,714,713
E,593,594,715,714
E,594,595,716,715
E,595,596,717,716
E,596,597,718,717
E,597,598,719,718
E,598,599,720,719
E,599,600,721,720
E,600,601,722,721
E,601,602,723,722
E,602,603,724,723
E,603,604,725,724
E,604,605,726,725
MAT,1
E,606,607,728,727
E,607,608,729,728
E,608,609,730,729
E,609,610,731,730
E,610,611,732,731
E,611,612,733,732
E,612,613,734,733
E,613,614,735,734
E,614,615,736,735
E,615,616,737,736
E,616,617,738,737
E,617,618,739,738
E,618,619,740,739
E,619,620,741,740
E,620,621,742,741
E,621,622,743,742
E,622,623,744,743
E,623,624,745,744
E,624,625,746,745
E,625,626,747,746
E,626,627,748,747
E,627,628,749,748
E,628,629,750,749
E,629,630,751,750
E,630,631,752,751
E,631,632,753,752
E,632,633,754,753
E,633,634,755,754
E,634,635,756,755
E,635,636,757,756
E,636,637,758,757
E,637,638,759,758
E,638,639,760,759
E,639,640,761,760
E,640,641,762,761
E,641,642,763,762
E,642,643,764,763
E,643,644,765,764
E,644,645,766,765
E,645,646,767,766
E,646,647,768,767
E,647,648,769,768
E,648,649,770,769
E,649,650,771,770
E,650,651,772,771
E,651,652,773,772
E,652,653,774,773
E,653,654,775,774
E,654,655,776,775
E,655,656,777,776
E,656,657,778,777
E,657,658,779,778
E,658,659,780,779
E,659,660,781,780
E,660,661,782,781
E,661,662,783,782
E,662,663,784,783
E,663,664,785,784
E,664,665,786,785
E,665,666,787,786
E,666,667,788,787
E,667,668,789,788
E,668,669,790,789
E,669,670,791,790
E,670,671,792,791
E,671,672,793,792
E,672,673,794,793
E,673,674,795,794
E,674,675,796,795
E,675,676,797,796
E,676,677,798,797
E,677,678,799,798
E,678,679,800,799
E,679,680,801,800
E,680,681,802,801
E,681,682,803,802
E,682,683,804,803
E,683,684,805,804
E,684,685,806,805
E,685,686,807,806
E,686,687,808,807
E,687,688,809,808
E,688,689,810,809
E,689,690,811,810
E,690,691,812,811
E,691,692,813,812
E,692,693,814,813
E,693,694,815,814
E,694,695,816,815
E,695,696,817,816
E,696,697,818,817
E,697,698,819,818
E,698,699,820,819
E,699,700,821,820
E,700,701,822,821
E,701,702,823,822
E,702,703,824,823
E,703,704,825,824
E,704,705,826,825
E,705,706,827,826
E,706,707,828,827
E,707,708,829,828
E,708,709,830,829
E,709,710,831,830
E,710,711,832,831
E,711,712,833,832
E,712,713,834,833
E,713,714,835,834
E,714,715,836,835
E,715,716,837,836
E,716,717,838,837
E,717,718,839,838
E,718,719,840,839
E,719,720,841,840
E,720,721,842,841
E,721,722,843,842
E,722,723,844,843
E,723,724,845,844
E,724,725,846,845
E,725,726,847,846
MAT,1
E,727,728,849,848
E,728,729,850,849
E,729,730,851,850
E,730,731,852,851
E,731,732,853,852
E,732,733,854,853
E,733,734,855,854
E,734,735,856,855
E,735,736,857,856
E,736,737,858,857
E,737,738,859,858
E,738,739,860,859
E,739,740,861,860
E,740,741,862,861
E,741,742,863,862
E,742,743,864,863
E,743,744,865,864
E,744,745,866,865
E,745,746,867,866
E,746,747,868,867
E,747,748,869,868
E,748,749,870,869
E,749,750,871,870
E,750,751,872,871
E,751,752,873,872
E,752,753,874,873
E,753,754,875,874
E,754,755,876,875
E,755,756,877,876
E,756,757,878,877
E,757,758,879,878
E,758,759,880,879
E,759,760,881,880
E,760,761,882,881
E,761,762,883,882
E,762,763,884,883
E,763,764,885,884
E,764,765,886,885
E,765,766,887,886
E,766,767,888,887
E,767,768,889,888
E,768,769,890,889
E,769,770,891,890
E,770,771,892,891
E,771,772,893,892
E,772,773,894,893
E,773,774,895,894
E,774,775,896,895
E,775,776,897,896
E,776,777,898,897
E,777,778,899,898
E,778,779,900,899
E,779,780,901,900
E,780,781,902,901
E,781,782,903,902
E,782,783,904,903
E,783,784,905,904
E,784,785,906,905
E,785,786,907,906
E,786,787,908,907
E,787,788,909,908
E,788,789,910,909
E,789,790,911,910
E,790,791,912,911
E,791,792,913,912
E,792,793,914,913
E,793,794,915,914
E,794,795,916,915
E,795,796,917,916
E,796,797,918,917
E,797,798,919,918
E,798,799,920,919
E,799,800,921,920
E,800,801,922,921
E,801,802,923,922
E,802,803,924,923
E,803,804,925,924
E,804,805,926,925
E,805,806,927,926
E,806,807,928,927
E,807,808,929,928
E,808,809,930,929
E,809,810,931,930
E,810,811,932,931
E,811,812,933,932
E,812,813,934,933
E,813,814,935,934
E,814,815,936,935
E,815,816,937,936
E,816,817,938,937
E,817,818,939,938
E,818,819,940,939
E,819,820,941,940
E,820,821,942,941
E,821,822,943,942
E,822,823,944,943
E,823,824,945,944
E,824,825,946,945
E,825,826,947,946
E,826,827,948,947
E,827,828,949,948
E,828,829,950,949
E,829,830,951,950
E,830,831,952,951
E,831,832,953,952
E,832,833,954,953
E,833,834,955,954
E,834,835,956,955
E,835,836,957,956
E,836,837,958,957
E,837,838,959,958
E,838,839,960,959
E,839,840,961,960
E,840,841,962,961
E,841,842,963,962
E,842,843,964,963
E,843,844,965,964
E,844,845,966,965
E,845,846,967,966
E,846,847,968,967
MAT,1
E,848,849,970,969
E,849,850,971,970
E,850,851,972,971
E,851,852,973,972
E,852,853,974,973
E,853,854,975,974
E,854,855,976,975
E,855,856,977,976
E,856,857,978,977
E,857,858,979,978
E,858,859,980,979
E,859,860,981,980
E,860,861,982,981
E,861,862,983,982
E,862,863,984,983
E,863,864,985,984
E,864,865,986,985
E,865,866,987,986
E,866,867,988,987
E,867,868,989,988
E,868,869,990,989
E,869,870,991,990
E,870,871,992,991
E,871,872,993,992
E,872,873,994,993
E,873,874,995,994
E,874,875,996,995
E,875,876,997,996
E,876,877,998,997
E,877,878,999,998
E,878,879,1000,999
E,879,880,1001,1000
E,880,881,1002,1001
E,881,882,1003,1002
E,882,883,1004,1003
E,883,884,1005,1004
E,884,885,1006,1005
E,885,886,1007,1006
E,886,887,1008,1007
E,887,888,1009,1008
E,888,889,1010,1009
E,889,890,1011,1010
E,890,891,1012,1011
E,891,892,1013,1012
E,892,893,1014,1013
E,893,894,1015,1014
E,894,895,1016,1015
E,895,896,1017,1016
E,896,897,1018,1017
E,897,898,1019,1018
E,898,899,1020,1019
E,899,900,1021,1020
E,900,901,1022,1021
E,901,902,1023,1022
E,902,903,1024,1023
E,903,904,1025,1024
E,904,905,1026,1025
E,905,906,1027,1026
E,906,907,1028,1027
E,907,908,1029,1028
E,908,909,1030,1029
E,909,910,1031,1030
E,910,911,1032,1031
E,911,912,1033,1032
E,912,913,1034,1033
E,913,914,1035,1034
E,914,915,1036,1035
E,915,916,1037,1036
E,916,917,1038,1037
E,917,918,1039,1038
E,918,919,1040,1039
E,919,920,1041,1040
E,920,921,1042,1041
E,921,922,1043,1042
E,922,923,1044,1043
E,923,924,1045,1044
E,924,925,1046,1045
E,925,926,1047,1046
E,926,927,1048,1047
E,927,928,1049,1048
E,928,929,1050,1049
E,929,930,1051,1050
E,930,931,1052,1051
E,931,932,1053,1052
E,932,933,1054,1053
E,933,934,1055,1054
E,934,935,1056,1055
E,935,936,1057,1056
E,936,937,1058,1057
E,937,938,1059,1058
E,938,939,1060,1059
E,939,940,1061,1060
E,940,941,1062,1061
E,941,942,1063,1062
E,942,943,1064,1063
E,943,944,1065,1064
E,944,945,1066,1065
E,945,946,1067,1066
E,946,947,1068,1067
E,947,948,1069,1068
E,948,949,1070,1069
E,949,950,1071,1070
E,950,951,1072,1071
E,951,952,1073,1072
E,952,953,1074,1073
E,953,954,1075,1074
E,954,955,1076,1075
E,955,956,1077,1076
E,956,957,1078,1077
E,957,958,1079,1078
E,958,959,1080,1079
E,959,960,1081,1080
E,960,961,1082,1081
E,961,962,1083,1082
E,962,963,1084,1083
E,963,964,1085,1084
E,964,965,1086,1085
E,965,966,1087,1086
E,966,967,1088,1087
E,967,968,1089,1088
MAT,2
E,969,970,1091,1090
E,970,971,1092,1091
E,971,972,1093,1092
E,972,973,1094,1093
E,973,974,1095,1094
E,974,975,1096,1095
E,975,976,1097,1096
E,976,977,1098,1097
E,977,978,1099,1098
E,978,979,1100,1099
E,979,980,1101,1100
E,980,981,1102,1101
E,981,982,1103,1102
E,982,983,1104,1103
E,983,984,1105,1104
E,984,985,1106,1105
E,985,986,1107,1106
E,986,987,1108,1107
E,987,988,1109,1108
E,988,989,1110,1109
E,989,990,1111,1110
E,990,991,1112,1111
E,991,992,1113,1112
E,992,993,1114,1113
E,993,994,1115,1114
E,994,995,1116,1115
E,995,996,1117,1116
E,996,997,1118,1117
E,997,998,1119,1118
E,998,999,1120,1119
E,999,1000,1121,1120
E,1000,1001,1122,1121
E,1001,1002,1123,1122
E,1002,1003,1124,1123
E,1003,1004,1125,1124
E,1004,1005,1126,1125
E,1005,1006,1127,1126
E,1006,1007,1128,1127
E,1007,1008,1129,1128
E,1008,1009,1130,1129
E,1009,1010,1131,1130
E,1010,1011,1132,1131
E,1011,1012,1133,1132
E,1012,1013,1134,1133
E,1013,1014,1135,1134
E,1014,1015,1136,1135
E,1015,1016,1137,1136
E,1016,1017,1138,1137
E,1017,1018,1139,1138
E,1018,1019,1140,1139
E,1019,1020,1141,1140
E,1020,1021,1142,1141
E,1021,1022,1143,1142
E,1022,1023,1144,1143
E,1023,1024,1145,1144
E,1024,1025,1146,1145
E,1025,1026,1147,1146
E,1026,1027,1148,1147
E,1027,1028,1149,1148
E,1028,1029,1150,1149
E,1029,1030,1151,1150
E,1030,1031,1152,1151
E,1031,1032,1153,1152
E,1032,1033,1154,1153
E,1033,1034,1155,1154
E,1034,1035,1156,1155
E,1035,1036,1157,1156
E,1036,1037,1158,1157
E,1037,1038,1159,1158
E,1038,1039,1160,1159
E,1039,1040,1161,1160
E,1040,1041,1162,1161
E,1041,1042,1163,1162
E,1042,1043,1164,1163
E,1043,1044,1165,1164
E,1044,1045,1166,1165
E,1045,1046,1167,1166
E,1046,1047,1168,1167
E,1047,1048,1169,1168
E,1048,1049,1170,1169
E,1049,1050,1171,1170
E,1050,1051,1172,1171
E,1051,1052,1173,1172
E,1052,1053,1174,1173
E,1053,1054,1175,1174
E,1054,1055,1176,1175
E,1055,1056,1177,1176
E,1056,1057,1178,1177
E,1057,1058,1179,1178
E,1058,1059,1180,1179
E,1059,1060,1181,1180
E,1060,1061,1182,1181
E,1061,1062,1183,1182
E,1062,1063,1184,1183
E,1063,1064,1185,1184
E,1064,1065,1186,1185
E,1065,1066,1187,1186
E,1066,1067,1188,1187
E,1067,1068,1189,1188
E,1068,1069,1190,1189
E,1069,1070,1191,1190
E,1070,1071,1192,1191
E,1071,1072,1193,1192
E,1072,1073,1194,1193
E,1073,1074,1195,1194
E,1074,1075,1196,1195
E,1075,1076,1197,1196
E,1076,1077,1198,1197
E,1077,1078,1199,1198
E,1078,1079,1200,1199
E,1079,1080,1201,1200
E,1080,1081,1202,1201
E,1081,1082,1203,1202
E,1082,1083,1204,1203
E,1083,1084,1205,1204
E,1084,1085,1206,1205
E,1085,1086,1207,1206
E,1086,1087,1208,1207
E,1087,1088,1209,1208
E,1088,1089,1210,1209
MAT,2
E,1090,1091,1212,1211
E,1091,1092,1213,1212
E,1092,1093,1214,1213
E,1093,1094,1215,1214
E,1094,1095,1216,1215
E,1095,1096,1217,1216
E,1096,1097,1218,1217
E,1097,1098,1219,1218
E,1098,1099,1220,1219
E,1099,1100,1221,1220
E,1100,1101,1222,1221
E,1101,1102,1223,1222
E,1102,1103,1224,1223
E,1103,1104,1225,1224
E,1104,1105,1226,1225
E,1105,1106,1227,1226
E,1106,1107,1228,1227
E,1107,1108,1229,1228
E,1108,1109,1230,1229
E,1109,1110,1231,1230
E,1110,1111,1232,1231
E,1111,1112,1233,1232
E,1112,1113,1234,1233
E,1113,1114,1235,1234
E,1114,1115,1236,1235
E,1115,1116,1237,1236
E,1116,1117,1238,1237
E,1117,1118,1239,1238
E,1118,1119,1240,1239
E,1119,1120,1241,1240
E,1120,1121,1242,1241
E,1121,1122,1243,1242
E,1122,1123,1244,1243
E,1123,1124,1245,1244
E,1124,1125,1246,1245
E,1125,1126,1247,1246
E,1126,1127,1248,1247
E,1127,1128,1249,1248
E,1128,1129,1250,1249
E,1129,1130,1251,1250
E,1130,1131,1252,1251
E,1131,1132,1253,1252
E,1132,1133,1254,1253
E,1133,1134,1255,1254
E,1134,1135,1256,1255
E,1135,1136,1257,1256
E,1136,1137,1258,1257
E,1137,1138,1259,1258
E,1138,1139,1260,1259
E,1139,1140,1261,1260
E,1140,1141,1262,1261
E,1141,1142,1263,1262
E,1142,1143,1264,1263
E,1143,1144,1265,1264
E,1144,1145,1266,1265
E,1145,1146,1267,1266
E,1146,1147,1268,1267
E,1147,1148,1269,1268
E,1148,1149,1270,1269
E,1149,1150,1271,1270
E,1150,1151,1272,1271
E,1151,1152,1273,1272
E,1152,1153,1274,1273
E,1153,1154,1275,1274
E,1154,1155,1276,1275
E,1155,1156,1277,1276
E,1156,1157,1278,1277
E,1157,1158,1279,1278
E,1158,1159,1280,1279
E,1159,1160,1281,1280
E,1160,1161,1282,1281
E,1161,1162,1283,1282
E,1162,1163,1284,1283
E,1163,1164,1285,1284
E,1164,1165,1286,1285
E,1165,1166,1287,1286
E,1166,1167,1288,1287
E,1167,1168,1289,1288
E,1168,1169,1290,1289
E,1169,1170,1291,1290
E,1170,1171,1292,1291
E,1171,1172,1293,1292
E,1172,1173,1294,1293
E,1173,1174,1295,1294
E,1174,1175,1296,1295
E,1175,1176,1297,1296
E,1176,1177,1298,1297
E,1177,1178,1299,1298
E,1178,1179,1300,1299
E,1179,1180,1301,1300
E,1180,1181,1302,1301
E,1181,1182,1303,1302
E,1182,1183,1304,1303
E,1183,1184,1305,1304
E,1184,1185,1306,1305
E,1185,1186,1307,1306
E,1186,1187,1308,1307
E,1187,1188,1309,1308
E,1188,1189,1310,1309
E,1189,1190,1311,1310
E,1190,1191,1312,1311
E,1191,1192,1313,1312
E,1192,1193,1314,1313
E,1193,1194,1315,1314
E,1194,1195,1316,1315
E,1195,1196,1317,1316
E,1196,1197,1318,1317
E,1197,1198,1319,1318
E,1198,1199,1320,1319
E,1199,1200,1321,1320
E,1200,1201,1322,1321
E,1201,1202,1323,1322
E,1202,1203,1324,1323
E,1203,1204,1325,1324
E,1204,1205,1326,1325
E,1205,1206,1327,1326
E,1206,1207,1328,1327
E,1207,1208,1329,1328
E,1208,1209,1330,1329
E,1209,1210,1331,1330
MAT,2
E,1211,1212,1333,1332
E,1212,1213,1334,1333
E,1213,1214,1335,1334
E,1214,1215,1336,1335
E,1215,1216,1337,1336
E,1216,1217,1338,1337
E,1217,1218,1339,1338
E,1218,1219,1340,1339
E,1219,1220,1341,1340
E,1220,1221,1342,1341
E,1221,1222,1343,1342
E,1222,1223,1344,1343
E,1223,1224,1345,1344
E,1224,1225,1346,1345
E,1225,1226,1347,1346
E,1226,1227,1348,1347
E,1227,1228,1349,1348
E,1228,1229,1350,1349
E,1229,1230,1351,1350
E,1230,1231,1352,1351
E,1231,1232,1353,1352
E,1232,1233,1354,1353
E,1233,1234,1355,1354
E,1234,1235,1356,1355
E,1235,1236,1357,1356
E,1236,1237,1358,1357
E,1237,1238,1359,1358
E,1238,1239,1360,1359
E,1239,1240,1361,1360
E,1240,1241,1362,1361
E,1241,1242,1363,1362
E,1242,1243,1364,1363
E,1243,1244,1365,1364
E,1244,1245,1366,1365
E,1245,1246,1367,1366
E,1246,1247,1368,1367
E,1247,1248,1369,1368
E,1248,1249,1370,1369
E,1249,1250,1371,1370
E,1250,1251,1372,1371
E,1251,1252,1373,1372
E,1252,1253,1374,1373
E,1253,1254,1375,1374
E,1254,1255,1376,1375
E,1255,1256,1377,1376
E,1256,1257,1378,1377
E,1257,1258,1379,1378
E,1258,1259,1380,1379
E,1259,1260,1381,1380
E,1260,1261,1382,1381
E,1261,1262,1383,1382
E,1262,1263,1384,1383
E,1263,1264,1385,1384
E,1264,1265,1386,1385
E,1265,1266,1387,1386
E,1266,1267,1388,1387
E,1267,1268,1389,1388
E,1268,1269,1390,1389
E,1269,1270,1391,1390
E,1270,1271,1392,1391
E,1271,1272,1393,1392
E,1272,1273,1394,1393
E,1273,1274,1395,1394
E,1274,1275,1396,1395
E,1275,1276,1397,1396
E,1276,1277,1398,1397
E,1277,1278,1399,1398
E,1278,1279,1400,1399
E,1279,1280,1401,1400
E,1280,1281,1402,1401
E,1281,1282,1403,1402
E,1282,1283,1404,1403
E,1283,1284,1405,1404
E,1284,1285,1406,1405
E,1285,1286,1407,1406
E,1286,1287,1408,1407
E,1287,1288,1409,1408
E,1288,1289,1410,1409
E,1289,1290,1411,1410
E,1290,1291,1412,1411
E,1291,1292,1413,1412
E,1292,1293,1414,1413
E,1293,1294,1415,1414
E,1294,1295,1416,1415
E,1295,1296,1417,1416
E,1296,1297,1418,1417
E,1297,1298,1419,1418
E,1298,1299,1420,1419
E,1299,1300,1421,1420
E,1300,1301,1422,1421
E,1301,1302,1423,1422
E,1302,1303,1424,1423
E,1303,1304,1425,1424
E,1304,1305,1426,1425
E,1305,1306,1427,1426
E,1306,1307,1428,1427
E,1307,1308,1429,1428
E,1308,1309,1430,1429
E,1309,1310,1431,1430
E,1310,1311,1432,1431
E,1311,1312,1433,1432
E,1312,1313,1434,1433
E,1313,1314,1435,1434
E,1314,1315,1436,1435
E,1315,1316,1437,1436
E,1316,1317,1438,1437
E,1317,1318,1439,1438
E,1318,1319,1440,1439
E,1319,1320,1441,1440
E,1320,1321,1442,1441
E,1321,1322,1443,1442
E,1322,1323,1444,1443
E,1323,1324,1445,1444
E,1324,1325,1446,1445
E,1325,1326,1447,1446
E,1326,1327,1448,1447
E,1327,1328,1449,1448
E,1328,1329,1450,1449
E,1329,1330,1451,1450
E,1330,1331,1452,1451
MAT,2
E,1332,1333,1454,1453
E,1333,1334,1455,1454
E,1334,1335,1456,1455
E,1335,1336,1457,1456
E,1336,1337,1458,1457
E,1337,1338,1459,1458
E,1338,1339,1460,1459
E,1339,1340,1461,1460
E,1340,1341,1462,1461
E,1341,1342,1463,1462
E,1342,1343,1464,1463
E,1343,1344,1465,1464
E,1344,1345,1466,1465
E,1345,1346,1467,1466
E,1346,1347,1468,1467
E,1347,1348,1469,1468
E,1348,1349,1470,1469
E,1349,1350,1471,1470
E,1350,1351,1472,1471
E,1351,1352,1473,1472
E,1352,1353,1474,1473
E,1353,1354,1475,1474
E,1354,1355,1476,1475
E,1355,1356,1477,1476
E,1356,1357,1478,1477
E,1357,1358,1479,1478
E,1358,1359,1480,1479
E,1359,1360,1481,1480
E,1360,1361,1482,1481
E,1361,1362,1483,1482
E,1362,1363,1484,1483
E,1363,1364,1485,1484
E,1364,1365,1486,1485
E,1365,1366,1487,1486
E,1366,1367,1488,1487
E,1367,1368,1489,1488
E,1368,1369,1490,1489
E,1369,1370,1491,1490
E,1370,1371,1492,1491
E,1371,1372,1493,1492
E,1372,1373,1494,1493
E,1373,1374,1495,1494
E,1374,1375,1496,1495
E,1375,1376,1497,1496
E,1376,1377,1498,1497
E,1377,1378,1499,1498
E,1378,1379,1500,1499
E,1379,1380,1501,1500
E,1380,1381,1502,1501
E,1381,1382,1503,1502
E,1382,1383,1504,1503
E,1383,1384,1505,1504
E,1384,1385,1506,1505
E,1385,1386,1507,1506
E,1386,1387,1508,1507
E,1387,1388,1509,1508
E,1388,1389,1510,1509
E,1389,1390,1511,1510
E,1390,1391,1512,1511
E,1391,1392,1513,1512
E,1392,1393,1514,1513
E,1393,1394,1515,1514
E,1394,1395,1516,1515
E,1395,1396,1517,1516
E,1396,1397,1518,1517
E,1397,1398,1519,1518
E,1398,1399,1520,1519
E,1399,1400,1521,1520
E,1400,1401,1522,1521
E,1401,1402,1523,1522
E,1402,1403,1524,1523
E,1403,1404,1525,1524
E,1404,1405,1526,1525
E,1405,1406,1527,1526
E,1406,1407,1528,1527
E,1407,1408,1529,1528
E,1408,1409,1530,1529
E,1409,1410,1531,1530
E,1410,1411,1532,1531
E,1411,1412,1533,1532
E,1412,1413,1534,1533
E,1413,1414,1535,1534
E,1414,1415,1536,1535
E,1415,1416,1537,1536
E,1416,1417,1538,1537
E,1417,1418,1539,1538
E,1418,1419,1540,1539
E,1419,1420,1541,1540
E,1420,1421,1542,1541
E,1421,1422,1543,1542
E,1422,1423,1544,1543
E,1423,1424,1545,1544
E,1424,1425,1546,1545
E,1425,1426,1547,1546
E,1426,1427,1548,1547
E,1427,1428,1549,1548
E,1428,1429,1550,1549
E,1429,1430,1551,1550
E,1430,1431,1552,1551
E,1431,1432,1553,1552
E,1432,1433,1554,1553
E,1433,1434,1555,1554
E,1434,1435,1556,1555
E,1435,1436,1557,1556
E,1436,1437,1558,1557
E,1437,1438,1559,1558
E,1438,1439,1560,1559
E,1439,1440,1561,1560
E,1440,1441,1562,1561
E,1441,1442,1563,1562
E,1442,1443,1564,1563
E,1443,1444,1565,1564
E,1444,1445,1566,1565
E,1445,1446,1567,1566
E,1446,1447,1568,1567
E,1447,1448,1569,1568
E,1448,1449,1570,1569
E,1449,1450,1571,1570
E,1450,1451,1572,1571
E,1451,1452,1573,1572
MAT,2
E,1453,1454,1575,1574
E,1454,1455,1576,1575
E,1455,1456,1577,1576
E,1456,1457,1578,1577
E,1457,1458,1579,1578
E,1458,1459,1580,1579
E,1459,1460,1581,1580
E,1460,1461,1582,1581
E,1461,1462,1583,1582
E,1462,1463,1584,1583
E,1463,1464,1585,1584
E,1464,1465,1586,1585
E,1465,1466,1587,1586
E,1466,1467,1588,1587
E,1467,1468,1589,1588
E,1468,1469,1590,1589
E,1469,1470,1591,1590
E,1470,1471,1592,1591
E,1471,1472,1593,1592
E,1472,1473,1594,1593
E,1473,1474,1595,1594
E,1474,1475,1596,1595
E,1475,1476,1597,1596
E,1476,1477,1598,1597
E,1477,1478,1599,1598
E,1478,1479,1600,1599
E,1479,1480,1601,1600
E,1480,1481,1602,1601
E,1481,1482,1603,1602
E,1482,1483,1604,1603
E,1483,1484,1605,1604
E,1484,1485,1606,1605
E,1485,1486,1607,1606
E,1486,1487,1608,1607
E,1487,1488,1609,1608
E,1488,1489,1610,1609
E,1489,1490,1611,1610
E,1490,1491,1612,1611
E,1491,1492,1613,1612
E,1492,1493,1614,1613
E,1493,1494,1615,1614
E,1494,1495,1616,1615
E,1495,1496,1617,1616
E,1496,1497,1618,1617
E,1497,1498,1619,1618
E,1498,1499,1620,1619
E,1499,1500,1621,1620
E,1500,1501,1622,1621
E,1501,1502,1623,1622
E,1502,1503,1624,1623
E,1503,1504,1625,1624
E,1504,1505,1626,1625
E,1505,1506,1627,1626
E,1506,1507,1628,1627
E,1507,1508,1629,1628
E,1508,1509,1630,1629
E,1509,1510,1631,1630
E,1510,1511,1632,1631
E,1511,1512,1633,1632
E,1512,1513,1634,1633
E,1513,1514,1635,1634
E,1514,1515,1636,1635
E,1515,1516,1637,1636
E,1516,1517,1638,1637
E,1517,1518,1639,1638
E,1518,1519,1640,1639
E,1519,1520,1641,1640
E,1520,1521,1642,1641
E,1521,1522,1643,1642
E,1522,1523,1644,1643
E,1523,1524,1645,1644
E,1524,1525,1646,1645
E,1525,1526,1647,1646
E,1526,1527,1648,1647
E,1527,1528,1649,1648
E,1528,1529,1650,1649
E,1529,1530,1651,1650
E,1530,1531,1652,1651
E,1531,1532,1653,1652
E,1532,1533,1654,1653
E,1533,1534,1655,1654
E,1534,1535,1656,1655
E,1535,1536,1657,1656
E,1536,1537,1658,1657
E,1537,1538,1659,1658
E,1538,1539,1660,1659
E,1539,1540,1661,1660
E,1540,1541,1662,1661
E,1541,1542,1663,1662
E,1542,1543,1664,1663
E,1543,1544,1665,1664
E,1544,1545,1666,1665
E,1545,1546,1667,1666
E,1546,1547,1668,1667
E,1547,1548,1669,1668
E,1548,1549,1670,1669
E,1549,1550,1671,1670
E,1550,1551,1672,1671
E,1551,1552,1673,1672
E,1552,1553,1674,1673
E,1553,1554,1675,1674
E,1554,1555,1676,1675
E,1555,1556,1677,1676
E,1556,1557,1678,1677
E,1557,1558,1679,1678
E,1558,1559,1680,1679
E,1559,1560,1681,1680
E,1560,1561,1682,1681
E,1561,1562,1683,1682
E,1562,1563,1684,1683
E,1563,1564,1685,1684
E,1564,1565,1686,1685
E,1565,1566,1687,1686
E,1566,1567,1688,1687
E,1567,1568,1689,1688
E,1568,1569,1690,1689
E,1569,1570,1691,1690
E,1570,1571,1692,1691
E,1571,1572,1693,1692
E,1572,1573,1694,1693
MAT,2
E,1574,1575,1696,1695
E,1575,1576,1697,1696
E,1576,1577,1698,1697
E,1577,1578,1699,1698
E,1578,1579,1700,1699
E,1579,1580,1701,1700
E,1580,1581,1702,1701
E,1581,1582,1703,1702
E,1582,1583,1704,1703
E,1583,1584,1705,1704
E,1584,1585,1706,1705
E,1585,1586,1707,1706
E,1586,1587,1708,1707
E,1587,1588,1709,1708
E,1588,1589,1710,1709
E,1589,1590,1711,1710
E,1590,1591,1712,1711
E,1591,1592,1713,1712
E,1592,1593,1714,1713
E,1593,1594,1715,1714
E,1594,1595,1716,1715
E,1595,1596,1717,1716
E,1596,1597,1718,1717
E,1597,1598,1719,1718
E,1598,1599,1720,1719
E,1599,1600,1721,1720
E,1600,1601,1722,1721
E,1601,1602,1723,1722
E,1602,1603,1724,1723
E,1603,1604,1725,1724
E,1604,1605,1726,1725
E,1605,1606,1727,1726
E,1606,1607,1728,1727
E,1607,1608,1729,1728
E,1608,1609,1730,1729
E,1609,1610,1731,1730
E,1610,1611,1732,1731
E,1611,1612,1733,1732
E,1612,1613,1734,1733
E,1613,1614,1735,1734
E,1614,1615,1736,1735
E,1615,1616,1737,1736
E,1616,1617,1738,1737
E,1617,1618,1739,1738
E,1618,1619,1740,1739
E,1619,1620,1741,1740
E,1620,1621,1742,1741
E,1621,1622,1743,1742
E,1622,1623,1744,1743
E,1623,1624,1745,1744
E,1624,1625,1746,1745
E,1625,1626,1747,1746
E,1626,1627,1748,1747
E,1627,1628,1749,1748
E,1628,1629,1750,1749
E,1629,1630,1751,1750
E,1630,1631,1752,1751
E,1631,1632,1753,1752
E,1632,1633,1754,1753
E,1633,1634,1755,1754
E,1634,1635,1756,1755
E,1635,1636,1757,1756
E,1636,1637,1758,1757
E,1637,1638,1759,1758
E,1638,1639,1760,1759
E,1639,1640,1761,1760
E,1640,1641,1762,1761
E,1641,1642,1763,1762
E,1642,1643,1764,1763
E,1643,1644,1765,1764
E,1644,1645,1766,1765
E,1645,1646,1767,1766
E,1646,1647,1768,1767
E,1647,1648,1769,1768
E,1648,1649,1770,1769
E,1649,1650,1771,1770
E,1650,1651,1772,1771
E,1651,1652,1773,1772
E,1652,1653,1774,1773
E,1653,1654,1775,1774
E,1654,1655,1776,1775
E,1655,1656,1777,1776
E,1656,1657,1778,1777
E,1657,1658,1779,1778
E,1658,1659,1780,1779
E,1659,1660,1781,1780
E,1660,1661,1782,1781
E,1661,1662,1783,1782
E,1662,1663,1784,1783
E,1663,1664,1785,1784
E,1664,1665,1786,1785
E,1665,1666,1787,1786
E,1666,1667,1788,1787
E,1667,1668,1789,1788
E,1668,1669,1790,1789
E,1669,1670,1791,1790
E,1670,1671,1792,1791
E,1671,1672,1793,1792
E,1672,1673,1794,1793
E,1673,1674,1795,1794
E,1674,1675,1796,1795
E,1675,1676,1797,1796
E,1676,1677,1798,1797
E,1677,1678,1799,1798
E,1678,1679,1800,1799
E,1679,1680,1801,1800
E,1680,1681,1802,1801
E,1681,1682,1803,1802
E,1682,1683,1804,1803
E,1683,1684,1805,1804
E,1684,1685,1806,1805
E,1685,1686,1807,1806
E,1686,1687,1808,1807
E,1687,1688,1809,1808
E,1688,1689,1810,1809
E,1689,1690,1811,1810
E,1690,1691,1812,1811
E,1691,1692,1813,1812
E,1692,1693,1814,1813
E,1693,1694,1815,1814
MAT,2
E,1695,1696,1817,1816
E,1696,1697,1818,1817
E,1697,1698,1819,1818
E,1698,1699,1820,1819
E,1699,1700,1821,1820
E,1700,1701,1822,1821
E,1701,1702,1823,1822
E,1702,1703,1824,1823
E,1703,1704,1825,1824
E,1704,1705,1826,1825
E,1705,1706,1827,1826
E,1706,1707,1828,1827
E,1707,1708,1829,1828
E,1708,1709,1830,1829
E,1709,1710,1831,1830
E,1710,1711,1832,1831
E,1711,1712,1833,1832
E,1712,1713,1834,1833
E,1713,1714,1835,1834
E,1714,1715,1836,1835
E,1715,1716,1837,1836
E,1716,1717,1838,1837
E,1717,1718,1839,1838
E,1718,1719,1840,1839
E,1719,1720,1841,1840
E,1720,1721,1842,1841
E,1721,1722,1843,1842
E,1722,1723,1844,1843
E,1723,1724,1845,1844
E,1724,1725,1846,1845
E,1725,1726,1847,1846
E,1726,1727,1848,1847
E,1727,1728,1849,1848
E,1728,1729,1850,1849
E,1729,1730,1851,1850
E,1730,1731,1852,1851
E,1731,1732,1853,1852
E,1732,1733,1854,1853
E,1733,1734,1855,1854
E,1734,1735,1856,1855
E,1735,1736,1857,1856
E,1736,1737,1858,1857
E,1737,1738,1859,1858
E,1738,1739,1860,1859
E,1739,1740,1861,1860
E,1740,1741,1862,1861
E,1741,1742,1863,1862
E,1742,1743,1864,1863
E,1743,1744,1865,1864
E,1744,1745,1866,1865
E,1745,1746,1867,1866
E,1746,1747,1868,1867
E,1747,1748,1869,1868
E,1748,1749,1870,1869
E,1749,1750,1871,1870
E,1750,1751,1872,1871
E,1751,1752,1873,1872
E,1752,1753,1874,1873
E,1753,1754,1875,1874
E,1754,1755,1876,1875
E,1755,1756,1877,1876
E,1756,1757,1878,1877
E,1757,1758,1879,1878
E,1758,1759,1880,1879
E,1759,1760,1881,1880
E,1760,1761,1882,1881
E,1761,1762,1883,1882
E,1762,1763,1884,1883
E,1763,1764,1885,1884
E,1764,1765,1886,1885
E,1765,1766,1887,1886
E,1766,1767,1888,1887
E,1767,1768,1889,1888
E,1768,1769,1890,1889
E,1769,1770,1891,1890
E,1770,1771,1892,1891
E,1771,1772,1893,1892
E,1772,1773,1894,1893
E,1773,1774,1895,1894
E,1774,1775,1896,1895
E,1775,1776,1897,1896
E,1776,1777,1898,1897
E,1777,1778,1899,1898
E,1778,1779,1900,1899
E,1779,1780,1901,1900
E,1780,1781,1902,1901
E,1781,1782,1903,1902
E,1782,1783,1904,1903
E,1783,1784,1905,1904
E,1784,1785,1906,1905
E,1785,1786,1907,1906
E,1786,1787,1908,1907
E,1787,1788,1909,1908
E,1788,1789,1910,1909
E,1789,1790,1911,1910
E,1790,1791,1912,1911
E,1791,1792,1913,1912
E,1792,1793,1914,1913
E,1793,1794,1915,1914
E,1794,1795,1916,1915
E,1795,1796,1917,1916
E,1796,1797,1918,1917
E,1797,1798,1919,1918
E,1798,1799,1920,1919
E,1799,1800,1921,1920
E,1800,1801,1922,1921
E,1801,1802,1923,1922
E,1802,1803,1924,1923
E,1803,1804,1925,1924
E,1804,1805,1926,1925
E,1805,1806,1927,1926
E,1806,1807,1928,1927
E,1807,1808,1929,1928
E,1808,1809,1930,1929
E,1809,1810,1931,1930
E,1810,1811,1932,1931
E,1811,1812,1933,1932
E,1812,1813,1934,1933
E,1813,1814,1935,1934
E,1814,1815,1936,1935
MAT,2
E,1816,1817,1938,1937
E,1817,1818,1939,1938
E,1818,1819,1940,1939
E,1819,1820,1941,1940
E,1820,1821,1942,1941
E,1821,1822,1943,1942
E,1822,1823,1944,1943
E,1823,1824,1945,1944
E,1824,1825,1946,1945
E,1825,1826,1947,1946
E,1826,1827,1948,1947
E,1827,1828,1949,1948
E,1828,1829,1950,1949
E,1829,1830,1951,1950
E,1830,1831,1952,1951
E,1831,1832,1953,1952
E,1832,1833,1954,1953
E,1833,1834,1955,1954
E,1834,1835,1956,1955
E,1835,1836,1957,1956
E,1836,1837,1958,1957
E,1837,1838,1959,1958
E,1838,1839,1960,1959
E,1839,1840,1961,1960
E,1840,1841,1962,1961
E,1841,1842,1963,1962
E,1842,1843,1964,1963
E,1843,1844,1965,1964
E,1844,1845,1966,1965
E,1845,1846,1967,1966
E,1846,1847,1968,1967
E,1847,1848,1969,1968
E,1848,1849,1970,1969
E,1849,1850,1971,1970
E,1850,1851,1972,1971
E,1851,1852,1973,1972
E,1852,1853,1974,1973
E,1853,1854,1975,1974
E,1854,1855,1976,1975
E,1855,1856,1977,1976
E,1856,1857,1978,1977
E,1857,1858,1979,1978
E,1858,1859,1980,1979
E,1859,1860,1981,1980
E,1860,1861,1982,1981
E,1861,1862,1983,1982
E,1862,1863,1984,1983
E,1863,1864,1985,1984
E,1864,1865,1986,1985
E,1865,1866,1987,1986
E,1866,1867,1988,1987
E,1867,1868,1989,1988
E,1868,1869,1990,1989
E,1869,1870,1991,1990
E,1870,1871,1992,1991
E,1871,1872,1993,1992
E,1872,1873,1994,1993
E,1873,1874,1995,1994
E,1874,1875,1996,1995
E,1875,1876,1997,1996
E,1876,1877,1998,1997
E,1877,1878,1999,1998
E,1878,1879,2000,1999
E,1879,1880,2001,2000
E,1880,1881,2002,2001
E,1881,1882,2003,2002
E,1882,1883,2004,2003
E,1883,1884,2005,2004
E,1884,1885,2006,2005
E,1885,1886,2007,2006
E,1886,1887,2008,2007
E,1887,1888,2009,2008
E,1888,1889,2010,2009
E,1889,1890,2011,2010
E,1890,1891,2012,2011
E,1891,1892,2013,2012
E,1892,1893,2014,2013
E,1893,1894,2015,2014
E,1894,1895,2016,2015
E,1895,1896,2017,2016
E,1896,1897,2018,2017
E,1897,1898,2019,2018
E,1898,1899,2020,2019
E,1899,1900,2021,2020
E,1900,1901,2022,2021
E,1901,1902,2023,2022
E,1902,1903,2024,2023
E,1903,1904,2025,2024
E,1904,1905,2026,2025
E,1905,1906,2027,2026
E,1906,1907,2028,2027
E,1907,1908,2029,2028
E,1908,1909,2030,2029
E,1909,1910,2031,2030
E,1910,1911,2032,2031
E,1911,1912,2033,2032
E,1912,1913,2034,2033
E,1913,1914,2035,2034
E,1914,1915,2036,2035
E,1915,1916,2037,2036
E,1916,1917,2038,2037
E,1917,1918,2039,2038
E,1918,1919,2040,2039
E,1919,1920,2041,2040
E,1920,1921,2042,2041
E,1921,1922,2043,2042
E,1922,1923,2044,2043
E,1923,1924,2045,2044
E,1924,1925,2046,2045
E,1925,1926,2047,2046
E,1926,1927,2048,2047
E,1927,1928,2049,2048
E,1928,1929,2050,2049
E,1929,1930,2051,2050
E,1930,1931,2052,2051
E,1931,1932,2053,2052
E,1932,1933,2054,2053
E,1933,1934,2055,2054
E,1934,1935,2056,2055
E,1935,1936,2057,2056
D,1,UX,0
D,1,UY,0
D,122,UX,0
D,122,UY,0
D,243,UX,0
D,243,UY,0
D,364,UX,0
D,364,UY,0
D,485,UX,0
D,485,UY,0
D,606,UX,0
D,606,UY,0
D,727,UX,0
D,727,UY,0
D,848,UX,0
D,848,UY,0
D,969,UX,0
D,969,UY,0
D,1090,UX,0
D,1090,UY,0
D,1211,UX,0
D,1211,UY,0
D,1332,UX,0
D,1332,UY,0
D,1453,UX,0
D,1453,UY,0
D,1574,UX,0
D,1574,UY,0
D,1695,UX,0
D,1695,UY,0
D,1816,UX,0
D,1816,UY,0
D,1937,UX,0
D,1937,UY,0
FINISH
/SOLU
ANTYPE,STATIC
NLGEOM,OFF
AUTOTS,OFF
KBC,0
OUTRES,ERASE
OUTRES,ALL,LAST
TREF,65
BF,ALL,TEMP,65
F,121,FY,-3.125e-05
F,242,FY,-6.25e-05
F,363,FY,-6.25e-05
F,484,FY,-6.25e-05
F,605,FY,-6.25e-05
F,726,FY,-6.25e-05
F,847,FY,-6.25e-05
F,968,FY,-6.25e-05
F,1089,FY,-6.25e-05
F,1210,FY,-6.25e-05
F,1331,FY,-6.25e-05
F,1452,FY,-6.25e-05
F,1573,FY,-6.25e-05
F,1694,FY,-6.25e-05
F,1815,FY,-6.25e-05
F,1936,FY,-6.25e-05
F,2057,FY,-3.125e-05
TIME,1
DELTIM,0.01,0.01,0.01
SOLVE
TIME,31
DELTIM,0.1,0.1,0.1
SOLVE
FDELE,121,FY
FDELE,242,FY
FDELE,363,FY
FDELE,484,FY
FDELE,605,FY
FDELE,726,FY
FDELE,847,FY
FDELE,968,FY
FDELE,1089,FY
FDELE,1210,FY
FDELE,1331,FY
FDELE,1452,FY
FDELE,1573,FY
FDELE,1694,FY
FDELE,1815,FY
FDELE,1936,FY
FDELE,2057,FY
TIME,32
DELTIM,0.01,0.01,0.01
SOLVE
TIME,62
DELTIM,0.1,0.1,0.1
SOLVE
FINISH
/POST1
SET,,,,,62
ETABLE,SEQV,S,EQV
*CFOPEN,top_nodes,csv
NIDV=1937
*GET,XV,NODE,1937,LOC,X
*GET,YV,NODE,1937,LOC,Y
*GET,UXV,NODE,1937,U,X
*GET,UYV,NODE,1937,U,Y
*VWRITE,NIDV,XV,YV,UXV,UYV
(5(E24.16,','))
NIDV=1938
*GET,XV,NODE,1938,LOC,X
*GET,YV,NODE,1938,LOC,Y
*GET,UXV,NODE,1938,U,X
*GET,UYV,NODE,1938,U,Y
*VWRITE,NIDV,XV,YV,UXV,UYV
(5(E24.16,','))
NIDV=1939
*GET,XV,NODE,1939,LOC,X
*GET,YV,NODE,1939,LOC,Y
*GET,UXV,NODE,1939,U,X
*GET,UYV,NODE,1939,U,Y
*VWRITE,NIDV,XV,YV,UXV,UYV
(5(E24.16,','))
NIDV=1940
*GET,XV,NODE,1940,LOC,X
*GET,YV,NODE,1940,LOC,Y
*GET,UXV,NODE,1940,U,X
*GET,UYV,NODE,1940,U,Y
*VWRITE,NIDV,XV,YV,UXV,UYV
(5(E24.16,','))
NIDV=1941
*GET,XV,NODE,1941,LOC,X
*GET,YV,NODE,1941,LOC,Y
*GET,UXV,NODE,1941,U,X
*GET,UYV,NODE,1941,U,Y
*VWRITE,NIDV,XV,YV,UXV,UYV
(5(E24.16,','))
NIDV=1942
*GET,XV,NODE,1942,LOC,X
*GET,YV,NODE,1942,LOC,Y
*GET,UXV,NODE,1942,U,X
*GET,UYV,NODE,1942,U,Y
*VWRITE,NIDV,XV,YV,UXV,UYV
(5(E24.16,','))
NIDV=1943
*GET,XV,NODE,1943,LOC,X
*GET,YV,NODE,1943,LOC,Y
*GET,UXV,NODE,1943,U,X
*GET,UYV,NODE,1943,U,Y
*VWRITE,NIDV,XV,YV,UXV,UYV
(5(E24.16,','))
NIDV=1944
*GET,XV,NODE,1944,LOC,X
*GET,YV,NODE,1944,LOC,Y
*GET,UXV,NODE,1944,U,X
*GET,UYV,NODE,1944,U,Y
*VWRITE,NIDV,XV,YV,UXV,UYV
(5(E24.16,','))
NIDV=1945
*GET,XV,NODE,1945,LOC,X
*GET,YV,NODE,1945,LOC,Y
*GET,UXV,NODE,1945,U,X
*GET,UYV,NODE,1945,U,Y
*VWRITE,NIDV,XV,YV,UXV,UYV
(5(E24.16,','))
NIDV=1946
*GET,XV,NODE,1946,LOC,X
*GET,YV,NODE,1946,LOC,Y
*GET,UXV,NODE,1946,U,X
*GET,UYV,NODE,1946,U,Y
*VWRITE,NIDV,XV,YV,UXV,UYV
(5(E24.16,','))
NIDV=1947
*GET,XV,NODE,1947,LOC,X
*GET,YV,NODE,1947,LOC,Y
*GET,UXV,NODE,1947,U,X
*GET,UYV,NODE,1947,U,Y
*VWRITE,NIDV,XV,YV,UXV,UYV
(5(E24.16,','))
NIDV=1948
*GET,XV,NODE,1948,LOC,X
*GET,YV,NODE,1948,LOC,Y
*GET,UXV,NODE,1948,U,X
*GET,UYV,NODE,1948,U,Y
*VWRITE,NIDV,XV,YV,UXV,UYV
(5(E24.16,','))
NIDV=1949
*GET,XV,NODE,1949,LOC,X
*GET,YV,NODE,1949,LOC,Y
*GET,UXV,NODE,1949,U,X
*GET,UYV,NODE,1949,U,Y
*VWRITE,NIDV,XV,YV,UXV,UYV
(5(E24.16,','))
NIDV=1950
*GET,XV,NODE,1950,LOC,X
*GET,YV,NODE,1950,LOC,Y
*GET,UXV,NODE,1950,U,X
*GET,UYV,NODE,1950,U,Y
*VWRITE,NIDV,XV,YV,UXV,UYV
(5(E24.16,','))
NIDV=1951
*GET,XV,NODE,1951,LOC,X
*GET,YV,NODE,1951,LOC,Y
*GET,UXV,NODE,1951,U,X
*GET,UYV,NODE,1951,U,Y
*VWRITE,NIDV,XV,YV,UXV,UYV
(5(E24.16,','))
NIDV=1952
*GET,XV,NODE,1952,LOC,X
*GET,YV,NODE,1952,LOC,Y
*GET,UXV,NODE,1952,U,X
*GET,UYV,NODE,1952,U,Y
*VWRITE,NIDV,XV,YV,UXV,UYV
(5(E24.16,','))
NIDV=1953
*GET,XV,NODE,1953,LOC,X
*GET,YV,NODE,1953,LOC,Y
*GET,UXV,NODE,1953,U,X
*GET,UYV,NODE,1953,U,Y
*VWRITE,NIDV,XV,YV,UXV,UYV
(5(E24.16,','))
NIDV=1954
*GET,XV,NODE,1954,LOC,X
*GET,YV,NODE,1954,LOC,Y
*GET,UXV,NODE,1954,U,X
*GET,UYV,NODE,1954,U,Y
*VWRITE,NIDV,XV,YV,UXV,UYV
(5(E24.16,','))
NIDV=1955
*GET,XV,NODE,1955,LOC,X
*GET,YV,NODE,1955,LOC,Y
*GET,UXV,NODE,1955,U,X
*GET,UYV,NODE,1955,U,Y
*VWRITE,NIDV,XV,YV,UXV,UYV
(5(E24.16,','))
NIDV=1956
*GET,XV,NODE,1956,LOC,X
*GET,YV,NODE,1956,LOC,Y
*GET,UXV,NODE,1956,U,X
*GET,UYV,NODE,1956,U,Y
*VWRITE,NIDV,XV,YV,UXV,UYV
(5(E24.16,','))
NIDV=1957
*GET,XV,NODE,1957,LOC,X
*GET,YV,NODE,1957,LOC,Y
*GET,UXV,NODE,1957,U,X
*GET,UYV,NODE,1957,U,Y
*VWRITE,NIDV,XV,YV,UXV,UYV
(5(E24.16,','))
NIDV=1958
*GET,XV,NODE,1958,LOC,X
*GET,YV,NODE,1958,LOC,Y
*GET,UXV,NODE,1958,U,X
*GET,UYV,NODE,1958,U,Y
*VWRITE,NIDV,XV,YV,UXV,UYV
(5(E24.16,','))
NIDV=1959
*GET,XV,NODE,1959,LOC,X
*GET,YV,NODE,1959,LOC,Y
*GET,UXV,NODE,1959,U,X
*GET,UYV,NODE,1959,U,Y
*VWRITE,NIDV,XV,YV,UXV,UYV
(5(E24.16,','))
NIDV=1960
*GET,XV,NODE,1960,LOC,X
*GET,YV,NODE,1960,LOC,Y
*GET,UXV,NODE,1960,U,X
*GET,UYV,NODE,1960,U,Y
*VWRITE,NIDV,XV,YV,UXV,UYV
(5(E24.16,','))
NIDV=1961
*GET,XV,NODE,1961,LOC,X
*GET,YV,NODE,1961,LOC,Y
*GET,UXV,NODE,1961,U,X
*GET,UYV,NODE,1961,U,Y
*VWRITE,NIDV,XV,YV,UXV,UYV
(5(E24.16,','))
NIDV=1962
*GET,XV,NODE,1962,LOC,X
*GET,YV,NODE,1962,LOC,Y
*GET,UXV,NODE,1962,U,X
*GET,UYV,NODE,1962,U,Y
*VWRITE,NIDV,XV,YV,UXV,UYV
(5(E24.16,','))
NIDV=1963
*GET,XV,NODE,1963,LOC,X
*GET,YV,NODE,1963,LOC,Y
*GET,UXV,NODE,1963,U,X
*GET,UYV,NODE,1963,U,Y
*VWRITE,NIDV,XV,YV,UXV,UYV
(5(E24.16,','))
NIDV=1964
*GET,XV,NODE,1964,LOC,X
*GET,YV,NODE,1964,LOC,Y
*GET,UXV,NODE,1964,U,X
*GET,UYV,NODE,1964,U,Y
*VWRITE,NIDV,XV,YV,UXV,UYV
(5(E24.16,','))
NIDV=1965
*GET,XV,NODE,1965,LOC,X
*GET,YV,NODE,1965,LOC,Y
*GET,UXV,NODE,1965,U,X
*GET,UYV,NODE,1965,U,Y
*VWRITE,NIDV,XV,YV,UXV,UYV
(5(E24.16,','))
NIDV=1966
*GET,XV,NODE,1966,LOC,X
*GET,YV,NODE,1966,LOC,Y
*GET,UXV,NODE,1966,U,X
*GET,UYV,NODE,1966,U,Y
*VWRITE,NIDV,XV,YV,UXV,UYV
(5(E24.16,','))
NIDV=1967
*GET,XV,NODE,1967,LOC,X
*GET,YV,NODE,1967,LOC,Y
*GET,UXV,NODE,1967,U,X
*GET,UYV,NODE,1967,U,Y
*VWRITE,NIDV,XV,YV,UXV,UYV
(5(E24.16,','))
NIDV=1968
*GET,XV,NODE,1968,LOC,X
*GET,YV,NODE,1968,LOC,Y
*GET,UXV,NODE,1968,U,X
*GET,UYV,NODE,1968,U,Y
*VWRITE,NIDV,XV,YV,UXV,UYV
(5(E24.16,','))
NIDV=1969
*GET,XV,NODE,1969,LOC,X
*GET,YV,NODE,1969,LOC,Y
*GET,UXV,NODE,1969,U,X
*GET,UYV,NODE,1969,U,Y
*VWRITE,NIDV,XV,YV,UXV,UYV
(5(E24.16,','))
NIDV=1970
*GET,XV,NODE,1970,LOC,X
*GET,YV,NODE,1970,LOC,Y
*GET,UXV,NODE,1970,U,X
*GET,UYV,NODE,1970,U,Y
*VWRITE,NIDV,XV,YV,UXV,UYV
(5(E24.16,','))
NIDV=1971
*GET,XV,NODE,1971,LOC,X
*GET,YV,NODE,1971,LOC,Y
*GET,UXV,NODE,1971,U,X
*GET,UYV,NODE,1971,U,Y
*VWRITE,NIDV,XV,YV,UXV,UYV
(5(E24.16,','))
NIDV=1972
*GET,XV,NODE,1972,LOC,X
*GET,YV,NODE,1972,LOC,Y
*GET,UXV,NODE,1972,U,X
*GET,UYV,NODE,1972,U,Y
*VWRITE,NIDV,XV,YV,UXV,UYV
(5(E24.16,','))
NIDV=1973
*GET,XV,NODE,1973,LOC,X
*GET,YV,NODE,1973,LOC,Y
*GET,UXV,NODE,1973,U,X
*GET,UYV,NODE,1973,U,Y
*VWRITE,NIDV,XV,YV,UXV,UYV
(5(E24.16,','))
NIDV=1974
*GET,XV,NODE,1974,LOC,X
*GET,YV,NODE,1974,LOC,Y
*GET,UXV,NODE,1974,U,X
*GET,UYV,NODE,1974,U,Y
*VWRITE,NIDV,XV,YV,UXV,UYV
(5(E24.16,','))
NIDV=1975
*GET,XV,NODE,1975,LOC,X
*GET,YV,NODE,1975,LOC,Y
*GET,UXV,NODE,1975,U,X
*GET,UYV,NODE,1975,U,Y
*VWRITE,NIDV,XV,YV,UXV,UYV
(5(E24.16,','))
NIDV=1976
*GET,XV,NODE,1976,LOC,X
*GET,YV,NODE,1976,LOC,Y
*GET,UXV,NODE,1976,U,X
*GET,UYV,NODE,1976,U,Y
*VWRITE,NIDV,XV,YV,UXV,UYV
(5(E24.16,','))
NIDV=1977
*GET,XV,NODE,1977,LOC,X
*GET,YV,NODE,1977,LOC,Y
*GET,UXV,NODE,1977,U,X
*GET,UYV,NODE,1977,U,Y
*VWRITE,NIDV,XV,YV,UXV,UYV
(5(E24.16,','))
NIDV=1978
*GET,XV,NODE,1978,LOC,X
*GET,YV,NODE,1978,LOC,Y
*GET,UXV,NODE,1978,U,X
*GET,UYV,NODE,1978,U,Y
*VWRITE,NIDV,XV,YV,UXV,UYV
(5(E24.16,','))
NIDV=1979
*GET,XV,NODE,1979,LOC,X
*GET,YV,NODE,1979,LOC,Y
*GET,UXV,NODE,1979,U,X
*GET,UYV,NODE,1979,U,Y
*VWRITE,NIDV,XV,YV,UXV,UYV
(5(E24.16,','))
NIDV=1980
*GET,XV,NODE,1980,LOC,X
*GET,YV,NODE,1980,LOC,Y
*GET,UXV,NODE,1980,U,X
*GET,UYV,NODE,1980,U,Y
*VWRITE,NIDV,XV,YV,UXV,UYV
(5(E24.16,','))
NIDV=1981
*GET,XV,NODE,1981,LOC,X
*GET,YV,NODE,1981,LOC,Y
*GET,UXV,NODE,1981,U,X
*GET,UYV,NODE,1981,U,Y
*VWRITE,NIDV,XV,YV,UXV,UYV
(5(E24.16,','))
NIDV=1982
*GET,XV,NODE,1982,LOC,X
*GET,YV,NODE,1982,LOC,Y
*GET,UXV,NODE,1982,U,X
*GET,UYV,NODE,1982,U,Y
*VWRITE,NIDV,XV,YV,UXV,UYV
(5(E24.16,','))
NIDV=1983
*GET,XV,NODE,1983,LOC,X
*GET,YV,NODE,1983,LOC,Y
*GET,UXV,NODE,1983,U,X
*GET,UYV,NODE,1983,U,Y
*VWRITE,NIDV,XV,YV,UXV,UYV
(5(E24.16,','))
NIDV=1984
*GET,XV,NODE,1984,LOC,X
*GET,YV,NODE,1984,LOC,Y
*GET,UXV,NODE,1984,U,X
*GET,UYV,NODE,1984,U,Y
*VWRITE,NIDV,XV,YV,UXV,UYV
(5(E24.16,','))
NIDV=1985
*GET,XV,NODE,1985,LOC,X
*GET,YV,NODE,1985,LOC,Y
*GET,UXV,NODE,1985,U,X
*GET,UYV,NODE,1985,U,Y
*VWRITE,NIDV,XV,YV,UXV,UYV
(5(E24.16,','))
NIDV=1986
*GET,XV,NODE,1986,LOC,X
*GET,YV,NODE,1986,LOC,Y
*GET,UXV,NODE,1986,U,X
*GET,UYV,NODE,1986,U,Y
*VWRITE,NIDV,XV,YV,UXV,UYV
(5(E24.16,','))
NIDV=1987
*GET,XV,NODE,1987,LOC,X
*GET,YV,NODE,1987,LOC,Y
*GET,UXV,NODE,1987,U,X
*GET,UYV,NODE,1987,U,Y
*VWRITE,NIDV,XV,YV,UXV,UYV
(5(E24.16,','))
NIDV=1988
*GET,XV,NODE,1988,LOC,X
*GET,YV,NODE,1988,LOC,Y
*GET,UXV,NODE,1988,U,X
*GET,UYV,NODE,1988,U,Y
*VWRITE,NIDV,XV,YV,UXV,UYV
(5(E24.16,','))
NIDV=1989
*GET,XV,NODE,1989,LOC,X
*GET,YV,NODE,1989,LOC,Y
*GET,UXV,NODE,1989,U,X
*GET,UYV,NODE,1989,U,Y
*VWRITE,NIDV,XV,YV,UXV,UYV
(5(E24.16,','))
NIDV=1990
*GET,XV,NODE,1990,LOC,X
*GET,YV,NODE,1990,LOC,Y
*GET,UXV,NODE,1990,U,X
*GET,UYV,NODE,1990,U,Y
*VWRITE,NIDV,XV,YV,UXV,UYV
(5(E24.16,','))
NIDV=1991
*GET,XV,NODE,1991,LOC,X
*GET,YV,NODE,1991,LOC,Y
*GET,UXV,NODE,1991,U,X
*GET,UYV,NODE,1991,U,Y
*VWRITE,NIDV,XV,YV,UXV,UYV
(5(E24.16,','))
NIDV=1992
*GET,XV,NODE,1992,LOC,X
*GET,YV,NODE,1992,LOC,Y
*GET,UXV,NODE,1992,U,X
*GET,UYV,NODE,1992,U,Y
*VWRITE,NIDV,XV,YV,UXV,UYV
(5(E24.16,','))
NIDV=1993
*GET,XV,NODE,1993,LOC,X
*GET,YV,NODE,1993,LOC,Y
*GET,UXV,NODE,1993,U,X
*GET,UYV,NODE,1993,U,Y
*VWRITE,NIDV,XV,YV,UXV,UYV
(5(E24.16,','))
NIDV=1994
*GET,XV,NODE,1994,LOC,X
*GET,YV,NODE,1994,LOC,Y
*GET,UXV,NODE,1994,U,X
*GET,UYV,NODE,1994,U,Y
*VWRITE,NIDV,XV,YV,UXV,UYV
(5(E24.16,','))
NIDV=1995
*GET,XV,NODE,1995,LOC,X
*GET,YV,NODE,1995,LOC,Y
*GET,UXV,NODE,1995,U,X
*GET,UYV,NODE,1995,U,Y
*VWRITE,NIDV,XV,YV,UXV,UYV
(5(E24.16,','))
NIDV=1996
*GET,XV,NODE,1996,LOC,X
*GET,YV,NODE,1996,LOC,Y
*GET,UXV,NODE,1996,U,X
*GET,UYV,NODE,1996,U,Y
*VWRITE,NIDV,XV,YV,UXV,UYV
(5(E24.16,','))
NIDV=1997
*GET,XV,NODE,1997,LOC,X
*GET,YV,NODE,1997,LOC,Y
*GET,UXV,NODE,1997,U,X
*GET,UYV,NODE,1997,U,Y
*VWRITE,NIDV,XV,YV,UXV,UYV
(5(E24.16,','))
NIDV=1998
*GET,XV,NODE,1998,LOC,X
*GET,YV,NODE,1998,LOC,Y
*GET,UXV,NODE,1998,U,X
*GET,UYV,NODE,1998,U,Y
*VWRITE,NIDV,XV,YV,UXV,UYV
(5(E24.16,','))
NIDV=1999
*GET,XV,NODE,1999,LOC,X
*GET,YV,NODE,1999,LOC,Y
*GET,UXV,NODE,1999,U,X
*GET,UYV,NODE,1999,U,Y
*VWRITE,NIDV,XV,YV,UXV,UYV
(5(E24.16,','))
NIDV=2000
*GET,XV,NODE,2000,LOC,X
*GET,YV,NODE,2000,LOC,Y
*GET,UXV,NODE,2000,U,X
*GET,UYV,NODE,2000,U,Y
*VWRITE,NIDV,XV,YV,UXV,UYV
(5(E24.16,','))
NIDV=2001
*GET,XV,NODE,2001,LOC,X
*GET,YV,NODE,2001,LOC,Y
*GET,UXV,NODE,2001,U,X
*GET,UYV,NODE,2001,U,Y
*VWRITE,NIDV,XV,YV,UXV,UYV
(5(E24.16,','))
NIDV=2002
*GET,XV,NODE,2002,LOC,X
*GET,YV,NODE,2002,LOC,Y
*GET,UXV,NODE,2002,U,X
*GET,UYV,NODE,2002,U,Y
*VWRITE,NIDV,XV,YV,UXV,UYV
(5(E24.16,','))
NIDV=2003
*GET,XV,NODE,2003,LOC,X
*GET,YV,NODE,2003,LOC,Y
*GET,UXV,NODE,2003,U,X
*GET,UYV,NODE,2003,U,Y
*VWRITE,NIDV,XV,YV,UXV,UYV
(5(E24.16,','))
NIDV=2004
*GET,XV,NODE,2004,LOC,X
*GET,YV,NODE,2004,LOC,Y
*GET,UXV,NODE,2004,U,X
*GET,UYV,NODE,2004,U,Y
*VWRITE,NIDV,XV,YV,UXV,UYV
(5(E24.16,','))
NIDV=2005
*GET,XV,NODE,2005,LOC,X
*GET,YV,NODE,2005,LOC,Y
*GET,UXV,NODE,2005,U,X
*GET,UYV,NODE,2005,U,Y
*VWRITE,NIDV,XV,YV,UXV,UYV
(5(E24.16,','))
NIDV=2006
*GET,XV,NODE,2006,LOC,X
*GET,YV,NODE,2006,LOC,Y
*GET,UXV,NODE,2006,U,X
*GET,UYV,NODE,2006,U,Y
*VWRITE,NIDV,XV,YV,UXV,UYV
(5(E24.16,','))
NIDV=2007
*GET,XV,NODE,2007,LOC,X
*GET,YV,NODE,2007,LOC,Y
*GET,UXV,NODE,2007,U,X
*GET,UYV,NODE,2007,U,Y
*VWRITE,NIDV,XV,YV,UXV,UYV
(5(E24.16,','))
NIDV=2008
*GET,XV,NODE,2008,LOC,X
*GET,YV,NODE,2008,LOC,Y
*GET,UXV,NODE,2008,U,X
*GET,UYV,NODE,2008,U,Y
*VWRITE,NIDV,XV,YV,UXV,UYV
(5(E24.16,','))
NIDV=2009
*GET,XV,NODE,2009,LOC,X
*GET,YV,NODE,2009,LOC,Y
*GET,UXV,NODE,2009,U,X
*GET,UYV,NODE,2009,U,Y
*VWRITE,NIDV,XV,YV,UXV,UYV
(5(E24.16,','))
NIDV=2010
*GET,XV,NODE,2010,LOC,X
*GET,YV,NODE,2010,LOC,Y
*GET,UXV,NODE,2010,U,X
*GET,UYV,NODE,2010,U,Y
*VWRITE,NIDV,XV,YV,UXV,UYV
(5(E24.16,','))
NIDV=2011
*GET,XV,NODE,2011,LOC,X
*GET,YV,NODE,2011,LOC,Y
*GET,UXV,NODE,2011,U,X
*GET,UYV,NODE,2011,U,Y
*VWRITE,NIDV,XV,YV,UXV,UYV
(5(E24.16,','))
NIDV=2012
*GET,XV,NODE,2012,LOC,X
*GET,YV,NODE,2012,LOC,Y
*GET,UXV,NODE,2012,U,X
*GET,UYV,NODE,2012,U,Y
*VWRITE,NIDV,XV,YV,UXV,UYV
(5(E24.16,','))
NIDV=2013
*GET,XV,NODE,2013,LOC,X
*GET,YV,NODE,2013,LOC,Y
*GET,UXV,NODE,2013,U,X
*GET,UYV,NODE,2013,U,Y
*VWRITE,NIDV,XV,YV,UXV,UYV
(5(E24.16,','))
NIDV=2014
*GET,XV,NODE,2014,LOC,X
*GET,YV,NODE,2014,LOC,Y
*GET,UXV,NODE,2014,U,X
*GET,UYV,NODE,2014,U,Y
*VWRITE,NIDV,XV,YV,UXV,UYV
(5(E24.16,','))
NIDV=2015
*GET,XV,NODE,2015,LOC,X
*GET,YV,NODE,2015,LOC,Y
*GET,UXV,NODE,2015,U,X
*GET,UYV,NODE,2015,U,Y
*VWRITE,NIDV,XV,YV,UXV,UYV
(5(E24.16,','))
NIDV=2016
*GET,XV,NODE,2016,LOC,X
*GET,YV,NODE,2016,LOC,Y
*GET,UXV,NODE,2016,U,X
*GET,UYV,NODE,2016,U,Y
*VWRITE,NIDV,XV,YV,UXV,UYV
(5(E24.16,','))
NIDV=2017
*GET,XV,NODE,2017,LOC,X
*GET,YV,NODE,2017,LOC,Y
*GET,UXV,NODE,2017,U,X
*GET,UYV,NODE,2017,U,Y
*VWRITE,NIDV,XV,YV,UXV,UYV
(5(E24.16,','))
NIDV=2018
*GET,XV,NODE,2018,LOC,X
*GET,YV,NODE,2018,LOC,Y
*GET,UXV,NODE,2018,U,X
*GET,UYV,NODE,2018,U,Y
*VWRITE,NIDV,XV,YV,UXV,UYV
(5(E24.16,','))
NIDV=2019
*GET,XV,NODE,2019,LOC,X
*GET,YV,NODE,2019,LOC,Y
*GET,UXV,NODE,2019,U,X
*GET,UYV,NODE,2019,U,Y
*VWRITE,NIDV,XV,YV,UXV,UYV
(5(E24.16,','))
NIDV=2020
*GET,XV,NODE,2020,LOC,X
*GET,YV,NODE,2020,LOC,Y
*GET,UXV,NODE,2020,U,X
*GET,UYV,NODE,2020,U,Y
*VWRITE,NIDV,XV,YV,UXV,UYV
(5(E24.16,','))
NIDV=2021
*GET,XV,NODE,2021,LOC,X
*GET,YV,NODE,2021,LOC,Y
*GET,UXV,NODE,2021,U,X
*GET,UYV,NODE,2021,U,Y
*VWRITE,NIDV,XV,YV,UXV,UYV
(5(E24.16,','))
NIDV=2022
*GET,XV,NODE,2022,LOC,X
*GET,YV,NODE,2022,LOC,Y
*GET,UXV,NODE,2022,U,X
*GET,UYV,NODE,2022,U,Y
*VWRITE,NIDV,XV,YV,UXV,UYV
(5(E24.16,','))
NIDV=2023
*GET,XV,NODE,2023,LOC,X
*GET,YV,NODE,2023,LOC,Y
*GET,UXV,NODE,2023,U,X
*GET,UYV,NODE,2023,U,Y
*VWRITE,NIDV,XV,YV,UXV,UYV
(5(E24.16,','))
NIDV=2024
*GET,XV,NODE,2024,LOC,X
*GET,YV,NODE,2024,LOC,Y
*GET,UXV,NODE,2024,U,X
*GET,UYV,NODE,2024,U,Y
*VWRITE,NIDV,XV,YV,UXV,UYV
(5(E24.16,','))
NIDV=2025
*GET,XV,NODE,2025,LOC,X
*GET,YV,NODE,2025,LOC,Y
*GET,UXV,NODE,2025,U,X
*GET,UYV,NODE,2025,U,Y
*VWRITE,NIDV,XV,YV,UXV,UYV
(5(E24.16,','))
NIDV=2026
*GET,XV,NODE,2026,LOC,X
*GET,YV,NODE,2026,LOC,Y
*GET,UXV,NODE,2026,U,X
*GET,UYV,NODE,2026,U,Y
*VWRITE,NIDV,XV,YV,UXV,UYV
(5(E24.16,','))
NIDV=2027
*GET,XV,NODE,2027,LOC,X
*GET,YV,NODE,2027,LOC,Y
*GET,UXV,NODE,2027,U,X
*GET,UYV,NODE,2027,U,Y
*VWRITE,NIDV,XV,YV,UXV,UYV
(5(E24.16,','))
NIDV=2028
*GET,XV,NODE,2028,LOC,X
*GET,YV,NODE,2028,LOC,Y
*GET,UXV,NODE,2028,U,X
*GET,UYV,NODE,2028,U,Y
*VWRITE,NIDV,XV,YV,UXV,UYV
(5(E24.16,','))
NIDV=2029
*GET,XV,NODE,2029,LOC,X
*GET,YV,NODE,2029,LOC,Y
*GET,UXV,NODE,2029,U,X
*GET,UYV,NODE,2029,U,Y
*VWRITE,NIDV,XV,YV,UXV,UYV
(5(E24.16,','))
NIDV=2030
*GET,XV,NODE,2030,LOC,X
*GET,YV,NODE,2030,LOC,Y
*GET,UXV,NODE,2030,U,X
*GET,UYV,NODE,2030,U,Y
*VWRITE,NIDV,XV,YV,UXV,UYV
(5(E24.16,','))
NIDV=2031
*GET,XV,NODE,2031,LOC,X
*GET,YV,NODE,2031,LOC,Y
*GET,UXV,NODE,2031,U,X
*GET,UYV,NODE,2031,U,Y
*VWRITE,NIDV,XV,YV,UXV,UYV
(5(E24.16,','))
NIDV=2032
*GET,XV,NODE,2032,LOC,X
*GET,YV,NODE,2032,LOC,Y
*GET,UXV,NODE,2032,U,X
*GET,UYV,NODE,2032,U,Y
*VWRITE,NIDV,XV,YV,UXV,UYV
(5(E24.16,','))
NIDV=2033
*GET,XV,NODE,2033,LOC,X
*GET,YV,NODE,2033,LOC,Y
*GET,UXV,NODE,2033,U,X
*GET,UYV,NODE,2033,U,Y
*VWRITE,NIDV,XV,YV,UXV,UYV
(5(E24.16,','))
NIDV=2034
*GET,XV,NODE,2034,LOC,X
*GET,YV,NODE,2034,LOC,Y
*GET,UXV,NODE,2034,U,X
*GET,UYV,NODE,2034,U,Y
*VWRITE,NIDV,XV,YV,UXV,UYV
(5(E24.16,','))
NIDV=2035
*GET,XV,NODE,2035,LOC,X
*GET,YV,NODE,2035,LOC,Y
*GET,UXV,NODE,2035,U,X
*GET,UYV,NODE,2035,U,Y
*VWRITE,NIDV,XV,YV,UXV,UYV
(5(E24.16,','))
NIDV=2036
*GET,XV,NODE,2036,LOC,X
*GET,YV,NODE,2036,LOC,Y
*GET,UXV,NODE,2036,U,X
*GET,UYV,NODE,2036,U,Y
*VWRITE,NIDV,XV,YV,UXV,UYV
(5(E24.16,','))
NIDV=2037
*GET,XV,NODE,2037,LOC,X
*GET,YV,NODE,2037,LOC,Y
*GET,UXV,NODE,2037,U,X
*GET,UYV,NODE,2037,U,Y
*VWRITE,NIDV,XV,YV,UXV,UYV
(5(E24.16,','))
NIDV=2038
*GET,XV,NODE,2038,LOC,X
*GET,YV,NODE,2038,LOC,Y
*GET,UXV,NODE,2038,U,X
*GET,UYV,NODE,2038,U,Y
*VWRITE,NIDV,XV,YV,UXV,UYV
(5(E24.16,','))
NIDV=2039
*GET,XV,NODE,2039,LOC,X
*GET,YV,NODE,2039,LOC,Y
*GET,UXV,NODE,2039,U,X
*GET,UYV,NODE,2039,U,Y
*VWRITE,NIDV,XV,YV,UXV,UYV
(5(E24.16,','))
NIDV=2040
*GET,XV,NODE,2040,LOC,X
*GET,YV,NODE,2040,LOC,Y
*GET,UXV,NODE,2040,U,X
*GET,UYV,NODE,2040,U,Y
*VWRITE,NIDV,XV,YV,UXV,UYV
(5(E24.16,','))
NIDV=2041
*GET,XV,NODE,2041,LOC,X
*GET,YV,NODE,2041,LOC,Y
*GET,UXV,NODE,2041,U,X
*GET,UYV,NODE,2041,U,Y
*VWRITE,NIDV,XV,YV,UXV,UYV
(5(E24.16,','))
NIDV=2042
*GET,XV,NODE,2042,LOC,X
*GET,YV,NODE,2042,LOC,Y
*GET,UXV,NODE,2042,U,X
*GET,UYV,NODE,2042,U,Y
*VWRITE,NIDV,XV,YV,UXV,UYV
(5(E24.16,','))
NIDV=2043
*GET,XV,NODE,2043,LOC,X
*GET,YV,NODE,2043,LOC,Y
*GET,UXV,NODE,2043,U,X
*GET,UYV,NODE,2043,U,Y
*VWRITE,NIDV,XV,YV,UXV,UYV
(5(E24.16,','))
NIDV=2044
*GET,XV,NODE,2044,LOC,X
*GET,YV,NODE,2044,LOC,Y
*GET,UXV,NODE,2044,U,X
*GET,UYV,NODE,2044,U,Y
*VWRITE,NIDV,XV,YV,UXV,UYV
(5(E24.16,','))
NIDV=2045
*GET,XV,NODE,2045,LOC,X
*GET,YV,NODE,2045,LOC,Y
*GET,UXV,NODE,2045,U,X
*GET,UYV,NODE,2045,U,Y
*VWRITE,NIDV,XV,YV,UXV,UYV
(5(E24.16,','))
NIDV=2046
*GET,XV,NODE,2046,LOC,X
*GET,YV,NODE,2046,LOC,Y
*GET,UXV,NODE,2046,U,X
*GET,UYV,NODE,2046,U,Y
*VWRITE,NIDV,XV,YV,UXV,UYV
(5(E24.16,','))
NIDV=2047
*GET,XV,NODE,2047,LOC,X
*GET,YV,NODE,2047,LOC,Y
*GET,UXV,NODE,2047,U,X
*GET,UYV,NODE,2047,U,Y
*VWRITE,NIDV,XV,YV,UXV,UYV
(5(E24.16,','))
NIDV=2048
*GET,XV,NODE,2048,LOC,X
*GET,YV,NODE,2048,LOC,Y
*GET,UXV,NODE,2048,U,X
*GET,UYV,NODE,2048,U,Y
*VWRITE,NIDV,XV,YV,UXV,UYV
(5(E24.16,','))
NIDV=2049
*GET,XV,NODE,2049,LOC,X
*GET,YV,NODE,2049,LOC,Y
*GET,UXV,NODE,2049,U,X
*GET,UYV,NODE,2049,U,Y
*VWRITE,NIDV,XV,YV,UXV,UYV
(5(E24.16,','))
NIDV=2050
*GET,XV,NODE,2050,LOC,X
*GET,YV,NODE,2050,LOC,Y
*GET,UXV,NODE,2050,U,X
*GET,UYV,NODE,2050,U,Y
*VWRITE,NIDV,XV,YV,UXV,UYV
(5(E24.16,','))
NIDV=2051
*GET,XV,NODE,2051,LOC,X
*GET,YV,NODE,2051,LOC,Y
*GET,UXV,NODE,2051,U,X
*GET,UYV,NODE,2051,U,Y
*VWRITE,NIDV,XV,YV,UXV,UYV
(5(E24.16,','))
NIDV=2052
*GET,XV,NODE,2052,LOC,X
*GET,YV,NODE,2052,LOC,Y
*GET,UXV,NODE,2052,U,X
*GET,UYV,NODE,2052,U,Y
*VWRITE,NIDV,XV,YV,UXV,UYV
(5(E24.16,','))
NIDV=2053
*GET,XV,NODE,2053,LOC,X
*GET,YV,NODE,2053,LOC,Y
*GET,UXV,NODE,2053,U,X
*GET,UYV,NODE,2053,U,Y
*VWRITE,NIDV,XV,YV,UXV,UYV
(5(E24.16,','))
NIDV=2054
*GET,XV,NODE,2054,LOC,X
*GET,YV,NODE,2054,LOC,Y
*GET,UXV,NODE,2054,U,X
*GET,UYV,NODE,2054,U,Y
*VWRITE,NIDV,XV,YV,UXV,UYV
(5(E24.16,','))
NIDV=2055
*GET,XV,NODE,2055,LOC,X
*GET,YV,NODE,2055,LOC,Y
*GET,UXV,NODE,2055,U,X
*GET,UYV,NODE,2055,U,Y
*VWRITE,NIDV,XV,YV,UXV,UYV
(5(E24.16,','))
NIDV=2056
*GET,XV,NODE,2056,LOC,X
*GET,YV,NODE,2056,LOC,Y
*GET,UXV,NODE,2056,U,X
*GET,UYV,NODE,2056,U,Y
*VWRITE,NIDV,XV,YV,UXV,UYV
(5(E24.16,','))
NIDV=2057
*GET,XV,NODE,2057,LOC,X
*GET,YV,NODE,2057,LOC,Y
*GET,UXV,NODE,2057,U,X
*GET,UYV,NODE,2057,U,Y
*VWRITE,NIDV,XV,YV,UXV,UYV
(5(E24.16,','))
*CFCLOS
*CFOPEN,element_stress,csv
EIDV=1
*GET,XV,ELEM,1,CENT,X
*GET,YV,ELEM,1,CENT,Y
*GET,SV,ELEM,1,ETAB,SEQV
*VWRITE,EIDV,XV,YV,SV
(4(E24.16,','))
EIDV=2
*GET,XV,ELEM,2,CENT,X
*GET,YV,ELEM,2,CENT,Y
*GET,SV,ELEM,2,ETAB,SEQV
*VWRITE,EIDV,XV,YV,SV
(4(E24.16,','))
EIDV=3
*GET,XV,ELEM,3,CENT,X
*GET,YV,ELEM,3,CENT,Y
*GET,SV,ELEM,3,ETAB,SEQV
*VWRITE,EIDV,XV,YV,SV
(4(E24.16,','))
EIDV=4
*GET,XV,ELEM,4,CENT,X
*GET,YV,ELEM,4,CENT,Y
*GET,SV,ELEM,4,ETAB,SEQV
*VWRITE,EIDV,XV,YV,SV
(4(E24.16,','))
EIDV=5
*GET,XV,ELEM,5,CENT,X
*GET,YV,ELEM,5,CENT,Y
*GET,SV,ELEM,5,ETAB,SEQV
*VWRITE,EIDV,XV,YV,SV
(4(E24.16,','))
EIDV=6
*GET,XV,ELEM,6,CENT,X
*GET,YV,ELEM,6,CENT,Y
*GET,SV,ELEM,6,ETAB,SEQV
*VWRITE,EIDV,XV,YV,SV
(4(E24.16,','))
EIDV=7
*GET,XV,ELEM,7,CENT,X
*GET,YV,ELEM,7,CENT,Y
*GET,SV,ELEM,7,ETAB,SEQV
*VWRITE,EIDV,XV,YV,SV
(4(E24.16,','))
EIDV=8
*GET,XV,ELEM,8,CENT,X
*GET,YV,ELEM,8,CENT,Y
*GET,SV,ELEM,8,ETAB,SEQV
*VWRITE,EIDV,XV,YV,SV
(4(E24.16,','))
EIDV=9
*GET,XV,ELEM,9,CENT,X
*GET,YV,ELEM,9,CENT,Y
*GET,SV,ELEM,9,ETAB,SEQV
*VWRITE,EIDV,XV,YV,SV
(4(E24.16,','))
EIDV=10
*GET,XV,ELEM,10,CENT,X
*GET,YV,ELEM,10,CENT,Y
*GET,SV,ELEM,10,ETAB,SEQV
*VWRITE,EIDV,XV,YV,SV
(4(E24.16,','))
EIDV=11
*GET,XV,ELEM,11,CENT,X
*GET,YV,ELEM,11,CENT,Y
*GET,SV,ELEM,11,ETAB,SEQV
*VWRITE,EIDV,XV,YV,SV
(4(E24.16,','))
EIDV=12
*GET,XV,ELEM,12,CENT,X
*GET,YV,ELEM,12,CENT,Y
*GET,SV,ELEM,12,ETAB,SEQV
*VWRITE,EIDV,XV,YV,SV
(4(E24.16,','))
EIDV=13
*GET,XV,ELEM,13,CENT,X
*GET,YV,ELEM,13,CENT,Y
*GET,SV,ELEM,13,ETAB,SEQV
*VWRITE,EIDV,XV,YV,SV
(4(E24.16,','))
EIDV=14
*GET,XV,ELEM,14,CENT,X
*GET,YV,ELEM,14,CENT,Y
*GET,SV,ELEM,14,ETAB,SEQV
*VWRITE,EIDV,XV,YV,SV
(4(E24.16,','))
EIDV=15
*GET,XV,ELEM,15,CENT,X
*GET,YV,ELEM,15,CENT,Y
*GET,SV,ELEM,15,ETAB,SEQV
*VWRITE,EIDV,XV,YV,SV
(4(E24.16,','))
EIDV=16
*GET,XV,ELEM,16,CENT,X
*GET,YV,ELEM,16,CENT,Y
*GET,SV,ELEM,16,ETAB,SEQV
*VWRITE,EIDV,XV,YV,SV
(4(E24.16,','))
EIDV=17
*GET,XV,ELEM,17,CENT,X
*GET,YV,ELEM,17,CENT,Y
*GET,SV,ELEM,17,ETAB,SEQV
*VWRITE,EIDV,XV,YV,SV
(4(E24.16,','))
EIDV=18
*GET,XV,ELEM,18,CENT,X
*GET,YV,ELEM,18,CENT,Y
*GET,SV,ELEM,18,ETAB,SEQV
*VWRITE,EIDV,XV,YV,SV
(4(E24.16,','))
EIDV=19
*GET,XV,ELEM,19,CENT,X
*GET,YV,ELEM,19,CENT,Y
*GET,SV,ELEM,19,ETAB,SEQV
*VWRITE,EIDV,XV,YV,SV
(4(E24.16,','))
EIDV=20
*GET,XV,ELEM,20,CENT,X
*GET,YV,ELEM,20,CENT,Y
*GET,SV,ELEM,20,ETAB,SEQV
*VWRITE,EIDV,XV,YV,SV
(4(E24.16,','))
EIDV=21
*GET,XV,ELEM,21,CENT,X
*GET,YV,ELEM,21,CENT,Y
*GET,SV,ELEM,21,ETAB,SEQV
*VWRITE,EIDV,XV,YV,SV
(4(E24.16,','))
EIDV=22
*GET,XV,ELEM,22,CENT,X
*GET,YV,ELEM,22,CENT,Y
*GET,SV,ELEM,22,ETAB,SEQV
*VWRITE,EIDV,XV,YV,SV
(4(E24.16,','))
EIDV=23
*GET,XV,ELEM,23,CENT,X
*GET,YV,ELEM,23,CENT,Y
*GET,SV,ELEM,23,ETAB,SEQV
*VWRITE,EIDV,XV,YV,SV
(4(E24.16,','))
EIDV=24
*GET,XV,ELEM,24,CENT,X
*GET,YV,ELEM,24,CENT,Y
*GET,SV,ELEM,24,ETAB,SEQV
*VWRITE,EIDV,XV,YV,SV
(4(E24.16,','))
EIDV=25
*GET,XV,ELEM,25,CENT,X
*GET,YV,ELEM,25,CENT,Y
*GET,SV,ELEM,25,ETAB,SEQV
*VWRITE,EIDV,XV,YV,SV
(4(E24.16,','))
EIDV=26
*GET,XV,ELEM,26,CENT,X
*GET,YV,ELEM,26,CENT,Y
*GET,SV,ELEM,26,ETAB,SEQV
*VWRITE,EIDV,XV,YV,SV
(4(E24.16,','))
EIDV=27
*GET,XV,ELEM,27,CENT,X
*GET,YV,ELEM,27,CENT,Y
*GET,SV,ELEM,27,ETAB,SEQV
*VWRITE,EIDV,XV,YV,SV
(4(E24.16,','))
EIDV=28
*GET,XV,ELEM,28,CENT,X
*GET,YV,ELEM,28,CENT,Y
*GET,SV,ELEM,28,ETAB,SEQV
*VWRITE,EIDV,XV,YV,SV
(4(E24.16,','))
EIDV=29
*GET,XV,ELEM,29,CENT,X
*GET,YV,ELEM,29,CENT,Y
*GET,SV,ELEM,29,ETAB,SEQV
*VWRITE,EIDV,XV,YV,SV
(4(E24.16,','))
EIDV=30
*GET,XV,ELEM,30,CENT,X
*GET,YV,ELEM,30,CENT,Y
*GET,SV,ELEM,30,ETAB,SEQV
*VWRITE,EIDV,XV,YV,SV
(4(E24.16,','))
EIDV=31
*GET,XV,ELEM,31,CENT,X
*GET,YV,ELEM,31,CENT,Y
*GET,SV,ELEM,31,ETAB,SEQV
*VWRITE,EIDV,XV,YV,SV
(4(E24.16,','))
EIDV=32
*GET,XV,ELEM,32,CENT,X
*GET,YV,ELEM,32,CENT,Y
*GET,SV,ELEM,32,ETAB,SEQV
*VWRITE,EIDV,XV,YV,SV
(4(E24.16,','))
EIDV=33
*GET,XV,ELEM,33,CENT,X
*GET,YV,ELEM,33,CENT,Y
*GET,SV,ELEM,33,ETAB,SEQV
*VWRITE,EIDV,XV,YV,SV
(4(E24.16,','))
EIDV=34
*GET,XV,ELEM,34,CENT,X
*GET,YV,ELEM,34,CENT,Y
*GET,SV,ELEM,34,ETAB,SEQV
*VWRITE,EIDV,XV,YV,SV
(4(E24.16,','))
EIDV=35
*GET,XV,ELEM,35,CENT,X
*GET,YV,ELEM,35,CENT,Y
*GET,SV,ELEM,35,ETAB,SEQV
*VWRITE,EIDV,XV,YV,SV
(4(E24.16,','))
EIDV=36
*GET,XV,ELEM,36,CENT,X
*GET,YV,ELEM,36,CENT,Y
*GET,SV,ELEM,36,ETAB,SEQV
*VWRITE,EIDV,XV,YV,SV
(4(E24.16,','))
EIDV=37
*GET,XV,ELEM,37,CENT,X
*GET,YV,ELEM,37,CENT,Y
*GET,SV,ELEM,37,ETAB,SEQV
*VWRITE,EIDV,XV,YV,SV
(4(E24.16,','))
EIDV=38
*GET,XV,ELEM,38,CENT,X
*GET,YV,ELEM,38,CENT,Y
*GET,SV,ELEM,38,ETAB,SEQV
*VWRITE,EIDV,XV,YV,SV
(4(E24.16,','))
EIDV=39
*GET,XV,ELEM,39,CENT,X
*GET,YV,ELEM,39,CENT,Y
*GET,SV,ELEM,39,ETAB,SEQV
*VWRITE,EIDV,XV,YV,SV
(4(E24.16,','))
EIDV=40
*GET,XV,ELEM,40,CENT,X
*GET,YV,ELEM,40,CENT,Y
*GET,SV,ELEM,40,ETAB,SEQV
*VWRITE,EIDV,XV,YV,SV
(4(E24.16,','))
EIDV=41
*GET,XV,ELEM,41,CENT,X
*GET,YV,ELEM,41,CENT,Y
*GET,SV,ELEM,41,ETAB,SEQV
*VWRITE,EIDV,XV,YV,SV
(4(E24.16,','))
EIDV=42
*GET,XV,ELEM,42,CENT,X
*GET,YV,ELEM,42,CENT,Y
*GET,SV,ELEM,42,ETAB,SEQV
*VWRITE,EIDV,XV,YV,SV
(4(E24.16,','))
EIDV=43
*GET,XV,ELEM,43,CENT,X
*GET,YV,ELEM,43,CENT,Y
*GET,SV,ELEM,43,ETAB,SEQV
*VWRITE,EIDV,XV,YV,SV
(4(E24.16,','))
EIDV=44
*GET,XV,ELEM,44,CENT,X
*GET,YV,ELEM,44,CENT,Y
*GET,SV,ELEM,44,ETAB,SEQV
*VWRITE,EIDV,XV,YV,SV
(4(E24.16,','))
EIDV=45
*GET,XV,ELEM,45,CENT,X
*GET,YV,ELEM,45,CENT,Y
*GET,SV,ELEM,45,ETAB,SEQV
*VWRITE,EIDV,XV,YV,SV
(4(E24.16,','))
EIDV=46
*GET,XV,ELEM,46,CENT,X
*GET,YV,ELEM,46,CENT,Y
*GET,SV,ELEM,46,ETAB,SEQV
*VWRITE,EIDV,XV,YV,SV
(4(E24.16,','))
EIDV=47
*GET,XV,ELEM,47,CENT,X
*GET,YV,ELEM,47,CENT,Y
*GET,SV,ELEM,47,ETAB,SEQV
*VWRITE,EIDV,XV,YV,SV
(4(E24.16,','))
EIDV=48
*GET,XV,ELEM,48,CENT,X
*GET,YV,ELEM,48,CENT,Y
*GET,SV,ELEM,48,ETAB,SEQV
*VWRITE,EIDV,XV,YV,SV
(4(E24.16,','))
EIDV=49
*GET,XV,ELEM,49,CENT,X
*GET,YV,ELEM,49,CENT,Y
*GET,SV,ELEM,49,ETAB,SEQV
*VWRITE,EIDV,XV,YV,SV
(4(E24.16,','))
EIDV=50
*GET,XV,ELEM,50,CENT,X
*GET,YV,ELEM,50,CENT,Y
*GET,SV,ELEM,50,ETAB,SEQV
*VWRITE,EIDV,XV,YV,SV
(4(E24.16,','))
EIDV=51
*GET,XV,ELEM,51,CENT,X
*GET,YV,ELEM,51,CENT,Y
*GET,SV,ELEM,51,ETAB,SEQV
*VWRITE,EIDV,XV,YV,SV
(4(E24.16,','))
EIDV=52
*GET,XV,ELEM,52,CENT,X
*GET,YV,ELEM,52,CENT,Y
*GET,SV,ELEM,52,ETAB,SEQV
*VWRITE,EIDV,XV,YV,SV
(4(E24.16,','))
EIDV=53
*GET,XV,ELEM,53,CENT,X
*GET,YV,ELEM,53,CENT,Y
*GET,SV,ELEM,53,ETAB,SEQV
*VWRITE,EIDV,XV,YV,SV
(4(E24.16,','))
EIDV=54
*GET,XV,ELEM,54,CENT,X
*GET,YV,ELEM,54,CENT,Y
*GET,SV,ELEM,54,ETAB,SEQV
*VWRITE,EIDV,XV,YV,SV
(4(E24.16,','))
EIDV=55
*GET,XV,ELEM,55,CENT,X
*GET,YV,ELEM,55,CENT,Y
*GET,SV,ELEM,55,ETAB,SEQV
*VWRITE,EIDV,XV,YV,SV
(4(E24.16,','))
EIDV=56
*GET,XV,ELEM,56,CENT,X
*GET,YV,ELEM,56,CENT,Y
*GET,SV,ELEM,56,ETAB,SEQV
*VWRITE,EIDV,XV,YV,SV
(4(E24.16,','))
EIDV=57
*GET,XV,ELEM,57,CENT,X
*GET,YV,ELEM,57,CENT,Y
*GET,SV,ELEM,57,ETAB,SEQV
*VWRITE,EIDV,XV,YV,SV
(4(E24.16,','))
EIDV=58
*GET,XV,ELEM,58,CENT,X
*GET,YV,ELEM,58,CENT,Y
*GET,SV,ELEM,58,ETAB,SEQV
*VWRITE,EIDV,XV,YV,SV
(4(E24.16,','))
EIDV=59
*GET,XV,ELEM,59,CENT,X
*GET,YV,ELEM,59,CENT,Y
*GET,SV,ELEM,59,ETAB,SEQV
*VWRITE,EIDV,XV,YV,SV
(4(E24.16,','))
EIDV=60
*GET,XV,ELEM,60,CENT,X
*GET,YV,ELEM,60,CENT,Y
*GET,SV,ELEM,60,ETAB,SEQV
*VWRITE,EIDV,XV,YV,SV
(4(E24.16,','))
EIDV=61
*GET,XV,ELEM,61,CENT,X
*GET,YV,ELEM,61,CENT,Y
*GET,SV,ELEM,61,ETAB,SEQV
*VWRITE,EIDV,XV,YV,SV
(4(E24.16,','))
EIDV=62
*GET,XV,ELEM,62,CENT,X
*GET,YV,ELEM,62,CENT,Y
*GET,SV,ELEM,62,ETAB,SEQV
*VWRITE,EIDV,XV,YV,SV
(4(E24.16,','))
EIDV=63
*GET,XV,ELEM,63,CENT,X
*GET,YV,ELEM,63,CENT,Y
*GET,SV,ELEM,63,ETAB,SEQV
*VWRITE,EIDV,XV,YV,SV
(4(E24.16,','))
EIDV=64
*GET,XV,ELEM,64,CENT,X
*GET,YV,ELEM,64,CENT,Y
*GET,SV,ELEM,64,ETAB,SEQV
*VWRITE,EIDV,XV,YV,SV
(4(E24.16,','))
EIDV=65
*GET,XV,ELEM,65,CENT,X
*GET,YV,ELEM,65,CENT,Y
*GET,SV,ELEM,65,ETAB,SEQV
*VWRITE,EIDV,XV,YV,SV
(4(E24.16,','))
EIDV=66
*GET,XV,ELEM,66,CENT,X
*GET,YV,ELEM,66,CENT,Y
*GET,SV,ELEM,66,ETAB,SEQV
*VWRITE,EIDV,XV,YV,SV
(4(E24.16,','))
EIDV=67
*GET,XV,ELEM,67,CENT,X
*GET,YV,ELEM,67,CENT,Y
*GET,SV,ELEM,67,ETAB,SEQV
*VWRITE,EIDV,XV,YV,SV
(4(E24.16,','))
EIDV=68
*GET,XV,ELEM,68,CENT,X
*GET,YV,ELEM,68,CENT,Y
*GET,SV,ELEM,68,ETAB,SEQV
*VWRITE,EIDV,XV,YV,SV
(4(E24.16,','))
EIDV=69
*GET,XV,ELEM,69,CENT,X
*GET,YV,ELEM,69,CENT,Y
*GET,SV,ELEM,69,ETAB,SEQV
*VWRITE,EIDV,XV,YV,SV
(4(E24.16,','))
EIDV=70
*GET,XV,ELEM,70,CENT,X
*GET,YV,ELEM,70,CENT,Y
*GET,SV,ELEM,70,ETAB,SEQV
*VWRITE,EIDV,XV,YV,SV
(4(E24.16,','))
EIDV=71
*GET,XV,ELEM,71,CENT,X
*GET,YV,ELEM,71,CENT,Y
*GET,SV,ELEM,71,ETAB,SEQV
*VWRITE,EIDV,XV,YV,SV
(4(E24.16,','))
EIDV=72
*GET,XV,ELEM,72,CENT,X
*GET,YV,ELEM,72,CENT,Y
*GET,SV,ELEM,72,ETAB,SEQV
*VWRITE,EIDV,XV,YV,SV
(4(E24.16,','))
EIDV=73
*GET,XV,ELEM,73,CENT,X
*GET,YV,ELEM,73,CENT,Y
*GET,SV,ELEM,73,ETAB,SEQV
*VWRITE,EIDV,XV,YV,SV
(4(E24.16,','))
EIDV=74
*GET,XV,ELEM,74,CENT,X
*GET,YV,ELEM,74,CENT,Y
*GET,SV,ELEM,74,ETAB,SEQV
*VWRITE,EIDV,XV,YV,SV
(4(E24.16,','))
EIDV=75
*GET,XV,ELEM,75,CENT,X
*GET,YV,ELEM,75,CENT,Y
*GET,SV,ELEM,75,ETAB,SEQV
*VWRITE,EIDV,XV,YV,SV
(4(E24.16,','))
EIDV=76
*GET,XV,ELEM,76,CENT,X
*GET,YV,ELEM,76,CENT,Y
*GET,SV,ELEM,76,ETAB,SEQV
*VWRITE,EIDV,XV,YV,SV
(4(E24.16,','))
EIDV=77
*GET,XV,ELEM,77,CENT,X
*GET,YV,ELEM,77,CENT,Y
*GET,SV,ELEM,77,ETAB,SEQV
*VWRITE,EIDV,XV,YV,SV
(4(E24.16,','))
EIDV=78
*GET,XV,ELEM,78,CENT,X
*GET,YV,ELEM,78,CENT,Y
*GET,SV,ELEM,78,ETAB,SEQV
*VWRITE,EIDV,XV,YV,SV
(4(E24.16,','))
EIDV=79
*GET,XV,ELEM,79,CENT,X
*GET,YV,ELEM,79,CENT,Y
*GET,SV,ELEM,79,ETAB,SEQV
*VWRITE,EIDV,XV,YV,SV
(4(E24.16,','))
EIDV=80
*GET,XV,ELEM,80,CENT,X
*GET,YV,ELEM,80,CENT,Y
*GET,SV,ELEM,80,ETAB,SEQV
*VWRITE,EIDV,XV,YV,SV
(4(E24.16,','))
EIDV=81
*GET,XV,ELEM,81,CENT,X
*GET,YV,ELEM,81,CENT,Y
*GET,SV,ELEM,81,ETAB,SEQV
*VWRITE,EIDV,XV,YV,SV
(4(E24.16,','))
EIDV=82
*GET,XV,ELEM,82,CENT,X
*GET,YV,ELEM,82,CENT,Y
*GET,SV,ELEM,82,ETAB,SEQV
*VWRITE,EIDV,XV,YV,SV
(4(E24.16,','))
EIDV=83
*GET,XV,ELEM,83,CENT,X
*GET,YV,ELEM,83,CENT,Y
*GET,SV,ELEM,83,ETAB,SEQV
*VWRITE,EIDV,XV,YV,SV
(4(E24.16,','))
EIDV=84
*GET,XV,ELEM,84,CENT,X
*GET,YV,ELEM,84,CENT,Y
*GET,SV,ELEM,84,ETAB,SEQV
*VWRITE,EIDV,XV,YV,SV
(4(E24.16,','))
EIDV=85
*GET,XV,ELEM,85,CENT,X
*GET,YV,ELEM,85,CENT,Y
*GET,SV,ELEM,85,ETAB,SEQV
*VWRITE,EIDV,XV,YV,SV
(4(E24.16,','))
EIDV=86
*GET,XV,ELEM,86,CENT,X
*GET,YV,ELEM,86,CENT,Y
*GET,SV,ELEM,86,ETAB,SEQV
*VWRITE,EIDV,XV,YV,SV
(4(E24.16,','))
EIDV=87
*GET,XV,ELEM,87,CENT,X
*GET,YV,ELEM,87,CENT,Y
*GET,SV,ELEM,87,ETAB,SEQV
*VWRITE,EIDV,XV,YV,SV
(4(E24.16,','))
EIDV=88
*GET,XV,ELEM,88,CENT,X
*GET,YV,ELEM,88,CENT,Y
*GET,SV,ELEM,88,ETAB,SEQV
*VWRITE,EIDV,XV,YV,SV
(4(E24.16,','))
EIDV=89
*GET,XV,ELEM,89,CENT,X
*GET,YV,ELEM,89,CENT,Y
*GET,SV,ELEM,89,ETAB,SEQV
*VWRITE,EIDV,XV,YV,SV
(4(E24.16,','))
EIDV=90
*GET,XV,ELEM,90,CENT,X
*GET,YV,ELEM,90,CENT,Y
*GET,SV,ELEM,90,ETAB,SEQV
*VWRITE,EIDV,XV,YV,SV
(4(E24.16,','))
EIDV=91
*GET,XV,ELEM,91,CENT,X
*GET,YV,ELEM,91,CENT,Y
*GET,SV,ELEM,91,ETAB,SEQV
*VWRITE,EIDV,XV,YV,SV
(4(E24.16,','))
EIDV=92
*GET,XV,ELEM,92,CENT,X
*GET,YV,ELEM,92,CENT,Y
*GET,SV,ELEM,92,ETAB,SEQV
*VWRITE,EIDV,XV,YV,SV
(4(E24.16,','))
EIDV=93
*GET,XV,ELEM,93,CENT,X
*GET,YV,ELEM,93,CENT,Y
*GET,SV,ELEM,93,ETAB,SEQV
*VWRITE,EIDV,XV,YV,SV
(4(E24.16,','))
EIDV=94
*GET,XV,ELEM,94,CENT,X
*GET,YV,ELEM,94,CENT,Y
*GET,SV,ELEM,94,ETAB,SEQV
*VWRITE,EIDV,XV,YV,SV
(4(E24.16,','))
EIDV=95
*GET,XV,ELEM,95,CENT,X
*GET,YV,ELEM,95,CENT,Y
*GET,SV,ELEM,95,ETAB,SEQV
*VWRITE,EIDV,XV,YV,SV
(4(E24.16,','))
EIDV=96
*GET,XV,ELEM,96,CENT,X
*GET,YV,ELEM,96,CENT,Y
*GET,SV,ELEM,96,ETAB,SEQV
*VWRITE,EIDV,XV,YV,SV
(4(E24.16,','))
EIDV=97
*GET,XV,ELEM,97,CENT,X
*GET,YV,ELEM,97,CENT,Y
*GET,SV,ELEM,97,ETAB,SEQV
*VWRITE,EIDV,XV,YV,SV
(4(E24.16,','))
EIDV=98
*GET,XV,ELEM,98,CENT,X
*GET,YV,ELEM,98,CENT,Y
*GET,SV,ELEM,98,ETAB,SEQV
*VWRITE,EIDV,XV,YV,SV
(4(E24.16,','))
EIDV=99
*GET,XV,ELEM,99,CENT,X
*GET,YV,ELEM,99,CENT,Y
*GET,SV,ELEM,99,ETAB,SEQV
*VWRITE,EIDV,XV,YV,SV
(4(E24.16,','))
EIDV=100
*GET,XV,ELEM,100,CENT,X
*GET,YV,ELEM,100,CENT,Y
*GET,SV,ELEM,100,ETAB,SEQV
*VWRITE,EIDV,XV,YV,SV
(4(E24.16,','))
EIDV=101
*GET,XV,ELEM,101,CENT,X
*GET,YV,ELEM,101,CENT,Y
*GET,SV,ELEM,101,ETAB,SEQV
*VWRITE,EIDV,XV,YV,SV
(4(E24.16,','))
EIDV=102
*GET,XV,ELEM,102,CENT,X
*GET,YV,ELEM,102,CENT,Y
*GET,SV,ELEM,102,ETAB,SEQV
*VWRITE,EIDV,XV,YV,SV
(4(E24.16,','))
EIDV=103
*GET,XV,ELEM,103,CENT,X
*GET,YV,ELEM,103,CENT,Y
*GET,SV,ELEM,103,ETAB,SEQV
*VWRITE,EIDV,XV,YV,SV
(4(E24.16,','))
EIDV=104
*GET,XV,ELEM,104,CENT,X
*GET,YV,ELEM,104,CENT,Y
*GET,SV,ELEM,104,ETAB,SEQV
*VWRITE,EIDV,XV,YV,SV
(4(E24.16,','))
EIDV=105
*GET,XV,ELEM,105,CENT,X
*GET,YV,ELEM,105,CENT,Y
*GET,SV,ELEM,105,ETAB,SEQV
*VWRITE,EIDV,XV,YV,SV
(4(E24.16,','))
EIDV=106
*GET,XV,ELEM,106,CENT,X
*GET,YV,ELEM,106,CENT,Y
*GET,SV,ELEM,106,ETAB,SEQV
*VWRITE,EIDV,XV,YV,SV
(4(E24.16,','))
EIDV=107
*GET,XV,ELEM,107,CENT,X
*GET,YV,ELEM,107,CENT,Y
*GET,SV,ELEM,107,ETAB,SEQV
*VWRITE,EIDV,XV,YV,SV
(4(E24.16,','))
EIDV=108
*GET,XV,ELEM,108,CENT,X
*GET,YV,ELEM,108,CENT,Y
*GET,SV,ELEM,108,ETAB,SEQV
*VWRITE,EIDV,XV,YV,SV
(4(E24.16,','))
EIDV=109
*GET,XV,ELEM,109,CENT,X
*GET,YV,ELEM,109,CENT,Y
*GET,SV,ELEM,109,ETAB,SEQV
*VWRITE,EIDV,XV,YV,SV
(4(E24.16,','))
EIDV=110
*GET,XV,ELEM,110,CENT,X
*GET,YV,ELEM,110,CENT,Y
*GET,SV,ELEM,110,ETAB,SEQV
*VWRITE,EIDV,XV,YV,SV
(4(E24.16,','))
EIDV=111
*GET,XV,ELEM,111,CENT,X
*GET,YV,ELEM,111,CENT,Y
*GET,SV,ELEM,111,ETAB,SEQV
*VWRITE,EIDV,XV,YV,SV
(4(E24.16,','))
EIDV=112
*GET,XV,ELEM,112,CENT,X
*GET,YV,ELEM,112,CENT,Y
*GET,SV,ELEM,112,ETAB,SEQV
*VWRITE,EIDV,XV,YV,SV
(4(E24.16,','))
EIDV=113
*GET,XV,ELEM,113,CENT,X
*GET,YV,ELEM,113,CENT,Y
*GET,SV,ELEM,113,ETAB,SEQV
*VWRITE,EIDV,XV,YV,SV
(4(E24.16,','))
EIDV=114
*GET,XV,ELEM,114,CENT,X
*GET,YV,ELEM,114,CENT,Y
*GET,SV,ELEM,114,ETAB,SEQV
*VWRITE,EIDV,XV,YV,SV
(4(E24.16,','))
EIDV=115
*GET,XV,ELEM,115,CENT,X
*GET,YV,ELEM,115,CENT,Y
*GET,SV,ELEM,115,ETAB,SEQV
*VWRITE,EIDV,XV,YV,SV
(4(E24.16,','))
EIDV=116
*GET,XV,ELEM,116,CENT,X
*GET,YV,ELEM,116,CENT,Y
*GET,SV,ELEM,116,ETAB,SEQV
*VWRITE,EIDV,XV,YV,SV
(4(E24.16,','))
EIDV=117
*GET,XV,ELEM,117,CENT,X
*GET,YV,ELEM,117,CENT,Y
*GET,SV,ELEM,117,ETAB,SEQV
*VWRITE,EIDV,XV,YV,SV
(4(E24.16,','))
EIDV=118
*GET,XV,ELEM,118,CENT,X
*GET,YV,ELEM,118,CENT,Y
*GET,SV,ELEM,118,ETAB,SEQV
*VWRITE,EIDV,XV,YV,SV
(4(E24.16,','))
EIDV=119
*GET,XV,ELEM,119,CENT,X
*GET,YV,ELEM,119,CENT,Y
*GET,SV,ELEM,119,ETAB,SEQV
*VWRITE,EIDV,XV,YV,SV
(4(E24.16,','))
EIDV=120
*GET,XV,ELEM,120,CENT,X
*GET,YV,ELEM,120,CENT,Y
*GET,SV,ELEM,120,ETAB,SEQV
*VWRITE,EIDV,XV,YV,SV
(4(E24.16,','))
EIDV=121
*GET,XV,ELEM,121,CENT,X
*GET,YV,ELEM,121,CENT,Y
*GET,SV,ELEM,121,ETAB,SEQV
*VWRITE,EIDV,XV,YV,SV
(4(E24.16,','))
EIDV=122
*GET,XV,ELEM,122,CENT,X
*GET,YV,ELEM,122,CENT,Y
*GET,SV,ELEM,122,ETAB,SEQV
*VWRITE,EIDV,XV,YV,SV
(4(E24.16,','))
EIDV=123
*GET,XV,ELEM,123,CENT,X
*GET,YV,ELEM,123,CENT,Y
*GET,SV,ELEM,123,ETAB,SEQV
*VWRITE,EIDV,XV,YV,SV
(4(E24.16,','))
EIDV=124
*GET,XV,ELEM,124,CENT,X
*GET,YV,ELEM,124,CENT,Y
*GET,SV,ELEM,124,ETAB,SEQV
*VWRITE,EIDV,XV,YV,SV
(4(E24.16,','))
EIDV=125
*GET,XV,ELEM,125,CENT,X
*GET,YV,ELEM,125,CENT,Y
*GET,SV,ELEM,125,ETAB,SEQV
*VWRITE,EIDV,XV,YV,SV
(4(E24.16,','))
EIDV=126
*GET,XV,ELEM,126,CENT,X
*GET,YV,ELEM,126,CENT,Y
*GET,SV,ELEM,126,ETAB,SEQV
*VWRITE,EIDV,XV,YV,SV
(4(E24.16,','))
EIDV=127
*GET,XV,ELEM,127,CENT,X
*GET,YV,ELEM,127,CENT,Y
*GET,SV,ELEM,127,ETAB,SEQV
*VWRITE,EIDV,XV,YV,SV
(4(E24.16,','))
EIDV=128
*GET,XV,ELEM,128,CENT,X
*GET,YV,ELEM,128,CENT,Y
*GET,SV,ELEM,128,ETAB,SEQV
*VWRITE,EIDV,XV,YV,SV
(4(E24.16,','))
EIDV=129
*GET,XV,ELEM,129,CENT,X
*GET,YV,ELEM,129,CENT,Y
*GET,SV,ELEM,129,ETAB,SEQV
*VWRITE,EIDV,XV,YV,SV
(4(E24.16,','))
EIDV=130
*GET,XV,ELEM,130,CENT,X
*GET,YV,ELEM,130,CENT,Y
*GET,SV,ELEM,130,ETAB,SEQV
*VWRITE,EIDV,XV,YV,SV
(4(E24.16,','))
EIDV=131
*GET,XV,ELEM,131,CENT,X
*GET,YV,ELEM,131,CENT,Y
*GET,SV,ELEM,131,ETAB,SEQV
*VWRITE,EIDV,XV,YV,SV
(4(E24.16,','))
EIDV=132
*GET,XV,ELEM,132,CENT,X
*GET,YV,ELEM,132,CENT,Y
*GET,SV,ELEM,132,ETAB,SEQV
*VWRITE,EIDV,XV,YV,SV
(4(E24.16,','))
EIDV=133
*GET,XV,ELEM,133,CENT,X
*GET,YV,ELEM,133,CENT,Y
*GET,SV,ELEM,133,ETAB,SEQV
*VWRITE,EIDV,XV,YV,SV
(4(E24.16,','))
EIDV=134
*GET,XV,ELEM,134,CENT,X
*GET,YV,ELEM,134,CENT,Y
*GET,SV,ELEM,134,ETAB,SEQV
*VWRITE,EIDV,XV,YV,SV
(4(E24.16,','))
EIDV=135
*GET,XV,ELEM,135,CENT,X
*GET,YV,ELEM,135,CENT,Y
*GET,SV,ELEM,135,ETAB,SEQV
*VWRITE,EIDV,XV,YV,SV
(4(E24.16,','))
EIDV=136
*GET,XV,ELEM,136,CENT,X
*GET,YV,ELEM,136,CENT,Y
*GET,SV,ELEM,136,ETAB,SEQV
*VWRITE,EIDV,XV,YV,SV
(4(E24.16,','))
EIDV=137
*GET,XV,ELEM,137,CENT,X
*GET,YV,ELEM,137,CENT,Y
*GET,SV,ELEM,137,ETAB,SEQV
*VWRITE,EIDV,XV,YV,SV
(4(E24.16,','))
EIDV=138
*GET,XV,ELEM,138,CENT,X
*GET,YV,ELEM,138,CENT,Y
*GET,SV,ELEM,138,ETAB,SEQV
*VWRITE,EIDV,XV,YV,SV
(4(E24.16,','))
EIDV=139
*GET,XV,ELEM,139,CENT,X
*GET,YV,ELEM,139,CENT,Y
*GET,SV,ELEM,139,ETAB,SEQV
*VWRITE,EIDV,XV,YV,SV
(4(E24.16,','))
EIDV=140
*GET,XV,ELEM,140,CENT,X
*GET,YV,ELEM,140,CENT,Y
*GET,SV,ELEM,140,ETAB,SEQV
*VWRITE,EIDV,XV,YV,SV
(4(E24.16,','))
EIDV=141
*GET,XV,ELEM,141,CENT,X
*GET,YV,ELEM,141,CENT,Y
*GET,SV,ELEM,141,ETAB,SEQV
*VWRITE,EIDV,XV,YV,SV
(4(E24.16,','))
EIDV=142
*GET,XV,ELEM,142,CENT,X
*GET,YV,ELEM,142,CENT,Y
*GET,SV,ELEM,142,ETAB,SEQV
*VWRITE,EIDV,XV,YV,SV
(4(E24.16,','))
EIDV=143
*GET,XV,ELEM,143,CENT,X
*GET,YV,ELEM,143,CENT,Y
*GET,SV,ELEM,143,ETAB,SEQV
*VWRITE,EIDV,XV,YV,SV
(4(E24.16,','))
EIDV=144
*GET,XV,ELEM,144,CENT,X
*GET,YV,ELEM,144,CENT,Y
*GET,SV,ELEM,144,ETAB,SEQV
*VWRITE,EIDV,XV,YV,SV
(4(E24.16,','))
EIDV=145
*GET,XV,ELEM,145,CENT,X
*GET,YV,ELEM,145,CENT,Y
*GET,SV,ELEM,145,ETAB,SEQV
*VWRITE,EIDV,XV,YV,SV
(4(E24.16,','))
EIDV=146
*GET,XV,ELEM,146,CENT,X
*GET,YV,ELEM,146,CENT,Y
*GET,SV,ELEM,146,ETAB,SEQV
*VWRITE,EIDV,XV,YV,SV
(4(E24.16,','))
EIDV=147
*GET,XV,ELEM,147,CENT,X
*GET,YV,ELEM,147,CENT,Y
*GET,SV,ELEM,147,ETAB,SEQV
*VWRITE,EIDV,XV,YV,SV
(4(E24.16,','))
EIDV=148
*GET,XV,ELEM,148,CENT,X
*GET,YV,ELEM,148,CENT,Y
*GET,SV,ELEM,148,ETAB,SEQV
*VWRITE,EIDV,XV,YV,SV
(4(E24.16,','))
EIDV=149
*GET,XV,ELEM,149,CENT,X
*GET,YV,ELEM,149,CENT,Y
*GET,SV,ELEM,149,ETAB,SEQV
*VWRITE,EIDV,XV,YV,SV
(4(E24.16,','))
EIDV=150
*GET,XV,ELEM,150,CENT,X
*GET,YV,ELEM,150,CENT,Y
*GET,SV,ELEM,150,ETAB,SEQV
*VWRITE,EIDV,XV,YV,SV
(4(E24.16,','))
EIDV=151
*GET,XV,ELEM,151,CENT,X
*GET,YV,ELEM,151,CENT,Y
*GET,SV,ELEM,151,ETAB,SEQV
*VWRITE,EIDV,XV,YV,SV
(4(E24.16,','))
EIDV=152
*GET,XV,ELEM,152,CENT,X
*GET,YV,ELEM,152,CENT,Y
*GET,SV,ELEM,152,ETAB,SEQV
*VWRITE,EIDV,XV,YV,SV
(4(E24.16,','))
EIDV=153
*GET,XV,ELEM,153,CENT,X
*GET,YV,ELEM,153,CENT,Y
*GET,SV,ELEM,153,ETAB,SEQV
*VWRITE,EIDV,XV,YV,SV
(4(E24.16,','))
EIDV=154
*GET,XV,ELEM,154,CENT,X
*GET,YV,ELEM,154,CENT,Y
*GET,SV,ELEM,154,ETAB,SEQV
*VWRITE,EIDV,XV,YV,SV
(4(E24.16,','))
EIDV=155
*GET,XV,ELEM,155,CENT,X
*GET,YV,ELEM,155,CENT,Y
*GET,SV,ELEM,155,ETAB,SEQV
*VWRITE,EIDV,XV,YV,SV
(4(E24.16,','))
EIDV=156
*GET,XV,ELEM,156,CENT,X
*GET,YV,ELEM,156,CENT,Y
*GET,SV,ELEM,156,ETAB,SEQV
*VWRITE,EIDV,XV,YV,SV
(4(E24.16,','))
EIDV=157
*GET,XV,ELEM,157,CENT,X
*GET,YV,ELEM,157,CENT,Y
*GET,SV,ELEM,157,ETAB,SEQV
*VWRITE,EIDV,XV,YV,SV
(4(E24.16,','))
EIDV=158
*GET,XV,ELEM,158,CENT,X
*GET,YV,ELEM,158,CENT,Y
*GET,SV,ELEM,158,ETAB,SEQV
*VWRITE,EIDV,XV,YV,SV
(4(E24.16,','))
EIDV=159
*GET,XV,ELEM,159,CENT,X
*GET,YV,ELEM,159,CENT,Y
*GET,SV,ELEM,159,ETAB,SEQV
*VWRITE,EIDV,XV,YV,SV
(4(E24.16,','))
EIDV=160
*GET,XV,ELEM,160,CENT,X
*GET,YV,ELEM,160,CENT,Y
*GET,SV,ELEM,160,ETAB,SEQV
*VWRITE,EIDV,XV,YV,SV
(4(E24.16,','))
EIDV=161
*GET,XV,ELEM,161,CENT,X
*GET,YV,ELEM,161,CENT,Y
*GET,SV,ELEM,161,ETAB,SEQV
*VWRITE,EIDV,XV,YV,SV
(4(E24.16,','))
EIDV=162
*GET,XV,ELEM,162,CENT,X
*GET,YV,ELEM,162,CENT,Y
*GET,SV,ELEM,162,ETAB,SEQV
*VWRITE,EIDV,XV,YV,SV
(4(E24.16,','))
EIDV=163
*GET,XV,ELEM,163,CENT,X
*GET,YV,ELEM,163,CENT,Y
*GET,SV,ELEM,163,ETAB,SEQV
*VWRITE,EIDV,XV,YV,SV
(4(E24.16,','))
EIDV=164
*GET,XV,ELEM,164,CENT,X
*GET,YV,ELEM,164,CENT,Y
*GET,SV,ELEM,164,ETAB,SEQV
*VWRITE,EIDV,XV,YV,SV
(4(E24.16,','))
EIDV=165
*GET,XV,ELEM,165,CENT,X
*GET,YV,ELEM,165,CENT,Y
*GET,SV,ELEM,165,ETAB,SEQV
*VWRITE,EIDV,XV,YV,SV
(4(E24.16,','))
EIDV=166
*GET,XV,ELEM,166,CENT,X
*GET,YV,ELEM,166,CENT,Y
*GET,SV,ELEM,166,ETAB,SEQV
*VWRITE,EIDV,XV,YV,SV
(4(E24.16,','))
EIDV=167
*GET,XV,ELEM,167,CENT,X
*GET,YV,ELEM,167,CENT,Y
*GET,SV,ELEM,167,ETAB,SEQV
*VWRITE,EIDV,XV,YV,SV
(4(E24.16,','))
EIDV=168
*GET,XV,ELEM,168,CENT,X
*GET,YV,ELEM,168,CENT,Y
*GET,SV,ELEM,168,ETAB,SEQV
*VWRITE,EIDV,XV,YV,SV
(4(E24.16,','))
EIDV=169
*GET,XV,ELEM,169,CENT,X
*GET,YV,ELEM,169,CENT,Y
*GET,SV,ELEM,169,ETAB,SEQV
*VWRITE,EIDV,XV,YV,SV
(4(E24.16,','))
EIDV=170
*GET,XV,ELEM,170,CENT,X
*GET,YV,ELEM,170,CENT,Y
*GET,SV,ELEM,170,ETAB,SEQV
*VWRITE,EIDV,XV,YV,SV
(4(E24.16,','))
EIDV=171
*GET,XV,ELEM,171,CENT,X
*GET,YV,ELEM,171,CENT,Y
*GET,SV,ELEM,171,ETAB,SEQV
*VWRITE,EIDV,XV,YV,SV
(4(E24.16,','))
EIDV=172
*GET,XV,ELEM,172,CENT,X
*GET,YV,ELEM,172,CENT,Y
*GET,SV,ELEM,172,ETAB,SEQV
*VWRITE,EIDV,XV,YV,SV
(4(E24.16,','))
EIDV=173
*GET,XV,ELEM,173,CENT,X
*GET,YV,ELEM,173,CENT,Y
*GET,SV,ELEM,173,ETAB,SEQV
*VWRITE,EIDV,XV,YV,SV
(4(E24.16,','))
EIDV=174
*GET,XV,ELEM,174,CENT,X
*GET,YV,ELEM,174,CENT,Y
*GET,SV,ELEM,174,ETAB,SEQV
*VWRITE,EIDV,XV,YV,SV
(4(E24.16,','))
EIDV=175
*GET,XV,ELEM,175,CENT,X
*GET,YV,ELEM,175,CENT,Y
*GET,SV,ELEM,175,ETAB,SEQV
*VWRITE,EIDV,XV,YV,SV
(4(E24.16,','))
EIDV=176
*GET,XV,ELEM,176,CENT,X
*GET,YV,ELEM,176,CENT,Y
*GET,SV,ELEM,176,ETAB,SEQV
*VWRITE,EIDV,XV,YV,SV
(4(E24.16,','))
EIDV=177
*GET,XV,ELEM,177,CENT,X
*GET,YV,ELEM,177,CENT,Y
*GET,SV,ELEM,177,ETAB,SEQV
*VWRITE,EIDV,XV,YV,SV
(4(E24.16,','))
EIDV=178
*GET,XV,ELEM,178,CENT,X
*GET,YV,ELEM,178,CENT,Y
*GET,SV,ELEM,178,ETAB,SEQV
*VWRITE,EIDV,XV,YV,SV
(4(E24.16,','))
EIDV=179
*GET,XV,ELEM,179,CENT,X
*GET,YV,ELEM,179,CENT,Y
*GET,SV,ELEM,179,ETAB,SEQV
*VWRITE,EIDV,XV,YV,SV
(4(E24.16,','))
EIDV=180
*GET,XV,ELEM,180,CENT,X
*GET,YV,ELEM,180,CENT,Y
*GET,SV,ELEM,180,ETAB,SEQV
*VWRITE,EIDV,XV,YV,SV
(4(E24.16,','))
EIDV=181
*GET,XV,ELEM,181,CENT,X
*GET,YV,ELEM,181,CENT,Y
*GET,SV,ELEM,181,ETAB,SEQV
*VWRITE,EIDV,XV,YV,SV
(4(E24.16,','))
EIDV=182
*GET,XV,ELEM,182,CENT,X
*GET,YV,ELEM,182,CENT,Y
*GET,SV,ELEM,182,ETAB,SEQV
*VWRITE,EIDV,XV,YV,SV
(4(E24.16,','))
EIDV=183
*GET,XV,ELEM,183,CENT,X
*GET,YV,ELEM,183,CENT,Y
*GET,SV,ELEM,183,ETAB,SEQV
*VWRITE,EIDV,XV,YV,SV
(4(E24.16,','))
EIDV=184
*GET,XV,ELEM,184,CENT,X
*GET,YV,ELEM,184,CENT,Y
*GET,SV,ELEM,184,ETAB,SEQV
*VWRITE,EIDV,XV,YV,SV
(4(E24.16,','))
EIDV=185
*GET,XV,ELEM,185,CENT,X
*GET,YV,ELEM,185,CENT,Y
*GET,SV,ELEM,185,ETAB,SEQV
*VWRITE,EIDV,XV,YV,SV
(4(E24.16,','))
EIDV=186
*GET,XV,ELEM,186,CENT,X
*GET,YV,ELEM,186,CENT,Y
*GET,SV,ELEM,186,ETAB,SEQV
*VWRITE,EIDV,XV,YV,SV
(4(E24.16,','))
EIDV=187
*GET,XV,ELEM,187,CENT,X
*GET,YV,ELEM,187,CENT,Y
*GET,SV,ELEM,187,ETAB,SEQV
*VWRITE,EIDV,XV,YV,SV
(4(E24.16,','))
EIDV=188
*GET,XV,ELEM,188,CENT,X
*GET,YV,ELEM,188,CENT,Y
*GET,SV,ELEM,188,ETAB,SEQV
*VWRITE,EIDV,XV,YV,SV
(4(E24.16,','))
EIDV=189
*GET,XV,ELEM,189,CENT,X
*GET,YV,ELEM,189,CENT,Y
*GET,SV,ELEM,189,ETAB,SEQV
*VWRITE,EIDV,XV,YV,SV
(4(E24.16,','))
EIDV=190
*GET,XV,ELEM,190,CENT,X
*GET,YV,ELEM,190,CENT,Y
*GET,SV,ELEM,190,ETAB,SEQV
*VWRITE,EIDV,XV,YV,SV
(4(E24.16,','))
EIDV=191
*GET,XV,ELEM,191,CENT,X
*GET,YV,ELEM,191,CENT,Y
*GET,SV,ELEM,191,ETAB,SEQV
*VWRITE,EIDV,XV,YV,SV
(4(E24.16,','))
EIDV=192
*GET,XV,ELEM,192,CENT,X
*GET,YV,ELEM,192,CENT,Y
*GET,SV,ELEM,192,ETAB,SEQV
*VWRITE,EIDV,XV,YV,SV
(4(E24.16,','))
EIDV=193
*GET,XV,ELEM,193,CENT,X
*GET,YV,ELEM,193,CENT,Y
*GET,SV,ELEM,193,ETAB,SEQV
*VWRITE,EIDV,XV,YV,SV
(4(E24.16,','))
EIDV=194
*GET,XV,ELEM,194,CENT,X
*GET,YV,ELEM,194,CENT,Y
*GET,SV,ELEM,194,ETAB,SEQV
*VWRITE,EIDV,XV,YV,SV
(4(E24.16,','))
EIDV=195
*GET,XV,ELEM,195,CENT,X
*GET,YV,ELEM,195,CENT,Y
*GET,SV,ELEM,195,ETAB,SEQV
*VWRITE,EIDV,XV,YV,SV
(4(E24.16,','))
EIDV=196
*GET,XV,ELEM,196,CENT,X
*GET,YV,ELEM,196,CENT,Y
*GET,SV,ELEM,196,ETAB,SEQV
*VWRITE,EIDV,XV,YV,SV
(4(E24.16,','))
EIDV=197
*GET,XV,ELEM,197,CENT,X
*GET,YV,ELEM,197,CENT,Y
*GET,SV,ELEM,197,ETAB,SEQV
*VWRITE,EIDV,XV,YV,SV
(4(E24.16,','))
EIDV=198
*GET,XV,ELEM,198,CENT,X
*GET,YV,ELEM,198,CENT,Y
*GET,SV,ELEM,198,ETAB,SEQV
*VWRITE,EIDV,XV,YV,SV
(4(E24.16,','))
EIDV=199
*GET,XV,ELEM,199,CENT,X
*GET,YV,ELEM,199,CENT,Y
*GET,SV,ELEM,199,ETAB,SEQV
*VWRITE,EIDV,XV,YV,SV
(4(E24.16,','))
EIDV=200
*GET,XV,ELEM,200,CENT,X
*GET,YV,ELEM,200,CENT,Y
*GET,SV,ELEM,200,ETAB,SEQV
*VWRITE,EIDV,XV,YV,SV
(4(E24.16,','))
EIDV=201
*GET,XV,ELEM,201,CENT,X
*GET,YV,ELEM,201,CENT,Y
*GET,SV,ELEM,201,ETAB,SEQV
*VWRITE,EIDV,XV,YV,SV
(4(E24.16,','))
EIDV=202
*GET,XV,ELEM,202,CENT,X
*GET,YV,ELEM,202,CENT,Y
*GET,SV,ELEM,202,ETAB,SEQV
*VWRITE,EIDV,XV,YV,SV
(4(E24.16,','))
EIDV=203
*GET,XV,ELEM,203,CENT,X
*GET,YV,ELEM,203,CENT,Y
*GET,SV,ELEM,203,ETAB,SEQV
*VWRITE,EIDV,XV,YV,SV
(4(E24.16,','))
EIDV=204
*GET,XV,ELEM,204,CENT,X
*GET,YV,ELEM,204,CENT,Y
*GET,SV,ELEM,204,ETAB,SEQV
*VWRITE,EIDV,XV,YV,SV
(4(E24.16,','))
EIDV=205
*GET,XV,ELEM,205,CENT,X
*GET,YV,ELEM,205,CENT,Y
*GET,SV,ELEM,205,ETAB,SEQV
*VWRITE,EIDV,XV,YV,SV
(4(E24.16,','))
EIDV=206
*GET,XV,ELEM,206,CENT,X
*GET,YV,ELEM,206,CENT,Y
*GET,SV,ELEM,206,ETAB,SEQV
*VWRITE,EIDV,XV,YV,SV
(4(E24.16,','))
EIDV=207
*GET,XV,ELEM,207,CENT,X
*GET,YV,ELEM,207,CENT,Y
*GET,SV,ELEM,207,ETAB,SEQV
*VWRITE,EIDV,XV,YV,SV
(4(E24.16,','))
EIDV=208
*GET,XV,ELEM,208,CENT,X
*GET,YV,ELEM,208,CENT,Y
*GET,SV,ELEM,208,ETAB,SEQV
*VWRITE,EIDV,XV,YV,SV
(4(E24.16,','))
EIDV=209
*GET,XV,ELEM,209,CENT,X
*GET,YV,ELEM,209,CENT,Y
*GET,SV,ELEM,209,ETAB,SEQV
*VWRITE,EIDV,XV,YV,SV
(4(E24.16,','))
EIDV=210
*GET,XV,ELEM,210,CENT,X
*GET,YV,ELEM,210,CENT,Y
*GET,SV,ELEM,210,ETAB,SEQV
*VWRITE,EIDV,XV,YV,SV
(4(E24.16,','))
EIDV=211
*GET,XV,ELEM,211,CENT,X
*GET,YV,ELEM,211,CENT,Y
*GET,SV,ELEM,211,ETAB,SEQV
*VWRITE,EIDV,XV,YV,SV
(4(E24.16,','))
EIDV=212
*GET,XV,ELEM,212,CENT,X
*GET,YV,ELEM,212,CENT,Y
*GET,SV,ELEM,212,ETAB,SEQV
*VWRITE,EIDV,XV,YV,SV
(4(E24.16,','))
EIDV=213
*GET,XV,ELEM,213,CENT,X
*GET,YV,ELEM,213,CENT,Y
*GET,SV,ELEM,213,ETAB,SEQV
*VWRITE,EIDV,XV,YV,SV
(4(E24.16,','))
EIDV=214
*GET,XV,ELEM,214,CENT,X
*GET,YV,ELEM,214,CENT,Y
*GET,SV,ELEM,214,ETAB,SEQV
*VWRITE,EIDV,XV,YV,SV
(4(E24.16,','))
EIDV=215
*GET,XV,ELEM,215,CENT,X
*GET,YV,ELEM,215,CENT,Y
*GET,SV,ELEM,215,ETAB,SEQV
*VWRITE,EIDV,XV,YV,SV
(4(E24.16,','))
EIDV=216
*GET,XV,ELEM,216,CENT,X
*GET,YV,ELEM,216,CENT,Y
*GET,SV,ELEM,216,ETAB,SEQV
*VWRITE,EIDV,XV,YV,SV
(4(E24.16,','))
EIDV=217
*GET,XV,ELEM,217,CENT,X
*GET,YV,ELEM,217,CENT,Y
*GET,SV,ELEM,217,ETAB,SEQV
*VWRITE,EIDV,XV,YV,SV
(4(E24.16,','))
EIDV=218
*GET,XV,ELEM,218,CENT,X
*GET,YV,ELEM,218,CENT,Y
*GET,SV,ELEM,218,ETAB,SEQV
*VWRITE,EIDV,XV,YV,SV
(4(E24.16,','))
EIDV=219
*GET,XV,ELEM,219,CENT,X
*GET,YV,ELEM,219,CENT,Y
*GET,SV,ELEM,219,ETAB,SEQV
*VWRITE,EIDV,XV,YV,SV
(4(E24.16,','))
EIDV=220
*GET,XV,ELEM,220,CENT,X
*GET,YV,ELEM,220,CENT,Y
*GET,SV,ELEM,220,ETAB,SEQV
*VWRITE,EIDV,XV,YV,SV
(4(E24.16,','))
EIDV=221
*GET,XV,ELEM,221,CENT,X
*GET,YV,ELEM,221,CENT,Y
*GET,SV,ELEM,221,ETAB,SEQV
*VWRITE,EIDV,XV,YV,SV
(4(E24.16,','))
EIDV=222
*GET,XV,ELEM,222,CENT,X
*GET,YV,ELEM,222,CENT,Y
*GET,SV,ELEM,222,ETAB,SEQV
*VWRITE,EIDV,XV,YV,SV
(4(E24.16,','))
EIDV=223
*GET,XV,ELEM,223,CENT,X
*GET,YV,ELEM,223,CENT,Y
*GET,SV,ELEM,223,ETAB,SEQV
*VWRITE,EIDV,XV,YV,SV
(4(E24.16,','))
EIDV=224
*GET,XV,ELEM,224,CENT,X
*GET,YV,ELEM,224,CENT,Y
*GET,SV,ELEM,224,ETAB,SEQV
*VWRITE,EIDV,XV,YV,SV
(4(E24.16,','))
EIDV=225
*GET,XV,ELEM,225,CENT,X
*GET,YV,ELEM,225,CENT,Y
*GET,SV,ELEM,225,ETAB,SEQV
*VWRITE,EIDV,XV,YV,SV
(4(E24.16,','))
EIDV=226
*GET,XV,ELEM,226,CENT,X
*GET,YV,ELEM,226,CENT,Y
*GET,SV,ELEM,226,ETAB,SEQV
*VWRITE,EIDV,XV,YV,SV
(4(E24.16,','))
EIDV=227
*GET,XV,ELEM,227,CENT,X
*GET,YV,ELEM,227,CENT,Y
*GET,SV,ELEM,227,ETAB,SEQV
*VWRITE,EIDV,XV,YV,SV
(4(E24.16,','))
EIDV=228
*GET,XV,ELEM,228,CENT,X
*GET,YV,ELEM,228,CENT,Y
*GET,SV,ELEM,228,ETAB,SEQV
*VWRITE,EIDV,XV,YV,SV
(4(E24.16,','))
EIDV=229
*GET,XV,ELEM,229,CENT,X
*GET,YV,ELEM,229,CENT,Y
*GET,SV,ELEM,229,ETAB,SEQV
*VWRITE,EIDV,XV,YV,SV
(4(E24.16,','))
EIDV=230
*GET,XV,ELEM,230,CENT,X
*GET,YV,ELEM,230,CENT,Y
*GET,SV,ELEM,230,ETAB,SEQV
*VWRITE,EIDV,XV,YV,SV
(4(E24.16,','))
EIDV=231
*GET,XV,ELEM,231,CENT,X
*GET,YV,ELEM,231,CENT,Y
*GET,SV,ELEM,231,ETAB,SEQV
*VWRITE,EIDV,XV,YV,SV
(4(E24.16,','))
EIDV=232
*GET,XV,ELEM,232,CENT,X
*GET,YV,ELEM,232,CENT,Y
*GET,SV,ELEM,232,ETAB,SEQV
*VWRITE,EIDV,XV,YV,SV
(4(E24.16,','))
EIDV=233
*GET,XV,ELEM,233,CENT,X
*GET,YV,ELEM,233,CENT,Y
*GET,SV,ELEM,233,ETAB,SEQV
*VWRITE,EIDV,XV,YV,SV
(4(E24.16,','))
EIDV=234
*GET,XV,ELEM,234,CENT,X
*GET,YV,ELEM,234,CENT,Y
*GET,SV,ELEM,234,ETAB,SEQV
*VWRITE,EIDV,XV,YV,SV
(4(E24.16,','))
EIDV=235
*GET,XV,ELEM,235,CENT,X
*GET,YV,ELEM,235,CENT,Y
*GET,SV,ELEM,235,ETAB,SEQV
*VWRITE,EIDV,XV,YV,SV
(4(E24.16,','))
EIDV=236
*GET,XV,ELEM,236,CENT,X
*GET,YV,ELEM,236,CENT,Y
*GET,SV,ELEM,236,ETAB,SEQV
*VWRITE,EIDV,XV,YV,SV
(4(E24.16,','))
EIDV=237
*GET,XV,ELEM,237,CENT,X
*GET,YV,ELEM,237,CENT,Y
*GET,SV,ELEM,237,ETAB,SEQV
*VWRITE,EIDV,XV,YV,SV
(4(E24.16,','))
EIDV=238
*GET,XV,ELEM,238,CENT,X
*GET,YV,ELEM,238,CENT,Y
*GET,SV,ELEM,238,ETAB,SEQV
*VWRITE,EIDV,XV,YV,SV
(4(E24.16,','))
EIDV=239
*GET,XV,ELEM,239,CENT,X
*GET,YV,ELEM,239,CENT,Y
*GET,SV,ELEM,239,ETAB,SEQV
*VWRITE,EIDV,XV,YV,SV
(4(E24.16,','))
EIDV=240
*GET,XV,ELEM,240,CENT,X
*GET,YV,ELEM,240,CENT,Y
*GET,SV,ELEM,240,ETAB,SEQV
*VWRITE,EIDV,XV,YV,SV
(4(E24.16,','))
EIDV=241
*GET,XV,ELEM,241,CENT,X
*GET,YV,ELEM,241,CENT,Y
*GET,SV,ELEM,241,ETAB,SEQV
*VWRITE,EIDV,XV,YV,SV
(4(E24.16,','))
EIDV=242
*GET,XV,ELEM,242,CENT,X
*GET,YV,ELEM,242,CENT,Y
*GET,SV,ELEM,242,ETAB,SEQV
*VWRITE,EIDV,XV,YV,SV
(4(E24.16,','))
EIDV=243
*GET,XV,ELEM,243,CENT,X
*GET,YV,ELEM,243,CENT,Y
*GET,SV,ELEM,243,ETAB,SEQV
*VWRITE,EIDV,XV,YV,SV
(4(E24.16,','))
EIDV=244
*GET,XV,ELEM,244,CENT,X
*GET,YV,ELEM,244,CENT,Y
*GET,SV,ELEM,244,ETAB,SEQV
*VWRITE,EIDV,XV,YV,SV
(4(E24.16,','))
EIDV=245
*GET,XV,ELEM,245,CENT,X
*GET,YV,ELEM,245,CENT,Y
*GET,SV,ELEM,245,ETAB,SEQV
*VWRITE,EIDV,XV,YV,SV
(4(E24.16,','))
EIDV=246
*GET,XV,ELEM,246,CENT,X
*GET,YV,ELEM,246,CENT,Y
*GET,SV,ELEM,246,ETAB,SEQV
*VWRITE,EIDV,XV,YV,SV
(4(E24.16,','))
EIDV=247
*GET,XV,ELEM,247,CENT,X
*GET,YV,ELEM,247,CENT,Y
*GET,SV,ELEM,247,ETAB,SEQV
*VWRITE,EIDV,XV,YV,SV
(4(E24.16,','))
EIDV=248
*GET,XV,ELEM,248,CENT,X
*GET,YV,ELEM,248,CENT,Y
*GET,SV,ELEM,248,ETAB,SEQV
*VWRITE,EIDV,XV,YV,SV
(4(E24.16,','))
EIDV=249
*GET,XV,ELEM,249,CENT,X
*GET,YV,ELEM,249,CENT,Y
*GET,SV,ELEM,249,ETAB,SEQV
*VWRITE,EIDV,XV,YV,SV
(4(E24.16,','))
EIDV=250
*GET,XV,ELEM,250,CENT,X
*GET,YV,ELEM,250,CENT,Y
*GET,SV,ELEM,250,ETAB,SEQV
*VWRITE,EIDV,XV,YV,SV
(4(E24.16,','))
EIDV=251
*GET,XV,ELEM,251,CENT,X
*GET,YV,ELEM,251,CENT,Y
*GET,SV,ELEM,251,ETAB,SEQV
*VWRITE,EIDV,XV,YV,SV
(4(E24.16,','))
EIDV=252
*GET,XV,ELEM,252,CENT,X
*GET,YV,ELEM,252,CENT,Y
*GET,SV,ELEM,252,ETAB,SEQV
*VWRITE,EIDV,XV,YV,SV
(4(E24.16,','))
EIDV=253
*GET,XV,ELEM,253,CENT,X
*GET,YV,ELEM,253,CENT,Y
*GET,SV,ELEM,253,ETAB,SEQV
*VWRITE,EIDV,XV,YV,SV
(4(E24.16,','))
EIDV=254
*GET,XV,ELEM,254,CENT,X
*GET,YV,ELEM,254,CENT,Y
*GET,SV,ELEM,254,ETAB,SEQV
*VWRITE,EIDV,XV,YV,SV
(4(E24.16,','))
EIDV=255
*GET,XV,ELEM,255,CENT,X
*GET,YV,ELEM,255,CENT,Y
*GET,SV,ELEM,255,ETAB,SEQV
*VWRITE,EIDV,XV,YV,SV
(4(E24.16,','))
EIDV=256
*GET,XV,ELEM,256,CENT,X
*GET,YV,ELEM,256,CENT,Y
*GET,SV,ELEM,256,ETAB,SEQV
*VWRITE,EIDV,XV,YV,SV
(4(E24.16,','))
EIDV=257
*GET,XV,ELEM,257,CENT,X
*GET,YV,ELEM,257,CENT,Y
*GET,SV,ELEM,257,ETAB,SEQV
*VWRITE,EIDV,XV,YV,SV
(4(E24.16,','))
EIDV=258
*GET,XV,ELEM,258,CENT,X
*GET,YV,ELEM,258,CENT,Y
*GET,SV,ELEM,258,ETAB,SEQV
*VWRITE,EIDV,XV,YV,SV
(4(E24.16,','))
EIDV=259
*GET,XV,ELEM,259,CENT,X
*GET,YV,ELEM,259,CENT,Y
*GET,SV,ELEM,259,ETAB,SEQV
*VWRITE,EIDV,XV,YV,SV
(4(E24.16,','))
EIDV=260
*GET,XV,ELEM,260,CENT,X
*GET,YV,ELEM,260,CENT,Y
*GET,SV,ELEM,260,ETAB,SEQV
*VWRITE,EIDV,XV,YV,SV
(4(E24.16,','))
EIDV=261
*GET,XV,ELEM,261,CENT,X
*GET,YV,ELEM,261,CENT,Y
*GET,SV,ELEM,261,ETAB,SEQV
*VWRITE,EIDV,XV,YV,SV
(4(E24.16,','))
EIDV=262
*GET,XV,ELEM,262,CENT,X
*GET,YV,ELEM,262,CENT,Y
*GET,SV,ELEM,262,ETAB,SEQV
*VWRITE,EIDV,XV,YV,SV
(4(E24.16,','))
EIDV=263
*GET,XV,ELEM,263,CENT,X
*GET,YV,ELEM,263,CENT,Y
*GET,SV,ELEM,263,ETAB,SEQV
*VWRITE,EIDV,XV,YV,SV
(4(E24.16,','))
EIDV=264
*GET,XV,ELEM,264,CENT,X
*GET,YV,ELEM,264,CENT,Y
*GET,SV,ELEM,264,ETAB,SEQV
*VWRITE,EIDV,XV,YV,SV
(4(E24.16,','))
EIDV=265
*GET,XV,ELEM,265,CENT,X
*GET,YV,ELEM,265,CENT,Y
*GET,SV,ELEM,265,ETAB,SEQV
*VWRITE,EIDV,XV,YV,SV
(4(E24.16,','))
EIDV=266
*GET,XV,ELEM,266,CENT,X
*GET,YV,ELEM,266,CENT,Y
*GET,SV,ELEM,266,ETAB,SEQV
*VWRITE,EIDV,XV,YV,SV
(4(E24.16,','))
EIDV=267
*GET,XV,ELEM,267,CENT,X
*GET,YV,ELEM,267,CENT,Y
*GET,SV,ELEM,267,ETAB,SEQV
*VWRITE,EIDV,XV,YV,SV
(4(E24.16,','))
EIDV=268
*GET,XV,ELEM,268,CENT,X
*GET,YV,ELEM,268,CENT,Y
*GET,SV,ELEM,268,ETAB,SEQV
*VWRITE,EIDV,XV,YV,SV
(4(E24.16,','))
EIDV=269
*GET,XV,ELEM,269,CENT,X
*GET,YV,ELEM,269,CENT,Y
*GET,SV,ELEM,269,ETAB,SEQV
*VWRITE,EIDV,XV,YV,SV
(4(E24.16,','))
EIDV=270
*GET,XV,ELEM,270,CENT,X
*GET,YV,ELEM,270,CENT,Y
*GET,SV,ELEM,270,ETAB,SEQV
*VWRITE,EIDV,XV,YV,SV
(4(E24.16,','))
EIDV=271
*GET,XV,ELEM,271,CENT,X
*GET,YV,ELEM,271,CENT,Y
*GET,SV,ELEM,271,ETAB,SEQV
*VWRITE,EIDV,XV,YV,SV
(4(E24.16,','))
EIDV=272
*GET,XV,ELEM,272,CENT,X
*GET,YV,ELEM,272,CENT,Y
*GET,SV,ELEM,272,ETAB,SEQV
*VWRITE,EIDV,XV,YV,SV
(4(E24.16,','))
EIDV=273
*GET,XV,ELEM,273,CENT,X
*GET,YV,ELEM,273,CENT,Y
*GET,SV,ELEM,273,ETAB,SEQV
*VWRITE,EIDV,XV,YV,SV
(4(E24.16,','))
EIDV=274
*GET,XV,ELEM,274,CENT,X
*GET,YV,ELEM,274,CENT,Y
*GET,SV,ELEM,274,ETAB,SEQV
*VWRITE,EIDV,XV,YV,SV
(4(E24.16,','))
EIDV=275
*GET,XV,ELEM,275,CENT,X
*GET,YV,ELEM,275,CENT,Y
*GET,SV,ELEM,275,ETAB,SEQV
*VWRITE,EIDV,XV,YV,SV
(4(E24.16,','))
EIDV=276
*GET,XV,ELEM,276,CENT,X
*GET,YV,ELEM,276,CENT,Y
*GET,SV,ELEM,276,ETAB,SEQV
*VWRITE,EIDV,XV,YV,SV
(4(E24.16,','))
EIDV=277
*GET,XV,ELEM,277,CENT,X
*GET,YV,ELEM,277,CENT,Y
*GET,SV,ELEM,277,ETAB,SEQV
*VWRITE,EIDV,XV,YV,SV
(4(E24.16,','))
EIDV=278
*GET,XV,ELEM,278,CENT,X
*GET,YV,ELEM,278,CENT,Y
*GET,SV,ELEM,278,ETAB,SEQV
*VWRITE,EIDV,XV,YV,SV
(4(E24.16,','))
EIDV=279
*GET,XV,ELEM,279,CENT,X
*GET,YV,ELEM,279,CENT,Y
*GET,SV,ELEM,279,ETAB,SEQV
*VWRITE,EIDV,XV,YV,SV
(4(E24.16,','))
EIDV=280
*GET,XV,ELEM,280,CENT,X
*GET,YV,ELEM,280,CENT,Y
*GET,SV,ELEM,280,ETAB,SEQV
*VWRITE,EIDV,XV,YV,SV
(4(E24.16,','))
EIDV=281
*GET,XV,ELEM,281,CENT,X
*GET,YV,ELEM,281,CENT,Y
*GET,SV,ELEM,281,ETAB,SEQV
*VWRITE,EIDV,XV,YV,SV
(4(E24.16,','))
EIDV=282
*GET,XV,ELEM,282,CENT,X
*GET,YV,ELEM,282,CENT,Y
*GET,SV,ELEM,282,ETAB,SEQV
*VWRITE,EIDV,XV,YV,SV
(4(E24.16,','))
EIDV=283
*GET,XV,ELEM,283,CENT,X
*GET,YV,ELEM,283,CENT,Y
*GET,SV,ELEM,283,ETAB,SEQV
*VWRITE,EIDV,XV,YV,SV
(4(E24.16,','))
EIDV=284
*GET,XV,ELEM,284,CENT,X
*GET,YV,ELEM,284,CENT,Y
*GET,SV,ELEM,284,ETAB,SEQV
*VWRITE,EIDV,XV,YV,SV
(4(E24.16,','))
EIDV=285
*GET,XV,ELEM,285,CENT,X
*GET,YV,ELEM,285,CENT,Y
*GET,SV,ELEM,285,ETAB,SEQV
*VWRITE,EIDV,XV,YV,SV
(4(E24.16,','))
EIDV=286
*GET,XV,ELEM,286,CENT,X
*GET,YV,ELEM,286,CENT,Y
*GET,SV,ELEM,286,ETAB,SEQV
*VWRITE,EIDV,XV,YV,SV
(4(E24.16,','))
EIDV=287
*GET,XV,ELEM,287,CENT,X
*GET,YV,ELEM,287,CENT,Y
*GET,SV,ELEM,287,ETAB,SEQV
*VWRITE,EIDV,XV,YV,SV
(4(E24.16,','))
EIDV=288
*GET,XV,ELEM,288,CENT,X
*GET,YV,ELEM,288,CENT,Y
*GET,SV,ELEM,288,ETAB,SEQV
*VWRITE,EIDV,XV,YV,SV
(4(E24.16,','))
EIDV=289
*GET,XV,ELEM,289,CENT,X
*GET,YV,ELEM,289,CENT,Y
*GET,SV,ELEM,289,ETAB,SEQV
*VWRITE,EIDV,XV,YV,SV
(4(E24.16,','))
EIDV=290
*GET,XV,ELEM,290,CENT,X
*GET,YV,ELEM,290,CENT,Y
*GET,SV,ELEM,290,ETAB,SEQV
*VWRITE,EIDV,XV,YV,SV
(4(E24.16,','))
EIDV=291
*GET,XV,ELEM,291,CENT,X
*GET,YV,ELEM,291,CENT,Y
*GET,SV,ELEM,291,ETAB,SEQV
*VWRITE,EIDV,XV,YV,SV
(4(E24.16,','))
EIDV=292
*GET,XV,ELEM,292,CENT,X
*GET,YV,ELEM,292,CENT,Y
*GET,SV,ELEM,292,ETAB,SEQV
*VWRITE,EIDV,XV,YV,SV
(4(E24.16,','))
EIDV=293
*GET,XV,ELEM,293,CENT,X
*GET,YV,ELEM,293,CENT,Y
*GET,SV,ELEM,293,ETAB,SEQV
*VWRITE,EIDV,XV,YV,SV
(4(E24.16,','))
EIDV=294
*GET,XV,ELEM,294,CENT,X
*GET,YV,ELEM,294,CENT,Y
*GET,SV,ELEM,294,ETAB,SEQV
*VWRITE,EIDV,XV,YV,SV
(4(E24.16,','))
EIDV=295
*GET,XV,ELEM,295,CENT,X
*GET,YV,ELEM,295,CENT,Y
*GET,SV,ELEM,295,ETAB,SEQV
*VWRITE,EIDV,XV,YV,SV
(4(E24.16,','))
EIDV=296
*GET,XV,ELEM,296,CENT,X
*GET,YV,ELEM,296,CENT,Y
*GET,SV,ELEM,296,ETAB,SEQV
*VWRITE,EIDV,XV,YV,SV
(4(E24.16,','))
EIDV=297
*GET,XV,ELEM,297,CENT,X
*GET,YV,ELEM,297,CENT,Y
*GET,SV,ELEM,297,ETAB,SEQV
*VWRITE,EIDV,XV,YV,SV
(4(E24.16,','))
EIDV=298
*GET,XV,ELEM,298,CENT,X
*GET,YV,ELEM,298,CENT,Y
*GET,SV,ELEM,298,ETAB,SEQV
*VWRITE,EIDV,XV,YV,SV
(4(E24.16,','))
EIDV=299
*GET,XV,ELEM,299,CENT,X
*GET,YV,ELEM,299,CENT,Y
*GET,SV,ELEM,299,ETAB,SEQV
*VWRITE,EIDV,XV,YV,SV
(4(E24.16,','))
EIDV=300
*GET,XV,ELEM,300,CENT,X
*GET,YV,ELEM,300,CENT,Y
*GET,SV,ELEM,300,ETAB,SEQV
*VWRITE,EIDV,XV,YV,SV
(4(E24.16,','))
EIDV=301
*GET,XV,ELEM,301,CENT,X
*GET,YV,ELEM,301,CENT,Y
*GET,SV,ELEM,301,ETAB,SEQV
*VWRITE,EIDV,XV,YV,SV
(4(E24.16,','))
EIDV=302
*GET,XV,ELEM,302,CENT,X
*GET,YV,ELEM,302,CENT,Y
*GET,SV,ELEM,302,ETAB,SEQV
*VWRITE,EIDV,XV,YV,SV
(4(E24.16,','))
EIDV=303
*GET,XV,ELEM,303,CENT,X
*GET,YV,ELEM,303,CENT,Y
*GET,SV,ELEM,303,ETAB,SEQV
*VWRITE,EIDV,XV,YV,SV
(4(E24.16,','))
EIDV=304
*GET,XV,ELEM,304,CENT,X
*GET,YV,ELEM,304,CENT,Y
*GET,SV,ELEM,304,ETAB,SEQV
*VWRITE,EIDV,XV,YV,SV
(4(E24.16,','))
EIDV=305
*GET,XV,ELEM,305,CENT,X
*GET,YV,ELEM,305,CENT,Y
*GET,SV,ELEM,305,ETAB,SEQV
*VWRITE,EIDV,XV,YV,SV
(4(E24.16,','))
EIDV=306
*GET,XV,ELEM,306,CENT,X
*GET,YV,ELEM,306,CENT,Y
*GET,SV,ELEM,306,ETAB,SEQV
*VWRITE,EIDV,XV,YV,SV
(4(E24.16,','))
EIDV=307
*GET,XV,ELEM,307,CENT,X
*GET,YV,ELEM,307,CENT,Y
*GET,SV,ELEM,307,ETAB,SEQV
*VWRITE,EIDV,XV,YV,SV
(4(E24.16,','))
EIDV=308
*GET,XV,ELEM,308,CENT,X
*GET,YV,ELEM,308,CENT,Y
*GET,SV,ELEM,308,ETAB,SEQV
*VWRITE,EIDV,XV,YV,SV
(4(E24.16,','))
EIDV=309
*GET,XV,ELEM,309,CENT,X
*GET,YV,ELEM,309,CENT,Y
*GET,SV,ELEM,309,ETAB,SEQV
*VWRITE,EIDV,XV,YV,SV
(4(E24.16,','))
EIDV=310
*GET,XV,ELEM,310,CENT,X
*GET,YV,ELEM,310,CENT,Y
*GET,SV,ELEM,310,ETAB,SEQV
*VWRITE,EIDV,XV,YV,SV
(4(E24.16,','))
EIDV=311
*GET,XV,ELEM,311,CENT,X
*GET,YV,ELEM,311,CENT,Y
*GET,SV,ELEM,311,ETAB,SEQV
*VWRITE,EIDV,XV,YV,SV
(4(E24.16,','))
EIDV=312
*GET,XV,ELEM,312,CENT,X
*GET,YV,ELEM,312,CENT,Y
*GET,SV,ELEM,312,ETAB,SEQV
*VWRITE,EIDV,XV,YV,SV
(4(E24.16,','))
EIDV=313
*GET,XV,ELEM,313,CENT,X
*GET,YV,ELEM,313,CENT,Y
*GET,SV,ELEM,313,ETAB,SEQV
*VWRITE,EIDV,XV,YV,SV
(4(E24.16,','))
EIDV=314
*GET,XV,ELEM,314,CENT,X
*GET,YV,ELEM,314,CENT,Y
*GET,SV,ELEM,314,ETAB,SEQV
*VWRITE,EIDV,XV,YV,SV
(4(E24.16,','))
EIDV=315
*GET,XV,ELEM,315,CENT,X
*GET,YV,ELEM,315,CENT,Y
*GET,SV,ELEM,315,ETAB,SEQV
*VWRITE,EIDV,XV,YV,SV
(4(E24.16,','))
EIDV=316
*GET,XV,ELEM,316,CENT,X
*GET,YV,ELEM,316,CENT,Y
*GET,SV,ELEM,316,ETAB,SEQV
*VWRITE,EIDV,XV,YV,SV
(4(E24.16,','))
EIDV=317
*GET,XV,ELEM,317,CENT,X
*GET,YV,ELEM,317,CENT,Y
*GET,SV,ELEM,317,ETAB,SEQV
*VWRITE,EIDV,XV,YV,SV
(4(E24.16,','))
EIDV=318
*GET,XV,ELEM,318,CENT,X
*GET,YV,ELEM,318,CENT,Y
*GET,SV,ELEM,318,ETAB,SEQV
*VWRITE,EIDV,XV,YV,SV
(4(E24.16,','))
EIDV=319
*GET,XV,ELEM,319,CENT,X
*GET,YV,ELEM,319,CENT,Y
*GET,SV,ELEM,319,ETAB,SEQV
*VWRITE,EIDV,XV,YV,SV
(4(E24.16,','))
EIDV=320
*GET,XV,ELEM,320,CENT,X
*GET,YV,ELEM,320,CENT,Y
*GET,SV,ELEM,320,ETAB,SEQV
*VWRITE,EIDV,XV,YV,SV
(4(E24.16,','))
EIDV=321
*GET,XV,ELEM,321,CENT,X
*GET,YV,ELEM,321,CENT,Y
*GET,SV,ELEM,321,ETAB,SEQV
*VWRITE,EIDV,XV,YV,SV
(4(E24.16,','))
EIDV=322
*GET,XV,ELEM,322,CENT,X
*GET,YV,ELEM,322,CENT,Y
*GET,SV,ELEM,322,ETAB,SEQV
*VWRITE,EIDV,XV,YV,SV
(4(E24.16,','))
EIDV=323
*GET,XV,ELEM,323,CENT,X
*GET,YV,ELEM,323,CENT,Y
*GET,SV,ELEM,323,ETAB,SEQV
*VWRITE,EIDV,XV,YV,SV
(4(E24.16,','))
EIDV=324
*GET,XV,ELEM,324,CENT,X
*GET,YV,ELEM,324,CENT,Y
*GET,SV,ELEM,324,ETAB,SEQV
*VWRITE,EIDV,XV,YV,SV
(4(E24.16,','))
EIDV=325
*GET,XV,ELEM,325,CENT,X
*GET,YV,ELEM,325,CENT,Y
*GET,SV,ELEM,325,ETAB,SEQV
*VWRITE,EIDV,XV,YV,SV
(4(E24.16,','))
EIDV=326
*GET,XV,ELEM,326,CENT,X
*GET,YV,ELEM,326,CENT,Y
*GET,SV,ELEM,326,ETAB,SEQV
*VWRITE,EIDV,XV,YV,SV
(4(E24.16,','))
EIDV=327
*GET,XV,ELEM,327,CENT,X
*GET,YV,ELEM,327,CENT,Y
*GET,SV,ELEM,327,ETAB,SEQV
*VWRITE,EIDV,XV,YV,SV
(4(E24.16,','))
EIDV=328
*GET,XV,ELEM,328,CENT,X
*GET,YV,ELEM,328,CENT,Y
*GET,SV,ELEM,328,ETAB,SEQV
*VWRITE,EIDV,XV,YV,SV
(4(E24.16,','))
EIDV=329
*GET,XV,ELEM,329,CENT,X
*GET,YV,ELEM,329,CENT,Y
*GET,SV,ELEM,329,ETAB,SEQV
*VWRITE,EIDV,XV,YV,SV
(4(E24.16,','))
EIDV=330
*GET,XV,ELEM,330,CENT,X
*GET,YV,ELEM,330,CENT,Y
*GET,SV,ELEM,330,ETAB,SEQV
*VWRITE,EIDV,XV,YV,SV
(4(E24.16,','))
EIDV=331
*GET,XV,ELEM,331,CENT,X
*GET,YV,ELEM,331,CENT,Y
*GET,SV,ELEM,331,ETAB,SEQV
*VWRITE,EIDV,XV,YV,SV
(4(E24.16,','))
EIDV=332
*GET,XV,ELEM,332,CENT,X
*GET,YV,ELEM,332,CENT,Y
*GET,SV,ELEM,332,ETAB,SEQV
*VWRITE,EIDV,XV,YV,SV
(4(E24.16,','))
EIDV=333
*GET,XV,ELEM,333,CENT,X
*GET,YV,ELEM,333,CENT,Y
*GET,SV,ELEM,333,ETAB,SEQV
*VWRITE,EIDV,XV,YV,SV
(4(E24.16,','))
EIDV=334
*GET,XV,ELEM,334,CENT,X
*GET,YV,ELEM,334,CENT,Y
*GET,SV,ELEM,334,ETAB,SEQV
*VWRITE,EIDV,XV,YV,SV
(4(E24.16,','))
EIDV=335
*GET,XV,ELEM,335,CENT,X
*GET,YV,ELEM,335,CENT,Y
*GET,SV,ELEM,335,ETAB,SEQV
*VWRITE,EIDV,XV,YV,SV
(4(E24.16,','))
EIDV=336
*GET,XV,ELEM,336,CENT,X
*GET,YV,ELEM,336,CENT,Y
*GET,SV,ELEM,336,ETAB,SEQV
*VWRITE,EIDV,XV,YV,SV
(4(E24.16,','))
EIDV=337
*GET,XV,ELEM,337,CENT,X
*GET,YV,ELEM,337,CENT,Y
*GET,SV,ELEM,337,ETAB,SEQV
*VWRITE,EIDV,XV,YV,SV
(4(E24.16,','))
EIDV=338
*GET,XV,ELEM,338,CENT,X
*GET,YV,ELEM,338,CENT,Y
*GET,SV,ELEM,338,ETAB,SEQV
*VWRITE,EIDV,XV,YV,SV
(4(E24.16,','))
EIDV=339
*GET,XV,ELEM,339,CENT,X
*GET,YV,ELEM,339,CENT,Y
*GET,SV,ELEM,339,ETAB,SEQV
*VWRITE,EIDV,XV,YV,SV
(4(E24.16,','))
EIDV=340
*GET,XV,ELEM,340,CENT,X
*GET,YV,ELEM,340,CENT,Y
*GET,SV,ELEM,340,ETAB,SEQV
*VWRITE,EIDV,XV,YV,SV
(4(E24.16,','))
EIDV=341
*GET,XV,ELEM,341,CENT,X
*GET,YV,ELEM,341,CENT,Y
*GET,SV,ELEM,341,ETAB,SEQV
*VWRITE,EIDV,XV,YV,SV
(4(E24.16,','))
EIDV=342
*GET,XV,ELEM,342,CENT,X
*GET,YV,ELEM,342,CENT,Y
*GET,SV,ELEM,342,ETAB,SEQV
*VWRITE,EIDV,XV,YV,SV
(4(E24.16,','))
EIDV=343
*GET,XV,ELEM,343,CENT,X
*GET,YV,ELEM,343,CENT,Y
*GET,SV,ELEM,343,ETAB,SEQV
*VWRITE,EIDV,XV,YV,SV
(4(E24.16,','))
EIDV=344
*GET,XV,ELEM,344,CENT,X
*GET,YV,ELEM,344,CENT,Y
*GET,SV,ELEM,344,ETAB,SEQV
*VWRITE,EIDV,XV,YV,SV
(4(E24.16,','))
EIDV=345
*GET,XV,ELEM,345,CENT,X
*GET,YV,ELEM,345,CENT,Y
*GET,SV,ELEM,345,ETAB,SEQV
*VWRITE,EIDV,XV,YV,SV
(4(E24.16,','))
EIDV=346
*GET,XV,ELEM,346,CENT,X
*GET,YV,ELEM,346,CENT,Y
*GET,SV,ELEM,346,ETAB,SEQV
*VWRITE,EIDV,XV,YV,SV
(4(E24.16,','))
EIDV=347
*GET,XV,ELEM,347,CENT,X
*GET,YV,ELEM,347,CENT,Y
*GET,SV,ELEM,347,ETAB,SEQV
*VWRITE,EIDV,XV,YV,SV
(4(E24.16,','))
EIDV=348
*GET,XV,ELEM,348,CENT,X
*GET,YV,ELEM,348,CENT,Y
*GET,SV,ELEM,348,ETAB,SEQV
*VWRITE,EIDV,XV,YV,SV
(4(E24.16,','))
EIDV=349
*GET,XV,ELEM,349,CENT,X
*GET,YV,ELEM,349,CENT,Y
*GET,SV,ELEM,349,ETAB,SEQV
*VWRITE,EIDV,XV,YV,SV
(4(E24.16,','))
EIDV=350
*GET,XV,ELEM,350,CENT,X
*GET,YV,ELEM,350,CENT,Y
*GET,SV,ELEM,350,ETAB,SEQV
*VWRITE,EIDV,XV,YV,SV
(4(E24.16,','))
EIDV=351
*GET,XV,ELEM,351,CENT,X
*GET,YV,ELEM,351,CENT,Y
*GET,SV,ELEM,351,ETAB,SEQV
*VWRITE,EIDV,XV,YV,SV
(4(E24.16,','))
EIDV=352
*GET,XV,ELEM,352,CENT,X
*GET,YV,ELEM,352,CENT,Y
*GET,SV,ELEM,352,ETAB,SEQV
*VWRITE,EIDV,XV,YV,SV
(4(E24.16,','))
EIDV=353
*GET,XV,ELEM,353,CENT,X
*GET,YV,ELEM,353,CENT,Y
*GET,SV,ELEM,353,ETAB,SEQV
*VWRITE,EIDV,XV,YV,SV
(4(E24.16,','))
EIDV=354
*GET,XV,ELEM,354,CENT,X
*GET,YV,ELEM,354,CENT,Y
*GET,SV,ELEM,354,ETAB,SEQV
*VWRITE,EIDV,XV,YV,SV
(4(E24.16,','))
EIDV=355
*GET,XV,ELEM,355,CENT,X
*GET,YV,ELEM,355,CENT,Y
*GET,SV,ELEM,355,ETAB,SEQV
*VWRITE,EIDV,XV,YV,SV
(4(E24.16,','))
EIDV=356
*GET,XV,ELEM,356,CENT,X
*GET,YV,ELEM,356,CENT,Y
*GET,SV,ELEM,356,ETAB,SEQV
*VWRITE,EIDV,XV,YV,SV
(4(E24.16,','))
EIDV=357
*GET,XV,ELEM,357,CENT,X
*GET,YV,ELEM,357,CENT,Y
*GET,SV,ELEM,357,ETAB,SEQV
*VWRITE,EIDV,XV,YV,SV
(4(E24.16,','))
EIDV=358
*GET,XV,ELEM,358,CENT,X
*GET,YV,ELEM,358,CENT,Y
*GET,SV,ELEM,358,ETAB,SEQV
*VWRITE,EIDV,XV,YV,SV
(4(E24.16,','))
EIDV=359
*GET,XV,ELEM,359,CENT,X
*GET,YV,ELEM,359,CENT,Y
*GET,SV,ELEM,359,ETAB,SEQV
*VWRITE,EIDV,XV,YV,SV
(4(E24.16,','))
EIDV=360
*GET,XV,ELEM,360,CENT,X
*GET,YV,ELEM,360,CENT,Y
*GET,SV,ELEM,360,ETAB,SEQV
*VWRITE,EIDV,XV,YV,SV
(4(E24.16,','))
EIDV=361
*GET,XV,ELEM,361,CENT,X
*GET,YV,ELEM,361,CENT,Y
*GET,SV,ELEM,361,ETAB,SEQV
*VWRITE,EIDV,XV,YV,SV
(4(E24.16,','))
EIDV=362
*GET,XV,ELEM,362,CENT,X
*GET,YV,ELEM,362,CENT,Y
*GET,SV,ELEM,362,ETAB,SEQV
*VWRITE,EIDV,XV,YV,SV
(4(E24.16,','))
EIDV=363
*GET,XV,ELEM,363,CENT,X
*GET,YV,ELEM,363,CENT,Y
*GET,SV,ELEM,363,ETAB,SEQV
*VWRITE,EIDV,XV,YV,SV
(4(E24.16,','))
EIDV=364
*GET,XV,ELEM,364,CENT,X
*GET,YV,ELEM,364,CENT,Y
*GET,SV,ELEM,364,ETAB,SEQV
*VWRITE,EIDV,XV,YV,SV
(4(E24.16,','))
EIDV=365
*GET,XV,ELEM,365,CENT,X
*GET,YV,ELEM,365,CENT,Y
*GET,SV,ELEM,365,ETAB,SEQV
*VWRITE,EIDV,XV,YV,SV
(4(E24.16,','))
EIDV=366
*GET,XV,ELEM,366,CENT,X
*GET,YV,ELEM,366,CENT,Y
*GET,SV,ELEM,366,ETAB,SEQV
*VWRITE,EIDV,XV,YV,SV
(4(E24.16,','))
EIDV=367
*GET,XV,ELEM,367,CENT,X
*GET,YV,ELEM,367,CENT,Y
*GET,SV,ELEM,367,ETAB,SEQV
*VWRITE,EIDV,XV,YV,SV
(4(E24.16,','))
EIDV=368
*GET,XV,ELEM,368,CENT,X
*GET,YV,ELEM,368,CENT,Y
*GET,SV,ELEM,368,ETAB,SEQV
*VWRITE,EIDV,XV,YV,SV
(4(E24.16,','))
EIDV=369
*GET,XV,ELEM,369,CENT,X
*GET,YV,ELEM,369,CENT,Y
*GET,SV,ELEM,369,ETAB,SEQV
*VWRITE,EIDV,XV,YV,SV
(4(E24.16,','))
EIDV=370
*GET,XV,ELEM,370,CENT,X
*GET,YV,ELEM,370,CENT,Y
*GET,SV,ELEM,370,ETAB,SEQV
*VWRITE,EIDV,XV,YV,SV
(4(E24.16,','))
EIDV=371
*GET,XV,ELEM,371,CENT,X
*GET,YV,ELEM,371,CENT,Y
*GET,SV,ELEM,371,ETAB,SEQV
*VWRITE,EIDV,XV,YV,SV
(4(E24.16,','))
EIDV=372
*GET,XV,ELEM,372,CENT,X
*GET,YV,ELEM,372,CENT,Y
*GET,SV,ELEM,372,ETAB,SEQV
*VWRITE,EIDV,XV,YV,SV
(4(E24.16,','))
EIDV=373
*GET,XV,ELEM,373,CENT,X
*GET,YV,ELEM,373,CENT,Y
*GET,SV,ELEM,373,ETAB,SEQV
*VWRITE,EIDV,XV,YV,SV
(4(E24.16,','))
EIDV=374
*GET,XV,ELEM,374,CENT,X
*GET,YV,ELEM,374,CENT,Y
*GET,SV,ELEM,374,ETAB,SEQV
*VWRITE,EIDV,XV,YV,SV
(4(E24.16,','))
EIDV=375
*GET,XV,ELEM,375,CENT,X
*GET,YV,ELEM,375,CENT,Y
*GET,SV,ELEM,375,ETAB,SEQV
*VWRITE,EIDV,XV,YV,SV
(4(E24.16,','))
EIDV=376
*GET,XV,ELEM,376,CENT,X
*GET,YV,ELEM,376,CENT,Y
*GET,SV,ELEM,376,ETAB,SEQV
*VWRITE,EIDV,XV,YV,SV
(4(E24.16,','))
EIDV=377
*GET,XV,ELEM,377,CENT,X
*GET,YV,ELEM,377,CENT,Y
*GET,SV,ELEM,377,ETAB,SEQV
*VWRITE,EIDV,XV,YV,SV
(4(E24.16,','))
EIDV=378
*GET,XV,ELEM,378,CENT,X
*GET,YV,ELEM,378,CENT,Y
*GET,SV,ELEM,378,ETAB,SEQV
*VWRITE,EIDV,XV,YV,SV
(4(E24.16,','))
EIDV=379
*GET,XV,ELEM,379,CENT,X
*GET,YV,ELEM,379,CENT,Y
*GET,SV,ELEM,379,ETAB,SEQV
*VWRITE,EIDV,XV,YV,SV
(4(E24.16,','))
EIDV=380
*GET,XV,ELEM,380,CENT,X
*GET,YV,ELEM,380,CENT,Y
*GET,SV,ELEM,380,ETAB,SEQV
*VWRITE,EIDV,XV,YV,SV
(4(E24.16,','))
EIDV=381
*GET,XV,ELEM,381,CENT,X
*GET,YV,ELEM,381,CENT,Y
*GET,SV,ELEM,381,ETAB,SEQV
*VWRITE,EIDV,XV,YV,SV
(4(E24.16,','))
EIDV=382
*GET,XV,ELEM,382,CENT,X
*GET,YV,ELEM,382,CENT,Y
*GET,SV,ELEM,382,ETAB,SEQV
*VWRITE,EIDV,XV,YV,SV
(4(E24.16,','))
EIDV=383
*GET,XV,ELEM,383,CENT,X
*GET,YV,ELEM,383,CENT,Y
*GET,SV,ELEM,383,ETAB,SEQV
*VWRITE,EIDV,XV,YV,SV
(4(E24.16,','))
EIDV=384
*GET,XV,ELEM,384,CENT,X
*GET,YV,ELEM,384,CENT,Y
*GET,SV,ELEM,384,ETAB,SEQV
*VWRITE,EIDV,XV,YV,SV
(4(E24.16,','))
EIDV=385
*GET,XV,ELEM,385,CENT,X
*GET,YV,ELEM,385,CENT,Y
*GET,SV,ELEM,385,ETAB,SEQV
*VWRITE,EIDV,XV,YV,SV
(4(E24.16,','))
EIDV=386
*GET,XV,ELEM,386,CENT,X
*GET,YV,ELEM,386,CENT,Y
*GET,SV,ELEM,386,ETAB,SEQV
*VWRITE,EIDV,XV,YV,SV
(4(E24.16,','))
EIDV=387
*GET,XV,ELEM,387,CENT,X
*GET,YV,ELEM,387,CENT,Y
*GET,SV,ELEM,387,ETAB,SEQV
*VWRITE,EIDV,XV,YV,SV
(4(E24.16,','))
EIDV=388
*GET,XV,ELEM,388,CENT,X
*GET,YV,ELEM,388,CENT,Y
*GET,SV,ELEM,388,ETAB,SEQV
*VWRITE,EIDV,XV,YV,SV
(4(E24.16,','))
EIDV=389
*GET,XV,ELEM,389,CENT,X
*GET,YV,ELEM,389,CENT,Y
*GET,SV,ELEM,389,ETAB,SEQV
*VWRITE,EIDV,XV,YV,SV
(4(E24.16,','))
EIDV=390
*GET,XV,ELEM,390,CENT,X
*GET,YV,ELEM,390,CENT,Y
*GET,SV,ELEM,390,ETAB,SEQV
*VWRITE,EIDV,XV,YV,SV
(4(E24.16,','))
EIDV=391
*GET,XV,ELEM,391,CENT,X
*GET,YV,ELEM,391,CENT,Y
*GET,SV,ELEM,391,ETAB,SEQV
*VWRITE,EIDV,XV,YV,SV
(4(E24.16,','))
EIDV=392
*GET,XV,ELEM,392,CENT,X
*GET,YV,ELEM,392,CENT,Y
*GET,SV,ELEM,392,ETAB,SEQV
*VWRITE,EIDV,XV,YV,SV
(4(E24.16,','))
EIDV=393
*GET,XV,ELEM,393,CENT,X
*GET,YV,ELEM,393,CENT,Y
*GET,SV,ELEM,393,ETAB,SEQV
*VWRITE,EIDV,XV,YV,SV
(4(E24.16,','))
EIDV=394
*GET,XV,ELEM,394,CENT,X
*GET,YV,ELEM,394,CENT,Y
*GET,SV,ELEM,394,ETAB,SEQV
*VWRITE,EIDV,XV,YV,SV
(4(E24.16,','))
EIDV=395
*GET,XV,ELEM,395,CENT,X
*GET,YV,ELEM,395,CENT,Y
*GET,SV,ELEM,395,ETAB,SEQV
*VWRITE,EIDV,XV,YV,SV
(4(E24.16,','))
EIDV=396
*GET,XV,ELEM,396,CENT,X
*GET,YV,ELEM,396,CENT,Y
*GET,SV,ELEM,396,ETAB,SEQV
*VWRITE,EIDV,XV,YV,SV
(4(E24.16,','))
EIDV=397
*GET,XV,ELEM,397,CENT,X
*GET,YV,ELEM,397,CENT,Y
*GET,SV,ELEM,397,ETAB,SEQV
*VWRITE,EIDV,XV,YV,SV
(4(E24.16,','))
EIDV=398
*GET,XV,ELEM,398,CENT,X
*GET,YV,ELEM,398,CENT,Y
*GET,SV,ELEM,398,ETAB,SEQV
*VWRITE,EIDV,XV,YV,SV
(4(E24.16,','))
EIDV=399
*GET,XV,ELEM,399,CENT,X
*GET,YV,ELEM,399,CENT,Y
*GET,SV,ELEM,399,ETAB,SEQV
*VWRITE,EIDV,XV,YV,SV
(4(E24.16,','))
EIDV=400
*GET,XV,ELEM,400,CENT,X
*GET,YV,ELEM,400,CENT,Y
*GET,SV,ELEM,400,ETAB,SEQV
*VWRITE,EIDV,XV,YV,SV
(4(E24.16,','))
EIDV=401
*GET,XV,ELEM,401,CENT,X
*GET,YV,ELEM,401,CENT,Y
*GET,SV,ELEM,401,ETAB,SEQV
*VWRITE,EIDV,XV,YV,SV
(4(E24.16,','))
EIDV=402
*GET,XV,ELEM,402,CENT,X
*GET,YV,ELEM,402,CENT,Y
*GET,SV,ELEM,402,ETAB,SEQV
*VWRITE,EIDV,XV,YV,SV
(4(E24.16,','))
EIDV=403
*GET,XV,ELEM,403,CENT,X
*GET,YV,ELEM,403,CENT,Y
*GET,SV,ELEM,403,ETAB,SEQV
*VWRITE,EIDV,XV,YV,SV
(4(E24.16,','))
EIDV=404
*GET,XV,ELEM,404,CENT,X
*GET,YV,ELEM,404,CENT,Y
*GET,SV,ELEM,404,ETAB,SEQV
*VWRITE,EIDV,XV,YV,SV
(4(E24.16,','))
EIDV=405
*GET,XV,ELEM,405,CENT,X
*GET,YV,ELEM,405,CENT,Y
*GET,SV,ELEM,405,ETAB,SEQV
*VWRITE,EIDV,XV,YV,SV
(4(E24.16,','))
EIDV=406
*GET,XV,ELEM,406,CENT,X
*GET,YV,ELEM,406,CENT,Y
*GET,SV,ELEM,406,ETAB,SEQV
*VWRITE,EIDV,XV,YV,SV
(4(E24.16,','))
EIDV=407
*GET,XV,ELEM,407,CENT,X
*GET,YV,ELEM,407,CENT,Y
*GET,SV,ELEM,407,ETAB,SEQV
*VWRITE,EIDV,XV,YV,SV
(4(E24.16,','))
EIDV=408
*GET,XV,ELEM,408,CENT,X
*GET,YV,ELEM,408,CENT,Y
*GET,SV,ELEM,408,ETAB,SEQV
*VWRITE,EIDV,XV,YV,SV
(4(E24.16,','))
EIDV=409
*GET,XV,ELEM,409,CENT,X
*GET,YV,ELEM,409,CENT,Y
*GET,SV,ELEM,409,ETAB,SEQV
*VWRITE,EIDV,XV,YV,SV
(4(E24.16,','))
EIDV=410
*GET,XV,ELEM,410,CENT,X
*GET,YV,ELEM,410,CENT,Y
*GET,SV,ELEM,410,ETAB,SEQV
*VWRITE,EIDV,XV,YV,SV
(4(E24.16,','))
EIDV=411
*GET,XV,ELEM,411,CENT,X
*GET,YV,ELEM,411,CENT,Y
*GET,SV,ELEM,411,ETAB,SEQV
*VWRITE,EIDV,XV,YV,SV
(4(E24.16,','))
EIDV=412
*GET,XV,ELEM,412,CENT,X
*GET,YV,ELEM,412,CENT,Y
*GET,SV,ELEM,412,ETAB,SEQV
*VWRITE,EIDV,XV,YV,SV
(4(E24.16,','))
EIDV=413
*GET,XV,ELEM,413,CENT,X
*GET,YV,ELEM,413,CENT,Y
*GET,SV,ELEM,413,ETAB,SEQV
*VWRITE,EIDV,XV,YV,SV
(4(E24.16,','))
EIDV=414
*GET,XV,ELEM,414,CENT,X
*GET,YV,ELEM,414,CENT,Y
*GET,SV,ELEM,414,ETAB,SEQV
*VWRITE,EIDV,XV,YV,SV
(4(E24.16,','))
EIDV=415
*GET,XV,ELEM,415,CENT,X
*GET,YV,ELEM,415,CENT,Y
*GET,SV,ELEM,415,ETAB,SEQV
*VWRITE,EIDV,XV,YV,SV
(4(E24.16,','))
EIDV=416
*GET,XV,ELEM,416,CENT,X
*GET,YV,ELEM,416,CENT,Y
*GET,SV,ELEM,416,ETAB,SEQV
*VWRITE,EIDV,XV,YV,SV
(4(E24.16,','))
EIDV=417
*GET,XV,ELEM,417,CENT,X
*GET,YV,ELEM,417,CENT,Y
*GET,SV,ELEM,417,ETAB,SEQV
*VWRITE,EIDV,XV,YV,SV
(4(E24.16,','))
EIDV=418
*GET,XV,ELEM,418,CENT,X
*GET,YV,ELEM,418,CENT,Y
*GET,SV,ELEM,418,ETAB,SEQV
*VWRITE,EIDV,XV,YV,SV
(4(E24.16,','))
EIDV=419
*GET,XV,ELEM,419,CENT,X
*GET,YV,ELEM,419,CENT,Y
*GET,SV,ELEM,419,ETAB,SEQV
*VWRITE,EIDV,XV,YV,SV
(4(E24.16,','))
EIDV=420
*GET,XV,ELEM,420,CENT,X
*GET,YV,ELEM,420,CENT,Y
*GET,SV,ELEM,420,ETAB,SEQV
*VWRITE,EIDV,XV,YV,SV
(4(E24.16,','))
EIDV=421
*GET,XV,ELEM,421,CENT,X
*GET,YV,ELEM,421,CENT,Y
*GET,SV,ELEM,421,ETAB,SEQV
*VWRITE,EIDV,XV,YV,SV
(4(E24.16,','))
EIDV=422
*GET,XV,ELEM,422,CENT,X
*GET,YV,ELEM,422,CENT,Y
*GET,SV,ELEM,422,ETAB,SEQV
*VWRITE,EIDV,XV,YV,SV
(4(E24.16,','))
EIDV=423
*GET,XV,ELEM,423,CENT,X
*GET,YV,ELEM,423,CENT,Y
*GET,SV,ELEM,423,ETAB,SEQV
*VWRITE,EIDV,XV,YV,SV
(4(E24.16,','))
EIDV=424
*GET,XV,ELEM,424,CENT,X
*GET,YV,ELEM,424,CENT,Y
*GET,SV,ELEM,424,ETAB,SEQV
*VWRITE,EIDV,XV,YV,SV
(4(E24.16,','))
EIDV=425
*GET,XV,ELEM,425,CENT,X
*GET,YV,ELEM,425,CENT,Y
*GET,SV,ELEM,425,ETAB,SEQV
*VWRITE,EIDV,XV,YV,SV
(4(E24.16,','))
EIDV=426
*GET,XV,ELEM,426,CENT,X
*GET,YV,ELEM,426,CENT,Y
*GET,SV,ELEM,426,ETAB,SEQV
*VWRITE,EIDV,XV,YV,SV
(4(E24.16,','))
EIDV=427
*GET,XV,ELEM,427,CENT,X
*GET,YV,ELEM,427,CENT,Y
*GET,SV,ELEM,427,ETAB,SEQV
*VWRITE,EIDV,XV,YV,SV
(4(E24.16,','))
EIDV=428
*GET,XV,ELEM,428,CENT,X
*GET,YV,ELEM,428,CENT,Y
*GET,SV,ELEM,428,ETAB,SEQV
*VWRITE,EIDV,XV,YV,SV
(4(E24.16,','))
EIDV=429
*GET,XV,ELEM,429,CENT,X
*GET,YV,ELEM,429,CENT,Y
*GET,SV,ELEM,429,ETAB,SEQV
*VWRITE,EIDV,XV,YV,SV
(4(E24.16,','))
EIDV=430
*GET,XV,ELEM,430,CENT,X
*GET,YV,ELEM,430,CENT,Y
*GET,SV,ELEM,430,ETAB,SEQV
*VWRITE,EIDV,XV,YV,SV
(4(E24.16,','))
EIDV=431
*GET,XV,ELEM,431,CENT,X
*GET,YV,ELEM,431,CENT,Y
*GET,SV,ELEM,431,ETAB,SEQV
*VWRITE,EIDV,XV,YV,SV
(4(E24.16,','))
EIDV=432
*GET,XV,ELEM,432,CENT,X
*GET,YV,ELEM,432,CENT,Y
*GET,SV,ELEM,432,ETAB,SEQV
*VWRITE,EIDV,XV,YV,SV
(4(E24.16,','))
EIDV=433
*GET,XV,ELEM,433,CENT,X
*GET,YV,ELEM,433,CENT,Y
*GET,SV,ELEM,433,ETAB,SEQV
*VWRITE,EIDV,XV,YV,SV
(4(E24.16,','))
EIDV=434
*GET,XV,ELEM,434,CENT,X
*GET,YV,ELEM,434,CENT,Y
*GET,SV,ELEM,434,ETAB,SEQV
*VWRITE,EIDV,XV,YV,SV
(4(E24.16,','))
EIDV=435
*GET,XV,ELEM,435,CENT,X
*GET,YV,ELEM,435,CENT,Y
*GET,SV,ELEM,435,ETAB,SEQV
*VWRITE,EIDV,XV,YV,SV
(4(E24.16,','))
EIDV=436
*GET,XV,ELEM,436,CENT,X
*GET,YV,ELEM,436,CENT,Y
*GET,SV,ELEM,436,ETAB,SEQV
*VWRITE,EIDV,XV,YV,SV
(4(E24.16,','))
EIDV=437
*GET,XV,ELEM,437,CENT,X
*GET,YV,ELEM,437,CENT,Y
*GET,SV,ELEM,437,ETAB,SEQV
*VWRITE,EIDV,XV,YV,SV
(4(E24.16,','))
EIDV=438
*GET,XV,ELEM,438,CENT,X
*GET,YV,ELEM,438,CENT,Y
*GET,SV,ELEM,438,ETAB,SEQV
*VWRITE,EIDV,XV,YV,SV
(4(E24.16,','))
EIDV=439
*GET,XV,ELEM,439,CENT,X
*GET,YV,ELEM,439,CENT,Y
*GET,SV,ELEM,439,ETAB,SEQV
*VWRITE,EIDV,XV,YV,SV
(4(E24.16,','))
EIDV=440
*GET,XV,ELEM,440,CENT,X
*GET,YV,ELEM,440,CENT,Y
*GET,SV,ELEM,440,ETAB,SEQV
*VWRITE,EIDV,XV,YV,SV
(4(E24.16,','))
EIDV=441
*GET,XV,ELEM,441,CENT,X
*GET,YV,ELEM,441,CENT,Y
*GET,SV,ELEM,441,ETAB,SEQV
*VWRITE,EIDV,XV,YV,SV
(4(E24.16,','))
EIDV=442
*GET,XV,ELEM,442,CENT,X
*GET,YV,ELEM,442,CENT,Y
*GET,SV,ELEM,442,ETAB,SEQV
*VWRITE,EIDV,XV,YV,SV
(4(E24.16,','))
EIDV=443
*GET,XV,ELEM,443,CENT,X
*GET,YV,ELEM,443,CENT,Y
*GET,SV,ELEM,443,ETAB,SEQV
*VWRITE,EIDV,XV,YV,SV
(4(E24.16,','))
EIDV=444
*GET,XV,ELEM,444,CENT,X
*GET,YV,ELEM,444,CENT,Y
*GET,SV,ELEM,444,ETAB,SEQV
*VWRITE,EIDV,XV,YV,SV
(4(E24.16,','))
EIDV=445
*GET,XV,ELEM,445,CENT,X
*GET,YV,ELEM,445,CENT,Y
*GET,SV,ELEM,445,ETAB,SEQV
*VWRITE,EIDV,XV,YV,SV
(4(E24.16,','))
EIDV=446
*GET,XV,ELEM,446,CENT,X
*GET,YV,ELEM,446,CENT,Y
*GET,SV,ELEM,446,ETAB,SEQV
*VWRITE,EIDV,XV,YV,SV
(4(E24.16,','))
EIDV=447
*GET,XV,ELEM,447,CENT,X
*GET,YV,ELEM,447,CENT,Y
*GET,SV,ELEM,447,ETAB,SEQV
*VWRITE,EIDV,XV,YV,SV
(4(E24.16,','))
EIDV=448
*GET,XV,ELEM,448,CENT,X
*GET,YV,ELEM,448,CENT,Y
*GET,SV,ELEM,448,ETAB,SEQV
*VWRITE,EIDV,XV,YV,SV
(4(E24.16,','))
EIDV=449
*GET,XV,ELEM,449,CENT,X
*GET,YV,ELEM,449,CENT,Y
*GET,SV,ELEM,449,ETAB,SEQV
*VWRITE,EIDV,XV,YV,SV
(4(E24.16,','))
EIDV=450
*GET,XV,ELEM,450,CENT,X
*GET,YV,ELEM,450,CENT,Y
*GET,SV,ELEM,450,ETAB,SEQV
*VWRITE,EIDV,XV,YV,SV
(4(E24.16,','))
EIDV=451
*GET,XV,ELEM,451,CENT,X
*GET,YV,ELEM,451,CENT,Y
*GET,SV,ELEM,451,ETAB,SEQV
*VWRITE,EIDV,XV,YV,SV
(4(E24.16,','))
EIDV=452
*GET,XV,ELEM,452,CENT,X
*GET,YV,ELEM,452,CENT,Y
*GET,SV,ELEM,452,ETAB,SEQV
*VWRITE,EIDV,XV,YV,SV
(4(E24.16,','))
EIDV=453
*GET,XV,ELEM,453,CENT,X
*GET,YV,ELEM,453,CENT,Y
*GET,SV,ELEM,453,ETAB,SEQV
*VWRITE,EIDV,XV,YV,SV
(4(E24.16,','))
EIDV=454
*GET,XV,ELEM,454,CENT,X
*GET,YV,ELEM,454,CENT,Y
*GET,SV,ELEM,454,ETAB,SEQV
*VWRITE,EIDV,XV,YV,SV
(4(E24.16,','))
EIDV=455
*GET,XV,ELEM,455,CENT,X
*GET,YV,ELEM,455,CENT,Y
*GET,SV,ELEM,455,ETAB,SEQV
*VWRITE,EIDV,XV,YV,SV
(4(E24.16,','))
EIDV=456
*GET,XV,ELEM,456,CENT,X
*GET,YV,ELEM,456,CENT,Y
*GET,SV,ELEM,456,ETAB,SEQV
*VWRITE,EIDV,XV,YV,SV
(4(E24.16,','))
EIDV=457
*GET,XV,ELEM,457,CENT,X
*GET,YV,ELEM,457,CENT,Y
*GET,SV,ELEM,457,ETAB,SEQV
*VWRITE,EIDV,XV,YV,SV
(4(E24.16,','))
EIDV=458
*GET,XV,ELEM,458,CENT,X
*GET,YV,ELEM,458,CENT,Y
*GET,SV,ELEM,458,ETAB,SEQV
*VWRITE,EIDV,XV,YV,SV
(4(E24.16,','))
EIDV=459
*GET,XV,ELEM,459,CENT,X
*GET,YV,ELEM,459,CENT,Y
*GET,SV,ELEM,459,ETAB,SEQV
*VWRITE,EIDV,XV,YV,SV
(4(E24.16,','))
EIDV=460
*GET,XV,ELEM,460,CENT,X
*GET,YV,ELEM,460,CENT,Y
*GET,SV,ELEM,460,ETAB,SEQV
*VWRITE,EIDV,XV,YV,SV
(4(E24.16,','))
EIDV=461
*GET,XV,ELEM,461,CENT,X
*GET,YV,ELEM,461,CENT,Y
*GET,SV,ELEM,461,ETAB,SEQV
*VWRITE,EIDV,XV,YV,SV
(4(E24.16,','))
EIDV=462
*GET,XV,ELEM,462,CENT,X
*GET,YV,ELEM,462,CENT,Y
*GET,SV,ELEM,462,ETAB,SEQV
*VWRITE,EIDV,XV,YV,SV
(4(E24.16,','))
EIDV=463
*GET,XV,ELEM,463,CENT,X
*GET,YV,ELEM,463,CENT,Y
*GET,SV,ELEM,463,ETAB,SEQV
*VWRITE,EIDV,XV,YV,SV
(4(E24.16,','))
EIDV=464
*GET,XV,ELEM,464,CENT,X
*GET,YV,ELEM,464,CENT,Y
*GET,SV,ELEM,464,ETAB,SEQV
*VWRITE,EIDV,XV,YV,SV
(4(E24.16,','))
EIDV=465
*GET,XV,ELEM,465,CENT,X
*GET,YV,ELEM,465,CENT,Y
*GET,SV,ELEM,465,ETAB,SEQV
*VWRITE,EIDV,XV,YV,SV
(4(E24.16,','))
EIDV=466
*GET,XV,ELEM,466,CENT,X
*GET,YV,ELEM,466,CENT,Y
*GET,SV,ELEM,466,ETAB,SEQV
*VWRITE,EIDV,XV,YV,SV
(4(E24.16,','))
EIDV=467
*GET,XV,ELEM,467,CENT,X
*GET,YV,ELEM,467,CENT,Y
*GET,SV,ELEM,467,ETAB,SEQV
*VWRITE,EIDV,XV,YV,SV
(4(E24.16,','))
EIDV=468
*GET,XV,ELEM,468,CENT,X
*GET,YV,ELEM,468,CENT,Y
*GET,SV,ELEM,468,ETAB,SEQV
*VWRITE,EIDV,XV,YV,SV
(4(E24.16,','))
EIDV=469
*GET,XV,ELEM,469,CENT,X
*GET,YV,ELEM,469,CENT,Y
*GET,SV,ELEM,469,ETAB,SEQV
*VWRITE,EIDV,XV,YV,SV
(4(E24.16,','))
EIDV=470
*GET,XV,ELEM,470,CENT,X
*GET,YV,ELEM,470,CENT,Y
*GET,SV,ELEM,470,ETAB,SEQV
*VWRITE,EIDV,XV,YV,SV
(4(E24.16,','))
EIDV=471
*GET,XV,ELEM,471,CENT,X
*GET,YV,ELEM,471,CENT,Y
*GET,SV,ELEM,471,ETAB,SEQV
*VWRITE,EIDV,XV,YV,SV
(4(E24.16,','))
EIDV=472
*GET,XV,ELEM,472,CENT,X
*GET,YV,ELEM,472,CENT,Y
*GET,SV,ELEM,472,ETAB,SEQV
*VWRITE,EIDV,XV,YV,SV
(4(E24.16,','))
EIDV=473
*GET,XV,ELEM,473,CENT,X
*GET,YV,ELEM,473,CENT,Y
*GET,SV,ELEM,473,ETAB,SEQV
*VWRITE,EIDV,XV,YV,SV
(4(E24.16,','))
EIDV=474
*GET,XV,ELEM,474,CENT,X
*GET,YV,ELEM,474,CENT,Y
*GET,SV,ELEM,474,ETAB,SEQV
*VWRITE,EIDV,XV,YV,SV
(4(E24.16,','))
EIDV=475
*GET,XV,ELEM,475,CENT,X
*GET,YV,ELEM,475,CENT,Y
*GET,SV,ELEM,475,ETAB,SEQV
*VWRITE,EIDV,XV,YV,SV
(4(E24.16,','))
EIDV=476
*GET,XV,ELEM,476,CENT,X
*GET,YV,ELEM,476,CENT,Y
*GET,SV,ELEM,476,ETAB,SEQV
*VWRITE,EIDV,XV,YV,SV
(4(E24.16,','))
EIDV=477
*GET,XV,ELEM,477,CENT,X
*GET,YV,ELEM,477,CENT,Y
*GET,SV,ELEM,477,ETAB,SEQV
*VWRITE,EIDV,XV,YV,SV
(4(E24.16,','))
EIDV=478
*GET,XV,ELEM,478,CENT,X
*GET,YV,ELEM,478,CENT,Y
*GET,SV,ELEM,478,ETAB,SEQV
*VWRITE,EIDV,XV,YV,SV
(4(E24.16,','))
EIDV=479
*GET,XV,ELEM,479,CENT,X
*GET,YV,ELEM,479,CENT,Y
*GET,SV,ELEM,479,ETAB,SEQV
*VWRITE,EIDV,XV,YV,SV
(4(E24.16,','))
EIDV=480
*GET,XV,ELEM,480,CENT,X
*GET,YV,ELEM,480,CENT,Y
*GET,SV,ELEM,480,ETAB,SEQV
*VWRITE,EIDV,XV,YV,SV
(4(E24.16,','))
EIDV=481
*GET,XV,ELEM,481,CENT,X
*GET,YV,ELEM,481,CENT,Y
*GET,SV,ELEM,481,ETAB,SEQV
*VWRITE,EIDV,XV,YV,SV
(4(E24.16,','))
EIDV=482
*GET,XV,ELEM,482,CENT,X
*GET,YV,ELEM,482,CENT,Y
*GET,SV,ELEM,482,ETAB,SEQV
*VWRITE,EIDV,XV,YV,SV
(4(E24.16,','))
EIDV=483
*GET,XV,ELEM,483,CENT,X
*GET,YV,ELEM,483,CENT,Y
*GET,SV,ELEM,483,ETAB,SEQV
*VWRITE,EIDV,XV,YV,SV
(4(E24.16,','))
EIDV=484
*GET,XV,ELEM,484,CENT,X
*GET,YV,ELEM,484,CENT,Y
*GET,SV,ELEM,484,ETAB,SEQV
*VWRITE,EIDV,XV,YV,SV
(4(E24.16,','))
EIDV=485
*GET,XV,ELEM,485,CENT,X
*GET,YV,ELEM,485,CENT,Y
*GET,SV,ELEM,485,ETAB,SEQV
*VWRITE,EIDV,XV,YV,SV
(4(E24.16,','))
EIDV=486
*GET,XV,ELEM,486,CENT,X
*GET,YV,ELEM,486,CENT,Y
*GET,SV,ELEM,486,ETAB,SEQV
*VWRITE,EIDV,XV,YV,SV
(4(E24.16,','))
EIDV=487
*GET,XV,ELEM,487,CENT,X
*GET,YV,ELEM,487,CENT,Y
*GET,SV,ELEM,487,ETAB,SEQV
*VWRITE,EIDV,XV,YV,SV
(4(E24.16,','))
EIDV=488
*GET,XV,ELEM,488,CENT,X
*GET,YV,ELEM,488,CENT,Y
*GET,SV,ELEM,488,ETAB,SEQV
*VWRITE,EIDV,XV,YV,SV
(4(E24.16,','))
EIDV=489
*GET,XV,ELEM,489,CENT,X
*GET,YV,ELEM,489,CENT,Y
*GET,SV,ELEM,489,ETAB,SEQV
*VWRITE,EIDV,XV,YV,SV
(4(E24.16,','))
EIDV=490
*GET,XV,ELEM,490,CENT,X
*GET,YV,ELEM,490,CENT,Y
*GET,SV,ELEM,490,ETAB,SEQV
*VWRITE,EIDV,XV,YV,SV
(4(E24.16,','))
EIDV=491
*GET,XV,ELEM,491,CENT,X
*GET,YV,ELEM,491,CENT,Y
*GET,SV,ELEM,491,ETAB,SEQV
*VWRITE,EIDV,XV,YV,SV
(4(E24.16,','))
EIDV=492
*GET,XV,ELEM,492,CENT,X
*GET,YV,ELEM,492,CENT,Y
*GET,SV,ELEM,492,ETAB,SEQV
*VWRITE,EIDV,XV,YV,SV
(4(E24.16,','))
EIDV=493
*GET,XV,ELEM,493,CENT,X
*GET,YV,ELEM,493,CENT,Y
*GET,SV,ELEM,493,ETAB,SEQV
*VWRITE,EIDV,XV,YV,SV
(4(E24.16,','))
EIDV=494
*GET,XV,ELEM,494,CENT,X
*GET,YV,ELEM,494,CENT,Y
*GET,SV,ELEM,494,ETAB,SEQV
*VWRITE,EIDV,XV,YV,SV
(4(E24.16,','))
EIDV=495
*GET,XV,ELEM,495,CENT,X
*GET,YV,ELEM,495,CENT,Y
*GET,SV,ELEM,495,ETAB,SEQV
*VWRITE,EIDV,XV,YV,SV
(4(E24.16,','))
EIDV=496
*GET,XV,ELEM,496,CENT,X
*GET,YV,ELEM,496,CENT,Y
*GET,SV,ELEM,496,ETAB,SEQV
*VWRITE,EIDV,XV,YV,SV
(4(E24.16,','))
EIDV=497
*GET,XV,ELEM,497,CENT,X
*GET,YV,ELEM,497,CENT,Y
*GET,SV,ELEM,497,ETAB,SEQV
*VWRITE,EIDV,XV,YV,SV
(4(E24.16,','))
EIDV=498
*GET,XV,ELEM,498,CENT,X
*GET,YV,ELEM,498,CENT,Y
*GET,SV,ELEM,498,ETAB,SEQV
*VWRITE,EIDV,XV,YV,SV
(4(E24.16,','))
EIDV=499
*GET,XV,ELEM,499,CENT,X
*GET,YV,ELEM,499,CENT,Y
*GET,SV,ELEM,499,ETAB,SEQV
*VWRITE,EIDV,XV,YV,SV
(4(E24.16,','))
EIDV=500
*GET,XV,ELEM,500,CENT,X
*GET,YV,ELEM,500,CENT,Y
*GET,SV,ELEM,500,ETAB,SEQV
*VWRITE,EIDV,XV,YV,SV
(4(E24.16,','))
EIDV=501
*GET,XV,ELEM,501,CENT,X
*GET,YV,ELEM,501,CENT,Y
*GET,SV,ELEM,501,ETAB,SEQV
*VWRITE,EIDV,XV,YV,SV
(4(E24.16,','))
EIDV=502
*GET,XV,ELEM,502,CENT,X
*GET,YV,ELEM,502,CENT,Y
*GET,SV,ELEM,502,ETAB,SEQV
*VWRITE,EIDV,XV,YV,SV
(4(E24.16,','))
EIDV=503
*GET,XV,ELEM,503,CENT,X
*GET,YV,ELEM,503,CENT,Y
*GET,SV,ELEM,503,ETAB,SEQV
*VWRITE,EIDV,XV,YV,SV
(4(E24.16,','))
EIDV=504
*GET,XV,ELEM,504,CENT,X
*GET,YV,ELEM,504,CENT,Y
*GET,SV,ELEM,504,ETAB,SEQV
*VWRITE,EIDV,XV,YV,SV
(4(E24.16,','))
EIDV=505
*GET,XV,ELEM,505,CENT,X
*GET,YV,ELEM,505,CENT,Y
*GET,SV,ELEM,505,ETAB,SEQV
*VWRITE,EIDV,XV,YV,SV
(4(E24.16,','))
EIDV=506
*GET,XV,ELEM,506,CENT,X
*GET,YV,ELEM,506,CENT,Y
*GET,SV,ELEM,506,ETAB,SEQV
*VWRITE,EIDV,XV,YV,SV
(4(E24.16,','))
EIDV=507
*GET,XV,ELEM,507,CENT,X
*GET,YV,ELEM,507,CENT,Y
*GET,SV,ELEM,507,ETAB,SEQV
*VWRITE,EIDV,XV,YV,SV
(4(E24.16,','))
EIDV=508
*GET,XV,ELEM,508,CENT,X
*GET,YV,ELEM,508,CENT,Y
*GET,SV,ELEM,508,ETAB,SEQV
*VWRITE,EIDV,XV,YV,SV
(4(E24.16,','))
EIDV=509
*GET,XV,ELEM,509,CENT,X
*GET,YV,ELEM,509,CENT,Y
*GET,SV,ELEM,509,ETAB,SEQV
*VWRITE,EIDV,XV,YV,SV
(4(E24.16,','))
EIDV=510
*GET,XV,ELEM,510,CENT,X
*GET,YV,ELEM,510,CENT,Y
*GET,SV,ELEM,510,ETAB,SEQV
*VWRITE,EIDV,XV,YV,SV
(4(E24.16,','))
EIDV=511
*GET,XV,ELEM,511,CENT,X
*GET,YV,ELEM,511,CENT,Y
*GET,SV,ELEM,511,ETAB,SEQV
*VWRITE,EIDV,XV,YV,SV
(4(E24.16,','))
EIDV=512
*GET,XV,ELEM,512,CENT,X
*GET,YV,ELEM,512,CENT,Y
*GET,SV,ELEM,512,ETAB,SEQV
*VWRITE,EIDV,XV,YV,SV
(4(E24.16,','))
EIDV=513
*GET,XV,ELEM,513,CENT,X
*GET,YV,ELEM,513,CENT,Y
*GET,SV,ELEM,513,ETAB,SEQV
*VWRITE,EIDV,XV,YV,SV
(4(E24.16,','))
EIDV=514
*GET,XV,ELEM,514,CENT,X
*GET,YV,ELEM,514,CENT,Y
*GET,SV,ELEM,514,ETAB,SEQV
*VWRITE,EIDV,XV,YV,SV
(4(E24.16,','))
EIDV=515
*GET,XV,ELEM,515,CENT,X
*GET,YV,ELEM,515,CENT,Y
*GET,SV,ELEM,515,ETAB,SEQV
*VWRITE,EIDV,XV,YV,SV
(4(E24.16,','))
EIDV=516
*GET,XV,ELEM,516,CENT,X
*GET,YV,ELEM,516,CENT,Y
*GET,SV,ELEM,516,ETAB,SEQV
*VWRITE,EIDV,XV,YV,SV
(4(E24.16,','))
EIDV=517
*GET,XV,ELEM,517,CENT,X
*GET,YV,ELEM,517,CENT,Y
*GET,SV,ELEM,517,ETAB,SEQV
*VWRITE,EIDV,XV,YV,SV
(4(E24.16,','))
EIDV=518
*GET,XV,ELEM,518,CENT,X
*GET,YV,ELEM,518,CENT,Y
*GET,SV,ELEM,518,ETAB,SEQV
*VWRITE,EIDV,XV,YV,SV
(4(E24.16,','))
EIDV=519
*GET,XV,ELEM,519,CENT,X
*GET,YV,ELEM,519,CENT,Y
*GET,SV,ELEM,519,ETAB,SEQV
*VWRITE,EIDV,XV,YV,SV
(4(E24.16,','))
EIDV=520
*GET,XV,ELEM,520,CENT,X
*GET,YV,ELEM,520,CENT,Y
*GET,SV,ELEM,520,ETAB,SEQV
*VWRITE,EIDV,XV,YV,SV
(4(E24.16,','))
EIDV=521
*GET,XV,ELEM,521,CENT,X
*GET,YV,ELEM,521,CENT,Y
*GET,SV,ELEM,521,ETAB,SEQV
*VWRITE,EIDV,XV,YV,SV
(4(E24.16,','))
EIDV=522
*GET,XV,ELEM,522,CENT,X
*GET,YV,ELEM,522,CENT,Y
*GET,SV,ELEM,522,ETAB,SEQV
*VWRITE,EIDV,XV,YV,SV
(4(E24.16,','))
EIDV=523
*GET,XV,ELEM,523,CENT,X
*GET,YV,ELEM,523,CENT,Y
*GET,SV,ELEM,523,ETAB,SEQV
*VWRITE,EIDV,XV,YV,SV
(4(E24.16,','))
EIDV=524
*GET,XV,ELEM,524,CENT,X
*GET,YV,ELEM,524,CENT,Y
*GET,SV,ELEM,524,ETAB,SEQV
*VWRITE,EIDV,XV,YV,SV
(4(E24.16,','))
EIDV=525
*GET,XV,ELEM,525,CENT,X
*GET,YV,ELEM,525,CENT,Y
*GET,SV,ELEM,525,ETAB,SEQV
*VWRITE,EIDV,XV,YV,SV
(4(E24.16,','))
EIDV=526
*GET,XV,ELEM,526,CENT,X
*GET,YV,ELEM,526,CENT,Y
*GET,SV,ELEM,526,ETAB,SEQV
*VWRITE,EIDV,XV,YV,SV
(4(E24.16,','))
EIDV=527
*GET,XV,ELEM,527,CENT,X
*GET,YV,ELEM,527,CENT,Y
*GET,SV,ELEM,527,ETAB,SEQV
*VWRITE,EIDV,XV,YV,SV
(4(E24.16,','))
EIDV=528
*GET,XV,ELEM,528,CENT,X
*GET,YV,ELEM,528,CENT,Y
*GET,SV,ELEM,528,ETAB,SEQV
*VWRITE,EIDV,XV,YV,SV
(4(E24.16,','))
EIDV=529
*GET,XV,ELEM,529,CENT,X
*GET,YV,ELEM,529,CENT,Y
*GET,SV,ELEM,529,ETAB,SEQV
*VWRITE,EIDV,XV,YV,SV
(4(E24.16,','))
EIDV=530
*GET,XV,ELEM,530,CENT,X
*GET,YV,ELEM,530,CENT,Y
*GET,SV,ELEM,530,ETAB,SEQV
*VWRITE,EIDV,XV,YV,SV
(4(E24.16,','))
EIDV=531
*GET,XV,ELEM,531,CENT,X
*GET,YV,ELEM,531,CENT,Y
*GET,SV,ELEM,531,ETAB,SEQV
*VWRITE,EIDV,XV,YV,SV
(4(E24.16,','))
EIDV=532
*GET,XV,ELEM,532,CENT,X
*GET,YV,ELEM,532,CENT,Y
*GET,SV,ELEM,532,ETAB,SEQV
*VWRITE,EIDV,XV,YV,SV
(4(E24.16,','))
EIDV=533
*GET,XV,ELEM,533,CENT,X
*GET,YV,ELEM,533,CENT,Y
*GET,SV,ELEM,533,ETAB,SEQV
*VWRITE,EIDV,XV,YV,SV
(4(E24.16,','))
EIDV=534
*GET,XV,ELEM,534,CENT,X
*GET,YV,ELEM,534,CENT,Y
*GET,SV,ELEM,534,ETAB,SEQV
*VWRITE,EIDV,XV,YV,SV
(4(E24.16,','))
EIDV=535
*GET,XV,ELEM,535,CENT,X
*GET,YV,ELEM,535,CENT,Y
*GET,SV,ELEM,535,ETAB,SEQV
*VWRITE,EIDV,XV,YV,SV
(4(E24.16,','))
EIDV=536
*GET,XV,ELEM,536,CENT,X
*GET,YV,ELEM,536,CENT,Y
*GET,SV,ELEM,536,ETAB,SEQV
*VWRITE,EIDV,XV,YV,SV
(4(E24.16,','))
EIDV=537
*GET,XV,ELEM,537,CENT,X
*GET,YV,ELEM,537,CENT,Y
*GET,SV,ELEM,537,ETAB,SEQV
*VWRITE,EIDV,XV,YV,SV
(4(E24.16,','))
EIDV=538
*GET,XV,ELEM,538,CENT,X
*GET,YV,ELEM,538,CENT,Y
*GET,SV,ELEM,538,ETAB,SEQV
*VWRITE,EIDV,XV,YV,SV
(4(E24.16,','))
EIDV=539
*GET,XV,ELEM,539,CENT,X
*GET,YV,ELEM,539,CENT,Y
*GET,SV,ELEM,539,ETAB,SEQV
*VWRITE,EIDV,XV,YV,SV
(4(E24.16,','))
EIDV=540
*GET,XV,ELEM,540,CENT,X
*GET,YV,ELEM,540,CENT,Y
*GET,SV,ELEM,540,ETAB,SEQV
*VWRITE,EIDV,XV,YV,SV
(4(E24.16,','))
EIDV=541
*GET,XV,ELEM,541,CENT,X
*GET,YV,ELEM,541,CENT,Y
*GET,SV,ELEM,541,ETAB,SEQV
*VWRITE,EIDV,XV,YV,SV
(4(E24.16,','))
EIDV=542
*GET,XV,ELEM,542,CENT,X
*GET,YV,ELEM,542,CENT,Y
*GET,SV,ELEM,542,ETAB,SEQV
*VWRITE,EIDV,XV,YV,SV
(4(E24.16,','))
EIDV=543
*GET,XV,ELEM,543,CENT,X
*GET,YV,ELEM,543,CENT,Y
*GET,SV,ELEM,543,ETAB,SEQV
*VWRITE,EIDV,XV,YV,SV
(4(E24.16,','))
EIDV=544
*GET,XV,ELEM,544,CENT,X
*GET,YV,ELEM,544,CENT,Y
*GET,SV,ELEM,544,ETAB,SEQV
*VWRITE,EIDV,XV,YV,SV
(4(E24.16,','))
EIDV=545
*GET,XV,ELEM,545,CENT,X
*GET,YV,ELEM,545,CENT,Y
*GET,SV,ELEM,545,ETAB,SEQV
*VWRITE,EIDV,XV,YV,SV
(4(E24.16,','))
EIDV=546
*GET,XV,ELEM,546,CENT,X
*GET,YV,ELEM,546,CENT,Y
*GET,SV,ELEM,546,ETAB,SEQV
*VWRITE,EIDV,XV,YV,SV
(4(E24.16,','))
EIDV=547
*GET,XV,ELEM,547,CENT,X
*GET,YV,ELEM,547,CENT,Y
*GET,SV,ELEM,547,ETAB,SEQV
*VWRITE,EIDV,XV,YV,SV
(4(E24.16,','))
EIDV=548
*GET,XV,ELEM,548,CENT,X
*GET,YV,ELEM,548,CENT,Y
*GET,SV,ELEM,548,ETAB,SEQV
*VWRITE,EIDV,XV,YV,SV
(4(E24.16,','))
EIDV=549
*GET,XV,ELEM,549,CENT,X
*GET,YV,ELEM,549,CENT,Y
*GET,SV,ELEM,549,ETAB,SEQV
*VWRITE,EIDV,XV,YV,SV
(4(E24.16,','))
EIDV=550
*GET,XV,ELEM,550,CENT,X
*GET,YV,ELEM,550,CENT,Y
*GET,SV,ELEM,550,ETAB,SEQV
*VWRITE,EIDV,XV,YV,SV
(4(E24.16,','))
EIDV=551
*GET,XV,ELEM,551,CENT,X
*GET,YV,ELEM,551,CENT,Y
*GET,SV,ELEM,551,ETAB,SEQV
*VWRITE,EIDV,XV,YV,SV
(4(E24.16,','))
EIDV=552
*GET,XV,ELEM,552,CENT,X
*GET,YV,ELEM,552,CENT,Y
*GET,SV,ELEM,552,ETAB,SEQV
*VWRITE,EIDV,XV,YV,SV
(4(E24.16,','))
EIDV=553
*GET,XV,ELEM,553,CENT,X
*GET,YV,ELEM,553,CENT,Y
*GET,SV,ELEM,553,ETAB,SEQV
*VWRITE,EIDV,XV,YV,SV
(4(E24.16,','))
EIDV=554
*GET,XV,ELEM,554,CENT,X
*GET,YV,ELEM,554,CENT,Y
*GET,SV,ELEM,554,ETAB,SEQV
*VWRITE,EIDV,XV,YV,SV
(4(E24.16,','))
EIDV=555
*GET,XV,ELEM,555,CENT,X
*GET,YV,ELEM,555,CENT,Y
*GET,SV,ELEM,555,ETAB,SEQV
*VWRITE,EIDV,XV,YV,SV
(4(E24.16,','))
EIDV=556
*GET,XV,ELEM,556,CENT,X
*GET,YV,ELEM,556,CENT,Y
*GET,SV,ELEM,556,ETAB,SEQV
*VWRITE,EIDV,XV,YV,SV
(4(E24.16,','))
EIDV=557
*GET,XV,ELEM,557,CENT,X
*GET,YV,ELEM,557,CENT,Y
*GET,SV,ELEM,557,ETAB,SEQV
*VWRITE,EIDV,XV,YV,SV
(4(E24.16,','))
EIDV=558
*GET,XV,ELEM,558,CENT,X
*GET,YV,ELEM,558,CENT,Y
*GET,SV,ELEM,558,ETAB,SEQV
*VWRITE,EIDV,XV,YV,SV
(4(E24.16,','))
EIDV=559
*GET,XV,ELEM,559,CENT,X
*GET,YV,ELEM,559,CENT,Y
*GET,SV,ELEM,559,ETAB,SEQV
*VWRITE,EIDV,XV,YV,SV
(4(E24.16,','))
EIDV=560
*GET,XV,ELEM,560,CENT,X
*GET,YV,ELEM,560,CENT,Y
*GET,SV,ELEM,560,ETAB,SEQV
*VWRITE,EIDV,XV,YV,SV
(4(E24.16,','))
EIDV=561
*GET,XV,ELEM,561,CENT,X
*GET,YV,ELEM,561,CENT,Y
*GET,SV,ELEM,561,ETAB,SEQV
*VWRITE,EIDV,XV,YV,SV
(4(E24.16,','))
EIDV=562
*GET,XV,ELEM,562,CENT,X
*GET,YV,ELEM,562,CENT,Y
*GET,SV,ELEM,562,ETAB,SEQV
*VWRITE,EIDV,XV,YV,SV
(4(E24.16,','))
EIDV=563
*GET,XV,ELEM,563,CENT,X
*GET,YV,ELEM,563,CENT,Y
*GET,SV,ELEM,563,ETAB,SEQV
*VWRITE,EIDV,XV,YV,SV
(4(E24.16,','))
EIDV=564
*GET,XV,ELEM,564,CENT,X
*GET,YV,ELEM,564,CENT,Y
*GET,SV,ELEM,564,ETAB,SEQV
*VWRITE,EIDV,XV,YV,SV
(4(E24.16,','))
EIDV=565
*GET,XV,ELEM,565,CENT,X
*GET,YV,ELEM,565,CENT,Y
*GET,SV,ELEM,565,ETAB,SEQV
*VWRITE,EIDV,XV,YV,SV
(4(E24.16,','))
EIDV=566
*GET,XV,ELEM,566,CENT,X
*GET,YV,ELEM,566,CENT,Y
*GET,SV,ELEM,566,ETAB,SEQV
*VWRITE,EIDV,XV,YV,SV
(4(E24.16,','))
EIDV=567
*GET,XV,ELEM,567,CENT,X
*GET,YV,ELEM,567,CENT,Y
*GET,SV,ELEM,567,ETAB,SEQV
*VWRITE,EIDV,XV,YV,SV
(4(E24.16,','))
EIDV=568
*GET,XV,ELEM,568,CENT,X
*GET,YV,ELEM,568,CENT,Y
*GET,SV,ELEM,568,ETAB,SEQV
*VWRITE,EIDV,XV,YV,SV
(4(E24.16,','))
EIDV=569
*GET,XV,ELEM,569,CENT,X
*GET,YV,ELEM,569,CENT,Y
*GET,SV,ELEM,569,ETAB,SEQV
*VWRITE,EIDV,XV,YV,SV
(4(E24.16,','))
EIDV=570
*GET,XV,ELEM,570,CENT,X
*GET,YV,ELEM,570,CENT,Y
*GET,SV,ELEM,570,ETAB,SEQV
*VWRITE,EIDV,XV,YV,SV
(4(E24.16,','))
EIDV=571
*GET,XV,ELEM,571,CENT,X
*GET,YV,ELEM,571,CENT,Y
*GET,SV,ELEM,571,ETAB,SEQV
*VWRITE,EIDV,XV,YV,SV
(4(E24.16,','))
EIDV=572
*GET,XV,ELEM,572,CENT,X
*GET,YV,ELEM,572,CENT,Y
*GET,SV,ELEM,572,ETAB,SEQV
*VWRITE,EIDV,XV,YV,SV
(4(E24.16,','))
EIDV=573
*GET,XV,ELEM,573,CENT,X
*GET,YV,ELEM,573,CENT,Y
*GET,SV,ELEM,573,ETAB,SEQV
*VWRITE,EIDV,XV,YV,SV
(4(E24.16,','))
EIDV=574
*GET,XV,ELEM,574,CENT,X
*GET,YV,ELEM,574,CENT,Y
*GET,SV,ELEM,574,ETAB,SEQV
*VWRITE,EIDV,XV,YV,SV
(4(E24.16,','))
EIDV=575
*GET,XV,ELEM,575,CENT,X
*GET,YV,ELEM,575,CENT,Y
*GET,SV,ELEM,575,ETAB,SEQV
*VWRITE,EIDV,XV,YV,SV
(4(E24.16,','))
EIDV=576
*GET,XV,ELEM,576,CENT,X
*GET,YV,ELEM,576,CENT,Y
*GET,SV,ELEM,576,ETAB,SEQV
*VWRITE,EIDV,XV,YV,SV
(4(E24.16,','))
EIDV=577
*GET,XV,ELEM,577,CENT,X
*GET,YV,ELEM,577,CENT,Y
*GET,SV,ELEM,577,ETAB,SEQV
*VWRITE,EIDV,XV,YV,SV
(4(E24.16,','))
EIDV=578
*GET,XV,ELEM,578,CENT,X
*GET,YV,ELEM,578,CENT,Y
*GET,SV,ELEM,578,ETAB,SEQV
*VWRITE,EIDV,XV,YV,SV
(4(E24.16,','))
EIDV=579
*GET,XV,ELEM,579,CENT,X
*GET,YV,ELEM,579,CENT,Y
*GET,SV,ELEM,579,ETAB,SEQV
*VWRITE,EIDV,XV,YV,SV
(4(E24.16,','))
EIDV=580
*GET,XV,ELEM,580,CENT,X
*GET,YV,ELEM,580,CENT,Y
*GET,SV,ELEM,580,ETAB,SEQV
*VWRITE,EIDV,XV,YV,SV
(4(E24.16,','))
EIDV=581
*GET,XV,ELEM,581,CENT,X
*GET,YV,ELEM,581,CENT,Y
*GET,SV,ELEM,581,ETAB,SEQV
*VWRITE,EIDV,XV,YV,SV
(4(E24.16,','))
EIDV=582
*GET,XV,ELEM,582,CENT,X
*GET,YV,ELEM,582,CENT,Y
*GET,SV,ELEM,582,ETAB,SEQV
*VWRITE,EIDV,XV,YV,SV
(4(E24.16,','))
EIDV=583
*GET,XV,ELEM,583,CENT,X
*GET,YV,ELEM,583,CENT,Y
*GET,SV,ELEM,583,ETAB,SEQV
*VWRITE,EIDV,XV,YV,SV
(4(E24.16,','))
EIDV=584
*GET,XV,ELEM,584,CENT,X
*GET,YV,ELEM,584,CENT,Y
*GET,SV,ELEM,584,ETAB,SEQV
*VWRITE,EIDV,XV,YV,SV
(4(E24.16,','))
EIDV=585
*GET,XV,ELEM,585,CENT,X
*GET,YV,ELEM,585,CENT,Y
*GET,SV,ELEM,585,ETAB,SEQV
*VWRITE,EIDV,XV,YV,SV
(4(E24.16,','))
EIDV=586
*GET,XV,ELEM,586,CENT,X
*GET,YV,ELEM,586,CENT,Y
*GET,SV,ELEM,586,ETAB,SEQV
*VWRITE,EIDV,XV,YV,SV
(4(E24.16,','))
EIDV=587
*GET,XV,ELEM,587,CENT,X
*GET,YV,ELEM,587,CENT,Y
*GET,SV,ELEM,587,ETAB,SEQV
*VWRITE,EIDV,XV,YV,SV
(4(E24.16,','))
EIDV=588
*GET,XV,ELEM,588,CENT,X
*GET,YV,ELEM,588,CENT,Y
*GET,SV,ELEM,588,ETAB,SEQV
*VWRITE,EIDV,XV,YV,SV
(4(E24.16,','))
EIDV=589
*GET,XV,ELEM,589,CENT,X
*GET,YV,ELEM,589,CENT,Y
*GET,SV,ELEM,589,ETAB,SEQV
*VWRITE,EIDV,XV,YV,SV
(4(E24.16,','))
EIDV=590
*GET,XV,ELEM,590,CENT,X
*GET,YV,ELEM,590,CENT,Y
*GET,SV,ELEM,590,ETAB,SEQV
*VWRITE,EIDV,XV,YV,SV
(4(E24.16,','))
EIDV=591
*GET,XV,ELEM,591,CENT,X
*GET,YV,ELEM,591,CENT,Y
*GET,SV,ELEM,591,ETAB,SEQV
*VWRITE,EIDV,XV,YV,SV
(4(E24.16,','))
EIDV=592
*GET,XV,ELEM,592,CENT,X
*GET,YV,ELEM,592,CENT,Y
*GET,SV,ELEM,592,ETAB,SEQV
*VWRITE,EIDV,XV,YV,SV
(4(E24.16,','))
EIDV=593
*GET,XV,ELEM,593,CENT,X
*GET,YV,ELEM,593,CENT,Y
*GET,SV,ELEM,593,ETAB,SEQV
*VWRITE,EIDV,XV,YV,SV
(4(E24.16,','))
EIDV=594
*GET,XV,ELEM,594,CENT,X
*GET,YV,ELEM,594,CENT,Y
*GET,SV,ELEM,594,ETAB,SEQV
*VWRITE,EIDV,XV,YV,SV
(4(E24.16,','))
EIDV=595
*GET,XV,ELEM,595,CENT,X
*GET,YV,ELEM,595,CENT,Y
*GET,SV,ELEM,595,ETAB,SEQV
*VWRITE,EIDV,XV,YV,SV
(4(E24.16,','))
EIDV=596
*GET,XV,ELEM,596,CENT,X
*GET,YV,ELEM,596,CENT,Y
*GET,SV,ELEM,596,ETAB,SEQV
*VWRITE,EIDV,XV,YV,SV
(4(E24.16,','))
EIDV=597
*GET,XV,ELEM,597,CENT,X
*GET,YV,ELEM,597,CENT,Y
*GET,SV,ELEM,597,ETAB,SEQV
*VWRITE,EIDV,XV,YV,SV
(4(E24.16,','))
EIDV=598
*GET,XV,ELEM,598,CENT,X
*GET,YV,ELEM,598,CENT,Y
*GET,SV,ELEM,598,ETAB,SEQV
*VWRITE,EIDV,XV,YV,SV
(4(E24.16,','))
EIDV=599
*GET,XV,ELEM,599,CENT,X
*GET,YV,ELEM,599,CENT,Y
*GET,SV,ELEM,599,ETAB,SEQV
*VWRITE,EIDV,XV,YV,SV
(4(E24.16,','))
EIDV=600
*GET,XV,ELEM,600,CENT,X
*GET,YV,ELEM,600,CENT,Y
*GET,SV,ELEM,600,ETAB,SEQV
*VWRITE,EIDV,XV,YV,SV
(4(E24.16,','))
EIDV=601
*GET,XV,ELEM,601,CENT,X
*GET,YV,ELEM,601,CENT,Y
*GET,SV,ELEM,601,ETAB,SEQV
*VWRITE,EIDV,XV,YV,SV
(4(E24.16,','))
EIDV=602
*GET,XV,ELEM,602,CENT,X
*GET,YV,ELEM,602,CENT,Y
*GET,SV,ELEM,602,ETAB,SEQV
*VWRITE,EIDV,XV,YV,SV
(4(E24.16,','))
EIDV=603
*GET,XV,ELEM,603,CENT,X
*GET,YV,ELEM,603,CENT,Y
*GET,SV,ELEM,603,ETAB,SEQV
*VWRITE,EIDV,XV,YV,SV
(4(E24.16,','))
EIDV=604
*GET,XV,ELEM,604,CENT,X
*GET,YV,ELEM,604,CENT,Y
*GET,SV,ELEM,604,ETAB,SEQV
*VWRITE,EIDV,XV,YV,SV
(4(E24.16,','))
EIDV=605
*GET,XV,ELEM,605,CENT,X
*GET,YV,ELEM,605,CENT,Y
*GET,SV,ELEM,605,ETAB,SEQV
*VWRITE,EIDV,XV,YV,SV
(4(E24.16,','))
EIDV=606
*GET,XV,ELEM,606,CENT,X
*GET,YV,ELEM,606,CENT,Y
*GET,SV,ELEM,606,ETAB,SEQV
*VWRITE,EIDV,XV,YV,SV
(4(E24.16,','))
EIDV=607
*GET,XV,ELEM,607,CENT,X
*GET,YV,ELEM,607,CENT,Y
*GET,SV,ELEM,607,ETAB,SEQV
*VWRITE,EIDV,XV,YV,SV
(4(E24.16,','))
EIDV=608
*GET,XV,ELEM,608,CENT,X
*GET,YV,ELEM,608,CENT,Y
*GET,SV,ELEM,608,ETAB,SEQV
*VWRITE,EIDV,XV,YV,SV
(4(E24.16,','))
EIDV=609
*GET,XV,ELEM,609,CENT,X
*GET,YV,ELEM,609,CENT,Y
*GET,SV,ELEM,609,ETAB,SEQV
*VWRITE,EIDV,XV,YV,SV
(4(E24.16,','))
EIDV=610
*GET,XV,ELEM,610,CENT,X
*GET,YV,ELEM,610,CENT,Y
*GET,SV,ELEM,610,ETAB,SEQV
*VWRITE,EIDV,XV,YV,SV
(4(E24.16,','))
EIDV=611
*GET,XV,ELEM,611,CENT,X
*GET,YV,ELEM,611,CENT,Y
*GET,SV,ELEM,611,ETAB,SEQV
*VWRITE,EIDV,XV,YV,SV
(4(E24.16,','))
EIDV=612
*GET,XV,ELEM,612,CENT,X
*GET,YV,ELEM,612,CENT,Y
*GET,SV,ELEM,612,ETAB,SEQV
*VWRITE,EIDV,XV,YV,SV
(4(E24.16,','))
EIDV=613
*GET,XV,ELEM,613,CENT,X
*GET,YV,ELEM,613,CENT,Y
*GET,SV,ELEM,613,ETAB,SEQV
*VWRITE,EIDV,XV,YV,SV
(4(E24.16,','))
EIDV=614
*GET,XV,ELEM,614,CENT,X
*GET,YV,ELEM,614,CENT,Y
*GET,SV,ELEM,614,ETAB,SEQV
*VWRITE,EIDV,XV,YV,SV
(4(E24.16,','))
EIDV=615
*GET,XV,ELEM,615,CENT,X
*GET,YV,ELEM,615,CENT,Y
*GET,SV,ELEM,615,ETAB,SEQV
*VWRITE,EIDV,XV,YV,SV
(4(E24.16,','))
EIDV=616
*GET,XV,ELEM,616,CENT,X
*GET,YV,ELEM,616,CENT,Y
*GET,SV,ELEM,616,ETAB,SEQV
*VWRITE,EIDV,XV,YV,SV
(4(E24.16,','))
EIDV=617
*GET,XV,ELEM,617,CENT,X
*GET,YV,ELEM,617,CENT,Y
*GET,SV,ELEM,617,ETAB,SEQV
*VWRITE,EIDV,XV,YV,SV
(4(E24.16,','))
EIDV=618
*GET,XV,ELEM,618,CENT,X
*GET,YV,ELEM,618,CENT,Y
*GET,SV,ELEM,618,ETAB,SEQV
*VWRITE,EIDV,XV,YV,SV
(4(E24.16,','))
EIDV=619
*GET,XV,ELEM,619,CENT,X
*GET,YV,ELEM,619,CENT,Y
*GET,SV,ELEM,619,ETAB,SEQV
*VWRITE,EIDV,XV,YV,SV
(4(E24.16,','))
EIDV=620
*GET,XV,ELEM,620,CENT,X
*GET,YV,ELEM,620,CENT,Y
*GET,SV,ELEM,620,ETAB,SEQV
*VWRITE,EIDV,XV,YV,SV
(4(E24.16,','))
EIDV=621
*GET,XV,ELEM,621,CENT,X
*GET,YV,ELEM,621,CENT,Y
*GET,SV,ELEM,621,ETAB,SEQV
*VWRITE,EIDV,XV,YV,SV
(4(E24.16,','))
EIDV=622
*GET,XV,ELEM,622,CENT,X
*GET,YV,ELEM,622,CENT,Y
*GET,SV,ELEM,622,ETAB,SEQV
*VWRITE,EIDV,XV,YV,SV
(4(E24.16,','))
EIDV=623
*GET,XV,ELEM,623,CENT,X
*GET,YV,ELEM,623,CENT,Y
*GET,SV,ELEM,623,ETAB,SEQV
*VWRITE,EIDV,XV,YV,SV
(4(E24.16,','))
EIDV=624
*GET,XV,ELEM,624,CENT,X
*GET,YV,ELEM,624,CENT,Y
*GET,SV,ELEM,624,ETAB,SEQV
*VWRITE,EIDV,XV,YV,SV
(4(E24.16,','))
EIDV=625
*GET,XV,ELEM,625,CENT,X
*GET,YV,ELEM,625,CENT,Y
*GET,SV,ELEM,625,ETAB,SEQV
*VWRITE,EIDV,XV,YV,SV
(4(E24.16,','))
EIDV=626
*GET,XV,ELEM,626,CENT,X
*GET,YV,ELEM,626,CENT,Y
*GET,SV,ELEM,626,ETAB,SEQV
*VWRITE,EIDV,XV,YV,SV
(4(E24.16,','))
EIDV=627
*GET,XV,ELEM,627,CENT,X
*GET,YV,ELEM,627,CENT,Y
*GET,SV,ELEM,627,ETAB,SEQV
*VWRITE,EIDV,XV,YV,SV
(4(E24.16,','))
EIDV=628
*GET,XV,ELEM,628,CENT,X
*GET,YV,ELEM,628,CENT,Y
*GET,SV,ELEM,628,ETAB,SEQV
*VWRITE,EIDV,XV,YV,SV
(4(E24.16,','))
EIDV=629
*GET,XV,ELEM,629,CENT,X
*GET,YV,ELEM,629,CENT,Y
*GET,SV,ELEM,629,ETAB,SEQV
*VWRITE,EIDV,XV,YV,SV
(4(E24.16,','))
EIDV=630
*GET,XV,ELEM,630,CENT,X
*GET,YV,ELEM,630,CENT,Y
*GET,SV,ELEM,630,ETAB,SEQV
*VWRITE,EIDV,XV,YV,SV
(4(E24.16,','))
EIDV=631
*GET,XV,ELEM,631,CENT,X
*GET,YV,ELEM,631,CENT,Y
*GET,SV,ELEM,631,ETAB,SEQV
*VWRITE,EIDV,XV,YV,SV
(4(E24.16,','))
EIDV=632
*GET,XV,ELEM,632,CENT,X
*GET,YV,ELEM,632,CENT,Y
*GET,SV,ELEM,632,ETAB,SEQV
*VWRITE,EIDV,XV,YV,SV
(4(E24.16,','))
EIDV=633
*GET,XV,ELEM,633,CENT,X
*GET,YV,ELEM,633,CENT,Y
*GET,SV,ELEM,633,ETAB,SEQV
*VWRITE,EIDV,XV,YV,SV
(4(E24.16,','))
EIDV=634
*GET,XV,ELEM,634,CENT,X
*GET,YV,ELEM,634,CENT,Y
*GET,SV,ELEM,634,ETAB,SEQV
*VWRITE,EIDV,XV,YV,SV
(4(E24.16,','))
EIDV=635
*GET,XV,ELEM,635,CENT,X
*GET,YV,ELEM,635,CENT,Y
*GET,SV,ELEM,635,ETAB,SEQV
*VWRITE,EIDV,XV,YV,SV
(4(E24.16,','))
EIDV=636
*GET,XV,ELEM,636,CENT,X
*GET,YV,ELEM,636,CENT,Y
*GET,SV,ELEM,636,ETAB,SEQV
*VWRITE,EIDV,XV,YV,SV
(4(E24.16,','))
EIDV=637
*GET,XV,ELEM,637,CENT,X
*GET,YV,ELEM,637,CENT,Y
*GET,SV,ELEM,637,ETAB,SEQV
*VWRITE,EIDV,XV,YV,SV
(4(E24.16,','))
EIDV=638
*GET,XV,ELEM,638,CENT,X
*GET,YV,ELEM,638,CENT,Y
*GET,SV,ELEM,638,ETAB,SEQV
*VWRITE,EIDV,XV,YV,SV
(4(E24.16,','))
EIDV=639
*GET,XV,ELEM,639,CENT,X
*GET,YV,ELEM,639,CENT,Y
*GET,SV,ELEM,639,ETAB,SEQV
*VWRITE,EIDV,XV,YV,SV
(4(E24.16,','))
EIDV=640
*GET,XV,ELEM,640,CENT,X
*GET,YV,ELEM,640,CENT,Y
*GET,SV,ELEM,640,ETAB,SEQV
*VWRITE,EIDV,XV,YV,SV
(4(E24.16,','))
EIDV=641
*GET,XV,ELEM,641,CENT,X
*GET,YV,ELEM,641,CENT,Y
*GET,SV,ELEM,641,ETAB,SEQV
*VWRITE,EIDV,XV,YV,SV
(4(E24.16,','))
EIDV=642
*GET,XV,ELEM,642,CENT,X
*GET,YV,ELEM,642,CENT,Y
*GET,SV,ELEM,642,ETAB,SEQV
*VWRITE,EIDV,XV,YV,SV
(4(E24.16,','))
EIDV=643
*GET,XV,ELEM,643,CENT,X
*GET,YV,ELEM,643,CENT,Y
*GET,SV,ELEM,643,ETAB,SEQV
*VWRITE,EIDV,XV,YV,SV
(4(E24.16,','))
EIDV=644
*GET,XV,ELEM,644,CENT,X
*GET,YV,ELEM,644,CENT,Y
*GET,SV,ELEM,644,ETAB,SEQV
*VWRITE,EIDV,XV,YV,SV
(4(E24.16,','))
EIDV=645
*GET,XV,ELEM,645,CENT,X
*GET,YV,ELEM,645,CENT,Y
*GET,SV,ELEM,645,ETAB,SEQV
*VWRITE,EIDV,XV,YV,SV
(4(E24.16,','))
EIDV=646
*GET,XV,ELEM,646,CENT,X
*GET,YV,ELEM,646,CENT,Y
*GET,SV,ELEM,646,ETAB,SEQV
*VWRITE,EIDV,XV,YV,SV
(4(E24.16,','))
EIDV=647
*GET,XV,ELEM,647,CENT,X
*GET,YV,ELEM,647,CENT,Y
*GET,SV,ELEM,647,ETAB,SEQV
*VWRITE,EIDV,XV,YV,SV
(4(E24.16,','))
EIDV=648
*GET,XV,ELEM,648,CENT,X
*GET,YV,ELEM,648,CENT,Y
*GET,SV,ELEM,648,ETAB,SEQV
*VWRITE,EIDV,XV,YV,SV
(4(E24.16,','))
EIDV=649
*GET,XV,ELEM,649,CENT,X
*GET,YV,ELEM,649,CENT,Y
*GET,SV,ELEM,649,ETAB,SEQV
*VWRITE,EIDV,XV,YV,SV
(4(E24.16,','))
EIDV=650
*GET,XV,ELEM,650,CENT,X
*GET,YV,ELEM,650,CENT,Y
*GET,SV,ELEM,650,ETAB,SEQV
*VWRITE,EIDV,XV,YV,SV
(4(E24.16,','))
EIDV=651
*GET,XV,ELEM,651,CENT,X
*GET,YV,ELEM,651,CENT,Y
*GET,SV,ELEM,651,ETAB,SEQV
*VWRITE,EIDV,XV,YV,SV
(4(E24.16,','))
EIDV=652
*GET,XV,ELEM,652,CENT,X
*GET,YV,ELEM,652,CENT,Y
*GET,SV,ELEM,652,ETAB,SEQV
*VWRITE,EIDV,XV,YV,SV
(4(E24.16,','))
EIDV=653
*GET,XV,ELEM,653,CENT,X
*GET,YV,ELEM,653,CENT,Y
*GET,SV,ELEM,653,ETAB,SEQV
*VWRITE,EIDV,XV,YV,SV
(4(E24.16,','))
EIDV=654
*GET,XV,ELEM,654,CENT,X
*GET,YV,ELEM,654,CENT,Y
*GET,SV,ELEM,654,ETAB,SEQV
*VWRITE,EIDV,XV,YV,SV
(4(E24.16,','))
EIDV=655
*GET,XV,ELEM,655,CENT,X
*GET,YV,ELEM,655,CENT,Y
*GET,SV,ELEM,655,ETAB,SEQV
*VWRITE,EIDV,XV,YV,SV
(4(E24.16,','))
EIDV=656
*GET,XV,ELEM,656,CENT,X
*GET,YV,ELEM,656,CENT,Y
*GET,SV,ELEM,656,ETAB,SEQV
*VWRITE,EIDV,XV,YV,SV
(4(E24.16,','))
EIDV=657
*GET,XV,ELEM,657,CENT,X
*GET,YV,ELEM,657,CENT,Y
*GET,SV,ELEM,657,ETAB,SEQV
*VWRITE,EIDV,XV,YV,SV
(4(E24.16,','))
EIDV=658
*GET,XV,ELEM,658,CENT,X
*GET,YV,ELEM,658,CENT,Y
*GET,SV,ELEM,658,ETAB,SEQV
*VWRITE,EIDV,XV,YV,SV
(4(E24.16,','))
EIDV=659
*GET,XV,ELEM,659,CENT,X
*GET,YV,ELEM,659,CENT,Y
*GET,SV,ELEM,659,ETAB,SEQV
*VWRITE,EIDV,XV,YV,SV
(4(E24.16,','))
EIDV=660
*GET,XV,ELEM,660,CENT,X
*GET,YV,ELEM,660,CENT,Y
*GET,SV,ELEM,660,ETAB,SEQV
*VWRITE,EIDV,XV,YV,SV
(4(E24.16,','))
EIDV=661
*GET,XV,ELEM,661,CENT,X
*GET,YV,ELEM,661,CENT,Y
*GET,SV,ELEM,661,ETAB,SEQV
*VWRITE,EIDV,XV,YV,SV
(4(E24.16,','))
EIDV=662
*GET,XV,ELEM,662,CENT,X
*GET,YV,ELEM,662,CENT,Y
*GET,SV,ELEM,662,ETAB,SEQV
*VWRITE,EIDV,XV,YV,SV
(4(E24.16,','))
EIDV=663
*GET,XV,ELEM,663,CENT,X
*GET,YV,ELEM,663,CENT,Y
*GET,SV,ELEM,663,ETAB,SEQV
*VWRITE,EIDV,XV,YV,SV
(4(E24.16,','))
EIDV=664
*GET,XV,ELEM,664,CENT,X
*GET,YV,ELEM,664,CENT,Y
*GET,SV,ELEM,664,ETAB,SEQV
*VWRITE,EIDV,XV,YV,SV
(4(E24.16,','))
EIDV=665
*GET,XV,ELEM,665,CENT,X
*GET,YV,ELEM,665,CENT,Y
*GET,SV,ELEM,665,ETAB,SEQV
*VWRITE,EIDV,XV,YV,SV
(4(E24.16,','))
EIDV=666
*GET,XV,ELEM,666,CENT,X
*GET,YV,ELEM,666,CENT,Y
*GET,SV,ELEM,666,ETAB,SEQV
*VWRITE,EIDV,XV,YV,SV
(4(E24.16,','))
EIDV=667
*GET,XV,ELEM,667,CENT,X
*GET,YV,ELEM,667,CENT,Y
*GET,SV,ELEM,667,ETAB,SEQV
*VWRITE,EIDV,XV,YV,SV
(4(E24.16,','))
EIDV=668
*GET,XV,ELEM,668,CENT,X
*GET,YV,ELEM,668,CENT,Y
*GET,SV,ELEM,668,ETAB,SEQV
*VWRITE,EIDV,XV,YV,SV
(4(E24.16,','))
EIDV=669
*GET,XV,ELEM,669,CENT,X
*GET,YV,ELEM,669,CENT,Y
*GET,SV,ELEM,669,ETAB,SEQV
*VWRITE,EIDV,XV,YV,SV
(4(E24.16,','))
EIDV=670
*GET,XV,ELEM,670,CENT,X
*GET,YV,ELEM,670,CENT,Y
*GET,SV,ELEM,670,ETAB,SEQV
*VWRITE,EIDV,XV,YV,SV
(4(E24.16,','))
EIDV=671
*GET,XV,ELEM,671,CENT,X
*GET,YV,ELEM,671,CENT,Y
*GET,SV,ELEM,671,ETAB,SEQV
*VWRITE,EIDV,XV,YV,SV
(4(E24.16,','))
EIDV=672
*GET,XV,ELEM,672,CENT,X
*GET,YV,ELEM,672,CENT,Y
*GET,SV,ELEM,672,ETAB,SEQV
*VWRITE,EIDV,XV,YV,SV
(4(E24.16,','))
EIDV=673
*GET,XV,ELEM,673,CENT,X
*GET,YV,ELEM,673,CENT,Y
*GET,SV,ELEM,673,ETAB,SEQV
*VWRITE,EIDV,XV,YV,SV
(4(E24.16,','))
EIDV=674
*GET,XV,ELEM,674,CENT,X
*GET,YV,ELEM,674,CENT,Y
*GET,SV,ELEM,674,ETAB,SEQV
*VWRITE,EIDV,XV,YV,SV
(4(E24.16,','))
EIDV=675
*GET,XV,ELEM,675,CENT,X
*GET,YV,ELEM,675,CENT,Y
*GET,SV,ELEM,675,ETAB,SEQV
*VWRITE,EIDV,XV,YV,SV
(4(E24.16,','))
EIDV=676
*GET,XV,ELEM,676,CENT,X
*GET,YV,ELEM,676,CENT,Y
*GET,SV,ELEM,676,ETAB,SEQV
*VWRITE,EIDV,XV,YV,SV
(4(E24.16,','))
EIDV=677
*GET,XV,ELEM,677,CENT,X
*GET,YV,ELEM,677,CENT,Y
*GET,SV,ELEM,677,ETAB,SEQV
*VWRITE,EIDV,XV,YV,SV
(4(E24.16,','))
EIDV=678
*GET,XV,ELEM,678,CENT,X
*GET,YV,ELEM,678,CENT,Y
*GET,SV,ELEM,678,ETAB,SEQV
*VWRITE,EIDV,XV,YV,SV
(4(E24.16,','))
EIDV=679
*GET,XV,ELEM,679,CENT,X
*GET,YV,ELEM,679,CENT,Y
*GET,SV,ELEM,679,ETAB,SEQV
*VWRITE,EIDV,XV,YV,SV
(4(E24.16,','))
EIDV=680
*GET,XV,ELEM,680,CENT,X
*GET,YV,ELEM,680,CENT,Y
*GET,SV,ELEM,680,ETAB,SEQV
*VWRITE,EIDV,XV,YV,SV
(4(E24.16,','))
EIDV=681
*GET,XV,ELEM,681,CENT,X
*GET,YV,ELEM,681,CENT,Y
*GET,SV,ELEM,681,ETAB,SEQV
*VWRITE,EIDV,XV,YV,SV
(4(E24.16,','))
EIDV=682
*GET,XV,ELEM,682,CENT,X
*GET,YV,ELEM,682,CENT,Y
*GET,SV,ELEM,682,ETAB,SEQV
*VWRITE,EIDV,XV,YV,SV
(4(E24.16,','))
EIDV=683
*GET,XV,ELEM,683,CENT,X
*GET,YV,ELEM,683,CENT,Y
*GET,SV,ELEM,683,ETAB,SEQV
*VWRITE,EIDV,XV,YV,SV
(4(E24.16,','))
EIDV=684
*GET,XV,ELEM,684,CENT,X
*GET,YV,ELEM,684,CENT,Y
*GET,SV,ELEM,684,ETAB,SEQV
*VWRITE,EIDV,XV,YV,SV
(4(E24.16,','))
EIDV=685
*GET,XV,ELEM,685,CENT,X
*GET,YV,ELEM,685,CENT,Y
*GET,SV,ELEM,685,ETAB,SEQV
*VWRITE,EIDV,XV,YV,SV
(4(E24.16,','))
EIDV=686
*GET,XV,ELEM,686,CENT,X
*GET,YV,ELEM,686,CENT,Y
*GET,SV,ELEM,686,ETAB,SEQV
*VWRITE,EIDV,XV,YV,SV
(4(E24.16,','))
EIDV=687
*GET,XV,ELEM,687,CENT,X
*GET,YV,ELEM,687,CENT,Y
*GET,SV,ELEM,687,ETAB,SEQV
*VWRITE,EIDV,XV,YV,SV
(4(E24.16,','))
EIDV=688
*GET,XV,ELEM,688,CENT,X
*GET,YV,ELEM,688,CENT,Y
*GET,SV,ELEM,688,ETAB,SEQV
*VWRITE,EIDV,XV,YV,SV
(4(E24.16,','))
EIDV=689
*GET,XV,ELEM,689,CENT,X
*GET,YV,ELEM,689,CENT,Y
*GET,SV,ELEM,689,ETAB,SEQV
*VWRITE,EIDV,XV,YV,SV
(4(E24.16,','))
EIDV=690
*GET,XV,ELEM,690,CENT,X
*GET,YV,ELEM,690,CENT,Y
*GET,SV,ELEM,690,ETAB,SEQV
*VWRITE,EIDV,XV,YV,SV
(4(E24.16,','))
EIDV=691
*GET,XV,ELEM,691,CENT,X
*GET,YV,ELEM,691,CENT,Y
*GET,SV,ELEM,691,ETAB,SEQV
*VWRITE,EIDV,XV,YV,SV
(4(E24.16,','))
EIDV=692
*GET,XV,ELEM,692,CENT,X
*GET,YV,ELEM,692,CENT,Y
*GET,SV,ELEM,692,ETAB,SEQV
*VWRITE,EIDV,XV,YV,SV
(4(E24.16,','))
EIDV=693
*GET,XV,ELEM,693,CENT,X
*GET,YV,ELEM,693,CENT,Y
*GET,SV,ELEM,693,ETAB,SEQV
*VWRITE,EIDV,XV,YV,SV
(4(E24.16,','))
EIDV=694
*GET,XV,ELEM,694,CENT,X
*GET,YV,ELEM,694,CENT,Y
*GET,SV,ELEM,694,ETAB,SEQV
*VWRITE,EIDV,XV,YV,SV
(4(E24.16,','))
EIDV=695
*GET,XV,ELEM,695,CENT,X
*GET,YV,ELEM,695,CENT,Y
*GET,SV,ELEM,695,ETAB,SEQV
*VWRITE,EIDV,XV,YV,SV
(4(E24.16,','))
EIDV=696
*GET,XV,ELEM,696,CENT,X
*GET,YV,ELEM,696,CENT,Y
*GET,SV,ELEM,696,ETAB,SEQV
*VWRITE,EIDV,XV,YV,SV
(4(E24.16,','))
EIDV=697
*GET,XV,ELEM,697,CENT,X
*GET,YV,ELEM,697,CENT,Y
*GET,SV,ELEM,697,ETAB,SEQV
*VWRITE,EIDV,XV,YV,SV
(4(E24.16,','))
EIDV=698
*GET,XV,ELEM,698,CENT,X
*GET,YV,ELEM,698,CENT,Y
*GET,SV,ELEM,698,ETAB,SEQV
*VWRITE,EIDV,XV,YV,SV
(4(E24.16,','))
EIDV=699
*GET,XV,ELEM,699,CENT,X
*GET,YV,ELEM,699,CENT,Y
*GET,SV,ELEM,699,ETAB,SEQV
*VWRITE,EIDV,XV,YV,SV
(4(E24.16,','))
EIDV=700
*GET,XV,ELEM,700,CENT,X
*GET,YV,ELEM,700,CENT,Y
*GET,SV,ELEM,700,ETAB,SEQV
*VWRITE,EIDV,XV,YV,SV
(4(E24.16,','))
EIDV=701
*GET,XV,ELEM,701,CENT,X
*GET,YV,ELEM,701,CENT,Y
*GET,SV,ELEM,701,ETAB,SEQV
*VWRITE,EIDV,XV,YV,SV
(4(E24.16,','))
EIDV=702
*GET,XV,ELEM,702,CENT,X
*GET,YV,ELEM,702,CENT,Y
*GET,SV,ELEM,702,ETAB,SEQV
*VWRITE,EIDV,XV,YV,SV
(4(E24.16,','))
EIDV=703
*GET,XV,ELEM,703,CENT,X
*GET,YV,ELEM,703,CENT,Y
*GET,SV,ELEM,703,ETAB,SEQV
*VWRITE,EIDV,XV,YV,SV
(4(E24.16,','))
EIDV=704
*GET,XV,ELEM,704,CENT,X
*GET,YV,ELEM,704,CENT,Y
*GET,SV,ELEM,704,ETAB,SEQV
*VWRITE,EIDV,XV,YV,SV
(4(E24.16,','))
EIDV=705
*GET,XV,ELEM,705,CENT,X
*GET,YV,ELEM,705,CENT,Y
*GET,SV,ELEM,705,ETAB,SEQV
*VWRITE,EIDV,XV,YV,SV
(4(E24.16,','))
EIDV=706
*GET,XV,ELEM,706,CENT,X
*GET,YV,ELEM,706,CENT,Y
*GET,SV,ELEM,706,ETAB,SEQV
*VWRITE,EIDV,XV,YV,SV
(4(E24.16,','))
EIDV=707
*GET,XV,ELEM,707,CENT,X
*GET,YV,ELEM,707,CENT,Y
*GET,SV,ELEM,707,ETAB,SEQV
*VWRITE,EIDV,XV,YV,SV
(4(E24.16,','))
EIDV=708
*GET,XV,ELEM,708,CENT,X
*GET,YV,ELEM,708,CENT,Y
*GET,SV,ELEM,708,ETAB,SEQV
*VWRITE,EIDV,XV,YV,SV
(4(E24.16,','))
EIDV=709
*GET,XV,ELEM,709,CENT,X
*GET,YV,ELEM,709,CENT,Y
*GET,SV,ELEM,709,ETAB,SEQV
*VWRITE,EIDV,XV,YV,SV
(4(E24.16,','))
EIDV=710
*GET,XV,ELEM,710,CENT,X
*GET,YV,ELEM,710,CENT,Y
*GET,SV,ELEM,710,ETAB,SEQV
*VWRITE,EIDV,XV,YV,SV
(4(E24.16,','))
EIDV=711
*GET,XV,ELEM,711,CENT,X
*GET,YV,ELEM,711,CENT,Y
*GET,SV,ELEM,711,ETAB,SEQV
*VWRITE,EIDV,XV,YV,SV
(4(E24.16,','))
EIDV=712
*GET,XV,ELEM,712,CENT,X
*GET,YV,ELEM,712,CENT,Y
*GET,SV,ELEM,712,ETAB,SEQV
*VWRITE,EIDV,XV,YV,SV
(4(E24.16,','))
EIDV=713
*GET,XV,ELEM,713,CENT,X
*GET,YV,ELEM,713,CENT,Y
*GET,SV,ELEM,713,ETAB,SEQV
*VWRITE,EIDV,XV,YV,SV
(4(E24.16,','))
EIDV=714
*GET,XV,ELEM,714,CENT,X
*GET,YV,ELEM,714,CENT,Y
*GET,SV,ELEM,714,ETAB,SEQV
*VWRITE,EIDV,XV,YV,SV
(4(E24.16,','))
EIDV=715
*GET,XV,ELEM,715,CENT,X
*GET,YV,ELEM,715,CENT,Y
*GET,SV,ELEM,715,ETAB,SEQV
*VWRITE,EIDV,XV,YV,SV
(4(E24.16,','))
EIDV=716
*GET,XV,ELEM,716,CENT,X
*GET,YV,ELEM,716,CENT,Y
*GET,SV,ELEM,716,ETAB,SEQV
*VWRITE,EIDV,XV,YV,SV
(4(E24.16,','))
EIDV=717
*GET,XV,ELEM,717,CENT,X
*GET,YV,ELEM,717,CENT,Y
*GET,SV,ELEM,717,ETAB,SEQV
*VWRITE,EIDV,XV,YV,SV
(4(E24.16,','))
EIDV=718
*GET,XV,ELEM,718,CENT,X
*GET,YV,ELEM,718,CENT,Y
*GET,SV,ELEM,718,ETAB,SEQV
*VWRITE,EIDV,XV,YV,SV
(4(E24.16,','))
EIDV=719
*GET,XV,ELEM,719,CENT,X
*GET,YV,ELEM,719,CENT,Y
*GET,SV,ELEM,719,ETAB,SEQV
*VWRITE,EIDV,XV,YV,SV
(4(E24.16,','))
EIDV=720
*GET,XV,ELEM,720,CENT,X
*GET,YV,ELEM,720,CENT,Y
*GET,SV,ELEM,720,ETAB,SEQV
*VWRITE,EIDV,XV,YV,SV
(4(E24.16,','))
EIDV=721
*GET,XV,ELEM,721,CENT,X
*GET,YV,ELEM,721,CENT,Y
*GET,SV,ELEM,721,ETAB,SEQV
*VWRITE,EIDV,XV,YV,SV
(4(E24.16,','))
EIDV=722
*GET,XV,ELEM,722,CENT,X
*GET,YV,ELEM,722,CENT,Y
*GET,SV,ELEM,722,ETAB,SEQV
*VWRITE,EIDV,XV,YV,SV
(4(E24.16,','))
EIDV=723
*GET,XV,ELEM,723,CENT,X
*GET,YV,ELEM,723,CENT,Y
*GET,SV,ELEM,723,ETAB,SEQV
*VWRITE,EIDV,XV,YV,SV
(4(E24.16,','))
EIDV=724
*GET,XV,ELEM,724,CENT,X
*GET,YV,ELEM,724,CENT,Y
*GET,SV,ELEM,724,ETAB,SEQV
*VWRITE,EIDV,XV,YV,SV
(4(E24.16,','))
EIDV=725
*GET,XV,ELEM,725,CENT,X
*GET,YV,ELEM,725,CENT,Y
*GET,SV,ELEM,725,ETAB,SEQV
*VWRITE,EIDV,XV,YV,SV
(4(E24.16,','))
EIDV=726
*GET,XV,ELEM,726,CENT,X
*GET,YV,ELEM,726,CENT,Y
*GET,SV,ELEM,726,ETAB,SEQV
*VWRITE,EIDV,XV,YV,SV
(4(E24.16,','))
EIDV=727
*GET,XV,ELEM,727,CENT,X
*GET,YV,ELEM,727,CENT,Y
*GET,SV,ELEM,727,ETAB,SEQV
*VWRITE,EIDV,XV,YV,SV
(4(E24.16,','))
EIDV=728
*GET,XV,ELEM,728,CENT,X
*GET,YV,ELEM,728,CENT,Y
*GET,SV,ELEM,728,ETAB,SEQV
*VWRITE,EIDV,XV,YV,SV
(4(E24.16,','))
EIDV=729
*GET,XV,ELEM,729,CENT,X
*GET,YV,ELEM,729,CENT,Y
*GET,SV,ELEM,729,ETAB,SEQV
*VWRITE,EIDV,XV,YV,SV
(4(E24.16,','))
EIDV=730
*GET,XV,ELEM,730,CENT,X
*GET,YV,ELEM,730,CENT,Y
*GET,SV,ELEM,730,ETAB,SEQV
*VWRITE,EIDV,XV,YV,SV
(4(E24.16,','))
EIDV=731
*GET,XV,ELEM,731,CENT,X
*GET,YV,ELEM,731,CENT,Y
*GET,SV,ELEM,731,ETAB,SEQV
*VWRITE,EIDV,XV,YV,SV
(4(E24.16,','))
EIDV=732
*GET,XV,ELEM,732,CENT,X
*GET,YV,ELEM,732,CENT,Y
*GET,SV,ELEM,732,ETAB,SEQV
*VWRITE,EIDV,XV,YV,SV
(4(E24.16,','))
EIDV=733
*GET,XV,ELEM,733,CENT,X
*GET,YV,ELEM,733,CENT,Y
*GET,SV,ELEM,733,ETAB,SEQV
*VWRITE,EIDV,XV,YV,SV
(4(E24.16,','))
EIDV=734
*GET,XV,ELEM,734,CENT,X
*GET,YV,ELEM,734,CENT,Y
*GET,SV,ELEM,734,ETAB,SEQV
*VWRITE,EIDV,XV,YV,SV
(4(E24.16,','))
EIDV=735
*GET,XV,ELEM,735,CENT,X
*GET,YV,ELEM,735,CENT,Y
*GET,SV,ELEM,735,ETAB,SEQV
*VWRITE,EIDV,XV,YV,SV
(4(E24.16,','))
EIDV=736
*GET,XV,ELEM,736,CENT,X
*GET,YV,ELEM,736,CENT,Y
*GET,SV,ELEM,736,ETAB,SEQV
*VWRITE,EIDV,XV,YV,SV
(4(E24.16,','))
EIDV=737
*GET,XV,ELEM,737,CENT,X
*GET,YV,ELEM,737,CENT,Y
*GET,SV,ELEM,737,ETAB,SEQV
*VWRITE,EIDV,XV,YV,SV
(4(E24.16,','))
EIDV=738
*GET,XV,ELEM,738,CENT,X
*GET,YV,ELEM,738,CENT,Y
*GET,SV,ELEM,738,ETAB,SEQV
*VWRITE,EIDV,XV,YV,SV
(4(E24.16,','))
EIDV=739
*GET,XV,ELEM,739,CENT,X
*GET,YV,ELEM,739,CENT,Y
*GET,SV,ELEM,739,ETAB,SEQV
*VWRITE,EIDV,XV,YV,SV
(4(E24.16,','))
EIDV=740
*GET,XV,ELEM,740,CENT,X
*GET,YV,ELEM,740,CENT,Y
*GET,SV,ELEM,740,ETAB,SEQV
*VWRITE,EIDV,XV,YV,SV
(4(E24.16,','))
EIDV=741
*GET,XV,ELEM,741,CENT,X
*GET,YV,ELEM,741,CENT,Y
*GET,SV,ELEM,741,ETAB,SEQV
*VWRITE,EIDV,XV,YV,SV
(4(E24.16,','))
EIDV=742
*GET,XV,ELEM,742,CENT,X
*GET,YV,ELEM,742,CENT,Y
*GET,SV,ELEM,742,ETAB,SEQV
*VWRITE,EIDV,XV,YV,SV
(4(E24.16,','))
EIDV=743
*GET,XV,ELEM,743,CENT,X
*GET,YV,ELEM,743,CENT,Y
*GET,SV,ELEM,743,ETAB,SEQV
*VWRITE,EIDV,XV,YV,SV
(4(E24.16,','))
EIDV=744
*GET,XV,ELEM,744,CENT,X
*GET,YV,ELEM,744,CENT,Y
*GET,SV,ELEM,744,ETAB,SEQV
*VWRITE,EIDV,XV,YV,SV
(4(E24.16,','))
EIDV=745
*GET,XV,ELEM,745,CENT,X
*GET,YV,ELEM,745,CENT,Y
*GET,SV,ELEM,745,ETAB,SEQV
*VWRITE,EIDV,XV,YV,SV
(4(E24.16,','))
EIDV=746
*GET,XV,ELEM,746,CENT,X
*GET,YV,ELEM,746,CENT,Y
*GET,SV,ELEM,746,ETAB,SEQV
*VWRITE,EIDV,XV,YV,SV
(4(E24.16,','))
EIDV=747
*GET,XV,ELEM,747,CENT,X
*GET,YV,ELEM,747,CENT,Y
*GET,SV,ELEM,747,ETAB,SEQV
*VWRITE,EIDV,XV,YV,SV
(4(E24.16,','))
EIDV=748
*GET,XV,ELEM,748,CENT,X
*GET,YV,ELEM,748,CENT,Y
*GET,SV,ELEM,748,ETAB,SEQV
*VWRITE,EIDV,XV,YV,SV
(4(E24.16,','))
EIDV=749
*GET,XV,ELEM,749,CENT,X
*GET,YV,ELEM,749,CENT,Y
*GET,SV,ELEM,749,ETAB,SEQV
*VWRITE,EIDV,XV,YV,SV
(4(E24.16,','))
EIDV=750
*GET,XV,ELEM,750,CENT,X
*GET,YV,ELEM,750,CENT,Y
*GET,SV,ELEM,750,ETAB,SEQV
*VWRITE,EIDV,XV,YV,SV
(4(E24.16,','))
EIDV=751
*GET,XV,ELEM,751,CENT,X
*GET,YV,ELEM,751,CENT,Y
*GET,SV,ELEM,751,ETAB,SEQV
*VWRITE,EIDV,XV,YV,SV
(4(E24.16,','))
EIDV=752
*GET,XV,ELEM,752,CENT,X
*GET,YV,ELEM,752,CENT,Y
*GET,SV,ELEM,752,ETAB,SEQV
*VWRITE,EIDV,XV,YV,SV
(4(E24.16,','))
EIDV=753
*GET,XV,ELEM,753,CENT,X
*GET,YV,ELEM,753,CENT,Y
*GET,SV,ELEM,753,ETAB,SEQV
*VWRITE,EIDV,XV,YV,SV
(4(E24.16,','))
EIDV=754
*GET,XV,ELEM,754,CENT,X
*GET,YV,ELEM,754,CENT,Y
*GET,SV,ELEM,754,ETAB,SEQV
*VWRITE,EIDV,XV,YV,SV
(4(E24.16,','))
EIDV=755
*GET,XV,ELEM,755,CENT,X
*GET,YV,ELEM,755,CENT,Y
*GET,SV,ELEM,755,ETAB,SEQV
*VWRITE,EIDV,XV,YV,SV
(4(E24.16,','))
EIDV=756
*GET,XV,ELEM,756,CENT,X
*GET,YV,ELEM,756,CENT,Y
*GET,SV,ELEM,756,ETAB,SEQV
*VWRITE,EIDV,XV,YV,SV
(4(E24.16,','))
EIDV=757
*GET,XV,ELEM,757,CENT,X
*GET,YV,ELEM,757,CENT,Y
*GET,SV,ELEM,757,ETAB,SEQV
*VWRITE,EIDV,XV,YV,SV
(4(E24.16,','))
EIDV=758
*GET,XV,ELEM,758,CENT,X
*GET,YV,ELEM,758,CENT,Y
*GET,SV,ELEM,758,ETAB,SEQV
*VWRITE,EIDV,XV,YV,SV
(4(E24.16,','))
EIDV=759
*GET,XV,ELEM,759,CENT,X
*GET,YV,ELEM,759,CENT,Y
*GET,SV,ELEM,759,ETAB,SEQV
*VWRITE,EIDV,XV,YV,SV
(4(E24.16,','))
EIDV=760
*GET,XV,ELEM,760,CENT,X
*GET,YV,ELEM,760,CENT,Y
*GET,SV,ELEM,760,ETAB,SEQV
*VWRITE,EIDV,XV,YV,SV
(4(E24.16,','))
EIDV=761
*GET,XV,ELEM,761,CENT,X
*GET,YV,ELEM,761,CENT,Y
*GET,SV,ELEM,761,ETAB,SEQV
*VWRITE,EIDV,XV,YV,SV
(4(E24.16,','))
EIDV=762
*GET,XV,ELEM,762,CENT,X
*GET,YV,ELEM,762,CENT,Y
*GET,SV,ELEM,762,ETAB,SEQV
*VWRITE,EIDV,XV,YV,SV
(4(E24.16,','))
EIDV=763
*GET,XV,ELEM,763,CENT,X
*GET,YV,ELEM,763,CENT,Y
*GET,SV,ELEM,763,ETAB,SEQV
*VWRITE,EIDV,XV,YV,SV
(4(E24.16,','))
EIDV=764
*GET,XV,ELEM,764,CENT,X
*GET,YV,ELEM,764,CENT,Y
*GET,SV,ELEM,764,ETAB,SEQV
*VWRITE,EIDV,XV,YV,SV
(4(E24.16,','))
EIDV=765
*GET,XV,ELEM,765,CENT,X
*GET,YV,ELEM,765,CENT,Y
*GET,SV,ELEM,765,ETAB,SEQV
*VWRITE,EIDV,XV,YV,SV
(4(E24.16,','))
EIDV=766
*GET,XV,ELEM,766,CENT,X
*GET,YV,ELEM,766,CENT,Y
*GET,SV,ELEM,766,ETAB,SEQV
*VWRITE,EIDV,XV,YV,SV
(4(E24.16,','))
EIDV=767
*GET,XV,ELEM,767,CENT,X
*GET,YV,ELEM,767,CENT,Y
*GET,SV,ELEM,767,ETAB,SEQV
*VWRITE,EIDV,XV,YV,SV
(4(E24.16,','))
EIDV=768
*GET,XV,ELEM,768,CENT,X
*GET,YV,ELEM,768,CENT,Y
*GET,SV,ELEM,768,ETAB,SEQV
*VWRITE,EIDV,XV,YV,SV
(4(E24.16,','))
EIDV=769
*GET,XV,ELEM,769,CENT,X
*GET,YV,ELEM,769,CENT,Y
*GET,SV,ELEM,769,ETAB,SEQV
*VWRITE,EIDV,XV,YV,SV
(4(E24.16,','))
EIDV=770
*GET,XV,ELEM,770,CENT,X
*GET,YV,ELEM,770,CENT,Y
*GET,SV,ELEM,770,ETAB,SEQV
*VWRITE,EIDV,XV,YV,SV
(4(E24.16,','))
EIDV=771
*GET,XV,ELEM,771,CENT,X
*GET,YV,ELEM,771,CENT,Y
*GET,SV,ELEM,771,ETAB,SEQV
*VWRITE,EIDV,XV,YV,SV
(4(E24.16,','))
EIDV=772
*GET,XV,ELEM,772,CENT,X
*GET,YV,ELEM,772,CENT,Y
*GET,SV,ELEM,772,ETAB,SEQV
*VWRITE,EIDV,XV,YV,SV
(4(E24.16,','))
EIDV=773
*GET,XV,ELEM,773,CENT,X
*GET,YV,ELEM,773,CENT,Y
*GET,SV,ELEM,773,ETAB,SEQV
*VWRITE,EIDV,XV,YV,SV
(4(E24.16,','))
EIDV=774
*GET,XV,ELEM,774,CENT,X
*GET,YV,ELEM,774,CENT,Y
*GET,SV,ELEM,774,ETAB,SEQV
*VWRITE,EIDV,XV,YV,SV
(4(E24.16,','))
EIDV=775
*GET,XV,ELEM,775,CENT,X
*GET,YV,ELEM,775,CENT,Y
*GET,SV,ELEM,775,ETAB,SEQV
*VWRITE,EIDV,XV,YV,SV
(4(E24.16,','))
EIDV=776
*GET,XV,ELEM,776,CENT,X
*GET,YV,ELEM,776,CENT,Y
*GET,SV,ELEM,776,ETAB,SEQV
*VWRITE,EIDV,XV,YV,SV
(4(E24.16,','))
EIDV=777
*GET,XV,ELEM,777,CENT,X
*GET,YV,ELEM,777,CENT,Y
*GET,SV,ELEM,777,ETAB,SEQV
*VWRITE,EIDV,XV,YV,SV
(4(E24.16,','))
EIDV=778
*GET,XV,ELEM,778,CENT,X
*GET,YV,ELEM,778,CENT,Y
*GET,SV,ELEM,778,ETAB,SEQV
*VWRITE,EIDV,XV,YV,SV
(4(E24.16,','))
EIDV=779
*GET,XV,ELEM,779,CENT,X
*GET,YV,ELEM,779,CENT,Y
*GET,SV,ELEM,779,ETAB,SEQV
*VWRITE,EIDV,XV,YV,SV
(4(E24.16,','))
EIDV=780
*GET,XV,ELEM,780,CENT,X
*GET,YV,ELEM,780,CENT,Y
*GET,SV,ELEM,780,ETAB,SEQV
*VWRITE,EIDV,XV,YV,SV
(4(E24.16,','))
EIDV=781
*GET,XV,ELEM,781,CENT,X
*GET,YV,ELEM,781,CENT,Y
*GET,SV,ELEM,781,ETAB,SEQV
*VWRITE,EIDV,XV,YV,SV
(4(E24.16,','))
EIDV=782
*GET,XV,ELEM,782,CENT,X
*GET,YV,ELEM,782,CENT,Y
*GET,SV,ELEM,782,ETAB,SEQV
*VWRITE,EIDV,XV,YV,SV
(4(E24.16,','))
EIDV=783
*GET,XV,ELEM,783,CENT,X
*GET,YV,ELEM,783,CENT,Y
*GET,SV,ELEM,783,ETAB,SEQV
*VWRITE,EIDV,XV,YV,SV
(4(E24.16,','))
EIDV=784
*GET,XV,ELEM,784,CENT,X
*GET,YV,ELEM,784,CENT,Y
*GET,SV,ELEM,784,ETAB,SEQV
*VWRITE,EIDV,XV,YV,SV
(4(E24.16,','))
EIDV=785
*GET,XV,ELEM,785,CENT,X
*GET,YV,ELEM,785,CENT,Y
*GET,SV,ELEM,785,ETAB,SEQV
*VWRITE,EIDV,XV,YV,SV
(4(E24.16,','))
EIDV=786
*GET,XV,ELEM,786,CENT,X
*GET,YV,ELEM,786,CENT,Y
*GET,SV,ELEM,786,ETAB,SEQV
*VWRITE,EIDV,XV,YV,SV
(4(E24.16,','))
EIDV=787
*GET,XV,ELEM,787,CENT,X
*GET,YV,ELEM,787,CENT,Y
*GET,SV,ELEM,787,ETAB,SEQV
*VWRITE,EIDV,XV,YV,SV
(4(E24.16,','))
EIDV=788
*GET,XV,ELEM,788,CENT,X
*GET,YV,ELEM,788,CENT,Y
*GET,SV,ELEM,788,ETAB,SEQV
*VWRITE,EIDV,XV,YV,SV
(4(E24.16,','))
EIDV=789
*GET,XV,ELEM,789,CENT,X
*GET,YV,ELEM,789,CENT,Y
*GET,SV,ELEM,789,ETAB,SEQV
*VWRITE,EIDV,XV,YV,SV
(4(E24.16,','))
EIDV=790
*GET,XV,ELEM,790,CENT,X
*GET,YV,ELEM,790,CENT,Y
*GET,SV,ELEM,790,ETAB,SEQV
*VWRITE,EIDV,XV,YV,SV
(4(E24.16,','))
EIDV=791
*GET,XV,ELEM,791,CENT,X
*GET,YV,ELEM,791,CENT,Y
*GET,SV,ELEM,791,ETAB,SEQV
*VWRITE,EIDV,XV,YV,SV
(4(E24.16,','))
EIDV=792
*GET,XV,ELEM,792,CENT,X
*GET,YV,ELEM,792,CENT,Y
*GET,SV,ELEM,792,ETAB,SEQV
*VWRITE,EIDV,XV,YV,SV
(4(E24.16,','))
EIDV=793
*GET,XV,ELEM,793,CENT,X
*GET,YV,ELEM,793,CENT,Y
*GET,SV,ELEM,793,ETAB,SEQV
*VWRITE,EIDV,XV,YV,SV
(4(E24.16,','))
EIDV=794
*GET,XV,ELEM,794,CENT,X
*GET,YV,ELEM,794,CENT,Y
*GET,SV,ELEM,794,ETAB,SEQV
*VWRITE,EIDV,XV,YV,SV
(4(E24.16,','))
EIDV=795
*GET,XV,ELEM,795,CENT,X
*GET,YV,ELEM,795,CENT,Y
*GET,SV,ELEM,795,ETAB,SEQV
*VWRITE,EIDV,XV,YV,SV
(4(E24.16,','))
EIDV=796
*GET,XV,ELEM,796,CENT,X
*GET,YV,ELEM,796,CENT,Y
*GET,SV,ELEM,796,ETAB,SEQV
*VWRITE,EIDV,XV,YV,SV
(4(E24.16,','))
EIDV=797
*GET,XV,ELEM,797,CENT,X
*GET,YV,ELEM,797,CENT,Y
*GET,SV,ELEM,797,ETAB,SEQV
*VWRITE,EIDV,XV,YV,SV
(4(E24.16,','))
EIDV=798
*GET,XV,ELEM,798,CENT,X
*GET,YV,ELEM,798,CENT,Y
*GET,SV,ELEM,798,ETAB,SEQV
*VWRITE,EIDV,XV,YV,SV
(4(E24.16,','))
EIDV=799
*GET,XV,ELEM,799,CENT,X
*GET,YV,ELEM,799,CENT,Y
*GET,SV,ELEM,799,ETAB,SEQV
*VWRITE,EIDV,XV,YV,SV
(4(E24.16,','))
EIDV=800
*GET,XV,ELEM,800,CENT,X
*GET,YV,ELEM,800,CENT,Y
*GET,SV,ELEM,800,ETAB,SEQV
*VWRITE,EIDV,XV,YV,SV
(4(E24.16,','))
EIDV=801
*GET,XV,ELEM,801,CENT,X
*GET,YV,ELEM,801,CENT,Y
*GET,SV,ELEM,801,ETAB,SEQV
*VWRITE,EIDV,XV,YV,SV
(4(E24.16,','))
EIDV=802
*GET,XV,ELEM,802,CENT,X
*GET,YV,ELEM,802,CENT,Y
*GET,SV,ELEM,802,ETAB,SEQV
*VWRITE,EIDV,XV,YV,SV
(4(E24.16,','))
EIDV=803
*GET,XV,ELEM,803,CENT,X
*GET,YV,ELEM,803,CENT,Y
*GET,SV,ELEM,803,ETAB,SEQV
*VWRITE,EIDV,XV,YV,SV
(4(E24.16,','))
EIDV=804
*GET,XV,ELEM,804,CENT,X
*GET,YV,ELEM,804,CENT,Y
*GET,SV,ELEM,804,ETAB,SEQV
*VWRITE,EIDV,XV,YV,SV
(4(E24.16,','))
EIDV=805
*GET,XV,ELEM,805,CENT,X
*GET,YV,ELEM,805,CENT,Y
*GET,SV,ELEM,805,ETAB,SEQV
*VWRITE,EIDV,XV,YV,SV
(4(E24.16,','))
EIDV=806
*GET,XV,ELEM,806,CENT,X
*GET,YV,ELEM,806,CENT,Y
*GET,SV,ELEM,806,ETAB,SEQV
*VWRITE,EIDV,XV,YV,SV
(4(E24.16,','))
EIDV=807
*GET,XV,ELEM,807,CENT,X
*GET,YV,ELEM,807,CENT,Y
*GET,SV,ELEM,807,ETAB,SEQV
*VWRITE,EIDV,XV,YV,SV
(4(E24.16,','))
EIDV=808
*GET,XV,ELEM,808,CENT,X
*GET,YV,ELEM,808,CENT,Y
*GET,SV,ELEM,808,ETAB,SEQV
*VWRITE,EIDV,XV,YV,SV
(4(E24.16,','))
EIDV=809
*GET,XV,ELEM,809,CENT,X
*GET,YV,ELEM,809,CENT,Y
*GET,SV,ELEM,809,ETAB,SEQV
*VWRITE,EIDV,XV,YV,SV
(4(E24.16,','))
EIDV=810
*GET,XV,ELEM,810,CENT,X
*GET,YV,ELEM,810,CENT,Y
*GET,SV,ELEM,810,ETAB,SEQV
*VWRITE,EIDV,XV,YV,SV
(4(E24.16,','))
EIDV=811
*GET,XV,ELEM,811,CENT,X
*GET,YV,ELEM,811,CENT,Y
*GET,SV,ELEM,811,ETAB,SEQV
*VWRITE,EIDV,XV,YV,SV
(4(E24.16,','))
EIDV=812
*GET,XV,ELEM,812,CENT,X
*GET,YV,ELEM,812,CENT,Y
*GET,SV,ELEM,812,ETAB,SEQV
*VWRITE,EIDV,XV,YV,SV
(4(E24.16,','))
EIDV=813
*GET,XV,ELEM,813,CENT,X
*GET,YV,ELEM,813,CENT,Y
*GET,SV,ELEM,813,ETAB,SEQV
*VWRITE,EIDV,XV,YV,SV
(4(E24.16,','))
EIDV=814
*GET,XV,ELEM,814,CENT,X
*GET,YV,ELEM,814,CENT,Y
*GET,SV,ELEM,814,ETAB,SEQV
*VWRITE,EIDV,XV,YV,SV
(4(E24.16,','))
EIDV=815
*GET,XV,ELEM,815,CENT,X
*GET,YV,ELEM,815,CENT,Y
*GET,SV,ELEM,815,ETAB,SEQV
*VWRITE,EIDV,XV,YV,SV
(4(E24.16,','))
EIDV=816
*GET,XV,ELEM,816,CENT,X
*GET,YV,ELEM,816,CENT,Y
*GET,SV,ELEM,816,ETAB,SEQV
*VWRITE,EIDV,XV,YV,SV
(4(E24.16,','))
EIDV=817
*GET,XV,ELEM,817,CENT,X
*GET,YV,ELEM,817,CENT,Y
*GET,SV,ELEM,817,ETAB,SEQV
*VWRITE,EIDV,XV,YV,SV
(4(E24.16,','))
EIDV=818
*GET,XV,ELEM,818,CENT,X
*GET,YV,ELEM,818,CENT,Y
*GET,SV,ELEM,818,ETAB,SEQV
*VWRITE,EIDV,XV,YV,SV
(4(E24.16,','))
EIDV=819
*GET,XV,ELEM,819,CENT,X
*GET,YV,ELEM,819,CENT,Y
*GET,SV,ELEM,819,ETAB,SEQV
*VWRITE,EIDV,XV,YV,SV
(4(E24.16,','))
EIDV=820
*GET,XV,ELEM,820,CENT,X
*GET,YV,ELEM,820,CENT,Y
*GET,SV,ELEM,820,ETAB,SEQV
*VWRITE,EIDV,XV,YV,SV
(4(E24.16,','))
EIDV=821
*GET,XV,ELEM,821,CENT,X
*GET,YV,ELEM,821,CENT,Y
*GET,SV,ELEM,821,ETAB,SEQV
*VWRITE,EIDV,XV,YV,SV
(4(E24.16,','))
EIDV=822
*GET,XV,ELEM,822,CENT,X
*GET,YV,ELEM,822,CENT,Y
*GET,SV,ELEM,822,ETAB,SEQV
*VWRITE,EIDV,XV,YV,SV
(4(E24.16,','))
EIDV=823
*GET,XV,ELEM,823,CENT,X
*GET,YV,ELEM,823,CENT,Y
*GET,SV,ELEM,823,ETAB,SEQV
*VWRITE,EIDV,XV,YV,SV
(4(E24.16,','))
EIDV=824
*GET,XV,ELEM,824,CENT,X
*GET,YV,ELEM,824,CENT,Y
*GET,SV,ELEM,824,ETAB,SEQV
*VWRITE,EIDV,XV,YV,SV
(4(E24.16,','))
EIDV=825
*GET,XV,ELEM,825,CENT,X
*GET,YV,ELEM,825,CENT,Y
*GET,SV,ELEM,825,ETAB,SEQV
*VWRITE,EIDV,XV,YV,SV
(4(E24.16,','))
EIDV=826
*GET,XV,ELEM,826,CENT,X
*GET,YV,ELEM,826,CENT,Y
*GET,SV,ELEM,826,ETAB,SEQV
*VWRITE,EIDV,XV,YV,SV
(4(E24.16,','))
EIDV=827
*GET,XV,ELEM,827,CENT,X
*GET,YV,ELEM,827,CENT,Y
*GET,SV,ELEM,827,ETAB,SEQV
*VWRITE,EIDV,XV,YV,SV
(4(E24.16,','))
EIDV=828
*GET,XV,ELEM,828,CENT,X
*GET,YV,ELEM,828,CENT,Y
*GET,SV,ELEM,828,ETAB,SEQV
*VWRITE,EIDV,XV,YV,SV
(4(E24.16,','))
EIDV=829
*GET,XV,ELEM,829,CENT,X
*GET,YV,ELEM,829,CENT,Y
*GET,SV,ELEM,829,ETAB,SEQV
*VWRITE,EIDV,XV,YV,SV
(4(E24.16,','))
EIDV=830
*GET,XV,ELEM,830,CENT,X
*GET,YV,ELEM,830,CENT,Y
*GET,SV,ELEM,830,ETAB,SEQV
*VWRITE,EIDV,XV,YV,SV
(4(E24.16,','))
EIDV=831
*GET,XV,ELEM,831,CENT,X
*GET,YV,ELEM,831,CENT,Y
*GET,SV,ELEM,831,ETAB,SEQV
*VWRITE,EIDV,XV,YV,SV
(4(E24.16,','))
EIDV=832
*GET,XV,ELEM,832,CENT,X
*GET,YV,ELEM,832,CENT,Y
*GET,SV,ELEM,832,ETAB,SEQV
*VWRITE,EIDV,XV,YV,SV
(4(E24.16,','))
EIDV=833
*GET,XV,ELEM,833,CENT,X
*GET,YV,ELEM,833,CENT,Y
*GET,SV,ELEM,833,ETAB,SEQV
*VWRITE,EIDV,XV,YV,SV
(4(E24.16,','))
EIDV=834
*GET,XV,ELEM,834,CENT,X
*GET,YV,ELEM,834,CENT,Y
*GET,SV,ELEM,834,ETAB,SEQV
*VWRITE,EIDV,XV,YV,SV
(4(E24.16,','))
EIDV=835
*GET,XV,ELEM,835,CENT,X
*GET,YV,ELEM,835,CENT,Y
*GET,SV,ELEM,835,ETAB,SEQV
*VWRITE,EIDV,XV,YV,SV
(4(E24.16,','))
EIDV=836
*GET,XV,ELEM,836,CENT,X
*GET,YV,ELEM,836,CENT,Y
*GET,SV,ELEM,836,ETAB,SEQV
*VWRITE,EIDV,XV,YV,SV
(4(E24.16,','))
EIDV=837
*GET,XV,ELEM,837,CENT,X
*GET,YV,ELEM,837,CENT,Y
*GET,SV,ELEM,837,ETAB,SEQV
*VWRITE,EIDV,XV,YV,SV
(4(E24.16,','))
EIDV=838
*GET,XV,ELEM,838,CENT,X
*GET,YV,ELEM,838,CENT,Y
*GET,SV,ELEM,838,ETAB,SEQV
*VWRITE,EIDV,XV,YV,SV
(4(E24.16,','))
EIDV=839
*GET,XV,ELEM,839,CENT,X
*GET,YV,ELEM,839,CENT,Y
*GET,SV,ELEM,839,ETAB,SEQV
*VWRITE,EIDV,XV,YV,SV
(4(E24.16,','))
EIDV=840
*GET,XV,ELEM,840,CENT,X
*GET,YV,ELEM,840,CENT,Y
*GET,SV,ELEM,840,ETAB,SEQV
*VWRITE,EIDV,XV,YV,SV
(4(E24.16,','))
EIDV=841
*GET,XV,ELEM,841,CENT,X
*GET,YV,ELEM,841,CENT,Y
*GET,SV,ELEM,841,ETAB,SEQV
*VWRITE,EIDV,XV,YV,SV
(4(E24.16,','))
EIDV=842
*GET,XV,ELEM,842,CENT,X
*GET,YV,ELEM,842,CENT,Y
*GET,SV,ELEM,842,ETAB,SEQV
*VWRITE,EIDV,XV,YV,SV
(4(E24.16,','))
EIDV=843
*GET,XV,ELEM,843,CENT,X
*GET,YV,ELEM,843,CENT,Y
*GET,SV,ELEM,843,ETAB,SEQV
*VWRITE,EIDV,XV,YV,SV
(4(E24.16,','))
EIDV=844
*GET,XV,ELEM,844,CENT,X
*GET,YV,ELEM,844,CENT,Y
*GET,SV,ELEM,844,ETAB,SEQV
*VWRITE,EIDV,XV,YV,SV
(4(E24.16,','))
EIDV=845
*GET,XV,ELEM,845,CENT,X
*GET,YV,ELEM,845,CENT,Y
*GET,SV,ELEM,845,ETAB,SEQV
*VWRITE,EIDV,XV,YV,SV
(4(E24.16,','))
EIDV=846
*GET,XV,ELEM,846,CENT,X
*GET,YV,ELEM,846,CENT,Y
*GET,SV,ELEM,846,ETAB,SEQV
*VWRITE,EIDV,XV,YV,SV
(4(E24.16,','))
EIDV=847
*GET,XV,ELEM,847,CENT,X
*GET,YV,ELEM,847,CENT,Y
*GET,SV,ELEM,847,ETAB,SEQV
*VWRITE,EIDV,XV,YV,SV
(4(E24.16,','))
EIDV=848
*GET,XV,ELEM,848,CENT,X
*GET,YV,ELEM,848,CENT,Y
*GET,SV,ELEM,848,ETAB,SEQV
*VWRITE,EIDV,XV,YV,SV
(4(E24.16,','))
EIDV=849
*GET,XV,ELEM,849,CENT,X
*GET,YV,ELEM,849,CENT,Y
*GET,SV,ELEM,849,ETAB,SEQV
*VWRITE,EIDV,XV,YV,SV
(4(E24.16,','))
EIDV=850
*GET,XV,ELEM,850,CENT,X
*GET,YV,ELEM,850,CENT,Y
*GET,SV,ELEM,850,ETAB,SEQV
*VWRITE,EIDV,XV,YV,SV
(4(E24.16,','))
EIDV=851
*GET,XV,ELEM,851,CENT,X
*GET,YV,ELEM,851,CENT,Y
*GET,SV,ELEM,851,ETAB,SEQV
*VWRITE,EIDV,XV,YV,SV
(4(E24.16,','))
EIDV=852
*GET,XV,ELEM,852,CENT,X
*GET,YV,ELEM,852,CENT,Y
*GET,SV,ELEM,852,ETAB,SEQV
*VWRITE,EIDV,XV,YV,SV
(4(E24.16,','))
EIDV=853
*GET,XV,ELEM,853,CENT,X
*GET,YV,ELEM,853,CENT,Y
*GET,SV,ELEM,853,ETAB,SEQV
*VWRITE,EIDV,XV,YV,SV
(4(E24.16,','))
EIDV=854
*GET,XV,ELEM,854,CENT,X
*GET,YV,ELEM,854,CENT,Y
*GET,SV,ELEM,854,ETAB,SEQV
*VWRITE,EIDV,XV,YV,SV
(4(E24.16,','))
EIDV=855
*GET,XV,ELEM,855,CENT,X
*GET,YV,ELEM,855,CENT,Y
*GET,SV,ELEM,855,ETAB,SEQV
*VWRITE,EIDV,XV,YV,SV
(4(E24.16,','))
EIDV=856
*GET,XV,ELEM,856,CENT,X
*GET,YV,ELEM,856,CENT,Y
*GET,SV,ELEM,856,ETAB,SEQV
*VWRITE,EIDV,XV,YV,SV
(4(E24.16,','))
EIDV=857
*GET,XV,ELEM,857,CENT,X
*GET,YV,ELEM,857,CENT,Y
*GET,SV,ELEM,857,ETAB,SEQV
*VWRITE,EIDV,XV,YV,SV
(4(E24.16,','))
EIDV=858
*GET,XV,ELEM,858,CENT,X
*GET,YV,ELEM,858,CENT,Y
*GET,SV,ELEM,858,ETAB,SEQV
*VWRITE,EIDV,XV,YV,SV
(4(E24.16,','))
EIDV=859
*GET,XV,ELEM,859,CENT,X
*GET,YV,ELEM,859,CENT,Y
*GET,SV,ELEM,859,ETAB,SEQV
*VWRITE,EIDV,XV,YV,SV
(4(E24.16,','))
EIDV=860
*GET,XV,ELEM,860,CENT,X
*GET,YV,ELEM,860,CENT,Y
*GET,SV,ELEM,860,ETAB,SEQV
*VWRITE,EIDV,XV,YV,SV
(4(E24.16,','))
EIDV=861
*GET,XV,ELEM,861,CENT,X
*GET,YV,ELEM,861,CENT,Y
*GET,SV,ELEM,861,ETAB,SEQV
*VWRITE,EIDV,XV,YV,SV
(4(E24.16,','))
EIDV=862
*GET,XV,ELEM,862,CENT,X
*GET,YV,ELEM,862,CENT,Y
*GET,SV,ELEM,862,ETAB,SEQV
*VWRITE,EIDV,XV,YV,SV
(4(E24.16,','))
EIDV=863
*GET,XV,ELEM,863,CENT,X
*GET,YV,ELEM,863,CENT,Y
*GET,SV,ELEM,863,ETAB,SEQV
*VWRITE,EIDV,XV,YV,SV
(4(E24.16,','))
EIDV=864
*GET,XV,ELEM,864,CENT,X
*GET,YV,ELEM,864,CENT,Y
*GET,SV,ELEM,864,ETAB,SEQV
*VWRITE,EIDV,XV,YV,SV
(4(E24.16,','))
EIDV=865
*GET,XV,ELEM,865,CENT,X
*GET,YV,ELEM,865,CENT,Y
*GET,SV,ELEM,865,ETAB,SEQV
*VWRITE,EIDV,XV,YV,SV
(4(E24.16,','))
EIDV=866
*GET,XV,ELEM,866,CENT,X
*GET,YV,ELEM,866,CENT,Y
*GET,SV,ELEM,866,ETAB,SEQV
*VWRITE,EIDV,XV,YV,SV
(4(E24.16,','))
EIDV=867
*GET,XV,ELEM,867,CENT,X
*GET,YV,ELEM,867,CENT,Y
*GET,SV,ELEM,867,ETAB,SEQV
*VWRITE,EIDV,XV,YV,SV
(4(E24.16,','))
EIDV=868
*GET,XV,ELEM,868,CENT,X
*GET,YV,ELEM,868,CENT,Y
*GET,SV,ELEM,868,ETAB,SEQV
*VWRITE,EIDV,XV,YV,SV
(4(E24.16,','))
EIDV=869
*GET,XV,ELEM,869,CENT,X
*GET,YV,ELEM,869,CENT,Y
*GET,SV,ELEM,869,ETAB,SEQV
*VWRITE,EIDV,XV,YV,SV
(4(E24.16,','))
EIDV=870
*GET,XV,ELEM,870,CENT,X
*GET,YV,ELEM,870,CENT,Y
*GET,SV,ELEM,870,ETAB,SEQV
*VWRITE,EIDV,XV,YV,SV
(4(E24.16,','))
EIDV=871
*GET,XV,ELEM,871,CENT,X
*GET,YV,ELEM,871,CENT,Y
*GET,SV,ELEM,871,ETAB,SEQV
*VWRITE,EIDV,XV,YV,SV
(4(E24.16,','))
EIDV=872
*GET,XV,ELEM,872,CENT,X
*GET,YV,ELEM,872,CENT,Y
*GET,SV,ELEM,872,ETAB,SEQV
*VWRITE,EIDV,XV,YV,SV
(4(E24.16,','))
EIDV=873
*GET,XV,ELEM,873,CENT,X
*GET,YV,ELEM,873,CENT,Y
*GET,SV,ELEM,873,ETAB,SEQV
*VWRITE,EIDV,XV,YV,SV
(4(E24.16,','))
EIDV=874
*GET,XV,ELEM,874,CENT,X
*GET,YV,ELEM,874,CENT,Y
*GET,SV,ELEM,874,ETAB,SEQV
*VWRITE,EIDV,XV,YV,SV
(4(E24.16,','))
EIDV=875
*GET,XV,ELEM,875,CENT,X
*GET,YV,ELEM,875,CENT,Y
*GET,SV,ELEM,875,ETAB,SEQV
*VWRITE,EIDV,XV,YV,SV
(4(E24.16,','))
EIDV=876
*GET,XV,ELEM,876,CENT,X
*GET,YV,ELEM,876,CENT,Y
*GET,SV,ELEM,876,ETAB,SEQV
*VWRITE,EIDV,XV,YV,SV
(4(E24.16,','))
EIDV=877
*GET,XV,ELEM,877,CENT,X
*GET,YV,ELEM,877,CENT,Y
*GET,SV,ELEM,877,ETAB,SEQV
*VWRITE,EIDV,XV,YV,SV
(4(E24.16,','))
EIDV=878
*GET,XV,ELEM,878,CENT,X
*GET,YV,ELEM,878,CENT,Y
*GET,SV,ELEM,878,ETAB,SEQV
*VWRITE,EIDV,XV,YV,SV
(4(E24.16,','))
EIDV=879
*GET,XV,ELEM,879,CENT,X
*GET,YV,ELEM,879,CENT,Y
*GET,SV,ELEM,879,ETAB,SEQV
*VWRITE,EIDV,XV,YV,SV
(4(E24.16,','))
EIDV=880
*GET,XV,ELEM,880,CENT,X
*GET,YV,ELEM,880,CENT,Y
*GET,SV,ELEM,880,ETAB,SEQV
*VWRITE,EIDV,XV,YV,SV
(4(E24.16,','))
EIDV=881
*GET,XV,ELEM,881,CENT,X
*GET,YV,ELEM,881,CENT,Y
*GET,SV,ELEM,881,ETAB,SEQV
*VWRITE,EIDV,XV,YV,SV
(4(E24.16,','))
EIDV=882
*GET,XV,ELEM,882,CENT,X
*GET,YV,ELEM,882,CENT,Y
*GET,SV,ELEM,882,ETAB,SEQV
*VWRITE,EIDV,XV,YV,SV
(4(E24.16,','))
EIDV=883
*GET,XV,ELEM,883,CENT,X
*GET,YV,ELEM,883,CENT,Y
*GET,SV,ELEM,883,ETAB,SEQV
*VWRITE,EIDV,XV,YV,SV
(4(E24.16,','))
EIDV=884
*GET,XV,ELEM,884,CENT,X
*GET,YV,ELEM,884,CENT,Y
*GET,SV,ELEM,884,ETAB,SEQV
*VWRITE,EIDV,XV,YV,SV
(4(E24.16,','))
EIDV=885
*GET,XV,ELEM,885,CENT,X
*GET,YV,ELEM,885,CENT,Y
*GET,SV,ELEM,885,ETAB,SEQV
*VWRITE,EIDV,XV,YV,SV
(4(E24.16,','))
EIDV=886
*GET,XV,ELEM,886,CENT,X
*GET,YV,ELEM,886,CENT,Y
*GET,SV,ELEM,886,ETAB,SEQV
*VWRITE,EIDV,XV,YV,SV
(4(E24.16,','))
EIDV=887
*GET,XV,ELEM,887,CENT,X
*GET,YV,ELEM,887,CENT,Y
*GET,SV,ELEM,887,ETAB,SEQV
*VWRITE,EIDV,XV,YV,SV
(4(E24.16,','))
EIDV=888
*GET,XV,ELEM,888,CENT,X
*GET,YV,ELEM,888,CENT,Y
*GET,SV,ELEM,888,ETAB,SEQV
*VWRITE,EIDV,XV,YV,SV
(4(E24.16,','))
EIDV=889
*GET,XV,ELEM,889,CENT,X
*GET,YV,ELEM,889,CENT,Y
*GET,SV,ELEM,889,ETAB,SEQV
*VWRITE,EIDV,XV,YV,SV
(4(E24.16,','))
EIDV=890
*GET,XV,ELEM,890,CENT,X
*GET,YV,ELEM,890,CENT,Y
*GET,SV,ELEM,890,ETAB,SEQV
*VWRITE,EIDV,XV,YV,SV
(4(E24.16,','))
EIDV=891
*GET,XV,ELEM,891,CENT,X
*GET,YV,ELEM,891,CENT,Y
*GET,SV,ELEM,891,ETAB,SEQV
*VWRITE,EIDV,XV,YV,SV
(4(E24.16,','))
EIDV=892
*GET,XV,ELEM,892,CENT,X
*GET,YV,ELEM,892,CENT,Y
*GET,SV,ELEM,892,ETAB,SEQV
*VWRITE,EIDV,XV,YV,SV
(4(E24.16,','))
EIDV=893
*GET,XV,ELEM,893,CENT,X
*GET,YV,ELEM,893,CENT,Y
*GET,SV,ELEM,893,ETAB,SEQV
*VWRITE,EIDV,XV,YV,SV
(4(E24.16,','))
EIDV=894
*GET,XV,ELEM,894,CENT,X
*GET,YV,ELEM,894,CENT,Y
*GET,SV,ELEM,894,ETAB,SEQV
*VWRITE,EIDV,XV,YV,SV
(4(E24.16,','))
EIDV=895
*GET,XV,ELEM,895,CENT,X
*GET,YV,ELEM,895,CENT,Y
*GET,SV,ELEM,895,ETAB,SEQV
*VWRITE,EIDV,XV,YV,SV
(4(E24.16,','))
EIDV=896
*GET,XV,ELEM,896,CENT,X
*GET,YV,ELEM,896,CENT,Y
*GET,SV,ELEM,896,ETAB,SEQV
*VWRITE,EIDV,XV,YV,SV
(4(E24.16,','))
EIDV=897
*GET,XV,ELEM,897,CENT,X
*GET,YV,ELEM,897,CENT,Y
*GET,SV,ELEM,897,ETAB,SEQV
*VWRITE,EIDV,XV,YV,SV
(4(E24.16,','))
EIDV=898
*GET,XV,ELEM,898,CENT,X
*GET,YV,ELEM,898,CENT,Y
*GET,SV,ELEM,898,ETAB,SEQV
*VWRITE,EIDV,XV,YV,SV
(4(E24.16,','))
EIDV=899
*GET,XV,ELEM,899,CENT,X
*GET,YV,ELEM,899,CENT,Y
*GET,SV,ELEM,899,ETAB,SEQV
*VWRITE,EIDV,XV,YV,SV
(4(E24.16,','))
EIDV=900
*GET,XV,ELEM,900,CENT,X
*GET,YV,ELEM,900,CENT,Y
*GET,SV,ELEM,900,ETAB,SEQV
*VWRITE,EIDV,XV,YV,SV
(4(E24.16,','))
EIDV=901
*GET,XV,ELEM,901,CENT,X
*GET,YV,ELEM,901,CENT,Y
*GET,SV,ELEM,901,ETAB,SEQV
*VWRITE,EIDV,XV,YV,SV
(4(E24.16,','))
EIDV=902
*GET,XV,ELEM,902,CENT,X
*GET,YV,ELEM,902,CENT,Y
*GET,SV,ELEM,902,ETAB,SEQV
*VWRITE,EIDV,XV,YV,SV
(4(E24.16,','))
EIDV=903
*GET,XV,ELEM,903,CENT,X
*GET,YV,ELEM,903,CENT,Y
*GET,SV,ELEM,903,ETAB,SEQV
*VWRITE,EIDV,XV,YV,SV
(4(E24.16,','))
EIDV=904
*GET,XV,ELEM,904,CENT,X
*GET,YV,ELEM,904,CENT,Y
*GET,SV,ELEM,904,ETAB,SEQV
*VWRITE,EIDV,XV,YV,SV
(4(E24.16,','))
EIDV=905
*GET,XV,ELEM,905,CENT,X
*GET,YV,ELEM,905,CENT,Y
*GET,SV,ELEM,905,ETAB,SEQV
*VWRITE,EIDV,XV,YV,SV
(4(E24.16,','))
EIDV=906
*GET,XV,ELEM,906,CENT,X
*GET,YV,ELEM,906,CENT,Y
*GET,SV,ELEM,906,ETAB,SEQV
*VWRITE,EIDV,XV,YV,SV
(4(E24.16,','))
EIDV=907
*GET,XV,ELEM,907,CENT,X
*GET,YV,ELEM,907,CENT,Y
*GET,SV,ELEM,907,ETAB,SEQV
*VWRITE,EIDV,XV,YV,SV
(4(E24.16,','))
EIDV=908
*GET,XV,ELEM,908,CENT,X
*GET,YV,ELEM,908,CENT,Y
*GET,SV,ELEM,908,ETAB,SEQV
*VWRITE,EIDV,XV,YV,SV
(4(E24.16,','))
EIDV=909
*GET,XV,ELEM,909,CENT,X
*GET,YV,ELEM,909,CENT,Y
*GET,SV,ELEM,909,ETAB,SEQV
*VWRITE,EIDV,XV,YV,SV
(4(E24.16,','))
EIDV=910
*GET,XV,ELEM,910,CENT,X
*GET,YV,ELEM,910,CENT,Y
*GET,SV,ELEM,910,ETAB,SEQV
*VWRITE,EIDV,XV,YV,SV
(4(E24.16,','))
EIDV=911
*GET,XV,ELEM,911,CENT,X
*GET,YV,ELEM,911,CENT,Y
*GET,SV,ELEM,911,ETAB,SEQV
*VWRITE,EIDV,XV,YV,SV
(4(E24.16,','))
EIDV=912
*GET,XV,ELEM,912,CENT,X
*GET,YV,ELEM,912,CENT,Y
*GET,SV,ELEM,912,ETAB,SEQV
*VWRITE,EIDV,XV,YV,SV
(4(E24.16,','))
EIDV=913
*GET,XV,ELEM,913,CENT,X
*GET,YV,ELEM,913,CENT,Y
*GET,SV,ELEM,913,ETAB,SEQV
*VWRITE,EIDV,XV,YV,SV
(4(E24.16,','))
EIDV=914
*GET,XV,ELEM,914,CENT,X
*GET,YV,ELEM,914,CENT,Y
*GET,SV,ELEM,914,ETAB,SEQV
*VWRITE,EIDV,XV,YV,SV
(4(E24.16,','))
EIDV=915
*GET,XV,ELEM,915,CENT,X
*GET,YV,ELEM,915,CENT,Y
*GET,SV,ELEM,915,ETAB,SEQV
*VWRITE,EIDV,XV,YV,SV
(4(E24.16,','))
EIDV=916
*GET,XV,ELEM,916,CENT,X
*GET,YV,ELEM,916,CENT,Y
*GET,SV,ELEM,916,ETAB,SEQV
*VWRITE,EIDV,XV,YV,SV
(4(E24.16,','))
EIDV=917
*GET,XV,ELEM,917,CENT,X
*GET,YV,ELEM,917,CENT,Y
*GET,SV,ELEM,917,ETAB,SEQV
*VWRITE,EIDV,XV,YV,SV
(4(E24.16,','))
EIDV=918
*GET,XV,ELEM,918,CENT,X
*GET,YV,ELEM,918,CENT,Y
*GET,SV,ELEM,918,ETAB,SEQV
*VWRITE,EIDV,XV,YV,SV
(4(E24.16,','))
EIDV=919
*GET,XV,ELEM,919,CENT,X
*GET,YV,ELEM,919,CENT,Y
*GET,SV,ELEM,919,ETAB,SEQV
*VWRITE,EIDV,XV,YV,SV
(4(E24.16,','))
EIDV=920
*GET,XV,ELEM,920,CENT,X
*GET,YV,ELEM,920,CENT,Y
*GET,SV,ELEM,920,ETAB,SEQV
*VWRITE,EIDV,XV,YV,SV
(4(E24.16,','))
EIDV=921
*GET,XV,ELEM,921,CENT,X
*GET,YV,ELEM,921,CENT,Y
*GET,SV,ELEM,921,ETAB,SEQV
*VWRITE,EIDV,XV,YV,SV
(4(E24.16,','))
EIDV=922
*GET,XV,ELEM,922,CENT,X
*GET,YV,ELEM,922,CENT,Y
*GET,SV,ELEM,922,ETAB,SEQV
*VWRITE,EIDV,XV,YV,SV
(4(E24.16,','))
EIDV=923
*GET,XV,ELEM,923,CENT,X
*GET,YV,ELEM,923,CENT,Y
*GET,SV,ELEM,923,ETAB,SEQV
*VWRITE,EIDV,XV,YV,SV
(4(E24.16,','))
EIDV=924
*GET,XV,ELEM,924,CENT,X
*GET,YV,ELEM,924,CENT,Y
*GET,SV,ELEM,924,ETAB,SEQV
*VWRITE,EIDV,XV,YV,SV
(4(E24.16,','))
EIDV=925
*GET,XV,ELEM,925,CENT,X
*GET,YV,ELEM,925,CENT,Y
*GET,SV,ELEM,925,ETAB,SEQV
*VWRITE,EIDV,XV,YV,SV
(4(E24.16,','))
EIDV=926
*GET,XV,ELEM,926,CENT,X
*GET,YV,ELEM,926,CENT,Y
*GET,SV,ELEM,926,ETAB,SEQV
*VWRITE,EIDV,XV,YV,SV
(4(E24.16,','))
EIDV=927
*GET,XV,ELEM,927,CENT,X
*GET,YV,ELEM,927,CENT,Y
*GET,SV,ELEM,927,ETAB,SEQV
*VWRITE,EIDV,XV,YV,SV
(4(E24.16,','))
EIDV=928
*GET,XV,ELEM,928,CENT,X
*GET,YV,ELEM,928,CENT,Y
*GET,SV,ELEM,928,ETAB,SEQV
*VWRITE,EIDV,XV,YV,SV
(4(E24.16,','))
EIDV=929
*GET,XV,ELEM,929,CENT,X
*GET,YV,ELEM,929,CENT,Y
*GET,SV,ELEM,929,ETAB,SEQV
*VWRITE,EIDV,XV,YV,SV
(4(E24.16,','))
EIDV=930
*GET,XV,ELEM,930,CENT,X
*GET,YV,ELEM,930,CENT,Y
*GET,SV,ELEM,930,ETAB,SEQV
*VWRITE,EIDV,XV,YV,SV
(4(E24.16,','))
EIDV=931
*GET,XV,ELEM,931,CENT,X
*GET,YV,ELEM,931,CENT,Y
*GET,SV,ELEM,931,ETAB,SEQV
*VWRITE,EIDV,XV,YV,SV
(4(E24.16,','))
EIDV=932
*GET,XV,ELEM,932,CENT,X
*GET,YV,ELEM,932,CENT,Y
*GET,SV,ELEM,932,ETAB,SEQV
*VWRITE,EIDV,XV,YV,SV
(4(E24.16,','))
EIDV=933
*GET,XV,ELEM,933,CENT,X
*GET,YV,ELEM,933,CENT,Y
*GET,SV,ELEM,933,ETAB,SEQV
*VWRITE,EIDV,XV,YV,SV
(4(E24.16,','))
EIDV=934
*GET,XV,ELEM,934,CENT,X
*GET,YV,ELEM,934,CENT,Y
*GET,SV,ELEM,934,ETAB,SEQV
*VWRITE,EIDV,XV,YV,SV
(4(E24.16,','))
EIDV=935
*GET,XV,ELEM,935,CENT,X
*GET,YV,ELEM,935,CENT,Y
*GET,SV,ELEM,935,ETAB,SEQV
*VWRITE,EIDV,XV,YV,SV
(4(E24.16,','))
EIDV=936
*GET,XV,ELEM,936,CENT,X
*GET,YV,ELEM,936,CENT,Y
*GET,SV,ELEM,936,ETAB,SEQV
*VWRITE,EIDV,XV,YV,SV
(4(E24.16,','))
EIDV=937
*GET,XV,ELEM,937,CENT,X
*GET,YV,ELEM,937,CENT,Y
*GET,SV,ELEM,937,ETAB,SEQV
*VWRITE,EIDV,XV,YV,SV
(4(E24.16,','))
EIDV=938
*GET,XV,ELEM,938,CENT,X
*GET,YV,ELEM,938,CENT,Y
*GET,SV,ELEM,938,ETAB,SEQV
*VWRITE,EIDV,XV,YV,SV
(4(E24.16,','))
EIDV=939
*GET,XV,ELEM,939,CENT,X
*GET,YV,ELEM,939,CENT,Y
*GET,SV,ELEM,939,ETAB,SEQV
*VWRITE,EIDV,XV,YV,SV
(4(E24.16,','))
EIDV=940
*GET,XV,ELEM,940,CENT,X
*GET,YV,ELEM,940,CENT,Y
*GET,SV,ELEM,940,ETAB,SEQV
*VWRITE,EIDV,XV,YV,SV
(4(E24.16,','))
EIDV=941
*GET,XV,ELEM,941,CENT,X
*GET,YV,ELEM,941,CENT,Y
*GET,SV,ELEM,941,ETAB,SEQV
*VWRITE,EIDV,XV,YV,SV
(4(E24.16,','))
EIDV=942
*GET,XV,ELEM,942,CENT,X
*GET,YV,ELEM,942,CENT,Y
*GET,SV,ELEM,942,ETAB,SEQV
*VWRITE,EIDV,XV,YV,SV
(4(E24.16,','))
EIDV=943
*GET,XV,ELEM,943,CENT,X
*GET,YV,ELEM,943,CENT,Y
*GET,SV,ELEM,943,ETAB,SEQV
*VWRITE,EIDV,XV,YV,SV
(4(E24.16,','))
EIDV=944
*GET,XV,ELEM,944,CENT,X
*GET,YV,ELEM,944,CENT,Y
*GET,SV,ELEM,944,ETAB,SEQV
*VWRITE,EIDV,XV,YV,SV
(4(E24.16,','))
EIDV=945
*GET,XV,ELEM,945,CENT,X
*GET,YV,ELEM,945,CENT,Y
*GET,SV,ELEM,945,ETAB,SEQV
*VWRITE,EIDV,XV,YV,SV
(4(E24.16,','))
EIDV=946
*GET,XV,ELEM,946,CENT,X
*GET,YV,ELEM,946,CENT,Y
*GET,SV,ELEM,946,ETAB,SEQV
*VWRITE,EIDV,XV,YV,SV
(4(E24.16,','))
EIDV=947
*GET,XV,ELEM,947,CENT,X
*GET,YV,ELEM,947,CENT,Y
*GET,SV,ELEM,947,ETAB,SEQV
*VWRITE,EIDV,XV,YV,SV
(4(E24.16,','))
EIDV=948
*GET,XV,ELEM,948,CENT,X
*GET,YV,ELEM,948,CENT,Y
*GET,SV,ELEM,948,ETAB,SEQV
*VWRITE,EIDV,XV,YV,SV
(4(E24.16,','))
EIDV=949
*GET,XV,ELEM,949,CENT,X
*GET,YV,ELEM,949,CENT,Y
*GET,SV,ELEM,949,ETAB,SEQV
*VWRITE,EIDV,XV,YV,SV
(4(E24.16,','))
EIDV=950
*GET,XV,ELEM,950,CENT,X
*GET,YV,ELEM,950,CENT,Y
*GET,SV,ELEM,950,ETAB,SEQV
*VWRITE,EIDV,XV,YV,SV
(4(E24.16,','))
EIDV=951
*GET,XV,ELEM,951,CENT,X
*GET,YV,ELEM,951,CENT,Y
*GET,SV,ELEM,951,ETAB,SEQV
*VWRITE,EIDV,XV,YV,SV
(4(E24.16,','))
EIDV=952
*GET,XV,ELEM,952,CENT,X
*GET,YV,ELEM,952,CENT,Y
*GET,SV,ELEM,952,ETAB,SEQV
*VWRITE,EIDV,XV,YV,SV
(4(E24.16,','))
EIDV=953
*GET,XV,ELEM,953,CENT,X
*GET,YV,ELEM,953,CENT,Y
*GET,SV,ELEM,953,ETAB,SEQV
*VWRITE,EIDV,XV,YV,SV
(4(E24.16,','))
EIDV=954
*GET,XV,ELEM,954,CENT,X
*GET,YV,ELEM,954,CENT,Y
*GET,SV,ELEM,954,ETAB,SEQV
*VWRITE,EIDV,XV,YV,SV
(4(E24.16,','))
EIDV=955
*GET,XV,ELEM,955,CENT,X
*GET,YV,ELEM,955,CENT,Y
*GET,SV,ELEM,955,ETAB,SEQV
*VWRITE,EIDV,XV,YV,SV
(4(E24.16,','))
EIDV=956
*GET,XV,ELEM,956,CENT,X
*GET,YV,ELEM,956,CENT,Y
*GET,SV,ELEM,956,ETAB,SEQV
*VWRITE,EIDV,XV,YV,SV
(4(E24.16,','))
EIDV=957
*GET,XV,ELEM,957,CENT,X
*GET,YV,ELEM,957,CENT,Y
*GET,SV,ELEM,957,ETAB,SEQV
*VWRITE,EIDV,XV,YV,SV
(4(E24.16,','))
EIDV=958
*GET,XV,ELEM,958,CENT,X
*GET,YV,ELEM,958,CENT,Y
*GET,SV,ELEM,958,ETAB,SEQV
*VWRITE,EIDV,XV,YV,SV
(4(E24.16,','))
EIDV=959
*GET,XV,ELEM,959,CENT,X
*GET,YV,ELEM,959,CENT,Y
*GET,SV,ELEM,959,ETAB,SEQV
*VWRITE,EIDV,XV,YV,SV
(4(E24.16,','))
EIDV=960
*GET,XV,ELEM,960,CENT,X
*GET,YV,ELEM,960,CENT,Y
*GET,SV,ELEM,960,ETAB,SEQV
*VWRITE,EIDV,XV,YV,SV
(4(E24.16,','))
EIDV=961
*GET,XV,ELEM,961,CENT,X
*GET,YV,ELEM,961,CENT,Y
*GET,SV,ELEM,961,ETAB,SEQV
*VWRITE,EIDV,XV,YV,SV
(4(E24.16,','))
EIDV=962
*GET,XV,ELEM,962,CENT,X
*GET,YV,ELEM,962,CENT,Y
*GET,SV,ELEM,962,ETAB,SEQV
*VWRITE,EIDV,XV,YV,SV
(4(E24.16,','))
EIDV=963
*GET,XV,ELEM,963,CENT,X
*GET,YV,ELEM,963,CENT,Y
*GET,SV,ELEM,963,ETAB,SEQV
*VWRITE,EIDV,XV,YV,SV
(4(E24.16,','))
EIDV=964
*GET,XV,ELEM,964,CENT,X
*GET,YV,ELEM,964,CENT,Y
*GET,SV,ELEM,964,ETAB,SEQV
*VWRITE,EIDV,XV,YV,SV
(4(E24.16,','))
EIDV=965
*GET,XV,ELEM,965,CENT,X
*GET,YV,ELEM,965,CENT,Y
*GET,SV,ELEM,965,ETAB,SEQV
*VWRITE,EIDV,XV,YV,SV
(4(E24.16,','))
EIDV=966
*GET,XV,ELEM,966,CENT,X
*GET,YV,ELEM,966,CENT,Y
*GET,SV,ELEM,966,ETAB,SEQV
*VWRITE,EIDV,XV,YV,SV
(4(E24.16,','))
EIDV=967
*GET,XV,ELEM,967,CENT,X
*GET,YV,ELEM,967,CENT,Y
*GET,SV,ELEM,967,ETAB,SEQV
*VWRITE,EIDV,XV,YV,SV
(4(E24.16,','))
EIDV=968
*GET,XV,ELEM,968,CENT,X
*GET,YV,ELEM,968,CENT,Y
*GET,SV,ELEM,968,ETAB,SEQV
*VWRITE,EIDV,XV,YV,SV
(4(E24.16,','))
EIDV=969
*GET,XV,ELEM,969,CENT,X
*GET,YV,ELEM,969,CENT,Y
*GET,SV,ELEM,969,ETAB,SEQV
*VWRITE,EIDV,XV,YV,SV
(4(E24.16,','))
EIDV=970
*GET,XV,ELEM,970,CENT,X
*GET,YV,ELEM,970,CENT,Y
*GET,SV,ELEM,970,ETAB,SEQV
*VWRITE,EIDV,XV,YV,SV
(4(E24.16,','))
EIDV=971
*GET,XV,ELEM,971,CENT,X
*GET,YV,ELEM,971,CENT,Y
*GET,SV,ELEM,971,ETAB,SEQV
*VWRITE,EIDV,XV,YV,SV
(4(E24.16,','))
EIDV=972
*GET,XV,ELEM,972,CENT,X
*GET,YV,ELEM,972,CENT,Y
*GET,SV,ELEM,972,ETAB,SEQV
*VWRITE,EIDV,XV,YV,SV
(4(E24.16,','))
EIDV=973
*GET,XV,ELEM,973,CENT,X
*GET,YV,ELEM,973,CENT,Y
*GET,SV,ELEM,973,ETAB,SEQV
*VWRITE,EIDV,XV,YV,SV
(4(E24.16,','))
EIDV=974
*GET,XV,ELEM,974,CENT,X
*GET,YV,ELEM,974,CENT,Y
*GET,SV,ELEM,974,ETAB,SEQV
*VWRITE,EIDV,XV,YV,SV
(4(E24.16,','))
EIDV=975
*GET,XV,ELEM,975,CENT,X
*GET,YV,ELEM,975,CENT,Y
*GET,SV,ELEM,975,ETAB,SEQV
*VWRITE,EIDV,XV,YV,SV
(4(E24.16,','))
EIDV=976
*GET,XV,ELEM,976,CENT,X
*GET,YV,ELEM,976,CENT,Y
*GET,SV,ELEM,976,ETAB,SEQV
*VWRITE,EIDV,XV,YV,SV
(4(E24.16,','))
EIDV=977
*GET,XV,ELEM,977,CENT,X
*GET,YV,ELEM,977,CENT,Y
*GET,SV,ELEM,977,ETAB,SEQV
*VWRITE,EIDV,XV,YV,SV
(4(E24.16,','))
EIDV=978
*GET,XV,ELEM,978,CENT,X
*GET,YV,ELEM,978,CENT,Y
*GET,SV,ELEM,978,ETAB,SEQV
*VWRITE,EIDV,XV,YV,SV
(4(E24.16,','))
EIDV=979
*GET,XV,ELEM,979,CENT,X
*GET,YV,ELEM,979,CENT,Y
*GET,SV,ELEM,979,ETAB,SEQV
*VWRITE,EIDV,XV,YV,SV
(4(E24.16,','))
EIDV=980
*GET,XV,ELEM,980,CENT,X
*GET,YV,ELEM,980,CENT,Y
*GET,SV,ELEM,980,ETAB,SEQV
*VWRITE,EIDV,XV,YV,SV
(4(E24.16,','))
EIDV=981
*GET,XV,ELEM,981,CENT,X
*GET,YV,ELEM,981,CENT,Y
*GET,SV,ELEM,981,ETAB,SEQV
*VWRITE,EIDV,XV,YV,SV
(4(E24.16,','))
EIDV=982
*GET,XV,ELEM,982,CENT,X
*GET,YV,ELEM,982,CENT,Y
*GET,SV,ELEM,982,ETAB,SEQV
*VWRITE,EIDV,XV,YV,SV
(4(E24.16,','))
EIDV=983
*GET,XV,ELEM,983,CENT,X
*GET,YV,ELEM,983,CENT,Y
*GET,SV,ELEM,983,ETAB,SEQV
*VWRITE,EIDV,XV,YV,SV
(4(E24.16,','))
EIDV=984
*GET,XV,ELEM,984,CENT,X
*GET,YV,ELEM,984,CENT,Y
*GET,SV,ELEM,984,ETAB,SEQV
*VWRITE,EIDV,XV,YV,SV
(4(E24.16,','))
EIDV=985
*GET,XV,ELEM,985,CENT,X
*GET,YV,ELEM,985,CENT,Y
*GET,SV,ELEM,985,ETAB,SEQV
*VWRITE,EIDV,XV,YV,SV
(4(E24.16,','))
EIDV=986
*GET,XV,ELEM,986,CENT,X
*GET,YV,ELEM,986,CENT,Y
*GET,SV,ELEM,986,ETAB,SEQV
*VWRITE,EIDV,XV,YV,SV
(4(E24.16,','))
EIDV=987
*GET,XV,ELEM,987,CENT,X
*GET,YV,ELEM,987,CENT,Y
*GET,SV,ELEM,987,ETAB,SEQV
*VWRITE,EIDV,XV,YV,SV
(4(E24.16,','))
EIDV=988
*GET,XV,ELEM,988,CENT,X
*GET,YV,ELEM,988,CENT,Y
*GET,SV,ELEM,988,ETAB,SEQV
*VWRITE,EIDV,XV,YV,SV
(4(E24.16,','))
EIDV=989
*GET,XV,ELEM,989,CENT,X
*GET,YV,ELEM,989,CENT,Y
*GET,SV,ELEM,989,ETAB,SEQV
*VWRITE,EIDV,XV,YV,SV
(4(E24.16,','))
EIDV=990
*GET,XV,ELEM,990,CENT,X
*GET,YV,ELEM,990,CENT,Y
*GET,SV,ELEM,990,ETAB,SEQV
*VWRITE,EIDV,XV,YV,SV
(4(E24.16,','))
EIDV=991
*GET,XV,ELEM,991,CENT,X
*GET,YV,ELEM,991,CENT,Y
*GET,SV,ELEM,991,ETAB,SEQV
*VWRITE,EIDV,XV,YV,SV
(4(E24.16,','))
EIDV=992
*GET,XV,ELEM,992,CENT,X
*GET,YV,ELEM,992,CENT,Y
*GET,SV,ELEM,992,ETAB,SEQV
*VWRITE,EIDV,XV,YV,SV
(4(E24.16,','))
EIDV=993
*GET,XV,ELEM,993,CENT,X
*GET,YV,ELEM,993,CENT,Y
*GET,SV,ELEM,993,ETAB,SEQV
*VWRITE,EIDV,XV,YV,SV
(4(E24.16,','))
EIDV=994
*GET,XV,ELEM,994,CENT,X
*GET,YV,ELEM,994,CENT,Y
*GET,SV,ELEM,994,ETAB,SEQV
*VWRITE,EIDV,XV,YV,SV
(4(E24.16,','))
EIDV=995
*GET,XV,ELEM,995,CENT,X
*GET,YV,ELEM,995,CENT,Y
*GET,SV,ELEM,995,ETAB,SEQV
*VWRITE,EIDV,XV,YV,SV
(4(E24.16,','))
EIDV=996
*GET,XV,ELEM,996,CENT,X
*GET,YV,ELEM,996,CENT,Y
*GET,SV,ELEM,996,ETAB,SEQV
*VWRITE,EIDV,XV,YV,SV
(4(E24.16,','))
EIDV=997
*GET,XV,ELEM,997,CENT,X
*GET,YV,ELEM,997,CENT,Y
*GET,SV,ELEM,997,ETAB,SEQV
*VWRITE,EIDV,XV,YV,SV
(4(E24.16,','))
EIDV=998
*GET,XV,ELEM,998,CENT,X
*GET,YV,ELEM,998,CENT,Y
*GET,SV,ELEM,998,ETAB,SEQV
*VWRITE,EIDV,XV,YV,SV
(4(E24.16,','))
EIDV=999
*GET,XV,ELEM,999,CENT,X
*GET,YV,ELEM,999,CENT,Y
*GET,SV,ELEM,999,ETAB,SEQV
*VWRITE,EIDV,XV,YV,SV
(4(E24.16,','))
EIDV=1000
*GET,XV,ELEM,1000,CENT,X
*GET,YV,ELEM,1000,CENT,Y
*GET,SV,ELEM,1000,ETAB,SEQV
*VWRITE,EIDV,XV,YV,SV
(4(E24.16,','))
EIDV=1001
*GET,XV,ELEM,1001,CENT,X
*GET,YV,ELEM,1001,CENT,Y
*GET,SV,ELEM,1001,ETAB,SEQV
*VWRITE,EIDV,XV,YV,SV
(4(E24.16,','))
EIDV=1002
*GET,XV,ELEM,1002,CENT,X
*GET,YV,ELEM,1002,CENT,Y
*GET,SV,ELEM,1002,ETAB,SEQV
*VWRITE,EIDV,XV,YV,SV
(4(E24.16,','))
EIDV=1003
*GET,XV,ELEM,1003,CENT,X
*GET,YV,ELEM,1003,CENT,Y
*GET,SV,ELEM,1003,ETAB,SEQV
*VWRITE,EIDV,XV,YV,SV
(4(E24.16,','))
EIDV=1004
*GET,XV,ELEM,1004,CENT,X
*GET,YV,ELEM,1004,CENT,Y
*GET,SV,ELEM,1004,ETAB,SEQV
*VWRITE,EIDV,XV,YV,SV
(4(E24.16,','))
EIDV=1005
*GET,XV,ELEM,1005,CENT,X
*GET,YV,ELEM,1005,CENT,Y
*GET,SV,ELEM,1005,ETAB,SEQV
*VWRITE,EIDV,XV,YV,SV
(4(E24.16,','))
EIDV=1006
*GET,XV,ELEM,1006,CENT,X
*GET,YV,ELEM,1006,CENT,Y
*GET,SV,ELEM,1006,ETAB,SEQV
*VWRITE,EIDV,XV,YV,SV
(4(E24.16,','))
EIDV=1007
*GET,XV,ELEM,1007,CENT,X
*GET,YV,ELEM,1007,CENT,Y
*GET,SV,ELEM,1007,ETAB,SEQV
*VWRITE,EIDV,XV,YV,SV
(4(E24.16,','))
EIDV=1008
*GET,XV,ELEM,1008,CENT,X
*GET,YV,ELEM,1008,CENT,Y
*GET,SV,ELEM,1008,ETAB,SEQV
*VWRITE,EIDV,XV,YV,SV
(4(E24.16,','))
EIDV=1009
*GET,XV,ELEM,1009,CENT,X
*GET,YV,ELEM,1009,CENT,Y
*GET,SV,ELEM,1009,ETAB,SEQV
*VWRITE,EIDV,XV,YV,SV
(4(E24.16,','))
EIDV=1010
*GET,XV,ELEM,1010,CENT,X
*GET,YV,ELEM,1010,CENT,Y
*GET,SV,ELEM,1010,ETAB,SEQV
*VWRITE,EIDV,XV,YV,SV
(4(E24.16,','))
EIDV=1011
*GET,XV,ELEM,1011,CENT,X
*GET,YV,ELEM,1011,CENT,Y
*GET,SV,ELEM,1011,ETAB,SEQV
*VWRITE,EIDV,XV,YV,SV
(4(E24.16,','))
EIDV=1012
*GET,XV,ELEM,1012,CENT,X
*GET,YV,ELEM,1012,CENT,Y
*GET,SV,ELEM,1012,ETAB,SEQV
*VWRITE,EIDV,XV,YV,SV
(4(E24.16,','))
EIDV=1013
*GET,XV,ELEM,1013,CENT,X
*GET,YV,ELEM,1013,CENT,Y
*GET,SV,ELEM,1013,ETAB,SEQV
*VWRITE,EIDV,XV,YV,SV
(4(E24.16,','))
EIDV=1014
*GET,XV,ELEM,1014,CENT,X
*GET,YV,ELEM,1014,CENT,Y
*GET,SV,ELEM,1014,ETAB,SEQV
*VWRITE,EIDV,XV,YV,SV
(4(E24.16,','))
EIDV=1015
*GET,XV,ELEM,1015,CENT,X
*GET,YV,ELEM,1015,CENT,Y
*GET,SV,ELEM,1015,ETAB,SEQV
*VWRITE,EIDV,XV,YV,SV
(4(E24.16,','))
EIDV=1016
*GET,XV,ELEM,1016,CENT,X
*GET,YV,ELEM,1016,CENT,Y
*GET,SV,ELEM,1016,ETAB,SEQV
*VWRITE,EIDV,XV,YV,SV
(4(E24.16,','))
EIDV=1017
*GET,XV,ELEM,1017,CENT,X
*GET,YV,ELEM,1017,CENT,Y
*GET,SV,ELEM,1017,ETAB,SEQV
*VWRITE,EIDV,XV,YV,SV
(4(E24.16,','))
EIDV=1018
*GET,XV,ELEM,1018,CENT,X
*GET,YV,ELEM,1018,CENT,Y
*GET,SV,ELEM,1018,ETAB,SEQV
*VWRITE,EIDV,XV,YV,SV
(4(E24.16,','))
EIDV=1019
*GET,XV,ELEM,1019,CENT,X
*GET,YV,ELEM,1019,CENT,Y
*GET,SV,ELEM,1019,ETAB,SEQV
*VWRITE,EIDV,XV,YV,SV
(4(E24.16,','))
EIDV=1020
*GET,XV,ELEM,1020,CENT,X
*GET,YV,ELEM,1020,CENT,Y
*GET,SV,ELEM,1020,ETAB,SEQV
*VWRITE,EIDV,XV,YV,SV
(4(E24.16,','))
EIDV=1021
*GET,XV,ELEM,1021,CENT,X
*GET,YV,ELEM,1021,CENT,Y
*GET,SV,ELEM,1021,ETAB,SEQV
*VWRITE,EIDV,XV,YV,SV
(4(E24.16,','))
EIDV=1022
*GET,XV,ELEM,1022,CENT,X
*GET,YV,ELEM,1022,CENT,Y
*GET,SV,ELEM,1022,ETAB,SEQV
*VWRITE,EIDV,XV,YV,SV
(4(E24.16,','))
EIDV=1023
*GET,XV,ELEM,1023,CENT,X
*GET,YV,ELEM,1023,CENT,Y
*GET,SV,ELEM,1023,ETAB,SEQV
*VWRITE,EIDV,XV,YV,SV
(4(E24.16,','))
EIDV=1024
*GET,XV,ELEM,1024,CENT,X
*GET,YV,ELEM,1024,CENT,Y
*GET,SV,ELEM,1024,ETAB,SEQV
*VWRITE,EIDV,XV,YV,SV
(4(E24.16,','))
EIDV=1025
*GET,XV,ELEM,1025,CENT,X
*GET,YV,ELEM,1025,CENT,Y
*GET,SV,ELEM,1025,ETAB,SEQV
*VWRITE,EIDV,XV,YV,SV
(4(E24.16,','))
EIDV=1026
*GET,XV,ELEM,1026,CENT,X
*GET,YV,ELEM,1026,CENT,Y
*GET,SV,ELEM,1026,ETAB,SEQV
*VWRITE,EIDV,XV,YV,SV
(4(E24.16,','))
EIDV=1027
*GET,XV,ELEM,1027,CENT,X
*GET,YV,ELEM,1027,CENT,Y
*GET,SV,ELEM,1027,ETAB,SEQV
*VWRITE,EIDV,XV,YV,SV
(4(E24.16,','))
EIDV=1028
*GET,XV,ELEM,1028,CENT,X
*GET,YV,ELEM,1028,CENT,Y
*GET,SV,ELEM,1028,ETAB,SEQV
*VWRITE,EIDV,XV,YV,SV
(4(E24.16,','))
EIDV=1029
*GET,XV,ELEM,1029,CENT,X
*GET,YV,ELEM,1029,CENT,Y
*GET,SV,ELEM,1029,ETAB,SEQV
*VWRITE,EIDV,XV,YV,SV
(4(E24.16,','))
EIDV=1030
*GET,XV,ELEM,1030,CENT,X
*GET,YV,ELEM,1030,CENT,Y
*GET,SV,ELEM,1030,ETAB,SEQV
*VWRITE,EIDV,XV,YV,SV
(4(E24.16,','))
EIDV=1031
*GET,XV,ELEM,1031,CENT,X
*GET,YV,ELEM,1031,CENT,Y
*GET,SV,ELEM,1031,ETAB,SEQV
*VWRITE,EIDV,XV,YV,SV
(4(E24.16,','))
EIDV=1032
*GET,XV,ELEM,1032,CENT,X
*GET,YV,ELEM,1032,CENT,Y
*GET,SV,ELEM,1032,ETAB,SEQV
*VWRITE,EIDV,XV,YV,SV
(4(E24.16,','))
EIDV=1033
*GET,XV,ELEM,1033,CENT,X
*GET,YV,ELEM,1033,CENT,Y
*GET,SV,ELEM,1033,ETAB,SEQV
*VWRITE,EIDV,XV,YV,SV
(4(E24.16,','))
EIDV=1034
*GET,XV,ELEM,1034,CENT,X
*GET,YV,ELEM,1034,CENT,Y
*GET,SV,ELEM,1034,ETAB,SEQV
*VWRITE,EIDV,XV,YV,SV
(4(E24.16,','))
EIDV=1035
*GET,XV,ELEM,1035,CENT,X
*GET,YV,ELEM,1035,CENT,Y
*GET,SV,ELEM,1035,ETAB,SEQV
*VWRITE,EIDV,XV,YV,SV
(4(E24.16,','))
EIDV=1036
*GET,XV,ELEM,1036,CENT,X
*GET,YV,ELEM,1036,CENT,Y
*GET,SV,ELEM,1036,ETAB,SEQV
*VWRITE,EIDV,XV,YV,SV
(4(E24.16,','))
EIDV=1037
*GET,XV,ELEM,1037,CENT,X
*GET,YV,ELEM,1037,CENT,Y
*GET,SV,ELEM,1037,ETAB,SEQV
*VWRITE,EIDV,XV,YV,SV
(4(E24.16,','))
EIDV=1038
*GET,XV,ELEM,1038,CENT,X
*GET,YV,ELEM,1038,CENT,Y
*GET,SV,ELEM,1038,ETAB,SEQV
*VWRITE,EIDV,XV,YV,SV
(4(E24.16,','))
EIDV=1039
*GET,XV,ELEM,1039,CENT,X
*GET,YV,ELEM,1039,CENT,Y
*GET,SV,ELEM,1039,ETAB,SEQV
*VWRITE,EIDV,XV,YV,SV
(4(E24.16,','))
EIDV=1040
*GET,XV,ELEM,1040,CENT,X
*GET,YV,ELEM,1040,CENT,Y
*GET,SV,ELEM,1040,ETAB,SEQV
*VWRITE,EIDV,XV,YV,SV
(4(E24.16,','))
EIDV=1041
*GET,XV,ELEM,1041,CENT,X
*GET,YV,ELEM,1041,CENT,Y
*GET,SV,ELEM,1041,ETAB,SEQV
*VWRITE,EIDV,XV,YV,SV
(4(E24.16,','))
EIDV=1042
*GET,XV,ELEM,1042,CENT,X
*GET,YV,ELEM,1042,CENT,Y
*GET,SV,ELEM,1042,ETAB,SEQV
*VWRITE,EIDV,XV,YV,SV
(4(E24.16,','))
EIDV=1043
*GET,XV,ELEM,1043,CENT,X
*GET,YV,ELEM,1043,CENT,Y
*GET,SV,ELEM,1043,ETAB,SEQV
*VWRITE,EIDV,XV,YV,SV
(4(E24.16,','))
EIDV=1044
*GET,XV,ELEM,1044,CENT,X
*GET,YV,ELEM,1044,CENT,Y
*GET,SV,ELEM,1044,ETAB,SEQV
*VWRITE,EIDV,XV,YV,SV
(4(E24.16,','))
EIDV=1045
*GET,XV,ELEM,1045,CENT,X
*GET,YV,ELEM,1045,CENT,Y
*GET,SV,ELEM,1045,ETAB,SEQV
*VWRITE,EIDV,XV,YV,SV
(4(E24.16,','))
EIDV=1046
*GET,XV,ELEM,1046,CENT,X
*GET,YV,ELEM,1046,CENT,Y
*GET,SV,ELEM,1046,ETAB,SEQV
*VWRITE,EIDV,XV,YV,SV
(4(E24.16,','))
EIDV=1047
*GET,XV,ELEM,1047,CENT,X
*GET,YV,ELEM,1047,CENT,Y
*GET,SV,ELEM,1047,ETAB,SEQV
*VWRITE,EIDV,XV,YV,SV
(4(E24.16,','))
EIDV=1048
*GET,XV,ELEM,1048,CENT,X
*GET,YV,ELEM,1048,CENT,Y
*GET,SV,ELEM,1048,ETAB,SEQV
*VWRITE,EIDV,XV,YV,SV
(4(E24.16,','))
EIDV=1049
*GET,XV,ELEM,1049,CENT,X
*GET,YV,ELEM,1049,CENT,Y
*GET,SV,ELEM,1049,ETAB,SEQV
*VWRITE,EIDV,XV,YV,SV
(4(E24.16,','))
EIDV=1050
*GET,XV,ELEM,1050,CENT,X
*GET,YV,ELEM,1050,CENT,Y
*GET,SV,ELEM,1050,ETAB,SEQV
*VWRITE,EIDV,XV,YV,SV
(4(E24.16,','))
EIDV=1051
*GET,XV,ELEM,1051,CENT,X
*GET,YV,ELEM,1051,CENT,Y
*GET,SV,ELEM,1051,ETAB,SEQV
*VWRITE,EIDV,XV,YV,SV
(4(E24.16,','))
EIDV=1052
*GET,XV,ELEM,1052,CENT,X
*GET,YV,ELEM,1052,CENT,Y
*GET,SV,ELEM,1052,ETAB,SEQV
*VWRITE,EIDV,XV,YV,SV
(4(E24.16,','))
EIDV=1053
*GET,XV,ELEM,1053,CENT,X
*GET,YV,ELEM,1053,CENT,Y
*GET,SV,ELEM,1053,ETAB,SEQV
*VWRITE,EIDV,XV,YV,SV
(4(E24.16,','))
EIDV=1054
*GET,XV,ELEM,1054,CENT,X
*GET,YV,ELEM,1054,CENT,Y
*GET,SV,ELEM,1054,ETAB,SEQV
*VWRITE,EIDV,XV,YV,SV
(4(E24.16,','))
EIDV=1055
*GET,XV,ELEM,1055,CENT,X
*GET,YV,ELEM,1055,CENT,Y
*GET,SV,ELEM,1055,ETAB,SEQV
*VWRITE,EIDV,XV,YV,SV
(4(E24.16,','))
EIDV=1056
*GET,XV,ELEM,1056,CENT,X
*GET,YV,ELEM,1056,CENT,Y
*GET,SV,ELEM,1056,ETAB,SEQV
*VWRITE,EIDV,XV,YV,SV
(4(E24.16,','))
EIDV=1057
*GET,XV,ELEM,1057,CENT,X
*GET,YV,ELEM,1057,CENT,Y
*GET,SV,ELEM,1057,ETAB,SEQV
*VWRITE,EIDV,XV,YV,SV
(4(E24.16,','))
EIDV=1058
*GET,XV,ELEM,1058,CENT,X
*GET,YV,ELEM,1058,CENT,Y
*GET,SV,ELEM,1058,ETAB,SEQV
*VWRITE,EIDV,XV,YV,SV
(4(E24.16,','))
EIDV=1059
*GET,XV,ELEM,1059,CENT,X
*GET,YV,ELEM,1059,CENT,Y
*GET,SV,ELEM,1059,ETAB,SEQV
*VWRITE,EIDV,XV,YV,SV
(4(E24.16,','))
EIDV=1060
*GET,XV,ELEM,1060,CENT,X
*GET,YV,ELEM,1060,CENT,Y
*GET,SV,ELEM,1060,ETAB,SEQV
*VWRITE,EIDV,XV,YV,SV
(4(E24.16,','))
EIDV=1061
*GET,XV,ELEM,1061,CENT,X
*GET,YV,ELEM,1061,CENT,Y
*GET,SV,ELEM,1061,ETAB,SEQV
*VWRITE,EIDV,XV,YV,SV
(4(E24.16,','))
EIDV=1062
*GET,XV,ELEM,1062,CENT,X
*GET,YV,ELEM,1062,CENT,Y
*GET,SV,ELEM,1062,ETAB,SEQV
*VWRITE,EIDV,XV,YV,SV
(4(E24.16,','))
EIDV=1063
*GET,XV,ELEM,1063,CENT,X
*GET,YV,ELEM,1063,CENT,Y
*GET,SV,ELEM,1063,ETAB,SEQV
*VWRITE,EIDV,XV,YV,SV
(4(E24.16,','))
EIDV=1064
*GET,XV,ELEM,1064,CENT,X
*GET,YV,ELEM,1064,CENT,Y
*GET,SV,ELEM,1064,ETAB,SEQV
*VWRITE,EIDV,XV,YV,SV
(4(E24.16,','))
EIDV=1065
*GET,XV,ELEM,1065,CENT,X
*GET,YV,ELEM,1065,CENT,Y
*GET,SV,ELEM,1065,ETAB,SEQV
*VWRITE,EIDV,XV,YV,SV
(4(E24.16,','))
EIDV=1066
*GET,XV,ELEM,1066,CENT,X
*GET,YV,ELEM,1066,CENT,Y
*GET,SV,ELEM,1066,ETAB,SEQV
*VWRITE,EIDV,XV,YV,SV
(4(E24.16,','))
EIDV=1067
*GET,XV,ELEM,1067,CENT,X
*GET,YV,ELEM,1067,CENT,Y
*GET,SV,ELEM,1067,ETAB,SEQV
*VWRITE,EIDV,XV,YV,SV
(4(E24.16,','))
EIDV=1068
*GET,XV,ELEM,1068,CENT,X
*GET,YV,ELEM,1068,CENT,Y
*GET,SV,ELEM,1068,ETAB,SEQV
*VWRITE,EIDV,XV,YV,SV
(4(E24.16,','))
EIDV=1069
*GET,XV,ELEM,1069,CENT,X
*GET,YV,ELEM,1069,CENT,Y
*GET,SV,ELEM,1069,ETAB,SEQV
*VWRITE,EIDV,XV,YV,SV
(4(E24.16,','))
EIDV=1070
*GET,XV,ELEM,1070,CENT,X
*GET,YV,ELEM,1070,CENT,Y
*GET,SV,ELEM,1070,ETAB,SEQV
*VWRITE,EIDV,XV,YV,SV
(4(E24.16,','))
EIDV=1071
*GET,XV,ELEM,1071,CENT,X
*GET,YV,ELEM,1071,CENT,Y
*GET,SV,ELEM,1071,ETAB,SEQV
*VWRITE,EIDV,XV,YV,SV
(4(E24.16,','))
EIDV=1072
*GET,XV,ELEM,1072,CENT,X
*GET,YV,ELEM,1072,CENT,Y
*GET,SV,ELEM,1072,ETAB,SEQV
*VWRITE,EIDV,XV,YV,SV
(4(E24.16,','))
EIDV=1073
*GET,XV,ELEM,1073,CENT,X
*GET,YV,ELEM,1073,CENT,Y
*GET,SV,ELEM,1073,ETAB,SEQV
*VWRITE,EIDV,XV,YV,SV
(4(E24.16,','))
EIDV=1074
*GET,XV,ELEM,1074,CENT,X
*GET,YV,ELEM,1074,CENT,Y
*GET,SV,ELEM,1074,ETAB,SEQV
*VWRITE,EIDV,XV,YV,SV
(4(E24.16,','))
EIDV=1075
*GET,XV,ELEM,1075,CENT,X
*GET,YV,ELEM,1075,CENT,Y
*GET,SV,ELEM,1075,ETAB,SEQV
*VWRITE,EIDV,XV,YV,SV
(4(E24.16,','))
EIDV=1076
*GET,XV,ELEM,1076,CENT,X
*GET,YV,ELEM,1076,CENT,Y
*GET,SV,ELEM,1076,ETAB,SEQV
*VWRITE,EIDV,XV,YV,SV
(4(E24.16,','))
EIDV=1077
*GET,XV,ELEM,1077,CENT,X
*GET,YV,ELEM,1077,CENT,Y
*GET,SV,ELEM,1077,ETAB,SEQV
*VWRITE,EIDV,XV,YV,SV
(4(E24.16,','))
EIDV=1078
*GET,XV,ELEM,1078,CENT,X
*GET,YV,ELEM,1078,CENT,Y
*GET,SV,ELEM,1078,ETAB,SEQV
*VWRITE,EIDV,XV,YV,SV
(4(E24.16,','))
EIDV=1079
*GET,XV,ELEM,1079,CENT,X
*GET,YV,ELEM,1079,CENT,Y
*GET,SV,ELEM,1079,ETAB,SEQV
*VWRITE,EIDV,XV,YV,SV
(4(E24.16,','))
EIDV=1080
*GET,XV,ELEM,1080,CENT,X
*GET,YV,ELEM,1080,CENT,Y
*GET,SV,ELEM,1080,ETAB,SEQV
*VWRITE,EIDV,XV,YV,SV
(4(E24.16,','))
EIDV=1081
*GET,XV,ELEM,1081,CENT,X
*GET,YV,ELEM,1081,CENT,Y
*GET,SV,ELEM,1081,ETAB,SEQV
*VWRITE,EIDV,XV,YV,SV
(4(E24.16,','))
EIDV=1082
*GET,XV,ELEM,1082,CENT,X
*GET,YV,ELEM,1082,CENT,Y
*GET,SV,ELEM,1082,ETAB,SEQV
*VWRITE,EIDV,XV,YV,SV
(4(E24.16,','))
EIDV=1083
*GET,XV,ELEM,1083,CENT,X
*GET,YV,ELEM,1083,CENT,Y
*GET,SV,ELEM,1083,ETAB,SEQV
*VWRITE,EIDV,XV,YV,SV
(4(E24.16,','))
EIDV=1084
*GET,XV,ELEM,1084,CENT,X
*GET,YV,ELEM,1084,CENT,Y
*GET,SV,ELEM,1084,ETAB,SEQV
*VWRITE,EIDV,XV,YV,SV
(4(E24.16,','))
EIDV=1085
*GET,XV,ELEM,1085,CENT,X
*GET,YV,ELEM,1085,CENT,Y
*GET,SV,ELEM,1085,ETAB,SEQV
*VWRITE,EIDV,XV,YV,SV
(4(E24.16,','))
EIDV=1086
*GET,XV,ELEM,1086,CENT,X
*GET,YV,ELEM,1086,CENT,Y
*GET,SV,ELEM,1086,ETAB,SEQV
*VWRITE,EIDV,XV,YV,SV
(4(E24.16,','))
EIDV=1087
*GET,XV,ELEM,1087,CENT,X
*GET,YV,ELEM,1087,CENT,Y
*GET,SV,ELEM,1087,ETAB,SEQV
*VWRITE,EIDV,XV,YV,SV
(4(E24.16,','))
EIDV=1088
*GET,XV,ELEM,1088,CENT,X
*GET,YV,ELEM,1088,CENT,Y
*GET,SV,ELEM,1088,ETAB,SEQV
*VWRITE,EIDV,XV,YV,SV
(4(E24.16,','))
EIDV=1089
*GET,XV,ELEM,1089,CENT,X
*GET,YV,ELEM,1089,CENT,Y
*GET,SV,ELEM,1089,ETAB,SEQV
*VWRITE,EIDV,XV,YV,SV
(4(E24.16,','))
EIDV=1090
*GET,XV,ELEM,1090,CENT,X
*GET,YV,ELEM,1090,CENT,Y
*GET,SV,ELEM,1090,ETAB,SEQV
*VWRITE,EIDV,XV,YV,SV
(4(E24.16,','))
EIDV=1091
*GET,XV,ELEM,1091,CENT,X
*GET,YV,ELEM,1091,CENT,Y
*GET,SV,ELEM,1091,ETAB,SEQV
*VWRITE,EIDV,XV,YV,SV
(4(E24.16,','))
EIDV=1092
*GET,XV,ELEM,1092,CENT,X
*GET,YV,ELEM,1092,CENT,Y
*GET,SV,ELEM,1092,ETAB,SEQV
*VWRITE,EIDV,XV,YV,SV
(4(E24.16,','))
EIDV=1093
*GET,XV,ELEM,1093,CENT,X
*GET,YV,ELEM,1093,CENT,Y
*GET,SV,ELEM,1093,ETAB,SEQV
*VWRITE,EIDV,XV,YV,SV
(4(E24.16,','))
EIDV=1094
*GET,XV,ELEM,1094,CENT,X
*GET,YV,ELEM,1094,CENT,Y
*GET,SV,ELEM,1094,ETAB,SEQV
*VWRITE,EIDV,XV,YV,SV
(4(E24.16,','))
EIDV=1095
*GET,XV,ELEM,1095,CENT,X
*GET,YV,ELEM,1095,CENT,Y
*GET,SV,ELEM,1095,ETAB,SEQV
*VWRITE,EIDV,XV,YV,SV
(4(E24.16,','))
EIDV=1096
*GET,XV,ELEM,1096,CENT,X
*GET,YV,ELEM,1096,CENT,Y
*GET,SV,ELEM,1096,ETAB,SEQV
*VWRITE,EIDV,XV,YV,SV
(4(E24.16,','))
EIDV=1097
*GET,XV,ELEM,1097,CENT,X
*GET,YV,ELEM,1097,CENT,Y
*GET,SV,ELEM,1097,ETAB,SEQV
*VWRITE,EIDV,XV,YV,SV
(4(E24.16,','))
EIDV=1098
*GET,XV,ELEM,1098,CENT,X
*GET,YV,ELEM,1098,CENT,Y
*GET,SV,ELEM,1098,ETAB,SEQV
*VWRITE,EIDV,XV,YV,SV
(4(E24.16,','))
EIDV=1099
*GET,XV,ELEM,1099,CENT,X
*GET,YV,ELEM,1099,CENT,Y
*GET,SV,ELEM,1099,ETAB,SEQV
*VWRITE,EIDV,XV,YV,SV
(4(E24.16,','))
EIDV=1100
*GET,XV,ELEM,1100,CENT,X
*GET,YV,ELEM,1100,CENT,Y
*GET,SV,ELEM,1100,ETAB,SEQV
*VWRITE,EIDV,XV,YV,SV
(4(E24.16,','))
EIDV=1101
*GET,XV,ELEM,1101,CENT,X
*GET,YV,ELEM,1101,CENT,Y
*GET,SV,ELEM,1101,ETAB,SEQV
*VWRITE,EIDV,XV,YV,SV
(4(E24.16,','))
EIDV=1102
*GET,XV,ELEM,1102,CENT,X
*GET,YV,ELEM,1102,CENT,Y
*GET,SV,ELEM,1102,ETAB,SEQV
*VWRITE,EIDV,XV,YV,SV
(4(E24.16,','))
EIDV=1103
*GET,XV,ELEM,1103,CENT,X
*GET,YV,ELEM,1103,CENT,Y
*GET,SV,ELEM,1103,ETAB,SEQV
*VWRITE,EIDV,XV,YV,SV
(4(E24.16,','))
EIDV=1104
*GET,XV,ELEM,1104,CENT,X
*GET,YV,ELEM,1104,CENT,Y
*GET,SV,ELEM,1104,ETAB,SEQV
*VWRITE,EIDV,XV,YV,SV
(4(E24.16,','))
EIDV=1105
*GET,XV,ELEM,1105,CENT,X
*GET,YV,ELEM,1105,CENT,Y
*GET,SV,ELEM,1105,ETAB,SEQV
*VWRITE,EIDV,XV,YV,SV
(4(E24.16,','))
EIDV=1106
*GET,XV,ELEM,1106,CENT,X
*GET,YV,ELEM,1106,CENT,Y
*GET,SV,ELEM,1106,ETAB,SEQV
*VWRITE,EIDV,XV,YV,SV
(4(E24.16,','))
EIDV=1107
*GET,XV,ELEM,1107,CENT,X
*GET,YV,ELEM,1107,CENT,Y
*GET,SV,ELEM,1107,ETAB,SEQV
*VWRITE,EIDV,XV,YV,SV
(4(E24.16,','))
EIDV=1108
*GET,XV,ELEM,1108,CENT,X
*GET,YV,ELEM,1108,CENT,Y
*GET,SV,ELEM,1108,ETAB,SEQV
*VWRITE,EIDV,XV,YV,SV
(4(E24.16,','))
EIDV=1109
*GET,XV,ELEM,1109,CENT,X
*GET,YV,ELEM,1109,CENT,Y
*GET,SV,ELEM,1109,ETAB,SEQV
*VWRITE,EIDV,XV,YV,SV
(4(E24.16,','))
EIDV=1110
*GET,XV,ELEM,1110,CENT,X
*GET,YV,ELEM,1110,CENT,Y
*GET,SV,ELEM,1110,ETAB,SEQV
*VWRITE,EIDV,XV,YV,SV
(4(E24.16,','))
EIDV=1111
*GET,XV,ELEM,1111,CENT,X
*GET,YV,ELEM,1111,CENT,Y
*GET,SV,ELEM,1111,ETAB,SEQV
*VWRITE,EIDV,XV,YV,SV
(4(E24.16,','))
EIDV=1112
*GET,XV,ELEM,1112,CENT,X
*GET,YV,ELEM,1112,CENT,Y
*GET,SV,ELEM,1112,ETAB,SEQV
*VWRITE,EIDV,XV,YV,SV
(4(E24.16,','))
EIDV=1113
*GET,XV,ELEM,1113,CENT,X
*GET,YV,ELEM,1113,CENT,Y
*GET,SV,ELEM,1113,ETAB,SEQV
*VWRITE,EIDV,XV,YV,SV
(4(E24.16,','))
EIDV=1114
*GET,XV,ELEM,1114,CENT,X
*GET,YV,ELEM,1114,CENT,Y
*GET,SV,ELEM,1114,ETAB,SEQV
*VWRITE,EIDV,XV,YV,SV
(4(E24.16,','))
EIDV=1115
*GET,XV,ELEM,1115,CENT,X
*GET,YV,ELEM,1115,CENT,Y
*GET,SV,ELEM,1115,ETAB,SEQV
*VWRITE,EIDV,XV,YV,SV
(4(E24.16,','))
EIDV=1116
*GET,XV,ELEM,1116,CENT,X
*GET,YV,ELEM,1116,CENT,Y
*GET,SV,ELEM,1116,ETAB,SEQV
*VWRITE,EIDV,XV,YV,SV
(4(E24.16,','))
EIDV=1117
*GET,XV,ELEM,1117,CENT,X
*GET,YV,ELEM,1117,CENT,Y
*GET,SV,ELEM,1117,ETAB,SEQV
*VWRITE,EIDV,XV,YV,SV
(4(E24.16,','))
EIDV=1118
*GET,XV,ELEM,1118,CENT,X
*GET,YV,ELEM,1118,CENT,Y
*GET,SV,ELEM,1118,ETAB,SEQV
*VWRITE,EIDV,XV,YV,SV
(4(E24.16,','))
EIDV=1119
*GET,XV,ELEM,1119,CENT,X
*GET,YV,ELEM,1119,CENT,Y
*GET,SV,ELEM,1119,ETAB,SEQV
*VWRITE,EIDV,XV,YV,SV
(4(E24.16,','))
EIDV=1120
*GET,XV,ELEM,1120,CENT,X
*GET,YV,ELEM,1120,CENT,Y
*GET,SV,ELEM,1120,ETAB,SEQV
*VWRITE,EIDV,XV,YV,SV
(4(E24.16,','))
EIDV=1121
*GET,XV,ELEM,1121,CENT,X
*GET,YV,ELEM,1121,CENT,Y
*GET,SV,ELEM,1121,ETAB,SEQV
*VWRITE,EIDV,XV,YV,SV
(4(E24.16,','))
EIDV=1122
*GET,XV,ELEM,1122,CENT,X
*GET,YV,ELEM,1122,CENT,Y
*GET,SV,ELEM,1122,ETAB,SEQV
*VWRITE,EIDV,XV,YV,SV
(4(E24.16,','))
EIDV=1123
*GET,XV,ELEM,1123,CENT,X
*GET,YV,ELEM,1123,CENT,Y
*GET,SV,ELEM,1123,ETAB,SEQV
*VWRITE,EIDV,XV,YV,SV
(4(E24.16,','))
EIDV=1124
*GET,XV,ELEM,1124,CENT,X
*GET,YV,ELEM,1124,CENT,Y
*GET,SV,ELEM,1124,ETAB,SEQV
*VWRITE,EIDV,XV,YV,SV
(4(E24.16,','))
EIDV=1125
*GET,XV,ELEM,1125,CENT,X
*GET,YV,ELEM,1125,CENT,Y
*GET,SV,ELEM,1125,ETAB,SEQV
*VWRITE,EIDV,XV,YV,SV
(4(E24.16,','))
EIDV=1126
*GET,XV,ELEM,1126,CENT,X
*GET,YV,ELEM,1126,CENT,Y
*GET,SV,ELEM,1126,ETAB,SEQV
*VWRITE,EIDV,XV,YV,SV
(4(E24.16,','))
EIDV=1127
*GET,XV,ELEM,1127,CENT,X
*GET,YV,ELEM,1127,CENT,Y
*GET,SV,ELEM,1127,ETAB,SEQV
*VWRITE,EIDV,XV,YV,SV
(4(E24.16,','))
EIDV=1128
*GET,XV,ELEM,1128,CENT,X
*GET,YV,ELEM,1128,CENT,Y
*GET,SV,ELEM,1128,ETAB,SEQV
*VWRITE,EIDV,XV,YV,SV
(4(E24.16,','))
EIDV=1129
*GET,XV,ELEM,1129,CENT,X
*GET,YV,ELEM,1129,CENT,Y
*GET,SV,ELEM,1129,ETAB,SEQV
*VWRITE,EIDV,XV,YV,SV
(4(E24.16,','))
EIDV=1130
*GET,XV,ELEM,1130,CENT,X
*GET,YV,ELEM,1130,CENT,Y
*GET,SV,ELEM,1130,ETAB,SEQV
*VWRITE,EIDV,XV,YV,SV
(4(E24.16,','))
EIDV=1131
*GET,XV,ELEM,1131,CENT,X
*GET,YV,ELEM,1131,CENT,Y
*GET,SV,ELEM,1131,ETAB,SEQV
*VWRITE,EIDV,XV,YV,SV
(4(E24.16,','))
EIDV=1132
*GET,XV,ELEM,1132,CENT,X
*GET,YV,ELEM,1132,CENT,Y
*GET,SV,ELEM,1132,ETAB,SEQV
*VWRITE,EIDV,XV,YV,SV
(4(E24.16,','))
EIDV=1133
*GET,XV,ELEM,1133,CENT,X
*GET,YV,ELEM,1133,CENT,Y
*GET,SV,ELEM,1133,ETAB,SEQV
*VWRITE,EIDV,XV,YV,SV
(4(E24.16,','))
EIDV=1134
*GET,XV,ELEM,1134,CENT,X
*GET,YV,ELEM,1134,CENT,Y
*GET,SV,ELEM,1134,ETAB,SEQV
*VWRITE,EIDV,XV,YV,SV
(4(E24.16,','))
EIDV=1135
*GET,XV,ELEM,1135,CENT,X
*GET,YV,ELEM,1135,CENT,Y
*GET,SV,ELEM,1135,ETAB,SEQV
*VWRITE,EIDV,XV,YV,SV
(4(E24.16,','))
EIDV=1136
*GET,XV,ELEM,1136,CENT,X
*GET,YV,ELEM,1136,CENT,Y
*GET,SV,ELEM,1136,ETAB,SEQV
*VWRITE,EIDV,XV,YV,SV
(4(E24.16,','))
EIDV=1137
*GET,XV,ELEM,1137,CENT,X
*GET,YV,ELEM,1137,CENT,Y
*GET,SV,ELEM,1137,ETAB,SEQV
*VWRITE,EIDV,XV,YV,SV
(4(E24.16,','))
EIDV=1138
*GET,XV,ELEM,1138,CENT,X
*GET,YV,ELEM,1138,CENT,Y
*GET,SV,ELEM,1138,ETAB,SEQV
*VWRITE,EIDV,XV,YV,SV
(4(E24.16,','))
EIDV=1139
*GET,XV,ELEM,1139,CENT,X
*GET,YV,ELEM,1139,CENT,Y
*GET,SV,ELEM,1139,ETAB,SEQV
*VWRITE,EIDV,XV,YV,SV
(4(E24.16,','))
EIDV=1140
*GET,XV,ELEM,1140,CENT,X
*GET,YV,ELEM,1140,CENT,Y
*GET,SV,ELEM,1140,ETAB,SEQV
*VWRITE,EIDV,XV,YV,SV
(4(E24.16,','))
EIDV=1141
*GET,XV,ELEM,1141,CENT,X
*GET,YV,ELEM,1141,CENT,Y
*GET,SV,ELEM,1141,ETAB,SEQV
*VWRITE,EIDV,XV,YV,SV
(4(E24.16,','))
EIDV=1142
*GET,XV,ELEM,1142,CENT,X
*GET,YV,ELEM,1142,CENT,Y
*GET,SV,ELEM,1142,ETAB,SEQV
*VWRITE,EIDV,XV,YV,SV
(4(E24.16,','))
EIDV=1143
*GET,XV,ELEM,1143,CENT,X
*GET,YV,ELEM,1143,CENT,Y
*GET,SV,ELEM,1143,ETAB,SEQV
*VWRITE,EIDV,XV,YV,SV
(4(E24.16,','))
EIDV=1144
*GET,XV,ELEM,1144,CENT,X
*GET,YV,ELEM,1144,CENT,Y
*GET,SV,ELEM,1144,ETAB,SEQV
*VWRITE,EIDV,XV,YV,SV
(4(E24.16,','))
EIDV=1145
*GET,XV,ELEM,1145,CENT,X
*GET,YV,ELEM,1145,CENT,Y
*GET,SV,ELEM,1145,ETAB,SEQV
*VWRITE,EIDV,XV,YV,SV
(4(E24.16,','))
EIDV=1146
*GET,XV,ELEM,1146,CENT,X
*GET,YV,ELEM,1146,CENT,Y
*GET,SV,ELEM,1146,ETAB,SEQV
*VWRITE,EIDV,XV,YV,SV
(4(E24.16,','))
EIDV=1147
*GET,XV,ELEM,1147,CENT,X
*GET,YV,ELEM,1147,CENT,Y
*GET,SV,ELEM,1147,ETAB,SEQV
*VWRITE,EIDV,XV,YV,SV
(4(E24.16,','))
EIDV=1148
*GET,XV,ELEM,1148,CENT,X
*GET,YV,ELEM,1148,CENT,Y
*GET,SV,ELEM,1148,ETAB,SEQV
*VWRITE,EIDV,XV,YV,SV
(4(E24.16,','))
EIDV=1149
*GET,XV,ELEM,1149,CENT,X
*GET,YV,ELEM,1149,CENT,Y
*GET,SV,ELEM,1149,ETAB,SEQV
*VWRITE,EIDV,XV,YV,SV
(4(E24.16,','))
EIDV=1150
*GET,XV,ELEM,1150,CENT,X
*GET,YV,ELEM,1150,CENT,Y
*GET,SV,ELEM,1150,ETAB,SEQV
*VWRITE,EIDV,XV,YV,SV
(4(E24.16,','))
EIDV=1151
*GET,XV,ELEM,1151,CENT,X
*GET,YV,ELEM,1151,CENT,Y
*GET,SV,ELEM,1151,ETAB,SEQV
*VWRITE,EIDV,XV,YV,SV
(4(E24.16,','))
EIDV=1152
*GET,XV,ELEM,1152,CENT,X
*GET,YV,ELEM,1152,CENT,Y
*GET,SV,ELEM,1152,ETAB,SEQV
*VWRITE,EIDV,XV,YV,SV
(4(E24.16,','))
EIDV=1153
*GET,XV,ELEM,1153,CENT,X
*GET,YV,ELEM,1153,CENT,Y
*GET,SV,ELEM,1153,ETAB,SEQV
*VWRITE,EIDV,XV,YV,SV
(4(E24.16,','))
EIDV=1154
*GET,XV,ELEM,1154,CENT,X
*GET,YV,ELEM,1154,CENT,Y
*GET,SV,ELEM,1154,ETAB,SEQV
*VWRITE,EIDV,XV,YV,SV
(4(E24.16,','))
EIDV=1155
*GET,XV,ELEM,1155,CENT,X
*GET,YV,ELEM,1155,CENT,Y
*GET,SV,ELEM,1155,ETAB,SEQV
*VWRITE,EIDV,XV,YV,SV
(4(E24.16,','))
EIDV=1156
*GET,XV,ELEM,1156,CENT,X
*GET,YV,ELEM,1156,CENT,Y
*GET,SV,ELEM,1156,ETAB,SEQV
*VWRITE,EIDV,XV,YV,SV
(4(E24.16,','))
EIDV=1157
*GET,XV,ELEM,1157,CENT,X
*GET,YV,ELEM,1157,CENT,Y
*GET,SV,ELEM,1157,ETAB,SEQV
*VWRITE,EIDV,XV,YV,SV
(4(E24.16,','))
EIDV=1158
*GET,XV,ELEM,1158,CENT,X
*GET,YV,ELEM,1158,CENT,Y
*GET,SV,ELEM,1158,ETAB,SEQV
*VWRITE,EIDV,XV,YV,SV
(4(E24.16,','))
EIDV=1159
*GET,XV,ELEM,1159,CENT,X
*GET,YV,ELEM,1159,CENT,Y
*GET,SV,ELEM,1159,ETAB,SEQV
*VWRITE,EIDV,XV,YV,SV
(4(E24.16,','))
EIDV=1160
*GET,XV,ELEM,1160,CENT,X
*GET,YV,ELEM,1160,CENT,Y
*GET,SV,ELEM,1160,ETAB,SEQV
*VWRITE,EIDV,XV,YV,SV
(4(E24.16,','))
EIDV=1161
*GET,XV,ELEM,1161,CENT,X
*GET,YV,ELEM,1161,CENT,Y
*GET,SV,ELEM,1161,ETAB,SEQV
*VWRITE,EIDV,XV,YV,SV
(4(E24.16,','))
EIDV=1162
*GET,XV,ELEM,1162,CENT,X
*GET,YV,ELEM,1162,CENT,Y
*GET,SV,ELEM,1162,ETAB,SEQV
*VWRITE,EIDV,XV,YV,SV
(4(E24.16,','))
EIDV=1163
*GET,XV,ELEM,1163,CENT,X
*GET,YV,ELEM,1163,CENT,Y
*GET,SV,ELEM,1163,ETAB,SEQV
*VWRITE,EIDV,XV,YV,SV
(4(E24.16,','))
EIDV=1164
*GET,XV,ELEM,1164,CENT,X
*GET,YV,ELEM,1164,CENT,Y
*GET,SV,ELEM,1164,ETAB,SEQV
*VWRITE,EIDV,XV,YV,SV
(4(E24.16,','))
EIDV=1165
*GET,XV,ELEM,1165,CENT,X
*GET,YV,ELEM,1165,CENT,Y
*GET,SV,ELEM,1165,ETAB,SEQV
*VWRITE,EIDV,XV,YV,SV
(4(E24.16,','))
EIDV=1166
*GET,XV,ELEM,1166,CENT,X
*GET,YV,ELEM,1166,CENT,Y
*GET,SV,ELEM,1166,ETAB,SEQV
*VWRITE,EIDV,XV,YV,SV
(4(E24.16,','))
EIDV=1167
*GET,XV,ELEM,1167,CENT,X
*GET,YV,ELEM,1167,CENT,Y
*GET,SV,ELEM,1167,ETAB,SEQV
*VWRITE,EIDV,XV,YV,SV
(4(E24.16,','))
EIDV=1168
*GET,XV,ELEM,1168,CENT,X
*GET,YV,ELEM,1168,CENT,Y
*GET,SV,ELEM,1168,ETAB,SEQV
*VWRITE,EIDV,XV,YV,SV
(4(E24.16,','))
EIDV=1169
*GET,XV,ELEM,1169,CENT,X
*GET,YV,ELEM,1169,CENT,Y
*GET,SV,ELEM,1169,ETAB,SEQV
*VWRITE,EIDV,XV,YV,SV
(4(E24.16,','))
EIDV=1170
*GET,XV,ELEM,1170,CENT,X
*GET,YV,ELEM,1170,CENT,Y
*GET,SV,ELEM,1170,ETAB,SEQV
*VWRITE,EIDV,XV,YV,SV
(4(E24.16,','))
EIDV=1171
*GET,XV,ELEM,1171,CENT,X
*GET,YV,ELEM,1171,CENT,Y
*GET,SV,ELEM,1171,ETAB,SEQV
*VWRITE,EIDV,XV,YV,SV
(4(E24.16,','))
EIDV=1172
*GET,XV,ELEM,1172,CENT,X
*GET,YV,ELEM,1172,CENT,Y
*GET,SV,ELEM,1172,ETAB,SEQV
*VWRITE,EIDV,XV,YV,SV
(4(E24.16,','))
EIDV=1173
*GET,XV,ELEM,1173,CENT,X
*GET,YV,ELEM,1173,CENT,Y
*GET,SV,ELEM,1173,ETAB,SEQV
*VWRITE,EIDV,XV,YV,SV
(4(E24.16,','))
EIDV=1174
*GET,XV,ELEM,1174,CENT,X
*GET,YV,ELEM,1174,CENT,Y
*GET,SV,ELEM,1174,ETAB,SEQV
*VWRITE,EIDV,XV,YV,SV
(4(E24.16,','))
EIDV=1175
*GET,XV,ELEM,1175,CENT,X
*GET,YV,ELEM,1175,CENT,Y
*GET,SV,ELEM,1175,ETAB,SEQV
*VWRITE,EIDV,XV,YV,SV
(4(E24.16,','))
EIDV=1176
*GET,XV,ELEM,1176,CENT,X
*GET,YV,ELEM,1176,CENT,Y
*GET,SV,ELEM,1176,ETAB,SEQV
*VWRITE,EIDV,XV,YV,SV
(4(E24.16,','))
EIDV=1177
*GET,XV,ELEM,1177,CENT,X
*GET,YV,ELEM,1177,CENT,Y
*GET,SV,ELEM,1177,ETAB,SEQV
*VWRITE,EIDV,XV,YV,SV
(4(E24.16,','))
EIDV=1178
*GET,XV,ELEM,1178,CENT,X
*GET,YV,ELEM,1178,CENT,Y
*GET,SV,ELEM,1178,ETAB,SEQV
*VWRITE,EIDV,XV,YV,SV
(4(E24.16,','))
EIDV=1179
*GET,XV,ELEM,1179,CENT,X
*GET,YV,ELEM,1179,CENT,Y
*GET,SV,ELEM,1179,ETAB,SEQV
*VWRITE,EIDV,XV,YV,SV
(4(E24.16,','))
EIDV=1180
*GET,XV,ELEM,1180,CENT,X
*GET,YV,ELEM,1180,CENT,Y
*GET,SV,ELEM,1180,ETAB,SEQV
*VWRITE,EIDV,XV,YV,SV
(4(E24.16,','))
EIDV=1181
*GET,XV,ELEM,1181,CENT,X
*GET,YV,ELEM,1181,CENT,Y
*GET,SV,ELEM,1181,ETAB,SEQV
*VWRITE,EIDV,XV,YV,SV
(4(E24.16,','))
EIDV=1182
*GET,XV,ELEM,1182,CENT,X
*GET,YV,ELEM,1182,CENT,Y
*GET,SV,ELEM,1182,ETAB,SEQV
*VWRITE,EIDV,XV,YV,SV
(4(E24.16,','))
EIDV=1183
*GET,XV,ELEM,1183,CENT,X
*GET,YV,ELEM,1183,CENT,Y
*GET,SV,ELEM,1183,ETAB,SEQV
*VWRITE,EIDV,XV,YV,SV
(4(E24.16,','))
EIDV=1184
*GET,XV,ELEM,1184,CENT,X
*GET,YV,ELEM,1184,CENT,Y
*GET,SV,ELEM,1184,ETAB,SEQV
*VWRITE,EIDV,XV,YV,SV
(4(E24.16,','))
EIDV=1185
*GET,XV,ELEM,1185,CENT,X
*GET,YV,ELEM,1185,CENT,Y
*GET,SV,ELEM,1185,ETAB,SEQV
*VWRITE,EIDV,XV,YV,SV
(4(E24.16,','))
EIDV=1186
*GET,XV,ELEM,1186,CENT,X
*GET,YV,ELEM,1186,CENT,Y
*GET,SV,ELEM,1186,ETAB,SEQV
*VWRITE,EIDV,XV,YV,SV
(4(E24.16,','))
EIDV=1187
*GET,XV,ELEM,1187,CENT,X
*GET,YV,ELEM,1187,CENT,Y
*GET,SV,ELEM,1187,ETAB,SEQV
*VWRITE,EIDV,XV,YV,SV
(4(E24.16,','))
EIDV=1188
*GET,XV,ELEM,1188,CENT,X
*GET,YV,ELEM,1188,CENT,Y
*GET,SV,ELEM,1188,ETAB,SEQV
*VWRITE,EIDV,XV,YV,SV
(4(E24.16,','))
EIDV=1189
*GET,XV,ELEM,1189,CENT,X
*GET,YV,ELEM,1189,CENT,Y
*GET,SV,ELEM,1189,ETAB,SEQV
*VWRITE,EIDV,XV,YV,SV
(4(E24.16,','))
EIDV=1190
*GET,XV,ELEM,1190,CENT,X
*GET,YV,ELEM,1190,CENT,Y
*GET,SV,ELEM,1190,ETAB,SEQV
*VWRITE,EIDV,XV,YV,SV
(4(E24.16,','))
EIDV=1191
*GET,XV,ELEM,1191,CENT,X
*GET,YV,ELEM,1191,CENT,Y
*GET,SV,ELEM,1191,ETAB,SEQV
*VWRITE,EIDV,XV,YV,SV
(4(E24.16,','))
EIDV=1192
*GET,XV,ELEM,1192,CENT,X
*GET,YV,ELEM,1192,CENT,Y
*GET,SV,ELEM,1192,ETAB,SEQV
*VWRITE,EIDV,XV,YV,SV
(4(E24.16,','))
EIDV=1193
*GET,XV,ELEM,1193,CENT,X
*GET,YV,ELEM,1193,CENT,Y
*GET,SV,ELEM,1193,ETAB,SEQV
*VWRITE,EIDV,XV,YV,SV
(4(E24.16,','))
EIDV=1194
*GET,XV,ELEM,1194,CENT,X
*GET,YV,ELEM,1194,CENT,Y
*GET,SV,ELEM,1194,ETAB,SEQV
*VWRITE,EIDV,XV,YV,SV
(4(E24.16,','))
EIDV=1195
*GET,XV,ELEM,1195,CENT,X
*GET,YV,ELEM,1195,CENT,Y
*GET,SV,ELEM,1195,ETAB,SEQV
*VWRITE,EIDV,XV,YV,SV
(4(E24.16,','))
EIDV=1196
*GET,XV,ELEM,1196,CENT,X
*GET,YV,ELEM,1196,CENT,Y
*GET,SV,ELEM,1196,ETAB,SEQV
*VWRITE,EIDV,XV,YV,SV
(4(E24.16,','))
EIDV=1197
*GET,XV,ELEM,1197,CENT,X
*GET,YV,ELEM,1197,CENT,Y
*GET,SV,ELEM,1197,ETAB,SEQV
*VWRITE,EIDV,XV,YV,SV
(4(E24.16,','))
EIDV=1198
*GET,XV,ELEM,1198,CENT,X
*GET,YV,ELEM,1198,CENT,Y
*GET,SV,ELEM,1198,ETAB,SEQV
*VWRITE,EIDV,XV,YV,SV
(4(E24.16,','))
EIDV=1199
*GET,XV,ELEM,1199,CENT,X
*GET,YV,ELEM,1199,CENT,Y
*GET,SV,ELEM,1199,ETAB,SEQV
*VWRITE,EIDV,XV,YV,SV
(4(E24.16,','))
EIDV=1200
*GET,XV,ELEM,1200,CENT,X
*GET,YV,ELEM,1200,CENT,Y
*GET,SV,ELEM,1200,ETAB,SEQV
*VWRITE,EIDV,XV,YV,SV
(4(E24.16,','))
EIDV=1201
*GET,XV,ELEM,1201,CENT,X
*GET,YV,ELEM,1201,CENT,Y
*GET,SV,ELEM,1201,ETAB,SEQV
*VWRITE,EIDV,XV,YV,SV
(4(E24.16,','))
EIDV=1202
*GET,XV,ELEM,1202,CENT,X
*GET,YV,ELEM,1202,CENT,Y
*GET,SV,ELEM,1202,ETAB,SEQV
*VWRITE,EIDV,XV,YV,SV
(4(E24.16,','))
EIDV=1203
*GET,XV,ELEM,1203,CENT,X
*GET,YV,ELEM,1203,CENT,Y
*GET,SV,ELEM,1203,ETAB,SEQV
*VWRITE,EIDV,XV,YV,SV
(4(E24.16,','))
EIDV=1204
*GET,XV,ELEM,1204,CENT,X
*GET,YV,ELEM,1204,CENT,Y
*GET,SV,ELEM,1204,ETAB,SEQV
*VWRITE,EIDV,XV,YV,SV
(4(E24.16,','))
EIDV=1205
*GET,XV,ELEM,1205,CENT,X
*GET,YV,ELEM,1205,CENT,Y
*GET,SV,ELEM,1205,ETAB,SEQV
*VWRITE,EIDV,XV,YV,SV
(4(E24.16,','))
EIDV=1206
*GET,XV,ELEM,1206,CENT,X
*GET,YV,ELEM,1206,CENT,Y
*GET,SV,ELEM,1206,ETAB,SEQV
*VWRITE,EIDV,XV,YV,SV
(4(E24.16,','))
EIDV=1207
*GET,XV,ELEM,1207,CENT,X
*GET,YV,ELEM,1207,CENT,Y
*GET,SV,ELEM,1207,ETAB,SEQV
*VWRITE,EIDV,XV,YV,SV
(4(E24.16,','))
EIDV=1208
*GET,XV,ELEM,1208,CENT,X
*GET,YV,ELEM,1208,CENT,Y
*GET,SV,ELEM,1208,ETAB,SEQV
*VWRITE,EIDV,XV,YV,SV
(4(E24.16,','))
EIDV=1209
*GET,XV,ELEM,1209,CENT,X
*GET,YV,ELEM,1209,CENT,Y
*GET,SV,ELEM,1209,ETAB,SEQV
*VWRITE,EIDV,XV,YV,SV
(4(E24.16,','))
EIDV=1210
*GET,XV,ELEM,1210,CENT,X
*GET,YV,ELEM,1210,CENT,Y
*GET,SV,ELEM,1210,ETAB,SEQV
*VWRITE,EIDV,XV,YV,SV
(4(E24.16,','))
EIDV=1211
*GET,XV,ELEM,1211,CENT,X
*GET,YV,ELEM,1211,CENT,Y
*GET,SV,ELEM,1211,ETAB,SEQV
*VWRITE,EIDV,XV,YV,SV
(4(E24.16,','))
EIDV=1212
*GET,XV,ELEM,1212,CENT,X
*GET,YV,ELEM,1212,CENT,Y
*GET,SV,ELEM,1212,ETAB,SEQV
*VWRITE,EIDV,XV,YV,SV
(4(E24.16,','))
EIDV=1213
*GET,XV,ELEM,1213,CENT,X
*GET,YV,ELEM,1213,CENT,Y
*GET,SV,ELEM,1213,ETAB,SEQV
*VWRITE,EIDV,XV,YV,SV
(4(E24.16,','))
EIDV=1214
*GET,XV,ELEM,1214,CENT,X
*GET,YV,ELEM,1214,CENT,Y
*GET,SV,ELEM,1214,ETAB,SEQV
*VWRITE,EIDV,XV,YV,SV
(4(E24.16,','))
EIDV=1215
*GET,XV,ELEM,1215,CENT,X
*GET,YV,ELEM,1215,CENT,Y
*GET,SV,ELEM,1215,ETAB,SEQV
*VWRITE,EIDV,XV,YV,SV
(4(E24.16,','))
EIDV=1216
*GET,XV,ELEM,1216,CENT,X
*GET,YV,ELEM,1216,CENT,Y
*GET,SV,ELEM,1216,ETAB,SEQV
*VWRITE,EIDV,XV,YV,SV
(4(E24.16,','))
EIDV=1217
*GET,XV,ELEM,1217,CENT,X
*GET,YV,ELEM,1217,CENT,Y
*GET,SV,ELEM,1217,ETAB,SEQV
*VWRITE,EIDV,XV,YV,SV
(4(E24.16,','))
EIDV=1218
*GET,XV,ELEM,1218,CENT,X
*GET,YV,ELEM,1218,CENT,Y
*GET,SV,ELEM,1218,ETAB,SEQV
*VWRITE,EIDV,XV,YV,SV
(4(E24.16,','))
EIDV=1219
*GET,XV,ELEM,1219,CENT,X
*GET,YV,ELEM,1219,CENT,Y
*GET,SV,ELEM,1219,ETAB,SEQV
*VWRITE,EIDV,XV,YV,SV
(4(E24.16,','))
EIDV=1220
*GET,XV,ELEM,1220,CENT,X
*GET,YV,ELEM,1220,CENT,Y
*GET,SV,ELEM,1220,ETAB,SEQV
*VWRITE,EIDV,XV,YV,SV
(4(E24.16,','))
EIDV=1221
*GET,XV,ELEM,1221,CENT,X
*GET,YV,ELEM,1221,CENT,Y
*GET,SV,ELEM,1221,ETAB,SEQV
*VWRITE,EIDV,XV,YV,SV
(4(E24.16,','))
EIDV=1222
*GET,XV,ELEM,1222,CENT,X
*GET,YV,ELEM,1222,CENT,Y
*GET,SV,ELEM,1222,ETAB,SEQV
*VWRITE,EIDV,XV,YV,SV
(4(E24.16,','))
EIDV=1223
*GET,XV,ELEM,1223,CENT,X
*GET,YV,ELEM,1223,CENT,Y
*GET,SV,ELEM,1223,ETAB,SEQV
*VWRITE,EIDV,XV,YV,SV
(4(E24.16,','))
EIDV=1224
*GET,XV,ELEM,1224,CENT,X
*GET,YV,ELEM,1224,CENT,Y
*GET,SV,ELEM,1224,ETAB,SEQV
*VWRITE,EIDV,XV,YV,SV
(4(E24.16,','))
EIDV=1225
*GET,XV,ELEM,1225,CENT,X
*GET,YV,ELEM,1225,CENT,Y
*GET,SV,ELEM,1225,ETAB,SEQV
*VWRITE,EIDV,XV,YV,SV
(4(E24.16,','))
EIDV=1226
*GET,XV,ELEM,1226,CENT,X
*GET,YV,ELEM,1226,CENT,Y
*GET,SV,ELEM,1226,ETAB,SEQV
*VWRITE,EIDV,XV,YV,SV
(4(E24.16,','))
EIDV=1227
*GET,XV,ELEM,1227,CENT,X
*GET,YV,ELEM,1227,CENT,Y
*GET,SV,ELEM,1227,ETAB,SEQV
*VWRITE,EIDV,XV,YV,SV
(4(E24.16,','))
EIDV=1228
*GET,XV,ELEM,1228,CENT,X
*GET,YV,ELEM,1228,CENT,Y
*GET,SV,ELEM,1228,ETAB,SEQV
*VWRITE,EIDV,XV,YV,SV
(4(E24.16,','))
EIDV=1229
*GET,XV,ELEM,1229,CENT,X
*GET,YV,ELEM,1229,CENT,Y
*GET,SV,ELEM,1229,ETAB,SEQV
*VWRITE,EIDV,XV,YV,SV
(4(E24.16,','))
EIDV=1230
*GET,XV,ELEM,1230,CENT,X
*GET,YV,ELEM,1230,CENT,Y
*GET,SV,ELEM,1230,ETAB,SEQV
*VWRITE,EIDV,XV,YV,SV
(4(E24.16,','))
EIDV=1231
*GET,XV,ELEM,1231,CENT,X
*GET,YV,ELEM,1231,CENT,Y
*GET,SV,ELEM,1231,ETAB,SEQV
*VWRITE,EIDV,XV,YV,SV
(4(E24.16,','))
EIDV=1232
*GET,XV,ELEM,1232,CENT,X
*GET,YV,ELEM,1232,CENT,Y
*GET,SV,ELEM,1232,ETAB,SEQV
*VWRITE,EIDV,XV,YV,SV
(4(E24.16,','))
EIDV=1233
*GET,XV,ELEM,1233,CENT,X
*GET,YV,ELEM,1233,CENT,Y
*GET,SV,ELEM,1233,ETAB,SEQV
*VWRITE,EIDV,XV,YV,SV
(4(E24.16,','))
EIDV=1234
*GET,XV,ELEM,1234,CENT,X
*GET,YV,ELEM,1234,CENT,Y
*GET,SV,ELEM,1234,ETAB,SEQV
*VWRITE,EIDV,XV,YV,SV
(4(E24.16,','))
EIDV=1235
*GET,XV,ELEM,1235,CENT,X
*GET,YV,ELEM,1235,CENT,Y
*GET,SV,ELEM,1235,ETAB,SEQV
*VWRITE,EIDV,XV,YV,SV
(4(E24.16,','))
EIDV=1236
*GET,XV,ELEM,1236,CENT,X
*GET,YV,ELEM,1236,CENT,Y
*GET,SV,ELEM,1236,ETAB,SEQV
*VWRITE,EIDV,XV,YV,SV
(4(E24.16,','))
EIDV=1237
*GET,XV,ELEM,1237,CENT,X
*GET,YV,ELEM,1237,CENT,Y
*GET,SV,ELEM,1237,ETAB,SEQV
*VWRITE,EIDV,XV,YV,SV
(4(E24.16,','))
EIDV=1238
*GET,XV,ELEM,1238,CENT,X
*GET,YV,ELEM,1238,CENT,Y
*GET,SV,ELEM,1238,ETAB,SEQV
*VWRITE,EIDV,XV,YV,SV
(4(E24.16,','))
EIDV=1239
*GET,XV,ELEM,1239,CENT,X
*GET,YV,ELEM,1239,CENT,Y
*GET,SV,ELEM,1239,ETAB,SEQV
*VWRITE,EIDV,XV,YV,SV
(4(E24.16,','))
EIDV=1240
*GET,XV,ELEM,1240,CENT,X
*GET,YV,ELEM,1240,CENT,Y
*GET,SV,ELEM,1240,ETAB,SEQV
*VWRITE,EIDV,XV,YV,SV
(4(E24.16,','))
EIDV=1241
*GET,XV,ELEM,1241,CENT,X
*GET,YV,ELEM,1241,CENT,Y
*GET,SV,ELEM,1241,ETAB,SEQV
*VWRITE,EIDV,XV,YV,SV
(4(E24.16,','))
EIDV=1242
*GET,XV,ELEM,1242,CENT,X
*GET,YV,ELEM,1242,CENT,Y
*GET,SV,ELEM,1242,ETAB,SEQV
*VWRITE,EIDV,XV,YV,SV
(4(E24.16,','))
EIDV=1243
*GET,XV,ELEM,1243,CENT,X
*GET,YV,ELEM,1243,CENT,Y
*GET,SV,ELEM,1243,ETAB,SEQV
*VWRITE,EIDV,XV,YV,SV
(4(E24.16,','))
EIDV=1244
*GET,XV,ELEM,1244,CENT,X
*GET,YV,ELEM,1244,CENT,Y
*GET,SV,ELEM,1244,ETAB,SEQV
*VWRITE,EIDV,XV,YV,SV
(4(E24.16,','))
EIDV=1245
*GET,XV,ELEM,1245,CENT,X
*GET,YV,ELEM,1245,CENT,Y
*GET,SV,ELEM,1245,ETAB,SEQV
*VWRITE,EIDV,XV,YV,SV
(4(E24.16,','))
EIDV=1246
*GET,XV,ELEM,1246,CENT,X
*GET,YV,ELEM,1246,CENT,Y
*GET,SV,ELEM,1246,ETAB,SEQV
*VWRITE,EIDV,XV,YV,SV
(4(E24.16,','))
EIDV=1247
*GET,XV,ELEM,1247,CENT,X
*GET,YV,ELEM,1247,CENT,Y
*GET,SV,ELEM,1247,ETAB,SEQV
*VWRITE,EIDV,XV,YV,SV
(4(E24.16,','))
EIDV=1248
*GET,XV,ELEM,1248,CENT,X
*GET,YV,ELEM,1248,CENT,Y
*GET,SV,ELEM,1248,ETAB,SEQV
*VWRITE,EIDV,XV,YV,SV
(4(E24.16,','))
EIDV=1249
*GET,XV,ELEM,1249,CENT,X
*GET,YV,ELEM,1249,CENT,Y
*GET,SV,ELEM,1249,ETAB,SEQV
*VWRITE,EIDV,XV,YV,SV
(4(E24.16,','))
EIDV=1250
*GET,XV,ELEM,1250,CENT,X
*GET,YV,ELEM,1250,CENT,Y
*GET,SV,ELEM,1250,ETAB,SEQV
*VWRITE,EIDV,XV,YV,SV
(4(E24.16,','))
EIDV=1251
*GET,XV,ELEM,1251,CENT,X
*GET,YV,ELEM,1251,CENT,Y
*GET,SV,ELEM,1251,ETAB,SEQV
*VWRITE,EIDV,XV,YV,SV
(4(E24.16,','))
EIDV=1252
*GET,XV,ELEM,1252,CENT,X
*GET,YV,ELEM,1252,CENT,Y
*GET,SV,ELEM,1252,ETAB,SEQV
*VWRITE,EIDV,XV,YV,SV
(4(E24.16,','))
EIDV=1253
*GET,XV,ELEM,1253,CENT,X
*GET,YV,ELEM,1253,CENT,Y
*GET,SV,ELEM,1253,ETAB,SEQV
*VWRITE,EIDV,XV,YV,SV
(4(E24.16,','))
EIDV=1254
*GET,XV,ELEM,1254,CENT,X
*GET,YV,ELEM,1254,CENT,Y
*GET,SV,ELEM,1254,ETAB,SEQV
*VWRITE,EIDV,XV,YV,SV
(4(E24.16,','))
EIDV=1255
*GET,XV,ELEM,1255,CENT,X
*GET,YV,ELEM,1255,CENT,Y
*GET,SV,ELEM,1255,ETAB,SEQV
*VWRITE,EIDV,XV,YV,SV
(4(E24.16,','))
EIDV=1256
*GET,XV,ELEM,1256,CENT,X
*GET,YV,ELEM,1256,CENT,Y
*GET,SV,ELEM,1256,ETAB,SEQV
*VWRITE,EIDV,XV,YV,SV
(4(E24.16,','))
EIDV=1257
*GET,XV,ELEM,1257,CENT,X
*GET,YV,ELEM,1257,CENT,Y
*GET,SV,ELEM,1257,ETAB,SEQV
*VWRITE,EIDV,XV,YV,SV
(4(E24.16,','))
EIDV=1258
*GET,XV,ELEM,1258,CENT,X
*GET,YV,ELEM,1258,CENT,Y
*GET,SV,ELEM,1258,ETAB,SEQV
*VWRITE,EIDV,XV,YV,SV
(4(E24.16,','))
EIDV=1259
*GET,XV,ELEM,1259,CENT,X
*GET,YV,ELEM,1259,CENT,Y
*GET,SV,ELEM,1259,ETAB,SEQV
*VWRITE,EIDV,XV,YV,SV
(4(E24.16,','))
EIDV=1260
*GET,XV,ELEM,1260,CENT,X
*GET,YV,ELEM,1260,CENT,Y
*GET,SV,ELEM,1260,ETAB,SEQV
*VWRITE,EIDV,XV,YV,SV
(4(E24.16,','))
EIDV=1261
*GET,XV,ELEM,1261,CENT,X
*GET,YV,ELEM,1261,CENT,Y
*GET,SV,ELEM,1261,ETAB,SEQV
*VWRITE,EIDV,XV,YV,SV
(4(E24.16,','))
EIDV=1262
*GET,XV,ELEM,1262,CENT,X
*GET,YV,ELEM,1262,CENT,Y
*GET,SV,ELEM,1262,ETAB,SEQV
*VWRITE,EIDV,XV,YV,SV
(4(E24.16,','))
EIDV=1263
*GET,XV,ELEM,1263,CENT,X
*GET,YV,ELEM,1263,CENT,Y
*GET,SV,ELEM,1263,ETAB,SEQV
*VWRITE,EIDV,XV,YV,SV
(4(E24.16,','))
EIDV=1264
*GET,XV,ELEM,1264,CENT,X
*GET,YV,ELEM,1264,CENT,Y
*GET,SV,ELEM,1264,ETAB,SEQV
*VWRITE,EIDV,XV,YV,SV
(4(E24.16,','))
EIDV=1265
*GET,XV,ELEM,1265,CENT,X
*GET,YV,ELEM,1265,CENT,Y
*GET,SV,ELEM,1265,ETAB,SEQV
*VWRITE,EIDV,XV,YV,SV
(4(E24.16,','))
EIDV=1266
*GET,XV,ELEM,1266,CENT,X
*GET,YV,ELEM,1266,CENT,Y
*GET,SV,ELEM,1266,ETAB,SEQV
*VWRITE,EIDV,XV,YV,SV
(4(E24.16,','))
EIDV=1267
*GET,XV,ELEM,1267,CENT,X
*GET,YV,ELEM,1267,CENT,Y
*GET,SV,ELEM,1267,ETAB,SEQV
*VWRITE,EIDV,XV,YV,SV
(4(E24.16,','))
EIDV=1268
*GET,XV,ELEM,1268,CENT,X
*GET,YV,ELEM,1268,CENT,Y
*GET,SV,ELEM,1268,ETAB,SEQV
*VWRITE,EIDV,XV,YV,SV
(4(E24.16,','))
EIDV=1269
*GET,XV,ELEM,1269,CENT,X
*GET,YV,ELEM,1269,CENT,Y
*GET,SV,ELEM,1269,ETAB,SEQV
*VWRITE,EIDV,XV,YV,SV
(4(E24.16,','))
EIDV=1270
*GET,XV,ELEM,1270,CENT,X
*GET,YV,ELEM,1270,CENT,Y
*GET,SV,ELEM,1270,ETAB,SEQV
*VWRITE,EIDV,XV,YV,SV
(4(E24.16,','))
EIDV=1271
*GET,XV,ELEM,1271,CENT,X
*GET,YV,ELEM,1271,CENT,Y
*GET,SV,ELEM,1271,ETAB,SEQV
*VWRITE,EIDV,XV,YV,SV
(4(E24.16,','))
EIDV=1272
*GET,XV,ELEM,1272,CENT,X
*GET,YV,ELEM,1272,CENT,Y
*GET,SV,ELEM,1272,ETAB,SEQV
*VWRITE,EIDV,XV,YV,SV
(4(E24.16,','))
EIDV=1273
*GET,XV,ELEM,1273,CENT,X
*GET,YV,ELEM,1273,CENT,Y
*GET,SV,ELEM,1273,ETAB,SEQV
*VWRITE,EIDV,XV,YV,SV
(4(E24.16,','))
EIDV=1274
*GET,XV,ELEM,1274,CENT,X
*GET,YV,ELEM,1274,CENT,Y
*GET,SV,ELEM,1274,ETAB,SEQV
*VWRITE,EIDV,XV,YV,SV
(4(E24.16,','))
EIDV=1275
*GET,XV,ELEM,1275,CENT,X
*GET,YV,ELEM,1275,CENT,Y
*GET,SV,ELEM,1275,ETAB,SEQV
*VWRITE,EIDV,XV,YV,SV
(4(E24.16,','))
EIDV=1276
*GET,XV,ELEM,1276,CENT,X
*GET,YV,ELEM,1276,CENT,Y
*GET,SV,ELEM,1276,ETAB,SEQV
*VWRITE,EIDV,XV,YV,SV
(4(E24.16,','))
EIDV=1277
*GET,XV,ELEM,1277,CENT,X
*GET,YV,ELEM,1277,CENT,Y
*GET,SV,ELEM,1277,ETAB,SEQV
*VWRITE,EIDV,XV,YV,SV
(4(E24.16,','))
EIDV=1278
*GET,XV,ELEM,1278,CENT,X
*GET,YV,ELEM,1278,CENT,Y
*GET,SV,ELEM,1278,ETAB,SEQV
*VWRITE,EIDV,XV,YV,SV
(4(E24.16,','))
EIDV=1279
*GET,XV,ELEM,1279,CENT,X
*GET,YV,ELEM,1279,CENT,Y
*GET,SV,ELEM,1279,ETAB,SEQV
*VWRITE,EIDV,XV,YV,SV
(4(E24.16,','))
EIDV=1280
*GET,XV,ELEM,1280,CENT,X
*GET,YV,ELEM,1280,CENT,Y
*GET,SV,ELEM,1280,ETAB,SEQV
*VWRITE,EIDV,XV,YV,SV
(4(E24.16,','))
EIDV=1281
*GET,XV,ELEM,1281,CENT,X
*GET,YV,ELEM,1281,CENT,Y
*GET,SV,ELEM,1281,ETAB,SEQV
*VWRITE,EIDV,XV,YV,SV
(4(E24.16,','))
EIDV=1282
*GET,XV,ELEM,1282,CENT,X
*GET,YV,ELEM,1282,CENT,Y
*GET,SV,ELEM,1282,ETAB,SEQV
*VWRITE,EIDV,XV,YV,SV
(4(E24.16,','))
EIDV=1283
*GET,XV,ELEM,1283,CENT,X
*GET,YV,ELEM,1283,CENT,Y
*GET,SV,ELEM,1283,ETAB,SEQV
*VWRITE,EIDV,XV,YV,SV
(4(E24.16,','))
EIDV=1284
*GET,XV,ELEM,1284,CENT,X
*GET,YV,ELEM,1284,CENT,Y
*GET,SV,ELEM,1284,ETAB,SEQV
*VWRITE,EIDV,XV,YV,SV
(4(E24.16,','))
EIDV=1285
*GET,XV,ELEM,1285,CENT,X
*GET,YV,ELEM,1285,CENT,Y
*GET,SV,ELEM,1285,ETAB,SEQV
*VWRITE,EIDV,XV,YV,SV
(4(E24.16,','))
EIDV=1286
*GET,XV,ELEM,1286,CENT,X
*GET,YV,ELEM,1286,CENT,Y
*GET,SV,ELEM,1286,ETAB,SEQV
*VWRITE,EIDV,XV,YV,SV
(4(E24.16,','))
EIDV=1287
*GET,XV,ELEM,1287,CENT,X
*GET,YV,ELEM,1287,CENT,Y
*GET,SV,ELEM,1287,ETAB,SEQV
*VWRITE,EIDV,XV,YV,SV
(4(E24.16,','))
EIDV=1288
*GET,XV,ELEM,1288,CENT,X
*GET,YV,ELEM,1288,CENT,Y
*GET,SV,ELEM,1288,ETAB,SEQV
*VWRITE,EIDV,XV,YV,SV
(4(E24.16,','))
EIDV=1289
*GET,XV,ELEM,1289,CENT,X
*GET,YV,ELEM,1289,CENT,Y
*GET,SV,ELEM,1289,ETAB,SEQV
*VWRITE,EIDV,XV,YV,SV
(4(E24.16,','))
EIDV=1290
*GET,XV,ELEM,1290,CENT,X
*GET,YV,ELEM,1290,CENT,Y
*GET,SV,ELEM,1290,ETAB,SEQV
*VWRITE,EIDV,XV,YV,SV
(4(E24.16,','))
EIDV=1291
*GET,XV,ELEM,1291,CENT,X
*GET,YV,ELEM,1291,CENT,Y
*GET,SV,ELEM,1291,ETAB,SEQV
*VWRITE,EIDV,XV,YV,SV
(4(E24.16,','))
EIDV=1292
*GET,XV,ELEM,1292,CENT,X
*GET,YV,ELEM,1292,CENT,Y
*GET,SV,ELEM,1292,ETAB,SEQV
*VWRITE,EIDV,XV,YV,SV
(4(E24.16,','))
EIDV=1293
*GET,XV,ELEM,1293,CENT,X
*GET,YV,ELEM,1293,CENT,Y
*GET,SV,ELEM,1293,ETAB,SEQV
*VWRITE,EIDV,XV,YV,SV
(4(E24.16,','))
EIDV=1294
*GET,XV,ELEM,1294,CENT,X
*GET,YV,ELEM,1294,CENT,Y
*GET,SV,ELEM,1294,ETAB,SEQV
*VWRITE,EIDV,XV,YV,SV
(4(E24.16,','))
EIDV=1295
*GET,XV,ELEM,1295,CENT,X
*GET,YV,ELEM,1295,CENT,Y
*GET,SV,ELEM,1295,ETAB,SEQV
*VWRITE,EIDV,XV,YV,SV
(4(E24.16,','))
EIDV=1296
*GET,XV,ELEM,1296,CENT,X
*GET,YV,ELEM,1296,CENT,Y
*GET,SV,ELEM,1296,ETAB,SEQV
*VWRITE,EIDV,XV,YV,SV
(4(E24.16,','))
EIDV=1297
*GET,XV,ELEM,1297,CENT,X
*GET,YV,ELEM,1297,CENT,Y
*GET,SV,ELEM,1297,ETAB,SEQV
*VWRITE,EIDV,XV,YV,SV
(4(E24.16,','))
EIDV=1298
*GET,XV,ELEM,1298,CENT,X
*GET,YV,ELEM,1298,CENT,Y
*GET,SV,ELEM,1298,ETAB,SEQV
*VWRITE,EIDV,XV,YV,SV
(4(E24.16,','))
EIDV=1299
*GET,XV,ELEM,1299,CENT,X
*GET,YV,ELEM,1299,CENT,Y
*GET,SV,ELEM,1299,ETAB,SEQV
*VWRITE,EIDV,XV,YV,SV
(4(E24.16,','))
EIDV=1300
*GET,XV,ELEM,1300,CENT,X
*GET,YV,ELEM,1300,CENT,Y
*GET,SV,ELEM,1300,ETAB,SEQV
*VWRITE,EIDV,XV,YV,SV
(4(E24.16,','))
EIDV=1301
*GET,XV,ELEM,1301,CENT,X
*GET,YV,ELEM,1301,CENT,Y
*GET,SV,ELEM,1301,ETAB,SEQV
*VWRITE,EIDV,XV,YV,SV
(4(E24.16,','))
EIDV=1302
*GET,XV,ELEM,1302,CENT,X
*GET,YV,ELEM,1302,CENT,Y
*GET,SV,ELEM,1302,ETAB,SEQV
*VWRITE,EIDV,XV,YV,SV
(4(E24.16,','))
EIDV=1303
*GET,XV,ELEM,1303,CENT,X
*GET,YV,ELEM,1303,CENT,Y
*GET,SV,ELEM,1303,ETAB,SEQV
*VWRITE,EIDV,XV,YV,SV
(4(E24.16,','))
EIDV=1304
*GET,XV,ELEM,1304,CENT,X
*GET,YV,ELEM,1304,CENT,Y
*GET,SV,ELEM,1304,ETAB,SEQV
*VWRITE,EIDV,XV,YV,SV
(4(E24.16,','))
EIDV=1305
*GET,XV,ELEM,1305,CENT,X
*GET,YV,ELEM,1305,CENT,Y
*GET,SV,ELEM,1305,ETAB,SEQV
*VWRITE,EIDV,XV,YV,SV
(4(E24.16,','))
EIDV=1306
*GET,XV,ELEM,1306,CENT,X
*GET,YV,ELEM,1306,CENT,Y
*GET,SV,ELEM,1306,ETAB,SEQV
*VWRITE,EIDV,XV,YV,SV
(4(E24.16,','))
EIDV=1307
*GET,XV,ELEM,1307,CENT,X
*GET,YV,ELEM,1307,CENT,Y
*GET,SV,ELEM,1307,ETAB,SEQV
*VWRITE,EIDV,XV,YV,SV
(4(E24.16,','))
EIDV=1308
*GET,XV,ELEM,1308,CENT,X
*GET,YV,ELEM,1308,CENT,Y
*GET,SV,ELEM,1308,ETAB,SEQV
*VWRITE,EIDV,XV,YV,SV
(4(E24.16,','))
EIDV=1309
*GET,XV,ELEM,1309,CENT,X
*GET,YV,ELEM,1309,CENT,Y
*GET,SV,ELEM,1309,ETAB,SEQV
*VWRITE,EIDV,XV,YV,SV
(4(E24.16,','))
EIDV=1310
*GET,XV,ELEM,1310,CENT,X
*GET,YV,ELEM,1310,CENT,Y
*GET,SV,ELEM,1310,ETAB,SEQV
*VWRITE,EIDV,XV,YV,SV
(4(E24.16,','))
EIDV=1311
*GET,XV,ELEM,1311,CENT,X
*GET,YV,ELEM,1311,CENT,Y
*GET,SV,ELEM,1311,ETAB,SEQV
*VWRITE,EIDV,XV,YV,SV
(4(E24.16,','))
EIDV=1312
*GET,XV,ELEM,1312,CENT,X
*GET,YV,ELEM,1312,CENT,Y
*GET,SV,ELEM,1312,ETAB,SEQV
*VWRITE,EIDV,XV,YV,SV
(4(E24.16,','))
EIDV=1313
*GET,XV,ELEM,1313,CENT,X
*GET,YV,ELEM,1313,CENT,Y
*GET,SV,ELEM,1313,ETAB,SEQV
*VWRITE,EIDV,XV,YV,SV
(4(E24.16,','))
EIDV=1314
*GET,XV,ELEM,1314,CENT,X
*GET,YV,ELEM,1314,CENT,Y
*GET,SV,ELEM,1314,ETAB,SEQV
*VWRITE,EIDV,XV,YV,SV
(4(E24.16,','))
EIDV=1315
*GET,XV,ELEM,1315,CENT,X
*GET,YV,ELEM,1315,CENT,Y
*GET,SV,ELEM,1315,ETAB,SEQV
*VWRITE,EIDV,XV,YV,SV
(4(E24.16,','))
EIDV=1316
*GET,XV,ELEM,1316,CENT,X
*GET,YV,ELEM,1316,CENT,Y
*GET,SV,ELEM,1316,ETAB,SEQV
*VWRITE,EIDV,XV,YV,SV
(4(E24.16,','))
EIDV=1317
*GET,XV,ELEM,1317,CENT,X
*GET,YV,ELEM,1317,CENT,Y
*GET,SV,ELEM,1317,ETAB,SEQV
*VWRITE,EIDV,XV,YV,SV
(4(E24.16,','))
EIDV=1318
*GET,XV,ELEM,1318,CENT,X
*GET,YV,ELEM,1318,CENT,Y
*GET,SV,ELEM,1318,ETAB,SEQV
*VWRITE,EIDV,XV,YV,SV
(4(E24.16,','))
EIDV=1319
*GET,XV,ELEM,1319,CENT,X
*GET,YV,ELEM,1319,CENT,Y
*GET,SV,ELEM,1319,ETAB,SEQV
*VWRITE,EIDV,XV,YV,SV
(4(E24.16,','))
EIDV=1320
*GET,XV,ELEM,1320,CENT,X
*GET,YV,ELEM,1320,CENT,Y
*GET,SV,ELEM,1320,ETAB,SEQV
*VWRITE,EIDV,XV,YV,SV
(4(E24.16,','))
EIDV=1321
*GET,XV,ELEM,1321,CENT,X
*GET,YV,ELEM,1321,CENT,Y
*GET,SV,ELEM,1321,ETAB,SEQV
*VWRITE,EIDV,XV,YV,SV
(4(E24.16,','))
EIDV=1322
*GET,XV,ELEM,1322,CENT,X
*GET,YV,ELEM,1322,CENT,Y
*GET,SV,ELEM,1322,ETAB,SEQV
*VWRITE,EIDV,XV,YV,SV
(4(E24.16,','))
EIDV=1323
*GET,XV,ELEM,1323,CENT,X
*GET,YV,ELEM,1323,CENT,Y
*GET,SV,ELEM,1323,ETAB,SEQV
*VWRITE,EIDV,XV,YV,SV
(4(E24.16,','))
EIDV=1324
*GET,XV,ELEM,1324,CENT,X
*GET,YV,ELEM,1324,CENT,Y
*GET,SV,ELEM,1324,ETAB,SEQV
*VWRITE,EIDV,XV,YV,SV
(4(E24.16,','))
EIDV=1325
*GET,XV,ELEM,1325,CENT,X
*GET,YV,ELEM,1325,CENT,Y
*GET,SV,ELEM,1325,ETAB,SEQV
*VWRITE,EIDV,XV,YV,SV
(4(E24.16,','))
EIDV=1326
*GET,XV,ELEM,1326,CENT,X
*GET,YV,ELEM,1326,CENT,Y
*GET,SV,ELEM,1326,ETAB,SEQV
*VWRITE,EIDV,XV,YV,SV
(4(E24.16,','))
EIDV=1327
*GET,XV,ELEM,1327,CENT,X
*GET,YV,ELEM,1327,CENT,Y
*GET,SV,ELEM,1327,ETAB,SEQV
*VWRITE,EIDV,XV,YV,SV
(4(E24.16,','))
EIDV=1328
*GET,XV,ELEM,1328,CENT,X
*GET,YV,ELEM,1328,CENT,Y
*GET,SV,ELEM,1328,ETAB,SEQV
*VWRITE,EIDV,XV,YV,SV
(4(E24.16,','))
EIDV=1329
*GET,XV,ELEM,1329,CENT,X
*GET,YV,ELEM,1329,CENT,Y
*GET,SV,ELEM,1329,ETAB,SEQV
*VWRITE,EIDV,XV,YV,SV
(4(E24.16,','))
EIDV=1330
*GET,XV,ELEM,1330,CENT,X
*GET,YV,ELEM,1330,CENT,Y
*GET,SV,ELEM,1330,ETAB,SEQV
*VWRITE,EIDV,XV,YV,SV
(4(E24.16,','))
EIDV=1331
*GET,XV,ELEM,1331,CENT,X
*GET,YV,ELEM,1331,CENT,Y
*GET,SV,ELEM,1331,ETAB,SEQV
*VWRITE,EIDV,XV,YV,SV
(4(E24.16,','))
EIDV=1332
*GET,XV,ELEM,1332,CENT,X
*GET,YV,ELEM,1332,CENT,Y
*GET,SV,ELEM,1332,ETAB,SEQV
*VWRITE,EIDV,XV,YV,SV
(4(E24.16,','))
EIDV=1333
*GET,XV,ELEM,1333,CENT,X
*GET,YV,ELEM,1333,CENT,Y
*GET,SV,ELEM,1333,ETAB,SEQV
*VWRITE,EIDV,XV,YV,SV
(4(E24.16,','))
EIDV=1334
*GET,XV,ELEM,1334,CENT,X
*GET,YV,ELEM,1334,CENT,Y
*GET,SV,ELEM,1334,ETAB,SEQV
*VWRITE,EIDV,XV,YV,SV
(4(E24.16,','))
EIDV=1335
*GET,XV,ELEM,1335,CENT,X
*GET,YV,ELEM,1335,CENT,Y
*GET,SV,ELEM,1335,ETAB,SEQV
*VWRITE,EIDV,XV,YV,SV
(4(E24.16,','))
EIDV=1336
*GET,XV,ELEM,1336,CENT,X
*GET,YV,ELEM,1336,CENT,Y
*GET,SV,ELEM,1336,ETAB,SEQV
*VWRITE,EIDV,XV,YV,SV
(4(E24.16,','))
EIDV=1337
*GET,XV,ELEM,1337,CENT,X
*GET,YV,ELEM,1337,CENT,Y
*GET,SV,ELEM,1337,ETAB,SEQV
*VWRITE,EIDV,XV,YV,SV
(4(E24.16,','))
EIDV=1338
*GET,XV,ELEM,1338,CENT,X
*GET,YV,ELEM,1338,CENT,Y
*GET,SV,ELEM,1338,ETAB,SEQV
*VWRITE,EIDV,XV,YV,SV
(4(E24.16,','))
EIDV=1339
*GET,XV,ELEM,1339,CENT,X
*GET,YV,ELEM,1339,CENT,Y
*GET,SV,ELEM,1339,ETAB,SEQV
*VWRITE,EIDV,XV,YV,SV
(4(E24.16,','))
EIDV=1340
*GET,XV,ELEM,1340,CENT,X
*GET,YV,ELEM,1340,CENT,Y
*GET,SV,ELEM,1340,ETAB,SEQV
*VWRITE,EIDV,XV,YV,SV
(4(E24.16,','))
EIDV=1341
*GET,XV,ELEM,1341,CENT,X
*GET,YV,ELEM,1341,CENT,Y
*GET,SV,ELEM,1341,ETAB,SEQV
*VWRITE,EIDV,XV,YV,SV
(4(E24.16,','))
EIDV=1342
*GET,XV,ELEM,1342,CENT,X
*GET,YV,ELEM,1342,CENT,Y
*GET,SV,ELEM,1342,ETAB,SEQV
*VWRITE,EIDV,XV,YV,SV
(4(E24.16,','))
EIDV=1343
*GET,XV,ELEM,1343,CENT,X
*GET,YV,ELEM,1343,CENT,Y
*GET,SV,ELEM,1343,ETAB,SEQV
*VWRITE,EIDV,XV,YV,SV
(4(E24.16,','))
EIDV=1344
*GET,XV,ELEM,1344,CENT,X
*GET,YV,ELEM,1344,CENT,Y
*GET,SV,ELEM,1344,ETAB,SEQV
*VWRITE,EIDV,XV,YV,SV
(4(E24.16,','))
EIDV=1345
*GET,XV,ELEM,1345,CENT,X
*GET,YV,ELEM,1345,CENT,Y
*GET,SV,ELEM,1345,ETAB,SEQV
*VWRITE,EIDV,XV,YV,SV
(4(E24.16,','))
EIDV=1346
*GET,XV,ELEM,1346,CENT,X
*GET,YV,ELEM,1346,CENT,Y
*GET,SV,ELEM,1346,ETAB,SEQV
*VWRITE,EIDV,XV,YV,SV
(4(E24.16,','))
EIDV=1347
*GET,XV,ELEM,1347,CENT,X
*GET,YV,ELEM,1347,CENT,Y
*GET,SV,ELEM,1347,ETAB,SEQV
*VWRITE,EIDV,XV,YV,SV
(4(E24.16,','))
EIDV=1348
*GET,XV,ELEM,1348,CENT,X
*GET,YV,ELEM,1348,CENT,Y
*GET,SV,ELEM,1348,ETAB,SEQV
*VWRITE,EIDV,XV,YV,SV
(4(E24.16,','))
EIDV=1349
*GET,XV,ELEM,1349,CENT,X
*GET,YV,ELEM,1349,CENT,Y
*GET,SV,ELEM,1349,ETAB,SEQV
*VWRITE,EIDV,XV,YV,SV
(4(E24.16,','))
EIDV=1350
*GET,XV,ELEM,1350,CENT,X
*GET,YV,ELEM,1350,CENT,Y
*GET,SV,ELEM,1350,ETAB,SEQV
*VWRITE,EIDV,XV,YV,SV
(4(E24.16,','))
EIDV=1351
*GET,XV,ELEM,1351,CENT,X
*GET,YV,ELEM,1351,CENT,Y
*GET,SV,ELEM,1351,ETAB,SEQV
*VWRITE,EIDV,XV,YV,SV
(4(E24.16,','))
EIDV=1352
*GET,XV,ELEM,1352,CENT,X
*GET,YV,ELEM,1352,CENT,Y
*GET,SV,ELEM,1352,ETAB,SEQV
*VWRITE,EIDV,XV,YV,SV
(4(E24.16,','))
EIDV=1353
*GET,XV,ELEM,1353,CENT,X
*GET,YV,ELEM,1353,CENT,Y
*GET,SV,ELEM,1353,ETAB,SEQV
*VWRITE,EIDV,XV,YV,SV
(4(E24.16,','))
EIDV=1354
*GET,XV,ELEM,1354,CENT,X
*GET,YV,ELEM,1354,CENT,Y
*GET,SV,ELEM,1354,ETAB,SEQV
*VWRITE,EIDV,XV,YV,SV
(4(E24.16,','))
EIDV=1355
*GET,XV,ELEM,1355,CENT,X
*GET,YV,ELEM,1355,CENT,Y
*GET,SV,ELEM,1355,ETAB,SEQV
*VWRITE,EIDV,XV,YV,SV
(4(E24.16,','))
EIDV=1356
*GET,XV,ELEM,1356,CENT,X
*GET,YV,ELEM,1356,CENT,Y
*GET,SV,ELEM,1356,ETAB,SEQV
*VWRITE,EIDV,XV,YV,SV
(4(E24.16,','))
EIDV=1357
*GET,XV,ELEM,1357,CENT,X
*GET,YV,ELEM,1357,CENT,Y
*GET,SV,ELEM,1357,ETAB,SEQV
*VWRITE,EIDV,XV,YV,SV
(4(E24.16,','))
EIDV=1358
*GET,XV,ELEM,1358,CENT,X
*GET,YV,ELEM,1358,CENT,Y
*GET,SV,ELEM,1358,ETAB,SEQV
*VWRITE,EIDV,XV,YV,SV
(4(E24.16,','))
EIDV=1359
*GET,XV,ELEM,1359,CENT,X
*GET,YV,ELEM,1359,CENT,Y
*GET,SV,ELEM,1359,ETAB,SEQV
*VWRITE,EIDV,XV,YV,SV
(4(E24.16,','))
EIDV=1360
*GET,XV,ELEM,1360,CENT,X
*GET,YV,ELEM,1360,CENT,Y
*GET,SV,ELEM,1360,ETAB,SEQV
*VWRITE,EIDV,XV,YV,SV
(4(E24.16,','))
EIDV=1361
*GET,XV,ELEM,1361,CENT,X
*GET,YV,ELEM,1361,CENT,Y
*GET,SV,ELEM,1361,ETAB,SEQV
*VWRITE,EIDV,XV,YV,SV
(4(E24.16,','))
EIDV=1362
*GET,XV,ELEM,1362,CENT,X
*GET,YV,ELEM,1362,CENT,Y
*GET,SV,ELEM,1362,ETAB,SEQV
*VWRITE,EIDV,XV,YV,SV
(4(E24.16,','))
EIDV=1363
*GET,XV,ELEM,1363,CENT,X
*GET,YV,ELEM,1363,CENT,Y
*GET,SV,ELEM,1363,ETAB,SEQV
*VWRITE,EIDV,XV,YV,SV
(4(E24.16,','))
EIDV=1364
*GET,XV,ELEM,1364,CENT,X
*GET,YV,ELEM,1364,CENT,Y
*GET,SV,ELEM,1364,ETAB,SEQV
*VWRITE,EIDV,XV,YV,SV
(4(E24.16,','))
EIDV=1365
*GET,XV,ELEM,1365,CENT,X
*GET,YV,ELEM,1365,CENT,Y
*GET,SV,ELEM,1365,ETAB,SEQV
*VWRITE,EIDV,XV,YV,SV
(4(E24.16,','))
EIDV=1366
*GET,XV,ELEM,1366,CENT,X
*GET,YV,ELEM,1366,CENT,Y
*GET,SV,ELEM,1366,ETAB,SEQV
*VWRITE,EIDV,XV,YV,SV
(4(E24.16,','))
EIDV=1367
*GET,XV,ELEM,1367,CENT,X
*GET,YV,ELEM,1367,CENT,Y
*GET,SV,ELEM,1367,ETAB,SEQV
*VWRITE,EIDV,XV,YV,SV
(4(E24.16,','))
EIDV=1368
*GET,XV,ELEM,1368,CENT,X
*GET,YV,ELEM,1368,CENT,Y
*GET,SV,ELEM,1368,ETAB,SEQV
*VWRITE,EIDV,XV,YV,SV
(4(E24.16,','))
EIDV=1369
*GET,XV,ELEM,1369,CENT,X
*GET,YV,ELEM,1369,CENT,Y
*GET,SV,ELEM,1369,ETAB,SEQV
*VWRITE,EIDV,XV,YV,SV
(4(E24.16,','))
EIDV=1370
*GET,XV,ELEM,1370,CENT,X
*GET,YV,ELEM,1370,CENT,Y
*GET,SV,ELEM,1370,ETAB,SEQV
*VWRITE,EIDV,XV,YV,SV
(4(E24.16,','))
EIDV=1371
*GET,XV,ELEM,1371,CENT,X
*GET,YV,ELEM,1371,CENT,Y
*GET,SV,ELEM,1371,ETAB,SEQV
*VWRITE,EIDV,XV,YV,SV
(4(E24.16,','))
EIDV=1372
*GET,XV,ELEM,1372,CENT,X
*GET,YV,ELEM,1372,CENT,Y
*GET,SV,ELEM,1372,ETAB,SEQV
*VWRITE,EIDV,XV,YV,SV
(4(E24.16,','))
EIDV=1373
*GET,XV,ELEM,1373,CENT,X
*GET,YV,ELEM,1373,CENT,Y
*GET,SV,ELEM,1373,ETAB,SEQV
*VWRITE,EIDV,XV,YV,SV
(4(E24.16,','))
EIDV=1374
*GET,XV,ELEM,1374,CENT,X
*GET,YV,ELEM,1374,CENT,Y
*GET,SV,ELEM,1374,ETAB,SEQV
*VWRITE,EIDV,XV,YV,SV
(4(E24.16,','))
EIDV=1375
*GET,XV,ELEM,1375,CENT,X
*GET,YV,ELEM,1375,CENT,Y
*GET,SV,ELEM,1375,ETAB,SEQV
*VWRITE,EIDV,XV,YV,SV
(4(E24.16,','))
EIDV=1376
*GET,XV,ELEM,1376,CENT,X
*GET,YV,ELEM,1376,CENT,Y
*GET,SV,ELEM,1376,ETAB,SEQV
*VWRITE,EIDV,XV,YV,SV
(4(E24.16,','))
EIDV=1377
*GET,XV,ELEM,1377,CENT,X
*GET,YV,ELEM,1377,CENT,Y
*GET,SV,ELEM,1377,ETAB,SEQV
*VWRITE,EIDV,XV,YV,SV
(4(E24.16,','))
EIDV=1378
*GET,XV,ELEM,1378,CENT,X
*GET,YV,ELEM,1378,CENT,Y
*GET,SV,ELEM,1378,ETAB,SEQV
*VWRITE,EIDV,XV,YV,SV
(4(E24.16,','))
EIDV=1379
*GET,XV,ELEM,1379,CENT,X
*GET,YV,ELEM,1379,CENT,Y
*GET,SV,ELEM,1379,ETAB,SEQV
*VWRITE,EIDV,XV,YV,SV
(4(E24.16,','))
EIDV=1380
*GET,XV,ELEM,1380,CENT,X
*GET,YV,ELEM,1380,CENT,Y
*GET,SV,ELEM,1380,ETAB,SEQV
*VWRITE,EIDV,XV,YV,SV
(4(E24.16,','))
EIDV=1381
*GET,XV,ELEM,1381,CENT,X
*GET,YV,ELEM,1381,CENT,Y
*GET,SV,ELEM,1381,ETAB,SEQV
*VWRITE,EIDV,XV,YV,SV
(4(E24.16,','))
EIDV=1382
*GET,XV,ELEM,1382,CENT,X
*GET,YV,ELEM,1382,CENT,Y
*GET,SV,ELEM,1382,ETAB,SEQV
*VWRITE,EIDV,XV,YV,SV
(4(E24.16,','))
EIDV=1383
*GET,XV,ELEM,1383,CENT,X
*GET,YV,ELEM,1383,CENT,Y
*GET,SV,ELEM,1383,ETAB,SEQV
*VWRITE,EIDV,XV,YV,SV
(4(E24.16,','))
EIDV=1384
*GET,XV,ELEM,1384,CENT,X
*GET,YV,ELEM,1384,CENT,Y
*GET,SV,ELEM,1384,ETAB,SEQV
*VWRITE,EIDV,XV,YV,SV
(4(E24.16,','))
EIDV=1385
*GET,XV,ELEM,1385,CENT,X
*GET,YV,ELEM,1385,CENT,Y
*GET,SV,ELEM,1385,ETAB,SEQV
*VWRITE,EIDV,XV,YV,SV
(4(E24.16,','))
EIDV=1386
*GET,XV,ELEM,1386,CENT,X
*GET,YV,ELEM,1386,CENT,Y
*GET,SV,ELEM,1386,ETAB,SEQV
*VWRITE,EIDV,XV,YV,SV
(4(E24.16,','))
EIDV=1387
*GET,XV,ELEM,1387,CENT,X
*GET,YV,ELEM,1387,CENT,Y
*GET,SV,ELEM,1387,ETAB,SEQV
*VWRITE,EIDV,XV,YV,SV
(4(E24.16,','))
EIDV=1388
*GET,XV,ELEM,1388,CENT,X
*GET,YV,ELEM,1388,CENT,Y
*GET,SV,ELEM,1388,ETAB,SEQV
*VWRITE,EIDV,XV,YV,SV
(4(E24.16,','))
EIDV=1389
*GET,XV,ELEM,1389,CENT,X
*GET,YV,ELEM,1389,CENT,Y
*GET,SV,ELEM,1389,ETAB,SEQV
*VWRITE,EIDV,XV,YV,SV
(4(E24.16,','))
EIDV=1390
*GET,XV,ELEM,1390,CENT,X
*GET,YV,ELEM,1390,CENT,Y
*GET,SV,ELEM,1390,ETAB,SEQV
*VWRITE,EIDV,XV,YV,SV
(4(E24.16,','))
EIDV=1391
*GET,XV,ELEM,1391,CENT,X
*GET,YV,ELEM,1391,CENT,Y
*GET,SV,ELEM,1391,ETAB,SEQV
*VWRITE,EIDV,XV,YV,SV
(4(E24.16,','))
EIDV=1392
*GET,XV,ELEM,1392,CENT,X
*GET,YV,ELEM,1392,CENT,Y
*GET,SV,ELEM,1392,ETAB,SEQV
*VWRITE,EIDV,XV,YV,SV
(4(E24.16,','))
EIDV=1393
*GET,XV,ELEM,1393,CENT,X
*GET,YV,ELEM,1393,CENT,Y
*GET,SV,ELEM,1393,ETAB,SEQV
*VWRITE,EIDV,XV,YV,SV
(4(E24.16,','))
EIDV=1394
*GET,XV,ELEM,1394,CENT,X
*GET,YV,ELEM,1394,CENT,Y
*GET,SV,ELEM,1394,ETAB,SEQV
*VWRITE,EIDV,XV,YV,SV
(4(E24.16,','))
EIDV=1395
*GET,XV,ELEM,1395,CENT,X
*GET,YV,ELEM,1395,CENT,Y
*GET,SV,ELEM,1395,ETAB,SEQV
*VWRITE,EIDV,XV,YV,SV
(4(E24.16,','))
EIDV=1396
*GET,XV,ELEM,1396,CENT,X
*GET,YV,ELEM,1396,CENT,Y
*GET,SV,ELEM,1396,ETAB,SEQV
*VWRITE,EIDV,XV,YV,SV
(4(E24.16,','))
EIDV=1397
*GET,XV,ELEM,1397,CENT,X
*GET,YV,ELEM,1397,CENT,Y
*GET,SV,ELEM,1397,ETAB,SEQV
*VWRITE,EIDV,XV,YV,SV
(4(E24.16,','))
EIDV=1398
*GET,XV,ELEM,1398,CENT,X
*GET,YV,ELEM,1398,CENT,Y
*GET,SV,ELEM,1398,ETAB,SEQV
*VWRITE,EIDV,XV,YV,SV
(4(E24.16,','))
EIDV=1399
*GET,XV,ELEM,1399,CENT,X
*GET,YV,ELEM,1399,CENT,Y
*GET,SV,ELEM,1399,ETAB,SEQV
*VWRITE,EIDV,XV,YV,SV
(4(E24.16,','))
EIDV=1400
*GET,XV,ELEM,1400,CENT,X
*GET,YV,ELEM,1400,CENT,Y
*GET,SV,ELEM,1400,ETAB,SEQV
*VWRITE,EIDV,XV,YV,SV
(4(E24.16,','))
EIDV=1401
*GET,XV,ELEM,1401,CENT,X
*GET,YV,ELEM,1401,CENT,Y
*GET,SV,ELEM,1401,ETAB,SEQV
*VWRITE,EIDV,XV,YV,SV
(4(E24.16,','))
EIDV=1402
*GET,XV,ELEM,1402,CENT,X
*GET,YV,ELEM,1402,CENT,Y
*GET,SV,ELEM,1402,ETAB,SEQV
*VWRITE,EIDV,XV,YV,SV
(4(E24.16,','))
EIDV=1403
*GET,XV,ELEM,1403,CENT,X
*GET,YV,ELEM,1403,CENT,Y
*GET,SV,ELEM,1403,ETAB,SEQV
*VWRITE,EIDV,XV,YV,SV
(4(E24.16,','))
EIDV=1404
*GET,XV,ELEM,1404,CENT,X
*GET,YV,ELEM,1404,CENT,Y
*GET,SV,ELEM,1404,ETAB,SEQV
*VWRITE,EIDV,XV,YV,SV
(4(E24.16,','))
EIDV=1405
*GET,XV,ELEM,1405,CENT,X
*GET,YV,ELEM,1405,CENT,Y
*GET,SV,ELEM,1405,ETAB,SEQV
*VWRITE,EIDV,XV,YV,SV
(4(E24.16,','))
EIDV=1406
*GET,XV,ELEM,1406,CENT,X
*GET,YV,ELEM,1406,CENT,Y
*GET,SV,ELEM,1406,ETAB,SEQV
*VWRITE,EIDV,XV,YV,SV
(4(E24.16,','))
EIDV=1407
*GET,XV,ELEM,1407,CENT,X
*GET,YV,ELEM,1407,CENT,Y
*GET,SV,ELEM,1407,ETAB,SEQV
*VWRITE,EIDV,XV,YV,SV
(4(E24.16,','))
EIDV=1408
*GET,XV,ELEM,1408,CENT,X
*GET,YV,ELEM,1408,CENT,Y
*GET,SV,ELEM,1408,ETAB,SEQV
*VWRITE,EIDV,XV,YV,SV
(4(E24.16,','))
EIDV=1409
*GET,XV,ELEM,1409,CENT,X
*GET,YV,ELEM,1409,CENT,Y
*GET,SV,ELEM,1409,ETAB,SEQV
*VWRITE,EIDV,XV,YV,SV
(4(E24.16,','))
EIDV=1410
*GET,XV,ELEM,1410,CENT,X
*GET,YV,ELEM,1410,CENT,Y
*GET,SV,ELEM,1410,ETAB,SEQV
*VWRITE,EIDV,XV,YV,SV
(4(E24.16,','))
EIDV=1411
*GET,XV,ELEM,1411,CENT,X
*GET,YV,ELEM,1411,CENT,Y
*GET,SV,ELEM,1411,ETAB,SEQV
*VWRITE,EIDV,XV,YV,SV
(4(E24.16,','))
EIDV=1412
*GET,XV,ELEM,1412,CENT,X
*GET,YV,ELEM,1412,CENT,Y
*GET,SV,ELEM,1412,ETAB,SEQV
*VWRITE,EIDV,XV,YV,SV
(4(E24.16,','))
EIDV=1413
*GET,XV,ELEM,1413,CENT,X
*GET,YV,ELEM,1413,CENT,Y
*GET,SV,ELEM,1413,ETAB,SEQV
*VWRITE,EIDV,XV,YV,SV
(4(E24.16,','))
EIDV=1414
*GET,XV,ELEM,1414,CENT,X
*GET,YV,ELEM,1414,CENT,Y
*GET,SV,ELEM,1414,ETAB,SEQV
*VWRITE,EIDV,XV,YV,SV
(4(E24.16,','))
EIDV=1415
*GET,XV,ELEM,1415,CENT,X
*GET,YV,ELEM,1415,CENT,Y
*GET,SV,ELEM,1415,ETAB,SEQV
*VWRITE,EIDV,XV,YV,SV
(4(E24.16,','))
EIDV=1416
*GET,XV,ELEM,1416,CENT,X
*GET,YV,ELEM,1416,CENT,Y
*GET,SV,ELEM,1416,ETAB,SEQV
*VWRITE,EIDV,XV,YV,SV
(4(E24.16,','))
EIDV=1417
*GET,XV,ELEM,1417,CENT,X
*GET,YV,ELEM,1417,CENT,Y
*GET,SV,ELEM,1417,ETAB,SEQV
*VWRITE,EIDV,XV,YV,SV
(4(E24.16,','))
EIDV=1418
*GET,XV,ELEM,1418,CENT,X
*GET,YV,ELEM,1418,CENT,Y
*GET,SV,ELEM,1418,ETAB,SEQV
*VWRITE,EIDV,XV,YV,SV
(4(E24.16,','))
EIDV=1419
*GET,XV,ELEM,1419,CENT,X
*GET,YV,ELEM,1419,CENT,Y
*GET,SV,ELEM,1419,ETAB,SEQV
*VWRITE,EIDV,XV,YV,SV
(4(E24.16,','))
EIDV=1420
*GET,XV,ELEM,1420,CENT,X
*GET,YV,ELEM,1420,CENT,Y
*GET,SV,ELEM,1420,ETAB,SEQV
*VWRITE,EIDV,XV,YV,SV
(4(E24.16,','))
EIDV=1421
*GET,XV,ELEM,1421,CENT,X
*GET,YV,ELEM,1421,CENT,Y
*GET,SV,ELEM,1421,ETAB,SEQV
*VWRITE,EIDV,XV,YV,SV
(4(E24.16,','))
EIDV=1422
*GET,XV,ELEM,1422,CENT,X
*GET,YV,ELEM,1422,CENT,Y
*GET,SV,ELEM,1422,ETAB,SEQV
*VWRITE,EIDV,XV,YV,SV
(4(E24.16,','))
EIDV=1423
*GET,XV,ELEM,1423,CENT,X
*GET,YV,ELEM,1423,CENT,Y
*GET,SV,ELEM,1423,ETAB,SEQV
*VWRITE,EIDV,XV,YV,SV
(4(E24.16,','))
EIDV=1424
*GET,XV,ELEM,1424,CENT,X
*GET,YV,ELEM,1424,CENT,Y
*GET,SV,ELEM,1424,ETAB,SEQV
*VWRITE,EIDV,XV,YV,SV
(4(E24.16,','))
EIDV=1425
*GET,XV,ELEM,1425,CENT,X
*GET,YV,ELEM,1425,CENT,Y
*GET,SV,ELEM,1425,ETAB,SEQV
*VWRITE,EIDV,XV,YV,SV
(4(E24.16,','))
EIDV=1426
*GET,XV,ELEM,1426,CENT,X
*GET,YV,ELEM,1426,CENT,Y
*GET,SV,ELEM,1426,ETAB,SEQV
*VWRITE,EIDV,XV,YV,SV
(4(E24.16,','))
EIDV=1427
*GET,XV,ELEM,1427,CENT,X
*GET,YV,ELEM,1427,CENT,Y
*GET,SV,ELEM,1427,ETAB,SEQV
*VWRITE,EIDV,XV,YV,SV
(4(E24.16,','))
EIDV=1428
*GET,XV,ELEM,1428,CENT,X
*GET,YV,ELEM,1428,CENT,Y
*GET,SV,ELEM,1428,ETAB,SEQV
*VWRITE,EIDV,XV,YV,SV
(4(E24.16,','))
EIDV=1429
*GET,XV,ELEM,1429,CENT,X
*GET,YV,ELEM,1429,CENT,Y
*GET,SV,ELEM,1429,ETAB,SEQV
*VWRITE,EIDV,XV,YV,SV
(4(E24.16,','))
EIDV=1430
*GET,XV,ELEM,1430,CENT,X
*GET,YV,ELEM,1430,CENT,Y
*GET,SV,ELEM,1430,ETAB,SEQV
*VWRITE,EIDV,XV,YV,SV
(4(E24.16,','))
EIDV=1431
*GET,XV,ELEM,1431,CENT,X
*GET,YV,ELEM,1431,CENT,Y
*GET,SV,ELEM,1431,ETAB,SEQV
*VWRITE,EIDV,XV,YV,SV
(4(E24.16,','))
EIDV=1432
*GET,XV,ELEM,1432,CENT,X
*GET,YV,ELEM,1432,CENT,Y
*GET,SV,ELEM,1432,ETAB,SEQV
*VWRITE,EIDV,XV,YV,SV
(4(E24.16,','))
EIDV=1433
*GET,XV,ELEM,1433,CENT,X
*GET,YV,ELEM,1433,CENT,Y
*GET,SV,ELEM,1433,ETAB,SEQV
*VWRITE,EIDV,XV,YV,SV
(4(E24.16,','))
EIDV=1434
*GET,XV,ELEM,1434,CENT,X
*GET,YV,ELEM,1434,CENT,Y
*GET,SV,ELEM,1434,ETAB,SEQV
*VWRITE,EIDV,XV,YV,SV
(4(E24.16,','))
EIDV=1435
*GET,XV,ELEM,1435,CENT,X
*GET,YV,ELEM,1435,CENT,Y
*GET,SV,ELEM,1435,ETAB,SEQV
*VWRITE,EIDV,XV,YV,SV
(4(E24.16,','))
EIDV=1436
*GET,XV,ELEM,1436,CENT,X
*GET,YV,ELEM,1436,CENT,Y
*GET,SV,ELEM,1436,ETAB,SEQV
*VWRITE,EIDV,XV,YV,SV
(4(E24.16,','))
EIDV=1437
*GET,XV,ELEM,1437,CENT,X
*GET,YV,ELEM,1437,CENT,Y
*GET,SV,ELEM,1437,ETAB,SEQV
*VWRITE,EIDV,XV,YV,SV
(4(E24.16,','))
EIDV=1438
*GET,XV,ELEM,1438,CENT,X
*GET,YV,ELEM,1438,CENT,Y
*GET,SV,ELEM,1438,ETAB,SEQV
*VWRITE,EIDV,XV,YV,SV
(4(E24.16,','))
EIDV=1439
*GET,XV,ELEM,1439,CENT,X
*GET,YV,ELEM,1439,CENT,Y
*GET,SV,ELEM,1439,ETAB,SEQV
*VWRITE,EIDV,XV,YV,SV
(4(E24.16,','))
EIDV=1440
*GET,XV,ELEM,1440,CENT,X
*GET,YV,ELEM,1440,CENT,Y
*GET,SV,ELEM,1440,ETAB,SEQV
*VWRITE,EIDV,XV,YV,SV
(4(E24.16,','))
EIDV=1441
*GET,XV,ELEM,1441,CENT,X
*GET,YV,ELEM,1441,CENT,Y
*GET,SV,ELEM,1441,ETAB,SEQV
*VWRITE,EIDV,XV,YV,SV
(4(E24.16,','))
EIDV=1442
*GET,XV,ELEM,1442,CENT,X
*GET,YV,ELEM,1442,CENT,Y
*GET,SV,ELEM,1442,ETAB,SEQV
*VWRITE,EIDV,XV,YV,SV
(4(E24.16,','))
EIDV=1443
*GET,XV,ELEM,1443,CENT,X
*GET,YV,ELEM,1443,CENT,Y
*GET,SV,ELEM,1443,ETAB,SEQV
*VWRITE,EIDV,XV,YV,SV
(4(E24.16,','))
EIDV=1444
*GET,XV,ELEM,1444,CENT,X
*GET,YV,ELEM,1444,CENT,Y
*GET,SV,ELEM,1444,ETAB,SEQV
*VWRITE,EIDV,XV,YV,SV
(4(E24.16,','))
EIDV=1445
*GET,XV,ELEM,1445,CENT,X
*GET,YV,ELEM,1445,CENT,Y
*GET,SV,ELEM,1445,ETAB,SEQV
*VWRITE,EIDV,XV,YV,SV
(4(E24.16,','))
EIDV=1446
*GET,XV,ELEM,1446,CENT,X
*GET,YV,ELEM,1446,CENT,Y
*GET,SV,ELEM,1446,ETAB,SEQV
*VWRITE,EIDV,XV,YV,SV
(4(E24.16,','))
EIDV=1447
*GET,XV,ELEM,1447,CENT,X
*GET,YV,ELEM,1447,CENT,Y
*GET,SV,ELEM,1447,ETAB,SEQV
*VWRITE,EIDV,XV,YV,SV
(4(E24.16,','))
EIDV=1448
*GET,XV,ELEM,1448,CENT,X
*GET,YV,ELEM,1448,CENT,Y
*GET,SV,ELEM,1448,ETAB,SEQV
*VWRITE,EIDV,XV,YV,SV
(4(E24.16,','))
EIDV=1449
*GET,XV,ELEM,1449,CENT,X
*GET,YV,ELEM,1449,CENT,Y
*GET,SV,ELEM,1449,ETAB,SEQV
*VWRITE,EIDV,XV,YV,SV
(4(E24.16,','))
EIDV=1450
*GET,XV,ELEM,1450,CENT,X
*GET,YV,ELEM,1450,CENT,Y
*GET,SV,ELEM,1450,ETAB,SEQV
*VWRITE,EIDV,XV,YV,SV
(4(E24.16,','))
EIDV=1451
*GET,XV,ELEM,1451,CENT,X
*GET,YV,ELEM,1451,CENT,Y
*GET,SV,ELEM,1451,ETAB,SEQV
*VWRITE,EIDV,XV,YV,SV
(4(E24.16,','))
EIDV=1452
*GET,XV,ELEM,1452,CENT,X
*GET,YV,ELEM,1452,CENT,Y
*GET,SV,ELEM,1452,ETAB,SEQV
*VWRITE,EIDV,XV,YV,SV
(4(E24.16,','))
EIDV=1453
*GET,XV,ELEM,1453,CENT,X
*GET,YV,ELEM,1453,CENT,Y
*GET,SV,ELEM,1453,ETAB,SEQV
*VWRITE,EIDV,XV,YV,SV
(4(E24.16,','))
EIDV=1454
*GET,XV,ELEM,1454,CENT,X
*GET,YV,ELEM,1454,CENT,Y
*GET,SV,ELEM,1454,ETAB,SEQV
*VWRITE,EIDV,XV,YV,SV
(4(E24.16,','))
EIDV=1455
*GET,XV,ELEM,1455,CENT,X
*GET,YV,ELEM,1455,CENT,Y
*GET,SV,ELEM,1455,ETAB,SEQV
*VWRITE,EIDV,XV,YV,SV
(4(E24.16,','))
EIDV=1456
*GET,XV,ELEM,1456,CENT,X
*GET,YV,ELEM,1456,CENT,Y
*GET,SV,ELEM,1456,ETAB,SEQV
*VWRITE,EIDV,XV,YV,SV
(4(E24.16,','))
EIDV=1457
*GET,XV,ELEM,1457,CENT,X
*GET,YV,ELEM,1457,CENT,Y
*GET,SV,ELEM,1457,ETAB,SEQV
*VWRITE,EIDV,XV,YV,SV
(4(E24.16,','))
EIDV=1458
*GET,XV,ELEM,1458,CENT,X
*GET,YV,ELEM,1458,CENT,Y
*GET,SV,ELEM,1458,ETAB,SEQV
*VWRITE,EIDV,XV,YV,SV
(4(E24.16,','))
EIDV=1459
*GET,XV,ELEM,1459,CENT,X
*GET,YV,ELEM,1459,CENT,Y
*GET,SV,ELEM,1459,ETAB,SEQV
*VWRITE,EIDV,XV,YV,SV
(4(E24.16,','))
EIDV=1460
*GET,XV,ELEM,1460,CENT,X
*GET,YV,ELEM,1460,CENT,Y
*GET,SV,ELEM,1460,ETAB,SEQV
*VWRITE,EIDV,XV,YV,SV
(4(E24.16,','))
EIDV=1461
*GET,XV,ELEM,1461,CENT,X
*GET,YV,ELEM,1461,CENT,Y
*GET,SV,ELEM,1461,ETAB,SEQV
*VWRITE,EIDV,XV,YV,SV
(4(E24.16,','))
EIDV=1462
*GET,XV,ELEM,1462,CENT,X
*GET,YV,ELEM,1462,CENT,Y
*GET,SV,ELEM,1462,ETAB,SEQV
*VWRITE,EIDV,XV,YV,SV
(4(E24.16,','))
EIDV=1463
*GET,XV,ELEM,1463,CENT,X
*GET,YV,ELEM,1463,CENT,Y
*GET,SV,ELEM,1463,ETAB,SEQV
*VWRITE,EIDV,XV,YV,SV
(4(E24.16,','))
EIDV=1464
*GET,XV,ELEM,1464,CENT,X
*GET,YV,ELEM,1464,CENT,Y
*GET,SV,ELEM,1464,ETAB,SEQV
*VWRITE,EIDV,XV,YV,SV
(4(E24.16,','))
EIDV=1465
*GET,XV,ELEM,1465,CENT,X
*GET,YV,ELEM,1465,CENT,Y
*GET,SV,ELEM,1465,ETAB,SEQV
*VWRITE,EIDV,XV,YV,SV
(4(E24.16,','))
EIDV=1466
*GET,XV,ELEM,1466,CENT,X
*GET,YV,ELEM,1466,CENT,Y
*GET,SV,ELEM,1466,ETAB,SEQV
*VWRITE,EIDV,XV,YV,SV
(4(E24.16,','))
EIDV=1467
*GET,XV,ELEM,1467,CENT,X
*GET,YV,ELEM,1467,CENT,Y
*GET,SV,ELEM,1467,ETAB,SEQV
*VWRITE,EIDV,XV,YV,SV
(4(E24.16,','))
EIDV=1468
*GET,XV,ELEM,1468,CENT,X
*GET,YV,ELEM,1468,CENT,Y
*GET,SV,ELEM,1468,ETAB,SEQV
*VWRITE,EIDV,XV,YV,SV
(4(E24.16,','))
EIDV=1469
*GET,XV,ELEM,1469,CENT,X
*GET,YV,ELEM,1469,CENT,Y
*GET,SV,ELEM,1469,ETAB,SEQV
*VWRITE,EIDV,XV,YV,SV
(4(E24.16,','))
EIDV=1470
*GET,XV,ELEM,1470,CENT,X
*GET,YV,ELEM,1470,CENT,Y
*GET,SV,ELEM,1470,ETAB,SEQV
*VWRITE,EIDV,XV,YV,SV
(4(E24.16,','))
EIDV=1471
*GET,XV,ELEM,1471,CENT,X
*GET,YV,ELEM,1471,CENT,Y
*GET,SV,ELEM,1471,ETAB,SEQV
*VWRITE,EIDV,XV,YV,SV
(4(E24.16,','))
EIDV=1472
*GET,XV,ELEM,1472,CENT,X
*GET,YV,ELEM,1472,CENT,Y
*GET,SV,ELEM,1472,ETAB,SEQV
*VWRITE,EIDV,XV,YV,SV
(4(E24.16,','))
EIDV=1473
*GET,XV,ELEM,1473,CENT,X
*GET,YV,ELEM,1473,CENT,Y
*GET,SV,ELEM,1473,ETAB,SEQV
*VWRITE,EIDV,XV,YV,SV
(4(E24.16,','))
EIDV=1474
*GET,XV,ELEM,1474,CENT,X
*GET,YV,ELEM,1474,CENT,Y
*GET,SV,ELEM,1474,ETAB,SEQV
*VWRITE,EIDV,XV,YV,SV
(4(E24.16,','))
EIDV=1475
*GET,XV,ELEM,1475,CENT,X
*GET,YV,ELEM,1475,CENT,Y
*GET,SV,ELEM,1475,ETAB,SEQV
*VWRITE,EIDV,XV,YV,SV
(4(E24.16,','))
EIDV=1476
*GET,XV,ELEM,1476,CENT,X
*GET,YV,ELEM,1476,CENT,Y
*GET,SV,ELEM,1476,ETAB,SEQV
*VWRITE,EIDV,XV,YV,SV
(4(E24.16,','))
EIDV=1477
*GET,XV,ELEM,1477,CENT,X
*GET,YV,ELEM,1477,CENT,Y
*GET,SV,ELEM,1477,ETAB,SEQV
*VWRITE,EIDV,XV,YV,SV
(4(E24.16,','))
EIDV=1478
*GET,XV,ELEM,1478,CENT,X
*GET,YV,ELEM,1478,CENT,Y
*GET,SV,ELEM,1478,ETAB,SEQV
*VWRITE,EIDV,XV,YV,SV
(4(E24.16,','))
EIDV=1479
*GET,XV,ELEM,1479,CENT,X
*GET,YV,ELEM,1479,CENT,Y
*GET,SV,ELEM,1479,ETAB,SEQV
*VWRITE,EIDV,XV,YV,SV
(4(E24.16,','))
EIDV=1480
*GET,XV,ELEM,1480,CENT,X
*GET,YV,ELEM,1480,CENT,Y
*GET,SV,ELEM,1480,ETAB,SEQV
*VWRITE,EIDV,XV,YV,SV
(4(E24.16,','))
EIDV=1481
*GET,XV,ELEM,1481,CENT,X
*GET,YV,ELEM,1481,CENT,Y
*GET,SV,ELEM,1481,ETAB,SEQV
*VWRITE,EIDV,XV,YV,SV
(4(E24.16,','))
EIDV=1482
*GET,XV,ELEM,1482,CENT,X
*GET,YV,ELEM,1482,CENT,Y
*GET,SV,ELEM,1482,ETAB,SEQV
*VWRITE,EIDV,XV,YV,SV
(4(E24.16,','))
EIDV=1483
*GET,XV,ELEM,1483,CENT,X
*GET,YV,ELEM,1483,CENT,Y
*GET,SV,ELEM,1483,ETAB,SEQV
*VWRITE,EIDV,XV,YV,SV
(4(E24.16,','))
EIDV=1484
*GET,XV,ELEM,1484,CENT,X
*GET,YV,ELEM,1484,CENT,Y
*GET,SV,ELEM,1484,ETAB,SEQV
*VWRITE,EIDV,XV,YV,SV
(4(E24.16,','))
EIDV=1485
*GET,XV,ELEM,1485,CENT,X
*GET,YV,ELEM,1485,CENT,Y
*GET,SV,ELEM,1485,ETAB,SEQV
*VWRITE,EIDV,XV,YV,SV
(4(E24.16,','))
EIDV=1486
*GET,XV,ELEM,1486,CENT,X
*GET,YV,ELEM,1486,CENT,Y
*GET,SV,ELEM,1486,ETAB,SEQV
*VWRITE,EIDV,XV,YV,SV
(4(E24.16,','))
EIDV=1487
*GET,XV,ELEM,1487,CENT,X
*GET,YV,ELEM,1487,CENT,Y
*GET,SV,ELEM,1487,ETAB,SEQV
*VWRITE,EIDV,XV,YV,SV
(4(E24.16,','))
EIDV=1488
*GET,XV,ELEM,1488,CENT,X
*GET,YV,ELEM,1488,CENT,Y
*GET,SV,ELEM,1488,ETAB,SEQV
*VWRITE,EIDV,XV,YV,SV
(4(E24.16,','))
EIDV=1489
*GET,XV,ELEM,1489,CENT,X
*GET,YV,ELEM,1489,CENT,Y
*GET,SV,ELEM,1489,ETAB,SEQV
*VWRITE,EIDV,XV,YV,SV
(4(E24.16,','))
EIDV=1490
*GET,XV,ELEM,1490,CENT,X
*GET,YV,ELEM,1490,CENT,Y
*GET,SV,ELEM,1490,ETAB,SEQV
*VWRITE,EIDV,XV,YV,SV
(4(E24.16,','))
EIDV=1491
*GET,XV,ELEM,1491,CENT,X
*GET,YV,ELEM,1491,CENT,Y
*GET,SV,ELEM,1491,ETAB,SEQV
*VWRITE,EIDV,XV,YV,SV
(4(E24.16,','))
EIDV=1492
*GET,XV,ELEM,1492,CENT,X
*GET,YV,ELEM,1492,CENT,Y
*GET,SV,ELEM,1492,ETAB,SEQV
*VWRITE,EIDV,XV,YV,SV
(4(E24.16,','))
EIDV=1493
*GET,XV,ELEM,1493,CENT,X
*GET,YV,ELEM,1493,CENT,Y
*GET,SV,ELEM,1493,ETAB,SEQV
*VWRITE,EIDV,XV,YV,SV
(4(E24.16,','))
EIDV=1494
*GET,XV,ELEM,1494,CENT,X
*GET,YV,ELEM,1494,CENT,Y
*GET,SV,ELEM,1494,ETAB,SEQV
*VWRITE,EIDV,XV,YV,SV
(4(E24.16,','))
EIDV=1495
*GET,XV,ELEM,1495,CENT,X
*GET,YV,ELEM,1495,CENT,Y
*GET,SV,ELEM,1495,ETAB,SEQV
*VWRITE,EIDV,XV,YV,SV
(4(E24.16,','))
EIDV=1496
*GET,XV,ELEM,1496,CENT,X
*GET,YV,ELEM,1496,CENT,Y
*GET,SV,ELEM,1496,ETAB,SEQV
*VWRITE,EIDV,XV,YV,SV
(4(E24.16,','))
EIDV=1497
*GET,XV,ELEM,1497,CENT,X
*GET,YV,ELEM,1497,CENT,Y
*GET,SV,ELEM,1497,ETAB,SEQV
*VWRITE,EIDV,XV,YV,SV
(4(E24.16,','))
EIDV=1498
*GET,XV,ELEM,1498,CENT,X
*GET,YV,ELEM,1498,CENT,Y
*GET,SV,ELEM,1498,ETAB,SEQV
*VWRITE,EIDV,XV,YV,SV
(4(E24.16,','))
EIDV=1499
*GET,XV,ELEM,1499,CENT,X
*GET,YV,ELEM,1499,CENT,Y
*GET,SV,ELEM,1499,ETAB,SEQV
*VWRITE,EIDV,XV,YV,SV
(4(E24.16,','))
EIDV=1500
*GET,XV,ELEM,1500,CENT,X
*GET,YV,ELEM,1500,CENT,Y
*GET,SV,ELEM,1500,ETAB,SEQV
*VWRITE,EIDV,XV,YV,SV
(4(E24.16,','))
EIDV=1501
*GET,XV,ELEM,1501,CENT,X
*GET,YV,ELEM,1501,CENT,Y
*GET,SV,ELEM,1501,ETAB,SEQV
*VWRITE,EIDV,XV,YV,SV
(4(E24.16,','))
EIDV=1502
*GET,XV,ELEM,1502,CENT,X
*GET,YV,ELEM,1502,CENT,Y
*GET,SV,ELEM,1502,ETAB,SEQV
*VWRITE,EIDV,XV,YV,SV
(4(E24.16,','))
EIDV=1503
*GET,XV,ELEM,1503,CENT,X
*GET,YV,ELEM,1503,CENT,Y
*GET,SV,ELEM,1503,ETAB,SEQV
*VWRITE,EIDV,XV,YV,SV
(4(E24.16,','))
EIDV=1504
*GET,XV,ELEM,1504,CENT,X
*GET,YV,ELEM,1504,CENT,Y
*GET,SV,ELEM,1504,ETAB,SEQV
*VWRITE,EIDV,XV,YV,SV
(4(E24.16,','))
EIDV=1505
*GET,XV,ELEM,1505,CENT,X
*GET,YV,ELEM,1505,CENT,Y
*GET,SV,ELEM,1505,ETAB,SEQV
*VWRITE,EIDV,XV,YV,SV
(4(E24.16,','))
EIDV=1506
*GET,XV,ELEM,1506,CENT,X
*GET,YV,ELEM,1506,CENT,Y
*GET,SV,ELEM,1506,ETAB,SEQV
*VWRITE,EIDV,XV,YV,SV
(4(E24.16,','))
EIDV=1507
*GET,XV,ELEM,1507,CENT,X
*GET,YV,ELEM,1507,CENT,Y
*GET,SV,ELEM,1507,ETAB,SEQV
*VWRITE,EIDV,XV,YV,SV
(4(E24.16,','))
EIDV=1508
*GET,XV,ELEM,1508,CENT,X
*GET,YV,ELEM,1508,CENT,Y
*GET,SV,ELEM,1508,ETAB,SEQV
*VWRITE,EIDV,XV,YV,SV
(4(E24.16,','))
EIDV=1509
*GET,XV,ELEM,1509,CENT,X
*GET,YV,ELEM,1509,CENT,Y
*GET,SV,ELEM,1509,ETAB,SEQV
*VWRITE,EIDV,XV,YV,SV
(4(E24.16,','))
EIDV=1510
*GET,XV,ELEM,1510,CENT,X
*GET,YV,ELEM,1510,CENT,Y
*GET,SV,ELEM,1510,ETAB,SEQV
*VWRITE,EIDV,XV,YV,SV
(4(E24.16,','))
EIDV=1511
*GET,XV,ELEM,1511,CENT,X
*GET,YV,ELEM,1511,CENT,Y
*GET,SV,ELEM,1511,ETAB,SEQV
*VWRITE,EIDV,XV,YV,SV
(4(E24.16,','))
EIDV=1512
*GET,XV,ELEM,1512,CENT,X
*GET,YV,ELEM,1512,CENT,Y
*GET,SV,ELEM,1512,ETAB,SEQV
*VWRITE,EIDV,XV,YV,SV
(4(E24.16,','))
EIDV=1513
*GET,XV,ELEM,1513,CENT,X
*GET,YV,ELEM,1513,CENT,Y
*GET,SV,ELEM,1513,ETAB,SEQV
*VWRITE,EIDV,XV,YV,SV
(4(E24.16,','))
EIDV=1514
*GET,XV,ELEM,1514,CENT,X
*GET,YV,ELEM,1514,CENT,Y
*GET,SV,ELEM,1514,ETAB,SEQV
*VWRITE,EIDV,XV,YV,SV
(4(E24.16,','))
EIDV=1515
*GET,XV,ELEM,1515,CENT,X
*GET,YV,ELEM,1515,CENT,Y
*GET,SV,ELEM,1515,ETAB,SEQV
*VWRITE,EIDV,XV,YV,SV
(4(E24.16,','))
EIDV=1516
*GET,XV,ELEM,1516,CENT,X
*GET,YV,ELEM,1516,CENT,Y
*GET,SV,ELEM,1516,ETAB,SEQV
*VWRITE,EIDV,XV,YV,SV
(4(E24.16,','))
EIDV=1517
*GET,XV,ELEM,1517,CENT,X
*GET,YV,ELEM,1517,CENT,Y
*GET,SV,ELEM,1517,ETAB,SEQV
*VWRITE,EIDV,XV,YV,SV
(4(E24.16,','))
EIDV=1518
*GET,XV,ELEM,1518,CENT,X
*GET,YV,ELEM,1518,CENT,Y
*GET,SV,ELEM,1518,ETAB,SEQV
*VWRITE,EIDV,XV,YV,SV
(4(E24.16,','))
EIDV=1519
*GET,XV,ELEM,1519,CENT,X
*GET,YV,ELEM,1519,CENT,Y
*GET,SV,ELEM,1519,ETAB,SEQV
*VWRITE,EIDV,XV,YV,SV
(4(E24.16,','))
EIDV=1520
*GET,XV,ELEM,1520,CENT,X
*GET,YV,ELEM,1520,CENT,Y
*GET,SV,ELEM,1520,ETAB,SEQV
*VWRITE,EIDV,XV,YV,SV
(4(E24.16,','))
EIDV=1521
*GET,XV,ELEM,1521,CENT,X
*GET,YV,ELEM,1521,CENT,Y
*GET,SV,ELEM,1521,ETAB,SEQV
*VWRITE,EIDV,XV,YV,SV
(4(E24.16,','))
EIDV=1522
*GET,XV,ELEM,1522,CENT,X
*GET,YV,ELEM,1522,CENT,Y
*GET,SV,ELEM,1522,ETAB,SEQV
*VWRITE,EIDV,XV,YV,SV
(4(E24.16,','))
EIDV=1523
*GET,XV,ELEM,1523,CENT,X
*GET,YV,ELEM,1523,CENT,Y
*GET,SV,ELEM,1523,ETAB,SEQV
*VWRITE,EIDV,XV,YV,SV
(4(E24.16,','))
EIDV=1524
*GET,XV,ELEM,1524,CENT,X
*GET,YV,ELEM,1524,CENT,Y
*GET,SV,ELEM,1524,ETAB,SEQV
*VWRITE,EIDV,XV,YV,SV
(4(E24.16,','))
EIDV=1525
*GET,XV,ELEM,1525,CENT,X
*GET,YV,ELEM,1525,CENT,Y
*GET,SV,ELEM,1525,ETAB,SEQV
*VWRITE,EIDV,XV,YV,SV
(4(E24.16,','))
EIDV=1526
*GET,XV,ELEM,1526,CENT,X
*GET,YV,ELEM,1526,CENT,Y
*GET,SV,ELEM,1526,ETAB,SEQV
*VWRITE,EIDV,XV,YV,SV
(4(E24.16,','))
EIDV=1527
*GET,XV,ELEM,1527,CENT,X
*GET,YV,ELEM,1527,CENT,Y
*GET,SV,ELEM,1527,ETAB,SEQV
*VWRITE,EIDV,XV,YV,SV
(4(E24.16,','))
EIDV=1528
*GET,XV,ELEM,1528,CENT,X
*GET,YV,ELEM,1528,CENT,Y
*GET,SV,ELEM,1528,ETAB,SEQV
*VWRITE,EIDV,XV,YV,SV
(4(E24.16,','))
EIDV=1529
*GET,XV,ELEM,1529,CENT,X
*GET,YV,ELEM,1529,CENT,Y
*GET,SV,ELEM,1529,ETAB,SEQV
*VWRITE,EIDV,XV,YV,SV
(4(E24.16,','))
EIDV=1530
*GET,XV,ELEM,1530,CENT,X
*GET,YV,ELEM,1530,CENT,Y
*GET,SV,ELEM,1530,ETAB,SEQV
*VWRITE,EIDV,XV,YV,SV
(4(E24.16,','))
EIDV=1531
*GET,XV,ELEM,1531,CENT,X
*GET,YV,ELEM,1531,CENT,Y
*GET,SV,ELEM,1531,ETAB,SEQV
*VWRITE,EIDV,XV,YV,SV
(4(E24.16,','))
EIDV=1532
*GET,XV,ELEM,1532,CENT,X
*GET,YV,ELEM,1532,CENT,Y
*GET,SV,ELEM,1532,ETAB,SEQV
*VWRITE,EIDV,XV,YV,SV
(4(E24.16,','))
EIDV=1533
*GET,XV,ELEM,1533,CENT,X
*GET,YV,ELEM,1533,CENT,Y
*GET,SV,ELEM,1533,ETAB,SEQV
*VWRITE,EIDV,XV,YV,SV
(4(E24.16,','))
EIDV=1534
*GET,XV,ELEM,1534,CENT,X
*GET,YV,ELEM,1534,CENT,Y
*GET,SV,ELEM,1534,ETAB,SEQV
*VWRITE,EIDV,XV,YV,SV
(4(E24.16,','))
EIDV=1535
*GET,XV,ELEM,1535,CENT,X
*GET,YV,ELEM,1535,CENT,Y
*GET,SV,ELEM,1535,ETAB,SEQV
*VWRITE,EIDV,XV,YV,SV
(4(E24.16,','))
EIDV=1536
*GET,XV,ELEM,1536,CENT,X
*GET,YV,ELEM,1536,CENT,Y
*GET,SV,ELEM,1536,ETAB,SEQV
*VWRITE,EIDV,XV,YV,SV
(4(E24.16,','))
EIDV=1537
*GET,XV,ELEM,1537,CENT,X
*GET,YV,ELEM,1537,CENT,Y
*GET,SV,ELEM,1537,ETAB,SEQV
*VWRITE,EIDV,XV,YV,SV
(4(E24.16,','))
EIDV=1538
*GET,XV,ELEM,1538,CENT,X
*GET,YV,ELEM,1538,CENT,Y
*GET,SV,ELEM,1538,ETAB,SEQV
*VWRITE,EIDV,XV,YV,SV
(4(E24.16,','))
EIDV=1539
*GET,XV,ELEM,1539,CENT,X
*GET,YV,ELEM,1539,CENT,Y
*GET,SV,ELEM,1539,ETAB,SEQV
*VWRITE,EIDV,XV,YV,SV
(4(E24.16,','))
EIDV=1540
*GET,XV,ELEM,1540,CENT,X
*GET,YV,ELEM,1540,CENT,Y
*GET,SV,ELEM,1540,ETAB,SEQV
*VWRITE,EIDV,XV,YV,SV
(4(E24.16,','))
EIDV=1541
*GET,XV,ELEM,1541,CENT,X
*GET,YV,ELEM,1541,CENT,Y
*GET,SV,ELEM,1541,ETAB,SEQV
*VWRITE,EIDV,XV,YV,SV
(4(E24.16,','))
EIDV=1542
*GET,XV,ELEM,1542,CENT,X
*GET,YV,ELEM,1542,CENT,Y
*GET,SV,ELEM,1542,ETAB,SEQV
*VWRITE,EIDV,XV,YV,SV
(4(E24.16,','))
EIDV=1543
*GET,XV,ELEM,1543,CENT,X
*GET,YV,ELEM,1543,CENT,Y
*GET,SV,ELEM,1543,ETAB,SEQV
*VWRITE,EIDV,XV,YV,SV
(4(E24.16,','))
EIDV=1544
*GET,XV,ELEM,1544,CENT,X
*GET,YV,ELEM,1544,CENT,Y
*GET,SV,ELEM,1544,ETAB,SEQV
*VWRITE,EIDV,XV,YV,SV
(4(E24.16,','))
EIDV=1545
*GET,XV,ELEM,1545,CENT,X
*GET,YV,ELEM,1545,CENT,Y
*GET,SV,ELEM,1545,ETAB,SEQV
*VWRITE,EIDV,XV,YV,SV
(4(E24.16,','))
EIDV=1546
*GET,XV,ELEM,1546,CENT,X
*GET,YV,ELEM,1546,CENT,Y
*GET,SV,ELEM,1546,ETAB,SEQV
*VWRITE,EIDV,XV,YV,SV
(4(E24.16,','))
EIDV=1547
*GET,XV,ELEM,1547,CENT,X
*GET,YV,ELEM,1547,CENT,Y
*GET,SV,ELEM,1547,ETAB,SEQV
*VWRITE,EIDV,XV,YV,SV
(4(E24.16,','))
EIDV=1548
*GET,XV,ELEM,1548,CENT,X
*GET,YV,ELEM,1548,CENT,Y
*GET,SV,ELEM,1548,ETAB,SEQV
*VWRITE,EIDV,XV,YV,SV
(4(E24.16,','))
EIDV=1549
*GET,XV,ELEM,1549,CENT,X
*GET,YV,ELEM,1549,CENT,Y
*GET,SV,ELEM,1549,ETAB,SEQV
*VWRITE,EIDV,XV,YV,SV
(4(E24.16,','))
EIDV=1550
*GET,XV,ELEM,1550,CENT,X
*GET,YV,ELEM,1550,CENT,Y
*GET,SV,ELEM,1550,ETAB,SEQV
*VWRITE,EIDV,XV,YV,SV
(4(E24.16,','))
EIDV=1551
*GET,XV,ELEM,1551,CENT,X
*GET,YV,ELEM,1551,CENT,Y
*GET,SV,ELEM,1551,ETAB,SEQV
*VWRITE,EIDV,XV,YV,SV
(4(E24.16,','))
EIDV=1552
*GET,XV,ELEM,1552,CENT,X
*GET,YV,ELEM,1552,CENT,Y
*GET,SV,ELEM,1552,ETAB,SEQV
*VWRITE,EIDV,XV,YV,SV
(4(E24.16,','))
EIDV=1553
*GET,XV,ELEM,1553,CENT,X
*GET,YV,ELEM,1553,CENT,Y
*GET,SV,ELEM,1553,ETAB,SEQV
*VWRITE,EIDV,XV,YV,SV
(4(E24.16,','))
EIDV=1554
*GET,XV,ELEM,1554,CENT,X
*GET,YV,ELEM,1554,CENT,Y
*GET,SV,ELEM,1554,ETAB,SEQV
*VWRITE,EIDV,XV,YV,SV
(4(E24.16,','))
EIDV=1555
*GET,XV,ELEM,1555,CENT,X
*GET,YV,ELEM,1555,CENT,Y
*GET,SV,ELEM,1555,ETAB,SEQV
*VWRITE,EIDV,XV,YV,SV
(4(E24.16,','))
EIDV=1556
*GET,XV,ELEM,1556,CENT,X
*GET,YV,ELEM,1556,CENT,Y
*GET,SV,ELEM,1556,ETAB,SEQV
*VWRITE,EIDV,XV,YV,SV
(4(E24.16,','))
EIDV=1557
*GET,XV,ELEM,1557,CENT,X
*GET,YV,ELEM,1557,CENT,Y
*GET,SV,ELEM,1557,ETAB,SEQV
*VWRITE,EIDV,XV,YV,SV
(4(E24.16,','))
EIDV=1558
*GET,XV,ELEM,1558,CENT,X
*GET,YV,ELEM,1558,CENT,Y
*GET,SV,ELEM,1558,ETAB,SEQV
*VWRITE,EIDV,XV,YV,SV
(4(E24.16,','))
EIDV=1559
*GET,XV,ELEM,1559,CENT,X
*GET,YV,ELEM,1559,CENT,Y
*GET,SV,ELEM,1559,ETAB,SEQV
*VWRITE,EIDV,XV,YV,SV
(4(E24.16,','))
EIDV=1560
*GET,XV,ELEM,1560,CENT,X
*GET,YV,ELEM,1560,CENT,Y
*GET,SV,ELEM,1560,ETAB,SEQV
*VWRITE,EIDV,XV,YV,SV
(4(E24.16,','))
EIDV=1561
*GET,XV,ELEM,1561,CENT,X
*GET,YV,ELEM,1561,CENT,Y
*GET,SV,ELEM,1561,ETAB,SEQV
*VWRITE,EIDV,XV,YV,SV
(4(E24.16,','))
EIDV=1562
*GET,XV,ELEM,1562,CENT,X
*GET,YV,ELEM,1562,CENT,Y
*GET,SV,ELEM,1562,ETAB,SEQV
*VWRITE,EIDV,XV,YV,SV
(4(E24.16,','))
EIDV=1563
*GET,XV,ELEM,1563,CENT,X
*GET,YV,ELEM,1563,CENT,Y
*GET,SV,ELEM,1563,ETAB,SEQV
*VWRITE,EIDV,XV,YV,SV
(4(E24.16,','))
EIDV=1564
*GET,XV,ELEM,1564,CENT,X
*GET,YV,ELEM,1564,CENT,Y
*GET,SV,ELEM,1564,ETAB,SEQV
*VWRITE,EIDV,XV,YV,SV
(4(E24.16,','))
EIDV=1565
*GET,XV,ELEM,1565,CENT,X
*GET,YV,ELEM,1565,CENT,Y
*GET,SV,ELEM,1565,ETAB,SEQV
*VWRITE,EIDV,XV,YV,SV
(4(E24.16,','))
EIDV=1566
*GET,XV,ELEM,1566,CENT,X
*GET,YV,ELEM,1566,CENT,Y
*GET,SV,ELEM,1566,ETAB,SEQV
*VWRITE,EIDV,XV,YV,SV
(4(E24.16,','))
EIDV=1567
*GET,XV,ELEM,1567,CENT,X
*GET,YV,ELEM,1567,CENT,Y
*GET,SV,ELEM,1567,ETAB,SEQV
*VWRITE,EIDV,XV,YV,SV
(4(E24.16,','))
EIDV=1568
*GET,XV,ELEM,1568,CENT,X
*GET,YV,ELEM,1568,CENT,Y
*GET,SV,ELEM,1568,ETAB,SEQV
*VWRITE,EIDV,XV,YV,SV
(4(E24.16,','))
EIDV=1569
*GET,XV,ELEM,1569,CENT,X
*GET,YV,ELEM,1569,CENT,Y
*GET,SV,ELEM,1569,ETAB,SEQV
*VWRITE,EIDV,XV,YV,SV
(4(E24.16,','))
EIDV=1570
*GET,XV,ELEM,1570,CENT,X
*GET,YV,ELEM,1570,CENT,Y
*GET,SV,ELEM,1570,ETAB,SEQV
*VWRITE,EIDV,XV,YV,SV
(4(E24.16,','))
EIDV=1571
*GET,XV,ELEM,1571,CENT,X
*GET,YV,ELEM,1571,CENT,Y
*GET,SV,ELEM,1571,ETAB,SEQV
*VWRITE,EIDV,XV,YV,SV
(4(E24.16,','))
EIDV=1572
*GET,XV,ELEM,1572,CENT,X
*GET,YV,ELEM,1572,CENT,Y
*GET,SV,ELEM,1572,ETAB,SEQV
*VWRITE,EIDV,XV,YV,SV
(4(E24.16,','))
EIDV=1573
*GET,XV,ELEM,1573,CENT,X
*GET,YV,ELEM,1573,CENT,Y
*GET,SV,ELEM,1573,ETAB,SEQV
*VWRITE,EIDV,XV,YV,SV
(4(E24.16,','))
EIDV=1574
*GET,XV,ELEM,1574,CENT,X
*GET,YV,ELEM,1574,CENT,Y
*GET,SV,ELEM,1574,ETAB,SEQV
*VWRITE,EIDV,XV,YV,SV
(4(E24.16,','))
EIDV=1575
*GET,XV,ELEM,1575,CENT,X
*GET,YV,ELEM,1575,CENT,Y
*GET,SV,ELEM,1575,ETAB,SEQV
*VWRITE,EIDV,XV,YV,SV
(4(E24.16,','))
EIDV=1576
*GET,XV,ELEM,1576,CENT,X
*GET,YV,ELEM,1576,CENT,Y
*GET,SV,ELEM,1576,ETAB,SEQV
*VWRITE,EIDV,XV,YV,SV
(4(E24.16,','))
EIDV=1577
*GET,XV,ELEM,1577,CENT,X
*GET,YV,ELEM,1577,CENT,Y
*GET,SV,ELEM,1577,ETAB,SEQV
*VWRITE,EIDV,XV,YV,SV
(4(E24.16,','))
EIDV=1578
*GET,XV,ELEM,1578,CENT,X
*GET,YV,ELEM,1578,CENT,Y
*GET,SV,ELEM,1578,ETAB,SEQV
*VWRITE,EIDV,XV,YV,SV
(4(E24.16,','))
EIDV=1579
*GET,XV,ELEM,1579,CENT,X
*GET,YV,ELEM,1579,CENT,Y
*GET,SV,ELEM,1579,ETAB,SEQV
*VWRITE,EIDV,XV,YV,SV
(4(E24.16,','))
EIDV=1580
*GET,XV,ELEM,1580,CENT,X
*GET,YV,ELEM,1580,CENT,Y
*GET,SV,ELEM,1580,ETAB,SEQV
*VWRITE,EIDV,XV,YV,SV
(4(E24.16,','))
EIDV=1581
*GET,XV,ELEM,1581,CENT,X
*GET,YV,ELEM,1581,CENT,Y
*GET,SV,ELEM,1581,ETAB,SEQV
*VWRITE,EIDV,XV,YV,SV
(4(E24.16,','))
EIDV=1582
*GET,XV,ELEM,1582,CENT,X
*GET,YV,ELEM,1582,CENT,Y
*GET,SV,ELEM,1582,ETAB,SEQV
*VWRITE,EIDV,XV,YV,SV
(4(E24.16,','))
EIDV=1583
*GET,XV,ELEM,1583,CENT,X
*GET,YV,ELEM,1583,CENT,Y
*GET,SV,ELEM,1583,ETAB,SEQV
*VWRITE,EIDV,XV,YV,SV
(4(E24.16,','))
EIDV=1584
*GET,XV,ELEM,1584,CENT,X
*GET,YV,ELEM,1584,CENT,Y
*GET,SV,ELEM,1584,ETAB,SEQV
*VWRITE,EIDV,XV,YV,SV
(4(E24.16,','))
EIDV=1585
*GET,XV,ELEM,1585,CENT,X
*GET,YV,ELEM,1585,CENT,Y
*GET,SV,ELEM,1585,ETAB,SEQV
*VWRITE,EIDV,XV,YV,SV
(4(E24.16,','))
EIDV=1586
*GET,XV,ELEM,1586,CENT,X
*GET,YV,ELEM,1586,CENT,Y
*GET,SV,ELEM,1586,ETAB,SEQV
*VWRITE,EIDV,XV,YV,SV
(4(E24.16,','))
EIDV=1587
*GET,XV,ELEM,1587,CENT,X
*GET,YV,ELEM,1587,CENT,Y
*GET,SV,ELEM,1587,ETAB,SEQV
*VWRITE,EIDV,XV,YV,SV
(4(E24.16,','))
EIDV=1588
*GET,XV,ELEM,1588,CENT,X
*GET,YV,ELEM,1588,CENT,Y
*GET,SV,ELEM,1588,ETAB,SEQV
*VWRITE,EIDV,XV,YV,SV
(4(E24.16,','))
EIDV=1589
*GET,XV,ELEM,1589,CENT,X
*GET,YV,ELEM,1589,CENT,Y
*GET,SV,ELEM,1589,ETAB,SEQV
*VWRITE,EIDV,XV,YV,SV
(4(E24.16,','))
EIDV=1590
*GET,XV,ELEM,1590,CENT,X
*GET,YV,ELEM,1590,CENT,Y
*GET,SV,ELEM,1590,ETAB,SEQV
*VWRITE,EIDV,XV,YV,SV
(4(E24.16,','))
EIDV=1591
*GET,XV,ELEM,1591,CENT,X
*GET,YV,ELEM,1591,CENT,Y
*GET,SV,ELEM,1591,ETAB,SEQV
*VWRITE,EIDV,XV,YV,SV
(4(E24.16,','))
EIDV=1592
*GET,XV,ELEM,1592,CENT,X
*GET,YV,ELEM,1592,CENT,Y
*GET,SV,ELEM,1592,ETAB,SEQV
*VWRITE,EIDV,XV,YV,SV
(4(E24.16,','))
EIDV=1593
*GET,XV,ELEM,1593,CENT,X
*GET,YV,ELEM,1593,CENT,Y
*GET,SV,ELEM,1593,ETAB,SEQV
*VWRITE,EIDV,XV,YV,SV
(4(E24.16,','))
EIDV=1594
*GET,XV,ELEM,1594,CENT,X
*GET,YV,ELEM,1594,CENT,Y
*GET,SV,ELEM,1594,ETAB,SEQV
*VWRITE,EIDV,XV,YV,SV
(4(E24.16,','))
EIDV=1595
*GET,XV,ELEM,1595,CENT,X
*GET,YV,ELEM,1595,CENT,Y
*GET,SV,ELEM,1595,ETAB,SEQV
*VWRITE,EIDV,XV,YV,SV
(4(E24.16,','))
EIDV=1596
*GET,XV,ELEM,1596,CENT,X
*GET,YV,ELEM,1596,CENT,Y
*GET,SV,ELEM,1596,ETAB,SEQV
*VWRITE,EIDV,XV,YV,SV
(4(E24.16,','))
EIDV=1597
*GET,XV,ELEM,1597,CENT,X
*GET,YV,ELEM,1597,CENT,Y
*GET,SV,ELEM,1597,ETAB,SEQV
*VWRITE,EIDV,XV,YV,SV
(4(E24.16,','))
EIDV=1598
*GET,XV,ELEM,1598,CENT,X
*GET,YV,ELEM,1598,CENT,Y
*GET,SV,ELEM,1598,ETAB,SEQV
*VWRITE,EIDV,XV,YV,SV
(4(E24.16,','))
EIDV=1599
*GET,XV,ELEM,1599,CENT,X
*GET,YV,ELEM,1599,CENT,Y
*GET,SV,ELEM,1599,ETAB,SEQV
*VWRITE,EIDV,XV,YV,SV
(4(E24.16,','))
EIDV=1600
*GET,XV,ELEM,1600,CENT,X
*GET,YV,ELEM,1600,CENT,Y
*GET,SV,ELEM,1600,ETAB,SEQV
*VWRITE,EIDV,XV,YV,SV
(4(E24.16,','))
EIDV=1601
*GET,XV,ELEM,1601,CENT,X
*GET,YV,ELEM,1601,CENT,Y
*GET,SV,ELEM,1601,ETAB,SEQV
*VWRITE,EIDV,XV,YV,SV
(4(E24.16,','))
EIDV=1602
*GET,XV,ELEM,1602,CENT,X
*GET,YV,ELEM,1602,CENT,Y
*GET,SV,ELEM,1602,ETAB,SEQV
*VWRITE,EIDV,XV,YV,SV
(4(E24.16,','))
EIDV=1603
*GET,XV,ELEM,1603,CENT,X
*GET,YV,ELEM,1603,CENT,Y
*GET,SV,ELEM,1603,ETAB,SEQV
*VWRITE,EIDV,XV,YV,SV
(4(E24.16,','))
EIDV=1604
*GET,XV,ELEM,1604,CENT,X
*GET,YV,ELEM,1604,CENT,Y
*GET,SV,ELEM,1604,ETAB,SEQV
*VWRITE,EIDV,XV,YV,SV
(4(E24.16,','))
EIDV=1605
*GET,XV,ELEM,1605,CENT,X
*GET,YV,ELEM,1605,CENT,Y
*GET,SV,ELEM,1605,ETAB,SEQV
*VWRITE,EIDV,XV,YV,SV
(4(E24.16,','))
EIDV=1606
*GET,XV,ELEM,1606,CENT,X
*GET,YV,ELEM,1606,CENT,Y
*GET,SV,ELEM,1606,ETAB,SEQV
*VWRITE,EIDV,XV,YV,SV
(4(E24.16,','))
EIDV=1607
*GET,XV,ELEM,1607,CENT,X
*GET,YV,ELEM,1607,CENT,Y
*GET,SV,ELEM,1607,ETAB,SEQV
*VWRITE,EIDV,XV,YV,SV
(4(E24.16,','))
EIDV=1608
*GET,XV,ELEM,1608,CENT,X
*GET,YV,ELEM,1608,CENT,Y
*GET,SV,ELEM,1608,ETAB,SEQV
*VWRITE,EIDV,XV,YV,SV
(4(E24.16,','))
EIDV=1609
*GET,XV,ELEM,1609,CENT,X
*GET,YV,ELEM,1609,CENT,Y
*GET,SV,ELEM,1609,ETAB,SEQV
*VWRITE,EIDV,XV,YV,SV
(4(E24.16,','))
EIDV=1610
*GET,XV,ELEM,1610,CENT,X
*GET,YV,ELEM,1610,CENT,Y
*GET,SV,ELEM,1610,ETAB,SEQV
*VWRITE,EIDV,XV,YV,SV
(4(E24.16,','))
EIDV=1611
*GET,XV,ELEM,1611,CENT,X
*GET,YV,ELEM,1611,CENT,Y
*GET,SV,ELEM,1611,ETAB,SEQV
*VWRITE,EIDV,XV,YV,SV
(4(E24.16,','))
EIDV=1612
*GET,XV,ELEM,1612,CENT,X
*GET,YV,ELEM,1612,CENT,Y
*GET,SV,ELEM,1612,ETAB,SEQV
*VWRITE,EIDV,XV,YV,SV
(4(E24.16,','))
EIDV=1613
*GET,XV,ELEM,1613,CENT,X
*GET,YV,ELEM,1613,CENT,Y
*GET,SV,ELEM,1613,ETAB,SEQV
*VWRITE,EIDV,XV,YV,SV
(4(E24.16,','))
EIDV=1614
*GET,XV,ELEM,1614,CENT,X
*GET,YV,ELEM,1614,CENT,Y
*GET,SV,ELEM,1614,ETAB,SEQV
*VWRITE,EIDV,XV,YV,SV
(4(E24.16,','))
EIDV=1615
*GET,XV,ELEM,1615,CENT,X
*GET,YV,ELEM,1615,CENT,Y
*GET,SV,ELEM,1615,ETAB,SEQV
*VWRITE,EIDV,XV,YV,SV
(4(E24.16,','))
EIDV=1616
*GET,XV,ELEM,1616,CENT,X
*GET,YV,ELEM,1616,CENT,Y
*GET,SV,ELEM,1616,ETAB,SEQV
*VWRITE,EIDV,XV,YV,SV
(4(E24.16,','))
EIDV=1617
*GET,XV,ELEM,1617,CENT,X
*GET,YV,ELEM,1617,CENT,Y
*GET,SV,ELEM,1617,ETAB,SEQV
*VWRITE,EIDV,XV,YV,SV
(4(E24.16,','))
EIDV=1618
*GET,XV,ELEM,1618,CENT,X
*GET,YV,ELEM,1618,CENT,Y
*GET,SV,ELEM,1618,ETAB,SEQV
*VWRITE,EIDV,XV,YV,SV
(4(E24.16,','))
EIDV=1619
*GET,XV,ELEM,1619,CENT,X
*GET,YV,ELEM,1619,CENT,Y
*GET,SV,ELEM,1619,ETAB,SEQV
*VWRITE,EIDV,XV,YV,SV
(4(E24.16,','))
EIDV=1620
*GET,XV,ELEM,1620,CENT,X
*GET,YV,ELEM,1620,CENT,Y
*GET,SV,ELEM,1620,ETAB,SEQV
*VWRITE,EIDV,XV,YV,SV
(4(E24.16,','))
EIDV=1621
*GET,XV,ELEM,1621,CENT,X
*GET,YV,ELEM,1621,CENT,Y
*GET,SV,ELEM,1621,ETAB,SEQV
*VWRITE,EIDV,XV,YV,SV
(4(E24.16,','))
EIDV=1622
*GET,XV,ELEM,1622,CENT,X
*GET,YV,ELEM,1622,CENT,Y
*GET,SV,ELEM,1622,ETAB,SEQV
*VWRITE,EIDV,XV,YV,SV
(4(E24.16,','))
EIDV=1623
*GET,XV,ELEM,1623,CENT,X
*GET,YV,ELEM,1623,CENT,Y
*GET,SV,ELEM,1623,ETAB,SEQV
*VWRITE,EIDV,XV,YV,SV
(4(E24.16,','))
EIDV=1624
*GET,XV,ELEM,1624,CENT,X
*GET,YV,ELEM,1624,CENT,Y
*GET,SV,ELEM,1624,ETAB,SEQV
*VWRITE,EIDV,XV,YV,SV
(4(E24.16,','))
EIDV=1625
*GET,XV,ELEM,1625,CENT,X
*GET,YV,ELEM,1625,CENT,Y
*GET,SV,ELEM,1625,ETAB,SEQV
*VWRITE,EIDV,XV,YV,SV
(4(E24.16,','))
EIDV=1626
*GET,XV,ELEM,1626,CENT,X
*GET,YV,ELEM,1626,CENT,Y
*GET,SV,ELEM,1626,ETAB,SEQV
*VWRITE,EIDV,XV,YV,SV
(4(E24.16,','))
EIDV=1627
*GET,XV,ELEM,1627,CENT,X
*GET,YV,ELEM,1627,CENT,Y
*GET,SV,ELEM,1627,ETAB,SEQV
*VWRITE,EIDV,XV,YV,SV
(4(E24.16,','))
EIDV=1628
*GET,XV,ELEM,1628,CENT,X
*GET,YV,ELEM,1628,CENT,Y
*GET,SV,ELEM,1628,ETAB,SEQV
*VWRITE,EIDV,XV,YV,SV
(4(E24.16,','))
EIDV=1629
*GET,XV,ELEM,1629,CENT,X
*GET,YV,ELEM,1629,CENT,Y
*GET,SV,ELEM,1629,ETAB,SEQV
*VWRITE,EIDV,XV,YV,SV
(4(E24.16,','))
EIDV=1630
*GET,XV,ELEM,1630,CENT,X
*GET,YV,ELEM,1630,CENT,Y
*GET,SV,ELEM,1630,ETAB,SEQV
*VWRITE,EIDV,XV,YV,SV
(4(E24.16,','))
EIDV=1631
*GET,XV,ELEM,1631,CENT,X
*GET,YV,ELEM,1631,CENT,Y
*GET,SV,ELEM,1631,ETAB,SEQV
*VWRITE,EIDV,XV,YV,SV
(4(E24.16,','))
EIDV=1632
*GET,XV,ELEM,1632,CENT,X
*GET,YV,ELEM,1632,CENT,Y
*GET,SV,ELEM,1632,ETAB,SEQV
*VWRITE,EIDV,XV,YV,SV
(4(E24.16,','))
EIDV=1633
*GET,XV,ELEM,1633,CENT,X
*GET,YV,ELEM,1633,CENT,Y
*GET,SV,ELEM,1633,ETAB,SEQV
*VWRITE,EIDV,XV,YV,SV
(4(E24.16,','))
EIDV=1634
*GET,XV,ELEM,1634,CENT,X
*GET,YV,ELEM,1634,CENT,Y
*GET,SV,ELEM,1634,ETAB,SEQV
*VWRITE,EIDV,XV,YV,SV
(4(E24.16,','))
EIDV=1635
*GET,XV,ELEM,1635,CENT,X
*GET,YV,ELEM,1635,CENT,Y
*GET,SV,ELEM,1635,ETAB,SEQV
*VWRITE,EIDV,XV,YV,SV
(4(E24.16,','))
EIDV=1636
*GET,XV,ELEM,1636,CENT,X
*GET,YV,ELEM,1636,CENT,Y
*GET,SV,ELEM,1636,ETAB,SEQV
*VWRITE,EIDV,XV,YV,SV
(4(E24.16,','))
EIDV=1637
*GET,XV,ELEM,1637,CENT,X
*GET,YV,ELEM,1637,CENT,Y
*GET,SV,ELEM,1637,ETAB,SEQV
*VWRITE,EIDV,XV,YV,SV
(4(E24.16,','))
EIDV=1638
*GET,XV,ELEM,1638,CENT,X
*GET,YV,ELEM,1638,CENT,Y
*GET,SV,ELEM,1638,ETAB,SEQV
*VWRITE,EIDV,XV,YV,SV
(4(E24.16,','))
EIDV=1639
*GET,XV,ELEM,1639,CENT,X
*GET,YV,ELEM,1639,CENT,Y
*GET,SV,ELEM,1639,ETAB,SEQV
*VWRITE,EIDV,XV,YV,SV
(4(E24.16,','))
EIDV=1640
*GET,XV,ELEM,1640,CENT,X
*GET,YV,ELEM,1640,CENT,Y
*GET,SV,ELEM,1640,ETAB,SEQV
*VWRITE,EIDV,XV,YV,SV
(4(E24.16,','))
EIDV=1641
*GET,XV,ELEM,1641,CENT,X
*GET,YV,ELEM,1641,CENT,Y
*GET,SV,ELEM,1641,ETAB,SEQV
*VWRITE,EIDV,XV,YV,SV
(4(E24.16,','))
EIDV=1642
*GET,XV,ELEM,1642,CENT,X
*GET,YV,ELEM,1642,CENT,Y
*GET,SV,ELEM,1642,ETAB,SEQV
*VWRITE,EIDV,XV,YV,SV
(4(E24.16,','))
EIDV=1643
*GET,XV,ELEM,1643,CENT,X
*GET,YV,ELEM,1643,CENT,Y
*GET,SV,ELEM,1643,ETAB,SEQV
*VWRITE,EIDV,XV,YV,SV
(4(E24.16,','))
EIDV=1644
*GET,XV,ELEM,1644,CENT,X
*GET,YV,ELEM,1644,CENT,Y
*GET,SV,ELEM,1644,ETAB,SEQV
*VWRITE,EIDV,XV,YV,SV
(4(E24.16,','))
EIDV=1645
*GET,XV,ELEM,1645,CENT,X
*GET,YV,ELEM,1645,CENT,Y
*GET,SV,ELEM,1645,ETAB,SEQV
*VWRITE,EIDV,XV,YV,SV
(4(E24.16,','))
EIDV=1646
*GET,XV,ELEM,1646,CENT,X
*GET,YV,ELEM,1646,CENT,Y
*GET,SV,ELEM,1646,ETAB,SEQV
*VWRITE,EIDV,XV,YV,SV
(4(E24.16,','))
EIDV=1647
*GET,XV,ELEM,1647,CENT,X
*GET,YV,ELEM,1647,CENT,Y
*GET,SV,ELEM,1647,ETAB,SEQV
*VWRITE,EIDV,XV,YV,SV
(4(E24.16,','))
EIDV=1648
*GET,XV,ELEM,1648,CENT,X
*GET,YV,ELEM,1648,CENT,Y
*GET,SV,ELEM,1648,ETAB,SEQV
*VWRITE,EIDV,XV,YV,SV
(4(E24.16,','))
EIDV=1649
*GET,XV,ELEM,1649,CENT,X
*GET,YV,ELEM,1649,CENT,Y
*GET,SV,ELEM,1649,ETAB,SEQV
*VWRITE,EIDV,XV,YV,SV
(4(E24.16,','))
EIDV=1650
*GET,XV,ELEM,1650,CENT,X
*GET,YV,ELEM,1650,CENT,Y
*GET,SV,ELEM,1650,ETAB,SEQV
*VWRITE,EIDV,XV,YV,SV
(4(E24.16,','))
EIDV=1651
*GET,XV,ELEM,1651,CENT,X
*GET,YV,ELEM,1651,CENT,Y
*GET,SV,ELEM,1651,ETAB,SEQV
*VWRITE,EIDV,XV,YV,SV
(4(E24.16,','))
EIDV=1652
*GET,XV,ELEM,1652,CENT,X
*GET,YV,ELEM,1652,CENT,Y
*GET,SV,ELEM,1652,ETAB,SEQV
*VWRITE,EIDV,XV,YV,SV
(4(E24.16,','))
EIDV=1653
*GET,XV,ELEM,1653,CENT,X
*GET,YV,ELEM,1653,CENT,Y
*GET,SV,ELEM,1653,ETAB,SEQV
*VWRITE,EIDV,XV,YV,SV
(4(E24.16,','))
EIDV=1654
*GET,XV,ELEM,1654,CENT,X
*GET,YV,ELEM,1654,CENT,Y
*GET,SV,ELEM,1654,ETAB,SEQV
*VWRITE,EIDV,XV,YV,SV
(4(E24.16,','))
EIDV=1655
*GET,XV,ELEM,1655,CENT,X
*GET,YV,ELEM,1655,CENT,Y
*GET,SV,ELEM,1655,ETAB,SEQV
*VWRITE,EIDV,XV,YV,SV
(4(E24.16,','))
EIDV=1656
*GET,XV,ELEM,1656,CENT,X
*GET,YV,ELEM,1656,CENT,Y
*GET,SV,ELEM,1656,ETAB,SEQV
*VWRITE,EIDV,XV,YV,SV
(4(E24.16,','))
EIDV=1657
*GET,XV,ELEM,1657,CENT,X
*GET,YV,ELEM,1657,CENT,Y
*GET,SV,ELEM,1657,ETAB,SEQV
*VWRITE,EIDV,XV,YV,SV
(4(E24.16,','))
EIDV=1658
*GET,XV,ELEM,1658,CENT,X
*GET,YV,ELEM,1658,CENT,Y
*GET,SV,ELEM,1658,ETAB,SEQV
*VWRITE,EIDV,XV,YV,SV
(4(E24.16,','))
EIDV=1659
*GET,XV,ELEM,1659,CENT,X
*GET,YV,ELEM,1659,CENT,Y
*GET,SV,ELEM,1659,ETAB,SEQV
*VWRITE,EIDV,XV,YV,SV
(4(E24.16,','))
EIDV=1660
*GET,XV,ELEM,1660,CENT,X
*GET,YV,ELEM,1660,CENT,Y
*GET,SV,ELEM,1660,ETAB,SEQV
*VWRITE,EIDV,XV,YV,SV
(4(E24.16,','))
EIDV=1661
*GET,XV,ELEM,1661,CENT,X
*GET,YV,ELEM,1661,CENT,Y
*GET,SV,ELEM,1661,ETAB,SEQV
*VWRITE,EIDV,XV,YV,SV
(4(E24.16,','))
EIDV=1662
*GET,XV,ELEM,1662,CENT,X
*GET,YV,ELEM,1662,CENT,Y
*GET,SV,ELEM,1662,ETAB,SEQV
*VWRITE,EIDV,XV,YV,SV
(4(E24.16,','))
EIDV=1663
*GET,XV,ELEM,1663,CENT,X
*GET,YV,ELEM,1663,CENT,Y
*GET,SV,ELEM,1663,ETAB,SEQV
*VWRITE,EIDV,XV,YV,SV
(4(E24.16,','))
EIDV=1664
*GET,XV,ELEM,1664,CENT,X
*GET,YV,ELEM,1664,CENT,Y
*GET,SV,ELEM,1664,ETAB,SEQV
*VWRITE,EIDV,XV,YV,SV
(4(E24.16,','))
EIDV=1665
*GET,XV,ELEM,1665,CENT,X
*GET,YV,ELEM,1665,CENT,Y
*GET,SV,ELEM,1665,ETAB,SEQV
*VWRITE,EIDV,XV,YV,SV
(4(E24.16,','))
EIDV=1666
*GET,XV,ELEM,1666,CENT,X
*GET,YV,ELEM,1666,CENT,Y
*GET,SV,ELEM,1666,ETAB,SEQV
*VWRITE,EIDV,XV,YV,SV
(4(E24.16,','))
EIDV=1667
*GET,XV,ELEM,1667,CENT,X
*GET,YV,ELEM,1667,CENT,Y
*GET,SV,ELEM,1667,ETAB,SEQV
*VWRITE,EIDV,XV,YV,SV
(4(E24.16,','))
EIDV=1668
*GET,XV,ELEM,1668,CENT,X
*GET,YV,ELEM,1668,CENT,Y
*GET,SV,ELEM,1668,ETAB,SEQV
*VWRITE,EIDV,XV,YV,SV
(4(E24.16,','))
EIDV=1669
*GET,XV,ELEM,1669,CENT,X
*GET,YV,ELEM,1669,CENT,Y
*GET,SV,ELEM,1669,ETAB,SEQV
*VWRITE,EIDV,XV,YV,SV
(4(E24.16,','))
EIDV=1670
*GET,XV,ELEM,1670,CENT,X
*GET,YV,ELEM,1670,CENT,Y
*GET,SV,ELEM,1670,ETAB,SEQV
*VWRITE,EIDV,XV,YV,SV
(4(E24.16,','))
EIDV=1671
*GET,XV,ELEM,1671,CENT,X
*GET,YV,ELEM,1671,CENT,Y
*GET,SV,ELEM,1671,ETAB,SEQV
*VWRITE,EIDV,XV,YV,SV
(4(E24.16,','))
EIDV=1672
*GET,XV,ELEM,1672,CENT,X
*GET,YV,ELEM,1672,CENT,Y
*GET,SV,ELEM,1672,ETAB,SEQV
*VWRITE,EIDV,XV,YV,SV
(4(E24.16,','))
EIDV=1673
*GET,XV,ELEM,1673,CENT,X
*GET,YV,ELEM,1673,CENT,Y
*GET,SV,ELEM,1673,ETAB,SEQV
*VWRITE,EIDV,XV,YV,SV
(4(E24.16,','))
EIDV=1674
*GET,XV,ELEM,1674,CENT,X
*GET,YV,ELEM,1674,CENT,Y
*GET,SV,ELEM,1674,ETAB,SEQV
*VWRITE,EIDV,XV,YV,SV
(4(E24.16,','))
EIDV=1675
*GET,XV,ELEM,1675,CENT,X
*GET,YV,ELEM,1675,CENT,Y
*GET,SV,ELEM,1675,ETAB,SEQV
*VWRITE,EIDV,XV,YV,SV
(4(E24.16,','))
EIDV=1676
*GET,XV,ELEM,1676,CENT,X
*GET,YV,ELEM,1676,CENT,Y
*GET,SV,ELEM,1676,ETAB,SEQV
*VWRITE,EIDV,XV,YV,SV
(4(E24.16,','))
EIDV=1677
*GET,XV,ELEM,1677,CENT,X
*GET,YV,ELEM,1677,CENT,Y
*GET,SV,ELEM,1677,ETAB,SEQV
*VWRITE,EIDV,XV,YV,SV
(4(E24.16,','))
EIDV=1678
*GET,XV,ELEM,1678,CENT,X
*GET,YV,ELEM,1678,CENT,Y
*GET,SV,ELEM,1678,ETAB,SEQV
*VWRITE,EIDV,XV,YV,SV
(4(E24.16,','))
EIDV=1679
*GET,XV,ELEM,1679,CENT,X
*GET,YV,ELEM,1679,CENT,Y
*GET,SV,ELEM,1679,ETAB,SEQV
*VWRITE,EIDV,XV,YV,SV
(4(E24.16,','))
EIDV=1680
*GET,XV,ELEM,1680,CENT,X
*GET,YV,ELEM,1680,CENT,Y
*GET,SV,ELEM,1680,ETAB,SEQV
*VWRITE,EIDV,XV,YV,SV
(4(E24.16,','))
EIDV=1681
*GET,XV,ELEM,1681,CENT,X
*GET,YV,ELEM,1681,CENT,Y
*GET,SV,ELEM,1681,ETAB,SEQV
*VWRITE,EIDV,XV,YV,SV
(4(E24.16,','))
EIDV=1682
*GET,XV,ELEM,1682,CENT,X
*GET,YV,ELEM,1682,CENT,Y
*GET,SV,ELEM,1682,ETAB,SEQV
*VWRITE,EIDV,XV,YV,SV
(4(E24.16,','))
EIDV=1683
*GET,XV,ELEM,1683,CENT,X
*GET,YV,ELEM,1683,CENT,Y
*GET,SV,ELEM,1683,ETAB,SEQV
*VWRITE,EIDV,XV,YV,SV
(4(E24.16,','))
EIDV=1684
*GET,XV,ELEM,1684,CENT,X
*GET,YV,ELEM,1684,CENT,Y
*GET,SV,ELEM,1684,ETAB,SEQV
*VWRITE,EIDV,XV,YV,SV
(4(E24.16,','))
EIDV=1685
*GET,XV,ELEM,1685,CENT,X
*GET,YV,ELEM,1685,CENT,Y
*GET,SV,ELEM,1685,ETAB,SEQV
*VWRITE,EIDV,XV,YV,SV
(4(E24.16,','))
EIDV=1686
*GET,XV,ELEM,1686,CENT,X
*GET,YV,ELEM,1686,CENT,Y
*GET,SV,ELEM,1686,ETAB,SEQV
*VWRITE,EIDV,XV,YV,SV
(4(E24.16,','))
EIDV=1687
*GET,XV,ELEM,1687,CENT,X
*GET,YV,ELEM,1687,CENT,Y
*GET,SV,ELEM,1687,ETAB,SEQV
*VWRITE,EIDV,XV,YV,SV
(4(E24.16,','))
EIDV=1688
*GET,XV,ELEM,1688,CENT,X
*GET,YV,ELEM,1688,CENT,Y
*GET,SV,ELEM,1688,ETAB,SEQV
*VWRITE,EIDV,XV,YV,SV
(4(E24.16,','))
EIDV=1689
*GET,XV,ELEM,1689,CENT,X
*GET,YV,ELEM,1689,CENT,Y
*GET,SV,ELEM,1689,ETAB,SEQV
*VWRITE,EIDV,XV,YV,SV
(4(E24.16,','))
EIDV=1690
*GET,XV,ELEM,1690,CENT,X
*GET,YV,ELEM,1690,CENT,Y
*GET,SV,ELEM,1690,ETAB,SEQV
*VWRITE,EIDV,XV,YV,SV
(4(E24.16,','))
EIDV=1691
*GET,XV,ELEM,1691,CENT,X
*GET,YV,ELEM,1691,CENT,Y
*GET,SV,ELEM,1691,ETAB,SEQV
*VWRITE,EIDV,XV,YV,SV
(4(E24.16,','))
EIDV=1692
*GET,XV,ELEM,1692,CENT,X
*GET,YV,ELEM,1692,CENT,Y
*GET,SV,ELEM,1692,ETAB,SEQV
*VWRITE,EIDV,XV,YV,SV
(4(E24.16,','))
EIDV=1693
*GET,XV,ELEM,1693,CENT,X
*GET,YV,ELEM,1693,CENT,Y
*GET,SV,ELEM,1693,ETAB,SEQV
*VWRITE,EIDV,XV,YV,SV
(4(E24.16,','))
EIDV=1694
*GET,XV,ELEM,1694,CENT,X
*GET,YV,ELEM,1694,CENT,Y
*GET,SV,ELEM,1694,ETAB,SEQV
*VWRITE,EIDV,XV,YV,SV
(4(E24.16,','))
EIDV=1695
*GET,XV,ELEM,1695,CENT,X
*GET,YV,ELEM,1695,CENT,Y
*GET,SV,ELEM,1695,ETAB,SEQV
*VWRITE,EIDV,XV,YV,SV
(4(E24.16,','))
EIDV=1696
*GET,XV,ELEM,1696,CENT,X
*GET,YV,ELEM,1696,CENT,Y
*GET,SV,ELEM,1696,ETAB,SEQV
*VWRITE,EIDV,XV,YV,SV
(4(E24.16,','))
EIDV=1697
*GET,XV,ELEM,1697,CENT,X
*GET,YV,ELEM,1697,CENT,Y
*GET,SV,ELEM,1697,ETAB,SEQV
*VWRITE,EIDV,XV,YV,SV
(4(E24.16,','))
EIDV=1698
*GET,XV,ELEM,1698,CENT,X
*GET,YV,ELEM,1698,CENT,Y
*GET,SV,ELEM,1698,ETAB,SEQV
*VWRITE,EIDV,XV,YV,SV
(4(E24.16,','))
EIDV=1699
*GET,XV,ELEM,1699,CENT,X
*GET,YV,ELEM,1699,CENT,Y
*GET,SV,ELEM,1699,ETAB,SEQV
*VWRITE,EIDV,XV,YV,SV
(4(E24.16,','))
EIDV=1700
*GET,XV,ELEM,1700,CENT,X
*GET,YV,ELEM,1700,CENT,Y
*GET,SV,ELEM,1700,ETAB,SEQV
*VWRITE,EIDV,XV,YV,SV
(4(E24.16,','))
EIDV=1701
*GET,XV,ELEM,1701,CENT,X
*GET,YV,ELEM,1701,CENT,Y
*GET,SV,ELEM,1701,ETAB,SEQV
*VWRITE,EIDV,XV,YV,SV
(4(E24.16,','))
EIDV=1702
*GET,XV,ELEM,1702,CENT,X
*GET,YV,ELEM,1702,CENT,Y
*GET,SV,ELEM,1702,ETAB,SEQV
*VWRITE,EIDV,XV,YV,SV
(4(E24.16,','))
EIDV=1703
*GET,XV,ELEM,1703,CENT,X
*GET,YV,ELEM,1703,CENT,Y
*GET,SV,ELEM,1703,ETAB,SEQV
*VWRITE,EIDV,XV,YV,SV
(4(E24.16,','))
EIDV=1704
*GET,XV,ELEM,1704,CENT,X
*GET,YV,ELEM,1704,CENT,Y
*GET,SV,ELEM,1704,ETAB,SEQV
*VWRITE,EIDV,XV,YV,SV
(4(E24.16,','))
EIDV=1705
*GET,XV,ELEM,1705,CENT,X
*GET,YV,ELEM,1705,CENT,Y
*GET,SV,ELEM,1705,ETAB,SEQV
*VWRITE,EIDV,XV,YV,SV
(4(E24.16,','))
EIDV=1706
*GET,XV,ELEM,1706,CENT,X
*GET,YV,ELEM,1706,CENT,Y
*GET,SV,ELEM,1706,ETAB,SEQV
*VWRITE,EIDV,XV,YV,SV
(4(E24.16,','))
EIDV=1707
*GET,XV,ELEM,1707,CENT,X
*GET,YV,ELEM,1707,CENT,Y
*GET,SV,ELEM,1707,ETAB,SEQV
*VWRITE,EIDV,XV,YV,SV
(4(E24.16,','))
EIDV=1708
*GET,XV,ELEM,1708,CENT,X
*GET,YV,ELEM,1708,CENT,Y
*GET,SV,ELEM,1708,ETAB,SEQV
*VWRITE,EIDV,XV,YV,SV
(4(E24.16,','))
EIDV=1709
*GET,XV,ELEM,1709,CENT,X
*GET,YV,ELEM,1709,CENT,Y
*GET,SV,ELEM,1709,ETAB,SEQV
*VWRITE,EIDV,XV,YV,SV
(4(E24.16,','))
EIDV=1710
*GET,XV,ELEM,1710,CENT,X
*GET,YV,ELEM,1710,CENT,Y
*GET,SV,ELEM,1710,ETAB,SEQV
*VWRITE,EIDV,XV,YV,SV
(4(E24.16,','))
EIDV=1711
*GET,XV,ELEM,1711,CENT,X
*GET,YV,ELEM,1711,CENT,Y
*GET,SV,ELEM,1711,ETAB,SEQV
*VWRITE,EIDV,XV,YV,SV
(4(E24.16,','))
EIDV=1712
*GET,XV,ELEM,1712,CENT,X
*GET,YV,ELEM,1712,CENT,Y
*GET,SV,ELEM,1712,ETAB,SEQV
*VWRITE,EIDV,XV,YV,SV
(4(E24.16,','))
EIDV=1713
*GET,XV,ELEM,1713,CENT,X
*GET,YV,ELEM,1713,CENT,Y
*GET,SV,ELEM,1713,ETAB,SEQV
*VWRITE,EIDV,XV,YV,SV
(4(E24.16,','))
EIDV=1714
*GET,XV,ELEM,1714,CENT,X
*GET,YV,ELEM,1714,CENT,Y
*GET,SV,ELEM,1714,ETAB,SEQV
*VWRITE,EIDV,XV,YV,SV
(4(E24.16,','))
EIDV=1715
*GET,XV,ELEM,1715,CENT,X
*GET,YV,ELEM,1715,CENT,Y
*GET,SV,ELEM,1715,ETAB,SEQV
*VWRITE,EIDV,XV,YV,SV
(4(E24.16,','))
EIDV=1716
*GET,XV,ELEM,1716,CENT,X
*GET,YV,ELEM,1716,CENT,Y
*GET,SV,ELEM,1716,ETAB,SEQV
*VWRITE,EIDV,XV,YV,SV
(4(E24.16,','))
EIDV=1717
*GET,XV,ELEM,1717,CENT,X
*GET,YV,ELEM,1717,CENT,Y
*GET,SV,ELEM,1717,ETAB,SEQV
*VWRITE,EIDV,XV,YV,SV
(4(E24.16,','))
EIDV=1718
*GET,XV,ELEM,1718,CENT,X
*GET,YV,ELEM,1718,CENT,Y
*GET,SV,ELEM,1718,ETAB,SEQV
*VWRITE,EIDV,XV,YV,SV
(4(E24.16,','))
EIDV=1719
*GET,XV,ELEM,1719,CENT,X
*GET,YV,ELEM,1719,CENT,Y
*GET,SV,ELEM,1719,ETAB,SEQV
*VWRITE,EIDV,XV,YV,SV
(4(E24.16,','))
EIDV=1720
*GET,XV,ELEM,1720,CENT,X
*GET,YV,ELEM,1720,CENT,Y
*GET,SV,ELEM,1720,ETAB,SEQV
*VWRITE,EIDV,XV,YV,SV
(4(E24.16,','))
EIDV=1721
*GET,XV,ELEM,1721,CENT,X
*GET,YV,ELEM,1721,CENT,Y
*GET,SV,ELEM,1721,ETAB,SEQV
*VWRITE,EIDV,XV,YV,SV
(4(E24.16,','))
EIDV=1722
*GET,XV,ELEM,1722,CENT,X
*GET,YV,ELEM,1722,CENT,Y
*GET,SV,ELEM,1722,ETAB,SEQV
*VWRITE,EIDV,XV,YV,SV
(4(E24.16,','))
EIDV=1723
*GET,XV,ELEM,1723,CENT,X
*GET,YV,ELEM,1723,CENT,Y
*GET,SV,ELEM,1723,ETAB,SEQV
*VWRITE,EIDV,XV,YV,SV
(4(E24.16,','))
EIDV=1724
*GET,XV,ELEM,1724,CENT,X
*GET,YV,ELEM,1724,CENT,Y
*GET,SV,ELEM,1724,ETAB,SEQV
*VWRITE,EIDV,XV,YV,SV
(4(E24.16,','))
EIDV=1725
*GET,XV,ELEM,1725,CENT,X
*GET,YV,ELEM,1725,CENT,Y
*GET,SV,ELEM,1725,ETAB,SEQV
*VWRITE,EIDV,XV,YV,SV
(4(E24.16,','))
EIDV=1726
*GET,XV,ELEM,1726,CENT,X
*GET,YV,ELEM,1726,CENT,Y
*GET,SV,ELEM,1726,ETAB,SEQV
*VWRITE,EIDV,XV,YV,SV
(4(E24.16,','))
EIDV=1727
*GET,XV,ELEM,1727,CENT,X
*GET,YV,ELEM,1727,CENT,Y
*GET,SV,ELEM,1727,ETAB,SEQV
*VWRITE,EIDV,XV,YV,SV
(4(E24.16,','))
EIDV=1728
*GET,XV,ELEM,1728,CENT,X
*GET,YV,ELEM,1728,CENT,Y
*GET,SV,ELEM,1728,ETAB,SEQV
*VWRITE,EIDV,XV,YV,SV
(4(E24.16,','))
EIDV=1729
*GET,XV,ELEM,1729,CENT,X
*GET,YV,ELEM,1729,CENT,Y
*GET,SV,ELEM,1729,ETAB,SEQV
*VWRITE,EIDV,XV,YV,SV
(4(E24.16,','))
EIDV=1730
*GET,XV,ELEM,1730,CENT,X
*GET,YV,ELEM,1730,CENT,Y
*GET,SV,ELEM,1730,ETAB,SEQV
*VWRITE,EIDV,XV,YV,SV
(4(E24.16,','))
EIDV=1731
*GET,XV,ELEM,1731,CENT,X
*GET,YV,ELEM,1731,CENT,Y
*GET,SV,ELEM,1731,ETAB,SEQV
*VWRITE,EIDV,XV,YV,SV
(4(E24.16,','))
EIDV=1732
*GET,XV,ELEM,1732,CENT,X
*GET,YV,ELEM,1732,CENT,Y
*GET,SV,ELEM,1732,ETAB,SEQV
*VWRITE,EIDV,XV,YV,SV
(4(E24.16,','))
EIDV=1733
*GET,XV,ELEM,1733,CENT,X
*GET,YV,ELEM,1733,CENT,Y
*GET,SV,ELEM,1733,ETAB,SEQV
*VWRITE,EIDV,XV,YV,SV
(4(E24.16,','))
EIDV=1734
*GET,XV,ELEM,1734,CENT,X
*GET,YV,ELEM,1734,CENT,Y
*GET,SV,ELEM,1734,ETAB,SEQV
*VWRITE,EIDV,XV,YV,SV
(4(E24.16,','))
EIDV=1735
*GET,XV,ELEM,1735,CENT,X
*GET,YV,ELEM,1735,CENT,Y
*GET,SV,ELEM,1735,ETAB,SEQV
*VWRITE,EIDV,XV,YV,SV
(4(E24.16,','))
EIDV=1736
*GET,XV,ELEM,1736,CENT,X
*GET,YV,ELEM,1736,CENT,Y
*GET,SV,ELEM,1736,ETAB,SEQV
*VWRITE,EIDV,XV,YV,SV
(4(E24.16,','))
EIDV=1737
*GET,XV,ELEM,1737,CENT,X
*GET,YV,ELEM,1737,CENT,Y
*GET,SV,ELEM,1737,ETAB,SEQV
*VWRITE,EIDV,XV,YV,SV
(4(E24.16,','))
EIDV=1738
*GET,XV,ELEM,1738,CENT,X
*GET,YV,ELEM,1738,CENT,Y
*GET,SV,ELEM,1738,ETAB,SEQV
*VWRITE,EIDV,XV,YV,SV
(4(E24.16,','))
EIDV=1739
*GET,XV,ELEM,1739,CENT,X
*GET,YV,ELEM,1739,CENT,Y
*GET,SV,ELEM,1739,ETAB,SEQV
*VWRITE,EIDV,XV,YV,SV
(4(E24.16,','))
EIDV=1740
*GET,XV,ELEM,1740,CENT,X
*GET,YV,ELEM,1740,CENT,Y
*GET,SV,ELEM,1740,ETAB,SEQV
*VWRITE,EIDV,XV,YV,SV
(4(E24.16,','))
EIDV=1741
*GET,XV,ELEM,1741,CENT,X
*GET,YV,ELEM,1741,CENT,Y
*GET,SV,ELEM,1741,ETAB,SEQV
*VWRITE,EIDV,XV,YV,SV
(4(E24.16,','))
EIDV=1742
*GET,XV,ELEM,1742,CENT,X
*GET,YV,ELEM,1742,CENT,Y
*GET,SV,ELEM,1742,ETAB,SEQV
*VWRITE,EIDV,XV,YV,SV
(4(E24.16,','))
EIDV=1743
*GET,XV,ELEM,1743,CENT,X
*GET,YV,ELEM,1743,CENT,Y
*GET,SV,ELEM,1743,ETAB,SEQV
*VWRITE,EIDV,XV,YV,SV
(4(E24.16,','))
EIDV=1744
*GET,XV,ELEM,1744,CENT,X
*GET,YV,ELEM,1744,CENT,Y
*GET,SV,ELEM,1744,ETAB,SEQV
*VWRITE,EIDV,XV,YV,SV
(4(E24.16,','))
EIDV=1745
*GET,XV,ELEM,1745,CENT,X
*GET,YV,ELEM,1745,CENT,Y
*GET,SV,ELEM,1745,ETAB,SEQV
*VWRITE,EIDV,XV,YV,SV
(4(E24.16,','))
EIDV=1746
*GET,XV,ELEM,1746,CENT,X
*GET,YV,ELEM,1746,CENT,Y
*GET,SV,ELEM,1746,ETAB,SEQV
*VWRITE,EIDV,XV,YV,SV
(4(E24.16,','))
EIDV=1747
*GET,XV,ELEM,1747,CENT,X
*GET,YV,ELEM,1747,CENT,Y
*GET,SV,ELEM,1747,ETAB,SEQV
*VWRITE,EIDV,XV,YV,SV
(4(E24.16,','))
EIDV=1748
*GET,XV,ELEM,1748,CENT,X
*GET,YV,ELEM,1748,CENT,Y
*GET,SV,ELEM,1748,ETAB,SEQV
*VWRITE,EIDV,XV,YV,SV
(4(E24.16,','))
EIDV=1749
*GET,XV,ELEM,1749,CENT,X
*GET,YV,ELEM,1749,CENT,Y
*GET,SV,ELEM,1749,ETAB,SEQV
*VWRITE,EIDV,XV,YV,SV
(4(E24.16,','))
EIDV=1750
*GET,XV,ELEM,1750,CENT,X
*GET,YV,ELEM,1750,CENT,Y
*GET,SV,ELEM,1750,ETAB,SEQV
*VWRITE,EIDV,XV,YV,SV
(4(E24.16,','))
EIDV=1751
*GET,XV,ELEM,1751,CENT,X
*GET,YV,ELEM,1751,CENT,Y
*GET,SV,ELEM,1751,ETAB,SEQV
*VWRITE,EIDV,XV,YV,SV
(4(E24.16,','))
EIDV=1752
*GET,XV,ELEM,1752,CENT,X
*GET,YV,ELEM,1752,CENT,Y
*GET,SV,ELEM,1752,ETAB,SEQV
*VWRITE,EIDV,XV,YV,SV
(4(E24.16,','))
EIDV=1753
*GET,XV,ELEM,1753,CENT,X
*GET,YV,ELEM,1753,CENT,Y
*GET,SV,ELEM,1753,ETAB,SEQV
*VWRITE,EIDV,XV,YV,SV
(4(E24.16,','))
EIDV=1754
*GET,XV,ELEM,1754,CENT,X
*GET,YV,ELEM,1754,CENT,Y
*GET,SV,ELEM,1754,ETAB,SEQV
*VWRITE,EIDV,XV,YV,SV
(4(E24.16,','))
EIDV=1755
*GET,XV,ELEM,1755,CENT,X
*GET,YV,ELEM,1755,CENT,Y
*GET,SV,ELEM,1755,ETAB,SEQV
*VWRITE,EIDV,XV,YV,SV
(4(E24.16,','))
EIDV=1756
*GET,XV,ELEM,1756,CENT,X
*GET,YV,ELEM,1756,CENT,Y
*GET,SV,ELEM,1756,ETAB,SEQV
*VWRITE,EIDV,XV,YV,SV
(4(E24.16,','))
EIDV=1757
*GET,XV,ELEM,1757,CENT,X
*GET,YV,ELEM,1757,CENT,Y
*GET,SV,ELEM,1757,ETAB,SEQV
*VWRITE,EIDV,XV,YV,SV
(4(E24.16,','))
EIDV=1758
*GET,XV,ELEM,1758,CENT,X
*GET,YV,ELEM,1758,CENT,Y
*GET,SV,ELEM,1758,ETAB,SEQV
*VWRITE,EIDV,XV,YV,SV
(4(E24.16,','))
EIDV=1759
*GET,XV,ELEM,1759,CENT,X
*GET,YV,ELEM,1759,CENT,Y
*GET,SV,ELEM,1759,ETAB,SEQV
*VWRITE,EIDV,XV,YV,SV
(4(E24.16,','))
EIDV=1760
*GET,XV,ELEM,1760,CENT,X
*GET,YV,ELEM,1760,CENT,Y
*GET,SV,ELEM,1760,ETAB,SEQV
*VWRITE,EIDV,XV,YV,SV
(4(E24.16,','))
EIDV=1761
*GET,XV,ELEM,1761,CENT,X
*GET,YV,ELEM,1761,CENT,Y
*GET,SV,ELEM,1761,ETAB,SEQV
*VWRITE,EIDV,XV,YV,SV
(4(E24.16,','))
EIDV=1762
*GET,XV,ELEM,1762,CENT,X
*GET,YV,ELEM,1762,CENT,Y
*GET,SV,ELEM,1762,ETAB,SEQV
*VWRITE,EIDV,XV,YV,SV
(4(E24.16,','))
EIDV=1763
*GET,XV,ELEM,1763,CENT,X
*GET,YV,ELEM,1763,CENT,Y
*GET,SV,ELEM,1763,ETAB,SEQV
*VWRITE,EIDV,XV,YV,SV
(4(E24.16,','))
EIDV=1764
*GET,XV,ELEM,1764,CENT,X
*GET,YV,ELEM,1764,CENT,Y
*GET,SV,ELEM,1764,ETAB,SEQV
*VWRITE,EIDV,XV,YV,SV
(4(E24.16,','))
EIDV=1765
*GET,XV,ELEM,1765,CENT,X
*GET,YV,ELEM,1765,CENT,Y
*GET,SV,ELEM,1765,ETAB,SEQV
*VWRITE,EIDV,XV,YV,SV
(4(E24.16,','))
EIDV=1766
*GET,XV,ELEM,1766,CENT,X
*GET,YV,ELEM,1766,CENT,Y
*GET,SV,ELEM,1766,ETAB,SEQV
*VWRITE,EIDV,XV,YV,SV
(4(E24.16,','))
EIDV=1767
*GET,XV,ELEM,1767,CENT,X
*GET,YV,ELEM,1767,CENT,Y
*GET,SV,ELEM,1767,ETAB,SEQV
*VWRITE,EIDV,XV,YV,SV
(4(E24.16,','))
EIDV=1768
*GET,XV,ELEM,1768,CENT,X
*GET,YV,ELEM,1768,CENT,Y
*GET,SV,ELEM,1768,ETAB,SEQV
*VWRITE,EIDV,XV,YV,SV
(4(E24.16,','))
EIDV=1769
*GET,XV,ELEM,1769,CENT,X
*GET,YV,ELEM,1769,CENT,Y
*GET,SV,ELEM,1769,ETAB,SEQV
*VWRITE,EIDV,XV,YV,SV
(4(E24.16,','))
EIDV=1770
*GET,XV,ELEM,1770,CENT,X
*GET,YV,ELEM,1770,CENT,Y
*GET,SV,ELEM,1770,ETAB,SEQV
*VWRITE,EIDV,XV,YV,SV
(4(E24.16,','))
EIDV=1771
*GET,XV,ELEM,1771,CENT,X
*GET,YV,ELEM,1771,CENT,Y
*GET,SV,ELEM,1771,ETAB,SEQV
*VWRITE,EIDV,XV,YV,SV
(4(E24.16,','))
EIDV=1772
*GET,XV,ELEM,1772,CENT,X
*GET,YV,ELEM,1772,CENT,Y
*GET,SV,ELEM,1772,ETAB,SEQV
*VWRITE,EIDV,XV,YV,SV
(4(E24.16,','))
EIDV=1773
*GET,XV,ELEM,1773,CENT,X
*GET,YV,ELEM,1773,CENT,Y
*GET,SV,ELEM,1773,ETAB,SEQV
*VWRITE,EIDV,XV,YV,SV
(4(E24.16,','))
EIDV=1774
*GET,XV,ELEM,1774,CENT,X
*GET,YV,ELEM,1774,CENT,Y
*GET,SV,ELEM,1774,ETAB,SEQV
*VWRITE,EIDV,XV,YV,SV
(4(E24.16,','))
EIDV=1775
*GET,XV,ELEM,1775,CENT,X
*GET,YV,ELEM,1775,CENT,Y
*GET,SV,ELEM,1775,ETAB,SEQV
*VWRITE,EIDV,XV,YV,SV
(4(E24.16,','))
EIDV=1776
*GET,XV,ELEM,1776,CENT,X
*GET,YV,ELEM,1776,CENT,Y
*GET,SV,ELEM,1776,ETAB,SEQV
*VWRITE,EIDV,XV,YV,SV
(4(E24.16,','))
EIDV=1777
*GET,XV,ELEM,1777,CENT,X
*GET,YV,ELEM,1777,CENT,Y
*GET,SV,ELEM,1777,ETAB,SEQV
*VWRITE,EIDV,XV,YV,SV
(4(E24.16,','))
EIDV=1778
*GET,XV,ELEM,1778,CENT,X
*GET,YV,ELEM,1778,CENT,Y
*GET,SV,ELEM,1778,ETAB,SEQV
*VWRITE,EIDV,XV,YV,SV
(4(E24.16,','))
EIDV=1779
*GET,XV,ELEM,1779,CENT,X
*GET,YV,ELEM,1779,CENT,Y
*GET,SV,ELEM,1779,ETAB,SEQV
*VWRITE,EIDV,XV,YV,SV
(4(E24.16,','))
EIDV=1780
*GET,XV,ELEM,1780,CENT,X
*GET,YV,ELEM,1780,CENT,Y
*GET,SV,ELEM,1780,ETAB,SEQV
*VWRITE,EIDV,XV,YV,SV
(4(E24.16,','))
EIDV=1781
*GET,XV,ELEM,1781,CENT,X
*GET,YV,ELEM,1781,CENT,Y
*GET,SV,ELEM,1781,ETAB,SEQV
*VWRITE,EIDV,XV,YV,SV
(4(E24.16,','))
EIDV=1782
*GET,XV,ELEM,1782,CENT,X
*GET,YV,ELEM,1782,CENT,Y
*GET,SV,ELEM,1782,ETAB,SEQV
*VWRITE,EIDV,XV,YV,SV
(4(E24.16,','))
EIDV=1783
*GET,XV,ELEM,1783,CENT,X
*GET,YV,ELEM,1783,CENT,Y
*GET,SV,ELEM,1783,ETAB,SEQV
*VWRITE,EIDV,XV,YV,SV
(4(E24.16,','))
EIDV=1784
*GET,XV,ELEM,1784,CENT,X
*GET,YV,ELEM,1784,CENT,Y
*GET,SV,ELEM,1784,ETAB,SEQV
*VWRITE,EIDV,XV,YV,SV
(4(E24.16,','))
EIDV=1785
*GET,XV,ELEM,1785,CENT,X
*GET,YV,ELEM,1785,CENT,Y
*GET,SV,ELEM,1785,ETAB,SEQV
*VWRITE,EIDV,XV,YV,SV
(4(E24.16,','))
EIDV=1786
*GET,XV,ELEM,1786,CENT,X
*GET,YV,ELEM,1786,CENT,Y
*GET,SV,ELEM,1786,ETAB,SEQV
*VWRITE,EIDV,XV,YV,SV
(4(E24.16,','))
EIDV=1787
*GET,XV,ELEM,1787,CENT,X
*GET,YV,ELEM,1787,CENT,Y
*GET,SV,ELEM,1787,ETAB,SEQV
*VWRITE,EIDV,XV,YV,SV
(4(E24.16,','))
EIDV=1788
*GET,XV,ELEM,1788,CENT,X
*GET,YV,ELEM,1788,CENT,Y
*GET,SV,ELEM,1788,ETAB,SEQV
*VWRITE,EIDV,XV,YV,SV
(4(E24.16,','))
EIDV=1789
*GET,XV,ELEM,1789,CENT,X
*GET,YV,ELEM,1789,CENT,Y
*GET,SV,ELEM,1789,ETAB,SEQV
*VWRITE,EIDV,XV,YV,SV
(4(E24.16,','))
EIDV=1790
*GET,XV,ELEM,1790,CENT,X
*GET,YV,ELEM,1790,CENT,Y
*GET,SV,ELEM,1790,ETAB,SEQV
*VWRITE,EIDV,XV,YV,SV
(4(E24.16,','))
EIDV=1791
*GET,XV,ELEM,1791,CENT,X
*GET,YV,ELEM,1791,CENT,Y
*GET,SV,ELEM,1791,ETAB,SEQV
*VWRITE,EIDV,XV,YV,SV
(4(E24.16,','))
EIDV=1792
*GET,XV,ELEM,1792,CENT,X
*GET,YV,ELEM,1792,CENT,Y
*GET,SV,ELEM,1792,ETAB,SEQV
*VWRITE,EIDV,XV,YV,SV
(4(E24.16,','))
EIDV=1793
*GET,XV,ELEM,1793,CENT,X
*GET,YV,ELEM,1793,CENT,Y
*GET,SV,ELEM,1793,ETAB,SEQV
*VWRITE,EIDV,XV,YV,SV
(4(E24.16,','))
EIDV=1794
*GET,XV,ELEM,1794,CENT,X
*GET,YV,ELEM,1794,CENT,Y
*GET,SV,ELEM,1794,ETAB,SEQV
*VWRITE,EIDV,XV,YV,SV
(4(E24.16,','))
EIDV=1795
*GET,XV,ELEM,1795,CENT,X
*GET,YV,ELEM,1795,CENT,Y
*GET,SV,ELEM,1795,ETAB,SEQV
*VWRITE,EIDV,XV,YV,SV
(4(E24.16,','))
EIDV=1796
*GET,XV,ELEM,1796,CENT,X
*GET,YV,ELEM,1796,CENT,Y
*GET,SV,ELEM,1796,ETAB,SEQV
*VWRITE,EIDV,XV,YV,SV
(4(E24.16,','))
EIDV=1797
*GET,XV,ELEM,1797,CENT,X
*GET,YV,ELEM,1797,CENT,Y
*GET,SV,ELEM,1797,ETAB,SEQV
*VWRITE,EIDV,XV,YV,SV
(4(E24.16,','))
EIDV=1798
*GET,XV,ELEM,1798,CENT,X
*GET,YV,ELEM,1798,CENT,Y
*GET,SV,ELEM,1798,ETAB,SEQV
*VWRITE,EIDV,XV,YV,SV
(4(E24.16,','))
EIDV=1799
*GET,XV,ELEM,1799,CENT,X
*GET,YV,ELEM,1799,CENT,Y
*GET,SV,ELEM,1799,ETAB,SEQV
*VWRITE,EIDV,XV,YV,SV
(4(E24.16,','))
EIDV=1800
*GET,XV,ELEM,1800,CENT,X
*GET,YV,ELEM,1800,CENT,Y
*GET,SV,ELEM,1800,ETAB,SEQV
*VWRITE,EIDV,XV,YV,SV
(4(E24.16,','))
EIDV=1801
*GET,XV,ELEM,1801,CENT,X
*GET,YV,ELEM,1801,CENT,Y
*GET,SV,ELEM,1801,ETAB,SEQV
*VWRITE,EIDV,XV,YV,SV
(4(E24.16,','))
EIDV=1802
*GET,XV,ELEM,1802,CENT,X
*GET,YV,ELEM,1802,CENT,Y
*GET,SV,ELEM,1802,ETAB,SEQV
*VWRITE,EIDV,XV,YV,SV
(4(E24.16,','))
EIDV=1803
*GET,XV,ELEM,1803,CENT,X
*GET,YV,ELEM,1803,CENT,Y
*GET,SV,ELEM,1803,ETAB,SEQV
*VWRITE,EIDV,XV,YV,SV
(4(E24.16,','))
EIDV=1804
*GET,XV,ELEM,1804,CENT,X
*GET,YV,ELEM,1804,CENT,Y
*GET,SV,ELEM,1804,ETAB,SEQV
*VWRITE,EIDV,XV,YV,SV
(4(E24.16,','))
EIDV=1805
*GET,XV,ELEM,1805,CENT,X
*GET,YV,ELEM,1805,CENT,Y
*GET,SV,ELEM,1805,ETAB,SEQV
*VWRITE,EIDV,XV,YV,SV
(4(E24.16,','))
EIDV=1806
*GET,XV,ELEM,1806,CENT,X
*GET,YV,ELEM,1806,CENT,Y
*GET,SV,ELEM,1806,ETAB,SEQV
*VWRITE,EIDV,XV,YV,SV
(4(E24.16,','))
EIDV=1807
*GET,XV,ELEM,1807,CENT,X
*GET,YV,ELEM,1807,CENT,Y
*GET,SV,ELEM,1807,ETAB,SEQV
*VWRITE,EIDV,XV,YV,SV
(4(E24.16,','))
EIDV=1808
*GET,XV,ELEM,1808,CENT,X
*GET,YV,ELEM,1808,CENT,Y
*GET,SV,ELEM,1808,ETAB,SEQV
*VWRITE,EIDV,XV,YV,SV
(4(E24.16,','))
EIDV=1809
*GET,XV,ELEM,1809,CENT,X
*GET,YV,ELEM,1809,CENT,Y
*GET,SV,ELEM,1809,ETAB,SEQV
*VWRITE,EIDV,XV,YV,SV
(4(E24.16,','))
EIDV=1810
*GET,XV,ELEM,1810,CENT,X
*GET,YV,ELEM,1810,CENT,Y
*GET,SV,ELEM,1810,ETAB,SEQV
*VWRITE,EIDV,XV,YV,SV
(4(E24.16,','))
EIDV=1811
*GET,XV,ELEM,1811,CENT,X
*GET,YV,ELEM,1811,CENT,Y
*GET,SV,ELEM,1811,ETAB,SEQV
*VWRITE,EIDV,XV,YV,SV
(4(E24.16,','))
EIDV=1812
*GET,XV,ELEM,1812,CENT,X
*GET,YV,ELEM,1812,CENT,Y
*GET,SV,ELEM,1812,ETAB,SEQV
*VWRITE,EIDV,XV,YV,SV
(4(E24.16,','))
EIDV=1813
*GET,XV,ELEM,1813,CENT,X
*GET,YV,ELEM,1813,CENT,Y
*GET,SV,ELEM,1813,ETAB,SEQV
*VWRITE,EIDV,XV,YV,SV
(4(E24.16,','))
EIDV=1814
*GET,XV,ELEM,1814,CENT,X
*GET,YV,ELEM,1814,CENT,Y
*GET,SV,ELEM,1814,ETAB,SEQV
*VWRITE,EIDV,XV,YV,SV
(4(E24.16,','))
EIDV=1815
*GET,XV,ELEM,1815,CENT,X
*GET,YV,ELEM,1815,CENT,Y
*GET,SV,ELEM,1815,ETAB,SEQV
*VWRITE,EIDV,XV,YV,SV
(4(E24.16,','))
EIDV=1816
*GET,XV,ELEM,1816,CENT,X
*GET,YV,ELEM,1816,CENT,Y
*GET,SV,ELEM,1816,ETAB,SEQV
*VWRITE,EIDV,XV,YV,SV
(4(E24.16,','))
EIDV=1817
*GET,XV,ELEM,1817,CENT,X
*GET,YV,ELEM,1817,CENT,Y
*GET,SV,ELEM,1817,ETAB,SEQV
*VWRITE,EIDV,XV,YV,SV
(4(E24.16,','))
EIDV=1818
*GET,XV,ELEM,1818,CENT,X
*GET,YV,ELEM,1818,CENT,Y
*GET,SV,ELEM,1818,ETAB,SEQV
*VWRITE,EIDV,XV,YV,SV
(4(E24.16,','))
EIDV=1819
*GET,XV,ELEM,1819,CENT,X
*GET,YV,ELEM,1819,CENT,Y
*GET,SV,ELEM,1819,ETAB,SEQV
*VWRITE,EIDV,XV,YV,SV
(4(E24.16,','))
EIDV=1820
*GET,XV,ELEM,1820,CENT,X
*GET,YV,ELEM,1820,CENT,Y
*GET,SV,ELEM,1820,ETAB,SEQV
*VWRITE,EIDV,XV,YV,SV
(4(E24.16,','))
EIDV=1821
*GET,XV,ELEM,1821,CENT,X
*GET,YV,ELEM,1821,CENT,Y
*GET,SV,ELEM,1821,ETAB,SEQV
*VWRITE,EIDV,XV,YV,SV
(4(E24.16,','))
EIDV=1822
*GET,XV,ELEM,1822,CENT,X
*GET,YV,ELEM,1822,CENT,Y
*GET,SV,ELEM,1822,ETAB,SEQV
*VWRITE,EIDV,XV,YV,SV
(4(E24.16,','))
EIDV=1823
*GET,XV,ELEM,1823,CENT,X
*GET,YV,ELEM,1823,CENT,Y
*GET,SV,ELEM,1823,ETAB,SEQV
*VWRITE,EIDV,XV,YV,SV
(4(E24.16,','))
EIDV=1824
*GET,XV,ELEM,1824,CENT,X
*GET,YV,ELEM,1824,CENT,Y
*GET,SV,ELEM,1824,ETAB,SEQV
*VWRITE,EIDV,XV,YV,SV
(4(E24.16,','))
EIDV=1825
*GET,XV,ELEM,1825,CENT,X
*GET,YV,ELEM,1825,CENT,Y
*GET,SV,ELEM,1825,ETAB,SEQV
*VWRITE,EIDV,XV,YV,SV
(4(E24.16,','))
EIDV=1826
*GET,XV,ELEM,1826,CENT,X
*GET,YV,ELEM,1826,CENT,Y
*GET,SV,ELEM,1826,ETAB,SEQV
*VWRITE,EIDV,XV,YV,SV
(4(E24.16,','))
EIDV=1827
*GET,XV,ELEM,1827,CENT,X
*GET,YV,ELEM,1827,CENT,Y
*GET,SV,ELEM,1827,ETAB,SEQV
*VWRITE,EIDV,XV,YV,SV
(4(E24.16,','))
EIDV=1828
*GET,XV,ELEM,1828,CENT,X
*GET,YV,ELEM,1828,CENT,Y
*GET,SV,ELEM,1828,ETAB,SEQV
*VWRITE,EIDV,XV,YV,SV
(4(E24.16,','))
EIDV=1829
*GET,XV,ELEM,1829,CENT,X
*GET,YV,ELEM,1829,CENT,Y
*GET,SV,ELEM,1829,ETAB,SEQV
*VWRITE,EIDV,XV,YV,SV
(4(E24.16,','))
EIDV=1830
*GET,XV,ELEM,1830,CENT,X
*GET,YV,ELEM,1830,CENT,Y
*GET,SV,ELEM,1830,ETAB,SEQV
*VWRITE,EIDV,XV,YV,SV
(4(E24.16,','))
EIDV=1831
*GET,XV,ELEM,1831,CENT,X
*GET,YV,ELEM,1831,CENT,Y
*GET,SV,ELEM,1831,ETAB,SEQV
*VWRITE,EIDV,XV,YV,SV
(4(E24.16,','))
EIDV=1832
*GET,XV,ELEM,1832,CENT,X
*GET,YV,ELEM,1832,CENT,Y
*GET,SV,ELEM,1832,ETAB,SEQV
*VWRITE,EIDV,XV,YV,SV
(4(E24.16,','))
EIDV=1833
*GET,XV,ELEM,1833,CENT,X
*GET,YV,ELEM,1833,CENT,Y
*GET,SV,ELEM,1833,ETAB,SEQV
*VWRITE,EIDV,XV,YV,SV
(4(E24.16,','))
EIDV=1834
*GET,XV,ELEM,1834,CENT,X
*GET,YV,ELEM,1834,CENT,Y
*GET,SV,ELEM,1834,ETAB,SEQV
*VWRITE,EIDV,XV,YV,SV
(4(E24.16,','))
EIDV=1835
*GET,XV,ELEM,1835,CENT,X
*GET,YV,ELEM,1835,CENT,Y
*GET,SV,ELEM,1835,ETAB,SEQV
*VWRITE,EIDV,XV,YV,SV
(4(E24.16,','))
EIDV=1836
*GET,XV,ELEM,1836,CENT,X
*GET,YV,ELEM,1836,CENT,Y
*GET,SV,ELEM,1836,ETAB,SEQV
*VWRITE,EIDV,XV,YV,SV
(4(E24.16,','))
EIDV=1837
*GET,XV,ELEM,1837,CENT,X
*GET,YV,ELEM,1837,CENT,Y
*GET,SV,ELEM,1837,ETAB,SEQV
*VWRITE,EIDV,XV,YV,SV
(4(E24.16,','))
EIDV=1838
*GET,XV,ELEM,1838,CENT,X
*GET,YV,ELEM,1838,CENT,Y
*GET,SV,ELEM,1838,ETAB,SEQV
*VWRITE,EIDV,XV,YV,SV
(4(E24.16,','))
EIDV=1839
*GET,XV,ELEM,1839,CENT,X
*GET,YV,ELEM,1839,CENT,Y
*GET,SV,ELEM,1839,ETAB,SEQV
*VWRITE,EIDV,XV,YV,SV
(4(E24.16,','))
EIDV=1840
*GET,XV,ELEM,1840,CENT,X
*GET,YV,ELEM,1840,CENT,Y
*GET,SV,ELEM,1840,ETAB,SEQV
*VWRITE,EIDV,XV,YV,SV
(4(E24.16,','))
EIDV=1841
*GET,XV,ELEM,1841,CENT,X
*GET,YV,ELEM,1841,CENT,Y
*GET,SV,ELEM,1841,ETAB,SEQV
*VWRITE,EIDV,XV,YV,SV
(4(E24.16,','))
EIDV=1842
*GET,XV,ELEM,1842,CENT,X
*GET,YV,ELEM,1842,CENT,Y
*GET,SV,ELEM,1842,ETAB,SEQV
*VWRITE,EIDV,XV,YV,SV
(4(E24.16,','))
EIDV=1843
*GET,XV,ELEM,1843,CENT,X
*GET,YV,ELEM,1843,CENT,Y
*GET,SV,ELEM,1843,ETAB,SEQV
*VWRITE,EIDV,XV,YV,SV
(4(E24.16,','))
EIDV=1844
*GET,XV,ELEM,1844,CENT,X
*GET,YV,ELEM,1844,CENT,Y
*GET,SV,ELEM,1844,ETAB,SEQV
*VWRITE,EIDV,XV,YV,SV
(4(E24.16,','))
EIDV=1845
*GET,XV,ELEM,1845,CENT,X
*GET,YV,ELEM,1845,CENT,Y
*GET,SV,ELEM,1845,ETAB,SEQV
*VWRITE,EIDV,XV,YV,SV
(4(E24.16,','))
EIDV=1846
*GET,XV,ELEM,1846,CENT,X
*GET,YV,ELEM,1846,CENT,Y
*GET,SV,ELEM,1846,ETAB,SEQV
*VWRITE,EIDV,XV,YV,SV
(4(E24.16,','))
EIDV=1847
*GET,XV,ELEM,1847,CENT,X
*GET,YV,ELEM,1847,CENT,Y
*GET,SV,ELEM,1847,ETAB,SEQV
*VWRITE,EIDV,XV,YV,SV
(4(E24.16,','))
EIDV=1848
*GET,XV,ELEM,1848,CENT,X
*GET,YV,ELEM,1848,CENT,Y
*GET,SV,ELEM,1848,ETAB,SEQV
*VWRITE,EIDV,XV,YV,SV
(4(E24.16,','))
EIDV=1849
*GET,XV,ELEM,1849,CENT,X
*GET,YV,ELEM,1849,CENT,Y
*GET,SV,ELEM,1849,ETAB,SEQV
*VWRITE,EIDV,XV,YV,SV
(4(E24.16,','))
EIDV=1850
*GET,XV,ELEM,1850,CENT,X
*GET,YV,ELEM,1850,CENT,Y
*GET,SV,ELEM,1850,ETAB,SEQV
*VWRITE,EIDV,XV,YV,SV
(4(E24.16,','))
EIDV=1851
*GET,XV,ELEM,1851,CENT,X
*GET,YV,ELEM,1851,CENT,Y
*GET,SV,ELEM,1851,ETAB,SEQV
*VWRITE,EIDV,XV,YV,SV
(4(E24.16,','))
EIDV=1852
*GET,XV,ELEM,1852,CENT,X
*GET,YV,ELEM,1852,CENT,Y
*GET,SV,ELEM,1852,ETAB,SEQV
*VWRITE,EIDV,XV,YV,SV
(4(E24.16,','))
EIDV=1853
*GET,XV,ELEM,1853,CENT,X
*GET,YV,ELEM,1853,CENT,Y
*GET,SV,ELEM,1853,ETAB,SEQV
*VWRITE,EIDV,XV,YV,SV
(4(E24.16,','))
EIDV=1854
*GET,XV,ELEM,1854,CENT,X
*GET,YV,ELEM,1854,CENT,Y
*GET,SV,ELEM,1854,ETAB,SEQV
*VWRITE,EIDV,XV,YV,SV
(4(E24.16,','))
EIDV=1855
*GET,XV,ELEM,1855,CENT,X
*GET,YV,ELEM,1855,CENT,Y
*GET,SV,ELEM,1855,ETAB,SEQV
*VWRITE,EIDV,XV,YV,SV
(4(E24.16,','))
EIDV=1856
*GET,XV,ELEM,1856,CENT,X
*GET,YV,ELEM,1856,CENT,Y
*GET,SV,ELEM,1856,ETAB,SEQV
*VWRITE,EIDV,XV,YV,SV
(4(E24.16,','))
EIDV=1857
*GET,XV,ELEM,1857,CENT,X
*GET,YV,ELEM,1857,CENT,Y
*GET,SV,ELEM,1857,ETAB,SEQV
*VWRITE,EIDV,XV,YV,SV
(4(E24.16,','))
EIDV=1858
*GET,XV,ELEM,1858,CENT,X
*GET,YV,ELEM,1858,CENT,Y
*GET,SV,ELEM,1858,ETAB,SEQV
*VWRITE,EIDV,XV,YV,SV
(4(E24.16,','))
EIDV=1859
*GET,XV,ELEM,1859,CENT,X
*GET,YV,ELEM,1859,CENT,Y
*GET,SV,ELEM,1859,ETAB,SEQV
*VWRITE,EIDV,XV,YV,SV
(4(E24.16,','))
EIDV=1860
*GET,XV,ELEM,1860,CENT,X
*GET,YV,ELEM,1860,CENT,Y
*GET,SV,ELEM,1860,ETAB,SEQV
*VWRITE,EIDV,XV,YV,SV
(4(E24.16,','))
EIDV=1861
*GET,XV,ELEM,1861,CENT,X
*GET,YV,ELEM,1861,CENT,Y
*GET,SV,ELEM,1861,ETAB,SEQV
*VWRITE,EIDV,XV,YV,SV
(4(E24.16,','))
EIDV=1862
*GET,XV,ELEM,1862,CENT,X
*GET,YV,ELEM,1862,CENT,Y
*GET,SV,ELEM,1862,ETAB,SEQV
*VWRITE,EIDV,XV,YV,SV
(4(E24.16,','))
EIDV=1863
*GET,XV,ELEM,1863,CENT,X
*GET,YV,ELEM,1863,CENT,Y
*GET,SV,ELEM,1863,ETAB,SEQV
*VWRITE,EIDV,XV,YV,SV
(4(E24.16,','))
EIDV=1864
*GET,XV,ELEM,1864,CENT,X
*GET,YV,ELEM,1864,CENT,Y
*GET,SV,ELEM,1864,ETAB,SEQV
*VWRITE,EIDV,XV,YV,SV
(4(E24.16,','))
EIDV=1865
*GET,XV,ELEM,1865,CENT,X
*GET,YV,ELEM,1865,CENT,Y
*GET,SV,ELEM,1865,ETAB,SEQV
*VWRITE,EIDV,XV,YV,SV
(4(E24.16,','))
EIDV=1866
*GET,XV,ELEM,1866,CENT,X
*GET,YV,ELEM,1866,CENT,Y
*GET,SV,ELEM,1866,ETAB,SEQV
*VWRITE,EIDV,XV,YV,SV
(4(E24.16,','))
EIDV=1867
*GET,XV,ELEM,1867,CENT,X
*GET,YV,ELEM,1867,CENT,Y
*GET,SV,ELEM,1867,ETAB,SEQV
*VWRITE,EIDV,XV,YV,SV
(4(E24.16,','))
EIDV=1868
*GET,XV,ELEM,1868,CENT,X
*GET,YV,ELEM,1868,CENT,Y
*GET,SV,ELEM,1868,ETAB,SEQV
*VWRITE,EIDV,XV,YV,SV
(4(E24.16,','))
EIDV=1869
*GET,XV,ELEM,1869,CENT,X
*GET,YV,ELEM,1869,CENT,Y
*GET,SV,ELEM,1869,ETAB,SEQV
*VWRITE,EIDV,XV,YV,SV
(4(E24.16,','))
EIDV=1870
*GET,XV,ELEM,1870,CENT,X
*GET,YV,ELEM,1870,CENT,Y
*GET,SV,ELEM,1870,ETAB,SEQV
*VWRITE,EIDV,XV,YV,SV
(4(E24.16,','))
EIDV=1871
*GET,XV,ELEM,1871,CENT,X
*GET,YV,ELEM,1871,CENT,Y
*GET,SV,ELEM,1871,ETAB,SEQV
*VWRITE,EIDV,XV,YV,SV
(4(E24.16,','))
EIDV=1872
*GET,XV,ELEM,1872,CENT,X
*GET,YV,ELEM,1872,CENT,Y
*GET,SV,ELEM,1872,ETAB,SEQV
*VWRITE,EIDV,XV,YV,SV
(4(E24.16,','))
EIDV=1873
*GET,XV,ELEM,1873,CENT,X
*GET,YV,ELEM,1873,CENT,Y
*GET,SV,ELEM,1873,ETAB,SEQV
*VWRITE,EIDV,XV,YV,SV
(4(E24.16,','))
EIDV=1874
*GET,XV,ELEM,1874,CENT,X
*GET,YV,ELEM,1874,CENT,Y
*GET,SV,ELEM,1874,ETAB,SEQV
*VWRITE,EIDV,XV,YV,SV
(4(E24.16,','))
EIDV=1875
*GET,XV,ELEM,1875,CENT,X
*GET,YV,ELEM,1875,CENT,Y
*GET,SV,ELEM,1875,ETAB,SEQV
*VWRITE,EIDV,XV,YV,SV
(4(E24.16,','))
EIDV=1876
*GET,XV,ELEM,1876,CENT,X
*GET,YV,ELEM,1876,CENT,Y
*GET,SV,ELEM,1876,ETAB,SEQV
*VWRITE,EIDV,XV,YV,SV
(4(E24.16,','))
EIDV=1877
*GET,XV,ELEM,1877,CENT,X
*GET,YV,ELEM,1877,CENT,Y
*GET,SV,ELEM,1877,ETAB,SEQV
*VWRITE,EIDV,XV,YV,SV
(4(E24.16,','))
EIDV=1878
*GET,XV,ELEM,1878,CENT,X
*GET,YV,ELEM,1878,CENT,Y
*GET,SV,ELEM,1878,ETAB,SEQV
*VWRITE,EIDV,XV,YV,SV
(4(E24.16,','))
EIDV=1879
*GET,XV,ELEM,1879,CENT,X
*GET,YV,ELEM,1879,CENT,Y
*GET,SV,ELEM,1879,ETAB,SEQV
*VWRITE,EIDV,XV,YV,SV
(4(E24.16,','))
EIDV=1880
*GET,XV,ELEM,1880,CENT,X
*GET,YV,ELEM,1880,CENT,Y
*GET,SV,ELEM,1880,ETAB,SEQV
*VWRITE,EIDV,XV,YV,SV
(4(E24.16,','))
EIDV=1881
*GET,XV,ELEM,1881,CENT,X
*GET,YV,ELEM,1881,CENT,Y
*GET,SV,ELEM,1881,ETAB,SEQV
*VWRITE,EIDV,XV,YV,SV
(4(E24.16,','))
EIDV=1882
*GET,XV,ELEM,1882,CENT,X
*GET,YV,ELEM,1882,CENT,Y
*GET,SV,ELEM,1882,ETAB,SEQV
*VWRITE,EIDV,XV,YV,SV
(4(E24.16,','))
EIDV=1883
*GET,XV,ELEM,1883,CENT,X
*GET,YV,ELEM,1883,CENT,Y
*GET,SV,ELEM,1883,ETAB,SEQV
*VWRITE,EIDV,XV,YV,SV
(4(E24.16,','))
EIDV=1884
*GET,XV,ELEM,1884,CENT,X
*GET,YV,ELEM,1884,CENT,Y
*GET,SV,ELEM,1884,ETAB,SEQV
*VWRITE,EIDV,XV,YV,SV
(4(E24.16,','))
EIDV=1885
*GET,XV,ELEM,1885,CENT,X
*GET,YV,ELEM,1885,CENT,Y
*GET,SV,ELEM,1885,ETAB,SEQV
*VWRITE,EIDV,XV,YV,SV
(4(E24.16,','))
EIDV=1886
*GET,XV,ELEM,1886,CENT,X
*GET,YV,ELEM,1886,CENT,Y
*GET,SV,ELEM,1886,ETAB,SEQV
*VWRITE,EIDV,XV,YV,SV
(4(E24.16,','))
EIDV=1887
*GET,XV,ELEM,1887,CENT,X
*GET,YV,ELEM,1887,CENT,Y
*GET,SV,ELEM,1887,ETAB,SEQV
*VWRITE,EIDV,XV,YV,SV
(4(E24.16,','))
EIDV=1888
*GET,XV,ELEM,1888,CENT,X
*GET,YV,ELEM,1888,CENT,Y
*GET,SV,ELEM,1888,ETAB,SEQV
*VWRITE,EIDV,XV,YV,SV
(4(E24.16,','))
EIDV=1889
*GET,XV,ELEM,1889,CENT,X
*GET,YV,ELEM,1889,CENT,Y
*GET,SV,ELEM,1889,ETAB,SEQV
*VWRITE,EIDV,XV,YV,SV
(4(E24.16,','))
EIDV=1890
*GET,XV,ELEM,1890,CENT,X
*GET,YV,ELEM,1890,CENT,Y
*GET,SV,ELEM,1890,ETAB,SEQV
*VWRITE,EIDV,XV,YV,SV
(4(E24.16,','))
EIDV=1891
*GET,XV,ELEM,1891,CENT,X
*GET,YV,ELEM,1891,CENT,Y
*GET,SV,ELEM,1891,ETAB,SEQV
*VWRITE,EIDV,XV,YV,SV
(4(E24.16,','))
EIDV=1892
*GET,XV,ELEM,1892,CENT,X
*GET,YV,ELEM,1892,CENT,Y
*GET,SV,ELEM,1892,ETAB,SEQV
*VWRITE,EIDV,XV,YV,SV
(4(E24.16,','))
EIDV=1893
*GET,XV,ELEM,1893,CENT,X
*GET,YV,ELEM,1893,CENT,Y
*GET,SV,ELEM,1893,ETAB,SEQV
*VWRITE,EIDV,XV,YV,SV
(4(E24.16,','))
EIDV=1894
*GET,XV,ELEM,1894,CENT,X
*GET,YV,ELEM,1894,CENT,Y
*GET,SV,ELEM,1894,ETAB,SEQV
*VWRITE,EIDV,XV,YV,SV
(4(E24.16,','))
EIDV=1895
*GET,XV,ELEM,1895,CENT,X
*GET,YV,ELEM,1895,CENT,Y
*GET,SV,ELEM,1895,ETAB,SEQV
*VWRITE,EIDV,XV,YV,SV
(4(E24.16,','))
EIDV=1896
*GET,XV,ELEM,1896,CENT,X
*GET,YV,ELEM,1896,CENT,Y
*GET,SV,ELEM,1896,ETAB,SEQV
*VWRITE,EIDV,XV,YV,SV
(4(E24.16,','))
EIDV=1897
*GET,XV,ELEM,1897,CENT,X
*GET,YV,ELEM,1897,CENT,Y
*GET,SV,ELEM,1897,ETAB,SEQV
*VWRITE,EIDV,XV,YV,SV
(4(E24.16,','))
EIDV=1898
*GET,XV,ELEM,1898,CENT,X
*GET,YV,ELEM,1898,CENT,Y
*GET,SV,ELEM,1898,ETAB,SEQV
*VWRITE,EIDV,XV,YV,SV
(4(E24.16,','))
EIDV=1899
*GET,XV,ELEM,1899,CENT,X
*GET,YV,ELEM,1899,CENT,Y
*GET,SV,ELEM,1899,ETAB,SEQV
*VWRITE,EIDV,XV,YV,SV
(4(E24.16,','))
EIDV=1900
*GET,XV,ELEM,1900,CENT,X
*GET,YV,ELEM,1900,CENT,Y
*GET,SV,ELEM,1900,ETAB,SEQV
*VWRITE,EIDV,XV,YV,SV
(4(E24.16,','))
EIDV=1901
*GET,XV,ELEM,1901,CENT,X
*GET,YV,ELEM,1901,CENT,Y
*GET,SV,ELEM,1901,ETAB,SEQV
*VWRITE,EIDV,XV,YV,SV
(4(E24.16,','))
EIDV=1902
*GET,XV,ELEM,1902,CENT,X
*GET,YV,ELEM,1902,CENT,Y
*GET,SV,ELEM,1902,ETAB,SEQV
*VWRITE,EIDV,XV,YV,SV
(4(E24.16,','))
EIDV=1903
*GET,XV,ELEM,1903,CENT,X
*GET,YV,ELEM,1903,CENT,Y
*GET,SV,ELEM,1903,ETAB,SEQV
*VWRITE,EIDV,XV,YV,SV
(4(E24.16,','))
EIDV=1904
*GET,XV,ELEM,1904,CENT,X
*GET,YV,ELEM,1904,CENT,Y
*GET,SV,ELEM,1904,ETAB,SEQV
*VWRITE,EIDV,XV,YV,SV
(4(E24.16,','))
EIDV=1905
*GET,XV,ELEM,1905,CENT,X
*GET,YV,ELEM,1905,CENT,Y
*GET,SV,ELEM,1905,ETAB,SEQV
*VWRITE,EIDV,XV,YV,SV
(4(E24.16,','))
EIDV=1906
*GET,XV,ELEM,1906,CENT,X
*GET,YV,ELEM,1906,CENT,Y
*GET,SV,ELEM,1906,ETAB,SEQV
*VWRITE,EIDV,XV,YV,SV
(4(E24.16,','))
EIDV=1907
*GET,XV,ELEM,1907,CENT,X
*GET,YV,ELEM,1907,CENT,Y
*GET,SV,ELEM,1907,ETAB,SEQV
*VWRITE,EIDV,XV,YV,SV
(4(E24.16,','))
EIDV=1908
*GET,XV,ELEM,1908,CENT,X
*GET,YV,ELEM,1908,CENT,Y
*GET,SV,ELEM,1908,ETAB,SEQV
*VWRITE,EIDV,XV,YV,SV
(4(E24.16,','))
EIDV=1909
*GET,XV,ELEM,1909,CENT,X
*GET,YV,ELEM,1909,CENT,Y
*GET,SV,ELEM,1909,ETAB,SEQV
*VWRITE,EIDV,XV,YV,SV
(4(E24.16,','))
EIDV=1910
*GET,XV,ELEM,1910,CENT,X
*GET,YV,ELEM,1910,CENT,Y
*GET,SV,ELEM,1910,ETAB,SEQV
*VWRITE,EIDV,XV,YV,SV
(4(E24.16,','))
EIDV=1911
*GET,XV,ELEM,1911,CENT,X
*GET,YV,ELEM,1911,CENT,Y
*GET,SV,ELEM,1911,ETAB,SEQV
*VWRITE,EIDV,XV,YV,SV
(4(E24.16,','))
EIDV=1912
*GET,XV,ELEM,1912,CENT,X
*GET,YV,ELEM,1912,CENT,Y
*GET,SV,ELEM,1912,ETAB,SEQV
*VWRITE,EIDV,XV,YV,SV
(4(E24.16,','))
EIDV=1913
*GET,XV,ELEM,1913,CENT,X
*GET,YV,ELEM,1913,CENT,Y
*GET,SV,ELEM,1913,ETAB,SEQV
*VWRITE,EIDV,XV,YV,SV
(4(E24.16,','))
EIDV=1914
*GET,XV,ELEM,1914,CENT,X
*GET,YV,ELEM,1914,CENT,Y
*GET,SV,ELEM,1914,ETAB,SEQV
*VWRITE,EIDV,XV,YV,SV
(4(E24.16,','))
EIDV=1915
*GET,XV,ELEM,1915,CENT,X
*GET,YV,ELEM,1915,CENT,Y
*GET,SV,ELEM,1915,ETAB,SEQV
*VWRITE,EIDV,XV,YV,SV
(4(E24.16,','))
EIDV=1916
*GET,XV,ELEM,1916,CENT,X
*GET,YV,ELEM,1916,CENT,Y
*GET,SV,ELEM,1916,ETAB,SEQV
*VWRITE,EIDV,XV,YV,SV
(4(E24.16,','))
EIDV=1917
*GET,XV,ELEM,1917,CENT,X
*GET,YV,ELEM,1917,CENT,Y
*GET,SV,ELEM,1917,ETAB,SEQV
*VWRITE,EIDV,XV,YV,SV
(4(E24.16,','))
EIDV=1918
*GET,XV,ELEM,1918,CENT,X
*GET,YV,ELEM,1918,CENT,Y
*GET,SV,ELEM,1918,ETAB,SEQV
*VWRITE,EIDV,XV,YV,SV
(4(E24.16,','))
EIDV=1919
*GET,XV,ELEM,1919,CENT,X
*GET,YV,ELEM,1919,CENT,Y
*GET,SV,ELEM,1919,ETAB,SEQV
*VWRITE,EIDV,XV,YV,SV
(4(E24.16,','))
EIDV=1920
*GET,XV,ELEM,1920,CENT,X
*GET,YV,ELEM,1920,CENT,Y
*GET,SV,ELEM,1920,ETAB,SEQV
*VWRITE,EIDV,XV,YV,SV
(4(E24.16,','))
*CFCLOS
FINISH
/EXIT,NOSAVE
