claim_id,claim,manuscript_location,processed_data,record,value,unit,evidence_category,raw_export,raw_sha256,ansys_case,ansys_input,input_sha256,processed_sha256
Q0001,Center temperature and analytical error,"Abstract; §4.1; Conclusions; Tables 1, S5–S6",verification/thermal_verification.csv,1,21.892109254,°C,A genuine solver output / B calculation,simulation/verification/stage08_attempt_05/solver_center_temperature.csv,1078856cc7a7f16d819c52882dec3c5c4d4c29f8709618e64bd31af60dec3810,simulation/verification/stage08_attempt_05/case.json,simulation/verification/stage08_attempt_05/input.dat,ccb6a953586be190ee64eb261b5cc5c209298581f226aa28ebfbd301bef2198d,8ad7a3de225d0a0b06ef0edc56ecf0f802e49f806540c163403c49c6b4bfa23c
Q0002,Center temperature and analytical error,"Abstract; §4.1; Conclusions; Tables 1, S5–S6",verification/thermal_verification.csv,2,27.631062216,°C,A genuine solver output / B calculation,simulation/verification/stage08_attempt_05/solver_center_temperature.csv,1078856cc7a7f16d819c52882dec3c5c4d4c29f8709618e64bd31af60dec3810,simulation/verification/stage08_attempt_05/case.json,simulation/verification/stage08_attempt_05/input.dat,ccb6a953586be190ee64eb261b5cc5c209298581f226aa28ebfbd301bef2198d,8ad7a3de225d0a0b06ef0edc56ecf0f802e49f806540c163403c49c6b4bfa23c
Q0003,Center temperature and analytical error,"Abstract; §4.1; Conclusions; Tables 1, S5–S6",verification/thermal_verification.csv,3,34.805348857,°C,A genuine solver output / B calculation,simulation/verification/stage08_attempt_05/solver_center_temperature.csv,1078856cc7a7f16d819c52882dec3c5c4d4c29f8709618e64bd31af60dec3810,simulation/verification/stage08_attempt_05/case.json,simulation/verification/stage08_attempt_05/input.dat,ccb6a953586be190ee64eb261b5cc5c209298581f226aa28ebfbd301bef2198d,8ad7a3de225d0a0b06ef0edc56ecf0f802e49f806540c163403c49c6b4bfa23c
Q0004,Center temperature and analytical error,"Abstract; §4.1; Conclusions; Tables 1, S5–S6",verification/thermal_verification.csv,4,41.003870402,°C,A genuine solver output / B calculation,simulation/verification/stage08_attempt_05/solver_center_temperature.csv,1078856cc7a7f16d819c52882dec3c5c4d4c29f8709618e64bd31af60dec3810,simulation/verification/stage08_attempt_05/case.json,simulation/verification/stage08_attempt_05/input.dat,ccb6a953586be190ee64eb261b5cc5c209298581f226aa28ebfbd301bef2198d,8ad7a3de225d0a0b06ef0edc56ecf0f802e49f806540c163403c49c6b4bfa23c
Q0005,Center temperature and analytical error,"Abstract; §4.1; Conclusions; Tables 1, S5–S6",verification/thermal_verification.csv,5,50.967098637,°C,A genuine solver output / B calculation,simulation/verification/stage08_attempt_05/solver_center_temperature.csv,1078856cc7a7f16d819c52882dec3c5c4d4c29f8709618e64bd31af60dec3810,simulation/verification/stage08_attempt_05/case.json,simulation/verification/stage08_attempt_05/input.dat,ccb6a953586be190ee64eb261b5cc5c209298581f226aa28ebfbd301bef2198d,8ad7a3de225d0a0b06ef0edc56ecf0f802e49f806540c163403c49c6b4bfa23c
Q0006,Center temperature and analytical error,"Abstract; §4.1; Conclusions; Tables 1, S5–S6",verification/thermal_verification.csv,6,53.056900023,°C,A genuine solver output / B calculation,simulation/verification/stage08_attempt_05/solver_center_temperature.csv,1078856cc7a7f16d819c52882dec3c5c4d4c29f8709618e64bd31af60dec3810,simulation/verification/stage08_attempt_05/case.json,simulation/verification/stage08_attempt_05/input.dat,ccb6a953586be190ee64eb261b5cc5c209298581f226aa28ebfbd301bef2198d,8ad7a3de225d0a0b06ef0edc56ecf0f802e49f806540c163403c49c6b4bfa23c
Q0007,Center temperature and analytical error,"Abstract; §4.1; Conclusions; Tables 1, S5–S6",verification/thermal_verification.csv,7,50.753732030,°C,A genuine solver output / B calculation,simulation/verification/stage08_attempt_05/solver_center_temperature.csv,1078856cc7a7f16d819c52882dec3c5c4d4c29f8709618e64bd31af60dec3810,simulation/verification/stage08_attempt_05/case.json,simulation/verification/stage08_attempt_05/input.dat,ccb6a953586be190ee64eb261b5cc5c209298581f226aa28ebfbd301bef2198d,8ad7a3de225d0a0b06ef0edc56ecf0f802e49f806540c163403c49c6b4bfa23c
Q0008,Center temperature and analytical error,"Abstract; §4.1; Conclusions; Tables 1, S5–S6",verification/thermal_verification.csv,8,42.903452036,°C,A genuine solver output / B calculation,simulation/verification/stage08_attempt_05/solver_center_temperature.csv,1078856cc7a7f16d819c52882dec3c5c4d4c29f8709618e64bd31af60dec3810,simulation/verification/stage08_attempt_05/case.json,simulation/verification/stage08_attempt_05/input.dat,ccb6a953586be190ee64eb261b5cc5c209298581f226aa28ebfbd301bef2198d,8ad7a3de225d0a0b06ef0edc56ecf0f802e49f806540c163403c49c6b4bfa23c
Q0009,Center temperature and analytical error,"Abstract; §4.1; Conclusions; Tables 1, S5–S6",verification/thermal_verification.csv,9,37.051786082,°C,A genuine solver output / B calculation,simulation/verification/stage08_attempt_05/solver_center_temperature.csv,1078856cc7a7f16d819c52882dec3c5c4d4c29f8709618e64bd31af60dec3810,simulation/verification/stage08_attempt_05/case.json,simulation/verification/stage08_attempt_05/input.dat,ccb6a953586be190ee64eb261b5cc5c209298581f226aa28ebfbd301bef2198d,8ad7a3de225d0a0b06ef0edc56ecf0f802e49f806540c163403c49c6b4bfa23c
Q0010,free ux_mm versus analytical reference,"Abstract; §4.1; Conclusions; Tables 1, S5–S6",verification/structural_verification.csv,1,0.0010000000000003,ux_mm,A genuine solver output / B calculation,simulation/verification/stage09_free_01/values.csv,b5a9c97d1b3431fa474db4ccabd42908c6a700a4d663eacd37c3e55236621098,simulation/verification/stage09_free_01/case.json,simulation/verification/stage09_free_01/input.dat,263ccc9bef5f64325cd6915dd93f5d400c402982e5325b50c8414e93ce511d49,9518bb3f499cae06bea531da673bdaa1f7759e78ac0c38d15e6293189418eb68
Q0011,free uy_mm versus analytical reference,"Abstract; §4.1; Conclusions; Tables 1, S5–S6",verification/structural_verification.csv,2,0.00010000000000003,uy_mm,A genuine solver output / B calculation,simulation/verification/stage09_free_01/values.csv,b5a9c97d1b3431fa474db4ccabd42908c6a700a4d663eacd37c3e55236621098,simulation/verification/stage09_free_01/case.json,simulation/verification/stage09_free_01/input.dat,263ccc9bef5f64325cd6915dd93f5d400c402982e5325b50c8414e93ce511d49,9518bb3f499cae06bea531da673bdaa1f7759e78ac0c38d15e6293189418eb68
Q0012,free uz_mm versus analytical reference,"Abstract; §4.1; Conclusions; Tables 1, S5–S6",verification/structural_verification.csv,3,0.00010000000000003,uz_mm,A genuine solver output / B calculation,simulation/verification/stage09_free_01/values.csv,b5a9c97d1b3431fa474db4ccabd42908c6a700a4d663eacd37c3e55236621098,simulation/verification/stage09_free_01/case.json,simulation/verification/stage09_free_01/input.dat,263ccc9bef5f64325cd6915dd93f5d400c402982e5325b50c8414e93ce511d49,9518bb3f499cae06bea531da673bdaa1f7759e78ac0c38d15e6293189418eb68
Q0013,free stress_x_MPa versus analytical reference,"Abstract; §4.1; Conclusions; Tables 1, S5–S6",verification/structural_verification.csv,4,1.15001011430394e-15,stress_x_MPa,A genuine solver output / B calculation,simulation/verification/stage09_free_01/values.csv,b5a9c97d1b3431fa474db4ccabd42908c6a700a4d663eacd37c3e55236621098,simulation/verification/stage09_free_01/case.json,simulation/verification/stage09_free_01/input.dat,263ccc9bef5f64325cd6915dd93f5d400c402982e5325b50c8414e93ce511d49,9518bb3f499cae06bea531da673bdaa1f7759e78ac0c38d15e6293189418eb68
Q0014,free reaction_x_N versus analytical reference,"Abstract; §4.1; Conclusions; Tables 1, S5–S6",verification/structural_verification.csv,5,-1.15001011684911e-15,reaction_x_N,A genuine solver output / B calculation,simulation/verification/stage09_free_01/values.csv,b5a9c97d1b3431fa474db4ccabd42908c6a700a4d663eacd37c3e55236621098,simulation/verification/stage09_free_01/case.json,simulation/verification/stage09_free_01/input.dat,263ccc9bef5f64325cd6915dd93f5d400c402982e5325b50c8414e93ce511d49,9518bb3f499cae06bea531da673bdaa1f7759e78ac0c38d15e6293189418eb68
Q0015,free ux_mm versus analytical reference,"Abstract; §4.1; Conclusions; Tables 1, S5–S6",verification/structural_verification.csv,6,0.00600000000000084,ux_mm,A genuine solver output / B calculation,simulation/verification/stage09_free_01/values.csv,b5a9c97d1b3431fa474db4ccabd42908c6a700a4d663eacd37c3e55236621098,simulation/verification/stage09_free_01/case.json,simulation/verification/stage09_free_01/input.dat,263ccc9bef5f64325cd6915dd93f5d400c402982e5325b50c8414e93ce511d49,9518bb3f499cae06bea531da673bdaa1f7759e78ac0c38d15e6293189418eb68
Q0016,free uy_mm versus analytical reference,"Abstract; §4.1; Conclusions; Tables 1, S5–S6",verification/structural_verification.csv,7,0.000600000000000079,uy_mm,A genuine solver output / B calculation,simulation/verification/stage09_free_01/values.csv,b5a9c97d1b3431fa474db4ccabd42908c6a700a4d663eacd37c3e55236621098,simulation/verification/stage09_free_01/case.json,simulation/verification/stage09_free_01/input.dat,263ccc9bef5f64325cd6915dd93f5d400c402982e5325b50c8414e93ce511d49,9518bb3f499cae06bea531da673bdaa1f7759e78ac0c38d15e6293189418eb68
Q0017,free uz_mm versus analytical reference,"Abstract; §4.1; Conclusions; Tables 1, S5–S6",verification/structural_verification.csv,8,0.000600000000000078,uz_mm,A genuine solver output / B calculation,simulation/verification/stage09_free_01/values.csv,b5a9c97d1b3431fa474db4ccabd42908c6a700a4d663eacd37c3e55236621098,simulation/verification/stage09_free_01/case.json,simulation/verification/stage09_free_01/input.dat,263ccc9bef5f64325cd6915dd93f5d400c402982e5325b50c8414e93ce511d49,9518bb3f499cae06bea531da673bdaa1f7759e78ac0c38d15e6293189418eb68
Q0018,free stress_x_MPa versus analytical reference,"Abstract; §4.1; Conclusions; Tables 1, S5–S6",verification/structural_verification.csv,9,6.91178884959509e-15,stress_x_MPa,A genuine solver output / B calculation,simulation/verification/stage09_free_01/values.csv,b5a9c97d1b3431fa474db4ccabd42908c6a700a4d663eacd37c3e55236621098,simulation/verification/stage09_free_01/case.json,simulation/verification/stage09_free_01/input.dat,263ccc9bef5f64325cd6915dd93f5d400c402982e5325b50c8414e93ce511d49,9518bb3f499cae06bea531da673bdaa1f7759e78ac0c38d15e6293189418eb68
Q0019,free reaction_x_N versus analytical reference,"Abstract; §4.1; Conclusions; Tables 1, S5–S6",verification/structural_verification.csv,10,-6.91178884959509e-15,reaction_x_N,A genuine solver output / B calculation,simulation/verification/stage09_free_01/values.csv,b5a9c97d1b3431fa474db4ccabd42908c6a700a4d663eacd37c3e55236621098,simulation/verification/stage09_free_01/case.json,simulation/verification/stage09_free_01/input.dat,263ccc9bef5f64325cd6915dd93f5d400c402982e5325b50c8414e93ce511d49,9518bb3f499cae06bea531da673bdaa1f7759e78ac0c38d15e6293189418eb68
Q0020,free ux_mm versus analytical reference,"Abstract; §4.1; Conclusions; Tables 1, S5–S6",verification/structural_verification.csv,11,0.0,ux_mm,A genuine solver output / B calculation,simulation/verification/stage09_free_01/values.csv,b5a9c97d1b3431fa474db4ccabd42908c6a700a4d663eacd37c3e55236621098,simulation/verification/stage09_free_01/case.json,simulation/verification/stage09_free_01/input.dat,263ccc9bef5f64325cd6915dd93f5d400c402982e5325b50c8414e93ce511d49,9518bb3f499cae06bea531da673bdaa1f7759e78ac0c38d15e6293189418eb68
Q0021,free uy_mm versus analytical reference,"Abstract; §4.1; Conclusions; Tables 1, S5–S6",verification/structural_verification.csv,12,0.0,uy_mm,A genuine solver output / B calculation,simulation/verification/stage09_free_01/values.csv,b5a9c97d1b3431fa474db4ccabd42908c6a700a4d663eacd37c3e55236621098,simulation/verification/stage09_free_01/case.json,simulation/verification/stage09_free_01/input.dat,263ccc9bef5f64325cd6915dd93f5d400c402982e5325b50c8414e93ce511d49,9518bb3f499cae06bea531da673bdaa1f7759e78ac0c38d15e6293189418eb68
Q0022,free uz_mm versus analytical reference,"Abstract; §4.1; Conclusions; Tables 1, S5–S6",verification/structural_verification.csv,13,0.0,uz_mm,A genuine solver output / B calculation,simulation/verification/stage09_free_01/values.csv,b5a9c97d1b3431fa474db4ccabd42908c6a700a4d663eacd37c3e55236621098,simulation/verification/stage09_free_01/case.json,simulation/verification/stage09_free_01/input.dat,263ccc9bef5f64325cd6915dd93f5d400c402982e5325b50c8414e93ce511d49,9518bb3f499cae06bea531da673bdaa1f7759e78ac0c38d15e6293189418eb68
Q0023,free stress_x_MPa versus analytical reference,"Abstract; §4.1; Conclusions; Tables 1, S5–S6",verification/structural_verification.csv,14,0.0,stress_x_MPa,A genuine solver output / B calculation,simulation/verification/stage09_free_01/values.csv,b5a9c97d1b3431fa474db4ccabd42908c6a700a4d663eacd37c3e55236621098,simulation/verification/stage09_free_01/case.json,simulation/verification/stage09_free_01/input.dat,263ccc9bef5f64325cd6915dd93f5d400c402982e5325b50c8414e93ce511d49,9518bb3f499cae06bea531da673bdaa1f7759e78ac0c38d15e6293189418eb68
Q0024,free reaction_x_N versus analytical reference,"Abstract; §4.1; Conclusions; Tables 1, S5–S6",verification/structural_verification.csv,15,0.0,reaction_x_N,A genuine solver output / B calculation,simulation/verification/stage09_free_01/values.csv,b5a9c97d1b3431fa474db4ccabd42908c6a700a4d663eacd37c3e55236621098,simulation/verification/stage09_free_01/case.json,simulation/verification/stage09_free_01/input.dat,263ccc9bef5f64325cd6915dd93f5d400c402982e5325b50c8414e93ce511d49,9518bb3f499cae06bea531da673bdaa1f7759e78ac0c38d15e6293189418eb68
Q0025,fixed ux_mm versus analytical reference,"Abstract; §4.1; Conclusions; Tables 1, S5–S6",verification/structural_verification.csv,16,0.0,ux_mm,A genuine solver output / B calculation,simulation/verification/stage09_fixed_01/values.csv,6e917271fa409696b8f4d1ad5419b49e1e12bacc5094108058cb2f67fb4e15d6,simulation/verification/stage09_fixed_01/case.json,simulation/verification/stage09_fixed_01/input.dat,9a6c3d4eda4a704bb114d71fa59d6f073fd15c691def48c9b28ae2dd43b1b3b2,9518bb3f499cae06bea531da673bdaa1f7759e78ac0c38d15e6293189418eb68
Q0026,fixed uy_mm versus analytical reference,"Abstract; §4.1; Conclusions; Tables 1, S5–S6",verification/structural_verification.csv,17,0.000130000000000039,uy_mm,A genuine solver output / B calculation,simulation/verification/stage09_fixed_01/values.csv,6e917271fa409696b8f4d1ad5419b49e1e12bacc5094108058cb2f67fb4e15d6,simulation/verification/stage09_fixed_01/case.json,simulation/verification/stage09_fixed_01/input.dat,9a6c3d4eda4a704bb114d71fa59d6f073fd15c691def48c9b28ae2dd43b1b3b2,9518bb3f499cae06bea531da673bdaa1f7759e78ac0c38d15e6293189418eb68
Q0027,fixed uz_mm versus analytical reference,"Abstract; §4.1; Conclusions; Tables 1, S5–S6",verification/structural_verification.csv,18,0.000130000000000039,uz_mm,A genuine solver output / B calculation,simulation/verification/stage09_fixed_01/values.csv,6e917271fa409696b8f4d1ad5419b49e1e12bacc5094108058cb2f67fb4e15d6,simulation/verification/stage09_fixed_01/case.json,simulation/verification/stage09_fixed_01/input.dat,9a6c3d4eda4a704bb114d71fa59d6f073fd15c691def48c9b28ae2dd43b1b3b2,9518bb3f499cae06bea531da673bdaa1f7759e78ac0c38d15e6293189418eb68
Q0028,fixed stress_x_MPa versus analytical reference,"Abstract; §4.1; Conclusions; Tables 1, S5–S6",verification/structural_verification.csv,19,-0.200000002980232,stress_x_MPa,A genuine solver output / B calculation,simulation/verification/stage09_fixed_01/values.csv,6e917271fa409696b8f4d1ad5419b49e1e12bacc5094108058cb2f67fb4e15d6,simulation/verification/stage09_fixed_01/case.json,simulation/verification/stage09_fixed_01/input.dat,9a6c3d4eda4a704bb114d71fa59d6f073fd15c691def48c9b28ae2dd43b1b3b2,9518bb3f499cae06bea531da673bdaa1f7759e78ac0c38d15e6293189418eb68
Q0029,fixed reaction_x_N versus analytical reference,"Abstract; §4.1; Conclusions; Tables 1, S5–S6",verification/structural_verification.csv,20,0.20000000000006,reaction_x_N,A genuine solver output / B calculation,simulation/verification/stage09_fixed_01/values.csv,6e917271fa409696b8f4d1ad5419b49e1e12bacc5094108058cb2f67fb4e15d6,simulation/verification/stage09_fixed_01/case.json,simulation/verification/stage09_fixed_01/input.dat,9a6c3d4eda4a704bb114d71fa59d6f073fd15c691def48c9b28ae2dd43b1b3b2,9518bb3f499cae06bea531da673bdaa1f7759e78ac0c38d15e6293189418eb68
Q0030,fixed ux_mm versus analytical reference,"Abstract; §4.1; Conclusions; Tables 1, S5–S6",verification/structural_verification.csv,21,0.0,ux_mm,A genuine solver output / B calculation,simulation/verification/stage09_fixed_01/values.csv,6e917271fa409696b8f4d1ad5419b49e1e12bacc5094108058cb2f67fb4e15d6,simulation/verification/stage09_fixed_01/case.json,simulation/verification/stage09_fixed_01/input.dat,9a6c3d4eda4a704bb114d71fa59d6f073fd15c691def48c9b28ae2dd43b1b3b2,9518bb3f499cae06bea531da673bdaa1f7759e78ac0c38d15e6293189418eb68
Q0031,fixed uy_mm versus analytical reference,"Abstract; §4.1; Conclusions; Tables 1, S5–S6",verification/structural_verification.csv,22,0.000780000000000105,uy_mm,A genuine solver output / B calculation,simulation/verification/stage09_fixed_01/values.csv,6e917271fa409696b8f4d1ad5419b49e1e12bacc5094108058cb2f67fb4e15d6,simulation/verification/stage09_fixed_01/case.json,simulation/verification/stage09_fixed_01/input.dat,9a6c3d4eda4a704bb114d71fa59d6f073fd15c691def48c9b28ae2dd43b1b3b2,9518bb3f499cae06bea531da673bdaa1f7759e78ac0c38d15e6293189418eb68
Q0032,fixed uz_mm versus analytical reference,"Abstract; §4.1; Conclusions; Tables 1, S5–S6",verification/structural_verification.csv,23,0.000780000000000104,uz_mm,A genuine solver output / B calculation,simulation/verification/stage09_fixed_01/values.csv,6e917271fa409696b8f4d1ad5419b49e1e12bacc5094108058cb2f67fb4e15d6,simulation/verification/stage09_fixed_01/case.json,simulation/verification/stage09_fixed_01/input.dat,9a6c3d4eda4a704bb114d71fa59d6f073fd15c691def48c9b28ae2dd43b1b3b2,9518bb3f499cae06bea531da673bdaa1f7759e78ac0c38d15e6293189418eb68
Q0033,fixed stress_x_MPa versus analytical reference,"Abstract; §4.1; Conclusions; Tables 1, S5–S6",verification/structural_verification.csv,24,-1.20000004768372,stress_x_MPa,A genuine solver output / B calculation,simulation/verification/stage09_fixed_01/values.csv,6e917271fa409696b8f4d1ad5419b49e1e12bacc5094108058cb2f67fb4e15d6,simulation/verification/stage09_fixed_01/case.json,simulation/verification/stage09_fixed_01/input.dat,9a6c3d4eda4a704bb114d71fa59d6f073fd15c691def48c9b28ae2dd43b1b3b2,9518bb3f499cae06bea531da673bdaa1f7759e78ac0c38d15e6293189418eb68
Q0034,fixed reaction_x_N versus analytical reference,"Abstract; §4.1; Conclusions; Tables 1, S5–S6",verification/structural_verification.csv,25,1.20000000000016,reaction_x_N,A genuine solver output / B calculation,simulation/verification/stage09_fixed_01/values.csv,6e917271fa409696b8f4d1ad5419b49e1e12bacc5094108058cb2f67fb4e15d6,simulation/verification/stage09_fixed_01/case.json,simulation/verification/stage09_fixed_01/input.dat,9a6c3d4eda4a704bb114d71fa59d6f073fd15c691def48c9b28ae2dd43b1b3b2,9518bb3f499cae06bea531da673bdaa1f7759e78ac0c38d15e6293189418eb68
Q0035,fixed ux_mm versus analytical reference,"Abstract; §4.1; Conclusions; Tables 1, S5–S6",verification/structural_verification.csv,26,0.0,ux_mm,A genuine solver output / B calculation,simulation/verification/stage09_fixed_01/values.csv,6e917271fa409696b8f4d1ad5419b49e1e12bacc5094108058cb2f67fb4e15d6,simulation/verification/stage09_fixed_01/case.json,simulation/verification/stage09_fixed_01/input.dat,9a6c3d4eda4a704bb114d71fa59d6f073fd15c691def48c9b28ae2dd43b1b3b2,9518bb3f499cae06bea531da673bdaa1f7759e78ac0c38d15e6293189418eb68
Q0036,fixed uy_mm versus analytical reference,"Abstract; §4.1; Conclusions; Tables 1, S5–S6",verification/structural_verification.csv,27,0.0,uy_mm,A genuine solver output / B calculation,simulation/verification/stage09_fixed_01/values.csv,6e917271fa409696b8f4d1ad5419b49e1e12bacc5094108058cb2f67fb4e15d6,simulation/verification/stage09_fixed_01/case.json,simulation/verification/stage09_fixed_01/input.dat,9a6c3d4eda4a704bb114d71fa59d6f073fd15c691def48c9b28ae2dd43b1b3b2,9518bb3f499cae06bea531da673bdaa1f7759e78ac0c38d15e6293189418eb68
Q0037,fixed uz_mm versus analytical reference,"Abstract; §4.1; Conclusions; Tables 1, S5–S6",verification/structural_verification.csv,28,0.0,uz_mm,A genuine solver output / B calculation,simulation/verification/stage09_fixed_01/values.csv,6e917271fa409696b8f4d1ad5419b49e1e12bacc5094108058cb2f67fb4e15d6,simulation/verification/stage09_fixed_01/case.json,simulation/verification/stage09_fixed_01/input.dat,9a6c3d4eda4a704bb114d71fa59d6f073fd15c691def48c9b28ae2dd43b1b3b2,9518bb3f499cae06bea531da673bdaa1f7759e78ac0c38d15e6293189418eb68
Q0038,fixed stress_x_MPa versus analytical reference,"Abstract; §4.1; Conclusions; Tables 1, S5–S6",verification/structural_verification.csv,29,0.0,stress_x_MPa,A genuine solver output / B calculation,simulation/verification/stage09_fixed_01/values.csv,6e917271fa409696b8f4d1ad5419b49e1e12bacc5094108058cb2f67fb4e15d6,simulation/verification/stage09_fixed_01/case.json,simulation/verification/stage09_fixed_01/input.dat,9a6c3d4eda4a704bb114d71fa59d6f073fd15c691def48c9b28ae2dd43b1b3b2,9518bb3f499cae06bea531da673bdaa1f7759e78ac0c38d15e6293189418eb68
Q0039,fixed reaction_x_N versus analytical reference,"Abstract; §4.1; Conclusions; Tables 1, S5–S6",verification/structural_verification.csv,30,0.0,reaction_x_N,A genuine solver output / B calculation,simulation/verification/stage09_fixed_01/values.csv,6e917271fa409696b8f4d1ad5419b49e1e12bacc5094108058cb2f67fb4e15d6,simulation/verification/stage09_fixed_01/case.json,simulation/verification/stage09_fixed_01/input.dat,9a6c3d4eda4a704bb114d71fa59d6f073fd15c691def48c9b28ae2dd43b1b3b2,9518bb3f499cae06bea531da673bdaa1f7759e78ac0c38d15e6293189418eb68
Q0040,eigen_free ux_mm versus analytical reference,"Abstract; §4.1; Conclusions; Tables 1, S5–S6",verification/structural_verification.csv,31,-0.00899999999999973,ux_mm,A genuine solver output / B calculation,simulation/verification/stage09_eigen_free_01/values.csv,8414eb0575e9cf17f63593d238543bdd356fa1033f2dba138f015e40e8e7cb39,simulation/verification/stage09_eigen_free_01/case.json,simulation/verification/stage09_eigen_free_01/input.dat,f2ee4cc78fa8b07af0d1c55a4de2928c9bc22477cf9ba552f72a3d4c47195a49,9518bb3f499cae06bea531da673bdaa1f7759e78ac0c38d15e6293189418eb68
Q0041,eigen_free uy_mm versus analytical reference,"Abstract; §4.1; Conclusions; Tables 1, S5–S6",verification/structural_verification.csv,32,-0.000899999999999968,uy_mm,A genuine solver output / B calculation,simulation/verification/stage09_eigen_free_01/values.csv,8414eb0575e9cf17f63593d238543bdd356fa1033f2dba138f015e40e8e7cb39,simulation/verification/stage09_eigen_free_01/case.json,simulation/verification/stage09_eigen_free_01/input.dat,f2ee4cc78fa8b07af0d1c55a4de2928c9bc22477cf9ba552f72a3d4c47195a49,9518bb3f499cae06bea531da673bdaa1f7759e78ac0c38d15e6293189418eb68
Q0042,eigen_free uz_mm versus analytical reference,"Abstract; §4.1; Conclusions; Tables 1, S5–S6",verification/structural_verification.csv,33,-0.00089999999999997,uz_mm,A genuine solver output / B calculation,simulation/verification/stage09_eigen_free_01/values.csv,8414eb0575e9cf17f63593d238543bdd356fa1033f2dba138f015e40e8e7cb39,simulation/verification/stage09_eigen_free_01/case.json,simulation/verification/stage09_eigen_free_01/input.dat,f2ee4cc78fa8b07af0d1c55a4de2928c9bc22477cf9ba552f72a3d4c47195a49,9518bb3f499cae06bea531da673bdaa1f7759e78ac0c38d15e6293189418eb68
Q0043,eigen_free stress_x_MPa versus analytical reference,"Abstract; §4.1; Conclusions; Tables 1, S5–S6",verification/structural_verification.csv,34,-7.88258352777816e-15,stress_x_MPa,A genuine solver output / B calculation,simulation/verification/stage09_eigen_free_01/values.csv,8414eb0575e9cf17f63593d238543bdd356fa1033f2dba138f015e40e8e7cb39,simulation/verification/stage09_eigen_free_01/case.json,simulation/verification/stage09_eigen_free_01/input.dat,f2ee4cc78fa8b07af0d1c55a4de2928c9bc22477cf9ba552f72a3d4c47195a49,9518bb3f499cae06bea531da673bdaa1f7759e78ac0c38d15e6293189418eb68
Q0044,eigen_free reaction_x_N versus analytical reference,"Abstract; §4.1; Conclusions; Tables 1, S5–S6",verification/structural_verification.csv,35,7.88258347483861e-15,reaction_x_N,A genuine solver output / B calculation,simulation/verification/stage09_eigen_free_01/values.csv,8414eb0575e9cf17f63593d238543bdd356fa1033f2dba138f015e40e8e7cb39,simulation/verification/stage09_eigen_free_01/case.json,simulation/verification/stage09_eigen_free_01/input.dat,f2ee4cc78fa8b07af0d1c55a4de2928c9bc22477cf9ba552f72a3d4c47195a49,9518bb3f499cae06bea531da673bdaa1f7759e78ac0c38d15e6293189418eb68
Q0045,eigen_free ux_mm versus analytical reference,"Abstract; §4.1; Conclusions; Tables 1, S5–S6",verification/structural_verification.csv,36,-0.00399999999999921,ux_mm,A genuine solver output / B calculation,simulation/verification/stage09_eigen_free_01/values.csv,8414eb0575e9cf17f63593d238543bdd356fa1033f2dba138f015e40e8e7cb39,simulation/verification/stage09_eigen_free_01/case.json,simulation/verification/stage09_eigen_free_01/input.dat,f2ee4cc78fa8b07af0d1c55a4de2928c9bc22477cf9ba552f72a3d4c47195a49,9518bb3f499cae06bea531da673bdaa1f7759e78ac0c38d15e6293189418eb68
Q0046,eigen_free uy_mm versus analytical reference,"Abstract; §4.1; Conclusions; Tables 1, S5–S6",verification/structural_verification.csv,37,-0.00039999999999992,uy_mm,A genuine solver output / B calculation,simulation/verification/stage09_eigen_free_01/values.csv,8414eb0575e9cf17f63593d238543bdd356fa1033f2dba138f015e40e8e7cb39,simulation/verification/stage09_eigen_free_01/case.json,simulation/verification/stage09_eigen_free_01/input.dat,f2ee4cc78fa8b07af0d1c55a4de2928c9bc22477cf9ba552f72a3d4c47195a49,9518bb3f499cae06bea531da673bdaa1f7759e78ac0c38d15e6293189418eb68
Q0047,eigen_free uz_mm versus analytical reference,"Abstract; §4.1; Conclusions; Tables 1, S5–S6",verification/structural_verification.csv,38,-0.000399999999999923,uz_mm,A genuine solver output / B calculation,simulation/verification/stage09_eigen_free_01/values.csv,8414eb0575e9cf17f63593d238543bdd356fa1033f2dba138f015e40e8e7cb39,simulation/verification/stage09_eigen_free_01/case.json,simulation/verification/stage09_eigen_free_01/input.dat,f2ee4cc78fa8b07af0d1c55a4de2928c9bc22477cf9ba552f72a3d4c47195a49,9518bb3f499cae06bea531da673bdaa1f7759e78ac0c38d15e6293189418eb68
Q0048,eigen_free stress_x_MPa versus analytical reference,"Abstract; §4.1; Conclusions; Tables 1, S5–S6",verification/structural_verification.csv,39,-3.10862453512489e-15,stress_x_MPa,A genuine solver output / B calculation,simulation/verification/stage09_eigen_free_01/values.csv,8414eb0575e9cf17f63593d238543bdd356fa1033f2dba138f015e40e8e7cb39,simulation/verification/stage09_eigen_free_01/case.json,simulation/verification/stage09_eigen_free_01/input.dat,f2ee4cc78fa8b07af0d1c55a4de2928c9bc22477cf9ba552f72a3d4c47195a49,9518bb3f499cae06bea531da673bdaa1f7759e78ac0c38d15e6293189418eb68
Q0049,eigen_free reaction_x_N versus analytical reference,"Abstract; §4.1; Conclusions; Tables 1, S5–S6",verification/structural_verification.csv,40,3.10862446895044e-15,reaction_x_N,A genuine solver output / B calculation,simulation/verification/stage09_eigen_free_01/values.csv,8414eb0575e9cf17f63593d238543bdd356fa1033f2dba138f015e40e8e7cb39,simulation/verification/stage09_eigen_free_01/case.json,simulation/verification/stage09_eigen_free_01/input.dat,f2ee4cc78fa8b07af0d1c55a4de2928c9bc22477cf9ba552f72a3d4c47195a49,9518bb3f499cae06bea531da673bdaa1f7759e78ac0c38d15e6293189418eb68
Q0050,eigen_free ux_mm versus analytical reference,"Abstract; §4.1; Conclusions; Tables 1, S5–S6",verification/structural_verification.csv,41,-0.0100000000000001,ux_mm,A genuine solver output / B calculation,simulation/verification/stage09_eigen_free_01/values.csv,8414eb0575e9cf17f63593d238543bdd356fa1033f2dba138f015e40e8e7cb39,simulation/verification/stage09_eigen_free_01/case.json,simulation/verification/stage09_eigen_free_01/input.dat,f2ee4cc78fa8b07af0d1c55a4de2928c9bc22477cf9ba552f72a3d4c47195a49,9518bb3f499cae06bea531da673bdaa1f7759e78ac0c38d15e6293189418eb68
Q0051,eigen_free uy_mm versus analytical reference,"Abstract; §4.1; Conclusions; Tables 1, S5–S6",verification/structural_verification.csv,42,-0.000999999999999998,uy_mm,A genuine solver output / B calculation,simulation/verification/stage09_eigen_free_01/values.csv,8414eb0575e9cf17f63593d238543bdd356fa1033f2dba138f015e40e8e7cb39,simulation/verification/stage09_eigen_free_01/case.json,simulation/verification/stage09_eigen_free_01/input.dat,f2ee4cc78fa8b07af0d1c55a4de2928c9bc22477cf9ba552f72a3d4c47195a49,9518bb3f499cae06bea531da673bdaa1f7759e78ac0c38d15e6293189418eb68
Q0052,eigen_free uz_mm versus analytical reference,"Abstract; §4.1; Conclusions; Tables 1, S5–S6",verification/structural_verification.csv,43,-0.001,uz_mm,A genuine solver output / B calculation,simulation/verification/stage09_eigen_free_01/values.csv,8414eb0575e9cf17f63593d238543bdd356fa1033f2dba138f015e40e8e7cb39,simulation/verification/stage09_eigen_free_01/case.json,simulation/verification/stage09_eigen_free_01/input.dat,f2ee4cc78fa8b07af0d1c55a4de2928c9bc22477cf9ba552f72a3d4c47195a49,9518bb3f499cae06bea531da673bdaa1f7759e78ac0c38d15e6293189418eb68
Q0053,eigen_free stress_x_MPa versus analytical reference,"Abstract; §4.1; Conclusions; Tables 1, S5–S6",verification/structural_verification.csv,44,-1.03250740760744e-14,stress_x_MPa,A genuine solver output / B calculation,simulation/verification/stage09_eigen_free_01/values.csv,8414eb0575e9cf17f63593d238543bdd356fa1033f2dba138f015e40e8e7cb39,simulation/verification/stage09_eigen_free_01/case.json,simulation/verification/stage09_eigen_free_01/input.dat,f2ee4cc78fa8b07af0d1c55a4de2928c9bc22477cf9ba552f72a3d4c47195a49,9518bb3f499cae06bea531da673bdaa1f7759e78ac0c38d15e6293189418eb68
Q0054,eigen_free reaction_x_N versus analytical reference,"Abstract; §4.1; Conclusions; Tables 1, S5–S6",verification/structural_verification.csv,45,1.0325074129014e-14,reaction_x_N,A genuine solver output / B calculation,simulation/verification/stage09_eigen_free_01/values.csv,8414eb0575e9cf17f63593d238543bdd356fa1033f2dba138f015e40e8e7cb39,simulation/verification/stage09_eigen_free_01/case.json,simulation/verification/stage09_eigen_free_01/input.dat,f2ee4cc78fa8b07af0d1c55a4de2928c9bc22477cf9ba552f72a3d4c47195a49,9518bb3f499cae06bea531da673bdaa1f7759e78ac0c38d15e6293189418eb68
Q0055,eigen_fixed ux_mm versus analytical reference,"Abstract; §4.1; Conclusions; Tables 1, S5–S6",verification/structural_verification.csv,46,0.0,ux_mm,A genuine solver output / B calculation,simulation/verification/stage09_eigen_fixed_01/values.csv,d22805c82296f02ee1daedfee1d6d60a7df110b53747b1bb40b39ac6443d5e57,simulation/verification/stage09_eigen_fixed_01/case.json,simulation/verification/stage09_eigen_fixed_01/input.dat,cd95e41c08b19c2cab9127caca37d28b5e96b4d5048376f5346c433d95a8becd,9518bb3f499cae06bea531da673bdaa1f7759e78ac0c38d15e6293189418eb68
Q0056,eigen_fixed uy_mm versus analytical reference,"Abstract; §4.1; Conclusions; Tables 1, S5–S6",verification/structural_verification.csv,47,-0.00116999999999996,uy_mm,A genuine solver output / B calculation,simulation/verification/stage09_eigen_fixed_01/values.csv,d22805c82296f02ee1daedfee1d6d60a7df110b53747b1bb40b39ac6443d5e57,simulation/verification/stage09_eigen_fixed_01/case.json,simulation/verification/stage09_eigen_fixed_01/input.dat,cd95e41c08b19c2cab9127caca37d28b5e96b4d5048376f5346c433d95a8becd,9518bb3f499cae06bea531da673bdaa1f7759e78ac0c38d15e6293189418eb68
Q0057,eigen_fixed uz_mm versus analytical reference,"Abstract; §4.1; Conclusions; Tables 1, S5–S6",verification/structural_verification.csv,48,-0.00116999999999996,uz_mm,A genuine solver output / B calculation,simulation/verification/stage09_eigen_fixed_01/values.csv,d22805c82296f02ee1daedfee1d6d60a7df110b53747b1bb40b39ac6443d5e57,simulation/verification/stage09_eigen_fixed_01/case.json,simulation/verification/stage09_eigen_fixed_01/input.dat,cd95e41c08b19c2cab9127caca37d28b5e96b4d5048376f5346c433d95a8becd,9518bb3f499cae06bea531da673bdaa1f7759e78ac0c38d15e6293189418eb68
Q0058,eigen_fixed stress_x_MPa versus analytical reference,"Abstract; §4.1; Conclusions; Tables 1, S5–S6",verification/structural_verification.csv,49,1.79999995231628,stress_x_MPa,A genuine solver output / B calculation,simulation/verification/stage09_eigen_fixed_01/values.csv,d22805c82296f02ee1daedfee1d6d60a7df110b53747b1bb40b39ac6443d5e57,simulation/verification/stage09_eigen_fixed_01/case.json,simulation/verification/stage09_eigen_fixed_01/input.dat,cd95e41c08b19c2cab9127caca37d28b5e96b4d5048376f5346c433d95a8becd,9518bb3f499cae06bea531da673bdaa1f7759e78ac0c38d15e6293189418eb68
Q0059,eigen_fixed reaction_x_N versus analytical reference,"Abstract; §4.1; Conclusions; Tables 1, S5–S6",verification/structural_verification.csv,50,-1.79999999999994,reaction_x_N,A genuine solver output / B calculation,simulation/verification/stage09_eigen_fixed_01/values.csv,d22805c82296f02ee1daedfee1d6d60a7df110b53747b1bb40b39ac6443d5e57,simulation/verification/stage09_eigen_fixed_01/case.json,simulation/verification/stage09_eigen_fixed_01/input.dat,cd95e41c08b19c2cab9127caca37d28b5e96b4d5048376f5346c433d95a8becd,9518bb3f499cae06bea531da673bdaa1f7759e78ac0c38d15e6293189418eb68
Q0060,eigen_fixed ux_mm versus analytical reference,"Abstract; §4.1; Conclusions; Tables 1, S5–S6",verification/structural_verification.csv,51,0.0,ux_mm,A genuine solver output / B calculation,simulation/verification/stage09_eigen_fixed_01/values.csv,d22805c82296f02ee1daedfee1d6d60a7df110b53747b1bb40b39ac6443d5e57,simulation/verification/stage09_eigen_fixed_01/case.json,simulation/verification/stage09_eigen_fixed_01/input.dat,cd95e41c08b19c2cab9127caca37d28b5e96b4d5048376f5346c433d95a8becd,9518bb3f499cae06bea531da673bdaa1f7759e78ac0c38d15e6293189418eb68
Q0061,eigen_fixed uy_mm versus analytical reference,"Abstract; §4.1; Conclusions; Tables 1, S5–S6",verification/structural_verification.csv,52,-0.000519999999999896,uy_mm,A genuine solver output / B calculation,simulation/verification/stage09_eigen_fixed_01/values.csv,d22805c82296f02ee1daedfee1d6d60a7df110b53747b1bb40b39ac6443d5e57,simulation/verification/stage09_eigen_fixed_01/case.json,simulation/verification/stage09_eigen_fixed_01/input.dat,cd95e41c08b19c2cab9127caca37d28b5e96b4d5048376f5346c433d95a8becd,9518bb3f499cae06bea531da673bdaa1f7759e78ac0c38d15e6293189418eb68
Q0062,eigen_fixed uz_mm versus analytical reference,"Abstract; §4.1; Conclusions; Tables 1, S5–S6",verification/structural_verification.csv,53,-0.0005199999999999,uz_mm,A genuine solver output / B calculation,simulation/verification/stage09_eigen_fixed_01/values.csv,d22805c82296f02ee1daedfee1d6d60a7df110b53747b1bb40b39ac6443d5e57,simulation/verification/stage09_eigen_fixed_01/case.json,simulation/verification/stage09_eigen_fixed_01/input.dat,cd95e41c08b19c2cab9127caca37d28b5e96b4d5048376f5346c433d95a8becd,9518bb3f499cae06bea531da673bdaa1f7759e78ac0c38d15e6293189418eb68
Q0063,eigen_fixed stress_x_MPa versus analytical reference,"Abstract; §4.1; Conclusions; Tables 1, S5–S6",verification/structural_verification.csv,54,0.800000011920929,stress_x_MPa,A genuine solver output / B calculation,simulation/verification/stage09_eigen_fixed_01/values.csv,d22805c82296f02ee1daedfee1d6d60a7df110b53747b1bb40b39ac6443d5e57,simulation/verification/stage09_eigen_fixed_01/case.json,simulation/verification/stage09_eigen_fixed_01/input.dat,cd95e41c08b19c2cab9127caca37d28b5e96b4d5048376f5346c433d95a8becd,9518bb3f499cae06bea531da673bdaa1f7759e78ac0c38d15e6293189418eb68
Q0064,eigen_fixed reaction_x_N versus analytical reference,"Abstract; §4.1; Conclusions; Tables 1, S5–S6",verification/structural_verification.csv,55,-0.799999999999839,reaction_x_N,A genuine solver output / B calculation,simulation/verification/stage09_eigen_fixed_01/values.csv,d22805c82296f02ee1daedfee1d6d60a7df110b53747b1bb40b39ac6443d5e57,simulation/verification/stage09_eigen_fixed_01/case.json,simulation/verification/stage09_eigen_fixed_01/input.dat,cd95e41c08b19c2cab9127caca37d28b5e96b4d5048376f5346c433d95a8becd,9518bb3f499cae06bea531da673bdaa1f7759e78ac0c38d15e6293189418eb68
Q0065,eigen_fixed ux_mm versus analytical reference,"Abstract; §4.1; Conclusions; Tables 1, S5–S6",verification/structural_verification.csv,56,0.0,ux_mm,A genuine solver output / B calculation,simulation/verification/stage09_eigen_fixed_01/values.csv,d22805c82296f02ee1daedfee1d6d60a7df110b53747b1bb40b39ac6443d5e57,simulation/verification/stage09_eigen_fixed_01/case.json,simulation/verification/stage09_eigen_fixed_01/input.dat,cd95e41c08b19c2cab9127caca37d28b5e96b4d5048376f5346c433d95a8becd,9518bb3f499cae06bea531da673bdaa1f7759e78ac0c38d15e6293189418eb68
Q0066,eigen_fixed uy_mm versus analytical reference,"Abstract; §4.1; Conclusions; Tables 1, S5–S6",verification/structural_verification.csv,57,-0.0013,uy_mm,A genuine solver output / B calculation,simulation/verification/stage09_eigen_fixed_01/values.csv,d22805c82296f02ee1daedfee1d6d60a7df110b53747b1bb40b39ac6443d5e57,simulation/verification/stage09_eigen_fixed_01/case.json,simulation/verification/stage09_eigen_fixed_01/input.dat,cd95e41c08b19c2cab9127caca37d28b5e96b4d5048376f5346c433d95a8becd,9518bb3f499cae06bea531da673bdaa1f7759e78ac0c38d15e6293189418eb68
Q0067,eigen_fixed uz_mm versus analytical reference,"Abstract; §4.1; Conclusions; Tables 1, S5–S6",verification/structural_verification.csv,58,-0.0013,uz_mm,A genuine solver output / B calculation,simulation/verification/stage09_eigen_fixed_01/values.csv,d22805c82296f02ee1daedfee1d6d60a7df110b53747b1bb40b39ac6443d5e57,simulation/verification/stage09_eigen_fixed_01/case.json,simulation/verification/stage09_eigen_fixed_01/input.dat,cd95e41c08b19c2cab9127caca37d28b5e96b4d5048376f5346c433d95a8becd,9518bb3f499cae06bea531da673bdaa1f7759e78ac0c38d15e6293189418eb68
Q0068,eigen_fixed stress_x_MPa versus analytical reference,"Abstract; §4.1; Conclusions; Tables 1, S5–S6",verification/structural_verification.csv,59,2.0,stress_x_MPa,A genuine solver output / B calculation,simulation/verification/stage09_eigen_fixed_01/values.csv,d22805c82296f02ee1daedfee1d6d60a7df110b53747b1bb40b39ac6443d5e57,simulation/verification/stage09_eigen_fixed_01/case.json,simulation/verification/stage09_eigen_fixed_01/input.dat,cd95e41c08b19c2cab9127caca37d28b5e96b4d5048376f5346c433d95a8becd,9518bb3f499cae06bea531da673bdaa1f7759e78ac0c38d15e6293189418eb68
Q0069,eigen_fixed reaction_x_N versus analytical reference,"Abstract; §4.1; Conclusions; Tables 1, S5–S6",verification/structural_verification.csv,60,-2.0,reaction_x_N,A genuine solver output / B calculation,simulation/verification/stage09_eigen_fixed_01/values.csv,d22805c82296f02ee1daedfee1d6d60a7df110b53747b1bb40b39ac6443d5e57,simulation/verification/stage09_eigen_fixed_01/case.json,simulation/verification/stage09_eigen_fixed_01/input.dat,cd95e41c08b19c2cab9127caca37d28b5e96b4d5048376f5346c433d95a8becd,9518bb3f499cae06bea531da673bdaa1f7759e78ac0c38d15e6293189418eb68
Q0070,eigen_fixed ux_mm versus analytical reference,"Abstract; §4.1; Conclusions; Tables 1, S5–S6",verification/structural_verification.csv,61,-0.0100000000000001,ux_mm,A genuine solver output / B calculation,simulation/verification/stage09_eigen_fixed_01/values.csv,d22805c82296f02ee1daedfee1d6d60a7df110b53747b1bb40b39ac6443d5e57,simulation/verification/stage09_eigen_fixed_01/case.json,simulation/verification/stage09_eigen_fixed_01/input.dat,cd95e41c08b19c2cab9127caca37d28b5e96b4d5048376f5346c433d95a8becd,9518bb3f499cae06bea531da673bdaa1f7759e78ac0c38d15e6293189418eb68
Q0071,eigen_fixed uy_mm versus analytical reference,"Abstract; §4.1; Conclusions; Tables 1, S5–S6",verification/structural_verification.csv,62,-0.000999999999999998,uy_mm,A genuine solver output / B calculation,simulation/verification/stage09_eigen_fixed_01/values.csv,d22805c82296f02ee1daedfee1d6d60a7df110b53747b1bb40b39ac6443d5e57,simulation/verification/stage09_eigen_fixed_01/case.json,simulation/verification/stage09_eigen_fixed_01/input.dat,cd95e41c08b19c2cab9127caca37d28b5e96b4d5048376f5346c433d95a8becd,9518bb3f499cae06bea531da673bdaa1f7759e78ac0c38d15e6293189418eb68
Q0072,eigen_fixed uz_mm versus analytical reference,"Abstract; §4.1; Conclusions; Tables 1, S5–S6",verification/structural_verification.csv,63,-0.001,uz_mm,A genuine solver output / B calculation,simulation/verification/stage09_eigen_fixed_01/values.csv,d22805c82296f02ee1daedfee1d6d60a7df110b53747b1bb40b39ac6443d5e57,simulation/verification/stage09_eigen_fixed_01/case.json,simulation/verification/stage09_eigen_fixed_01/input.dat,cd95e41c08b19c2cab9127caca37d28b5e96b4d5048376f5346c433d95a8becd,9518bb3f499cae06bea531da673bdaa1f7759e78ac0c38d15e6293189418eb68
Q0073,eigen_fixed stress_x_MPa versus analytical reference,"Abstract; §4.1; Conclusions; Tables 1, S5–S6",verification/structural_verification.csv,64,-1.03250740760744e-14,stress_x_MPa,A genuine solver output / B calculation,simulation/verification/stage09_eigen_fixed_01/values.csv,d22805c82296f02ee1daedfee1d6d60a7df110b53747b1bb40b39ac6443d5e57,simulation/verification/stage09_eigen_fixed_01/case.json,simulation/verification/stage09_eigen_fixed_01/input.dat,cd95e41c08b19c2cab9127caca37d28b5e96b4d5048376f5346c433d95a8becd,9518bb3f499cae06bea531da673bdaa1f7759e78ac0c38d15e6293189418eb68
Q0074,eigen_fixed reaction_x_N versus analytical reference,"Abstract; §4.1; Conclusions; Tables 1, S5–S6",verification/structural_verification.csv,65,1.0325074129014e-14,reaction_x_N,A genuine solver output / B calculation,simulation/verification/stage09_eigen_fixed_01/values.csv,d22805c82296f02ee1daedfee1d6d60a7df110b53747b1bb40b39ac6443d5e57,simulation/verification/stage09_eigen_fixed_01/case.json,simulation/verification/stage09_eigen_fixed_01/input.dat,cd95e41c08b19c2cab9127caca37d28b5e96b4d5048376f5346c433d95a8becd,9518bb3f499cae06bea531da673bdaa1f7759e78ac0c38d15e6293189418eb68
Q0075,visco ux_mm versus analytical reference,"Abstract; §4.1; Conclusions; Tables 1, S5–S6",verification/structural_verification.csv,66,0.00999999999999991,ux_mm,A genuine solver output / B calculation,simulation/verification/stage09_visco_02/values.csv,13347d9f7f7bf0c5878710ee1829d49f86809eface92409a7b634de849fd2f07,simulation/verification/stage09_visco_02/case.json,simulation/verification/stage09_visco_02/input.dat,341f7d4500a85f5f221cf127e421825e16146776a7883d1bf79ab520ff2d0a67,9518bb3f499cae06bea531da673bdaa1f7759e78ac0c38d15e6293189418eb68
Q0076,visco uy_mm versus analytical reference,"Abstract; §4.1; Conclusions; Tables 1, S5–S6",verification/structural_verification.csv,67,-0.000349999999999996,uy_mm,A genuine solver output / B calculation,simulation/verification/stage09_visco_02/values.csv,13347d9f7f7bf0c5878710ee1829d49f86809eface92409a7b634de849fd2f07,simulation/verification/stage09_visco_02/case.json,simulation/verification/stage09_visco_02/input.dat,341f7d4500a85f5f221cf127e421825e16146776a7883d1bf79ab520ff2d0a67,9518bb3f499cae06bea531da673bdaa1f7759e78ac0c38d15e6293189418eb68
Q0077,visco uz_mm versus analytical reference,"Abstract; §4.1; Conclusions; Tables 1, S5–S6",verification/structural_verification.csv,68,-0.000349999999999996,uz_mm,A genuine solver output / B calculation,simulation/verification/stage09_visco_02/values.csv,13347d9f7f7bf0c5878710ee1829d49f86809eface92409a7b634de849fd2f07,simulation/verification/stage09_visco_02/case.json,simulation/verification/stage09_visco_02/input.dat,341f7d4500a85f5f221cf127e421825e16146776a7883d1bf79ab520ff2d0a67,9518bb3f499cae06bea531da673bdaa1f7759e78ac0c38d15e6293189418eb68
Q0078,visco stress_x_MPa versus analytical reference,"Abstract; §4.1; Conclusions; Tables 1, S5–S6",verification/structural_verification.csv,69,0.0375536568462845,stress_x_MPa,A genuine solver output / B calculation,simulation/verification/stage09_visco_02/values.csv,13347d9f7f7bf0c5878710ee1829d49f86809eface92409a7b634de849fd2f07,simulation/verification/stage09_visco_02/case.json,simulation/verification/stage09_visco_02/input.dat,341f7d4500a85f5f221cf127e421825e16146776a7883d1bf79ab520ff2d0a67,9518bb3f499cae06bea531da673bdaa1f7759e78ac0c38d15e6293189418eb68
Q0079,visco reaction_x_N versus analytical reference,"Abstract; §4.1; Conclusions; Tables 1, S5–S6",verification/structural_verification.csv,70,-0.0375536554910547,reaction_x_N,A genuine solver output / B calculation,simulation/verification/stage09_visco_02/values.csv,13347d9f7f7bf0c5878710ee1829d49f86809eface92409a7b634de849fd2f07,simulation/verification/stage09_visco_02/case.json,simulation/verification/stage09_visco_02/input.dat,341f7d4500a85f5f221cf127e421825e16146776a7883d1bf79ab520ff2d0a67,9518bb3f499cae06bea531da673bdaa1f7759e78ac0c38d15e6293189418eb68
Q0080,visco ux_mm versus analytical reference,"Abstract; §4.1; Conclusions; Tables 1, S5–S6",verification/structural_verification.csv,71,0.00999999999999994,ux_mm,A genuine solver output / B calculation,simulation/verification/stage09_visco_02/values.csv,13347d9f7f7bf0c5878710ee1829d49f86809eface92409a7b634de849fd2f07,simulation/verification/stage09_visco_02/case.json,simulation/verification/stage09_visco_02/input.dat,341f7d4500a85f5f221cf127e421825e16146776a7883d1bf79ab520ff2d0a67,9518bb3f499cae06bea531da673bdaa1f7759e78ac0c38d15e6293189418eb68
Q0081,visco uy_mm versus analytical reference,"Abstract; §4.1; Conclusions; Tables 1, S5–S6",verification/structural_verification.csv,72,-0.000349999999999998,uy_mm,A genuine solver output / B calculation,simulation/verification/stage09_visco_02/values.csv,13347d9f7f7bf0c5878710ee1829d49f86809eface92409a7b634de849fd2f07,simulation/verification/stage09_visco_02/case.json,simulation/verification/stage09_visco_02/input.dat,341f7d4500a85f5f221cf127e421825e16146776a7883d1bf79ab520ff2d0a67,9518bb3f499cae06bea531da673bdaa1f7759e78ac0c38d15e6293189418eb68
Q0082,visco uz_mm versus analytical reference,"Abstract; §4.1; Conclusions; Tables 1, S5–S6",verification/structural_verification.csv,73,-0.000349999999999998,uz_mm,A genuine solver output / B calculation,simulation/verification/stage09_visco_02/values.csv,13347d9f7f7bf0c5878710ee1829d49f86809eface92409a7b634de849fd2f07,simulation/verification/stage09_visco_02/case.json,simulation/verification/stage09_visco_02/input.dat,341f7d4500a85f5f221cf127e421825e16146776a7883d1bf79ab520ff2d0a67,9518bb3f499cae06bea531da673bdaa1f7759e78ac0c38d15e6293189418eb68
Q0083,visco stress_x_MPa versus analytical reference,"Abstract; §4.1; Conclusions; Tables 1, S5–S6",verification/structural_verification.csv,74,0.0243886373937129,stress_x_MPa,A genuine solver output / B calculation,simulation/verification/stage09_visco_02/values.csv,13347d9f7f7bf0c5878710ee1829d49f86809eface92409a7b634de849fd2f07,simulation/verification/stage09_visco_02/case.json,simulation/verification/stage09_visco_02/input.dat,341f7d4500a85f5f221cf127e421825e16146776a7883d1bf79ab520ff2d0a67,9518bb3f499cae06bea531da673bdaa1f7759e78ac0c38d15e6293189418eb68
Q0084,visco reaction_x_N versus analytical reference,"Abstract; §4.1; Conclusions; Tables 1, S5–S6",verification/structural_verification.csv,75,-0.0243886378936404,reaction_x_N,A genuine solver output / B calculation,simulation/verification/stage09_visco_02/values.csv,13347d9f7f7bf0c5878710ee1829d49f86809eface92409a7b634de849fd2f07,simulation/verification/stage09_visco_02/case.json,simulation/verification/stage09_visco_02/input.dat,341f7d4500a85f5f221cf127e421825e16146776a7883d1bf79ab520ff2d0a67,9518bb3f499cae06bea531da673bdaa1f7759e78ac0c38d15e6293189418eb68
Q0085,visco ux_mm versus analytical reference,"Abstract; §4.1; Conclusions; Tables 1, S5–S6",verification/structural_verification.csv,76,0.01,ux_mm,A genuine solver output / B calculation,simulation/verification/stage09_visco_02/values.csv,13347d9f7f7bf0c5878710ee1829d49f86809eface92409a7b634de849fd2f07,simulation/verification/stage09_visco_02/case.json,simulation/verification/stage09_visco_02/input.dat,341f7d4500a85f5f221cf127e421825e16146776a7883d1bf79ab520ff2d0a67,9518bb3f499cae06bea531da673bdaa1f7759e78ac0c38d15e6293189418eb68
Q0086,visco uy_mm versus analytical reference,"Abstract; §4.1; Conclusions; Tables 1, S5–S6",verification/structural_verification.csv,77,-0.00035,uy_mm,A genuine solver output / B calculation,simulation/verification/stage09_visco_02/values.csv,13347d9f7f7bf0c5878710ee1829d49f86809eface92409a7b634de849fd2f07,simulation/verification/stage09_visco_02/case.json,simulation/verification/stage09_visco_02/input.dat,341f7d4500a85f5f221cf127e421825e16146776a7883d1bf79ab520ff2d0a67,9518bb3f499cae06bea531da673bdaa1f7759e78ac0c38d15e6293189418eb68
Q0087,visco uz_mm versus analytical reference,"Abstract; §4.1; Conclusions; Tables 1, S5–S6",verification/structural_verification.csv,78,-0.000349999999999999,uz_mm,A genuine solver output / B calculation,simulation/verification/stage09_visco_02/values.csv,13347d9f7f7bf0c5878710ee1829d49f86809eface92409a7b634de849fd2f07,simulation/verification/stage09_visco_02/case.json,simulation/verification/stage09_visco_02/input.dat,341f7d4500a85f5f221cf127e421825e16146776a7883d1bf79ab520ff2d0a67,9518bb3f499cae06bea531da673bdaa1f7759e78ac0c38d15e6293189418eb68
Q0088,visco stress_x_MPa versus analytical reference,"Abstract; §4.1; Conclusions; Tables 1, S5–S6",verification/structural_verification.csv,79,0.0183896347880363,stress_x_MPa,A genuine solver output / B calculation,simulation/verification/stage09_visco_02/values.csv,13347d9f7f7bf0c5878710ee1829d49f86809eface92409a7b634de849fd2f07,simulation/verification/stage09_visco_02/case.json,simulation/verification/stage09_visco_02/input.dat,341f7d4500a85f5f221cf127e421825e16146776a7883d1bf79ab520ff2d0a67,9518bb3f499cae06bea531da673bdaa1f7759e78ac0c38d15e6293189418eb68
Q0089,visco reaction_x_N versus analytical reference,"Abstract; §4.1; Conclusions; Tables 1, S5–S6",verification/structural_verification.csv,80,-0.0183896352425481,reaction_x_N,A genuine solver output / B calculation,simulation/verification/stage09_visco_02/values.csv,13347d9f7f7bf0c5878710ee1829d49f86809eface92409a7b634de849fd2f07,simulation/verification/stage09_visco_02/case.json,simulation/verification/stage09_visco_02/input.dat,341f7d4500a85f5f221cf127e421825e16146776a7883d1bf79ab520ff2d0a67,9518bb3f499cae06bea531da673bdaa1f7759e78ac0c38d15e6293189418eb68
Q0090,visco ux_mm versus analytical reference,"Abstract; §4.1; Conclusions; Tables 1, S5–S6",verification/structural_verification.csv,81,2.33060098997466e-14,ux_mm,A genuine solver output / B calculation,simulation/verification/stage09_visco_02/values.csv,13347d9f7f7bf0c5878710ee1829d49f86809eface92409a7b634de849fd2f07,simulation/verification/stage09_visco_02/case.json,simulation/verification/stage09_visco_02/input.dat,341f7d4500a85f5f221cf127e421825e16146776a7883d1bf79ab520ff2d0a67,9518bb3f499cae06bea531da673bdaa1f7759e78ac0c38d15e6293189418eb68
Q0091,visco uy_mm versus analytical reference,"Abstract; §4.1; Conclusions; Tables 1, S5–S6",verification/structural_verification.csv,82,-8.15733979450847e-16,uy_mm,A genuine solver output / B calculation,simulation/verification/stage09_visco_02/values.csv,13347d9f7f7bf0c5878710ee1829d49f86809eface92409a7b634de849fd2f07,simulation/verification/stage09_visco_02/case.json,simulation/verification/stage09_visco_02/input.dat,341f7d4500a85f5f221cf127e421825e16146776a7883d1bf79ab520ff2d0a67,9518bb3f499cae06bea531da673bdaa1f7759e78ac0c38d15e6293189418eb68
Q0092,visco uz_mm versus analytical reference,"Abstract; §4.1; Conclusions; Tables 1, S5–S6",verification/structural_verification.csv,83,-8.1506924055287e-16,uz_mm,A genuine solver output / B calculation,simulation/verification/stage09_visco_02/values.csv,13347d9f7f7bf0c5878710ee1829d49f86809eface92409a7b634de849fd2f07,simulation/verification/stage09_visco_02/case.json,simulation/verification/stage09_visco_02/input.dat,341f7d4500a85f5f221cf127e421825e16146776a7883d1bf79ab520ff2d0a67,9518bb3f499cae06bea531da673bdaa1f7759e78ac0c38d15e6293189418eb68
Q0093,visco stress_x_MPa versus analytical reference,"Abstract; §4.1; Conclusions; Tables 1, S5–S6",verification/structural_verification.csv,84,-0.0193833038210854,stress_x_MPa,A genuine solver output / B calculation,simulation/verification/stage09_visco_02/values.csv,13347d9f7f7bf0c5878710ee1829d49f86809eface92409a7b634de849fd2f07,simulation/verification/stage09_visco_02/case.json,simulation/verification/stage09_visco_02/input.dat,341f7d4500a85f5f221cf127e421825e16146776a7883d1bf79ab520ff2d0a67,9518bb3f499cae06bea531da673bdaa1f7759e78ac0c38d15e6293189418eb68
Q0094,visco reaction_x_N versus analytical reference,"Abstract; §4.1; Conclusions; Tables 1, S5–S6",verification/structural_verification.csv,85,0.0193833029276131,reaction_x_N,A genuine solver output / B calculation,simulation/verification/stage09_visco_02/values.csv,13347d9f7f7bf0c5878710ee1829d49f86809eface92409a7b634de849fd2f07,simulation/verification/stage09_visco_02/case.json,simulation/verification/stage09_visco_02/input.dat,341f7d4500a85f5f221cf127e421825e16146776a7883d1bf79ab520ff2d0a67,9518bb3f499cae06bea531da673bdaa1f7759e78ac0c38d15e6293189418eb68
Q0095,visco ux_mm versus analytical reference,"Abstract; §4.1; Conclusions; Tables 1, S5–S6",verification/structural_verification.csv,86,0.0,ux_mm,A genuine solver output / B calculation,simulation/verification/stage09_visco_02/values.csv,13347d9f7f7bf0c5878710ee1829d49f86809eface92409a7b634de849fd2f07,simulation/verification/stage09_visco_02/case.json,simulation/verification/stage09_visco_02/input.dat,341f7d4500a85f5f221cf127e421825e16146776a7883d1bf79ab520ff2d0a67,9518bb3f499cae06bea531da673bdaa1f7759e78ac0c38d15e6293189418eb68
Q0096,visco uy_mm versus analytical reference,"Abstract; §4.1; Conclusions; Tables 1, S5–S6",verification/structural_verification.csv,87,-3.18738825868435e-19,uy_mm,A genuine solver output / B calculation,simulation/verification/stage09_visco_02/values.csv,13347d9f7f7bf0c5878710ee1829d49f86809eface92409a7b634de849fd2f07,simulation/verification/stage09_visco_02/case.json,simulation/verification/stage09_visco_02/input.dat,341f7d4500a85f5f221cf127e421825e16146776a7883d1bf79ab520ff2d0a67,9518bb3f499cae06bea531da673bdaa1f7759e78ac0c38d15e6293189418eb68
Q0097,visco uz_mm versus analytical reference,"Abstract; §4.1; Conclusions; Tables 1, S5–S6",verification/structural_verification.csv,88,6.91262535293403e-19,uz_mm,A genuine solver output / B calculation,simulation/verification/stage09_visco_02/values.csv,13347d9f7f7bf0c5878710ee1829d49f86809eface92409a7b634de849fd2f07,simulation/verification/stage09_visco_02/case.json,simulation/verification/stage09_visco_02/input.dat,341f7d4500a85f5f221cf127e421825e16146776a7883d1bf79ab520ff2d0a67,9518bb3f499cae06bea531da673bdaa1f7759e78ac0c38d15e6293189418eb68
Q0098,visco stress_x_MPa versus analytical reference,"Abstract; §4.1; Conclusions; Tables 1, S5–S6",verification/structural_verification.csv,89,-0.00457577453926206,stress_x_MPa,A genuine solver output / B calculation,simulation/verification/stage09_visco_02/values.csv,13347d9f7f7bf0c5878710ee1829d49f86809eface92409a7b634de849fd2f07,simulation/verification/stage09_visco_02/case.json,simulation/verification/stage09_visco_02/input.dat,341f7d4500a85f5f221cf127e421825e16146776a7883d1bf79ab520ff2d0a67,9518bb3f499cae06bea531da673bdaa1f7759e78ac0c38d15e6293189418eb68
Q0099,visco reaction_x_N versus analytical reference,"Abstract; §4.1; Conclusions; Tables 1, S5–S6",verification/structural_verification.csv,90,0.0045757746533595,reaction_x_N,A genuine solver output / B calculation,simulation/verification/stage09_visco_02/values.csv,13347d9f7f7bf0c5878710ee1829d49f86809eface92409a7b634de849fd2f07,simulation/verification/stage09_visco_02/case.json,simulation/verification/stage09_visco_02/input.dat,341f7d4500a85f5f221cf127e421825e16146776a7883d1bf79ab520ff2d0a67,9518bb3f499cae06bea531da673bdaa1f7759e78ac0c38d15e6293189418eb68
Q0100,contact ux_mm versus analytical reference,"Abstract; §4.1; Conclusions; Tables 1, S5–S6",verification/contact_verification.csv,1,0.0010000000000003,ux_mm,A genuine solver output / B calculation,simulation/verification/stage09_contact_03/values.csv,3efba2c402e97960af08578dbc5081a2d546c70800637312b8560a94b5d85703,simulation/verification/stage09_contact_03/case.json,simulation/verification/stage09_contact_03/input.dat,c24c4de663479fd079b13e97644635c850be605df30b35fa1235a10970f92d4a,7afc002d29e21ac9eb8bd5eb5864d86f74d2eec3483cb7866a20fe4711b9f9ed
Q0101,contact uy_mm versus analytical reference,"Abstract; §4.1; Conclusions; Tables 1, S5–S6",verification/contact_verification.csv,2,0.00010000000000003,uy_mm,A genuine solver output / B calculation,simulation/verification/stage09_contact_03/values.csv,3efba2c402e97960af08578dbc5081a2d546c70800637312b8560a94b5d85703,simulation/verification/stage09_contact_03/case.json,simulation/verification/stage09_contact_03/input.dat,c24c4de663479fd079b13e97644635c850be605df30b35fa1235a10970f92d4a,7afc002d29e21ac9eb8bd5eb5864d86f74d2eec3483cb7866a20fe4711b9f9ed
Q0102,contact uz_mm versus analytical reference,"Abstract; §4.1; Conclusions; Tables 1, S5–S6",verification/contact_verification.csv,3,0.00010000000000003,uz_mm,A genuine solver output / B calculation,simulation/verification/stage09_contact_03/values.csv,3efba2c402e97960af08578dbc5081a2d546c70800637312b8560a94b5d85703,simulation/verification/stage09_contact_03/case.json,simulation/verification/stage09_contact_03/input.dat,c24c4de663479fd079b13e97644635c850be605df30b35fa1235a10970f92d4a,7afc002d29e21ac9eb8bd5eb5864d86f74d2eec3483cb7866a20fe4711b9f9ed
Q0103,contact stress_x_MPa versus analytical reference,"Abstract; §4.1; Conclusions; Tables 1, S5–S6",verification/contact_verification.csv,4,-2.80172426218815e-17,stress_x_MPa,A genuine solver output / B calculation,simulation/verification/stage09_contact_03/values.csv,3efba2c402e97960af08578dbc5081a2d546c70800637312b8560a94b5d85703,simulation/verification/stage09_contact_03/case.json,simulation/verification/stage09_contact_03/input.dat,c24c4de663479fd079b13e97644635c850be605df30b35fa1235a10970f92d4a,7afc002d29e21ac9eb8bd5eb5864d86f74d2eec3483cb7866a20fe4711b9f9ed
Q0104,contact reaction_x_N versus analytical reference,"Abstract; §4.1; Conclusions; Tables 1, S5–S6",verification/contact_verification.csv,5,2.80172436399499e-17,reaction_x_N,A genuine solver output / B calculation,simulation/verification/stage09_contact_03/values.csv,3efba2c402e97960af08578dbc5081a2d546c70800637312b8560a94b5d85703,simulation/verification/stage09_contact_03/case.json,simulation/verification/stage09_contact_03/input.dat,c24c4de663479fd079b13e97644635c850be605df30b35fa1235a10970f92d4a,7afc002d29e21ac9eb8bd5eb5864d86f74d2eec3483cb7866a20fe4711b9f9ed
Q0105,contact contact_force_N versus analytical reference,"Abstract; §4.1; Conclusions; Tables 1, S5–S6",verification/contact_verification.csv,6,0.0,contact_force_N,A genuine solver output / B calculation,simulation/verification/stage09_contact_03/values.csv,3efba2c402e97960af08578dbc5081a2d546c70800637312b8560a94b5d85703,simulation/verification/stage09_contact_03/case.json,simulation/verification/stage09_contact_03/input.dat,c24c4de663479fd079b13e97644635c850be605df30b35fa1235a10970f92d4a,7afc002d29e21ac9eb8bd5eb5864d86f74d2eec3483cb7866a20fe4711b9f9ed
Q0106,contact contact_closed versus analytical reference,"Abstract; §4.1; Conclusions; Tables 1, S5–S6",verification/contact_verification.csv,7,0,contact_closed,A genuine solver output / B calculation,simulation/verification/stage09_contact_03/values.csv,3efba2c402e97960af08578dbc5081a2d546c70800637312b8560a94b5d85703,simulation/verification/stage09_contact_03/case.json,simulation/verification/stage09_contact_03/input.dat,c24c4de663479fd079b13e97644635c850be605df30b35fa1235a10970f92d4a,7afc002d29e21ac9eb8bd5eb5864d86f74d2eec3483cb7866a20fe4711b9f9ed
Q0107,contact gap_mm versus analytical reference,"Abstract; §4.1; Conclusions; Tables 1, S5–S6",verification/contact_verification.csv,8,0.00100000004749745,gap_mm,A genuine solver output / B calculation,simulation/verification/stage09_contact_03/values.csv,3efba2c402e97960af08578dbc5081a2d546c70800637312b8560a94b5d85703,simulation/verification/stage09_contact_03/case.json,simulation/verification/stage09_contact_03/input.dat,c24c4de663479fd079b13e97644635c850be605df30b35fa1235a10970f92d4a,7afc002d29e21ac9eb8bd5eb5864d86f74d2eec3483cb7866a20fe4711b9f9ed
Q0108,contact ux_mm versus analytical reference,"Abstract; §4.1; Conclusions; Tables 1, S5–S6",verification/contact_verification.csv,9,0.00200000000000067,ux_mm,A genuine solver output / B calculation,simulation/verification/stage09_contact_03/values.csv,3efba2c402e97960af08578dbc5081a2d546c70800637312b8560a94b5d85703,simulation/verification/stage09_contact_03/case.json,simulation/verification/stage09_contact_03/input.dat,c24c4de663479fd079b13e97644635c850be605df30b35fa1235a10970f92d4a,7afc002d29e21ac9eb8bd5eb5864d86f74d2eec3483cb7866a20fe4711b9f9ed
Q0109,contact uy_mm versus analytical reference,"Abstract; §4.1; Conclusions; Tables 1, S5–S6",verification/contact_verification.csv,10,0.000720000000000084,uy_mm,A genuine solver output / B calculation,simulation/verification/stage09_contact_03/values.csv,3efba2c402e97960af08578dbc5081a2d546c70800637312b8560a94b5d85703,simulation/verification/stage09_contact_03/case.json,simulation/verification/stage09_contact_03/input.dat,c24c4de663479fd079b13e97644635c850be605df30b35fa1235a10970f92d4a,7afc002d29e21ac9eb8bd5eb5864d86f74d2eec3483cb7866a20fe4711b9f9ed
Q0110,contact uz_mm versus analytical reference,"Abstract; §4.1; Conclusions; Tables 1, S5–S6",verification/contact_verification.csv,11,0.000720000000000084,uz_mm,A genuine solver output / B calculation,simulation/verification/stage09_contact_03/values.csv,3efba2c402e97960af08578dbc5081a2d546c70800637312b8560a94b5d85703,simulation/verification/stage09_contact_03/case.json,simulation/verification/stage09_contact_03/input.dat,c24c4de663479fd079b13e97644635c850be605df30b35fa1235a10970f92d4a,7afc002d29e21ac9eb8bd5eb5864d86f74d2eec3483cb7866a20fe4711b9f9ed
Q0111,contact stress_x_MPa versus analytical reference,"Abstract; §4.1; Conclusions; Tables 1, S5–S6",verification/contact_verification.csv,12,-0.800000011920929,stress_x_MPa,A genuine solver output / B calculation,simulation/verification/stage09_contact_03/values.csv,3efba2c402e97960af08578dbc5081a2d546c70800637312b8560a94b5d85703,simulation/verification/stage09_contact_03/case.json,simulation/verification/stage09_contact_03/input.dat,c24c4de663479fd079b13e97644635c850be605df30b35fa1235a10970f92d4a,7afc002d29e21ac9eb8bd5eb5864d86f74d2eec3483cb7866a20fe4711b9f9ed
Q0112,contact reaction_x_N versus analytical reference,"Abstract; §4.1; Conclusions; Tables 1, S5–S6",verification/contact_verification.csv,13,0.800000000000027,reaction_x_N,A genuine solver output / B calculation,simulation/verification/stage09_contact_03/values.csv,3efba2c402e97960af08578dbc5081a2d546c70800637312b8560a94b5d85703,simulation/verification/stage09_contact_03/case.json,simulation/verification/stage09_contact_03/input.dat,c24c4de663479fd079b13e97644635c850be605df30b35fa1235a10970f92d4a,7afc002d29e21ac9eb8bd5eb5864d86f74d2eec3483cb7866a20fe4711b9f9ed
Q0113,contact contact_force_N versus analytical reference,"Abstract; §4.1; Conclusions; Tables 1, S5–S6",verification/contact_verification.csv,14,-0.800000011920929,contact_force_N,A genuine solver output / B calculation,simulation/verification/stage09_contact_03/values.csv,3efba2c402e97960af08578dbc5081a2d546c70800637312b8560a94b5d85703,simulation/verification/stage09_contact_03/case.json,simulation/verification/stage09_contact_03/input.dat,c24c4de663479fd079b13e97644635c850be605df30b35fa1235a10970f92d4a,7afc002d29e21ac9eb8bd5eb5864d86f74d2eec3483cb7866a20fe4711b9f9ed
Q0114,contact contact_closed versus analytical reference,"Abstract; §4.1; Conclusions; Tables 1, S5–S6",verification/contact_verification.csv,15,1,contact_closed,A genuine solver output / B calculation,simulation/verification/stage09_contact_03/values.csv,3efba2c402e97960af08578dbc5081a2d546c70800637312b8560a94b5d85703,simulation/verification/stage09_contact_03/case.json,simulation/verification/stage09_contact_03/input.dat,c24c4de663479fd079b13e97644635c850be605df30b35fa1235a10970f92d4a,7afc002d29e21ac9eb8bd5eb5864d86f74d2eec3483cb7866a20fe4711b9f9ed
Q0115,contact gap_mm versus analytical reference,"Abstract; §4.1; Conclusions; Tables 1, S5–S6",verification/contact_verification.csv,16,-0.0,gap_mm,A genuine solver output / B calculation,simulation/verification/stage09_contact_03/values.csv,3efba2c402e97960af08578dbc5081a2d546c70800637312b8560a94b5d85703,simulation/verification/stage09_contact_03/case.json,simulation/verification/stage09_contact_03/input.dat,c24c4de663479fd079b13e97644635c850be605df30b35fa1235a10970f92d4a,7afc002d29e21ac9eb8bd5eb5864d86f74d2eec3483cb7866a20fe4711b9f9ed
Q0116,contact ux_mm versus analytical reference,"Abstract; §4.1; Conclusions; Tables 1, S5–S6",verification/contact_verification.csv,17,2.00153245756909e-16,ux_mm,A genuine solver output / B calculation,simulation/verification/stage09_contact_03/values.csv,3efba2c402e97960af08578dbc5081a2d546c70800637312b8560a94b5d85703,simulation/verification/stage09_contact_03/case.json,simulation/verification/stage09_contact_03/input.dat,c24c4de663479fd079b13e97644635c850be605df30b35fa1235a10970f92d4a,7afc002d29e21ac9eb8bd5eb5864d86f74d2eec3483cb7866a20fe4711b9f9ed
Q0117,contact uy_mm versus analytical reference,"Abstract; §4.1; Conclusions; Tables 1, S5–S6",verification/contact_verification.csv,18,2.00178365975939e-17,uy_mm,A genuine solver output / B calculation,simulation/verification/stage09_contact_03/values.csv,3efba2c402e97960af08578dbc5081a2d546c70800637312b8560a94b5d85703,simulation/verification/stage09_contact_03/case.json,simulation/verification/stage09_contact_03/input.dat,c24c4de663479fd079b13e97644635c850be605df30b35fa1235a10970f92d4a,7afc002d29e21ac9eb8bd5eb5864d86f74d2eec3483cb7866a20fe4711b9f9ed
Q0118,contact uz_mm versus analytical reference,"Abstract; §4.1; Conclusions; Tables 1, S5–S6",verification/contact_verification.csv,19,2.00135629512352e-17,uz_mm,A genuine solver output / B calculation,simulation/verification/stage09_contact_03/values.csv,3efba2c402e97960af08578dbc5081a2d546c70800637312b8560a94b5d85703,simulation/verification/stage09_contact_03/case.json,simulation/verification/stage09_contact_03/input.dat,c24c4de663479fd079b13e97644635c850be605df30b35fa1235a10970f92d4a,7afc002d29e21ac9eb8bd5eb5864d86f74d2eec3483cb7866a20fe4711b9f9ed
Q0119,contact stress_x_MPa versus analytical reference,"Abstract; §4.1; Conclusions; Tables 1, S5–S6",verification/contact_verification.csv,20,8.93226517690079e-18,stress_x_MPa,A genuine solver output / B calculation,simulation/verification/stage09_contact_03/values.csv,3efba2c402e97960af08578dbc5081a2d546c70800637312b8560a94b5d85703,simulation/verification/stage09_contact_03/case.json,simulation/verification/stage09_contact_03/input.dat,c24c4de663479fd079b13e97644635c850be605df30b35fa1235a10970f92d4a,7afc002d29e21ac9eb8bd5eb5864d86f74d2eec3483cb7866a20fe4711b9f9ed
Q0120,contact reaction_x_N versus analytical reference,"Abstract; §4.1; Conclusions; Tables 1, S5–S6",verification/contact_verification.csv,21,-8.9322621481418e-18,reaction_x_N,A genuine solver output / B calculation,simulation/verification/stage09_contact_03/values.csv,3efba2c402e97960af08578dbc5081a2d546c70800637312b8560a94b5d85703,simulation/verification/stage09_contact_03/case.json,simulation/verification/stage09_contact_03/input.dat,c24c4de663479fd079b13e97644635c850be605df30b35fa1235a10970f92d4a,7afc002d29e21ac9eb8bd5eb5864d86f74d2eec3483cb7866a20fe4711b9f9ed
Q0121,contact contact_force_N versus analytical reference,"Abstract; §4.1; Conclusions; Tables 1, S5–S6",verification/contact_verification.csv,22,0.0,contact_force_N,A genuine solver output / B calculation,simulation/verification/stage09_contact_03/values.csv,3efba2c402e97960af08578dbc5081a2d546c70800637312b8560a94b5d85703,simulation/verification/stage09_contact_03/case.json,simulation/verification/stage09_contact_03/input.dat,c24c4de663479fd079b13e97644635c850be605df30b35fa1235a10970f92d4a,7afc002d29e21ac9eb8bd5eb5864d86f74d2eec3483cb7866a20fe4711b9f9ed
Q0122,contact contact_closed versus analytical reference,"Abstract; §4.1; Conclusions; Tables 1, S5–S6",verification/contact_verification.csv,23,0,contact_closed,A genuine solver output / B calculation,simulation/verification/stage09_contact_03/values.csv,3efba2c402e97960af08578dbc5081a2d546c70800637312b8560a94b5d85703,simulation/verification/stage09_contact_03/case.json,simulation/verification/stage09_contact_03/input.dat,c24c4de663479fd079b13e97644635c850be605df30b35fa1235a10970f92d4a,7afc002d29e21ac9eb8bd5eb5864d86f74d2eec3483cb7866a20fe4711b9f9ed
Q0123,contact gap_mm versus analytical reference,"Abstract; §4.1; Conclusions; Tables 1, S5–S6",verification/contact_verification.csv,24,0.0020000000949949,gap_mm,A genuine solver output / B calculation,simulation/verification/stage09_contact_03/values.csv,3efba2c402e97960af08578dbc5081a2d546c70800637312b8560a94b5d85703,simulation/verification/stage09_contact_03/case.json,simulation/verification/stage09_contact_03/input.dat,c24c4de663479fd079b13e97644635c850be605df30b35fa1235a10970f92d4a,7afc002d29e21ac9eb8bd5eb5864d86f74d2eec3483cb7866a20fe4711b9f9ed
Q0124,W_max; refinement initial_level,Abstract; §§4.2–4.3; Figures 2–3; Tables 2–3; Conclusions,convergence/stage_19_audited_refinement.csv,1,0.008170220501255158,mm,A genuine solver output / B calculation,simulation/convergence/stage10_structural_mesh_coarse_a03/top_nodes.csv;simulation/convergence/stage10_structural_mesh_coarse_a03/element_stress.csv,4b438845888aa377cde7548137410a26f0aeaf09b8ae38ce326d00a28e53a778;e5cfea51db4f4df2bc7b73f9375dee42ee1308400d2c381cd201d148558a755f,simulation/convergence/stage10_structural_mesh_coarse_a03/case.json,simulation/convergence/stage10_structural_mesh_coarse_a03/input.dat,233650903d91ef807aaf9ff00e05a56060f6185dee59806c8380242d2ffdf880,6cc103db28a0788c40d6664daf5495411489f1b177bdc7572d103d5d3b4179bc
Q0125,residual_displacement; refinement initial_level,Abstract; §§4.2–4.3; Figures 2–3; Tables 2–3; Conclusions,convergence/stage_19_audited_refinement.csv,2,0.05963922363170715,mm,A genuine solver output / B calculation,simulation/convergence/stage10_structural_mesh_coarse_a03/top_nodes.csv;simulation/convergence/stage10_structural_mesh_coarse_a03/element_stress.csv,4b438845888aa377cde7548137410a26f0aeaf09b8ae38ce326d00a28e53a778;e5cfea51db4f4df2bc7b73f9375dee42ee1308400d2c381cd201d148558a755f,simulation/convergence/stage10_structural_mesh_coarse_a03/case.json,simulation/convergence/stage10_structural_mesh_coarse_a03/input.dat,233650903d91ef807aaf9ff00e05a56060f6185dee59806c8380242d2ffdf880,6cc103db28a0788c40d6664daf5495411489f1b177bdc7572d103d5d3b4179bc
Q0126,residual_stress_p95; refinement initial_level,Abstract; §§4.2–4.3; Figures 2–3; Tables 2–3; Conclusions,convergence/stage_19_audited_refinement.csv,3,9.965000261451449e-05,MPa,A genuine solver output / B calculation,simulation/convergence/stage10_structural_mesh_coarse_a03/top_nodes.csv;simulation/convergence/stage10_structural_mesh_coarse_a03/element_stress.csv,4b438845888aa377cde7548137410a26f0aeaf09b8ae38ce326d00a28e53a778;e5cfea51db4f4df2bc7b73f9375dee42ee1308400d2c381cd201d148558a755f,simulation/convergence/stage10_structural_mesh_coarse_a03/case.json,simulation/convergence/stage10_structural_mesh_coarse_a03/input.dat,233650903d91ef807aaf9ff00e05a56060f6185dee59806c8380242d2ffdf880,6cc103db28a0788c40d6664daf5495411489f1b177bdc7572d103d5d3b4179bc
Q0127,W_max; refinement adjacent_refinement,Abstract; §§4.2–4.3; Figures 2–3; Tables 2–3; Conclusions,convergence/stage_19_audited_refinement.csv,4,0.011259784860013937,mm,A genuine solver output / B calculation,simulation/convergence/stage10_structural_mesh_medium_a01/top_nodes.csv;simulation/convergence/stage10_structural_mesh_medium_a01/element_stress.csv,56f54e2a91ca2bddf486ee73faebbb6e79c932b03f5e0bc83776415df361c9ad;ce470a8ce5f99ad22d8c172c66a4b881602701987fa88ebe84ef7150ae6c3da5,simulation/convergence/stage10_structural_mesh_medium_a01/case.json,simulation/convergence/stage10_structural_mesh_medium_a01/input.dat,43e7f9849189073a83955bfef355beae084711f23a24fdc8da1e8a70c5455a26,6cc103db28a0788c40d6664daf5495411489f1b177bdc7572d103d5d3b4179bc
Q0128,residual_displacement; refinement adjacent_refinement,Abstract; §§4.2–4.3; Figures 2–3; Tables 2–3; Conclusions,convergence/stage_19_audited_refinement.csv,5,0.07853777207825666,mm,A genuine solver output / B calculation,simulation/convergence/stage10_structural_mesh_medium_a01/top_nodes.csv;simulation/convergence/stage10_structural_mesh_medium_a01/element_stress.csv,56f54e2a91ca2bddf486ee73faebbb6e79c932b03f5e0bc83776415df361c9ad;ce470a8ce5f99ad22d8c172c66a4b881602701987fa88ebe84ef7150ae6c3da5,simulation/convergence/stage10_structural_mesh_medium_a01/case.json,simulation/convergence/stage10_structural_mesh_medium_a01/input.dat,43e7f9849189073a83955bfef355beae084711f23a24fdc8da1e8a70c5455a26,6cc103db28a0788c40d6664daf5495411489f1b177bdc7572d103d5d3b4179bc
Q0129,residual_stress_p95; refinement adjacent_refinement,Abstract; §§4.2–4.3; Figures 2–3; Tables 2–3; Conclusions,convergence/stage_19_audited_refinement.csv,6,0.0004940749739574753,MPa,A genuine solver output / B calculation,simulation/convergence/stage10_structural_mesh_medium_a01/top_nodes.csv;simulation/convergence/stage10_structural_mesh_medium_a01/element_stress.csv,56f54e2a91ca2bddf486ee73faebbb6e79c932b03f5e0bc83776415df361c9ad;ce470a8ce5f99ad22d8c172c66a4b881602701987fa88ebe84ef7150ae6c3da5,simulation/convergence/stage10_structural_mesh_medium_a01/case.json,simulation/convergence/stage10_structural_mesh_medium_a01/input.dat,43e7f9849189073a83955bfef355beae084711f23a24fdc8da1e8a70c5455a26,6cc103db28a0788c40d6664daf5495411489f1b177bdc7572d103d5d3b4179bc
Q0130,W_max; refinement adjacent_refinement,Abstract; §§4.2–4.3; Figures 2–3; Tables 2–3; Conclusions,convergence/stage_19_audited_refinement.csv,7,0.012501772740447878,mm,A genuine solver output / B calculation,simulation/convergence/stage10_structural_mesh_fine_a01/top_nodes.csv;simulation/convergence/stage10_structural_mesh_fine_a01/element_stress.csv,c87abcff4b422e36159f7e93a87bd80d213a180d310aa8ea7f4665c0f9fef896;39f7923a184e52d0b7be19fca6dcc3f5b35a3c742cb3fd5e91b81bcddbef6bfb,simulation/convergence/stage10_structural_mesh_fine_a01/case.json,simulation/convergence/stage10_structural_mesh_fine_a01/input.dat,fe79061edf622a0428c96a678927944fd8797ab1c00267d5906f10eb31a793a1,6cc103db28a0788c40d6664daf5495411489f1b177bdc7572d103d5d3b4179bc
Q0131,residual_displacement; refinement adjacent_refinement,Abstract; §§4.2–4.3; Figures 2–3; Tables 2–3; Conclusions,convergence/stage_19_audited_refinement.csv,8,0.08534517040533586,mm,A genuine solver output / B calculation,simulation/convergence/stage10_structural_mesh_fine_a01/top_nodes.csv;simulation/convergence/stage10_structural_mesh_fine_a01/element_stress.csv,c87abcff4b422e36159f7e93a87bd80d213a180d310aa8ea7f4665c0f9fef896;39f7923a184e52d0b7be19fca6dcc3f5b35a3c742cb3fd5e91b81bcddbef6bfb,simulation/convergence/stage10_structural_mesh_fine_a01/case.json,simulation/convergence/stage10_structural_mesh_fine_a01/input.dat,fe79061edf622a0428c96a678927944fd8797ab1c00267d5906f10eb31a793a1,6cc103db28a0788c40d6664daf5495411489f1b177bdc7572d103d5d3b4179bc
Q0132,residual_stress_p95; refinement adjacent_refinement,Abstract; §§4.2–4.3; Figures 2–3; Tables 2–3; Conclusions,convergence/stage_19_audited_refinement.csv,9,0.0007046091903161985,MPa,A genuine solver output / B calculation,simulation/convergence/stage10_structural_mesh_fine_a01/top_nodes.csv;simulation/convergence/stage10_structural_mesh_fine_a01/element_stress.csv,c87abcff4b422e36159f7e93a87bd80d213a180d310aa8ea7f4665c0f9fef896;39f7923a184e52d0b7be19fca6dcc3f5b35a3c742cb3fd5e91b81bcddbef6bfb,simulation/convergence/stage10_structural_mesh_fine_a01/case.json,simulation/convergence/stage10_structural_mesh_fine_a01/input.dat,fe79061edf622a0428c96a678927944fd8797ab1c00267d5906f10eb31a793a1,6cc103db28a0788c40d6664daf5495411489f1b177bdc7572d103d5d3b4179bc
Q0133,W_max; refinement adjacent_refinement,Abstract; §§4.2–4.3; Figures 2–3; Tables 2–3; Conclusions,convergence/stage_19_audited_refinement.csv,10,0.012796855712192808,mm,A genuine solver output / B calculation,simulation/convergence/stage10_structural_mesh_extra_fine_a01/top_nodes.csv;simulation/convergence/stage10_structural_mesh_extra_fine_a01/element_stress.csv,396a6e659405c1dec14a5b7e3a9e19af543211cac663c49ba33088632833a800;7a974ca084269200ef04f7eff86426e29907edd10af86f89853280e742a0f36c,simulation/convergence/stage10_structural_mesh_extra_fine_a01/case.json,simulation/convergence/stage10_structural_mesh_extra_fine_a01/input.dat,06ffa233e78b7e7421e77415504583aa281d83f870dd0786e1166fcf62756913,6cc103db28a0788c40d6664daf5495411489f1b177bdc7572d103d5d3b4179bc
Q0134,residual_displacement; refinement adjacent_refinement,Abstract; §§4.2–4.3; Figures 2–3; Tables 2–3; Conclusions,convergence/stage_19_audited_refinement.csv,11,0.08674431474540199,mm,A genuine solver output / B calculation,simulation/convergence/stage10_structural_mesh_extra_fine_a01/top_nodes.csv;simulation/convergence/stage10_structural_mesh_extra_fine_a01/element_stress.csv,396a6e659405c1dec14a5b7e3a9e19af543211cac663c49ba33088632833a800;7a974ca084269200ef04f7eff86426e29907edd10af86f89853280e742a0f36c,simulation/convergence/stage10_structural_mesh_extra_fine_a01/case.json,simulation/convergence/stage10_structural_mesh_extra_fine_a01/input.dat,06ffa233e78b7e7421e77415504583aa281d83f870dd0786e1166fcf62756913,6cc103db28a0788c40d6664daf5495411489f1b177bdc7572d103d5d3b4179bc
Q0135,residual_stress_p95; refinement adjacent_refinement,Abstract; §§4.2–4.3; Figures 2–3; Tables 2–3; Conclusions,convergence/stage_19_audited_refinement.csv,12,0.0007082846945081399,MPa,A genuine solver output / B calculation,simulation/convergence/stage10_structural_mesh_extra_fine_a01/top_nodes.csv;simulation/convergence/stage10_structural_mesh_extra_fine_a01/element_stress.csv,396a6e659405c1dec14a5b7e3a9e19af543211cac663c49ba33088632833a800;7a974ca084269200ef04f7eff86426e29907edd10af86f89853280e742a0f36c,simulation/convergence/stage10_structural_mesh_extra_fine_a01/case.json,simulation/convergence/stage10_structural_mesh_extra_fine_a01/input.dat,06ffa233e78b7e7421e77415504583aa281d83f870dd0786e1166fcf62756913,6cc103db28a0788c40d6664daf5495411489f1b177bdc7572d103d5d3b4179bc
Q0136,W_max; refinement adjacent_refinement,Abstract; §§4.2–4.3; Figures 2–3; Tables 2–3; Conclusions,convergence/stage_19_audited_refinement.csv,13,0.012917333182426528,mm,A genuine solver output / B calculation,simulation/convergence/stage10_structural_mesh_ultra_fine_a01/top_nodes.csv;simulation/convergence/stage10_structural_mesh_ultra_fine_a01/element_stress.csv,053e4533f844b457778ec2034bd97af2fc63f2e66b839164e5e0fd7349fb84e9;d090d3b9a336dc0ed01ed3c187f7668e4237448b7c734f8bb0950c70e04ed05d,simulation/convergence/stage10_structural_mesh_ultra_fine_a01/case.json,simulation/convergence/stage10_structural_mesh_ultra_fine_a01/input.dat,7db788cc22d49cc68f6f09d4f962cedaa92fb02ecb7172af1fea054f47951f5c,6cc103db28a0788c40d6664daf5495411489f1b177bdc7572d103d5d3b4179bc
Q0137,residual_displacement; refinement adjacent_refinement,Abstract; §§4.2–4.3; Figures 2–3; Tables 2–3; Conclusions,convergence/stage_19_audited_refinement.csv,14,0.08725224724012685,mm,A genuine solver output / B calculation,simulation/convergence/stage10_structural_mesh_ultra_fine_a01/top_nodes.csv;simulation/convergence/stage10_structural_mesh_ultra_fine_a01/element_stress.csv,053e4533f844b457778ec2034bd97af2fc63f2e66b839164e5e0fd7349fb84e9;d090d3b9a336dc0ed01ed3c187f7668e4237448b7c734f8bb0950c70e04ed05d,simulation/convergence/stage10_structural_mesh_ultra_fine_a01/case.json,simulation/convergence/stage10_structural_mesh_ultra_fine_a01/input.dat,7db788cc22d49cc68f6f09d4f962cedaa92fb02ecb7172af1fea054f47951f5c,6cc103db28a0788c40d6664daf5495411489f1b177bdc7572d103d5d3b4179bc
Q0138,residual_stress_p95; refinement adjacent_refinement,Abstract; §§4.2–4.3; Figures 2–3; Tables 2–3; Conclusions,convergence/stage_19_audited_refinement.csv,15,0.0007229355041833484,MPa,A genuine solver output / B calculation,simulation/convergence/stage10_structural_mesh_ultra_fine_a01/top_nodes.csv;simulation/convergence/stage10_structural_mesh_ultra_fine_a01/element_stress.csv,053e4533f844b457778ec2034bd97af2fc63f2e66b839164e5e0fd7349fb84e9;d090d3b9a336dc0ed01ed3c187f7668e4237448b7c734f8bb0950c70e04ed05d,simulation/convergence/stage10_structural_mesh_ultra_fine_a01/case.json,simulation/convergence/stage10_structural_mesh_ultra_fine_a01/input.dat,7db788cc22d49cc68f6f09d4f962cedaa92fb02ecb7172af1fea054f47951f5c,6cc103db28a0788c40d6664daf5495411489f1b177bdc7572d103d5d3b4179bc
Q0139,thermal_lag_at_300_s; refinement initial_level,Abstract; §§4.2–4.3; Figures 2–3; Tables 2–3; Conclusions,convergence/stage_19_audited_refinement.csv,16,52.37903170136023,degC,A genuine solver output / B calculation,simulation/convergence/stage10_thermal_mesh_coarse_a01/temperature_profile.csv,56fd922fc69543c425570b5528bf29c9865c1311c7332c0269bc058517a543a8,simulation/convergence/stage10_thermal_mesh_coarse_a01/case.json,simulation/convergence/stage10_thermal_mesh_coarse_a01/input.dat,4088c16459a0715dace7a1f927062357d53fa3cc69d94eb657d52d2a9013986e,6cc103db28a0788c40d6664daf5495411489f1b177bdc7572d103d5d3b4179bc
Q0140,temperature_gradient_at_300_s; refinement initial_level,Abstract; §§4.2–4.3; Figures 2–3; Tables 2–3; Conclusions,convergence/stage_19_audited_refinement.csv,17,252.14107325945108,degC/m,A genuine solver output / B calculation,simulation/convergence/stage10_thermal_mesh_coarse_a01/temperature_profile.csv,56fd922fc69543c425570b5528bf29c9865c1311c7332c0269bc058517a543a8,simulation/convergence/stage10_thermal_mesh_coarse_a01/case.json,simulation/convergence/stage10_thermal_mesh_coarse_a01/input.dat,4088c16459a0715dace7a1f927062357d53fa3cc69d94eb657d52d2a9013986e,6cc103db28a0788c40d6664daf5495411489f1b177bdc7572d103d5d3b4179bc
Q0141,thermal_lag_at_300_s; refinement adjacent_refinement,Abstract; §§4.2–4.3; Figures 2–3; Tables 2–3; Conclusions,convergence/stage_19_audited_refinement.csv,18,52.37114783508409,degC,A genuine solver output / B calculation,simulation/convergence/stage10_thermal_mesh_medium_a01/temperature_profile.csv,24c7efc3836639ca037d8a79b86a0404d344dae1117f76882e136dc8604da14a,simulation/convergence/stage10_thermal_mesh_medium_a01/case.json,simulation/convergence/stage10_thermal_mesh_medium_a01/input.dat,d7668e239e6f2af1899fe776ff16b1643a1560a69ff0f908ea7cd057b9d02fea,6cc103db28a0788c40d6664daf5495411489f1b177bdc7572d103d5d3b4179bc
Q0142,temperature_gradient_at_300_s; refinement adjacent_refinement,Abstract; §§4.2–4.3; Figures 2–3; Tables 2–3; Conclusions,convergence/stage_19_audited_refinement.csv,19,252.38404252533613,degC/m,A genuine solver output / B calculation,simulation/convergence/stage10_thermal_mesh_medium_a01/temperature_profile.csv,24c7efc3836639ca037d8a79b86a0404d344dae1117f76882e136dc8604da14a,simulation/convergence/stage10_thermal_mesh_medium_a01/case.json,simulation/convergence/stage10_thermal_mesh_medium_a01/input.dat,d7668e239e6f2af1899fe776ff16b1643a1560a69ff0f908ea7cd057b9d02fea,6cc103db28a0788c40d6664daf5495411489f1b177bdc7572d103d5d3b4179bc
Q0143,thermal_lag_at_300_s; refinement adjacent_refinement,Abstract; §§4.2–4.3; Figures 2–3; Tables 2–3; Conclusions,convergence/stage_19_audited_refinement.csv,20,52.36917459864479,degC,A genuine solver output / B calculation,simulation/convergence/stage10_thermal_mesh_fine_a01/temperature_profile.csv,069f8ebad1031f9695e67999250c466fb1af7985af566bfd30cda3b3bcb4b136,simulation/convergence/stage10_thermal_mesh_fine_a01/case.json,simulation/convergence/stage10_thermal_mesh_fine_a01/input.dat,b7aaaae59d2a046bd12cc31f59aacd5fde2b4ef0033b4bac9cf18e20b596b022,6cc103db28a0788c40d6664daf5495411489f1b177bdc7572d103d5d3b4179bc
Q0144,temperature_gradient_at_300_s; refinement adjacent_refinement,Abstract; §§4.2–4.3; Figures 2–3; Tables 2–3; Conclusions,convergence/stage_19_audited_refinement.csv,21,252.44472202970414,degC/m,A genuine solver output / B calculation,simulation/convergence/stage10_thermal_mesh_fine_a01/temperature_profile.csv,069f8ebad1031f9695e67999250c466fb1af7985af566bfd30cda3b3bcb4b136,simulation/convergence/stage10_thermal_mesh_fine_a01/case.json,simulation/convergence/stage10_thermal_mesh_fine_a01/input.dat,b7aaaae59d2a046bd12cc31f59aacd5fde2b4ef0033b4bac9cf18e20b596b022,6cc103db28a0788c40d6664daf5495411489f1b177bdc7572d103d5d3b4179bc
Q0145,thermal_lag_at_300_s; refinement adjacent_refinement,Abstract; §§4.2–4.3; Figures 2–3; Tables 2–3; Conclusions,convergence/stage_19_audited_refinement.csv,22,52.36868114791232,degC,A genuine solver output / B calculation,simulation/convergence/stage10_thermal_mesh_extra_fine_a01/temperature_profile.csv,5290e2e29017128465c240b8fff67034048f9d6e65b5e3a54a0264a21446c201,simulation/convergence/stage10_thermal_mesh_extra_fine_a01/case.json,simulation/convergence/stage10_thermal_mesh_extra_fine_a01/input.dat,eba30fa1412f27ec8a325799989c5ebc960d266c4659f4df9de063c60f702c0a,6cc103db28a0788c40d6664daf5495411489f1b177bdc7572d103d5d3b4179bc
Q0146,temperature_gradient_at_300_s; refinement adjacent_refinement,Abstract; §§4.2–4.3; Figures 2–3; Tables 2–3; Conclusions,convergence/stage_19_audited_refinement.csv,23,252.45988798495063,degC/m,A genuine solver output / B calculation,simulation/convergence/stage10_thermal_mesh_extra_fine_a01/temperature_profile.csv,5290e2e29017128465c240b8fff67034048f9d6e65b5e3a54a0264a21446c201,simulation/convergence/stage10_thermal_mesh_extra_fine_a01/case.json,simulation/convergence/stage10_thermal_mesh_extra_fine_a01/input.dat,eba30fa1412f27ec8a325799989c5ebc960d266c4659f4df9de063c60f702c0a,6cc103db28a0788c40d6664daf5495411489f1b177bdc7572d103d5d3b4179bc
Q0147,mean_contact_pressure; refinement initial_level,Abstract; §§4.2–4.3; Figures 2–3; Tables 2–3; Conclusions,convergence/stage_19_audited_refinement.csv,24,16.987224102020264,MPa,A genuine solver output / B calculation,simulation/convergence/stage10_contact_mesh_lagrange_coarse_a03/contact_values.csv;simulation/convergence/stage10_contact_mesh_lagrange_coarse_a03/reaction.csv,90a73369cdb024c73110a65ff18f2687eb3665fc98c1e0e01cb16fde807e1726;5823caf5bf607dce636e510e18b6bed01358f31e51193a19f18dc962b3c822ec,simulation/convergence/stage10_contact_mesh_lagrange_coarse_a03/case.json,simulation/convergence/stage10_contact_mesh_lagrange_coarse_a03/input.dat,5c1136a727f9cce5b6121a64a1c68e567f03f59f7d8291d5bb8aead206167180,6cc103db28a0788c40d6664daf5495411489f1b177bdc7572d103d5d3b4179bc
Q0148,maximum_contact_pressure; refinement initial_level,Abstract; §§4.2–4.3; Figures 2–3; Tables 2–3; Conclusions,convergence/stage_19_audited_refinement.csv,25,19.76897144317627,MPa,A genuine solver output / B calculation,simulation/convergence/stage10_contact_mesh_lagrange_coarse_a03/contact_values.csv;simulation/convergence/stage10_contact_mesh_lagrange_coarse_a03/reaction.csv,90a73369cdb024c73110a65ff18f2687eb3665fc98c1e0e01cb16fde807e1726;5823caf5bf607dce636e510e18b6bed01358f31e51193a19f18dc962b3c822ec,simulation/convergence/stage10_contact_mesh_lagrange_coarse_a03/case.json,simulation/convergence/stage10_contact_mesh_lagrange_coarse_a03/input.dat,5c1136a727f9cce5b6121a64a1c68e567f03f59f7d8291d5bb8aead206167180,6cc103db28a0788c40d6664daf5495411489f1b177bdc7572d103d5d3b4179bc
Q0149,maximum_penetration; refinement initial_level,Abstract; §§4.2–4.3; Figures 2–3; Tables 2–3; Conclusions,convergence/stage_19_audited_refinement.csv,26,0.0,mm,A genuine solver output / B calculation,simulation/convergence/stage10_contact_mesh_lagrange_coarse_a03/contact_values.csv;simulation/convergence/stage10_contact_mesh_lagrange_coarse_a03/reaction.csv,90a73369cdb024c73110a65ff18f2687eb3665fc98c1e0e01cb16fde807e1726;5823caf5bf607dce636e510e18b6bed01358f31e51193a19f18dc962b3c822ec,simulation/convergence/stage10_contact_mesh_lagrange_coarse_a03/case.json,simulation/convergence/stage10_contact_mesh_lagrange_coarse_a03/input.dat,5c1136a727f9cce5b6121a64a1c68e567f03f59f7d8291d5bb8aead206167180,6cc103db28a0788c40d6664daf5495411489f1b177bdc7572d103d5d3b4179bc
Q0150,normal_reaction; refinement initial_level,Abstract; §§4.2–4.3; Figures 2–3; Tables 2–3; Conclusions,convergence/stage_19_audited_refinement.csv,27,172.4907592295602,N/mm,A genuine solver output / B calculation,simulation/convergence/stage10_contact_mesh_lagrange_coarse_a03/contact_values.csv;simulation/convergence/stage10_contact_mesh_lagrange_coarse_a03/reaction.csv,90a73369cdb024c73110a65ff18f2687eb3665fc98c1e0e01cb16fde807e1726;5823caf5bf607dce636e510e18b6bed01358f31e51193a19f18dc962b3c822ec,simulation/convergence/stage10_contact_mesh_lagrange_coarse_a03/case.json,simulation/convergence/stage10_contact_mesh_lagrange_coarse_a03/input.dat,5c1136a727f9cce5b6121a64a1c68e567f03f59f7d8291d5bb8aead206167180,6cc103db28a0788c40d6664daf5495411489f1b177bdc7572d103d5d3b4179bc
Q0151,mean_contact_pressure; refinement adjacent_refinement,Abstract; §§4.2–4.3; Figures 2–3; Tables 2–3; Conclusions,convergence/stage_19_audited_refinement.csv,28,17.449091529846193,MPa,A genuine solver output / B calculation,simulation/convergence/stage10_contact_mesh_lagrange_medium_a03/contact_values.csv;simulation/convergence/stage10_contact_mesh_lagrange_medium_a03/reaction.csv,e5cd2d5abc01d8e037f2ad9836177edaca44e25dc3a5188fb29b9a1ab2557b04;6a09d165737a87e4c6c4dc03b43f902506752809df224dc1a14e24053b64d427,simulation/convergence/stage10_contact_mesh_lagrange_medium_a03/case.json,simulation/convergence/stage10_contact_mesh_lagrange_medium_a03/input.dat,5fab1ee6d9f990895e4af426b6cc2fd03f6db315148c81e1a4c4622d90d20723,6cc103db28a0788c40d6664daf5495411489f1b177bdc7572d103d5d3b4179bc
Q0152,maximum_contact_pressure; refinement adjacent_refinement,Abstract; §§4.2–4.3; Figures 2–3; Tables 2–3; Conclusions,convergence/stage_19_audited_refinement.csv,29,20.98779296875,MPa,A genuine solver output / B calculation,simulation/convergence/stage10_contact_mesh_lagrange_medium_a03/contact_values.csv;simulation/convergence/stage10_contact_mesh_lagrange_medium_a03/reaction.csv,e5cd2d5abc01d8e037f2ad9836177edaca44e25dc3a5188fb29b9a1ab2557b04;6a09d165737a87e4c6c4dc03b43f902506752809df224dc1a14e24053b64d427,simulation/convergence/stage10_contact_mesh_lagrange_medium_a03/case.json,simulation/convergence/stage10_contact_mesh_lagrange_medium_a03/input.dat,5fab1ee6d9f990895e4af426b6cc2fd03f6db315148c81e1a4c4622d90d20723,6cc103db28a0788c40d6664daf5495411489f1b177bdc7572d103d5d3b4179bc
Q0153,maximum_penetration; refinement undefined_zero_denominator,Abstract; §§4.2–4.3; Figures 2–3; Tables 2–3; Conclusions,convergence/stage_19_audited_refinement.csv,30,0.0,mm,A genuine solver output / B calculation,simulation/convergence/stage10_contact_mesh_lagrange_medium_a03/contact_values.csv;simulation/convergence/stage10_contact_mesh_lagrange_medium_a03/reaction.csv,e5cd2d5abc01d8e037f2ad9836177edaca44e25dc3a5188fb29b9a1ab2557b04;6a09d165737a87e4c6c4dc03b43f902506752809df224dc1a14e24053b64d427,simulation/convergence/stage10_contact_mesh_lagrange_medium_a03/case.json,simulation/convergence/stage10_contact_mesh_lagrange_medium_a03/input.dat,5fab1ee6d9f990895e4af426b6cc2fd03f6db315148c81e1a4c4622d90d20723,6cc103db28a0788c40d6664daf5495411489f1b177bdc7572d103d5d3b4179bc
Q0154,normal_reaction; refinement adjacent_refinement,Abstract; §§4.2–4.3; Figures 2–3; Tables 2–3; Conclusions,convergence/stage_19_audited_refinement.csv,31,177.26461942569,N/mm,A genuine solver output / B calculation,simulation/convergence/stage10_contact_mesh_lagrange_medium_a03/contact_values.csv;simulation/convergence/stage10_contact_mesh_lagrange_medium_a03/reaction.csv,e5cd2d5abc01d8e037f2ad9836177edaca44e25dc3a5188fb29b9a1ab2557b04;6a09d165737a87e4c6c4dc03b43f902506752809df224dc1a14e24053b64d427,simulation/convergence/stage10_contact_mesh_lagrange_medium_a03/case.json,simulation/convergence/stage10_contact_mesh_lagrange_medium_a03/input.dat,5fab1ee6d9f990895e4af426b6cc2fd03f6db315148c81e1a4c4622d90d20723,6cc103db28a0788c40d6664daf5495411489f1b177bdc7572d103d5d3b4179bc
Q0155,mean_contact_pressure; refinement adjacent_refinement,Abstract; §§4.2–4.3; Figures 2–3; Tables 2–3; Conclusions,convergence/stage_19_audited_refinement.csv,32,17.57205810546875,MPa,A genuine solver output / B calculation,simulation/convergence/stage10_contact_mesh_lagrange_fine_a03/contact_values.csv;simulation/convergence/stage10_contact_mesh_lagrange_fine_a03/reaction.csv,0c31ef18da113d2b3c40b2047051f48685fcfd89369f804cd3812568a4b9ea49;1daae8c1751f95e372c72309620c51e6cc059d26a1989c468e83d4a842d0d28d,simulation/convergence/stage10_contact_mesh_lagrange_fine_a03/case.json,simulation/convergence/stage10_contact_mesh_lagrange_fine_a03/input.dat,d94cdba4321b1ac925c7a57fe214e77ddeb470cc47d50ed62cdef1aafaaf09a2,6cc103db28a0788c40d6664daf5495411489f1b177bdc7572d103d5d3b4179bc
Q0156,maximum_contact_pressure; refinement adjacent_refinement,Abstract; §§4.2–4.3; Figures 2–3; Tables 2–3; Conclusions,convergence/stage_19_audited_refinement.csv,33,21.37877655029297,MPa,A genuine solver output / B calculation,simulation/convergence/stage10_contact_mesh_lagrange_fine_a03/contact_values.csv;simulation/convergence/stage10_contact_mesh_lagrange_fine_a03/reaction.csv,0c31ef18da113d2b3c40b2047051f48685fcfd89369f804cd3812568a4b9ea49;1daae8c1751f95e372c72309620c51e6cc059d26a1989c468e83d4a842d0d28d,simulation/convergence/stage10_contact_mesh_lagrange_fine_a03/case.json,simulation/convergence/stage10_contact_mesh_lagrange_fine_a03/input.dat,d94cdba4321b1ac925c7a57fe214e77ddeb470cc47d50ed62cdef1aafaaf09a2,6cc103db28a0788c40d6664daf5495411489f1b177bdc7572d103d5d3b4179bc
Q0157,maximum_penetration; refinement undefined_zero_denominator,Abstract; §§4.2–4.3; Figures 2–3; Tables 2–3; Conclusions,convergence/stage_19_audited_refinement.csv,34,0.0,mm,A genuine solver output / B calculation,simulation/convergence/stage10_contact_mesh_lagrange_fine_a03/contact_values.csv;simulation/convergence/stage10_contact_mesh_lagrange_fine_a03/reaction.csv,0c31ef18da113d2b3c40b2047051f48685fcfd89369f804cd3812568a4b9ea49;1daae8c1751f95e372c72309620c51e6cc059d26a1989c468e83d4a842d0d28d,simulation/convergence/stage10_contact_mesh_lagrange_fine_a03/case.json,simulation/convergence/stage10_contact_mesh_lagrange_fine_a03/input.dat,d94cdba4321b1ac925c7a57fe214e77ddeb470cc47d50ed62cdef1aafaaf09a2,6cc103db28a0788c40d6664daf5495411489f1b177bdc7572d103d5d3b4179bc
Q0158,normal_reaction; refinement adjacent_refinement,Abstract; §§4.2–4.3; Figures 2–3; Tables 2–3; Conclusions,convergence/stage_19_audited_refinement.csv,35,178.5693896685519,N/mm,A genuine solver output / B calculation,simulation/convergence/stage10_contact_mesh_lagrange_fine_a03/contact_values.csv;simulation/convergence/stage10_contact_mesh_lagrange_fine_a03/reaction.csv,0c31ef18da113d2b3c40b2047051f48685fcfd89369f804cd3812568a4b9ea49;1daae8c1751f95e372c72309620c51e6cc059d26a1989c468e83d4a842d0d28d,simulation/convergence/stage10_contact_mesh_lagrange_fine_a03/case.json,simulation/convergence/stage10_contact_mesh_lagrange_fine_a03/input.dat,d94cdba4321b1ac925c7a57fe214e77ddeb470cc47d50ed62cdef1aafaaf09a2,6cc103db28a0788c40d6664daf5495411489f1b177bdc7572d103d5d3b4179bc
Q0159,mean_contact_pressure; refinement adjacent_refinement,Abstract; §§4.2–4.3; Figures 2–3; Tables 2–3; Conclusions,convergence/stage_19_audited_refinement.csv,36,17.59439951578776,MPa,A genuine solver output / B calculation,simulation/convergence/stage10_contact_mesh_lagrange_extra_fine_a03/contact_values.csv;simulation/convergence/stage10_contact_mesh_lagrange_extra_fine_a03/reaction.csv,f20ba58f1f02d14de5a0e94f61a891759bf172d9508ba3a478e27c96e24609da;255e5ae260ff533a90069273fa19f67062d663bda41e5442afc6f7026e0f1910,simulation/convergence/stage10_contact_mesh_lagrange_extra_fine_a03/case.json,simulation/convergence/stage10_contact_mesh_lagrange_extra_fine_a03/input.dat,ec897318c88cb05445d4815b28cc5412713f1d9416ac35d334e20c86df795d05,6cc103db28a0788c40d6664daf5495411489f1b177bdc7572d103d5d3b4179bc
Q0160,maximum_contact_pressure; refinement adjacent_refinement,Abstract; §§4.2–4.3; Figures 2–3; Tables 2–3; Conclusions,convergence/stage_19_audited_refinement.csv,37,21.45629215240479,MPa,A genuine solver output / B calculation,simulation/convergence/stage10_contact_mesh_lagrange_extra_fine_a03/contact_values.csv;simulation/convergence/stage10_contact_mesh_lagrange_extra_fine_a03/reaction.csv,f20ba58f1f02d14de5a0e94f61a891759bf172d9508ba3a478e27c96e24609da;255e5ae260ff533a90069273fa19f67062d663bda41e5442afc6f7026e0f1910,simulation/convergence/stage10_contact_mesh_lagrange_extra_fine_a03/case.json,simulation/convergence/stage10_contact_mesh_lagrange_extra_fine_a03/input.dat,ec897318c88cb05445d4815b28cc5412713f1d9416ac35d334e20c86df795d05,6cc103db28a0788c40d6664daf5495411489f1b177bdc7572d103d5d3b4179bc
Q0161,maximum_penetration; refinement undefined_zero_denominator,Abstract; §§4.2–4.3; Figures 2–3; Tables 2–3; Conclusions,convergence/stage_19_audited_refinement.csv,38,0.0,mm,A genuine solver output / B calculation,simulation/convergence/stage10_contact_mesh_lagrange_extra_fine_a03/contact_values.csv;simulation/convergence/stage10_contact_mesh_lagrange_extra_fine_a03/reaction.csv,f20ba58f1f02d14de5a0e94f61a891759bf172d9508ba3a478e27c96e24609da;255e5ae260ff533a90069273fa19f67062d663bda41e5442afc6f7026e0f1910,simulation/convergence/stage10_contact_mesh_lagrange_extra_fine_a03/case.json,simulation/convergence/stage10_contact_mesh_lagrange_extra_fine_a03/input.dat,ec897318c88cb05445d4815b28cc5412713f1d9416ac35d334e20c86df795d05,6cc103db28a0788c40d6664daf5495411489f1b177bdc7572d103d5d3b4179bc
Q0162,normal_reaction; refinement adjacent_refinement,Abstract; §§4.2–4.3; Figures 2–3; Tables 2–3; Conclusions,convergence/stage_19_audited_refinement.csv,39,178.8167033749052,N/mm,A genuine solver output / B calculation,simulation/convergence/stage10_contact_mesh_lagrange_extra_fine_a03/contact_values.csv;simulation/convergence/stage10_contact_mesh_lagrange_extra_fine_a03/reaction.csv,f20ba58f1f02d14de5a0e94f61a891759bf172d9508ba3a478e27c96e24609da;255e5ae260ff533a90069273fa19f67062d663bda41e5442afc6f7026e0f1910,simulation/convergence/stage10_contact_mesh_lagrange_extra_fine_a03/case.json,simulation/convergence/stage10_contact_mesh_lagrange_extra_fine_a03/input.dat,ec897318c88cb05445d4815b28cc5412713f1d9416ac35d334e20c86df795d05,6cc103db28a0788c40d6664daf5495411489f1b177bdc7572d103d5d3b4179bc
Q0163,W_max; refinement initial_level,Abstract; §§4.2–4.3; Figures 2–3; Tables 2–3; Conclusions,convergence/stage_19_audited_refinement.csv,40,0.012480749635927928,mm,A genuine solver output / B calculation,simulation/convergence/stage10_structural_time_coarse_a01/top_nodes.csv;simulation/convergence/stage10_structural_time_coarse_a01/element_stress.csv,822d438dece1a4110dd4351b632d511b1fece968e107f5307d8d6086cec0c078;06bee94ed9b0e1c6a316e54a0b365be97fa44e52a88528be6e68f1a21f80e6d2,simulation/convergence/stage10_structural_time_coarse_a01/case.json,simulation/convergence/stage10_structural_time_coarse_a01/input.dat,63665be821a92f57e06151eebcc0e1950f6eab6e4fba5894eb1ab6bfc80cf9ef,6cc103db28a0788c40d6664daf5495411489f1b177bdc7572d103d5d3b4179bc
Q0164,residual_displacement; refinement initial_level,Abstract; §§4.2–4.3; Figures 2–3; Tables 2–3; Conclusions,convergence/stage_19_audited_refinement.csv,41,0.0852010006352994,mm,A genuine solver output / B calculation,simulation/convergence/stage10_structural_time_coarse_a01/top_nodes.csv;simulation/convergence/stage10_structural_time_coarse_a01/element_stress.csv,822d438dece1a4110dd4351b632d511b1fece968e107f5307d8d6086cec0c078;06bee94ed9b0e1c6a316e54a0b365be97fa44e52a88528be6e68f1a21f80e6d2,simulation/convergence/stage10_structural_time_coarse_a01/case.json,simulation/convergence/stage10_structural_time_coarse_a01/input.dat,63665be821a92f57e06151eebcc0e1950f6eab6e4fba5894eb1ab6bfc80cf9ef,6cc103db28a0788c40d6664daf5495411489f1b177bdc7572d103d5d3b4179bc
Q0165,residual_stress_p95; refinement initial_level,Abstract; §§4.2–4.3; Figures 2–3; Tables 2–3; Conclusions,convergence/stage_19_audited_refinement.csv,42,0.0007069894156132846,MPa,A genuine solver output / B calculation,simulation/convergence/stage10_structural_time_coarse_a01/top_nodes.csv;simulation/convergence/stage10_structural_time_coarse_a01/element_stress.csv,822d438dece1a4110dd4351b632d511b1fece968e107f5307d8d6086cec0c078;06bee94ed9b0e1c6a316e54a0b365be97fa44e52a88528be6e68f1a21f80e6d2,simulation/convergence/stage10_structural_time_coarse_a01/case.json,simulation/convergence/stage10_structural_time_coarse_a01/input.dat,63665be821a92f57e06151eebcc0e1950f6eab6e4fba5894eb1ab6bfc80cf9ef,6cc103db28a0788c40d6664daf5495411489f1b177bdc7572d103d5d3b4179bc
Q0166,W_max; refinement adjacent_refinement,Abstract; §§4.2–4.3; Figures 2–3; Tables 2–3; Conclusions,convergence/stage_19_audited_refinement.csv,43,0.012494820186117209,mm,A genuine solver output / B calculation,simulation/convergence/stage10_structural_time_medium_a01/top_nodes.csv;simulation/convergence/stage10_structural_time_medium_a01/element_stress.csv,efe51a37520d197fd8e696a77a64f97ed18fe4c4c623ecbdf6f56b51d432a55b;05a6fffeea166dbce173537e04c3ba49964d7250e3c692822792e5d67401392e,simulation/convergence/stage10_structural_time_medium_a01/case.json,simulation/convergence/stage10_structural_time_medium_a01/input.dat,b1e618d903e09795cee523e1758c320d908b1f4f899a6bbc38cbea6c468aadf4,6cc103db28a0788c40d6664daf5495411489f1b177bdc7572d103d5d3b4179bc
Q0167,residual_displacement; refinement adjacent_refinement,Abstract; §§4.2–4.3; Figures 2–3; Tables 2–3; Conclusions,convergence/stage_19_audited_refinement.csv,44,0.08529745104156762,mm,A genuine solver output / B calculation,simulation/convergence/stage10_structural_time_medium_a01/top_nodes.csv;simulation/convergence/stage10_structural_time_medium_a01/element_stress.csv,efe51a37520d197fd8e696a77a64f97ed18fe4c4c623ecbdf6f56b51d432a55b;05a6fffeea166dbce173537e04c3ba49964d7250e3c692822792e5d67401392e,simulation/convergence/stage10_structural_time_medium_a01/case.json,simulation/convergence/stage10_structural_time_medium_a01/input.dat,b1e618d903e09795cee523e1758c320d908b1f4f899a6bbc38cbea6c468aadf4,6cc103db28a0788c40d6664daf5495411489f1b177bdc7572d103d5d3b4179bc
Q0168,residual_stress_p95; refinement adjacent_refinement,Abstract; §§4.2–4.3; Figures 2–3; Tables 2–3; Conclusions,convergence/stage_19_audited_refinement.csv,45,0.0007080891770546791,MPa,A genuine solver output / B calculation,simulation/convergence/stage10_structural_time_medium_a01/top_nodes.csv;simulation/convergence/stage10_structural_time_medium_a01/element_stress.csv,efe51a37520d197fd8e696a77a64f97ed18fe4c4c623ecbdf6f56b51d432a55b;05a6fffeea166dbce173537e04c3ba49964d7250e3c692822792e5d67401392e,simulation/convergence/stage10_structural_time_medium_a01/case.json,simulation/convergence/stage10_structural_time_medium_a01/input.dat,b1e618d903e09795cee523e1758c320d908b1f4f899a6bbc38cbea6c468aadf4,6cc103db28a0788c40d6664daf5495411489f1b177bdc7572d103d5d3b4179bc
Q0169,W_max; refinement adjacent_refinement,Abstract; §§4.2–4.3; Figures 2–3; Tables 2–3; Conclusions,convergence/stage_19_audited_refinement.csv,46,0.012501772740447878,mm,A genuine solver output / B calculation,simulation/convergence/stage10_structural_mesh_fine_a01/top_nodes.csv;simulation/convergence/stage10_structural_mesh_fine_a01/element_stress.csv,c87abcff4b422e36159f7e93a87bd80d213a180d310aa8ea7f4665c0f9fef896;39f7923a184e52d0b7be19fca6dcc3f5b35a3c742cb3fd5e91b81bcddbef6bfb,simulation/convergence/stage10_structural_mesh_fine_a01/case.json,simulation/convergence/stage10_structural_mesh_fine_a01/input.dat,fe79061edf622a0428c96a678927944fd8797ab1c00267d5906f10eb31a793a1,6cc103db28a0788c40d6664daf5495411489f1b177bdc7572d103d5d3b4179bc
Q0170,residual_displacement; refinement adjacent_refinement,Abstract; §§4.2–4.3; Figures 2–3; Tables 2–3; Conclusions,convergence/stage_19_audited_refinement.csv,47,0.08534517040533586,mm,A genuine solver output / B calculation,simulation/convergence/stage10_structural_mesh_fine_a01/top_nodes.csv;simulation/convergence/stage10_structural_mesh_fine_a01/element_stress.csv,c87abcff4b422e36159f7e93a87bd80d213a180d310aa8ea7f4665c0f9fef896;39f7923a184e52d0b7be19fca6dcc3f5b35a3c742cb3fd5e91b81bcddbef6bfb,simulation/convergence/stage10_structural_mesh_fine_a01/case.json,simulation/convergence/stage10_structural_mesh_fine_a01/input.dat,fe79061edf622a0428c96a678927944fd8797ab1c00267d5906f10eb31a793a1,6cc103db28a0788c40d6664daf5495411489f1b177bdc7572d103d5d3b4179bc
Q0171,residual_stress_p95; refinement adjacent_refinement,Abstract; §§4.2–4.3; Figures 2–3; Tables 2–3; Conclusions,convergence/stage_19_audited_refinement.csv,48,0.0007046091903161985,MPa,A genuine solver output / B calculation,simulation/convergence/stage10_structural_mesh_fine_a01/top_nodes.csv;simulation/convergence/stage10_structural_mesh_fine_a01/element_stress.csv,c87abcff4b422e36159f7e93a87bd80d213a180d310aa8ea7f4665c0f9fef896;39f7923a184e52d0b7be19fca6dcc3f5b35a3c742cb3fd5e91b81bcddbef6bfb,simulation/convergence/stage10_structural_mesh_fine_a01/case.json,simulation/convergence/stage10_structural_mesh_fine_a01/input.dat,fe79061edf622a0428c96a678927944fd8797ab1c00267d5906f10eb31a793a1,6cc103db28a0788c40d6664daf5495411489f1b177bdc7572d103d5d3b4179bc
Q0172,W_max; refinement adjacent_refinement,Abstract; §§4.2–4.3; Figures 2–3; Tables 2–3; Conclusions,convergence/stage_19_audited_refinement.csv,49,0.012502159522243386,mm,A genuine solver output / B calculation,simulation/convergence/stage10_structural_time_extra_fine_a01/top_nodes.csv;simulation/convergence/stage10_structural_time_extra_fine_a01/element_stress.csv,295f7d239bbbfe6bdac604323bdcb9b0e4db4e513f1920c36d09707822480527;f23604e5f932d768bb40faf13ca2aed7be0f32d3228dd37d475a403774204b6b,simulation/convergence/stage10_structural_time_extra_fine_a01/case.json,simulation/convergence/stage10_structural_time_extra_fine_a01/input.dat,41aca7a86f8119f2064fef8f8a0b2cf43fa0feacd6219a405aae8cb4111e9c3d,6cc103db28a0788c40d6664daf5495411489f1b177bdc7572d103d5d3b4179bc
Q0173,residual_displacement; refinement adjacent_refinement,Abstract; §§4.2–4.3; Figures 2–3; Tables 2–3; Conclusions,convergence/stage_19_audited_refinement.csv,50,0.08534791261432,mm,A genuine solver output / B calculation,simulation/convergence/stage10_structural_time_extra_fine_a01/top_nodes.csv;simulation/convergence/stage10_structural_time_extra_fine_a01/element_stress.csv,295f7d239bbbfe6bdac604323bdcb9b0e4db4e513f1920c36d09707822480527;f23604e5f932d768bb40faf13ca2aed7be0f32d3228dd37d475a403774204b6b,simulation/convergence/stage10_structural_time_extra_fine_a01/case.json,simulation/convergence/stage10_structural_time_extra_fine_a01/input.dat,41aca7a86f8119f2064fef8f8a0b2cf43fa0feacd6219a405aae8cb4111e9c3d,6cc103db28a0788c40d6664daf5495411489f1b177bdc7572d103d5d3b4179bc
Q0174,residual_stress_p95; refinement adjacent_refinement,Abstract; §§4.2–4.3; Figures 2–3; Tables 2–3; Conclusions,convergence/stage_19_audited_refinement.csv,51,0.0007036497078524883,MPa,A genuine solver output / B calculation,simulation/convergence/stage10_structural_time_extra_fine_a01/top_nodes.csv;simulation/convergence/stage10_structural_time_extra_fine_a01/element_stress.csv,295f7d239bbbfe6bdac604323bdcb9b0e4db4e513f1920c36d09707822480527;f23604e5f932d768bb40faf13ca2aed7be0f32d3228dd37d475a403774204b6b,simulation/convergence/stage10_structural_time_extra_fine_a01/case.json,simulation/convergence/stage10_structural_time_extra_fine_a01/input.dat,41aca7a86f8119f2064fef8f8a0b2cf43fa0feacd6219a405aae8cb4111e9c3d,6cc103db28a0788c40d6664daf5495411489f1b177bdc7572d103d5d3b4179bc
Q0175,thermal_lag_at_300_s; refinement initial_level,Abstract; §§4.2–4.3; Figures 2–3; Tables 2–3; Conclusions,convergence/stage_19_audited_refinement.csv,52,52.26380302885987,degC,A genuine solver output / B calculation,simulation/convergence/stage10_thermal_time_coarse_a01/temperature_profile.csv,aa911f338ebe12c6d21b600972095cd09a7524089864875d841b1c202e72beab,simulation/convergence/stage10_thermal_time_coarse_a01/case.json,simulation/convergence/stage10_thermal_time_coarse_a01/input.dat,b3ae66c64bb033ec2e51d47aaab1d7fa839dda86a4ad69756b87e529f1a159b8,6cc103db28a0788c40d6664daf5495411489f1b177bdc7572d103d5d3b4179bc
Q0176,temperature_gradient_at_300_s; refinement initial_level,Abstract; §§4.2–4.3; Figures 2–3; Tables 2–3; Conclusions,convergence/stage_19_audited_refinement.csv,53,251.94622800055555,degC/m,A genuine solver output / B calculation,simulation/convergence/stage10_thermal_time_coarse_a01/temperature_profile.csv,aa911f338ebe12c6d21b600972095cd09a7524089864875d841b1c202e72beab,simulation/convergence/stage10_thermal_time_coarse_a01/case.json,simulation/convergence/stage10_thermal_time_coarse_a01/input.dat,b3ae66c64bb033ec2e51d47aaab1d7fa839dda86a4ad69756b87e529f1a159b8,6cc103db28a0788c40d6664daf5495411489f1b177bdc7572d103d5d3b4179bc
Q0177,temperature_profile_L2_excursion; refinement initial_level,Abstract; §§4.2–4.3; Figures 2–3; Tables 2–3; Conclusions,convergence/stage_19_audited_refinement.csv,54,23.722619789661287,degC,A genuine solver output / B calculation,simulation/convergence/stage10_thermal_time_coarse_a01/temperature_profile.csv,aa911f338ebe12c6d21b600972095cd09a7524089864875d841b1c202e72beab,simulation/convergence/stage10_thermal_time_coarse_a01/case.json,simulation/convergence/stage10_thermal_time_coarse_a01/input.dat,b3ae66c64bb033ec2e51d47aaab1d7fa839dda86a4ad69756b87e529f1a159b8,6cc103db28a0788c40d6664daf5495411489f1b177bdc7572d103d5d3b4179bc
Q0178,thermal_lag_at_300_s; refinement adjacent_refinement,Abstract; §§4.2–4.3; Figures 2–3; Tables 2–3; Conclusions,convergence/stage_19_audited_refinement.csv,55,52.35208286164191,degC,A genuine solver output / B calculation,simulation/convergence/stage10_thermal_time_medium_a01/temperature_profile.csv,0e388bd1875c3b97f16c6f9dad6768a743e11af359763224fa11fffb0812d632,simulation/convergence/stage10_thermal_time_medium_a01/case.json,simulation/convergence/stage10_thermal_time_medium_a01/input.dat,a399cf727376fcc181c5b82851ac79e4d45bf0341af62903746c45db806ae09a,6cc103db28a0788c40d6664daf5495411489f1b177bdc7572d103d5d3b4179bc
Q0179,temperature_gradient_at_300_s; refinement adjacent_refinement,Abstract; §§4.2–4.3; Figures 2–3; Tables 2–3; Conclusions,convergence/stage_19_audited_refinement.csv,56,252.3785948082093,degC/m,A genuine solver output / B calculation,simulation/convergence/stage10_thermal_time_medium_a01/temperature_profile.csv,0e388bd1875c3b97f16c6f9dad6768a743e11af359763224fa11fffb0812d632,simulation/convergence/stage10_thermal_time_medium_a01/case.json,simulation/convergence/stage10_thermal_time_medium_a01/input.dat,a399cf727376fcc181c5b82851ac79e4d45bf0341af62903746c45db806ae09a,6cc103db28a0788c40d6664daf5495411489f1b177bdc7572d103d5d3b4179bc
Q0180,temperature_profile_L2_excursion; refinement adjacent_refinement,Abstract; §§4.2–4.3; Figures 2–3; Tables 2–3; Conclusions,convergence/stage_19_audited_refinement.csv,57,23.743766085696805,degC,A genuine solver output / B calculation,simulation/convergence/stage10_thermal_time_medium_a01/temperature_profile.csv,0e388bd1875c3b97f16c6f9dad6768a743e11af359763224fa11fffb0812d632,simulation/convergence/stage10_thermal_time_medium_a01/case.json,simulation/convergence/stage10_thermal_time_medium_a01/input.dat,a399cf727376fcc181c5b82851ac79e4d45bf0341af62903746c45db806ae09a,6cc103db28a0788c40d6664daf5495411489f1b177bdc7572d103d5d3b4179bc
Q0181,thermal_lag_at_300_s; refinement adjacent_refinement,Abstract; §§4.2–4.3; Figures 2–3; Tables 2–3; Conclusions,convergence/stage_19_audited_refinement.csv,58,52.36868114791232,degC,A genuine solver output / B calculation,simulation/convergence/stage10_thermal_mesh_extra_fine_a01/temperature_profile.csv,5290e2e29017128465c240b8fff67034048f9d6e65b5e3a54a0264a21446c201,simulation/convergence/stage10_thermal_mesh_extra_fine_a01/case.json,simulation/convergence/stage10_thermal_mesh_extra_fine_a01/input.dat,eba30fa1412f27ec8a325799989c5ebc960d266c4659f4df9de063c60f702c0a,6cc103db28a0788c40d6664daf5495411489f1b177bdc7572d103d5d3b4179bc
Q0182,temperature_gradient_at_300_s; refinement adjacent_refinement,Abstract; §§4.2–4.3; Figures 2–3; Tables 2–3; Conclusions,convergence/stage_19_audited_refinement.csv,59,252.45988798495063,degC/m,A genuine solver output / B calculation,simulation/convergence/stage10_thermal_mesh_extra_fine_a01/temperature_profile.csv,5290e2e29017128465c240b8fff67034048f9d6e65b5e3a54a0264a21446c201,simulation/convergence/stage10_thermal_mesh_extra_fine_a01/case.json,simulation/convergence/stage10_thermal_mesh_extra_fine_a01/input.dat,eba30fa1412f27ec8a325799989c5ebc960d266c4659f4df9de063c60f702c0a,6cc103db28a0788c40d6664daf5495411489f1b177bdc7572d103d5d3b4179bc
Q0183,temperature_profile_L2_excursion; refinement adjacent_refinement,Abstract; §§4.2–4.3; Figures 2–3; Tables 2–3; Conclusions,convergence/stage_19_audited_refinement.csv,60,23.747764666079863,degC,A genuine solver output / B calculation,simulation/convergence/stage10_thermal_mesh_extra_fine_a01/temperature_profile.csv,5290e2e29017128465c240b8fff67034048f9d6e65b5e3a54a0264a21446c201,simulation/convergence/stage10_thermal_mesh_extra_fine_a01/case.json,simulation/convergence/stage10_thermal_mesh_extra_fine_a01/input.dat,eba30fa1412f27ec8a325799989c5ebc960d266c4659f4df9de063c60f702c0a,6cc103db28a0788c40d6664daf5495411489f1b177bdc7572d103d5d3b4179bc
Q0184,thermal_lag_at_300_s; refinement adjacent_refinement,Abstract; §§4.2–4.3; Figures 2–3; Tables 2–3; Conclusions,convergence/stage_19_audited_refinement.csv,61,52.37144894024653,degC,A genuine solver output / B calculation,simulation/convergence/stage10_thermal_time_extra_fine_a01/temperature_profile.csv,5e2314cabb2da5d1f1938683cadd61c6e2c0f9dc956eb85ed1112f90cb7de20e,simulation/convergence/stage10_thermal_time_extra_fine_a01/case.json,simulation/convergence/stage10_thermal_time_extra_fine_a01/input.dat,ab7b65c3eeb351509b3277f947f26cc86b5baf15b7532bcac4157bd19e8c1c75,6cc103db28a0788c40d6664daf5495411489f1b177bdc7572d103d5d3b4179bc
Q0185,temperature_gradient_at_300_s; refinement adjacent_refinement,Abstract; §§4.2–4.3; Figures 2–3; Tables 2–3; Conclusions,convergence/stage_19_audited_refinement.csv,62,252.4734437597779,degC/m,A genuine solver output / B calculation,simulation/convergence/stage10_thermal_time_extra_fine_a01/temperature_profile.csv,5e2314cabb2da5d1f1938683cadd61c6e2c0f9dc956eb85ed1112f90cb7de20e,simulation/convergence/stage10_thermal_time_extra_fine_a01/case.json,simulation/convergence/stage10_thermal_time_extra_fine_a01/input.dat,ab7b65c3eeb351509b3277f947f26cc86b5baf15b7532bcac4157bd19e8c1c75,6cc103db28a0788c40d6664daf5495411489f1b177bdc7572d103d5d3b4179bc
Q0186,temperature_profile_L2_excursion; refinement adjacent_refinement,Abstract; §§4.2–4.3; Figures 2–3; Tables 2–3; Conclusions,convergence/stage_19_audited_refinement.csv,63,23.74843213357365,degC,A genuine solver output / B calculation,simulation/convergence/stage10_thermal_time_extra_fine_a01/temperature_profile.csv,5e2314cabb2da5d1f1938683cadd61c6e2c0f9dc956eb85ed1112f90cb7de20e,simulation/convergence/stage10_thermal_time_extra_fine_a01/case.json,simulation/convergence/stage10_thermal_time_extra_fine_a01/input.dat,ab7b65c3eeb351509b3277f947f26cc86b5baf15b7532bcac4157bd19e8c1c75,6cc103db28a0788c40d6664daf5495411489f1b177bdc7572d103d5d3b4179bc
Q0187,penalty_fkn_0p1 mean_contact_pressure_MPa,§4.14; Figure 4; Table S7,convergence/contact_sensitivity.csv,1,16.9989238739,mean_contact_pressure_MPa,A genuine solver output / B calculation,simulation/convergence/stage10_contact_penalty_fkn_0p1_a03/contact_values.csv;simulation/convergence/stage10_contact_penalty_fkn_0p1_a03/reaction.csv,a2c695b1705f843e7b99be2a0eae3208052089c9ad46d1d84c492b7c037d2744;d6247df8be0d791a91dfd6f6ce88e42c58bf4109e6e56aceb4b6a84594e28af3,simulation/convergence/stage10_contact_penalty_fkn_0p1_a03/case.json,simulation/convergence/stage10_contact_penalty_fkn_0p1_a03/input.dat,cb999ef431077db7c6df65d8ddf4d5fba31dcabb2458b19908f7d5a1add7459a,6b8fb4558c71b63c59d2fd719b9f92b785820425575f928d57c8924cc565eff5
Q0188,penalty_fkn_0p1 maximum_contact_pressure_MPa,§4.14; Figure 4; Table S7,convergence/contact_sensitivity.csv,1,17.9425544739,maximum_contact_pressure_MPa,A genuine solver output / B calculation,simulation/convergence/stage10_contact_penalty_fkn_0p1_a03/contact_values.csv;simulation/convergence/stage10_contact_penalty_fkn_0p1_a03/reaction.csv,a2c695b1705f843e7b99be2a0eae3208052089c9ad46d1d84c492b7c037d2744;d6247df8be0d791a91dfd6f6ce88e42c58bf4109e6e56aceb4b6a84594e28af3,simulation/convergence/stage10_contact_penalty_fkn_0p1_a03/case.json,simulation/convergence/stage10_contact_penalty_fkn_0p1_a03/input.dat,cb999ef431077db7c6df65d8ddf4d5fba31dcabb2458b19908f7d5a1add7459a,6b8fb4558c71b63c59d2fd719b9f92b785820425575f928d57c8924cc565eff5
Q0189,penalty_fkn_0p1 maximum_penetration_mm,§4.14; Figure 4; Table S7,convergence/contact_sensitivity.csv,1,0.00112140964484,maximum_penetration_mm,A genuine solver output / B calculation,simulation/convergence/stage10_contact_penalty_fkn_0p1_a03/contact_values.csv;simulation/convergence/stage10_contact_penalty_fkn_0p1_a03/reaction.csv,a2c695b1705f843e7b99be2a0eae3208052089c9ad46d1d84c492b7c037d2744;d6247df8be0d791a91dfd6f6ce88e42c58bf4109e6e56aceb4b6a84594e28af3,simulation/convergence/stage10_contact_penalty_fkn_0p1_a03/case.json,simulation/convergence/stage10_contact_penalty_fkn_0p1_a03/input.dat,cb999ef431077db7c6df65d8ddf4d5fba31dcabb2458b19908f7d5a1add7459a,6b8fb4558c71b63c59d2fd719b9f92b785820425575f928d57c8924cc565eff5
Q0190,penalty_fkn_0p1 normal_reaction_N_per_mm,§4.14; Figure 4; Table S7,convergence/contact_sensitivity.csv,1,172.746218672,normal_reaction_N_per_mm,A genuine solver output / B calculation,simulation/convergence/stage10_contact_penalty_fkn_0p1_a03/contact_values.csv;simulation/convergence/stage10_contact_penalty_fkn_0p1_a03/reaction.csv,a2c695b1705f843e7b99be2a0eae3208052089c9ad46d1d84c492b7c037d2744;d6247df8be0d791a91dfd6f6ce88e42c58bf4109e6e56aceb4b6a84594e28af3,simulation/convergence/stage10_contact_penalty_fkn_0p1_a03/case.json,simulation/convergence/stage10_contact_penalty_fkn_0p1_a03/input.dat,cb999ef431077db7c6df65d8ddf4d5fba31dcabb2458b19908f7d5a1add7459a,6b8fb4558c71b63c59d2fd719b9f92b785820425575f928d57c8924cc565eff5
Q0191,penalty_fkn_1 mean_contact_pressure_MPa,§4.14; Figure 4; Table S7,convergence/contact_sensitivity.csv,2,17.5367683291,mean_contact_pressure_MPa,A genuine solver output / B calculation,simulation/convergence/stage10_contact_penalty_fkn_1_a03/contact_values.csv;simulation/convergence/stage10_contact_penalty_fkn_1_a03/reaction.csv,ad400f0e7b1f616b2168e30d4e1e2562f0e8a5811df9447ef757f7867c5aa364;abfc93b38181c5a83959845631113a3ac9e254ca319016d8cb46da450471202e,simulation/convergence/stage10_contact_penalty_fkn_1_a03/case.json,simulation/convergence/stage10_contact_penalty_fkn_1_a03/input.dat,2a785a2571cbe1f2eefd780959790469dc799d13d0439178ac16db6c58d0d402,6b8fb4558c71b63c59d2fd719b9f92b785820425575f928d57c8924cc565eff5
Q0192,penalty_fkn_1 maximum_contact_pressure_MPa,§4.14; Figure 4; Table S7,convergence/contact_sensitivity.csv,2,24.4283504486,maximum_contact_pressure_MPa,A genuine solver output / B calculation,simulation/convergence/stage10_contact_penalty_fkn_1_a03/contact_values.csv;simulation/convergence/stage10_contact_penalty_fkn_1_a03/reaction.csv,ad400f0e7b1f616b2168e30d4e1e2562f0e8a5811df9447ef757f7867c5aa364;abfc93b38181c5a83959845631113a3ac9e254ca319016d8cb46da450471202e,simulation/convergence/stage10_contact_penalty_fkn_1_a03/case.json,simulation/convergence/stage10_contact_penalty_fkn_1_a03/input.dat,2a785a2571cbe1f2eefd780959790469dc799d13d0439178ac16db6c58d0d402,6b8fb4558c71b63c59d2fd719b9f92b785820425575f928d57c8924cc565eff5
Q0193,penalty_fkn_1 maximum_penetration_mm,§4.14; Figure 4; Table S7,convergence/contact_sensitivity.csv,2,0.000152677195729,maximum_penetration_mm,A genuine solver output / B calculation,simulation/convergence/stage10_contact_penalty_fkn_1_a03/contact_values.csv;simulation/convergence/stage10_contact_penalty_fkn_1_a03/reaction.csv,ad400f0e7b1f616b2168e30d4e1e2562f0e8a5811df9447ef757f7867c5aa364;abfc93b38181c5a83959845631113a3ac9e254ca319016d8cb46da450471202e,simulation/convergence/stage10_contact_penalty_fkn_1_a03/case.json,simulation/convergence/stage10_contact_penalty_fkn_1_a03/input.dat,2a785a2571cbe1f2eefd780959790469dc799d13d0439178ac16db6c58d0d402,6b8fb4558c71b63c59d2fd719b9f92b785820425575f928d57c8924cc565eff5
Q0194,penalty_fkn_1 normal_reaction_N_per_mm,§4.14; Figure 4; Table S7,convergence/contact_sensitivity.csv,2,178.214574168,normal_reaction_N_per_mm,A genuine solver output / B calculation,simulation/convergence/stage10_contact_penalty_fkn_1_a03/contact_values.csv;simulation/convergence/stage10_contact_penalty_fkn_1_a03/reaction.csv,ad400f0e7b1f616b2168e30d4e1e2562f0e8a5811df9447ef757f7867c5aa364;abfc93b38181c5a83959845631113a3ac9e254ca319016d8cb46da450471202e,simulation/convergence/stage10_contact_penalty_fkn_1_a03/case.json,simulation/convergence/stage10_contact_penalty_fkn_1_a03/input.dat,2a785a2571cbe1f2eefd780959790469dc799d13d0439178ac16db6c58d0d402,6b8fb4558c71b63c59d2fd719b9f92b785820425575f928d57c8924cc565eff5
Q0195,penalty_fkn_10 mean_contact_pressure_MPa,§4.14; Figure 4; Table S7,convergence/contact_sensitivity.csv,3,17.6241850138,mean_contact_pressure_MPa,A genuine solver output / B calculation,simulation/convergence/stage10_contact_penalty_fkn_10_a03/contact_values.csv;simulation/convergence/stage10_contact_penalty_fkn_10_a03/reaction.csv,7039bc954c2b75dca5cf3353e03b458a65b1bd40224face583606f3d868923b1;34842a8c2faf20cee2672a8818cfb6f3ff617a036bb6c9c2d194265ba6cdccfd,simulation/convergence/stage10_contact_penalty_fkn_10_a03/case.json,simulation/convergence/stage10_contact_penalty_fkn_10_a03/input.dat,38a1051ae814c54aa48d22df360d06872dee3d5319177e847803d5abaeceab5d,6b8fb4558c71b63c59d2fd719b9f92b785820425575f928d57c8924cc565eff5
Q0196,penalty_fkn_10 maximum_contact_pressure_MPa,§4.14; Figure 4; Table S7,convergence/contact_sensitivity.csv,3,28.947602272,maximum_contact_pressure_MPa,A genuine solver output / B calculation,simulation/convergence/stage10_contact_penalty_fkn_10_a03/contact_values.csv;simulation/convergence/stage10_contact_penalty_fkn_10_a03/reaction.csv,7039bc954c2b75dca5cf3353e03b458a65b1bd40224face583606f3d868923b1;34842a8c2faf20cee2672a8818cfb6f3ff617a036bb6c9c2d194265ba6cdccfd,simulation/convergence/stage10_contact_penalty_fkn_10_a03/case.json,simulation/convergence/stage10_contact_penalty_fkn_10_a03/input.dat,38a1051ae814c54aa48d22df360d06872dee3d5319177e847803d5abaeceab5d,6b8fb4558c71b63c59d2fd719b9f92b785820425575f928d57c8924cc565eff5
Q0197,penalty_fkn_10 maximum_penetration_mm,§4.14; Figure 4; Table S7,convergence/contact_sensitivity.csv,3,1.8092251139e-05,maximum_penetration_mm,A genuine solver output / B calculation,simulation/convergence/stage10_contact_penalty_fkn_10_a03/contact_values.csv;simulation/convergence/stage10_contact_penalty_fkn_10_a03/reaction.csv,7039bc954c2b75dca5cf3353e03b458a65b1bd40224face583606f3d868923b1;34842a8c2faf20cee2672a8818cfb6f3ff617a036bb6c9c2d194265ba6cdccfd,simulation/convergence/stage10_contact_penalty_fkn_10_a03/case.json,simulation/convergence/stage10_contact_penalty_fkn_10_a03/input.dat,38a1051ae814c54aa48d22df360d06872dee3d5319177e847803d5abaeceab5d,6b8fb4558c71b63c59d2fd719b9f92b785820425575f928d57c8924cc565eff5
Q0198,penalty_fkn_10 normal_reaction_N_per_mm,§4.14; Figure 4; Table S7,convergence/contact_sensitivity.csv,3,178.812141778,normal_reaction_N_per_mm,A genuine solver output / B calculation,simulation/convergence/stage10_contact_penalty_fkn_10_a03/contact_values.csv;simulation/convergence/stage10_contact_penalty_fkn_10_a03/reaction.csv,7039bc954c2b75dca5cf3353e03b458a65b1bd40224face583606f3d868923b1;34842a8c2faf20cee2672a8818cfb6f3ff617a036bb6c9c2d194265ba6cdccfd,simulation/convergence/stage10_contact_penalty_fkn_10_a03/case.json,simulation/convergence/stage10_contact_penalty_fkn_10_a03/input.dat,38a1051ae814c54aa48d22df360d06872dee3d5319177e847803d5abaeceab5d,6b8fb4558c71b63c59d2fd719b9f92b785820425575f928d57c8924cc565eff5
Q0199,augmented_fkn_0p1 mean_contact_pressure_MPa,§4.14; Figure 4; Table S7,convergence/contact_sensitivity.csv,4,16.9989238739,mean_contact_pressure_MPa,A genuine solver output / B calculation,simulation/convergence/stage10_contact_augmented_fkn_0p1_a03/contact_values.csv;simulation/convergence/stage10_contact_augmented_fkn_0p1_a03/reaction.csv,a2c695b1705f843e7b99be2a0eae3208052089c9ad46d1d84c492b7c037d2744;d6247df8be0d791a91dfd6f6ce88e42c58bf4109e6e56aceb4b6a84594e28af3,simulation/convergence/stage10_contact_augmented_fkn_0p1_a03/case.json,simulation/convergence/stage10_contact_augmented_fkn_0p1_a03/input.dat,59ec0481bc4f3d4a99e4ef71eea84bbe504ff6b0304d1a7f4873fce92732445e,6b8fb4558c71b63c59d2fd719b9f92b785820425575f928d57c8924cc565eff5
Q0200,augmented_fkn_0p1 maximum_contact_pressure_MPa,§4.14; Figure 4; Table S7,convergence/contact_sensitivity.csv,4,17.9425544739,maximum_contact_pressure_MPa,A genuine solver output / B calculation,simulation/convergence/stage10_contact_augmented_fkn_0p1_a03/contact_values.csv;simulation/convergence/stage10_contact_augmented_fkn_0p1_a03/reaction.csv,a2c695b1705f843e7b99be2a0eae3208052089c9ad46d1d84c492b7c037d2744;d6247df8be0d791a91dfd6f6ce88e42c58bf4109e6e56aceb4b6a84594e28af3,simulation/convergence/stage10_contact_augmented_fkn_0p1_a03/case.json,simulation/convergence/stage10_contact_augmented_fkn_0p1_a03/input.dat,59ec0481bc4f3d4a99e4ef71eea84bbe504ff6b0304d1a7f4873fce92732445e,6b8fb4558c71b63c59d2fd719b9f92b785820425575f928d57c8924cc565eff5
Q0201,augmented_fkn_0p1 maximum_penetration_mm,§4.14; Figure 4; Table S7,convergence/contact_sensitivity.csv,4,0.00112140964484,maximum_penetration_mm,A genuine solver output / B calculation,simulation/convergence/stage10_contact_augmented_fkn_0p1_a03/contact_values.csv;simulation/convergence/stage10_contact_augmented_fkn_0p1_a03/reaction.csv,a2c695b1705f843e7b99be2a0eae3208052089c9ad46d1d84c492b7c037d2744;d6247df8be0d791a91dfd6f6ce88e42c58bf4109e6e56aceb4b6a84594e28af3,simulation/convergence/stage10_contact_augmented_fkn_0p1_a03/case.json,simulation/convergence/stage10_contact_augmented_fkn_0p1_a03/input.dat,59ec0481bc4f3d4a99e4ef71eea84bbe504ff6b0304d1a7f4873fce92732445e,6b8fb4558c71b63c59d2fd719b9f92b785820425575f928d57c8924cc565eff5
Q0202,augmented_fkn_0p1 normal_reaction_N_per_mm,§4.14; Figure 4; Table S7,convergence/contact_sensitivity.csv,4,172.746218672,normal_reaction_N_per_mm,A genuine solver output / B calculation,simulation/convergence/stage10_contact_augmented_fkn_0p1_a03/contact_values.csv;simulation/convergence/stage10_contact_augmented_fkn_0p1_a03/reaction.csv,a2c695b1705f843e7b99be2a0eae3208052089c9ad46d1d84c492b7c037d2744;d6247df8be0d791a91dfd6f6ce88e42c58bf4109e6e56aceb4b6a84594e28af3,simulation/convergence/stage10_contact_augmented_fkn_0p1_a03/case.json,simulation/convergence/stage10_contact_augmented_fkn_0p1_a03/input.dat,59ec0481bc4f3d4a99e4ef71eea84bbe504ff6b0304d1a7f4873fce92732445e,6b8fb4558c71b63c59d2fd719b9f92b785820425575f928d57c8924cc565eff5
Q0203,augmented_fkn_1 mean_contact_pressure_MPa,§4.14; Figure 4; Table S7,convergence/contact_sensitivity.csv,5,17.5367683291,mean_contact_pressure_MPa,A genuine solver output / B calculation,simulation/convergence/stage10_contact_mesh_fine_a03/contact_values.csv;simulation/convergence/stage10_contact_mesh_fine_a03/reaction.csv,ad400f0e7b1f616b2168e30d4e1e2562f0e8a5811df9447ef757f7867c5aa364;abfc93b38181c5a83959845631113a3ac9e254ca319016d8cb46da450471202e,simulation/convergence/stage10_contact_mesh_fine_a03/case.json,simulation/convergence/stage10_contact_mesh_fine_a03/input.dat,5c2fddd4490608473d7635c5e13bc6f8af6aac89e0daeb4fd9716de88e8ed2c8,6b8fb4558c71b63c59d2fd719b9f92b785820425575f928d57c8924cc565eff5
Q0204,augmented_fkn_1 maximum_contact_pressure_MPa,§4.14; Figure 4; Table S7,convergence/contact_sensitivity.csv,5,24.4283504486,maximum_contact_pressure_MPa,A genuine solver output / B calculation,simulation/convergence/stage10_contact_mesh_fine_a03/contact_values.csv;simulation/convergence/stage10_contact_mesh_fine_a03/reaction.csv,ad400f0e7b1f616b2168e30d4e1e2562f0e8a5811df9447ef757f7867c5aa364;abfc93b38181c5a83959845631113a3ac9e254ca319016d8cb46da450471202e,simulation/convergence/stage10_contact_mesh_fine_a03/case.json,simulation/convergence/stage10_contact_mesh_fine_a03/input.dat,5c2fddd4490608473d7635c5e13bc6f8af6aac89e0daeb4fd9716de88e8ed2c8,6b8fb4558c71b63c59d2fd719b9f92b785820425575f928d57c8924cc565eff5
Q0205,augmented_fkn_1 maximum_penetration_mm,§4.14; Figure 4; Table S7,convergence/contact_sensitivity.csv,5,0.000152677195729,maximum_penetration_mm,A genuine solver output / B calculation,simulation/convergence/stage10_contact_mesh_fine_a03/contact_values.csv;simulation/convergence/stage10_contact_mesh_fine_a03/reaction.csv,ad400f0e7b1f616b2168e30d4e1e2562f0e8a5811df9447ef757f7867c5aa364;abfc93b38181c5a83959845631113a3ac9e254ca319016d8cb46da450471202e,simulation/convergence/stage10_contact_mesh_fine_a03/case.json,simulation/convergence/stage10_contact_mesh_fine_a03/input.dat,5c2fddd4490608473d7635c5e13bc6f8af6aac89e0daeb4fd9716de88e8ed2c8,6b8fb4558c71b63c59d2fd719b9f92b785820425575f928d57c8924cc565eff5
Q0206,augmented_fkn_1 normal_reaction_N_per_mm,§4.14; Figure 4; Table S7,convergence/contact_sensitivity.csv,5,178.214574168,normal_reaction_N_per_mm,A genuine solver output / B calculation,simulation/convergence/stage10_contact_mesh_fine_a03/contact_values.csv;simulation/convergence/stage10_contact_mesh_fine_a03/reaction.csv,ad400f0e7b1f616b2168e30d4e1e2562f0e8a5811df9447ef757f7867c5aa364;abfc93b38181c5a83959845631113a3ac9e254ca319016d8cb46da450471202e,simulation/convergence/stage10_contact_mesh_fine_a03/case.json,simulation/convergence/stage10_contact_mesh_fine_a03/input.dat,5c2fddd4490608473d7635c5e13bc6f8af6aac89e0daeb4fd9716de88e8ed2c8,6b8fb4558c71b63c59d2fd719b9f92b785820425575f928d57c8924cc565eff5
Q0207,augmented_fkn_10 mean_contact_pressure_MPa,§4.14; Figure 4; Table S7,convergence/contact_sensitivity.csv,6,17.6241850138,mean_contact_pressure_MPa,A genuine solver output / B calculation,simulation/convergence/stage10_contact_augmented_fkn_10_a03/contact_values.csv;simulation/convergence/stage10_contact_augmented_fkn_10_a03/reaction.csv,7039bc954c2b75dca5cf3353e03b458a65b1bd40224face583606f3d868923b1;34842a8c2faf20cee2672a8818cfb6f3ff617a036bb6c9c2d194265ba6cdccfd,simulation/convergence/stage10_contact_augmented_fkn_10_a03/case.json,simulation/convergence/stage10_contact_augmented_fkn_10_a03/input.dat,932e6be3aca0ee0d9a31464cf35303a67f9bcb347fa6f4ea91733a0ee008e831,6b8fb4558c71b63c59d2fd719b9f92b785820425575f928d57c8924cc565eff5
Q0208,augmented_fkn_10 maximum_contact_pressure_MPa,§4.14; Figure 4; Table S7,convergence/contact_sensitivity.csv,6,28.947602272,maximum_contact_pressure_MPa,A genuine solver output / B calculation,simulation/convergence/stage10_contact_augmented_fkn_10_a03/contact_values.csv;simulation/convergence/stage10_contact_augmented_fkn_10_a03/reaction.csv,7039bc954c2b75dca5cf3353e03b458a65b1bd40224face583606f3d868923b1;34842a8c2faf20cee2672a8818cfb6f3ff617a036bb6c9c2d194265ba6cdccfd,simulation/convergence/stage10_contact_augmented_fkn_10_a03/case.json,simulation/convergence/stage10_contact_augmented_fkn_10_a03/input.dat,932e6be3aca0ee0d9a31464cf35303a67f9bcb347fa6f4ea91733a0ee008e831,6b8fb4558c71b63c59d2fd719b9f92b785820425575f928d57c8924cc565eff5
Q0209,augmented_fkn_10 maximum_penetration_mm,§4.14; Figure 4; Table S7,convergence/contact_sensitivity.csv,6,1.8092251139e-05,maximum_penetration_mm,A genuine solver output / B calculation,simulation/convergence/stage10_contact_augmented_fkn_10_a03/contact_values.csv;simulation/convergence/stage10_contact_augmented_fkn_10_a03/reaction.csv,7039bc954c2b75dca5cf3353e03b458a65b1bd40224face583606f3d868923b1;34842a8c2faf20cee2672a8818cfb6f3ff617a036bb6c9c2d194265ba6cdccfd,simulation/convergence/stage10_contact_augmented_fkn_10_a03/case.json,simulation/convergence/stage10_contact_augmented_fkn_10_a03/input.dat,932e6be3aca0ee0d9a31464cf35303a67f9bcb347fa6f4ea91733a0ee008e831,6b8fb4558c71b63c59d2fd719b9f92b785820425575f928d57c8924cc565eff5
Q0210,augmented_fkn_10 normal_reaction_N_per_mm,§4.14; Figure 4; Table S7,convergence/contact_sensitivity.csv,6,178.812141778,normal_reaction_N_per_mm,A genuine solver output / B calculation,simulation/convergence/stage10_contact_augmented_fkn_10_a03/contact_values.csv;simulation/convergence/stage10_contact_augmented_fkn_10_a03/reaction.csv,7039bc954c2b75dca5cf3353e03b458a65b1bd40224face583606f3d868923b1;34842a8c2faf20cee2672a8818cfb6f3ff617a036bb6c9c2d194265ba6cdccfd,simulation/convergence/stage10_contact_augmented_fkn_10_a03/case.json,simulation/convergence/stage10_contact_augmented_fkn_10_a03/input.dat,932e6be3aca0ee0d9a31464cf35303a67f9bcb347fa6f4ea91733a0ee008e831,6b8fb4558c71b63c59d2fd719b9f92b785820425575f928d57c8924cc565eff5
Q0211,normal_lagrange mean_contact_pressure_MPa,§4.14; Figure 4; Table S7,convergence/contact_sensitivity.csv,7,17.5720581055,mean_contact_pressure_MPa,A genuine solver output / B calculation,simulation/convergence/stage10_contact_normal_lagrange_a03/contact_values.csv;simulation/convergence/stage10_contact_normal_lagrange_a03/reaction.csv,0c31ef18da113d2b3c40b2047051f48685fcfd89369f804cd3812568a4b9ea49;1daae8c1751f95e372c72309620c51e6cc059d26a1989c468e83d4a842d0d28d,simulation/convergence/stage10_contact_normal_lagrange_a03/case.json,simulation/convergence/stage10_contact_normal_lagrange_a03/input.dat,d94cdba4321b1ac925c7a57fe214e77ddeb470cc47d50ed62cdef1aafaaf09a2,6b8fb4558c71b63c59d2fd719b9f92b785820425575f928d57c8924cc565eff5
Q0212,normal_lagrange maximum_contact_pressure_MPa,§4.14; Figure 4; Table S7,convergence/contact_sensitivity.csv,7,21.3787765503,maximum_contact_pressure_MPa,A genuine solver output / B calculation,simulation/convergence/stage10_contact_normal_lagrange_a03/contact_values.csv;simulation/convergence/stage10_contact_normal_lagrange_a03/reaction.csv,0c31ef18da113d2b3c40b2047051f48685fcfd89369f804cd3812568a4b9ea49;1daae8c1751f95e372c72309620c51e6cc059d26a1989c468e83d4a842d0d28d,simulation/convergence/stage10_contact_normal_lagrange_a03/case.json,simulation/convergence/stage10_contact_normal_lagrange_a03/input.dat,d94cdba4321b1ac925c7a57fe214e77ddeb470cc47d50ed62cdef1aafaaf09a2,6b8fb4558c71b63c59d2fd719b9f92b785820425575f928d57c8924cc565eff5
Q0213,normal_lagrange maximum_penetration_mm,§4.14; Figure 4; Table S7,convergence/contact_sensitivity.csv,7,0,maximum_penetration_mm,A genuine solver output / B calculation,simulation/convergence/stage10_contact_normal_lagrange_a03/contact_values.csv;simulation/convergence/stage10_contact_normal_lagrange_a03/reaction.csv,0c31ef18da113d2b3c40b2047051f48685fcfd89369f804cd3812568a4b9ea49;1daae8c1751f95e372c72309620c51e6cc059d26a1989c468e83d4a842d0d28d,simulation/convergence/stage10_contact_normal_lagrange_a03/case.json,simulation/convergence/stage10_contact_normal_lagrange_a03/input.dat,d94cdba4321b1ac925c7a57fe214e77ddeb470cc47d50ed62cdef1aafaaf09a2,6b8fb4558c71b63c59d2fd719b9f92b785820425575f928d57c8924cc565eff5
Q0214,normal_lagrange normal_reaction_N_per_mm,§4.14; Figure 4; Table S7,convergence/contact_sensitivity.csv,7,178.569389669,normal_reaction_N_per_mm,A genuine solver output / B calculation,simulation/convergence/stage10_contact_normal_lagrange_a03/contact_values.csv;simulation/convergence/stage10_contact_normal_lagrange_a03/reaction.csv,0c31ef18da113d2b3c40b2047051f48685fcfd89369f804cd3812568a4b9ea49;1daae8c1751f95e372c72309620c51e6cc059d26a1989c468e83d4a842d0d28d,simulation/convergence/stage10_contact_normal_lagrange_a03/case.json,simulation/convergence/stage10_contact_normal_lagrange_a03/input.dat,d94cdba4321b1ac925c7a57fe214e77ddeb470cc47d50ed62cdef1aafaaf09a2,6b8fb4558c71b63c59d2fd719b9f92b785820425575f928d57c8924cc565eff5
Q0215,augmented_mu_0p1 mean_contact_pressure_MPa,§4.14; Figure 4; Table S7,convergence/contact_sensitivity.csv,8,18.4342802286,mean_contact_pressure_MPa,A genuine solver output / B calculation,simulation/convergence/stage10_contact_augmented_mu_0p1_a03/contact_values.csv;simulation/convergence/stage10_contact_augmented_mu_0p1_a03/reaction.csv,7f9086d612b657439d6136562a6e18abb5501add4ee30934e0dcca4cb4505560;bca9d9d7e8f17f240a616dde610db023bf5dfccb2c1e4daae1c1db56e57928bb,simulation/convergence/stage10_contact_augmented_mu_0p1_a03/case.json,simulation/convergence/stage10_contact_augmented_mu_0p1_a03/input.dat,154eeea16a7c7c978e2a4bedd5177c63f73b03b2e4b47808f2f463ddd3583722,6b8fb4558c71b63c59d2fd719b9f92b785820425575f928d57c8924cc565eff5
Q0216,augmented_mu_0p1 maximum_contact_pressure_MPa,§4.14; Figure 4; Table S7,convergence/contact_sensitivity.csv,8,31.5883464813,maximum_contact_pressure_MPa,A genuine solver output / B calculation,simulation/convergence/stage10_contact_augmented_mu_0p1_a03/contact_values.csv;simulation/convergence/stage10_contact_augmented_mu_0p1_a03/reaction.csv,7f9086d612b657439d6136562a6e18abb5501add4ee30934e0dcca4cb4505560;bca9d9d7e8f17f240a616dde610db023bf5dfccb2c1e4daae1c1db56e57928bb,simulation/convergence/stage10_contact_augmented_mu_0p1_a03/case.json,simulation/convergence/stage10_contact_augmented_mu_0p1_a03/input.dat,154eeea16a7c7c978e2a4bedd5177c63f73b03b2e4b47808f2f463ddd3583722,6b8fb4558c71b63c59d2fd719b9f92b785820425575f928d57c8924cc565eff5
Q0217,augmented_mu_0p1 maximum_penetration_mm,§4.14; Figure 4; Table S7,convergence/contact_sensitivity.csv,8,0.000197427158128,maximum_penetration_mm,A genuine solver output / B calculation,simulation/convergence/stage10_contact_augmented_mu_0p1_a03/contact_values.csv;simulation/convergence/stage10_contact_augmented_mu_0p1_a03/reaction.csv,7f9086d612b657439d6136562a6e18abb5501add4ee30934e0dcca4cb4505560;bca9d9d7e8f17f240a616dde610db023bf5dfccb2c1e4daae1c1db56e57928bb,simulation/convergence/stage10_contact_augmented_mu_0p1_a03/case.json,simulation/convergence/stage10_contact_augmented_mu_0p1_a03/input.dat,154eeea16a7c7c978e2a4bedd5177c63f73b03b2e4b47808f2f463ddd3583722,6b8fb4558c71b63c59d2fd719b9f92b785820425575f928d57c8924cc565eff5
Q0218,augmented_mu_0p1 normal_reaction_N_per_mm,§4.14; Figure 4; Table S7,convergence/contact_sensitivity.csv,8,187.056722466,normal_reaction_N_per_mm,A genuine solver output / B calculation,simulation/convergence/stage10_contact_augmented_mu_0p1_a03/contact_values.csv;simulation/convergence/stage10_contact_augmented_mu_0p1_a03/reaction.csv,7f9086d612b657439d6136562a6e18abb5501add4ee30934e0dcca4cb4505560;bca9d9d7e8f17f240a616dde610db023bf5dfccb2c1e4daae1c1db56e57928bb,simulation/convergence/stage10_contact_augmented_mu_0p1_a03/case.json,simulation/convergence/stage10_contact_augmented_mu_0p1_a03/input.dat,154eeea16a7c7c978e2a4bedd5177c63f73b03b2e4b47808f2f463ddd3583722,6b8fb4558c71b63c59d2fd719b9f92b785820425575f928d57c8924cc565eff5
Q0219,augmented_mu_0p3 mean_contact_pressure_MPa,§4.14; Figure 4; Table S7,convergence/contact_sensitivity.csv,9,20.0333528221,mean_contact_pressure_MPa,A genuine solver output / B calculation,simulation/convergence/stage10_contact_augmented_mu_0p3_a03/contact_values.csv;simulation/convergence/stage10_contact_augmented_mu_0p3_a03/reaction.csv,eec99aa91465f5c70a9f926b927d4af452c14df70a9cbd200e0ceff218a18659;9da456969313b794a69a1ed448d86bdb319dcf7ad1c22b66d0858529f6c66576,simulation/convergence/stage10_contact_augmented_mu_0p3_a03/case.json,simulation/convergence/stage10_contact_augmented_mu_0p3_a03/input.dat,ee62621d93a618f50570c093f690ae521d3d5855a3f7455e881ca1f4249f339b,6b8fb4558c71b63c59d2fd719b9f92b785820425575f928d57c8924cc565eff5
Q0220,augmented_mu_0p3 maximum_contact_pressure_MPa,§4.14; Figure 4; Table S7,convergence/contact_sensitivity.csv,9,51.8788375854,maximum_contact_pressure_MPa,A genuine solver output / B calculation,simulation/convergence/stage10_contact_augmented_mu_0p3_a03/contact_values.csv;simulation/convergence/stage10_contact_augmented_mu_0p3_a03/reaction.csv,eec99aa91465f5c70a9f926b927d4af452c14df70a9cbd200e0ceff218a18659;9da456969313b794a69a1ed448d86bdb319dcf7ad1c22b66d0858529f6c66576,simulation/convergence/stage10_contact_augmented_mu_0p3_a03/case.json,simulation/convergence/stage10_contact_augmented_mu_0p3_a03/input.dat,ee62621d93a618f50570c093f690ae521d3d5855a3f7455e881ca1f4249f339b,6b8fb4558c71b63c59d2fd719b9f92b785820425575f928d57c8924cc565eff5
Q0221,augmented_mu_0p3 maximum_penetration_mm,§4.14; Figure 4; Table S7,convergence/contact_sensitivity.csv,9,0.000324242719216,maximum_penetration_mm,A genuine solver output / B calculation,simulation/convergence/stage10_contact_augmented_mu_0p3_a03/contact_values.csv;simulation/convergence/stage10_contact_augmented_mu_0p3_a03/reaction.csv,eec99aa91465f5c70a9f926b927d4af452c14df70a9cbd200e0ceff218a18659;9da456969313b794a69a1ed448d86bdb319dcf7ad1c22b66d0858529f6c66576,simulation/convergence/stage10_contact_augmented_mu_0p3_a03/case.json,simulation/convergence/stage10_contact_augmented_mu_0p3_a03/input.dat,ee62621d93a618f50570c093f690ae521d3d5855a3f7455e881ca1f4249f339b,6b8fb4558c71b63c59d2fd719b9f92b785820425575f928d57c8924cc565eff5
Q0222,augmented_mu_0p3 normal_reaction_N_per_mm,§4.14; Figure 4; Table S7,convergence/contact_sensitivity.csv,9,202.135057573,normal_reaction_N_per_mm,A genuine solver output / B calculation,simulation/convergence/stage10_contact_augmented_mu_0p3_a03/contact_values.csv;simulation/convergence/stage10_contact_augmented_mu_0p3_a03/reaction.csv,eec99aa91465f5c70a9f926b927d4af452c14df70a9cbd200e0ceff218a18659;9da456969313b794a69a1ed448d86bdb319dcf7ad1c22b66d0858529f6c66576,simulation/convergence/stage10_contact_augmented_mu_0p3_a03/case.json,simulation/convergence/stage10_contact_augmented_mu_0p3_a03/input.dat,ee62621d93a618f50570c093f690ae521d3d5855a3f7455e881ca1f4249f339b,6b8fb4558c71b63c59d2fd719b9f92b785820425575f928d57c8924cc565eff5
Q0223,ρ; TDS p. 2,§3.3; Tables S2–S3; supplementary property register,material/pla_properties.csv,1,1240,kg m⁻³,C verified publication; formulation/use restrictions retained,literature/evidence/stage_04/Prusament_PLA_TDS_2022_EN.pdf,6b141fb50fbfd31d58bd69ade88a3d952b182a0e953e2c924241df40e859e811,,,,b5df9aee11b99a22f978c78efa60388f4bdcada0325ed2ea8d2415d5f6e9f6f7
Q0224,E; TDS pp. 2–3,§3.3; Tables S2–S3; supplementary property register,material/pla_properties.csv,2,2300,MPa,C verified publication; formulation/use restrictions retained,literature/evidence/stage_04/Prusament_PLA_TDS_2022_EN.pdf,6b141fb50fbfd31d58bd69ade88a3d952b182a0e953e2c924241df40e859e811,,,,b5df9aee11b99a22f978c78efa60388f4bdcada0325ed2ea8d2415d5f6e9f6f7
Q0225,E; TDS pp. 2–3,§3.3; Tables S2–S3; supplementary property register,material/pla_properties.csv,3,2400,MPa,C verified publication; formulation/use restrictions retained,literature/evidence/stage_04/Prusament_PLA_TDS_2022_EN.pdf,6b141fb50fbfd31d58bd69ade88a3d952b182a0e953e2c924241df40e859e811,,,,b5df9aee11b99a22f978c78efa60388f4bdcada0325ed2ea8d2415d5f6e9f6f7
Q0226,ν; Supplementary Table B.1,§3.3; Tables S2–S3; supplementary property register,material/pla_properties.csv,4,0.35,1,C verified publication; formulation/use restrictions retained,literature/evidence/stage_04/Chapuis2025_supplement.pdf,19630d6f0be479f4feacc1c33ca921467406786c651eeadc82db42c8b0513f48,,,,b5df9aee11b99a22f978c78efa60388f4bdcada0325ed2ea8d2415d5f6e9f6f7
Q0227,α; Supplementary Table B.1,§3.3; Tables S2–S3; supplementary property register,material/pla_properties.csv,5,68.0,µm m⁻¹ K⁻¹,C verified publication; formulation/use restrictions retained,literature/evidence/stage_04/Chapuis2025_supplement.pdf,19630d6f0be479f4feacc1c33ca921467406786c651eeadc82db42c8b0513f48,,,,b5df9aee11b99a22f978c78efa60388f4bdcada0325ed2ea8d2415d5f6e9f6f7
Q0228,T_g; Main text §3.1.1 and Supplementary Table B.1,§3.3; Tables S2–S3; supplementary property register,material/pla_properties.csv,6,65,°C,C verified publication; formulation/use restrictions retained,literature/evidence/stage_04/Chapuis2025_supplement.pdf,19630d6f0be479f4feacc1c33ca921467406786c651eeadc82db42c8b0513f48,,,,b5df9aee11b99a22f978c78efa60388f4bdcada0325ed2ea8d2415d5f6e9f6f7
Q0229,E_∞; Supplementary Table B.1,§3.3; Tables S2–S3; supplementary property register,material/pla_properties.csv,7,10.598,MPa,C verified publication; formulation/use restrictions retained,literature/evidence/stage_04/Chapuis2025_supplement.pdf,19630d6f0be479f4feacc1c33ca921467406786c651eeadc82db42c8b0513f48,,,,b5df9aee11b99a22f978c78efa60388f4bdcada0325ed2ea8d2415d5f6e9f6f7
Q0230,E_0; Supplementary Tables B.1–B.2,§3.3; Tables S2–S3; supplementary property register,material/pla_properties.csv,8,1691.594,MPa,C verified publication; formulation/use restrictions retained,literature/evidence/stage_04/Chapuis2025_supplement.pdf,19630d6f0be479f4feacc1c33ca921467406786c651eeadc82db42c8b0513f48,,,,b5df9aee11b99a22f978c78efa60388f4bdcada0325ed2ea8d2415d5f6e9f6f7
Q0231,C₁; Supplementary Table B.1 and main-text Eq. (6),§3.3; Tables S2–S3; supplementary property register,material/pla_properties.csv,9,17.4,1,C verified publication; formulation/use restrictions retained,literature/evidence/stage_04/Chapuis2025_supplement.pdf,19630d6f0be479f4feacc1c33ca921467406786c651eeadc82db42c8b0513f48,,,,b5df9aee11b99a22f978c78efa60388f4bdcada0325ed2ea8d2415d5f6e9f6f7
Q0232,C₂; Supplementary Table B.1 and main-text Eq. (6),§3.3; Tables S2–S3; supplementary property register,material/pla_properties.csv,10,51.6,K,C verified publication; formulation/use restrictions retained,literature/evidence/stage_04/Chapuis2025_supplement.pdf,19630d6f0be479f4feacc1c33ca921467406786c651eeadc82db42c8b0513f48,,,,b5df9aee11b99a22f978c78efa60388f4bdcada0325ed2ea8d2415d5f6e9f6f7
Q0233,C₃; Supplementary Table B.1 and main-text Eq. (6),§3.3; Tables S2–S3; supplementary property register,material/pla_properties.csv,11,35000,K,C verified publication; formulation/use restrictions retained,literature/evidence/stage_04/Chapuis2025_supplement.pdf,19630d6f0be479f4feacc1c33ca921467406786c651eeadc82db42c8b0513f48,,,,b5df9aee11b99a22f978c78efa60388f4bdcada0325ed2ea8d2415d5f6e9f6f7
Q0234,kᵢ; Supplementary Table B.2,§3.3; Tables S2–S3; supplementary property register,material/pla_properties.csv,12,6.228,MPa,C verified publication; formulation/use restrictions retained,literature/evidence/stage_04/Chapuis2025_supplement.pdf,19630d6f0be479f4feacc1c33ca921467406786c651eeadc82db42c8b0513f48,,,,b5df9aee11b99a22f978c78efa60388f4bdcada0325ed2ea8d2415d5f6e9f6f7
Q0235,τᵢ; Supplementary Table B.2,§3.3; Tables S2–S3; supplementary property register,material/pla_properties.csv,13,1.176e-14,s,C verified publication; formulation/use restrictions retained,literature/evidence/stage_04/Chapuis2025_supplement.pdf,19630d6f0be479f4feacc1c33ca921467406786c651eeadc82db42c8b0513f48,,,,b5df9aee11b99a22f978c78efa60388f4bdcada0325ed2ea8d2415d5f6e9f6f7
Q0236,kᵢ; Supplementary Table B.2,§3.3; Tables S2–S3; supplementary property register,material/pla_properties.csv,14,1.806,MPa,C verified publication; formulation/use restrictions retained,literature/evidence/stage_04/Chapuis2025_supplement.pdf,19630d6f0be479f4feacc1c33ca921467406786c651eeadc82db42c8b0513f48,,,,b5df9aee11b99a22f978c78efa60388f4bdcada0325ed2ea8d2415d5f6e9f6f7
Q0237,τᵢ; Supplementary Table B.2,§3.3; Tables S2–S3; supplementary property register,material/pla_properties.csv,15,1.228e-14,s,C verified publication; formulation/use restrictions retained,literature/evidence/stage_04/Chapuis2025_supplement.pdf,19630d6f0be479f4feacc1c33ca921467406786c651eeadc82db42c8b0513f48,,,,b5df9aee11b99a22f978c78efa60388f4bdcada0325ed2ea8d2415d5f6e9f6f7
Q0238,kᵢ; Supplementary Table B.2,§3.3; Tables S2–S3; supplementary property register,material/pla_properties.csv,16,7.849,MPa,C verified publication; formulation/use restrictions retained,literature/evidence/stage_04/Chapuis2025_supplement.pdf,19630d6f0be479f4feacc1c33ca921467406786c651eeadc82db42c8b0513f48,,,,b5df9aee11b99a22f978c78efa60388f4bdcada0325ed2ea8d2415d5f6e9f6f7
Q0239,τᵢ; Supplementary Table B.2,§3.3; Tables S2–S3; supplementary property register,material/pla_properties.csv,17,2.878e-14,s,C verified publication; formulation/use restrictions retained,literature/evidence/stage_04/Chapuis2025_supplement.pdf,19630d6f0be479f4feacc1c33ca921467406786c651eeadc82db42c8b0513f48,,,,b5df9aee11b99a22f978c78efa60388f4bdcada0325ed2ea8d2415d5f6e9f6f7
Q0240,kᵢ; Supplementary Table B.2,§3.3; Tables S2–S3; supplementary property register,material/pla_properties.csv,18,12.751,MPa,C verified publication; formulation/use restrictions retained,literature/evidence/stage_04/Chapuis2025_supplement.pdf,19630d6f0be479f4feacc1c33ca921467406786c651eeadc82db42c8b0513f48,,,,b5df9aee11b99a22f978c78efa60388f4bdcada0325ed2ea8d2415d5f6e9f6f7
Q0241,τᵢ; Supplementary Table B.2,§3.3; Tables S2–S3; supplementary property register,material/pla_properties.csv,19,1.701e-12,s,C verified publication; formulation/use restrictions retained,literature/evidence/stage_04/Chapuis2025_supplement.pdf,19630d6f0be479f4feacc1c33ca921467406786c651eeadc82db42c8b0513f48,,,,b5df9aee11b99a22f978c78efa60388f4bdcada0325ed2ea8d2415d5f6e9f6f7
Q0242,kᵢ; Supplementary Table B.2,§3.3; Tables S2–S3; supplementary property register,material/pla_properties.csv,20,20.857,MPa,C verified publication; formulation/use restrictions retained,literature/evidence/stage_04/Chapuis2025_supplement.pdf,19630d6f0be479f4feacc1c33ca921467406786c651eeadc82db42c8b0513f48,,,,b5df9aee11b99a22f978c78efa60388f4bdcada0325ed2ea8d2415d5f6e9f6f7
Q0243,τᵢ; Supplementary Table B.2,§3.3; Tables S2–S3; supplementary property register,material/pla_properties.csv,21,9.178e-12,s,C verified publication; formulation/use restrictions retained,literature/evidence/stage_04/Chapuis2025_supplement.pdf,19630d6f0be479f4feacc1c33ca921467406786c651eeadc82db42c8b0513f48,,,,b5df9aee11b99a22f978c78efa60388f4bdcada0325ed2ea8d2415d5f6e9f6f7
Q0244,kᵢ; Supplementary Table B.2,§3.3; Tables S2–S3; supplementary property register,material/pla_properties.csv,22,31.104,MPa,C verified publication; formulation/use restrictions retained,literature/evidence/stage_04/Chapuis2025_supplement.pdf,19630d6f0be479f4feacc1c33ca921467406786c651eeadc82db42c8b0513f48,,,,b5df9aee11b99a22f978c78efa60388f4bdcada0325ed2ea8d2415d5f6e9f6f7
Q0245,τᵢ; Supplementary Table B.2,§3.3; Tables S2–S3; supplementary property register,material/pla_properties.csv,23,6.034e-11,s,C verified publication; formulation/use restrictions retained,literature/evidence/stage_04/Chapuis2025_supplement.pdf,19630d6f0be479f4feacc1c33ca921467406786c651eeadc82db42c8b0513f48,,,,b5df9aee11b99a22f978c78efa60388f4bdcada0325ed2ea8d2415d5f6e9f6f7
Q0246,kᵢ; Supplementary Table B.2,§3.3; Tables S2–S3; supplementary property register,material/pla_properties.csv,24,45.566,MPa,C verified publication; formulation/use restrictions retained,literature/evidence/stage_04/Chapuis2025_supplement.pdf,19630d6f0be479f4feacc1c33ca921467406786c651eeadc82db42c8b0513f48,,,,b5df9aee11b99a22f978c78efa60388f4bdcada0325ed2ea8d2415d5f6e9f6f7
Q0247,τᵢ; Supplementary Table B.2,§3.3; Tables S2–S3; supplementary property register,material/pla_properties.csv,25,6.187e-09,s,C verified publication; formulation/use restrictions retained,literature/evidence/stage_04/Chapuis2025_supplement.pdf,19630d6f0be479f4feacc1c33ca921467406786c651eeadc82db42c8b0513f48,,,,b5df9aee11b99a22f978c78efa60388f4bdcada0325ed2ea8d2415d5f6e9f6f7
Q0248,kᵢ; Supplementary Table B.2,§3.3; Tables S2–S3; supplementary property register,material/pla_properties.csv,26,64.036,MPa,C verified publication; formulation/use restrictions retained,literature/evidence/stage_04/Chapuis2025_supplement.pdf,19630d6f0be479f4feacc1c33ca921467406786c651eeadc82db42c8b0513f48,,,,b5df9aee11b99a22f978c78efa60388f4bdcada0325ed2ea8d2415d5f6e9f6f7
Q0249,τᵢ; Supplementary Table B.2,§3.3; Tables S2–S3; supplementary property register,material/pla_properties.csv,27,1.102e-07,s,C verified publication; formulation/use restrictions retained,literature/evidence/stage_04/Chapuis2025_supplement.pdf,19630d6f0be479f4feacc1c33ca921467406786c651eeadc82db42c8b0513f48,,,,b5df9aee11b99a22f978c78efa60388f4bdcada0325ed2ea8d2415d5f6e9f6f7
Q0250,kᵢ; Supplementary Table B.2,§3.3; Tables S2–S3; supplementary property register,material/pla_properties.csv,28,92.484,MPa,C verified publication; formulation/use restrictions retained,literature/evidence/stage_04/Chapuis2025_supplement.pdf,19630d6f0be479f4feacc1c33ca921467406786c651eeadc82db42c8b0513f48,,,,b5df9aee11b99a22f978c78efa60388f4bdcada0325ed2ea8d2415d5f6e9f6f7
Q0251,τᵢ; Supplementary Table B.2,§3.3; Tables S2–S3; supplementary property register,material/pla_properties.csv,29,1.047e-06,s,C verified publication; formulation/use restrictions retained,literature/evidence/stage_04/Chapuis2025_supplement.pdf,19630d6f0be479f4feacc1c33ca921467406786c651eeadc82db42c8b0513f48,,,,b5df9aee11b99a22f978c78efa60388f4bdcada0325ed2ea8d2415d5f6e9f6f7
Q0252,kᵢ; Supplementary Table B.2,§3.3; Tables S2–S3; supplementary property register,material/pla_properties.csv,30,135.916,MPa,C verified publication; formulation/use restrictions retained,literature/evidence/stage_04/Chapuis2025_supplement.pdf,19630d6f0be479f4feacc1c33ca921467406786c651eeadc82db42c8b0513f48,,,,b5df9aee11b99a22f978c78efa60388f4bdcada0325ed2ea8d2415d5f6e9f6f7
Q0253,τᵢ; Supplementary Table B.2,§3.3; Tables S2–S3; supplementary property register,material/pla_properties.csv,31,6.903e-06,s,C verified publication; formulation/use restrictions retained,literature/evidence/stage_04/Chapuis2025_supplement.pdf,19630d6f0be479f4feacc1c33ca921467406786c651eeadc82db42c8b0513f48,,,,b5df9aee11b99a22f978c78efa60388f4bdcada0325ed2ea8d2415d5f6e9f6f7
Q0254,kᵢ; Supplementary Table B.2,§3.3; Tables S2–S3; supplementary property register,material/pla_properties.csv,32,113.488,MPa,C verified publication; formulation/use restrictions retained,literature/evidence/stage_04/Chapuis2025_supplement.pdf,19630d6f0be479f4feacc1c33ca921467406786c651eeadc82db42c8b0513f48,,,,b5df9aee11b99a22f978c78efa60388f4bdcada0325ed2ea8d2415d5f6e9f6f7
Q0255,τᵢ; Supplementary Table B.2,§3.3; Tables S2–S3; supplementary property register,material/pla_properties.csv,33,2.582e-05,s,C verified publication; formulation/use restrictions retained,literature/evidence/stage_04/Chapuis2025_supplement.pdf,19630d6f0be479f4feacc1c33ca921467406786c651eeadc82db42c8b0513f48,,,,b5df9aee11b99a22f978c78efa60388f4bdcada0325ed2ea8d2415d5f6e9f6f7
Q0256,kᵢ; Supplementary Table B.2,§3.3; Tables S2–S3; supplementary property register,material/pla_properties.csv,34,128.266,MPa,C verified publication; formulation/use restrictions retained,literature/evidence/stage_04/Chapuis2025_supplement.pdf,19630d6f0be479f4feacc1c33ca921467406786c651eeadc82db42c8b0513f48,,,,b5df9aee11b99a22f978c78efa60388f4bdcada0325ed2ea8d2415d5f6e9f6f7
Q0257,τᵢ; Supplementary Table B.2,§3.3; Tables S2–S3; supplementary property register,material/pla_properties.csv,35,5.363e-05,s,C verified publication; formulation/use restrictions retained,literature/evidence/stage_04/Chapuis2025_supplement.pdf,19630d6f0be479f4feacc1c33ca921467406786c651eeadc82db42c8b0513f48,,,,b5df9aee11b99a22f978c78efa60388f4bdcada0325ed2ea8d2415d5f6e9f6f7
Q0258,kᵢ; Supplementary Table B.2,§3.3; Tables S2–S3; supplementary property register,material/pla_properties.csv,36,173.47,MPa,C verified publication; formulation/use restrictions retained,literature/evidence/stage_04/Chapuis2025_supplement.pdf,19630d6f0be479f4feacc1c33ca921467406786c651eeadc82db42c8b0513f48,,,,b5df9aee11b99a22f978c78efa60388f4bdcada0325ed2ea8d2415d5f6e9f6f7
Q0259,τᵢ; Supplementary Table B.2,§3.3; Tables S2–S3; supplementary property register,material/pla_properties.csv,37,0.0001838,s,C verified publication; formulation/use restrictions retained,literature/evidence/stage_04/Chapuis2025_supplement.pdf,19630d6f0be479f4feacc1c33ca921467406786c651eeadc82db42c8b0513f48,,,,b5df9aee11b99a22f978c78efa60388f4bdcada0325ed2ea8d2415d5f6e9f6f7
Q0260,kᵢ; Supplementary Table B.2,§3.3; Tables S2–S3; supplementary property register,material/pla_properties.csv,38,93.393,MPa,C verified publication; formulation/use restrictions retained,literature/evidence/stage_04/Chapuis2025_supplement.pdf,19630d6f0be479f4feacc1c33ca921467406786c651eeadc82db42c8b0513f48,,,,b5df9aee11b99a22f978c78efa60388f4bdcada0325ed2ea8d2415d5f6e9f6f7
Q0261,τᵢ; Supplementary Table B.2,§3.3; Tables S2–S3; supplementary property register,material/pla_properties.csv,39,0.0004386,s,C verified publication; formulation/use restrictions retained,literature/evidence/stage_04/Chapuis2025_supplement.pdf,19630d6f0be479f4feacc1c33ca921467406786c651eeadc82db42c8b0513f48,,,,b5df9aee11b99a22f978c78efa60388f4bdcada0325ed2ea8d2415d5f6e9f6f7
Q0262,kᵢ; Supplementary Table B.2,§3.3; Tables S2–S3; supplementary property register,material/pla_properties.csv,40,163.804,MPa,C verified publication; formulation/use restrictions retained,literature/evidence/stage_04/Chapuis2025_supplement.pdf,19630d6f0be479f4feacc1c33ca921467406786c651eeadc82db42c8b0513f48,,,,b5df9aee11b99a22f978c78efa60388f4bdcada0325ed2ea8d2415d5f6e9f6f7
Q0263,τᵢ; Supplementary Table B.2,§3.3; Tables S2–S3; supplementary property register,material/pla_properties.csv,41,0.0007577,s,C verified publication; formulation/use restrictions retained,literature/evidence/stage_04/Chapuis2025_supplement.pdf,19630d6f0be479f4feacc1c33ca921467406786c651eeadc82db42c8b0513f48,,,,b5df9aee11b99a22f978c78efa60388f4bdcada0325ed2ea8d2415d5f6e9f6f7
Q0264,kᵢ; Supplementary Table B.2,§3.3; Tables S2–S3; supplementary property register,material/pla_properties.csv,42,134.311,MPa,C verified publication; formulation/use restrictions retained,literature/evidence/stage_04/Chapuis2025_supplement.pdf,19630d6f0be479f4feacc1c33ca921467406786c651eeadc82db42c8b0513f48,,,,b5df9aee11b99a22f978c78efa60388f4bdcada0325ed2ea8d2415d5f6e9f6f7
Q0265,τᵢ; Supplementary Table B.2,§3.3; Tables S2–S3; supplementary property register,material/pla_properties.csv,43,0.001795,s,C verified publication; formulation/use restrictions retained,literature/evidence/stage_04/Chapuis2025_supplement.pdf,19630d6f0be479f4feacc1c33ca921467406786c651eeadc82db42c8b0513f48,,,,b5df9aee11b99a22f978c78efa60388f4bdcada0325ed2ea8d2415d5f6e9f6f7
Q0266,kᵢ; Supplementary Table B.2,§3.3; Tables S2–S3; supplementary property register,material/pla_properties.csv,44,119.266,MPa,C verified publication; formulation/use restrictions retained,literature/evidence/stage_04/Chapuis2025_supplement.pdf,19630d6f0be479f4feacc1c33ca921467406786c651eeadc82db42c8b0513f48,,,,b5df9aee11b99a22f978c78efa60388f4bdcada0325ed2ea8d2415d5f6e9f6f7
Q0267,τᵢ; Supplementary Table B.2,§3.3; Tables S2–S3; supplementary property register,material/pla_properties.csv,45,0.002292,s,C verified publication; formulation/use restrictions retained,literature/evidence/stage_04/Chapuis2025_supplement.pdf,19630d6f0be479f4feacc1c33ca921467406786c651eeadc82db42c8b0513f48,,,,b5df9aee11b99a22f978c78efa60388f4bdcada0325ed2ea8d2415d5f6e9f6f7
Q0268,kᵢ; Supplementary Table B.2,§3.3; Tables S2–S3; supplementary property register,material/pla_properties.csv,46,100.596,MPa,C verified publication; formulation/use restrictions retained,literature/evidence/stage_04/Chapuis2025_supplement.pdf,19630d6f0be479f4feacc1c33ca921467406786c651eeadc82db42c8b0513f48,,,,b5df9aee11b99a22f978c78efa60388f4bdcada0325ed2ea8d2415d5f6e9f6f7
Q0269,τᵢ; Supplementary Table B.2,§3.3; Tables S2–S3; supplementary property register,material/pla_properties.csv,47,0.006576,s,C verified publication; formulation/use restrictions retained,literature/evidence/stage_04/Chapuis2025_supplement.pdf,19630d6f0be479f4feacc1c33ca921467406786c651eeadc82db42c8b0513f48,,,,b5df9aee11b99a22f978c78efa60388f4bdcada0325ed2ea8d2415d5f6e9f6f7
Q0270,kᵢ; Supplementary Table B.2,§3.3; Tables S2–S3; supplementary property register,material/pla_properties.csv,48,80.534,MPa,C verified publication; formulation/use restrictions retained,literature/evidence/stage_04/Chapuis2025_supplement.pdf,19630d6f0be479f4feacc1c33ca921467406786c651eeadc82db42c8b0513f48,,,,b5df9aee11b99a22f978c78efa60388f4bdcada0325ed2ea8d2415d5f6e9f6f7
Q0271,τᵢ; Supplementary Table B.2,§3.3; Tables S2–S3; supplementary property register,material/pla_properties.csv,49,0.00992,s,C verified publication; formulation/use restrictions retained,literature/evidence/stage_04/Chapuis2025_supplement.pdf,19630d6f0be479f4feacc1c33ca921467406786c651eeadc82db42c8b0513f48,,,,b5df9aee11b99a22f978c78efa60388f4bdcada0325ed2ea8d2415d5f6e9f6f7
Q0272,kᵢ; Supplementary Table B.2,§3.3; Tables S2–S3; supplementary property register,material/pla_properties.csv,50,61.624,MPa,C verified publication; formulation/use restrictions retained,literature/evidence/stage_04/Chapuis2025_supplement.pdf,19630d6f0be479f4feacc1c33ca921467406786c651eeadc82db42c8b0513f48,,,,b5df9aee11b99a22f978c78efa60388f4bdcada0325ed2ea8d2415d5f6e9f6f7
Q0273,τᵢ; Supplementary Table B.2,§3.3; Tables S2–S3; supplementary property register,material/pla_properties.csv,51,0.0329,s,C verified publication; formulation/use restrictions retained,literature/evidence/stage_04/Chapuis2025_supplement.pdf,19630d6f0be479f4feacc1c33ca921467406786c651eeadc82db42c8b0513f48,,,,b5df9aee11b99a22f978c78efa60388f4bdcada0325ed2ea8d2415d5f6e9f6f7
Q0274,kᵢ; Supplementary Table B.2,§3.3; Tables S2–S3; supplementary property register,material/pla_properties.csv,52,44.508,MPa,C verified publication; formulation/use restrictions retained,literature/evidence/stage_04/Chapuis2025_supplement.pdf,19630d6f0be479f4feacc1c33ca921467406786c651eeadc82db42c8b0513f48,,,,b5df9aee11b99a22f978c78efa60388f4bdcada0325ed2ea8d2415d5f6e9f6f7
Q0275,τᵢ; Supplementary Table B.2,§3.3; Tables S2–S3; supplementary property register,material/pla_properties.csv,53,0.05374,s,C verified publication; formulation/use restrictions retained,literature/evidence/stage_04/Chapuis2025_supplement.pdf,19630d6f0be479f4feacc1c33ca921467406786c651eeadc82db42c8b0513f48,,,,b5df9aee11b99a22f978c78efa60388f4bdcada0325ed2ea8d2415d5f6e9f6f7
Q0276,kᵢ; Supplementary Table B.2,§3.3; Tables S2–S3; supplementary property register,material/pla_properties.csv,54,30.529,MPa,C verified publication; formulation/use restrictions retained,literature/evidence/stage_04/Chapuis2025_supplement.pdf,19630d6f0be479f4feacc1c33ca921467406786c651eeadc82db42c8b0513f48,,,,b5df9aee11b99a22f978c78efa60388f4bdcada0325ed2ea8d2415d5f6e9f6f7
Q0277,τᵢ; Supplementary Table B.2,§3.3; Tables S2–S3; supplementary property register,material/pla_properties.csv,55,0.06586,s,C verified publication; formulation/use restrictions retained,literature/evidence/stage_04/Chapuis2025_supplement.pdf,19630d6f0be479f4feacc1c33ca921467406786c651eeadc82db42c8b0513f48,,,,b5df9aee11b99a22f978c78efa60388f4bdcada0325ed2ea8d2415d5f6e9f6f7
Q0278,kᵢ; Supplementary Table B.2,§3.3; Tables S2–S3; supplementary property register,material/pla_properties.csv,56,18.61,MPa,C verified publication; formulation/use restrictions retained,literature/evidence/stage_04/Chapuis2025_supplement.pdf,19630d6f0be479f4feacc1c33ca921467406786c651eeadc82db42c8b0513f48,,,,b5df9aee11b99a22f978c78efa60388f4bdcada0325ed2ea8d2415d5f6e9f6f7
Q0279,τᵢ; Supplementary Table B.2,§3.3; Tables S2–S3; supplementary property register,material/pla_properties.csv,57,35.03,s,C verified publication; formulation/use restrictions retained,literature/evidence/stage_04/Chapuis2025_supplement.pdf,19630d6f0be479f4feacc1c33ca921467406786c651eeadc82db42c8b0513f48,,,,b5df9aee11b99a22f978c78efa60388f4bdcada0325ed2ea8d2415d5f6e9f6f7
Q0280,ε₁₁^AM; Main-text Table 5,§3.3; Tables S2–S3; supplementary property register,material/pla_properties.csv,58,0.05618,1,C verified publication; formulation/use restrictions retained,literature/evidence/stage_04/Chapuis2025_supplement.pdf,19630d6f0be479f4feacc1c33ca921467406786c651eeadc82db42c8b0513f48,,,,b5df9aee11b99a22f978c78efa60388f4bdcada0325ed2ea8d2415d5f6e9f6f7
Q0281,ε₁₁^AM; Main-text Table 5,§3.3; Tables S2–S3; supplementary property register,material/pla_properties.csv,59,0.05605,1,C verified publication; formulation/use restrictions retained,literature/evidence/stage_04/Chapuis2025_supplement.pdf,19630d6f0be479f4feacc1c33ca921467406786c651eeadc82db42c8b0513f48,,,,b5df9aee11b99a22f978c78efa60388f4bdcada0325ed2ea8d2415d5f6e9f6f7
Q0282,ε₁₁^AM; Main-text Table 5,§3.3; Tables S2–S3; supplementary property register,material/pla_properties.csv,60,0.04206,1,C verified publication; formulation/use restrictions retained,literature/evidence/stage_04/Chapuis2025_supplement.pdf,19630d6f0be479f4feacc1c33ca921467406786c651eeadc82db42c8b0513f48,,,,b5df9aee11b99a22f978c78efa60388f4bdcada0325ed2ea8d2415d5f6e9f6f7
Q0283,ε₁₁^AM; Main-text Table 5,§3.3; Tables S2–S3; supplementary property register,material/pla_properties.csv,61,0.04199,1,C verified publication; formulation/use restrictions retained,literature/evidence/stage_04/Chapuis2025_supplement.pdf,19630d6f0be479f4feacc1c33ca921467406786c651eeadc82db42c8b0513f48,,,,b5df9aee11b99a22f978c78efa60388f4bdcada0325ed2ea8d2415d5f6e9f6f7
Q0284,ε₁₁^AM; Main-text Table 5,§3.3; Tables S2–S3; supplementary property register,material/pla_properties.csv,62,0.1035,1,C verified publication; formulation/use restrictions retained,literature/evidence/stage_04/Chapuis2025_supplement.pdf,19630d6f0be479f4feacc1c33ca921467406786c651eeadc82db42c8b0513f48,,,,b5df9aee11b99a22f978c78efa60388f4bdcada0325ed2ea8d2415d5f6e9f6f7
Q0285,ε₁₁^AM; Main-text Table 5,§3.3; Tables S2–S3; supplementary property register,material/pla_properties.csv,63,0.1029,1,C verified publication; formulation/use restrictions retained,literature/evidence/stage_04/Chapuis2025_supplement.pdf,19630d6f0be479f4feacc1c33ca921467406786c651eeadc82db42c8b0513f48,,,,b5df9aee11b99a22f978c78efa60388f4bdcada0325ed2ea8d2415d5f6e9f6f7
Q0286,ε₁₁^AM; Main-text Table 5,§3.3; Tables S2–S3; supplementary property register,material/pla_properties.csv,64,0.07957,1,C verified publication; formulation/use restrictions retained,literature/evidence/stage_04/Chapuis2025_supplement.pdf,19630d6f0be479f4feacc1c33ca921467406786c651eeadc82db42c8b0513f48,,,,b5df9aee11b99a22f978c78efa60388f4bdcada0325ed2ea8d2415d5f6e9f6f7
Q0287,ε₁₁^AM; Main-text Table 5,§3.3; Tables S2–S3; supplementary property register,material/pla_properties.csv,65,0.07926,1,C verified publication; formulation/use restrictions retained,literature/evidence/stage_04/Chapuis2025_supplement.pdf,19630d6f0be479f4feacc1c33ca921467406786c651eeadc82db42c8b0513f48,,,,b5df9aee11b99a22f978c78efa60388f4bdcada0325ed2ea8d2415d5f6e9f6f7
Q0288,ρ; Table 1,§3.3; Tables S2–S3; supplementary property register,material/pla_properties.csv,66,1240,kg m⁻³,C verified publication; formulation/use restrictions retained,literature/evidence/stage_04/Luberto2024_PMC.html,b5b344253e538cc5849090a911269cd3911483a2544c26c8470be5c17783f562,,,,b5df9aee11b99a22f978c78efa60388f4bdcada0325ed2ea8d2415d5f6e9f6f7
Q0289,c_p; Table 1,§3.3; Tables S2–S3; supplementary property register,material/pla_properties.csv,67,1800,J kg⁻¹ K⁻¹,C verified publication; formulation/use restrictions retained,literature/evidence/stage_04/Luberto2024_PMC.html,b5b344253e538cc5849090a911269cd3911483a2544c26c8470be5c17783f562,,,,b5df9aee11b99a22f978c78efa60388f4bdcada0325ed2ea8d2415d5f6e9f6f7
Q0290,k; Table 1,§3.3; Tables S2–S3; supplementary property register,material/pla_properties.csv,68,0.13,W m⁻¹ K⁻¹,C verified publication; formulation/use restrictions retained,literature/evidence/stage_04/Luberto2024_PMC.html,b5b344253e538cc5849090a911269cd3911483a2544c26c8470be5c17783f562,,,,b5df9aee11b99a22f978c78efa60388f4bdcada0325ed2ea8d2415d5f6e9f6f7
Q0291,E; Table 1 and §3.2,§3.3; Tables S2–S3; supplementary property register,material/pla_properties.csv,69,1860,MPa,C verified publication; formulation/use restrictions retained,literature/evidence/stage_05/Trofimov2022.pdf,42742d361e0fe0e6f1a266676b1022cf18cfe27f156a60415113f8e3db01e198,,,,b5df9aee11b99a22f978c78efa60388f4bdcada0325ed2ea8d2415d5f6e9f6f7
Q0292,E; Table 1 and §3.2,§3.3; Tables S2–S3; supplementary property register,material/pla_properties.csv,70,1727,MPa,C verified publication; formulation/use restrictions retained,literature/evidence/stage_05/Trofimov2022.pdf,42742d361e0fe0e6f1a266676b1022cf18cfe27f156a60415113f8e3db01e198,,,,b5df9aee11b99a22f978c78efa60388f4bdcada0325ed2ea8d2415d5f6e9f6f7
Q0293,E; Table 1 and §3.2,§3.3; Tables S2–S3; supplementary property register,material/pla_properties.csv,71,1603,MPa,C verified publication; formulation/use restrictions retained,literature/evidence/stage_05/Trofimov2022.pdf,42742d361e0fe0e6f1a266676b1022cf18cfe27f156a60415113f8e3db01e198,,,,b5df9aee11b99a22f978c78efa60388f4bdcada0325ed2ea8d2415d5f6e9f6f7
Q0294,E; Table 1 and §3.2,§3.3; Tables S2–S3; supplementary property register,material/pla_properties.csv,72,1000,MPa,C verified publication; formulation/use restrictions retained,literature/evidence/stage_05/Trofimov2022.pdf,42742d361e0fe0e6f1a266676b1022cf18cfe27f156a60415113f8e3db01e198,,,,b5df9aee11b99a22f978c78efa60388f4bdcada0325ed2ea8d2415d5f6e9f6f7
Q0295,E; Table 1 and §3.2,§3.3; Tables S2–S3; supplementary property register,material/pla_properties.csv,73,300,MPa,C verified publication; formulation/use restrictions retained,literature/evidence/stage_05/Trofimov2022.pdf,42742d361e0fe0e6f1a266676b1022cf18cfe27f156a60415113f8e3db01e198,,,,b5df9aee11b99a22f978c78efa60388f4bdcada0325ed2ea8d2415d5f6e9f6f7
Q0296,E; Table 1 and §3.2,§3.3; Tables S2–S3; supplementary property register,material/pla_properties.csv,74,50,MPa,C verified publication; formulation/use restrictions retained,literature/evidence/stage_05/Trofimov2022.pdf,42742d361e0fe0e6f1a266676b1022cf18cfe27f156a60415113f8e3db01e198,,,,b5df9aee11b99a22f978c78efa60388f4bdcada0325ed2ea8d2415d5f6e9f6f7
Q0297,E; Table 1 and §3.2,§3.3; Tables S2–S3; supplementary property register,material/pla_properties.csv,75,10,MPa,C verified publication; formulation/use restrictions retained,literature/evidence/stage_05/Trofimov2022.pdf,42742d361e0fe0e6f1a266676b1022cf18cfe27f156a60415113f8e3db01e198,,,,b5df9aee11b99a22f978c78efa60388f4bdcada0325ed2ea8d2415d5f6e9f6f7
Q0298,E; Table 1 and §3.2,§3.3; Tables S2–S3; supplementary property register,material/pla_properties.csv,76,1,MPa,C verified publication; formulation/use restrictions retained,literature/evidence/stage_05/Trofimov2022.pdf,42742d361e0fe0e6f1a266676b1022cf18cfe27f156a60415113f8e3db01e198,,,,b5df9aee11b99a22f978c78efa60388f4bdcada0325ed2ea8d2415d5f6e9f6f7
Q0299,E; Table 1 and §3.2,§3.3; Tables S2–S3; supplementary property register,material/pla_properties.csv,77,1,MPa,C verified publication; formulation/use restrictions retained,literature/evidence/stage_05/Trofimov2022.pdf,42742d361e0fe0e6f1a266676b1022cf18cfe27f156a60415113f8e3db01e198,,,,b5df9aee11b99a22f978c78efa60388f4bdcada0325ed2ea8d2415d5f6e9f6f7
Q0300,α; Table 1 and §3.2,§3.3; Tables S2–S3; supplementary property register,material/pla_properties.csv,78,79,µm m⁻¹ K⁻¹,C verified publication; formulation/use restrictions retained,literature/evidence/stage_05/Trofimov2022.pdf,42742d361e0fe0e6f1a266676b1022cf18cfe27f156a60415113f8e3db01e198,,,,b5df9aee11b99a22f978c78efa60388f4bdcada0325ed2ea8d2415d5f6e9f6f7
Q0301,α; Table 1 and §3.2,§3.3; Tables S2–S3; supplementary property register,material/pla_properties.csv,79,147,µm m⁻¹ K⁻¹,C verified publication; formulation/use restrictions retained,literature/evidence/stage_05/Trofimov2022.pdf,42742d361e0fe0e6f1a266676b1022cf18cfe27f156a60415113f8e3db01e198,,,,b5df9aee11b99a22f978c78efa60388f4bdcada0325ed2ea8d2415d5f6e9f6f7
Q0302,k; Table 1 and §3.2,§3.3; Tables S2–S3; supplementary property register,material/pla_properties.csv,80,0.11,W m⁻¹ K⁻¹,C verified publication; formulation/use restrictions retained,literature/evidence/stage_05/Trofimov2022.pdf,42742d361e0fe0e6f1a266676b1022cf18cfe27f156a60415113f8e3db01e198,,,,b5df9aee11b99a22f978c78efa60388f4bdcada0325ed2ea8d2415d5f6e9f6f7
Q0303,k; Table 1 and §3.2,§3.3; Tables S2–S3; supplementary property register,material/pla_properties.csv,81,0.19,W m⁻¹ K⁻¹,C verified publication; formulation/use restrictions retained,literature/evidence/stage_05/Trofimov2022.pdf,42742d361e0fe0e6f1a266676b1022cf18cfe27f156a60415113f8e3db01e198,,,,b5df9aee11b99a22f978c78efa60388f4bdcada0325ed2ea8d2415d5f6e9f6f7
Q0304,c_p; Table 1 and §3.2,§3.3; Tables S2–S3; supplementary property register,material/pla_properties.csv,82,1590,J kg⁻¹ K⁻¹,C verified publication; formulation/use restrictions retained,literature/evidence/stage_05/Trofimov2022.pdf,42742d361e0fe0e6f1a266676b1022cf18cfe27f156a60415113f8e3db01e198,,,,b5df9aee11b99a22f978c78efa60388f4bdcada0325ed2ea8d2415d5f6e9f6f7
Q0305,c_p; Table 1 and §3.2,§3.3; Tables S2–S3; supplementary property register,material/pla_properties.csv,83,1950,J kg⁻¹ K⁻¹,C verified publication; formulation/use restrictions retained,literature/evidence/stage_05/Trofimov2022.pdf,42742d361e0fe0e6f1a266676b1022cf18cfe27f156a60415113f8e3db01e198,,,,b5df9aee11b99a22f978c78efa60388f4bdcada0325ed2ea8d2415d5f6e9f6f7
Q0306,ν; Table 1 and §3.2,§3.3; Tables S2–S3; supplementary property register,material/pla_properties.csv,84,0.36,1,C verified publication; formulation/use restrictions retained,literature/evidence/stage_05/Trofimov2022.pdf,42742d361e0fe0e6f1a266676b1022cf18cfe27f156a60415113f8e3db01e198,,,,b5df9aee11b99a22f978c78efa60388f4bdcada0325ed2ea8d2415d5f6e9f6f7
Q0307,ρ; Table 1 and §3.2,§3.3; Tables S2–S3; supplementary property register,material/pla_properties.csv,85,1250,kg m⁻³,C verified publication; formulation/use restrictions retained,literature/evidence/stage_05/Trofimov2022.pdf,42742d361e0fe0e6f1a266676b1022cf18cfe27f156a60415113f8e3db01e198,,,,b5df9aee11b99a22f978c78efa60388f4bdcada0325ed2ea8d2415d5f6e9f6f7
Q0308,E₁; Table 4,§3.3; Tables S2–S3; supplementary property register,material/pla_properties.csv,86,2669,MPa,C verified publication; formulation/use restrictions retained,literature/evidence/stage_04/Li2024_orthotropic.pdf,4c6ebe7c4ce6dd3fcb1000a21ced9ef7e8d3e16159a462766848c664ec542c17,,,,b5df9aee11b99a22f978c78efa60388f4bdcada0325ed2ea8d2415d5f6e9f6f7
Q0309,E₂; Table 4,§3.3; Tables S2–S3; supplementary property register,material/pla_properties.csv,87,2583,MPa,C verified publication; formulation/use restrictions retained,literature/evidence/stage_04/Li2024_orthotropic.pdf,4c6ebe7c4ce6dd3fcb1000a21ced9ef7e8d3e16159a462766848c664ec542c17,,,,b5df9aee11b99a22f978c78efa60388f4bdcada0325ed2ea8d2415d5f6e9f6f7
Q0310,E₃; Table 4,§3.3; Tables S2–S3; supplementary property register,material/pla_properties.csv,88,2208,MPa,C verified publication; formulation/use restrictions retained,literature/evidence/stage_04/Li2024_orthotropic.pdf,4c6ebe7c4ce6dd3fcb1000a21ced9ef7e8d3e16159a462766848c664ec542c17,,,,b5df9aee11b99a22f978c78efa60388f4bdcada0325ed2ea8d2415d5f6e9f6f7
Q0311,ν₁₂; Table 4,§3.3; Tables S2–S3; supplementary property register,material/pla_properties.csv,89,0.43,1,C verified publication; formulation/use restrictions retained,literature/evidence/stage_04/Li2024_orthotropic.pdf,4c6ebe7c4ce6dd3fcb1000a21ced9ef7e8d3e16159a462766848c664ec542c17,,,,b5df9aee11b99a22f978c78efa60388f4bdcada0325ed2ea8d2415d5f6e9f6f7
Q0312,ν₁₃; Table 4,§3.3; Tables S2–S3; supplementary property register,material/pla_properties.csv,90,0.37,1,C verified publication; formulation/use restrictions retained,literature/evidence/stage_04/Li2024_orthotropic.pdf,4c6ebe7c4ce6dd3fcb1000a21ced9ef7e8d3e16159a462766848c664ec542c17,,,,b5df9aee11b99a22f978c78efa60388f4bdcada0325ed2ea8d2415d5f6e9f6f7
Q0313,G₁₂; Table 4,§3.3; Tables S2–S3; supplementary property register,material/pla_properties.csv,91,919,MPa,C verified publication; formulation/use restrictions retained,literature/evidence/stage_04/Li2024_orthotropic.pdf,4c6ebe7c4ce6dd3fcb1000a21ced9ef7e8d3e16159a462766848c664ec542c17,,,,b5df9aee11b99a22f978c78efa60388f4bdcada0325ed2ea8d2415d5f6e9f6f7
Q0314,G₃₁; Table 4,§3.3; Tables S2–S3; supplementary property register,material/pla_properties.csv,92,844,MPa,C verified publication; formulation/use restrictions retained,literature/evidence/stage_04/Li2024_orthotropic.pdf,4c6ebe7c4ce6dd3fcb1000a21ced9ef7e8d3e16159a462766848c664ec542c17,,,,b5df9aee11b99a22f978c78efa60388f4bdcada0325ed2ea8d2415d5f6e9f6f7
Q0315,E; Table 4,§3.3; Tables S2–S3; supplementary property register,material/pla_properties.csv,93,3045,MPa,C verified publication; formulation/use restrictions retained,literature/evidence/stage_05/Relaxation2022.xml,105e3378d16c0cbab778e519f6dc5b92fc7ea8b17f270a83c1e4e2612550a98b,,,,b5df9aee11b99a22f978c78efa60388f4bdcada0325ed2ea8d2415d5f6e9f6f7
Q0316,E; Table 4,§3.3; Tables S2–S3; supplementary property register,material/pla_properties.csv,94,2914,MPa,C verified publication; formulation/use restrictions retained,literature/evidence/stage_05/Relaxation2022.xml,105e3378d16c0cbab778e519f6dc5b92fc7ea8b17f270a83c1e4e2612550a98b,,,,b5df9aee11b99a22f978c78efa60388f4bdcada0325ed2ea8d2415d5f6e9f6f7
Q0317,E; Table 4,§3.3; Tables S2–S3; supplementary property register,material/pla_properties.csv,95,2932,MPa,C verified publication; formulation/use restrictions retained,literature/evidence/stage_05/Relaxation2022.xml,105e3378d16c0cbab778e519f6dc5b92fc7ea8b17f270a83c1e4e2612550a98b,,,,b5df9aee11b99a22f978c78efa60388f4bdcada0325ed2ea8d2415d5f6e9f6f7
Q0318,ΔE/E₀; §3.2,§3.3; Tables S2–S3; supplementary property register,material/pla_properties.csv,96,≈11–13,%,C verified publication; formulation/use restrictions retained,literature/evidence/stage_05/Relaxation2022.xml,105e3378d16c0cbab778e519f6dc5b92fc7ea8b17f270a83c1e4e2612550a98b,,,,b5df9aee11b99a22f978c78efa60388f4bdcada0325ed2ea8d2415d5f6e9f6f7
Q0319,ρ; Table 1,§3.3; Tables S2–S3; supplementary property register,material/fixture_properties.csv,1,7910,kg m⁻³,C verified publication; formulation/use restrictions retained,literature/evidence/stage_04/Meng2026_AISI304_PMC.html,636a917dd78c697b6703ab274b6dd36f61b582967d9a0745a6501b9d285edf1b,,,,91432d2d04284e2cd118384d12aefd251ff6f24af91d880278bff4d142880a45
Q0320,c_p; Table 1,§3.3; Tables S2–S3; supplementary property register,material/fixture_properties.csv,2,456,J kg⁻¹ K⁻¹,C verified publication; formulation/use restrictions retained,literature/evidence/stage_04/Meng2026_AISI304_PMC.html,636a917dd78c697b6703ab274b6dd36f61b582967d9a0745a6501b9d285edf1b,,,,91432d2d04284e2cd118384d12aefd251ff6f24af91d880278bff4d142880a45
Q0321,k; Table 1,§3.3; Tables S2–S3; supplementary property register,material/fixture_properties.csv,3,16.2,W m⁻¹ K⁻¹,C verified publication; formulation/use restrictions retained,literature/evidence/stage_04/Meng2026_AISI304_PMC.html,636a917dd78c697b6703ab274b6dd36f61b582967d9a0745a6501b9d285edf1b,,,,91432d2d04284e2cd118384d12aefd251ff6f24af91d880278bff4d142880a45
Q0322,α; Table 1,§3.3; Tables S2–S3; supplementary property register,material/fixture_properties.csv,4,15.5,µm m⁻¹ K⁻¹,C verified publication; formulation/use restrictions retained,literature/evidence/stage_04/Meng2026_AISI304_PMC.html,636a917dd78c697b6703ab274b6dd36f61b582967d9a0745a6501b9d285edf1b,,,,91432d2d04284e2cd118384d12aefd251ff6f24af91d880278bff4d142880a45
Q0323,E; Table 1,§3.3; Tables S2–S3; supplementary property register,material/fixture_properties.csv,5,200,GPa,C verified publication; formulation/use restrictions retained,literature/evidence/stage_04/Meng2026_AISI304_PMC.html,636a917dd78c697b6703ab274b6dd36f61b582967d9a0745a6501b9d285edf1b,,,,91432d2d04284e2cd118384d12aefd251ff6f24af91d880278bff4d142880a45
Q0324,ν; Table 1,§3.3; Tables S2–S3; supplementary property register,material/fixture_properties.csv,6,0.29,1,C verified publication; formulation/use restrictions retained,literature/evidence/stage_04/Meng2026_AISI304_PMC.html,636a917dd78c697b6703ab274b6dd36f61b582967d9a0745a6501b9d285edf1b,,,,91432d2d04284e2cd118384d12aefd251ff6f24af91d880278bff4d142880a45
Q0325,ρ; Table 1,§3.3; Tables S2–S3; supplementary property register,material/fixture_properties.csv,7,7876,kg m⁻³,C verified publication; formulation/use restrictions retained,literature/evidence/stage_04/Meng2026_AISI304_PMC.html,636a917dd78c697b6703ab274b6dd36f61b582967d9a0745a6501b9d285edf1b,,,,91432d2d04284e2cd118384d12aefd251ff6f24af91d880278bff4d142880a45
Q0326,c_p; Table 1,§3.3; Tables S2–S3; supplementary property register,material/fixture_properties.csv,8,494,J kg⁻¹ K⁻¹,C verified publication; formulation/use restrictions retained,literature/evidence/stage_04/Meng2026_AISI304_PMC.html,636a917dd78c697b6703ab274b6dd36f61b582967d9a0745a6501b9d285edf1b,,,,91432d2d04284e2cd118384d12aefd251ff6f24af91d880278bff4d142880a45
Q0327,k; Table 1,§3.3; Tables S2–S3; supplementary property register,material/fixture_properties.csv,9,16.6,W m⁻¹ K⁻¹,C verified publication; formulation/use restrictions retained,literature/evidence/stage_04/Meng2026_AISI304_PMC.html,636a917dd78c697b6703ab274b6dd36f61b582967d9a0745a6501b9d285edf1b,,,,91432d2d04284e2cd118384d12aefd251ff6f24af91d880278bff4d142880a45
Q0328,α; Table 1,§3.3; Tables S2–S3; supplementary property register,material/fixture_properties.csv,10,16.3,µm m⁻¹ K⁻¹,C verified publication; formulation/use restrictions retained,literature/evidence/stage_04/Meng2026_AISI304_PMC.html,636a917dd78c697b6703ab274b6dd36f61b582967d9a0745a6501b9d285edf1b,,,,91432d2d04284e2cd118384d12aefd251ff6f24af91d880278bff4d142880a45
Q0329,E; Table 1,§3.3; Tables S2–S3; supplementary property register,material/fixture_properties.csv,11,191.4,GPa,C verified publication; formulation/use restrictions retained,literature/evidence/stage_04/Meng2026_AISI304_PMC.html,636a917dd78c697b6703ab274b6dd36f61b582967d9a0745a6501b9d285edf1b,,,,91432d2d04284e2cd118384d12aefd251ff6f24af91d880278bff4d142880a45
Q0330,ν; Table 1,§3.3; Tables S2–S3; supplementary property register,material/fixture_properties.csv,12,0.285,1,C verified publication; formulation/use restrictions retained,literature/evidence/stage_04/Meng2026_AISI304_PMC.html,636a917dd78c697b6703ab274b6dd36f61b582967d9a0745a6501b9d285edf1b,,,,91432d2d04284e2cd118384d12aefd251ff6f24af91d880278bff4d142880a45
Q0331,ρ; Table 1,§3.3; Tables S2–S3; supplementary property register,material/fixture_properties.csv,13,7840,kg m⁻³,C verified publication; formulation/use restrictions retained,literature/evidence/stage_04/Meng2026_AISI304_PMC.html,636a917dd78c697b6703ab274b6dd36f61b582967d9a0745a6501b9d285edf1b,,,,91432d2d04284e2cd118384d12aefd251ff6f24af91d880278bff4d142880a45
Q0332,c_p; Table 1,§3.3; Tables S2–S3; supplementary property register,material/fixture_properties.csv,14,532,J kg⁻¹ K⁻¹,C verified publication; formulation/use restrictions retained,literature/evidence/stage_04/Meng2026_AISI304_PMC.html,636a917dd78c697b6703ab274b6dd36f61b582967d9a0745a6501b9d285edf1b,,,,91432d2d04284e2cd118384d12aefd251ff6f24af91d880278bff4d142880a45
Q0333,k; Table 1,§3.3; Tables S2–S3; supplementary property register,material/fixture_properties.csv,15,17.45,W m⁻¹ K⁻¹,C verified publication; formulation/use restrictions retained,literature/evidence/stage_04/Meng2026_AISI304_PMC.html,636a917dd78c697b6703ab274b6dd36f61b582967d9a0745a6501b9d285edf1b,,,,91432d2d04284e2cd118384d12aefd251ff6f24af91d880278bff4d142880a45
Q0334,α; Table 1,§3.3; Tables S2–S3; supplementary property register,material/fixture_properties.csv,16,16.7,µm m⁻¹ K⁻¹,C verified publication; formulation/use restrictions retained,literature/evidence/stage_04/Meng2026_AISI304_PMC.html,636a917dd78c697b6703ab274b6dd36f61b582967d9a0745a6501b9d285edf1b,,,,91432d2d04284e2cd118384d12aefd251ff6f24af91d880278bff4d142880a45
Q0335,E; Table 1,§3.3; Tables S2–S3; supplementary property register,material/fixture_properties.csv,17,183.5,GPa,C verified publication; formulation/use restrictions retained,literature/evidence/stage_04/Meng2026_AISI304_PMC.html,636a917dd78c697b6703ab274b6dd36f61b582967d9a0745a6501b9d285edf1b,,,,91432d2d04284e2cd118384d12aefd251ff6f24af91d880278bff4d142880a45
Q0336,ν; Table 1,§3.3; Tables S2–S3; supplementary property register,material/fixture_properties.csv,18,0.289,1,C verified publication; formulation/use restrictions retained,literature/evidence/stage_04/Meng2026_AISI304_PMC.html,636a917dd78c697b6703ab274b6dd36f61b582967d9a0745a6501b9d285edf1b,,,,91432d2d04284e2cd118384d12aefd251ff6f24af91d880278bff4d142880a45
Q0337,Published observation only; LC22_63_without_mould_L; Table 5; 63 degC; without_mould; delta L,§3.13; §4.4; Table S4,validation/validation_dataset.csv,1,-0.13,percent,C published observation; not a validation prediction,literature/evidence/stage_11/Mould2022.xml,368d1b0cceab0e5eccdc12cb85a0c3f04a6d91826443f5846b5c3c1830247ae4,,,,ceff7f0fffe3561e092e1218475275387fe269099b01b781fb064ea0f75adb84
Q0338,Published observation only; LC22_63_without_mould_W; Table 5; 63 degC; without_mould; delta W,§3.13; §4.4; Table S4,validation/validation_dataset.csv,2,-0.06,percent,C published observation; not a validation prediction,literature/evidence/stage_11/Mould2022.xml,368d1b0cceab0e5eccdc12cb85a0c3f04a6d91826443f5846b5c3c1830247ae4,,,,ceff7f0fffe3561e092e1218475275387fe269099b01b781fb064ea0f75adb84
Q0339,Published observation only; LC22_63_without_mould_H; Table 5; 63 degC; without_mould; delta H,§3.13; §4.4; Table S4,validation/validation_dataset.csv,3,0.00,percent,C published observation; not a validation prediction,literature/evidence/stage_11/Mould2022.xml,368d1b0cceab0e5eccdc12cb85a0c3f04a6d91826443f5846b5c3c1830247ae4,,,,ceff7f0fffe3561e092e1218475275387fe269099b01b781fb064ea0f75adb84
Q0340,Published observation only; LC22_63_alumina_mould_L; Table 5; 63 degC; alumina_mould; delta L,§3.13; §4.4; Table S4,validation/validation_dataset.csv,4,-0.03,percent,C published observation; not a validation prediction,literature/evidence/stage_11/Mould2022.xml,368d1b0cceab0e5eccdc12cb85a0c3f04a6d91826443f5846b5c3c1830247ae4,,,,ceff7f0fffe3561e092e1218475275387fe269099b01b781fb064ea0f75adb84
Q0341,Published observation only; LC22_63_alumina_mould_W; Table 5; 63 degC; alumina_mould; delta W,§3.13; §4.4; Table S4,validation/validation_dataset.csv,5,0.02,percent,C published observation; not a validation prediction,literature/evidence/stage_11/Mould2022.xml,368d1b0cceab0e5eccdc12cb85a0c3f04a6d91826443f5846b5c3c1830247ae4,,,,ceff7f0fffe3561e092e1218475275387fe269099b01b781fb064ea0f75adb84
Q0342,Published observation only; LC22_63_alumina_mould_H; Table 5; 63 degC; alumina_mould; delta H,§3.13; §4.4; Table S4,validation/validation_dataset.csv,6,-0.08,percent,C published observation; not a validation prediction,literature/evidence/stage_11/Mould2022.xml,368d1b0cceab0e5eccdc12cb85a0c3f04a6d91826443f5846b5c3c1830247ae4,,,,ceff7f0fffe3561e092e1218475275387fe269099b01b781fb064ea0f75adb84
Q0343,Published observation only; LC22_75_without_mould_L; Table 5; 75 degC; without_mould; delta L,§3.13; §4.4; Table S4,validation/validation_dataset.csv,7,-1.60,percent,C published observation; not a validation prediction,literature/evidence/stage_11/Mould2022.xml,368d1b0cceab0e5eccdc12cb85a0c3f04a6d91826443f5846b5c3c1830247ae4,,,,ceff7f0fffe3561e092e1218475275387fe269099b01b781fb064ea0f75adb84
Q0344,Published observation only; LC22_75_without_mould_W; Table 5; 75 degC; without_mould; delta W,§3.13; §4.4; Table S4,validation/validation_dataset.csv,8,-0.11,percent,C published observation; not a validation prediction,literature/evidence/stage_11/Mould2022.xml,368d1b0cceab0e5eccdc12cb85a0c3f04a6d91826443f5846b5c3c1830247ae4,,,,ceff7f0fffe3561e092e1218475275387fe269099b01b781fb064ea0f75adb84
Q0345,Published observation only; LC22_75_without_mould_H; Table 5; 75 degC; without_mould; delta H,§3.13; §4.4; Table S4,validation/validation_dataset.csv,9,2.74,percent,C published observation; not a validation prediction,literature/evidence/stage_11/Mould2022.xml,368d1b0cceab0e5eccdc12cb85a0c3f04a6d91826443f5846b5c3c1830247ae4,,,,ceff7f0fffe3561e092e1218475275387fe269099b01b781fb064ea0f75adb84
Q0346,Published observation only; LC22_75_alumina_mould_L; Table 5; 75 degC; alumina_mould; delta L,§3.13; §4.4; Table S4,validation/validation_dataset.csv,10,-1.18,percent,C published observation; not a validation prediction,literature/evidence/stage_11/Mould2022.xml,368d1b0cceab0e5eccdc12cb85a0c3f04a6d91826443f5846b5c3c1830247ae4,,,,ceff7f0fffe3561e092e1218475275387fe269099b01b781fb064ea0f75adb84
Q0347,Published observation only; LC22_75_alumina_mould_W; Table 5; 75 degC; alumina_mould; delta W,§3.13; §4.4; Table S4,validation/validation_dataset.csv,11,-0.30,percent,C published observation; not a validation prediction,literature/evidence/stage_11/Mould2022.xml,368d1b0cceab0e5eccdc12cb85a0c3f04a6d91826443f5846b5c3c1830247ae4,,,,ceff7f0fffe3561e092e1218475275387fe269099b01b781fb064ea0f75adb84
Q0348,Published observation only; LC22_75_alumina_mould_H; Table 5; 75 degC; alumina_mould; delta H,§3.13; §4.4; Table S4,validation/validation_dataset.csv,12,2.37,percent,C published observation; not a validation prediction,literature/evidence/stage_11/Mould2022.xml,368d1b0cceab0e5eccdc12cb85a0c3f04a6d91826443f5846b5c3c1830247ae4,,,,ceff7f0fffe3561e092e1218475275387fe269099b01b781fb064ea0f75adb84
Q0349,Published observation only; LC22_86_without_mould_L; Table 5; 86 degC; without_mould; delta L,§3.13; §4.4; Table S4,validation/validation_dataset.csv,13,-2.30,percent,C published observation; not a validation prediction,literature/evidence/stage_11/Mould2022.xml,368d1b0cceab0e5eccdc12cb85a0c3f04a6d91826443f5846b5c3c1830247ae4,,,,ceff7f0fffe3561e092e1218475275387fe269099b01b781fb064ea0f75adb84
Q0350,Published observation only; LC22_86_without_mould_W; Table 5; 86 degC; without_mould; delta W,§3.13; §4.4; Table S4,validation/validation_dataset.csv,14,-0.16,percent,C published observation; not a validation prediction,literature/evidence/stage_11/Mould2022.xml,368d1b0cceab0e5eccdc12cb85a0c3f04a6d91826443f5846b5c3c1830247ae4,,,,ceff7f0fffe3561e092e1218475275387fe269099b01b781fb064ea0f75adb84
Q0351,Published observation only; LC22_86_without_mould_H; Table 5; 86 degC; without_mould; delta H,§3.13; §4.4; Table S4,validation/validation_dataset.csv,15,2.62,percent,C published observation; not a validation prediction,literature/evidence/stage_11/Mould2022.xml,368d1b0cceab0e5eccdc12cb85a0c3f04a6d91826443f5846b5c3c1830247ae4,,,,ceff7f0fffe3561e092e1218475275387fe269099b01b781fb064ea0f75adb84
Q0352,Published observation only; LC22_86_alumina_mould_L; Table 5; 86 degC; alumina_mould; delta L,§3.13; §4.4; Table S4,validation/validation_dataset.csv,16,-1.07,percent,C published observation; not a validation prediction,literature/evidence/stage_11/Mould2022.xml,368d1b0cceab0e5eccdc12cb85a0c3f04a6d91826443f5846b5c3c1830247ae4,,,,ceff7f0fffe3561e092e1218475275387fe269099b01b781fb064ea0f75adb84
Q0353,Published observation only; LC22_86_alumina_mould_W; Table 5; 86 degC; alumina_mould; delta W,§3.13; §4.4; Table S4,validation/validation_dataset.csv,17,-1.09,percent,C published observation; not a validation prediction,literature/evidence/stage_11/Mould2022.xml,368d1b0cceab0e5eccdc12cb85a0c3f04a6d91826443f5846b5c3c1830247ae4,,,,ceff7f0fffe3561e092e1218475275387fe269099b01b781fb064ea0f75adb84
Q0354,Published observation only; LC22_86_alumina_mould_H; Table 5; 86 degC; alumina_mould; delta H,§3.13; §4.4; Table S4,validation/validation_dataset.csv,18,1.26,percent,C published observation; not a validation prediction,literature/evidence/stage_11/Mould2022.xml,368d1b0cceab0e5eccdc12cb85a0c3f04a6d91826443f5846b5c3c1830247ae4,,,,ceff7f0fffe3561e092e1218475275387fe269099b01b781fb064ea0f75adb84
Q0355,Published observation only; LC22_98_without_mould_L; Table 5; 98 degC; without_mould; delta L,§3.13; §4.4; Table S4,validation/validation_dataset.csv,19,-2.88,percent,C published observation; not a validation prediction,literature/evidence/stage_11/Mould2022.xml,368d1b0cceab0e5eccdc12cb85a0c3f04a6d91826443f5846b5c3c1830247ae4,,,,ceff7f0fffe3561e092e1218475275387fe269099b01b781fb064ea0f75adb84
Q0356,Published observation only; LC22_98_without_mould_W; Table 5; 98 degC; without_mould; delta W,§3.13; §4.4; Table S4,validation/validation_dataset.csv,20,0.15,percent,C published observation; not a validation prediction,literature/evidence/stage_11/Mould2022.xml,368d1b0cceab0e5eccdc12cb85a0c3f04a6d91826443f5846b5c3c1830247ae4,,,,ceff7f0fffe3561e092e1218475275387fe269099b01b781fb064ea0f75adb84
Q0357,Published observation only; LC22_98_without_mould_H; Table 5; 98 degC; without_mould; delta H,§3.13; §4.4; Table S4,validation/validation_dataset.csv,21,2.60,percent,C published observation; not a validation prediction,literature/evidence/stage_11/Mould2022.xml,368d1b0cceab0e5eccdc12cb85a0c3f04a6d91826443f5846b5c3c1830247ae4,,,,ceff7f0fffe3561e092e1218475275387fe269099b01b781fb064ea0f75adb84
Q0358,Published observation only; LC22_98_alumina_mould_L; Table 5; 98 degC; alumina_mould; delta L,§3.13; §4.4; Table S4,validation/validation_dataset.csv,22,-1.21,percent,C published observation; not a validation prediction,literature/evidence/stage_11/Mould2022.xml,368d1b0cceab0e5eccdc12cb85a0c3f04a6d91826443f5846b5c3c1830247ae4,,,,ceff7f0fffe3561e092e1218475275387fe269099b01b781fb064ea0f75adb84
Q0359,Published observation only; LC22_98_alumina_mould_W; Table 5; 98 degC; alumina_mould; delta W,§3.13; §4.4; Table S4,validation/validation_dataset.csv,23,-0.49,percent,C published observation; not a validation prediction,literature/evidence/stage_11/Mould2022.xml,368d1b0cceab0e5eccdc12cb85a0c3f04a6d91826443f5846b5c3c1830247ae4,,,,ceff7f0fffe3561e092e1218475275387fe269099b01b781fb064ea0f75adb84
Q0360,Published observation only; LC22_98_alumina_mould_H; Table 5; 98 degC; alumina_mould; delta H,§3.13; §4.4; Table S4,validation/validation_dataset.csv,24,2.45,percent,C published observation; not a validation prediction,literature/evidence/stage_11/Mould2022.xml,368d1b0cceab0e5eccdc12cb85a0c3f04a6d91826443f5846b5c3c1830247ae4,,,,ceff7f0fffe3561e092e1218475275387fe269099b01b781fb064ea0f75adb84
Q0361,Published observation only; LC22_109_without_mould_L; Table 5; 109 degC; without_mould; delta L,§3.13; §4.4; Table S4,validation/validation_dataset.csv,25,-3.05,percent,C published observation; not a validation prediction,literature/evidence/stage_11/Mould2022.xml,368d1b0cceab0e5eccdc12cb85a0c3f04a6d91826443f5846b5c3c1830247ae4,,,,ceff7f0fffe3561e092e1218475275387fe269099b01b781fb064ea0f75adb84
Q0362,Published observation only; LC22_109_without_mould_W; Table 5; 109 degC; without_mould; delta W,§3.13; §4.4; Table S4,validation/validation_dataset.csv,26,0.30,percent,C published observation; not a validation prediction,literature/evidence/stage_11/Mould2022.xml,368d1b0cceab0e5eccdc12cb85a0c3f04a6d91826443f5846b5c3c1830247ae4,,,,ceff7f0fffe3561e092e1218475275387fe269099b01b781fb064ea0f75adb84
Q0363,Published observation only; LC22_109_without_mould_H; Table 5; 109 degC; without_mould; delta H,§3.13; §4.4; Table S4,validation/validation_dataset.csv,27,3.94,percent,C published observation; not a validation prediction,literature/evidence/stage_11/Mould2022.xml,368d1b0cceab0e5eccdc12cb85a0c3f04a6d91826443f5846b5c3c1830247ae4,,,,ceff7f0fffe3561e092e1218475275387fe269099b01b781fb064ea0f75adb84
Q0364,Published observation only; LC22_109_alumina_mould_L; Table 5; 109 degC; alumina_mould; delta L,§3.13; §4.4; Table S4,validation/validation_dataset.csv,28,-1.20,percent,C published observation; not a validation prediction,literature/evidence/stage_11/Mould2022.xml,368d1b0cceab0e5eccdc12cb85a0c3f04a6d91826443f5846b5c3c1830247ae4,,,,ceff7f0fffe3561e092e1218475275387fe269099b01b781fb064ea0f75adb84
Q0365,Published observation only; LC22_109_alumina_mould_W; Table 5; 109 degC; alumina_mould; delta W,§3.13; §4.4; Table S4,validation/validation_dataset.csv,29,-1.21,percent,C published observation; not a validation prediction,literature/evidence/stage_11/Mould2022.xml,368d1b0cceab0e5eccdc12cb85a0c3f04a6d91826443f5846b5c3c1830247ae4,,,,ceff7f0fffe3561e092e1218475275387fe269099b01b781fb064ea0f75adb84
Q0366,Published observation only; LC22_109_alumina_mould_H; Table 5; 109 degC; alumina_mould; delta H,§3.13; §4.4; Table S4,validation/validation_dataset.csv,30,1.86,percent,C published observation; not a validation prediction,literature/evidence/stage_11/Mould2022.xml,368d1b0cceab0e5eccdc12cb85a0c3f04a6d91826443f5846b5c3c1830247ae4,,,,ceff7f0fffe3561e092e1218475275387fe269099b01b781fb064ea0f75adb84
Q0367,Published observation only; LC22_132_without_mould_L; Table 5; 132 degC; without_mould; delta L,§3.13; §4.4; Table S4,validation/validation_dataset.csv,31,-3.58,percent,C published observation; not a validation prediction,literature/evidence/stage_11/Mould2022.xml,368d1b0cceab0e5eccdc12cb85a0c3f04a6d91826443f5846b5c3c1830247ae4,,,,ceff7f0fffe3561e092e1218475275387fe269099b01b781fb064ea0f75adb84
Q0368,Published observation only; LC22_132_without_mould_W; Table 5; 132 degC; without_mould; delta W,§3.13; §4.4; Table S4,validation/validation_dataset.csv,32,0.18,percent,C published observation; not a validation prediction,literature/evidence/stage_11/Mould2022.xml,368d1b0cceab0e5eccdc12cb85a0c3f04a6d91826443f5846b5c3c1830247ae4,,,,ceff7f0fffe3561e092e1218475275387fe269099b01b781fb064ea0f75adb84
Q0369,Published observation only; LC22_132_without_mould_H; Table 5; 132 degC; without_mould; delta H,§3.13; §4.4; Table S4,validation/validation_dataset.csv,33,3.69,percent,C published observation; not a validation prediction,literature/evidence/stage_11/Mould2022.xml,368d1b0cceab0e5eccdc12cb85a0c3f04a6d91826443f5846b5c3c1830247ae4,,,,ceff7f0fffe3561e092e1218475275387fe269099b01b781fb064ea0f75adb84
Q0370,Published observation only; LC22_132_alumina_mould_L; Table 5; 132 degC; alumina_mould; delta L,§3.13; §4.4; Table S4,validation/validation_dataset.csv,34,-1.34,percent,C published observation; not a validation prediction,literature/evidence/stage_11/Mould2022.xml,368d1b0cceab0e5eccdc12cb85a0c3f04a6d91826443f5846b5c3c1830247ae4,,,,ceff7f0fffe3561e092e1218475275387fe269099b01b781fb064ea0f75adb84
Q0371,Published observation only; LC22_132_alumina_mould_W; Table 5; 132 degC; alumina_mould; delta W,§3.13; §4.4; Table S4,validation/validation_dataset.csv,35,-0.95,percent,C published observation; not a validation prediction,literature/evidence/stage_11/Mould2022.xml,368d1b0cceab0e5eccdc12cb85a0c3f04a6d91826443f5846b5c3c1830247ae4,,,,ceff7f0fffe3561e092e1218475275387fe269099b01b781fb064ea0f75adb84
Q0372,Published observation only; LC22_132_alumina_mould_H; Table 5; 132 degC; alumina_mould; delta H,§3.13; §4.4; Table S4,validation/validation_dataset.csv,36,2.69,percent,C published observation; not a validation prediction,literature/evidence/stage_11/Mould2022.xml,368d1b0cceab0e5eccdc12cb85a0c3f04a6d91826443f5846b5c3c1830247ae4,,,,ceff7f0fffe3561e092e1218475275387fe269099b01b781fb064ea0f75adb84
Q0373,Published observation only; LC22_155_without_mould_L; Table 5; 155 degC; without_mould; delta L,§3.13; §4.4; Table S4,validation/validation_dataset.csv,37,-4.84,percent,C published observation; not a validation prediction,literature/evidence/stage_11/Mould2022.xml,368d1b0cceab0e5eccdc12cb85a0c3f04a6d91826443f5846b5c3c1830247ae4,,,,ceff7f0fffe3561e092e1218475275387fe269099b01b781fb064ea0f75adb84
Q0374,Published observation only; LC22_155_without_mould_W; Table 5; 155 degC; without_mould; delta W,§3.13; §4.4; Table S4,validation/validation_dataset.csv,38,0.44,percent,C published observation; not a validation prediction,literature/evidence/stage_11/Mould2022.xml,368d1b0cceab0e5eccdc12cb85a0c3f04a6d91826443f5846b5c3c1830247ae4,,,,ceff7f0fffe3561e092e1218475275387fe269099b01b781fb064ea0f75adb84
Q0375,Published observation only; LC22_155_without_mould_H; Table 5; 155 degC; without_mould; delta H,§3.13; §4.4; Table S4,validation/validation_dataset.csv,39,4.41,percent,C published observation; not a validation prediction,literature/evidence/stage_11/Mould2022.xml,368d1b0cceab0e5eccdc12cb85a0c3f04a6d91826443f5846b5c3c1830247ae4,,,,ceff7f0fffe3561e092e1218475275387fe269099b01b781fb064ea0f75adb84
Q0376,Published observation only; LC22_155_alumina_mould_L; Table 5; 155 degC; alumina_mould; delta L,§3.13; §4.4; Table S4,validation/validation_dataset.csv,40,-1.76,percent,C published observation; not a validation prediction,literature/evidence/stage_11/Mould2022.xml,368d1b0cceab0e5eccdc12cb85a0c3f04a6d91826443f5846b5c3c1830247ae4,,,,ceff7f0fffe3561e092e1218475275387fe269099b01b781fb064ea0f75adb84
Q0377,Published observation only; LC22_155_alumina_mould_W; Table 5; 155 degC; alumina_mould; delta W,§3.13; §4.4; Table S4,validation/validation_dataset.csv,41,-0.93,percent,C published observation; not a validation prediction,literature/evidence/stage_11/Mould2022.xml,368d1b0cceab0e5eccdc12cb85a0c3f04a6d91826443f5846b5c3c1830247ae4,,,,ceff7f0fffe3561e092e1218475275387fe269099b01b781fb064ea0f75adb84
Q0378,Published observation only; LC22_155_alumina_mould_H; Table 5; 155 degC; alumina_mould; delta H,§3.13; §4.4; Table S4,validation/validation_dataset.csv,42,3.46,percent,C published observation; not a validation prediction,literature/evidence/stage_11/Mould2022.xml,368d1b0cceab0e5eccdc12cb85a0c3f04a6d91826443f5846b5c3c1830247ae4,,,,ceff7f0fffe3561e092e1218475275387fe269099b01b781fb064ea0f75adb84
Q0379,Published observation only; ST23_max_W; Table 8; PLA; delta W; Max Change and parameter combination,§3.13; §4.4; Table S4,validation/validation_dataset.csv,43,0.7,mm,C published observation; not a validation prediction,literature/evidence/stage_11/Stojkovic2023.xml,ce9bb67510a3830e3c2dda9c631b5eb2c496473e2df9167bb94c7bb34e96d9d5,,,,ceff7f0fffe3561e092e1218475275387fe269099b01b781fb064ea0f75adb84
Q0380,Published observation only; ST23_max_T; Table 8; PLA; delta T; Max Change and parameter combination,§3.13; §4.4; Table S4,validation/validation_dataset.csv,44,0.25,mm,C published observation; not a validation prediction,literature/evidence/stage_11/Stojkovic2023.xml,ce9bb67510a3830e3c2dda9c631b5eb2c496473e2df9167bb94c7bb34e96d9d5,,,,ceff7f0fffe3561e092e1218475275387fe269099b01b781fb064ea0f75adb84
Q0381,Published observation only; ST23_max_L; Table 8; PLA; delta L; Max Change and parameter combination,§3.13; §4.4; Table S4,validation/validation_dataset.csv,45,5.8,mm,C published observation; not a validation prediction,literature/evidence/stage_11/Stojkovic2023.xml,ce9bb67510a3830e3c2dda9c631b5eb2c496473e2df9167bb94c7bb34e96d9d5,,,,ceff7f0fffe3561e092e1218475275387fe269099b01b781fb064ea0f75adb84
Q0382,Pairwise thermal profile RMSE; medium versus coarse,Figure 3; Table 3; Conclusion 6 (finest pair),convergence/timestep_convergence.csv,16,0.0644453306172,°C,A genuine solver output / B calculation,simulation/convergence/stage10_thermal_time_medium_a01/temperature_profile.csv;simulation/convergence/stage10_thermal_time_coarse_a01/temperature_profile.csv,0e388bd1875c3b97f16c6f9dad6768a743e11af359763224fa11fffb0812d632;aa911f338ebe12c6d21b600972095cd09a7524089864875d841b1c202e72beab,simulation/convergence/stage10_thermal_time_medium_a01/case.json,simulation/convergence/stage10_thermal_time_medium_a01/input.dat,a399cf727376fcc181c5b82851ac79e4d45bf0341af62903746c45db806ae09a,690b2e1aa8badfd330be756ffc64ed4c25f609d91c0a3080cc78495b56f4481a
Q0383,Pairwise thermal profile RMSE; fine versus medium,Figure 3; Table 3; Conclusion 6 (finest pair),convergence/timestep_convergence.csv,19,0.0121187698958,°C,A genuine solver output / B calculation,simulation/convergence/stage10_thermal_mesh_extra_fine_a01/temperature_profile.csv;simulation/convergence/stage10_thermal_time_medium_a01/temperature_profile.csv,5290e2e29017128465c240b8fff67034048f9d6e65b5e3a54a0264a21446c201;0e388bd1875c3b97f16c6f9dad6768a743e11af359763224fa11fffb0812d632,simulation/convergence/stage10_thermal_mesh_extra_fine_a01/case.json,simulation/convergence/stage10_thermal_mesh_extra_fine_a01/input.dat,eba30fa1412f27ec8a325799989c5ebc960d266c4659f4df9de063c60f702c0a,690b2e1aa8badfd330be756ffc64ed4c25f609d91c0a3080cc78495b56f4481a
Q0384,Pairwise thermal profile RMSE; extra_fine versus fine,Figure 3; Table 3; Conclusion 6 (finest pair),convergence/timestep_convergence.csv,22,0.00202088150305,°C,A genuine solver output / B calculation,simulation/convergence/stage10_thermal_time_extra_fine_a01/temperature_profile.csv;simulation/convergence/stage10_thermal_mesh_extra_fine_a01/temperature_profile.csv,5e2314cabb2da5d1f1938683cadd61c6e2c0f9dc956eb85ed1112f90cb7de20e;5290e2e29017128465c240b8fff67034048f9d6e65b5e3a54a0264a21446c201,simulation/convergence/stage10_thermal_time_extra_fine_a01/case.json,simulation/convergence/stage10_thermal_time_extra_fine_a01/input.dat,ab7b65c3eeb351509b3277f947f26cc86b5baf15b7532bcac4157bd19e8c1c75,690b2e1aa8badfd330be756ffc64ed4c25f609d91c0a3080cc78495b56f4481a
