
 Ansys Mechanical Enterprise Academic Student      


 *------------------------------------------------------------------*
 |                                                                  |
 |   W E L C O M E   T O   T H E   A N S Y S (R)  P R O G R A M     |
 |                                                                  |
 *------------------------------------------------------------------*




 ***************************************************************
 *         ANSYS MAPDL 2026 R1          LEGAL NOTICES          *
 ***************************************************************
 *                                                             *
 * Copyright (c) 2026 Synopsys, Inc. and ANSYS, Inc.           *
 * All rights reserved.                                        *
 * Unauthorized use, distribution or duplication is            *
 * prohibited.                                                 *
 *                                                             *
 * Ansys is a registered trademark of Ansys, Inc. or its       *
 * subsidiaries in the United States or other countries.       *
 * See the Ansys, Inc. online documentation or the Ansys, Inc. *
 * documentation CD or online help for the complete Legal      *
 * Notice.                                                     *
 *                                                             *
 ***************************************************************
 *                                                             *
 * THIS ANSYS SOFTWARE PRODUCT AND PROGRAM DOCUMENTATION       *
 * INCLUDE TRADE SECRETS AND CONFIDENTIAL AND PROPRIETARY      *
 * PRODUCTS OF ANSYS, INC., ITS SUBSIDIARIES, OR LICENSORS.    *
 * The software products and documentation are furnished by    *
 * Ansys, Inc. or its subsidiaries under a software license    *
 * agreement that contains provisions concerning               *
 * non-disclosure, copying, length and nature of use,          *
 * compliance with exporting laws, warranties, disclaimers,    *
 * limitations of liability, and remedies, and other           *
 * provisions.  The software products and documentation may be *
 * used, disclosed, transferred, or copied only in accordance  *
 * with the terms and conditions of that software license      *
 * agreement.                                                  *
 *                                                             *
 * Ansys, Inc. is a UL registered                              *
 * ISO 9001:2015 company.                                      *
 *                                                             *
 ***************************************************************
 *                                                             *
 * This product is subject to U.S. laws governing export and   *
 * re-export.                                                  *
 *                                                             *
 * For U.S. Government users, except as specifically granted   *
 * by the Ansys, Inc. software license agreement, the use,     *
 * duplication, or disclosure by the United States Government  *
 * is subject to restrictions stated in the Ansys, Inc.        *
 * software license agreement and FAR 12.212 (for non-DOD      *
 * licenses).                                                  *
 *                                                             *
 ***************************************************************

 2026 R1 
     
 Point Releases and Patches installed:   
     
 Ansys, Inc. License Manager 2026 R1 
 Discovery (full install) 2026 R1
 Core WB Files 2026 R1   
 optiSLang Core UI 2026 R1   
 CFX (includes CFD-Post) 2026 R1 
 Chemkin 2026 R1 
 EnSight 2026 R1 
 FENSAP-ICE 2026 R1  
 Fluent (includes CFD-Post) 2026 R1  
 Polyflow (includes CFD-Post) 2026 R1
 Forte (includes EnSight) 2026 R1
 Rocky 2026 R1   
 TurboGrid 2026 R1   
 ACIS Geometry Interface 2026 R1 
 AutoCAD Geometry Interface 2026 R1  
 Catia, Version 4 Geometry Interface 2026 R1 
 Catia, Version 5 Geometry Interface 2026 R1 
 Catia, Version 6 Geometry Interface 2026 R1 
 Creo Elements/Direct Modeling Geometry Interface 2026 R1
 Creo Parametric Geometry Interface 2026 R1  
 Inventor Geometry Interface 2026 R1 
 JTOpen Geometry Interface 2026 R1   
 NX Geometry Interface 2026 R1   
 Parasolid Geometry Interface  2026 R1   
 Solid Edge Geometry Interface 2026 R1   
 SOLIDWORKS Geometry Interface 2026 R1   
 Speos 2026 R1   
 SpaceClaim 2026 R1  
 Speos RPC 2026 R1   
 Zemax OpticStudio 2026 R1   
 Dynamic Reporting 2026 R1   
 Aqwa 2026 R1
 Autodyn 2026 R1 
 Material Calibration App 2026 R1
 Mechanical Products 2026 R1 
 Motion 2026 R1  
 Academic Student 2026 R1


          *****  MAPDL COMMAND LINE ARGUMENTS  *****
  INITIAL JOBNAME              = stage10                                                                                                                                                                                                                                                 
  BATCH MODE REQUESTED (-b)    = LIST
  INPUT FILE COPY MODE (-c)    = COPY
       1 PARALLEL PROCESSES REQUESTED WITH SINGLE THREAD PER PROCESS
    TOTAL OF     1 CORES REQUESTED
  INPUT FILE NAME              = C:\Users\asus\AppData\Local\Temp\FDM_stage10_thermal_time_coarse__eovwmdu\input.dat
  OUTPUT FILE NAME             = C:\Users\asus\AppData\Local\Temp\FDM_stage10_thermal_time_coarse__eovwmdu\mapdl.out

 RELEASE= 2026 R1              BUILD= 26.1      UP20260202   VERSION=WINDOWS x64 
 CURRENT JOBNAME=stage10  21:01:53  SEP 14, 2026  Elapsed Time=       0.125

     1  /BATCH  
     2  /FILNAME,stage10_thermal
     3  /TITLE,Stage 10 plane-wall discretization verification  
     4  /PREP7  
     5  ET,1,70 
     6  MP,KXX,1,0.5
     7  MP,KYY,1,0.5
     8  MP,KZZ,1,0.5
     9  MP,C,1,1000 
    10  MP,DENS,1,1000  
    11  TYPE,1  
    12  MAT,1   
    13  N,1,0,0,0   
    14  N,2,0.001,0,0   
    15  N,3,0.001,0.001,0   
    16  N,4,0,0.001,0   
    17  N,5,0,0,0.00015625  
    18  N,6,0.001,0,0.00015625  
    19  N,7,0.001,0.001,0.00015625  
    20  N,8,0,0.001,0.00015625  
    21  N,9,0,0,0.0003125   
    22  N,10,0.001,0,0.0003125  
    23  N,11,0.001,0.001,0.0003125  
    24  N,12,0,0.001,0.0003125  
    25  N,13,0,0,0.00046875 
    26  N,14,0.001,0,0.00046875 
    27  N,15,0.001,0.001,0.00046875 
    28  N,16,0,0.001,0.00046875 
    29  N,17,0,0,0.000625   
    30  N,18,0.001,0,0.000625   
    31  N,19,0.001,0.001,0.000625   
    32  N,20,0,0.001,0.000625   
    33  N,21,0,0,0.00078125 
    34  N,22,0.001,0,0.00078125 
    35  N,23,0.001,0.001,0.00078125 
    36  N,24,0,0.001,0.00078125 
    37  N,25,0,0,0.0009375  
    38  N,26,0.001,0,0.0009375  
    39  N,27,0.001,0.001,0.0009375  
    40  N,28,0,0.001,0.0009375  
    41  N,29,0,0,0.00109375 
    42  N,30,0.001,0,0.00109375 
    43  N,31,0.001,0.001,0.00109375 
    44  N,32,0,0.001,0.00109375 
    45  N,33,0,0,0.00125
    46  N,34,0.001,0,0.00125
    47  N,35,0.001,0.001,0.00125
    48  N,36,0,0.001,0.00125
    49  N,37,0,0,0.00140625 
    50  N,38,0.001,0,0.00140625 
    51  N,39,0.001,0.001,0.00140625 
    52  N,40,0,0.001,0.00140625 
    53  N,41,0,0,0.0015625  
    54  N,42,0.001,0,0.0015625  
    55  N,43,0.001,0.001,0.0015625  
    56  N,44,0,0.001,0.0015625  
    57  N,45,0,0,0.00171875 
    58  N,46,0.001,0,0.00171875 
    59  N,47,0.001,0.001,0.00171875 
    60  N,48,0,0.001,0.00171875 
    61  N,49,0,0,0.001875   
    62  N,50,0.001,0,0.001875   
    63  N,51,0.001,0.001,0.001875   
    64  N,52,0,0.001,0.001875   
    65  N,53,0,0,0.00203125 
    66  N,54,0.001,0,0.00203125 
    67  N,55,0.001,0.001,0.00203125 
    68  N,56,0,0.001,0.00203125 
    69  N,57,0,0,0.0021875  
    70  N,58,0.001,0,0.0021875  
    71  N,59,0.001,0.001,0.0021875  
    72  N,60,0,0.001,0.0021875  
    73  N,61,0,0,0.00234375 
    74  N,62,0.001,0,0.00234375 
    75  N,63,0.001,0.001,0.00234375 
    76  N,64,0,0.001,0.00234375 
    77  N,65,0,0,0.0025 
    78  N,66,0.001,0,0.0025 
    79  N,67,0.001,0.001,0.0025 
    80  N,68,0,0.001,0.0025 
    81  N,69,0,0,0.00265625 
    82  N,70,0.001,0,0.00265625 
    83  N,71,0.001,0.001,0.00265625 
    84  N,72,0,0.001,0.00265625 
    85  N,73,0,0,0.0028125  
    86  N,74,0.001,0,0.0028125  
    87  N,75,0.001,0.001,0.0028125  
    88  N,76,0,0.001,0.0028125  
    89  N,77,0,0,0.00296875 
    90  N,78,0.001,0,0.00296875 
    91  N,79,0.001,0.001,0.00296875 
    92  N,80,0,0.001,0.00296875 
    93  N,81,0,0,0.003125   
    94  N,82,0.001,0,0.003125   
    95  N,83,0.001,0.001,0.003125   
    96  N,84,0,0.001,0.003125   
    97  N,85,0,0,0.00328125 
    98  N,86,0.001,0,0.00328125 
    99  N,87,0.001,0.001,0.00328125 
   100  N,88,0,0.001,0.00328125 
   101  N,89,0,0,0.0034375  
   102  N,90,0.001,0,0.0034375  
   103  N,91,0.001,0.001,0.0034375  
   104  N,92,0,0.001,0.0034375  
   105  N,93,0,0,0.00359375 
   106  N,94,0.001,0,0.00359375 
   107  N,95,0.001,0.001,0.00359375 
   108  N,96,0,0.001,0.00359375 
   109  N,97,0,0,0.00375
   110  N,98,0.001,0,0.00375
   111  N,99,0.001,0.001,0.00375
   112  N,100,0,0.001,0.00375   
   113  N,101,0,0,0.00390625
   114  N,102,0.001,0,0.00390625
   115  N,103,0.001,0.001,0.00390625
   116  N,104,0,0.001,0.00390625
   117  N,105,0,0,0.0040625 
   118  N,106,0.001,0,0.0040625 
   119  N,107,0.001,0.001,0.0040625 
   120  N,108,0,0.001,0.0040625 
   121  N,109,0,0,0.00421875
   122  N,110,0.001,0,0.00421875
   123  N,111,0.001,0.001,0.00421875
   124  N,112,0,0.001,0.00421875
   125  N,113,0,0,0.004375  
   126  N,114,0.001,0,0.004375  
   127  N,115,0.001,0.001,0.004375  
   128  N,116,0,0.001,0.004375  
   129  N,117,0,0,0.00453125
   130  N,118,0.001,0,0.00453125
   131  N,119,0.001,0.001,0.00453125
   132  N,120,0,0.001,0.00453125
   133  N,121,0,0,0.0046875 
   134  N,122,0.001,0,0.0046875 
   135  N,123,0.001,0.001,0.0046875 
   136  N,124,0,0.001,0.0046875 
   137  N,125,0,0,0.00484375
   138  N,126,0.001,0,0.00484375
   139  N,127,0.001,0.001,0.00484375
   140  N,128,0,0.001,0.00484375
   141  N,129,0,0,0.005 
   142  N,130,0.001,0,0.005 
   143  N,131,0.001,0.001,0.005 
   144  N,132,0,0.001,0.005 
   145  N,133,0,0,0.00515625
   146  N,134,0.001,0,0.00515625
   147  N,135,0.001,0.001,0.00515625
   148  N,136,0,0.001,0.00515625
   149  N,137,0,0,0.0053125 
   150  N,138,0.001,0,0.0053125 
   151  N,139,0.001,0.001,0.0053125 
   152  N,140,0,0.001,0.0053125 
   153  N,141,0,0,0.005468750000000001  
   154  N,142,0.001,0,0.005468750000000001  
   155  N,143,0.001,0.001,0.005468750000000001  
   156  N,144,0,0.001,0.005468750000000001  
   157  N,145,0,0,0.005625  
   158  N,146,0.001,0,0.005625  
   159  N,147,0.001,0.001,0.005625  
   160  N,148,0,0.001,0.005625  
   161  N,149,0,0,0.00578125
   162  N,150,0.001,0,0.00578125
   163  N,151,0.001,0.001,0.00578125
   164  N,152,0,0.001,0.00578125
   165  N,153,0,0,0.0059375 
   166  N,154,0.001,0,0.0059375 
   167  N,155,0.001,0.001,0.0059375 
   168  N,156,0,0.001,0.0059375 
   169  N,157,0,0,0.00609375
   170  N,158,0.001,0,0.00609375
   171  N,159,0.001,0.001,0.00609375
   172  N,160,0,0.001,0.00609375
   173  N,161,0,0,0.00625   
   174  N,162,0.001,0,0.00625   
   175  N,163,0.001,0.001,0.00625   
   176  N,164,0,0.001,0.00625   
   177  N,165,0,0,0.00640625
   178  N,166,0.001,0,0.00640625
   179  N,167,0.001,0.001,0.00640625
   180  N,168,0,0.001,0.00640625
   181  N,169,0,0,0.0065625 
   182  N,170,0.001,0,0.0065625 
   183  N,171,0.001,0.001,0.0065625 
   184  N,172,0,0.001,0.0065625 
   185  N,173,0,0,0.00671875
   186  N,174,0.001,0,0.00671875
   187  N,175,0.001,0.001,0.00671875
   188  N,176,0,0.001,0.00671875
   189  N,177,0,0,0.006875  
   190  N,178,0.001,0,0.006875  
   191  N,179,0.001,0.001,0.006875  
   192  N,180,0,0.001,0.006875  
   193  N,181,0,0,0.00703125
   194  N,182,0.001,0,0.00703125
   195  N,183,0.001,0.001,0.00703125
   196  N,184,0,0.001,0.00703125
   197  N,185,0,0,0.0071875 
   198  N,186,0.001,0,0.0071875 
   199  N,187,0.001,0.001,0.0071875 
   200  N,188,0,0.001,0.0071875 
   201  N,189,0,0,0.00734375
   202  N,190,0.001,0,0.00734375
   203  N,191,0.001,0.001,0.00734375
   204  N,192,0,0.001,0.00734375
   205  N,193,0,0,0.0075
   206  N,194,0.001,0,0.0075
   207  N,195,0.001,0.001,0.0075
   208  N,196,0,0.001,0.0075
   209  N,197,0,0,0.00765625
   210  N,198,0.001,0,0.00765625
   211  N,199,0.001,0.001,0.00765625
   212  N,200,0,0.001,0.00765625
   213  N,201,0,0,0.0078125 
   214  N,202,0.001,0,0.0078125 
   215  N,203,0.001,0.001,0.0078125 
   216  N,204,0,0.001,0.0078125 
   217  N,205,0,0,0.00796875
   218  N,206,0.001,0,0.00796875
   219  N,207,0.001,0.001,0.00796875
   220  N,208,0,0.001,0.00796875
   221  N,209,0,0,0.008125  
   222  N,210,0.001,0,0.008125  
   223  N,211,0.001,0.001,0.008125  
   224  N,212,0,0.001,0.008125  
   225  N,213,0,0,0.00828125
   226  N,214,0.001,0,0.00828125
   227  N,215,0.001,0.001,0.00828125
   228  N,216,0,0.001,0.00828125
   229  N,217,0,0,0.008437500000000001  
   230  N,218,0.001,0,0.008437500000000001  
   231  N,219,0.001,0.001,0.008437500000000001  
   232  N,220,0,0.001,0.008437500000000001  
   233  N,221,0,0,0.008593750000000001  
   234  N,222,0.001,0,0.008593750000000001  
   235  N,223,0.001,0.001,0.008593750000000001  
   236  N,224,0,0.001,0.008593750000000001  
   237  N,225,0,0,0.008750000000000001  
   238  N,226,0.001,0,0.008750000000000001  
   239  N,227,0.001,0.001,0.008750000000000001  
   240  N,228,0,0.001,0.008750000000000001  
   241  N,229,0,0,0.008906250000000001  
   242  N,230,0.001,0,0.008906250000000001  
   243  N,231,0.001,0.001,0.008906250000000001  
   244  N,232,0,0.001,0.008906250000000001  
   245  N,233,0,0,0.009062499999999999  
   246  N,234,0.001,0,0.009062499999999999  
   247  N,235,0.001,0.001,0.009062499999999999  
   248  N,236,0,0.001,0.009062499999999999  
   249  N,237,0,0,0.00921875
   250  N,238,0.001,0,0.00921875
   251  N,239,0.001,0.001,0.00921875
   252  N,240,0,0.001,0.00921875
   253  N,241,0,0,0.009375  
   254  N,242,0.001,0,0.009375  
   255  N,243,0.001,0.001,0.009375  
   256  N,244,0,0.001,0.009375  
   257  N,245,0,0,0.00953125
   258  N,246,0.001,0,0.00953125
   259  N,247,0.001,0.001,0.00953125
   260  N,248,0,0.001,0.00953125
   261  N,249,0,0,0.0096875 
   262  N,250,0.001,0,0.0096875 
   263  N,251,0.001,0.001,0.0096875 
   264  N,252,0,0.001,0.0096875 
   265  N,253,0,0,0.00984375
   266  N,254,0.001,0,0.00984375
   267  N,255,0.001,0.001,0.00984375
   268  N,256,0,0.001,0.00984375
   269  N,257,0,0,0.01  
   270  N,258,0.001,0,0.01  
   271  N,259,0.001,0.001,0.01  
   272  N,260,0,0.001,0.01  
   273  E,1,2,3,4,5,6,7,8   
   274  E,5,6,7,8,9,10,11,12
   275  E,9,10,11,12,13,14,15,16
   276  E,13,14,15,16,17,18,19,20   
   277  E,17,18,19,20,21,22,23,24   
   278  E,21,22,23,24,25,26,27,28   
   279  E,25,26,27,28,29,30,31,32   
   280  E,29,30,31,32,33,34,35,36   
   281  E,33,34,35,36,37,38,39,40   
   282  E,37,38,39,40,41,42,43,44   
   283  E,41,42,43,44,45,46,47,48   
   284  E,45,46,47,48,49,50,51,52   
   285  E,49,50,51,52,53,54,55,56   
   286  E,53,54,55,56,57,58,59,60   
   287  E,57,58,59,60,61,62,63,64   
   288  E,61,62,63,64,65,66,67,68   
   289  E,65,66,67,68,69,70,71,72   
   290  E,69,70,71,72,73,74,75,76   
   291  E,73,74,75,76,77,78,79,80   
   292  E,77,78,79,80,81,82,83,84   
   293  E,81,82,83,84,85,86,87,88   
   294  E,85,86,87,88,89,90,91,92   
   295  E,89,90,91,92,93,94,95,96   
   296  E,93,94,95,96,97,98,99,100  
   297  E,97,98,99,100,101,102,103,104  
   298  E,101,102,103,104,105,106,107,108   
   299  E,105,106,107,108,109,110,111,112   
   300  E,109,110,111,112,113,114,115,116   
   301  E,113,114,115,116,117,118,119,120   
   302  E,117,118,119,120,121,122,123,124   
   303  E,121,122,123,124,125,126,127,128   
   304  E,125,126,127,128,129,130,131,132   
   305  E,129,130,131,132,133,134,135,136   
   306  E,133,134,135,136,137,138,139,140   
   307  E,137,138,139,140,141,142,143,144   
   308  E,141,142,143,144,145,146,147,148   
   309  E,145,146,147,148,149,150,151,152   
   310  E,149,150,151,152,153,154,155,156   
   311  E,153,154,155,156,157,158,159,160   
   312  E,157,158,159,160,161,162,163,164   
   313  E,161,162,163,164,165,166,167,168   
   314  E,165,166,167,168,169,170,171,172   
   315  E,169,170,171,172,173,174,175,176   
   316  E,173,174,175,176,177,178,179,180   
   317  E,177,178,179,180,181,182,183,184   
   318  E,181,182,183,184,185,186,187,188   
   319  E,185,186,187,188,189,190,191,192   
   320  E,189,190,191,192,193,194,195,196   
   321  E,193,194,195,196,197,198,199,200   
   322  E,197,198,199,200,201,202,203,204   
   323  E,201,202,203,204,205,206,207,208   
   324  E,205,206,207,208,209,210,211,212   
   325  E,209,210,211,212,213,214,215,216   
   326  E,213,214,215,216,217,218,219,220   
   327  E,217,218,219,220,221,222,223,224   
   328  E,221,222,223,224,225,226,227,228   
   329  E,225,226,227,228,229,230,231,232   
   330  E,229,230,231,232,233,234,235,236   
   331  E,233,234,235,236,237,238,239,240   
   332  E,237,238,239,240,241,242,243,244   
   333  E,241,242,243,244,245,246,247,248   
   334  E,245,246,247,248,249,250,251,252   
   335  E,249,250,251,252,253,254,255,256   
   336  E,253,254,255,256,257,258,259,260   
   337  FINISH  
   338  /SOLU   
   339  ANTYPE,TRANS
   340  TRNOPT,FULL 
   341  AUTOTS,OFF  
   342  KBC,0   
   343  OUTRES,ERASE
   344  *DIM,TS,ARRAY,4 
   345  TS(1)=300   
   346  TS(2)=900   
   347  TS(3)=1200  
   348  TS(4)=1800  
   349  OUTRES,NSOL,%TS%
   350  TUNIF,20
   351  NSEL,S,NODE,,1,4
   352  SF,ALL,CONV,5,20
   353  NSEL,S,NODE,,257,260
   354  SF,ALL,CONV,5,20
   355  ALLSEL,ALL  
   356  TIME,1e-6   
   357  KBC,1   
   358  NSUBST,1,1,1
   359  SOLVE   
   360  KBC,0   
   361  NSEL,S,NODE,,1,4
   362  SF,ALL,CONV,5,80
   363  NSEL,S,NODE,,257,260
   364  SF,ALL,CONV,5,80
   365  ALLSEL,ALL  
   366  TIME,300
   367  DELTIM,5,5,5,ON 
   368  SOLVE   
   369  NSEL,S,NODE,,1,4
   370  SF,ALL,CONV,5,80
   371  NSEL,S,NODE,,257,260
   372  SF,ALL,CONV,5,80
   373  ALLSEL,ALL  
   374  TIME,900
   375  DELTIM,5,5,5,ON 
   376  SOLVE   
   377  NSEL,S,NODE,,1,4
   378  SF,ALL,CONV,5,20
   379  NSEL,S,NODE,,257,260
   380  SF,ALL,CONV,5,20
   381  ALLSEL,ALL  
   382  TIME,1200   
   383  DELTIM,5,5,5,ON 
   384  SOLVE   
   385  NSEL,S,NODE,,1,4
   386  SF,ALL,CONV,5,20
   387  NSEL,S,NODE,,257,260
   388  SF,ALL,CONV,5,20
   389  ALLSEL,ALL  
   390  TIME,1800   
   391  DELTIM,5,5,5,ON 
   392  SOLVE   
   393  FINISH  
   394  /POST1  
   395  *CFOPEN,temperature_profile,csv 
   396  SET,,,,,300 
   397  TV=300  
   398  ZV=0
   399  *GET,TEMPV,NODE,1,TEMP  
   400  *VWRITE,TV,ZV,TEMPV 
   401  (3(E24.16,',')) 
   402  TV=300  
   403  ZV=0.00015625   
   404  *GET,TEMPV,NODE,5,TEMP  
   405  *VWRITE,TV,ZV,TEMPV 
   406  (3(E24.16,',')) 
   407  TV=300  
   408  ZV=0.0003125
   409  *GET,TEMPV,NODE,9,TEMP  
   410  *VWRITE,TV,ZV,TEMPV 
   411  (3(E24.16,',')) 
   412  TV=300  
   413  ZV=0.00046875   
   414  *GET,TEMPV,NODE,13,TEMP 
   415  *VWRITE,TV,ZV,TEMPV 
   416  (3(E24.16,',')) 
   417  TV=300  
   418  ZV=0.000625 
   419  *GET,TEMPV,NODE,17,TEMP 
   420  *VWRITE,TV,ZV,TEMPV 
   421  (3(E24.16,',')) 
   422  TV=300  
   423  ZV=0.00078125   
   424  *GET,TEMPV,NODE,21,TEMP 
   425  *VWRITE,TV,ZV,TEMPV 
   426  (3(E24.16,',')) 
   427  TV=300  
   428  ZV=0.0009375
   429  *GET,TEMPV,NODE,25,TEMP 
   430  *VWRITE,TV,ZV,TEMPV 
   431  (3(E24.16,',')) 
   432  TV=300  
   433  ZV=0.00109375   
   434  *GET,TEMPV,NODE,29,TEMP 
   435  *VWRITE,TV,ZV,TEMPV 
   436  (3(E24.16,',')) 
   437  TV=300  
   438  ZV=0.00125  
   439  *GET,TEMPV,NODE,33,TEMP 
   440  *VWRITE,TV,ZV,TEMPV 
   441  (3(E24.16,',')) 
   442  TV=300  
   443  ZV=0.00140625   
   444  *GET,TEMPV,NODE,37,TEMP 
   445  *VWRITE,TV,ZV,TEMPV 
   446  (3(E24.16,',')) 
   447  TV=300  
   448  ZV=0.0015625
   449  *GET,TEMPV,NODE,41,TEMP 
   450  *VWRITE,TV,ZV,TEMPV 
   451  (3(E24.16,',')) 
   452  TV=300  
   453  ZV=0.00171875   
   454  *GET,TEMPV,NODE,45,TEMP 
   455  *VWRITE,TV,ZV,TEMPV 
   456  (3(E24.16,',')) 
   457  TV=300  
   458  ZV=0.001875 
   459  *GET,TEMPV,NODE,49,TEMP 
   460  *VWRITE,TV,ZV,TEMPV 
   461  (3(E24.16,',')) 
   462  TV=300  
   463  ZV=0.00203125   
   464  *GET,TEMPV,NODE,53,TEMP 
   465  *VWRITE,TV,ZV,TEMPV 
   466  (3(E24.16,',')) 
   467  TV=300  
   468  ZV=0.0021875
   469  *GET,TEMPV,NODE,57,TEMP 
   470  *VWRITE,TV,ZV,TEMPV 
   471  (3(E24.16,',')) 
   472  TV=300  
   473  ZV=0.00234375   
   474  *GET,TEMPV,NODE,61,TEMP 
   475  *VWRITE,TV,ZV,TEMPV 
   476  (3(E24.16,',')) 
   477  TV=300  
   478  ZV=0.0025   
   479  *GET,TEMPV,NODE,65,TEMP 
   480  *VWRITE,TV,ZV,TEMPV 
   481  (3(E24.16,',')) 
   482  TV=300  
   483  ZV=0.00265625   
   484  *GET,TEMPV,NODE,69,TEMP 
   485  *VWRITE,TV,ZV,TEMPV 
   486  (3(E24.16,',')) 
   487  TV=300  
   488  ZV=0.0028125
   489  *GET,TEMPV,NODE,73,TEMP 
   490  *VWRITE,TV,ZV,TEMPV 
   491  (3(E24.16,',')) 
   492  TV=300  
   493  ZV=0.00296875   
   494  *GET,TEMPV,NODE,77,TEMP 
   495  *VWRITE,TV,ZV,TEMPV 
   496  (3(E24.16,',')) 
   497  TV=300  
   498  ZV=0.003125 
   499  *GET,TEMPV,NODE,81,TEMP 
   500  *VWRITE,TV,ZV,TEMPV 
   501  (3(E24.16,',')) 
   502  TV=300  
   503  ZV=0.00328125   
   504  *GET,TEMPV,NODE,85,TEMP 
   505  *VWRITE,TV,ZV,TEMPV 
   506  (3(E24.16,',')) 
   507  TV=300  
   508  ZV=0.0034375
   509  *GET,TEMPV,NODE,89,TEMP 
   510  *VWRITE,TV,ZV,TEMPV 
   511  (3(E24.16,',')) 
   512  TV=300  
   513  ZV=0.00359375   
   514  *GET,TEMPV,NODE,93,TEMP 
   515  *VWRITE,TV,ZV,TEMPV 
   516  (3(E24.16,',')) 
   517  TV=300  
   518  ZV=0.00375  
   519  *GET,TEMPV,NODE,97,TEMP 
   520  *VWRITE,TV,ZV,TEMPV 
   521  (3(E24.16,',')) 
   522  TV=300  
   523  ZV=0.00390625   
   524  *GET,TEMPV,NODE,101,TEMP
   525  *VWRITE,TV,ZV,TEMPV 
   526  (3(E24.16,',')) 
   527  TV=300  
   528  ZV=0.0040625
   529  *GET,TEMPV,NODE,105,TEMP
   530  *VWRITE,TV,ZV,TEMPV 
   531  (3(E24.16,',')) 
   532  TV=300  
   533  ZV=0.00421875   
   534  *GET,TEMPV,NODE,109,TEMP
   535  *VWRITE,TV,ZV,TEMPV 
   536  (3(E24.16,',')) 
   537  TV=300  
   538  ZV=0.004375 
   539  *GET,TEMPV,NODE,113,TEMP
   540  *VWRITE,TV,ZV,TEMPV 
   541  (3(E24.16,',')) 
   542  TV=300  
   543  ZV=0.00453125   
   544  *GET,TEMPV,NODE,117,TEMP
   545  *VWRITE,TV,ZV,TEMPV 
   546  (3(E24.16,',')) 
   547  TV=300  
   548  ZV=0.0046875
   549  *GET,TEMPV,NODE,121,TEMP
   550  *VWRITE,TV,ZV,TEMPV 
   551  (3(E24.16,',')) 
   552  TV=300  
   553  ZV=0.00484375   
   554  *GET,TEMPV,NODE,125,TEMP
   555  *VWRITE,TV,ZV,TEMPV 
   556  (3(E24.16,',')) 
   557  TV=300  
   558  ZV=0.005
   559  *GET,TEMPV,NODE,129,TEMP
   560  *VWRITE,TV,ZV,TEMPV 
   561  (3(E24.16,',')) 
   562  TV=300  
   563  ZV=0.00515625   
   564  *GET,TEMPV,NODE,133,TEMP
   565  *VWRITE,TV,ZV,TEMPV 
   566  (3(E24.16,',')) 
   567  TV=300  
   568  ZV=0.0053125
   569  *GET,TEMPV,NODE,137,TEMP
   570  *VWRITE,TV,ZV,TEMPV 
   571  (3(E24.16,',')) 
   572  TV=300  
   573  ZV=0.005468750000000001 
   574  *GET,TEMPV,NODE,141,TEMP
   575  *VWRITE,TV,ZV,TEMPV 
   576  (3(E24.16,',')) 
   577  TV=300  
   578  ZV=0.005625 
   579  *GET,TEMPV,NODE,145,TEMP
   580  *VWRITE,TV,ZV,TEMPV 
   581  (3(E24.16,',')) 
   582  TV=300  
   583  ZV=0.00578125   
   584  *GET,TEMPV,NODE,149,TEMP
   585  *VWRITE,TV,ZV,TEMPV 
   586  (3(E24.16,',')) 
   587  TV=300  
   588  ZV=0.0059375
   589  *GET,TEMPV,NODE,153,TEMP
   590  *VWRITE,TV,ZV,TEMPV 
   591  (3(E24.16,',')) 
   592  TV=300  
   593  ZV=0.00609375   
   594  *GET,TEMPV,NODE,157,TEMP
   595  *VWRITE,TV,ZV,TEMPV 
   596  (3(E24.16,',')) 
   597  TV=300  
   598  ZV=0.00625  
   599  *GET,TEMPV,NODE,161,TEMP
   600  *VWRITE,TV,ZV,TEMPV 
   601  (3(E24.16,',')) 
   602  TV=300  
   603  ZV=0.00640625   
   604  *GET,TEMPV,NODE,165,TEMP
   605  *VWRITE,TV,ZV,TEMPV 
   606  (3(E24.16,',')) 
   607  TV=300  
   608  ZV=0.0065625
   609  *GET,TEMPV,NODE,169,TEMP
   610  *VWRITE,TV,ZV,TEMPV 
   611  (3(E24.16,',')) 
   612  TV=300  
   613  ZV=0.00671875   
   614  *GET,TEMPV,NODE,173,TEMP
   615  *VWRITE,TV,ZV,TEMPV 
   616  (3(E24.16,',')) 
   617  TV=300  
   618  ZV=0.006875 
   619  *GET,TEMPV,NODE,177,TEMP
   620  *VWRITE,TV,ZV,TEMPV 
   621  (3(E24.16,',')) 
   622  TV=300  
   623  ZV=0.00703125   
   624  *GET,TEMPV,NODE,181,TEMP
   625  *VWRITE,TV,ZV,TEMPV 
   626  (3(E24.16,',')) 
   627  TV=300  
   628  ZV=0.0071875
   629  *GET,TEMPV,NODE,185,TEMP
   630  *VWRITE,TV,ZV,TEMPV 
   631  (3(E24.16,',')) 
   632  TV=300  
   633  ZV=0.00734375   
   634  *GET,TEMPV,NODE,189,TEMP
   635  *VWRITE,TV,ZV,TEMPV 
   636  (3(E24.16,',')) 
   637  TV=300  
   638  ZV=0.0075   
   639  *GET,TEMPV,NODE,193,TEMP
   640  *VWRITE,TV,ZV,TEMPV 
   641  (3(E24.16,',')) 
   642  TV=300  
   643  ZV=0.00765625   
   644  *GET,TEMPV,NODE,197,TEMP
   645  *VWRITE,TV,ZV,TEMPV 
   646  (3(E24.16,',')) 
   647  TV=300  
   648  ZV=0.0078125
   649  *GET,TEMPV,NODE,201,TEMP
   650  *VWRITE,TV,ZV,TEMPV 
   651  (3(E24.16,',')) 
   652  TV=300  
   653  ZV=0.00796875   
   654  *GET,TEMPV,NODE,205,TEMP
   655  *VWRITE,TV,ZV,TEMPV 
   656  (3(E24.16,',')) 
   657  TV=300  
   658  ZV=0.008125 
   659  *GET,TEMPV,NODE,209,TEMP
   660  *VWRITE,TV,ZV,TEMPV 
   661  (3(E24.16,',')) 
   662  TV=300  
   663  ZV=0.00828125   
   664  *GET,TEMPV,NODE,213,TEMP
   665  *VWRITE,TV,ZV,TEMPV 
   666  (3(E24.16,',')) 
   667  TV=300  
   668  ZV=0.008437500000000001 
   669  *GET,TEMPV,NODE,217,TEMP
   670  *VWRITE,TV,ZV,TEMPV 
   671  (3(E24.16,',')) 
   672  TV=300  
   673  ZV=0.008593750000000001 
   674  *GET,TEMPV,NODE,221,TEMP
   675  *VWRITE,TV,ZV,TEMPV 
   676  (3(E24.16,',')) 
   677  TV=300  
   678  ZV=0.008750000000000001 
   679  *GET,TEMPV,NODE,225,TEMP
   680  *VWRITE,TV,ZV,TEMPV 
   681  (3(E24.16,',')) 
   682  TV=300  
   683  ZV=0.008906250000000001 
   684  *GET,TEMPV,NODE,229,TEMP
   685  *VWRITE,TV,ZV,TEMPV 
   686  (3(E24.16,',')) 
   687  TV=300  
   688  ZV=0.009062499999999999 
   689  *GET,TEMPV,NODE,233,TEMP
   690  *VWRITE,TV,ZV,TEMPV 
   691  (3(E24.16,',')) 
   692  TV=300  
   693  ZV=0.00921875   
   694  *GET,TEMPV,NODE,237,TEMP
   695  *VWRITE,TV,ZV,TEMPV 
   696  (3(E24.16,',')) 
   697  TV=300  
   698  ZV=0.009375 
   699  *GET,TEMPV,NODE,241,TEMP
   700  *VWRITE,TV,ZV,TEMPV 
   701  (3(E24.16,',')) 
   702  TV=300  
   703  ZV=0.00953125   
   704  *GET,TEMPV,NODE,245,TEMP
   705  *VWRITE,TV,ZV,TEMPV 
   706  (3(E24.16,',')) 
   707  TV=300  
   708  ZV=0.0096875
   709  *GET,TEMPV,NODE,249,TEMP
   710  *VWRITE,TV,ZV,TEMPV 
   711  (3(E24.16,',')) 
   712  TV=300  
   713  ZV=0.00984375   
   714  *GET,TEMPV,NODE,253,TEMP
   715  *VWRITE,TV,ZV,TEMPV 
   716  (3(E24.16,',')) 
   717  TV=300  
   718  ZV=0.01 
   719  *GET,TEMPV,NODE,257,TEMP
   720  *VWRITE,TV,ZV,TEMPV 
   721  (3(E24.16,',')) 
   722  SET,,,,,900 
   723  TV=900  
   724  ZV=0
   725  *GET,TEMPV,NODE,1,TEMP  
   726  *VWRITE,TV,ZV,TEMPV 
   727  (3(E24.16,',')) 
   728  TV=900  
   729  ZV=0.00015625   
   730  *GET,TEMPV,NODE,5,TEMP  
   731  *VWRITE,TV,ZV,TEMPV 
   732  (3(E24.16,',')) 
   733  TV=900  
   734  ZV=0.0003125
   735  *GET,TEMPV,NODE,9,TEMP  
   736  *VWRITE,TV,ZV,TEMPV 
   737  (3(E24.16,',')) 
   738  TV=900  
   739  ZV=0.00046875   
   740  *GET,TEMPV,NODE,13,TEMP 
   741  *VWRITE,TV,ZV,TEMPV 
   742  (3(E24.16,',')) 
   743  TV=900  
   744  ZV=0.000625 
   745  *GET,TEMPV,NODE,17,TEMP 
   746  *VWRITE,TV,ZV,TEMPV 
   747  (3(E24.16,',')) 
   748  TV=900  
   749  ZV=0.00078125   
   750  *GET,TEMPV,NODE,21,TEMP 
   751  *VWRITE,TV,ZV,TEMPV 
   752  (3(E24.16,',')) 
   753  TV=900  
   754  ZV=0.0009375
   755  *GET,TEMPV,NODE,25,TEMP 
   756  *VWRITE,TV,ZV,TEMPV 
   757  (3(E24.16,',')) 
   758  TV=900  
   759  ZV=0.00109375   
   760  *GET,TEMPV,NODE,29,TEMP 
   761  *VWRITE,TV,ZV,TEMPV 
   762  (3(E24.16,',')) 
   763  TV=900  
   764  ZV=0.00125  
   765  *GET,TEMPV,NODE,33,TEMP 
   766  *VWRITE,TV,ZV,TEMPV 
   767  (3(E24.16,',')) 
   768  TV=900  
   769  ZV=0.00140625   
   770  *GET,TEMPV,NODE,37,TEMP 
   771  *VWRITE,TV,ZV,TEMPV 
   772  (3(E24.16,',')) 
   773  TV=900  
   774  ZV=0.0015625
   775  *GET,TEMPV,NODE,41,TEMP 
   776  *VWRITE,TV,ZV,TEMPV 
   777  (3(E24.16,',')) 
   778  TV=900  
   779  ZV=0.00171875   
   780  *GET,TEMPV,NODE,45,TEMP 
   781  *VWRITE,TV,ZV,TEMPV 
   782  (3(E24.16,',')) 
   783  TV=900  
   784  ZV=0.001875 
   785  *GET,TEMPV,NODE,49,TEMP 
   786  *VWRITE,TV,ZV,TEMPV 
   787  (3(E24.16,',')) 
   788  TV=900  
   789  ZV=0.00203125   
   790  *GET,TEMPV,NODE,53,TEMP 
   791  *VWRITE,TV,ZV,TEMPV 
   792  (3(E24.16,',')) 
   793  TV=900  
   794  ZV=0.0021875
   795  *GET,TEMPV,NODE,57,TEMP 
   796  *VWRITE,TV,ZV,TEMPV 
   797  (3(E24.16,',')) 
   798  TV=900  
   799  ZV=0.00234375   
   800  *GET,TEMPV,NODE,61,TEMP 
   801  *VWRITE,TV,ZV,TEMPV 
   802  (3(E24.16,',')) 
   803  TV=900  
   804  ZV=0.0025   
   805  *GET,TEMPV,NODE,65,TEMP 
   806  *VWRITE,TV,ZV,TEMPV 
   807  (3(E24.16,',')) 
   808  TV=900  
   809  ZV=0.00265625   
   810  *GET,TEMPV,NODE,69,TEMP 
   811  *VWRITE,TV,ZV,TEMPV 
   812  (3(E24.16,',')) 
   813  TV=900  
   814  ZV=0.0028125
   815  *GET,TEMPV,NODE,73,TEMP 
   816  *VWRITE,TV,ZV,TEMPV 
   817  (3(E24.16,',')) 
   818  TV=900  
   819  ZV=0.00296875   
   820  *GET,TEMPV,NODE,77,TEMP 
   821  *VWRITE,TV,ZV,TEMPV 
   822  (3(E24.16,',')) 
   823  TV=900  
   824  ZV=0.003125 
   825  *GET,TEMPV,NODE,81,TEMP 
   826  *VWRITE,TV,ZV,TEMPV 
   827  (3(E24.16,',')) 
   828  TV=900  
   829  ZV=0.00328125   
   830  *GET,TEMPV,NODE,85,TEMP 
   831  *VWRITE,TV,ZV,TEMPV 
   832  (3(E24.16,',')) 
   833  TV=900  
   834  ZV=0.0034375
   835  *GET,TEMPV,NODE,89,TEMP 
   836  *VWRITE,TV,ZV,TEMPV 
   837  (3(E24.16,',')) 
   838  TV=900  
   839  ZV=0.00359375   
   840  *GET,TEMPV,NODE,93,TEMP 
   841  *VWRITE,TV,ZV,TEMPV 
   842  (3(E24.16,',')) 
   843  TV=900  
   844  ZV=0.00375  
   845  *GET,TEMPV,NODE,97,TEMP 
   846  *VWRITE,TV,ZV,TEMPV 
   847  (3(E24.16,',')) 
   848  TV=900  
   849  ZV=0.00390625   
   850  *GET,TEMPV,NODE,101,TEMP
   851  *VWRITE,TV,ZV,TEMPV 
   852  (3(E24.16,',')) 
   853  TV=900  
   854  ZV=0.0040625
   855  *GET,TEMPV,NODE,105,TEMP
   856  *VWRITE,TV,ZV,TEMPV 
   857  (3(E24.16,',')) 
   858  TV=900  
   859  ZV=0.00421875   
   860  *GET,TEMPV,NODE,109,TEMP
   861  *VWRITE,TV,ZV,TEMPV 
   862  (3(E24.16,',')) 
   863  TV=900  
   864  ZV=0.004375 
   865  *GET,TEMPV,NODE,113,TEMP
   866  *VWRITE,TV,ZV,TEMPV 
   867  (3(E24.16,',')) 
   868  TV=900  
   869  ZV=0.00453125   
   870  *GET,TEMPV,NODE,117,TEMP
   871  *VWRITE,TV,ZV,TEMPV 
   872  (3(E24.16,',')) 
   873  TV=900  
   874  ZV=0.0046875
   875  *GET,TEMPV,NODE,121,TEMP
   876  *VWRITE,TV,ZV,TEMPV 
   877  (3(E24.16,',')) 
   878  TV=900  
   879  ZV=0.00484375   
   880  *GET,TEMPV,NODE,125,TEMP
   881  *VWRITE,TV,ZV,TEMPV 
   882  (3(E24.16,',')) 
   883  TV=900  
   884  ZV=0.005
   885  *GET,TEMPV,NODE,129,TEMP
   886  *VWRITE,TV,ZV,TEMPV 
   887  (3(E24.16,',')) 
   888  TV=900  
   889  ZV=0.00515625   
   890  *GET,TEMPV,NODE,133,TEMP
   891  *VWRITE,TV,ZV,TEMPV 
   892  (3(E24.16,',')) 
   893  TV=900  
   894  ZV=0.0053125
   895  *GET,TEMPV,NODE,137,TEMP
   896  *VWRITE,TV,ZV,TEMPV 
   897  (3(E24.16,',')) 
   898  TV=900  
   899  ZV=0.005468750000000001 
   900  *GET,TEMPV,NODE,141,TEMP
   901  *VWRITE,TV,ZV,TEMPV 
   902  (3(E24.16,',')) 
   903  TV=900  
   904  ZV=0.005625 
   905  *GET,TEMPV,NODE,145,TEMP
   906  *VWRITE,TV,ZV,TEMPV 
   907  (3(E24.16,',')) 
   908  TV=900  
   909  ZV=0.00578125   
   910  *GET,TEMPV,NODE,149,TEMP
   911  *VWRITE,TV,ZV,TEMPV 
   912  (3(E24.16,',')) 
   913  TV=900  
   914  ZV=0.0059375
   915  *GET,TEMPV,NODE,153,TEMP
   916  *VWRITE,TV,ZV,TEMPV 
   917  (3(E24.16,',')) 
   918  TV=900  
   919  ZV=0.00609375   
   920  *GET,TEMPV,NODE,157,TEMP
   921  *VWRITE,TV,ZV,TEMPV 
   922  (3(E24.16,',')) 
   923  TV=900  
   924  ZV=0.00625  
   925  *GET,TEMPV,NODE,161,TEMP
   926  *VWRITE,TV,ZV,TEMPV 
   927  (3(E24.16,',')) 
   928  TV=900  
   929  ZV=0.00640625   
   930  *GET,TEMPV,NODE,165,TEMP
   931  *VWRITE,TV,ZV,TEMPV 
   932  (3(E24.16,',')) 
   933  TV=900  
   934  ZV=0.0065625
   935  *GET,TEMPV,NODE,169,TEMP
   936  *VWRITE,TV,ZV,TEMPV 
   937  (3(E24.16,',')) 
   938  TV=900  
   939  ZV=0.00671875   
   940  *GET,TEMPV,NODE,173,TEMP
   941  *VWRITE,TV,ZV,TEMPV 
   942  (3(E24.16,',')) 
   943  TV=900  
   944  ZV=0.006875 
   945  *GET,TEMPV,NODE,177,TEMP
   946  *VWRITE,TV,ZV,TEMPV 
   947  (3(E24.16,',')) 
   948  TV=900  
   949  ZV=0.00703125   
   950  *GET,TEMPV,NODE,181,TEMP
   951  *VWRITE,TV,ZV,TEMPV 
   952  (3(E24.16,',')) 
   953  TV=900  
   954  ZV=0.0071875
   955  *GET,TEMPV,NODE,185,TEMP
   956  *VWRITE,TV,ZV,TEMPV 
   957  (3(E24.16,',')) 
   958  TV=900  
   959  ZV=0.00734375   
   960  *GET,TEMPV,NODE,189,TEMP
   961  *VWRITE,TV,ZV,TEMPV 
   962  (3(E24.16,',')) 
   963  TV=900  
   964  ZV=0.0075   
   965  *GET,TEMPV,NODE,193,TEMP
   966  *VWRITE,TV,ZV,TEMPV 
   967  (3(E24.16,',')) 
   968  TV=900  
   969  ZV=0.00765625   
   970  *GET,TEMPV,NODE,197,TEMP
   971  *VWRITE,TV,ZV,TEMPV 
   972  (3(E24.16,',')) 
   973  TV=900  
   974  ZV=0.0078125
   975  *GET,TEMPV,NODE,201,TEMP
   976  *VWRITE,TV,ZV,TEMPV 
   977  (3(E24.16,',')) 
   978  TV=900  
   979  ZV=0.00796875   
   980  *GET,TEMPV,NODE,205,TEMP
   981  *VWRITE,TV,ZV,TEMPV 
   982  (3(E24.16,',')) 
   983  TV=900  
   984  ZV=0.008125 
   985  *GET,TEMPV,NODE,209,TEMP
   986  *VWRITE,TV,ZV,TEMPV 
   987  (3(E24.16,',')) 
   988  TV=900  
   989  ZV=0.00828125   
   990  *GET,TEMPV,NODE,213,TEMP
   991  *VWRITE,TV,ZV,TEMPV 
   992  (3(E24.16,',')) 
   993  TV=900  
   994  ZV=0.008437500000000001 
   995  *GET,TEMPV,NODE,217,TEMP
   996  *VWRITE,TV,ZV,TEMPV 
   997  (3(E24.16,',')) 
   998  TV=900  
   999  ZV=0.008593750000000001 
  1000  *GET,TEMPV,NODE,221,TEMP
  1001  *VWRITE,TV,ZV,TEMPV 
  1002  (3(E24.16,',')) 
  1003  TV=900  
  1004  ZV=0.008750000000000001 
  1005  *GET,TEMPV,NODE,225,TEMP
  1006  *VWRITE,TV,ZV,TEMPV 
  1007  (3(E24.16,',')) 
  1008  TV=900  
  1009  ZV=0.008906250000000001 
  1010  *GET,TEMPV,NODE,229,TEMP
  1011  *VWRITE,TV,ZV,TEMPV 
  1012  (3(E24.16,',')) 
  1013  TV=900  
  1014  ZV=0.009062499999999999 
  1015  *GET,TEMPV,NODE,233,TEMP
  1016  *VWRITE,TV,ZV,TEMPV 
  1017  (3(E24.16,',')) 
  1018  TV=900  
  1019  ZV=0.00921875   
  1020  *GET,TEMPV,NODE,237,TEMP
  1021  *VWRITE,TV,ZV,TEMPV 
  1022  (3(E24.16,',')) 
  1023  TV=900  
  1024  ZV=0.009375 
  1025  *GET,TEMPV,NODE,241,TEMP
  1026  *VWRITE,TV,ZV,TEMPV 
  1027  (3(E24.16,',')) 
  1028  TV=900  
  1029  ZV=0.00953125   
  1030  *GET,TEMPV,NODE,245,TEMP
  1031  *VWRITE,TV,ZV,TEMPV 
  1032  (3(E24.16,',')) 
  1033  TV=900  
  1034  ZV=0.0096875
  1035  *GET,TEMPV,NODE,249,TEMP
  1036  *VWRITE,TV,ZV,TEMPV 
  1037  (3(E24.16,',')) 
  1038  TV=900  
  1039  ZV=0.00984375   
  1040  *GET,TEMPV,NODE,253,TEMP
  1041  *VWRITE,TV,ZV,TEMPV 
  1042  (3(E24.16,',')) 
  1043  TV=900  
  1044  ZV=0.01 
  1045  *GET,TEMPV,NODE,257,TEMP
  1046  *VWRITE,TV,ZV,TEMPV 
  1047  (3(E24.16,',')) 
  1048  SET,,,,,1200
  1049  TV=1200 
  1050  ZV=0
  1051  *GET,TEMPV,NODE,1,TEMP  
  1052  *VWRITE,TV,ZV,TEMPV 
  1053  (3(E24.16,',')) 
  1054  TV=1200 
  1055  ZV=0.00015625   
  1056  *GET,TEMPV,NODE,5,TEMP  
  1057  *VWRITE,TV,ZV,TEMPV 
  1058  (3(E24.16,',')) 
  1059  TV=1200 
  1060  ZV=0.0003125
  1061  *GET,TEMPV,NODE,9,TEMP  
  1062  *VWRITE,TV,ZV,TEMPV 
  1063  (3(E24.16,',')) 
  1064  TV=1200 
  1065  ZV=0.00046875   
  1066  *GET,TEMPV,NODE,13,TEMP 
  1067  *VWRITE,TV,ZV,TEMPV 
  1068  (3(E24.16,',')) 
  1069  TV=1200 
  1070  ZV=0.000625 
  1071  *GET,TEMPV,NODE,17,TEMP 
  1072  *VWRITE,TV,ZV,TEMPV 
  1073  (3(E24.16,',')) 
  1074  TV=1200 
  1075  ZV=0.00078125   
  1076  *GET,TEMPV,NODE,21,TEMP 
  1077  *VWRITE,TV,ZV,TEMPV 
  1078  (3(E24.16,',')) 
  1079  TV=1200 
  1080  ZV=0.0009375
  1081  *GET,TEMPV,NODE,25,TEMP 
  1082  *VWRITE,TV,ZV,TEMPV 
  1083  (3(E24.16,',')) 
  1084  TV=1200 
  1085  ZV=0.00109375   
  1086  *GET,TEMPV,NODE,29,TEMP 
  1087  *VWRITE,TV,ZV,TEMPV 
  1088  (3(E24.16,',')) 
  1089  TV=1200 
  1090  ZV=0.00125  
  1091  *GET,TEMPV,NODE,33,TEMP 
  1092  *VWRITE,TV,ZV,TEMPV 
  1093  (3(E24.16,',')) 
  1094  TV=1200 
  1095  ZV=0.00140625   
  1096  *GET,TEMPV,NODE,37,TEMP 
  1097  *VWRITE,TV,ZV,TEMPV 
  1098  (3(E24.16,',')) 
  1099  TV=1200 
  1100  ZV=0.0015625
  1101  *GET,TEMPV,NODE,41,TEMP 
  1102  *VWRITE,TV,ZV,TEMPV 
  1103  (3(E24.16,',')) 
  1104  TV=1200 
  1105  ZV=0.00171875   
  1106  *GET,TEMPV,NODE,45,TEMP 
  1107  *VWRITE,TV,ZV,TEMPV 
  1108  (3(E24.16,',')) 
  1109  TV=1200 
  1110  ZV=0.001875 
  1111  *GET,TEMPV,NODE,49,TEMP 
  1112  *VWRITE,TV,ZV,TEMPV 
  1113  (3(E24.16,',')) 
  1114  TV=1200 
  1115  ZV=0.00203125   
  1116  *GET,TEMPV,NODE,53,TEMP 
  1117  *VWRITE,TV,ZV,TEMPV 
  1118  (3(E24.16,',')) 
  1119  TV=1200 
  1120  ZV=0.0021875
  1121  *GET,TEMPV,NODE,57,TEMP 
  1122  *VWRITE,TV,ZV,TEMPV 
  1123  (3(E24.16,',')) 
  1124  TV=1200 
  1125  ZV=0.00234375   
  1126  *GET,TEMPV,NODE,61,TEMP 
  1127  *VWRITE,TV,ZV,TEMPV 
  1128  (3(E24.16,',')) 
  1129  TV=1200 
  1130  ZV=0.0025   
  1131  *GET,TEMPV,NODE,65,TEMP 
  1132  *VWRITE,TV,ZV,TEMPV 
  1133  (3(E24.16,',')) 
  1134  TV=1200 
  1135  ZV=0.00265625   
  1136  *GET,TEMPV,NODE,69,TEMP 
  1137  *VWRITE,TV,ZV,TEMPV 
  1138  (3(E24.16,',')) 
  1139  TV=1200 
  1140  ZV=0.0028125
  1141  *GET,TEMPV,NODE,73,TEMP 
  1142  *VWRITE,TV,ZV,TEMPV 
  1143  (3(E24.16,',')) 
  1144  TV=1200 
  1145  ZV=0.00296875   
  1146  *GET,TEMPV,NODE,77,TEMP 
  1147  *VWRITE,TV,ZV,TEMPV 
  1148  (3(E24.16,',')) 
  1149  TV=1200 
  1150  ZV=0.003125 
  1151  *GET,TEMPV,NODE,81,TEMP 
  1152  *VWRITE,TV,ZV,TEMPV 
  1153  (3(E24.16,',')) 
  1154  TV=1200 
  1155  ZV=0.00328125   
  1156  *GET,TEMPV,NODE,85,TEMP 
  1157  *VWRITE,TV,ZV,TEMPV 
  1158  (3(E24.16,',')) 
  1159  TV=1200 
  1160  ZV=0.0034375
  1161  *GET,TEMPV,NODE,89,TEMP 
  1162  *VWRITE,TV,ZV,TEMPV 
  1163  (3(E24.16,',')) 
  1164  TV=1200 
  1165  ZV=0.00359375   
  1166  *GET,TEMPV,NODE,93,TEMP 
  1167  *VWRITE,TV,ZV,TEMPV 
  1168  (3(E24.16,',')) 
  1169  TV=1200 
  1170  ZV=0.00375  
  1171  *GET,TEMPV,NODE,97,TEMP 
  1172  *VWRITE,TV,ZV,TEMPV 
  1173  (3(E24.16,',')) 
  1174  TV=1200 
  1175  ZV=0.00390625   
  1176  *GET,TEMPV,NODE,101,TEMP
  1177  *VWRITE,TV,ZV,TEMPV 
  1178  (3(E24.16,',')) 
  1179  TV=1200 
  1180  ZV=0.0040625
  1181  *GET,TEMPV,NODE,105,TEMP
  1182  *VWRITE,TV,ZV,TEMPV 
  1183  (3(E24.16,',')) 
  1184  TV=1200 
  1185  ZV=0.00421875   
  1186  *GET,TEMPV,NODE,109,TEMP
  1187  *VWRITE,TV,ZV,TEMPV 
  1188  (3(E24.16,',')) 
  1189  TV=1200 
  1190  ZV=0.004375 
  1191  *GET,TEMPV,NODE,113,TEMP
  1192  *VWRITE,TV,ZV,TEMPV 
  1193  (3(E24.16,',')) 
  1194  TV=1200 
  1195  ZV=0.00453125   
  1196  *GET,TEMPV,NODE,117,TEMP
  1197  *VWRITE,TV,ZV,TEMPV 
  1198  (3(E24.16,',')) 
  1199  TV=1200 
  1200  ZV=0.0046875
  1201  *GET,TEMPV,NODE,121,TEMP
  1202  *VWRITE,TV,ZV,TEMPV 
  1203  (3(E24.16,',')) 
  1204  TV=1200 
  1205  ZV=0.00484375   
  1206  *GET,TEMPV,NODE,125,TEMP
  1207  *VWRITE,TV,ZV,TEMPV 
  1208  (3(E24.16,',')) 
  1209  TV=1200 
  1210  ZV=0.005
  1211  *GET,TEMPV,NODE,129,TEMP
  1212  *VWRITE,TV,ZV,TEMPV 
  1213  (3(E24.16,',')) 
  1214  TV=1200 
  1215  ZV=0.00515625   
  1216  *GET,TEMPV,NODE,133,TEMP
  1217  *VWRITE,TV,ZV,TEMPV 
  1218  (3(E24.16,',')) 
  1219  TV=1200 
  1220  ZV=0.0053125
  1221  *GET,TEMPV,NODE,137,TEMP
  1222  *VWRITE,TV,ZV,TEMPV 
  1223  (3(E24.16,',')) 
  1224  TV=1200 
  1225  ZV=0.005468750000000001 
  1226  *GET,TEMPV,NODE,141,TEMP
  1227  *VWRITE,TV,ZV,TEMPV 
  1228  (3(E24.16,',')) 
  1229  TV=1200 
  1230  ZV=0.005625 
  1231  *GET,TEMPV,NODE,145,TEMP
  1232  *VWRITE,TV,ZV,TEMPV 
  1233  (3(E24.16,',')) 
  1234  TV=1200 
  1235  ZV=0.00578125   
  1236  *GET,TEMPV,NODE,149,TEMP
  1237  *VWRITE,TV,ZV,TEMPV 
  1238  (3(E24.16,',')) 
  1239  TV=1200 
  1240  ZV=0.0059375
  1241  *GET,TEMPV,NODE,153,TEMP
  1242  *VWRITE,TV,ZV,TEMPV 
  1243  (3(E24.16,',')) 
  1244  TV=1200 
  1245  ZV=0.00609375   
  1246  *GET,TEMPV,NODE,157,TEMP
  1247  *VWRITE,TV,ZV,TEMPV 
  1248  (3(E24.16,',')) 
  1249  TV=1200 
  1250  ZV=0.00625  
  1251  *GET,TEMPV,NODE,161,TEMP
  1252  *VWRITE,TV,ZV,TEMPV 
  1253  (3(E24.16,',')) 
  1254  TV=1200 
  1255  ZV=0.00640625   
  1256  *GET,TEMPV,NODE,165,TEMP
  1257  *VWRITE,TV,ZV,TEMPV 
  1258  (3(E24.16,',')) 
  1259  TV=1200 
  1260  ZV=0.0065625
  1261  *GET,TEMPV,NODE,169,TEMP
  1262  *VWRITE,TV,ZV,TEMPV 
  1263  (3(E24.16,',')) 
  1264  TV=1200 
  1265  ZV=0.00671875   
  1266  *GET,TEMPV,NODE,173,TEMP
  1267  *VWRITE,TV,ZV,TEMPV 
  1268  (3(E24.16,',')) 
  1269  TV=1200 
  1270  ZV=0.006875 
  1271  *GET,TEMPV,NODE,177,TEMP
  1272  *VWRITE,TV,ZV,TEMPV 
  1273  (3(E24.16,',')) 
  1274  TV=1200 
  1275  ZV=0.00703125   
  1276  *GET,TEMPV,NODE,181,TEMP
  1277  *VWRITE,TV,ZV,TEMPV 
  1278  (3(E24.16,',')) 
  1279  TV=1200 
  1280  ZV=0.0071875
  1281  *GET,TEMPV,NODE,185,TEMP
  1282  *VWRITE,TV,ZV,TEMPV 
  1283  (3(E24.16,',')) 
  1284  TV=1200 
  1285  ZV=0.00734375   
  1286  *GET,TEMPV,NODE,189,TEMP
  1287  *VWRITE,TV,ZV,TEMPV 
  1288  (3(E24.16,',')) 
  1289  TV=1200 
  1290  ZV=0.0075   
  1291  *GET,TEMPV,NODE,193,TEMP
  1292  *VWRITE,TV,ZV,TEMPV 
  1293  (3(E24.16,',')) 
  1294  TV=1200 
  1295  ZV=0.00765625   
  1296  *GET,TEMPV,NODE,197,TEMP
  1297  *VWRITE,TV,ZV,TEMPV 
  1298  (3(E24.16,',')) 
  1299  TV=1200 
  1300  ZV=0.0078125
  1301  *GET,TEMPV,NODE,201,TEMP
  1302  *VWRITE,TV,ZV,TEMPV 
  1303  (3(E24.16,',')) 
  1304  TV=1200 
  1305  ZV=0.00796875   
  1306  *GET,TEMPV,NODE,205,TEMP
  1307  *VWRITE,TV,ZV,TEMPV 
  1308  (3(E24.16,',')) 
  1309  TV=1200 
  1310  ZV=0.008125 
  1311  *GET,TEMPV,NODE,209,TEMP
  1312  *VWRITE,TV,ZV,TEMPV 
  1313  (3(E24.16,',')) 
  1314  TV=1200 
  1315  ZV=0.00828125   
  1316  *GET,TEMPV,NODE,213,TEMP
  1317  *VWRITE,TV,ZV,TEMPV 
  1318  (3(E24.16,',')) 
  1319  TV=1200 
  1320  ZV=0.008437500000000001 
  1321  *GET,TEMPV,NODE,217,TEMP
  1322  *VWRITE,TV,ZV,TEMPV 
  1323  (3(E24.16,',')) 
  1324  TV=1200 
  1325  ZV=0.008593750000000001 
  1326  *GET,TEMPV,NODE,221,TEMP
  1327  *VWRITE,TV,ZV,TEMPV 
  1328  (3(E24.16,',')) 
  1329  TV=1200 
  1330  ZV=0.008750000000000001 
  1331  *GET,TEMPV,NODE,225,TEMP
  1332  *VWRITE,TV,ZV,TEMPV 
  1333  (3(E24.16,',')) 
  1334  TV=1200 
  1335  ZV=0.008906250000000001 
  1336  *GET,TEMPV,NODE,229,TEMP
  1337  *VWRITE,TV,ZV,TEMPV 
  1338  (3(E24.16,',')) 
  1339  TV=1200 
  1340  ZV=0.009062499999999999 
  1341  *GET,TEMPV,NODE,233,TEMP
  1342  *VWRITE,TV,ZV,TEMPV 
  1343  (3(E24.16,',')) 
  1344  TV=1200 
  1345  ZV=0.00921875   
  1346  *GET,TEMPV,NODE,237,TEMP
  1347  *VWRITE,TV,ZV,TEMPV 
  1348  (3(E24.16,',')) 
  1349  TV=1200 
  1350  ZV=0.009375 
  1351  *GET,TEMPV,NODE,241,TEMP
  1352  *VWRITE,TV,ZV,TEMPV 
  1353  (3(E24.16,',')) 
  1354  TV=1200 
  1355  ZV=0.00953125   
  1356  *GET,TEMPV,NODE,245,TEMP
  1357  *VWRITE,TV,ZV,TEMPV 
  1358  (3(E24.16,',')) 
  1359  TV=1200 
  1360  ZV=0.0096875
  1361  *GET,TEMPV,NODE,249,TEMP
  1362  *VWRITE,TV,ZV,TEMPV 
  1363  (3(E24.16,',')) 
  1364  TV=1200 
  1365  ZV=0.00984375   
  1366  *GET,TEMPV,NODE,253,TEMP
  1367  *VWRITE,TV,ZV,TEMPV 
  1368  (3(E24.16,',')) 
  1369  TV=1200 
  1370  ZV=0.01 
  1371  *GET,TEMPV,NODE,257,TEMP
  1372  *VWRITE,TV,ZV,TEMPV 
  1373  (3(E24.16,',')) 
  1374  SET,,,,,1800
  1375  TV=1800 
  1376  ZV=0
  1377  *GET,TEMPV,NODE,1,TEMP  
  1378  *VWRITE,TV,ZV,TEMPV 
  1379  (3(E24.16,',')) 
  1380  TV=1800 
  1381  ZV=0.00015625   
  1382  *GET,TEMPV,NODE,5,TEMP  
  1383  *VWRITE,TV,ZV,TEMPV 
  1384  (3(E24.16,',')) 
  1385  TV=1800 
  1386  ZV=0.0003125
  1387  *GET,TEMPV,NODE,9,TEMP  
  1388  *VWRITE,TV,ZV,TEMPV 
  1389  (3(E24.16,',')) 
  1390  TV=1800 
  1391  ZV=0.00046875   
  1392  *GET,TEMPV,NODE,13,TEMP 
  1393  *VWRITE,TV,ZV,TEMPV 
  1394  (3(E24.16,',')) 
  1395  TV=1800 
  1396  ZV=0.000625 
  1397  *GET,TEMPV,NODE,17,TEMP 
  1398  *VWRITE,TV,ZV,TEMPV 
  1399  (3(E24.16,',')) 
  1400  TV=1800 
  1401  ZV=0.00078125   
  1402  *GET,TEMPV,NODE,21,TEMP 
  1403  *VWRITE,TV,ZV,TEMPV 
  1404  (3(E24.16,',')) 
  1405  TV=1800 
  1406  ZV=0.0009375
  1407  *GET,TEMPV,NODE,25,TEMP 
  1408  *VWRITE,TV,ZV,TEMPV 
  1409  (3(E24.16,',')) 
  1410  TV=1800 
  1411  ZV=0.00109375   
  1412  *GET,TEMPV,NODE,29,TEMP 
  1413  *VWRITE,TV,ZV,TEMPV 
  1414  (3(E24.16,',')) 
  1415  TV=1800 
  1416  ZV=0.00125  
  1417  *GET,TEMPV,NODE,33,TEMP 
  1418  *VWRITE,TV,ZV,TEMPV 
  1419  (3(E24.16,',')) 
  1420  TV=1800 
  1421  ZV=0.00140625   
  1422  *GET,TEMPV,NODE,37,TEMP 
  1423  *VWRITE,TV,ZV,TEMPV 
  1424  (3(E24.16,',')) 
  1425  TV=1800 
  1426  ZV=0.0015625
  1427  *GET,TEMPV,NODE,41,TEMP 
  1428  *VWRITE,TV,ZV,TEMPV 
  1429  (3(E24.16,',')) 
  1430  TV=1800 
  1431  ZV=0.00171875   
  1432  *GET,TEMPV,NODE,45,TEMP 
  1433  *VWRITE,TV,ZV,TEMPV 
  1434  (3(E24.16,',')) 
  1435  TV=1800 
  1436  ZV=0.001875 
  1437  *GET,TEMPV,NODE,49,TEMP 
  1438  *VWRITE,TV,ZV,TEMPV 
  1439  (3(E24.16,',')) 
  1440  TV=1800 
  1441  ZV=0.00203125   
  1442  *GET,TEMPV,NODE,53,TEMP 
  1443  *VWRITE,TV,ZV,TEMPV 
  1444  (3(E24.16,',')) 
  1445  TV=1800 
  1446  ZV=0.0021875
  1447  *GET,TEMPV,NODE,57,TEMP 
  1448  *VWRITE,TV,ZV,TEMPV 
  1449  (3(E24.16,',')) 
  1450  TV=1800 
  1451  ZV=0.00234375   
  1452  *GET,TEMPV,NODE,61,TEMP 
  1453  *VWRITE,TV,ZV,TEMPV 
  1454  (3(E24.16,',')) 
  1455  TV=1800 
  1456  ZV=0.0025   
  1457  *GET,TEMPV,NODE,65,TEMP 
  1458  *VWRITE,TV,ZV,TEMPV 
  1459  (3(E24.16,',')) 
  1460  TV=1800 
  1461  ZV=0.00265625   
  1462  *GET,TEMPV,NODE,69,TEMP 
  1463  *VWRITE,TV,ZV,TEMPV 
  1464  (3(E24.16,',')) 
  1465  TV=1800 
  1466  ZV=0.0028125
  1467  *GET,TEMPV,NODE,73,TEMP 
  1468  *VWRITE,TV,ZV,TEMPV 
  1469  (3(E24.16,',')) 
  1470  TV=1800 
  1471  ZV=0.00296875   
  1472  *GET,TEMPV,NODE,77,TEMP 
  1473  *VWRITE,TV,ZV,TEMPV 
  1474  (3(E24.16,',')) 
  1475  TV=1800 
  1476  ZV=0.003125 
  1477  *GET,TEMPV,NODE,81,TEMP 
  1478  *VWRITE,TV,ZV,TEMPV 
  1479  (3(E24.16,',')) 
  1480  TV=1800 
  1481  ZV=0.00328125   
  1482  *GET,TEMPV,NODE,85,TEMP 
  1483  *VWRITE,TV,ZV,TEMPV 
  1484  (3(E24.16,',')) 
  1485  TV=1800 
  1486  ZV=0.0034375
  1487  *GET,TEMPV,NODE,89,TEMP 
  1488  *VWRITE,TV,ZV,TEMPV 
  1489  (3(E24.16,',')) 
  1490  TV=1800 
  1491  ZV=0.00359375   
  1492  *GET,TEMPV,NODE,93,TEMP 
  1493  *VWRITE,TV,ZV,TEMPV 
  1494  (3(E24.16,',')) 
  1495  TV=1800 
  1496  ZV=0.00375  
  1497  *GET,TEMPV,NODE,97,TEMP 
  1498  *VWRITE,TV,ZV,TEMPV 
  1499  (3(E24.16,',')) 
  1500  TV=1800 
  1501  ZV=0.00390625   
  1502  *GET,TEMPV,NODE,101,TEMP
  1503  *VWRITE,TV,ZV,TEMPV 
  1504  (3(E24.16,',')) 
  1505  TV=1800 
  1506  ZV=0.0040625
  1507  *GET,TEMPV,NODE,105,TEMP
  1508  *VWRITE,TV,ZV,TEMPV 
  1509  (3(E24.16,',')) 
  1510  TV=1800 
  1511  ZV=0.00421875   
  1512  *GET,TEMPV,NODE,109,TEMP
  1513  *VWRITE,TV,ZV,TEMPV 
  1514  (3(E24.16,',')) 
  1515  TV=1800 
  1516  ZV=0.004375 
  1517  *GET,TEMPV,NODE,113,TEMP
  1518  *VWRITE,TV,ZV,TEMPV 
  1519  (3(E24.16,',')) 
  1520  TV=1800 
  1521  ZV=0.00453125   
  1522  *GET,TEMPV,NODE,117,TEMP
  1523  *VWRITE,TV,ZV,TEMPV 
  1524  (3(E24.16,',')) 
  1525  TV=1800 
  1526  ZV=0.0046875
  1527  *GET,TEMPV,NODE,121,TEMP
  1528  *VWRITE,TV,ZV,TEMPV 
  1529  (3(E24.16,',')) 
  1530  TV=1800 
  1531  ZV=0.00484375   
  1532  *GET,TEMPV,NODE,125,TEMP
  1533  *VWRITE,TV,ZV,TEMPV 
  1534  (3(E24.16,',')) 
  1535  TV=1800 
  1536  ZV=0.005
  1537  *GET,TEMPV,NODE,129,TEMP
  1538  *VWRITE,TV,ZV,TEMPV 
  1539  (3(E24.16,',')) 
  1540  TV=1800 
  1541  ZV=0.00515625   
  1542  *GET,TEMPV,NODE,133,TEMP
  1543  *VWRITE,TV,ZV,TEMPV 
  1544  (3(E24.16,',')) 
  1545  TV=1800 
  1546  ZV=0.0053125
  1547  *GET,TEMPV,NODE,137,TEMP
  1548  *VWRITE,TV,ZV,TEMPV 
  1549  (3(E24.16,',')) 
  1550  TV=1800 
  1551  ZV=0.005468750000000001 
  1552  *GET,TEMPV,NODE,141,TEMP
  1553  *VWRITE,TV,ZV,TEMPV 
  1554  (3(E24.16,',')) 
  1555  TV=1800 
  1556  ZV=0.005625 
  1557  *GET,TEMPV,NODE,145,TEMP
  1558  *VWRITE,TV,ZV,TEMPV 
  1559  (3(E24.16,',')) 
  1560  TV=1800 
  1561  ZV=0.00578125   
  1562  *GET,TEMPV,NODE,149,TEMP
  1563  *VWRITE,TV,ZV,TEMPV 
  1564  (3(E24.16,',')) 
  1565  TV=1800 
  1566  ZV=0.0059375
  1567  *GET,TEMPV,NODE,153,TEMP
  1568  *VWRITE,TV,ZV,TEMPV 
  1569  (3(E24.16,',')) 
  1570  TV=1800 
  1571  ZV=0.00609375   
  1572  *GET,TEMPV,NODE,157,TEMP
  1573  *VWRITE,TV,ZV,TEMPV 
  1574  (3(E24.16,',')) 
  1575  TV=1800 
  1576  ZV=0.00625  
  1577  *GET,TEMPV,NODE,161,TEMP
  1578  *VWRITE,TV,ZV,TEMPV 
  1579  (3(E24.16,',')) 
  1580  TV=1800 
  1581  ZV=0.00640625   
  1582  *GET,TEMPV,NODE,165,TEMP
  1583  *VWRITE,TV,ZV,TEMPV 
  1584  (3(E24.16,',')) 
  1585  TV=1800 
  1586  ZV=0.0065625
  1587  *GET,TEMPV,NODE,169,TEMP
  1588  *VWRITE,TV,ZV,TEMPV 
  1589  (3(E24.16,',')) 
  1590  TV=1800 
  1591  ZV=0.00671875   
  1592  *GET,TEMPV,NODE,173,TEMP
  1593  *VWRITE,TV,ZV,TEMPV 
  1594  (3(E24.16,',')) 
  1595  TV=1800 
  1596  ZV=0.006875 
  1597  *GET,TEMPV,NODE,177,TEMP
  1598  *VWRITE,TV,ZV,TEMPV 
  1599  (3(E24.16,',')) 
  1600  TV=1800 
  1601  ZV=0.00703125   
  1602  *GET,TEMPV,NODE,181,TEMP
  1603  *VWRITE,TV,ZV,TEMPV 
  1604  (3(E24.16,',')) 
  1605  TV=1800 
  1606  ZV=0.0071875
  1607  *GET,TEMPV,NODE,185,TEMP
  1608  *VWRITE,TV,ZV,TEMPV 
  1609  (3(E24.16,',')) 
  1610  TV=1800 
  1611  ZV=0.00734375   
  1612  *GET,TEMPV,NODE,189,TEMP
  1613  *VWRITE,TV,ZV,TEMPV 
  1614  (3(E24.16,',')) 
  1615  TV=1800 
  1616  ZV=0.0075   
  1617  *GET,TEMPV,NODE,193,TEMP
  1618  *VWRITE,TV,ZV,TEMPV 
  1619  (3(E24.16,',')) 
  1620  TV=1800 
  1621  ZV=0.00765625   
  1622  *GET,TEMPV,NODE,197,TEMP
  1623  *VWRITE,TV,ZV,TEMPV 
  1624  (3(E24.16,',')) 
  1625  TV=1800 
  1626  ZV=0.0078125
  1627  *GET,TEMPV,NODE,201,TEMP
  1628  *VWRITE,TV,ZV,TEMPV 
  1629  (3(E24.16,',')) 
  1630  TV=1800 
  1631  ZV=0.00796875   
  1632  *GET,TEMPV,NODE,205,TEMP
  1633  *VWRITE,TV,ZV,TEMPV 
  1634  (3(E24.16,',')) 
  1635  TV=1800 
  1636  ZV=0.008125 
  1637  *GET,TEMPV,NODE,209,TEMP
  1638  *VWRITE,TV,ZV,TEMPV 
  1639  (3(E24.16,',')) 
  1640  TV=1800 
  1641  ZV=0.00828125   
  1642  *GET,TEMPV,NODE,213,TEMP
  1643  *VWRITE,TV,ZV,TEMPV 
  1644  (3(E24.16,',')) 
  1645  TV=1800 
  1646  ZV=0.008437500000000001 
  1647  *GET,TEMPV,NODE,217,TEMP
  1648  *VWRITE,TV,ZV,TEMPV 
  1649  (3(E24.16,',')) 
  1650  TV=1800 
  1651  ZV=0.008593750000000001 
  1652  *GET,TEMPV,NODE,221,TEMP
  1653  *VWRITE,TV,ZV,TEMPV 
  1654  (3(E24.16,',')) 
  1655  TV=1800 
  1656  ZV=0.008750000000000001 
  1657  *GET,TEMPV,NODE,225,TEMP
  1658  *VWRITE,TV,ZV,TEMPV 
  1659  (3(E24.16,',')) 
  1660  TV=1800 
  1661  ZV=0.008906250000000001 
  1662  *GET,TEMPV,NODE,229,TEMP
  1663  *VWRITE,TV,ZV,TEMPV 
  1664  (3(E24.16,',')) 
  1665  TV=1800 
  1666  ZV=0.009062499999999999 
  1667  *GET,TEMPV,NODE,233,TEMP
  1668  *VWRITE,TV,ZV,TEMPV 
  1669  (3(E24.16,',')) 
  1670  TV=1800 
  1671  ZV=0.00921875   
  1672  *GET,TEMPV,NODE,237,TEMP
  1673  *VWRITE,TV,ZV,TEMPV 
  1674  (3(E24.16,',')) 
  1675  TV=1800 
  1676  ZV=0.009375 
  1677  *GET,TEMPV,NODE,241,TEMP
  1678  *VWRITE,TV,ZV,TEMPV 
  1679  (3(E24.16,',')) 
  1680  TV=1800 
  1681  ZV=0.00953125   
  1682  *GET,TEMPV,NODE,245,TEMP
  1683  *VWRITE,TV,ZV,TEMPV 
  1684  (3(E24.16,',')) 
  1685  TV=1800 
  1686  ZV=0.0096875
  1687  *GET,TEMPV,NODE,249,TEMP
  1688  *VWRITE,TV,ZV,TEMPV 
  1689  (3(E24.16,',')) 
  1690  TV=1800 
  1691  ZV=0.00984375   
  1692  *GET,TEMPV,NODE,253,TEMP
  1693  *VWRITE,TV,ZV,TEMPV 
  1694  (3(E24.16,',')) 
  1695  TV=1800 
  1696  ZV=0.01 
  1697  *GET,TEMPV,NODE,257,TEMP
  1698  *VWRITE,TV,ZV,TEMPV 
  1699  (3(E24.16,',')) 
  1700  *CFCLOS 
  1701  FINISH  
  1702  /EXIT,NOSAVE

 RUN SETUP PROCEDURE FROM FILE= C:\Program Files\ANSYS Inc\ANSYS Student\v261\Ansys\apdl\start.ans

 /INPUT FILE= C:\Program Files\ANSYS Inc\ANSYS Student\v261\Ansys\apdl\start.ans  LINE=       0

 CURRENT JOBNAME REDEFINED AS stage10_thermal

 TITLE= 
 Stage 10 plane-wall discretization verification                               


 *** MAPDL - ENGINEERING ANALYSIS SYSTEM  RELEASE 2026 R1          26.1     ***
 Ansys Mechanical Enterprise Academic Student      
 01055371  VERSION=WINDOWS x64   21:01:54  SEP 14, 2026 Elapsed Time=      5.889

 Stage 10 plane-wall discretization verification                               



          ***** MAPDL ANALYSIS DEFINITION (PREP7) *****

 ELEMENT TYPE          1 IS SOLID70      3-D THERMAL SOLID           
  KEYOPT( 1- 6)=        0      0      0        0      0      0
  KEYOPT( 7-12)=        0      0      0        0      0      0
  KEYOPT(13-18)=        0      0      0        0      0      0

 CURRENT NODAL DOF SET IS  TEMP
  THREE-DIMENSIONAL MODEL

 MATERIAL          1     KXX  =  0.5000000      

 MATERIAL          1     KYY  =  0.5000000      

 MATERIAL          1     KZZ  =  0.5000000      

 MATERIAL          1     C    =   1000.000      

 MATERIAL          1     DENS =   1000.000      

 ELEMENT TYPE SET TO         1

 MATERIAL NUMBER SET TO         1

 NODE          1  KCS=      0  X,Y,Z=  0.0000       0.0000       0.0000     

 NODE          2  KCS=      0  X,Y,Z= 0.10000E-002  0.0000       0.0000     

 NODE          3  KCS=      0  X,Y,Z= 0.10000E-002 0.10000E-002  0.0000     

 NODE          4  KCS=      0  X,Y,Z=  0.0000      0.10000E-002  0.0000     

 NODE          5  KCS=      0  X,Y,Z=  0.0000       0.0000      0.15625E-003

 NODE          6  KCS=      0  X,Y,Z= 0.10000E-002  0.0000      0.15625E-003

 NODE          7  KCS=      0  X,Y,Z= 0.10000E-002 0.10000E-002 0.15625E-003

 NODE          8  KCS=      0  X,Y,Z=  0.0000      0.10000E-002 0.15625E-003

 NODE          9  KCS=      0  X,Y,Z=  0.0000       0.0000      0.31250E-003

 NODE         10  KCS=      0  X,Y,Z= 0.10000E-002  0.0000      0.31250E-003

 NODE         11  KCS=      0  X,Y,Z= 0.10000E-002 0.10000E-002 0.31250E-003

 NODE         12  KCS=      0  X,Y,Z=  0.0000      0.10000E-002 0.31250E-003

 NODE         13  KCS=      0  X,Y,Z=  0.0000       0.0000      0.46875E-003

 NODE         14  KCS=      0  X,Y,Z= 0.10000E-002  0.0000      0.46875E-003

 NODE         15  KCS=      0  X,Y,Z= 0.10000E-002 0.10000E-002 0.46875E-003

 NODE         16  KCS=      0  X,Y,Z=  0.0000      0.10000E-002 0.46875E-003

 NODE         17  KCS=      0  X,Y,Z=  0.0000       0.0000      0.62500E-003

 NODE         18  KCS=      0  X,Y,Z= 0.10000E-002  0.0000      0.62500E-003

 NODE         19  KCS=      0  X,Y,Z= 0.10000E-002 0.10000E-002 0.62500E-003

 NODE         20  KCS=      0  X,Y,Z=  0.0000      0.10000E-002 0.62500E-003

 NODE         21  KCS=      0  X,Y,Z=  0.0000       0.0000      0.78125E-003

 NODE         22  KCS=      0  X,Y,Z= 0.10000E-002  0.0000      0.78125E-003

 NODE         23  KCS=      0  X,Y,Z= 0.10000E-002 0.10000E-002 0.78125E-003

 NODE         24  KCS=      0  X,Y,Z=  0.0000      0.10000E-002 0.78125E-003

 NODE         25  KCS=      0  X,Y,Z=  0.0000       0.0000      0.93750E-003

 NODE         26  KCS=      0  X,Y,Z= 0.10000E-002  0.0000      0.93750E-003

 NODE         27  KCS=      0  X,Y,Z= 0.10000E-002 0.10000E-002 0.93750E-003

 NODE         28  KCS=      0  X,Y,Z=  0.0000      0.10000E-002 0.93750E-003

 NODE         29  KCS=      0  X,Y,Z=  0.0000       0.0000      0.10937E-002

 NODE         30  KCS=      0  X,Y,Z= 0.10000E-002  0.0000      0.10937E-002

 NODE         31  KCS=      0  X,Y,Z= 0.10000E-002 0.10000E-002 0.10937E-002

 NODE         32  KCS=      0  X,Y,Z=  0.0000      0.10000E-002 0.10937E-002

 NODE         33  KCS=      0  X,Y,Z=  0.0000       0.0000      0.12500E-002

 NODE         34  KCS=      0  X,Y,Z= 0.10000E-002  0.0000      0.12500E-002

 NODE         35  KCS=      0  X,Y,Z= 0.10000E-002 0.10000E-002 0.12500E-002

 NODE         36  KCS=      0  X,Y,Z=  0.0000      0.10000E-002 0.12500E-002

 NODE         37  KCS=      0  X,Y,Z=  0.0000       0.0000      0.14062E-002

 NODE         38  KCS=      0  X,Y,Z= 0.10000E-002  0.0000      0.14062E-002

 NODE         39  KCS=      0  X,Y,Z= 0.10000E-002 0.10000E-002 0.14062E-002

 NODE         40  KCS=      0  X,Y,Z=  0.0000      0.10000E-002 0.14062E-002

 NODE         41  KCS=      0  X,Y,Z=  0.0000       0.0000      0.15625E-002

 NODE         42  KCS=      0  X,Y,Z= 0.10000E-002  0.0000      0.15625E-002

 NODE         43  KCS=      0  X,Y,Z= 0.10000E-002 0.10000E-002 0.15625E-002

 NODE         44  KCS=      0  X,Y,Z=  0.0000      0.10000E-002 0.15625E-002

 NODE         45  KCS=      0  X,Y,Z=  0.0000       0.0000      0.17188E-002

 NODE         46  KCS=      0  X,Y,Z= 0.10000E-002  0.0000      0.17188E-002

 NODE         47  KCS=      0  X,Y,Z= 0.10000E-002 0.10000E-002 0.17188E-002

 NODE         48  KCS=      0  X,Y,Z=  0.0000      0.10000E-002 0.17188E-002

 NODE         49  KCS=      0  X,Y,Z=  0.0000       0.0000      0.18750E-002

 NODE         50  KCS=      0  X,Y,Z= 0.10000E-002  0.0000      0.18750E-002

 NODE         51  KCS=      0  X,Y,Z= 0.10000E-002 0.10000E-002 0.18750E-002

 NODE         52  KCS=      0  X,Y,Z=  0.0000      0.10000E-002 0.18750E-002

 NODE         53  KCS=      0  X,Y,Z=  0.0000       0.0000      0.20313E-002

 NODE         54  KCS=      0  X,Y,Z= 0.10000E-002  0.0000      0.20313E-002

 NODE         55  KCS=      0  X,Y,Z= 0.10000E-002 0.10000E-002 0.20313E-002

 NODE         56  KCS=      0  X,Y,Z=  0.0000      0.10000E-002 0.20313E-002

 NODE         57  KCS=      0  X,Y,Z=  0.0000       0.0000      0.21875E-002

 NODE         58  KCS=      0  X,Y,Z= 0.10000E-002  0.0000      0.21875E-002

 NODE         59  KCS=      0  X,Y,Z= 0.10000E-002 0.10000E-002 0.21875E-002

 NODE         60  KCS=      0  X,Y,Z=  0.0000      0.10000E-002 0.21875E-002

 NODE         61  KCS=      0  X,Y,Z=  0.0000       0.0000      0.23438E-002

 NODE         62  KCS=      0  X,Y,Z= 0.10000E-002  0.0000      0.23438E-002

 NODE         63  KCS=      0  X,Y,Z= 0.10000E-002 0.10000E-002 0.23438E-002

 NODE         64  KCS=      0  X,Y,Z=  0.0000      0.10000E-002 0.23438E-002

 NODE         65  KCS=      0  X,Y,Z=  0.0000       0.0000      0.25000E-002

 NODE         66  KCS=      0  X,Y,Z= 0.10000E-002  0.0000      0.25000E-002

 NODE         67  KCS=      0  X,Y,Z= 0.10000E-002 0.10000E-002 0.25000E-002

 NODE         68  KCS=      0  X,Y,Z=  0.0000      0.10000E-002 0.25000E-002

 NODE         69  KCS=      0  X,Y,Z=  0.0000       0.0000      0.26563E-002

 NODE         70  KCS=      0  X,Y,Z= 0.10000E-002  0.0000      0.26563E-002

 NODE         71  KCS=      0  X,Y,Z= 0.10000E-002 0.10000E-002 0.26563E-002

 NODE         72  KCS=      0  X,Y,Z=  0.0000      0.10000E-002 0.26563E-002

 NODE         73  KCS=      0  X,Y,Z=  0.0000       0.0000      0.28125E-002

 NODE         74  KCS=      0  X,Y,Z= 0.10000E-002  0.0000      0.28125E-002

 NODE         75  KCS=      0  X,Y,Z= 0.10000E-002 0.10000E-002 0.28125E-002

 NODE         76  KCS=      0  X,Y,Z=  0.0000      0.10000E-002 0.28125E-002

 NODE         77  KCS=      0  X,Y,Z=  0.0000       0.0000      0.29688E-002

 NODE         78  KCS=      0  X,Y,Z= 0.10000E-002  0.0000      0.29688E-002

 NODE         79  KCS=      0  X,Y,Z= 0.10000E-002 0.10000E-002 0.29688E-002

 NODE         80  KCS=      0  X,Y,Z=  0.0000      0.10000E-002 0.29688E-002

 NODE         81  KCS=      0  X,Y,Z=  0.0000       0.0000      0.31250E-002

 NODE         82  KCS=      0  X,Y,Z= 0.10000E-002  0.0000      0.31250E-002

 NODE         83  KCS=      0  X,Y,Z= 0.10000E-002 0.10000E-002 0.31250E-002

 NODE         84  KCS=      0  X,Y,Z=  0.0000      0.10000E-002 0.31250E-002

 NODE         85  KCS=      0  X,Y,Z=  0.0000       0.0000      0.32813E-002

 NODE         86  KCS=      0  X,Y,Z= 0.10000E-002  0.0000      0.32813E-002

 NODE         87  KCS=      0  X,Y,Z= 0.10000E-002 0.10000E-002 0.32813E-002

 NODE         88  KCS=      0  X,Y,Z=  0.0000      0.10000E-002 0.32813E-002

 NODE         89  KCS=      0  X,Y,Z=  0.0000       0.0000      0.34375E-002

 NODE         90  KCS=      0  X,Y,Z= 0.10000E-002  0.0000      0.34375E-002

 NODE         91  KCS=      0  X,Y,Z= 0.10000E-002 0.10000E-002 0.34375E-002

 NODE         92  KCS=      0  X,Y,Z=  0.0000      0.10000E-002 0.34375E-002

 NODE         93  KCS=      0  X,Y,Z=  0.0000       0.0000      0.35938E-002

 NODE         94  KCS=      0  X,Y,Z= 0.10000E-002  0.0000      0.35938E-002

 NODE         95  KCS=      0  X,Y,Z= 0.10000E-002 0.10000E-002 0.35938E-002

 NODE         96  KCS=      0  X,Y,Z=  0.0000      0.10000E-002 0.35938E-002

 NODE         97  KCS=      0  X,Y,Z=  0.0000       0.0000      0.37500E-002

 NODE         98  KCS=      0  X,Y,Z= 0.10000E-002  0.0000      0.37500E-002

 NODE         99  KCS=      0  X,Y,Z= 0.10000E-002 0.10000E-002 0.37500E-002

 NODE        100  KCS=      0  X,Y,Z=  0.0000      0.10000E-002 0.37500E-002

 NODE        101  KCS=      0  X,Y,Z=  0.0000       0.0000      0.39062E-002

 NODE        102  KCS=      0  X,Y,Z= 0.10000E-002  0.0000      0.39062E-002

 NODE        103  KCS=      0  X,Y,Z= 0.10000E-002 0.10000E-002 0.39062E-002

 NODE        104  KCS=      0  X,Y,Z=  0.0000      0.10000E-002 0.39062E-002

 NODE        105  KCS=      0  X,Y,Z=  0.0000       0.0000      0.40625E-002

 NODE        106  KCS=      0  X,Y,Z= 0.10000E-002  0.0000      0.40625E-002

 NODE        107  KCS=      0  X,Y,Z= 0.10000E-002 0.10000E-002 0.40625E-002

 NODE        108  KCS=      0  X,Y,Z=  0.0000      0.10000E-002 0.40625E-002

 NODE        109  KCS=      0  X,Y,Z=  0.0000       0.0000      0.42187E-002

 NODE        110  KCS=      0  X,Y,Z= 0.10000E-002  0.0000      0.42187E-002

 NODE        111  KCS=      0  X,Y,Z= 0.10000E-002 0.10000E-002 0.42187E-002

 NODE        112  KCS=      0  X,Y,Z=  0.0000      0.10000E-002 0.42187E-002

 NODE        113  KCS=      0  X,Y,Z=  0.0000       0.0000      0.43750E-002

 NODE        114  KCS=      0  X,Y,Z= 0.10000E-002  0.0000      0.43750E-002

 NODE        115  KCS=      0  X,Y,Z= 0.10000E-002 0.10000E-002 0.43750E-002

 NODE        116  KCS=      0  X,Y,Z=  0.0000      0.10000E-002 0.43750E-002

 NODE        117  KCS=      0  X,Y,Z=  0.0000       0.0000      0.45312E-002

 NODE        118  KCS=      0  X,Y,Z= 0.10000E-002  0.0000      0.45312E-002

 NODE        119  KCS=      0  X,Y,Z= 0.10000E-002 0.10000E-002 0.45312E-002

 NODE        120  KCS=      0  X,Y,Z=  0.0000      0.10000E-002 0.45312E-002

 NODE        121  KCS=      0  X,Y,Z=  0.0000       0.0000      0.46875E-002

 NODE        122  KCS=      0  X,Y,Z= 0.10000E-002  0.0000      0.46875E-002

 NODE        123  KCS=      0  X,Y,Z= 0.10000E-002 0.10000E-002 0.46875E-002

 NODE        124  KCS=      0  X,Y,Z=  0.0000      0.10000E-002 0.46875E-002

 NODE        125  KCS=      0  X,Y,Z=  0.0000       0.0000      0.48438E-002

 NODE        126  KCS=      0  X,Y,Z= 0.10000E-002  0.0000      0.48438E-002

 NODE        127  KCS=      0  X,Y,Z= 0.10000E-002 0.10000E-002 0.48438E-002

 NODE        128  KCS=      0  X,Y,Z=  0.0000      0.10000E-002 0.48438E-002

 NODE        129  KCS=      0  X,Y,Z=  0.0000       0.0000      0.50000E-002

 NODE        130  KCS=      0  X,Y,Z= 0.10000E-002  0.0000      0.50000E-002

 NODE        131  KCS=      0  X,Y,Z= 0.10000E-002 0.10000E-002 0.50000E-002

 NODE        132  KCS=      0  X,Y,Z=  0.0000      0.10000E-002 0.50000E-002

 NODE        133  KCS=      0  X,Y,Z=  0.0000       0.0000      0.51562E-002

 NODE        134  KCS=      0  X,Y,Z= 0.10000E-002  0.0000      0.51562E-002

 NODE        135  KCS=      0  X,Y,Z= 0.10000E-002 0.10000E-002 0.51562E-002

 NODE        136  KCS=      0  X,Y,Z=  0.0000      0.10000E-002 0.51562E-002

 NODE        137  KCS=      0  X,Y,Z=  0.0000       0.0000      0.53125E-002

 NODE        138  KCS=      0  X,Y,Z= 0.10000E-002  0.0000      0.53125E-002

 NODE        139  KCS=      0  X,Y,Z= 0.10000E-002 0.10000E-002 0.53125E-002

 NODE        140  KCS=      0  X,Y,Z=  0.0000      0.10000E-002 0.53125E-002

 NODE        141  KCS=      0  X,Y,Z=  0.0000       0.0000      0.54688E-002

 NODE        142  KCS=      0  X,Y,Z= 0.10000E-002  0.0000      0.54688E-002

 NODE        143  KCS=      0  X,Y,Z= 0.10000E-002 0.10000E-002 0.54688E-002

 NODE        144  KCS=      0  X,Y,Z=  0.0000      0.10000E-002 0.54688E-002

 NODE        145  KCS=      0  X,Y,Z=  0.0000       0.0000      0.56250E-002

 NODE        146  KCS=      0  X,Y,Z= 0.10000E-002  0.0000      0.56250E-002

 NODE        147  KCS=      0  X,Y,Z= 0.10000E-002 0.10000E-002 0.56250E-002

 NODE        148  KCS=      0  X,Y,Z=  0.0000      0.10000E-002 0.56250E-002

 NODE        149  KCS=      0  X,Y,Z=  0.0000       0.0000      0.57812E-002

 NODE        150  KCS=      0  X,Y,Z= 0.10000E-002  0.0000      0.57812E-002

 NODE        151  KCS=      0  X,Y,Z= 0.10000E-002 0.10000E-002 0.57812E-002

 NODE        152  KCS=      0  X,Y,Z=  0.0000      0.10000E-002 0.57812E-002

 NODE        153  KCS=      0  X,Y,Z=  0.0000       0.0000      0.59375E-002

 NODE        154  KCS=      0  X,Y,Z= 0.10000E-002  0.0000      0.59375E-002

 NODE        155  KCS=      0  X,Y,Z= 0.10000E-002 0.10000E-002 0.59375E-002

 NODE        156  KCS=      0  X,Y,Z=  0.0000      0.10000E-002 0.59375E-002

 NODE        157  KCS=      0  X,Y,Z=  0.0000       0.0000      0.60938E-002

 NODE        158  KCS=      0  X,Y,Z= 0.10000E-002  0.0000      0.60938E-002

 NODE        159  KCS=      0  X,Y,Z= 0.10000E-002 0.10000E-002 0.60938E-002

 NODE        160  KCS=      0  X,Y,Z=  0.0000      0.10000E-002 0.60938E-002

 NODE        161  KCS=      0  X,Y,Z=  0.0000       0.0000      0.62500E-002

 NODE        162  KCS=      0  X,Y,Z= 0.10000E-002  0.0000      0.62500E-002

 NODE        163  KCS=      0  X,Y,Z= 0.10000E-002 0.10000E-002 0.62500E-002

 NODE        164  KCS=      0  X,Y,Z=  0.0000      0.10000E-002 0.62500E-002

 NODE        165  KCS=      0  X,Y,Z=  0.0000       0.0000      0.64062E-002

 NODE        166  KCS=      0  X,Y,Z= 0.10000E-002  0.0000      0.64062E-002

 NODE        167  KCS=      0  X,Y,Z= 0.10000E-002 0.10000E-002 0.64062E-002

 NODE        168  KCS=      0  X,Y,Z=  0.0000      0.10000E-002 0.64062E-002

 NODE        169  KCS=      0  X,Y,Z=  0.0000       0.0000      0.65625E-002

 NODE        170  KCS=      0  X,Y,Z= 0.10000E-002  0.0000      0.65625E-002

 NODE        171  KCS=      0  X,Y,Z= 0.10000E-002 0.10000E-002 0.65625E-002

 NODE        172  KCS=      0  X,Y,Z=  0.0000      0.10000E-002 0.65625E-002

 NODE        173  KCS=      0  X,Y,Z=  0.0000       0.0000      0.67187E-002

 NODE        174  KCS=      0  X,Y,Z= 0.10000E-002  0.0000      0.67187E-002

 NODE        175  KCS=      0  X,Y,Z= 0.10000E-002 0.10000E-002 0.67187E-002

 NODE        176  KCS=      0  X,Y,Z=  0.0000      0.10000E-002 0.67187E-002

 NODE        177  KCS=      0  X,Y,Z=  0.0000       0.0000      0.68750E-002

 NODE        178  KCS=      0  X,Y,Z= 0.10000E-002  0.0000      0.68750E-002

 NODE        179  KCS=      0  X,Y,Z= 0.10000E-002 0.10000E-002 0.68750E-002

 NODE        180  KCS=      0  X,Y,Z=  0.0000      0.10000E-002 0.68750E-002

 NODE        181  KCS=      0  X,Y,Z=  0.0000       0.0000      0.70312E-002

 NODE        182  KCS=      0  X,Y,Z= 0.10000E-002  0.0000      0.70312E-002

 NODE        183  KCS=      0  X,Y,Z= 0.10000E-002 0.10000E-002 0.70312E-002

 NODE        184  KCS=      0  X,Y,Z=  0.0000      0.10000E-002 0.70312E-002

 NODE        185  KCS=      0  X,Y,Z=  0.0000       0.0000      0.71875E-002

 NODE        186  KCS=      0  X,Y,Z= 0.10000E-002  0.0000      0.71875E-002

 NODE        187  KCS=      0  X,Y,Z= 0.10000E-002 0.10000E-002 0.71875E-002

 NODE        188  KCS=      0  X,Y,Z=  0.0000      0.10000E-002 0.71875E-002

 NODE        189  KCS=      0  X,Y,Z=  0.0000       0.0000      0.73438E-002

 NODE        190  KCS=      0  X,Y,Z= 0.10000E-002  0.0000      0.73438E-002

 NODE        191  KCS=      0  X,Y,Z= 0.10000E-002 0.10000E-002 0.73438E-002

 NODE        192  KCS=      0  X,Y,Z=  0.0000      0.10000E-002 0.73438E-002

 NODE        193  KCS=      0  X,Y,Z=  0.0000       0.0000      0.75000E-002

 NODE        194  KCS=      0  X,Y,Z= 0.10000E-002  0.0000      0.75000E-002

 NODE        195  KCS=      0  X,Y,Z= 0.10000E-002 0.10000E-002 0.75000E-002

 NODE        196  KCS=      0  X,Y,Z=  0.0000      0.10000E-002 0.75000E-002

 NODE        197  KCS=      0  X,Y,Z=  0.0000       0.0000      0.76562E-002

 NODE        198  KCS=      0  X,Y,Z= 0.10000E-002  0.0000      0.76562E-002

 NODE        199  KCS=      0  X,Y,Z= 0.10000E-002 0.10000E-002 0.76562E-002

 NODE        200  KCS=      0  X,Y,Z=  0.0000      0.10000E-002 0.76562E-002

 NODE        201  KCS=      0  X,Y,Z=  0.0000       0.0000      0.78125E-002

 NODE        202  KCS=      0  X,Y,Z= 0.10000E-002  0.0000      0.78125E-002

 NODE        203  KCS=      0  X,Y,Z= 0.10000E-002 0.10000E-002 0.78125E-002

 NODE        204  KCS=      0  X,Y,Z=  0.0000      0.10000E-002 0.78125E-002

 NODE        205  KCS=      0  X,Y,Z=  0.0000       0.0000      0.79687E-002

 NODE        206  KCS=      0  X,Y,Z= 0.10000E-002  0.0000      0.79687E-002

 NODE        207  KCS=      0  X,Y,Z= 0.10000E-002 0.10000E-002 0.79687E-002

 NODE        208  KCS=      0  X,Y,Z=  0.0000      0.10000E-002 0.79687E-002

 NODE        209  KCS=      0  X,Y,Z=  0.0000       0.0000      0.81250E-002

 NODE        210  KCS=      0  X,Y,Z= 0.10000E-002  0.0000      0.81250E-002

 NODE        211  KCS=      0  X,Y,Z= 0.10000E-002 0.10000E-002 0.81250E-002

 NODE        212  KCS=      0  X,Y,Z=  0.0000      0.10000E-002 0.81250E-002

 NODE        213  KCS=      0  X,Y,Z=  0.0000       0.0000      0.82813E-002

 NODE        214  KCS=      0  X,Y,Z= 0.10000E-002  0.0000      0.82813E-002

 NODE        215  KCS=      0  X,Y,Z= 0.10000E-002 0.10000E-002 0.82813E-002

 NODE        216  KCS=      0  X,Y,Z=  0.0000      0.10000E-002 0.82813E-002

 NODE        217  KCS=      0  X,Y,Z=  0.0000       0.0000      0.84375E-002

 NODE        218  KCS=      0  X,Y,Z= 0.10000E-002  0.0000      0.84375E-002

 NODE        219  KCS=      0  X,Y,Z= 0.10000E-002 0.10000E-002 0.84375E-002

 NODE        220  KCS=      0  X,Y,Z=  0.0000      0.10000E-002 0.84375E-002

 NODE        221  KCS=      0  X,Y,Z=  0.0000       0.0000      0.85938E-002

 NODE        222  KCS=      0  X,Y,Z= 0.10000E-002  0.0000      0.85938E-002

 NODE        223  KCS=      0  X,Y,Z= 0.10000E-002 0.10000E-002 0.85938E-002

 NODE        224  KCS=      0  X,Y,Z=  0.0000      0.10000E-002 0.85938E-002

 NODE        225  KCS=      0  X,Y,Z=  0.0000       0.0000      0.87500E-002

 NODE        226  KCS=      0  X,Y,Z= 0.10000E-002  0.0000      0.87500E-002

 NODE        227  KCS=      0  X,Y,Z= 0.10000E-002 0.10000E-002 0.87500E-002

 NODE        228  KCS=      0  X,Y,Z=  0.0000      0.10000E-002 0.87500E-002

 NODE        229  KCS=      0  X,Y,Z=  0.0000       0.0000      0.89063E-002

 NODE        230  KCS=      0  X,Y,Z= 0.10000E-002  0.0000      0.89063E-002

 NODE        231  KCS=      0  X,Y,Z= 0.10000E-002 0.10000E-002 0.89063E-002

 NODE        232  KCS=      0  X,Y,Z=  0.0000      0.10000E-002 0.89063E-002

 NODE        233  KCS=      0  X,Y,Z=  0.0000       0.0000      0.90625E-002

 NODE        234  KCS=      0  X,Y,Z= 0.10000E-002  0.0000      0.90625E-002

 NODE        235  KCS=      0  X,Y,Z= 0.10000E-002 0.10000E-002 0.90625E-002

 NODE        236  KCS=      0  X,Y,Z=  0.0000      0.10000E-002 0.90625E-002

 NODE        237  KCS=      0  X,Y,Z=  0.0000       0.0000      0.92187E-002

 NODE        238  KCS=      0  X,Y,Z= 0.10000E-002  0.0000      0.92187E-002

 NODE        239  KCS=      0  X,Y,Z= 0.10000E-002 0.10000E-002 0.92187E-002

 NODE        240  KCS=      0  X,Y,Z=  0.0000      0.10000E-002 0.92187E-002

 NODE        241  KCS=      0  X,Y,Z=  0.0000       0.0000      0.93750E-002

 NODE        242  KCS=      0  X,Y,Z= 0.10000E-002  0.0000      0.93750E-002

 NODE        243  KCS=      0  X,Y,Z= 0.10000E-002 0.10000E-002 0.93750E-002

 NODE        244  KCS=      0  X,Y,Z=  0.0000      0.10000E-002 0.93750E-002

 NODE        245  KCS=      0  X,Y,Z=  0.0000       0.0000      0.95313E-002

 NODE        246  KCS=      0  X,Y,Z= 0.10000E-002  0.0000      0.95313E-002

 NODE        247  KCS=      0  X,Y,Z= 0.10000E-002 0.10000E-002 0.95313E-002

 NODE        248  KCS=      0  X,Y,Z=  0.0000      0.10000E-002 0.95313E-002

 NODE        249  KCS=      0  X,Y,Z=  0.0000       0.0000      0.96875E-002

 NODE        250  KCS=      0  X,Y,Z= 0.10000E-002  0.0000      0.96875E-002

 NODE        251  KCS=      0  X,Y,Z= 0.10000E-002 0.10000E-002 0.96875E-002

 NODE        252  KCS=      0  X,Y,Z=  0.0000      0.10000E-002 0.96875E-002

 NODE        253  KCS=      0  X,Y,Z=  0.0000       0.0000      0.98438E-002

 NODE        254  KCS=      0  X,Y,Z= 0.10000E-002  0.0000      0.98438E-002

 NODE        255  KCS=      0  X,Y,Z= 0.10000E-002 0.10000E-002 0.98438E-002

 NODE        256  KCS=      0  X,Y,Z=  0.0000      0.10000E-002 0.98438E-002

 NODE        257  KCS=      0  X,Y,Z=  0.0000       0.0000      0.10000E-001

 NODE        258  KCS=      0  X,Y,Z= 0.10000E-002  0.0000      0.10000E-001

 NODE        259  KCS=      0  X,Y,Z= 0.10000E-002 0.10000E-002 0.10000E-001

 NODE        260  KCS=      0  X,Y,Z=  0.0000      0.10000E-002 0.10000E-001

 ELEMENT      1       1      2      3      4      5      6      7      8


 ELEMENT      2       5      6      7      8      9     10     11     12


 ELEMENT      3       9     10     11     12     13     14     15     16


 ELEMENT      4      13     14     15     16     17     18     19     20


 ELEMENT      5      17     18     19     20     21     22     23     24


 ELEMENT      6      21     22     23     24     25     26     27     28


 ELEMENT      7      25     26     27     28     29     30     31     32


 ELEMENT      8      29     30     31     32     33     34     35     36


 ELEMENT      9      33     34     35     36     37     38     39     40


 ELEMENT     10      37     38     39     40     41     42     43     44


 ELEMENT     11      41     42     43     44     45     46     47     48


 ELEMENT     12      45     46     47     48     49     50     51     52


 ELEMENT     13      49     50     51     52     53     54     55     56


 ELEMENT     14      53     54     55     56     57     58     59     60


 ELEMENT     15      57     58     59     60     61     62     63     64


 ELEMENT     16      61     62     63     64     65     66     67     68


 ELEMENT     17      65     66     67     68     69     70     71     72


 ELEMENT     18      69     70     71     72     73     74     75     76


 ELEMENT     19      73     74     75     76     77     78     79     80


 ELEMENT     20      77     78     79     80     81     82     83     84


 ELEMENT     21      81     82     83     84     85     86     87     88


 ELEMENT     22      85     86     87     88     89     90     91     92


 ELEMENT     23      89     90     91     92     93     94     95     96


 ELEMENT     24      93     94     95     96     97     98     99    100


 ELEMENT     25      97     98     99    100    101    102    103    104


 ELEMENT     26     101    102    103    104    105    106    107    108


 ELEMENT     27     105    106    107    108    109    110    111    112


 ELEMENT     28     109    110    111    112    113    114    115    116


 ELEMENT     29     113    114    115    116    117    118    119    120


 ELEMENT     30     117    118    119    120    121    122    123    124


 ELEMENT     31     121    122    123    124    125    126    127    128


 ELEMENT     32     125    126    127    128    129    130    131    132


 ELEMENT     33     129    130    131    132    133    134    135    136


 ELEMENT     34     133    134    135    136    137    138    139    140


 ELEMENT     35     137    138    139    140    141    142    143    144


 ELEMENT     36     141    142    143    144    145    146    147    148


 ELEMENT     37     145    146    147    148    149    150    151    152


 ELEMENT     38     149    150    151    152    153    154    155    156


 ELEMENT     39     153    154    155    156    157    158    159    160


 ELEMENT     40     157    158    159    160    161    162    163    164


 ELEMENT     41     161    162    163    164    165    166    167    168


 ELEMENT     42     165    166    167    168    169    170    171    172


 ELEMENT     43     169    170    171    172    173    174    175    176


 ELEMENT     44     173    174    175    176    177    178    179    180


 ELEMENT     45     177    178    179    180    181    182    183    184


 ELEMENT     46     181    182    183    184    185    186    187    188


 ELEMENT     47     185    186    187    188    189    190    191    192


 ELEMENT     48     189    190    191    192    193    194    195    196


 ELEMENT     49     193    194    195    196    197    198    199    200


 ELEMENT     50     197    198    199    200    201    202    203    204


 ELEMENT     51     201    202    203    204    205    206    207    208


 ELEMENT     52     205    206    207    208    209    210    211    212


 ELEMENT     53     209    210    211    212    213    214    215    216


 ELEMENT     54     213    214    215    216    217    218    219    220


 ELEMENT     55     217    218    219    220    221    222    223    224


 ELEMENT     56     221    222    223    224    225    226    227    228


 ELEMENT     57     225    226    227    228    229    230    231    232


 ELEMENT     58     229    230    231    232    233    234    235    236


 ELEMENT     59     233    234    235    236    237    238    239    240


 ELEMENT     60     237    238    239    240    241    242    243    244


 ELEMENT     61     241    242    243    244    245    246    247    248


 ELEMENT     62     245    246    247    248    249    250    251    252


 ELEMENT     63     249    250    251    252    253    254    255    256


 ELEMENT     64     253    254    255    256    257    258    259    260



 ***** ROUTINE COMPLETED *****  ELAPSED TIME =         5.913



 *****  MAPDL SOLUTION ROUTINE  *****


 PERFORM A TRANSIENT ANALYSIS
  THIS WILL BE A NEW ANALYSIS

 PERFORM A FULL TRANSIENT ANALYSIS
  USING NEWMARK ALGORITHM

 DO NOT USE AUTOMATIC TIME STEPPING THIS LOAD STEP

 STEP BOUNDARY CONDITION KEY= 0

 ERASE THE CURRENT DATABASE OUTPUT CONTROL TABLE.


 SET PARAMETER DIMENSIONS ON  TS TYPE=ARRA  DIMENSIONS=     4     1     1

 PARAMETER TS(1) =     300.0000000    

 PARAMETER TS(2) =     900.0000000    

 PARAMETER TS(3) =     1200.000000    

 PARAMETER TS(4) =     1800.000000    

 WRITE NSOL ITEMS TO THE DATABASE AT TIME POINTS GIVEN BY ARRAY PARAMETER : TS      
   FOR ALL APPLICABLE ENTITIES

 UNIFORM TEMPERATURE=    20.000  (TREF=     0.000)

 SELECT       FOR ITEM=NODE COMPONENT=    
  IN RANGE         1 TO          4 STEP          1

          4  NODES (OF        260  DEFINED) SELECTED BY  NSEL  COMMAND.

 GENERATE SURFACE LOAD CONV ON SURFACE DEFINED BY ALL SELECTED NODES
 VALUES=  5.00000000      20.0000000    

 NUMBER OF CONV ELEMENT FACE LOADS STORED =          1

 SELECT       FOR ITEM=NODE COMPONENT=    
  IN RANGE       257 TO        260 STEP          1

          4  NODES (OF        260  DEFINED) SELECTED BY  NSEL  COMMAND.

 GENERATE SURFACE LOAD CONV ON SURFACE DEFINED BY ALL SELECTED NODES
 VALUES=  5.00000000      20.0000000    

 NUMBER OF CONV ELEMENT FACE LOADS STORED =          1

 SELECT ALL ENTITIES OF TYPE= ALL  AND BELOW

 TIME= 0.10000E-05

 STEP BOUNDARY CONDITION KEY= 1

 USE       1 SUBSTEPS INITIALLY THIS LOAD STEP FOR ALL  DEGREES OF FREEDOM
 FOR AUTOMATIC TIME STEPPING:
   USE      1 SUBSTEPS AS A MAXIMUM
   USE      1 SUBSTEPS AS A MINIMUM

 *****  MAPDL SOLVE    COMMAND  *****

 *** MAPDL - ENGINEERING ANALYSIS SYSTEM  RELEASE 2026 R1          26.1     ***
 Ansys Mechanical Enterprise Academic Student      
 01055371  VERSION=WINDOWS x64   21:01:54  SEP 14, 2026 Elapsed Time=      5.921

 Stage 10 plane-wall discretization verification                               



                       S O L U T I O N   O P T I O N S

   PROBLEM DIMENSIONALITY. . . . . . . . . . . . .3-D                  
   DEGREES OF FREEDOM. . . . . . TEMP
   ANALYSIS TYPE . . . . . . . . . . . . . . . . .TRANSIENT            
      SOLUTION METHOD. . . . . . . . . . . . . . .FULL                 
   GLOBALLY ASSEMBLED MATRIX . . . . . . . . . . .SYMMETRIC  

 *** NOTE ***                            ELAPSED TIME =       5.922   TIME= 21:01:54
 The conditions for direct assembly have been met.  No .emat or .erot    
 files will be produced.                                                 

                      L O A D   S T E P   O P T I O N S

   LOAD STEP NUMBER. . . . . . . . . . . . . . . .     1
   TIME AT END OF THE LOAD STEP. . . . . . . . . . 0.10000E-05
   NUMBER OF SUBSTEPS. . . . . . . . . . . . . . .     1
   STEP CHANGE BOUNDARY CONDITIONS . . . . . . . .   YES
   TRANSIENT (INERTIA) EFFECTS
      THERMAL DOFS . . . . . . . . . . . . . . . .    ON
   TRANSIENT INTEGRATION PARAMETERS
      THETA. . . . . . . . . . . . . . . . . . . .  1.0000    
      OSCILLATION LIMIT CRITERION. . . . . . . . . 0.50000    
      TOLERANCE. . . . . . . . . . . . . . . . . .  0.0000    
   PRINT OUTPUT CONTROLS . . . . . . . . . . . . .NO PRINTOUT
   DATABASE OUTPUT CONTROLS
      ITEM     FREQUENCY   COMPONENT
      NSOL      TS                                                                                                                                                                                                                                                              


 SOLUTION MONITORING INFO IS WRITTEN TO FILE= stage10_thermal.mntr                                                                                                                                                                                                                                                




            **** CENTER OF MASS, MASS, AND MASS MOMENTS OF INERTIA ****

  CALCULATIONS ASSUME ELEMENT MASS AT ELEMENT CENTROID

  TOTAL MASS =  0.10000E-04

                           MOM. OF INERTIA         MOM. OF INERTIA
  CENTER OF MASS            ABOUT ORIGIN        ABOUT CENTER OF MASS

  XC =  0.50000E-03      IXX =   0.3358E-09      IXX =   0.8331E-10
  YC =  0.50000E-03      IYY =   0.3358E-09      IYY =   0.8331E-10
  ZC =  0.50000E-02      IZZ =   0.5000E-11      IZZ =  -0.4039E-26
                         IXY =  -0.2500E-11      IXY =   0.2019E-26
                         IYZ =  -0.2500E-10      IYZ =   0.2262E-25
                         IZX =  -0.2500E-10      IZX =   0.2262E-25


  *** MASS SUMMARY BY ELEMENT TYPE ***

  TYPE      MASS
     1  0.100000E-04

 Range of element maximum matrix coefficients in global coordinates
 Maximum = 3.741666667E-04 at element 64.                                
 Minimum = 3.729166667E-04 at element 35.                                

   *** ELEMENT MATRIX FORMULATION TIMES
     TYPE    NUMBER     ENAME   TOTAL ELAPSED   AVG ELAPSED

        1        64   SOLID70          0.0019   0.000030183
 Elapsed Time at end of element matrix formulation = 6.1977679.          

 ALL CURRENT MAPDL DATA WRITTEN TO FILE NAME= stage10_thermal.rdb
  FOR POSSIBLE RESUME FROM THIS POINT

 SPARSE MATRIX DIRECT SOLVER.
  Number of equations =         260,    Maximum wavefront =      8


  Memory allocated on this process
  -------------------------------------------------------------------
  Equation solver memory allocated                     =     0.192 MB
  Equation solver memory required for in-core mode     =     0.186 MB
  Equation solver memory required for out-of-core mode =     0.178 MB
  Total (solver and non-solver) memory allocated       =   355.235 MB

 *** NOTE ***                            ELAPSED TIME =       6.245   TIME= 21:01:54
 The Sparse Matrix Solver is currently running in the in-core memory     
 mode.  This memory mode uses the most amount of memory in order to      
 avoid using the hard drive as much as possible, which most often        
 results in the fastest solution time.  This mode is recommended if      
 enough physical memory is present to accommodate all of the solver      
 data.                                                                   
 Sparse solver maximum pivot= 39.0632458 at node 213 TEMP.               
 Sparse solver minimum pivot= 19.5316242 at node 4 TEMP.                 
 Sparse solver minimum pivot in absolute value= 19.5316242 at node 4     
 TEMP.                                                                   

   *** ELEMENT RESULT CALCULATION TIMES
     TYPE    NUMBER     ENAME   TOTAL ELAPSED   AVG ELAPSED

        1        64   SOLID70          0.0020   0.000031625

   *** NODAL LOAD CALCULATION TIMES
     TYPE    NUMBER     ENAME   TOTAL ELAPSED   AVG ELAPSED

        1        64   SOLID70          0.0018   0.000027361
 *** LOAD STEP     1   SUBSTEP     1  COMPLETED.    CUM ITER =      1
 *** TIME =  0.100000E-05     TIME INC =  0.100000E-05  NEW TRIANG MATRIX


 *** MAPDL BINARY FILE STATISTICS
  BUFFER SIZE USED= 16384
        0.062 MB WRITTEN ON ASSEMBLED MATRIX FILE: stage10_thermal.full
        0.375 MB WRITTEN ON RESULTS FILE: stage10_thermal.rth

 STEP BOUNDARY CONDITION KEY= 0

 SELECT       FOR ITEM=NODE COMPONENT=    
  IN RANGE         1 TO          4 STEP          1

          4  NODES (OF        260  DEFINED) SELECTED BY  NSEL  COMMAND.

 GENERATE SURFACE LOAD CONV ON SURFACE DEFINED BY ALL SELECTED NODES
 VALUES=  5.00000000      80.0000000    

 NUMBER OF CONV ELEMENT FACE LOADS STORED =          1

 SELECT       FOR ITEM=NODE COMPONENT=    
  IN RANGE       257 TO        260 STEP          1

          4  NODES (OF        260  DEFINED) SELECTED BY  NSEL  COMMAND.

 GENERATE SURFACE LOAD CONV ON SURFACE DEFINED BY ALL SELECTED NODES
 VALUES=  5.00000000      80.0000000    

 NUMBER OF CONV ELEMENT FACE LOADS STORED =          1

 SELECT ALL ENTITIES OF TYPE= ALL  AND BELOW

 TIME=  300.00    

 USE INITIAL TIME STEP SIZE OF  5.000000     FOR ALL  DEGREES OF FREEDOM
 FOR AUTOMATIC TIME STEPPING:
   USE  5.000000     AS THE MINIMUM TIME STEP SIZE
   USE  5.000000     AS THE MAXIMUM TIME STEP SIZE
   USE THE FINAL TIME STEP SIZE OF THE PREVIOUS LOAD STEP
     AS THE STARTING TIME STEP SIZE.

 *****  MAPDL SOLVE    COMMAND  *****

 *** MAPDL - ENGINEERING ANALYSIS SYSTEM  RELEASE 2026 R1          26.1     ***
 Ansys Mechanical Enterprise Academic Student      
 01055371  VERSION=WINDOWS x64   21:01:54  SEP 14, 2026 Elapsed Time=      6.272

 Stage 10 plane-wall discretization verification                               



                      L O A D   S T E P   O P T I O N S

   LOAD STEP NUMBER. . . . . . . . . . . . . . . .     2
   TIME AT END OF THE LOAD STEP. . . . . . . . . .  300.00    
   TIME STEP SIZE. . . . . . . . . . . . . . . . .  5.0000    
   STEP CHANGE BOUNDARY CONDITIONS . . . . . . . .    NO
   TRANSIENT (INERTIA) EFFECTS
      THERMAL DOFS . . . . . . . . . . . . . . . .    ON
   TRANSIENT INTEGRATION PARAMETERS
      THETA. . . . . . . . . . . . . . . . . . . .  1.0000    
      OSCILLATION LIMIT CRITERION. . . . . . . . . 0.50000    
      TOLERANCE. . . . . . . . . . . . . . . . . .  0.0000    
   PRINT OUTPUT CONTROLS . . . . . . . . . . . . .NO PRINTOUT
   DATABASE OUTPUT CONTROLS
      ITEM     FREQUENCY   COMPONENT
      NSOL      TS                                                                                                                                                                                                                                                              


 SOLUTION MONITORING INFO IS WRITTEN TO FILE= stage10_thermal.mntr                                                                                                                                                                                                                                                

 *** LOAD STEP     2   SUBSTEP     1  COMPLETED.    CUM ITER =      2
 *** TIME =   5.00000         TIME INC =   5.00000      NEW TRIANG MATRIX

 *** LOAD STEP     2   SUBSTEP     2  COMPLETED.    CUM ITER =      3
 *** TIME =   10.0000         TIME INC =   5.00000      NEW TRIANG MATRIX

 *** LOAD STEP     2   SUBSTEP     3  COMPLETED.    CUM ITER =      4
 *** TIME =   15.0000         TIME INC =   5.00000      NEW TRIANG MATRIX

 *** LOAD STEP     2   SUBSTEP     4  COMPLETED.    CUM ITER =      5
 *** TIME =   20.0000         TIME INC =   5.00000      NEW TRIANG MATRIX

 *** LOAD STEP     2   SUBSTEP     5  COMPLETED.    CUM ITER =      6
 *** TIME =   25.0000         TIME INC =   5.00000      NEW TRIANG MATRIX

 *** LOAD STEP     2   SUBSTEP     6  COMPLETED.    CUM ITER =      7
 *** TIME =   30.0000         TIME INC =   5.00000      NEW TRIANG MATRIX

 *** LOAD STEP     2   SUBSTEP     7  COMPLETED.    CUM ITER =      8
 *** TIME =   35.0000         TIME INC =   5.00000      NEW TRIANG MATRIX

 *** LOAD STEP     2   SUBSTEP     8  COMPLETED.    CUM ITER =      9
 *** TIME =   40.0000         TIME INC =   5.00000      NEW TRIANG MATRIX

 *** LOAD STEP     2   SUBSTEP     9  COMPLETED.    CUM ITER =     10
 *** TIME =   45.0000         TIME INC =   5.00000      NEW TRIANG MATRIX

 *** LOAD STEP     2   SUBSTEP    10  COMPLETED.    CUM ITER =     11
 *** TIME =   50.0000         TIME INC =   5.00000      NEW TRIANG MATRIX

 *** LOAD STEP     2   SUBSTEP    11  COMPLETED.    CUM ITER =     12
 *** TIME =   55.0000         TIME INC =   5.00000      NEW TRIANG MATRIX

 *** LOAD STEP     2   SUBSTEP    12  COMPLETED.    CUM ITER =     13
 *** TIME =   60.0000         TIME INC =   5.00000      NEW TRIANG MATRIX

 *** LOAD STEP     2   SUBSTEP    13  COMPLETED.    CUM ITER =     14
 *** TIME =   65.0000         TIME INC =   5.00000      NEW TRIANG MATRIX

 *** LOAD STEP     2   SUBSTEP    14  COMPLETED.    CUM ITER =     15
 *** TIME =   70.0000         TIME INC =   5.00000      NEW TRIANG MATRIX

 *** LOAD STEP     2   SUBSTEP    15  COMPLETED.    CUM ITER =     16
 *** TIME =   75.0000         TIME INC =   5.00000      NEW TRIANG MATRIX

 *** LOAD STEP     2   SUBSTEP    16  COMPLETED.    CUM ITER =     17
 *** TIME =   80.0000         TIME INC =   5.00000      NEW TRIANG MATRIX

 *** LOAD STEP     2   SUBSTEP    17  COMPLETED.    CUM ITER =     18
 *** TIME =   85.0000         TIME INC =   5.00000      NEW TRIANG MATRIX

 *** LOAD STEP     2   SUBSTEP    18  COMPLETED.    CUM ITER =     19
 *** TIME =   90.0000         TIME INC =   5.00000      NEW TRIANG MATRIX

 *** LOAD STEP     2   SUBSTEP    19  COMPLETED.    CUM ITER =     20
 *** TIME =   95.0000         TIME INC =   5.00000      NEW TRIANG MATRIX

 *** LOAD STEP     2   SUBSTEP    20  COMPLETED.    CUM ITER =     21
 *** TIME =   100.000         TIME INC =   5.00000      NEW TRIANG MATRIX

 *** LOAD STEP     2   SUBSTEP    21  COMPLETED.    CUM ITER =     22
 *** TIME =   105.000         TIME INC =   5.00000      NEW TRIANG MATRIX

 *** LOAD STEP     2   SUBSTEP    22  COMPLETED.    CUM ITER =     23
 *** TIME =   110.000         TIME INC =   5.00000      NEW TRIANG MATRIX

 *** LOAD STEP     2   SUBSTEP    23  COMPLETED.    CUM ITER =     24
 *** TIME =   115.000         TIME INC =   5.00000      NEW TRIANG MATRIX

 *** LOAD STEP     2   SUBSTEP    24  COMPLETED.    CUM ITER =     25
 *** TIME =   120.000         TIME INC =   5.00000      NEW TRIANG MATRIX

 *** LOAD STEP     2   SUBSTEP    25  COMPLETED.    CUM ITER =     26
 *** TIME =   125.000         TIME INC =   5.00000      NEW TRIANG MATRIX

 *** LOAD STEP     2   SUBSTEP    26  COMPLETED.    CUM ITER =     27
 *** TIME =   130.000         TIME INC =   5.00000      NEW TRIANG MATRIX

 *** LOAD STEP     2   SUBSTEP    27  COMPLETED.    CUM ITER =     28
 *** TIME =   135.000         TIME INC =   5.00000      NEW TRIANG MATRIX

 *** LOAD STEP     2   SUBSTEP    28  COMPLETED.    CUM ITER =     29
 *** TIME =   140.000         TIME INC =   5.00000      NEW TRIANG MATRIX

 *** LOAD STEP     2   SUBSTEP    29  COMPLETED.    CUM ITER =     30
 *** TIME =   145.000         TIME INC =   5.00000      NEW TRIANG MATRIX

 *** LOAD STEP     2   SUBSTEP    30  COMPLETED.    CUM ITER =     31
 *** TIME =   150.000         TIME INC =   5.00000      NEW TRIANG MATRIX

 *** LOAD STEP     2   SUBSTEP    31  COMPLETED.    CUM ITER =     32
 *** TIME =   155.000         TIME INC =   5.00000      NEW TRIANG MATRIX

 *** LOAD STEP     2   SUBSTEP    32  COMPLETED.    CUM ITER =     33
 *** TIME =   160.000         TIME INC =   5.00000      NEW TRIANG MATRIX

 *** LOAD STEP     2   SUBSTEP    33  COMPLETED.    CUM ITER =     34
 *** TIME =   165.000         TIME INC =   5.00000      NEW TRIANG MATRIX

 *** LOAD STEP     2   SUBSTEP    34  COMPLETED.    CUM ITER =     35
 *** TIME =   170.000         TIME INC =   5.00000      NEW TRIANG MATRIX

 *** LOAD STEP     2   SUBSTEP    35  COMPLETED.    CUM ITER =     36
 *** TIME =   175.000         TIME INC =   5.00000      NEW TRIANG MATRIX

 *** LOAD STEP     2   SUBSTEP    36  COMPLETED.    CUM ITER =     37
 *** TIME =   180.000         TIME INC =   5.00000      NEW TRIANG MATRIX

 *** LOAD STEP     2   SUBSTEP    37  COMPLETED.    CUM ITER =     38
 *** TIME =   185.000         TIME INC =   5.00000      NEW TRIANG MATRIX

 *** LOAD STEP     2   SUBSTEP    38  COMPLETED.    CUM ITER =     39
 *** TIME =   190.000         TIME INC =   5.00000      NEW TRIANG MATRIX

 *** LOAD STEP     2   SUBSTEP    39  COMPLETED.    CUM ITER =     40
 *** TIME =   195.000         TIME INC =   5.00000      NEW TRIANG MATRIX

 *** LOAD STEP     2   SUBSTEP    40  COMPLETED.    CUM ITER =     41
 *** TIME =   200.000         TIME INC =   5.00000      NEW TRIANG MATRIX

 *** LOAD STEP     2   SUBSTEP    41  COMPLETED.    CUM ITER =     42
 *** TIME =   205.000         TIME INC =   5.00000      NEW TRIANG MATRIX

 *** LOAD STEP     2   SUBSTEP    42  COMPLETED.    CUM ITER =     43
 *** TIME =   210.000         TIME INC =   5.00000      NEW TRIANG MATRIX

 *** LOAD STEP     2   SUBSTEP    43  COMPLETED.    CUM ITER =     44
 *** TIME =   215.000         TIME INC =   5.00000      NEW TRIANG MATRIX

 *** LOAD STEP     2   SUBSTEP    44  COMPLETED.    CUM ITER =     45
 *** TIME =   220.000         TIME INC =   5.00000      NEW TRIANG MATRIX

 *** LOAD STEP     2   SUBSTEP    45  COMPLETED.    CUM ITER =     46
 *** TIME =   225.000         TIME INC =   5.00000      NEW TRIANG MATRIX

 *** LOAD STEP     2   SUBSTEP    46  COMPLETED.    CUM ITER =     47
 *** TIME =   230.000         TIME INC =   5.00000      NEW TRIANG MATRIX

 *** LOAD STEP     2   SUBSTEP    47  COMPLETED.    CUM ITER =     48
 *** TIME =   235.000         TIME INC =   5.00000      NEW TRIANG MATRIX

 *** LOAD STEP     2   SUBSTEP    48  COMPLETED.    CUM ITER =     49
 *** TIME =   240.000         TIME INC =   5.00000      NEW TRIANG MATRIX

 *** LOAD STEP     2   SUBSTEP    49  COMPLETED.    CUM ITER =     50
 *** TIME =   245.000         TIME INC =   5.00000      NEW TRIANG MATRIX

 *** LOAD STEP     2   SUBSTEP    50  COMPLETED.    CUM ITER =     51
 *** TIME =   250.000         TIME INC =   5.00000      NEW TRIANG MATRIX

 *** LOAD STEP     2   SUBSTEP    51  COMPLETED.    CUM ITER =     52
 *** TIME =   255.000         TIME INC =   5.00000      NEW TRIANG MATRIX

 *** LOAD STEP     2   SUBSTEP    52  COMPLETED.    CUM ITER =     53
 *** TIME =   260.000         TIME INC =   5.00000      NEW TRIANG MATRIX

 *** LOAD STEP     2   SUBSTEP    53  COMPLETED.    CUM ITER =     54
 *** TIME =   265.000         TIME INC =   5.00000      NEW TRIANG MATRIX

 *** LOAD STEP     2   SUBSTEP    54  COMPLETED.    CUM ITER =     55
 *** TIME =   270.000         TIME INC =   5.00000      NEW TRIANG MATRIX

 *** LOAD STEP     2   SUBSTEP    55  COMPLETED.    CUM ITER =     56
 *** TIME =   275.000         TIME INC =   5.00000      NEW TRIANG MATRIX

 *** LOAD STEP     2   SUBSTEP    56  COMPLETED.    CUM ITER =     57
 *** TIME =   280.000         TIME INC =   5.00000      NEW TRIANG MATRIX

 *** LOAD STEP     2   SUBSTEP    57  COMPLETED.    CUM ITER =     58
 *** TIME =   285.000         TIME INC =   5.00000      NEW TRIANG MATRIX

 *** LOAD STEP     2   SUBSTEP    58  COMPLETED.    CUM ITER =     59
 *** TIME =   290.000         TIME INC =   5.00000      NEW TRIANG MATRIX

 *** LOAD STEP     2   SUBSTEP    59  COMPLETED.    CUM ITER =     60
 *** TIME =   295.000         TIME INC =   5.00000      NEW TRIANG MATRIX

 *** LOAD STEP     2   SUBSTEP    60  COMPLETED.    CUM ITER =     61
 *** TIME =   300.000         TIME INC =   5.00000      NEW TRIANG MATRIX

 SELECT       FOR ITEM=NODE COMPONENT=    
  IN RANGE         1 TO          4 STEP          1

          4  NODES (OF        260  DEFINED) SELECTED BY  NSEL  COMMAND.

 GENERATE SURFACE LOAD CONV ON SURFACE DEFINED BY ALL SELECTED NODES
 VALUES=  5.00000000      80.0000000    

 NUMBER OF CONV ELEMENT FACE LOADS STORED =          1

 SELECT       FOR ITEM=NODE COMPONENT=    
  IN RANGE       257 TO        260 STEP          1

          4  NODES (OF        260  DEFINED) SELECTED BY  NSEL  COMMAND.

 GENERATE SURFACE LOAD CONV ON SURFACE DEFINED BY ALL SELECTED NODES
 VALUES=  5.00000000      80.0000000    

 NUMBER OF CONV ELEMENT FACE LOADS STORED =          1

 SELECT ALL ENTITIES OF TYPE= ALL  AND BELOW

 TIME=  900.00    

 USE INITIAL TIME STEP SIZE OF  5.000000     FOR ALL  DEGREES OF FREEDOM
 FOR AUTOMATIC TIME STEPPING:
   USE  5.000000     AS THE MINIMUM TIME STEP SIZE
   USE  5.000000     AS THE MAXIMUM TIME STEP SIZE
   USE THE FINAL TIME STEP SIZE OF THE PREVIOUS LOAD STEP
     AS THE STARTING TIME STEP SIZE.

 *****  MAPDL SOLVE    COMMAND  *****

 *** MAPDL - ENGINEERING ANALYSIS SYSTEM  RELEASE 2026 R1          26.1     ***
 Ansys Mechanical Enterprise Academic Student      
 01055371  VERSION=WINDOWS x64   21:01:55  SEP 14, 2026 Elapsed Time=      7.228

 Stage 10 plane-wall discretization verification                               



                      L O A D   S T E P   O P T I O N S

   LOAD STEP NUMBER. . . . . . . . . . . . . . . .     3
   TIME AT END OF THE LOAD STEP. . . . . . . . . .  900.00    
   TIME STEP SIZE. . . . . . . . . . . . . . . . .  5.0000    
   STEP CHANGE BOUNDARY CONDITIONS . . . . . . . .    NO
   TRANSIENT (INERTIA) EFFECTS
      THERMAL DOFS . . . . . . . . . . . . . . . .    ON
   TRANSIENT INTEGRATION PARAMETERS
      THETA. . . . . . . . . . . . . . . . . . . .  1.0000    
      OSCILLATION LIMIT CRITERION. . . . . . . . . 0.50000    
      TOLERANCE. . . . . . . . . . . . . . . . . .  0.0000    
   PRINT OUTPUT CONTROLS . . . . . . . . . . . . .NO PRINTOUT
   DATABASE OUTPUT CONTROLS
      ITEM     FREQUENCY   COMPONENT
      NSOL      TS                                                                                                                                                                                                                                                              


 SOLUTION MONITORING INFO IS WRITTEN TO FILE= stage10_thermal.mntr                                                                                                                                                                                                                                                

 *** LOAD STEP     3   SUBSTEP     1  COMPLETED.    CUM ITER =     62
 *** TIME =   305.000         TIME INC =   5.00000      NEW TRIANG MATRIX

 *** LOAD STEP     3   SUBSTEP     2  COMPLETED.    CUM ITER =     63
 *** TIME =   310.000         TIME INC =   5.00000      NEW TRIANG MATRIX

 *** LOAD STEP     3   SUBSTEP     3  COMPLETED.    CUM ITER =     64
 *** TIME =   315.000         TIME INC =   5.00000      NEW TRIANG MATRIX

 *** LOAD STEP     3   SUBSTEP     4  COMPLETED.    CUM ITER =     65
 *** TIME =   320.000         TIME INC =   5.00000      NEW TRIANG MATRIX

 *** LOAD STEP     3   SUBSTEP     5  COMPLETED.    CUM ITER =     66
 *** TIME =   325.000         TIME INC =   5.00000      NEW TRIANG MATRIX

 *** LOAD STEP     3   SUBSTEP     6  COMPLETED.    CUM ITER =     67
 *** TIME =   330.000         TIME INC =   5.00000      NEW TRIANG MATRIX

 *** LOAD STEP     3   SUBSTEP     7  COMPLETED.    CUM ITER =     68
 *** TIME =   335.000         TIME INC =   5.00000      NEW TRIANG MATRIX

 *** LOAD STEP     3   SUBSTEP     8  COMPLETED.    CUM ITER =     69
 *** TIME =   340.000         TIME INC =   5.00000      NEW TRIANG MATRIX

 *** LOAD STEP     3   SUBSTEP     9  COMPLETED.    CUM ITER =     70
 *** TIME =   345.000         TIME INC =   5.00000      NEW TRIANG MATRIX

 *** LOAD STEP     3   SUBSTEP    10  COMPLETED.    CUM ITER =     71
 *** TIME =   350.000         TIME INC =   5.00000      NEW TRIANG MATRIX

 *** LOAD STEP     3   SUBSTEP    11  COMPLETED.    CUM ITER =     72
 *** TIME =   355.000         TIME INC =   5.00000      NEW TRIANG MATRIX

 *** LOAD STEP     3   SUBSTEP    12  COMPLETED.    CUM ITER =     73
 *** TIME =   360.000         TIME INC =   5.00000      NEW TRIANG MATRIX

 *** LOAD STEP     3   SUBSTEP    13  COMPLETED.    CUM ITER =     74
 *** TIME =   365.000         TIME INC =   5.00000      NEW TRIANG MATRIX

 *** LOAD STEP     3   SUBSTEP    14  COMPLETED.    CUM ITER =     75
 *** TIME =   370.000         TIME INC =   5.00000      NEW TRIANG MATRIX

 *** LOAD STEP     3   SUBSTEP    15  COMPLETED.    CUM ITER =     76
 *** TIME =   375.000         TIME INC =   5.00000      NEW TRIANG MATRIX

 *** LOAD STEP     3   SUBSTEP    16  COMPLETED.    CUM ITER =     77
 *** TIME =   380.000         TIME INC =   5.00000      NEW TRIANG MATRIX

 *** LOAD STEP     3   SUBSTEP    17  COMPLETED.    CUM ITER =     78
 *** TIME =   385.000         TIME INC =   5.00000      NEW TRIANG MATRIX

 *** LOAD STEP     3   SUBSTEP    18  COMPLETED.    CUM ITER =     79
 *** TIME =   390.000         TIME INC =   5.00000      NEW TRIANG MATRIX

 *** LOAD STEP     3   SUBSTEP    19  COMPLETED.    CUM ITER =     80
 *** TIME =   395.000         TIME INC =   5.00000      NEW TRIANG MATRIX

 *** LOAD STEP     3   SUBSTEP    20  COMPLETED.    CUM ITER =     81
 *** TIME =   400.000         TIME INC =   5.00000      NEW TRIANG MATRIX

 *** LOAD STEP     3   SUBSTEP    21  COMPLETED.    CUM ITER =     82
 *** TIME =   405.000         TIME INC =   5.00000      NEW TRIANG MATRIX

 *** LOAD STEP     3   SUBSTEP    22  COMPLETED.    CUM ITER =     83
 *** TIME =   410.000         TIME INC =   5.00000      NEW TRIANG MATRIX

 *** LOAD STEP     3   SUBSTEP    23  COMPLETED.    CUM ITER =     84
 *** TIME =   415.000         TIME INC =   5.00000      NEW TRIANG MATRIX

 *** LOAD STEP     3   SUBSTEP    24  COMPLETED.    CUM ITER =     85
 *** TIME =   420.000         TIME INC =   5.00000      NEW TRIANG MATRIX

 *** LOAD STEP     3   SUBSTEP    25  COMPLETED.    CUM ITER =     86
 *** TIME =   425.000         TIME INC =   5.00000      NEW TRIANG MATRIX

 *** LOAD STEP     3   SUBSTEP    26  COMPLETED.    CUM ITER =     87
 *** TIME =   430.000         TIME INC =   5.00000      NEW TRIANG MATRIX

 *** LOAD STEP     3   SUBSTEP    27  COMPLETED.    CUM ITER =     88
 *** TIME =   435.000         TIME INC =   5.00000      NEW TRIANG MATRIX

 *** LOAD STEP     3   SUBSTEP    28  COMPLETED.    CUM ITER =     89
 *** TIME =   440.000         TIME INC =   5.00000      NEW TRIANG MATRIX

 *** LOAD STEP     3   SUBSTEP    29  COMPLETED.    CUM ITER =     90
 *** TIME =   445.000         TIME INC =   5.00000      NEW TRIANG MATRIX

 *** LOAD STEP     3   SUBSTEP    30  COMPLETED.    CUM ITER =     91
 *** TIME =   450.000         TIME INC =   5.00000      NEW TRIANG MATRIX

 *** LOAD STEP     3   SUBSTEP    31  COMPLETED.    CUM ITER =     92
 *** TIME =   455.000         TIME INC =   5.00000      NEW TRIANG MATRIX

 *** LOAD STEP     3   SUBSTEP    32  COMPLETED.    CUM ITER =     93
 *** TIME =   460.000         TIME INC =   5.00000      NEW TRIANG MATRIX

 *** LOAD STEP     3   SUBSTEP    33  COMPLETED.    CUM ITER =     94
 *** TIME =   465.000         TIME INC =   5.00000      NEW TRIANG MATRIX

 *** LOAD STEP     3   SUBSTEP    34  COMPLETED.    CUM ITER =     95
 *** TIME =   470.000         TIME INC =   5.00000      NEW TRIANG MATRIX

 *** LOAD STEP     3   SUBSTEP    35  COMPLETED.    CUM ITER =     96
 *** TIME =   475.000         TIME INC =   5.00000      NEW TRIANG MATRIX

 *** LOAD STEP     3   SUBSTEP    36  COMPLETED.    CUM ITER =     97
 *** TIME =   480.000         TIME INC =   5.00000      NEW TRIANG MATRIX

 *** LOAD STEP     3   SUBSTEP    37  COMPLETED.    CUM ITER =     98
 *** TIME =   485.000         TIME INC =   5.00000      NEW TRIANG MATRIX

 *** LOAD STEP     3   SUBSTEP    38  COMPLETED.    CUM ITER =     99
 *** TIME =   490.000         TIME INC =   5.00000      NEW TRIANG MATRIX

 *** LOAD STEP     3   SUBSTEP    39  COMPLETED.    CUM ITER =    100
 *** TIME =   495.000         TIME INC =   5.00000      NEW TRIANG MATRIX

 *** LOAD STEP     3   SUBSTEP    40  COMPLETED.    CUM ITER =    101
 *** TIME =   500.000         TIME INC =   5.00000      NEW TRIANG MATRIX

 *** LOAD STEP     3   SUBSTEP    41  COMPLETED.    CUM ITER =    102
 *** TIME =   505.000         TIME INC =   5.00000      NEW TRIANG MATRIX

 *** LOAD STEP     3   SUBSTEP    42  COMPLETED.    CUM ITER =    103
 *** TIME =   510.000         TIME INC =   5.00000      NEW TRIANG MATRIX

 *** LOAD STEP     3   SUBSTEP    43  COMPLETED.    CUM ITER =    104
 *** TIME =   515.000         TIME INC =   5.00000      NEW TRIANG MATRIX

 *** LOAD STEP     3   SUBSTEP    44  COMPLETED.    CUM ITER =    105
 *** TIME =   520.000         TIME INC =   5.00000      NEW TRIANG MATRIX

 *** LOAD STEP     3   SUBSTEP    45  COMPLETED.    CUM ITER =    106
 *** TIME =   525.000         TIME INC =   5.00000      NEW TRIANG MATRIX

 *** LOAD STEP     3   SUBSTEP    46  COMPLETED.    CUM ITER =    107
 *** TIME =   530.000         TIME INC =   5.00000      NEW TRIANG MATRIX

 *** LOAD STEP     3   SUBSTEP    47  COMPLETED.    CUM ITER =    108
 *** TIME =   535.000         TIME INC =   5.00000      NEW TRIANG MATRIX

 *** LOAD STEP     3   SUBSTEP    48  COMPLETED.    CUM ITER =    109
 *** TIME =   540.000         TIME INC =   5.00000      NEW TRIANG MATRIX

 *** LOAD STEP     3   SUBSTEP    49  COMPLETED.    CUM ITER =    110
 *** TIME =   545.000         TIME INC =   5.00000      NEW TRIANG MATRIX

 *** LOAD STEP     3   SUBSTEP    50  COMPLETED.    CUM ITER =    111
 *** TIME =   550.000         TIME INC =   5.00000      NEW TRIANG MATRIX

 *** LOAD STEP     3   SUBSTEP    51  COMPLETED.    CUM ITER =    112
 *** TIME =   555.000         TIME INC =   5.00000      NEW TRIANG MATRIX

 *** LOAD STEP     3   SUBSTEP    52  COMPLETED.    CUM ITER =    113
 *** TIME =   560.000         TIME INC =   5.00000      NEW TRIANG MATRIX

 *** LOAD STEP     3   SUBSTEP    53  COMPLETED.    CUM ITER =    114
 *** TIME =   565.000         TIME INC =   5.00000      NEW TRIANG MATRIX

 *** LOAD STEP     3   SUBSTEP    54  COMPLETED.    CUM ITER =    115
 *** TIME =   570.000         TIME INC =   5.00000      NEW TRIANG MATRIX

 *** LOAD STEP     3   SUBSTEP    55  COMPLETED.    CUM ITER =    116
 *** TIME =   575.000         TIME INC =   5.00000      NEW TRIANG MATRIX

 *** LOAD STEP     3   SUBSTEP    56  COMPLETED.    CUM ITER =    117
 *** TIME =   580.000         TIME INC =   5.00000      NEW TRIANG MATRIX

 *** LOAD STEP     3   SUBSTEP    57  COMPLETED.    CUM ITER =    118
 *** TIME =   585.000         TIME INC =   5.00000      NEW TRIANG MATRIX

 *** LOAD STEP     3   SUBSTEP    58  COMPLETED.    CUM ITER =    119
 *** TIME =   590.000         TIME INC =   5.00000      NEW TRIANG MATRIX

 *** LOAD STEP     3   SUBSTEP    59  COMPLETED.    CUM ITER =    120
 *** TIME =   595.000         TIME INC =   5.00000      NEW TRIANG MATRIX

 *** LOAD STEP     3   SUBSTEP    60  COMPLETED.    CUM ITER =    121
 *** TIME =   600.000         TIME INC =   5.00000      NEW TRIANG MATRIX

 *** LOAD STEP     3   SUBSTEP    61  COMPLETED.    CUM ITER =    122
 *** TIME =   605.000         TIME INC =   5.00000      NEW TRIANG MATRIX

 *** LOAD STEP     3   SUBSTEP    62  COMPLETED.    CUM ITER =    123
 *** TIME =   610.000         TIME INC =   5.00000      NEW TRIANG MATRIX

 *** LOAD STEP     3   SUBSTEP    63  COMPLETED.    CUM ITER =    124
 *** TIME =   615.000         TIME INC =   5.00000      NEW TRIANG MATRIX

 *** LOAD STEP     3   SUBSTEP    64  COMPLETED.    CUM ITER =    125
 *** TIME =   620.000         TIME INC =   5.00000      NEW TRIANG MATRIX

 *** LOAD STEP     3   SUBSTEP    65  COMPLETED.    CUM ITER =    126
 *** TIME =   625.000         TIME INC =   5.00000      NEW TRIANG MATRIX

 *** LOAD STEP     3   SUBSTEP    66  COMPLETED.    CUM ITER =    127
 *** TIME =   630.000         TIME INC =   5.00000      NEW TRIANG MATRIX

 *** LOAD STEP     3   SUBSTEP    67  COMPLETED.    CUM ITER =    128
 *** TIME =   635.000         TIME INC =   5.00000      NEW TRIANG MATRIX

 *** LOAD STEP     3   SUBSTEP    68  COMPLETED.    CUM ITER =    129
 *** TIME =   640.000         TIME INC =   5.00000      NEW TRIANG MATRIX

 *** LOAD STEP     3   SUBSTEP    69  COMPLETED.    CUM ITER =    130
 *** TIME =   645.000         TIME INC =   5.00000      NEW TRIANG MATRIX

 *** LOAD STEP     3   SUBSTEP    70  COMPLETED.    CUM ITER =    131
 *** TIME =   650.000         TIME INC =   5.00000      NEW TRIANG MATRIX

 *** LOAD STEP     3   SUBSTEP    71  COMPLETED.    CUM ITER =    132
 *** TIME =   655.000         TIME INC =   5.00000      NEW TRIANG MATRIX

 *** LOAD STEP     3   SUBSTEP    72  COMPLETED.    CUM ITER =    133
 *** TIME =   660.000         TIME INC =   5.00000      NEW TRIANG MATRIX

 *** LOAD STEP     3   SUBSTEP    73  COMPLETED.    CUM ITER =    134
 *** TIME =   665.000         TIME INC =   5.00000      NEW TRIANG MATRIX

 *** LOAD STEP     3   SUBSTEP    74  COMPLETED.    CUM ITER =    135
 *** TIME =   670.000         TIME INC =   5.00000      NEW TRIANG MATRIX

 *** LOAD STEP     3   SUBSTEP    75  COMPLETED.    CUM ITER =    136
 *** TIME =   675.000         TIME INC =   5.00000      NEW TRIANG MATRIX

 *** LOAD STEP     3   SUBSTEP    76  COMPLETED.    CUM ITER =    137
 *** TIME =   680.000         TIME INC =   5.00000      NEW TRIANG MATRIX

 *** LOAD STEP     3   SUBSTEP    77  COMPLETED.    CUM ITER =    138
 *** TIME =   685.000         TIME INC =   5.00000      NEW TRIANG MATRIX

 *** LOAD STEP     3   SUBSTEP    78  COMPLETED.    CUM ITER =    139
 *** TIME =   690.000         TIME INC =   5.00000      NEW TRIANG MATRIX

 *** LOAD STEP     3   SUBSTEP    79  COMPLETED.    CUM ITER =    140
 *** TIME =   695.000         TIME INC =   5.00000      NEW TRIANG MATRIX

 *** LOAD STEP     3   SUBSTEP    80  COMPLETED.    CUM ITER =    141
 *** TIME =   700.000         TIME INC =   5.00000      NEW TRIANG MATRIX

 *** LOAD STEP     3   SUBSTEP    81  COMPLETED.    CUM ITER =    142
 *** TIME =   705.000         TIME INC =   5.00000      NEW TRIANG MATRIX

 *** LOAD STEP     3   SUBSTEP    82  COMPLETED.    CUM ITER =    143
 *** TIME =   710.000         TIME INC =   5.00000      NEW TRIANG MATRIX

 *** LOAD STEP     3   SUBSTEP    83  COMPLETED.    CUM ITER =    144
 *** TIME =   715.000         TIME INC =   5.00000      NEW TRIANG MATRIX

 *** LOAD STEP     3   SUBSTEP    84  COMPLETED.    CUM ITER =    145
 *** TIME =   720.000         TIME INC =   5.00000      NEW TRIANG MATRIX

 *** LOAD STEP     3   SUBSTEP    85  COMPLETED.    CUM ITER =    146
 *** TIME =   725.000         TIME INC =   5.00000      NEW TRIANG MATRIX

 *** LOAD STEP     3   SUBSTEP    86  COMPLETED.    CUM ITER =    147
 *** TIME =   730.000         TIME INC =   5.00000      NEW TRIANG MATRIX

 *** LOAD STEP     3   SUBSTEP    87  COMPLETED.    CUM ITER =    148
 *** TIME =   735.000         TIME INC =   5.00000      NEW TRIANG MATRIX

 *** LOAD STEP     3   SUBSTEP    88  COMPLETED.    CUM ITER =    149
 *** TIME =   740.000         TIME INC =   5.00000      NEW TRIANG MATRIX

 *** LOAD STEP     3   SUBSTEP    89  COMPLETED.    CUM ITER =    150
 *** TIME =   745.000         TIME INC =   5.00000      NEW TRIANG MATRIX

 *** LOAD STEP     3   SUBSTEP    90  COMPLETED.    CUM ITER =    151
 *** TIME =   750.000         TIME INC =   5.00000      NEW TRIANG MATRIX

 *** LOAD STEP     3   SUBSTEP    91  COMPLETED.    CUM ITER =    152
 *** TIME =   755.000         TIME INC =   5.00000      NEW TRIANG MATRIX

 *** LOAD STEP     3   SUBSTEP    92  COMPLETED.    CUM ITER =    153
 *** TIME =   760.000         TIME INC =   5.00000      NEW TRIANG MATRIX

 *** LOAD STEP     3   SUBSTEP    93  COMPLETED.    CUM ITER =    154
 *** TIME =   765.000         TIME INC =   5.00000      NEW TRIANG MATRIX

 *** LOAD STEP     3   SUBSTEP    94  COMPLETED.    CUM ITER =    155
 *** TIME =   770.000         TIME INC =   5.00000      NEW TRIANG MATRIX

 *** LOAD STEP     3   SUBSTEP    95  COMPLETED.    CUM ITER =    156
 *** TIME =   775.000         TIME INC =   5.00000      NEW TRIANG MATRIX

 *** LOAD STEP     3   SUBSTEP    96  COMPLETED.    CUM ITER =    157
 *** TIME =   780.000         TIME INC =   5.00000      NEW TRIANG MATRIX

 *** LOAD STEP     3   SUBSTEP    97  COMPLETED.    CUM ITER =    158
 *** TIME =   785.000         TIME INC =   5.00000      NEW TRIANG MATRIX

 *** LOAD STEP     3   SUBSTEP    98  COMPLETED.    CUM ITER =    159
 *** TIME =   790.000         TIME INC =   5.00000      NEW TRIANG MATRIX

 *** LOAD STEP     3   SUBSTEP    99  COMPLETED.    CUM ITER =    160
 *** TIME =   795.000         TIME INC =   5.00000      NEW TRIANG MATRIX

 *** LOAD STEP     3   SUBSTEP   100  COMPLETED.    CUM ITER =    161
 *** TIME =   800.000         TIME INC =   5.00000      NEW TRIANG MATRIX

 *** LOAD STEP     3   SUBSTEP   101  COMPLETED.    CUM ITER =    162
 *** TIME =   805.000         TIME INC =   5.00000      NEW TRIANG MATRIX

 *** LOAD STEP     3   SUBSTEP   102  COMPLETED.    CUM ITER =    163
 *** TIME =   810.000         TIME INC =   5.00000      NEW TRIANG MATRIX

 *** LOAD STEP     3   SUBSTEP   103  COMPLETED.    CUM ITER =    164
 *** TIME =   815.000         TIME INC =   5.00000      NEW TRIANG MATRIX

 *** LOAD STEP     3   SUBSTEP   104  COMPLETED.    CUM ITER =    165
 *** TIME =   820.000         TIME INC =   5.00000      NEW TRIANG MATRIX

 *** LOAD STEP     3   SUBSTEP   105  COMPLETED.    CUM ITER =    166
 *** TIME =   825.000         TIME INC =   5.00000      NEW TRIANG MATRIX

 *** LOAD STEP     3   SUBSTEP   106  COMPLETED.    CUM ITER =    167
 *** TIME =   830.000         TIME INC =   5.00000      NEW TRIANG MATRIX

 *** LOAD STEP     3   SUBSTEP   107  COMPLETED.    CUM ITER =    168
 *** TIME =   835.000         TIME INC =   5.00000      NEW TRIANG MATRIX

 *** LOAD STEP     3   SUBSTEP   108  COMPLETED.    CUM ITER =    169
 *** TIME =   840.000         TIME INC =   5.00000      NEW TRIANG MATRIX

 *** LOAD STEP     3   SUBSTEP   109  COMPLETED.    CUM ITER =    170
 *** TIME =   845.000         TIME INC =   5.00000      NEW TRIANG MATRIX

 *** LOAD STEP     3   SUBSTEP   110  COMPLETED.    CUM ITER =    171
 *** TIME =   850.000         TIME INC =   5.00000      NEW TRIANG MATRIX

 *** LOAD STEP     3   SUBSTEP   111  COMPLETED.    CUM ITER =    172
 *** TIME =   855.000         TIME INC =   5.00000      NEW TRIANG MATRIX

 *** LOAD STEP     3   SUBSTEP   112  COMPLETED.    CUM ITER =    173
 *** TIME =   860.000         TIME INC =   5.00000      NEW TRIANG MATRIX

 *** LOAD STEP     3   SUBSTEP   113  COMPLETED.    CUM ITER =    174
 *** TIME =   865.000         TIME INC =   5.00000      NEW TRIANG MATRIX

 *** LOAD STEP     3   SUBSTEP   114  COMPLETED.    CUM ITER =    175
 *** TIME =   870.000         TIME INC =   5.00000      NEW TRIANG MATRIX

 *** LOAD STEP     3   SUBSTEP   115  COMPLETED.    CUM ITER =    176
 *** TIME =   875.000         TIME INC =   5.00000      NEW TRIANG MATRIX

 *** LOAD STEP     3   SUBSTEP   116  COMPLETED.    CUM ITER =    177
 *** TIME =   880.000         TIME INC =   5.00000      NEW TRIANG MATRIX

 *** LOAD STEP     3   SUBSTEP   117  COMPLETED.    CUM ITER =    178
 *** TIME =   885.000         TIME INC =   5.00000      NEW TRIANG MATRIX

 *** LOAD STEP     3   SUBSTEP   118  COMPLETED.    CUM ITER =    179
 *** TIME =   890.000         TIME INC =   5.00000      NEW TRIANG MATRIX

 *** LOAD STEP     3   SUBSTEP   119  COMPLETED.    CUM ITER =    180
 *** TIME =   895.000         TIME INC =   5.00000      NEW TRIANG MATRIX

 *** LOAD STEP     3   SUBSTEP   120  COMPLETED.    CUM ITER =    181
 *** TIME =   900.000         TIME INC =   5.00000      NEW TRIANG MATRIX

 SELECT       FOR ITEM=NODE COMPONENT=    
  IN RANGE         1 TO          4 STEP          1

          4  NODES (OF        260  DEFINED) SELECTED BY  NSEL  COMMAND.

 GENERATE SURFACE LOAD CONV ON SURFACE DEFINED BY ALL SELECTED NODES
 VALUES=  5.00000000      20.0000000    

 NUMBER OF CONV ELEMENT FACE LOADS STORED =          1

 SELECT       FOR ITEM=NODE COMPONENT=    
  IN RANGE       257 TO        260 STEP          1

          4  NODES (OF        260  DEFINED) SELECTED BY  NSEL  COMMAND.

 GENERATE SURFACE LOAD CONV ON SURFACE DEFINED BY ALL SELECTED NODES
 VALUES=  5.00000000      20.0000000    

 NUMBER OF CONV ELEMENT FACE LOADS STORED =          1

 SELECT ALL ENTITIES OF TYPE= ALL  AND BELOW

 TIME=  1200.0    

 USE INITIAL TIME STEP SIZE OF  5.000000     FOR ALL  DEGREES OF FREEDOM
 FOR AUTOMATIC TIME STEPPING:
   USE  5.000000     AS THE MINIMUM TIME STEP SIZE
   USE  5.000000     AS THE MAXIMUM TIME STEP SIZE
   USE THE FINAL TIME STEP SIZE OF THE PREVIOUS LOAD STEP
     AS THE STARTING TIME STEP SIZE.

 *****  MAPDL SOLVE    COMMAND  *****

 *** MAPDL - ENGINEERING ANALYSIS SYSTEM  RELEASE 2026 R1          26.1     ***
 Ansys Mechanical Enterprise Academic Student      
 01055371  VERSION=WINDOWS x64   21:01:57  SEP 14, 2026 Elapsed Time=      8.954

 Stage 10 plane-wall discretization verification                               



                      L O A D   S T E P   O P T I O N S

   LOAD STEP NUMBER. . . . . . . . . . . . . . . .     4
   TIME AT END OF THE LOAD STEP. . . . . . . . . .  1200.0    
   TIME STEP SIZE. . . . . . . . . . . . . . . . .  5.0000    
   STEP CHANGE BOUNDARY CONDITIONS . . . . . . . .    NO
   TRANSIENT (INERTIA) EFFECTS
      THERMAL DOFS . . . . . . . . . . . . . . . .    ON
   TRANSIENT INTEGRATION PARAMETERS
      THETA. . . . . . . . . . . . . . . . . . . .  1.0000    
      OSCILLATION LIMIT CRITERION. . . . . . . . . 0.50000    
      TOLERANCE. . . . . . . . . . . . . . . . . .  0.0000    
   PRINT OUTPUT CONTROLS . . . . . . . . . . . . .NO PRINTOUT
   DATABASE OUTPUT CONTROLS
      ITEM     FREQUENCY   COMPONENT
      NSOL      TS                                                                                                                                                                                                                                                              


 SOLUTION MONITORING INFO IS WRITTEN TO FILE= stage10_thermal.mntr                                                                                                                                                                                                                                                

 *** LOAD STEP     4   SUBSTEP     1  COMPLETED.    CUM ITER =    182
 *** TIME =   905.000         TIME INC =   5.00000      NEW TRIANG MATRIX

 *** LOAD STEP     4   SUBSTEP     2  COMPLETED.    CUM ITER =    183
 *** TIME =   910.000         TIME INC =   5.00000      NEW TRIANG MATRIX

 *** LOAD STEP     4   SUBSTEP     3  COMPLETED.    CUM ITER =    184
 *** TIME =   915.000         TIME INC =   5.00000      NEW TRIANG MATRIX

 *** LOAD STEP     4   SUBSTEP     4  COMPLETED.    CUM ITER =    185
 *** TIME =   920.000         TIME INC =   5.00000      NEW TRIANG MATRIX

 *** LOAD STEP     4   SUBSTEP     5  COMPLETED.    CUM ITER =    186
 *** TIME =   925.000         TIME INC =   5.00000      NEW TRIANG MATRIX

 *** LOAD STEP     4   SUBSTEP     6  COMPLETED.    CUM ITER =    187
 *** TIME =   930.000         TIME INC =   5.00000      NEW TRIANG MATRIX

 *** LOAD STEP     4   SUBSTEP     7  COMPLETED.    CUM ITER =    188
 *** TIME =   935.000         TIME INC =   5.00000      NEW TRIANG MATRIX

 *** LOAD STEP     4   SUBSTEP     8  COMPLETED.    CUM ITER =    189
 *** TIME =   940.000         TIME INC =   5.00000      NEW TRIANG MATRIX

 *** LOAD STEP     4   SUBSTEP     9  COMPLETED.    CUM ITER =    190
 *** TIME =   945.000         TIME INC =   5.00000      NEW TRIANG MATRIX

 *** LOAD STEP     4   SUBSTEP    10  COMPLETED.    CUM ITER =    191
 *** TIME =   950.000         TIME INC =   5.00000      NEW TRIANG MATRIX

 *** LOAD STEP     4   SUBSTEP    11  COMPLETED.    CUM ITER =    192
 *** TIME =   955.000         TIME INC =   5.00000      NEW TRIANG MATRIX

 *** LOAD STEP     4   SUBSTEP    12  COMPLETED.    CUM ITER =    193
 *** TIME =   960.000         TIME INC =   5.00000      NEW TRIANG MATRIX

 *** LOAD STEP     4   SUBSTEP    13  COMPLETED.    CUM ITER =    194
 *** TIME =   965.000         TIME INC =   5.00000      NEW TRIANG MATRIX

 *** LOAD STEP     4   SUBSTEP    14  COMPLETED.    CUM ITER =    195
 *** TIME =   970.000         TIME INC =   5.00000      NEW TRIANG MATRIX

 *** LOAD STEP     4   SUBSTEP    15  COMPLETED.    CUM ITER =    196
 *** TIME =   975.000         TIME INC =   5.00000      NEW TRIANG MATRIX

 *** LOAD STEP     4   SUBSTEP    16  COMPLETED.    CUM ITER =    197
 *** TIME =   980.000         TIME INC =   5.00000      NEW TRIANG MATRIX

 *** LOAD STEP     4   SUBSTEP    17  COMPLETED.    CUM ITER =    198
 *** TIME =   985.000         TIME INC =   5.00000      NEW TRIANG MATRIX

 *** LOAD STEP     4   SUBSTEP    18  COMPLETED.    CUM ITER =    199
 *** TIME =   990.000         TIME INC =   5.00000      NEW TRIANG MATRIX

 *** LOAD STEP     4   SUBSTEP    19  COMPLETED.    CUM ITER =    200
 *** TIME =   995.000         TIME INC =   5.00000      NEW TRIANG MATRIX

 *** LOAD STEP     4   SUBSTEP    20  COMPLETED.    CUM ITER =    201
 *** TIME =   1000.00         TIME INC =   5.00000      NEW TRIANG MATRIX

 *** LOAD STEP     4   SUBSTEP    21  COMPLETED.    CUM ITER =    202
 *** TIME =   1005.00         TIME INC =   5.00000      NEW TRIANG MATRIX

 *** LOAD STEP     4   SUBSTEP    22  COMPLETED.    CUM ITER =    203
 *** TIME =   1010.00         TIME INC =   5.00000      NEW TRIANG MATRIX

 *** LOAD STEP     4   SUBSTEP    23  COMPLETED.    CUM ITER =    204
 *** TIME =   1015.00         TIME INC =   5.00000      NEW TRIANG MATRIX

 *** LOAD STEP     4   SUBSTEP    24  COMPLETED.    CUM ITER =    205
 *** TIME =   1020.00         TIME INC =   5.00000      NEW TRIANG MATRIX

 *** LOAD STEP     4   SUBSTEP    25  COMPLETED.    CUM ITER =    206
 *** TIME =   1025.00         TIME INC =   5.00000      NEW TRIANG MATRIX

 *** LOAD STEP     4   SUBSTEP    26  COMPLETED.    CUM ITER =    207
 *** TIME =   1030.00         TIME INC =   5.00000      NEW TRIANG MATRIX

 *** LOAD STEP     4   SUBSTEP    27  COMPLETED.    CUM ITER =    208
 *** TIME =   1035.00         TIME INC =   5.00000      NEW TRIANG MATRIX

 *** LOAD STEP     4   SUBSTEP    28  COMPLETED.    CUM ITER =    209
 *** TIME =   1040.00         TIME INC =   5.00000      NEW TRIANG MATRIX

 *** LOAD STEP     4   SUBSTEP    29  COMPLETED.    CUM ITER =    210
 *** TIME =   1045.00         TIME INC =   5.00000      NEW TRIANG MATRIX

 *** LOAD STEP     4   SUBSTEP    30  COMPLETED.    CUM ITER =    211
 *** TIME =   1050.00         TIME INC =   5.00000      NEW TRIANG MATRIX

 *** LOAD STEP     4   SUBSTEP    31  COMPLETED.    CUM ITER =    212
 *** TIME =   1055.00         TIME INC =   5.00000      NEW TRIANG MATRIX

 *** LOAD STEP     4   SUBSTEP    32  COMPLETED.    CUM ITER =    213
 *** TIME =   1060.00         TIME INC =   5.00000      NEW TRIANG MATRIX

 *** LOAD STEP     4   SUBSTEP    33  COMPLETED.    CUM ITER =    214
 *** TIME =   1065.00         TIME INC =   5.00000      NEW TRIANG MATRIX

 *** LOAD STEP     4   SUBSTEP    34  COMPLETED.    CUM ITER =    215
 *** TIME =   1070.00         TIME INC =   5.00000      NEW TRIANG MATRIX

 *** LOAD STEP     4   SUBSTEP    35  COMPLETED.    CUM ITER =    216
 *** TIME =   1075.00         TIME INC =   5.00000      NEW TRIANG MATRIX

 *** LOAD STEP     4   SUBSTEP    36  COMPLETED.    CUM ITER =    217
 *** TIME =   1080.00         TIME INC =   5.00000      NEW TRIANG MATRIX

 *** LOAD STEP     4   SUBSTEP    37  COMPLETED.    CUM ITER =    218
 *** TIME =   1085.00         TIME INC =   5.00000      NEW TRIANG MATRIX

 *** LOAD STEP     4   SUBSTEP    38  COMPLETED.    CUM ITER =    219
 *** TIME =   1090.00         TIME INC =   5.00000      NEW TRIANG MATRIX

 *** LOAD STEP     4   SUBSTEP    39  COMPLETED.    CUM ITER =    220
 *** TIME =   1095.00         TIME INC =   5.00000      NEW TRIANG MATRIX

 *** LOAD STEP     4   SUBSTEP    40  COMPLETED.    CUM ITER =    221
 *** TIME =   1100.00         TIME INC =   5.00000      NEW TRIANG MATRIX

 *** LOAD STEP     4   SUBSTEP    41  COMPLETED.    CUM ITER =    222
 *** TIME =   1105.00         TIME INC =   5.00000      NEW TRIANG MATRIX

 *** LOAD STEP     4   SUBSTEP    42  COMPLETED.    CUM ITER =    223
 *** TIME =   1110.00         TIME INC =   5.00000      NEW TRIANG MATRIX

 *** LOAD STEP     4   SUBSTEP    43  COMPLETED.    CUM ITER =    224
 *** TIME =   1115.00         TIME INC =   5.00000      NEW TRIANG MATRIX

 *** LOAD STEP     4   SUBSTEP    44  COMPLETED.    CUM ITER =    225
 *** TIME =   1120.00         TIME INC =   5.00000      NEW TRIANG MATRIX

 *** LOAD STEP     4   SUBSTEP    45  COMPLETED.    CUM ITER =    226
 *** TIME =   1125.00         TIME INC =   5.00000      NEW TRIANG MATRIX

 *** LOAD STEP     4   SUBSTEP    46  COMPLETED.    CUM ITER =    227
 *** TIME =   1130.00         TIME INC =   5.00000      NEW TRIANG MATRIX

 *** LOAD STEP     4   SUBSTEP    47  COMPLETED.    CUM ITER =    228
 *** TIME =   1135.00         TIME INC =   5.00000      NEW TRIANG MATRIX

 *** LOAD STEP     4   SUBSTEP    48  COMPLETED.    CUM ITER =    229
 *** TIME =   1140.00         TIME INC =   5.00000      NEW TRIANG MATRIX

 *** LOAD STEP     4   SUBSTEP    49  COMPLETED.    CUM ITER =    230
 *** TIME =   1145.00         TIME INC =   5.00000      NEW TRIANG MATRIX

 *** LOAD STEP     4   SUBSTEP    50  COMPLETED.    CUM ITER =    231
 *** TIME =   1150.00         TIME INC =   5.00000      NEW TRIANG MATRIX

 *** LOAD STEP     4   SUBSTEP    51  COMPLETED.    CUM ITER =    232
 *** TIME =   1155.00         TIME INC =   5.00000      NEW TRIANG MATRIX

 *** LOAD STEP     4   SUBSTEP    52  COMPLETED.    CUM ITER =    233
 *** TIME =   1160.00         TIME INC =   5.00000      NEW TRIANG MATRIX

 *** LOAD STEP     4   SUBSTEP    53  COMPLETED.    CUM ITER =    234
 *** TIME =   1165.00         TIME INC =   5.00000      NEW TRIANG MATRIX

 *** LOAD STEP     4   SUBSTEP    54  COMPLETED.    CUM ITER =    235
 *** TIME =   1170.00         TIME INC =   5.00000      NEW TRIANG MATRIX

 *** LOAD STEP     4   SUBSTEP    55  COMPLETED.    CUM ITER =    236
 *** TIME =   1175.00         TIME INC =   5.00000      NEW TRIANG MATRIX

 *** LOAD STEP     4   SUBSTEP    56  COMPLETED.    CUM ITER =    237
 *** TIME =   1180.00         TIME INC =   5.00000      NEW TRIANG MATRIX

 *** LOAD STEP     4   SUBSTEP    57  COMPLETED.    CUM ITER =    238
 *** TIME =   1185.00         TIME INC =   5.00000      NEW TRIANG MATRIX

 *** LOAD STEP     4   SUBSTEP    58  COMPLETED.    CUM ITER =    239
 *** TIME =   1190.00         TIME INC =   5.00000      NEW TRIANG MATRIX

 *** LOAD STEP     4   SUBSTEP    59  COMPLETED.    CUM ITER =    240
 *** TIME =   1195.00         TIME INC =   5.00000      NEW TRIANG MATRIX

 *** LOAD STEP     4   SUBSTEP    60  COMPLETED.    CUM ITER =    241
 *** TIME =   1200.00         TIME INC =   5.00000      NEW TRIANG MATRIX

 SELECT       FOR ITEM=NODE COMPONENT=    
  IN RANGE         1 TO          4 STEP          1

          4  NODES (OF        260  DEFINED) SELECTED BY  NSEL  COMMAND.

 GENERATE SURFACE LOAD CONV ON SURFACE DEFINED BY ALL SELECTED NODES
 VALUES=  5.00000000      20.0000000    

 NUMBER OF CONV ELEMENT FACE LOADS STORED =          1

 SELECT       FOR ITEM=NODE COMPONENT=    
  IN RANGE       257 TO        260 STEP          1

          4  NODES (OF        260  DEFINED) SELECTED BY  NSEL  COMMAND.

 GENERATE SURFACE LOAD CONV ON SURFACE DEFINED BY ALL SELECTED NODES
 VALUES=  5.00000000      20.0000000    

 NUMBER OF CONV ELEMENT FACE LOADS STORED =          1

 SELECT ALL ENTITIES OF TYPE= ALL  AND BELOW

 TIME=  1800.0    

 USE INITIAL TIME STEP SIZE OF  5.000000     FOR ALL  DEGREES OF FREEDOM
 FOR AUTOMATIC TIME STEPPING:
   USE  5.000000     AS THE MINIMUM TIME STEP SIZE
   USE  5.000000     AS THE MAXIMUM TIME STEP SIZE
   USE THE FINAL TIME STEP SIZE OF THE PREVIOUS LOAD STEP
     AS THE STARTING TIME STEP SIZE.

 *****  MAPDL SOLVE    COMMAND  *****

 *** MAPDL - ENGINEERING ANALYSIS SYSTEM  RELEASE 2026 R1          26.1     ***
 Ansys Mechanical Enterprise Academic Student      
 01055371  VERSION=WINDOWS x64   21:01:58  SEP 14, 2026 Elapsed Time=      9.837

 Stage 10 plane-wall discretization verification                               



                      L O A D   S T E P   O P T I O N S

   LOAD STEP NUMBER. . . . . . . . . . . . . . . .     5
   TIME AT END OF THE LOAD STEP. . . . . . . . . .  1800.0    
   TIME STEP SIZE. . . . . . . . . . . . . . . . .  5.0000    
   STEP CHANGE BOUNDARY CONDITIONS . . . . . . . .    NO
   TRANSIENT (INERTIA) EFFECTS
      THERMAL DOFS . . . . . . . . . . . . . . . .    ON
   TRANSIENT INTEGRATION PARAMETERS
      THETA. . . . . . . . . . . . . . . . . . . .  1.0000    
      OSCILLATION LIMIT CRITERION. . . . . . . . . 0.50000    
      TOLERANCE. . . . . . . . . . . . . . . . . .  0.0000    
   PRINT OUTPUT CONTROLS . . . . . . . . . . . . .NO PRINTOUT
   DATABASE OUTPUT CONTROLS
      ITEM     FREQUENCY   COMPONENT
      NSOL      TS                                                                                                                                                                                                                                                              


 SOLUTION MONITORING INFO IS WRITTEN TO FILE= stage10_thermal.mntr                                                                                                                                                                                                                                                

 *** LOAD STEP     5   SUBSTEP     1  COMPLETED.    CUM ITER =    242
 *** TIME =   1205.00         TIME INC =   5.00000      NEW TRIANG MATRIX

 *** LOAD STEP     5   SUBSTEP     2  COMPLETED.    CUM ITER =    243
 *** TIME =   1210.00         TIME INC =   5.00000      NEW TRIANG MATRIX

 *** LOAD STEP     5   SUBSTEP     3  COMPLETED.    CUM ITER =    244
 *** TIME =   1215.00         TIME INC =   5.00000      NEW TRIANG MATRIX

 *** LOAD STEP     5   SUBSTEP     4  COMPLETED.    CUM ITER =    245
 *** TIME =   1220.00         TIME INC =   5.00000      NEW TRIANG MATRIX

 *** LOAD STEP     5   SUBSTEP     5  COMPLETED.    CUM ITER =    246
 *** TIME =   1225.00         TIME INC =   5.00000      NEW TRIANG MATRIX

 *** LOAD STEP     5   SUBSTEP     6  COMPLETED.    CUM ITER =    247
 *** TIME =   1230.00         TIME INC =   5.00000      NEW TRIANG MATRIX

 *** LOAD STEP     5   SUBSTEP     7  COMPLETED.    CUM ITER =    248
 *** TIME =   1235.00         TIME INC =   5.00000      NEW TRIANG MATRIX

 *** LOAD STEP     5   SUBSTEP     8  COMPLETED.    CUM ITER =    249
 *** TIME =   1240.00         TIME INC =   5.00000      NEW TRIANG MATRIX

 *** LOAD STEP     5   SUBSTEP     9  COMPLETED.    CUM ITER =    250
 *** TIME =   1245.00         TIME INC =   5.00000      NEW TRIANG MATRIX

 *** LOAD STEP     5   SUBSTEP    10  COMPLETED.    CUM ITER =    251
 *** TIME =   1250.00         TIME INC =   5.00000      NEW TRIANG MATRIX

 *** LOAD STEP     5   SUBSTEP    11  COMPLETED.    CUM ITER =    252
 *** TIME =   1255.00         TIME INC =   5.00000      NEW TRIANG MATRIX

 *** LOAD STEP     5   SUBSTEP    12  COMPLETED.    CUM ITER =    253
 *** TIME =   1260.00         TIME INC =   5.00000      NEW TRIANG MATRIX

 *** LOAD STEP     5   SUBSTEP    13  COMPLETED.    CUM ITER =    254
 *** TIME =   1265.00         TIME INC =   5.00000      NEW TRIANG MATRIX

 *** LOAD STEP     5   SUBSTEP    14  COMPLETED.    CUM ITER =    255
 *** TIME =   1270.00         TIME INC =   5.00000      NEW TRIANG MATRIX

 *** LOAD STEP     5   SUBSTEP    15  COMPLETED.    CUM ITER =    256
 *** TIME =   1275.00         TIME INC =   5.00000      NEW TRIANG MATRIX

 *** LOAD STEP     5   SUBSTEP    16  COMPLETED.    CUM ITER =    257
 *** TIME =   1280.00         TIME INC =   5.00000      NEW TRIANG MATRIX

 *** LOAD STEP     5   SUBSTEP    17  COMPLETED.    CUM ITER =    258
 *** TIME =   1285.00         TIME INC =   5.00000      NEW TRIANG MATRIX

 *** LOAD STEP     5   SUBSTEP    18  COMPLETED.    CUM ITER =    259
 *** TIME =   1290.00         TIME INC =   5.00000      NEW TRIANG MATRIX

 *** LOAD STEP     5   SUBSTEP    19  COMPLETED.    CUM ITER =    260
 *** TIME =   1295.00         TIME INC =   5.00000      NEW TRIANG MATRIX

 *** LOAD STEP     5   SUBSTEP    20  COMPLETED.    CUM ITER =    261
 *** TIME =   1300.00         TIME INC =   5.00000      NEW TRIANG MATRIX

 *** LOAD STEP     5   SUBSTEP    21  COMPLETED.    CUM ITER =    262
 *** TIME =   1305.00         TIME INC =   5.00000      NEW TRIANG MATRIX

 *** LOAD STEP     5   SUBSTEP    22  COMPLETED.    CUM ITER =    263
 *** TIME =   1310.00         TIME INC =   5.00000      NEW TRIANG MATRIX

 *** LOAD STEP     5   SUBSTEP    23  COMPLETED.    CUM ITER =    264
 *** TIME =   1315.00         TIME INC =   5.00000      NEW TRIANG MATRIX

 *** LOAD STEP     5   SUBSTEP    24  COMPLETED.    CUM ITER =    265
 *** TIME =   1320.00         TIME INC =   5.00000      NEW TRIANG MATRIX

 *** LOAD STEP     5   SUBSTEP    25  COMPLETED.    CUM ITER =    266
 *** TIME =   1325.00         TIME INC =   5.00000      NEW TRIANG MATRIX

 *** LOAD STEP     5   SUBSTEP    26  COMPLETED.    CUM ITER =    267
 *** TIME =   1330.00         TIME INC =   5.00000      NEW TRIANG MATRIX

 *** LOAD STEP     5   SUBSTEP    27  COMPLETED.    CUM ITER =    268
 *** TIME =   1335.00         TIME INC =   5.00000      NEW TRIANG MATRIX

 *** LOAD STEP     5   SUBSTEP    28  COMPLETED.    CUM ITER =    269
 *** TIME =   1340.00         TIME INC =   5.00000      NEW TRIANG MATRIX

 *** LOAD STEP     5   SUBSTEP    29  COMPLETED.    CUM ITER =    270
 *** TIME =   1345.00         TIME INC =   5.00000      NEW TRIANG MATRIX

 *** LOAD STEP     5   SUBSTEP    30  COMPLETED.    CUM ITER =    271
 *** TIME =   1350.00         TIME INC =   5.00000      NEW TRIANG MATRIX

 *** LOAD STEP     5   SUBSTEP    31  COMPLETED.    CUM ITER =    272
 *** TIME =   1355.00         TIME INC =   5.00000      NEW TRIANG MATRIX

 *** LOAD STEP     5   SUBSTEP    32  COMPLETED.    CUM ITER =    273
 *** TIME =   1360.00         TIME INC =   5.00000      NEW TRIANG MATRIX

 *** LOAD STEP     5   SUBSTEP    33  COMPLETED.    CUM ITER =    274
 *** TIME =   1365.00         TIME INC =   5.00000      NEW TRIANG MATRIX

 *** LOAD STEP     5   SUBSTEP    34  COMPLETED.    CUM ITER =    275
 *** TIME =   1370.00         TIME INC =   5.00000      NEW TRIANG MATRIX

 *** LOAD STEP     5   SUBSTEP    35  COMPLETED.    CUM ITER =    276
 *** TIME =   1375.00         TIME INC =   5.00000      NEW TRIANG MATRIX

 *** LOAD STEP     5   SUBSTEP    36  COMPLETED.    CUM ITER =    277
 *** TIME =   1380.00         TIME INC =   5.00000      NEW TRIANG MATRIX

 *** LOAD STEP     5   SUBSTEP    37  COMPLETED.    CUM ITER =    278
 *** TIME =   1385.00         TIME INC =   5.00000      NEW TRIANG MATRIX

 *** LOAD STEP     5   SUBSTEP    38  COMPLETED.    CUM ITER =    279
 *** TIME =   1390.00         TIME INC =   5.00000      NEW TRIANG MATRIX

 *** LOAD STEP     5   SUBSTEP    39  COMPLETED.    CUM ITER =    280
 *** TIME =   1395.00         TIME INC =   5.00000      NEW TRIANG MATRIX

 *** LOAD STEP     5   SUBSTEP    40  COMPLETED.    CUM ITER =    281
 *** TIME =   1400.00         TIME INC =   5.00000      NEW TRIANG MATRIX

 *** LOAD STEP     5   SUBSTEP    41  COMPLETED.    CUM ITER =    282
 *** TIME =   1405.00         TIME INC =   5.00000      NEW TRIANG MATRIX

 *** LOAD STEP     5   SUBSTEP    42  COMPLETED.    CUM ITER =    283
 *** TIME =   1410.00         TIME INC =   5.00000      NEW TRIANG MATRIX

 *** LOAD STEP     5   SUBSTEP    43  COMPLETED.    CUM ITER =    284
 *** TIME =   1415.00         TIME INC =   5.00000      NEW TRIANG MATRIX

 *** LOAD STEP     5   SUBSTEP    44  COMPLETED.    CUM ITER =    285
 *** TIME =   1420.00         TIME INC =   5.00000      NEW TRIANG MATRIX

 *** LOAD STEP     5   SUBSTEP    45  COMPLETED.    CUM ITER =    286
 *** TIME =   1425.00         TIME INC =   5.00000      NEW TRIANG MATRIX

 *** LOAD STEP     5   SUBSTEP    46  COMPLETED.    CUM ITER =    287
 *** TIME =   1430.00         TIME INC =   5.00000      NEW TRIANG MATRIX

 *** LOAD STEP     5   SUBSTEP    47  COMPLETED.    CUM ITER =    288
 *** TIME =   1435.00         TIME INC =   5.00000      NEW TRIANG MATRIX

 *** LOAD STEP     5   SUBSTEP    48  COMPLETED.    CUM ITER =    289
 *** TIME =   1440.00         TIME INC =   5.00000      NEW TRIANG MATRIX

 *** LOAD STEP     5   SUBSTEP    49  COMPLETED.    CUM ITER =    290
 *** TIME =   1445.00         TIME INC =   5.00000      NEW TRIANG MATRIX

 *** LOAD STEP     5   SUBSTEP    50  COMPLETED.    CUM ITER =    291
 *** TIME =   1450.00         TIME INC =   5.00000      NEW TRIANG MATRIX

 *** LOAD STEP     5   SUBSTEP    51  COMPLETED.    CUM ITER =    292
 *** TIME =   1455.00         TIME INC =   5.00000      NEW TRIANG MATRIX

 *** LOAD STEP     5   SUBSTEP    52  COMPLETED.    CUM ITER =    293
 *** TIME =   1460.00         TIME INC =   5.00000      NEW TRIANG MATRIX

 *** LOAD STEP     5   SUBSTEP    53  COMPLETED.    CUM ITER =    294
 *** TIME =   1465.00         TIME INC =   5.00000      NEW TRIANG MATRIX

 *** LOAD STEP     5   SUBSTEP    54  COMPLETED.    CUM ITER =    295
 *** TIME =   1470.00         TIME INC =   5.00000      NEW TRIANG MATRIX

 *** LOAD STEP     5   SUBSTEP    55  COMPLETED.    CUM ITER =    296
 *** TIME =   1475.00         TIME INC =   5.00000      NEW TRIANG MATRIX

 *** LOAD STEP     5   SUBSTEP    56  COMPLETED.    CUM ITER =    297
 *** TIME =   1480.00         TIME INC =   5.00000      NEW TRIANG MATRIX

 *** LOAD STEP     5   SUBSTEP    57  COMPLETED.    CUM ITER =    298
 *** TIME =   1485.00         TIME INC =   5.00000      NEW TRIANG MATRIX

 *** LOAD STEP     5   SUBSTEP    58  COMPLETED.    CUM ITER =    299
 *** TIME =   1490.00         TIME INC =   5.00000      NEW TRIANG MATRIX

 *** LOAD STEP     5   SUBSTEP    59  COMPLETED.    CUM ITER =    300
 *** TIME =   1495.00         TIME INC =   5.00000      NEW TRIANG MATRIX

 *** LOAD STEP     5   SUBSTEP    60  COMPLETED.    CUM ITER =    301
 *** TIME =   1500.00         TIME INC =   5.00000      NEW TRIANG MATRIX

 *** LOAD STEP     5   SUBSTEP    61  COMPLETED.    CUM ITER =    302
 *** TIME =   1505.00         TIME INC =   5.00000      NEW TRIANG MATRIX

 *** LOAD STEP     5   SUBSTEP    62  COMPLETED.    CUM ITER =    303
 *** TIME =   1510.00         TIME INC =   5.00000      NEW TRIANG MATRIX

 *** LOAD STEP     5   SUBSTEP    63  COMPLETED.    CUM ITER =    304
 *** TIME =   1515.00         TIME INC =   5.00000      NEW TRIANG MATRIX

 *** LOAD STEP     5   SUBSTEP    64  COMPLETED.    CUM ITER =    305
 *** TIME =   1520.00         TIME INC =   5.00000      NEW TRIANG MATRIX

 *** LOAD STEP     5   SUBSTEP    65  COMPLETED.    CUM ITER =    306
 *** TIME =   1525.00         TIME INC =   5.00000      NEW TRIANG MATRIX

 *** LOAD STEP     5   SUBSTEP    66  COMPLETED.    CUM ITER =    307
 *** TIME =   1530.00         TIME INC =   5.00000      NEW TRIANG MATRIX

 *** LOAD STEP     5   SUBSTEP    67  COMPLETED.    CUM ITER =    308
 *** TIME =   1535.00         TIME INC =   5.00000      NEW TRIANG MATRIX

 *** LOAD STEP     5   SUBSTEP    68  COMPLETED.    CUM ITER =    309
 *** TIME =   1540.00         TIME INC =   5.00000      NEW TRIANG MATRIX

 *** LOAD STEP     5   SUBSTEP    69  COMPLETED.    CUM ITER =    310
 *** TIME =   1545.00         TIME INC =   5.00000      NEW TRIANG MATRIX

 *** LOAD STEP     5   SUBSTEP    70  COMPLETED.    CUM ITER =    311
 *** TIME =   1550.00         TIME INC =   5.00000      NEW TRIANG MATRIX

 *** LOAD STEP     5   SUBSTEP    71  COMPLETED.    CUM ITER =    312
 *** TIME =   1555.00         TIME INC =   5.00000      NEW TRIANG MATRIX

 *** LOAD STEP     5   SUBSTEP    72  COMPLETED.    CUM ITER =    313
 *** TIME =   1560.00         TIME INC =   5.00000      NEW TRIANG MATRIX

 *** LOAD STEP     5   SUBSTEP    73  COMPLETED.    CUM ITER =    314
 *** TIME =   1565.00         TIME INC =   5.00000      NEW TRIANG MATRIX

 *** LOAD STEP     5   SUBSTEP    74  COMPLETED.    CUM ITER =    315
 *** TIME =   1570.00         TIME INC =   5.00000      NEW TRIANG MATRIX

 *** LOAD STEP     5   SUBSTEP    75  COMPLETED.    CUM ITER =    316
 *** TIME =   1575.00         TIME INC =   5.00000      NEW TRIANG MATRIX

 *** LOAD STEP     5   SUBSTEP    76  COMPLETED.    CUM ITER =    317
 *** TIME =   1580.00         TIME INC =   5.00000      NEW TRIANG MATRIX

 *** LOAD STEP     5   SUBSTEP    77  COMPLETED.    CUM ITER =    318
 *** TIME =   1585.00         TIME INC =   5.00000      NEW TRIANG MATRIX

 *** LOAD STEP     5   SUBSTEP    78  COMPLETED.    CUM ITER =    319
 *** TIME =   1590.00         TIME INC =   5.00000      NEW TRIANG MATRIX

 *** LOAD STEP     5   SUBSTEP    79  COMPLETED.    CUM ITER =    320
 *** TIME =   1595.00         TIME INC =   5.00000      NEW TRIANG MATRIX

 *** LOAD STEP     5   SUBSTEP    80  COMPLETED.    CUM ITER =    321
 *** TIME =   1600.00         TIME INC =   5.00000      NEW TRIANG MATRIX

 *** LOAD STEP     5   SUBSTEP    81  COMPLETED.    CUM ITER =    322
 *** TIME =   1605.00         TIME INC =   5.00000      NEW TRIANG MATRIX

 *** LOAD STEP     5   SUBSTEP    82  COMPLETED.    CUM ITER =    323
 *** TIME =   1610.00         TIME INC =   5.00000      NEW TRIANG MATRIX

 *** LOAD STEP     5   SUBSTEP    83  COMPLETED.    CUM ITER =    324
 *** TIME =   1615.00         TIME INC =   5.00000      NEW TRIANG MATRIX

 *** LOAD STEP     5   SUBSTEP    84  COMPLETED.    CUM ITER =    325
 *** TIME =   1620.00         TIME INC =   5.00000      NEW TRIANG MATRIX

 *** LOAD STEP     5   SUBSTEP    85  COMPLETED.    CUM ITER =    326
 *** TIME =   1625.00         TIME INC =   5.00000      NEW TRIANG MATRIX

 *** LOAD STEP     5   SUBSTEP    86  COMPLETED.    CUM ITER =    327
 *** TIME =   1630.00         TIME INC =   5.00000      NEW TRIANG MATRIX

 *** LOAD STEP     5   SUBSTEP    87  COMPLETED.    CUM ITER =    328
 *** TIME =   1635.00         TIME INC =   5.00000      NEW TRIANG MATRIX

 *** LOAD STEP     5   SUBSTEP    88  COMPLETED.    CUM ITER =    329
 *** TIME =   1640.00         TIME INC =   5.00000      NEW TRIANG MATRIX

 *** LOAD STEP     5   SUBSTEP    89  COMPLETED.    CUM ITER =    330
 *** TIME =   1645.00         TIME INC =   5.00000      NEW TRIANG MATRIX

 *** LOAD STEP     5   SUBSTEP    90  COMPLETED.    CUM ITER =    331
 *** TIME =   1650.00         TIME INC =   5.00000      NEW TRIANG MATRIX

 *** LOAD STEP     5   SUBSTEP    91  COMPLETED.    CUM ITER =    332
 *** TIME =   1655.00         TIME INC =   5.00000      NEW TRIANG MATRIX

 *** LOAD STEP     5   SUBSTEP    92  COMPLETED.    CUM ITER =    333
 *** TIME =   1660.00         TIME INC =   5.00000      NEW TRIANG MATRIX

 *** LOAD STEP     5   SUBSTEP    93  COMPLETED.    CUM ITER =    334
 *** TIME =   1665.00         TIME INC =   5.00000      NEW TRIANG MATRIX

 *** LOAD STEP     5   SUBSTEP    94  COMPLETED.    CUM ITER =    335
 *** TIME =   1670.00         TIME INC =   5.00000      NEW TRIANG MATRIX

 *** LOAD STEP     5   SUBSTEP    95  COMPLETED.    CUM ITER =    336
 *** TIME =   1675.00         TIME INC =   5.00000      NEW TRIANG MATRIX

 *** LOAD STEP     5   SUBSTEP    96  COMPLETED.    CUM ITER =    337
 *** TIME =   1680.00         TIME INC =   5.00000      NEW TRIANG MATRIX

 *** LOAD STEP     5   SUBSTEP    97  COMPLETED.    CUM ITER =    338
 *** TIME =   1685.00         TIME INC =   5.00000      NEW TRIANG MATRIX

 *** LOAD STEP     5   SUBSTEP    98  COMPLETED.    CUM ITER =    339
 *** TIME =   1690.00         TIME INC =   5.00000      NEW TRIANG MATRIX

 *** LOAD STEP     5   SUBSTEP    99  COMPLETED.    CUM ITER =    340
 *** TIME =   1695.00         TIME INC =   5.00000      NEW TRIANG MATRIX

 *** LOAD STEP     5   SUBSTEP   100  COMPLETED.    CUM ITER =    341
 *** TIME =   1700.00         TIME INC =   5.00000      NEW TRIANG MATRIX

 *** LOAD STEP     5   SUBSTEP   101  COMPLETED.    CUM ITER =    342
 *** TIME =   1705.00         TIME INC =   5.00000      NEW TRIANG MATRIX

 *** LOAD STEP     5   SUBSTEP   102  COMPLETED.    CUM ITER =    343
 *** TIME =   1710.00         TIME INC =   5.00000      NEW TRIANG MATRIX

 *** LOAD STEP     5   SUBSTEP   103  COMPLETED.    CUM ITER =    344
 *** TIME =   1715.00         TIME INC =   5.00000      NEW TRIANG MATRIX

 *** LOAD STEP     5   SUBSTEP   104  COMPLETED.    CUM ITER =    345
 *** TIME =   1720.00         TIME INC =   5.00000      NEW TRIANG MATRIX

 *** LOAD STEP     5   SUBSTEP   105  COMPLETED.    CUM ITER =    346
 *** TIME =   1725.00         TIME INC =   5.00000      NEW TRIANG MATRIX

 *** LOAD STEP     5   SUBSTEP   106  COMPLETED.    CUM ITER =    347
 *** TIME =   1730.00         TIME INC =   5.00000      NEW TRIANG MATRIX

 *** LOAD STEP     5   SUBSTEP   107  COMPLETED.    CUM ITER =    348
 *** TIME =   1735.00         TIME INC =   5.00000      NEW TRIANG MATRIX

 *** LOAD STEP     5   SUBSTEP   108  COMPLETED.    CUM ITER =    349
 *** TIME =   1740.00         TIME INC =   5.00000      NEW TRIANG MATRIX

 *** LOAD STEP     5   SUBSTEP   109  COMPLETED.    CUM ITER =    350
 *** TIME =   1745.00         TIME INC =   5.00000      NEW TRIANG MATRIX

 *** LOAD STEP     5   SUBSTEP   110  COMPLETED.    CUM ITER =    351
 *** TIME =   1750.00         TIME INC =   5.00000      NEW TRIANG MATRIX

 *** LOAD STEP     5   SUBSTEP   111  COMPLETED.    CUM ITER =    352
 *** TIME =   1755.00         TIME INC =   5.00000      NEW TRIANG MATRIX

 *** LOAD STEP     5   SUBSTEP   112  COMPLETED.    CUM ITER =    353
 *** TIME =   1760.00         TIME INC =   5.00000      NEW TRIANG MATRIX

 *** LOAD STEP     5   SUBSTEP   113  COMPLETED.    CUM ITER =    354
 *** TIME =   1765.00         TIME INC =   5.00000      NEW TRIANG MATRIX

 *** LOAD STEP     5   SUBSTEP   114  COMPLETED.    CUM ITER =    355
 *** TIME =   1770.00         TIME INC =   5.00000      NEW TRIANG MATRIX

 *** LOAD STEP     5   SUBSTEP   115  COMPLETED.    CUM ITER =    356
 *** TIME =   1775.00         TIME INC =   5.00000      NEW TRIANG MATRIX

 *** LOAD STEP     5   SUBSTEP   116  COMPLETED.    CUM ITER =    357
 *** TIME =   1780.00         TIME INC =   5.00000      NEW TRIANG MATRIX

 *** LOAD STEP     5   SUBSTEP   117  COMPLETED.    CUM ITER =    358
 *** TIME =   1785.00         TIME INC =   5.00000      NEW TRIANG MATRIX

 *** LOAD STEP     5   SUBSTEP   118  COMPLETED.    CUM ITER =    359
 *** TIME =   1790.00         TIME INC =   5.00000      NEW TRIANG MATRIX

 *** LOAD STEP     5   SUBSTEP   119  COMPLETED.    CUM ITER =    360
 *** TIME =   1795.00         TIME INC =   5.00000      NEW TRIANG MATRIX

 *** LOAD STEP     5   SUBSTEP   120  COMPLETED.    CUM ITER =    361
 *** TIME =   1800.00         TIME INC =   5.00000      NEW TRIANG MATRIX

 FINISH SOLUTION PROCESSING


 ***** ROUTINE COMPLETED *****  ELAPSED TIME =        11.548



 *** MAPDL - ENGINEERING ANALYSIS SYSTEM  RELEASE 2026 R1          26.1     ***
 Ansys Mechanical Enterprise Academic Student      
 01055371  VERSION=WINDOWS x64   21:01:59  SEP 14, 2026 Elapsed Time=     11.568

 Stage 10 plane-wall discretization verification                               



          ***** MAPDL RESULTS INTERPRETATION (POST1) *****

 *** NOTE ***                            ELAPSED TIME =      11.568   TIME= 21:01:59
 Reading results into the database (SET command) will update the current 
 displacement and force boundary conditions in the database with the     
 values from the results file for that load set.  Note that any          
 subsequent solutions will use these values unless action is taken to    
 either SAVE the current values or not overwrite them (/EXIT,NOSAVE).    

 OPENED FILE= temperature_profile.csv FOR COMMAND FILE DATA 



 USE LOAD STEP     0  SUBSTEP  LAST    FOR LOAD CASE 0 
 USE DATA SET FOR TIME OR FREQUENCY=  300.00    

 SET COMMAND GOT LOAD STEP=     2  SUBSTEP=    60  CUMULATIVE ITERATION=    61
   TIME/FREQUENCY=  300.00    
 TITLE= Stage 10 plane-wall discretization verification                         

 PARAMETER TV =     300.0000000    

 PARAMETER ZV =     0.000000000    

 *GET  TEMPV     FROM  NODE      1  ITEM=TEMP       VALUE=  28.9959281    

 PARAMETER TV =     300.0000000    

 PARAMETER ZV =    0.1562500000E-03

 *GET  TEMPV     FROM  NODE      5  ITEM=TEMP       VALUE=  28.9175393    

 PARAMETER TV =     300.0000000    

 PARAMETER ZV =    0.3125000000E-03

 *GET  TEMPV     FROM  NODE      9  ITEM=TEMP       VALUE=  28.8417495    

 PARAMETER TV =     300.0000000    

 PARAMETER ZV =    0.4687500000E-03

 *GET  TEMPV     FROM  NODE     13  ITEM=TEMP       VALUE=  28.7685481    

 PARAMETER TV =     300.0000000    

 PARAMETER ZV =    0.6250000000E-03

 *GET  TEMPV     FROM  NODE     17  ITEM=TEMP       VALUE=  28.6979248    

 PARAMETER TV =     300.0000000    

 PARAMETER ZV =    0.7812500000E-03

 *GET  TEMPV     FROM  NODE     21  ITEM=TEMP       VALUE=  28.6298695    

 PARAMETER TV =     300.0000000    

 PARAMETER ZV =    0.9375000000E-03

 *GET  TEMPV     FROM  NODE     25  ITEM=TEMP       VALUE=  28.5643727    

 PARAMETER TV =     300.0000000    

 PARAMETER ZV =    0.1093750000E-02

 *GET  TEMPV     FROM  NODE     29  ITEM=TEMP       VALUE=  28.5014251    

 PARAMETER TV =     300.0000000    

 PARAMETER ZV =    0.1250000000E-02

 *GET  TEMPV     FROM  NODE     33  ITEM=TEMP       VALUE=  28.4410177    

 PARAMETER TV =     300.0000000    

 PARAMETER ZV =    0.1406250000E-02

 *GET  TEMPV     FROM  NODE     37  ITEM=TEMP       VALUE=  28.3831420    

 PARAMETER TV =     300.0000000    

 PARAMETER ZV =    0.1562500000E-02

 *GET  TEMPV     FROM  NODE     41  ITEM=TEMP       VALUE=  28.3277897    

 PARAMETER TV =     300.0000000    

 PARAMETER ZV =    0.1718750000E-02

 *GET  TEMPV     FROM  NODE     45  ITEM=TEMP       VALUE=  28.2749529    

 PARAMETER TV =     300.0000000    

 PARAMETER ZV =    0.1875000000E-02

 *GET  TEMPV     FROM  NODE     49  ITEM=TEMP       VALUE=  28.2246241    

 PARAMETER TV =     300.0000000    

 PARAMETER ZV =    0.2031250000E-02

 *GET  TEMPV     FROM  NODE     53  ITEM=TEMP       VALUE=  28.1767961    

 PARAMETER TV =     300.0000000    

 PARAMETER ZV =    0.2187500000E-02

 *GET  TEMPV     FROM  NODE     57  ITEM=TEMP       VALUE=  28.1314619    

 PARAMETER TV =     300.0000000    

 PARAMETER ZV =    0.2343750000E-02

 *GET  TEMPV     FROM  NODE     61  ITEM=TEMP       VALUE=  28.0886152    

 PARAMETER TV =     300.0000000    

 PARAMETER ZV =    0.2500000000E-02

 *GET  TEMPV     FROM  NODE     65  ITEM=TEMP       VALUE=  28.0482498    

 PARAMETER TV =     300.0000000    

 PARAMETER ZV =    0.2656250000E-02

 *GET  TEMPV     FROM  NODE     69  ITEM=TEMP       VALUE=  28.0103599    

 PARAMETER TV =     300.0000000    

 PARAMETER ZV =    0.2812500000E-02

 *GET  TEMPV     FROM  NODE     73  ITEM=TEMP       VALUE=  27.9749399    

 PARAMETER TV =     300.0000000    

 PARAMETER ZV =    0.2968750000E-02

 *GET  TEMPV     FROM  NODE     77  ITEM=TEMP       VALUE=  27.9419849    

 PARAMETER TV =     300.0000000    

 PARAMETER ZV =    0.3125000000E-02

 *GET  TEMPV     FROM  NODE     81  ITEM=TEMP       VALUE=  27.9114901    

 PARAMETER TV =     300.0000000    

 PARAMETER ZV =    0.3281250000E-02

 *GET  TEMPV     FROM  NODE     85  ITEM=TEMP       VALUE=  27.8834511    

 PARAMETER TV =     300.0000000    

 PARAMETER ZV =    0.3437500000E-02

 *GET  TEMPV     FROM  NODE     89  ITEM=TEMP       VALUE=  27.8578638    

 PARAMETER TV =     300.0000000    

 PARAMETER ZV =    0.3593750000E-02

 *GET  TEMPV     FROM  NODE     93  ITEM=TEMP       VALUE=  27.8347245    

 PARAMETER TV =     300.0000000    

 PARAMETER ZV =    0.3750000000E-02

 *GET  TEMPV     FROM  NODE     97  ITEM=TEMP       VALUE=  27.8140299    

 PARAMETER TV =     300.0000000    

 PARAMETER ZV =    0.3906250000E-02

 *GET  TEMPV     FROM  NODE    101  ITEM=TEMP       VALUE=  27.7957770    

 PARAMETER TV =     300.0000000    

 PARAMETER ZV =    0.4062500000E-02

 *GET  TEMPV     FROM  NODE    105  ITEM=TEMP       VALUE=  27.7799632    

 PARAMETER TV =     300.0000000    

 PARAMETER ZV =    0.4218750000E-02

 *GET  TEMPV     FROM  NODE    109  ITEM=TEMP       VALUE=  27.7665862    

 PARAMETER TV =     300.0000000    

 PARAMETER ZV =    0.4375000000E-02

 *GET  TEMPV     FROM  NODE    113  ITEM=TEMP       VALUE=  27.7556439    

 PARAMETER TV =     300.0000000    

 PARAMETER ZV =    0.4531250000E-02

 *GET  TEMPV     FROM  NODE    117  ITEM=TEMP       VALUE=  27.7471350    

 PARAMETER TV =     300.0000000    

 PARAMETER ZV =    0.4687500000E-02

 *GET  TEMPV     FROM  NODE    121  ITEM=TEMP       VALUE=  27.7410580    

 PARAMETER TV =     300.0000000    

 PARAMETER ZV =    0.4843750000E-02

 *GET  TEMPV     FROM  NODE    125  ITEM=TEMP       VALUE=  27.7374122    

 PARAMETER TV =     300.0000000    

 PARAMETER ZV =    0.5000000000E-02

 *GET  TEMPV     FROM  NODE    129  ITEM=TEMP       VALUE=  27.7361970    

 PARAMETER TV =     300.0000000    

 PARAMETER ZV =    0.5156250000E-02

 *GET  TEMPV     FROM  NODE    133  ITEM=TEMP       VALUE=  27.7374122    

 PARAMETER TV =     300.0000000    

 PARAMETER ZV =    0.5312500000E-02

 *GET  TEMPV     FROM  NODE    137  ITEM=TEMP       VALUE=  27.7410580    

 PARAMETER TV =     300.0000000    

 PARAMETER ZV =    0.5468750000E-02

 *GET  TEMPV     FROM  NODE    141  ITEM=TEMP       VALUE=  27.7471350    

 PARAMETER TV =     300.0000000    

 PARAMETER ZV =    0.5625000000E-02

 *GET  TEMPV     FROM  NODE    145  ITEM=TEMP       VALUE=  27.7556439    

 PARAMETER TV =     300.0000000    

 PARAMETER ZV =    0.5781250000E-02

 *GET  TEMPV     FROM  NODE    149  ITEM=TEMP       VALUE=  27.7665862    

 PARAMETER TV =     300.0000000    

 PARAMETER ZV =    0.5937500000E-02

 *GET  TEMPV     FROM  NODE    153  ITEM=TEMP       VALUE=  27.7799632    

 PARAMETER TV =     300.0000000    

 PARAMETER ZV =    0.6093750000E-02

 *GET  TEMPV     FROM  NODE    157  ITEM=TEMP       VALUE=  27.7957770    

 PARAMETER TV =     300.0000000    

 PARAMETER ZV =    0.6250000000E-02

 *GET  TEMPV     FROM  NODE    161  ITEM=TEMP       VALUE=  27.8140299    

 PARAMETER TV =     300.0000000    

 PARAMETER ZV =    0.6406250000E-02

 *GET  TEMPV     FROM  NODE    165  ITEM=TEMP       VALUE=  27.8347245    

 PARAMETER TV =     300.0000000    

 PARAMETER ZV =    0.6562500000E-02

 *GET  TEMPV     FROM  NODE    169  ITEM=TEMP       VALUE=  27.8578638    

 PARAMETER TV =     300.0000000    

 PARAMETER ZV =    0.6718750000E-02

 *GET  TEMPV     FROM  NODE    173  ITEM=TEMP       VALUE=  27.8834511    

 PARAMETER TV =     300.0000000    

 PARAMETER ZV =    0.6875000000E-02

 *GET  TEMPV     FROM  NODE    177  ITEM=TEMP       VALUE=  27.9114901    

 PARAMETER TV =     300.0000000    

 PARAMETER ZV =    0.7031250000E-02

 *GET  TEMPV     FROM  NODE    181  ITEM=TEMP       VALUE=  27.9419849    

 PARAMETER TV =     300.0000000    

 PARAMETER ZV =    0.7187500000E-02

 *GET  TEMPV     FROM  NODE    185  ITEM=TEMP       VALUE=  27.9749399    

 PARAMETER TV =     300.0000000    

 PARAMETER ZV =    0.7343750000E-02

 *GET  TEMPV     FROM  NODE    189  ITEM=TEMP       VALUE=  28.0103599    

 PARAMETER TV =     300.0000000    

 PARAMETER ZV =    0.7500000000E-02

 *GET  TEMPV     FROM  NODE    193  ITEM=TEMP       VALUE=  28.0482498    

 PARAMETER TV =     300.0000000    

 PARAMETER ZV =    0.7656250000E-02

 *GET  TEMPV     FROM  NODE    197  ITEM=TEMP       VALUE=  28.0886152    

 PARAMETER TV =     300.0000000    

 PARAMETER ZV =    0.7812500000E-02

 *GET  TEMPV     FROM  NODE    201  ITEM=TEMP       VALUE=  28.1314619    

 PARAMETER TV =     300.0000000    

 PARAMETER ZV =    0.7968750000E-02

 *GET  TEMPV     FROM  NODE    205  ITEM=TEMP       VALUE=  28.1767961    

 PARAMETER TV =     300.0000000    

 PARAMETER ZV =    0.8125000000E-02

 *GET  TEMPV     FROM  NODE    209  ITEM=TEMP       VALUE=  28.2246241    

 PARAMETER TV =     300.0000000    

 PARAMETER ZV =    0.8281250000E-02

 *GET  TEMPV     FROM  NODE    213  ITEM=TEMP       VALUE=  28.2749529    

 PARAMETER TV =     300.0000000    

 PARAMETER ZV =    0.8437500000E-02

 *GET  TEMPV     FROM  NODE    217  ITEM=TEMP       VALUE=  28.3277897    

 PARAMETER TV =     300.0000000    

 PARAMETER ZV =    0.8593750000E-02

 *GET  TEMPV     FROM  NODE    221  ITEM=TEMP       VALUE=  28.3831420    

 PARAMETER TV =     300.0000000    

 PARAMETER ZV =    0.8750000000E-02

 *GET  TEMPV     FROM  NODE    225  ITEM=TEMP       VALUE=  28.4410177    

 PARAMETER TV =     300.0000000    

 PARAMETER ZV =    0.8906250000E-02

 *GET  TEMPV     FROM  NODE    229  ITEM=TEMP       VALUE=  28.5014251    

 PARAMETER TV =     300.0000000    

 PARAMETER ZV =    0.9062500000E-02

 *GET  TEMPV     FROM  NODE    233  ITEM=TEMP       VALUE=  28.5643727    

 PARAMETER TV =     300.0000000    

 PARAMETER ZV =    0.9218750000E-02

 *GET  TEMPV     FROM  NODE    237  ITEM=TEMP       VALUE=  28.6298695    

 PARAMETER TV =     300.0000000    

 PARAMETER ZV =    0.9375000000E-02

 *GET  TEMPV     FROM  NODE    241  ITEM=TEMP       VALUE=  28.6979248    

 PARAMETER TV =     300.0000000    

 PARAMETER ZV =    0.9531250000E-02

 *GET  TEMPV     FROM  NODE    245  ITEM=TEMP       VALUE=  28.7685481    

 PARAMETER TV =     300.0000000    

 PARAMETER ZV =    0.9687500000E-02

 *GET  TEMPV     FROM  NODE    249  ITEM=TEMP       VALUE=  28.8417495    

 PARAMETER TV =     300.0000000    

 PARAMETER ZV =    0.9843750000E-02

 *GET  TEMPV     FROM  NODE    253  ITEM=TEMP       VALUE=  28.9175393    

 PARAMETER TV =     300.0000000    

 PARAMETER ZV =    0.1000000000E-01

 *GET  TEMPV     FROM  NODE    257  ITEM=TEMP       VALUE=  28.9959281    


 USE LOAD STEP     0  SUBSTEP  LAST    FOR LOAD CASE 0 
 USE DATA SET FOR TIME OR FREQUENCY=  900.00    

 SET COMMAND GOT LOAD STEP=     3  SUBSTEP=   120  CUMULATIVE ITERATION=   181
   TIME/FREQUENCY=  900.00    
 TITLE= Stage 10 plane-wall discretization verification                         

 PARAMETER TV =     900.0000000    

 PARAMETER ZV =     0.000000000    

 *GET  TEMPV     FROM  NODE      1  ITEM=TEMP       VALUE=  51.6959701    

 PARAMETER TV =     900.0000000    

 PARAMETER ZV =    0.1562500000E-03

 *GET  TEMPV     FROM  NODE      5  ITEM=TEMP       VALUE=  51.6524247    

 PARAMETER TV =     900.0000000    

 PARAMETER ZV =    0.3125000000E-03

 *GET  TEMPV     FROM  NODE      9  ITEM=TEMP       VALUE=  51.6102407    

 PARAMETER TV =     900.0000000    

 PARAMETER ZV =    0.4687500000E-03

 *GET  TEMPV     FROM  NODE     13  ITEM=TEMP       VALUE=  51.5694201    

 PARAMETER TV =     900.0000000    

 PARAMETER ZV =    0.6250000000E-03

 *GET  TEMPV     FROM  NODE     17  ITEM=TEMP       VALUE=  51.5299649    

 PARAMETER TV =     900.0000000    

 PARAMETER ZV =    0.7812500000E-03

 *GET  TEMPV     FROM  NODE     21  ITEM=TEMP       VALUE=  51.4918770    

 PARAMETER TV =     900.0000000    

 PARAMETER ZV =    0.9375000000E-03

 *GET  TEMPV     FROM  NODE     25  ITEM=TEMP       VALUE=  51.4551583    

 PARAMETER TV =     900.0000000    

 PARAMETER ZV =    0.1093750000E-02

 *GET  TEMPV     FROM  NODE     29  ITEM=TEMP       VALUE=  51.4198103    

 PARAMETER TV =     900.0000000    

 PARAMETER ZV =    0.1250000000E-02

 *GET  TEMPV     FROM  NODE     33  ITEM=TEMP       VALUE=  51.3858350    

 PARAMETER TV =     900.0000000    

 PARAMETER ZV =    0.1406250000E-02

 *GET  TEMPV     FROM  NODE     37  ITEM=TEMP       VALUE=  51.3532338    

 PARAMETER TV =     900.0000000    

 PARAMETER ZV =    0.1562500000E-02

 *GET  TEMPV     FROM  NODE     41  ITEM=TEMP       VALUE=  51.3220085    

 PARAMETER TV =     900.0000000    

 PARAMETER ZV =    0.1718750000E-02

 *GET  TEMPV     FROM  NODE     45  ITEM=TEMP       VALUE=  51.2921604    

 PARAMETER TV =     900.0000000    

 PARAMETER ZV =    0.1875000000E-02

 *GET  TEMPV     FROM  NODE     49  ITEM=TEMP       VALUE=  51.2636910    

 PARAMETER TV =     900.0000000    

 PARAMETER ZV =    0.2031250000E-02

 *GET  TEMPV     FROM  NODE     53  ITEM=TEMP       VALUE=  51.2366016    

 PARAMETER TV =     900.0000000    

 PARAMETER ZV =    0.2187500000E-02

 *GET  TEMPV     FROM  NODE     57  ITEM=TEMP       VALUE=  51.2108937    

 PARAMETER TV =     900.0000000    

 PARAMETER ZV =    0.2343750000E-02

 *GET  TEMPV     FROM  NODE     61  ITEM=TEMP       VALUE=  51.1865683    

 PARAMETER TV =     900.0000000    

 PARAMETER ZV =    0.2500000000E-02

 *GET  TEMPV     FROM  NODE     65  ITEM=TEMP       VALUE=  51.1636267    

 PARAMETER TV =     900.0000000    

 PARAMETER ZV =    0.2656250000E-02

 *GET  TEMPV     FROM  NODE     69  ITEM=TEMP       VALUE=  51.1420700    

 PARAMETER TV =     900.0000000    

 PARAMETER ZV =    0.2812500000E-02

 *GET  TEMPV     FROM  NODE     73  ITEM=TEMP       VALUE=  51.1218992    

 PARAMETER TV =     900.0000000    

 PARAMETER ZV =    0.2968750000E-02

 *GET  TEMPV     FROM  NODE     77  ITEM=TEMP       VALUE=  51.1031152    

 PARAMETER TV =     900.0000000    

 PARAMETER ZV =    0.3125000000E-02

 *GET  TEMPV     FROM  NODE     81  ITEM=TEMP       VALUE=  51.0857191    

 PARAMETER TV =     900.0000000    

 PARAMETER ZV =    0.3281250000E-02

 *GET  TEMPV     FROM  NODE     85  ITEM=TEMP       VALUE=  51.0697116    

 PARAMETER TV =     900.0000000    

 PARAMETER ZV =    0.3437500000E-02

 *GET  TEMPV     FROM  NODE     89  ITEM=TEMP       VALUE=  51.0550934    

 PARAMETER TV =     900.0000000    

 PARAMETER ZV =    0.3593750000E-02

 *GET  TEMPV     FROM  NODE     93  ITEM=TEMP       VALUE=  51.0418653    

 PARAMETER TV =     900.0000000    

 PARAMETER ZV =    0.3750000000E-02

 *GET  TEMPV     FROM  NODE     97  ITEM=TEMP       VALUE=  51.0300280    

 PARAMETER TV =     900.0000000    

 PARAMETER ZV =    0.3906250000E-02

 *GET  TEMPV     FROM  NODE    101  ITEM=TEMP       VALUE=  51.0195820    

 PARAMETER TV =     900.0000000    

 PARAMETER ZV =    0.4062500000E-02

 *GET  TEMPV     FROM  NODE    105  ITEM=TEMP       VALUE=  51.0105277    

 PARAMETER TV =     900.0000000    

 PARAMETER ZV =    0.4218750000E-02

 *GET  TEMPV     FROM  NODE    109  ITEM=TEMP       VALUE=  51.0028657    

 PARAMETER TV =     900.0000000    

 PARAMETER ZV =    0.4375000000E-02

 *GET  TEMPV     FROM  NODE    113  ITEM=TEMP       VALUE=  50.9965962    

 PARAMETER TV =     900.0000000    

 PARAMETER ZV =    0.4531250000E-02

 *GET  TEMPV     FROM  NODE    117  ITEM=TEMP       VALUE=  50.9917197    

 PARAMETER TV =     900.0000000    

 PARAMETER ZV =    0.4687500000E-02

 *GET  TEMPV     FROM  NODE    121  ITEM=TEMP       VALUE=  50.9882363    

 PARAMETER TV =     900.0000000    

 PARAMETER ZV =    0.4843750000E-02

 *GET  TEMPV     FROM  NODE    125  ITEM=TEMP       VALUE=  50.9861462    

 PARAMETER TV =     900.0000000    

 PARAMETER ZV =    0.5000000000E-02

 *GET  TEMPV     FROM  NODE    129  ITEM=TEMP       VALUE=  50.9854494    

 PARAMETER TV =     900.0000000    

 PARAMETER ZV =    0.5156250000E-02

 *GET  TEMPV     FROM  NODE    133  ITEM=TEMP       VALUE=  50.9861462    

 PARAMETER TV =     900.0000000    

 PARAMETER ZV =    0.5312500000E-02

 *GET  TEMPV     FROM  NODE    137  ITEM=TEMP       VALUE=  50.9882363    

 PARAMETER TV =     900.0000000    

 PARAMETER ZV =    0.5468750000E-02

 *GET  TEMPV     FROM  NODE    141  ITEM=TEMP       VALUE=  50.9917197    

 PARAMETER TV =     900.0000000    

 PARAMETER ZV =    0.5625000000E-02

 *GET  TEMPV     FROM  NODE    145  ITEM=TEMP       VALUE=  50.9965962    

 PARAMETER TV =     900.0000000    

 PARAMETER ZV =    0.5781250000E-02

 *GET  TEMPV     FROM  NODE    149  ITEM=TEMP       VALUE=  51.0028657    

 PARAMETER TV =     900.0000000    

 PARAMETER ZV =    0.5937500000E-02

 *GET  TEMPV     FROM  NODE    153  ITEM=TEMP       VALUE=  51.0105277    

 PARAMETER TV =     900.0000000    

 PARAMETER ZV =    0.6093750000E-02

 *GET  TEMPV     FROM  NODE    157  ITEM=TEMP       VALUE=  51.0195820    

 PARAMETER TV =     900.0000000    

 PARAMETER ZV =    0.6250000000E-02

 *GET  TEMPV     FROM  NODE    161  ITEM=TEMP       VALUE=  51.0300280    

 PARAMETER TV =     900.0000000    

 PARAMETER ZV =    0.6406250000E-02

 *GET  TEMPV     FROM  NODE    165  ITEM=TEMP       VALUE=  51.0418653    

 PARAMETER TV =     900.0000000    

 PARAMETER ZV =    0.6562500000E-02

 *GET  TEMPV     FROM  NODE    169  ITEM=TEMP       VALUE=  51.0550934    

 PARAMETER TV =     900.0000000    

 PARAMETER ZV =    0.6718750000E-02

 *GET  TEMPV     FROM  NODE    173  ITEM=TEMP       VALUE=  51.0697116    

 PARAMETER TV =     900.0000000    

 PARAMETER ZV =    0.6875000000E-02

 *GET  TEMPV     FROM  NODE    177  ITEM=TEMP       VALUE=  51.0857191    

 PARAMETER TV =     900.0000000    

 PARAMETER ZV =    0.7031250000E-02

 *GET  TEMPV     FROM  NODE    181  ITEM=TEMP       VALUE=  51.1031152    

 PARAMETER TV =     900.0000000    

 PARAMETER ZV =    0.7187500000E-02

 *GET  TEMPV     FROM  NODE    185  ITEM=TEMP       VALUE=  51.1218992    

 PARAMETER TV =     900.0000000    

 PARAMETER ZV =    0.7343750000E-02

 *GET  TEMPV     FROM  NODE    189  ITEM=TEMP       VALUE=  51.1420700    

 PARAMETER TV =     900.0000000    

 PARAMETER ZV =    0.7500000000E-02

 *GET  TEMPV     FROM  NODE    193  ITEM=TEMP       VALUE=  51.1636267    

 PARAMETER TV =     900.0000000    

 PARAMETER ZV =    0.7656250000E-02

 *GET  TEMPV     FROM  NODE    197  ITEM=TEMP       VALUE=  51.1865683    

 PARAMETER TV =     900.0000000    

 PARAMETER ZV =    0.7812500000E-02

 *GET  TEMPV     FROM  NODE    201  ITEM=TEMP       VALUE=  51.2108937    

 PARAMETER TV =     900.0000000    

 PARAMETER ZV =    0.7968750000E-02

 *GET  TEMPV     FROM  NODE    205  ITEM=TEMP       VALUE=  51.2366016    

 PARAMETER TV =     900.0000000    

 PARAMETER ZV =    0.8125000000E-02

 *GET  TEMPV     FROM  NODE    209  ITEM=TEMP       VALUE=  51.2636910    

 PARAMETER TV =     900.0000000    

 PARAMETER ZV =    0.8281250000E-02

 *GET  TEMPV     FROM  NODE    213  ITEM=TEMP       VALUE=  51.2921604    

 PARAMETER TV =     900.0000000    

 PARAMETER ZV =    0.8437500000E-02

 *GET  TEMPV     FROM  NODE    217  ITEM=TEMP       VALUE=  51.3220085    

 PARAMETER TV =     900.0000000    

 PARAMETER ZV =    0.8593750000E-02

 *GET  TEMPV     FROM  NODE    221  ITEM=TEMP       VALUE=  51.3532338    

 PARAMETER TV =     900.0000000    

 PARAMETER ZV =    0.8750000000E-02

 *GET  TEMPV     FROM  NODE    225  ITEM=TEMP       VALUE=  51.3858350    

 PARAMETER TV =     900.0000000    

 PARAMETER ZV =    0.8906250000E-02

 *GET  TEMPV     FROM  NODE    229  ITEM=TEMP       VALUE=  51.4198103    

 PARAMETER TV =     900.0000000    

 PARAMETER ZV =    0.9062500000E-02

 *GET  TEMPV     FROM  NODE    233  ITEM=TEMP       VALUE=  51.4551583    

 PARAMETER TV =     900.0000000    

 PARAMETER ZV =    0.9218750000E-02

 *GET  TEMPV     FROM  NODE    237  ITEM=TEMP       VALUE=  51.4918770    

 PARAMETER TV =     900.0000000    

 PARAMETER ZV =    0.9375000000E-02

 *GET  TEMPV     FROM  NODE    241  ITEM=TEMP       VALUE=  51.5299649    

 PARAMETER TV =     900.0000000    

 PARAMETER ZV =    0.9531250000E-02

 *GET  TEMPV     FROM  NODE    245  ITEM=TEMP       VALUE=  51.5694201    

 PARAMETER TV =     900.0000000    

 PARAMETER ZV =    0.9687500000E-02

 *GET  TEMPV     FROM  NODE    249  ITEM=TEMP       VALUE=  51.6102407    

 PARAMETER TV =     900.0000000    

 PARAMETER ZV =    0.9843750000E-02

 *GET  TEMPV     FROM  NODE    253  ITEM=TEMP       VALUE=  51.6524247    

 PARAMETER TV =     900.0000000    

 PARAMETER ZV =    0.1000000000E-01

 *GET  TEMPV     FROM  NODE    257  ITEM=TEMP       VALUE=  51.6959701    


 USE LOAD STEP     0  SUBSTEP  LAST    FOR LOAD CASE 0 
 USE DATA SET FOR TIME OR FREQUENCY=  1200.0    

 SET COMMAND GOT LOAD STEP=     4  SUBSTEP=    60  CUMULATIVE ITERATION=   241
   TIME/FREQUENCY=  1200.0    
 TITLE= Stage 10 plane-wall discretization verification                         

 PARAMETER TV =     1200.000000    

 PARAMETER ZV =     0.000000000    

 *GET  TEMPV     FROM  NODE      1  ITEM=TEMP       VALUE=  49.9169991    

 PARAMETER TV =     1200.000000    

 PARAMETER ZV =    0.1562500000E-03

 *GET  TEMPV     FROM  NODE      5  ITEM=TEMP       VALUE=  49.9629457    

 PARAMETER TV =     1200.000000    

 PARAMETER ZV =    0.3125000000E-03

 *GET  TEMPV     FROM  NODE      9  ITEM=TEMP       VALUE=  50.0073076    

 PARAMETER TV =     1200.000000    

 PARAMETER ZV =    0.4687500000E-03

 *GET  TEMPV     FROM  NODE     13  ITEM=TEMP       VALUE=  50.0500969    

 PARAMETER TV =     1200.000000    

 PARAMETER ZV =    0.6250000000E-03

 *GET  TEMPV     FROM  NODE     17  ITEM=TEMP       VALUE=  50.0913253    

 PARAMETER TV =     1200.000000    

 PARAMETER ZV =    0.7812500000E-03

 *GET  TEMPV     FROM  NODE     21  ITEM=TEMP       VALUE=  50.1310043    

 PARAMETER TV =     1200.000000    

 PARAMETER ZV =    0.9375000000E-03

 *GET  TEMPV     FROM  NODE     25  ITEM=TEMP       VALUE=  50.1691448    

 PARAMETER TV =     1200.000000    

 PARAMETER ZV =    0.1093750000E-02

 *GET  TEMPV     FROM  NODE     29  ITEM=TEMP       VALUE=  50.2057575    

 PARAMETER TV =     1200.000000    

 PARAMETER ZV =    0.1250000000E-02

 *GET  TEMPV     FROM  NODE     33  ITEM=TEMP       VALUE=  50.2408526    

 PARAMETER TV =     1200.000000    

 PARAMETER ZV =    0.1406250000E-02

 *GET  TEMPV     FROM  NODE     37  ITEM=TEMP       VALUE=  50.2744398    

 PARAMETER TV =     1200.000000    

 PARAMETER ZV =    0.1562500000E-02

 *GET  TEMPV     FROM  NODE     41  ITEM=TEMP       VALUE=  50.3065286    

 PARAMETER TV =     1200.000000    

 PARAMETER ZV =    0.1718750000E-02

 *GET  TEMPV     FROM  NODE     45  ITEM=TEMP       VALUE=  50.3371279    

 PARAMETER TV =     1200.000000    

 PARAMETER ZV =    0.1875000000E-02

 *GET  TEMPV     FROM  NODE     49  ITEM=TEMP       VALUE=  50.3662464    

 PARAMETER TV =     1200.000000    

 PARAMETER ZV =    0.2031250000E-02

 *GET  TEMPV     FROM  NODE     53  ITEM=TEMP       VALUE=  50.3938924    

 PARAMETER TV =     1200.000000    

 PARAMETER ZV =    0.2187500000E-02

 *GET  TEMPV     FROM  NODE     57  ITEM=TEMP       VALUE=  50.4200736    

 PARAMETER TV =     1200.000000    

 PARAMETER ZV =    0.2343750000E-02

 *GET  TEMPV     FROM  NODE     61  ITEM=TEMP       VALUE=  50.4447974    

 PARAMETER TV =     1200.000000    

 PARAMETER ZV =    0.2500000000E-02

 *GET  TEMPV     FROM  NODE     65  ITEM=TEMP       VALUE=  50.4680709    

 PARAMETER TV =     1200.000000    

 PARAMETER ZV =    0.2656250000E-02

 *GET  TEMPV     FROM  NODE     69  ITEM=TEMP       VALUE=  50.4899006    

 PARAMETER TV =     1200.000000    

 PARAMETER ZV =    0.2812500000E-02

 *GET  TEMPV     FROM  NODE     73  ITEM=TEMP       VALUE=  50.5102929    

 PARAMETER TV =     1200.000000    

 PARAMETER ZV =    0.2968750000E-02

 *GET  TEMPV     FROM  NODE     77  ITEM=TEMP       VALUE=  50.5292535    

 PARAMETER TV =     1200.000000    

 PARAMETER ZV =    0.3125000000E-02

 *GET  TEMPV     FROM  NODE     81  ITEM=TEMP       VALUE=  50.5467878    

 PARAMETER TV =     1200.000000    

 PARAMETER ZV =    0.3281250000E-02

 *GET  TEMPV     FROM  NODE     85  ITEM=TEMP       VALUE=  50.5629009    

 PARAMETER TV =     1200.000000    

 PARAMETER ZV =    0.3437500000E-02

 *GET  TEMPV     FROM  NODE     89  ITEM=TEMP       VALUE=  50.5775974    

 PARAMETER TV =     1200.000000    

 PARAMETER ZV =    0.3593750000E-02

 *GET  TEMPV     FROM  NODE     93  ITEM=TEMP       VALUE=  50.5908815    

 PARAMETER TV =     1200.000000    

 PARAMETER ZV =    0.3750000000E-02

 *GET  TEMPV     FROM  NODE     97  ITEM=TEMP       VALUE=  50.6027570    

 PARAMETER TV =     1200.000000    

 PARAMETER ZV =    0.3906250000E-02

 *GET  TEMPV     FROM  NODE    101  ITEM=TEMP       VALUE=  50.6132274    

 PARAMETER TV =     1200.000000    

 PARAMETER ZV =    0.4062500000E-02

 *GET  TEMPV     FROM  NODE    105  ITEM=TEMP       VALUE=  50.6222956    

 PARAMETER TV =     1200.000000    

 PARAMETER ZV =    0.4218750000E-02

 *GET  TEMPV     FROM  NODE    109  ITEM=TEMP       VALUE=  50.6299643    

 PARAMETER TV =     1200.000000    

 PARAMETER ZV =    0.4375000000E-02

 *GET  TEMPV     FROM  NODE    113  ITEM=TEMP       VALUE=  50.6362357    

 PARAMETER TV =     1200.000000    

 PARAMETER ZV =    0.4531250000E-02

 *GET  TEMPV     FROM  NODE    117  ITEM=TEMP       VALUE=  50.6411115    

 PARAMETER TV =     1200.000000    

 PARAMETER ZV =    0.4687500000E-02

 *GET  TEMPV     FROM  NODE    121  ITEM=TEMP       VALUE=  50.6445933    

 PARAMETER TV =     1200.000000    

 PARAMETER ZV =    0.4843750000E-02

 *GET  TEMPV     FROM  NODE    125  ITEM=TEMP       VALUE=  50.6466819    

 PARAMETER TV =     1200.000000    

 PARAMETER ZV =    0.5000000000E-02

 *GET  TEMPV     FROM  NODE    129  ITEM=TEMP       VALUE=  50.6473781    

 PARAMETER TV =     1200.000000    

 PARAMETER ZV =    0.5156250000E-02

 *GET  TEMPV     FROM  NODE    133  ITEM=TEMP       VALUE=  50.6466819    

 PARAMETER TV =     1200.000000    

 PARAMETER ZV =    0.5312500000E-02

 *GET  TEMPV     FROM  NODE    137  ITEM=TEMP       VALUE=  50.6445933    

 PARAMETER TV =     1200.000000    

 PARAMETER ZV =    0.5468750000E-02

 *GET  TEMPV     FROM  NODE    141  ITEM=TEMP       VALUE=  50.6411115    

 PARAMETER TV =     1200.000000    

 PARAMETER ZV =    0.5625000000E-02

 *GET  TEMPV     FROM  NODE    145  ITEM=TEMP       VALUE=  50.6362357    

 PARAMETER TV =     1200.000000    

 PARAMETER ZV =    0.5781250000E-02

 *GET  TEMPV     FROM  NODE    149  ITEM=TEMP       VALUE=  50.6299643    

 PARAMETER TV =     1200.000000    

 PARAMETER ZV =    0.5937500000E-02

 *GET  TEMPV     FROM  NODE    153  ITEM=TEMP       VALUE=  50.6222956    

 PARAMETER TV =     1200.000000    

 PARAMETER ZV =    0.6093750000E-02

 *GET  TEMPV     FROM  NODE    157  ITEM=TEMP       VALUE=  50.6132274    

 PARAMETER TV =     1200.000000    

 PARAMETER ZV =    0.6250000000E-02

 *GET  TEMPV     FROM  NODE    161  ITEM=TEMP       VALUE=  50.6027570    

 PARAMETER TV =     1200.000000    

 PARAMETER ZV =    0.6406250000E-02

 *GET  TEMPV     FROM  NODE    165  ITEM=TEMP       VALUE=  50.5908815    

 PARAMETER TV =     1200.000000    

 PARAMETER ZV =    0.6562500000E-02

 *GET  TEMPV     FROM  NODE    169  ITEM=TEMP       VALUE=  50.5775974    

 PARAMETER TV =     1200.000000    

 PARAMETER ZV =    0.6718750000E-02

 *GET  TEMPV     FROM  NODE    173  ITEM=TEMP       VALUE=  50.5629009    

 PARAMETER TV =     1200.000000    

 PARAMETER ZV =    0.6875000000E-02

 *GET  TEMPV     FROM  NODE    177  ITEM=TEMP       VALUE=  50.5467878    

 PARAMETER TV =     1200.000000    

 PARAMETER ZV =    0.7031250000E-02

 *GET  TEMPV     FROM  NODE    181  ITEM=TEMP       VALUE=  50.5292535    

 PARAMETER TV =     1200.000000    

 PARAMETER ZV =    0.7187500000E-02

 *GET  TEMPV     FROM  NODE    185  ITEM=TEMP       VALUE=  50.5102929    

 PARAMETER TV =     1200.000000    

 PARAMETER ZV =    0.7343750000E-02

 *GET  TEMPV     FROM  NODE    189  ITEM=TEMP       VALUE=  50.4899006    

 PARAMETER TV =     1200.000000    

 PARAMETER ZV =    0.7500000000E-02

 *GET  TEMPV     FROM  NODE    193  ITEM=TEMP       VALUE=  50.4680709    

 PARAMETER TV =     1200.000000    

 PARAMETER ZV =    0.7656250000E-02

 *GET  TEMPV     FROM  NODE    197  ITEM=TEMP       VALUE=  50.4447974    

 PARAMETER TV =     1200.000000    

 PARAMETER ZV =    0.7812500000E-02

 *GET  TEMPV     FROM  NODE    201  ITEM=TEMP       VALUE=  50.4200736    

 PARAMETER TV =     1200.000000    

 PARAMETER ZV =    0.7968750000E-02

 *GET  TEMPV     FROM  NODE    205  ITEM=TEMP       VALUE=  50.3938924    

 PARAMETER TV =     1200.000000    

 PARAMETER ZV =    0.8125000000E-02

 *GET  TEMPV     FROM  NODE    209  ITEM=TEMP       VALUE=  50.3662464    

 PARAMETER TV =     1200.000000    

 PARAMETER ZV =    0.8281250000E-02

 *GET  TEMPV     FROM  NODE    213  ITEM=TEMP       VALUE=  50.3371279    

 PARAMETER TV =     1200.000000    

 PARAMETER ZV =    0.8437500000E-02

 *GET  TEMPV     FROM  NODE    217  ITEM=TEMP       VALUE=  50.3065286    

 PARAMETER TV =     1200.000000    

 PARAMETER ZV =    0.8593750000E-02

 *GET  TEMPV     FROM  NODE    221  ITEM=TEMP       VALUE=  50.2744398    

 PARAMETER TV =     1200.000000    

 PARAMETER ZV =    0.8750000000E-02

 *GET  TEMPV     FROM  NODE    225  ITEM=TEMP       VALUE=  50.2408526    

 PARAMETER TV =     1200.000000    

 PARAMETER ZV =    0.8906250000E-02

 *GET  TEMPV     FROM  NODE    229  ITEM=TEMP       VALUE=  50.2057575    

 PARAMETER TV =     1200.000000    

 PARAMETER ZV =    0.9062500000E-02

 *GET  TEMPV     FROM  NODE    233  ITEM=TEMP       VALUE=  50.1691448    

 PARAMETER TV =     1200.000000    

 PARAMETER ZV =    0.9218750000E-02

 *GET  TEMPV     FROM  NODE    237  ITEM=TEMP       VALUE=  50.1310043    

 PARAMETER TV =     1200.000000    

 PARAMETER ZV =    0.9375000000E-02

 *GET  TEMPV     FROM  NODE    241  ITEM=TEMP       VALUE=  50.0913253    

 PARAMETER TV =     1200.000000    

 PARAMETER ZV =    0.9531250000E-02

 *GET  TEMPV     FROM  NODE    245  ITEM=TEMP       VALUE=  50.0500969    

 PARAMETER TV =     1200.000000    

 PARAMETER ZV =    0.9687500000E-02

 *GET  TEMPV     FROM  NODE    249  ITEM=TEMP       VALUE=  50.0073076    

 PARAMETER TV =     1200.000000    

 PARAMETER ZV =    0.9843750000E-02

 *GET  TEMPV     FROM  NODE    253  ITEM=TEMP       VALUE=  49.9629457    

 PARAMETER TV =     1200.000000    

 PARAMETER ZV =    0.1000000000E-01

 *GET  TEMPV     FROM  NODE    257  ITEM=TEMP       VALUE=  49.9169991    


 USE LOAD STEP     0  SUBSTEP  LAST    FOR LOAD CASE 0 
 USE DATA SET FOR TIME OR FREQUENCY=  1800.0    

 SET COMMAND GOT LOAD STEP=     5  SUBSTEP=   120  CUMULATIVE ITERATION=   361
   TIME/FREQUENCY=  1800.0    
 TITLE= Stage 10 plane-wall discretization verification                         

 PARAMETER TV =     1800.000000    

 PARAMETER ZV =     0.000000000    

 *GET  TEMPV     FROM  NODE      1  ITEM=TEMP       VALUE=  36.5995441    

 PARAMETER TV =     1800.000000    

 PARAMETER ZV =    0.1562500000E-03

 *GET  TEMPV     FROM  NODE      5  ITEM=TEMP       VALUE=  36.6250823    

 PARAMETER TV =     1800.000000    

 PARAMETER ZV =    0.3125000000E-03

 *GET  TEMPV     FROM  NODE      9  ITEM=TEMP       VALUE=  36.6498220    

 PARAMETER TV =     1800.000000    

 PARAMETER ZV =    0.4687500000E-03

 *GET  TEMPV     FROM  NODE     13  ITEM=TEMP       VALUE=  36.6737622    

 PARAMETER TV =     1800.000000    

 PARAMETER ZV =    0.6250000000E-03

 *GET  TEMPV     FROM  NODE     17  ITEM=TEMP       VALUE=  36.6969016    

 PARAMETER TV =     1800.000000    

 PARAMETER ZV =    0.7812500000E-03

 *GET  TEMPV     FROM  NODE     21  ITEM=TEMP       VALUE=  36.7192391    

 PARAMETER TV =     1800.000000    

 PARAMETER ZV =    0.9375000000E-03

 *GET  TEMPV     FROM  NODE     25  ITEM=TEMP       VALUE=  36.7407737    

 PARAMETER TV =     1800.000000    

 PARAMETER ZV =    0.1093750000E-02

 *GET  TEMPV     FROM  NODE     29  ITEM=TEMP       VALUE=  36.7615043    

 PARAMETER TV =     1800.000000    

 PARAMETER ZV =    0.1250000000E-02

 *GET  TEMPV     FROM  NODE     33  ITEM=TEMP       VALUE=  36.7814299    

 PARAMETER TV =     1800.000000    

 PARAMETER ZV =    0.1406250000E-02

 *GET  TEMPV     FROM  NODE     37  ITEM=TEMP       VALUE=  36.8005496    

 PARAMETER TV =     1800.000000    

 PARAMETER ZV =    0.1562500000E-02

 *GET  TEMPV     FROM  NODE     41  ITEM=TEMP       VALUE=  36.8188624    

 PARAMETER TV =     1800.000000    

 PARAMETER ZV =    0.1718750000E-02

 *GET  TEMPV     FROM  NODE     45  ITEM=TEMP       VALUE=  36.8363675    

 PARAMETER TV =     1800.000000    

 PARAMETER ZV =    0.1875000000E-02

 *GET  TEMPV     FROM  NODE     49  ITEM=TEMP       VALUE=  36.8530640    

 PARAMETER TV =     1800.000000    

 PARAMETER ZV =    0.2031250000E-02

 *GET  TEMPV     FROM  NODE     53  ITEM=TEMP       VALUE=  36.8689512    

 PARAMETER TV =     1800.000000    

 PARAMETER ZV =    0.2187500000E-02

 *GET  TEMPV     FROM  NODE     57  ITEM=TEMP       VALUE=  36.8840282    

 PARAMETER TV =     1800.000000    

 PARAMETER ZV =    0.2343750000E-02

 *GET  TEMPV     FROM  NODE     61  ITEM=TEMP       VALUE=  36.8982944    

 PARAMETER TV =     1800.000000    

 PARAMETER ZV =    0.2500000000E-02

 *GET  TEMPV     FROM  NODE     65  ITEM=TEMP       VALUE=  36.9117490    

 PARAMETER TV =     1800.000000    

 PARAMETER ZV =    0.2656250000E-02

 *GET  TEMPV     FROM  NODE     69  ITEM=TEMP       VALUE=  36.9243914    

 PARAMETER TV =     1800.000000    

 PARAMETER ZV =    0.2812500000E-02

 *GET  TEMPV     FROM  NODE     73  ITEM=TEMP       VALUE=  36.9362211    

 PARAMETER TV =     1800.000000    

 PARAMETER ZV =    0.2968750000E-02

 *GET  TEMPV     FROM  NODE     77  ITEM=TEMP       VALUE=  36.9472373    

 PARAMETER TV =     1800.000000    

 PARAMETER ZV =    0.3125000000E-02

 *GET  TEMPV     FROM  NODE     81  ITEM=TEMP       VALUE=  36.9574397    

 PARAMETER TV =     1800.000000    

 PARAMETER ZV =    0.3281250000E-02

 *GET  TEMPV     FROM  NODE     85  ITEM=TEMP       VALUE=  36.9668277    

 PARAMETER TV =     1800.000000    

 PARAMETER ZV =    0.3437500000E-02

 *GET  TEMPV     FROM  NODE     89  ITEM=TEMP       VALUE=  36.9754008    

 PARAMETER TV =     1800.000000    

 PARAMETER ZV =    0.3593750000E-02

 *GET  TEMPV     FROM  NODE     93  ITEM=TEMP       VALUE=  36.9831587    

 PARAMETER TV =     1800.000000    

 PARAMETER ZV =    0.3750000000E-02

 *GET  TEMPV     FROM  NODE     97  ITEM=TEMP       VALUE=  36.9901010    

 PARAMETER TV =     1800.000000    

 PARAMETER ZV =    0.3906250000E-02

 *GET  TEMPV     FROM  NODE    101  ITEM=TEMP       VALUE=  36.9962273    

 PARAMETER TV =     1800.000000    

 PARAMETER ZV =    0.4062500000E-02

 *GET  TEMPV     FROM  NODE    105  ITEM=TEMP       VALUE=  37.0015374    

 PARAMETER TV =     1800.000000    

 PARAMETER ZV =    0.4218750000E-02

 *GET  TEMPV     FROM  NODE    109  ITEM=TEMP       VALUE=  37.0060310    

 PARAMETER TV =     1800.000000    

 PARAMETER ZV =    0.4375000000E-02

 *GET  TEMPV     FROM  NODE    113  ITEM=TEMP       VALUE=  37.0097078    

 PARAMETER TV =     1800.000000    

 PARAMETER ZV =    0.4531250000E-02

 *GET  TEMPV     FROM  NODE    117  ITEM=TEMP       VALUE=  37.0125678    

 PARAMETER TV =     1800.000000    

 PARAMETER ZV =    0.4687500000E-02

 *GET  TEMPV     FROM  NODE    121  ITEM=TEMP       VALUE=  37.0146107    

 PARAMETER TV =     1800.000000    

 PARAMETER ZV =    0.4843750000E-02

 *GET  TEMPV     FROM  NODE    125  ITEM=TEMP       VALUE=  37.0158365    

 PARAMETER TV =     1800.000000    

 PARAMETER ZV =    0.5000000000E-02

 *GET  TEMPV     FROM  NODE    129  ITEM=TEMP       VALUE=  37.0162451    

 PARAMETER TV =     1800.000000    

 PARAMETER ZV =    0.5156250000E-02

 *GET  TEMPV     FROM  NODE    133  ITEM=TEMP       VALUE=  37.0158365    

 PARAMETER TV =     1800.000000    

 PARAMETER ZV =    0.5312500000E-02

 *GET  TEMPV     FROM  NODE    137  ITEM=TEMP       VALUE=  37.0146107    

 PARAMETER TV =     1800.000000    

 PARAMETER ZV =    0.5468750000E-02

 *GET  TEMPV     FROM  NODE    141  ITEM=TEMP       VALUE=  37.0125678    

 PARAMETER TV =     1800.000000    

 PARAMETER ZV =    0.5625000000E-02

 *GET  TEMPV     FROM  NODE    145  ITEM=TEMP       VALUE=  37.0097078    

 PARAMETER TV =     1800.000000    

 PARAMETER ZV =    0.5781250000E-02

 *GET  TEMPV     FROM  NODE    149  ITEM=TEMP       VALUE=  37.0060310    

 PARAMETER TV =     1800.000000    

 PARAMETER ZV =    0.5937500000E-02

 *GET  TEMPV     FROM  NODE    153  ITEM=TEMP       VALUE=  37.0015374    

 PARAMETER TV =     1800.000000    

 PARAMETER ZV =    0.6093750000E-02

 *GET  TEMPV     FROM  NODE    157  ITEM=TEMP       VALUE=  36.9962273    

 PARAMETER TV =     1800.000000    

 PARAMETER ZV =    0.6250000000E-02

 *GET  TEMPV     FROM  NODE    161  ITEM=TEMP       VALUE=  36.9901010    

 PARAMETER TV =     1800.000000    

 PARAMETER ZV =    0.6406250000E-02

 *GET  TEMPV     FROM  NODE    165  ITEM=TEMP       VALUE=  36.9831587    

 PARAMETER TV =     1800.000000    

 PARAMETER ZV =    0.6562500000E-02

 *GET  TEMPV     FROM  NODE    169  ITEM=TEMP       VALUE=  36.9754008    

 PARAMETER TV =     1800.000000    

 PARAMETER ZV =    0.6718750000E-02

 *GET  TEMPV     FROM  NODE    173  ITEM=TEMP       VALUE=  36.9668277    

 PARAMETER TV =     1800.000000    

 PARAMETER ZV =    0.6875000000E-02

 *GET  TEMPV     FROM  NODE    177  ITEM=TEMP       VALUE=  36.9574397    

 PARAMETER TV =     1800.000000    

 PARAMETER ZV =    0.7031250000E-02

 *GET  TEMPV     FROM  NODE    181  ITEM=TEMP       VALUE=  36.9472373    

 PARAMETER TV =     1800.000000    

 PARAMETER ZV =    0.7187500000E-02

 *GET  TEMPV     FROM  NODE    185  ITEM=TEMP       VALUE=  36.9362211    

 PARAMETER TV =     1800.000000    

 PARAMETER ZV =    0.7343750000E-02

 *GET  TEMPV     FROM  NODE    189  ITEM=TEMP       VALUE=  36.9243914    

 PARAMETER TV =     1800.000000    

 PARAMETER ZV =    0.7500000000E-02

 *GET  TEMPV     FROM  NODE    193  ITEM=TEMP       VALUE=  36.9117490    

 PARAMETER TV =     1800.000000    

 PARAMETER ZV =    0.7656250000E-02

 *GET  TEMPV     FROM  NODE    197  ITEM=TEMP       VALUE=  36.8982944    

 PARAMETER TV =     1800.000000    

 PARAMETER ZV =    0.7812500000E-02

 *GET  TEMPV     FROM  NODE    201  ITEM=TEMP       VALUE=  36.8840282    

 PARAMETER TV =     1800.000000    

 PARAMETER ZV =    0.7968750000E-02

 *GET  TEMPV     FROM  NODE    205  ITEM=TEMP       VALUE=  36.8689512    

 PARAMETER TV =     1800.000000    

 PARAMETER ZV =    0.8125000000E-02

 *GET  TEMPV     FROM  NODE    209  ITEM=TEMP       VALUE=  36.8530640    

 PARAMETER TV =     1800.000000    

 PARAMETER ZV =    0.8281250000E-02

 *GET  TEMPV     FROM  NODE    213  ITEM=TEMP       VALUE=  36.8363675    

 PARAMETER TV =     1800.000000    

 PARAMETER ZV =    0.8437500000E-02

 *GET  TEMPV     FROM  NODE    217  ITEM=TEMP       VALUE=  36.8188624    

 PARAMETER TV =     1800.000000    

 PARAMETER ZV =    0.8593750000E-02

 *GET  TEMPV     FROM  NODE    221  ITEM=TEMP       VALUE=  36.8005496    

 PARAMETER TV =     1800.000000    

 PARAMETER ZV =    0.8750000000E-02

 *GET  TEMPV     FROM  NODE    225  ITEM=TEMP       VALUE=  36.7814299    

 PARAMETER TV =     1800.000000    

 PARAMETER ZV =    0.8906250000E-02

 *GET  TEMPV     FROM  NODE    229  ITEM=TEMP       VALUE=  36.7615043    

 PARAMETER TV =     1800.000000    

 PARAMETER ZV =    0.9062500000E-02

 *GET  TEMPV     FROM  NODE    233  ITEM=TEMP       VALUE=  36.7407737    

 PARAMETER TV =     1800.000000    

 PARAMETER ZV =    0.9218750000E-02

 *GET  TEMPV     FROM  NODE    237  ITEM=TEMP       VALUE=  36.7192391    

 PARAMETER TV =     1800.000000    

 PARAMETER ZV =    0.9375000000E-02

 *GET  TEMPV     FROM  NODE    241  ITEM=TEMP       VALUE=  36.6969016    

 PARAMETER TV =     1800.000000    

 PARAMETER ZV =    0.9531250000E-02

 *GET  TEMPV     FROM  NODE    245  ITEM=TEMP       VALUE=  36.6737622    

 PARAMETER TV =     1800.000000    

 PARAMETER ZV =    0.9687500000E-02

 *GET  TEMPV     FROM  NODE    249  ITEM=TEMP       VALUE=  36.6498220    

 PARAMETER TV =     1800.000000    

 PARAMETER ZV =    0.9843750000E-02

 *GET  TEMPV     FROM  NODE    253  ITEM=TEMP       VALUE=  36.6250823    

 PARAMETER TV =     1800.000000    

 PARAMETER ZV =    0.1000000000E-01

 *GET  TEMPV     FROM  NODE    257  ITEM=TEMP       VALUE=  36.5995441    

  COMMAND FILE CLOSED 


 EXIT THE MAPDL POST1 DATABASE PROCESSOR


 ***** ROUTINE COMPLETED *****  ELAPSED TIME =        11.638



 EXIT MAPDL WITHOUT SAVING DATABASE


 NUMBER OF WARNING MESSAGES ENCOUNTERED=          0
 NUMBER OF ERROR   MESSAGES ENCOUNTERED=          0

+--------------------- M A P D L   S T A T I S T I C S ------------------------+

Release: 2026 R1            Build: 26.1       Update: UP20260202   Platform: WINDOWS x64 
Date Run: 09/14/2026   Time: 21:02     Process ID: 15100
Operating System: Windows 11  (Build: 26200)

Processor Model: AMD Ryzen 7 7435HS

Compiler: Intel(R) Fortran Compiler Classic Version 2021.9  (Build: 20230302)
          Intel(R) C/C++ Compiler Classic Version 2021.9  (Build: 20230302)
          AOCL-BLAS 5.1.1 Build 20251008
          Intel(R) oneAPI Math Kernel Library Version 2024.2.3-Product Build 20250403

Number of machines requested            :    1
Total number of cores available         :   16
Number of physical cores available      :    8
Number of processes requested           :    1
Number of threads per process requested :    1
Total number of cores requested         :    1 (Shared Memory Parallel)                    

GPU Acceleration: Not Requested

Job Name: stage10_thermal
Input File: C:\Users\asus\AppData\Local\Temp\FDM_stage10_thermal_time_coarse__eovwmdu\input.dat
Working Directory: C:\Users\asus\AppData\Local\Temp\FDM_stage10_thermal_time_coarse__eovwmdu

Total CPU time for main thread                    :        2.8 seconds
Total CPU time summed for all threads             :        2.6 seconds

Elapsed time spent obtaining a license            :        1.3 seconds
Elapsed time spent pre-processing model (/PREP7)  :        0.0 seconds
Elapsed time spent solution - preprocessing       :        0.0 seconds
Elapsed time spent computing solution             :        5.5 seconds
   Elapsed time in element formation & assembly   :        0.4 seconds
   Elapsed time in equation solver                :        4.6 seconds
   Elapsed time in element result calculations    :        0.1 seconds
Elapsed time spent solution - postprocessing      :        0.0 seconds
Elapsed time spent post-processing model (/POST1) :        0.1 seconds
 
Equation solver used                              :            Sparse (symmetric)

Sum of disk space used on all processes           :        0.6 MB

Sum of memory used on all processes               :       42.0 MB
Sum of memory allocated on all processes          :     2304.0 MB
Physical memory available                         :         16 GB
Total amount of I/O written to disk               :        0.0 GB
Total amount of I/O read from disk                :        0.0 GB

+------------------ E N D   M A P D L   S T A T I S T I C S -------------------+


 *-----------------------------------------------------------------------------*
 |                                                                             |
 |                               RUN COMPLETED                                 |
 |                                                                             |
 |-----------------------------------------------------------------------------|
 |                                                                             |
 |  Ansys MAPDL 2026 R1         Build 26.1         UP20260202    WINDOWS x64   |
 |                                                                             |
 |-----------------------------------------------------------------------------|
 |                                                                             |
 |  Database Requested(-db)     1024 MB     Scratch Memory Requested   1024 MB |
 |  Max Database Used(Master)      1 MB     Max Scratch Used(Master)     41 MB |
 |  Max Database Used(Workers)     0 MB     Max Scratch Used(Workers)     0 MB |
 |  Sum Database Used(All)         1 MB     Sum Scratch Used(All)        41 MB |
 |                                                                             |
 |-----------------------------------------------------------------------------|
 |                                                                             |
 |        CP Time      (sec) =          2.609       Time  =  21:02:10          |
 |        Elapsed Time (sec) =         21.911       Date  =  09/14/2026        |
 |                                                                             |
 *-----------------------------------------------------------------------------*
