
 Ansys Mechanical Enterprise Academic Student      


 *------------------------------------------------------------------*
 |                                                                  |
 |   W E L C O M E   T O   T H E   A N S Y S (R)  P R O G R A M     |
 |                                                                  |
 *------------------------------------------------------------------*




 ***************************************************************
 *         ANSYS MAPDL 2026 R1          LEGAL NOTICES          *
 ***************************************************************
 *                                                             *
 * Copyright (c) 2026 Synopsys, Inc. and ANSYS, Inc.           *
 * All rights reserved.                                        *
 * Unauthorized use, distribution or duplication is            *
 * prohibited.                                                 *
 *                                                             *
 * Ansys is a registered trademark of Ansys, Inc. or its       *
 * subsidiaries in the United States or other countries.       *
 * See the Ansys, Inc. online documentation or the Ansys, Inc. *
 * documentation CD or online help for the complete Legal      *
 * Notice.                                                     *
 *                                                             *
 ***************************************************************
 *                                                             *
 * THIS ANSYS SOFTWARE PRODUCT AND PROGRAM DOCUMENTATION       *
 * INCLUDE TRADE SECRETS AND CONFIDENTIAL AND PROPRIETARY      *
 * PRODUCTS OF ANSYS, INC., ITS SUBSIDIARIES, OR LICENSORS.    *
 * The software products and documentation are furnished by    *
 * Ansys, Inc. or its subsidiaries under a software license    *
 * agreement that contains provisions concerning               *
 * non-disclosure, copying, length and nature of use,          *
 * compliance with exporting laws, warranties, disclaimers,    *
 * limitations of liability, and remedies, and other           *
 * provisions.  The software products and documentation may be *
 * used, disclosed, transferred, or copied only in accordance  *
 * with the terms and conditions of that software license      *
 * agreement.                                                  *
 *                                                             *
 * Ansys, Inc. is a UL registered                              *
 * ISO 9001:2015 company.                                      *
 *                                                             *
 ***************************************************************
 *                                                             *
 * This product is subject to U.S. laws governing export and   *
 * re-export.                                                  *
 *                                                             *
 * For U.S. Government users, except as specifically granted   *
 * by the Ansys, Inc. software license agreement, the use,     *
 * duplication, or disclosure by the United States Government  *
 * is subject to restrictions stated in the Ansys, Inc.        *
 * software license agreement and FAR 12.212 (for non-DOD      *
 * licenses).                                                  *
 *                                                             *
 ***************************************************************

 2026 R1 
     
 Point Releases and Patches installed:   
     
 Ansys, Inc. License Manager 2026 R1 
 Discovery (full install) 2026 R1
 Core WB Files 2026 R1   
 optiSLang Core UI 2026 R1   
 CFX (includes CFD-Post) 2026 R1 
 Chemkin 2026 R1 
 EnSight 2026 R1 
 FENSAP-ICE 2026 R1  
 Fluent (includes CFD-Post) 2026 R1  
 Polyflow (includes CFD-Post) 2026 R1
 Forte (includes EnSight) 2026 R1
 Rocky 2026 R1   
 TurboGrid 2026 R1   
 ACIS Geometry Interface 2026 R1 
 AutoCAD Geometry Interface 2026 R1  
 Catia, Version 4 Geometry Interface 2026 R1 
 Catia, Version 5 Geometry Interface 2026 R1 
 Catia, Version 6 Geometry Interface 2026 R1 
 Creo Elements/Direct Modeling Geometry Interface 2026 R1
 Creo Parametric Geometry Interface 2026 R1  
 Inventor Geometry Interface 2026 R1 
 JTOpen Geometry Interface 2026 R1   
 NX Geometry Interface 2026 R1   
 Parasolid Geometry Interface  2026 R1   
 Solid Edge Geometry Interface 2026 R1   
 SOLIDWORKS Geometry Interface 2026 R1   
 Speos 2026 R1   
 SpaceClaim 2026 R1  
 Speos RPC 2026 R1   
 Zemax OpticStudio 2026 R1   
 Dynamic Reporting 2026 R1   
 Aqwa 2026 R1
 Autodyn 2026 R1 
 Material Calibration App 2026 R1
 Mechanical Products 2026 R1 
 Motion 2026 R1  
 Academic Student 2026 R1


          *****  MAPDL COMMAND LINE ARGUMENTS  *****
  INITIAL JOBNAME              = stage10                                                                                                                                                                                                                                                 
  BATCH MODE REQUESTED (-b)    = LIST
  INPUT FILE COPY MODE (-c)    = COPY
       1 PARALLEL PROCESSES REQUESTED WITH SINGLE THREAD PER PROCESS
    TOTAL OF     1 CORES REQUESTED
  INPUT FILE NAME              = C:\Users\asus\AppData\Local\Temp\FDM_stage10_structural_mesh_fine_qw5i7f9u\input.dat
  OUTPUT FILE NAME             = C:\Users\asus\AppData\Local\Temp\FDM_stage10_structural_mesh_fine_qw5i7f9u\mapdl.out

 RELEASE= 2026 R1              BUILD= 26.1      UP20260202   VERSION=WINDOWS x64 
 CURRENT JOBNAME=stage10  20:27:39  SEP 14, 2026  Elapsed Time=       0.094

     1  /BATCH  
     2  /FILNAME,stage10_structural 
     3  /TITLE,Stage 10 isothermal discretization verification  
     4  /PREP7  
     5  ET,1,182
     6  KEYOPT,1,3,3
     7  R,1,1   
     8  TYPE,1  
     9  REAL,1  
    10  MAT,1   
    11  MP,EX,1,1691.594
    12  MP,PRXY,1,0.35  
    13  TB,PRONY,1,,23,SHEAR
    14  TBDATA,1,0.003681734506033953,1.176e-14 
    15  TBDATA,3,0.001067632067742023,1.228e-14 
    16  TBDATA,5,0.00464000227004825,2.878e-14  
    17  TBDATA,7,0.007537860739633741,1.701e-12 
    18  TBDATA,9,0.01232979071810375,9.178e-12  
    19  TBDATA,11,0.01838739082782275,6.034e-11 
    20  TBDATA,13,0.02693672358733833,6.187e-09 
    21  TBDATA,15,0.03785541920815515,1.102e-07 
    22  TBDATA,17,0.05467269332948686,1.047e-06 
    23  TBDATA,19,0.0803478848943659,6.903e-06  
    24  TBDATA,21,0.06708938433217426,2.582e-05 
    25  TBDATA,23,0.07582552314562477,5.363e-05 
    26  TBDATA,25,0.1025482473926959,0.0001838  
    27  TBDATA,27,0.05521005631374904,0.0004386 
    28  TBDATA,29,0.0968341103125218,0.0007577  
    29  TBDATA,31,0.07939907566472806,0.001795  
    30  TBDATA,33,0.07050509755887051,0.002292  
    31  TBDATA,35,0.05946817025834805,0.006576  
    32  TBDATA,37,0.04760835046707425,0.00992   
    33  TBDATA,39,0.036429545150905,0.0329  
    34  TBDATA,41,0.02631127800169544,0.05374   
    35  TBDATA,43,0.01804747474866901,0.06586   
    36  TBDATA,45,0.01100145779661077,35.03 
    37  TB,PRONY,1,,23,BULK 
    38  TBDATA,1,0.003681734506033953,1.176e-14 
    39  TBDATA,3,0.001067632067742023,1.228e-14 
    40  TBDATA,5,0.00464000227004825,2.878e-14  
    41  TBDATA,7,0.007537860739633741,1.701e-12 
    42  TBDATA,9,0.01232979071810375,9.178e-12  
    43  TBDATA,11,0.01838739082782275,6.034e-11 
    44  TBDATA,13,0.02693672358733833,6.187e-09 
    45  TBDATA,15,0.03785541920815515,1.102e-07 
    46  TBDATA,17,0.05467269332948686,1.047e-06 
    47  TBDATA,19,0.0803478848943659,6.903e-06  
    48  TBDATA,21,0.06708938433217426,2.582e-05 
    49  TBDATA,23,0.07582552314562477,5.363e-05 
    50  TBDATA,25,0.1025482473926959,0.0001838  
    51  TBDATA,27,0.05521005631374904,0.0004386 
    52  TBDATA,29,0.0968341103125218,0.0007577  
    53  TBDATA,31,0.07939907566472806,0.001795  
    54  TBDATA,33,0.07050509755887051,0.002292  
    55  TBDATA,35,0.05946817025834805,0.006576  
    56  TBDATA,37,0.04760835046707425,0.00992   
    57  TBDATA,39,0.036429545150905,0.0329  
    58  TBDATA,41,0.02631127800169544,0.05374   
    59  TBDATA,43,0.01804747474866901,0.06586   
    60  TBDATA,45,0.01100145779661077,35.03 
    61  MP,EX,2,1691.594
    62  MP,PRXY,2,0.35  
    63  TB,PRONY,2,,23,SHEAR
    64  TBDATA,1,0.003681734506033953,1.176e-13 
    65  TBDATA,3,0.001067632067742023,1.228e-13 
    66  TBDATA,5,0.00464000227004825,2.878e-13  
    67  TBDATA,7,0.007537860739633741,1.701e-11 
    68  TBDATA,9,0.01232979071810375,9.177999999999999e-11  
    69  TBDATA,11,0.01838739082782275,6.034e-10 
    70  TBDATA,13,0.02693672358733833,6.187e-08 
    71  TBDATA,15,0.03785541920815515,1.102e-06 
    72  TBDATA,17,0.05467269332948686,1.047e-05 
    73  TBDATA,19,0.0803478848943659,6.902999999999999e-05  
    74  TBDATA,21,0.06708938433217426,0.0002582 
    75  TBDATA,23,0.07582552314562477,0.0005363 
    76  TBDATA,25,0.1025482473926959,0.001838   
    77  TBDATA,27,0.05521005631374904,0.004386  
    78  TBDATA,29,0.0968341103125218,0.007577   
    79  TBDATA,31,0.07939907566472806,0.01795   
    80  TBDATA,33,0.07050509755887051,0.02292   
    81  TBDATA,35,0.05946817025834805,0.06576   
    82  TBDATA,37,0.04760835046707425,0.0992
    83  TBDATA,39,0.036429545150905,0.329   
    84  TBDATA,41,0.02631127800169544,0.5374
    85  TBDATA,43,0.01804747474866901,0.6586000000000001
    86  TBDATA,45,0.01100145779661077,350.3 
    87  TB,PRONY,2,,23,BULK 
    88  TBDATA,1,0.003681734506033953,1.176e-13 
    89  TBDATA,3,0.001067632067742023,1.228e-13 
    90  TBDATA,5,0.00464000227004825,2.878e-13  
    91  TBDATA,7,0.007537860739633741,1.701e-11 
    92  TBDATA,9,0.01232979071810375,9.177999999999999e-11  
    93  TBDATA,11,0.01838739082782275,6.034e-10 
    94  TBDATA,13,0.02693672358733833,6.187e-08 
    95  TBDATA,15,0.03785541920815515,1.102e-06 
    96  TBDATA,17,0.05467269332948686,1.047e-05 
    97  TBDATA,19,0.0803478848943659,6.902999999999999e-05  
    98  TBDATA,21,0.06708938433217426,0.0002582 
    99  TBDATA,23,0.07582552314562477,0.0005363 
   100  TBDATA,25,0.1025482473926959,0.001838   
   101  TBDATA,27,0.05521005631374904,0.004386  
   102  TBDATA,29,0.0968341103125218,0.007577   
   103  TBDATA,31,0.07939907566472806,0.01795   
   104  TBDATA,33,0.07050509755887051,0.02292   
   105  TBDATA,35,0.05946817025834805,0.06576   
   106  TBDATA,37,0.04760835046707425,0.0992
   107  TBDATA,39,0.036429545150905,0.329   
   108  TBDATA,41,0.02631127800169544,0.5374
   109  TBDATA,43,0.01804747474866901,0.6586000000000001
   110  TBDATA,45,0.01100145779661077,350.3 
   111  N,1,0,0,0   
   112  N,2,1,0,0   
   113  N,3,2,0,0   
   114  N,4,3,0,0   
   115  N,5,4,0,0   
   116  N,6,5,0,0   
   117  N,7,6,0,0   
   118  N,8,7,0,0   
   119  N,9,8,0,0   
   120  N,10,9,0,0  
   121  N,11,10,0,0 
   122  N,12,11,0,0 
   123  N,13,12,0,0 
   124  N,14,13,0,0 
   125  N,15,14,0,0 
   126  N,16,15,0,0 
   127  N,17,16,0,0 
   128  N,18,17,0,0 
   129  N,19,18,0,0 
   130  N,20,19,0,0 
   131  N,21,20,0,0 
   132  N,22,21,0,0 
   133  N,23,22,0,0 
   134  N,24,23,0,0 
   135  N,25,24,0,0 
   136  N,26,25,0,0 
   137  N,27,26,0,0 
   138  N,28,27,0,0 
   139  N,29,28,0,0 
   140  N,30,29,0,0 
   141  N,31,30,0,0 
   142  N,32,31,0,0 
   143  N,33,32,0,0 
   144  N,34,33,0,0 
   145  N,35,34,0,0 
   146  N,36,35,0,0 
   147  N,37,36,0,0 
   148  N,38,37,0,0 
   149  N,39,38,0,0 
   150  N,40,39,0,0 
   151  N,41,40,0,0 
   152  N,42,41,0,0 
   153  N,43,42,0,0 
   154  N,44,43,0,0 
   155  N,45,44,0,0 
   156  N,46,45,0,0 
   157  N,47,46,0,0 
   158  N,48,47,0,0 
   159  N,49,48,0,0 
   160  N,50,49,0,0 
   161  N,51,50,0,0 
   162  N,52,51,0,0 
   163  N,53,52,0,0 
   164  N,54,53,0,0 
   165  N,55,54,0,0 
   166  N,56,55,0,0 
   167  N,57,56,0,0 
   168  N,58,57,0,0 
   169  N,59,58,0,0 
   170  N,60,59,0,0 
   171  N,61,60,0,0 
   172  N,62,0,0.5,0
   173  N,63,1,0.5,0
   174  N,64,2,0.5,0
   175  N,65,3,0.5,0
   176  N,66,4,0.5,0
   177  N,67,5,0.5,0
   178  N,68,6,0.5,0
   179  N,69,7,0.5,0
   180  N,70,8,0.5,0
   181  N,71,9,0.5,0
   182  N,72,10,0.5,0   
   183  N,73,11,0.5,0   
   184  N,74,12,0.5,0   
   185  N,75,13,0.5,0   
   186  N,76,14,0.5,0   
   187  N,77,15,0.5,0   
   188  N,78,16,0.5,0   
   189  N,79,17,0.5,0   
   190  N,80,18,0.5,0   
   191  N,81,19,0.5,0   
   192  N,82,20,0.5,0   
   193  N,83,21,0.5,0   
   194  N,84,22,0.5,0   
   195  N,85,23,0.5,0   
   196  N,86,24,0.5,0   
   197  N,87,25,0.5,0   
   198  N,88,26,0.5,0   
   199  N,89,27,0.5,0   
   200  N,90,28,0.5,0   
   201  N,91,29,0.5,0   
   202  N,92,30,0.5,0   
   203  N,93,31,0.5,0   
   204  N,94,32,0.5,0   
   205  N,95,33,0.5,0   
   206  N,96,34,0.5,0   
   207  N,97,35,0.5,0   
   208  N,98,36,0.5,0   
   209  N,99,37,0.5,0   
   210  N,100,38,0.5,0  
   211  N,101,39,0.5,0  
   212  N,102,40,0.5,0  
   213  N,103,41,0.5,0  
   214  N,104,42,0.5,0  
   215  N,105,43,0.5,0  
   216  N,106,44,0.5,0  
   217  N,107,45,0.5,0  
   218  N,108,46,0.5,0  
   219  N,109,47,0.5,0  
   220  N,110,48,0.5,0  
   221  N,111,49,0.5,0  
   222  N,112,50,0.5,0  
   223  N,113,51,0.5,0  
   224  N,114,52,0.5,0  
   225  N,115,53,0.5,0  
   226  N,116,54,0.5,0  
   227  N,117,55,0.5,0  
   228  N,118,56,0.5,0  
   229  N,119,57,0.5,0  
   230  N,120,58,0.5,0  
   231  N,121,59,0.5,0  
   232  N,122,60,0.5,0  
   233  N,123,0,1,0 
   234  N,124,1,1,0 
   235  N,125,2,1,0 
   236  N,126,3,1,0 
   237  N,127,4,1,0 
   238  N,128,5,1,0 
   239  N,129,6,1,0 
   240  N,130,7,1,0 
   241  N,131,8,1,0 
   242  N,132,9,1,0 
   243  N,133,10,1,0
   244  N,134,11,1,0
   245  N,135,12,1,0
   246  N,136,13,1,0
   247  N,137,14,1,0
   248  N,138,15,1,0
   249  N,139,16,1,0
   250  N,140,17,1,0
   251  N,141,18,1,0
   252  N,142,19,1,0
   253  N,143,20,1,0
   254  N,144,21,1,0
   255  N,145,22,1,0
   256  N,146,23,1,0
   257  N,147,24,1,0
   258  N,148,25,1,0
   259  N,149,26,1,0
   260  N,150,27,1,0
   261  N,151,28,1,0
   262  N,152,29,1,0
   263  N,153,30,1,0
   264  N,154,31,1,0
   265  N,155,32,1,0
   266  N,156,33,1,0
   267  N,157,34,1,0
   268  N,158,35,1,0
   269  N,159,36,1,0
   270  N,160,37,1,0
   271  N,161,38,1,0
   272  N,162,39,1,0
   273  N,163,40,1,0
   274  N,164,41,1,0
   275  N,165,42,1,0
   276  N,166,43,1,0
   277  N,167,44,1,0
   278  N,168,45,1,0
   279  N,169,46,1,0
   280  N,170,47,1,0
   281  N,171,48,1,0
   282  N,172,49,1,0
   283  N,173,50,1,0
   284  N,174,51,1,0
   285  N,175,52,1,0
   286  N,176,53,1,0
   287  N,177,54,1,0
   288  N,178,55,1,0
   289  N,179,56,1,0
   290  N,180,57,1,0
   291  N,181,58,1,0
   292  N,182,59,1,0
   293  N,183,60,1,0
   294  N,184,0,1.5,0   
   295  N,185,1,1.5,0   
   296  N,186,2,1.5,0   
   297  N,187,3,1.5,0   
   298  N,188,4,1.5,0   
   299  N,189,5,1.5,0   
   300  N,190,6,1.5,0   
   301  N,191,7,1.5,0   
   302  N,192,8,1.5,0   
   303  N,193,9,1.5,0   
   304  N,194,10,1.5,0  
   305  N,195,11,1.5,0  
   306  N,196,12,1.5,0  
   307  N,197,13,1.5,0  
   308  N,198,14,1.5,0  
   309  N,199,15,1.5,0  
   310  N,200,16,1.5,0  
   311  N,201,17,1.5,0  
   312  N,202,18,1.5,0  
   313  N,203,19,1.5,0  
   314  N,204,20,1.5,0  
   315  N,205,21,1.5,0  
   316  N,206,22,1.5,0  
   317  N,207,23,1.5,0  
   318  N,208,24,1.5,0  
   319  N,209,25,1.5,0  
   320  N,210,26,1.5,0  
   321  N,211,27,1.5,0  
   322  N,212,28,1.5,0  
   323  N,213,29,1.5,0  
   324  N,214,30,1.5,0  
   325  N,215,31,1.5,0  
   326  N,216,32,1.5,0  
   327  N,217,33,1.5,0  
   328  N,218,34,1.5,0  
   329  N,219,35,1.5,0  
   330  N,220,36,1.5,0  
   331  N,221,37,1.5,0  
   332  N,222,38,1.5,0  
   333  N,223,39,1.5,0  
   334  N,224,40,1.5,0  
   335  N,225,41,1.5,0  
   336  N,226,42,1.5,0  
   337  N,227,43,1.5,0  
   338  N,228,44,1.5,0  
   339  N,229,45,1.5,0  
   340  N,230,46,1.5,0  
   341  N,231,47,1.5,0  
   342  N,232,48,1.5,0  
   343  N,233,49,1.5,0  
   344  N,234,50,1.5,0  
   345  N,235,51,1.5,0  
   346  N,236,52,1.5,0  
   347  N,237,53,1.5,0  
   348  N,238,54,1.5,0  
   349  N,239,55,1.5,0  
   350  N,240,56,1.5,0  
   351  N,241,57,1.5,0  
   352  N,242,58,1.5,0  
   353  N,243,59,1.5,0  
   354  N,244,60,1.5,0  
   355  N,245,0,2,0 
   356  N,246,1,2,0 
   357  N,247,2,2,0 
   358  N,248,3,2,0 
   359  N,249,4,2,0 
   360  N,250,5,2,0 
   361  N,251,6,2,0 
   362  N,252,7,2,0 
   363  N,253,8,2,0 
   364  N,254,9,2,0 
   365  N,255,10,2,0
   366  N,256,11,2,0
   367  N,257,12,2,0
   368  N,258,13,2,0
   369  N,259,14,2,0
   370  N,260,15,2,0
   371  N,261,16,2,0
   372  N,262,17,2,0
   373  N,263,18,2,0
   374  N,264,19,2,0
   375  N,265,20,2,0
   376  N,266,21,2,0
   377  N,267,22,2,0
   378  N,268,23,2,0
   379  N,269,24,2,0
   380  N,270,25,2,0
   381  N,271,26,2,0
   382  N,272,27,2,0
   383  N,273,28,2,0
   384  N,274,29,2,0
   385  N,275,30,2,0
   386  N,276,31,2,0
   387  N,277,32,2,0
   388  N,278,33,2,0
   389  N,279,34,2,0
   390  N,280,35,2,0
   391  N,281,36,2,0
   392  N,282,37,2,0
   393  N,283,38,2,0
   394  N,284,39,2,0
   395  N,285,40,2,0
   396  N,286,41,2,0
   397  N,287,42,2,0
   398  N,288,43,2,0
   399  N,289,44,2,0
   400  N,290,45,2,0
   401  N,291,46,2,0
   402  N,292,47,2,0
   403  N,293,48,2,0
   404  N,294,49,2,0
   405  N,295,50,2,0
   406  N,296,51,2,0
   407  N,297,52,2,0
   408  N,298,53,2,0
   409  N,299,54,2,0
   410  N,300,55,2,0
   411  N,301,56,2,0
   412  N,302,57,2,0
   413  N,303,58,2,0
   414  N,304,59,2,0
   415  N,305,60,2,0
   416  N,306,0,2.5,0   
   417  N,307,1,2.5,0   
   418  N,308,2,2.5,0   
   419  N,309,3,2.5,0   
   420  N,310,4,2.5,0   
   421  N,311,5,2.5,0   
   422  N,312,6,2.5,0   
   423  N,313,7,2.5,0   
   424  N,314,8,2.5,0   
   425  N,315,9,2.5,0   
   426  N,316,10,2.5,0  
   427  N,317,11,2.5,0  
   428  N,318,12,2.5,0  
   429  N,319,13,2.5,0  
   430  N,320,14,2.5,0  
   431  N,321,15,2.5,0  
   432  N,322,16,2.5,0  
   433  N,323,17,2.5,0  
   434  N,324,18,2.5,0  
   435  N,325,19,2.5,0  
   436  N,326,20,2.5,0  
   437  N,327,21,2.5,0  
   438  N,328,22,2.5,0  
   439  N,329,23,2.5,0  
   440  N,330,24,2.5,0  
   441  N,331,25,2.5,0  
   442  N,332,26,2.5,0  
   443  N,333,27,2.5,0  
   444  N,334,28,2.5,0  
   445  N,335,29,2.5,0  
   446  N,336,30,2.5,0  
   447  N,337,31,2.5,0  
   448  N,338,32,2.5,0  
   449  N,339,33,2.5,0  
   450  N,340,34,2.5,0  
   451  N,341,35,2.5,0  
   452  N,342,36,2.5,0  
   453  N,343,37,2.5,0  
   454  N,344,38,2.5,0  
   455  N,345,39,2.5,0  
   456  N,346,40,2.5,0  
   457  N,347,41,2.5,0  
   458  N,348,42,2.5,0  
   459  N,349,43,2.5,0  
   460  N,350,44,2.5,0  
   461  N,351,45,2.5,0  
   462  N,352,46,2.5,0  
   463  N,353,47,2.5,0  
   464  N,354,48,2.5,0  
   465  N,355,49,2.5,0  
   466  N,356,50,2.5,0  
   467  N,357,51,2.5,0  
   468  N,358,52,2.5,0  
   469  N,359,53,2.5,0  
   470  N,360,54,2.5,0  
   471  N,361,55,2.5,0  
   472  N,362,56,2.5,0  
   473  N,363,57,2.5,0  
   474  N,364,58,2.5,0  
   475  N,365,59,2.5,0  
   476  N,366,60,2.5,0  
   477  N,367,0,3,0 
   478  N,368,1,3,0 
   479  N,369,2,3,0 
   480  N,370,3,3,0 
   481  N,371,4,3,0 
   482  N,372,5,3,0 
   483  N,373,6,3,0 
   484  N,374,7,3,0 
   485  N,375,8,3,0 
   486  N,376,9,3,0 
   487  N,377,10,3,0
   488  N,378,11,3,0
   489  N,379,12,3,0
   490  N,380,13,3,0
   491  N,381,14,3,0
   492  N,382,15,3,0
   493  N,383,16,3,0
   494  N,384,17,3,0
   495  N,385,18,3,0
   496  N,386,19,3,0
   497  N,387,20,3,0
   498  N,388,21,3,0
   499  N,389,22,3,0
   500  N,390,23,3,0
   501  N,391,24,3,0
   502  N,392,25,3,0
   503  N,393,26,3,0
   504  N,394,27,3,0
   505  N,395,28,3,0
   506  N,396,29,3,0
   507  N,397,30,3,0
   508  N,398,31,3,0
   509  N,399,32,3,0
   510  N,400,33,3,0
   511  N,401,34,3,0
   512  N,402,35,3,0
   513  N,403,36,3,0
   514  N,404,37,3,0
   515  N,405,38,3,0
   516  N,406,39,3,0
   517  N,407,40,3,0
   518  N,408,41,3,0
   519  N,409,42,3,0
   520  N,410,43,3,0
   521  N,411,44,3,0
   522  N,412,45,3,0
   523  N,413,46,3,0
   524  N,414,47,3,0
   525  N,415,48,3,0
   526  N,416,49,3,0
   527  N,417,50,3,0
   528  N,418,51,3,0
   529  N,419,52,3,0
   530  N,420,53,3,0
   531  N,421,54,3,0
   532  N,422,55,3,0
   533  N,423,56,3,0
   534  N,424,57,3,0
   535  N,425,58,3,0
   536  N,426,59,3,0
   537  N,427,60,3,0
   538  N,428,0,3.5,0   
   539  N,429,1,3.5,0   
   540  N,430,2,3.5,0   
   541  N,431,3,3.5,0   
   542  N,432,4,3.5,0   
   543  N,433,5,3.5,0   
   544  N,434,6,3.5,0   
   545  N,435,7,3.5,0   
   546  N,436,8,3.5,0   
   547  N,437,9,3.5,0   
   548  N,438,10,3.5,0  
   549  N,439,11,3.5,0  
   550  N,440,12,3.5,0  
   551  N,441,13,3.5,0  
   552  N,442,14,3.5,0  
   553  N,443,15,3.5,0  
   554  N,444,16,3.5,0  
   555  N,445,17,3.5,0  
   556  N,446,18,3.5,0  
   557  N,447,19,3.5,0  
   558  N,448,20,3.5,0  
   559  N,449,21,3.5,0  
   560  N,450,22,3.5,0  
   561  N,451,23,3.5,0  
   562  N,452,24,3.5,0  
   563  N,453,25,3.5,0  
   564  N,454,26,3.5,0  
   565  N,455,27,3.5,0  
   566  N,456,28,3.5,0  
   567  N,457,29,3.5,0  
   568  N,458,30,3.5,0  
   569  N,459,31,3.5,0  
   570  N,460,32,3.5,0  
   571  N,461,33,3.5,0  
   572  N,462,34,3.5,0  
   573  N,463,35,3.5,0  
   574  N,464,36,3.5,0  
   575  N,465,37,3.5,0  
   576  N,466,38,3.5,0  
   577  N,467,39,3.5,0  
   578  N,468,40,3.5,0  
   579  N,469,41,3.5,0  
   580  N,470,42,3.5,0  
   581  N,471,43,3.5,0  
   582  N,472,44,3.5,0  
   583  N,473,45,3.5,0  
   584  N,474,46,3.5,0  
   585  N,475,47,3.5,0  
   586  N,476,48,3.5,0  
   587  N,477,49,3.5,0  
   588  N,478,50,3.5,0  
   589  N,479,51,3.5,0  
   590  N,480,52,3.5,0  
   591  N,481,53,3.5,0  
   592  N,482,54,3.5,0  
   593  N,483,55,3.5,0  
   594  N,484,56,3.5,0  
   595  N,485,57,3.5,0  
   596  N,486,58,3.5,0  
   597  N,487,59,3.5,0  
   598  N,488,60,3.5,0  
   599  N,489,0,4,0 
   600  N,490,1,4,0 
   601  N,491,2,4,0 
   602  N,492,3,4,0 
   603  N,493,4,4,0 
   604  N,494,5,4,0 
   605  N,495,6,4,0 
   606  N,496,7,4,0 
   607  N,497,8,4,0 
   608  N,498,9,4,0 
   609  N,499,10,4,0
   610  N,500,11,4,0
   611  N,501,12,4,0
   612  N,502,13,4,0
   613  N,503,14,4,0
   614  N,504,15,4,0
   615  N,505,16,4,0
   616  N,506,17,4,0
   617  N,507,18,4,0
   618  N,508,19,4,0
   619  N,509,20,4,0
   620  N,510,21,4,0
   621  N,511,22,4,0
   622  N,512,23,4,0
   623  N,513,24,4,0
   624  N,514,25,4,0
   625  N,515,26,4,0
   626  N,516,27,4,0
   627  N,517,28,4,0
   628  N,518,29,4,0
   629  N,519,30,4,0
   630  N,520,31,4,0
   631  N,521,32,4,0
   632  N,522,33,4,0
   633  N,523,34,4,0
   634  N,524,35,4,0
   635  N,525,36,4,0
   636  N,526,37,4,0
   637  N,527,38,4,0
   638  N,528,39,4,0
   639  N,529,40,4,0
   640  N,530,41,4,0
   641  N,531,42,4,0
   642  N,532,43,4,0
   643  N,533,44,4,0
   644  N,534,45,4,0
   645  N,535,46,4,0
   646  N,536,47,4,0
   647  N,537,48,4,0
   648  N,538,49,4,0
   649  N,539,50,4,0
   650  N,540,51,4,0
   651  N,541,52,4,0
   652  N,542,53,4,0
   653  N,543,54,4,0
   654  N,544,55,4,0
   655  N,545,56,4,0
   656  N,546,57,4,0
   657  N,547,58,4,0
   658  N,548,59,4,0
   659  N,549,60,4,0
   660  MAT,1   
   661  E,1,2,63,62 
   662  E,2,3,64,63 
   663  E,3,4,65,64 
   664  E,4,5,66,65 
   665  E,5,6,67,66 
   666  E,6,7,68,67 
   667  E,7,8,69,68 
   668  E,8,9,70,69 
   669  E,9,10,71,70
   670  E,10,11,72,71   
   671  E,11,12,73,72   
   672  E,12,13,74,73   
   673  E,13,14,75,74   
   674  E,14,15,76,75   
   675  E,15,16,77,76   
   676  E,16,17,78,77   
   677  E,17,18,79,78   
   678  E,18,19,80,79   
   679  E,19,20,81,80   
   680  E,20,21,82,81   
   681  E,21,22,83,82   
   682  E,22,23,84,83   
   683  E,23,24,85,84   
   684  E,24,25,86,85   
   685  E,25,26,87,86   
   686  E,26,27,88,87   
   687  E,27,28,89,88   
   688  E,28,29,90,89   
   689  E,29,30,91,90   
   690  E,30,31,92,91   
   691  E,31,32,93,92   
   692  E,32,33,94,93   
   693  E,33,34,95,94   
   694  E,34,35,96,95   
   695  E,35,36,97,96   
   696  E,36,37,98,97   
   697  E,37,38,99,98   
   698  E,38,39,100,99  
   699  E,39,40,101,100 
   700  E,40,41,102,101 
   701  E,41,42,103,102 
   702  E,42,43,104,103 
   703  E,43,44,105,104 
   704  E,44,45,106,105 
   705  E,45,46,107,106 
   706  E,46,47,108,107 
   707  E,47,48,109,108 
   708  E,48,49,110,109 
   709  E,49,50,111,110 
   710  E,50,51,112,111 
   711  E,51,52,113,112 
   712  E,52,53,114,113 
   713  E,53,54,115,114 
   714  E,54,55,116,115 
   715  E,55,56,117,116 
   716  E,56,57,118,117 
   717  E,57,58,119,118 
   718  E,58,59,120,119 
   719  E,59,60,121,120 
   720  E,60,61,122,121 
   721  MAT,1   
   722  E,62,63,124,123 
   723  E,63,64,125,124 
   724  E,64,65,126,125 
   725  E,65,66,127,126 
   726  E,66,67,128,127 
   727  E,67,68,129,128 
   728  E,68,69,130,129 
   729  E,69,70,131,130 
   730  E,70,71,132,131 
   731  E,71,72,133,132 
   732  E,72,73,134,133 
   733  E,73,74,135,134 
   734  E,74,75,136,135 
   735  E,75,76,137,136 
   736  E,76,77,138,137 
   737  E,77,78,139,138 
   738  E,78,79,140,139 
   739  E,79,80,141,140 
   740  E,80,81,142,141 
   741  E,81,82,143,142 
   742  E,82,83,144,143 
   743  E,83,84,145,144 
   744  E,84,85,146,145 
   745  E,85,86,147,146 
   746  E,86,87,148,147 
   747  E,87,88,149,148 
   748  E,88,89,150,149 
   749  E,89,90,151,150 
   750  E,90,91,152,151 
   751  E,91,92,153,152 
   752  E,92,93,154,153 
   753  E,93,94,155,154 
   754  E,94,95,156,155 
   755  E,95,96,157,156 
   756  E,96,97,158,157 
   757  E,97,98,159,158 
   758  E,98,99,160,159 
   759  E,99,100,161,160
   760  E,100,101,162,161   
   761  E,101,102,163,162   
   762  E,102,103,164,163   
   763  E,103,104,165,164   
   764  E,104,105,166,165   
   765  E,105,106,167,166   
   766  E,106,107,168,167   
   767  E,107,108,169,168   
   768  E,108,109,170,169   
   769  E,109,110,171,170   
   770  E,110,111,172,171   
   771  E,111,112,173,172   
   772  E,112,113,174,173   
   773  E,113,114,175,174   
   774  E,114,115,176,175   
   775  E,115,116,177,176   
   776  E,116,117,178,177   
   777  E,117,118,179,178   
   778  E,118,119,180,179   
   779  E,119,120,181,180   
   780  E,120,121,182,181   
   781  E,121,122,183,182   
   782  MAT,1   
   783  E,123,124,185,184   
   784  E,124,125,186,185   
   785  E,125,126,187,186   
   786  E,126,127,188,187   
   787  E,127,128,189,188   
   788  E,128,129,190,189   
   789  E,129,130,191,190   
   790  E,130,131,192,191   
   791  E,131,132,193,192   
   792  E,132,133,194,193   
   793  E,133,134,195,194   
   794  E,134,135,196,195   
   795  E,135,136,197,196   
   796  E,136,137,198,197   
   797  E,137,138,199,198   
   798  E,138,139,200,199   
   799  E,139,140,201,200   
   800  E,140,141,202,201   
   801  E,141,142,203,202   
   802  E,142,143,204,203   
   803  E,143,144,205,204   
   804  E,144,145,206,205   
   805  E,145,146,207,206   
   806  E,146,147,208,207   
   807  E,147,148,209,208   
   808  E,148,149,210,209   
   809  E,149,150,211,210   
   810  E,150,151,212,211   
   811  E,151,152,213,212   
   812  E,152,153,214,213   
   813  E,153,154,215,214   
   814  E,154,155,216,215   
   815  E,155,156,217,216   
   816  E,156,157,218,217   
   817  E,157,158,219,218   
   818  E,158,159,220,219   
   819  E,159,160,221,220   
   820  E,160,161,222,221   
   821  E,161,162,223,222   
   822  E,162,163,224,223   
   823  E,163,164,225,224   
   824  E,164,165,226,225   
   825  E,165,166,227,226   
   826  E,166,167,228,227   
   827  E,167,168,229,228   
   828  E,168,169,230,229   
   829  E,169,170,231,230   
   830  E,170,171,232,231   
   831  E,171,172,233,232   
   832  E,172,173,234,233   
   833  E,173,174,235,234   
   834  E,174,175,236,235   
   835  E,175,176,237,236   
   836  E,176,177,238,237   
   837  E,177,178,239,238   
   838  E,178,179,240,239   
   839  E,179,180,241,240   
   840  E,180,181,242,241   
   841  E,181,182,243,242   
   842  E,182,183,244,243   
   843  MAT,1   
   844  E,184,185,246,245   
   845  E,185,186,247,246   
   846  E,186,187,248,247   
   847  E,187,188,249,248   
   848  E,188,189,250,249   
   849  E,189,190,251,250   
   850  E,190,191,252,251   
   851  E,191,192,253,252   
   852  E,192,193,254,253   
   853  E,193,194,255,254   
   854  E,194,195,256,255   
   855  E,195,196,257,256   
   856  E,196,197,258,257   
   857  E,197,198,259,258   
   858  E,198,199,260,259   
   859  E,199,200,261,260   
   860  E,200,201,262,261   
   861  E,201,202,263,262   
   862  E,202,203,264,263   
   863  E,203,204,265,264   
   864  E,204,205,266,265   
   865  E,205,206,267,266   
   866  E,206,207,268,267   
   867  E,207,208,269,268   
   868  E,208,209,270,269   
   869  E,209,210,271,270   
   870  E,210,211,272,271   
   871  E,211,212,273,272   
   872  E,212,213,274,273   
   873  E,213,214,275,274   
   874  E,214,215,276,275   
   875  E,215,216,277,276   
   876  E,216,217,278,277   
   877  E,217,218,279,278   
   878  E,218,219,280,279   
   879  E,219,220,281,280   
   880  E,220,221,282,281   
   881  E,221,222,283,282   
   882  E,222,223,284,283   
   883  E,223,224,285,284   
   884  E,224,225,286,285   
   885  E,225,226,287,286   
   886  E,226,227,288,287   
   887  E,227,228,289,288   
   888  E,228,229,290,289   
   889  E,229,230,291,290   
   890  E,230,231,292,291   
   891  E,231,232,293,292   
   892  E,232,233,294,293   
   893  E,233,234,295,294   
   894  E,234,235,296,295   
   895  E,235,236,297,296   
   896  E,236,237,298,297   
   897  E,237,238,299,298   
   898  E,238,239,300,299   
   899  E,239,240,301,300   
   900  E,240,241,302,301   
   901  E,241,242,303,302   
   902  E,242,243,304,303   
   903  E,243,244,305,304   
   904  MAT,2   
   905  E,245,246,307,306   
   906  E,246,247,308,307   
   907  E,247,248,309,308   
   908  E,248,249,310,309   
   909  E,249,250,311,310   
   910  E,250,251,312,311   
   911  E,251,252,313,312   
   912  E,252,253,314,313   
   913  E,253,254,315,314   
   914  E,254,255,316,315   
   915  E,255,256,317,316   
   916  E,256,257,318,317   
   917  E,257,258,319,318   
   918  E,258,259,320,319   
   919  E,259,260,321,320   
   920  E,260,261,322,321   
   921  E,261,262,323,322   
   922  E,262,263,324,323   
   923  E,263,264,325,324   
   924  E,264,265,326,325   
   925  E,265,266,327,326   
   926  E,266,267,328,327   
   927  E,267,268,329,328   
   928  E,268,269,330,329   
   929  E,269,270,331,330   
   930  E,270,271,332,331   
   931  E,271,272,333,332   
   932  E,272,273,334,333   
   933  E,273,274,335,334   
   934  E,274,275,336,335   
   935  E,275,276,337,336   
   936  E,276,277,338,337   
   937  E,277,278,339,338   
   938  E,278,279,340,339   
   939  E,279,280,341,340   
   940  E,280,281,342,341   
   941  E,281,282,343,342   
   942  E,282,283,344,343   
   943  E,283,284,345,344   
   944  E,284,285,346,345   
   945  E,285,286,347,346   
   946  E,286,287,348,347   
   947  E,287,288,349,348   
   948  E,288,289,350,349   
   949  E,289,290,351,350   
   950  E,290,291,352,351   
   951  E,291,292,353,352   
   952  E,292,293,354,353   
   953  E,293,294,355,354   
   954  E,294,295,356,355   
   955  E,295,296,357,356   
   956  E,296,297,358,357   
   957  E,297,298,359,358   
   958  E,298,299,360,359   
   959  E,299,300,361,360   
   960  E,300,301,362,361   
   961  E,301,302,363,362   
   962  E,302,303,364,363   
   963  E,303,304,365,364   
   964  E,304,305,366,365   
   965  MAT,2   
   966  E,306,307,368,367   
   967  E,307,308,369,368   
   968  E,308,309,370,369   
   969  E,309,310,371,370   
   970  E,310,311,372,371   
   971  E,311,312,373,372   
   972  E,312,313,374,373   
   973  E,313,314,375,374   
   974  E,314,315,376,375   
   975  E,315,316,377,376   
   976  E,316,317,378,377   
   977  E,317,318,379,378   
   978  E,318,319,380,379   
   979  E,319,320,381,380   
   980  E,320,321,382,381   
   981  E,321,322,383,382   
   982  E,322,323,384,383   
   983  E,323,324,385,384   
   984  E,324,325,386,385   
   985  E,325,326,387,386   
   986  E,326,327,388,387   
   987  E,327,328,389,388   
   988  E,328,329,390,389   
   989  E,329,330,391,390   
   990  E,330,331,392,391   
   991  E,331,332,393,392   
   992  E,332,333,394,393   
   993  E,333,334,395,394   
   994  E,334,335,396,395   
   995  E,335,336,397,396   
   996  E,336,337,398,397   
   997  E,337,338,399,398   
   998  E,338,339,400,399   
   999  E,339,340,401,400   
  1000  E,340,341,402,401   
  1001  E,341,342,403,402   
  1002  E,342,343,404,403   
  1003  E,343,344,405,404   
  1004  E,344,345,406,405   
  1005  E,345,346,407,406   
  1006  E,346,347,408,407   
  1007  E,347,348,409,408   
  1008  E,348,349,410,409   
  1009  E,349,350,411,410   
  1010  E,350,351,412,411   
  1011  E,351,352,413,412   
  1012  E,352,353,414,413   
  1013  E,353,354,415,414   
  1014  E,354,355,416,415   
  1015  E,355,356,417,416   
  1016  E,356,357,418,417   
  1017  E,357,358,419,418   
  1018  E,358,359,420,419   
  1019  E,359,360,421,420   
  1020  E,360,361,422,421   
  1021  E,361,362,423,422   
  1022  E,362,363,424,423   
  1023  E,363,364,425,424   
  1024  E,364,365,426,425   
  1025  E,365,366,427,426   
  1026  MAT,2   
  1027  E,367,368,429,428   
  1028  E,368,369,430,429   
  1029  E,369,370,431,430   
  1030  E,370,371,432,431   
  1031  E,371,372,433,432   
  1032  E,372,373,434,433   
  1033  E,373,374,435,434   
  1034  E,374,375,436,435   
  1035  E,375,376,437,436   
  1036  E,376,377,438,437   
  1037  E,377,378,439,438   
  1038  E,378,379,440,439   
  1039  E,379,380,441,440   
  1040  E,380,381,442,441   
  1041  E,381,382,443,442   
  1042  E,382,383,444,443   
  1043  E,383,384,445,444   
  1044  E,384,385,446,445   
  1045  E,385,386,447,446   
  1046  E,386,387,448,447   
  1047  E,387,388,449,448   
  1048  E,388,389,450,449   
  1049  E,389,390,451,450   
  1050  E,390,391,452,451   
  1051  E,391,392,453,452   
  1052  E,392,393,454,453   
  1053  E,393,394,455,454   
  1054  E,394,395,456,455   
  1055  E,395,396,457,456   
  1056  E,396,397,458,457   
  1057  E,397,398,459,458   
  1058  E,398,399,460,459   
  1059  E,399,400,461,460   
  1060  E,400,401,462,461   
  1061  E,401,402,463,462   
  1062  E,402,403,464,463   
  1063  E,403,404,465,464   
  1064  E,404,405,466,465   
  1065  E,405,406,467,466   
  1066  E,406,407,468,467   
  1067  E,407,408,469,468   
  1068  E,408,409,470,469   
  1069  E,409,410,471,470   
  1070  E,410,411,472,471   
  1071  E,411,412,473,472   
  1072  E,412,413,474,473   
  1073  E,413,414,475,474   
  1074  E,414,415,476,475   
  1075  E,415,416,477,476   
  1076  E,416,417,478,477   
  1077  E,417,418,479,478   
  1078  E,418,419,480,479   
  1079  E,419,420,481,480   
  1080  E,420,421,482,481   
  1081  E,421,422,483,482   
  1082  E,422,423,484,483   
  1083  E,423,424,485,484   
  1084  E,424,425,486,485   
  1085  E,425,426,487,486   
  1086  E,426,427,488,487   
  1087  MAT,2   
  1088  E,428,429,490,489   
  1089  E,429,430,491,490   
  1090  E,430,431,492,491   
  1091  E,431,432,493,492   
  1092  E,432,433,494,493   
  1093  E,433,434,495,494   
  1094  E,434,435,496,495   
  1095  E,435,436,497,496   
  1096  E,436,437,498,497   
  1097  E,437,438,499,498   
  1098  E,438,439,500,499   
  1099  E,439,440,501,500   
  1100  E,440,441,502,501   
  1101  E,441,442,503,502   
  1102  E,442,443,504,503   
  1103  E,443,444,505,504   
  1104  E,444,445,506,505   
  1105  E,445,446,507,506   
  1106  E,446,447,508,507   
  1107  E,447,448,509,508   
  1108  E,448,449,510,509   
  1109  E,449,450,511,510   
  1110  E,450,451,512,511   
  1111  E,451,452,513,512   
  1112  E,452,453,514,513   
  1113  E,453,454,515,514   
  1114  E,454,455,516,515   
  1115  E,455,456,517,516   
  1116  E,456,457,518,517   
  1117  E,457,458,519,518   
  1118  E,458,459,520,519   
  1119  E,459,460,521,520   
  1120  E,460,461,522,521   
  1121  E,461,462,523,522   
  1122  E,462,463,524,523   
  1123  E,463,464,525,524   
  1124  E,464,465,526,525   
  1125  E,465,466,527,526   
  1126  E,466,467,528,527   
  1127  E,467,468,529,528   
  1128  E,468,469,530,529   
  1129  E,469,470,531,530   
  1130  E,470,471,532,531   
  1131  E,471,472,533,532   
  1132  E,472,473,534,533   
  1133  E,473,474,535,534   
  1134  E,474,475,536,535   
  1135  E,475,476,537,536   
  1136  E,476,477,538,537   
  1137  E,477,478,539,538   
  1138  E,478,479,540,539   
  1139  E,479,480,541,540   
  1140  E,480,481,542,541   
  1141  E,481,482,543,542   
  1142  E,482,483,544,543   
  1143  E,483,484,545,544   
  1144  E,484,485,546,545   
  1145  E,485,486,547,546   
  1146  E,486,487,548,547   
  1147  E,487,488,549,548   
  1148  D,1,UX,0
  1149  D,1,UY,0
  1150  D,62,UX,0   
  1151  D,62,UY,0   
  1152  D,123,UX,0  
  1153  D,123,UY,0  
  1154  D,184,UX,0  
  1155  D,184,UY,0  
  1156  D,245,UX,0  
  1157  D,245,UY,0  
  1158  D,306,UX,0  
  1159  D,306,UY,0  
  1160  D,367,UX,0  
  1161  D,367,UY,0  
  1162  D,428,UX,0  
  1163  D,428,UY,0  
  1164  D,489,UX,0  
  1165  D,489,UY,0  
  1166  FINISH  
  1167  /SOLU   
  1168  ANTYPE,STATIC   
  1169  NLGEOM,OFF  
  1170  AUTOTS,OFF  
  1171  KBC,0   
  1172  OUTRES,ERASE
  1173  OUTRES,ALL,LAST 
  1174  TREF,65 
  1175  BF,ALL,TEMP,65  
  1176  F,61,FY,-6.25e-05   
  1177  F,122,FY,-0.000125  
  1178  F,183,FY,-0.000125  
  1179  F,244,FY,-0.000125  
  1180  F,305,FY,-0.000125  
  1181  F,366,FY,-0.000125  
  1182  F,427,FY,-0.000125  
  1183  F,488,FY,-0.000125  
  1184  F,549,FY,-6.25e-05  
  1185  TIME,1  
  1186  DELTIM,0.01,0.01,0.01   
  1187  SOLVE   
  1188  TIME,31 
  1189  DELTIM,0.1,0.1,0.1  
  1190  SOLVE   
  1191  FDELE,61,FY 
  1192  FDELE,122,FY
  1193  FDELE,183,FY
  1194  FDELE,244,FY
  1195  FDELE,305,FY
  1196  FDELE,366,FY
  1197  FDELE,427,FY
  1198  FDELE,488,FY
  1199  FDELE,549,FY
  1200  TIME,32 
  1201  DELTIM,0.01,0.01,0.01   
  1202  SOLVE   
  1203  TIME,62 
  1204  DELTIM,0.1,0.1,0.1  
  1205  SOLVE   
  1206  FINISH  
  1207  /POST1  
  1208  SET,,,,,62  
  1209  ETABLE,SEQV,S,EQV   
  1210  *CFOPEN,top_nodes,csv   
  1211  NIDV=489
  1212  *GET,XV,NODE,489,LOC,X  
  1213  *GET,YV,NODE,489,LOC,Y  
  1214  *GET,UXV,NODE,489,U,X   
  1215  *GET,UYV,NODE,489,U,Y   
  1216  *VWRITE,NIDV,XV,YV,UXV,UYV  
  1217  (5(E24.16,',')) 
  1218  NIDV=490
  1219  *GET,XV,NODE,490,LOC,X  
  1220  *GET,YV,NODE,490,LOC,Y  
  1221  *GET,UXV,NODE,490,U,X   
  1222  *GET,UYV,NODE,490,U,Y   
  1223  *VWRITE,NIDV,XV,YV,UXV,UYV  
  1224  (5(E24.16,',')) 
  1225  NIDV=491
  1226  *GET,XV,NODE,491,LOC,X  
  1227  *GET,YV,NODE,491,LOC,Y  
  1228  *GET,UXV,NODE,491,U,X   
  1229  *GET,UYV,NODE,491,U,Y   
  1230  *VWRITE,NIDV,XV,YV,UXV,UYV  
  1231  (5(E24.16,',')) 
  1232  NIDV=492
  1233  *GET,XV,NODE,492,LOC,X  
  1234  *GET,YV,NODE,492,LOC,Y  
  1235  *GET,UXV,NODE,492,U,X   
  1236  *GET,UYV,NODE,492,U,Y   
  1237  *VWRITE,NIDV,XV,YV,UXV,UYV  
  1238  (5(E24.16,',')) 
  1239  NIDV=493
  1240  *GET,XV,NODE,493,LOC,X  
  1241  *GET,YV,NODE,493,LOC,Y  
  1242  *GET,UXV,NODE,493,U,X   
  1243  *GET,UYV,NODE,493,U,Y   
  1244  *VWRITE,NIDV,XV,YV,UXV,UYV  
  1245  (5(E24.16,',')) 
  1246  NIDV=494
  1247  *GET,XV,NODE,494,LOC,X  
  1248  *GET,YV,NODE,494,LOC,Y  
  1249  *GET,UXV,NODE,494,U,X   
  1250  *GET,UYV,NODE,494,U,Y   
  1251  *VWRITE,NIDV,XV,YV,UXV,UYV  
  1252  (5(E24.16,',')) 
  1253  NIDV=495
  1254  *GET,XV,NODE,495,LOC,X  
  1255  *GET,YV,NODE,495,LOC,Y  
  1256  *GET,UXV,NODE,495,U,X   
  1257  *GET,UYV,NODE,495,U,Y   
  1258  *VWRITE,NIDV,XV,YV,UXV,UYV  
  1259  (5(E24.16,',')) 
  1260  NIDV=496
  1261  *GET,XV,NODE,496,LOC,X  
  1262  *GET,YV,NODE,496,LOC,Y  
  1263  *GET,UXV,NODE,496,U,X   
  1264  *GET,UYV,NODE,496,U,Y   
  1265  *VWRITE,NIDV,XV,YV,UXV,UYV  
  1266  (5(E24.16,',')) 
  1267  NIDV=497
  1268  *GET,XV,NODE,497,LOC,X  
  1269  *GET,YV,NODE,497,LOC,Y  
  1270  *GET,UXV,NODE,497,U,X   
  1271  *GET,UYV,NODE,497,U,Y   
  1272  *VWRITE,NIDV,XV,YV,UXV,UYV  
  1273  (5(E24.16,',')) 
  1274  NIDV=498
  1275  *GET,XV,NODE,498,LOC,X  
  1276  *GET,YV,NODE,498,LOC,Y  
  1277  *GET,UXV,NODE,498,U,X   
  1278  *GET,UYV,NODE,498,U,Y   
  1279  *VWRITE,NIDV,XV,YV,UXV,UYV  
  1280  (5(E24.16,',')) 
  1281  NIDV=499
  1282  *GET,XV,NODE,499,LOC,X  
  1283  *GET,YV,NODE,499,LOC,Y  
  1284  *GET,UXV,NODE,499,U,X   
  1285  *GET,UYV,NODE,499,U,Y   
  1286  *VWRITE,NIDV,XV,YV,UXV,UYV  
  1287  (5(E24.16,',')) 
  1288  NIDV=500
  1289  *GET,XV,NODE,500,LOC,X  
  1290  *GET,YV,NODE,500,LOC,Y  
  1291  *GET,UXV,NODE,500,U,X   
  1292  *GET,UYV,NODE,500,U,Y   
  1293  *VWRITE,NIDV,XV,YV,UXV,UYV  
  1294  (5(E24.16,',')) 
  1295  NIDV=501
  1296  *GET,XV,NODE,501,LOC,X  
  1297  *GET,YV,NODE,501,LOC,Y  
  1298  *GET,UXV,NODE,501,U,X   
  1299  *GET,UYV,NODE,501,U,Y   
  1300  *VWRITE,NIDV,XV,YV,UXV,UYV  
  1301  (5(E24.16,',')) 
  1302  NIDV=502
  1303  *GET,XV,NODE,502,LOC,X  
  1304  *GET,YV,NODE,502,LOC,Y  
  1305  *GET,UXV,NODE,502,U,X   
  1306  *GET,UYV,NODE,502,U,Y   
  1307  *VWRITE,NIDV,XV,YV,UXV,UYV  
  1308  (5(E24.16,',')) 
  1309  NIDV=503
  1310  *GET,XV,NODE,503,LOC,X  
  1311  *GET,YV,NODE,503,LOC,Y  
  1312  *GET,UXV,NODE,503,U,X   
  1313  *GET,UYV,NODE,503,U,Y   
  1314  *VWRITE,NIDV,XV,YV,UXV,UYV  
  1315  (5(E24.16,',')) 
  1316  NIDV=504
  1317  *GET,XV,NODE,504,LOC,X  
  1318  *GET,YV,NODE,504,LOC,Y  
  1319  *GET,UXV,NODE,504,U,X   
  1320  *GET,UYV,NODE,504,U,Y   
  1321  *VWRITE,NIDV,XV,YV,UXV,UYV  
  1322  (5(E24.16,',')) 
  1323  NIDV=505
  1324  *GET,XV,NODE,505,LOC,X  
  1325  *GET,YV,NODE,505,LOC,Y  
  1326  *GET,UXV,NODE,505,U,X   
  1327  *GET,UYV,NODE,505,U,Y   
  1328  *VWRITE,NIDV,XV,YV,UXV,UYV  
  1329  (5(E24.16,',')) 
  1330  NIDV=506
  1331  *GET,XV,NODE,506,LOC,X  
  1332  *GET,YV,NODE,506,LOC,Y  
  1333  *GET,UXV,NODE,506,U,X   
  1334  *GET,UYV,NODE,506,U,Y   
  1335  *VWRITE,NIDV,XV,YV,UXV,UYV  
  1336  (5(E24.16,',')) 
  1337  NIDV=507
  1338  *GET,XV,NODE,507,LOC,X  
  1339  *GET,YV,NODE,507,LOC,Y  
  1340  *GET,UXV,NODE,507,U,X   
  1341  *GET,UYV,NODE,507,U,Y   
  1342  *VWRITE,NIDV,XV,YV,UXV,UYV  
  1343  (5(E24.16,',')) 
  1344  NIDV=508
  1345  *GET,XV,NODE,508,LOC,X  
  1346  *GET,YV,NODE,508,LOC,Y  
  1347  *GET,UXV,NODE,508,U,X   
  1348  *GET,UYV,NODE,508,U,Y   
  1349  *VWRITE,NIDV,XV,YV,UXV,UYV  
  1350  (5(E24.16,',')) 
  1351  NIDV=509
  1352  *GET,XV,NODE,509,LOC,X  
  1353  *GET,YV,NODE,509,LOC,Y  
  1354  *GET,UXV,NODE,509,U,X   
  1355  *GET,UYV,NODE,509,U,Y   
  1356  *VWRITE,NIDV,XV,YV,UXV,UYV  
  1357  (5(E24.16,',')) 
  1358  NIDV=510
  1359  *GET,XV,NODE,510,LOC,X  
  1360  *GET,YV,NODE,510,LOC,Y  
  1361  *GET,UXV,NODE,510,U,X   
  1362  *GET,UYV,NODE,510,U,Y   
  1363  *VWRITE,NIDV,XV,YV,UXV,UYV  
  1364  (5(E24.16,',')) 
  1365  NIDV=511
  1366  *GET,XV,NODE,511,LOC,X  
  1367  *GET,YV,NODE,511,LOC,Y  
  1368  *GET,UXV,NODE,511,U,X   
  1369  *GET,UYV,NODE,511,U,Y   
  1370  *VWRITE,NIDV,XV,YV,UXV,UYV  
  1371  (5(E24.16,',')) 
  1372  NIDV=512
  1373  *GET,XV,NODE,512,LOC,X  
  1374  *GET,YV,NODE,512,LOC,Y  
  1375  *GET,UXV,NODE,512,U,X   
  1376  *GET,UYV,NODE,512,U,Y   
  1377  *VWRITE,NIDV,XV,YV,UXV,UYV  
  1378  (5(E24.16,',')) 
  1379  NIDV=513
  1380  *GET,XV,NODE,513,LOC,X  
  1381  *GET,YV,NODE,513,LOC,Y  
  1382  *GET,UXV,NODE,513,U,X   
  1383  *GET,UYV,NODE,513,U,Y   
  1384  *VWRITE,NIDV,XV,YV,UXV,UYV  
  1385  (5(E24.16,',')) 
  1386  NIDV=514
  1387  *GET,XV,NODE,514,LOC,X  
  1388  *GET,YV,NODE,514,LOC,Y  
  1389  *GET,UXV,NODE,514,U,X   
  1390  *GET,UYV,NODE,514,U,Y   
  1391  *VWRITE,NIDV,XV,YV,UXV,UYV  
  1392  (5(E24.16,',')) 
  1393  NIDV=515
  1394  *GET,XV,NODE,515,LOC,X  
  1395  *GET,YV,NODE,515,LOC,Y  
  1396  *GET,UXV,NODE,515,U,X   
  1397  *GET,UYV,NODE,515,U,Y   
  1398  *VWRITE,NIDV,XV,YV,UXV,UYV  
  1399  (5(E24.16,',')) 
  1400  NIDV=516
  1401  *GET,XV,NODE,516,LOC,X  
  1402  *GET,YV,NODE,516,LOC,Y  
  1403  *GET,UXV,NODE,516,U,X   
  1404  *GET,UYV,NODE,516,U,Y   
  1405  *VWRITE,NIDV,XV,YV,UXV,UYV  
  1406  (5(E24.16,',')) 
  1407  NIDV=517
  1408  *GET,XV,NODE,517,LOC,X  
  1409  *GET,YV,NODE,517,LOC,Y  
  1410  *GET,UXV,NODE,517,U,X   
  1411  *GET,UYV,NODE,517,U,Y   
  1412  *VWRITE,NIDV,XV,YV,UXV,UYV  
  1413  (5(E24.16,',')) 
  1414  NIDV=518
  1415  *GET,XV,NODE,518,LOC,X  
  1416  *GET,YV,NODE,518,LOC,Y  
  1417  *GET,UXV,NODE,518,U,X   
  1418  *GET,UYV,NODE,518,U,Y   
  1419  *VWRITE,NIDV,XV,YV,UXV,UYV  
  1420  (5(E24.16,',')) 
  1421  NIDV=519
  1422  *GET,XV,NODE,519,LOC,X  
  1423  *GET,YV,NODE,519,LOC,Y  
  1424  *GET,UXV,NODE,519,U,X   
  1425  *GET,UYV,NODE,519,U,Y   
  1426  *VWRITE,NIDV,XV,YV,UXV,UYV  
  1427  (5(E24.16,',')) 
  1428  NIDV=520
  1429  *GET,XV,NODE,520,LOC,X  
  1430  *GET,YV,NODE,520,LOC,Y  
  1431  *GET,UXV,NODE,520,U,X   
  1432  *GET,UYV,NODE,520,U,Y   
  1433  *VWRITE,NIDV,XV,YV,UXV,UYV  
  1434  (5(E24.16,',')) 
  1435  NIDV=521
  1436  *GET,XV,NODE,521,LOC,X  
  1437  *GET,YV,NODE,521,LOC,Y  
  1438  *GET,UXV,NODE,521,U,X   
  1439  *GET,UYV,NODE,521,U,Y   
  1440  *VWRITE,NIDV,XV,YV,UXV,UYV  
  1441  (5(E24.16,',')) 
  1442  NIDV=522
  1443  *GET,XV,NODE,522,LOC,X  
  1444  *GET,YV,NODE,522,LOC,Y  
  1445  *GET,UXV,NODE,522,U,X   
  1446  *GET,UYV,NODE,522,U,Y   
  1447  *VWRITE,NIDV,XV,YV,UXV,UYV  
  1448  (5(E24.16,',')) 
  1449  NIDV=523
  1450  *GET,XV,NODE,523,LOC,X  
  1451  *GET,YV,NODE,523,LOC,Y  
  1452  *GET,UXV,NODE,523,U,X   
  1453  *GET,UYV,NODE,523,U,Y   
  1454  *VWRITE,NIDV,XV,YV,UXV,UYV  
  1455  (5(E24.16,',')) 
  1456  NIDV=524
  1457  *GET,XV,NODE,524,LOC,X  
  1458  *GET,YV,NODE,524,LOC,Y  
  1459  *GET,UXV,NODE,524,U,X   
  1460  *GET,UYV,NODE,524,U,Y   
  1461  *VWRITE,NIDV,XV,YV,UXV,UYV  
  1462  (5(E24.16,',')) 
  1463  NIDV=525
  1464  *GET,XV,NODE,525,LOC,X  
  1465  *GET,YV,NODE,525,LOC,Y  
  1466  *GET,UXV,NODE,525,U,X   
  1467  *GET,UYV,NODE,525,U,Y   
  1468  *VWRITE,NIDV,XV,YV,UXV,UYV  
  1469  (5(E24.16,',')) 
  1470  NIDV=526
  1471  *GET,XV,NODE,526,LOC,X  
  1472  *GET,YV,NODE,526,LOC,Y  
  1473  *GET,UXV,NODE,526,U,X   
  1474  *GET,UYV,NODE,526,U,Y   
  1475  *VWRITE,NIDV,XV,YV,UXV,UYV  
  1476  (5(E24.16,',')) 
  1477  NIDV=527
  1478  *GET,XV,NODE,527,LOC,X  
  1479  *GET,YV,NODE,527,LOC,Y  
  1480  *GET,UXV,NODE,527,U,X   
  1481  *GET,UYV,NODE,527,U,Y   
  1482  *VWRITE,NIDV,XV,YV,UXV,UYV  
  1483  (5(E24.16,',')) 
  1484  NIDV=528
  1485  *GET,XV,NODE,528,LOC,X  
  1486  *GET,YV,NODE,528,LOC,Y  
  1487  *GET,UXV,NODE,528,U,X   
  1488  *GET,UYV,NODE,528,U,Y   
  1489  *VWRITE,NIDV,XV,YV,UXV,UYV  
  1490  (5(E24.16,',')) 
  1491  NIDV=529
  1492  *GET,XV,NODE,529,LOC,X  
  1493  *GET,YV,NODE,529,LOC,Y  
  1494  *GET,UXV,NODE,529,U,X   
  1495  *GET,UYV,NODE,529,U,Y   
  1496  *VWRITE,NIDV,XV,YV,UXV,UYV  
  1497  (5(E24.16,',')) 
  1498  NIDV=530
  1499  *GET,XV,NODE,530,LOC,X  
  1500  *GET,YV,NODE,530,LOC,Y  
  1501  *GET,UXV,NODE,530,U,X   
  1502  *GET,UYV,NODE,530,U,Y   
  1503  *VWRITE,NIDV,XV,YV,UXV,UYV  
  1504  (5(E24.16,',')) 
  1505  NIDV=531
  1506  *GET,XV,NODE,531,LOC,X  
  1507  *GET,YV,NODE,531,LOC,Y  
  1508  *GET,UXV,NODE,531,U,X   
  1509  *GET,UYV,NODE,531,U,Y   
  1510  *VWRITE,NIDV,XV,YV,UXV,UYV  
  1511  (5(E24.16,',')) 
  1512  NIDV=532
  1513  *GET,XV,NODE,532,LOC,X  
  1514  *GET,YV,NODE,532,LOC,Y  
  1515  *GET,UXV,NODE,532,U,X   
  1516  *GET,UYV,NODE,532,U,Y   
  1517  *VWRITE,NIDV,XV,YV,UXV,UYV  
  1518  (5(E24.16,',')) 
  1519  NIDV=533
  1520  *GET,XV,NODE,533,LOC,X  
  1521  *GET,YV,NODE,533,LOC,Y  
  1522  *GET,UXV,NODE,533,U,X   
  1523  *GET,UYV,NODE,533,U,Y   
  1524  *VWRITE,NIDV,XV,YV,UXV,UYV  
  1525  (5(E24.16,',')) 
  1526  NIDV=534
  1527  *GET,XV,NODE,534,LOC,X  
  1528  *GET,YV,NODE,534,LOC,Y  
  1529  *GET,UXV,NODE,534,U,X   
  1530  *GET,UYV,NODE,534,U,Y   
  1531  *VWRITE,NIDV,XV,YV,UXV,UYV  
  1532  (5(E24.16,',')) 
  1533  NIDV=535
  1534  *GET,XV,NODE,535,LOC,X  
  1535  *GET,YV,NODE,535,LOC,Y  
  1536  *GET,UXV,NODE,535,U,X   
  1537  *GET,UYV,NODE,535,U,Y   
  1538  *VWRITE,NIDV,XV,YV,UXV,UYV  
  1539  (5(E24.16,',')) 
  1540  NIDV=536
  1541  *GET,XV,NODE,536,LOC,X  
  1542  *GET,YV,NODE,536,LOC,Y  
  1543  *GET,UXV,NODE,536,U,X   
  1544  *GET,UYV,NODE,536,U,Y   
  1545  *VWRITE,NIDV,XV,YV,UXV,UYV  
  1546  (5(E24.16,',')) 
  1547  NIDV=537
  1548  *GET,XV,NODE,537,LOC,X  
  1549  *GET,YV,NODE,537,LOC,Y  
  1550  *GET,UXV,NODE,537,U,X   
  1551  *GET,UYV,NODE,537,U,Y   
  1552  *VWRITE,NIDV,XV,YV,UXV,UYV  
  1553  (5(E24.16,',')) 
  1554  NIDV=538
  1555  *GET,XV,NODE,538,LOC,X  
  1556  *GET,YV,NODE,538,LOC,Y  
  1557  *GET,UXV,NODE,538,U,X   
  1558  *GET,UYV,NODE,538,U,Y   
  1559  *VWRITE,NIDV,XV,YV,UXV,UYV  
  1560  (5(E24.16,',')) 
  1561  NIDV=539
  1562  *GET,XV,NODE,539,LOC,X  
  1563  *GET,YV,NODE,539,LOC,Y  
  1564  *GET,UXV,NODE,539,U,X   
  1565  *GET,UYV,NODE,539,U,Y   
  1566  *VWRITE,NIDV,XV,YV,UXV,UYV  
  1567  (5(E24.16,',')) 
  1568  NIDV=540
  1569  *GET,XV,NODE,540,LOC,X  
  1570  *GET,YV,NODE,540,LOC,Y  
  1571  *GET,UXV,NODE,540,U,X   
  1572  *GET,UYV,NODE,540,U,Y   
  1573  *VWRITE,NIDV,XV,YV,UXV,UYV  
  1574  (5(E24.16,',')) 
  1575  NIDV=541
  1576  *GET,XV,NODE,541,LOC,X  
  1577  *GET,YV,NODE,541,LOC,Y  
  1578  *GET,UXV,NODE,541,U,X   
  1579  *GET,UYV,NODE,541,U,Y   
  1580  *VWRITE,NIDV,XV,YV,UXV,UYV  
  1581  (5(E24.16,',')) 
  1582  NIDV=542
  1583  *GET,XV,NODE,542,LOC,X  
  1584  *GET,YV,NODE,542,LOC,Y  
  1585  *GET,UXV,NODE,542,U,X   
  1586  *GET,UYV,NODE,542,U,Y   
  1587  *VWRITE,NIDV,XV,YV,UXV,UYV  
  1588  (5(E24.16,',')) 
  1589  NIDV=543
  1590  *GET,XV,NODE,543,LOC,X  
  1591  *GET,YV,NODE,543,LOC,Y  
  1592  *GET,UXV,NODE,543,U,X   
  1593  *GET,UYV,NODE,543,U,Y   
  1594  *VWRITE,NIDV,XV,YV,UXV,UYV  
  1595  (5(E24.16,',')) 
  1596  NIDV=544
  1597  *GET,XV,NODE,544,LOC,X  
  1598  *GET,YV,NODE,544,LOC,Y  
  1599  *GET,UXV,NODE,544,U,X   
  1600  *GET,UYV,NODE,544,U,Y   
  1601  *VWRITE,NIDV,XV,YV,UXV,UYV  
  1602  (5(E24.16,',')) 
  1603  NIDV=545
  1604  *GET,XV,NODE,545,LOC,X  
  1605  *GET,YV,NODE,545,LOC,Y  
  1606  *GET,UXV,NODE,545,U,X   
  1607  *GET,UYV,NODE,545,U,Y   
  1608  *VWRITE,NIDV,XV,YV,UXV,UYV  
  1609  (5(E24.16,',')) 
  1610  NIDV=546
  1611  *GET,XV,NODE,546,LOC,X  
  1612  *GET,YV,NODE,546,LOC,Y  
  1613  *GET,UXV,NODE,546,U,X   
  1614  *GET,UYV,NODE,546,U,Y   
  1615  *VWRITE,NIDV,XV,YV,UXV,UYV  
  1616  (5(E24.16,',')) 
  1617  NIDV=547
  1618  *GET,XV,NODE,547,LOC,X  
  1619  *GET,YV,NODE,547,LOC,Y  
  1620  *GET,UXV,NODE,547,U,X   
  1621  *GET,UYV,NODE,547,U,Y   
  1622  *VWRITE,NIDV,XV,YV,UXV,UYV  
  1623  (5(E24.16,',')) 
  1624  NIDV=548
  1625  *GET,XV,NODE,548,LOC,X  
  1626  *GET,YV,NODE,548,LOC,Y  
  1627  *GET,UXV,NODE,548,U,X   
  1628  *GET,UYV,NODE,548,U,Y   
  1629  *VWRITE,NIDV,XV,YV,UXV,UYV  
  1630  (5(E24.16,',')) 
  1631  NIDV=549
  1632  *GET,XV,NODE,549,LOC,X  
  1633  *GET,YV,NODE,549,LOC,Y  
  1634  *GET,UXV,NODE,549,U,X   
  1635  *GET,UYV,NODE,549,U,Y   
  1636  *VWRITE,NIDV,XV,YV,UXV,UYV  
  1637  (5(E24.16,',')) 
  1638  *CFCLOS 
  1639  *CFOPEN,element_stress,csv  
  1640  EIDV=1  
  1641  *GET,XV,ELEM,1,CENT,X   
  1642  *GET,YV,ELEM,1,CENT,Y   
  1643  *GET,SV,ELEM,1,ETAB,SEQV
  1644  *VWRITE,EIDV,XV,YV,SV   
  1645  (4(E24.16,',')) 
  1646  EIDV=2  
  1647  *GET,XV,ELEM,2,CENT,X   
  1648  *GET,YV,ELEM,2,CENT,Y   
  1649  *GET,SV,ELEM,2,ETAB,SEQV
  1650  *VWRITE,EIDV,XV,YV,SV   
  1651  (4(E24.16,',')) 
  1652  EIDV=3  
  1653  *GET,XV,ELEM,3,CENT,X   
  1654  *GET,YV,ELEM,3,CENT,Y   
  1655  *GET,SV,ELEM,3,ETAB,SEQV
  1656  *VWRITE,EIDV,XV,YV,SV   
  1657  (4(E24.16,',')) 
  1658  EIDV=4  
  1659  *GET,XV,ELEM,4,CENT,X   
  1660  *GET,YV,ELEM,4,CENT,Y   
  1661  *GET,SV,ELEM,4,ETAB,SEQV
  1662  *VWRITE,EIDV,XV,YV,SV   
  1663  (4(E24.16,',')) 
  1664  EIDV=5  
  1665  *GET,XV,ELEM,5,CENT,X   
  1666  *GET,YV,ELEM,5,CENT,Y   
  1667  *GET,SV,ELEM,5,ETAB,SEQV
  1668  *VWRITE,EIDV,XV,YV,SV   
  1669  (4(E24.16,',')) 
  1670  EIDV=6  
  1671  *GET,XV,ELEM,6,CENT,X   
  1672  *GET,YV,ELEM,6,CENT,Y   
  1673  *GET,SV,ELEM,6,ETAB,SEQV
  1674  *VWRITE,EIDV,XV,YV,SV   
  1675  (4(E24.16,',')) 
  1676  EIDV=7  
  1677  *GET,XV,ELEM,7,CENT,X   
  1678  *GET,YV,ELEM,7,CENT,Y   
  1679  *GET,SV,ELEM,7,ETAB,SEQV
  1680  *VWRITE,EIDV,XV,YV,SV   
  1681  (4(E24.16,',')) 
  1682  EIDV=8  
  1683  *GET,XV,ELEM,8,CENT,X   
  1684  *GET,YV,ELEM,8,CENT,Y   
  1685  *GET,SV,ELEM,8,ETAB,SEQV
  1686  *VWRITE,EIDV,XV,YV,SV   
  1687  (4(E24.16,',')) 
  1688  EIDV=9  
  1689  *GET,XV,ELEM,9,CENT,X   
  1690  *GET,YV,ELEM,9,CENT,Y   
  1691  *GET,SV,ELEM,9,ETAB,SEQV
  1692  *VWRITE,EIDV,XV,YV,SV   
  1693  (4(E24.16,',')) 
  1694  EIDV=10 
  1695  *GET,XV,ELEM,10,CENT,X  
  1696  *GET,YV,ELEM,10,CENT,Y  
  1697  *GET,SV,ELEM,10,ETAB,SEQV   
  1698  *VWRITE,EIDV,XV,YV,SV   
  1699  (4(E24.16,',')) 
  1700  EIDV=11 
  1701  *GET,XV,ELEM,11,CENT,X  
  1702  *GET,YV,ELEM,11,CENT,Y  
  1703  *GET,SV,ELEM,11,ETAB,SEQV   
  1704  *VWRITE,EIDV,XV,YV,SV   
  1705  (4(E24.16,',')) 
  1706  EIDV=12 
  1707  *GET,XV,ELEM,12,CENT,X  
  1708  *GET,YV,ELEM,12,CENT,Y  
  1709  *GET,SV,ELEM,12,ETAB,SEQV   
  1710  *VWRITE,EIDV,XV,YV,SV   
  1711  (4(E24.16,',')) 
  1712  EIDV=13 
  1713  *GET,XV,ELEM,13,CENT,X  
  1714  *GET,YV,ELEM,13,CENT,Y  
  1715  *GET,SV,ELEM,13,ETAB,SEQV   
  1716  *VWRITE,EIDV,XV,YV,SV   
  1717  (4(E24.16,',')) 
  1718  EIDV=14 
  1719  *GET,XV,ELEM,14,CENT,X  
  1720  *GET,YV,ELEM,14,CENT,Y  
  1721  *GET,SV,ELEM,14,ETAB,SEQV   
  1722  *VWRITE,EIDV,XV,YV,SV   
  1723  (4(E24.16,',')) 
  1724  EIDV=15 
  1725  *GET,XV,ELEM,15,CENT,X  
  1726  *GET,YV,ELEM,15,CENT,Y  
  1727  *GET,SV,ELEM,15,ETAB,SEQV   
  1728  *VWRITE,EIDV,XV,YV,SV   
  1729  (4(E24.16,',')) 
  1730  EIDV=16 
  1731  *GET,XV,ELEM,16,CENT,X  
  1732  *GET,YV,ELEM,16,CENT,Y  
  1733  *GET,SV,ELEM,16,ETAB,SEQV   
  1734  *VWRITE,EIDV,XV,YV,SV   
  1735  (4(E24.16,',')) 
  1736  EIDV=17 
  1737  *GET,XV,ELEM,17,CENT,X  
  1738  *GET,YV,ELEM,17,CENT,Y  
  1739  *GET,SV,ELEM,17,ETAB,SEQV   
  1740  *VWRITE,EIDV,XV,YV,SV   
  1741  (4(E24.16,',')) 
  1742  EIDV=18 
  1743  *GET,XV,ELEM,18,CENT,X  
  1744  *GET,YV,ELEM,18,CENT,Y  
  1745  *GET,SV,ELEM,18,ETAB,SEQV   
  1746  *VWRITE,EIDV,XV,YV,SV   
  1747  (4(E24.16,',')) 
  1748  EIDV=19 
  1749  *GET,XV,ELEM,19,CENT,X  
  1750  *GET,YV,ELEM,19,CENT,Y  
  1751  *GET,SV,ELEM,19,ETAB,SEQV   
  1752  *VWRITE,EIDV,XV,YV,SV   
  1753  (4(E24.16,',')) 
  1754  EIDV=20 
  1755  *GET,XV,ELEM,20,CENT,X  
  1756  *GET,YV,ELEM,20,CENT,Y  
  1757  *GET,SV,ELEM,20,ETAB,SEQV   
  1758  *VWRITE,EIDV,XV,YV,SV   
  1759  (4(E24.16,',')) 
  1760  EIDV=21 
  1761  *GET,XV,ELEM,21,CENT,X  
  1762  *GET,YV,ELEM,21,CENT,Y  
  1763  *GET,SV,ELEM,21,ETAB,SEQV   
  1764  *VWRITE,EIDV,XV,YV,SV   
  1765  (4(E24.16,',')) 
  1766  EIDV=22 
  1767  *GET,XV,ELEM,22,CENT,X  
  1768  *GET,YV,ELEM,22,CENT,Y  
  1769  *GET,SV,ELEM,22,ETAB,SEQV   
  1770  *VWRITE,EIDV,XV,YV,SV   
  1771  (4(E24.16,',')) 
  1772  EIDV=23 
  1773  *GET,XV,ELEM,23,CENT,X  
  1774  *GET,YV,ELEM,23,CENT,Y  
  1775  *GET,SV,ELEM,23,ETAB,SEQV   
  1776  *VWRITE,EIDV,XV,YV,SV   
  1777  (4(E24.16,',')) 
  1778  EIDV=24 
  1779  *GET,XV,ELEM,24,CENT,X  
  1780  *GET,YV,ELEM,24,CENT,Y  
  1781  *GET,SV,ELEM,24,ETAB,SEQV   
  1782  *VWRITE,EIDV,XV,YV,SV   
  1783  (4(E24.16,',')) 
  1784  EIDV=25 
  1785  *GET,XV,ELEM,25,CENT,X  
  1786  *GET,YV,ELEM,25,CENT,Y  
  1787  *GET,SV,ELEM,25,ETAB,SEQV   
  1788  *VWRITE,EIDV,XV,YV,SV   
  1789  (4(E24.16,',')) 
  1790  EIDV=26 
  1791  *GET,XV,ELEM,26,CENT,X  
  1792  *GET,YV,ELEM,26,CENT,Y  
  1793  *GET,SV,ELEM,26,ETAB,SEQV   
  1794  *VWRITE,EIDV,XV,YV,SV   
  1795  (4(E24.16,',')) 
  1796  EIDV=27 
  1797  *GET,XV,ELEM,27,CENT,X  
  1798  *GET,YV,ELEM,27,CENT,Y  
  1799  *GET,SV,ELEM,27,ETAB,SEQV   
  1800  *VWRITE,EIDV,XV,YV,SV   
  1801  (4(E24.16,',')) 
  1802  EIDV=28 
  1803  *GET,XV,ELEM,28,CENT,X  
  1804  *GET,YV,ELEM,28,CENT,Y  
  1805  *GET,SV,ELEM,28,ETAB,SEQV   
  1806  *VWRITE,EIDV,XV,YV,SV   
  1807  (4(E24.16,',')) 
  1808  EIDV=29 
  1809  *GET,XV,ELEM,29,CENT,X  
  1810  *GET,YV,ELEM,29,CENT,Y  
  1811  *GET,SV,ELEM,29,ETAB,SEQV   
  1812  *VWRITE,EIDV,XV,YV,SV   
  1813  (4(E24.16,',')) 
  1814  EIDV=30 
  1815  *GET,XV,ELEM,30,CENT,X  
  1816  *GET,YV,ELEM,30,CENT,Y  
  1817  *GET,SV,ELEM,30,ETAB,SEQV   
  1818  *VWRITE,EIDV,XV,YV,SV   
  1819  (4(E24.16,',')) 
  1820  EIDV=31 
  1821  *GET,XV,ELEM,31,CENT,X  
  1822  *GET,YV,ELEM,31,CENT,Y  
  1823  *GET,SV,ELEM,31,ETAB,SEQV   
  1824  *VWRITE,EIDV,XV,YV,SV   
  1825  (4(E24.16,',')) 
  1826  EIDV=32 
  1827  *GET,XV,ELEM,32,CENT,X  
  1828  *GET,YV,ELEM,32,CENT,Y  
  1829  *GET,SV,ELEM,32,ETAB,SEQV   
  1830  *VWRITE,EIDV,XV,YV,SV   
  1831  (4(E24.16,',')) 
  1832  EIDV=33 
  1833  *GET,XV,ELEM,33,CENT,X  
  1834  *GET,YV,ELEM,33,CENT,Y  
  1835  *GET,SV,ELEM,33,ETAB,SEQV   
  1836  *VWRITE,EIDV,XV,YV,SV   
  1837  (4(E24.16,',')) 
  1838  EIDV=34 
  1839  *GET,XV,ELEM,34,CENT,X  
  1840  *GET,YV,ELEM,34,CENT,Y  
  1841  *GET,SV,ELEM,34,ETAB,SEQV   
  1842  *VWRITE,EIDV,XV,YV,SV   
  1843  (4(E24.16,',')) 
  1844  EIDV=35 
  1845  *GET,XV,ELEM,35,CENT,X  
  1846  *GET,YV,ELEM,35,CENT,Y  
  1847  *GET,SV,ELEM,35,ETAB,SEQV   
  1848  *VWRITE,EIDV,XV,YV,SV   
  1849  (4(E24.16,',')) 
  1850  EIDV=36 
  1851  *GET,XV,ELEM,36,CENT,X  
  1852  *GET,YV,ELEM,36,CENT,Y  
  1853  *GET,SV,ELEM,36,ETAB,SEQV   
  1854  *VWRITE,EIDV,XV,YV,SV   
  1855  (4(E24.16,',')) 
  1856  EIDV=37 
  1857  *GET,XV,ELEM,37,CENT,X  
  1858  *GET,YV,ELEM,37,CENT,Y  
  1859  *GET,SV,ELEM,37,ETAB,SEQV   
  1860  *VWRITE,EIDV,XV,YV,SV   
  1861  (4(E24.16,',')) 
  1862  EIDV=38 
  1863  *GET,XV,ELEM,38,CENT,X  
  1864  *GET,YV,ELEM,38,CENT,Y  
  1865  *GET,SV,ELEM,38,ETAB,SEQV   
  1866  *VWRITE,EIDV,XV,YV,SV   
  1867  (4(E24.16,',')) 
  1868  EIDV=39 
  1869  *GET,XV,ELEM,39,CENT,X  
  1870  *GET,YV,ELEM,39,CENT,Y  
  1871  *GET,SV,ELEM,39,ETAB,SEQV   
  1872  *VWRITE,EIDV,XV,YV,SV   
  1873  (4(E24.16,',')) 
  1874  EIDV=40 
  1875  *GET,XV,ELEM,40,CENT,X  
  1876  *GET,YV,ELEM,40,CENT,Y  
  1877  *GET,SV,ELEM,40,ETAB,SEQV   
  1878  *VWRITE,EIDV,XV,YV,SV   
  1879  (4(E24.16,',')) 
  1880  EIDV=41 
  1881  *GET,XV,ELEM,41,CENT,X  
  1882  *GET,YV,ELEM,41,CENT,Y  
  1883  *GET,SV,ELEM,41,ETAB,SEQV   
  1884  *VWRITE,EIDV,XV,YV,SV   
  1885  (4(E24.16,',')) 
  1886  EIDV=42 
  1887  *GET,XV,ELEM,42,CENT,X  
  1888  *GET,YV,ELEM,42,CENT,Y  
  1889  *GET,SV,ELEM,42,ETAB,SEQV   
  1890  *VWRITE,EIDV,XV,YV,SV   
  1891  (4(E24.16,',')) 
  1892  EIDV=43 
  1893  *GET,XV,ELEM,43,CENT,X  
  1894  *GET,YV,ELEM,43,CENT,Y  
  1895  *GET,SV,ELEM,43,ETAB,SEQV   
  1896  *VWRITE,EIDV,XV,YV,SV   
  1897  (4(E24.16,',')) 
  1898  EIDV=44 
  1899  *GET,XV,ELEM,44,CENT,X  
  1900  *GET,YV,ELEM,44,CENT,Y  
  1901  *GET,SV,ELEM,44,ETAB,SEQV   
  1902  *VWRITE,EIDV,XV,YV,SV   
  1903  (4(E24.16,',')) 
  1904  EIDV=45 
  1905  *GET,XV,ELEM,45,CENT,X  
  1906  *GET,YV,ELEM,45,CENT,Y  
  1907  *GET,SV,ELEM,45,ETAB,SEQV   
  1908  *VWRITE,EIDV,XV,YV,SV   
  1909  (4(E24.16,',')) 
  1910  EIDV=46 
  1911  *GET,XV,ELEM,46,CENT,X  
  1912  *GET,YV,ELEM,46,CENT,Y  
  1913  *GET,SV,ELEM,46,ETAB,SEQV   
  1914  *VWRITE,EIDV,XV,YV,SV   
  1915  (4(E24.16,',')) 
  1916  EIDV=47 
  1917  *GET,XV,ELEM,47,CENT,X  
  1918  *GET,YV,ELEM,47,CENT,Y  
  1919  *GET,SV,ELEM,47,ETAB,SEQV   
  1920  *VWRITE,EIDV,XV,YV,SV   
  1921  (4(E24.16,',')) 
  1922  EIDV=48 
  1923  *GET,XV,ELEM,48,CENT,X  
  1924  *GET,YV,ELEM,48,CENT,Y  
  1925  *GET,SV,ELEM,48,ETAB,SEQV   
  1926  *VWRITE,EIDV,XV,YV,SV   
  1927  (4(E24.16,',')) 
  1928  EIDV=49 
  1929  *GET,XV,ELEM,49,CENT,X  
  1930  *GET,YV,ELEM,49,CENT,Y  
  1931  *GET,SV,ELEM,49,ETAB,SEQV   
  1932  *VWRITE,EIDV,XV,YV,SV   
  1933  (4(E24.16,',')) 
  1934  EIDV=50 
  1935  *GET,XV,ELEM,50,CENT,X  
  1936  *GET,YV,ELEM,50,CENT,Y  
  1937  *GET,SV,ELEM,50,ETAB,SEQV   
  1938  *VWRITE,EIDV,XV,YV,SV   
  1939  (4(E24.16,',')) 
  1940  EIDV=51 
  1941  *GET,XV,ELEM,51,CENT,X  
  1942  *GET,YV,ELEM,51,CENT,Y  
  1943  *GET,SV,ELEM,51,ETAB,SEQV   
  1944  *VWRITE,EIDV,XV,YV,SV   
  1945  (4(E24.16,',')) 
  1946  EIDV=52 
  1947  *GET,XV,ELEM,52,CENT,X  
  1948  *GET,YV,ELEM,52,CENT,Y  
  1949  *GET,SV,ELEM,52,ETAB,SEQV   
  1950  *VWRITE,EIDV,XV,YV,SV   
  1951  (4(E24.16,',')) 
  1952  EIDV=53 
  1953  *GET,XV,ELEM,53,CENT,X  
  1954  *GET,YV,ELEM,53,CENT,Y  
  1955  *GET,SV,ELEM,53,ETAB,SEQV   
  1956  *VWRITE,EIDV,XV,YV,SV   
  1957  (4(E24.16,',')) 
  1958  EIDV=54 
  1959  *GET,XV,ELEM,54,CENT,X  
  1960  *GET,YV,ELEM,54,CENT,Y  
  1961  *GET,SV,ELEM,54,ETAB,SEQV   
  1962  *VWRITE,EIDV,XV,YV,SV   
  1963  (4(E24.16,',')) 
  1964  EIDV=55 
  1965  *GET,XV,ELEM,55,CENT,X  
  1966  *GET,YV,ELEM,55,CENT,Y  
  1967  *GET,SV,ELEM,55,ETAB,SEQV   
  1968  *VWRITE,EIDV,XV,YV,SV   
  1969  (4(E24.16,',')) 
  1970  EIDV=56 
  1971  *GET,XV,ELEM,56,CENT,X  
  1972  *GET,YV,ELEM,56,CENT,Y  
  1973  *GET,SV,ELEM,56,ETAB,SEQV   
  1974  *VWRITE,EIDV,XV,YV,SV   
  1975  (4(E24.16,',')) 
  1976  EIDV=57 
  1977  *GET,XV,ELEM,57,CENT,X  
  1978  *GET,YV,ELEM,57,CENT,Y  
  1979  *GET,SV,ELEM,57,ETAB,SEQV   
  1980  *VWRITE,EIDV,XV,YV,SV   
  1981  (4(E24.16,',')) 
  1982  EIDV=58 
  1983  *GET,XV,ELEM,58,CENT,X  
  1984  *GET,YV,ELEM,58,CENT,Y  
  1985  *GET,SV,ELEM,58,ETAB,SEQV   
  1986  *VWRITE,EIDV,XV,YV,SV   
  1987  (4(E24.16,',')) 
  1988  EIDV=59 
  1989  *GET,XV,ELEM,59,CENT,X  
  1990  *GET,YV,ELEM,59,CENT,Y  
  1991  *GET,SV,ELEM,59,ETAB,SEQV   
  1992  *VWRITE,EIDV,XV,YV,SV   
  1993  (4(E24.16,',')) 
  1994  EIDV=60 
  1995  *GET,XV,ELEM,60,CENT,X  
  1996  *GET,YV,ELEM,60,CENT,Y  
  1997  *GET,SV,ELEM,60,ETAB,SEQV   
  1998  *VWRITE,EIDV,XV,YV,SV   
  1999  (4(E24.16,',')) 
  2000  EIDV=61 
  2001  *GET,XV,ELEM,61,CENT,X  
  2002  *GET,YV,ELEM,61,CENT,Y  
  2003  *GET,SV,ELEM,61,ETAB,SEQV   
  2004  *VWRITE,EIDV,XV,YV,SV   
  2005  (4(E24.16,',')) 
  2006  EIDV=62 
  2007  *GET,XV,ELEM,62,CENT,X  
  2008  *GET,YV,ELEM,62,CENT,Y  
  2009  *GET,SV,ELEM,62,ETAB,SEQV   
  2010  *VWRITE,EIDV,XV,YV,SV   
  2011  (4(E24.16,',')) 
  2012  EIDV=63 
  2013  *GET,XV,ELEM,63,CENT,X  
  2014  *GET,YV,ELEM,63,CENT,Y  
  2015  *GET,SV,ELEM,63,ETAB,SEQV   
  2016  *VWRITE,EIDV,XV,YV,SV   
  2017  (4(E24.16,',')) 
  2018  EIDV=64 
  2019  *GET,XV,ELEM,64,CENT,X  
  2020  *GET,YV,ELEM,64,CENT,Y  
  2021  *GET,SV,ELEM,64,ETAB,SEQV   
  2022  *VWRITE,EIDV,XV,YV,SV   
  2023  (4(E24.16,',')) 
  2024  EIDV=65 
  2025  *GET,XV,ELEM,65,CENT,X  
  2026  *GET,YV,ELEM,65,CENT,Y  
  2027  *GET,SV,ELEM,65,ETAB,SEQV   
  2028  *VWRITE,EIDV,XV,YV,SV   
  2029  (4(E24.16,',')) 
  2030  EIDV=66 
  2031  *GET,XV,ELEM,66,CENT,X  
  2032  *GET,YV,ELEM,66,CENT,Y  
  2033  *GET,SV,ELEM,66,ETAB,SEQV   
  2034  *VWRITE,EIDV,XV,YV,SV   
  2035  (4(E24.16,',')) 
  2036  EIDV=67 
  2037  *GET,XV,ELEM,67,CENT,X  
  2038  *GET,YV,ELEM,67,CENT,Y  
  2039  *GET,SV,ELEM,67,ETAB,SEQV   
  2040  *VWRITE,EIDV,XV,YV,SV   
  2041  (4(E24.16,',')) 
  2042  EIDV=68 
  2043  *GET,XV,ELEM,68,CENT,X  
  2044  *GET,YV,ELEM,68,CENT,Y  
  2045  *GET,SV,ELEM,68,ETAB,SEQV   
  2046  *VWRITE,EIDV,XV,YV,SV   
  2047  (4(E24.16,',')) 
  2048  EIDV=69 
  2049  *GET,XV,ELEM,69,CENT,X  
  2050  *GET,YV,ELEM,69,CENT,Y  
  2051  *GET,SV,ELEM,69,ETAB,SEQV   
  2052  *VWRITE,EIDV,XV,YV,SV   
  2053  (4(E24.16,',')) 
  2054  EIDV=70 
  2055  *GET,XV,ELEM,70,CENT,X  
  2056  *GET,YV,ELEM,70,CENT,Y  
  2057  *GET,SV,ELEM,70,ETAB,SEQV   
  2058  *VWRITE,EIDV,XV,YV,SV   
  2059  (4(E24.16,',')) 
  2060  EIDV=71 
  2061  *GET,XV,ELEM,71,CENT,X  
  2062  *GET,YV,ELEM,71,CENT,Y  
  2063  *GET,SV,ELEM,71,ETAB,SEQV   
  2064  *VWRITE,EIDV,XV,YV,SV   
  2065  (4(E24.16,',')) 
  2066  EIDV=72 
  2067  *GET,XV,ELEM,72,CENT,X  
  2068  *GET,YV,ELEM,72,CENT,Y  
  2069  *GET,SV,ELEM,72,ETAB,SEQV   
  2070  *VWRITE,EIDV,XV,YV,SV   
  2071  (4(E24.16,',')) 
  2072  EIDV=73 
  2073  *GET,XV,ELEM,73,CENT,X  
  2074  *GET,YV,ELEM,73,CENT,Y  
  2075  *GET,SV,ELEM,73,ETAB,SEQV   
  2076  *VWRITE,EIDV,XV,YV,SV   
  2077  (4(E24.16,',')) 
  2078  EIDV=74 
  2079  *GET,XV,ELEM,74,CENT,X  
  2080  *GET,YV,ELEM,74,CENT,Y  
  2081  *GET,SV,ELEM,74,ETAB,SEQV   
  2082  *VWRITE,EIDV,XV,YV,SV   
  2083  (4(E24.16,',')) 
  2084  EIDV=75 
  2085  *GET,XV,ELEM,75,CENT,X  
  2086  *GET,YV,ELEM,75,CENT,Y  
  2087  *GET,SV,ELEM,75,ETAB,SEQV   
  2088  *VWRITE,EIDV,XV,YV,SV   
  2089  (4(E24.16,',')) 
  2090  EIDV=76 
  2091  *GET,XV,ELEM,76,CENT,X  
  2092  *GET,YV,ELEM,76,CENT,Y  
  2093  *GET,SV,ELEM,76,ETAB,SEQV   
  2094  *VWRITE,EIDV,XV,YV,SV   
  2095  (4(E24.16,',')) 
  2096  EIDV=77 
  2097  *GET,XV,ELEM,77,CENT,X  
  2098  *GET,YV,ELEM,77,CENT,Y  
  2099  *GET,SV,ELEM,77,ETAB,SEQV   
  2100  *VWRITE,EIDV,XV,YV,SV   
  2101  (4(E24.16,',')) 
  2102  EIDV=78 
  2103  *GET,XV,ELEM,78,CENT,X  
  2104  *GET,YV,ELEM,78,CENT,Y  
  2105  *GET,SV,ELEM,78,ETAB,SEQV   
  2106  *VWRITE,EIDV,XV,YV,SV   
  2107  (4(E24.16,',')) 
  2108  EIDV=79 
  2109  *GET,XV,ELEM,79,CENT,X  
  2110  *GET,YV,ELEM,79,CENT,Y  
  2111  *GET,SV,ELEM,79,ETAB,SEQV   
  2112  *VWRITE,EIDV,XV,YV,SV   
  2113  (4(E24.16,',')) 
  2114  EIDV=80 
  2115  *GET,XV,ELEM,80,CENT,X  
  2116  *GET,YV,ELEM,80,CENT,Y  
  2117  *GET,SV,ELEM,80,ETAB,SEQV   
  2118  *VWRITE,EIDV,XV,YV,SV   
  2119  (4(E24.16,',')) 
  2120  EIDV=81 
  2121  *GET,XV,ELEM,81,CENT,X  
  2122  *GET,YV,ELEM,81,CENT,Y  
  2123  *GET,SV,ELEM,81,ETAB,SEQV   
  2124  *VWRITE,EIDV,XV,YV,SV   
  2125  (4(E24.16,',')) 
  2126  EIDV=82 
  2127  *GET,XV,ELEM,82,CENT,X  
  2128  *GET,YV,ELEM,82,CENT,Y  
  2129  *GET,SV,ELEM,82,ETAB,SEQV   
  2130  *VWRITE,EIDV,XV,YV,SV   
  2131  (4(E24.16,',')) 
  2132  EIDV=83 
  2133  *GET,XV,ELEM,83,CENT,X  
  2134  *GET,YV,ELEM,83,CENT,Y  
  2135  *GET,SV,ELEM,83,ETAB,SEQV   
  2136  *VWRITE,EIDV,XV,YV,SV   
  2137  (4(E24.16,',')) 
  2138  EIDV=84 
  2139  *GET,XV,ELEM,84,CENT,X  
  2140  *GET,YV,ELEM,84,CENT,Y  
  2141  *GET,SV,ELEM,84,ETAB,SEQV   
  2142  *VWRITE,EIDV,XV,YV,SV   
  2143  (4(E24.16,',')) 
  2144  EIDV=85 
  2145  *GET,XV,ELEM,85,CENT,X  
  2146  *GET,YV,ELEM,85,CENT,Y  
  2147  *GET,SV,ELEM,85,ETAB,SEQV   
  2148  *VWRITE,EIDV,XV,YV,SV   
  2149  (4(E24.16,',')) 
  2150  EIDV=86 
  2151  *GET,XV,ELEM,86,CENT,X  
  2152  *GET,YV,ELEM,86,CENT,Y  
  2153  *GET,SV,ELEM,86,ETAB,SEQV   
  2154  *VWRITE,EIDV,XV,YV,SV   
  2155  (4(E24.16,',')) 
  2156  EIDV=87 
  2157  *GET,XV,ELEM,87,CENT,X  
  2158  *GET,YV,ELEM,87,CENT,Y  
  2159  *GET,SV,ELEM,87,ETAB,SEQV   
  2160  *VWRITE,EIDV,XV,YV,SV   
  2161  (4(E24.16,',')) 
  2162  EIDV=88 
  2163  *GET,XV,ELEM,88,CENT,X  
  2164  *GET,YV,ELEM,88,CENT,Y  
  2165  *GET,SV,ELEM,88,ETAB,SEQV   
  2166  *VWRITE,EIDV,XV,YV,SV   
  2167  (4(E24.16,',')) 
  2168  EIDV=89 
  2169  *GET,XV,ELEM,89,CENT,X  
  2170  *GET,YV,ELEM,89,CENT,Y  
  2171  *GET,SV,ELEM,89,ETAB,SEQV   
  2172  *VWRITE,EIDV,XV,YV,SV   
  2173  (4(E24.16,',')) 
  2174  EIDV=90 
  2175  *GET,XV,ELEM,90,CENT,X  
  2176  *GET,YV,ELEM,90,CENT,Y  
  2177  *GET,SV,ELEM,90,ETAB,SEQV   
  2178  *VWRITE,EIDV,XV,YV,SV   
  2179  (4(E24.16,',')) 
  2180  EIDV=91 
  2181  *GET,XV,ELEM,91,CENT,X  
  2182  *GET,YV,ELEM,91,CENT,Y  
  2183  *GET,SV,ELEM,91,ETAB,SEQV   
  2184  *VWRITE,EIDV,XV,YV,SV   
  2185  (4(E24.16,',')) 
  2186  EIDV=92 
  2187  *GET,XV,ELEM,92,CENT,X  
  2188  *GET,YV,ELEM,92,CENT,Y  
  2189  *GET,SV,ELEM,92,ETAB,SEQV   
  2190  *VWRITE,EIDV,XV,YV,SV   
  2191  (4(E24.16,',')) 
  2192  EIDV=93 
  2193  *GET,XV,ELEM,93,CENT,X  
  2194  *GET,YV,ELEM,93,CENT,Y  
  2195  *GET,SV,ELEM,93,ETAB,SEQV   
  2196  *VWRITE,EIDV,XV,YV,SV   
  2197  (4(E24.16,',')) 
  2198  EIDV=94 
  2199  *GET,XV,ELEM,94,CENT,X  
  2200  *GET,YV,ELEM,94,CENT,Y  
  2201  *GET,SV,ELEM,94,ETAB,SEQV   
  2202  *VWRITE,EIDV,XV,YV,SV   
  2203  (4(E24.16,',')) 
  2204  EIDV=95 
  2205  *GET,XV,ELEM,95,CENT,X  
  2206  *GET,YV,ELEM,95,CENT,Y  
  2207  *GET,SV,ELEM,95,ETAB,SEQV   
  2208  *VWRITE,EIDV,XV,YV,SV   
  2209  (4(E24.16,',')) 
  2210  EIDV=96 
  2211  *GET,XV,ELEM,96,CENT,X  
  2212  *GET,YV,ELEM,96,CENT,Y  
  2213  *GET,SV,ELEM,96,ETAB,SEQV   
  2214  *VWRITE,EIDV,XV,YV,SV   
  2215  (4(E24.16,',')) 
  2216  EIDV=97 
  2217  *GET,XV,ELEM,97,CENT,X  
  2218  *GET,YV,ELEM,97,CENT,Y  
  2219  *GET,SV,ELEM,97,ETAB,SEQV   
  2220  *VWRITE,EIDV,XV,YV,SV   
  2221  (4(E24.16,',')) 
  2222  EIDV=98 
  2223  *GET,XV,ELEM,98,CENT,X  
  2224  *GET,YV,ELEM,98,CENT,Y  
  2225  *GET,SV,ELEM,98,ETAB,SEQV   
  2226  *VWRITE,EIDV,XV,YV,SV   
  2227  (4(E24.16,',')) 
  2228  EIDV=99 
  2229  *GET,XV,ELEM,99,CENT,X  
  2230  *GET,YV,ELEM,99,CENT,Y  
  2231  *GET,SV,ELEM,99,ETAB,SEQV   
  2232  *VWRITE,EIDV,XV,YV,SV   
  2233  (4(E24.16,',')) 
  2234  EIDV=100
  2235  *GET,XV,ELEM,100,CENT,X 
  2236  *GET,YV,ELEM,100,CENT,Y 
  2237  *GET,SV,ELEM,100,ETAB,SEQV  
  2238  *VWRITE,EIDV,XV,YV,SV   
  2239  (4(E24.16,',')) 
  2240  EIDV=101
  2241  *GET,XV,ELEM,101,CENT,X 
  2242  *GET,YV,ELEM,101,CENT,Y 
  2243  *GET,SV,ELEM,101,ETAB,SEQV  
  2244  *VWRITE,EIDV,XV,YV,SV   
  2245  (4(E24.16,',')) 
  2246  EIDV=102
  2247  *GET,XV,ELEM,102,CENT,X 
  2248  *GET,YV,ELEM,102,CENT,Y 
  2249  *GET,SV,ELEM,102,ETAB,SEQV  
  2250  *VWRITE,EIDV,XV,YV,SV   
  2251  (4(E24.16,',')) 
  2252  EIDV=103
  2253  *GET,XV,ELEM,103,CENT,X 
  2254  *GET,YV,ELEM,103,CENT,Y 
  2255  *GET,SV,ELEM,103,ETAB,SEQV  
  2256  *VWRITE,EIDV,XV,YV,SV   
  2257  (4(E24.16,',')) 
  2258  EIDV=104
  2259  *GET,XV,ELEM,104,CENT,X 
  2260  *GET,YV,ELEM,104,CENT,Y 
  2261  *GET,SV,ELEM,104,ETAB,SEQV  
  2262  *VWRITE,EIDV,XV,YV,SV   
  2263  (4(E24.16,',')) 
  2264  EIDV=105
  2265  *GET,XV,ELEM,105,CENT,X 
  2266  *GET,YV,ELEM,105,CENT,Y 
  2267  *GET,SV,ELEM,105,ETAB,SEQV  
  2268  *VWRITE,EIDV,XV,YV,SV   
  2269  (4(E24.16,',')) 
  2270  EIDV=106
  2271  *GET,XV,ELEM,106,CENT,X 
  2272  *GET,YV,ELEM,106,CENT,Y 
  2273  *GET,SV,ELEM,106,ETAB,SEQV  
  2274  *VWRITE,EIDV,XV,YV,SV   
  2275  (4(E24.16,',')) 
  2276  EIDV=107
  2277  *GET,XV,ELEM,107,CENT,X 
  2278  *GET,YV,ELEM,107,CENT,Y 
  2279  *GET,SV,ELEM,107,ETAB,SEQV  
  2280  *VWRITE,EIDV,XV,YV,SV   
  2281  (4(E24.16,',')) 
  2282  EIDV=108
  2283  *GET,XV,ELEM,108,CENT,X 
  2284  *GET,YV,ELEM,108,CENT,Y 
  2285  *GET,SV,ELEM,108,ETAB,SEQV  
  2286  *VWRITE,EIDV,XV,YV,SV   
  2287  (4(E24.16,',')) 
  2288  EIDV=109
  2289  *GET,XV,ELEM,109,CENT,X 
  2290  *GET,YV,ELEM,109,CENT,Y 
  2291  *GET,SV,ELEM,109,ETAB,SEQV  
  2292  *VWRITE,EIDV,XV,YV,SV   
  2293  (4(E24.16,',')) 
  2294  EIDV=110
  2295  *GET,XV,ELEM,110,CENT,X 
  2296  *GET,YV,ELEM,110,CENT,Y 
  2297  *GET,SV,ELEM,110,ETAB,SEQV  
  2298  *VWRITE,EIDV,XV,YV,SV   
  2299  (4(E24.16,',')) 
  2300  EIDV=111
  2301  *GET,XV,ELEM,111,CENT,X 
  2302  *GET,YV,ELEM,111,CENT,Y 
  2303  *GET,SV,ELEM,111,ETAB,SEQV  
  2304  *VWRITE,EIDV,XV,YV,SV   
  2305  (4(E24.16,',')) 
  2306  EIDV=112
  2307  *GET,XV,ELEM,112,CENT,X 
  2308  *GET,YV,ELEM,112,CENT,Y 
  2309  *GET,SV,ELEM,112,ETAB,SEQV  
  2310  *VWRITE,EIDV,XV,YV,SV   
  2311  (4(E24.16,',')) 
  2312  EIDV=113
  2313  *GET,XV,ELEM,113,CENT,X 
  2314  *GET,YV,ELEM,113,CENT,Y 
  2315  *GET,SV,ELEM,113,ETAB,SEQV  
  2316  *VWRITE,EIDV,XV,YV,SV   
  2317  (4(E24.16,',')) 
  2318  EIDV=114
  2319  *GET,XV,ELEM,114,CENT,X 
  2320  *GET,YV,ELEM,114,CENT,Y 
  2321  *GET,SV,ELEM,114,ETAB,SEQV  
  2322  *VWRITE,EIDV,XV,YV,SV   
  2323  (4(E24.16,',')) 
  2324  EIDV=115
  2325  *GET,XV,ELEM,115,CENT,X 
  2326  *GET,YV,ELEM,115,CENT,Y 
  2327  *GET,SV,ELEM,115,ETAB,SEQV  
  2328  *VWRITE,EIDV,XV,YV,SV   
  2329  (4(E24.16,',')) 
  2330  EIDV=116
  2331  *GET,XV,ELEM,116,CENT,X 
  2332  *GET,YV,ELEM,116,CENT,Y 
  2333  *GET,SV,ELEM,116,ETAB,SEQV  
  2334  *VWRITE,EIDV,XV,YV,SV   
  2335  (4(E24.16,',')) 
  2336  EIDV=117
  2337  *GET,XV,ELEM,117,CENT,X 
  2338  *GET,YV,ELEM,117,CENT,Y 
  2339  *GET,SV,ELEM,117,ETAB,SEQV  
  2340  *VWRITE,EIDV,XV,YV,SV   
  2341  (4(E24.16,',')) 
  2342  EIDV=118
  2343  *GET,XV,ELEM,118,CENT,X 
  2344  *GET,YV,ELEM,118,CENT,Y 
  2345  *GET,SV,ELEM,118,ETAB,SEQV  
  2346  *VWRITE,EIDV,XV,YV,SV   
  2347  (4(E24.16,',')) 
  2348  EIDV=119
  2349  *GET,XV,ELEM,119,CENT,X 
  2350  *GET,YV,ELEM,119,CENT,Y 
  2351  *GET,SV,ELEM,119,ETAB,SEQV  
  2352  *VWRITE,EIDV,XV,YV,SV   
  2353  (4(E24.16,',')) 
  2354  EIDV=120
  2355  *GET,XV,ELEM,120,CENT,X 
  2356  *GET,YV,ELEM,120,CENT,Y 
  2357  *GET,SV,ELEM,120,ETAB,SEQV  
  2358  *VWRITE,EIDV,XV,YV,SV   
  2359  (4(E24.16,',')) 
  2360  EIDV=121
  2361  *GET,XV,ELEM,121,CENT,X 
  2362  *GET,YV,ELEM,121,CENT,Y 
  2363  *GET,SV,ELEM,121,ETAB,SEQV  
  2364  *VWRITE,EIDV,XV,YV,SV   
  2365  (4(E24.16,',')) 
  2366  EIDV=122
  2367  *GET,XV,ELEM,122,CENT,X 
  2368  *GET,YV,ELEM,122,CENT,Y 
  2369  *GET,SV,ELEM,122,ETAB,SEQV  
  2370  *VWRITE,EIDV,XV,YV,SV   
  2371  (4(E24.16,',')) 
  2372  EIDV=123
  2373  *GET,XV,ELEM,123,CENT,X 
  2374  *GET,YV,ELEM,123,CENT,Y 
  2375  *GET,SV,ELEM,123,ETAB,SEQV  
  2376  *VWRITE,EIDV,XV,YV,SV   
  2377  (4(E24.16,',')) 
  2378  EIDV=124
  2379  *GET,XV,ELEM,124,CENT,X 
  2380  *GET,YV,ELEM,124,CENT,Y 
  2381  *GET,SV,ELEM,124,ETAB,SEQV  
  2382  *VWRITE,EIDV,XV,YV,SV   
  2383  (4(E24.16,',')) 
  2384  EIDV=125
  2385  *GET,XV,ELEM,125,CENT,X 
  2386  *GET,YV,ELEM,125,CENT,Y 
  2387  *GET,SV,ELEM,125,ETAB,SEQV  
  2388  *VWRITE,EIDV,XV,YV,SV   
  2389  (4(E24.16,',')) 
  2390  EIDV=126
  2391  *GET,XV,ELEM,126,CENT,X 
  2392  *GET,YV,ELEM,126,CENT,Y 
  2393  *GET,SV,ELEM,126,ETAB,SEQV  
  2394  *VWRITE,EIDV,XV,YV,SV   
  2395  (4(E24.16,',')) 
  2396  EIDV=127
  2397  *GET,XV,ELEM,127,CENT,X 
  2398  *GET,YV,ELEM,127,CENT,Y 
  2399  *GET,SV,ELEM,127,ETAB,SEQV  
  2400  *VWRITE,EIDV,XV,YV,SV   
  2401  (4(E24.16,',')) 
  2402  EIDV=128
  2403  *GET,XV,ELEM,128,CENT,X 
  2404  *GET,YV,ELEM,128,CENT,Y 
  2405  *GET,SV,ELEM,128,ETAB,SEQV  
  2406  *VWRITE,EIDV,XV,YV,SV   
  2407  (4(E24.16,',')) 
  2408  EIDV=129
  2409  *GET,XV,ELEM,129,CENT,X 
  2410  *GET,YV,ELEM,129,CENT,Y 
  2411  *GET,SV,ELEM,129,ETAB,SEQV  
  2412  *VWRITE,EIDV,XV,YV,SV   
  2413  (4(E24.16,',')) 
  2414  EIDV=130
  2415  *GET,XV,ELEM,130,CENT,X 
  2416  *GET,YV,ELEM,130,CENT,Y 
  2417  *GET,SV,ELEM,130,ETAB,SEQV  
  2418  *VWRITE,EIDV,XV,YV,SV   
  2419  (4(E24.16,',')) 
  2420  EIDV=131
  2421  *GET,XV,ELEM,131,CENT,X 
  2422  *GET,YV,ELEM,131,CENT,Y 
  2423  *GET,SV,ELEM,131,ETAB,SEQV  
  2424  *VWRITE,EIDV,XV,YV,SV   
  2425  (4(E24.16,',')) 
  2426  EIDV=132
  2427  *GET,XV,ELEM,132,CENT,X 
  2428  *GET,YV,ELEM,132,CENT,Y 
  2429  *GET,SV,ELEM,132,ETAB,SEQV  
  2430  *VWRITE,EIDV,XV,YV,SV   
  2431  (4(E24.16,',')) 
  2432  EIDV=133
  2433  *GET,XV,ELEM,133,CENT,X 
  2434  *GET,YV,ELEM,133,CENT,Y 
  2435  *GET,SV,ELEM,133,ETAB,SEQV  
  2436  *VWRITE,EIDV,XV,YV,SV   
  2437  (4(E24.16,',')) 
  2438  EIDV=134
  2439  *GET,XV,ELEM,134,CENT,X 
  2440  *GET,YV,ELEM,134,CENT,Y 
  2441  *GET,SV,ELEM,134,ETAB,SEQV  
  2442  *VWRITE,EIDV,XV,YV,SV   
  2443  (4(E24.16,',')) 
  2444  EIDV=135
  2445  *GET,XV,ELEM,135,CENT,X 
  2446  *GET,YV,ELEM,135,CENT,Y 
  2447  *GET,SV,ELEM,135,ETAB,SEQV  
  2448  *VWRITE,EIDV,XV,YV,SV   
  2449  (4(E24.16,',')) 
  2450  EIDV=136
  2451  *GET,XV,ELEM,136,CENT,X 
  2452  *GET,YV,ELEM,136,CENT,Y 
  2453  *GET,SV,ELEM,136,ETAB,SEQV  
  2454  *VWRITE,EIDV,XV,YV,SV   
  2455  (4(E24.16,',')) 
  2456  EIDV=137
  2457  *GET,XV,ELEM,137,CENT,X 
  2458  *GET,YV,ELEM,137,CENT,Y 
  2459  *GET,SV,ELEM,137,ETAB,SEQV  
  2460  *VWRITE,EIDV,XV,YV,SV   
  2461  (4(E24.16,',')) 
  2462  EIDV=138
  2463  *GET,XV,ELEM,138,CENT,X 
  2464  *GET,YV,ELEM,138,CENT,Y 
  2465  *GET,SV,ELEM,138,ETAB,SEQV  
  2466  *VWRITE,EIDV,XV,YV,SV   
  2467  (4(E24.16,',')) 
  2468  EIDV=139
  2469  *GET,XV,ELEM,139,CENT,X 
  2470  *GET,YV,ELEM,139,CENT,Y 
  2471  *GET,SV,ELEM,139,ETAB,SEQV  
  2472  *VWRITE,EIDV,XV,YV,SV   
  2473  (4(E24.16,',')) 
  2474  EIDV=140
  2475  *GET,XV,ELEM,140,CENT,X 
  2476  *GET,YV,ELEM,140,CENT,Y 
  2477  *GET,SV,ELEM,140,ETAB,SEQV  
  2478  *VWRITE,EIDV,XV,YV,SV   
  2479  (4(E24.16,',')) 
  2480  EIDV=141
  2481  *GET,XV,ELEM,141,CENT,X 
  2482  *GET,YV,ELEM,141,CENT,Y 
  2483  *GET,SV,ELEM,141,ETAB,SEQV  
  2484  *VWRITE,EIDV,XV,YV,SV   
  2485  (4(E24.16,',')) 
  2486  EIDV=142
  2487  *GET,XV,ELEM,142,CENT,X 
  2488  *GET,YV,ELEM,142,CENT,Y 
  2489  *GET,SV,ELEM,142,ETAB,SEQV  
  2490  *VWRITE,EIDV,XV,YV,SV   
  2491  (4(E24.16,',')) 
  2492  EIDV=143
  2493  *GET,XV,ELEM,143,CENT,X 
  2494  *GET,YV,ELEM,143,CENT,Y 
  2495  *GET,SV,ELEM,143,ETAB,SEQV  
  2496  *VWRITE,EIDV,XV,YV,SV   
  2497  (4(E24.16,',')) 
  2498  EIDV=144
  2499  *GET,XV,ELEM,144,CENT,X 
  2500  *GET,YV,ELEM,144,CENT,Y 
  2501  *GET,SV,ELEM,144,ETAB,SEQV  
  2502  *VWRITE,EIDV,XV,YV,SV   
  2503  (4(E24.16,',')) 
  2504  EIDV=145
  2505  *GET,XV,ELEM,145,CENT,X 
  2506  *GET,YV,ELEM,145,CENT,Y 
  2507  *GET,SV,ELEM,145,ETAB,SEQV  
  2508  *VWRITE,EIDV,XV,YV,SV   
  2509  (4(E24.16,',')) 
  2510  EIDV=146
  2511  *GET,XV,ELEM,146,CENT,X 
  2512  *GET,YV,ELEM,146,CENT,Y 
  2513  *GET,SV,ELEM,146,ETAB,SEQV  
  2514  *VWRITE,EIDV,XV,YV,SV   
  2515  (4(E24.16,',')) 
  2516  EIDV=147
  2517  *GET,XV,ELEM,147,CENT,X 
  2518  *GET,YV,ELEM,147,CENT,Y 
  2519  *GET,SV,ELEM,147,ETAB,SEQV  
  2520  *VWRITE,EIDV,XV,YV,SV   
  2521  (4(E24.16,',')) 
  2522  EIDV=148
  2523  *GET,XV,ELEM,148,CENT,X 
  2524  *GET,YV,ELEM,148,CENT,Y 
  2525  *GET,SV,ELEM,148,ETAB,SEQV  
  2526  *VWRITE,EIDV,XV,YV,SV   
  2527  (4(E24.16,',')) 
  2528  EIDV=149
  2529  *GET,XV,ELEM,149,CENT,X 
  2530  *GET,YV,ELEM,149,CENT,Y 
  2531  *GET,SV,ELEM,149,ETAB,SEQV  
  2532  *VWRITE,EIDV,XV,YV,SV   
  2533  (4(E24.16,',')) 
  2534  EIDV=150
  2535  *GET,XV,ELEM,150,CENT,X 
  2536  *GET,YV,ELEM,150,CENT,Y 
  2537  *GET,SV,ELEM,150,ETAB,SEQV  
  2538  *VWRITE,EIDV,XV,YV,SV   
  2539  (4(E24.16,',')) 
  2540  EIDV=151
  2541  *GET,XV,ELEM,151,CENT,X 
  2542  *GET,YV,ELEM,151,CENT,Y 
  2543  *GET,SV,ELEM,151,ETAB,SEQV  
  2544  *VWRITE,EIDV,XV,YV,SV   
  2545  (4(E24.16,',')) 
  2546  EIDV=152
  2547  *GET,XV,ELEM,152,CENT,X 
  2548  *GET,YV,ELEM,152,CENT,Y 
  2549  *GET,SV,ELEM,152,ETAB,SEQV  
  2550  *VWRITE,EIDV,XV,YV,SV   
  2551  (4(E24.16,',')) 
  2552  EIDV=153
  2553  *GET,XV,ELEM,153,CENT,X 
  2554  *GET,YV,ELEM,153,CENT,Y 
  2555  *GET,SV,ELEM,153,ETAB,SEQV  
  2556  *VWRITE,EIDV,XV,YV,SV   
  2557  (4(E24.16,',')) 
  2558  EIDV=154
  2559  *GET,XV,ELEM,154,CENT,X 
  2560  *GET,YV,ELEM,154,CENT,Y 
  2561  *GET,SV,ELEM,154,ETAB,SEQV  
  2562  *VWRITE,EIDV,XV,YV,SV   
  2563  (4(E24.16,',')) 
  2564  EIDV=155
  2565  *GET,XV,ELEM,155,CENT,X 
  2566  *GET,YV,ELEM,155,CENT,Y 
  2567  *GET,SV,ELEM,155,ETAB,SEQV  
  2568  *VWRITE,EIDV,XV,YV,SV   
  2569  (4(E24.16,',')) 
  2570  EIDV=156
  2571  *GET,XV,ELEM,156,CENT,X 
  2572  *GET,YV,ELEM,156,CENT,Y 
  2573  *GET,SV,ELEM,156,ETAB,SEQV  
  2574  *VWRITE,EIDV,XV,YV,SV   
  2575  (4(E24.16,',')) 
  2576  EIDV=157
  2577  *GET,XV,ELEM,157,CENT,X 
  2578  *GET,YV,ELEM,157,CENT,Y 
  2579  *GET,SV,ELEM,157,ETAB,SEQV  
  2580  *VWRITE,EIDV,XV,YV,SV   
  2581  (4(E24.16,',')) 
  2582  EIDV=158
  2583  *GET,XV,ELEM,158,CENT,X 
  2584  *GET,YV,ELEM,158,CENT,Y 
  2585  *GET,SV,ELEM,158,ETAB,SEQV  
  2586  *VWRITE,EIDV,XV,YV,SV   
  2587  (4(E24.16,',')) 
  2588  EIDV=159
  2589  *GET,XV,ELEM,159,CENT,X 
  2590  *GET,YV,ELEM,159,CENT,Y 
  2591  *GET,SV,ELEM,159,ETAB,SEQV  
  2592  *VWRITE,EIDV,XV,YV,SV   
  2593  (4(E24.16,',')) 
  2594  EIDV=160
  2595  *GET,XV,ELEM,160,CENT,X 
  2596  *GET,YV,ELEM,160,CENT,Y 
  2597  *GET,SV,ELEM,160,ETAB,SEQV  
  2598  *VWRITE,EIDV,XV,YV,SV   
  2599  (4(E24.16,',')) 
  2600  EIDV=161
  2601  *GET,XV,ELEM,161,CENT,X 
  2602  *GET,YV,ELEM,161,CENT,Y 
  2603  *GET,SV,ELEM,161,ETAB,SEQV  
  2604  *VWRITE,EIDV,XV,YV,SV   
  2605  (4(E24.16,',')) 
  2606  EIDV=162
  2607  *GET,XV,ELEM,162,CENT,X 
  2608  *GET,YV,ELEM,162,CENT,Y 
  2609  *GET,SV,ELEM,162,ETAB,SEQV  
  2610  *VWRITE,EIDV,XV,YV,SV   
  2611  (4(E24.16,',')) 
  2612  EIDV=163
  2613  *GET,XV,ELEM,163,CENT,X 
  2614  *GET,YV,ELEM,163,CENT,Y 
  2615  *GET,SV,ELEM,163,ETAB,SEQV  
  2616  *VWRITE,EIDV,XV,YV,SV   
  2617  (4(E24.16,',')) 
  2618  EIDV=164
  2619  *GET,XV,ELEM,164,CENT,X 
  2620  *GET,YV,ELEM,164,CENT,Y 
  2621  *GET,SV,ELEM,164,ETAB,SEQV  
  2622  *VWRITE,EIDV,XV,YV,SV   
  2623  (4(E24.16,',')) 
  2624  EIDV=165
  2625  *GET,XV,ELEM,165,CENT,X 
  2626  *GET,YV,ELEM,165,CENT,Y 
  2627  *GET,SV,ELEM,165,ETAB,SEQV  
  2628  *VWRITE,EIDV,XV,YV,SV   
  2629  (4(E24.16,',')) 
  2630  EIDV=166
  2631  *GET,XV,ELEM,166,CENT,X 
  2632  *GET,YV,ELEM,166,CENT,Y 
  2633  *GET,SV,ELEM,166,ETAB,SEQV  
  2634  *VWRITE,EIDV,XV,YV,SV   
  2635  (4(E24.16,',')) 
  2636  EIDV=167
  2637  *GET,XV,ELEM,167,CENT,X 
  2638  *GET,YV,ELEM,167,CENT,Y 
  2639  *GET,SV,ELEM,167,ETAB,SEQV  
  2640  *VWRITE,EIDV,XV,YV,SV   
  2641  (4(E24.16,',')) 
  2642  EIDV=168
  2643  *GET,XV,ELEM,168,CENT,X 
  2644  *GET,YV,ELEM,168,CENT,Y 
  2645  *GET,SV,ELEM,168,ETAB,SEQV  
  2646  *VWRITE,EIDV,XV,YV,SV   
  2647  (4(E24.16,',')) 
  2648  EIDV=169
  2649  *GET,XV,ELEM,169,CENT,X 
  2650  *GET,YV,ELEM,169,CENT,Y 
  2651  *GET,SV,ELEM,169,ETAB,SEQV  
  2652  *VWRITE,EIDV,XV,YV,SV   
  2653  (4(E24.16,',')) 
  2654  EIDV=170
  2655  *GET,XV,ELEM,170,CENT,X 
  2656  *GET,YV,ELEM,170,CENT,Y 
  2657  *GET,SV,ELEM,170,ETAB,SEQV  
  2658  *VWRITE,EIDV,XV,YV,SV   
  2659  (4(E24.16,',')) 
  2660  EIDV=171
  2661  *GET,XV,ELEM,171,CENT,X 
  2662  *GET,YV,ELEM,171,CENT,Y 
  2663  *GET,SV,ELEM,171,ETAB,SEQV  
  2664  *VWRITE,EIDV,XV,YV,SV   
  2665  (4(E24.16,',')) 
  2666  EIDV=172
  2667  *GET,XV,ELEM,172,CENT,X 
  2668  *GET,YV,ELEM,172,CENT,Y 
  2669  *GET,SV,ELEM,172,ETAB,SEQV  
  2670  *VWRITE,EIDV,XV,YV,SV   
  2671  (4(E24.16,',')) 
  2672  EIDV=173
  2673  *GET,XV,ELEM,173,CENT,X 
  2674  *GET,YV,ELEM,173,CENT,Y 
  2675  *GET,SV,ELEM,173,ETAB,SEQV  
  2676  *VWRITE,EIDV,XV,YV,SV   
  2677  (4(E24.16,',')) 
  2678  EIDV=174
  2679  *GET,XV,ELEM,174,CENT,X 
  2680  *GET,YV,ELEM,174,CENT,Y 
  2681  *GET,SV,ELEM,174,ETAB,SEQV  
  2682  *VWRITE,EIDV,XV,YV,SV   
  2683  (4(E24.16,',')) 
  2684  EIDV=175
  2685  *GET,XV,ELEM,175,CENT,X 
  2686  *GET,YV,ELEM,175,CENT,Y 
  2687  *GET,SV,ELEM,175,ETAB,SEQV  
  2688  *VWRITE,EIDV,XV,YV,SV   
  2689  (4(E24.16,',')) 
  2690  EIDV=176
  2691  *GET,XV,ELEM,176,CENT,X 
  2692  *GET,YV,ELEM,176,CENT,Y 
  2693  *GET,SV,ELEM,176,ETAB,SEQV  
  2694  *VWRITE,EIDV,XV,YV,SV   
  2695  (4(E24.16,',')) 
  2696  EIDV=177
  2697  *GET,XV,ELEM,177,CENT,X 
  2698  *GET,YV,ELEM,177,CENT,Y 
  2699  *GET,SV,ELEM,177,ETAB,SEQV  
  2700  *VWRITE,EIDV,XV,YV,SV   
  2701  (4(E24.16,',')) 
  2702  EIDV=178
  2703  *GET,XV,ELEM,178,CENT,X 
  2704  *GET,YV,ELEM,178,CENT,Y 
  2705  *GET,SV,ELEM,178,ETAB,SEQV  
  2706  *VWRITE,EIDV,XV,YV,SV   
  2707  (4(E24.16,',')) 
  2708  EIDV=179
  2709  *GET,XV,ELEM,179,CENT,X 
  2710  *GET,YV,ELEM,179,CENT,Y 
  2711  *GET,SV,ELEM,179,ETAB,SEQV  
  2712  *VWRITE,EIDV,XV,YV,SV   
  2713  (4(E24.16,',')) 
  2714  EIDV=180
  2715  *GET,XV,ELEM,180,CENT,X 
  2716  *GET,YV,ELEM,180,CENT,Y 
  2717  *GET,SV,ELEM,180,ETAB,SEQV  
  2718  *VWRITE,EIDV,XV,YV,SV   
  2719  (4(E24.16,',')) 
  2720  EIDV=181
  2721  *GET,XV,ELEM,181,CENT,X 
  2722  *GET,YV,ELEM,181,CENT,Y 
  2723  *GET,SV,ELEM,181,ETAB,SEQV  
  2724  *VWRITE,EIDV,XV,YV,SV   
  2725  (4(E24.16,',')) 
  2726  EIDV=182
  2727  *GET,XV,ELEM,182,CENT,X 
  2728  *GET,YV,ELEM,182,CENT,Y 
  2729  *GET,SV,ELEM,182,ETAB,SEQV  
  2730  *VWRITE,EIDV,XV,YV,SV   
  2731  (4(E24.16,',')) 
  2732  EIDV=183
  2733  *GET,XV,ELEM,183,CENT,X 
  2734  *GET,YV,ELEM,183,CENT,Y 
  2735  *GET,SV,ELEM,183,ETAB,SEQV  
  2736  *VWRITE,EIDV,XV,YV,SV   
  2737  (4(E24.16,',')) 
  2738  EIDV=184
  2739  *GET,XV,ELEM,184,CENT,X 
  2740  *GET,YV,ELEM,184,CENT,Y 
  2741  *GET,SV,ELEM,184,ETAB,SEQV  
  2742  *VWRITE,EIDV,XV,YV,SV   
  2743  (4(E24.16,',')) 
  2744  EIDV=185
  2745  *GET,XV,ELEM,185,CENT,X 
  2746  *GET,YV,ELEM,185,CENT,Y 
  2747  *GET,SV,ELEM,185,ETAB,SEQV  
  2748  *VWRITE,EIDV,XV,YV,SV   
  2749  (4(E24.16,',')) 
  2750  EIDV=186
  2751  *GET,XV,ELEM,186,CENT,X 
  2752  *GET,YV,ELEM,186,CENT,Y 
  2753  *GET,SV,ELEM,186,ETAB,SEQV  
  2754  *VWRITE,EIDV,XV,YV,SV   
  2755  (4(E24.16,',')) 
  2756  EIDV=187
  2757  *GET,XV,ELEM,187,CENT,X 
  2758  *GET,YV,ELEM,187,CENT,Y 
  2759  *GET,SV,ELEM,187,ETAB,SEQV  
  2760  *VWRITE,EIDV,XV,YV,SV   
  2761  (4(E24.16,',')) 
  2762  EIDV=188
  2763  *GET,XV,ELEM,188,CENT,X 
  2764  *GET,YV,ELEM,188,CENT,Y 
  2765  *GET,SV,ELEM,188,ETAB,SEQV  
  2766  *VWRITE,EIDV,XV,YV,SV   
  2767  (4(E24.16,',')) 
  2768  EIDV=189
  2769  *GET,XV,ELEM,189,CENT,X 
  2770  *GET,YV,ELEM,189,CENT,Y 
  2771  *GET,SV,ELEM,189,ETAB,SEQV  
  2772  *VWRITE,EIDV,XV,YV,SV   
  2773  (4(E24.16,',')) 
  2774  EIDV=190
  2775  *GET,XV,ELEM,190,CENT,X 
  2776  *GET,YV,ELEM,190,CENT,Y 
  2777  *GET,SV,ELEM,190,ETAB,SEQV  
  2778  *VWRITE,EIDV,XV,YV,SV   
  2779  (4(E24.16,',')) 
  2780  EIDV=191
  2781  *GET,XV,ELEM,191,CENT,X 
  2782  *GET,YV,ELEM,191,CENT,Y 
  2783  *GET,SV,ELEM,191,ETAB,SEQV  
  2784  *VWRITE,EIDV,XV,YV,SV   
  2785  (4(E24.16,',')) 
  2786  EIDV=192
  2787  *GET,XV,ELEM,192,CENT,X 
  2788  *GET,YV,ELEM,192,CENT,Y 
  2789  *GET,SV,ELEM,192,ETAB,SEQV  
  2790  *VWRITE,EIDV,XV,YV,SV   
  2791  (4(E24.16,',')) 
  2792  EIDV=193
  2793  *GET,XV,ELEM,193,CENT,X 
  2794  *GET,YV,ELEM,193,CENT,Y 
  2795  *GET,SV,ELEM,193,ETAB,SEQV  
  2796  *VWRITE,EIDV,XV,YV,SV   
  2797  (4(E24.16,',')) 
  2798  EIDV=194
  2799  *GET,XV,ELEM,194,CENT,X 
  2800  *GET,YV,ELEM,194,CENT,Y 
  2801  *GET,SV,ELEM,194,ETAB,SEQV  
  2802  *VWRITE,EIDV,XV,YV,SV   
  2803  (4(E24.16,',')) 
  2804  EIDV=195
  2805  *GET,XV,ELEM,195,CENT,X 
  2806  *GET,YV,ELEM,195,CENT,Y 
  2807  *GET,SV,ELEM,195,ETAB,SEQV  
  2808  *VWRITE,EIDV,XV,YV,SV   
  2809  (4(E24.16,',')) 
  2810  EIDV=196
  2811  *GET,XV,ELEM,196,CENT,X 
  2812  *GET,YV,ELEM,196,CENT,Y 
  2813  *GET,SV,ELEM,196,ETAB,SEQV  
  2814  *VWRITE,EIDV,XV,YV,SV   
  2815  (4(E24.16,',')) 
  2816  EIDV=197
  2817  *GET,XV,ELEM,197,CENT,X 
  2818  *GET,YV,ELEM,197,CENT,Y 
  2819  *GET,SV,ELEM,197,ETAB,SEQV  
  2820  *VWRITE,EIDV,XV,YV,SV   
  2821  (4(E24.16,',')) 
  2822  EIDV=198
  2823  *GET,XV,ELEM,198,CENT,X 
  2824  *GET,YV,ELEM,198,CENT,Y 
  2825  *GET,SV,ELEM,198,ETAB,SEQV  
  2826  *VWRITE,EIDV,XV,YV,SV   
  2827  (4(E24.16,',')) 
  2828  EIDV=199
  2829  *GET,XV,ELEM,199,CENT,X 
  2830  *GET,YV,ELEM,199,CENT,Y 
  2831  *GET,SV,ELEM,199,ETAB,SEQV  
  2832  *VWRITE,EIDV,XV,YV,SV   
  2833  (4(E24.16,',')) 
  2834  EIDV=200
  2835  *GET,XV,ELEM,200,CENT,X 
  2836  *GET,YV,ELEM,200,CENT,Y 
  2837  *GET,SV,ELEM,200,ETAB,SEQV  
  2838  *VWRITE,EIDV,XV,YV,SV   
  2839  (4(E24.16,',')) 
  2840  EIDV=201
  2841  *GET,XV,ELEM,201,CENT,X 
  2842  *GET,YV,ELEM,201,CENT,Y 
  2843  *GET,SV,ELEM,201,ETAB,SEQV  
  2844  *VWRITE,EIDV,XV,YV,SV   
  2845  (4(E24.16,',')) 
  2846  EIDV=202
  2847  *GET,XV,ELEM,202,CENT,X 
  2848  *GET,YV,ELEM,202,CENT,Y 
  2849  *GET,SV,ELEM,202,ETAB,SEQV  
  2850  *VWRITE,EIDV,XV,YV,SV   
  2851  (4(E24.16,',')) 
  2852  EIDV=203
  2853  *GET,XV,ELEM,203,CENT,X 
  2854  *GET,YV,ELEM,203,CENT,Y 
  2855  *GET,SV,ELEM,203,ETAB,SEQV  
  2856  *VWRITE,EIDV,XV,YV,SV   
  2857  (4(E24.16,',')) 
  2858  EIDV=204
  2859  *GET,XV,ELEM,204,CENT,X 
  2860  *GET,YV,ELEM,204,CENT,Y 
  2861  *GET,SV,ELEM,204,ETAB,SEQV  
  2862  *VWRITE,EIDV,XV,YV,SV   
  2863  (4(E24.16,',')) 
  2864  EIDV=205
  2865  *GET,XV,ELEM,205,CENT,X 
  2866  *GET,YV,ELEM,205,CENT,Y 
  2867  *GET,SV,ELEM,205,ETAB,SEQV  
  2868  *VWRITE,EIDV,XV,YV,SV   
  2869  (4(E24.16,',')) 
  2870  EIDV=206
  2871  *GET,XV,ELEM,206,CENT,X 
  2872  *GET,YV,ELEM,206,CENT,Y 
  2873  *GET,SV,ELEM,206,ETAB,SEQV  
  2874  *VWRITE,EIDV,XV,YV,SV   
  2875  (4(E24.16,',')) 
  2876  EIDV=207
  2877  *GET,XV,ELEM,207,CENT,X 
  2878  *GET,YV,ELEM,207,CENT,Y 
  2879  *GET,SV,ELEM,207,ETAB,SEQV  
  2880  *VWRITE,EIDV,XV,YV,SV   
  2881  (4(E24.16,',')) 
  2882  EIDV=208
  2883  *GET,XV,ELEM,208,CENT,X 
  2884  *GET,YV,ELEM,208,CENT,Y 
  2885  *GET,SV,ELEM,208,ETAB,SEQV  
  2886  *VWRITE,EIDV,XV,YV,SV   
  2887  (4(E24.16,',')) 
  2888  EIDV=209
  2889  *GET,XV,ELEM,209,CENT,X 
  2890  *GET,YV,ELEM,209,CENT,Y 
  2891  *GET,SV,ELEM,209,ETAB,SEQV  
  2892  *VWRITE,EIDV,XV,YV,SV   
  2893  (4(E24.16,',')) 
  2894  EIDV=210
  2895  *GET,XV,ELEM,210,CENT,X 
  2896  *GET,YV,ELEM,210,CENT,Y 
  2897  *GET,SV,ELEM,210,ETAB,SEQV  
  2898  *VWRITE,EIDV,XV,YV,SV   
  2899  (4(E24.16,',')) 
  2900  EIDV=211
  2901  *GET,XV,ELEM,211,CENT,X 
  2902  *GET,YV,ELEM,211,CENT,Y 
  2903  *GET,SV,ELEM,211,ETAB,SEQV  
  2904  *VWRITE,EIDV,XV,YV,SV   
  2905  (4(E24.16,',')) 
  2906  EIDV=212
  2907  *GET,XV,ELEM,212,CENT,X 
  2908  *GET,YV,ELEM,212,CENT,Y 
  2909  *GET,SV,ELEM,212,ETAB,SEQV  
  2910  *VWRITE,EIDV,XV,YV,SV   
  2911  (4(E24.16,',')) 
  2912  EIDV=213
  2913  *GET,XV,ELEM,213,CENT,X 
  2914  *GET,YV,ELEM,213,CENT,Y 
  2915  *GET,SV,ELEM,213,ETAB,SEQV  
  2916  *VWRITE,EIDV,XV,YV,SV   
  2917  (4(E24.16,',')) 
  2918  EIDV=214
  2919  *GET,XV,ELEM,214,CENT,X 
  2920  *GET,YV,ELEM,214,CENT,Y 
  2921  *GET,SV,ELEM,214,ETAB,SEQV  
  2922  *VWRITE,EIDV,XV,YV,SV   
  2923  (4(E24.16,',')) 
  2924  EIDV=215
  2925  *GET,XV,ELEM,215,CENT,X 
  2926  *GET,YV,ELEM,215,CENT,Y 
  2927  *GET,SV,ELEM,215,ETAB,SEQV  
  2928  *VWRITE,EIDV,XV,YV,SV   
  2929  (4(E24.16,',')) 
  2930  EIDV=216
  2931  *GET,XV,ELEM,216,CENT,X 
  2932  *GET,YV,ELEM,216,CENT,Y 
  2933  *GET,SV,ELEM,216,ETAB,SEQV  
  2934  *VWRITE,EIDV,XV,YV,SV   
  2935  (4(E24.16,',')) 
  2936  EIDV=217
  2937  *GET,XV,ELEM,217,CENT,X 
  2938  *GET,YV,ELEM,217,CENT,Y 
  2939  *GET,SV,ELEM,217,ETAB,SEQV  
  2940  *VWRITE,EIDV,XV,YV,SV   
  2941  (4(E24.16,',')) 
  2942  EIDV=218
  2943  *GET,XV,ELEM,218,CENT,X 
  2944  *GET,YV,ELEM,218,CENT,Y 
  2945  *GET,SV,ELEM,218,ETAB,SEQV  
  2946  *VWRITE,EIDV,XV,YV,SV   
  2947  (4(E24.16,',')) 
  2948  EIDV=219
  2949  *GET,XV,ELEM,219,CENT,X 
  2950  *GET,YV,ELEM,219,CENT,Y 
  2951  *GET,SV,ELEM,219,ETAB,SEQV  
  2952  *VWRITE,EIDV,XV,YV,SV   
  2953  (4(E24.16,',')) 
  2954  EIDV=220
  2955  *GET,XV,ELEM,220,CENT,X 
  2956  *GET,YV,ELEM,220,CENT,Y 
  2957  *GET,SV,ELEM,220,ETAB,SEQV  
  2958  *VWRITE,EIDV,XV,YV,SV   
  2959  (4(E24.16,',')) 
  2960  EIDV=221
  2961  *GET,XV,ELEM,221,CENT,X 
  2962  *GET,YV,ELEM,221,CENT,Y 
  2963  *GET,SV,ELEM,221,ETAB,SEQV  
  2964  *VWRITE,EIDV,XV,YV,SV   
  2965  (4(E24.16,',')) 
  2966  EIDV=222
  2967  *GET,XV,ELEM,222,CENT,X 
  2968  *GET,YV,ELEM,222,CENT,Y 
  2969  *GET,SV,ELEM,222,ETAB,SEQV  
  2970  *VWRITE,EIDV,XV,YV,SV   
  2971  (4(E24.16,',')) 
  2972  EIDV=223
  2973  *GET,XV,ELEM,223,CENT,X 
  2974  *GET,YV,ELEM,223,CENT,Y 
  2975  *GET,SV,ELEM,223,ETAB,SEQV  
  2976  *VWRITE,EIDV,XV,YV,SV   
  2977  (4(E24.16,',')) 
  2978  EIDV=224
  2979  *GET,XV,ELEM,224,CENT,X 
  2980  *GET,YV,ELEM,224,CENT,Y 
  2981  *GET,SV,ELEM,224,ETAB,SEQV  
  2982  *VWRITE,EIDV,XV,YV,SV   
  2983  (4(E24.16,',')) 
  2984  EIDV=225
  2985  *GET,XV,ELEM,225,CENT,X 
  2986  *GET,YV,ELEM,225,CENT,Y 
  2987  *GET,SV,ELEM,225,ETAB,SEQV  
  2988  *VWRITE,EIDV,XV,YV,SV   
  2989  (4(E24.16,',')) 
  2990  EIDV=226
  2991  *GET,XV,ELEM,226,CENT,X 
  2992  *GET,YV,ELEM,226,CENT,Y 
  2993  *GET,SV,ELEM,226,ETAB,SEQV  
  2994  *VWRITE,EIDV,XV,YV,SV   
  2995  (4(E24.16,',')) 
  2996  EIDV=227
  2997  *GET,XV,ELEM,227,CENT,X 
  2998  *GET,YV,ELEM,227,CENT,Y 
  2999  *GET,SV,ELEM,227,ETAB,SEQV  
  3000  *VWRITE,EIDV,XV,YV,SV   
  3001  (4(E24.16,',')) 
  3002  EIDV=228
  3003  *GET,XV,ELEM,228,CENT,X 
  3004  *GET,YV,ELEM,228,CENT,Y 
  3005  *GET,SV,ELEM,228,ETAB,SEQV  
  3006  *VWRITE,EIDV,XV,YV,SV   
  3007  (4(E24.16,',')) 
  3008  EIDV=229
  3009  *GET,XV,ELEM,229,CENT,X 
  3010  *GET,YV,ELEM,229,CENT,Y 
  3011  *GET,SV,ELEM,229,ETAB,SEQV  
  3012  *VWRITE,EIDV,XV,YV,SV   
  3013  (4(E24.16,',')) 
  3014  EIDV=230
  3015  *GET,XV,ELEM,230,CENT,X 
  3016  *GET,YV,ELEM,230,CENT,Y 
  3017  *GET,SV,ELEM,230,ETAB,SEQV  
  3018  *VWRITE,EIDV,XV,YV,SV   
  3019  (4(E24.16,',')) 
  3020  EIDV=231
  3021  *GET,XV,ELEM,231,CENT,X 
  3022  *GET,YV,ELEM,231,CENT,Y 
  3023  *GET,SV,ELEM,231,ETAB,SEQV  
  3024  *VWRITE,EIDV,XV,YV,SV   
  3025  (4(E24.16,',')) 
  3026  EIDV=232
  3027  *GET,XV,ELEM,232,CENT,X 
  3028  *GET,YV,ELEM,232,CENT,Y 
  3029  *GET,SV,ELEM,232,ETAB,SEQV  
  3030  *VWRITE,EIDV,XV,YV,SV   
  3031  (4(E24.16,',')) 
  3032  EIDV=233
  3033  *GET,XV,ELEM,233,CENT,X 
  3034  *GET,YV,ELEM,233,CENT,Y 
  3035  *GET,SV,ELEM,233,ETAB,SEQV  
  3036  *VWRITE,EIDV,XV,YV,SV   
  3037  (4(E24.16,',')) 
  3038  EIDV=234
  3039  *GET,XV,ELEM,234,CENT,X 
  3040  *GET,YV,ELEM,234,CENT,Y 
  3041  *GET,SV,ELEM,234,ETAB,SEQV  
  3042  *VWRITE,EIDV,XV,YV,SV   
  3043  (4(E24.16,',')) 
  3044  EIDV=235
  3045  *GET,XV,ELEM,235,CENT,X 
  3046  *GET,YV,ELEM,235,CENT,Y 
  3047  *GET,SV,ELEM,235,ETAB,SEQV  
  3048  *VWRITE,EIDV,XV,YV,SV   
  3049  (4(E24.16,',')) 
  3050  EIDV=236
  3051  *GET,XV,ELEM,236,CENT,X 
  3052  *GET,YV,ELEM,236,CENT,Y 
  3053  *GET,SV,ELEM,236,ETAB,SEQV  
  3054  *VWRITE,EIDV,XV,YV,SV   
  3055  (4(E24.16,',')) 
  3056  EIDV=237
  3057  *GET,XV,ELEM,237,CENT,X 
  3058  *GET,YV,ELEM,237,CENT,Y 
  3059  *GET,SV,ELEM,237,ETAB,SEQV  
  3060  *VWRITE,EIDV,XV,YV,SV   
  3061  (4(E24.16,',')) 
  3062  EIDV=238
  3063  *GET,XV,ELEM,238,CENT,X 
  3064  *GET,YV,ELEM,238,CENT,Y 
  3065  *GET,SV,ELEM,238,ETAB,SEQV  
  3066  *VWRITE,EIDV,XV,YV,SV   
  3067  (4(E24.16,',')) 
  3068  EIDV=239
  3069  *GET,XV,ELEM,239,CENT,X 
  3070  *GET,YV,ELEM,239,CENT,Y 
  3071  *GET,SV,ELEM,239,ETAB,SEQV  
  3072  *VWRITE,EIDV,XV,YV,SV   
  3073  (4(E24.16,',')) 
  3074  EIDV=240
  3075  *GET,XV,ELEM,240,CENT,X 
  3076  *GET,YV,ELEM,240,CENT,Y 
  3077  *GET,SV,ELEM,240,ETAB,SEQV  
  3078  *VWRITE,EIDV,XV,YV,SV   
  3079  (4(E24.16,',')) 
  3080  EIDV=241
  3081  *GET,XV,ELEM,241,CENT,X 
  3082  *GET,YV,ELEM,241,CENT,Y 
  3083  *GET,SV,ELEM,241,ETAB,SEQV  
  3084  *VWRITE,EIDV,XV,YV,SV   
  3085  (4(E24.16,',')) 
  3086  EIDV=242
  3087  *GET,XV,ELEM,242,CENT,X 
  3088  *GET,YV,ELEM,242,CENT,Y 
  3089  *GET,SV,ELEM,242,ETAB,SEQV  
  3090  *VWRITE,EIDV,XV,YV,SV   
  3091  (4(E24.16,',')) 
  3092  EIDV=243
  3093  *GET,XV,ELEM,243,CENT,X 
  3094  *GET,YV,ELEM,243,CENT,Y 
  3095  *GET,SV,ELEM,243,ETAB,SEQV  
  3096  *VWRITE,EIDV,XV,YV,SV   
  3097  (4(E24.16,',')) 
  3098  EIDV=244
  3099  *GET,XV,ELEM,244,CENT,X 
  3100  *GET,YV,ELEM,244,CENT,Y 
  3101  *GET,SV,ELEM,244,ETAB,SEQV  
  3102  *VWRITE,EIDV,XV,YV,SV   
  3103  (4(E24.16,',')) 
  3104  EIDV=245
  3105  *GET,XV,ELEM,245,CENT,X 
  3106  *GET,YV,ELEM,245,CENT,Y 
  3107  *GET,SV,ELEM,245,ETAB,SEQV  
  3108  *VWRITE,EIDV,XV,YV,SV   
  3109  (4(E24.16,',')) 
  3110  EIDV=246
  3111  *GET,XV,ELEM,246,CENT,X 
  3112  *GET,YV,ELEM,246,CENT,Y 
  3113  *GET,SV,ELEM,246,ETAB,SEQV  
  3114  *VWRITE,EIDV,XV,YV,SV   
  3115  (4(E24.16,',')) 
  3116  EIDV=247
  3117  *GET,XV,ELEM,247,CENT,X 
  3118  *GET,YV,ELEM,247,CENT,Y 
  3119  *GET,SV,ELEM,247,ETAB,SEQV  
  3120  *VWRITE,EIDV,XV,YV,SV   
  3121  (4(E24.16,',')) 
  3122  EIDV=248
  3123  *GET,XV,ELEM,248,CENT,X 
  3124  *GET,YV,ELEM,248,CENT,Y 
  3125  *GET,SV,ELEM,248,ETAB,SEQV  
  3126  *VWRITE,EIDV,XV,YV,SV   
  3127  (4(E24.16,',')) 
  3128  EIDV=249
  3129  *GET,XV,ELEM,249,CENT,X 
  3130  *GET,YV,ELEM,249,CENT,Y 
  3131  *GET,SV,ELEM,249,ETAB,SEQV  
  3132  *VWRITE,EIDV,XV,YV,SV   
  3133  (4(E24.16,',')) 
  3134  EIDV=250
  3135  *GET,XV,ELEM,250,CENT,X 
  3136  *GET,YV,ELEM,250,CENT,Y 
  3137  *GET,SV,ELEM,250,ETAB,SEQV  
  3138  *VWRITE,EIDV,XV,YV,SV   
  3139  (4(E24.16,',')) 
  3140  EIDV=251
  3141  *GET,XV,ELEM,251,CENT,X 
  3142  *GET,YV,ELEM,251,CENT,Y 
  3143  *GET,SV,ELEM,251,ETAB,SEQV  
  3144  *VWRITE,EIDV,XV,YV,SV   
  3145  (4(E24.16,',')) 
  3146  EIDV=252
  3147  *GET,XV,ELEM,252,CENT,X 
  3148  *GET,YV,ELEM,252,CENT,Y 
  3149  *GET,SV,ELEM,252,ETAB,SEQV  
  3150  *VWRITE,EIDV,XV,YV,SV   
  3151  (4(E24.16,',')) 
  3152  EIDV=253
  3153  *GET,XV,ELEM,253,CENT,X 
  3154  *GET,YV,ELEM,253,CENT,Y 
  3155  *GET,SV,ELEM,253,ETAB,SEQV  
  3156  *VWRITE,EIDV,XV,YV,SV   
  3157  (4(E24.16,',')) 
  3158  EIDV=254
  3159  *GET,XV,ELEM,254,CENT,X 
  3160  *GET,YV,ELEM,254,CENT,Y 
  3161  *GET,SV,ELEM,254,ETAB,SEQV  
  3162  *VWRITE,EIDV,XV,YV,SV   
  3163  (4(E24.16,',')) 
  3164  EIDV=255
  3165  *GET,XV,ELEM,255,CENT,X 
  3166  *GET,YV,ELEM,255,CENT,Y 
  3167  *GET,SV,ELEM,255,ETAB,SEQV  
  3168  *VWRITE,EIDV,XV,YV,SV   
  3169  (4(E24.16,',')) 
  3170  EIDV=256
  3171  *GET,XV,ELEM,256,CENT,X 
  3172  *GET,YV,ELEM,256,CENT,Y 
  3173  *GET,SV,ELEM,256,ETAB,SEQV  
  3174  *VWRITE,EIDV,XV,YV,SV   
  3175  (4(E24.16,',')) 
  3176  EIDV=257
  3177  *GET,XV,ELEM,257,CENT,X 
  3178  *GET,YV,ELEM,257,CENT,Y 
  3179  *GET,SV,ELEM,257,ETAB,SEQV  
  3180  *VWRITE,EIDV,XV,YV,SV   
  3181  (4(E24.16,',')) 
  3182  EIDV=258
  3183  *GET,XV,ELEM,258,CENT,X 
  3184  *GET,YV,ELEM,258,CENT,Y 
  3185  *GET,SV,ELEM,258,ETAB,SEQV  
  3186  *VWRITE,EIDV,XV,YV,SV   
  3187  (4(E24.16,',')) 
  3188  EIDV=259
  3189  *GET,XV,ELEM,259,CENT,X 
  3190  *GET,YV,ELEM,259,CENT,Y 
  3191  *GET,SV,ELEM,259,ETAB,SEQV  
  3192  *VWRITE,EIDV,XV,YV,SV   
  3193  (4(E24.16,',')) 
  3194  EIDV=260
  3195  *GET,XV,ELEM,260,CENT,X 
  3196  *GET,YV,ELEM,260,CENT,Y 
  3197  *GET,SV,ELEM,260,ETAB,SEQV  
  3198  *VWRITE,EIDV,XV,YV,SV   
  3199  (4(E24.16,',')) 
  3200  EIDV=261
  3201  *GET,XV,ELEM,261,CENT,X 
  3202  *GET,YV,ELEM,261,CENT,Y 
  3203  *GET,SV,ELEM,261,ETAB,SEQV  
  3204  *VWRITE,EIDV,XV,YV,SV   
  3205  (4(E24.16,',')) 
  3206  EIDV=262
  3207  *GET,XV,ELEM,262,CENT,X 
  3208  *GET,YV,ELEM,262,CENT,Y 
  3209  *GET,SV,ELEM,262,ETAB,SEQV  
  3210  *VWRITE,EIDV,XV,YV,SV   
  3211  (4(E24.16,',')) 
  3212  EIDV=263
  3213  *GET,XV,ELEM,263,CENT,X 
  3214  *GET,YV,ELEM,263,CENT,Y 
  3215  *GET,SV,ELEM,263,ETAB,SEQV  
  3216  *VWRITE,EIDV,XV,YV,SV   
  3217  (4(E24.16,',')) 
  3218  EIDV=264
  3219  *GET,XV,ELEM,264,CENT,X 
  3220  *GET,YV,ELEM,264,CENT,Y 
  3221  *GET,SV,ELEM,264,ETAB,SEQV  
  3222  *VWRITE,EIDV,XV,YV,SV   
  3223  (4(E24.16,',')) 
  3224  EIDV=265
  3225  *GET,XV,ELEM,265,CENT,X 
  3226  *GET,YV,ELEM,265,CENT,Y 
  3227  *GET,SV,ELEM,265,ETAB,SEQV  
  3228  *VWRITE,EIDV,XV,YV,SV   
  3229  (4(E24.16,',')) 
  3230  EIDV=266
  3231  *GET,XV,ELEM,266,CENT,X 
  3232  *GET,YV,ELEM,266,CENT,Y 
  3233  *GET,SV,ELEM,266,ETAB,SEQV  
  3234  *VWRITE,EIDV,XV,YV,SV   
  3235  (4(E24.16,',')) 
  3236  EIDV=267
  3237  *GET,XV,ELEM,267,CENT,X 
  3238  *GET,YV,ELEM,267,CENT,Y 
  3239  *GET,SV,ELEM,267,ETAB,SEQV  
  3240  *VWRITE,EIDV,XV,YV,SV   
  3241  (4(E24.16,',')) 
  3242  EIDV=268
  3243  *GET,XV,ELEM,268,CENT,X 
  3244  *GET,YV,ELEM,268,CENT,Y 
  3245  *GET,SV,ELEM,268,ETAB,SEQV  
  3246  *VWRITE,EIDV,XV,YV,SV   
  3247  (4(E24.16,',')) 
  3248  EIDV=269
  3249  *GET,XV,ELEM,269,CENT,X 
  3250  *GET,YV,ELEM,269,CENT,Y 
  3251  *GET,SV,ELEM,269,ETAB,SEQV  
  3252  *VWRITE,EIDV,XV,YV,SV   
  3253  (4(E24.16,',')) 
  3254  EIDV=270
  3255  *GET,XV,ELEM,270,CENT,X 
  3256  *GET,YV,ELEM,270,CENT,Y 
  3257  *GET,SV,ELEM,270,ETAB,SEQV  
  3258  *VWRITE,EIDV,XV,YV,SV   
  3259  (4(E24.16,',')) 
  3260  EIDV=271
  3261  *GET,XV,ELEM,271,CENT,X 
  3262  *GET,YV,ELEM,271,CENT,Y 
  3263  *GET,SV,ELEM,271,ETAB,SEQV  
  3264  *VWRITE,EIDV,XV,YV,SV   
  3265  (4(E24.16,',')) 
  3266  EIDV=272
  3267  *GET,XV,ELEM,272,CENT,X 
  3268  *GET,YV,ELEM,272,CENT,Y 
  3269  *GET,SV,ELEM,272,ETAB,SEQV  
  3270  *VWRITE,EIDV,XV,YV,SV   
  3271  (4(E24.16,',')) 
  3272  EIDV=273
  3273  *GET,XV,ELEM,273,CENT,X 
  3274  *GET,YV,ELEM,273,CENT,Y 
  3275  *GET,SV,ELEM,273,ETAB,SEQV  
  3276  *VWRITE,EIDV,XV,YV,SV   
  3277  (4(E24.16,',')) 
  3278  EIDV=274
  3279  *GET,XV,ELEM,274,CENT,X 
  3280  *GET,YV,ELEM,274,CENT,Y 
  3281  *GET,SV,ELEM,274,ETAB,SEQV  
  3282  *VWRITE,EIDV,XV,YV,SV   
  3283  (4(E24.16,',')) 
  3284  EIDV=275
  3285  *GET,XV,ELEM,275,CENT,X 
  3286  *GET,YV,ELEM,275,CENT,Y 
  3287  *GET,SV,ELEM,275,ETAB,SEQV  
  3288  *VWRITE,EIDV,XV,YV,SV   
  3289  (4(E24.16,',')) 
  3290  EIDV=276
  3291  *GET,XV,ELEM,276,CENT,X 
  3292  *GET,YV,ELEM,276,CENT,Y 
  3293  *GET,SV,ELEM,276,ETAB,SEQV  
  3294  *VWRITE,EIDV,XV,YV,SV   
  3295  (4(E24.16,',')) 
  3296  EIDV=277
  3297  *GET,XV,ELEM,277,CENT,X 
  3298  *GET,YV,ELEM,277,CENT,Y 
  3299  *GET,SV,ELEM,277,ETAB,SEQV  
  3300  *VWRITE,EIDV,XV,YV,SV   
  3301  (4(E24.16,',')) 
  3302  EIDV=278
  3303  *GET,XV,ELEM,278,CENT,X 
  3304  *GET,YV,ELEM,278,CENT,Y 
  3305  *GET,SV,ELEM,278,ETAB,SEQV  
  3306  *VWRITE,EIDV,XV,YV,SV   
  3307  (4(E24.16,',')) 
  3308  EIDV=279
  3309  *GET,XV,ELEM,279,CENT,X 
  3310  *GET,YV,ELEM,279,CENT,Y 
  3311  *GET,SV,ELEM,279,ETAB,SEQV  
  3312  *VWRITE,EIDV,XV,YV,SV   
  3313  (4(E24.16,',')) 
  3314  EIDV=280
  3315  *GET,XV,ELEM,280,CENT,X 
  3316  *GET,YV,ELEM,280,CENT,Y 
  3317  *GET,SV,ELEM,280,ETAB,SEQV  
  3318  *VWRITE,EIDV,XV,YV,SV   
  3319  (4(E24.16,',')) 
  3320  EIDV=281
  3321  *GET,XV,ELEM,281,CENT,X 
  3322  *GET,YV,ELEM,281,CENT,Y 
  3323  *GET,SV,ELEM,281,ETAB,SEQV  
  3324  *VWRITE,EIDV,XV,YV,SV   
  3325  (4(E24.16,',')) 
  3326  EIDV=282
  3327  *GET,XV,ELEM,282,CENT,X 
  3328  *GET,YV,ELEM,282,CENT,Y 
  3329  *GET,SV,ELEM,282,ETAB,SEQV  
  3330  *VWRITE,EIDV,XV,YV,SV   
  3331  (4(E24.16,',')) 
  3332  EIDV=283
  3333  *GET,XV,ELEM,283,CENT,X 
  3334  *GET,YV,ELEM,283,CENT,Y 
  3335  *GET,SV,ELEM,283,ETAB,SEQV  
  3336  *VWRITE,EIDV,XV,YV,SV   
  3337  (4(E24.16,',')) 
  3338  EIDV=284
  3339  *GET,XV,ELEM,284,CENT,X 
  3340  *GET,YV,ELEM,284,CENT,Y 
  3341  *GET,SV,ELEM,284,ETAB,SEQV  
  3342  *VWRITE,EIDV,XV,YV,SV   
  3343  (4(E24.16,',')) 
  3344  EIDV=285
  3345  *GET,XV,ELEM,285,CENT,X 
  3346  *GET,YV,ELEM,285,CENT,Y 
  3347  *GET,SV,ELEM,285,ETAB,SEQV  
  3348  *VWRITE,EIDV,XV,YV,SV   
  3349  (4(E24.16,',')) 
  3350  EIDV=286
  3351  *GET,XV,ELEM,286,CENT,X 
  3352  *GET,YV,ELEM,286,CENT,Y 
  3353  *GET,SV,ELEM,286,ETAB,SEQV  
  3354  *VWRITE,EIDV,XV,YV,SV   
  3355  (4(E24.16,',')) 
  3356  EIDV=287
  3357  *GET,XV,ELEM,287,CENT,X 
  3358  *GET,YV,ELEM,287,CENT,Y 
  3359  *GET,SV,ELEM,287,ETAB,SEQV  
  3360  *VWRITE,EIDV,XV,YV,SV   
  3361  (4(E24.16,',')) 
  3362  EIDV=288
  3363  *GET,XV,ELEM,288,CENT,X 
  3364  *GET,YV,ELEM,288,CENT,Y 
  3365  *GET,SV,ELEM,288,ETAB,SEQV  
  3366  *VWRITE,EIDV,XV,YV,SV   
  3367  (4(E24.16,',')) 
  3368  EIDV=289
  3369  *GET,XV,ELEM,289,CENT,X 
  3370  *GET,YV,ELEM,289,CENT,Y 
  3371  *GET,SV,ELEM,289,ETAB,SEQV  
  3372  *VWRITE,EIDV,XV,YV,SV   
  3373  (4(E24.16,',')) 
  3374  EIDV=290
  3375  *GET,XV,ELEM,290,CENT,X 
  3376  *GET,YV,ELEM,290,CENT,Y 
  3377  *GET,SV,ELEM,290,ETAB,SEQV  
  3378  *VWRITE,EIDV,XV,YV,SV   
  3379  (4(E24.16,',')) 
  3380  EIDV=291
  3381  *GET,XV,ELEM,291,CENT,X 
  3382  *GET,YV,ELEM,291,CENT,Y 
  3383  *GET,SV,ELEM,291,ETAB,SEQV  
  3384  *VWRITE,EIDV,XV,YV,SV   
  3385  (4(E24.16,',')) 
  3386  EIDV=292
  3387  *GET,XV,ELEM,292,CENT,X 
  3388  *GET,YV,ELEM,292,CENT,Y 
  3389  *GET,SV,ELEM,292,ETAB,SEQV  
  3390  *VWRITE,EIDV,XV,YV,SV   
  3391  (4(E24.16,',')) 
  3392  EIDV=293
  3393  *GET,XV,ELEM,293,CENT,X 
  3394  *GET,YV,ELEM,293,CENT,Y 
  3395  *GET,SV,ELEM,293,ETAB,SEQV  
  3396  *VWRITE,EIDV,XV,YV,SV   
  3397  (4(E24.16,',')) 
  3398  EIDV=294
  3399  *GET,XV,ELEM,294,CENT,X 
  3400  *GET,YV,ELEM,294,CENT,Y 
  3401  *GET,SV,ELEM,294,ETAB,SEQV  
  3402  *VWRITE,EIDV,XV,YV,SV   
  3403  (4(E24.16,',')) 
  3404  EIDV=295
  3405  *GET,XV,ELEM,295,CENT,X 
  3406  *GET,YV,ELEM,295,CENT,Y 
  3407  *GET,SV,ELEM,295,ETAB,SEQV  
  3408  *VWRITE,EIDV,XV,YV,SV   
  3409  (4(E24.16,',')) 
  3410  EIDV=296
  3411  *GET,XV,ELEM,296,CENT,X 
  3412  *GET,YV,ELEM,296,CENT,Y 
  3413  *GET,SV,ELEM,296,ETAB,SEQV  
  3414  *VWRITE,EIDV,XV,YV,SV   
  3415  (4(E24.16,',')) 
  3416  EIDV=297
  3417  *GET,XV,ELEM,297,CENT,X 
  3418  *GET,YV,ELEM,297,CENT,Y 
  3419  *GET,SV,ELEM,297,ETAB,SEQV  
  3420  *VWRITE,EIDV,XV,YV,SV   
  3421  (4(E24.16,',')) 
  3422  EIDV=298
  3423  *GET,XV,ELEM,298,CENT,X 
  3424  *GET,YV,ELEM,298,CENT,Y 
  3425  *GET,SV,ELEM,298,ETAB,SEQV  
  3426  *VWRITE,EIDV,XV,YV,SV   
  3427  (4(E24.16,',')) 
  3428  EIDV=299
  3429  *GET,XV,ELEM,299,CENT,X 
  3430  *GET,YV,ELEM,299,CENT,Y 
  3431  *GET,SV,ELEM,299,ETAB,SEQV  
  3432  *VWRITE,EIDV,XV,YV,SV   
  3433  (4(E24.16,',')) 
  3434  EIDV=300
  3435  *GET,XV,ELEM,300,CENT,X 
  3436  *GET,YV,ELEM,300,CENT,Y 
  3437  *GET,SV,ELEM,300,ETAB,SEQV  
  3438  *VWRITE,EIDV,XV,YV,SV   
  3439  (4(E24.16,',')) 
  3440  EIDV=301
  3441  *GET,XV,ELEM,301,CENT,X 
  3442  *GET,YV,ELEM,301,CENT,Y 
  3443  *GET,SV,ELEM,301,ETAB,SEQV  
  3444  *VWRITE,EIDV,XV,YV,SV   
  3445  (4(E24.16,',')) 
  3446  EIDV=302
  3447  *GET,XV,ELEM,302,CENT,X 
  3448  *GET,YV,ELEM,302,CENT,Y 
  3449  *GET,SV,ELEM,302,ETAB,SEQV  
  3450  *VWRITE,EIDV,XV,YV,SV   
  3451  (4(E24.16,',')) 
  3452  EIDV=303
  3453  *GET,XV,ELEM,303,CENT,X 
  3454  *GET,YV,ELEM,303,CENT,Y 
  3455  *GET,SV,ELEM,303,ETAB,SEQV  
  3456  *VWRITE,EIDV,XV,YV,SV   
  3457  (4(E24.16,',')) 
  3458  EIDV=304
  3459  *GET,XV,ELEM,304,CENT,X 
  3460  *GET,YV,ELEM,304,CENT,Y 
  3461  *GET,SV,ELEM,304,ETAB,SEQV  
  3462  *VWRITE,EIDV,XV,YV,SV   
  3463  (4(E24.16,',')) 
  3464  EIDV=305
  3465  *GET,XV,ELEM,305,CENT,X 
  3466  *GET,YV,ELEM,305,CENT,Y 
  3467  *GET,SV,ELEM,305,ETAB,SEQV  
  3468  *VWRITE,EIDV,XV,YV,SV   
  3469  (4(E24.16,',')) 
  3470  EIDV=306
  3471  *GET,XV,ELEM,306,CENT,X 
  3472  *GET,YV,ELEM,306,CENT,Y 
  3473  *GET,SV,ELEM,306,ETAB,SEQV  
  3474  *VWRITE,EIDV,XV,YV,SV   
  3475  (4(E24.16,',')) 
  3476  EIDV=307
  3477  *GET,XV,ELEM,307,CENT,X 
  3478  *GET,YV,ELEM,307,CENT,Y 
  3479  *GET,SV,ELEM,307,ETAB,SEQV  
  3480  *VWRITE,EIDV,XV,YV,SV   
  3481  (4(E24.16,',')) 
  3482  EIDV=308
  3483  *GET,XV,ELEM,308,CENT,X 
  3484  *GET,YV,ELEM,308,CENT,Y 
  3485  *GET,SV,ELEM,308,ETAB,SEQV  
  3486  *VWRITE,EIDV,XV,YV,SV   
  3487  (4(E24.16,',')) 
  3488  EIDV=309
  3489  *GET,XV,ELEM,309,CENT,X 
  3490  *GET,YV,ELEM,309,CENT,Y 
  3491  *GET,SV,ELEM,309,ETAB,SEQV  
  3492  *VWRITE,EIDV,XV,YV,SV   
  3493  (4(E24.16,',')) 
  3494  EIDV=310
  3495  *GET,XV,ELEM,310,CENT,X 
  3496  *GET,YV,ELEM,310,CENT,Y 
  3497  *GET,SV,ELEM,310,ETAB,SEQV  
  3498  *VWRITE,EIDV,XV,YV,SV   
  3499  (4(E24.16,',')) 
  3500  EIDV=311
  3501  *GET,XV,ELEM,311,CENT,X 
  3502  *GET,YV,ELEM,311,CENT,Y 
  3503  *GET,SV,ELEM,311,ETAB,SEQV  
  3504  *VWRITE,EIDV,XV,YV,SV   
  3505  (4(E24.16,',')) 
  3506  EIDV=312
  3507  *GET,XV,ELEM,312,CENT,X 
  3508  *GET,YV,ELEM,312,CENT,Y 
  3509  *GET,SV,ELEM,312,ETAB,SEQV  
  3510  *VWRITE,EIDV,XV,YV,SV   
  3511  (4(E24.16,',')) 
  3512  EIDV=313
  3513  *GET,XV,ELEM,313,CENT,X 
  3514  *GET,YV,ELEM,313,CENT,Y 
  3515  *GET,SV,ELEM,313,ETAB,SEQV  
  3516  *VWRITE,EIDV,XV,YV,SV   
  3517  (4(E24.16,',')) 
  3518  EIDV=314
  3519  *GET,XV,ELEM,314,CENT,X 
  3520  *GET,YV,ELEM,314,CENT,Y 
  3521  *GET,SV,ELEM,314,ETAB,SEQV  
  3522  *VWRITE,EIDV,XV,YV,SV   
  3523  (4(E24.16,',')) 
  3524  EIDV=315
  3525  *GET,XV,ELEM,315,CENT,X 
  3526  *GET,YV,ELEM,315,CENT,Y 
  3527  *GET,SV,ELEM,315,ETAB,SEQV  
  3528  *VWRITE,EIDV,XV,YV,SV   
  3529  (4(E24.16,',')) 
  3530  EIDV=316
  3531  *GET,XV,ELEM,316,CENT,X 
  3532  *GET,YV,ELEM,316,CENT,Y 
  3533  *GET,SV,ELEM,316,ETAB,SEQV  
  3534  *VWRITE,EIDV,XV,YV,SV   
  3535  (4(E24.16,',')) 
  3536  EIDV=317
  3537  *GET,XV,ELEM,317,CENT,X 
  3538  *GET,YV,ELEM,317,CENT,Y 
  3539  *GET,SV,ELEM,317,ETAB,SEQV  
  3540  *VWRITE,EIDV,XV,YV,SV   
  3541  (4(E24.16,',')) 
  3542  EIDV=318
  3543  *GET,XV,ELEM,318,CENT,X 
  3544  *GET,YV,ELEM,318,CENT,Y 
  3545  *GET,SV,ELEM,318,ETAB,SEQV  
  3546  *VWRITE,EIDV,XV,YV,SV   
  3547  (4(E24.16,',')) 
  3548  EIDV=319
  3549  *GET,XV,ELEM,319,CENT,X 
  3550  *GET,YV,ELEM,319,CENT,Y 
  3551  *GET,SV,ELEM,319,ETAB,SEQV  
  3552  *VWRITE,EIDV,XV,YV,SV   
  3553  (4(E24.16,',')) 
  3554  EIDV=320
  3555  *GET,XV,ELEM,320,CENT,X 
  3556  *GET,YV,ELEM,320,CENT,Y 
  3557  *GET,SV,ELEM,320,ETAB,SEQV  
  3558  *VWRITE,EIDV,XV,YV,SV   
  3559  (4(E24.16,',')) 
  3560  EIDV=321
  3561  *GET,XV,ELEM,321,CENT,X 
  3562  *GET,YV,ELEM,321,CENT,Y 
  3563  *GET,SV,ELEM,321,ETAB,SEQV  
  3564  *VWRITE,EIDV,XV,YV,SV   
  3565  (4(E24.16,',')) 
  3566  EIDV=322
  3567  *GET,XV,ELEM,322,CENT,X 
  3568  *GET,YV,ELEM,322,CENT,Y 
  3569  *GET,SV,ELEM,322,ETAB,SEQV  
  3570  *VWRITE,EIDV,XV,YV,SV   
  3571  (4(E24.16,',')) 
  3572  EIDV=323
  3573  *GET,XV,ELEM,323,CENT,X 
  3574  *GET,YV,ELEM,323,CENT,Y 
  3575  *GET,SV,ELEM,323,ETAB,SEQV  
  3576  *VWRITE,EIDV,XV,YV,SV   
  3577  (4(E24.16,',')) 
  3578  EIDV=324
  3579  *GET,XV,ELEM,324,CENT,X 
  3580  *GET,YV,ELEM,324,CENT,Y 
  3581  *GET,SV,ELEM,324,ETAB,SEQV  
  3582  *VWRITE,EIDV,XV,YV,SV   
  3583  (4(E24.16,',')) 
  3584  EIDV=325
  3585  *GET,XV,ELEM,325,CENT,X 
  3586  *GET,YV,ELEM,325,CENT,Y 
  3587  *GET,SV,ELEM,325,ETAB,SEQV  
  3588  *VWRITE,EIDV,XV,YV,SV   
  3589  (4(E24.16,',')) 
  3590  EIDV=326
  3591  *GET,XV,ELEM,326,CENT,X 
  3592  *GET,YV,ELEM,326,CENT,Y 
  3593  *GET,SV,ELEM,326,ETAB,SEQV  
  3594  *VWRITE,EIDV,XV,YV,SV   
  3595  (4(E24.16,',')) 
  3596  EIDV=327
  3597  *GET,XV,ELEM,327,CENT,X 
  3598  *GET,YV,ELEM,327,CENT,Y 
  3599  *GET,SV,ELEM,327,ETAB,SEQV  
  3600  *VWRITE,EIDV,XV,YV,SV   
  3601  (4(E24.16,',')) 
  3602  EIDV=328
  3603  *GET,XV,ELEM,328,CENT,X 
  3604  *GET,YV,ELEM,328,CENT,Y 
  3605  *GET,SV,ELEM,328,ETAB,SEQV  
  3606  *VWRITE,EIDV,XV,YV,SV   
  3607  (4(E24.16,',')) 
  3608  EIDV=329
  3609  *GET,XV,ELEM,329,CENT,X 
  3610  *GET,YV,ELEM,329,CENT,Y 
  3611  *GET,SV,ELEM,329,ETAB,SEQV  
  3612  *VWRITE,EIDV,XV,YV,SV   
  3613  (4(E24.16,',')) 
  3614  EIDV=330
  3615  *GET,XV,ELEM,330,CENT,X 
  3616  *GET,YV,ELEM,330,CENT,Y 
  3617  *GET,SV,ELEM,330,ETAB,SEQV  
  3618  *VWRITE,EIDV,XV,YV,SV   
  3619  (4(E24.16,',')) 
  3620  EIDV=331
  3621  *GET,XV,ELEM,331,CENT,X 
  3622  *GET,YV,ELEM,331,CENT,Y 
  3623  *GET,SV,ELEM,331,ETAB,SEQV  
  3624  *VWRITE,EIDV,XV,YV,SV   
  3625  (4(E24.16,',')) 
  3626  EIDV=332
  3627  *GET,XV,ELEM,332,CENT,X 
  3628  *GET,YV,ELEM,332,CENT,Y 
  3629  *GET,SV,ELEM,332,ETAB,SEQV  
  3630  *VWRITE,EIDV,XV,YV,SV   
  3631  (4(E24.16,',')) 
  3632  EIDV=333
  3633  *GET,XV,ELEM,333,CENT,X 
  3634  *GET,YV,ELEM,333,CENT,Y 
  3635  *GET,SV,ELEM,333,ETAB,SEQV  
  3636  *VWRITE,EIDV,XV,YV,SV   
  3637  (4(E24.16,',')) 
  3638  EIDV=334
  3639  *GET,XV,ELEM,334,CENT,X 
  3640  *GET,YV,ELEM,334,CENT,Y 
  3641  *GET,SV,ELEM,334,ETAB,SEQV  
  3642  *VWRITE,EIDV,XV,YV,SV   
  3643  (4(E24.16,',')) 
  3644  EIDV=335
  3645  *GET,XV,ELEM,335,CENT,X 
  3646  *GET,YV,ELEM,335,CENT,Y 
  3647  *GET,SV,ELEM,335,ETAB,SEQV  
  3648  *VWRITE,EIDV,XV,YV,SV   
  3649  (4(E24.16,',')) 
  3650  EIDV=336
  3651  *GET,XV,ELEM,336,CENT,X 
  3652  *GET,YV,ELEM,336,CENT,Y 
  3653  *GET,SV,ELEM,336,ETAB,SEQV  
  3654  *VWRITE,EIDV,XV,YV,SV   
  3655  (4(E24.16,',')) 
  3656  EIDV=337
  3657  *GET,XV,ELEM,337,CENT,X 
  3658  *GET,YV,ELEM,337,CENT,Y 
  3659  *GET,SV,ELEM,337,ETAB,SEQV  
  3660  *VWRITE,EIDV,XV,YV,SV   
  3661  (4(E24.16,',')) 
  3662  EIDV=338
  3663  *GET,XV,ELEM,338,CENT,X 
  3664  *GET,YV,ELEM,338,CENT,Y 
  3665  *GET,SV,ELEM,338,ETAB,SEQV  
  3666  *VWRITE,EIDV,XV,YV,SV   
  3667  (4(E24.16,',')) 
  3668  EIDV=339
  3669  *GET,XV,ELEM,339,CENT,X 
  3670  *GET,YV,ELEM,339,CENT,Y 
  3671  *GET,SV,ELEM,339,ETAB,SEQV  
  3672  *VWRITE,EIDV,XV,YV,SV   
  3673  (4(E24.16,',')) 
  3674  EIDV=340
  3675  *GET,XV,ELEM,340,CENT,X 
  3676  *GET,YV,ELEM,340,CENT,Y 
  3677  *GET,SV,ELEM,340,ETAB,SEQV  
  3678  *VWRITE,EIDV,XV,YV,SV   
  3679  (4(E24.16,',')) 
  3680  EIDV=341
  3681  *GET,XV,ELEM,341,CENT,X 
  3682  *GET,YV,ELEM,341,CENT,Y 
  3683  *GET,SV,ELEM,341,ETAB,SEQV  
  3684  *VWRITE,EIDV,XV,YV,SV   
  3685  (4(E24.16,',')) 
  3686  EIDV=342
  3687  *GET,XV,ELEM,342,CENT,X 
  3688  *GET,YV,ELEM,342,CENT,Y 
  3689  *GET,SV,ELEM,342,ETAB,SEQV  
  3690  *VWRITE,EIDV,XV,YV,SV   
  3691  (4(E24.16,',')) 
  3692  EIDV=343
  3693  *GET,XV,ELEM,343,CENT,X 
  3694  *GET,YV,ELEM,343,CENT,Y 
  3695  *GET,SV,ELEM,343,ETAB,SEQV  
  3696  *VWRITE,EIDV,XV,YV,SV   
  3697  (4(E24.16,',')) 
  3698  EIDV=344
  3699  *GET,XV,ELEM,344,CENT,X 
  3700  *GET,YV,ELEM,344,CENT,Y 
  3701  *GET,SV,ELEM,344,ETAB,SEQV  
  3702  *VWRITE,EIDV,XV,YV,SV   
  3703  (4(E24.16,',')) 
  3704  EIDV=345
  3705  *GET,XV,ELEM,345,CENT,X 
  3706  *GET,YV,ELEM,345,CENT,Y 
  3707  *GET,SV,ELEM,345,ETAB,SEQV  
  3708  *VWRITE,EIDV,XV,YV,SV   
  3709  (4(E24.16,',')) 
  3710  EIDV=346
  3711  *GET,XV,ELEM,346,CENT,X 
  3712  *GET,YV,ELEM,346,CENT,Y 
  3713  *GET,SV,ELEM,346,ETAB,SEQV  
  3714  *VWRITE,EIDV,XV,YV,SV   
  3715  (4(E24.16,',')) 
  3716  EIDV=347
  3717  *GET,XV,ELEM,347,CENT,X 
  3718  *GET,YV,ELEM,347,CENT,Y 
  3719  *GET,SV,ELEM,347,ETAB,SEQV  
  3720  *VWRITE,EIDV,XV,YV,SV   
  3721  (4(E24.16,',')) 
  3722  EIDV=348
  3723  *GET,XV,ELEM,348,CENT,X 
  3724  *GET,YV,ELEM,348,CENT,Y 
  3725  *GET,SV,ELEM,348,ETAB,SEQV  
  3726  *VWRITE,EIDV,XV,YV,SV   
  3727  (4(E24.16,',')) 
  3728  EIDV=349
  3729  *GET,XV,ELEM,349,CENT,X 
  3730  *GET,YV,ELEM,349,CENT,Y 
  3731  *GET,SV,ELEM,349,ETAB,SEQV  
  3732  *VWRITE,EIDV,XV,YV,SV   
  3733  (4(E24.16,',')) 
  3734  EIDV=350
  3735  *GET,XV,ELEM,350,CENT,X 
  3736  *GET,YV,ELEM,350,CENT,Y 
  3737  *GET,SV,ELEM,350,ETAB,SEQV  
  3738  *VWRITE,EIDV,XV,YV,SV   
  3739  (4(E24.16,',')) 
  3740  EIDV=351
  3741  *GET,XV,ELEM,351,CENT,X 
  3742  *GET,YV,ELEM,351,CENT,Y 
  3743  *GET,SV,ELEM,351,ETAB,SEQV  
  3744  *VWRITE,EIDV,XV,YV,SV   
  3745  (4(E24.16,',')) 
  3746  EIDV=352
  3747  *GET,XV,ELEM,352,CENT,X 
  3748  *GET,YV,ELEM,352,CENT,Y 
  3749  *GET,SV,ELEM,352,ETAB,SEQV  
  3750  *VWRITE,EIDV,XV,YV,SV   
  3751  (4(E24.16,',')) 
  3752  EIDV=353
  3753  *GET,XV,ELEM,353,CENT,X 
  3754  *GET,YV,ELEM,353,CENT,Y 
  3755  *GET,SV,ELEM,353,ETAB,SEQV  
  3756  *VWRITE,EIDV,XV,YV,SV   
  3757  (4(E24.16,',')) 
  3758  EIDV=354
  3759  *GET,XV,ELEM,354,CENT,X 
  3760  *GET,YV,ELEM,354,CENT,Y 
  3761  *GET,SV,ELEM,354,ETAB,SEQV  
  3762  *VWRITE,EIDV,XV,YV,SV   
  3763  (4(E24.16,',')) 
  3764  EIDV=355
  3765  *GET,XV,ELEM,355,CENT,X 
  3766  *GET,YV,ELEM,355,CENT,Y 
  3767  *GET,SV,ELEM,355,ETAB,SEQV  
  3768  *VWRITE,EIDV,XV,YV,SV   
  3769  (4(E24.16,',')) 
  3770  EIDV=356
  3771  *GET,XV,ELEM,356,CENT,X 
  3772  *GET,YV,ELEM,356,CENT,Y 
  3773  *GET,SV,ELEM,356,ETAB,SEQV  
  3774  *VWRITE,EIDV,XV,YV,SV   
  3775  (4(E24.16,',')) 
  3776  EIDV=357
  3777  *GET,XV,ELEM,357,CENT,X 
  3778  *GET,YV,ELEM,357,CENT,Y 
  3779  *GET,SV,ELEM,357,ETAB,SEQV  
  3780  *VWRITE,EIDV,XV,YV,SV   
  3781  (4(E24.16,',')) 
  3782  EIDV=358
  3783  *GET,XV,ELEM,358,CENT,X 
  3784  *GET,YV,ELEM,358,CENT,Y 
  3785  *GET,SV,ELEM,358,ETAB,SEQV  
  3786  *VWRITE,EIDV,XV,YV,SV   
  3787  (4(E24.16,',')) 
  3788  EIDV=359
  3789  *GET,XV,ELEM,359,CENT,X 
  3790  *GET,YV,ELEM,359,CENT,Y 
  3791  *GET,SV,ELEM,359,ETAB,SEQV  
  3792  *VWRITE,EIDV,XV,YV,SV   
  3793  (4(E24.16,',')) 
  3794  EIDV=360
  3795  *GET,XV,ELEM,360,CENT,X 
  3796  *GET,YV,ELEM,360,CENT,Y 
  3797  *GET,SV,ELEM,360,ETAB,SEQV  
  3798  *VWRITE,EIDV,XV,YV,SV   
  3799  (4(E24.16,',')) 
  3800  EIDV=361
  3801  *GET,XV,ELEM,361,CENT,X 
  3802  *GET,YV,ELEM,361,CENT,Y 
  3803  *GET,SV,ELEM,361,ETAB,SEQV  
  3804  *VWRITE,EIDV,XV,YV,SV   
  3805  (4(E24.16,',')) 
  3806  EIDV=362
  3807  *GET,XV,ELEM,362,CENT,X 
  3808  *GET,YV,ELEM,362,CENT,Y 
  3809  *GET,SV,ELEM,362,ETAB,SEQV  
  3810  *VWRITE,EIDV,XV,YV,SV   
  3811  (4(E24.16,',')) 
  3812  EIDV=363
  3813  *GET,XV,ELEM,363,CENT,X 
  3814  *GET,YV,ELEM,363,CENT,Y 
  3815  *GET,SV,ELEM,363,ETAB,SEQV  
  3816  *VWRITE,EIDV,XV,YV,SV   
  3817  (4(E24.16,',')) 
  3818  EIDV=364
  3819  *GET,XV,ELEM,364,CENT,X 
  3820  *GET,YV,ELEM,364,CENT,Y 
  3821  *GET,SV,ELEM,364,ETAB,SEQV  
  3822  *VWRITE,EIDV,XV,YV,SV   
  3823  (4(E24.16,',')) 
  3824  EIDV=365
  3825  *GET,XV,ELEM,365,CENT,X 
  3826  *GET,YV,ELEM,365,CENT,Y 
  3827  *GET,SV,ELEM,365,ETAB,SEQV  
  3828  *VWRITE,EIDV,XV,YV,SV   
  3829  (4(E24.16,',')) 
  3830  EIDV=366
  3831  *GET,XV,ELEM,366,CENT,X 
  3832  *GET,YV,ELEM,366,CENT,Y 
  3833  *GET,SV,ELEM,366,ETAB,SEQV  
  3834  *VWRITE,EIDV,XV,YV,SV   
  3835  (4(E24.16,',')) 
  3836  EIDV=367
  3837  *GET,XV,ELEM,367,CENT,X 
  3838  *GET,YV,ELEM,367,CENT,Y 
  3839  *GET,SV,ELEM,367,ETAB,SEQV  
  3840  *VWRITE,EIDV,XV,YV,SV   
  3841  (4(E24.16,',')) 
  3842  EIDV=368
  3843  *GET,XV,ELEM,368,CENT,X 
  3844  *GET,YV,ELEM,368,CENT,Y 
  3845  *GET,SV,ELEM,368,ETAB,SEQV  
  3846  *VWRITE,EIDV,XV,YV,SV   
  3847  (4(E24.16,',')) 
  3848  EIDV=369
  3849  *GET,XV,ELEM,369,CENT,X 
  3850  *GET,YV,ELEM,369,CENT,Y 
  3851  *GET,SV,ELEM,369,ETAB,SEQV  
  3852  *VWRITE,EIDV,XV,YV,SV   
  3853  (4(E24.16,',')) 
  3854  EIDV=370
  3855  *GET,XV,ELEM,370,CENT,X 
  3856  *GET,YV,ELEM,370,CENT,Y 
  3857  *GET,SV,ELEM,370,ETAB,SEQV  
  3858  *VWRITE,EIDV,XV,YV,SV   
  3859  (4(E24.16,',')) 
  3860  EIDV=371
  3861  *GET,XV,ELEM,371,CENT,X 
  3862  *GET,YV,ELEM,371,CENT,Y 
  3863  *GET,SV,ELEM,371,ETAB,SEQV  
  3864  *VWRITE,EIDV,XV,YV,SV   
  3865  (4(E24.16,',')) 
  3866  EIDV=372
  3867  *GET,XV,ELEM,372,CENT,X 
  3868  *GET,YV,ELEM,372,CENT,Y 
  3869  *GET,SV,ELEM,372,ETAB,SEQV  
  3870  *VWRITE,EIDV,XV,YV,SV   
  3871  (4(E24.16,',')) 
  3872  EIDV=373
  3873  *GET,XV,ELEM,373,CENT,X 
  3874  *GET,YV,ELEM,373,CENT,Y 
  3875  *GET,SV,ELEM,373,ETAB,SEQV  
  3876  *VWRITE,EIDV,XV,YV,SV   
  3877  (4(E24.16,',')) 
  3878  EIDV=374
  3879  *GET,XV,ELEM,374,CENT,X 
  3880  *GET,YV,ELEM,374,CENT,Y 
  3881  *GET,SV,ELEM,374,ETAB,SEQV  
  3882  *VWRITE,EIDV,XV,YV,SV   
  3883  (4(E24.16,',')) 
  3884  EIDV=375
  3885  *GET,XV,ELEM,375,CENT,X 
  3886  *GET,YV,ELEM,375,CENT,Y 
  3887  *GET,SV,ELEM,375,ETAB,SEQV  
  3888  *VWRITE,EIDV,XV,YV,SV   
  3889  (4(E24.16,',')) 
  3890  EIDV=376
  3891  *GET,XV,ELEM,376,CENT,X 
  3892  *GET,YV,ELEM,376,CENT,Y 
  3893  *GET,SV,ELEM,376,ETAB,SEQV  
  3894  *VWRITE,EIDV,XV,YV,SV   
  3895  (4(E24.16,',')) 
  3896  EIDV=377
  3897  *GET,XV,ELEM,377,CENT,X 
  3898  *GET,YV,ELEM,377,CENT,Y 
  3899  *GET,SV,ELEM,377,ETAB,SEQV  
  3900  *VWRITE,EIDV,XV,YV,SV   
  3901  (4(E24.16,',')) 
  3902  EIDV=378
  3903  *GET,XV,ELEM,378,CENT,X 
  3904  *GET,YV,ELEM,378,CENT,Y 
  3905  *GET,SV,ELEM,378,ETAB,SEQV  
  3906  *VWRITE,EIDV,XV,YV,SV   
  3907  (4(E24.16,',')) 
  3908  EIDV=379
  3909  *GET,XV,ELEM,379,CENT,X 
  3910  *GET,YV,ELEM,379,CENT,Y 
  3911  *GET,SV,ELEM,379,ETAB,SEQV  
  3912  *VWRITE,EIDV,XV,YV,SV   
  3913  (4(E24.16,',')) 
  3914  EIDV=380
  3915  *GET,XV,ELEM,380,CENT,X 
  3916  *GET,YV,ELEM,380,CENT,Y 
  3917  *GET,SV,ELEM,380,ETAB,SEQV  
  3918  *VWRITE,EIDV,XV,YV,SV   
  3919  (4(E24.16,',')) 
  3920  EIDV=381
  3921  *GET,XV,ELEM,381,CENT,X 
  3922  *GET,YV,ELEM,381,CENT,Y 
  3923  *GET,SV,ELEM,381,ETAB,SEQV  
  3924  *VWRITE,EIDV,XV,YV,SV   
  3925  (4(E24.16,',')) 
  3926  EIDV=382
  3927  *GET,XV,ELEM,382,CENT,X 
  3928  *GET,YV,ELEM,382,CENT,Y 
  3929  *GET,SV,ELEM,382,ETAB,SEQV  
  3930  *VWRITE,EIDV,XV,YV,SV   
  3931  (4(E24.16,',')) 
  3932  EIDV=383
  3933  *GET,XV,ELEM,383,CENT,X 
  3934  *GET,YV,ELEM,383,CENT,Y 
  3935  *GET,SV,ELEM,383,ETAB,SEQV  
  3936  *VWRITE,EIDV,XV,YV,SV   
  3937  (4(E24.16,',')) 
  3938  EIDV=384
  3939  *GET,XV,ELEM,384,CENT,X 
  3940  *GET,YV,ELEM,384,CENT,Y 
  3941  *GET,SV,ELEM,384,ETAB,SEQV  
  3942  *VWRITE,EIDV,XV,YV,SV   
  3943  (4(E24.16,',')) 
  3944  EIDV=385
  3945  *GET,XV,ELEM,385,CENT,X 
  3946  *GET,YV,ELEM,385,CENT,Y 
  3947  *GET,SV,ELEM,385,ETAB,SEQV  
  3948  *VWRITE,EIDV,XV,YV,SV   
  3949  (4(E24.16,',')) 
  3950  EIDV=386
  3951  *GET,XV,ELEM,386,CENT,X 
  3952  *GET,YV,ELEM,386,CENT,Y 
  3953  *GET,SV,ELEM,386,ETAB,SEQV  
  3954  *VWRITE,EIDV,XV,YV,SV   
  3955  (4(E24.16,',')) 
  3956  EIDV=387
  3957  *GET,XV,ELEM,387,CENT,X 
  3958  *GET,YV,ELEM,387,CENT,Y 
  3959  *GET,SV,ELEM,387,ETAB,SEQV  
  3960  *VWRITE,EIDV,XV,YV,SV   
  3961  (4(E24.16,',')) 
  3962  EIDV=388
  3963  *GET,XV,ELEM,388,CENT,X 
  3964  *GET,YV,ELEM,388,CENT,Y 
  3965  *GET,SV,ELEM,388,ETAB,SEQV  
  3966  *VWRITE,EIDV,XV,YV,SV   
  3967  (4(E24.16,',')) 
  3968  EIDV=389
  3969  *GET,XV,ELEM,389,CENT,X 
  3970  *GET,YV,ELEM,389,CENT,Y 
  3971  *GET,SV,ELEM,389,ETAB,SEQV  
  3972  *VWRITE,EIDV,XV,YV,SV   
  3973  (4(E24.16,',')) 
  3974  EIDV=390
  3975  *GET,XV,ELEM,390,CENT,X 
  3976  *GET,YV,ELEM,390,CENT,Y 
  3977  *GET,SV,ELEM,390,ETAB,SEQV  
  3978  *VWRITE,EIDV,XV,YV,SV   
  3979  (4(E24.16,',')) 
  3980  EIDV=391
  3981  *GET,XV,ELEM,391,CENT,X 
  3982  *GET,YV,ELEM,391,CENT,Y 
  3983  *GET,SV,ELEM,391,ETAB,SEQV  
  3984  *VWRITE,EIDV,XV,YV,SV   
  3985  (4(E24.16,',')) 
  3986  EIDV=392
  3987  *GET,XV,ELEM,392,CENT,X 
  3988  *GET,YV,ELEM,392,CENT,Y 
  3989  *GET,SV,ELEM,392,ETAB,SEQV  
  3990  *VWRITE,EIDV,XV,YV,SV   
  3991  (4(E24.16,',')) 
  3992  EIDV=393
  3993  *GET,XV,ELEM,393,CENT,X 
  3994  *GET,YV,ELEM,393,CENT,Y 
  3995  *GET,SV,ELEM,393,ETAB,SEQV  
  3996  *VWRITE,EIDV,XV,YV,SV   
  3997  (4(E24.16,',')) 
  3998  EIDV=394
  3999  *GET,XV,ELEM,394,CENT,X 
  4000  *GET,YV,ELEM,394,CENT,Y 
  4001  *GET,SV,ELEM,394,ETAB,SEQV  
  4002  *VWRITE,EIDV,XV,YV,SV   
  4003  (4(E24.16,',')) 
  4004  EIDV=395
  4005  *GET,XV,ELEM,395,CENT,X 
  4006  *GET,YV,ELEM,395,CENT,Y 
  4007  *GET,SV,ELEM,395,ETAB,SEQV  
  4008  *VWRITE,EIDV,XV,YV,SV   
  4009  (4(E24.16,',')) 
  4010  EIDV=396
  4011  *GET,XV,ELEM,396,CENT,X 
  4012  *GET,YV,ELEM,396,CENT,Y 
  4013  *GET,SV,ELEM,396,ETAB,SEQV  
  4014  *VWRITE,EIDV,XV,YV,SV   
  4015  (4(E24.16,',')) 
  4016  EIDV=397
  4017  *GET,XV,ELEM,397,CENT,X 
  4018  *GET,YV,ELEM,397,CENT,Y 
  4019  *GET,SV,ELEM,397,ETAB,SEQV  
  4020  *VWRITE,EIDV,XV,YV,SV   
  4021  (4(E24.16,',')) 
  4022  EIDV=398
  4023  *GET,XV,ELEM,398,CENT,X 
  4024  *GET,YV,ELEM,398,CENT,Y 
  4025  *GET,SV,ELEM,398,ETAB,SEQV  
  4026  *VWRITE,EIDV,XV,YV,SV   
  4027  (4(E24.16,',')) 
  4028  EIDV=399
  4029  *GET,XV,ELEM,399,CENT,X 
  4030  *GET,YV,ELEM,399,CENT,Y 
  4031  *GET,SV,ELEM,399,ETAB,SEQV  
  4032  *VWRITE,EIDV,XV,YV,SV   
  4033  (4(E24.16,',')) 
  4034  EIDV=400
  4035  *GET,XV,ELEM,400,CENT,X 
  4036  *GET,YV,ELEM,400,CENT,Y 
  4037  *GET,SV,ELEM,400,ETAB,SEQV  
  4038  *VWRITE,EIDV,XV,YV,SV   
  4039  (4(E24.16,',')) 
  4040  EIDV=401
  4041  *GET,XV,ELEM,401,CENT,X 
  4042  *GET,YV,ELEM,401,CENT,Y 
  4043  *GET,SV,ELEM,401,ETAB,SEQV  
  4044  *VWRITE,EIDV,XV,YV,SV   
  4045  (4(E24.16,',')) 
  4046  EIDV=402
  4047  *GET,XV,ELEM,402,CENT,X 
  4048  *GET,YV,ELEM,402,CENT,Y 
  4049  *GET,SV,ELEM,402,ETAB,SEQV  
  4050  *VWRITE,EIDV,XV,YV,SV   
  4051  (4(E24.16,',')) 
  4052  EIDV=403
  4053  *GET,XV,ELEM,403,CENT,X 
  4054  *GET,YV,ELEM,403,CENT,Y 
  4055  *GET,SV,ELEM,403,ETAB,SEQV  
  4056  *VWRITE,EIDV,XV,YV,SV   
  4057  (4(E24.16,',')) 
  4058  EIDV=404
  4059  *GET,XV,ELEM,404,CENT,X 
  4060  *GET,YV,ELEM,404,CENT,Y 
  4061  *GET,SV,ELEM,404,ETAB,SEQV  
  4062  *VWRITE,EIDV,XV,YV,SV   
  4063  (4(E24.16,',')) 
  4064  EIDV=405
  4065  *GET,XV,ELEM,405,CENT,X 
  4066  *GET,YV,ELEM,405,CENT,Y 
  4067  *GET,SV,ELEM,405,ETAB,SEQV  
  4068  *VWRITE,EIDV,XV,YV,SV   
  4069  (4(E24.16,',')) 
  4070  EIDV=406
  4071  *GET,XV,ELEM,406,CENT,X 
  4072  *GET,YV,ELEM,406,CENT,Y 
  4073  *GET,SV,ELEM,406,ETAB,SEQV  
  4074  *VWRITE,EIDV,XV,YV,SV   
  4075  (4(E24.16,',')) 
  4076  EIDV=407
  4077  *GET,XV,ELEM,407,CENT,X 
  4078  *GET,YV,ELEM,407,CENT,Y 
  4079  *GET,SV,ELEM,407,ETAB,SEQV  
  4080  *VWRITE,EIDV,XV,YV,SV   
  4081  (4(E24.16,',')) 
  4082  EIDV=408
  4083  *GET,XV,ELEM,408,CENT,X 
  4084  *GET,YV,ELEM,408,CENT,Y 
  4085  *GET,SV,ELEM,408,ETAB,SEQV  
  4086  *VWRITE,EIDV,XV,YV,SV   
  4087  (4(E24.16,',')) 
  4088  EIDV=409
  4089  *GET,XV,ELEM,409,CENT,X 
  4090  *GET,YV,ELEM,409,CENT,Y 
  4091  *GET,SV,ELEM,409,ETAB,SEQV  
  4092  *VWRITE,EIDV,XV,YV,SV   
  4093  (4(E24.16,',')) 
  4094  EIDV=410
  4095  *GET,XV,ELEM,410,CENT,X 
  4096  *GET,YV,ELEM,410,CENT,Y 
  4097  *GET,SV,ELEM,410,ETAB,SEQV  
  4098  *VWRITE,EIDV,XV,YV,SV   
  4099  (4(E24.16,',')) 
  4100  EIDV=411
  4101  *GET,XV,ELEM,411,CENT,X 
  4102  *GET,YV,ELEM,411,CENT,Y 
  4103  *GET,SV,ELEM,411,ETAB,SEQV  
  4104  *VWRITE,EIDV,XV,YV,SV   
  4105  (4(E24.16,',')) 
  4106  EIDV=412
  4107  *GET,XV,ELEM,412,CENT,X 
  4108  *GET,YV,ELEM,412,CENT,Y 
  4109  *GET,SV,ELEM,412,ETAB,SEQV  
  4110  *VWRITE,EIDV,XV,YV,SV   
  4111  (4(E24.16,',')) 
  4112  EIDV=413
  4113  *GET,XV,ELEM,413,CENT,X 
  4114  *GET,YV,ELEM,413,CENT,Y 
  4115  *GET,SV,ELEM,413,ETAB,SEQV  
  4116  *VWRITE,EIDV,XV,YV,SV   
  4117  (4(E24.16,',')) 
  4118  EIDV=414
  4119  *GET,XV,ELEM,414,CENT,X 
  4120  *GET,YV,ELEM,414,CENT,Y 
  4121  *GET,SV,ELEM,414,ETAB,SEQV  
  4122  *VWRITE,EIDV,XV,YV,SV   
  4123  (4(E24.16,',')) 
  4124  EIDV=415
  4125  *GET,XV,ELEM,415,CENT,X 
  4126  *GET,YV,ELEM,415,CENT,Y 
  4127  *GET,SV,ELEM,415,ETAB,SEQV  
  4128  *VWRITE,EIDV,XV,YV,SV   
  4129  (4(E24.16,',')) 
  4130  EIDV=416
  4131  *GET,XV,ELEM,416,CENT,X 
  4132  *GET,YV,ELEM,416,CENT,Y 
  4133  *GET,SV,ELEM,416,ETAB,SEQV  
  4134  *VWRITE,EIDV,XV,YV,SV   
  4135  (4(E24.16,',')) 
  4136  EIDV=417
  4137  *GET,XV,ELEM,417,CENT,X 
  4138  *GET,YV,ELEM,417,CENT,Y 
  4139  *GET,SV,ELEM,417,ETAB,SEQV  
  4140  *VWRITE,EIDV,XV,YV,SV   
  4141  (4(E24.16,',')) 
  4142  EIDV=418
  4143  *GET,XV,ELEM,418,CENT,X 
  4144  *GET,YV,ELEM,418,CENT,Y 
  4145  *GET,SV,ELEM,418,ETAB,SEQV  
  4146  *VWRITE,EIDV,XV,YV,SV   
  4147  (4(E24.16,',')) 
  4148  EIDV=419
  4149  *GET,XV,ELEM,419,CENT,X 
  4150  *GET,YV,ELEM,419,CENT,Y 
  4151  *GET,SV,ELEM,419,ETAB,SEQV  
  4152  *VWRITE,EIDV,XV,YV,SV   
  4153  (4(E24.16,',')) 
  4154  EIDV=420
  4155  *GET,XV,ELEM,420,CENT,X 
  4156  *GET,YV,ELEM,420,CENT,Y 
  4157  *GET,SV,ELEM,420,ETAB,SEQV  
  4158  *VWRITE,EIDV,XV,YV,SV   
  4159  (4(E24.16,',')) 
  4160  EIDV=421
  4161  *GET,XV,ELEM,421,CENT,X 
  4162  *GET,YV,ELEM,421,CENT,Y 
  4163  *GET,SV,ELEM,421,ETAB,SEQV  
  4164  *VWRITE,EIDV,XV,YV,SV   
  4165  (4(E24.16,',')) 
  4166  EIDV=422
  4167  *GET,XV,ELEM,422,CENT,X 
  4168  *GET,YV,ELEM,422,CENT,Y 
  4169  *GET,SV,ELEM,422,ETAB,SEQV  
  4170  *VWRITE,EIDV,XV,YV,SV   
  4171  (4(E24.16,',')) 
  4172  EIDV=423
  4173  *GET,XV,ELEM,423,CENT,X 
  4174  *GET,YV,ELEM,423,CENT,Y 
  4175  *GET,SV,ELEM,423,ETAB,SEQV  
  4176  *VWRITE,EIDV,XV,YV,SV   
  4177  (4(E24.16,',')) 
  4178  EIDV=424
  4179  *GET,XV,ELEM,424,CENT,X 
  4180  *GET,YV,ELEM,424,CENT,Y 
  4181  *GET,SV,ELEM,424,ETAB,SEQV  
  4182  *VWRITE,EIDV,XV,YV,SV   
  4183  (4(E24.16,',')) 
  4184  EIDV=425
  4185  *GET,XV,ELEM,425,CENT,X 
  4186  *GET,YV,ELEM,425,CENT,Y 
  4187  *GET,SV,ELEM,425,ETAB,SEQV  
  4188  *VWRITE,EIDV,XV,YV,SV   
  4189  (4(E24.16,',')) 
  4190  EIDV=426
  4191  *GET,XV,ELEM,426,CENT,X 
  4192  *GET,YV,ELEM,426,CENT,Y 
  4193  *GET,SV,ELEM,426,ETAB,SEQV  
  4194  *VWRITE,EIDV,XV,YV,SV   
  4195  (4(E24.16,',')) 
  4196  EIDV=427
  4197  *GET,XV,ELEM,427,CENT,X 
  4198  *GET,YV,ELEM,427,CENT,Y 
  4199  *GET,SV,ELEM,427,ETAB,SEQV  
  4200  *VWRITE,EIDV,XV,YV,SV   
  4201  (4(E24.16,',')) 
  4202  EIDV=428
  4203  *GET,XV,ELEM,428,CENT,X 
  4204  *GET,YV,ELEM,428,CENT,Y 
  4205  *GET,SV,ELEM,428,ETAB,SEQV  
  4206  *VWRITE,EIDV,XV,YV,SV   
  4207  (4(E24.16,',')) 
  4208  EIDV=429
  4209  *GET,XV,ELEM,429,CENT,X 
  4210  *GET,YV,ELEM,429,CENT,Y 
  4211  *GET,SV,ELEM,429,ETAB,SEQV  
  4212  *VWRITE,EIDV,XV,YV,SV   
  4213  (4(E24.16,',')) 
  4214  EIDV=430
  4215  *GET,XV,ELEM,430,CENT,X 
  4216  *GET,YV,ELEM,430,CENT,Y 
  4217  *GET,SV,ELEM,430,ETAB,SEQV  
  4218  *VWRITE,EIDV,XV,YV,SV   
  4219  (4(E24.16,',')) 
  4220  EIDV=431
  4221  *GET,XV,ELEM,431,CENT,X 
  4222  *GET,YV,ELEM,431,CENT,Y 
  4223  *GET,SV,ELEM,431,ETAB,SEQV  
  4224  *VWRITE,EIDV,XV,YV,SV   
  4225  (4(E24.16,',')) 
  4226  EIDV=432
  4227  *GET,XV,ELEM,432,CENT,X 
  4228  *GET,YV,ELEM,432,CENT,Y 
  4229  *GET,SV,ELEM,432,ETAB,SEQV  
  4230  *VWRITE,EIDV,XV,YV,SV   
  4231  (4(E24.16,',')) 
  4232  EIDV=433
  4233  *GET,XV,ELEM,433,CENT,X 
  4234  *GET,YV,ELEM,433,CENT,Y 
  4235  *GET,SV,ELEM,433,ETAB,SEQV  
  4236  *VWRITE,EIDV,XV,YV,SV   
  4237  (4(E24.16,',')) 
  4238  EIDV=434
  4239  *GET,XV,ELEM,434,CENT,X 
  4240  *GET,YV,ELEM,434,CENT,Y 
  4241  *GET,SV,ELEM,434,ETAB,SEQV  
  4242  *VWRITE,EIDV,XV,YV,SV   
  4243  (4(E24.16,',')) 
  4244  EIDV=435
  4245  *GET,XV,ELEM,435,CENT,X 
  4246  *GET,YV,ELEM,435,CENT,Y 
  4247  *GET,SV,ELEM,435,ETAB,SEQV  
  4248  *VWRITE,EIDV,XV,YV,SV   
  4249  (4(E24.16,',')) 
  4250  EIDV=436
  4251  *GET,XV,ELEM,436,CENT,X 
  4252  *GET,YV,ELEM,436,CENT,Y 
  4253  *GET,SV,ELEM,436,ETAB,SEQV  
  4254  *VWRITE,EIDV,XV,YV,SV   
  4255  (4(E24.16,',')) 
  4256  EIDV=437
  4257  *GET,XV,ELEM,437,CENT,X 
  4258  *GET,YV,ELEM,437,CENT,Y 
  4259  *GET,SV,ELEM,437,ETAB,SEQV  
  4260  *VWRITE,EIDV,XV,YV,SV   
  4261  (4(E24.16,',')) 
  4262  EIDV=438
  4263  *GET,XV,ELEM,438,CENT,X 
  4264  *GET,YV,ELEM,438,CENT,Y 
  4265  *GET,SV,ELEM,438,ETAB,SEQV  
  4266  *VWRITE,EIDV,XV,YV,SV   
  4267  (4(E24.16,',')) 
  4268  EIDV=439
  4269  *GET,XV,ELEM,439,CENT,X 
  4270  *GET,YV,ELEM,439,CENT,Y 
  4271  *GET,SV,ELEM,439,ETAB,SEQV  
  4272  *VWRITE,EIDV,XV,YV,SV   
  4273  (4(E24.16,',')) 
  4274  EIDV=440
  4275  *GET,XV,ELEM,440,CENT,X 
  4276  *GET,YV,ELEM,440,CENT,Y 
  4277  *GET,SV,ELEM,440,ETAB,SEQV  
  4278  *VWRITE,EIDV,XV,YV,SV   
  4279  (4(E24.16,',')) 
  4280  EIDV=441
  4281  *GET,XV,ELEM,441,CENT,X 
  4282  *GET,YV,ELEM,441,CENT,Y 
  4283  *GET,SV,ELEM,441,ETAB,SEQV  
  4284  *VWRITE,EIDV,XV,YV,SV   
  4285  (4(E24.16,',')) 
  4286  EIDV=442
  4287  *GET,XV,ELEM,442,CENT,X 
  4288  *GET,YV,ELEM,442,CENT,Y 
  4289  *GET,SV,ELEM,442,ETAB,SEQV  
  4290  *VWRITE,EIDV,XV,YV,SV   
  4291  (4(E24.16,',')) 
  4292  EIDV=443
  4293  *GET,XV,ELEM,443,CENT,X 
  4294  *GET,YV,ELEM,443,CENT,Y 
  4295  *GET,SV,ELEM,443,ETAB,SEQV  
  4296  *VWRITE,EIDV,XV,YV,SV   
  4297  (4(E24.16,',')) 
  4298  EIDV=444
  4299  *GET,XV,ELEM,444,CENT,X 
  4300  *GET,YV,ELEM,444,CENT,Y 
  4301  *GET,SV,ELEM,444,ETAB,SEQV  
  4302  *VWRITE,EIDV,XV,YV,SV   
  4303  (4(E24.16,',')) 
  4304  EIDV=445
  4305  *GET,XV,ELEM,445,CENT,X 
  4306  *GET,YV,ELEM,445,CENT,Y 
  4307  *GET,SV,ELEM,445,ETAB,SEQV  
  4308  *VWRITE,EIDV,XV,YV,SV   
  4309  (4(E24.16,',')) 
  4310  EIDV=446
  4311  *GET,XV,ELEM,446,CENT,X 
  4312  *GET,YV,ELEM,446,CENT,Y 
  4313  *GET,SV,ELEM,446,ETAB,SEQV  
  4314  *VWRITE,EIDV,XV,YV,SV   
  4315  (4(E24.16,',')) 
  4316  EIDV=447
  4317  *GET,XV,ELEM,447,CENT,X 
  4318  *GET,YV,ELEM,447,CENT,Y 
  4319  *GET,SV,ELEM,447,ETAB,SEQV  
  4320  *VWRITE,EIDV,XV,YV,SV   
  4321  (4(E24.16,',')) 
  4322  EIDV=448
  4323  *GET,XV,ELEM,448,CENT,X 
  4324  *GET,YV,ELEM,448,CENT,Y 
  4325  *GET,SV,ELEM,448,ETAB,SEQV  
  4326  *VWRITE,EIDV,XV,YV,SV   
  4327  (4(E24.16,',')) 
  4328  EIDV=449
  4329  *GET,XV,ELEM,449,CENT,X 
  4330  *GET,YV,ELEM,449,CENT,Y 
  4331  *GET,SV,ELEM,449,ETAB,SEQV  
  4332  *VWRITE,EIDV,XV,YV,SV   
  4333  (4(E24.16,',')) 
  4334  EIDV=450
  4335  *GET,XV,ELEM,450,CENT,X 
  4336  *GET,YV,ELEM,450,CENT,Y 
  4337  *GET,SV,ELEM,450,ETAB,SEQV  
  4338  *VWRITE,EIDV,XV,YV,SV   
  4339  (4(E24.16,',')) 
  4340  EIDV=451
  4341  *GET,XV,ELEM,451,CENT,X 
  4342  *GET,YV,ELEM,451,CENT,Y 
  4343  *GET,SV,ELEM,451,ETAB,SEQV  
  4344  *VWRITE,EIDV,XV,YV,SV   
  4345  (4(E24.16,',')) 
  4346  EIDV=452
  4347  *GET,XV,ELEM,452,CENT,X 
  4348  *GET,YV,ELEM,452,CENT,Y 
  4349  *GET,SV,ELEM,452,ETAB,SEQV  
  4350  *VWRITE,EIDV,XV,YV,SV   
  4351  (4(E24.16,',')) 
  4352  EIDV=453
  4353  *GET,XV,ELEM,453,CENT,X 
  4354  *GET,YV,ELEM,453,CENT,Y 
  4355  *GET,SV,ELEM,453,ETAB,SEQV  
  4356  *VWRITE,EIDV,XV,YV,SV   
  4357  (4(E24.16,',')) 
  4358  EIDV=454
  4359  *GET,XV,ELEM,454,CENT,X 
  4360  *GET,YV,ELEM,454,CENT,Y 
  4361  *GET,SV,ELEM,454,ETAB,SEQV  
  4362  *VWRITE,EIDV,XV,YV,SV   
  4363  (4(E24.16,',')) 
  4364  EIDV=455
  4365  *GET,XV,ELEM,455,CENT,X 
  4366  *GET,YV,ELEM,455,CENT,Y 
  4367  *GET,SV,ELEM,455,ETAB,SEQV  
  4368  *VWRITE,EIDV,XV,YV,SV   
  4369  (4(E24.16,',')) 
  4370  EIDV=456
  4371  *GET,XV,ELEM,456,CENT,X 
  4372  *GET,YV,ELEM,456,CENT,Y 
  4373  *GET,SV,ELEM,456,ETAB,SEQV  
  4374  *VWRITE,EIDV,XV,YV,SV   
  4375  (4(E24.16,',')) 
  4376  EIDV=457
  4377  *GET,XV,ELEM,457,CENT,X 
  4378  *GET,YV,ELEM,457,CENT,Y 
  4379  *GET,SV,ELEM,457,ETAB,SEQV  
  4380  *VWRITE,EIDV,XV,YV,SV   
  4381  (4(E24.16,',')) 
  4382  EIDV=458
  4383  *GET,XV,ELEM,458,CENT,X 
  4384  *GET,YV,ELEM,458,CENT,Y 
  4385  *GET,SV,ELEM,458,ETAB,SEQV  
  4386  *VWRITE,EIDV,XV,YV,SV   
  4387  (4(E24.16,',')) 
  4388  EIDV=459
  4389  *GET,XV,ELEM,459,CENT,X 
  4390  *GET,YV,ELEM,459,CENT,Y 
  4391  *GET,SV,ELEM,459,ETAB,SEQV  
  4392  *VWRITE,EIDV,XV,YV,SV   
  4393  (4(E24.16,',')) 
  4394  EIDV=460
  4395  *GET,XV,ELEM,460,CENT,X 
  4396  *GET,YV,ELEM,460,CENT,Y 
  4397  *GET,SV,ELEM,460,ETAB,SEQV  
  4398  *VWRITE,EIDV,XV,YV,SV   
  4399  (4(E24.16,',')) 
  4400  EIDV=461
  4401  *GET,XV,ELEM,461,CENT,X 
  4402  *GET,YV,ELEM,461,CENT,Y 
  4403  *GET,SV,ELEM,461,ETAB,SEQV  
  4404  *VWRITE,EIDV,XV,YV,SV   
  4405  (4(E24.16,',')) 
  4406  EIDV=462
  4407  *GET,XV,ELEM,462,CENT,X 
  4408  *GET,YV,ELEM,462,CENT,Y 
  4409  *GET,SV,ELEM,462,ETAB,SEQV  
  4410  *VWRITE,EIDV,XV,YV,SV   
  4411  (4(E24.16,',')) 
  4412  EIDV=463
  4413  *GET,XV,ELEM,463,CENT,X 
  4414  *GET,YV,ELEM,463,CENT,Y 
  4415  *GET,SV,ELEM,463,ETAB,SEQV  
  4416  *VWRITE,EIDV,XV,YV,SV   
  4417  (4(E24.16,',')) 
  4418  EIDV=464
  4419  *GET,XV,ELEM,464,CENT,X 
  4420  *GET,YV,ELEM,464,CENT,Y 
  4421  *GET,SV,ELEM,464,ETAB,SEQV  
  4422  *VWRITE,EIDV,XV,YV,SV   
  4423  (4(E24.16,',')) 
  4424  EIDV=465
  4425  *GET,XV,ELEM,465,CENT,X 
  4426  *GET,YV,ELEM,465,CENT,Y 
  4427  *GET,SV,ELEM,465,ETAB,SEQV  
  4428  *VWRITE,EIDV,XV,YV,SV   
  4429  (4(E24.16,',')) 
  4430  EIDV=466
  4431  *GET,XV,ELEM,466,CENT,X 
  4432  *GET,YV,ELEM,466,CENT,Y 
  4433  *GET,SV,ELEM,466,ETAB,SEQV  
  4434  *VWRITE,EIDV,XV,YV,SV   
  4435  (4(E24.16,',')) 
  4436  EIDV=467
  4437  *GET,XV,ELEM,467,CENT,X 
  4438  *GET,YV,ELEM,467,CENT,Y 
  4439  *GET,SV,ELEM,467,ETAB,SEQV  
  4440  *VWRITE,EIDV,XV,YV,SV   
  4441  (4(E24.16,',')) 
  4442  EIDV=468
  4443  *GET,XV,ELEM,468,CENT,X 
  4444  *GET,YV,ELEM,468,CENT,Y 
  4445  *GET,SV,ELEM,468,ETAB,SEQV  
  4446  *VWRITE,EIDV,XV,YV,SV   
  4447  (4(E24.16,',')) 
  4448  EIDV=469
  4449  *GET,XV,ELEM,469,CENT,X 
  4450  *GET,YV,ELEM,469,CENT,Y 
  4451  *GET,SV,ELEM,469,ETAB,SEQV  
  4452  *VWRITE,EIDV,XV,YV,SV   
  4453  (4(E24.16,',')) 
  4454  EIDV=470
  4455  *GET,XV,ELEM,470,CENT,X 
  4456  *GET,YV,ELEM,470,CENT,Y 
  4457  *GET,SV,ELEM,470,ETAB,SEQV  
  4458  *VWRITE,EIDV,XV,YV,SV   
  4459  (4(E24.16,',')) 
  4460  EIDV=471
  4461  *GET,XV,ELEM,471,CENT,X 
  4462  *GET,YV,ELEM,471,CENT,Y 
  4463  *GET,SV,ELEM,471,ETAB,SEQV  
  4464  *VWRITE,EIDV,XV,YV,SV   
  4465  (4(E24.16,',')) 
  4466  EIDV=472
  4467  *GET,XV,ELEM,472,CENT,X 
  4468  *GET,YV,ELEM,472,CENT,Y 
  4469  *GET,SV,ELEM,472,ETAB,SEQV  
  4470  *VWRITE,EIDV,XV,YV,SV   
  4471  (4(E24.16,',')) 
  4472  EIDV=473
  4473  *GET,XV,ELEM,473,CENT,X 
  4474  *GET,YV,ELEM,473,CENT,Y 
  4475  *GET,SV,ELEM,473,ETAB,SEQV  
  4476  *VWRITE,EIDV,XV,YV,SV   
  4477  (4(E24.16,',')) 
  4478  EIDV=474
  4479  *GET,XV,ELEM,474,CENT,X 
  4480  *GET,YV,ELEM,474,CENT,Y 
  4481  *GET,SV,ELEM,474,ETAB,SEQV  
  4482  *VWRITE,EIDV,XV,YV,SV   
  4483  (4(E24.16,',')) 
  4484  EIDV=475
  4485  *GET,XV,ELEM,475,CENT,X 
  4486  *GET,YV,ELEM,475,CENT,Y 
  4487  *GET,SV,ELEM,475,ETAB,SEQV  
  4488  *VWRITE,EIDV,XV,YV,SV   
  4489  (4(E24.16,',')) 
  4490  EIDV=476
  4491  *GET,XV,ELEM,476,CENT,X 
  4492  *GET,YV,ELEM,476,CENT,Y 
  4493  *GET,SV,ELEM,476,ETAB,SEQV  
  4494  *VWRITE,EIDV,XV,YV,SV   
  4495  (4(E24.16,',')) 
  4496  EIDV=477
  4497  *GET,XV,ELEM,477,CENT,X 
  4498  *GET,YV,ELEM,477,CENT,Y 
  4499  *GET,SV,ELEM,477,ETAB,SEQV  
  4500  *VWRITE,EIDV,XV,YV,SV   
  4501  (4(E24.16,',')) 
  4502  EIDV=478
  4503  *GET,XV,ELEM,478,CENT,X 
  4504  *GET,YV,ELEM,478,CENT,Y 
  4505  *GET,SV,ELEM,478,ETAB,SEQV  
  4506  *VWRITE,EIDV,XV,YV,SV   
  4507  (4(E24.16,',')) 
  4508  EIDV=479
  4509  *GET,XV,ELEM,479,CENT,X 
  4510  *GET,YV,ELEM,479,CENT,Y 
  4511  *GET,SV,ELEM,479,ETAB,SEQV  
  4512  *VWRITE,EIDV,XV,YV,SV   
  4513  (4(E24.16,',')) 
  4514  EIDV=480
  4515  *GET,XV,ELEM,480,CENT,X 
  4516  *GET,YV,ELEM,480,CENT,Y 
  4517  *GET,SV,ELEM,480,ETAB,SEQV  
  4518  *VWRITE,EIDV,XV,YV,SV   
  4519  (4(E24.16,',')) 
  4520  *CFCLOS 
  4521  FINISH  
  4522  /EXIT,NOSAVE

 RUN SETUP PROCEDURE FROM FILE= C:\Program Files\ANSYS Inc\ANSYS Student\v261\Ansys\apdl\start.ans

 /INPUT FILE= C:\Program Files\ANSYS Inc\ANSYS Student\v261\Ansys\apdl\start.ans  LINE=       0

 CURRENT JOBNAME REDEFINED AS stage10_structural

 TITLE= 
 Stage 10 isothermal discretization verification                               


 *** MAPDL - ENGINEERING ANALYSIS SYSTEM  RELEASE 2026 R1          26.1     ***
 Ansys Mechanical Enterprise Academic Student      
 01055371  VERSION=WINDOWS x64   20:27:39  SEP 14, 2026 Elapsed Time=      6.342

 Stage 10 isothermal discretization verification                               



          ***** MAPDL ANALYSIS DEFINITION (PREP7) *****

 ELEMENT TYPE          1 IS PLANE182     2-D 4-NODE PLANE STRS SOLID 
  KEYOPT( 1- 6)=        0      0      0        0      0      0
  KEYOPT( 7-12)=        0      0      0        0      0      0
  KEYOPT(13-18)=        0      0      0        0      0      0

 CURRENT NODAL DOF SET IS  UX    UY  
  TWO-DIMENSIONAL MODEL

 ELEMENT TYPE       1 IS PLANE182     2-D 4-NODE PLANE STRS SOLID 
  KEYOPT( 1- 6)=        0      0      3        0      0      0
  KEYOPT( 7-12)=        0      0      0        0      0      0
  KEYOPT(13-18)=        0      0      0        0      0      0

 CURRENT NODAL DOF SET IS  UX    UY  
  TWO-DIMENSIONAL MODEL

 REAL CONSTANT SET          1  ITEMS   1 TO   6
    1.0000       0.0000       0.0000       0.0000       0.0000       0.0000    

 ELEMENT TYPE SET TO         1

 REAL CONSTANT NUMBER=        1

 MATERIAL NUMBER SET TO         1

 MATERIAL          1     EX   =   1691.594      

 MATERIAL          1     PRXY =  0.3500000      

   Prony constants for shear response
 DATA FOR  PRON  TABLE FOR MATERIAL   1 AT TEMPERATURE=  0.0000    
 LOC=  1 3.68173e-03     1.17600e-14    

 DATA FOR  PRON  TABLE FOR MATERIAL   1 AT TEMPERATURE=  0.0000    
 LOC=  3 1.06763e-03     1.22800e-14    

 DATA FOR  PRON  TABLE FOR MATERIAL   1 AT TEMPERATURE=  0.0000    
 LOC=  5 4.64000e-03     2.87800e-14    

 DATA FOR  PRON  TABLE FOR MATERIAL   1 AT TEMPERATURE=  0.0000    
 LOC=  7 7.53786e-03     1.70100e-12    

 DATA FOR  PRON  TABLE FOR MATERIAL   1 AT TEMPERATURE=  0.0000    
 LOC=  9 1.23298e-02     9.17800e-12    

 DATA FOR  PRON  TABLE FOR MATERIAL   1 AT TEMPERATURE=  0.0000    
 LOC=  11 1.83874e-02     6.03400e-11    

 DATA FOR  PRON  TABLE FOR MATERIAL   1 AT TEMPERATURE=  0.0000    
 LOC=  13 2.69367e-02     6.18700e-09    

 DATA FOR  PRON  TABLE FOR MATERIAL   1 AT TEMPERATURE=  0.0000    
 LOC=  15 3.78554e-02     1.10200e-07    

 DATA FOR  PRON  TABLE FOR MATERIAL   1 AT TEMPERATURE=  0.0000    
 LOC=  17 5.46727e-02     1.04700e-06    

 DATA FOR  PRON  TABLE FOR MATERIAL   1 AT TEMPERATURE=  0.0000    
 LOC=  19 8.03479e-02     6.90300e-06    

 DATA FOR  PRON  TABLE FOR MATERIAL   1 AT TEMPERATURE=  0.0000    
 LOC=  21 6.70894e-02     2.58200e-05    

 DATA FOR  PRON  TABLE FOR MATERIAL   1 AT TEMPERATURE=  0.0000    
 LOC=  23 7.58255e-02     5.36300e-05    

 DATA FOR  PRON  TABLE FOR MATERIAL   1 AT TEMPERATURE=  0.0000    
 LOC=  25 1.02548e-01     1.83800e-04    

 DATA FOR  PRON  TABLE FOR MATERIAL   1 AT TEMPERATURE=  0.0000    
 LOC=  27 5.52101e-02     4.38600e-04    

 DATA FOR  PRON  TABLE FOR MATERIAL   1 AT TEMPERATURE=  0.0000    
 LOC=  29 9.68341e-02     7.57700e-04    

 DATA FOR  PRON  TABLE FOR MATERIAL   1 AT TEMPERATURE=  0.0000    
 LOC=  31 7.93991e-02     1.79500e-03    

 DATA FOR  PRON  TABLE FOR MATERIAL   1 AT TEMPERATURE=  0.0000    
 LOC=  33 7.05051e-02     2.29200e-03    

 DATA FOR  PRON  TABLE FOR MATERIAL   1 AT TEMPERATURE=  0.0000    
 LOC=  35 5.94682e-02     6.57600e-03    

 DATA FOR  PRON  TABLE FOR MATERIAL   1 AT TEMPERATURE=  0.0000    
 LOC=  37 4.76084e-02     9.92000e-03    

 DATA FOR  PRON  TABLE FOR MATERIAL   1 AT TEMPERATURE=  0.0000    
 LOC=  39 3.64295e-02     3.29000e-02    

 DATA FOR  PRON  TABLE FOR MATERIAL   1 AT TEMPERATURE=  0.0000    
 LOC=  41 2.63113e-02     5.37400e-02    

 DATA FOR  PRON  TABLE FOR MATERIAL   1 AT TEMPERATURE=  0.0000    
 LOC=  43 1.80475e-02     6.58600e-02    

 DATA FOR  PRON  TABLE FOR MATERIAL   1 AT TEMPERATURE=  0.0000    
 LOC=  45 1.10015e-02     3.50300e+01    


   Prony constants for volumetric response
 DATA FOR  PRON  TABLE FOR MATERIAL   1 AT TEMPERATURE=  0.0000    
 LOC=  1 3.68173e-03     1.17600e-14    

 DATA FOR  PRON  TABLE FOR MATERIAL   1 AT TEMPERATURE=  0.0000    
 LOC=  3 1.06763e-03     1.22800e-14    

 DATA FOR  PRON  TABLE FOR MATERIAL   1 AT TEMPERATURE=  0.0000    
 LOC=  5 4.64000e-03     2.87800e-14    

 DATA FOR  PRON  TABLE FOR MATERIAL   1 AT TEMPERATURE=  0.0000    
 LOC=  7 7.53786e-03     1.70100e-12    

 DATA FOR  PRON  TABLE FOR MATERIAL   1 AT TEMPERATURE=  0.0000    
 LOC=  9 1.23298e-02     9.17800e-12    

 DATA FOR  PRON  TABLE FOR MATERIAL   1 AT TEMPERATURE=  0.0000    
 LOC=  11 1.83874e-02     6.03400e-11    

 DATA FOR  PRON  TABLE FOR MATERIAL   1 AT TEMPERATURE=  0.0000    
 LOC=  13 2.69367e-02     6.18700e-09    

 DATA FOR  PRON  TABLE FOR MATERIAL   1 AT TEMPERATURE=  0.0000    
 LOC=  15 3.78554e-02     1.10200e-07    

 DATA FOR  PRON  TABLE FOR MATERIAL   1 AT TEMPERATURE=  0.0000    
 LOC=  17 5.46727e-02     1.04700e-06    

 DATA FOR  PRON  TABLE FOR MATERIAL   1 AT TEMPERATURE=  0.0000    
 LOC=  19 8.03479e-02     6.90300e-06    

 DATA FOR  PRON  TABLE FOR MATERIAL   1 AT TEMPERATURE=  0.0000    
 LOC=  21 6.70894e-02     2.58200e-05    

 DATA FOR  PRON  TABLE FOR MATERIAL   1 AT TEMPERATURE=  0.0000    
 LOC=  23 7.58255e-02     5.36300e-05    

 DATA FOR  PRON  TABLE FOR MATERIAL   1 AT TEMPERATURE=  0.0000    
 LOC=  25 1.02548e-01     1.83800e-04    

 DATA FOR  PRON  TABLE FOR MATERIAL   1 AT TEMPERATURE=  0.0000    
 LOC=  27 5.52101e-02     4.38600e-04    

 DATA FOR  PRON  TABLE FOR MATERIAL   1 AT TEMPERATURE=  0.0000    
 LOC=  29 9.68341e-02     7.57700e-04    

 DATA FOR  PRON  TABLE FOR MATERIAL   1 AT TEMPERATURE=  0.0000    
 LOC=  31 7.93991e-02     1.79500e-03    

 DATA FOR  PRON  TABLE FOR MATERIAL   1 AT TEMPERATURE=  0.0000    
 LOC=  33 7.05051e-02     2.29200e-03    

 DATA FOR  PRON  TABLE FOR MATERIAL   1 AT TEMPERATURE=  0.0000    
 LOC=  35 5.94682e-02     6.57600e-03    

 DATA FOR  PRON  TABLE FOR MATERIAL   1 AT TEMPERATURE=  0.0000    
 LOC=  37 4.76084e-02     9.92000e-03    

 DATA FOR  PRON  TABLE FOR MATERIAL   1 AT TEMPERATURE=  0.0000    
 LOC=  39 3.64295e-02     3.29000e-02    

 DATA FOR  PRON  TABLE FOR MATERIAL   1 AT TEMPERATURE=  0.0000    
 LOC=  41 2.63113e-02     5.37400e-02    

 DATA FOR  PRON  TABLE FOR MATERIAL   1 AT TEMPERATURE=  0.0000    
 LOC=  43 1.80475e-02     6.58600e-02    

 DATA FOR  PRON  TABLE FOR MATERIAL   1 AT TEMPERATURE=  0.0000    
 LOC=  45 1.10015e-02     3.50300e+01    


 MATERIAL          2     EX   =   1691.594      

 MATERIAL          2     PRXY =  0.3500000      

   Prony constants for shear response
 DATA FOR  PRON  TABLE FOR MATERIAL   2 AT TEMPERATURE=  0.0000    
 LOC=  1 3.68173e-03     1.17600e-13    

 DATA FOR  PRON  TABLE FOR MATERIAL   2 AT TEMPERATURE=  0.0000    
 LOC=  3 1.06763e-03     1.22800e-13    

 DATA FOR  PRON  TABLE FOR MATERIAL   2 AT TEMPERATURE=  0.0000    
 LOC=  5 4.64000e-03     2.87800e-13    

 DATA FOR  PRON  TABLE FOR MATERIAL   2 AT TEMPERATURE=  0.0000    
 LOC=  7 7.53786e-03     1.70100e-11    

 DATA FOR  PRON  TABLE FOR MATERIAL   2 AT TEMPERATURE=  0.0000    
 LOC=  9 1.23298e-02     9.17800e-11    

 DATA FOR  PRON  TABLE FOR MATERIAL   2 AT TEMPERATURE=  0.0000    
 LOC=  11 1.83874e-02     6.03400e-10    

 DATA FOR  PRON  TABLE FOR MATERIAL   2 AT TEMPERATURE=  0.0000    
 LOC=  13 2.69367e-02     6.18700e-08    

 DATA FOR  PRON  TABLE FOR MATERIAL   2 AT TEMPERATURE=  0.0000    
 LOC=  15 3.78554e-02     1.10200e-06    

 DATA FOR  PRON  TABLE FOR MATERIAL   2 AT TEMPERATURE=  0.0000    
 LOC=  17 5.46727e-02     1.04700e-05    

 DATA FOR  PRON  TABLE FOR MATERIAL   2 AT TEMPERATURE=  0.0000    
 LOC=  19 8.03479e-02     6.90300e-05    

 DATA FOR  PRON  TABLE FOR MATERIAL   2 AT TEMPERATURE=  0.0000    
 LOC=  21 6.70894e-02     2.58200e-04    

 DATA FOR  PRON  TABLE FOR MATERIAL   2 AT TEMPERATURE=  0.0000    
 LOC=  23 7.58255e-02     5.36300e-04    

 DATA FOR  PRON  TABLE FOR MATERIAL   2 AT TEMPERATURE=  0.0000    
 LOC=  25 1.02548e-01     1.83800e-03    

 DATA FOR  PRON  TABLE FOR MATERIAL   2 AT TEMPERATURE=  0.0000    
 LOC=  27 5.52101e-02     4.38600e-03    

 DATA FOR  PRON  TABLE FOR MATERIAL   2 AT TEMPERATURE=  0.0000    
 LOC=  29 9.68341e-02     7.57700e-03    

 DATA FOR  PRON  TABLE FOR MATERIAL   2 AT TEMPERATURE=  0.0000    
 LOC=  31 7.93991e-02     1.79500e-02    

 DATA FOR  PRON  TABLE FOR MATERIAL   2 AT TEMPERATURE=  0.0000    
 LOC=  33 7.05051e-02     2.29200e-02    

 DATA FOR  PRON  TABLE FOR MATERIAL   2 AT TEMPERATURE=  0.0000    
 LOC=  35 5.94682e-02     6.57600e-02    

 DATA FOR  PRON  TABLE FOR MATERIAL   2 AT TEMPERATURE=  0.0000    
 LOC=  37 4.76084e-02     9.92000e-02    

 DATA FOR  PRON  TABLE FOR MATERIAL   2 AT TEMPERATURE=  0.0000    
 LOC=  39 3.64295e-02     3.29000e-01    

 DATA FOR  PRON  TABLE FOR MATERIAL   2 AT TEMPERATURE=  0.0000    
 LOC=  41 2.63113e-02     5.37400e-01    

 DATA FOR  PRON  TABLE FOR MATERIAL   2 AT TEMPERATURE=  0.0000    
 LOC=  43 1.80475e-02     6.58600e-01    

 DATA FOR  PRON  TABLE FOR MATERIAL   2 AT TEMPERATURE=  0.0000    
 LOC=  45 1.10015e-02     3.50300e+02    


   Prony constants for volumetric response
 DATA FOR  PRON  TABLE FOR MATERIAL   2 AT TEMPERATURE=  0.0000    
 LOC=  1 3.68173e-03     1.17600e-13    

 DATA FOR  PRON  TABLE FOR MATERIAL   2 AT TEMPERATURE=  0.0000    
 LOC=  3 1.06763e-03     1.22800e-13    

 DATA FOR  PRON  TABLE FOR MATERIAL   2 AT TEMPERATURE=  0.0000    
 LOC=  5 4.64000e-03     2.87800e-13    

 DATA FOR  PRON  TABLE FOR MATERIAL   2 AT TEMPERATURE=  0.0000    
 LOC=  7 7.53786e-03     1.70100e-11    

 DATA FOR  PRON  TABLE FOR MATERIAL   2 AT TEMPERATURE=  0.0000    
 LOC=  9 1.23298e-02     9.17800e-11    

 DATA FOR  PRON  TABLE FOR MATERIAL   2 AT TEMPERATURE=  0.0000    
 LOC=  11 1.83874e-02     6.03400e-10    

 DATA FOR  PRON  TABLE FOR MATERIAL   2 AT TEMPERATURE=  0.0000    
 LOC=  13 2.69367e-02     6.18700e-08    

 DATA FOR  PRON  TABLE FOR MATERIAL   2 AT TEMPERATURE=  0.0000    
 LOC=  15 3.78554e-02     1.10200e-06    

 DATA FOR  PRON  TABLE FOR MATERIAL   2 AT TEMPERATURE=  0.0000    
 LOC=  17 5.46727e-02     1.04700e-05    

 DATA FOR  PRON  TABLE FOR MATERIAL   2 AT TEMPERATURE=  0.0000    
 LOC=  19 8.03479e-02     6.90300e-05    

 DATA FOR  PRON  TABLE FOR MATERIAL   2 AT TEMPERATURE=  0.0000    
 LOC=  21 6.70894e-02     2.58200e-04    

 DATA FOR  PRON  TABLE FOR MATERIAL   2 AT TEMPERATURE=  0.0000    
 LOC=  23 7.58255e-02     5.36300e-04    

 DATA FOR  PRON  TABLE FOR MATERIAL   2 AT TEMPERATURE=  0.0000    
 LOC=  25 1.02548e-01     1.83800e-03    

 DATA FOR  PRON  TABLE FOR MATERIAL   2 AT TEMPERATURE=  0.0000    
 LOC=  27 5.52101e-02     4.38600e-03    

 DATA FOR  PRON  TABLE FOR MATERIAL   2 AT TEMPERATURE=  0.0000    
 LOC=  29 9.68341e-02     7.57700e-03    

 DATA FOR  PRON  TABLE FOR MATERIAL   2 AT TEMPERATURE=  0.0000    
 LOC=  31 7.93991e-02     1.79500e-02    

 DATA FOR  PRON  TABLE FOR MATERIAL   2 AT TEMPERATURE=  0.0000    
 LOC=  33 7.05051e-02     2.29200e-02    

 DATA FOR  PRON  TABLE FOR MATERIAL   2 AT TEMPERATURE=  0.0000    
 LOC=  35 5.94682e-02     6.57600e-02    

 DATA FOR  PRON  TABLE FOR MATERIAL   2 AT TEMPERATURE=  0.0000    
 LOC=  37 4.76084e-02     9.92000e-02    

 DATA FOR  PRON  TABLE FOR MATERIAL   2 AT TEMPERATURE=  0.0000    
 LOC=  39 3.64295e-02     3.29000e-01    

 DATA FOR  PRON  TABLE FOR MATERIAL   2 AT TEMPERATURE=  0.0000    
 LOC=  41 2.63113e-02     5.37400e-01    

 DATA FOR  PRON  TABLE FOR MATERIAL   2 AT TEMPERATURE=  0.0000    
 LOC=  43 1.80475e-02     6.58600e-01    

 DATA FOR  PRON  TABLE FOR MATERIAL   2 AT TEMPERATURE=  0.0000    
 LOC=  45 1.10015e-02     3.50300e+02    


 NODE          1  KCS=      0  X,Y,Z=  0.0000       0.0000       0.0000     

 NODE          2  KCS=      0  X,Y,Z=  1.0000       0.0000       0.0000     

 NODE          3  KCS=      0  X,Y,Z=  2.0000       0.0000       0.0000     

 NODE          4  KCS=      0  X,Y,Z=  3.0000       0.0000       0.0000     

 NODE          5  KCS=      0  X,Y,Z=  4.0000       0.0000       0.0000     

 NODE          6  KCS=      0  X,Y,Z=  5.0000       0.0000       0.0000     

 NODE          7  KCS=      0  X,Y,Z=  6.0000       0.0000       0.0000     

 NODE          8  KCS=      0  X,Y,Z=  7.0000       0.0000       0.0000     

 NODE          9  KCS=      0  X,Y,Z=  8.0000       0.0000       0.0000     

 NODE         10  KCS=      0  X,Y,Z=  9.0000       0.0000       0.0000     

 NODE         11  KCS=      0  X,Y,Z=  10.000       0.0000       0.0000     

 NODE         12  KCS=      0  X,Y,Z=  11.000       0.0000       0.0000     

 NODE         13  KCS=      0  X,Y,Z=  12.000       0.0000       0.0000     

 NODE         14  KCS=      0  X,Y,Z=  13.000       0.0000       0.0000     

 NODE         15  KCS=      0  X,Y,Z=  14.000       0.0000       0.0000     

 NODE         16  KCS=      0  X,Y,Z=  15.000       0.0000       0.0000     

 NODE         17  KCS=      0  X,Y,Z=  16.000       0.0000       0.0000     

 NODE         18  KCS=      0  X,Y,Z=  17.000       0.0000       0.0000     

 NODE         19  KCS=      0  X,Y,Z=  18.000       0.0000       0.0000     

 NODE         20  KCS=      0  X,Y,Z=  19.000       0.0000       0.0000     

 NODE         21  KCS=      0  X,Y,Z=  20.000       0.0000       0.0000     

 NODE         22  KCS=      0  X,Y,Z=  21.000       0.0000       0.0000     

 NODE         23  KCS=      0  X,Y,Z=  22.000       0.0000       0.0000     

 NODE         24  KCS=      0  X,Y,Z=  23.000       0.0000       0.0000     

 NODE         25  KCS=      0  X,Y,Z=  24.000       0.0000       0.0000     

 NODE         26  KCS=      0  X,Y,Z=  25.000       0.0000       0.0000     

 NODE         27  KCS=      0  X,Y,Z=  26.000       0.0000       0.0000     

 NODE         28  KCS=      0  X,Y,Z=  27.000       0.0000       0.0000     

 NODE         29  KCS=      0  X,Y,Z=  28.000       0.0000       0.0000     

 NODE         30  KCS=      0  X,Y,Z=  29.000       0.0000       0.0000     

 NODE         31  KCS=      0  X,Y,Z=  30.000       0.0000       0.0000     

 NODE         32  KCS=      0  X,Y,Z=  31.000       0.0000       0.0000     

 NODE         33  KCS=      0  X,Y,Z=  32.000       0.0000       0.0000     

 NODE         34  KCS=      0  X,Y,Z=  33.000       0.0000       0.0000     

 NODE         35  KCS=      0  X,Y,Z=  34.000       0.0000       0.0000     

 NODE         36  KCS=      0  X,Y,Z=  35.000       0.0000       0.0000     

 NODE         37  KCS=      0  X,Y,Z=  36.000       0.0000       0.0000     

 NODE         38  KCS=      0  X,Y,Z=  37.000       0.0000       0.0000     

 NODE         39  KCS=      0  X,Y,Z=  38.000       0.0000       0.0000     

 NODE         40  KCS=      0  X,Y,Z=  39.000       0.0000       0.0000     

 NODE         41  KCS=      0  X,Y,Z=  40.000       0.0000       0.0000     

 NODE         42  KCS=      0  X,Y,Z=  41.000       0.0000       0.0000     

 NODE         43  KCS=      0  X,Y,Z=  42.000       0.0000       0.0000     

 NODE         44  KCS=      0  X,Y,Z=  43.000       0.0000       0.0000     

 NODE         45  KCS=      0  X,Y,Z=  44.000       0.0000       0.0000     

 NODE         46  KCS=      0  X,Y,Z=  45.000       0.0000       0.0000     

 NODE         47  KCS=      0  X,Y,Z=  46.000       0.0000       0.0000     

 NODE         48  KCS=      0  X,Y,Z=  47.000       0.0000       0.0000     

 NODE         49  KCS=      0  X,Y,Z=  48.000       0.0000       0.0000     

 NODE         50  KCS=      0  X,Y,Z=  49.000       0.0000       0.0000     

 NODE         51  KCS=      0  X,Y,Z=  50.000       0.0000       0.0000     

 NODE         52  KCS=      0  X,Y,Z=  51.000       0.0000       0.0000     

 NODE         53  KCS=      0  X,Y,Z=  52.000       0.0000       0.0000     

 NODE         54  KCS=      0  X,Y,Z=  53.000       0.0000       0.0000     

 NODE         55  KCS=      0  X,Y,Z=  54.000       0.0000       0.0000     

 NODE         56  KCS=      0  X,Y,Z=  55.000       0.0000       0.0000     

 NODE         57  KCS=      0  X,Y,Z=  56.000       0.0000       0.0000     

 NODE         58  KCS=      0  X,Y,Z=  57.000       0.0000       0.0000     

 NODE         59  KCS=      0  X,Y,Z=  58.000       0.0000       0.0000     

 NODE         60  KCS=      0  X,Y,Z=  59.000       0.0000       0.0000     

 NODE         61  KCS=      0  X,Y,Z=  60.000       0.0000       0.0000     

 NODE         62  KCS=      0  X,Y,Z=  0.0000      0.50000       0.0000     

 NODE         63  KCS=      0  X,Y,Z=  1.0000      0.50000       0.0000     

 NODE         64  KCS=      0  X,Y,Z=  2.0000      0.50000       0.0000     

 NODE         65  KCS=      0  X,Y,Z=  3.0000      0.50000       0.0000     

 NODE         66  KCS=      0  X,Y,Z=  4.0000      0.50000       0.0000     

 NODE         67  KCS=      0  X,Y,Z=  5.0000      0.50000       0.0000     

 NODE         68  KCS=      0  X,Y,Z=  6.0000      0.50000       0.0000     

 NODE         69  KCS=      0  X,Y,Z=  7.0000      0.50000       0.0000     

 NODE         70  KCS=      0  X,Y,Z=  8.0000      0.50000       0.0000     

 NODE         71  KCS=      0  X,Y,Z=  9.0000      0.50000       0.0000     

 NODE         72  KCS=      0  X,Y,Z=  10.000      0.50000       0.0000     

 NODE         73  KCS=      0  X,Y,Z=  11.000      0.50000       0.0000     

 NODE         74  KCS=      0  X,Y,Z=  12.000      0.50000       0.0000     

 NODE         75  KCS=      0  X,Y,Z=  13.000      0.50000       0.0000     

 NODE         76  KCS=      0  X,Y,Z=  14.000      0.50000       0.0000     

 NODE         77  KCS=      0  X,Y,Z=  15.000      0.50000       0.0000     

 NODE         78  KCS=      0  X,Y,Z=  16.000      0.50000       0.0000     

 NODE         79  KCS=      0  X,Y,Z=  17.000      0.50000       0.0000     

 NODE         80  KCS=      0  X,Y,Z=  18.000      0.50000       0.0000     

 NODE         81  KCS=      0  X,Y,Z=  19.000      0.50000       0.0000     

 NODE         82  KCS=      0  X,Y,Z=  20.000      0.50000       0.0000     

 NODE         83  KCS=      0  X,Y,Z=  21.000      0.50000       0.0000     

 NODE         84  KCS=      0  X,Y,Z=  22.000      0.50000       0.0000     

 NODE         85  KCS=      0  X,Y,Z=  23.000      0.50000       0.0000     

 NODE         86  KCS=      0  X,Y,Z=  24.000      0.50000       0.0000     

 NODE         87  KCS=      0  X,Y,Z=  25.000      0.50000       0.0000     

 NODE         88  KCS=      0  X,Y,Z=  26.000      0.50000       0.0000     

 NODE         89  KCS=      0  X,Y,Z=  27.000      0.50000       0.0000     

 NODE         90  KCS=      0  X,Y,Z=  28.000      0.50000       0.0000     

 NODE         91  KCS=      0  X,Y,Z=  29.000      0.50000       0.0000     

 NODE         92  KCS=      0  X,Y,Z=  30.000      0.50000       0.0000     

 NODE         93  KCS=      0  X,Y,Z=  31.000      0.50000       0.0000     

 NODE         94  KCS=      0  X,Y,Z=  32.000      0.50000       0.0000     

 NODE         95  KCS=      0  X,Y,Z=  33.000      0.50000       0.0000     

 NODE         96  KCS=      0  X,Y,Z=  34.000      0.50000       0.0000     

 NODE         97  KCS=      0  X,Y,Z=  35.000      0.50000       0.0000     

 NODE         98  KCS=      0  X,Y,Z=  36.000      0.50000       0.0000     

 NODE         99  KCS=      0  X,Y,Z=  37.000      0.50000       0.0000     

 NODE        100  KCS=      0  X,Y,Z=  38.000      0.50000       0.0000     

 NODE        101  KCS=      0  X,Y,Z=  39.000      0.50000       0.0000     

 NODE        102  KCS=      0  X,Y,Z=  40.000      0.50000       0.0000     

 NODE        103  KCS=      0  X,Y,Z=  41.000      0.50000       0.0000     

 NODE        104  KCS=      0  X,Y,Z=  42.000      0.50000       0.0000     

 NODE        105  KCS=      0  X,Y,Z=  43.000      0.50000       0.0000     

 NODE        106  KCS=      0  X,Y,Z=  44.000      0.50000       0.0000     

 NODE        107  KCS=      0  X,Y,Z=  45.000      0.50000       0.0000     

 NODE        108  KCS=      0  X,Y,Z=  46.000      0.50000       0.0000     

 NODE        109  KCS=      0  X,Y,Z=  47.000      0.50000       0.0000     

 NODE        110  KCS=      0  X,Y,Z=  48.000      0.50000       0.0000     

 NODE        111  KCS=      0  X,Y,Z=  49.000      0.50000       0.0000     

 NODE        112  KCS=      0  X,Y,Z=  50.000      0.50000       0.0000     

 NODE        113  KCS=      0  X,Y,Z=  51.000      0.50000       0.0000     

 NODE        114  KCS=      0  X,Y,Z=  52.000      0.50000       0.0000     

 NODE        115  KCS=      0  X,Y,Z=  53.000      0.50000       0.0000     

 NODE        116  KCS=      0  X,Y,Z=  54.000      0.50000       0.0000     

 NODE        117  KCS=      0  X,Y,Z=  55.000      0.50000       0.0000     

 NODE        118  KCS=      0  X,Y,Z=  56.000      0.50000       0.0000     

 NODE        119  KCS=      0  X,Y,Z=  57.000      0.50000       0.0000     

 NODE        120  KCS=      0  X,Y,Z=  58.000      0.50000       0.0000     

 NODE        121  KCS=      0  X,Y,Z=  59.000      0.50000       0.0000     

 NODE        122  KCS=      0  X,Y,Z=  60.000      0.50000       0.0000     

 NODE        123  KCS=      0  X,Y,Z=  0.0000       1.0000       0.0000     

 NODE        124  KCS=      0  X,Y,Z=  1.0000       1.0000       0.0000     

 NODE        125  KCS=      0  X,Y,Z=  2.0000       1.0000       0.0000     

 NODE        126  KCS=      0  X,Y,Z=  3.0000       1.0000       0.0000     

 NODE        127  KCS=      0  X,Y,Z=  4.0000       1.0000       0.0000     

 NODE        128  KCS=      0  X,Y,Z=  5.0000       1.0000       0.0000     

 NODE        129  KCS=      0  X,Y,Z=  6.0000       1.0000       0.0000     

 NODE        130  KCS=      0  X,Y,Z=  7.0000       1.0000       0.0000     

 NODE        131  KCS=      0  X,Y,Z=  8.0000       1.0000       0.0000     

 NODE        132  KCS=      0  X,Y,Z=  9.0000       1.0000       0.0000     

 NODE        133  KCS=      0  X,Y,Z=  10.000       1.0000       0.0000     

 NODE        134  KCS=      0  X,Y,Z=  11.000       1.0000       0.0000     

 NODE        135  KCS=      0  X,Y,Z=  12.000       1.0000       0.0000     

 NODE        136  KCS=      0  X,Y,Z=  13.000       1.0000       0.0000     

 NODE        137  KCS=      0  X,Y,Z=  14.000       1.0000       0.0000     

 NODE        138  KCS=      0  X,Y,Z=  15.000       1.0000       0.0000     

 NODE        139  KCS=      0  X,Y,Z=  16.000       1.0000       0.0000     

 NODE        140  KCS=      0  X,Y,Z=  17.000       1.0000       0.0000     

 NODE        141  KCS=      0  X,Y,Z=  18.000       1.0000       0.0000     

 NODE        142  KCS=      0  X,Y,Z=  19.000       1.0000       0.0000     

 NODE        143  KCS=      0  X,Y,Z=  20.000       1.0000       0.0000     

 NODE        144  KCS=      0  X,Y,Z=  21.000       1.0000       0.0000     

 NODE        145  KCS=      0  X,Y,Z=  22.000       1.0000       0.0000     

 NODE        146  KCS=      0  X,Y,Z=  23.000       1.0000       0.0000     

 NODE        147  KCS=      0  X,Y,Z=  24.000       1.0000       0.0000     

 NODE        148  KCS=      0  X,Y,Z=  25.000       1.0000       0.0000     

 NODE        149  KCS=      0  X,Y,Z=  26.000       1.0000       0.0000     

 NODE        150  KCS=      0  X,Y,Z=  27.000       1.0000       0.0000     

 NODE        151  KCS=      0  X,Y,Z=  28.000       1.0000       0.0000     

 NODE        152  KCS=      0  X,Y,Z=  29.000       1.0000       0.0000     

 NODE        153  KCS=      0  X,Y,Z=  30.000       1.0000       0.0000     

 NODE        154  KCS=      0  X,Y,Z=  31.000       1.0000       0.0000     

 NODE        155  KCS=      0  X,Y,Z=  32.000       1.0000       0.0000     

 NODE        156  KCS=      0  X,Y,Z=  33.000       1.0000       0.0000     

 NODE        157  KCS=      0  X,Y,Z=  34.000       1.0000       0.0000     

 NODE        158  KCS=      0  X,Y,Z=  35.000       1.0000       0.0000     

 NODE        159  KCS=      0  X,Y,Z=  36.000       1.0000       0.0000     

 NODE        160  KCS=      0  X,Y,Z=  37.000       1.0000       0.0000     

 NODE        161  KCS=      0  X,Y,Z=  38.000       1.0000       0.0000     

 NODE        162  KCS=      0  X,Y,Z=  39.000       1.0000       0.0000     

 NODE        163  KCS=      0  X,Y,Z=  40.000       1.0000       0.0000     

 NODE        164  KCS=      0  X,Y,Z=  41.000       1.0000       0.0000     

 NODE        165  KCS=      0  X,Y,Z=  42.000       1.0000       0.0000     

 NODE        166  KCS=      0  X,Y,Z=  43.000       1.0000       0.0000     

 NODE        167  KCS=      0  X,Y,Z=  44.000       1.0000       0.0000     

 NODE        168  KCS=      0  X,Y,Z=  45.000       1.0000       0.0000     

 NODE        169  KCS=      0  X,Y,Z=  46.000       1.0000       0.0000     

 NODE        170  KCS=      0  X,Y,Z=  47.000       1.0000       0.0000     

 NODE        171  KCS=      0  X,Y,Z=  48.000       1.0000       0.0000     

 NODE        172  KCS=      0  X,Y,Z=  49.000       1.0000       0.0000     

 NODE        173  KCS=      0  X,Y,Z=  50.000       1.0000       0.0000     

 NODE        174  KCS=      0  X,Y,Z=  51.000       1.0000       0.0000     

 NODE        175  KCS=      0  X,Y,Z=  52.000       1.0000       0.0000     

 NODE        176  KCS=      0  X,Y,Z=  53.000       1.0000       0.0000     

 NODE        177  KCS=      0  X,Y,Z=  54.000       1.0000       0.0000     

 NODE        178  KCS=      0  X,Y,Z=  55.000       1.0000       0.0000     

 NODE        179  KCS=      0  X,Y,Z=  56.000       1.0000       0.0000     

 NODE        180  KCS=      0  X,Y,Z=  57.000       1.0000       0.0000     

 NODE        181  KCS=      0  X,Y,Z=  58.000       1.0000       0.0000     

 NODE        182  KCS=      0  X,Y,Z=  59.000       1.0000       0.0000     

 NODE        183  KCS=      0  X,Y,Z=  60.000       1.0000       0.0000     

 NODE        184  KCS=      0  X,Y,Z=  0.0000       1.5000       0.0000     

 NODE        185  KCS=      0  X,Y,Z=  1.0000       1.5000       0.0000     

 NODE        186  KCS=      0  X,Y,Z=  2.0000       1.5000       0.0000     

 NODE        187  KCS=      0  X,Y,Z=  3.0000       1.5000       0.0000     

 NODE        188  KCS=      0  X,Y,Z=  4.0000       1.5000       0.0000     

 NODE        189  KCS=      0  X,Y,Z=  5.0000       1.5000       0.0000     

 NODE        190  KCS=      0  X,Y,Z=  6.0000       1.5000       0.0000     

 NODE        191  KCS=      0  X,Y,Z=  7.0000       1.5000       0.0000     

 NODE        192  KCS=      0  X,Y,Z=  8.0000       1.5000       0.0000     

 NODE        193  KCS=      0  X,Y,Z=  9.0000       1.5000       0.0000     

 NODE        194  KCS=      0  X,Y,Z=  10.000       1.5000       0.0000     

 NODE        195  KCS=      0  X,Y,Z=  11.000       1.5000       0.0000     

 NODE        196  KCS=      0  X,Y,Z=  12.000       1.5000       0.0000     

 NODE        197  KCS=      0  X,Y,Z=  13.000       1.5000       0.0000     

 NODE        198  KCS=      0  X,Y,Z=  14.000       1.5000       0.0000     

 NODE        199  KCS=      0  X,Y,Z=  15.000       1.5000       0.0000     

 NODE        200  KCS=      0  X,Y,Z=  16.000       1.5000       0.0000     

 NODE        201  KCS=      0  X,Y,Z=  17.000       1.5000       0.0000     

 NODE        202  KCS=      0  X,Y,Z=  18.000       1.5000       0.0000     

 NODE        203  KCS=      0  X,Y,Z=  19.000       1.5000       0.0000     

 NODE        204  KCS=      0  X,Y,Z=  20.000       1.5000       0.0000     

 NODE        205  KCS=      0  X,Y,Z=  21.000       1.5000       0.0000     

 NODE        206  KCS=      0  X,Y,Z=  22.000       1.5000       0.0000     

 NODE        207  KCS=      0  X,Y,Z=  23.000       1.5000       0.0000     

 NODE        208  KCS=      0  X,Y,Z=  24.000       1.5000       0.0000     

 NODE        209  KCS=      0  X,Y,Z=  25.000       1.5000       0.0000     

 NODE        210  KCS=      0  X,Y,Z=  26.000       1.5000       0.0000     

 NODE        211  KCS=      0  X,Y,Z=  27.000       1.5000       0.0000     

 NODE        212  KCS=      0  X,Y,Z=  28.000       1.5000       0.0000     

 NODE        213  KCS=      0  X,Y,Z=  29.000       1.5000       0.0000     

 NODE        214  KCS=      0  X,Y,Z=  30.000       1.5000       0.0000     

 NODE        215  KCS=      0  X,Y,Z=  31.000       1.5000       0.0000     

 NODE        216  KCS=      0  X,Y,Z=  32.000       1.5000       0.0000     

 NODE        217  KCS=      0  X,Y,Z=  33.000       1.5000       0.0000     

 NODE        218  KCS=      0  X,Y,Z=  34.000       1.5000       0.0000     

 NODE        219  KCS=      0  X,Y,Z=  35.000       1.5000       0.0000     

 NODE        220  KCS=      0  X,Y,Z=  36.000       1.5000       0.0000     

 NODE        221  KCS=      0  X,Y,Z=  37.000       1.5000       0.0000     

 NODE        222  KCS=      0  X,Y,Z=  38.000       1.5000       0.0000     

 NODE        223  KCS=      0  X,Y,Z=  39.000       1.5000       0.0000     

 NODE        224  KCS=      0  X,Y,Z=  40.000       1.5000       0.0000     

 NODE        225  KCS=      0  X,Y,Z=  41.000       1.5000       0.0000     

 NODE        226  KCS=      0  X,Y,Z=  42.000       1.5000       0.0000     

 NODE        227  KCS=      0  X,Y,Z=  43.000       1.5000       0.0000     

 NODE        228  KCS=      0  X,Y,Z=  44.000       1.5000       0.0000     

 NODE        229  KCS=      0  X,Y,Z=  45.000       1.5000       0.0000     

 NODE        230  KCS=      0  X,Y,Z=  46.000       1.5000       0.0000     

 NODE        231  KCS=      0  X,Y,Z=  47.000       1.5000       0.0000     

 NODE        232  KCS=      0  X,Y,Z=  48.000       1.5000       0.0000     

 NODE        233  KCS=      0  X,Y,Z=  49.000       1.5000       0.0000     

 NODE        234  KCS=      0  X,Y,Z=  50.000       1.5000       0.0000     

 NODE        235  KCS=      0  X,Y,Z=  51.000       1.5000       0.0000     

 NODE        236  KCS=      0  X,Y,Z=  52.000       1.5000       0.0000     

 NODE        237  KCS=      0  X,Y,Z=  53.000       1.5000       0.0000     

 NODE        238  KCS=      0  X,Y,Z=  54.000       1.5000       0.0000     

 NODE        239  KCS=      0  X,Y,Z=  55.000       1.5000       0.0000     

 NODE        240  KCS=      0  X,Y,Z=  56.000       1.5000       0.0000     

 NODE        241  KCS=      0  X,Y,Z=  57.000       1.5000       0.0000     

 NODE        242  KCS=      0  X,Y,Z=  58.000       1.5000       0.0000     

 NODE        243  KCS=      0  X,Y,Z=  59.000       1.5000       0.0000     

 NODE        244  KCS=      0  X,Y,Z=  60.000       1.5000       0.0000     

 NODE        245  KCS=      0  X,Y,Z=  0.0000       2.0000       0.0000     

 NODE        246  KCS=      0  X,Y,Z=  1.0000       2.0000       0.0000     

 NODE        247  KCS=      0  X,Y,Z=  2.0000       2.0000       0.0000     

 NODE        248  KCS=      0  X,Y,Z=  3.0000       2.0000       0.0000     

 NODE        249  KCS=      0  X,Y,Z=  4.0000       2.0000       0.0000     

 NODE        250  KCS=      0  X,Y,Z=  5.0000       2.0000       0.0000     

 NODE        251  KCS=      0  X,Y,Z=  6.0000       2.0000       0.0000     

 NODE        252  KCS=      0  X,Y,Z=  7.0000       2.0000       0.0000     

 NODE        253  KCS=      0  X,Y,Z=  8.0000       2.0000       0.0000     

 NODE        254  KCS=      0  X,Y,Z=  9.0000       2.0000       0.0000     

 NODE        255  KCS=      0  X,Y,Z=  10.000       2.0000       0.0000     

 NODE        256  KCS=      0  X,Y,Z=  11.000       2.0000       0.0000     

 NODE        257  KCS=      0  X,Y,Z=  12.000       2.0000       0.0000     

 NODE        258  KCS=      0  X,Y,Z=  13.000       2.0000       0.0000     

 NODE        259  KCS=      0  X,Y,Z=  14.000       2.0000       0.0000     

 NODE        260  KCS=      0  X,Y,Z=  15.000       2.0000       0.0000     

 NODE        261  KCS=      0  X,Y,Z=  16.000       2.0000       0.0000     

 NODE        262  KCS=      0  X,Y,Z=  17.000       2.0000       0.0000     

 NODE        263  KCS=      0  X,Y,Z=  18.000       2.0000       0.0000     

 NODE        264  KCS=      0  X,Y,Z=  19.000       2.0000       0.0000     

 NODE        265  KCS=      0  X,Y,Z=  20.000       2.0000       0.0000     

 NODE        266  KCS=      0  X,Y,Z=  21.000       2.0000       0.0000     

 NODE        267  KCS=      0  X,Y,Z=  22.000       2.0000       0.0000     

 NODE        268  KCS=      0  X,Y,Z=  23.000       2.0000       0.0000     

 NODE        269  KCS=      0  X,Y,Z=  24.000       2.0000       0.0000     

 NODE        270  KCS=      0  X,Y,Z=  25.000       2.0000       0.0000     

 NODE        271  KCS=      0  X,Y,Z=  26.000       2.0000       0.0000     

 NODE        272  KCS=      0  X,Y,Z=  27.000       2.0000       0.0000     

 NODE        273  KCS=      0  X,Y,Z=  28.000       2.0000       0.0000     

 NODE        274  KCS=      0  X,Y,Z=  29.000       2.0000       0.0000     

 NODE        275  KCS=      0  X,Y,Z=  30.000       2.0000       0.0000     

 NODE        276  KCS=      0  X,Y,Z=  31.000       2.0000       0.0000     

 NODE        277  KCS=      0  X,Y,Z=  32.000       2.0000       0.0000     

 NODE        278  KCS=      0  X,Y,Z=  33.000       2.0000       0.0000     

 NODE        279  KCS=      0  X,Y,Z=  34.000       2.0000       0.0000     

 NODE        280  KCS=      0  X,Y,Z=  35.000       2.0000       0.0000     

 NODE        281  KCS=      0  X,Y,Z=  36.000       2.0000       0.0000     

 NODE        282  KCS=      0  X,Y,Z=  37.000       2.0000       0.0000     

 NODE        283  KCS=      0  X,Y,Z=  38.000       2.0000       0.0000     

 NODE        284  KCS=      0  X,Y,Z=  39.000       2.0000       0.0000     

 NODE        285  KCS=      0  X,Y,Z=  40.000       2.0000       0.0000     

 NODE        286  KCS=      0  X,Y,Z=  41.000       2.0000       0.0000     

 NODE        287  KCS=      0  X,Y,Z=  42.000       2.0000       0.0000     

 NODE        288  KCS=      0  X,Y,Z=  43.000       2.0000       0.0000     

 NODE        289  KCS=      0  X,Y,Z=  44.000       2.0000       0.0000     

 NODE        290  KCS=      0  X,Y,Z=  45.000       2.0000       0.0000     

 NODE        291  KCS=      0  X,Y,Z=  46.000       2.0000       0.0000     

 NODE        292  KCS=      0  X,Y,Z=  47.000       2.0000       0.0000     

 NODE        293  KCS=      0  X,Y,Z=  48.000       2.0000       0.0000     

 NODE        294  KCS=      0  X,Y,Z=  49.000       2.0000       0.0000     

 NODE        295  KCS=      0  X,Y,Z=  50.000       2.0000       0.0000     

 NODE        296  KCS=      0  X,Y,Z=  51.000       2.0000       0.0000     

 NODE        297  KCS=      0  X,Y,Z=  52.000       2.0000       0.0000     

 NODE        298  KCS=      0  X,Y,Z=  53.000       2.0000       0.0000     

 NODE        299  KCS=      0  X,Y,Z=  54.000       2.0000       0.0000     

 NODE        300  KCS=      0  X,Y,Z=  55.000       2.0000       0.0000     

 NODE        301  KCS=      0  X,Y,Z=  56.000       2.0000       0.0000     

 NODE        302  KCS=      0  X,Y,Z=  57.000       2.0000       0.0000     

 NODE        303  KCS=      0  X,Y,Z=  58.000       2.0000       0.0000     

 NODE        304  KCS=      0  X,Y,Z=  59.000       2.0000       0.0000     

 NODE        305  KCS=      0  X,Y,Z=  60.000       2.0000       0.0000     

 NODE        306  KCS=      0  X,Y,Z=  0.0000       2.5000       0.0000     

 NODE        307  KCS=      0  X,Y,Z=  1.0000       2.5000       0.0000     

 NODE        308  KCS=      0  X,Y,Z=  2.0000       2.5000       0.0000     

 NODE        309  KCS=      0  X,Y,Z=  3.0000       2.5000       0.0000     

 NODE        310  KCS=      0  X,Y,Z=  4.0000       2.5000       0.0000     

 NODE        311  KCS=      0  X,Y,Z=  5.0000       2.5000       0.0000     

 NODE        312  KCS=      0  X,Y,Z=  6.0000       2.5000       0.0000     

 NODE        313  KCS=      0  X,Y,Z=  7.0000       2.5000       0.0000     

 NODE        314  KCS=      0  X,Y,Z=  8.0000       2.5000       0.0000     

 NODE        315  KCS=      0  X,Y,Z=  9.0000       2.5000       0.0000     

 NODE        316  KCS=      0  X,Y,Z=  10.000       2.5000       0.0000     

 NODE        317  KCS=      0  X,Y,Z=  11.000       2.5000       0.0000     

 NODE        318  KCS=      0  X,Y,Z=  12.000       2.5000       0.0000     

 NODE        319  KCS=      0  X,Y,Z=  13.000       2.5000       0.0000     

 NODE        320  KCS=      0  X,Y,Z=  14.000       2.5000       0.0000     

 NODE        321  KCS=      0  X,Y,Z=  15.000       2.5000       0.0000     

 NODE        322  KCS=      0  X,Y,Z=  16.000       2.5000       0.0000     

 NODE        323  KCS=      0  X,Y,Z=  17.000       2.5000       0.0000     

 NODE        324  KCS=      0  X,Y,Z=  18.000       2.5000       0.0000     

 NODE        325  KCS=      0  X,Y,Z=  19.000       2.5000       0.0000     

 NODE        326  KCS=      0  X,Y,Z=  20.000       2.5000       0.0000     

 NODE        327  KCS=      0  X,Y,Z=  21.000       2.5000       0.0000     

 NODE        328  KCS=      0  X,Y,Z=  22.000       2.5000       0.0000     

 NODE        329  KCS=      0  X,Y,Z=  23.000       2.5000       0.0000     

 NODE        330  KCS=      0  X,Y,Z=  24.000       2.5000       0.0000     

 NODE        331  KCS=      0  X,Y,Z=  25.000       2.5000       0.0000     

 NODE        332  KCS=      0  X,Y,Z=  26.000       2.5000       0.0000     

 NODE        333  KCS=      0  X,Y,Z=  27.000       2.5000       0.0000     

 NODE        334  KCS=      0  X,Y,Z=  28.000       2.5000       0.0000     

 NODE        335  KCS=      0  X,Y,Z=  29.000       2.5000       0.0000     

 NODE        336  KCS=      0  X,Y,Z=  30.000       2.5000       0.0000     

 NODE        337  KCS=      0  X,Y,Z=  31.000       2.5000       0.0000     

 NODE        338  KCS=      0  X,Y,Z=  32.000       2.5000       0.0000     

 NODE        339  KCS=      0  X,Y,Z=  33.000       2.5000       0.0000     

 NODE        340  KCS=      0  X,Y,Z=  34.000       2.5000       0.0000     

 NODE        341  KCS=      0  X,Y,Z=  35.000       2.5000       0.0000     

 NODE        342  KCS=      0  X,Y,Z=  36.000       2.5000       0.0000     

 NODE        343  KCS=      0  X,Y,Z=  37.000       2.5000       0.0000     

 NODE        344  KCS=      0  X,Y,Z=  38.000       2.5000       0.0000     

 NODE        345  KCS=      0  X,Y,Z=  39.000       2.5000       0.0000     

 NODE        346  KCS=      0  X,Y,Z=  40.000       2.5000       0.0000     

 NODE        347  KCS=      0  X,Y,Z=  41.000       2.5000       0.0000     

 NODE        348  KCS=      0  X,Y,Z=  42.000       2.5000       0.0000     

 NODE        349  KCS=      0  X,Y,Z=  43.000       2.5000       0.0000     

 NODE        350  KCS=      0  X,Y,Z=  44.000       2.5000       0.0000     

 NODE        351  KCS=      0  X,Y,Z=  45.000       2.5000       0.0000     

 NODE        352  KCS=      0  X,Y,Z=  46.000       2.5000       0.0000     

 NODE        353  KCS=      0  X,Y,Z=  47.000       2.5000       0.0000     

 NODE        354  KCS=      0  X,Y,Z=  48.000       2.5000       0.0000     

 NODE        355  KCS=      0  X,Y,Z=  49.000       2.5000       0.0000     

 NODE        356  KCS=      0  X,Y,Z=  50.000       2.5000       0.0000     

 NODE        357  KCS=      0  X,Y,Z=  51.000       2.5000       0.0000     

 NODE        358  KCS=      0  X,Y,Z=  52.000       2.5000       0.0000     

 NODE        359  KCS=      0  X,Y,Z=  53.000       2.5000       0.0000     

 NODE        360  KCS=      0  X,Y,Z=  54.000       2.5000       0.0000     

 NODE        361  KCS=      0  X,Y,Z=  55.000       2.5000       0.0000     

 NODE        362  KCS=      0  X,Y,Z=  56.000       2.5000       0.0000     

 NODE        363  KCS=      0  X,Y,Z=  57.000       2.5000       0.0000     

 NODE        364  KCS=      0  X,Y,Z=  58.000       2.5000       0.0000     

 NODE        365  KCS=      0  X,Y,Z=  59.000       2.5000       0.0000     

 NODE        366  KCS=      0  X,Y,Z=  60.000       2.5000       0.0000     

 NODE        367  KCS=      0  X,Y,Z=  0.0000       3.0000       0.0000     

 NODE        368  KCS=      0  X,Y,Z=  1.0000       3.0000       0.0000     

 NODE        369  KCS=      0  X,Y,Z=  2.0000       3.0000       0.0000     

 NODE        370  KCS=      0  X,Y,Z=  3.0000       3.0000       0.0000     

 NODE        371  KCS=      0  X,Y,Z=  4.0000       3.0000       0.0000     

 NODE        372  KCS=      0  X,Y,Z=  5.0000       3.0000       0.0000     

 NODE        373  KCS=      0  X,Y,Z=  6.0000       3.0000       0.0000     

 NODE        374  KCS=      0  X,Y,Z=  7.0000       3.0000       0.0000     

 NODE        375  KCS=      0  X,Y,Z=  8.0000       3.0000       0.0000     

 NODE        376  KCS=      0  X,Y,Z=  9.0000       3.0000       0.0000     

 NODE        377  KCS=      0  X,Y,Z=  10.000       3.0000       0.0000     

 NODE        378  KCS=      0  X,Y,Z=  11.000       3.0000       0.0000     

 NODE        379  KCS=      0  X,Y,Z=  12.000       3.0000       0.0000     

 NODE        380  KCS=      0  X,Y,Z=  13.000       3.0000       0.0000     

 NODE        381  KCS=      0  X,Y,Z=  14.000       3.0000       0.0000     

 NODE        382  KCS=      0  X,Y,Z=  15.000       3.0000       0.0000     

 NODE        383  KCS=      0  X,Y,Z=  16.000       3.0000       0.0000     

 NODE        384  KCS=      0  X,Y,Z=  17.000       3.0000       0.0000     

 NODE        385  KCS=      0  X,Y,Z=  18.000       3.0000       0.0000     

 NODE        386  KCS=      0  X,Y,Z=  19.000       3.0000       0.0000     

 NODE        387  KCS=      0  X,Y,Z=  20.000       3.0000       0.0000     

 NODE        388  KCS=      0  X,Y,Z=  21.000       3.0000       0.0000     

 NODE        389  KCS=      0  X,Y,Z=  22.000       3.0000       0.0000     

 NODE        390  KCS=      0  X,Y,Z=  23.000       3.0000       0.0000     

 NODE        391  KCS=      0  X,Y,Z=  24.000       3.0000       0.0000     

 NODE        392  KCS=      0  X,Y,Z=  25.000       3.0000       0.0000     

 NODE        393  KCS=      0  X,Y,Z=  26.000       3.0000       0.0000     

 NODE        394  KCS=      0  X,Y,Z=  27.000       3.0000       0.0000     

 NODE        395  KCS=      0  X,Y,Z=  28.000       3.0000       0.0000     

 NODE        396  KCS=      0  X,Y,Z=  29.000       3.0000       0.0000     

 NODE        397  KCS=      0  X,Y,Z=  30.000       3.0000       0.0000     

 NODE        398  KCS=      0  X,Y,Z=  31.000       3.0000       0.0000     

 NODE        399  KCS=      0  X,Y,Z=  32.000       3.0000       0.0000     

 NODE        400  KCS=      0  X,Y,Z=  33.000       3.0000       0.0000     

 NODE        401  KCS=      0  X,Y,Z=  34.000       3.0000       0.0000     

 NODE        402  KCS=      0  X,Y,Z=  35.000       3.0000       0.0000     

 NODE        403  KCS=      0  X,Y,Z=  36.000       3.0000       0.0000     

 NODE        404  KCS=      0  X,Y,Z=  37.000       3.0000       0.0000     

 NODE        405  KCS=      0  X,Y,Z=  38.000       3.0000       0.0000     

 NODE        406  KCS=      0  X,Y,Z=  39.000       3.0000       0.0000     

 NODE        407  KCS=      0  X,Y,Z=  40.000       3.0000       0.0000     

 NODE        408  KCS=      0  X,Y,Z=  41.000       3.0000       0.0000     

 NODE        409  KCS=      0  X,Y,Z=  42.000       3.0000       0.0000     

 NODE        410  KCS=      0  X,Y,Z=  43.000       3.0000       0.0000     

 NODE        411  KCS=      0  X,Y,Z=  44.000       3.0000       0.0000     

 NODE        412  KCS=      0  X,Y,Z=  45.000       3.0000       0.0000     

 NODE        413  KCS=      0  X,Y,Z=  46.000       3.0000       0.0000     

 NODE        414  KCS=      0  X,Y,Z=  47.000       3.0000       0.0000     

 NODE        415  KCS=      0  X,Y,Z=  48.000       3.0000       0.0000     

 NODE        416  KCS=      0  X,Y,Z=  49.000       3.0000       0.0000     

 NODE        417  KCS=      0  X,Y,Z=  50.000       3.0000       0.0000     

 NODE        418  KCS=      0  X,Y,Z=  51.000       3.0000       0.0000     

 NODE        419  KCS=      0  X,Y,Z=  52.000       3.0000       0.0000     

 NODE        420  KCS=      0  X,Y,Z=  53.000       3.0000       0.0000     

 NODE        421  KCS=      0  X,Y,Z=  54.000       3.0000       0.0000     

 NODE        422  KCS=      0  X,Y,Z=  55.000       3.0000       0.0000     

 NODE        423  KCS=      0  X,Y,Z=  56.000       3.0000       0.0000     

 NODE        424  KCS=      0  X,Y,Z=  57.000       3.0000       0.0000     

 NODE        425  KCS=      0  X,Y,Z=  58.000       3.0000       0.0000     

 NODE        426  KCS=      0  X,Y,Z=  59.000       3.0000       0.0000     

 NODE        427  KCS=      0  X,Y,Z=  60.000       3.0000       0.0000     

 NODE        428  KCS=      0  X,Y,Z=  0.0000       3.5000       0.0000     

 NODE        429  KCS=      0  X,Y,Z=  1.0000       3.5000       0.0000     

 NODE        430  KCS=      0  X,Y,Z=  2.0000       3.5000       0.0000     

 NODE        431  KCS=      0  X,Y,Z=  3.0000       3.5000       0.0000     

 NODE        432  KCS=      0  X,Y,Z=  4.0000       3.5000       0.0000     

 NODE        433  KCS=      0  X,Y,Z=  5.0000       3.5000       0.0000     

 NODE        434  KCS=      0  X,Y,Z=  6.0000       3.5000       0.0000     

 NODE        435  KCS=      0  X,Y,Z=  7.0000       3.5000       0.0000     

 NODE        436  KCS=      0  X,Y,Z=  8.0000       3.5000       0.0000     

 NODE        437  KCS=      0  X,Y,Z=  9.0000       3.5000       0.0000     

 NODE        438  KCS=      0  X,Y,Z=  10.000       3.5000       0.0000     

 NODE        439  KCS=      0  X,Y,Z=  11.000       3.5000       0.0000     

 NODE        440  KCS=      0  X,Y,Z=  12.000       3.5000       0.0000     

 NODE        441  KCS=      0  X,Y,Z=  13.000       3.5000       0.0000     

 NODE        442  KCS=      0  X,Y,Z=  14.000       3.5000       0.0000     

 NODE        443  KCS=      0  X,Y,Z=  15.000       3.5000       0.0000     

 NODE        444  KCS=      0  X,Y,Z=  16.000       3.5000       0.0000     

 NODE        445  KCS=      0  X,Y,Z=  17.000       3.5000       0.0000     

 NODE        446  KCS=      0  X,Y,Z=  18.000       3.5000       0.0000     

 NODE        447  KCS=      0  X,Y,Z=  19.000       3.5000       0.0000     

 NODE        448  KCS=      0  X,Y,Z=  20.000       3.5000       0.0000     

 NODE        449  KCS=      0  X,Y,Z=  21.000       3.5000       0.0000     

 NODE        450  KCS=      0  X,Y,Z=  22.000       3.5000       0.0000     

 NODE        451  KCS=      0  X,Y,Z=  23.000       3.5000       0.0000     

 NODE        452  KCS=      0  X,Y,Z=  24.000       3.5000       0.0000     

 NODE        453  KCS=      0  X,Y,Z=  25.000       3.5000       0.0000     

 NODE        454  KCS=      0  X,Y,Z=  26.000       3.5000       0.0000     

 NODE        455  KCS=      0  X,Y,Z=  27.000       3.5000       0.0000     

 NODE        456  KCS=      0  X,Y,Z=  28.000       3.5000       0.0000     

 NODE        457  KCS=      0  X,Y,Z=  29.000       3.5000       0.0000     

 NODE        458  KCS=      0  X,Y,Z=  30.000       3.5000       0.0000     

 NODE        459  KCS=      0  X,Y,Z=  31.000       3.5000       0.0000     

 NODE        460  KCS=      0  X,Y,Z=  32.000       3.5000       0.0000     

 NODE        461  KCS=      0  X,Y,Z=  33.000       3.5000       0.0000     

 NODE        462  KCS=      0  X,Y,Z=  34.000       3.5000       0.0000     

 NODE        463  KCS=      0  X,Y,Z=  35.000       3.5000       0.0000     

 NODE        464  KCS=      0  X,Y,Z=  36.000       3.5000       0.0000     

 NODE        465  KCS=      0  X,Y,Z=  37.000       3.5000       0.0000     

 NODE        466  KCS=      0  X,Y,Z=  38.000       3.5000       0.0000     

 NODE        467  KCS=      0  X,Y,Z=  39.000       3.5000       0.0000     

 NODE        468  KCS=      0  X,Y,Z=  40.000       3.5000       0.0000     

 NODE        469  KCS=      0  X,Y,Z=  41.000       3.5000       0.0000     

 NODE        470  KCS=      0  X,Y,Z=  42.000       3.5000       0.0000     

 NODE        471  KCS=      0  X,Y,Z=  43.000       3.5000       0.0000     

 NODE        472  KCS=      0  X,Y,Z=  44.000       3.5000       0.0000     

 NODE        473  KCS=      0  X,Y,Z=  45.000       3.5000       0.0000     

 NODE        474  KCS=      0  X,Y,Z=  46.000       3.5000       0.0000     

 NODE        475  KCS=      0  X,Y,Z=  47.000       3.5000       0.0000     

 NODE        476  KCS=      0  X,Y,Z=  48.000       3.5000       0.0000     

 NODE        477  KCS=      0  X,Y,Z=  49.000       3.5000       0.0000     

 NODE        478  KCS=      0  X,Y,Z=  50.000       3.5000       0.0000     

 NODE        479  KCS=      0  X,Y,Z=  51.000       3.5000       0.0000     

 NODE        480  KCS=      0  X,Y,Z=  52.000       3.5000       0.0000     

 NODE        481  KCS=      0  X,Y,Z=  53.000       3.5000       0.0000     

 NODE        482  KCS=      0  X,Y,Z=  54.000       3.5000       0.0000     

 NODE        483  KCS=      0  X,Y,Z=  55.000       3.5000       0.0000     

 NODE        484  KCS=      0  X,Y,Z=  56.000       3.5000       0.0000     

 NODE        485  KCS=      0  X,Y,Z=  57.000       3.5000       0.0000     

 NODE        486  KCS=      0  X,Y,Z=  58.000       3.5000       0.0000     

 NODE        487  KCS=      0  X,Y,Z=  59.000       3.5000       0.0000     

 NODE        488  KCS=      0  X,Y,Z=  60.000       3.5000       0.0000     

 NODE        489  KCS=      0  X,Y,Z=  0.0000       4.0000       0.0000     

 NODE        490  KCS=      0  X,Y,Z=  1.0000       4.0000       0.0000     

 NODE        491  KCS=      0  X,Y,Z=  2.0000       4.0000       0.0000     

 NODE        492  KCS=      0  X,Y,Z=  3.0000       4.0000       0.0000     

 NODE        493  KCS=      0  X,Y,Z=  4.0000       4.0000       0.0000     

 NODE        494  KCS=      0  X,Y,Z=  5.0000       4.0000       0.0000     

 NODE        495  KCS=      0  X,Y,Z=  6.0000       4.0000       0.0000     

 NODE        496  KCS=      0  X,Y,Z=  7.0000       4.0000       0.0000     

 NODE        497  KCS=      0  X,Y,Z=  8.0000       4.0000       0.0000     

 NODE        498  KCS=      0  X,Y,Z=  9.0000       4.0000       0.0000     

 NODE        499  KCS=      0  X,Y,Z=  10.000       4.0000       0.0000     

 NODE        500  KCS=      0  X,Y,Z=  11.000       4.0000       0.0000     

 NODE        501  KCS=      0  X,Y,Z=  12.000       4.0000       0.0000     

 NODE        502  KCS=      0  X,Y,Z=  13.000       4.0000       0.0000     

 NODE        503  KCS=      0  X,Y,Z=  14.000       4.0000       0.0000     

 NODE        504  KCS=      0  X,Y,Z=  15.000       4.0000       0.0000     

 NODE        505  KCS=      0  X,Y,Z=  16.000       4.0000       0.0000     

 NODE        506  KCS=      0  X,Y,Z=  17.000       4.0000       0.0000     

 NODE        507  KCS=      0  X,Y,Z=  18.000       4.0000       0.0000     

 NODE        508  KCS=      0  X,Y,Z=  19.000       4.0000       0.0000     

 NODE        509  KCS=      0  X,Y,Z=  20.000       4.0000       0.0000     

 NODE        510  KCS=      0  X,Y,Z=  21.000       4.0000       0.0000     

 NODE        511  KCS=      0  X,Y,Z=  22.000       4.0000       0.0000     

 NODE        512  KCS=      0  X,Y,Z=  23.000       4.0000       0.0000     

 NODE        513  KCS=      0  X,Y,Z=  24.000       4.0000       0.0000     

 NODE        514  KCS=      0  X,Y,Z=  25.000       4.0000       0.0000     

 NODE        515  KCS=      0  X,Y,Z=  26.000       4.0000       0.0000     

 NODE        516  KCS=      0  X,Y,Z=  27.000       4.0000       0.0000     

 NODE        517  KCS=      0  X,Y,Z=  28.000       4.0000       0.0000     

 NODE        518  KCS=      0  X,Y,Z=  29.000       4.0000       0.0000     

 NODE        519  KCS=      0  X,Y,Z=  30.000       4.0000       0.0000     

 NODE        520  KCS=      0  X,Y,Z=  31.000       4.0000       0.0000     

 NODE        521  KCS=      0  X,Y,Z=  32.000       4.0000       0.0000     

 NODE        522  KCS=      0  X,Y,Z=  33.000       4.0000       0.0000     

 NODE        523  KCS=      0  X,Y,Z=  34.000       4.0000       0.0000     

 NODE        524  KCS=      0  X,Y,Z=  35.000       4.0000       0.0000     

 NODE        525  KCS=      0  X,Y,Z=  36.000       4.0000       0.0000     

 NODE        526  KCS=      0  X,Y,Z=  37.000       4.0000       0.0000     

 NODE        527  KCS=      0  X,Y,Z=  38.000       4.0000       0.0000     

 NODE        528  KCS=      0  X,Y,Z=  39.000       4.0000       0.0000     

 NODE        529  KCS=      0  X,Y,Z=  40.000       4.0000       0.0000     

 NODE        530  KCS=      0  X,Y,Z=  41.000       4.0000       0.0000     

 NODE        531  KCS=      0  X,Y,Z=  42.000       4.0000       0.0000     

 NODE        532  KCS=      0  X,Y,Z=  43.000       4.0000       0.0000     

 NODE        533  KCS=      0  X,Y,Z=  44.000       4.0000       0.0000     

 NODE        534  KCS=      0  X,Y,Z=  45.000       4.0000       0.0000     

 NODE        535  KCS=      0  X,Y,Z=  46.000       4.0000       0.0000     

 NODE        536  KCS=      0  X,Y,Z=  47.000       4.0000       0.0000     

 NODE        537  KCS=      0  X,Y,Z=  48.000       4.0000       0.0000     

 NODE        538  KCS=      0  X,Y,Z=  49.000       4.0000       0.0000     

 NODE        539  KCS=      0  X,Y,Z=  50.000       4.0000       0.0000     

 NODE        540  KCS=      0  X,Y,Z=  51.000       4.0000       0.0000     

 NODE        541  KCS=      0  X,Y,Z=  52.000       4.0000       0.0000     

 NODE        542  KCS=      0  X,Y,Z=  53.000       4.0000       0.0000     

 NODE        543  KCS=      0  X,Y,Z=  54.000       4.0000       0.0000     

 NODE        544  KCS=      0  X,Y,Z=  55.000       4.0000       0.0000     

 NODE        545  KCS=      0  X,Y,Z=  56.000       4.0000       0.0000     

 NODE        546  KCS=      0  X,Y,Z=  57.000       4.0000       0.0000     

 NODE        547  KCS=      0  X,Y,Z=  58.000       4.0000       0.0000     

 NODE        548  KCS=      0  X,Y,Z=  59.000       4.0000       0.0000     

 NODE        549  KCS=      0  X,Y,Z=  60.000       4.0000       0.0000     

 MATERIAL NUMBER SET TO         1

 ELEMENT      1       1      2     63     62

 ELEMENT      2       2      3     64     63

 ELEMENT      3       3      4     65     64

 ELEMENT      4       4      5     66     65

 ELEMENT      5       5      6     67     66

 ELEMENT      6       6      7     68     67

 ELEMENT      7       7      8     69     68

 ELEMENT      8       8      9     70     69

 ELEMENT      9       9     10     71     70

 ELEMENT     10      10     11     72     71

 ELEMENT     11      11     12     73     72

 ELEMENT     12      12     13     74     73

 ELEMENT     13      13     14     75     74

 ELEMENT     14      14     15     76     75

 ELEMENT     15      15     16     77     76

 ELEMENT     16      16     17     78     77

 ELEMENT     17      17     18     79     78

 ELEMENT     18      18     19     80     79

 ELEMENT     19      19     20     81     80

 ELEMENT     20      20     21     82     81

 ELEMENT     21      21     22     83     82

 ELEMENT     22      22     23     84     83

 ELEMENT     23      23     24     85     84

 ELEMENT     24      24     25     86     85

 ELEMENT     25      25     26     87     86

 ELEMENT     26      26     27     88     87

 ELEMENT     27      27     28     89     88

 ELEMENT     28      28     29     90     89

 ELEMENT     29      29     30     91     90

 ELEMENT     30      30     31     92     91

 ELEMENT     31      31     32     93     92

 ELEMENT     32      32     33     94     93

 ELEMENT     33      33     34     95     94

 ELEMENT     34      34     35     96     95

 ELEMENT     35      35     36     97     96

 ELEMENT     36      36     37     98     97

 ELEMENT     37      37     38     99     98

 ELEMENT     38      38     39    100     99

 ELEMENT     39      39     40    101    100

 ELEMENT     40      40     41    102    101

 ELEMENT     41      41     42    103    102

 ELEMENT     42      42     43    104    103

 ELEMENT     43      43     44    105    104

 ELEMENT     44      44     45    106    105

 ELEMENT     45      45     46    107    106

 ELEMENT     46      46     47    108    107

 ELEMENT     47      47     48    109    108

 ELEMENT     48      48     49    110    109

 ELEMENT     49      49     50    111    110

 ELEMENT     50      50     51    112    111

 ELEMENT     51      51     52    113    112

 ELEMENT     52      52     53    114    113

 ELEMENT     53      53     54    115    114

 ELEMENT     54      54     55    116    115

 ELEMENT     55      55     56    117    116

 ELEMENT     56      56     57    118    117

 ELEMENT     57      57     58    119    118

 ELEMENT     58      58     59    120    119

 ELEMENT     59      59     60    121    120

 ELEMENT     60      60     61    122    121

 MATERIAL NUMBER SET TO         1

 ELEMENT     61      62     63    124    123

 ELEMENT     62      63     64    125    124

 ELEMENT     63      64     65    126    125

 ELEMENT     64      65     66    127    126

 ELEMENT     65      66     67    128    127

 ELEMENT     66      67     68    129    128

 ELEMENT     67      68     69    130    129

 ELEMENT     68      69     70    131    130

 ELEMENT     69      70     71    132    131

 ELEMENT     70      71     72    133    132

 ELEMENT     71      72     73    134    133

 ELEMENT     72      73     74    135    134

 ELEMENT     73      74     75    136    135

 ELEMENT     74      75     76    137    136

 ELEMENT     75      76     77    138    137

 ELEMENT     76      77     78    139    138

 ELEMENT     77      78     79    140    139

 ELEMENT     78      79     80    141    140

 ELEMENT     79      80     81    142    141

 ELEMENT     80      81     82    143    142

 ELEMENT     81      82     83    144    143

 ELEMENT     82      83     84    145    144

 ELEMENT     83      84     85    146    145

 ELEMENT     84      85     86    147    146

 ELEMENT     85      86     87    148    147

 ELEMENT     86      87     88    149    148

 ELEMENT     87      88     89    150    149

 ELEMENT     88      89     90    151    150

 ELEMENT     89      90     91    152    151

 ELEMENT     90      91     92    153    152

 ELEMENT     91      92     93    154    153

 ELEMENT     92      93     94    155    154

 ELEMENT     93      94     95    156    155

 ELEMENT     94      95     96    157    156

 ELEMENT     95      96     97    158    157

 ELEMENT     96      97     98    159    158

 ELEMENT     97      98     99    160    159

 ELEMENT     98      99    100    161    160

 ELEMENT     99     100    101    162    161

 ELEMENT    100     101    102    163    162

 ELEMENT    101     102    103    164    163

 ELEMENT    102     103    104    165    164

 ELEMENT    103     104    105    166    165

 ELEMENT    104     105    106    167    166

 ELEMENT    105     106    107    168    167

 ELEMENT    106     107    108    169    168

 ELEMENT    107     108    109    170    169

 ELEMENT    108     109    110    171    170

 ELEMENT    109     110    111    172    171

 ELEMENT    110     111    112    173    172

 ELEMENT    111     112    113    174    173

 ELEMENT    112     113    114    175    174

 ELEMENT    113     114    115    176    175

 ELEMENT    114     115    116    177    176

 ELEMENT    115     116    117    178    177

 ELEMENT    116     117    118    179    178

 ELEMENT    117     118    119    180    179

 ELEMENT    118     119    120    181    180

 ELEMENT    119     120    121    182    181

 ELEMENT    120     121    122    183    182

 MATERIAL NUMBER SET TO         1

 ELEMENT    121     123    124    185    184

 ELEMENT    122     124    125    186    185

 ELEMENT    123     125    126    187    186

 ELEMENT    124     126    127    188    187

 ELEMENT    125     127    128    189    188

 ELEMENT    126     128    129    190    189

 ELEMENT    127     129    130    191    190

 ELEMENT    128     130    131    192    191

 ELEMENT    129     131    132    193    192

 ELEMENT    130     132    133    194    193

 ELEMENT    131     133    134    195    194

 ELEMENT    132     134    135    196    195

 ELEMENT    133     135    136    197    196

 ELEMENT    134     136    137    198    197

 ELEMENT    135     137    138    199    198

 ELEMENT    136     138    139    200    199

 ELEMENT    137     139    140    201    200

 ELEMENT    138     140    141    202    201

 ELEMENT    139     141    142    203    202

 ELEMENT    140     142    143    204    203

 ELEMENT    141     143    144    205    204

 ELEMENT    142     144    145    206    205

 ELEMENT    143     145    146    207    206

 ELEMENT    144     146    147    208    207

 ELEMENT    145     147    148    209    208

 ELEMENT    146     148    149    210    209

 ELEMENT    147     149    150    211    210

 ELEMENT    148     150    151    212    211

 ELEMENT    149     151    152    213    212

 ELEMENT    150     152    153    214    213

 ELEMENT    151     153    154    215    214

 ELEMENT    152     154    155    216    215

 ELEMENT    153     155    156    217    216

 ELEMENT    154     156    157    218    217

 ELEMENT    155     157    158    219    218

 ELEMENT    156     158    159    220    219

 ELEMENT    157     159    160    221    220

 ELEMENT    158     160    161    222    221

 ELEMENT    159     161    162    223    222

 ELEMENT    160     162    163    224    223

 ELEMENT    161     163    164    225    224

 ELEMENT    162     164    165    226    225

 ELEMENT    163     165    166    227    226

 ELEMENT    164     166    167    228    227

 ELEMENT    165     167    168    229    228

 ELEMENT    166     168    169    230    229

 ELEMENT    167     169    170    231    230

 ELEMENT    168     170    171    232    231

 ELEMENT    169     171    172    233    232

 ELEMENT    170     172    173    234    233

 ELEMENT    171     173    174    235    234

 ELEMENT    172     174    175    236    235

 ELEMENT    173     175    176    237    236

 ELEMENT    174     176    177    238    237

 ELEMENT    175     177    178    239    238

 ELEMENT    176     178    179    240    239

 ELEMENT    177     179    180    241    240

 ELEMENT    178     180    181    242    241

 ELEMENT    179     181    182    243    242

 ELEMENT    180     182    183    244    243

 MATERIAL NUMBER SET TO         1

 ELEMENT    181     184    185    246    245

 ELEMENT    182     185    186    247    246

 ELEMENT    183     186    187    248    247

 ELEMENT    184     187    188    249    248

 ELEMENT    185     188    189    250    249

 ELEMENT    186     189    190    251    250

 ELEMENT    187     190    191    252    251

 ELEMENT    188     191    192    253    252

 ELEMENT    189     192    193    254    253

 ELEMENT    190     193    194    255    254

 ELEMENT    191     194    195    256    255

 ELEMENT    192     195    196    257    256

 ELEMENT    193     196    197    258    257

 ELEMENT    194     197    198    259    258

 ELEMENT    195     198    199    260    259

 ELEMENT    196     199    200    261    260

 ELEMENT    197     200    201    262    261

 ELEMENT    198     201    202    263    262

 ELEMENT    199     202    203    264    263

 ELEMENT    200     203    204    265    264

 ELEMENT    201     204    205    266    265

 ELEMENT    202     205    206    267    266

 ELEMENT    203     206    207    268    267

 ELEMENT    204     207    208    269    268

 ELEMENT    205     208    209    270    269

 ELEMENT    206     209    210    271    270

 ELEMENT    207     210    211    272    271

 ELEMENT    208     211    212    273    272

 ELEMENT    209     212    213    274    273

 ELEMENT    210     213    214    275    274

 ELEMENT    211     214    215    276    275

 ELEMENT    212     215    216    277    276

 ELEMENT    213     216    217    278    277

 ELEMENT    214     217    218    279    278

 ELEMENT    215     218    219    280    279

 ELEMENT    216     219    220    281    280

 ELEMENT    217     220    221    282    281

 ELEMENT    218     221    222    283    282

 ELEMENT    219     222    223    284    283

 ELEMENT    220     223    224    285    284

 ELEMENT    221     224    225    286    285

 ELEMENT    222     225    226    287    286

 ELEMENT    223     226    227    288    287

 ELEMENT    224     227    228    289    288

 ELEMENT    225     228    229    290    289

 ELEMENT    226     229    230    291    290

 ELEMENT    227     230    231    292    291

 ELEMENT    228     231    232    293    292

 ELEMENT    229     232    233    294    293

 ELEMENT    230     233    234    295    294

 ELEMENT    231     234    235    296    295

 ELEMENT    232     235    236    297    296

 ELEMENT    233     236    237    298    297

 ELEMENT    234     237    238    299    298

 ELEMENT    235     238    239    300    299

 ELEMENT    236     239    240    301    300

 ELEMENT    237     240    241    302    301

 ELEMENT    238     241    242    303    302

 ELEMENT    239     242    243    304    303

 ELEMENT    240     243    244    305    304

 MATERIAL NUMBER SET TO         2

 ELEMENT    241     245    246    307    306

 ELEMENT    242     246    247    308    307

 ELEMENT    243     247    248    309    308

 ELEMENT    244     248    249    310    309

 ELEMENT    245     249    250    311    310

 ELEMENT    246     250    251    312    311

 ELEMENT    247     251    252    313    312

 ELEMENT    248     252    253    314    313

 ELEMENT    249     253    254    315    314

 ELEMENT    250     254    255    316    315

 ELEMENT    251     255    256    317    316

 ELEMENT    252     256    257    318    317

 ELEMENT    253     257    258    319    318

 ELEMENT    254     258    259    320    319

 ELEMENT    255     259    260    321    320

 ELEMENT    256     260    261    322    321

 ELEMENT    257     261    262    323    322

 ELEMENT    258     262    263    324    323

 ELEMENT    259     263    264    325    324

 ELEMENT    260     264    265    326    325

 ELEMENT    261     265    266    327    326

 ELEMENT    262     266    267    328    327

 ELEMENT    263     267    268    329    328

 ELEMENT    264     268    269    330    329

 ELEMENT    265     269    270    331    330

 ELEMENT    266     270    271    332    331

 ELEMENT    267     271    272    333    332

 ELEMENT    268     272    273    334    333

 ELEMENT    269     273    274    335    334

 ELEMENT    270     274    275    336    335

 ELEMENT    271     275    276    337    336

 ELEMENT    272     276    277    338    337

 ELEMENT    273     277    278    339    338

 ELEMENT    274     278    279    340    339

 ELEMENT    275     279    280    341    340

 ELEMENT    276     280    281    342    341

 ELEMENT    277     281    282    343    342

 ELEMENT    278     282    283    344    343

 ELEMENT    279     283    284    345    344

 ELEMENT    280     284    285    346    345

 ELEMENT    281     285    286    347    346

 ELEMENT    282     286    287    348    347

 ELEMENT    283     287    288    349    348

 ELEMENT    284     288    289    350    349

 ELEMENT    285     289    290    351    350

 ELEMENT    286     290    291    352    351

 ELEMENT    287     291    292    353    352

 ELEMENT    288     292    293    354    353

 ELEMENT    289     293    294    355    354

 ELEMENT    290     294    295    356    355

 ELEMENT    291     295    296    357    356

 ELEMENT    292     296    297    358    357

 ELEMENT    293     297    298    359    358

 ELEMENT    294     298    299    360    359

 ELEMENT    295     299    300    361    360

 ELEMENT    296     300    301    362    361

 ELEMENT    297     301    302    363    362

 ELEMENT    298     302    303    364    363

 ELEMENT    299     303    304    365    364

 ELEMENT    300     304    305    366    365

 MATERIAL NUMBER SET TO         2

 ELEMENT    301     306    307    368    367

 ELEMENT    302     307    308    369    368

 ELEMENT    303     308    309    370    369

 ELEMENT    304     309    310    371    370

 ELEMENT    305     310    311    372    371

 ELEMENT    306     311    312    373    372

 ELEMENT    307     312    313    374    373

 ELEMENT    308     313    314    375    374

 ELEMENT    309     314    315    376    375

 ELEMENT    310     315    316    377    376

 ELEMENT    311     316    317    378    377

 ELEMENT    312     317    318    379    378

 ELEMENT    313     318    319    380    379

 ELEMENT    314     319    320    381    380

 ELEMENT    315     320    321    382    381

 ELEMENT    316     321    322    383    382

 ELEMENT    317     322    323    384    383

 ELEMENT    318     323    324    385    384

 ELEMENT    319     324    325    386    385

 ELEMENT    320     325    326    387    386

 ELEMENT    321     326    327    388    387

 ELEMENT    322     327    328    389    388

 ELEMENT    323     328    329    390    389

 ELEMENT    324     329    330    391    390

 ELEMENT    325     330    331    392    391

 ELEMENT    326     331    332    393    392

 ELEMENT    327     332    333    394    393

 ELEMENT    328     333    334    395    394

 ELEMENT    329     334    335    396    395

 ELEMENT    330     335    336    397    396

 ELEMENT    331     336    337    398    397

 ELEMENT    332     337    338    399    398

 ELEMENT    333     338    339    400    399

 ELEMENT    334     339    340    401    400

 ELEMENT    335     340    341    402    401

 ELEMENT    336     341    342    403    402

 ELEMENT    337     342    343    404    403

 ELEMENT    338     343    344    405    404

 ELEMENT    339     344    345    406    405

 ELEMENT    340     345    346    407    406

 ELEMENT    341     346    347    408    407

 ELEMENT    342     347    348    409    408

 ELEMENT    343     348    349    410    409

 ELEMENT    344     349    350    411    410

 ELEMENT    345     350    351    412    411

 ELEMENT    346     351    352    413    412

 ELEMENT    347     352    353    414    413

 ELEMENT    348     353    354    415    414

 ELEMENT    349     354    355    416    415

 ELEMENT    350     355    356    417    416

 ELEMENT    351     356    357    418    417

 ELEMENT    352     357    358    419    418

 ELEMENT    353     358    359    420    419

 ELEMENT    354     359    360    421    420

 ELEMENT    355     360    361    422    421

 ELEMENT    356     361    362    423    422

 ELEMENT    357     362    363    424    423

 ELEMENT    358     363    364    425    424

 ELEMENT    359     364    365    426    425

 ELEMENT    360     365    366    427    426

 MATERIAL NUMBER SET TO         2

 ELEMENT    361     367    368    429    428

 ELEMENT    362     368    369    430    429

 ELEMENT    363     369    370    431    430

 ELEMENT    364     370    371    432    431

 ELEMENT    365     371    372    433    432

 ELEMENT    366     372    373    434    433

 ELEMENT    367     373    374    435    434

 ELEMENT    368     374    375    436    435

 ELEMENT    369     375    376    437    436

 ELEMENT    370     376    377    438    437

 ELEMENT    371     377    378    439    438

 ELEMENT    372     378    379    440    439

 ELEMENT    373     379    380    441    440

 ELEMENT    374     380    381    442    441

 ELEMENT    375     381    382    443    442

 ELEMENT    376     382    383    444    443

 ELEMENT    377     383    384    445    444

 ELEMENT    378     384    385    446    445

 ELEMENT    379     385    386    447    446

 ELEMENT    380     386    387    448    447

 ELEMENT    381     387    388    449    448

 ELEMENT    382     388    389    450    449

 ELEMENT    383     389    390    451    450

 ELEMENT    384     390    391    452    451

 ELEMENT    385     391    392    453    452

 ELEMENT    386     392    393    454    453

 ELEMENT    387     393    394    455    454

 ELEMENT    388     394    395    456    455

 ELEMENT    389     395    396    457    456

 ELEMENT    390     396    397    458    457

 ELEMENT    391     397    398    459    458

 ELEMENT    392     398    399    460    459

 ELEMENT    393     399    400    461    460

 ELEMENT    394     400    401    462    461

 ELEMENT    395     401    402    463    462

 ELEMENT    396     402    403    464    463

 ELEMENT    397     403    404    465    464

 ELEMENT    398     404    405    466    465

 ELEMENT    399     405    406    467    466

 ELEMENT    400     406    407    468    467

 ELEMENT    401     407    408    469    468

 ELEMENT    402     408    409    470    469

 ELEMENT    403     409    410    471    470

 ELEMENT    404     410    411    472    471

 ELEMENT    405     411    412    473    472

 ELEMENT    406     412    413    474    473

 ELEMENT    407     413    414    475    474

 ELEMENT    408     414    415    476    475

 ELEMENT    409     415    416    477    476

 ELEMENT    410     416    417    478    477

 ELEMENT    411     417    418    479    478

 ELEMENT    412     418    419    480    479

 ELEMENT    413     419    420    481    480

 ELEMENT    414     420    421    482    481

 ELEMENT    415     421    422    483    482

 ELEMENT    416     422    423    484    483

 ELEMENT    417     423    424    485    484

 ELEMENT    418     424    425    486    485

 ELEMENT    419     425    426    487    486

 ELEMENT    420     426    427    488    487

 MATERIAL NUMBER SET TO         2

 ELEMENT    421     428    429    490    489

 ELEMENT    422     429    430    491    490

 ELEMENT    423     430    431    492    491

 ELEMENT    424     431    432    493    492

 ELEMENT    425     432    433    494    493

 ELEMENT    426     433    434    495    494

 ELEMENT    427     434    435    496    495

 ELEMENT    428     435    436    497    496

 ELEMENT    429     436    437    498    497

 ELEMENT    430     437    438    499    498

 ELEMENT    431     438    439    500    499

 ELEMENT    432     439    440    501    500

 ELEMENT    433     440    441    502    501

 ELEMENT    434     441    442    503    502

 ELEMENT    435     442    443    504    503

 ELEMENT    436     443    444    505    504

 ELEMENT    437     444    445    506    505

 ELEMENT    438     445    446    507    506

 ELEMENT    439     446    447    508    507

 ELEMENT    440     447    448    509    508

 ELEMENT    441     448    449    510    509

 ELEMENT    442     449    450    511    510

 ELEMENT    443     450    451    512    511

 ELEMENT    444     451    452    513    512

 ELEMENT    445     452    453    514    513

 ELEMENT    446     453    454    515    514

 ELEMENT    447     454    455    516    515

 ELEMENT    448     455    456    517    516

 ELEMENT    449     456    457    518    517

 ELEMENT    450     457    458    519    518

 ELEMENT    451     458    459    520    519

 ELEMENT    452     459    460    521    520

 ELEMENT    453     460    461    522    521

 ELEMENT    454     461    462    523    522

 ELEMENT    455     462    463    524    523

 ELEMENT    456     463    464    525    524

 ELEMENT    457     464    465    526    525

 ELEMENT    458     465    466    527    526

 ELEMENT    459     466    467    528    527

 ELEMENT    460     467    468    529    528

 ELEMENT    461     468    469    530    529

 ELEMENT    462     469    470    531    530

 ELEMENT    463     470    471    532    531

 ELEMENT    464     471    472    533    532

 ELEMENT    465     472    473    534    533

 ELEMENT    466     473    474    535    534

 ELEMENT    467     474    475    536    535

 ELEMENT    468     475    476    537    536

 ELEMENT    469     476    477    538    537

 ELEMENT    470     477    478    539    538

 ELEMENT    471     478    479    540    539

 ELEMENT    472     479    480    541    540

 ELEMENT    473     480    481    542    541

 ELEMENT    474     481    482    543    542

 ELEMENT    475     482    483    544    543

 ELEMENT    476     483    484    545    544

 ELEMENT    477     484    485    546    545

 ELEMENT    478     485    486    547    546

 ELEMENT    479     486    487    548    547

 ELEMENT    480     487    488    549    548

 SPECIFIED CONSTRAINT UX   FOR SELECTED NODES            1 TO           1 BY           1
 REAL=  0.00000000       IMAG=  0.00000000    

 SPECIFIED CONSTRAINT UY   FOR SELECTED NODES            1 TO           1 BY           1
 REAL=  0.00000000       IMAG=  0.00000000    

 SPECIFIED CONSTRAINT UX   FOR SELECTED NODES           62 TO          62 BY           1
 REAL=  0.00000000       IMAG=  0.00000000    

 SPECIFIED CONSTRAINT UY   FOR SELECTED NODES           62 TO          62 BY           1
 REAL=  0.00000000       IMAG=  0.00000000    

 SPECIFIED CONSTRAINT UX   FOR SELECTED NODES          123 TO         123 BY           1
 REAL=  0.00000000       IMAG=  0.00000000    

 SPECIFIED CONSTRAINT UY   FOR SELECTED NODES          123 TO         123 BY           1
 REAL=  0.00000000       IMAG=  0.00000000    

 SPECIFIED CONSTRAINT UX   FOR SELECTED NODES          184 TO         184 BY           1
 REAL=  0.00000000       IMAG=  0.00000000    

 SPECIFIED CONSTRAINT UY   FOR SELECTED NODES          184 TO         184 BY           1
 REAL=  0.00000000       IMAG=  0.00000000    

 SPECIFIED CONSTRAINT UX   FOR SELECTED NODES          245 TO         245 BY           1
 REAL=  0.00000000       IMAG=  0.00000000    

 SPECIFIED CONSTRAINT UY   FOR SELECTED NODES          245 TO         245 BY           1
 REAL=  0.00000000       IMAG=  0.00000000    

 SPECIFIED CONSTRAINT UX   FOR SELECTED NODES          306 TO         306 BY           1
 REAL=  0.00000000       IMAG=  0.00000000    

 SPECIFIED CONSTRAINT UY   FOR SELECTED NODES          306 TO         306 BY           1
 REAL=  0.00000000       IMAG=  0.00000000    

 SPECIFIED CONSTRAINT UX   FOR SELECTED NODES          367 TO         367 BY           1
 REAL=  0.00000000       IMAG=  0.00000000    

 SPECIFIED CONSTRAINT UY   FOR SELECTED NODES          367 TO         367 BY           1
 REAL=  0.00000000       IMAG=  0.00000000    

 SPECIFIED CONSTRAINT UX   FOR SELECTED NODES          428 TO         428 BY           1
 REAL=  0.00000000       IMAG=  0.00000000    

 SPECIFIED CONSTRAINT UY   FOR SELECTED NODES          428 TO         428 BY           1
 REAL=  0.00000000       IMAG=  0.00000000    

 SPECIFIED CONSTRAINT UX   FOR SELECTED NODES          489 TO         489 BY           1
 REAL=  0.00000000       IMAG=  0.00000000    

 SPECIFIED CONSTRAINT UY   FOR SELECTED NODES          489 TO         489 BY           1
 REAL=  0.00000000       IMAG=  0.00000000    


 ***** ROUTINE COMPLETED *****  ELAPSED TIME =         6.399



 *****  MAPDL SOLUTION ROUTINE  *****


 PERFORM A STATIC ANALYSIS
  THIS WILL BE A NEW ANALYSIS

 SMALL DEFORMATION ANALYSIS

 DO NOT USE AUTOMATIC TIME STEPPING THIS LOAD STEP

 STEP BOUNDARY CONDITION KEY= 0

 ERASE THE CURRENT DATABASE OUTPUT CONTROL TABLE.


 WRITE ALL  ITEMS TO THE DATABASE WITH A FREQUENCY OF LAST
   FOR ALL APPLICABLE ENTITIES

 REFERENCE TEMPERATURE=  65.000  (TUNIF=  65.000)

 SPECIFIED BODY FORCE TEMP FOR ALL SELECTED NODES SET TO   65.0000000 

 SPECIFIED NODAL LOAD FY   FOR SELECTED NODES        61 TO       61 BY        1
  REAL=-6.250000000E-05   IMAG=  0.00000000    

 SPECIFIED NODAL LOAD FY   FOR SELECTED NODES       122 TO      122 BY        1
  REAL=-1.250000000E-04   IMAG=  0.00000000    

 SPECIFIED NODAL LOAD FY   FOR SELECTED NODES       183 TO      183 BY        1
  REAL=-1.250000000E-04   IMAG=  0.00000000    

 SPECIFIED NODAL LOAD FY   FOR SELECTED NODES       244 TO      244 BY        1
  REAL=-1.250000000E-04   IMAG=  0.00000000    

 SPECIFIED NODAL LOAD FY   FOR SELECTED NODES       305 TO      305 BY        1
  REAL=-1.250000000E-04   IMAG=  0.00000000    

 SPECIFIED NODAL LOAD FY   FOR SELECTED NODES       366 TO      366 BY        1
  REAL=-1.250000000E-04   IMAG=  0.00000000    

 SPECIFIED NODAL LOAD FY   FOR SELECTED NODES       427 TO      427 BY        1
  REAL=-1.250000000E-04   IMAG=  0.00000000    

 SPECIFIED NODAL LOAD FY   FOR SELECTED NODES       488 TO      488 BY        1
  REAL=-1.250000000E-04   IMAG=  0.00000000    

 SPECIFIED NODAL LOAD FY   FOR SELECTED NODES       549 TO      549 BY        1
  REAL=-6.250000000E-05   IMAG=  0.00000000    

 TIME=  1.0000    

 USE INITIAL TIME STEP SIZE OF 0.1000000E-01 FOR ALL  DEGREES OF FREEDOM
 FOR AUTOMATIC TIME STEPPING:
   USE 0.1000000E-01 AS THE MINIMUM TIME STEP SIZE
   USE 0.1000000E-01 AS THE MAXIMUM TIME STEP SIZE

 *****  MAPDL SOLVE    COMMAND  *****

 *** SELECTION OF ELEMENT TECHNOLOGIES FOR APPLICABLE ELEMENTS ***
                ---GIVE SUGGESTIONS ONLY---

 ELEMENT TYPE  1 IS PLANE182 WITH PLANE STRESS OPTION. IT IS ASSOCIATED WITH
 ELASTOPLASTIC MATERIALS ONLY. KEYOPT(1)=2 IS SUGGESTED.



 *** MAPDL - ENGINEERING ANALYSIS SYSTEM  RELEASE 2026 R1          26.1     ***
 Ansys Mechanical Enterprise Academic Student      
 01055371  VERSION=WINDOWS x64   20:27:39  SEP 14, 2026 Elapsed Time=      6.430

 Stage 10 isothermal discretization verification                               



                       S O L U T I O N   O P T I O N S

   PROBLEM DIMENSIONALITY. . . . . . . . . . . . .2-D                  
   DEGREES OF FREEDOM. . . . . . UX   UY  
   ANALYSIS TYPE . . . . . . . . . . . . . . . . .STATIC (STEADY-STATE)
   NEWTON-RAPHSON OPTION . . . . . . . . . . . . .PROGRAM CHOSEN   
   GLOBALLY ASSEMBLED MATRIX . . . . . . . . . . .SYMMETRIC  

 *** NOTE ***                            ELAPSED TIME =       6.432   TIME= 20:27:39
 This nonlinear analysis defaults to using the initial stiffness         
 Newton-Raphson solution procedure.  This can be modified using the      
 NROPT command.                                                          

 *** NOTE ***                            ELAPSED TIME =       6.433   TIME= 20:27:39
 The conditions for direct assembly have been met.  No .emat or .erot    
 files will be produced.                                                 

                      L O A D   S T E P   O P T I O N S

   LOAD STEP NUMBER. . . . . . . . . . . . . . . .     1
   TIME AT END OF THE LOAD STEP. . . . . . . . . .  1.0000    
   TIME STEP SIZE. . . . . . . . . . . . . . . . . 0.10000E-01
   MAXIMUM NUMBER OF EQUILIBRIUM ITERATIONS. . . .    15
   STEP CHANGE BOUNDARY CONDITIONS . . . . . . . .    NO
   TERMINATE ANALYSIS IF NOT CONVERGED . . . . . .YES (EXIT)  
   CONVERGENCE CONTROLS. . . . . . . . . . . . . .USE DEFAULTS
   PRINT OUTPUT CONTROLS . . . . . . . . . . . . .NO PRINTOUT
   DATABASE OUTPUT CONTROLS
      ITEM     FREQUENCY   COMPONENT
       ALL       LAST               


 SOLUTION MONITORING INFO IS WRITTEN TO FILE= stage10_structural.mntr                                                                                                                                                                                                                                             


 Range of element maximum matrix coefficients in global coordinates
 Maximum = 540.214664 at element 478.                                    
 Minimum = 220.680489 at element 177.                                    

   *** ELEMENT MATRIX FORMULATION TIMES
     TYPE    NUMBER     ENAME   TOTAL ELAPSED   AVG ELAPSED

        1       480  PLANE182          0.0687   0.000143160
 Elapsed Time at end of element matrix formulation = 6.6908251.          

 ALL CURRENT MAPDL DATA WRITTEN TO FILE NAME= stage10_structural.rdb
  FOR POSSIBLE RESUME FROM THIS POINT
     FORCE CONVERGENCE VALUE  =  0.3423E-05  CRITERION=  0.5000E-04

 SPARSE MATRIX DIRECT SOLVER.
  Number of equations =        1080,    Maximum wavefront =     10


  Memory allocated on this process
  -------------------------------------------------------------------
  Equation solver memory allocated                     =     1.000 MB
  Equation solver memory required for in-core mode     =     0.965 MB
  Equation solver memory required for out-of-core mode =     0.643 MB
  Total (solver and non-solver) memory allocated       =   360.098 MB

 *** NOTE ***                            ELAPSED TIME =       6.765   TIME= 20:27:39
 The Sparse Matrix Solver is currently running in the in-core memory     
 mode.  This memory mode uses the most amount of memory in order to      
 avoid using the hard drive as much as possible, which most often        
 results in the fastest solution time.  This mode is recommended if      
 enough physical memory is present to accommodate all of the solver      
 data.                                                                   
 Sparse solver maximum pivot= 2160.85866 at node 353 UY.                 
 Sparse solver minimum pivot= 0.220391497 at node 215 UY.                
 Sparse solver minimum pivot in absolute value= 0.220391497 at node 215  
 UY.                                                                     
     DISP CONVERGENCE VALUE   =  0.3267E-03  CRITERION=  0.1633E-04
    EQUIL ITER   1 COMPLETED.  NEW TRIANG MATRIX.  MAX DOF INC= -0.3267E-03
     FORCE CONVERGENCE VALUE  =  0.1753E-14  CRITERION=  0.5000E-04 <<< CONVERGED

 *** WARNING ***                         ELAPSED TIME =       6.849   TIME= 20:27:39
 A reference force value times the tolerance is used by the              
 Newton-Raphson method for checking convergence.  The calculated         
 reference FORCE CONVERGENCE VALUE = 1.687281638E-04 is less than a      
 threshold.  This threshold is internally calculated.  You can           
 overwrite it by specifying MINREF on the CNVTOL command.  Check         
 results carefully.                                                      
     DISP CONVERGENCE VALUE   =  0.1812E-12  CRITERION=  0.1633E-04 <<< CONVERGED
    EQUIL ITER   2 COMPLETED.  OLD TRIANG MATRIX.  MAX DOF INC = -0.1812E-12
    >>> SOLUTION CONVERGED AFTER EQUILIBRIUM ITERATION   2

   *** ELEMENT RESULT CALCULATION TIMES
     TYPE    NUMBER     ENAME   TOTAL ELAPSED   AVG ELAPSED

        1       480  PLANE182          0.0631   0.000131548

   *** NODAL LOAD CALCULATION TIMES
     TYPE    NUMBER     ENAME   TOTAL ELAPSED   AVG ELAPSED

        1       480  PLANE182          0.0009   0.000001971
 *** LOAD STEP     1   SUBSTEP     1  COMPLETED.    CUM ITER =      2
 *** TIME =  0.100000E-01     TIME INC =  0.100000E-01
 *** MAX VISCOELASTIC STRAIN STEP = 0.4885E-06

     FORCE CONVERGENCE VALUE  =  0.3474E-05  CRITERION=  0.5000E-04
     DISP CONVERGENCE VALUE   =  0.1225E-03  CRITERION=  0.2246E-04
    EQUIL ITER   1 COMPLETED.  OLD TRIANG MATRIX.  MAX DOF INC= -0.1225E-03
     FORCE CONVERGENCE VALUE  =  0.1235E-14  CRITERION=  0.5000E-04 <<< CONVERGED
     DISP CONVERGENCE VALUE   =  0.6774E-13  CRITERION=  0.2246E-04 <<< CONVERGED
    EQUIL ITER   2 COMPLETED.  OLD TRIANG MATRIX.  MAX DOF INC = -0.6774E-13
    >>> SOLUTION CONVERGED AFTER EQUILIBRIUM ITERATION   2
 *** LOAD STEP     1   SUBSTEP     2  COMPLETED.    CUM ITER =      4
 *** TIME =  0.200000E-01     TIME INC =  0.100000E-01
 *** MAX VISCOELASTIC STRAIN STEP = 0.7221E-06

     FORCE CONVERGENCE VALUE  =  0.2834E-05  CRITERION=  0.5000E-04
     DISP CONVERGENCE VALUE   =  0.9219E-04  CRITERION=  0.2707E-04
    EQUIL ITER   1 COMPLETED.  OLD TRIANG MATRIX.  MAX DOF INC= -0.9219E-04
     FORCE CONVERGENCE VALUE  =  0.1703E-14  CRITERION=  0.5000E-04 <<< CONVERGED
     DISP CONVERGENCE VALUE   =  0.5097E-13  CRITERION=  0.2707E-04 <<< CONVERGED
    EQUIL ITER   2 COMPLETED.  OLD TRIANG MATRIX.  MAX DOF INC = -0.5097E-13
    >>> SOLUTION CONVERGED AFTER EQUILIBRIUM ITERATION   2
 *** LOAD STEP     1   SUBSTEP     3  COMPLETED.    CUM ITER =      6
 *** TIME =  0.300000E-01     TIME INC =  0.100000E-01
 *** MAX VISCOELASTIC STRAIN STEP = 0.8980E-06

     FORCE CONVERGENCE VALUE  =  0.2535E-05  CRITERION=  0.5000E-04
     DISP CONVERGENCE VALUE   =  0.7797E-04  CRITERION=  0.3097E-04
    EQUIL ITER   1 COMPLETED.  OLD TRIANG MATRIX.  MAX DOF INC= -0.7797E-04
     FORCE CONVERGENCE VALUE  =  0.2592E-14  CRITERION=  0.5000E-04 <<< CONVERGED
     DISP CONVERGENCE VALUE   =  0.4310E-13  CRITERION=  0.3097E-04 <<< CONVERGED
    EQUIL ITER   2 COMPLETED.  OLD TRIANG MATRIX.  MAX DOF INC = -0.4310E-13
    >>> SOLUTION CONVERGED AFTER EQUILIBRIUM ITERATION   2
 *** LOAD STEP     1   SUBSTEP     4  COMPLETED.    CUM ITER =      8
 *** TIME =  0.400000E-01     TIME INC =  0.100000E-01
 *** MAX VISCOELASTIC STRAIN STEP = 0.1047E-05

     FORCE CONVERGENCE VALUE  =  0.2386E-05  CRITERION=  0.5000E-04
     DISP CONVERGENCE VALUE   =  0.6944E-04  CRITERION=  0.3444E-04
    EQUIL ITER   1 COMPLETED.  OLD TRIANG MATRIX.  MAX DOF INC= -0.6944E-04
     FORCE CONVERGENCE VALUE  =  0.3791E-14  CRITERION=  0.5000E-04 <<< CONVERGED
     DISP CONVERGENCE VALUE   =  0.3838E-13  CRITERION=  0.3444E-04 <<< CONVERGED
    EQUIL ITER   2 COMPLETED.  OLD TRIANG MATRIX.  MAX DOF INC = -0.3838E-13
    >>> SOLUTION CONVERGED AFTER EQUILIBRIUM ITERATION   2
 *** LOAD STEP     1   SUBSTEP     5  COMPLETED.    CUM ITER =     10
 *** TIME =  0.500000E-01     TIME INC =  0.100000E-01
 *** MAX VISCOELASTIC STRAIN STEP = 0.1181E-05

     FORCE CONVERGENCE VALUE  =  0.2312E-05  CRITERION=  0.5000E-04
     DISP CONVERGENCE VALUE   =  0.6368E-04  CRITERION=  0.3762E-04
    EQUIL ITER   1 COMPLETED.  OLD TRIANG MATRIX.  MAX DOF INC= -0.6368E-04
     FORCE CONVERGENCE VALUE  =  0.4293E-14  CRITERION=  0.5000E-04 <<< CONVERGED
     DISP CONVERGENCE VALUE   =  0.3519E-13  CRITERION=  0.3762E-04 <<< CONVERGED
    EQUIL ITER   2 COMPLETED.  OLD TRIANG MATRIX.  MAX DOF INC = -0.3519E-13
    >>> SOLUTION CONVERGED AFTER EQUILIBRIUM ITERATION   2
 *** LOAD STEP     1   SUBSTEP     6  COMPLETED.    CUM ITER =     12
 *** TIME =  0.600000E-01     TIME INC =  0.100000E-01
 *** MAX VISCOELASTIC STRAIN STEP = 0.1303E-05

     FORCE CONVERGENCE VALUE  =  0.2268E-05  CRITERION=  0.5000E-04
     DISP CONVERGENCE VALUE   =  0.5942E-04  CRITERION=  0.4059E-04
    EQUIL ITER   1 COMPLETED.  OLD TRIANG MATRIX.  MAX DOF INC= -0.5942E-04
     FORCE CONVERGENCE VALUE  =  0.5867E-14  CRITERION=  0.5000E-04 <<< CONVERGED
     DISP CONVERGENCE VALUE   =  0.3283E-13  CRITERION=  0.4059E-04 <<< CONVERGED
    EQUIL ITER   2 COMPLETED.  OLD TRIANG MATRIX.  MAX DOF INC = -0.3283E-13
    >>> SOLUTION CONVERGED AFTER EQUILIBRIUM ITERATION   2
 *** LOAD STEP     1   SUBSTEP     7  COMPLETED.    CUM ITER =     14
 *** TIME =  0.700000E-01     TIME INC =  0.100000E-01
 *** MAX VISCOELASTIC STRAIN STEP = 0.1418E-05

     FORCE CONVERGENCE VALUE  =  0.2231E-05  CRITERION=  0.5000E-04
     DISP CONVERGENCE VALUE   =  0.5606E-04  CRITERION=  0.4340E-04
    EQUIL ITER   1 COMPLETED.  OLD TRIANG MATRIX.  MAX DOF INC= -0.5606E-04
     FORCE CONVERGENCE VALUE  =  0.8338E-14  CRITERION=  0.5000E-04 <<< CONVERGED
     DISP CONVERGENCE VALUE   =  0.3097E-13  CRITERION=  0.4340E-04 <<< CONVERGED
    EQUIL ITER   2 COMPLETED.  OLD TRIANG MATRIX.  MAX DOF INC = -0.3097E-13
    >>> SOLUTION CONVERGED AFTER EQUILIBRIUM ITERATION   2
 *** LOAD STEP     1   SUBSTEP     8  COMPLETED.    CUM ITER =     16
 *** TIME =  0.800000E-01     TIME INC =  0.100000E-01
 *** MAX VISCOELASTIC STRAIN STEP = 0.1527E-05

     FORCE CONVERGENCE VALUE  =  0.2191E-05  CRITERION=  0.5000E-04
     DISP CONVERGENCE VALUE   =  0.5329E-04  CRITERION=  0.4606E-04
    EQUIL ITER   1 COMPLETED.  OLD TRIANG MATRIX.  MAX DOF INC= -0.5329E-04
     FORCE CONVERGENCE VALUE  =  0.8882E-14  CRITERION=  0.5000E-04 <<< CONVERGED
     DISP CONVERGENCE VALUE   =  0.2943E-13  CRITERION=  0.4606E-04 <<< CONVERGED
    EQUIL ITER   2 COMPLETED.  OLD TRIANG MATRIX.  MAX DOF INC = -0.2943E-13
    >>> SOLUTION CONVERGED AFTER EQUILIBRIUM ITERATION   2
 *** LOAD STEP     1   SUBSTEP     9  COMPLETED.    CUM ITER =     18
 *** TIME =  0.900000E-01     TIME INC =  0.100000E-01
 *** MAX VISCOELASTIC STRAIN STEP = 0.1631E-05

     FORCE CONVERGENCE VALUE  =  0.2144E-05  CRITERION=  0.5000E-04
     DISP CONVERGENCE VALUE   =  0.5091E-04  CRITERION=  0.4861E-04
    EQUIL ITER   1 COMPLETED.  OLD TRIANG MATRIX.  MAX DOF INC= -0.5091E-04
     FORCE CONVERGENCE VALUE  =  0.1037E-13  CRITERION=  0.5000E-04 <<< CONVERGED
     DISP CONVERGENCE VALUE   =  0.2811E-13  CRITERION=  0.4861E-04 <<< CONVERGED
    EQUIL ITER   2 COMPLETED.  OLD TRIANG MATRIX.  MAX DOF INC = -0.2811E-13
    >>> SOLUTION CONVERGED AFTER EQUILIBRIUM ITERATION   2
 *** LOAD STEP     1   SUBSTEP    10  COMPLETED.    CUM ITER =     20
 *** TIME =  0.100000         TIME INC =  0.100000E-01
 *** MAX VISCOELASTIC STRAIN STEP = 0.1730E-05

     FORCE CONVERGENCE VALUE  =  0.2090E-05  CRITERION=  0.5000E-04
     DISP CONVERGENCE VALUE   =  0.4881E-04  CRITERION=  0.5105E-04 <<< CONVERGED
    EQUIL ITER   1 COMPLETED.  OLD TRIANG MATRIX.  MAX DOF INC= -0.4881E-04
     FORCE CONVERGENCE VALUE  =  0.1216E-13  CRITERION=  0.5000E-04 <<< CONVERGED
    >>> SOLUTION CONVERGED AFTER EQUILIBRIUM ITERATION   1
 *** LOAD STEP     1   SUBSTEP    11  COMPLETED.    CUM ITER =     21
 *** TIME =  0.110000         TIME INC =  0.100000E-01
 *** MAX VISCOELASTIC STRAIN STEP = 0.1825E-05

     FORCE CONVERGENCE VALUE  =  0.2030E-05  CRITERION=  0.5000E-04
     DISP CONVERGENCE VALUE   =  0.4693E-04  CRITERION=  0.5339E-04 <<< CONVERGED
    EQUIL ITER   1 COMPLETED.  OLD TRIANG MATRIX.  MAX DOF INC= -0.4693E-04
     FORCE CONVERGENCE VALUE  =  0.1368E-13  CRITERION=  0.5000E-04 <<< CONVERGED
    >>> SOLUTION CONVERGED AFTER EQUILIBRIUM ITERATION   1
 *** LOAD STEP     1   SUBSTEP    12  COMPLETED.    CUM ITER =     22
 *** TIME =  0.120000         TIME INC =  0.100000E-01
 *** MAX VISCOELASTIC STRAIN STEP = 0.1917E-05

     FORCE CONVERGENCE VALUE  =  0.1965E-05  CRITERION=  0.5000E-04
     DISP CONVERGENCE VALUE   =  0.4523E-04  CRITERION=  0.5565E-04 <<< CONVERGED
    EQUIL ITER   1 COMPLETED.  OLD TRIANG MATRIX.  MAX DOF INC= -0.4523E-04
     FORCE CONVERGENCE VALUE  =  0.1532E-13  CRITERION=  0.5000E-04 <<< CONVERGED
    >>> SOLUTION CONVERGED AFTER EQUILIBRIUM ITERATION   1
 *** LOAD STEP     1   SUBSTEP    13  COMPLETED.    CUM ITER =     23
 *** TIME =  0.130000         TIME INC =  0.100000E-01
 *** MAX VISCOELASTIC STRAIN STEP = 0.2005E-05

     FORCE CONVERGENCE VALUE  =  0.1897E-05  CRITERION=  0.5000E-04
     DISP CONVERGENCE VALUE   =  0.4366E-04  CRITERION=  0.5784E-04 <<< CONVERGED
    EQUIL ITER   1 COMPLETED.  OLD TRIANG MATRIX.  MAX DOF INC= -0.4366E-04
     FORCE CONVERGENCE VALUE  =  0.1611E-13  CRITERION=  0.5000E-04 <<< CONVERGED
    >>> SOLUTION CONVERGED AFTER EQUILIBRIUM ITERATION   1
 *** LOAD STEP     1   SUBSTEP    14  COMPLETED.    CUM ITER =     24
 *** TIME =  0.140000         TIME INC =  0.100000E-01
 *** MAX VISCOELASTIC STRAIN STEP = 0.2091E-05

     FORCE CONVERGENCE VALUE  =  0.1827E-05  CRITERION=  0.5000E-04
     DISP CONVERGENCE VALUE   =  0.4220E-04  CRITERION=  0.5995E-04 <<< CONVERGED
    EQUIL ITER   1 COMPLETED.  OLD TRIANG MATRIX.  MAX DOF INC= -0.4220E-04
     FORCE CONVERGENCE VALUE  =  0.1532E-13  CRITERION=  0.5000E-04 <<< CONVERGED
    >>> SOLUTION CONVERGED AFTER EQUILIBRIUM ITERATION   1
 *** LOAD STEP     1   SUBSTEP    15  COMPLETED.    CUM ITER =     25
 *** TIME =  0.150000         TIME INC =  0.100000E-01
 *** MAX VISCOELASTIC STRAIN STEP = 0.2173E-05

     FORCE CONVERGENCE VALUE  =  0.1756E-05  CRITERION=  0.5000E-04
     DISP CONVERGENCE VALUE   =  0.4085E-04  CRITERION=  0.6199E-04 <<< CONVERGED
    EQUIL ITER   1 COMPLETED.  OLD TRIANG MATRIX.  MAX DOF INC= -0.4085E-04
     FORCE CONVERGENCE VALUE  =  0.2019E-13  CRITERION=  0.5000E-04 <<< CONVERGED
    >>> SOLUTION CONVERGED AFTER EQUILIBRIUM ITERATION   1
 *** LOAD STEP     1   SUBSTEP    16  COMPLETED.    CUM ITER =     26
 *** TIME =  0.160000         TIME INC =  0.100000E-01
 *** MAX VISCOELASTIC STRAIN STEP = 0.2253E-05

     FORCE CONVERGENCE VALUE  =  0.1684E-05  CRITERION=  0.5000E-04
     DISP CONVERGENCE VALUE   =  0.3957E-04  CRITERION=  0.6397E-04 <<< CONVERGED
    EQUIL ITER   1 COMPLETED.  OLD TRIANG MATRIX.  MAX DOF INC= -0.3957E-04
     FORCE CONVERGENCE VALUE  =  0.1921E-13  CRITERION=  0.5000E-04 <<< CONVERGED
    >>> SOLUTION CONVERGED AFTER EQUILIBRIUM ITERATION   1
 *** LOAD STEP     1   SUBSTEP    17  COMPLETED.    CUM ITER =     27
 *** TIME =  0.170000         TIME INC =  0.100000E-01
 *** MAX VISCOELASTIC STRAIN STEP = 0.2330E-05

     FORCE CONVERGENCE VALUE  =  0.1613E-05  CRITERION=  0.5000E-04
     DISP CONVERGENCE VALUE   =  0.3838E-04  CRITERION=  0.6589E-04 <<< CONVERGED
    EQUIL ITER   1 COMPLETED.  OLD TRIANG MATRIX.  MAX DOF INC= -0.3838E-04
     FORCE CONVERGENCE VALUE  =  0.2305E-13  CRITERION=  0.5000E-04 <<< CONVERGED
    >>> SOLUTION CONVERGED AFTER EQUILIBRIUM ITERATION   1
 *** LOAD STEP     1   SUBSTEP    18  COMPLETED.    CUM ITER =     28
 *** TIME =  0.180000         TIME INC =  0.100000E-01
 *** MAX VISCOELASTIC STRAIN STEP = 0.2404E-05

     FORCE CONVERGENCE VALUE  =  0.1542E-05  CRITERION=  0.5000E-04
     DISP CONVERGENCE VALUE   =  0.3724E-04  CRITERION=  0.6775E-04 <<< CONVERGED
    EQUIL ITER   1 COMPLETED.  OLD TRIANG MATRIX.  MAX DOF INC= -0.3724E-04
     FORCE CONVERGENCE VALUE  =  0.2395E-13  CRITERION=  0.5000E-04 <<< CONVERGED
    >>> SOLUTION CONVERGED AFTER EQUILIBRIUM ITERATION   1
 *** LOAD STEP     1   SUBSTEP    19  COMPLETED.    CUM ITER =     29
 *** TIME =  0.190000         TIME INC =  0.100000E-01
 *** MAX VISCOELASTIC STRAIN STEP = 0.2477E-05

     FORCE CONVERGENCE VALUE  =  0.1472E-05  CRITERION=  0.5000E-04
     DISP CONVERGENCE VALUE   =  0.3617E-04  CRITERION=  0.6956E-04 <<< CONVERGED
    EQUIL ITER   1 COMPLETED.  OLD TRIANG MATRIX.  MAX DOF INC= -0.3617E-04
     FORCE CONVERGENCE VALUE  =  0.2807E-13  CRITERION=  0.5000E-04 <<< CONVERGED
    >>> SOLUTION CONVERGED AFTER EQUILIBRIUM ITERATION   1
 *** LOAD STEP     1   SUBSTEP    20  COMPLETED.    CUM ITER =     30
 *** TIME =  0.200000         TIME INC =  0.100000E-01
 *** MAX VISCOELASTIC STRAIN STEP = 0.2547E-05

     FORCE CONVERGENCE VALUE  =  0.1403E-05  CRITERION=  0.5000E-04
     DISP CONVERGENCE VALUE   =  0.3515E-04  CRITERION=  0.7132E-04 <<< CONVERGED
    EQUIL ITER   1 COMPLETED.  OLD TRIANG MATRIX.  MAX DOF INC= -0.3515E-04
     FORCE CONVERGENCE VALUE  =  0.3156E-13  CRITERION=  0.5000E-04 <<< CONVERGED
    >>> SOLUTION CONVERGED AFTER EQUILIBRIUM ITERATION   1
 *** LOAD STEP     1   SUBSTEP    21  COMPLETED.    CUM ITER =     31
 *** TIME =  0.210000         TIME INC =  0.100000E-01
 *** MAX VISCOELASTIC STRAIN STEP = 0.2615E-05

     FORCE CONVERGENCE VALUE  =  0.1335E-05  CRITERION=  0.5000E-04
     DISP CONVERGENCE VALUE   =  0.3418E-04  CRITERION=  0.7302E-04 <<< CONVERGED
    EQUIL ITER   1 COMPLETED.  OLD TRIANG MATRIX.  MAX DOF INC= -0.3418E-04
     FORCE CONVERGENCE VALUE  =  0.2710E-13  CRITERION=  0.5000E-04 <<< CONVERGED
    >>> SOLUTION CONVERGED AFTER EQUILIBRIUM ITERATION   1
 *** LOAD STEP     1   SUBSTEP    22  COMPLETED.    CUM ITER =     32
 *** TIME =  0.220000         TIME INC =  0.100000E-01
 *** MAX VISCOELASTIC STRAIN STEP = 0.2681E-05

     FORCE CONVERGENCE VALUE  =  0.1269E-05  CRITERION=  0.5000E-04
     DISP CONVERGENCE VALUE   =  0.3325E-04  CRITERION=  0.7469E-04 <<< CONVERGED
    EQUIL ITER   1 COMPLETED.  OLD TRIANG MATRIX.  MAX DOF INC= -0.3325E-04
     FORCE CONVERGENCE VALUE  =  0.3675E-13  CRITERION=  0.5000E-04 <<< CONVERGED
    >>> SOLUTION CONVERGED AFTER EQUILIBRIUM ITERATION   1
 *** LOAD STEP     1   SUBSTEP    23  COMPLETED.    CUM ITER =     33
 *** TIME =  0.230000         TIME INC =  0.100000E-01
 *** MAX VISCOELASTIC STRAIN STEP = 0.2745E-05

     FORCE CONVERGENCE VALUE  =  0.1204E-05  CRITERION=  0.5000E-04
     DISP CONVERGENCE VALUE   =  0.3236E-04  CRITERION=  0.7631E-04 <<< CONVERGED
    EQUIL ITER   1 COMPLETED.  OLD TRIANG MATRIX.  MAX DOF INC= -0.3236E-04
     FORCE CONVERGENCE VALUE  =  0.3547E-13  CRITERION=  0.5000E-04 <<< CONVERGED
    >>> SOLUTION CONVERGED AFTER EQUILIBRIUM ITERATION   1
 *** LOAD STEP     1   SUBSTEP    24  COMPLETED.    CUM ITER =     34
 *** TIME =  0.240000         TIME INC =  0.100000E-01
 *** MAX VISCOELASTIC STRAIN STEP = 0.2807E-05

     FORCE CONVERGENCE VALUE  =  0.1141E-05  CRITERION=  0.5000E-04
     DISP CONVERGENCE VALUE   =  0.3152E-04  CRITERION=  0.7788E-04 <<< CONVERGED
    EQUIL ITER   1 COMPLETED.  OLD TRIANG MATRIX.  MAX DOF INC= -0.3152E-04
     FORCE CONVERGENCE VALUE  =  0.3845E-13  CRITERION=  0.5000E-04 <<< CONVERGED
    >>> SOLUTION CONVERGED AFTER EQUILIBRIUM ITERATION   1
 *** LOAD STEP     1   SUBSTEP    25  COMPLETED.    CUM ITER =     35
 *** TIME =  0.250000         TIME INC =  0.100000E-01
 *** MAX VISCOELASTIC STRAIN STEP = 0.2867E-05

     FORCE CONVERGENCE VALUE  =  0.1079E-05  CRITERION=  0.5000E-04
     DISP CONVERGENCE VALUE   =  0.3071E-04  CRITERION=  0.7942E-04 <<< CONVERGED
    EQUIL ITER   1 COMPLETED.  OLD TRIANG MATRIX.  MAX DOF INC= -0.3071E-04
     FORCE CONVERGENCE VALUE  =  0.3731E-13  CRITERION=  0.5000E-04 <<< CONVERGED
    >>> SOLUTION CONVERGED AFTER EQUILIBRIUM ITERATION   1
 *** LOAD STEP     1   SUBSTEP    26  COMPLETED.    CUM ITER =     36
 *** TIME =  0.260000         TIME INC =  0.100000E-01
 *** MAX VISCOELASTIC STRAIN STEP = 0.2926E-05

     FORCE CONVERGENCE VALUE  =  0.1019E-05  CRITERION=  0.5000E-04
     DISP CONVERGENCE VALUE   =  0.2993E-04  CRITERION=  0.8091E-04 <<< CONVERGED
    EQUIL ITER   1 COMPLETED.  OLD TRIANG MATRIX.  MAX DOF INC= -0.2993E-04
     FORCE CONVERGENCE VALUE  =  0.4038E-13  CRITERION=  0.5000E-04 <<< CONVERGED
    >>> SOLUTION CONVERGED AFTER EQUILIBRIUM ITERATION   1
 *** LOAD STEP     1   SUBSTEP    27  COMPLETED.    CUM ITER =     37
 *** TIME =  0.270000         TIME INC =  0.100000E-01
 *** MAX VISCOELASTIC STRAIN STEP = 0.2983E-05

     FORCE CONVERGENCE VALUE  =  0.9608E-06  CRITERION=  0.5000E-04
     DISP CONVERGENCE VALUE   =  0.2919E-04  CRITERION=  0.8237E-04 <<< CONVERGED
    EQUIL ITER   1 COMPLETED.  OLD TRIANG MATRIX.  MAX DOF INC= -0.2919E-04
     FORCE CONVERGENCE VALUE  =  0.4209E-13  CRITERION=  0.5000E-04 <<< CONVERGED
    >>> SOLUTION CONVERGED AFTER EQUILIBRIUM ITERATION   1
 *** LOAD STEP     1   SUBSTEP    28  COMPLETED.    CUM ITER =     38
 *** TIME =  0.280000         TIME INC =  0.100000E-01
 *** MAX VISCOELASTIC STRAIN STEP = 0.3038E-05

     FORCE CONVERGENCE VALUE  =  0.9040E-06  CRITERION=  0.5000E-04
     DISP CONVERGENCE VALUE   =  0.2847E-04  CRITERION=  0.8380E-04 <<< CONVERGED
    EQUIL ITER   1 COMPLETED.  OLD TRIANG MATRIX.  MAX DOF INC= -0.2847E-04
     FORCE CONVERGENCE VALUE  =  0.4060E-13  CRITERION=  0.5000E-04 <<< CONVERGED
    >>> SOLUTION CONVERGED AFTER EQUILIBRIUM ITERATION   1
 *** LOAD STEP     1   SUBSTEP    29  COMPLETED.    CUM ITER =     39
 *** TIME =  0.290000         TIME INC =  0.100000E-01
 *** MAX VISCOELASTIC STRAIN STEP = 0.3092E-05

     FORCE CONVERGENCE VALUE  =  0.8488E-06  CRITERION=  0.5000E-04
     DISP CONVERGENCE VALUE   =  0.2778E-04  CRITERION=  0.8518E-04 <<< CONVERGED
    EQUIL ITER   1 COMPLETED.  OLD TRIANG MATRIX.  MAX DOF INC= -0.2778E-04
     FORCE CONVERGENCE VALUE  =  0.4770E-13  CRITERION=  0.5000E-04 <<< CONVERGED
    >>> SOLUTION CONVERGED AFTER EQUILIBRIUM ITERATION   1
 *** LOAD STEP     1   SUBSTEP    30  COMPLETED.    CUM ITER =     40
 *** TIME =  0.300000         TIME INC =  0.100000E-01
 *** MAX VISCOELASTIC STRAIN STEP = 0.3145E-05

     FORCE CONVERGENCE VALUE  =  0.7953E-06  CRITERION=  0.5000E-04
     DISP CONVERGENCE VALUE   =  0.2712E-04  CRITERION=  0.8654E-04 <<< CONVERGED
    EQUIL ITER   1 COMPLETED.  OLD TRIANG MATRIX.  MAX DOF INC= -0.2712E-04
     FORCE CONVERGENCE VALUE  =  0.5487E-13  CRITERION=  0.5000E-04 <<< CONVERGED
    >>> SOLUTION CONVERGED AFTER EQUILIBRIUM ITERATION   1
 *** LOAD STEP     1   SUBSTEP    31  COMPLETED.    CUM ITER =     41
 *** TIME =  0.310000         TIME INC =  0.100000E-01
 *** MAX VISCOELASTIC STRAIN STEP = 0.3196E-05

     FORCE CONVERGENCE VALUE  =  0.7435E-06  CRITERION=  0.5000E-04
     DISP CONVERGENCE VALUE   =  0.2649E-04  CRITERION=  0.8787E-04 <<< CONVERGED
    EQUIL ITER   1 COMPLETED.  OLD TRIANG MATRIX.  MAX DOF INC= -0.2649E-04
     FORCE CONVERGENCE VALUE  =  0.5810E-13  CRITERION=  0.5000E-04 <<< CONVERGED
    >>> SOLUTION CONVERGED AFTER EQUILIBRIUM ITERATION   1
 *** LOAD STEP     1   SUBSTEP    32  COMPLETED.    CUM ITER =     42
 *** TIME =  0.320000         TIME INC =  0.100000E-01
 *** MAX VISCOELASTIC STRAIN STEP = 0.3246E-05

     FORCE CONVERGENCE VALUE  =  0.6934E-06  CRITERION=  0.5000E-04
     DISP CONVERGENCE VALUE   =  0.2588E-04  CRITERION=  0.8916E-04 <<< CONVERGED
    EQUIL ITER   1 COMPLETED.  OLD TRIANG MATRIX.  MAX DOF INC= -0.2588E-04
     FORCE CONVERGENCE VALUE  =  0.5925E-13  CRITERION=  0.5000E-04 <<< CONVERGED
    >>> SOLUTION CONVERGED AFTER EQUILIBRIUM ITERATION   1
 *** LOAD STEP     1   SUBSTEP    33  COMPLETED.    CUM ITER =     43
 *** TIME =  0.330000         TIME INC =  0.100000E-01
 *** MAX VISCOELASTIC STRAIN STEP = 0.3294E-05

     FORCE CONVERGENCE VALUE  =  0.6449E-06  CRITERION=  0.5000E-04
     DISP CONVERGENCE VALUE   =  0.2529E-04  CRITERION=  0.9042E-04 <<< CONVERGED
    EQUIL ITER   1 COMPLETED.  OLD TRIANG MATRIX.  MAX DOF INC= -0.2529E-04
     FORCE CONVERGENCE VALUE  =  0.5759E-13  CRITERION=  0.5000E-04 <<< CONVERGED
    >>> SOLUTION CONVERGED AFTER EQUILIBRIUM ITERATION   1
 *** LOAD STEP     1   SUBSTEP    34  COMPLETED.    CUM ITER =     44
 *** TIME =  0.340000         TIME INC =  0.100000E-01
 *** MAX VISCOELASTIC STRAIN STEP = 0.3341E-05

     FORCE CONVERGENCE VALUE  =  0.5981E-06  CRITERION=  0.5000E-04
     DISP CONVERGENCE VALUE   =  0.2473E-04  CRITERION=  0.9166E-04 <<< CONVERGED
    EQUIL ITER   1 COMPLETED.  OLD TRIANG MATRIX.  MAX DOF INC= -0.2473E-04
     FORCE CONVERGENCE VALUE  =  0.6713E-13  CRITERION=  0.5000E-04 <<< CONVERGED
    >>> SOLUTION CONVERGED AFTER EQUILIBRIUM ITERATION   1
 *** LOAD STEP     1   SUBSTEP    35  COMPLETED.    CUM ITER =     45
 *** TIME =  0.350000         TIME INC =  0.100000E-01
 *** MAX VISCOELASTIC STRAIN STEP = 0.3387E-05

     FORCE CONVERGENCE VALUE  =  0.5531E-06  CRITERION=  0.5000E-04
     DISP CONVERGENCE VALUE   =  0.2418E-04  CRITERION=  0.9287E-04 <<< CONVERGED
    EQUIL ITER   1 COMPLETED.  OLD TRIANG MATRIX.  MAX DOF INC= -0.2418E-04
     FORCE CONVERGENCE VALUE  =  0.7699E-13  CRITERION=  0.5000E-04 <<< CONVERGED
    >>> SOLUTION CONVERGED AFTER EQUILIBRIUM ITERATION   1
 *** LOAD STEP     1   SUBSTEP    36  COMPLETED.    CUM ITER =     46
 *** TIME =  0.360000         TIME INC =  0.100000E-01
 *** MAX VISCOELASTIC STRAIN STEP = 0.3432E-05

     FORCE CONVERGENCE VALUE  =  0.5099E-06  CRITERION=  0.5000E-04
     DISP CONVERGENCE VALUE   =  0.2366E-04  CRITERION=  0.9405E-04 <<< CONVERGED
    EQUIL ITER   1 COMPLETED.  OLD TRIANG MATRIX.  MAX DOF INC= -0.2366E-04
     FORCE CONVERGENCE VALUE  =  0.7186E-13  CRITERION=  0.5000E-04 <<< CONVERGED
    >>> SOLUTION CONVERGED AFTER EQUILIBRIUM ITERATION   1
 *** LOAD STEP     1   SUBSTEP    37  COMPLETED.    CUM ITER =     47
 *** TIME =  0.370000         TIME INC =  0.100000E-01
 *** MAX VISCOELASTIC STRAIN STEP = 0.3476E-05

     FORCE CONVERGENCE VALUE  =  0.4685E-06  CRITERION=  0.5000E-04
     DISP CONVERGENCE VALUE   =  0.2315E-04  CRITERION=  0.9521E-04 <<< CONVERGED
    EQUIL ITER   1 COMPLETED.  OLD TRIANG MATRIX.  MAX DOF INC= -0.2315E-04
     FORCE CONVERGENCE VALUE  =  0.7746E-13  CRITERION=  0.5000E-04 <<< CONVERGED
    >>> SOLUTION CONVERGED AFTER EQUILIBRIUM ITERATION   1
 *** LOAD STEP     1   SUBSTEP    38  COMPLETED.    CUM ITER =     48
 *** TIME =  0.380000         TIME INC =  0.100000E-01
 *** MAX VISCOELASTIC STRAIN STEP = 0.3519E-05

     FORCE CONVERGENCE VALUE  =  0.4290E-06  CRITERION=  0.5000E-04
     DISP CONVERGENCE VALUE   =  0.2266E-04  CRITERION=  0.9634E-04 <<< CONVERGED
    EQUIL ITER   1 COMPLETED.  OLD TRIANG MATRIX.  MAX DOF INC= -0.2266E-04
     FORCE CONVERGENCE VALUE  =  0.9103E-13  CRITERION=  0.5000E-04 <<< CONVERGED
    >>> SOLUTION CONVERGED AFTER EQUILIBRIUM ITERATION   1
 *** LOAD STEP     1   SUBSTEP    39  COMPLETED.    CUM ITER =     49
 *** TIME =  0.390000         TIME INC =  0.100000E-01
 *** MAX VISCOELASTIC STRAIN STEP = 0.3560E-05

     FORCE CONVERGENCE VALUE  =  0.3917E-06  CRITERION=  0.5000E-04
     DISP CONVERGENCE VALUE   =  0.2219E-04  CRITERION=  0.9745E-04 <<< CONVERGED
    EQUIL ITER   1 COMPLETED.  OLD TRIANG MATRIX.  MAX DOF INC= -0.2219E-04
     FORCE CONVERGENCE VALUE  =  0.7170E-13  CRITERION=  0.5000E-04 <<< CONVERGED
    >>> SOLUTION CONVERGED AFTER EQUILIBRIUM ITERATION   1
 *** LOAD STEP     1   SUBSTEP    40  COMPLETED.    CUM ITER =     50
 *** TIME =  0.400000         TIME INC =  0.100000E-01
 *** MAX VISCOELASTIC STRAIN STEP = 0.3601E-05

     FORCE CONVERGENCE VALUE  =  0.3565E-06  CRITERION=  0.5000E-04
     DISP CONVERGENCE VALUE   =  0.2174E-04  CRITERION=  0.9854E-04 <<< CONVERGED
    EQUIL ITER   1 COMPLETED.  OLD TRIANG MATRIX.  MAX DOF INC= -0.2174E-04
     FORCE CONVERGENCE VALUE  =  0.8016E-13  CRITERION=  0.5000E-04 <<< CONVERGED
    >>> SOLUTION CONVERGED AFTER EQUILIBRIUM ITERATION   1
 *** LOAD STEP     1   SUBSTEP    41  COMPLETED.    CUM ITER =     51
 *** TIME =  0.410000         TIME INC =  0.100000E-01
 *** MAX VISCOELASTIC STRAIN STEP = 0.3641E-05

     FORCE CONVERGENCE VALUE  =  0.3238E-06  CRITERION=  0.5000E-04
     DISP CONVERGENCE VALUE   =  0.2130E-04  CRITERION=  0.9960E-04 <<< CONVERGED
    EQUIL ITER   1 COMPLETED.  OLD TRIANG MATRIX.  MAX DOF INC= -0.2130E-04
     FORCE CONVERGENCE VALUE  =  0.8859E-13  CRITERION=  0.5000E-04 <<< CONVERGED
    >>> SOLUTION CONVERGED AFTER EQUILIBRIUM ITERATION   1
 *** LOAD STEP     1   SUBSTEP    42  COMPLETED.    CUM ITER =     52
 *** TIME =  0.420000         TIME INC =  0.100000E-01
 *** MAX VISCOELASTIC STRAIN STEP = 0.3679E-05

     FORCE CONVERGENCE VALUE  =  0.2938E-06  CRITERION=  0.5000E-04
     DISP CONVERGENCE VALUE   =  0.2087E-04  CRITERION=  0.1006E-03 <<< CONVERGED
    EQUIL ITER   1 COMPLETED.  OLD TRIANG MATRIX.  MAX DOF INC= -0.2087E-04
     FORCE CONVERGENCE VALUE  =  0.7941E-13  CRITERION=  0.5000E-04 <<< CONVERGED
    >>> SOLUTION CONVERGED AFTER EQUILIBRIUM ITERATION   1
 *** LOAD STEP     1   SUBSTEP    43  COMPLETED.    CUM ITER =     53
 *** TIME =  0.430000         TIME INC =  0.100000E-01
 *** MAX VISCOELASTIC STRAIN STEP = 0.3717E-05

     FORCE CONVERGENCE VALUE  =  0.2670E-06  CRITERION=  0.5000E-04
     DISP CONVERGENCE VALUE   =  0.2046E-04  CRITERION=  0.1017E-03 <<< CONVERGED
    EQUIL ITER   1 COMPLETED.  OLD TRIANG MATRIX.  MAX DOF INC= -0.2046E-04
     FORCE CONVERGENCE VALUE  =  0.8500E-13  CRITERION=  0.5000E-04 <<< CONVERGED
    >>> SOLUTION CONVERGED AFTER EQUILIBRIUM ITERATION   1
 *** LOAD STEP     1   SUBSTEP    44  COMPLETED.    CUM ITER =     54
 *** TIME =  0.440000         TIME INC =  0.100000E-01
 *** MAX VISCOELASTIC STRAIN STEP = 0.3754E-05

     FORCE CONVERGENCE VALUE  =  0.2437E-06  CRITERION=  0.5000E-04
     DISP CONVERGENCE VALUE   =  0.2007E-04  CRITERION=  0.1027E-03 <<< CONVERGED
    EQUIL ITER   1 COMPLETED.  OLD TRIANG MATRIX.  MAX DOF INC= -0.2007E-04
     FORCE CONVERGENCE VALUE  =  0.8156E-13  CRITERION=  0.5000E-04 <<< CONVERGED
    >>> SOLUTION CONVERGED AFTER EQUILIBRIUM ITERATION   1
 *** LOAD STEP     1   SUBSTEP    45  COMPLETED.    CUM ITER =     55
 *** TIME =  0.450000         TIME INC =  0.100000E-01
 *** MAX VISCOELASTIC STRAIN STEP = 0.3790E-05

     FORCE CONVERGENCE VALUE  =  0.2247E-06  CRITERION=  0.5000E-04
     DISP CONVERGENCE VALUE   =  0.1969E-04  CRITERION=  0.1037E-03 <<< CONVERGED
    EQUIL ITER   1 COMPLETED.  OLD TRIANG MATRIX.  MAX DOF INC= -0.1969E-04
     FORCE CONVERGENCE VALUE  =  0.9699E-13  CRITERION=  0.5000E-04 <<< CONVERGED
    >>> SOLUTION CONVERGED AFTER EQUILIBRIUM ITERATION   1
 *** LOAD STEP     1   SUBSTEP    46  COMPLETED.    CUM ITER =     56
 *** TIME =  0.460000         TIME INC =  0.100000E-01
 *** MAX VISCOELASTIC STRAIN STEP = 0.3825E-05

     FORCE CONVERGENCE VALUE  =  0.2103E-06  CRITERION=  0.5000E-04
     DISP CONVERGENCE VALUE   =  0.1932E-04  CRITERION=  0.1046E-03 <<< CONVERGED
    EQUIL ITER   1 COMPLETED.  OLD TRIANG MATRIX.  MAX DOF INC= -0.1932E-04
     FORCE CONVERGENCE VALUE  =  0.1044E-12  CRITERION=  0.5000E-04 <<< CONVERGED
    >>> SOLUTION CONVERGED AFTER EQUILIBRIUM ITERATION   1
 *** LOAD STEP     1   SUBSTEP    47  COMPLETED.    CUM ITER =     57
 *** TIME =  0.470000         TIME INC =  0.100000E-01
 *** MAX VISCOELASTIC STRAIN STEP = 0.3860E-05

     FORCE CONVERGENCE VALUE  =  0.2011E-06  CRITERION=  0.5000E-04
     DISP CONVERGENCE VALUE   =  0.1896E-04  CRITERION=  0.1056E-03 <<< CONVERGED
    EQUIL ITER   1 COMPLETED.  OLD TRIANG MATRIX.  MAX DOF INC= -0.1896E-04
     FORCE CONVERGENCE VALUE  =  0.9224E-13  CRITERION=  0.5000E-04 <<< CONVERGED
    >>> SOLUTION CONVERGED AFTER EQUILIBRIUM ITERATION   1
 *** LOAD STEP     1   SUBSTEP    48  COMPLETED.    CUM ITER =     58
 *** TIME =  0.480000         TIME INC =  0.100000E-01
 *** MAX VISCOELASTIC STRAIN STEP = 0.3893E-05

     FORCE CONVERGENCE VALUE  =  0.1972E-06  CRITERION=  0.5000E-04
     DISP CONVERGENCE VALUE   =  0.1861E-04  CRITERION=  0.1065E-03 <<< CONVERGED
    EQUIL ITER   1 COMPLETED.  OLD TRIANG MATRIX.  MAX DOF INC= -0.1861E-04
     FORCE CONVERGENCE VALUE  =  0.1087E-12  CRITERION=  0.5000E-04 <<< CONVERGED
    >>> SOLUTION CONVERGED AFTER EQUILIBRIUM ITERATION   1
 *** LOAD STEP     1   SUBSTEP    49  COMPLETED.    CUM ITER =     59
 *** TIME =  0.490000         TIME INC =  0.100000E-01
 *** MAX VISCOELASTIC STRAIN STEP = 0.3926E-05

     FORCE CONVERGENCE VALUE  =  0.1985E-06  CRITERION=  0.5000E-04
     DISP CONVERGENCE VALUE   =  0.1828E-04  CRITERION=  0.1074E-03 <<< CONVERGED
    EQUIL ITER   1 COMPLETED.  OLD TRIANG MATRIX.  MAX DOF INC= -0.1828E-04
     FORCE CONVERGENCE VALUE  =  0.1093E-12  CRITERION=  0.5000E-04 <<< CONVERGED
    >>> SOLUTION CONVERGED AFTER EQUILIBRIUM ITERATION   1
 *** LOAD STEP     1   SUBSTEP    50  COMPLETED.    CUM ITER =     60
 *** TIME =  0.500000         TIME INC =  0.100000E-01
 *** MAX VISCOELASTIC STRAIN STEP = 0.3959E-05

     FORCE CONVERGENCE VALUE  =  0.2045E-06  CRITERION=  0.5000E-04
     DISP CONVERGENCE VALUE   =  0.1795E-04  CRITERION=  0.1083E-03 <<< CONVERGED
    EQUIL ITER   1 COMPLETED.  OLD TRIANG MATRIX.  MAX DOF INC= -0.1795E-04
     FORCE CONVERGENCE VALUE  =  0.1076E-12  CRITERION=  0.5000E-04 <<< CONVERGED
    >>> SOLUTION CONVERGED AFTER EQUILIBRIUM ITERATION   1
 *** LOAD STEP     1   SUBSTEP    51  COMPLETED.    CUM ITER =     61
 *** TIME =  0.510000         TIME INC =  0.100000E-01
 *** MAX VISCOELASTIC STRAIN STEP = 0.3990E-05

     FORCE CONVERGENCE VALUE  =  0.2142E-06  CRITERION=  0.5000E-04
     DISP CONVERGENCE VALUE   =  0.1764E-04  CRITERION=  0.1092E-03 <<< CONVERGED
    EQUIL ITER   1 COMPLETED.  OLD TRIANG MATRIX.  MAX DOF INC= -0.1764E-04
     FORCE CONVERGENCE VALUE  =  0.9712E-13  CRITERION=  0.5000E-04 <<< CONVERGED
    >>> SOLUTION CONVERGED AFTER EQUILIBRIUM ITERATION   1
 *** LOAD STEP     1   SUBSTEP    52  COMPLETED.    CUM ITER =     62
 *** TIME =  0.520000         TIME INC =  0.100000E-01
 *** MAX VISCOELASTIC STRAIN STEP = 0.4021E-05

     FORCE CONVERGENCE VALUE  =  0.2270E-06  CRITERION=  0.5000E-04
     DISP CONVERGENCE VALUE   =  0.1733E-04  CRITERION=  0.1101E-03 <<< CONVERGED
    EQUIL ITER   1 COMPLETED.  OLD TRIANG MATRIX.  MAX DOF INC= -0.1733E-04
     FORCE CONVERGENCE VALUE  =  0.1184E-12  CRITERION=  0.5000E-04 <<< CONVERGED
    >>> SOLUTION CONVERGED AFTER EQUILIBRIUM ITERATION   1
 *** LOAD STEP     1   SUBSTEP    53  COMPLETED.    CUM ITER =     63
 *** TIME =  0.530000         TIME INC =  0.100000E-01
 *** MAX VISCOELASTIC STRAIN STEP = 0.4051E-05

     FORCE CONVERGENCE VALUE  =  0.2419E-06  CRITERION=  0.5000E-04
     DISP CONVERGENCE VALUE   =  0.1704E-04  CRITERION=  0.1109E-03 <<< CONVERGED
    EQUIL ITER   1 COMPLETED.  OLD TRIANG MATRIX.  MAX DOF INC= -0.1704E-04
     FORCE CONVERGENCE VALUE  =  0.1251E-12  CRITERION=  0.5000E-04 <<< CONVERGED
    >>> SOLUTION CONVERGED AFTER EQUILIBRIUM ITERATION   1
 *** LOAD STEP     1   SUBSTEP    54  COMPLETED.    CUM ITER =     64
 *** TIME =  0.540000         TIME INC =  0.100000E-01
 *** MAX VISCOELASTIC STRAIN STEP = 0.4081E-05

     FORCE CONVERGENCE VALUE  =  0.2584E-06  CRITERION=  0.5000E-04
     DISP CONVERGENCE VALUE   =  0.1675E-04  CRITERION=  0.1118E-03 <<< CONVERGED
    EQUIL ITER   1 COMPLETED.  OLD TRIANG MATRIX.  MAX DOF INC= -0.1675E-04
     FORCE CONVERGENCE VALUE  =  0.1156E-12  CRITERION=  0.5000E-04 <<< CONVERGED
    >>> SOLUTION CONVERGED AFTER EQUILIBRIUM ITERATION   1
 *** LOAD STEP     1   SUBSTEP    55  COMPLETED.    CUM ITER =     65
 *** TIME =  0.550000         TIME INC =  0.100000E-01
 *** MAX VISCOELASTIC STRAIN STEP = 0.4109E-05

     FORCE CONVERGENCE VALUE  =  0.2760E-06  CRITERION=  0.5000E-04
     DISP CONVERGENCE VALUE   =  0.1647E-04  CRITERION=  0.1126E-03 <<< CONVERGED
    EQUIL ITER   1 COMPLETED.  OLD TRIANG MATRIX.  MAX DOF INC= -0.1647E-04
     FORCE CONVERGENCE VALUE  =  0.1302E-12  CRITERION=  0.5000E-04 <<< CONVERGED
    >>> SOLUTION CONVERGED AFTER EQUILIBRIUM ITERATION   1
 *** LOAD STEP     1   SUBSTEP    56  COMPLETED.    CUM ITER =     66
 *** TIME =  0.560000         TIME INC =  0.100000E-01
 *** MAX VISCOELASTIC STRAIN STEP = 0.4138E-05

     FORCE CONVERGENCE VALUE  =  0.2942E-06  CRITERION=  0.5000E-04
     DISP CONVERGENCE VALUE   =  0.1620E-04  CRITERION=  0.1134E-03 <<< CONVERGED
    EQUIL ITER   1 COMPLETED.  OLD TRIANG MATRIX.  MAX DOF INC= -0.1620E-04
     FORCE CONVERGENCE VALUE  =  0.1272E-12  CRITERION=  0.5000E-04 <<< CONVERGED
    >>> SOLUTION CONVERGED AFTER EQUILIBRIUM ITERATION   1
 *** LOAD STEP     1   SUBSTEP    57  COMPLETED.    CUM ITER =     67
 *** TIME =  0.570000         TIME INC =  0.100000E-01
 *** MAX VISCOELASTIC STRAIN STEP = 0.4166E-05

     FORCE CONVERGENCE VALUE  =  0.3127E-06  CRITERION=  0.5039E-04
     DISP CONVERGENCE VALUE   =  0.1594E-04  CRITERION=  0.1142E-03 <<< CONVERGED
    EQUIL ITER   1 COMPLETED.  OLD TRIANG MATRIX.  MAX DOF INC= -0.1594E-04
     FORCE CONVERGENCE VALUE  =  0.1385E-12  CRITERION=  0.5043E-04 <<< CONVERGED
    >>> SOLUTION CONVERGED AFTER EQUILIBRIUM ITERATION   1
 *** LOAD STEP     1   SUBSTEP    58  COMPLETED.    CUM ITER =     68
 *** TIME =  0.580000         TIME INC =  0.100000E-01
 *** MAX VISCOELASTIC STRAIN STEP = 0.4193E-05

     FORCE CONVERGENCE VALUE  =  0.3314E-06  CRITERION=  0.5124E-04
     DISP CONVERGENCE VALUE   =  0.1569E-04  CRITERION=  0.1150E-03 <<< CONVERGED
    EQUIL ITER   1 COMPLETED.  OLD TRIANG MATRIX.  MAX DOF INC= -0.1569E-04
     FORCE CONVERGENCE VALUE  =  0.1346E-12  CRITERION=  0.5129E-04 <<< CONVERGED
    >>> SOLUTION CONVERGED AFTER EQUILIBRIUM ITERATION   1
 *** LOAD STEP     1   SUBSTEP    59  COMPLETED.    CUM ITER =     69
 *** TIME =  0.590000         TIME INC =  0.100000E-01
 *** MAX VISCOELASTIC STRAIN STEP = 0.4219E-05

     FORCE CONVERGENCE VALUE  =  0.3501E-06  CRITERION=  0.5210E-04
     DISP CONVERGENCE VALUE   =  0.1544E-04  CRITERION=  0.1157E-03 <<< CONVERGED
    EQUIL ITER   1 COMPLETED.  OLD TRIANG MATRIX.  MAX DOF INC= -0.1544E-04
     FORCE CONVERGENCE VALUE  =  0.1605E-12  CRITERION=  0.5214E-04 <<< CONVERGED
    >>> SOLUTION CONVERGED AFTER EQUILIBRIUM ITERATION   1
 *** LOAD STEP     1   SUBSTEP    60  COMPLETED.    CUM ITER =     70
 *** TIME =  0.600000         TIME INC =  0.100000E-01
 *** MAX VISCOELASTIC STRAIN STEP = 0.4245E-05

     FORCE CONVERGENCE VALUE  =  0.3686E-06  CRITERION=  0.5296E-04
     DISP CONVERGENCE VALUE   =  0.1520E-04  CRITERION=  0.1165E-03 <<< CONVERGED
    EQUIL ITER   1 COMPLETED.  OLD TRIANG MATRIX.  MAX DOF INC= -0.1520E-04
     FORCE CONVERGENCE VALUE  =  0.1205E-12  CRITERION=  0.5300E-04 <<< CONVERGED
    >>> SOLUTION CONVERGED AFTER EQUILIBRIUM ITERATION   1
 *** LOAD STEP     1   SUBSTEP    61  COMPLETED.    CUM ITER =     71
 *** TIME =  0.610000         TIME INC =  0.100000E-01
 *** MAX VISCOELASTIC STRAIN STEP = 0.4271E-05

     FORCE CONVERGENCE VALUE  =  0.3869E-06  CRITERION=  0.5382E-04
     DISP CONVERGENCE VALUE   =  0.1497E-04  CRITERION=  0.1172E-03 <<< CONVERGED
    EQUIL ITER   1 COMPLETED.  OLD TRIANG MATRIX.  MAX DOF INC= -0.1497E-04
     FORCE CONVERGENCE VALUE  =  0.1516E-12  CRITERION=  0.5385E-04 <<< CONVERGED
    >>> SOLUTION CONVERGED AFTER EQUILIBRIUM ITERATION   1
 *** LOAD STEP     1   SUBSTEP    62  COMPLETED.    CUM ITER =     72
 *** TIME =  0.620000         TIME INC =  0.100000E-01
 *** MAX VISCOELASTIC STRAIN STEP = 0.4296E-05

     FORCE CONVERGENCE VALUE  =  0.4049E-06  CRITERION=  0.5467E-04
     DISP CONVERGENCE VALUE   =  0.1474E-04  CRITERION=  0.1180E-03 <<< CONVERGED
    EQUIL ITER   1 COMPLETED.  OLD TRIANG MATRIX.  MAX DOF INC= -0.1474E-04
     FORCE CONVERGENCE VALUE  =  0.1434E-12  CRITERION=  0.5471E-04 <<< CONVERGED
    >>> SOLUTION CONVERGED AFTER EQUILIBRIUM ITERATION   1
 *** LOAD STEP     1   SUBSTEP    63  COMPLETED.    CUM ITER =     73
 *** TIME =  0.630000         TIME INC =  0.100000E-01
 *** MAX VISCOELASTIC STRAIN STEP = 0.4321E-05

     FORCE CONVERGENCE VALUE  =  0.4226E-06  CRITERION=  0.5553E-04
     DISP CONVERGENCE VALUE   =  0.1452E-04  CRITERION=  0.1187E-03 <<< CONVERGED
    EQUIL ITER   1 COMPLETED.  OLD TRIANG MATRIX.  MAX DOF INC= -0.1452E-04
     FORCE CONVERGENCE VALUE  =  0.1526E-12  CRITERION=  0.5556E-04 <<< CONVERGED
    >>> SOLUTION CONVERGED AFTER EQUILIBRIUM ITERATION   1
 *** LOAD STEP     1   SUBSTEP    64  COMPLETED.    CUM ITER =     74
 *** TIME =  0.640000         TIME INC =  0.100000E-01
 *** MAX VISCOELASTIC STRAIN STEP = 0.4345E-05

     FORCE CONVERGENCE VALUE  =  0.4399E-06  CRITERION=  0.5638E-04
     DISP CONVERGENCE VALUE   =  0.1431E-04  CRITERION=  0.1194E-03 <<< CONVERGED
    EQUIL ITER   1 COMPLETED.  OLD TRIANG MATRIX.  MAX DOF INC= -0.1431E-04
     FORCE CONVERGENCE VALUE  =  0.1299E-12  CRITERION=  0.5642E-04 <<< CONVERGED
    >>> SOLUTION CONVERGED AFTER EQUILIBRIUM ITERATION   1
 *** LOAD STEP     1   SUBSTEP    65  COMPLETED.    CUM ITER =     75
 *** TIME =  0.650000         TIME INC =  0.100000E-01
 *** MAX VISCOELASTIC STRAIN STEP = 0.4369E-05

     FORCE CONVERGENCE VALUE  =  0.4568E-06  CRITERION=  0.5723E-04
     DISP CONVERGENCE VALUE   =  0.1410E-04  CRITERION=  0.1201E-03 <<< CONVERGED
    EQUIL ITER   1 COMPLETED.  OLD TRIANG MATRIX.  MAX DOF INC= -0.1410E-04
     FORCE CONVERGENCE VALUE  =  0.1637E-12  CRITERION=  0.5727E-04 <<< CONVERGED
    >>> SOLUTION CONVERGED AFTER EQUILIBRIUM ITERATION   1
 *** LOAD STEP     1   SUBSTEP    66  COMPLETED.    CUM ITER =     76
 *** TIME =  0.660000         TIME INC =  0.100000E-01
 *** MAX VISCOELASTIC STRAIN STEP = 0.4392E-05

     FORCE CONVERGENCE VALUE  =  0.4733E-06  CRITERION=  0.5809E-04
     DISP CONVERGENCE VALUE   =  0.1390E-04  CRITERION=  0.1208E-03 <<< CONVERGED
    EQUIL ITER   1 COMPLETED.  OLD TRIANG MATRIX.  MAX DOF INC= -0.1390E-04
     FORCE CONVERGENCE VALUE  =  0.1541E-12  CRITERION=  0.5812E-04 <<< CONVERGED
    >>> SOLUTION CONVERGED AFTER EQUILIBRIUM ITERATION   1
 *** LOAD STEP     1   SUBSTEP    67  COMPLETED.    CUM ITER =     77
 *** TIME =  0.670000         TIME INC =  0.100000E-01
 *** MAX VISCOELASTIC STRAIN STEP = 0.4415E-05

     FORCE CONVERGENCE VALUE  =  0.4894E-06  CRITERION=  0.5894E-04
     DISP CONVERGENCE VALUE   =  0.1370E-04  CRITERION=  0.1215E-03 <<< CONVERGED
    EQUIL ITER   1 COMPLETED.  OLD TRIANG MATRIX.  MAX DOF INC= -0.1370E-04
     FORCE CONVERGENCE VALUE  =  0.1486E-12  CRITERION=  0.5897E-04 <<< CONVERGED
    >>> SOLUTION CONVERGED AFTER EQUILIBRIUM ITERATION   1
 *** LOAD STEP     1   SUBSTEP    68  COMPLETED.    CUM ITER =     78
 *** TIME =  0.680000         TIME INC =  0.100000E-01
 *** MAX VISCOELASTIC STRAIN STEP = 0.4437E-05

     FORCE CONVERGENCE VALUE  =  0.5051E-06  CRITERION=  0.5979E-04
     DISP CONVERGENCE VALUE   =  0.1351E-04  CRITERION=  0.1222E-03 <<< CONVERGED
    EQUIL ITER   1 COMPLETED.  OLD TRIANG MATRIX.  MAX DOF INC= -0.1351E-04
     FORCE CONVERGENCE VALUE  =  0.1376E-12  CRITERION=  0.5982E-04 <<< CONVERGED
    >>> SOLUTION CONVERGED AFTER EQUILIBRIUM ITERATION   1
 *** LOAD STEP     1   SUBSTEP    69  COMPLETED.    CUM ITER =     79
 *** TIME =  0.690000         TIME INC =  0.100000E-01
 *** MAX VISCOELASTIC STRAIN STEP = 0.4459E-05

     FORCE CONVERGENCE VALUE  =  0.5203E-06  CRITERION=  0.6064E-04
     DISP CONVERGENCE VALUE   =  0.1333E-04  CRITERION=  0.1229E-03 <<< CONVERGED
    EQUIL ITER   1 COMPLETED.  OLD TRIANG MATRIX.  MAX DOF INC= -0.1333E-04
     FORCE CONVERGENCE VALUE  =  0.1824E-12  CRITERION=  0.6068E-04 <<< CONVERGED
    >>> SOLUTION CONVERGED AFTER EQUILIBRIUM ITERATION   1
 *** LOAD STEP     1   SUBSTEP    70  COMPLETED.    CUM ITER =     80
 *** TIME =  0.700000         TIME INC =  0.100000E-01
 *** MAX VISCOELASTIC STRAIN STEP = 0.4481E-05

     FORCE CONVERGENCE VALUE  =  0.5351E-06  CRITERION=  0.6149E-04
     DISP CONVERGENCE VALUE   =  0.1315E-04  CRITERION=  0.1235E-03 <<< CONVERGED
    EQUIL ITER   1 COMPLETED.  OLD TRIANG MATRIX.  MAX DOF INC= -0.1315E-04
     FORCE CONVERGENCE VALUE  =  0.1528E-12  CRITERION=  0.6152E-04 <<< CONVERGED
    >>> SOLUTION CONVERGED AFTER EQUILIBRIUM ITERATION   1
 *** LOAD STEP     1   SUBSTEP    71  COMPLETED.    CUM ITER =     81
 *** TIME =  0.710000         TIME INC =  0.100000E-01
 *** MAX VISCOELASTIC STRAIN STEP = 0.4502E-05

     FORCE CONVERGENCE VALUE  =  0.5495E-06  CRITERION=  0.6234E-04
     DISP CONVERGENCE VALUE   =  0.1297E-04  CRITERION=  0.1242E-03 <<< CONVERGED
    EQUIL ITER   1 COMPLETED.  OLD TRIANG MATRIX.  MAX DOF INC= -0.1297E-04
     FORCE CONVERGENCE VALUE  =  0.1621E-12  CRITERION=  0.6237E-04 <<< CONVERGED
    >>> SOLUTION CONVERGED AFTER EQUILIBRIUM ITERATION   1
 *** LOAD STEP     1   SUBSTEP    72  COMPLETED.    CUM ITER =     82
 *** TIME =  0.720000         TIME INC =  0.100000E-01
 *** MAX VISCOELASTIC STRAIN STEP = 0.4523E-05

     FORCE CONVERGENCE VALUE  =  0.5635E-06  CRITERION=  0.6319E-04
     DISP CONVERGENCE VALUE   =  0.1280E-04  CRITERION=  0.1248E-03 <<< CONVERGED
    EQUIL ITER   1 COMPLETED.  OLD TRIANG MATRIX.  MAX DOF INC= -0.1280E-04
     FORCE CONVERGENCE VALUE  =  0.1797E-12  CRITERION=  0.6322E-04 <<< CONVERGED
    >>> SOLUTION CONVERGED AFTER EQUILIBRIUM ITERATION   1
 *** LOAD STEP     1   SUBSTEP    73  COMPLETED.    CUM ITER =     83
 *** TIME =  0.730000         TIME INC =  0.100000E-01
 *** MAX VISCOELASTIC STRAIN STEP = 0.4543E-05

     FORCE CONVERGENCE VALUE  =  0.5771E-06  CRITERION=  0.6404E-04
     DISP CONVERGENCE VALUE   =  0.1263E-04  CRITERION=  0.1254E-03 <<< CONVERGED
    EQUIL ITER   1 COMPLETED.  OLD TRIANG MATRIX.  MAX DOF INC= -0.1263E-04
     FORCE CONVERGENCE VALUE  =  0.1699E-12  CRITERION=  0.6407E-04 <<< CONVERGED
    >>> SOLUTION CONVERGED AFTER EQUILIBRIUM ITERATION   1
 *** LOAD STEP     1   SUBSTEP    74  COMPLETED.    CUM ITER =     84
 *** TIME =  0.740000         TIME INC =  0.100000E-01
 *** MAX VISCOELASTIC STRAIN STEP = 0.4563E-05

     FORCE CONVERGENCE VALUE  =  0.5902E-06  CRITERION=  0.6488E-04
     DISP CONVERGENCE VALUE   =  0.1247E-04  CRITERION=  0.1261E-03 <<< CONVERGED
    EQUIL ITER   1 COMPLETED.  OLD TRIANG MATRIX.  MAX DOF INC= -0.1247E-04
     FORCE CONVERGENCE VALUE  =  0.2057E-12  CRITERION=  0.6492E-04 <<< CONVERGED
    >>> SOLUTION CONVERGED AFTER EQUILIBRIUM ITERATION   1
 *** LOAD STEP     1   SUBSTEP    75  COMPLETED.    CUM ITER =     85
 *** TIME =  0.750000         TIME INC =  0.100000E-01
 *** MAX VISCOELASTIC STRAIN STEP = 0.4583E-05

     FORCE CONVERGENCE VALUE  =  0.6030E-06  CRITERION=  0.6573E-04
     DISP CONVERGENCE VALUE   =  0.1231E-04  CRITERION=  0.1267E-03 <<< CONVERGED
    EQUIL ITER   1 COMPLETED.  OLD TRIANG MATRIX.  MAX DOF INC= -0.1231E-04
     FORCE CONVERGENCE VALUE  =  0.1899E-12  CRITERION=  0.6576E-04 <<< CONVERGED
    >>> SOLUTION CONVERGED AFTER EQUILIBRIUM ITERATION   1
 *** LOAD STEP     1   SUBSTEP    76  COMPLETED.    CUM ITER =     86
 *** TIME =  0.760000         TIME INC =  0.100000E-01
 *** MAX VISCOELASTIC STRAIN STEP = 0.4602E-05

     FORCE CONVERGENCE VALUE  =  0.6153E-06  CRITERION=  0.6658E-04
     DISP CONVERGENCE VALUE   =  0.1215E-04  CRITERION=  0.1273E-03 <<< CONVERGED
    EQUIL ITER   1 COMPLETED.  OLD TRIANG MATRIX.  MAX DOF INC= -0.1215E-04
     FORCE CONVERGENCE VALUE  =  0.1874E-12  CRITERION=  0.6661E-04 <<< CONVERGED
    >>> SOLUTION CONVERGED AFTER EQUILIBRIUM ITERATION   1
 *** LOAD STEP     1   SUBSTEP    77  COMPLETED.    CUM ITER =     87
 *** TIME =  0.770000         TIME INC =  0.100000E-01
 *** MAX VISCOELASTIC STRAIN STEP = 0.4622E-05

     FORCE CONVERGENCE VALUE  =  0.6273E-06  CRITERION=  0.6742E-04
     DISP CONVERGENCE VALUE   =  0.1200E-04  CRITERION=  0.1279E-03 <<< CONVERGED
    EQUIL ITER   1 COMPLETED.  OLD TRIANG MATRIX.  MAX DOF INC= -0.1200E-04
     FORCE CONVERGENCE VALUE  =  0.1828E-12  CRITERION=  0.6746E-04 <<< CONVERGED
    >>> SOLUTION CONVERGED AFTER EQUILIBRIUM ITERATION   1
 *** LOAD STEP     1   SUBSTEP    78  COMPLETED.    CUM ITER =     88
 *** TIME =  0.780000         TIME INC =  0.100000E-01
 *** MAX VISCOELASTIC STRAIN STEP = 0.4640E-05

     FORCE CONVERGENCE VALUE  =  0.6389E-06  CRITERION=  0.6827E-04
     DISP CONVERGENCE VALUE   =  0.1185E-04  CRITERION=  0.1285E-03 <<< CONVERGED
    EQUIL ITER   1 COMPLETED.  OLD TRIANG MATRIX.  MAX DOF INC= -0.1185E-04
     FORCE CONVERGENCE VALUE  =  0.1919E-12  CRITERION=  0.6830E-04 <<< CONVERGED
    >>> SOLUTION CONVERGED AFTER EQUILIBRIUM ITERATION   1
 *** LOAD STEP     1   SUBSTEP    79  COMPLETED.    CUM ITER =     89
 *** TIME =  0.790000         TIME INC =  0.100000E-01
 *** MAX VISCOELASTIC STRAIN STEP = 0.4659E-05

     FORCE CONVERGENCE VALUE  =  0.6501E-06  CRITERION=  0.6911E-04
     DISP CONVERGENCE VALUE   =  0.1171E-04  CRITERION=  0.1291E-03 <<< CONVERGED
    EQUIL ITER   1 COMPLETED.  OLD TRIANG MATRIX.  MAX DOF INC= -0.1171E-04
     FORCE CONVERGENCE VALUE  =  0.2361E-12  CRITERION=  0.6914E-04 <<< CONVERGED
    >>> SOLUTION CONVERGED AFTER EQUILIBRIUM ITERATION   1
 *** LOAD STEP     1   SUBSTEP    80  COMPLETED.    CUM ITER =     90
 *** TIME =  0.800000         TIME INC =  0.100000E-01
 *** MAX VISCOELASTIC STRAIN STEP = 0.4677E-05

     FORCE CONVERGENCE VALUE  =  0.6610E-06  CRITERION=  0.6996E-04
     DISP CONVERGENCE VALUE   =  0.1157E-04  CRITERION=  0.1296E-03 <<< CONVERGED
    EQUIL ITER   1 COMPLETED.  OLD TRIANG MATRIX.  MAX DOF INC= -0.1157E-04
     FORCE CONVERGENCE VALUE  =  0.2301E-12  CRITERION=  0.6999E-04 <<< CONVERGED
    >>> SOLUTION CONVERGED AFTER EQUILIBRIUM ITERATION   1
 *** LOAD STEP     1   SUBSTEP    81  COMPLETED.    CUM ITER =     91
 *** TIME =  0.810000         TIME INC =  0.100000E-01
 *** MAX VISCOELASTIC STRAIN STEP = 0.4695E-05

     FORCE CONVERGENCE VALUE  =  0.6715E-06  CRITERION=  0.7080E-04
     DISP CONVERGENCE VALUE   =  0.1143E-04  CRITERION=  0.1302E-03 <<< CONVERGED
    EQUIL ITER   1 COMPLETED.  OLD TRIANG MATRIX.  MAX DOF INC= -0.1143E-04
     FORCE CONVERGENCE VALUE  =  0.1934E-12  CRITERION=  0.7083E-04 <<< CONVERGED
    >>> SOLUTION CONVERGED AFTER EQUILIBRIUM ITERATION   1
 *** LOAD STEP     1   SUBSTEP    82  COMPLETED.    CUM ITER =     92
 *** TIME =  0.820000         TIME INC =  0.100000E-01
 *** MAX VISCOELASTIC STRAIN STEP = 0.4712E-05

     FORCE CONVERGENCE VALUE  =  0.6817E-06  CRITERION=  0.7164E-04
     DISP CONVERGENCE VALUE   =  0.1129E-04  CRITERION=  0.1308E-03 <<< CONVERGED
    EQUIL ITER   1 COMPLETED.  OLD TRIANG MATRIX.  MAX DOF INC= -0.1129E-04
     FORCE CONVERGENCE VALUE  =  0.2200E-12  CRITERION=  0.7167E-04 <<< CONVERGED
    >>> SOLUTION CONVERGED AFTER EQUILIBRIUM ITERATION   1
 *** LOAD STEP     1   SUBSTEP    83  COMPLETED.    CUM ITER =     93
 *** TIME =  0.830000         TIME INC =  0.100000E-01
 *** MAX VISCOELASTIC STRAIN STEP = 0.4730E-05

     FORCE CONVERGENCE VALUE  =  0.6915E-06  CRITERION=  0.7248E-04
     DISP CONVERGENCE VALUE   =  0.1116E-04  CRITERION=  0.1313E-03 <<< CONVERGED
    EQUIL ITER   1 COMPLETED.  OLD TRIANG MATRIX.  MAX DOF INC= -0.1116E-04
     FORCE CONVERGENCE VALUE  =  0.2212E-12  CRITERION=  0.7252E-04 <<< CONVERGED
    >>> SOLUTION CONVERGED AFTER EQUILIBRIUM ITERATION   1
 *** LOAD STEP     1   SUBSTEP    84  COMPLETED.    CUM ITER =     94
 *** TIME =  0.840000         TIME INC =  0.100000E-01
 *** MAX VISCOELASTIC STRAIN STEP = 0.4747E-05

     FORCE CONVERGENCE VALUE  =  0.7010E-06  CRITERION=  0.7333E-04
     DISP CONVERGENCE VALUE   =  0.1103E-04  CRITERION=  0.1319E-03 <<< CONVERGED
    EQUIL ITER   1 COMPLETED.  OLD TRIANG MATRIX.  MAX DOF INC= -0.1103E-04
     FORCE CONVERGENCE VALUE  =  0.2090E-12  CRITERION=  0.7336E-04 <<< CONVERGED
    >>> SOLUTION CONVERGED AFTER EQUILIBRIUM ITERATION   1
 *** LOAD STEP     1   SUBSTEP    85  COMPLETED.    CUM ITER =     95
 *** TIME =  0.850000         TIME INC =  0.100000E-01
 *** MAX VISCOELASTIC STRAIN STEP = 0.4764E-05

     FORCE CONVERGENCE VALUE  =  0.7102E-06  CRITERION=  0.7417E-04
     DISP CONVERGENCE VALUE   =  0.1091E-04  CRITERION=  0.1324E-03 <<< CONVERGED
    EQUIL ITER   1 COMPLETED.  OLD TRIANG MATRIX.  MAX DOF INC= -0.1091E-04
     FORCE CONVERGENCE VALUE  =  0.2698E-12  CRITERION=  0.7420E-04 <<< CONVERGED
    >>> SOLUTION CONVERGED AFTER EQUILIBRIUM ITERATION   1
 *** LOAD STEP     1   SUBSTEP    86  COMPLETED.    CUM ITER =     96
 *** TIME =  0.860000         TIME INC =  0.100000E-01
 *** MAX VISCOELASTIC STRAIN STEP = 0.4780E-05

     FORCE CONVERGENCE VALUE  =  0.7191E-06  CRITERION=  0.7501E-04
     DISP CONVERGENCE VALUE   =  0.1078E-04  CRITERION=  0.1330E-03 <<< CONVERGED
    EQUIL ITER   1 COMPLETED.  OLD TRIANG MATRIX.  MAX DOF INC= -0.1078E-04
     FORCE CONVERGENCE VALUE  =  0.2515E-12  CRITERION=  0.7504E-04 <<< CONVERGED
    >>> SOLUTION CONVERGED AFTER EQUILIBRIUM ITERATION   1
 *** LOAD STEP     1   SUBSTEP    87  COMPLETED.    CUM ITER =     97
 *** TIME =  0.870000         TIME INC =  0.100000E-01
 *** MAX VISCOELASTIC STRAIN STEP = 0.4796E-05

     FORCE CONVERGENCE VALUE  =  0.7277E-06  CRITERION=  0.7585E-04
     DISP CONVERGENCE VALUE   =  0.1066E-04  CRITERION=  0.1335E-03 <<< CONVERGED
    EQUIL ITER   1 COMPLETED.  OLD TRIANG MATRIX.  MAX DOF INC= -0.1066E-04
     FORCE CONVERGENCE VALUE  =  0.2456E-12  CRITERION=  0.7588E-04 <<< CONVERGED
    >>> SOLUTION CONVERGED AFTER EQUILIBRIUM ITERATION   1
 *** LOAD STEP     1   SUBSTEP    88  COMPLETED.    CUM ITER =     98
 *** TIME =  0.880000         TIME INC =  0.100000E-01
 *** MAX VISCOELASTIC STRAIN STEP = 0.4812E-05

     FORCE CONVERGENCE VALUE  =  0.7360E-06  CRITERION=  0.7669E-04
     DISP CONVERGENCE VALUE   =  0.1055E-04  CRITERION=  0.1340E-03 <<< CONVERGED
    EQUIL ITER   1 COMPLETED.  OLD TRIANG MATRIX.  MAX DOF INC= -0.1055E-04
     FORCE CONVERGENCE VALUE  =  0.2693E-12  CRITERION=  0.7672E-04 <<< CONVERGED
    >>> SOLUTION CONVERGED AFTER EQUILIBRIUM ITERATION   1
 *** LOAD STEP     1   SUBSTEP    89  COMPLETED.    CUM ITER =     99
 *** TIME =  0.890000         TIME INC =  0.100000E-01
 *** MAX VISCOELASTIC STRAIN STEP = 0.4828E-05

     FORCE CONVERGENCE VALUE  =  0.7440E-06  CRITERION=  0.7753E-04
     DISP CONVERGENCE VALUE   =  0.1043E-04  CRITERION=  0.1345E-03 <<< CONVERGED
    EQUIL ITER   1 COMPLETED.  OLD TRIANG MATRIX.  MAX DOF INC= -0.1043E-04
     FORCE CONVERGENCE VALUE  =  0.2719E-12  CRITERION=  0.7756E-04 <<< CONVERGED
    >>> SOLUTION CONVERGED AFTER EQUILIBRIUM ITERATION   1
 *** LOAD STEP     1   SUBSTEP    90  COMPLETED.    CUM ITER =    100
 *** TIME =  0.900000         TIME INC =  0.100000E-01
 *** MAX VISCOELASTIC STRAIN STEP = 0.4844E-05

     FORCE CONVERGENCE VALUE  =  0.7518E-06  CRITERION=  0.7837E-04
     DISP CONVERGENCE VALUE   =  0.1032E-04  CRITERION=  0.1351E-03 <<< CONVERGED
    EQUIL ITER   1 COMPLETED.  OLD TRIANG MATRIX.  MAX DOF INC= -0.1032E-04
     FORCE CONVERGENCE VALUE  =  0.2550E-12  CRITERION=  0.7840E-04 <<< CONVERGED
    >>> SOLUTION CONVERGED AFTER EQUILIBRIUM ITERATION   1
 *** LOAD STEP     1   SUBSTEP    91  COMPLETED.    CUM ITER =    101
 *** TIME =  0.910000         TIME INC =  0.100000E-01
 *** MAX VISCOELASTIC STRAIN STEP = 0.4859E-05

     FORCE CONVERGENCE VALUE  =  0.7592E-06  CRITERION=  0.7921E-04
     DISP CONVERGENCE VALUE   =  0.1021E-04  CRITERION=  0.1356E-03 <<< CONVERGED
    EQUIL ITER   1 COMPLETED.  OLD TRIANG MATRIX.  MAX DOF INC= -0.1021E-04
     FORCE CONVERGENCE VALUE  =  0.2667E-12  CRITERION=  0.7924E-04 <<< CONVERGED
    >>> SOLUTION CONVERGED AFTER EQUILIBRIUM ITERATION   1
 *** LOAD STEP     1   SUBSTEP    92  COMPLETED.    CUM ITER =    102
 *** TIME =  0.920000         TIME INC =  0.100000E-01
 *** MAX VISCOELASTIC STRAIN STEP = 0.4874E-05

     FORCE CONVERGENCE VALUE  =  0.7665E-06  CRITERION=  0.8004E-04
     DISP CONVERGENCE VALUE   =  0.1010E-04  CRITERION=  0.1361E-03 <<< CONVERGED
    EQUIL ITER   1 COMPLETED.  OLD TRIANG MATRIX.  MAX DOF INC= -0.1010E-04
     FORCE CONVERGENCE VALUE  =  0.2437E-12  CRITERION=  0.8007E-04 <<< CONVERGED
    >>> SOLUTION CONVERGED AFTER EQUILIBRIUM ITERATION   1
 *** LOAD STEP     1   SUBSTEP    93  COMPLETED.    CUM ITER =    103
 *** TIME =  0.930000         TIME INC =  0.100000E-01
 *** MAX VISCOELASTIC STRAIN STEP = 0.4889E-05

     FORCE CONVERGENCE VALUE  =  0.7734E-06  CRITERION=  0.8088E-04
     DISP CONVERGENCE VALUE   =  0.9996E-05  CRITERION=  0.1366E-03 <<< CONVERGED
    EQUIL ITER   1 COMPLETED.  OLD TRIANG MATRIX.  MAX DOF INC= -0.9996E-05
     FORCE CONVERGENCE VALUE  =  0.2575E-12  CRITERION=  0.8091E-04 <<< CONVERGED
    >>> SOLUTION CONVERGED AFTER EQUILIBRIUM ITERATION   1
 *** LOAD STEP     1   SUBSTEP    94  COMPLETED.    CUM ITER =    104
 *** TIME =  0.940000         TIME INC =  0.100000E-01
 *** MAX VISCOELASTIC STRAIN STEP = 0.4903E-05

     FORCE CONVERGENCE VALUE  =  0.7801E-06  CRITERION=  0.8172E-04
     DISP CONVERGENCE VALUE   =  0.9893E-05  CRITERION=  0.1371E-03 <<< CONVERGED
    EQUIL ITER   1 COMPLETED.  OLD TRIANG MATRIX.  MAX DOF INC= -0.9893E-05
     FORCE CONVERGENCE VALUE  =  0.2652E-12  CRITERION=  0.8175E-04 <<< CONVERGED
    >>> SOLUTION CONVERGED AFTER EQUILIBRIUM ITERATION   1
 *** LOAD STEP     1   SUBSTEP    95  COMPLETED.    CUM ITER =    105
 *** TIME =  0.950000         TIME INC =  0.100000E-01
 *** MAX VISCOELASTIC STRAIN STEP = 0.4918E-05

     FORCE CONVERGENCE VALUE  =  0.7866E-06  CRITERION=  0.8256E-04
     DISP CONVERGENCE VALUE   =  0.9791E-05  CRITERION=  0.1376E-03 <<< CONVERGED
    EQUIL ITER   1 COMPLETED.  OLD TRIANG MATRIX.  MAX DOF INC= -0.9791E-05
     FORCE CONVERGENCE VALUE  =  0.2784E-12  CRITERION=  0.8258E-04 <<< CONVERGED
    >>> SOLUTION CONVERGED AFTER EQUILIBRIUM ITERATION   1
 *** LOAD STEP     1   SUBSTEP    96  COMPLETED.    CUM ITER =    106
 *** TIME =  0.960000         TIME INC =  0.100000E-01
 *** MAX VISCOELASTIC STRAIN STEP = 0.4932E-05

     FORCE CONVERGENCE VALUE  =  0.7928E-06  CRITERION=  0.8339E-04
     DISP CONVERGENCE VALUE   =  0.9692E-05  CRITERION=  0.1380E-03 <<< CONVERGED
    EQUIL ITER   1 COMPLETED.  OLD TRIANG MATRIX.  MAX DOF INC= -0.9692E-05
     FORCE CONVERGENCE VALUE  =  0.3146E-12  CRITERION=  0.8342E-04 <<< CONVERGED
    >>> SOLUTION CONVERGED AFTER EQUILIBRIUM ITERATION   1
 *** LOAD STEP     1   SUBSTEP    97  COMPLETED.    CUM ITER =    107
 *** TIME =  0.970000         TIME INC =  0.100000E-01
 *** MAX VISCOELASTIC STRAIN STEP = 0.4946E-05

     FORCE CONVERGENCE VALUE  =  0.7988E-06  CRITERION=  0.8423E-04
     DISP CONVERGENCE VALUE   =  0.9595E-05  CRITERION=  0.1385E-03 <<< CONVERGED
    EQUIL ITER   1 COMPLETED.  OLD TRIANG MATRIX.  MAX DOF INC= -0.9595E-05
     FORCE CONVERGENCE VALUE  =  0.2903E-12  CRITERION=  0.8426E-04 <<< CONVERGED
    >>> SOLUTION CONVERGED AFTER EQUILIBRIUM ITERATION   1
 *** LOAD STEP     1   SUBSTEP    98  COMPLETED.    CUM ITER =    108
 *** TIME =  0.980000         TIME INC =  0.100000E-01
 *** MAX VISCOELASTIC STRAIN STEP = 0.4960E-05

     FORCE CONVERGENCE VALUE  =  0.8046E-06  CRITERION=  0.8506E-04
     DISP CONVERGENCE VALUE   =  0.9500E-05  CRITERION=  0.1390E-03 <<< CONVERGED
    EQUIL ITER   1 COMPLETED.  OLD TRIANG MATRIX.  MAX DOF INC= -0.9500E-05
     FORCE CONVERGENCE VALUE  =  0.2809E-12  CRITERION=  0.8509E-04 <<< CONVERGED
    >>> SOLUTION CONVERGED AFTER EQUILIBRIUM ITERATION   1
 *** LOAD STEP     1   SUBSTEP    99  COMPLETED.    CUM ITER =    109
 *** TIME =  0.990000         TIME INC =  0.100000E-01
 *** MAX VISCOELASTIC STRAIN STEP = 0.4973E-05

     FORCE CONVERGENCE VALUE  =  0.8102E-06  CRITERION=  0.8590E-04
     DISP CONVERGENCE VALUE   =  0.9406E-05  CRITERION=  0.1395E-03 <<< CONVERGED
    EQUIL ITER   1 COMPLETED.  OLD TRIANG MATRIX.  MAX DOF INC= -0.9406E-05
     FORCE CONVERGENCE VALUE  =  0.3359E-12  CRITERION=  0.8593E-04 <<< CONVERGED
    >>> SOLUTION CONVERGED AFTER EQUILIBRIUM ITERATION   1
 *** LOAD STEP     1   SUBSTEP   100  COMPLETED.    CUM ITER =    110
 *** TIME =   1.00000         TIME INC =  0.100000E-01
 *** MAX VISCOELASTIC STRAIN STEP = 0.4987E-05


 *** MAPDL BINARY FILE STATISTICS
  BUFFER SIZE USED= 16384
        2.875 MB WRITTEN ON ELEMENT SAVED DATA FILE: stage10_structural.esav
        0.188 MB WRITTEN ON ASSEMBLED MATRIX FILE: stage10_structural.full
        0.625 MB WRITTEN ON RESULTS FILE: stage10_structural.rst

 TIME=  31.000    

 USE INITIAL TIME STEP SIZE OF 0.1000000     FOR ALL  DEGREES OF FREEDOM
 FOR AUTOMATIC TIME STEPPING:
   USE 0.1000000     AS THE MINIMUM TIME STEP SIZE
   USE 0.1000000     AS THE MAXIMUM TIME STEP SIZE

 *****  MAPDL SOLVE    COMMAND  *****

 *** NOTE ***                            ELAPSED TIME =      25.158   TIME= 20:27:58
 This nonlinear analysis defaults to using the initial stiffness         
 Newton-Raphson solution procedure.  This can be modified using the      
 NROPT command.                                                          

 *** MAPDL - ENGINEERING ANALYSIS SYSTEM  RELEASE 2026 R1          26.1     ***
 Ansys Mechanical Enterprise Academic Student      
 01055371  VERSION=WINDOWS x64   20:27:58  SEP 14, 2026 Elapsed Time=     25.165

 Stage 10 isothermal discretization verification                               



                      L O A D   S T E P   O P T I O N S

   LOAD STEP NUMBER. . . . . . . . . . . . . . . .     2
   TIME AT END OF THE LOAD STEP. . . . . . . . . .  31.000    
   TIME STEP SIZE. . . . . . . . . . . . . . . . . 0.10000    
   MAXIMUM NUMBER OF EQUILIBRIUM ITERATIONS. . . .    15
   STEP CHANGE BOUNDARY CONDITIONS . . . . . . . .    NO
   TERMINATE ANALYSIS IF NOT CONVERGED . . . . . .YES (EXIT)  
   CONVERGENCE CONTROLS. . . . . . . . . . . . . .USE DEFAULTS
   PRINT OUTPUT CONTROLS . . . . . . . . . . . . .NO PRINTOUT
   DATABASE OUTPUT CONTROLS
      ITEM     FREQUENCY   COMPONENT
       ALL       LAST               


 SOLUTION MONITORING INFO IS WRITTEN TO FILE= stage10_structural.mntr                                                                                                                                                                                                                                             

     FORCE CONVERGENCE VALUE  =  0.1872E-03  CRITERION=  0.6219E-04
     DISP CONVERGENCE VALUE   =  0.8677E-02  CRITERION=  0.4339E-03
    EQUIL ITER   1 COMPLETED.  OLD TRIANG MATRIX.  MAX DOF INC= -0.8677E-02
     FORCE CONVERGENCE VALUE  =  0.6218E-04  CRITERION=  0.7052E-04 <<< CONVERGED
     DISP CONVERGENCE VALUE   =  0.5747E-02  CRITERION=  0.7212E-03
    EQUIL ITER   2 COMPLETED.  OLD TRIANG MATRIX.  MAX DOF INC= -0.5747E-02
     FORCE CONVERGENCE VALUE  =  0.6881E-04  CRITERION=  0.7587E-04 <<< CONVERGED
     DISP CONVERGENCE VALUE   =  0.3828E-02  CRITERION=  0.9126E-03
    EQUIL ITER   3 COMPLETED.  OLD TRIANG MATRIX.  MAX DOF INC= -0.3828E-02
     FORCE CONVERGENCE VALUE  =  0.8102E-04  CRITERION=  0.7932E-04
     DISP CONVERGENCE VALUE   =  0.2564E-02  CRITERION=  0.1041E-02
    EQUIL ITER   4 COMPLETED.  OLD TRIANG MATRIX.  MAX DOF INC= -0.2564E-02
     FORCE CONVERGENCE VALUE  =  0.7819E-04  CRITERION=  0.8155E-04 <<< CONVERGED
     DISP CONVERGENCE VALUE   =  0.1725E-02  CRITERION=  0.1127E-02
    EQUIL ITER   5 COMPLETED.  OLD TRIANG MATRIX.  MAX DOF INC= -0.1725E-02
     FORCE CONVERGENCE VALUE  =  0.6800E-04  CRITERION=  0.8300E-04 <<< CONVERGED
     DISP CONVERGENCE VALUE   =  0.1166E-02  CRITERION=  0.1185E-02 <<< CONVERGED
    EQUIL ITER   6 COMPLETED.  OLD TRIANG MATRIX.  MAX DOF INC = -0.1166E-02
    >>> SOLUTION CONVERGED AFTER EQUILIBRIUM ITERATION   6
 *** LOAD STEP     2   SUBSTEP     1  COMPLETED.    CUM ITER =    116
 *** TIME =   1.10000         TIME INC =  0.100000    
 *** MAX VISCOELASTIC STRAIN STEP = 0.4283E-04

     FORCE CONVERGENCE VALUE  =  0.1271E-04  CRITERION=  0.8863E-04
     DISP CONVERGENCE VALUE   =  0.1202E-02  CRITERION=  0.1185E-02
    EQUIL ITER   1 COMPLETED.  OLD TRIANG MATRIX.  MAX DOF INC=  0.1202E-02
     FORCE CONVERGENCE VALUE  =  0.1591E-04  CRITERION=  0.8751E-04 <<< CONVERGED
     DISP CONVERGENCE VALUE   =  0.8009E-03  CRITERION=  0.1185E-02 <<< CONVERGED
    EQUIL ITER   2 COMPLETED.  OLD TRIANG MATRIX.  MAX DOF INC =  0.8009E-03
    >>> SOLUTION CONVERGED AFTER EQUILIBRIUM ITERATION   2
 *** LOAD STEP     2   SUBSTEP     2  COMPLETED.    CUM ITER =    118
 *** TIME =   1.20000         TIME INC =  0.100000    
 *** MAX VISCOELASTIC STRAIN STEP = 0.3989E-04

     FORCE CONVERGENCE VALUE  =  0.1087E-03  CRITERION=  0.9069E-04
     DISP CONVERGENCE VALUE   =  0.2288E-02  CRITERION=  0.1185E-02
    EQUIL ITER   1 COMPLETED.  OLD TRIANG MATRIX.  MAX DOF INC=  0.2288E-02
     FORCE CONVERGENCE VALUE  =  0.9344E-04  CRITERION=  0.8877E-04
     DISP CONVERGENCE VALUE   =  0.1548E-02  CRITERION=  0.1185E-02
    EQUIL ITER   2 COMPLETED.  OLD TRIANG MATRIX.  MAX DOF INC=  0.1548E-02
     FORCE CONVERGENCE VALUE  =  0.7600E-04  CRITERION=  0.8751E-04 <<< CONVERGED
     DISP CONVERGENCE VALUE   =  0.1052E-02  CRITERION=  0.1185E-02 <<< CONVERGED
    EQUIL ITER   3 COMPLETED.  OLD TRIANG MATRIX.  MAX DOF INC =  0.1052E-02
    >>> SOLUTION CONVERGED AFTER EQUILIBRIUM ITERATION   3
 *** LOAD STEP     2   SUBSTEP     3  COMPLETED.    CUM ITER =    121
 *** TIME =   1.30000         TIME INC =  0.100000    
 *** MAX VISCOELASTIC STRAIN STEP = 0.3105E-04

     FORCE CONVERGENCE VALUE  =  0.1401E-03  CRITERION=  0.8861E-04
     DISP CONVERGENCE VALUE   =  0.1719E-02  CRITERION=  0.1185E-02
    EQUIL ITER   1 COMPLETED.  OLD TRIANG MATRIX.  MAX DOF INC=  0.1719E-02
     FORCE CONVERGENCE VALUE  =  0.1076E-03  CRITERION=  0.8728E-04
     DISP CONVERGENCE VALUE   =  0.1176E-02  CRITERION=  0.1185E-02 <<< CONVERGED
    EQUIL ITER   2 COMPLETED.  OLD TRIANG MATRIX.  MAX DOF INC=  0.1176E-02
     FORCE CONVERGENCE VALUE  =  0.8122E-04  CRITERION=  0.8639E-04 <<< CONVERGED
    >>> SOLUTION CONVERGED AFTER EQUILIBRIUM ITERATION   2
 *** LOAD STEP     2   SUBSTEP     4  COMPLETED.    CUM ITER =    123
 *** TIME =   1.40000         TIME INC =  0.100000    
 *** MAX VISCOELASTIC STRAIN STEP = 0.2286E-04

     FORCE CONVERGENCE VALUE  =  0.1365E-03  CRITERION=  0.8765E-04
     DISP CONVERGENCE VALUE   =  0.1507E-02  CRITERION=  0.1185E-02
    EQUIL ITER   1 COMPLETED.  OLD TRIANG MATRIX.  MAX DOF INC=  0.1507E-02
     FORCE CONVERGENCE VALUE  =  0.1032E-03  CRITERION=  0.8651E-04
     DISP CONVERGENCE VALUE   =  0.1033E-02  CRITERION=  0.1185E-02 <<< CONVERGED
    EQUIL ITER   2 COMPLETED.  OLD TRIANG MATRIX.  MAX DOF INC=  0.1033E-02
     FORCE CONVERGENCE VALUE  =  0.7687E-04  CRITERION=  0.8575E-04 <<< CONVERGED
    >>> SOLUTION CONVERGED AFTER EQUILIBRIUM ITERATION   2
 *** LOAD STEP     2   SUBSTEP     5  COMPLETED.    CUM ITER =    125
 *** TIME =   1.50000         TIME INC =  0.100000    
 *** MAX VISCOELASTIC STRAIN STEP = 0.1746E-04

     FORCE CONVERGENCE VALUE  =  0.1052E-03  CRITERION=  0.8647E-04
     DISP CONVERGENCE VALUE   =  0.1150E-02  CRITERION=  0.1185E-02 <<< CONVERGED
    EQUIL ITER   1 COMPLETED.  OLD TRIANG MATRIX.  MAX DOF INC=  0.1150E-02
     FORCE CONVERGENCE VALUE  =  0.7938E-04  CRITERION=  0.8561E-04 <<< CONVERGED
    >>> SOLUTION CONVERGED AFTER EQUILIBRIUM ITERATION   1
 *** LOAD STEP     2   SUBSTEP     6  COMPLETED.    CUM ITER =    126
 *** TIME =   1.60000         TIME INC =  0.100000    
 *** MAX VISCOELASTIC STRAIN STEP = 0.1495E-04

     FORCE CONVERGENCE VALUE  =  0.9586E-04  CRITERION=  0.8631E-04
     DISP CONVERGENCE VALUE   =  0.1181E-02  CRITERION=  0.1185E-02 <<< CONVERGED
    EQUIL ITER   1 COMPLETED.  OLD TRIANG MATRIX.  MAX DOF INC=  0.1181E-02
     FORCE CONVERGENCE VALUE  =  0.7372E-04  CRITERION=  0.8541E-04 <<< CONVERGED
    >>> SOLUTION CONVERGED AFTER EQUILIBRIUM ITERATION   1
 *** LOAD STEP     2   SUBSTEP     7  COMPLETED.    CUM ITER =    127
 *** TIME =   1.70000         TIME INC =  0.100000    
 *** MAX VISCOELASTIC STRAIN STEP = 0.1343E-04

     FORCE CONVERGENCE VALUE  =  0.7896E-04  CRITERION=  0.8596E-04
     DISP CONVERGENCE VALUE   =  0.1107E-02  CRITERION=  0.1185E-02 <<< CONVERGED
    EQUIL ITER   1 COMPLETED.  OLD TRIANG MATRIX.  MAX DOF INC=  0.1107E-02
     FORCE CONVERGENCE VALUE  =  0.6209E-04  CRITERION=  0.8510E-04 <<< CONVERGED
    >>> SOLUTION CONVERGED AFTER EQUILIBRIUM ITERATION   1
 *** LOAD STEP     2   SUBSTEP     8  COMPLETED.    CUM ITER =    128
 *** TIME =   1.80000         TIME INC =  0.100000    
 *** MAX VISCOELASTIC STRAIN STEP = 0.1250E-04

     FORCE CONVERGENCE VALUE  =  0.5862E-04  CRITERION=  0.8549E-04
     DISP CONVERGENCE VALUE   =  0.9624E-03  CRITERION=  0.1185E-02 <<< CONVERGED
    EQUIL ITER   1 COMPLETED.  OLD TRIANG MATRIX.  MAX DOF INC=  0.9624E-03
     FORCE CONVERGENCE VALUE  =  0.4748E-04  CRITERION=  0.8473E-04 <<< CONVERGED
    >>> SOLUTION CONVERGED AFTER EQUILIBRIUM ITERATION   1
 *** LOAD STEP     2   SUBSTEP     9  COMPLETED.    CUM ITER =    129
 *** TIME =   1.90000         TIME INC =  0.100000    
 *** MAX VISCOELASTIC STRAIN STEP = 0.1166E-04

     FORCE CONVERGENCE VALUE  =  0.3813E-04  CRITERION=  0.8498E-04
     DISP CONVERGENCE VALUE   =  0.7879E-03  CRITERION=  0.1185E-02 <<< CONVERGED
    EQUIL ITER   1 COMPLETED.  OLD TRIANG MATRIX.  MAX DOF INC=  0.7879E-03
     FORCE CONVERGENCE VALUE  =  0.3235E-04  CRITERION=  0.8435E-04 <<< CONVERGED
    >>> SOLUTION CONVERGED AFTER EQUILIBRIUM ITERATION   1
 *** LOAD STEP     2   SUBSTEP    10  COMPLETED.    CUM ITER =    130
 *** TIME =   2.00000         TIME INC =  0.100000    
 *** MAX VISCOELASTIC STRAIN STEP = 0.1092E-04

     FORCE CONVERGENCE VALUE  =  0.2108E-04  CRITERION=  0.8451E-04
     DISP CONVERGENCE VALUE   =  0.6146E-03  CRITERION=  0.1185E-02 <<< CONVERGED
    EQUIL ITER   1 COMPLETED.  OLD TRIANG MATRIX.  MAX DOF INC=  0.6146E-03
     FORCE CONVERGENCE VALUE  =  0.1890E-04  CRITERION=  0.8399E-04 <<< CONVERGED
    >>> SOLUTION CONVERGED AFTER EQUILIBRIUM ITERATION   1
 *** LOAD STEP     2   SUBSTEP    11  COMPLETED.    CUM ITER =    131
 *** TIME =   2.10000         TIME INC =  0.100000    
 *** MAX VISCOELASTIC STRAIN STEP = 0.1029E-04

     FORCE CONVERGENCE VALUE  =  0.1546E-04  CRITERION=  0.8411E-04
     DISP CONVERGENCE VALUE   =  0.4623E-03  CRITERION=  0.1185E-02 <<< CONVERGED
    EQUIL ITER   1 COMPLETED.  OLD TRIANG MATRIX.  MAX DOF INC=  0.4623E-03
     FORCE CONVERGENCE VALUE  =  0.1083E-04  CRITERION=  0.8370E-04 <<< CONVERGED
    >>> SOLUTION CONVERGED AFTER EQUILIBRIUM ITERATION   1
 *** LOAD STEP     2   SUBSTEP    12  COMPLETED.    CUM ITER =    132
 *** TIME =   2.20000         TIME INC =  0.100000    
 *** MAX VISCOELASTIC STRAIN STEP = 0.9770E-05

     FORCE CONVERGENCE VALUE  =  0.2274E-04  CRITERION=  0.8379E-04
     DISP CONVERGENCE VALUE   =  0.3406E-03  CRITERION=  0.1185E-02 <<< CONVERGED
    EQUIL ITER   1 COMPLETED.  OLD TRIANG MATRIX.  MAX DOF INC=  0.3406E-03
     FORCE CONVERGENCE VALUE  =  0.1276E-04  CRITERION=  0.8347E-04 <<< CONVERGED
    >>> SOLUTION CONVERGED AFTER EQUILIBRIUM ITERATION   1
 *** LOAD STEP     2   SUBSTEP    13  COMPLETED.    CUM ITER =    133
 *** TIME =   2.30000         TIME INC =  0.100000    
 *** MAX VISCOELASTIC STRAIN STEP = 0.9331E-05

     FORCE CONVERGENCE VALUE  =  0.3093E-04  CRITERION=  0.8356E-04
     DISP CONVERGENCE VALUE   =  0.2511E-03  CRITERION=  0.1185E-02 <<< CONVERGED
    EQUIL ITER   1 COMPLETED.  OLD TRIANG MATRIX.  MAX DOF INC=  0.2511E-03
     FORCE CONVERGENCE VALUE  =  0.1802E-04  CRITERION=  0.8329E-04 <<< CONVERGED
    >>> SOLUTION CONVERGED AFTER EQUILIBRIUM ITERATION   1
 *** LOAD STEP     2   SUBSTEP    14  COMPLETED.    CUM ITER =    134
 *** TIME =   2.40000         TIME INC =  0.100000    
 *** MAX VISCOELASTIC STRAIN STEP = 0.8954E-05

     FORCE CONVERGENCE VALUE  =  0.3648E-04  CRITERION=  0.8340E-04
     DISP CONVERGENCE VALUE   =  0.1909E-03  CRITERION=  0.1185E-02 <<< CONVERGED
    EQUIL ITER   1 COMPLETED.  OLD TRIANG MATRIX.  MAX DOF INC=  0.1909E-03
     FORCE CONVERGENCE VALUE  =  0.2192E-04  CRITERION=  0.8317E-04 <<< CONVERGED
    >>> SOLUTION CONVERGED AFTER EQUILIBRIUM ITERATION   1
 *** LOAD STEP     2   SUBSTEP    15  COMPLETED.    CUM ITER =    135
 *** TIME =   2.50000         TIME INC =  0.100000    
 *** MAX VISCOELASTIC STRAIN STEP = 0.8623E-05

     FORCE CONVERGENCE VALUE  =  0.3917E-04  CRITERION=  0.8329E-04
     DISP CONVERGENCE VALUE   =  0.1543E-03  CRITERION=  0.1185E-02 <<< CONVERGED
    EQUIL ITER   1 COMPLETED.  OLD TRIANG MATRIX.  MAX DOF INC=  0.1543E-03
     FORCE CONVERGENCE VALUE  =  0.2390E-04  CRITERION=  0.8309E-04 <<< CONVERGED
    >>> SOLUTION CONVERGED AFTER EQUILIBRIUM ITERATION   1
 *** LOAD STEP     2   SUBSTEP    16  COMPLETED.    CUM ITER =    136
 *** TIME =   2.60000         TIME INC =  0.100000    
 *** MAX VISCOELASTIC STRAIN STEP = 0.8322E-05

     FORCE CONVERGENCE VALUE  =  0.3950E-04  CRITERION=  0.8323E-04
     DISP CONVERGENCE VALUE   =  0.1350E-03  CRITERION=  0.1185E-02 <<< CONVERGED
    EQUIL ITER   1 COMPLETED.  OLD TRIANG MATRIX.  MAX DOF INC=  0.1350E-03
     FORCE CONVERGENCE VALUE  =  0.2424E-04  CRITERION=  0.8304E-04 <<< CONVERGED
    >>> SOLUTION CONVERGED AFTER EQUILIBRIUM ITERATION   1
 *** LOAD STEP     2   SUBSTEP    17  COMPLETED.    CUM ITER =    137
 *** TIME =   2.70000         TIME INC =  0.100000    
 *** MAX VISCOELASTIC STRAIN STEP = 0.8042E-05

     FORCE CONVERGENCE VALUE  =  0.3818E-04  CRITERION=  0.8319E-04
     DISP CONVERGENCE VALUE   =  0.1270E-03  CRITERION=  0.1185E-02 <<< CONVERGED
    EQUIL ITER   1 COMPLETED.  OLD TRIANG MATRIX.  MAX DOF INC=  0.1270E-03
     FORCE CONVERGENCE VALUE  =  0.2342E-04  CRITERION=  0.8301E-04 <<< CONVERGED
    >>> SOLUTION CONVERGED AFTER EQUILIBRIUM ITERATION   1
 *** LOAD STEP     2   SUBSTEP    18  COMPLETED.    CUM ITER =    138
 *** TIME =   2.80000         TIME INC =  0.100000    
 *** MAX VISCOELASTIC STRAIN STEP = 0.7776E-05

     FORCE CONVERGENCE VALUE  =  0.3589E-04  CRITERION=  0.8316E-04
     DISP CONVERGENCE VALUE   =  0.1253E-03  CRITERION=  0.1185E-02 <<< CONVERGED
    EQUIL ITER   1 COMPLETED.  OLD TRIANG MATRIX.  MAX DOF INC=  0.1253E-03
     FORCE CONVERGENCE VALUE  =  0.2193E-04  CRITERION=  0.8298E-04 <<< CONVERGED
    >>> SOLUTION CONVERGED AFTER EQUILIBRIUM ITERATION   1
 *** LOAD STEP     2   SUBSTEP    19  COMPLETED.    CUM ITER =    139
 *** TIME =   2.90000         TIME INC =  0.100000    
 *** MAX VISCOELASTIC STRAIN STEP = 0.7518E-05

     FORCE CONVERGENCE VALUE  =  0.3321E-04  CRITERION=  0.8314E-04
     DISP CONVERGENCE VALUE   =  0.1264E-03  CRITERION=  0.1185E-02 <<< CONVERGED
    EQUIL ITER   1 COMPLETED.  OLD TRIANG MATRIX.  MAX DOF INC=  0.1264E-03
     FORCE CONVERGENCE VALUE  =  0.2017E-04  CRITERION=  0.8297E-04 <<< CONVERGED
    >>> SOLUTION CONVERGED AFTER EQUILIBRIUM ITERATION   1
 *** LOAD STEP     2   SUBSTEP    20  COMPLETED.    CUM ITER =    140
 *** TIME =   3.00000         TIME INC =  0.100000    
 *** MAX VISCOELASTIC STRAIN STEP = 0.7268E-05

     FORCE CONVERGENCE VALUE  =  0.3058E-04  CRITERION=  0.8312E-04
     DISP CONVERGENCE VALUE   =  0.1277E-03  CRITERION=  0.1185E-02 <<< CONVERGED
    EQUIL ITER   1 COMPLETED.  OLD TRIANG MATRIX.  MAX DOF INC=  0.1277E-03
     FORCE CONVERGENCE VALUE  =  0.1842E-04  CRITERION=  0.8295E-04 <<< CONVERGED
    >>> SOLUTION CONVERGED AFTER EQUILIBRIUM ITERATION   1
 *** LOAD STEP     2   SUBSTEP    21  COMPLETED.    CUM ITER =    141
 *** TIME =   3.10000         TIME INC =  0.100000    
 *** MAX VISCOELASTIC STRAIN STEP = 0.7025E-05

     FORCE CONVERGENCE VALUE  =  0.2825E-04  CRITERION=  0.8310E-04
     DISP CONVERGENCE VALUE   =  0.1278E-03  CRITERION=  0.1185E-02 <<< CONVERGED
    EQUIL ITER   1 COMPLETED.  OLD TRIANG MATRIX.  MAX DOF INC=  0.1278E-03
     FORCE CONVERGENCE VALUE  =  0.1689E-04  CRITERION=  0.8293E-04 <<< CONVERGED
    >>> SOLUTION CONVERGED AFTER EQUILIBRIUM ITERATION   1
 *** LOAD STEP     2   SUBSTEP    22  COMPLETED.    CUM ITER =    142
 *** TIME =   3.20000         TIME INC =  0.100000    
 *** MAX VISCOELASTIC STRAIN STEP = 0.6789E-05

     FORCE CONVERGENCE VALUE  =  0.2634E-04  CRITERION=  0.8308E-04
     DISP CONVERGENCE VALUE   =  0.1262E-03  CRITERION=  0.1185E-02 <<< CONVERGED
    EQUIL ITER   1 COMPLETED.  OLD TRIANG MATRIX.  MAX DOF INC=  0.1262E-03
     FORCE CONVERGENCE VALUE  =  0.1565E-04  CRITERION=  0.8291E-04 <<< CONVERGED
    >>> SOLUTION CONVERGED AFTER EQUILIBRIUM ITERATION   1
 *** LOAD STEP     2   SUBSTEP    23  COMPLETED.    CUM ITER =    143
 *** TIME =   3.30000         TIME INC =  0.100000    
 *** MAX VISCOELASTIC STRAIN STEP = 0.6559E-05

     FORCE CONVERGENCE VALUE  =  0.2487E-04  CRITERION=  0.8305E-04
     DISP CONVERGENCE VALUE   =  0.1227E-03  CRITERION=  0.1185E-02 <<< CONVERGED
    EQUIL ITER   1 COMPLETED.  OLD TRIANG MATRIX.  MAX DOF INC=  0.1227E-03
     FORCE CONVERGENCE VALUE  =  0.1471E-04  CRITERION=  0.8290E-04 <<< CONVERGED
    >>> SOLUTION CONVERGED AFTER EQUILIBRIUM ITERATION   1
 *** LOAD STEP     2   SUBSTEP    24  COMPLETED.    CUM ITER =    144
 *** TIME =   3.40000         TIME INC =  0.100000    
 *** MAX VISCOELASTIC STRAIN STEP = 0.6337E-05

     FORCE CONVERGENCE VALUE  =  0.2379E-04  CRITERION=  0.8303E-04
     DISP CONVERGENCE VALUE   =  0.1178E-03  CRITERION=  0.1185E-02 <<< CONVERGED
    EQUIL ITER   1 COMPLETED.  OLD TRIANG MATRIX.  MAX DOF INC=  0.1178E-03
     FORCE CONVERGENCE VALUE  =  0.1404E-04  CRITERION=  0.8287E-04 <<< CONVERGED
    >>> SOLUTION CONVERGED AFTER EQUILIBRIUM ITERATION   1
 *** LOAD STEP     2   SUBSTEP    25  COMPLETED.    CUM ITER =    145
 *** TIME =   3.50000         TIME INC =  0.100000    
 *** MAX VISCOELASTIC STRAIN STEP = 0.6123E-05

     FORCE CONVERGENCE VALUE  =  0.2300E-04  CRITERION=  0.8300E-04
     DISP CONVERGENCE VALUE   =  0.1118E-03  CRITERION=  0.1185E-02 <<< CONVERGED
    EQUIL ITER   1 COMPLETED.  OLD TRIANG MATRIX.  MAX DOF INC=  0.1118E-03
     FORCE CONVERGENCE VALUE  =  0.1358E-04  CRITERION=  0.8285E-04 <<< CONVERGED
    >>> SOLUTION CONVERGED AFTER EQUILIBRIUM ITERATION   1
 *** LOAD STEP     2   SUBSTEP    26  COMPLETED.    CUM ITER =    146
 *** TIME =   3.60000         TIME INC =  0.100000    
 *** MAX VISCOELASTIC STRAIN STEP = 0.5917E-05

     FORCE CONVERGENCE VALUE  =  0.2241E-04  CRITERION=  0.8297E-04
     DISP CONVERGENCE VALUE   =  0.1054E-03  CRITERION=  0.1185E-02 <<< CONVERGED
    EQUIL ITER   1 COMPLETED.  OLD TRIANG MATRIX.  MAX DOF INC=  0.1054E-03
     FORCE CONVERGENCE VALUE  =  0.1325E-04  CRITERION=  0.8283E-04 <<< CONVERGED
    >>> SOLUTION CONVERGED AFTER EQUILIBRIUM ITERATION   1
 *** LOAD STEP     2   SUBSTEP    27  COMPLETED.    CUM ITER =    147
 *** TIME =   3.70000         TIME INC =  0.100000    
 *** MAX VISCOELASTIC STRAIN STEP = 0.5720E-05

     FORCE CONVERGENCE VALUE  =  0.2194E-04  CRITERION=  0.8294E-04
     DISP CONVERGENCE VALUE   =  0.9879E-04  CRITERION=  0.1185E-02 <<< CONVERGED
    EQUIL ITER   1 COMPLETED.  OLD TRIANG MATRIX.  MAX DOF INC=  0.9879E-04
     FORCE CONVERGENCE VALUE  =  0.1300E-04  CRITERION=  0.8281E-04 <<< CONVERGED
    >>> SOLUTION CONVERGED AFTER EQUILIBRIUM ITERATION   1
 *** LOAD STEP     2   SUBSTEP    28  COMPLETED.    CUM ITER =    148
 *** TIME =   3.80000         TIME INC =  0.100000    
 *** MAX VISCOELASTIC STRAIN STEP = 0.5531E-05

     FORCE CONVERGENCE VALUE  =  0.2150E-04  CRITERION=  0.8292E-04
     DISP CONVERGENCE VALUE   =  0.9246E-04  CRITERION=  0.1185E-02 <<< CONVERGED
    EQUIL ITER   1 COMPLETED.  OLD TRIANG MATRIX.  MAX DOF INC=  0.9246E-04
     FORCE CONVERGENCE VALUE  =  0.1277E-04  CRITERION=  0.8279E-04 <<< CONVERGED
    >>> SOLUTION CONVERGED AFTER EQUILIBRIUM ITERATION   1
 *** LOAD STEP     2   SUBSTEP    29  COMPLETED.    CUM ITER =    149
 *** TIME =   3.90000         TIME INC =  0.100000    
 *** MAX VISCOELASTIC STRAIN STEP = 0.5350E-05

     FORCE CONVERGENCE VALUE  =  0.2107E-04  CRITERION=  0.8289E-04
     DISP CONVERGENCE VALUE   =  0.8659E-04  CRITERION=  0.1185E-02 <<< CONVERGED
    EQUIL ITER   1 COMPLETED.  OLD TRIANG MATRIX.  MAX DOF INC=  0.8659E-04
     FORCE CONVERGENCE VALUE  =  0.1254E-04  CRITERION=  0.8277E-04 <<< CONVERGED
    >>> SOLUTION CONVERGED AFTER EQUILIBRIUM ITERATION   1
 *** LOAD STEP     2   SUBSTEP    30  COMPLETED.    CUM ITER =    150
 *** TIME =   4.00000         TIME INC =  0.100000    
 *** MAX VISCOELASTIC STRAIN STEP = 0.5176E-05

     FORCE CONVERGENCE VALUE  =  0.2060E-04  CRITERION=  0.8287E-04
     DISP CONVERGENCE VALUE   =  0.8131E-04  CRITERION=  0.1185E-02 <<< CONVERGED
    EQUIL ITER   1 COMPLETED.  OLD TRIANG MATRIX.  MAX DOF INC=  0.8131E-04
     FORCE CONVERGENCE VALUE  =  0.1229E-04  CRITERION=  0.8275E-04 <<< CONVERGED
    >>> SOLUTION CONVERGED AFTER EQUILIBRIUM ITERATION   1
 *** LOAD STEP     2   SUBSTEP    31  COMPLETED.    CUM ITER =    151
 *** TIME =   4.10000         TIME INC =  0.100000    
 *** MAX VISCOELASTIC STRAIN STEP = 0.5010E-05

     FORCE CONVERGENCE VALUE  =  0.2010E-04  CRITERION=  0.8285E-04
     DISP CONVERGENCE VALUE   =  0.7663E-04  CRITERION=  0.1185E-02 <<< CONVERGED
    EQUIL ITER   1 COMPLETED.  OLD TRIANG MATRIX.  MAX DOF INC=  0.7663E-04
     FORCE CONVERGENCE VALUE  =  0.1200E-04  CRITERION=  0.8274E-04 <<< CONVERGED
    >>> SOLUTION CONVERGED AFTER EQUILIBRIUM ITERATION   1
 *** LOAD STEP     2   SUBSTEP    32  COMPLETED.    CUM ITER =    152
 *** TIME =   4.20000         TIME INC =  0.100000    
 *** MAX VISCOELASTIC STRAIN STEP = 0.4850E-05

     FORCE CONVERGENCE VALUE  =  0.1955E-04  CRITERION=  0.8283E-04
     DISP CONVERGENCE VALUE   =  0.7254E-04  CRITERION=  0.1185E-02 <<< CONVERGED
    EQUIL ITER   1 COMPLETED.  OLD TRIANG MATRIX.  MAX DOF INC=  0.7254E-04
     FORCE CONVERGENCE VALUE  =  0.1169E-04  CRITERION=  0.8272E-04 <<< CONVERGED
    >>> SOLUTION CONVERGED AFTER EQUILIBRIUM ITERATION   1
 *** LOAD STEP     2   SUBSTEP    33  COMPLETED.    CUM ITER =    153
 *** TIME =   4.30000         TIME INC =  0.100000    
 *** MAX VISCOELASTIC STRAIN STEP = 0.4696E-05

     FORCE CONVERGENCE VALUE  =  0.1897E-04  CRITERION=  0.8281E-04
     DISP CONVERGENCE VALUE   =  0.6895E-04  CRITERION=  0.1185E-02 <<< CONVERGED
    EQUIL ITER   1 COMPLETED.  OLD TRIANG MATRIX.  MAX DOF INC=  0.6895E-04
     FORCE CONVERGENCE VALUE  =  0.1135E-04  CRITERION=  0.8271E-04 <<< CONVERGED
    >>> SOLUTION CONVERGED AFTER EQUILIBRIUM ITERATION   1
 *** LOAD STEP     2   SUBSTEP    34  COMPLETED.    CUM ITER =    154
 *** TIME =   4.40000         TIME INC =  0.100000    
 *** MAX VISCOELASTIC STRAIN STEP = 0.4548E-05

     FORCE CONVERGENCE VALUE  =  0.1838E-04  CRITERION=  0.8279E-04
     DISP CONVERGENCE VALUE   =  0.6579E-04  CRITERION=  0.1185E-02 <<< CONVERGED
    EQUIL ITER   1 COMPLETED.  OLD TRIANG MATRIX.  MAX DOF INC=  0.6579E-04
     FORCE CONVERGENCE VALUE  =  0.1100E-04  CRITERION=  0.8269E-04 <<< CONVERGED
    >>> SOLUTION CONVERGED AFTER EQUILIBRIUM ITERATION   1
 *** LOAD STEP     2   SUBSTEP    35  COMPLETED.    CUM ITER =    155
 *** TIME =   4.50000         TIME INC =  0.100000    
 *** MAX VISCOELASTIC STRAIN STEP = 0.4405E-05

     FORCE CONVERGENCE VALUE  =  0.1777E-04  CRITERION=  0.8278E-04
     DISP CONVERGENCE VALUE   =  0.6297E-04  CRITERION=  0.1185E-02 <<< CONVERGED
    EQUIL ITER   1 COMPLETED.  OLD TRIANG MATRIX.  MAX DOF INC=  0.6297E-04
     FORCE CONVERGENCE VALUE  =  0.1063E-04  CRITERION=  0.8268E-04 <<< CONVERGED
    >>> SOLUTION CONVERGED AFTER EQUILIBRIUM ITERATION   1
 *** LOAD STEP     2   SUBSTEP    36  COMPLETED.    CUM ITER =    156
 *** TIME =   4.60000         TIME INC =  0.100000    
 *** MAX VISCOELASTIC STRAIN STEP = 0.4268E-05

     FORCE CONVERGENCE VALUE  =  0.1717E-04  CRITERION=  0.8276E-04
     DISP CONVERGENCE VALUE   =  0.6040E-04  CRITERION=  0.1185E-02 <<< CONVERGED
    EQUIL ITER   1 COMPLETED.  OLD TRIANG MATRIX.  MAX DOF INC=  0.6040E-04
     FORCE CONVERGENCE VALUE  =  0.1027E-04  CRITERION=  0.8267E-04 <<< CONVERGED
    >>> SOLUTION CONVERGED AFTER EQUILIBRIUM ITERATION   1
 *** LOAD STEP     2   SUBSTEP    37  COMPLETED.    CUM ITER =    157
 *** TIME =   4.70000         TIME INC =  0.100000    
 *** MAX VISCOELASTIC STRAIN STEP = 0.4135E-05

     FORCE CONVERGENCE VALUE  =  0.1659E-04  CRITERION=  0.8275E-04
     DISP CONVERGENCE VALUE   =  0.5804E-04  CRITERION=  0.1185E-02 <<< CONVERGED
    EQUIL ITER   1 COMPLETED.  OLD TRIANG MATRIX.  MAX DOF INC=  0.5804E-04
     FORCE CONVERGENCE VALUE  =  0.9913E-05  CRITERION=  0.8266E-04 <<< CONVERGED
    >>> SOLUTION CONVERGED AFTER EQUILIBRIUM ITERATION   1
 *** LOAD STEP     2   SUBSTEP    38  COMPLETED.    CUM ITER =    158
 *** TIME =   4.80000         TIME INC =  0.100000    
 *** MAX VISCOELASTIC STRAIN STEP = 0.4007E-05

     FORCE CONVERGENCE VALUE  =  0.1601E-04  CRITERION=  0.8273E-04
     DISP CONVERGENCE VALUE   =  0.5582E-04  CRITERION=  0.1185E-02 <<< CONVERGED
    EQUIL ITER   1 COMPLETED.  OLD TRIANG MATRIX.  MAX DOF INC=  0.5582E-04
     FORCE CONVERGENCE VALUE  =  0.9566E-05  CRITERION=  0.8265E-04 <<< CONVERGED
    >>> SOLUTION CONVERGED AFTER EQUILIBRIUM ITERATION   1
 *** LOAD STEP     2   SUBSTEP    39  COMPLETED.    CUM ITER =    159
 *** TIME =   4.90000         TIME INC =  0.100000    
 *** MAX VISCOELASTIC STRAIN STEP = 0.3884E-05

     FORCE CONVERGENCE VALUE  =  0.1546E-04  CRITERION=  0.8272E-04
     DISP CONVERGENCE VALUE   =  0.5371E-04  CRITERION=  0.1185E-02 <<< CONVERGED
    EQUIL ITER   1 COMPLETED.  OLD TRIANG MATRIX.  MAX DOF INC=  0.5371E-04
     FORCE CONVERGENCE VALUE  =  0.9233E-05  CRITERION=  0.8264E-04 <<< CONVERGED
    >>> SOLUTION CONVERGED AFTER EQUILIBRIUM ITERATION   1
 *** LOAD STEP     2   SUBSTEP    40  COMPLETED.    CUM ITER =    160
 *** TIME =   5.00000         TIME INC =  0.100000    
 *** MAX VISCOELASTIC STRAIN STEP = 0.3764E-05

     FORCE CONVERGENCE VALUE  =  0.1494E-04  CRITERION=  0.8271E-04
     DISP CONVERGENCE VALUE   =  0.5170E-04  CRITERION=  0.1185E-02 <<< CONVERGED
    EQUIL ITER   1 COMPLETED.  OLD TRIANG MATRIX.  MAX DOF INC=  0.5170E-04
     FORCE CONVERGENCE VALUE  =  0.8913E-05  CRITERION=  0.8263E-04 <<< CONVERGED
    >>> SOLUTION CONVERGED AFTER EQUILIBRIUM ITERATION   1
 *** LOAD STEP     2   SUBSTEP    41  COMPLETED.    CUM ITER =    161
 *** TIME =   5.10000         TIME INC =  0.100000    
 *** MAX VISCOELASTIC STRAIN STEP = 0.3649E-05

     FORCE CONVERGENCE VALUE  =  0.1443E-04  CRITERION=  0.8269E-04
     DISP CONVERGENCE VALUE   =  0.4976E-04  CRITERION=  0.1185E-02 <<< CONVERGED
    EQUIL ITER   1 COMPLETED.  OLD TRIANG MATRIX.  MAX DOF INC=  0.4976E-04
     FORCE CONVERGENCE VALUE  =  0.8607E-05  CRITERION=  0.8262E-04 <<< CONVERGED
    >>> SOLUTION CONVERGED AFTER EQUILIBRIUM ITERATION   1
 *** LOAD STEP     2   SUBSTEP    42  COMPLETED.    CUM ITER =    162
 *** TIME =   5.20000         TIME INC =  0.100000    
 *** MAX VISCOELASTIC STRAIN STEP = 0.3538E-05

     FORCE CONVERGENCE VALUE  =  0.1395E-04  CRITERION=  0.8268E-04
     DISP CONVERGENCE VALUE   =  0.4790E-04  CRITERION=  0.1185E-02 <<< CONVERGED
    EQUIL ITER   1 COMPLETED.  OLD TRIANG MATRIX.  MAX DOF INC=  0.4790E-04
     FORCE CONVERGENCE VALUE  =  0.8315E-05  CRITERION=  0.8261E-04 <<< CONVERGED
    >>> SOLUTION CONVERGED AFTER EQUILIBRIUM ITERATION   1
 *** LOAD STEP     2   SUBSTEP    43  COMPLETED.    CUM ITER =    163
 *** TIME =   5.30000         TIME INC =  0.100000    
 *** MAX VISCOELASTIC STRAIN STEP = 0.3430E-05

     FORCE CONVERGENCE VALUE  =  0.1348E-04  CRITERION=  0.8267E-04
     DISP CONVERGENCE VALUE   =  0.4611E-04  CRITERION=  0.1185E-02 <<< CONVERGED
    EQUIL ITER   1 COMPLETED.  OLD TRIANG MATRIX.  MAX DOF INC=  0.4611E-04
     FORCE CONVERGENCE VALUE  =  0.8035E-05  CRITERION=  0.8260E-04 <<< CONVERGED
    >>> SOLUTION CONVERGED AFTER EQUILIBRIUM ITERATION   1
 *** LOAD STEP     2   SUBSTEP    44  COMPLETED.    CUM ITER =    164
 *** TIME =   5.40000         TIME INC =  0.100000    
 *** MAX VISCOELASTIC STRAIN STEP = 0.3326E-05

     FORCE CONVERGENCE VALUE  =  0.1303E-04  CRITERION=  0.8266E-04
     DISP CONVERGENCE VALUE   =  0.4439E-04  CRITERION=  0.1185E-02 <<< CONVERGED
    EQUIL ITER   1 COMPLETED.  OLD TRIANG MATRIX.  MAX DOF INC=  0.4439E-04
     FORCE CONVERGENCE VALUE  =  0.7767E-05  CRITERION=  0.8259E-04 <<< CONVERGED
    >>> SOLUTION CONVERGED AFTER EQUILIBRIUM ITERATION   1
 *** LOAD STEP     2   SUBSTEP    45  COMPLETED.    CUM ITER =    165
 *** TIME =   5.50000         TIME INC =  0.100000    
 *** MAX VISCOELASTIC STRAIN STEP = 0.3226E-05

     FORCE CONVERGENCE VALUE  =  0.1260E-04  CRITERION=  0.8265E-04
     DISP CONVERGENCE VALUE   =  0.4274E-04  CRITERION=  0.1185E-02 <<< CONVERGED
    EQUIL ITER   1 COMPLETED.  OLD TRIANG MATRIX.  MAX DOF INC=  0.4274E-04
     FORCE CONVERGENCE VALUE  =  0.7508E-05  CRITERION=  0.8258E-04 <<< CONVERGED
    >>> SOLUTION CONVERGED AFTER EQUILIBRIUM ITERATION   1
 *** LOAD STEP     2   SUBSTEP    46  COMPLETED.    CUM ITER =    166
 *** TIME =   5.60000         TIME INC =  0.100000    
 *** MAX VISCOELASTIC STRAIN STEP = 0.3129E-05

     FORCE CONVERGENCE VALUE  =  0.1219E-04  CRITERION=  0.8264E-04
     DISP CONVERGENCE VALUE   =  0.4116E-04  CRITERION=  0.1185E-02 <<< CONVERGED
    EQUIL ITER   1 COMPLETED.  OLD TRIANG MATRIX.  MAX DOF INC=  0.4116E-04
     FORCE CONVERGENCE VALUE  =  0.7259E-05  CRITERION=  0.8258E-04 <<< CONVERGED
    >>> SOLUTION CONVERGED AFTER EQUILIBRIUM ITERATION   1
 *** LOAD STEP     2   SUBSTEP    47  COMPLETED.    CUM ITER =    167
 *** TIME =   5.70000         TIME INC =  0.100000    
 *** MAX VISCOELASTIC STRAIN STEP = 0.3035E-05

     FORCE CONVERGENCE VALUE  =  0.1179E-04  CRITERION=  0.8263E-04
     DISP CONVERGENCE VALUE   =  0.3965E-04  CRITERION=  0.1185E-02 <<< CONVERGED
    EQUIL ITER   1 COMPLETED.  OLD TRIANG MATRIX.  MAX DOF INC=  0.3965E-04
     FORCE CONVERGENCE VALUE  =  0.7019E-05  CRITERION=  0.8257E-04 <<< CONVERGED
    >>> SOLUTION CONVERGED AFTER EQUILIBRIUM ITERATION   1
 *** LOAD STEP     2   SUBSTEP    48  COMPLETED.    CUM ITER =    168
 *** TIME =   5.80000         TIME INC =  0.100000    
 *** MAX VISCOELASTIC STRAIN STEP = 0.2944E-05

     FORCE CONVERGENCE VALUE  =  0.1140E-04  CRITERION=  0.8262E-04
     DISP CONVERGENCE VALUE   =  0.3821E-04  CRITERION=  0.1185E-02 <<< CONVERGED
    EQUIL ITER   1 COMPLETED.  OLD TRIANG MATRIX.  MAX DOF INC=  0.3821E-04
     FORCE CONVERGENCE VALUE  =  0.6787E-05  CRITERION=  0.8256E-04 <<< CONVERGED
    >>> SOLUTION CONVERGED AFTER EQUILIBRIUM ITERATION   1
 *** LOAD STEP     2   SUBSTEP    49  COMPLETED.    CUM ITER =    169
 *** TIME =   5.90000         TIME INC =  0.100000    
 *** MAX VISCOELASTIC STRAIN STEP = 0.2857E-05

     FORCE CONVERGENCE VALUE  =  0.1103E-04  CRITERION=  0.8261E-04
     DISP CONVERGENCE VALUE   =  0.3684E-04  CRITERION=  0.1185E-02 <<< CONVERGED
    EQUIL ITER   1 COMPLETED.  OLD TRIANG MATRIX.  MAX DOF INC=  0.3684E-04
     FORCE CONVERGENCE VALUE  =  0.6563E-05  CRITERION=  0.8255E-04 <<< CONVERGED
    >>> SOLUTION CONVERGED AFTER EQUILIBRIUM ITERATION   1
 *** LOAD STEP     2   SUBSTEP    50  COMPLETED.    CUM ITER =    170
 *** TIME =   6.00000         TIME INC =  0.100000    
 *** MAX VISCOELASTIC STRAIN STEP = 0.2772E-05

     FORCE CONVERGENCE VALUE  =  0.1067E-04  CRITERION=  0.8260E-04
     DISP CONVERGENCE VALUE   =  0.3552E-04  CRITERION=  0.1185E-02 <<< CONVERGED
    EQUIL ITER   1 COMPLETED.  OLD TRIANG MATRIX.  MAX DOF INC=  0.3552E-04
     FORCE CONVERGENCE VALUE  =  0.6346E-05  CRITERION=  0.8255E-04 <<< CONVERGED
    >>> SOLUTION CONVERGED AFTER EQUILIBRIUM ITERATION   1
 *** LOAD STEP     2   SUBSTEP    51  COMPLETED.    CUM ITER =    171
 *** TIME =   6.10000         TIME INC =  0.100000    
 *** MAX VISCOELASTIC STRAIN STEP = 0.2691E-05

     FORCE CONVERGENCE VALUE  =  0.1032E-04  CRITERION=  0.8260E-04
     DISP CONVERGENCE VALUE   =  0.3427E-04  CRITERION=  0.1185E-02 <<< CONVERGED
    EQUIL ITER   1 COMPLETED.  OLD TRIANG MATRIX.  MAX DOF INC=  0.3427E-04
     FORCE CONVERGENCE VALUE  =  0.6136E-05  CRITERION=  0.8254E-04 <<< CONVERGED
    >>> SOLUTION CONVERGED AFTER EQUILIBRIUM ITERATION   1
 *** LOAD STEP     2   SUBSTEP    52  COMPLETED.    CUM ITER =    172
 *** TIME =   6.20000         TIME INC =  0.100000    
 *** MAX VISCOELASTIC STRAIN STEP = 0.2612E-05

     FORCE CONVERGENCE VALUE  =  0.9979E-05  CRITERION=  0.8259E-04
     DISP CONVERGENCE VALUE   =  0.3307E-04  CRITERION=  0.1185E-02 <<< CONVERGED
    EQUIL ITER   1 COMPLETED.  OLD TRIANG MATRIX.  MAX DOF INC=  0.3307E-04
     FORCE CONVERGENCE VALUE  =  0.5933E-05  CRITERION=  0.8253E-04 <<< CONVERGED
    >>> SOLUTION CONVERGED AFTER EQUILIBRIUM ITERATION   1
 *** LOAD STEP     2   SUBSTEP    53  COMPLETED.    CUM ITER =    173
 *** TIME =   6.30000         TIME INC =  0.100000    
 *** MAX VISCOELASTIC STRAIN STEP = 0.2535E-05

     FORCE CONVERGENCE VALUE  =  0.9652E-05  CRITERION=  0.8258E-04
     DISP CONVERGENCE VALUE   =  0.3192E-04  CRITERION=  0.1185E-02 <<< CONVERGED
    EQUIL ITER   1 COMPLETED.  OLD TRIANG MATRIX.  MAX DOF INC=  0.3192E-04
     FORCE CONVERGENCE VALUE  =  0.5737E-05  CRITERION=  0.8253E-04 <<< CONVERGED
    >>> SOLUTION CONVERGED AFTER EQUILIBRIUM ITERATION   1
 *** LOAD STEP     2   SUBSTEP    54  COMPLETED.    CUM ITER =    174
 *** TIME =   6.40000         TIME INC =  0.100000    
 *** MAX VISCOELASTIC STRAIN STEP = 0.2462E-05

     FORCE CONVERGENCE VALUE  =  0.9335E-05  CRITERION=  0.8257E-04
     DISP CONVERGENCE VALUE   =  0.3081E-04  CRITERION=  0.1185E-02 <<< CONVERGED
    EQUIL ITER   1 COMPLETED.  OLD TRIANG MATRIX.  MAX DOF INC=  0.3081E-04
     FORCE CONVERGENCE VALUE  =  0.5547E-05  CRITERION=  0.8252E-04 <<< CONVERGED
    >>> SOLUTION CONVERGED AFTER EQUILIBRIUM ITERATION   1
 *** LOAD STEP     2   SUBSTEP    55  COMPLETED.    CUM ITER =    175
 *** TIME =   6.50000         TIME INC =  0.100000    
 *** MAX VISCOELASTIC STRAIN STEP = 0.2390E-05

     FORCE CONVERGENCE VALUE  =  0.9030E-05  CRITERION=  0.8257E-04
     DISP CONVERGENCE VALUE   =  0.2975E-04  CRITERION=  0.1185E-02 <<< CONVERGED
    EQUIL ITER   1 COMPLETED.  OLD TRIANG MATRIX.  MAX DOF INC=  0.2975E-04
     FORCE CONVERGENCE VALUE  =  0.5364E-05  CRITERION=  0.8252E-04 <<< CONVERGED
    >>> SOLUTION CONVERGED AFTER EQUILIBRIUM ITERATION   1
 *** LOAD STEP     2   SUBSTEP    56  COMPLETED.    CUM ITER =    176
 *** TIME =   6.60000         TIME INC =  0.100000    
 *** MAX VISCOELASTIC STRAIN STEP = 0.2321E-05

     FORCE CONVERGENCE VALUE  =  0.8734E-05  CRITERION=  0.8256E-04
     DISP CONVERGENCE VALUE   =  0.2873E-04  CRITERION=  0.1185E-02 <<< CONVERGED
    EQUIL ITER   1 COMPLETED.  OLD TRIANG MATRIX.  MAX DOF INC=  0.2873E-04
     FORCE CONVERGENCE VALUE  =  0.5187E-05  CRITERION=  0.8251E-04 <<< CONVERGED
    >>> SOLUTION CONVERGED AFTER EQUILIBRIUM ITERATION   1
 *** LOAD STEP     2   SUBSTEP    57  COMPLETED.    CUM ITER =    177
 *** TIME =   6.70000         TIME INC =  0.100000    
 *** MAX VISCOELASTIC STRAIN STEP = 0.2255E-05

     FORCE CONVERGENCE VALUE  =  0.8449E-05  CRITERION=  0.8255E-04
     DISP CONVERGENCE VALUE   =  0.2776E-04  CRITERION=  0.1185E-02 <<< CONVERGED
    EQUIL ITER   1 COMPLETED.  OLD TRIANG MATRIX.  MAX DOF INC=  0.2776E-04
     FORCE CONVERGENCE VALUE  =  0.5017E-05  CRITERION=  0.8251E-04 <<< CONVERGED
    >>> SOLUTION CONVERGED AFTER EQUILIBRIUM ITERATION   1
 *** LOAD STEP     2   SUBSTEP    58  COMPLETED.    CUM ITER =    178
 *** TIME =   6.80000         TIME INC =  0.100000    
 *** MAX VISCOELASTIC STRAIN STEP = 0.2190E-05

     FORCE CONVERGENCE VALUE  =  0.8173E-05  CRITERION=  0.8255E-04
     DISP CONVERGENCE VALUE   =  0.2681E-04  CRITERION=  0.1185E-02 <<< CONVERGED
    EQUIL ITER   1 COMPLETED.  OLD TRIANG MATRIX.  MAX DOF INC=  0.2681E-04
     FORCE CONVERGENCE VALUE  =  0.4852E-05  CRITERION=  0.8250E-04 <<< CONVERGED
    >>> SOLUTION CONVERGED AFTER EQUILIBRIUM ITERATION   1
 *** LOAD STEP     2   SUBSTEP    59  COMPLETED.    CUM ITER =    179
 *** TIME =   6.90000         TIME INC =  0.100000    
 *** MAX VISCOELASTIC STRAIN STEP = 0.2128E-05

     FORCE CONVERGENCE VALUE  =  0.7907E-05  CRITERION=  0.8254E-04
     DISP CONVERGENCE VALUE   =  0.2590E-04  CRITERION=  0.1185E-02 <<< CONVERGED
    EQUIL ITER   1 COMPLETED.  OLD TRIANG MATRIX.  MAX DOF INC=  0.2590E-04
     FORCE CONVERGENCE VALUE  =  0.4693E-05  CRITERION=  0.8250E-04 <<< CONVERGED
    >>> SOLUTION CONVERGED AFTER EQUILIBRIUM ITERATION   1
 *** LOAD STEP     2   SUBSTEP    60  COMPLETED.    CUM ITER =    180
 *** TIME =   7.00000         TIME INC =  0.100000    
 *** MAX VISCOELASTIC STRAIN STEP = 0.2068E-05

     FORCE CONVERGENCE VALUE  =  0.7650E-05  CRITERION=  0.8254E-04
     DISP CONVERGENCE VALUE   =  0.2503E-04  CRITERION=  0.1185E-02 <<< CONVERGED
    EQUIL ITER   1 COMPLETED.  OLD TRIANG MATRIX.  MAX DOF INC=  0.2503E-04
     FORCE CONVERGENCE VALUE  =  0.4539E-05  CRITERION=  0.8249E-04 <<< CONVERGED
    >>> SOLUTION CONVERGED AFTER EQUILIBRIUM ITERATION   1
 *** LOAD STEP     2   SUBSTEP    61  COMPLETED.    CUM ITER =    181
 *** TIME =   7.10000         TIME INC =  0.100000    
 *** MAX VISCOELASTIC STRAIN STEP = 0.2010E-05

     FORCE CONVERGENCE VALUE  =  0.7401E-05  CRITERION=  0.8253E-04
     DISP CONVERGENCE VALUE   =  0.2419E-04  CRITERION=  0.1185E-02 <<< CONVERGED
    EQUIL ITER   1 COMPLETED.  OLD TRIANG MATRIX.  MAX DOF INC=  0.2419E-04
     FORCE CONVERGENCE VALUE  =  0.4391E-05  CRITERION=  0.8249E-04 <<< CONVERGED
    >>> SOLUTION CONVERGED AFTER EQUILIBRIUM ITERATION   1
 *** LOAD STEP     2   SUBSTEP    62  COMPLETED.    CUM ITER =    182
 *** TIME =   7.20000         TIME INC =  0.100000    
 *** MAX VISCOELASTIC STRAIN STEP = 0.1953E-05

     FORCE CONVERGENCE VALUE  =  0.7161E-05  CRITERION=  0.8252E-04
     DISP CONVERGENCE VALUE   =  0.2337E-04  CRITERION=  0.1185E-02 <<< CONVERGED
    EQUIL ITER   1 COMPLETED.  OLD TRIANG MATRIX.  MAX DOF INC=  0.2337E-04
     FORCE CONVERGENCE VALUE  =  0.4247E-05  CRITERION=  0.8249E-04 <<< CONVERGED
    >>> SOLUTION CONVERGED AFTER EQUILIBRIUM ITERATION   1
 *** LOAD STEP     2   SUBSTEP    63  COMPLETED.    CUM ITER =    183
 *** TIME =   7.30000         TIME INC =  0.100000    
 *** MAX VISCOELASTIC STRAIN STEP = 0.1899E-05

     FORCE CONVERGENCE VALUE  =  0.6928E-05  CRITERION=  0.8252E-04
     DISP CONVERGENCE VALUE   =  0.2259E-04  CRITERION=  0.1185E-02 <<< CONVERGED
    EQUIL ITER   1 COMPLETED.  OLD TRIANG MATRIX.  MAX DOF INC=  0.2259E-04
     FORCE CONVERGENCE VALUE  =  0.4109E-05  CRITERION=  0.8248E-04 <<< CONVERGED
    >>> SOLUTION CONVERGED AFTER EQUILIBRIUM ITERATION   1
 *** LOAD STEP     2   SUBSTEP    64  COMPLETED.    CUM ITER =    184
 *** TIME =   7.40000         TIME INC =  0.100000    
 *** MAX VISCOELASTIC STRAIN STEP = 0.1846E-05

     FORCE CONVERGENCE VALUE  =  0.6704E-05  CRITERION=  0.8251E-04
     DISP CONVERGENCE VALUE   =  0.2184E-04  CRITERION=  0.1185E-02 <<< CONVERGED
    EQUIL ITER   1 COMPLETED.  OLD TRIANG MATRIX.  MAX DOF INC=  0.2184E-04
     FORCE CONVERGENCE VALUE  =  0.3975E-05  CRITERION=  0.8248E-04 <<< CONVERGED
    >>> SOLUTION CONVERGED AFTER EQUILIBRIUM ITERATION   1
 *** LOAD STEP     2   SUBSTEP    65  COMPLETED.    CUM ITER =    185
 *** TIME =   7.50000         TIME INC =  0.100000    
 *** MAX VISCOELASTIC STRAIN STEP = 0.1795E-05

     FORCE CONVERGENCE VALUE  =  0.6486E-05  CRITERION=  0.8251E-04
     DISP CONVERGENCE VALUE   =  0.2111E-04  CRITERION=  0.1185E-02 <<< CONVERGED
    EQUIL ITER   1 COMPLETED.  OLD TRIANG MATRIX.  MAX DOF INC=  0.2111E-04
     FORCE CONVERGENCE VALUE  =  0.3845E-05  CRITERION=  0.8248E-04 <<< CONVERGED
    >>> SOLUTION CONVERGED AFTER EQUILIBRIUM ITERATION   1
 *** LOAD STEP     2   SUBSTEP    66  COMPLETED.    CUM ITER =    186
 *** TIME =   7.60000         TIME INC =  0.100000    
 *** MAX VISCOELASTIC STRAIN STEP = 0.1746E-05

     FORCE CONVERGENCE VALUE  =  0.6276E-05  CRITERION=  0.8251E-04
     DISP CONVERGENCE VALUE   =  0.2040E-04  CRITERION=  0.1185E-02 <<< CONVERGED
    EQUIL ITER   1 COMPLETED.  OLD TRIANG MATRIX.  MAX DOF INC=  0.2040E-04
     FORCE CONVERGENCE VALUE  =  0.3720E-05  CRITERION=  0.8247E-04 <<< CONVERGED
    >>> SOLUTION CONVERGED AFTER EQUILIBRIUM ITERATION   1
 *** LOAD STEP     2   SUBSTEP    67  COMPLETED.    CUM ITER =    187
 *** TIME =   7.70000         TIME INC =  0.100000    
 *** MAX VISCOELASTIC STRAIN STEP = 0.1699E-05

     FORCE CONVERGENCE VALUE  =  0.6073E-05  CRITERION=  0.8250E-04
     DISP CONVERGENCE VALUE   =  0.1973E-04  CRITERION=  0.1185E-02 <<< CONVERGED
    EQUIL ITER   1 COMPLETED.  OLD TRIANG MATRIX.  MAX DOF INC=  0.1973E-04
     FORCE CONVERGENCE VALUE  =  0.3599E-05  CRITERION=  0.8247E-04 <<< CONVERGED
    >>> SOLUTION CONVERGED AFTER EQUILIBRIUM ITERATION   1
 *** LOAD STEP     2   SUBSTEP    68  COMPLETED.    CUM ITER =    188
 *** TIME =   7.80000         TIME INC =  0.100000    
 *** MAX VISCOELASTIC STRAIN STEP = 0.1653E-05

     FORCE CONVERGENCE VALUE  =  0.5877E-05  CRITERION=  0.8250E-04
     DISP CONVERGENCE VALUE   =  0.1907E-04  CRITERION=  0.1185E-02 <<< CONVERGED
    EQUIL ITER   1 COMPLETED.  OLD TRIANG MATRIX.  MAX DOF INC=  0.1907E-04
     FORCE CONVERGENCE VALUE  =  0.3482E-05  CRITERION=  0.8247E-04 <<< CONVERGED
    >>> SOLUTION CONVERGED AFTER EQUILIBRIUM ITERATION   1
 *** LOAD STEP     2   SUBSTEP    69  COMPLETED.    CUM ITER =    189
 *** TIME =   7.90000         TIME INC =  0.100000    
 *** MAX VISCOELASTIC STRAIN STEP = 0.1608E-05

     FORCE CONVERGENCE VALUE  =  0.5686E-05  CRITERION=  0.8249E-04
     DISP CONVERGENCE VALUE   =  0.1844E-04  CRITERION=  0.1185E-02 <<< CONVERGED
    EQUIL ITER   1 COMPLETED.  OLD TRIANG MATRIX.  MAX DOF INC=  0.1844E-04
     FORCE CONVERGENCE VALUE  =  0.3369E-05  CRITERION=  0.8246E-04 <<< CONVERGED
    >>> SOLUTION CONVERGED AFTER EQUILIBRIUM ITERATION   1
 *** LOAD STEP     2   SUBSTEP    70  COMPLETED.    CUM ITER =    190
 *** TIME =   8.00000         TIME INC =  0.100000    
 *** MAX VISCOELASTIC STRAIN STEP = 0.1565E-05

     FORCE CONVERGENCE VALUE  =  0.5502E-05  CRITERION=  0.8249E-04
     DISP CONVERGENCE VALUE   =  0.1783E-04  CRITERION=  0.1185E-02 <<< CONVERGED
    EQUIL ITER   1 COMPLETED.  OLD TRIANG MATRIX.  MAX DOF INC=  0.1783E-04
     FORCE CONVERGENCE VALUE  =  0.3260E-05  CRITERION=  0.8246E-04 <<< CONVERGED
    >>> SOLUTION CONVERGED AFTER EQUILIBRIUM ITERATION   1
 *** LOAD STEP     2   SUBSTEP    71  COMPLETED.    CUM ITER =    191
 *** TIME =   8.10000         TIME INC =  0.100000    
 *** MAX VISCOELASTIC STRAIN STEP = 0.1524E-05

     FORCE CONVERGENCE VALUE  =  0.5325E-05  CRITERION=  0.8249E-04
     DISP CONVERGENCE VALUE   =  0.1725E-04  CRITERION=  0.1185E-02 <<< CONVERGED
    EQUIL ITER   1 COMPLETED.  OLD TRIANG MATRIX.  MAX DOF INC=  0.1725E-04
     FORCE CONVERGENCE VALUE  =  0.3154E-05  CRITERION=  0.8246E-04 <<< CONVERGED
    >>> SOLUTION CONVERGED AFTER EQUILIBRIUM ITERATION   1
 *** LOAD STEP     2   SUBSTEP    72  COMPLETED.    CUM ITER =    192
 *** TIME =   8.20000         TIME INC =  0.100000    
 *** MAX VISCOELASTIC STRAIN STEP = 0.1483E-05

     FORCE CONVERGENCE VALUE  =  0.5152E-05  CRITERION=  0.8248E-04
     DISP CONVERGENCE VALUE   =  0.1668E-04  CRITERION=  0.1185E-02 <<< CONVERGED
    EQUIL ITER   1 COMPLETED.  OLD TRIANG MATRIX.  MAX DOF INC=  0.1668E-04
     FORCE CONVERGENCE VALUE  =  0.3051E-05  CRITERION=  0.8246E-04 <<< CONVERGED
    >>> SOLUTION CONVERGED AFTER EQUILIBRIUM ITERATION   1
 *** LOAD STEP     2   SUBSTEP    73  COMPLETED.    CUM ITER =    193
 *** TIME =   8.30000         TIME INC =  0.100000    
 *** MAX VISCOELASTIC STRAIN STEP = 0.1445E-05

     FORCE CONVERGENCE VALUE  =  0.4986E-05  CRITERION=  0.8248E-04
     DISP CONVERGENCE VALUE   =  0.1613E-04  CRITERION=  0.1185E-02 <<< CONVERGED
    EQUIL ITER   1 COMPLETED.  OLD TRIANG MATRIX.  MAX DOF INC=  0.1613E-04
     FORCE CONVERGENCE VALUE  =  0.2952E-05  CRITERION=  0.8245E-04 <<< CONVERGED
    >>> SOLUTION CONVERGED AFTER EQUILIBRIUM ITERATION   1
 *** LOAD STEP     2   SUBSTEP    74  COMPLETED.    CUM ITER =    194
 *** TIME =   8.40000         TIME INC =  0.100000    
 *** MAX VISCOELASTIC STRAIN STEP = 0.1407E-05

     FORCE CONVERGENCE VALUE  =  0.4825E-05  CRITERION=  0.8248E-04
     DISP CONVERGENCE VALUE   =  0.1560E-04  CRITERION=  0.1185E-02 <<< CONVERGED
    EQUIL ITER   1 COMPLETED.  OLD TRIANG MATRIX.  MAX DOF INC=  0.1560E-04
     FORCE CONVERGENCE VALUE  =  0.2857E-05  CRITERION=  0.8245E-04 <<< CONVERGED
    >>> SOLUTION CONVERGED AFTER EQUILIBRIUM ITERATION   1
 *** LOAD STEP     2   SUBSTEP    75  COMPLETED.    CUM ITER =    195
 *** TIME =   8.50000         TIME INC =  0.100000    
 *** MAX VISCOELASTIC STRAIN STEP = 0.1371E-05

     FORCE CONVERGENCE VALUE  =  0.4669E-05  CRITERION=  0.8247E-04
     DISP CONVERGENCE VALUE   =  0.1509E-04  CRITERION=  0.1185E-02 <<< CONVERGED
    EQUIL ITER   1 COMPLETED.  OLD TRIANG MATRIX.  MAX DOF INC=  0.1509E-04
     FORCE CONVERGENCE VALUE  =  0.2764E-05  CRITERION=  0.8245E-04 <<< CONVERGED
    >>> SOLUTION CONVERGED AFTER EQUILIBRIUM ITERATION   1
 *** LOAD STEP     2   SUBSTEP    76  COMPLETED.    CUM ITER =    196
 *** TIME =   8.60000         TIME INC =  0.100000    
 *** MAX VISCOELASTIC STRAIN STEP = 0.1336E-05

     FORCE CONVERGENCE VALUE  =  0.4518E-05  CRITERION=  0.8247E-04
     DISP CONVERGENCE VALUE   =  0.1460E-04  CRITERION=  0.1185E-02 <<< CONVERGED
    EQUIL ITER   1 COMPLETED.  OLD TRIANG MATRIX.  MAX DOF INC=  0.1460E-04
     FORCE CONVERGENCE VALUE  =  0.2674E-05  CRITERION=  0.8245E-04 <<< CONVERGED
    >>> SOLUTION CONVERGED AFTER EQUILIBRIUM ITERATION   1
 *** LOAD STEP     2   SUBSTEP    77  COMPLETED.    CUM ITER =    197
 *** TIME =   8.70000         TIME INC =  0.100000    
 *** MAX VISCOELASTIC STRAIN STEP = 0.1302E-05

     FORCE CONVERGENCE VALUE  =  0.4372E-05  CRITERION=  0.8247E-04
     DISP CONVERGENCE VALUE   =  0.1412E-04  CRITERION=  0.1185E-02 <<< CONVERGED
    EQUIL ITER   1 COMPLETED.  OLD TRIANG MATRIX.  MAX DOF INC=  0.1412E-04
     FORCE CONVERGENCE VALUE  =  0.2588E-05  CRITERION=  0.8245E-04 <<< CONVERGED
    >>> SOLUTION CONVERGED AFTER EQUILIBRIUM ITERATION   1
 *** LOAD STEP     2   SUBSTEP    78  COMPLETED.    CUM ITER =    198
 *** TIME =   8.80000         TIME INC =  0.100000    
 *** MAX VISCOELASTIC STRAIN STEP = 0.1269E-05

     FORCE CONVERGENCE VALUE  =  0.4230E-05  CRITERION=  0.8247E-04
     DISP CONVERGENCE VALUE   =  0.1366E-04  CRITERION=  0.1185E-02 <<< CONVERGED
    EQUIL ITER   1 COMPLETED.  OLD TRIANG MATRIX.  MAX DOF INC=  0.1366E-04
     FORCE CONVERGENCE VALUE  =  0.2504E-05  CRITERION=  0.8244E-04 <<< CONVERGED
    >>> SOLUTION CONVERGED AFTER EQUILIBRIUM ITERATION   1
 *** LOAD STEP     2   SUBSTEP    79  COMPLETED.    CUM ITER =    199
 *** TIME =   8.90000         TIME INC =  0.100000    
 *** MAX VISCOELASTIC STRAIN STEP = 0.1237E-05

     FORCE CONVERGENCE VALUE  =  0.4093E-05  CRITERION=  0.8246E-04
     DISP CONVERGENCE VALUE   =  0.1322E-04  CRITERION=  0.1185E-02 <<< CONVERGED
    EQUIL ITER   1 COMPLETED.  OLD TRIANG MATRIX.  MAX DOF INC=  0.1322E-04
     FORCE CONVERGENCE VALUE  =  0.2422E-05  CRITERION=  0.8244E-04 <<< CONVERGED
    >>> SOLUTION CONVERGED AFTER EQUILIBRIUM ITERATION   1
 *** LOAD STEP     2   SUBSTEP    80  COMPLETED.    CUM ITER =    200
 *** TIME =   9.00000         TIME INC =  0.100000    
 *** MAX VISCOELASTIC STRAIN STEP = 0.1206E-05

     FORCE CONVERGENCE VALUE  =  0.3961E-05  CRITERION=  0.8246E-04
     DISP CONVERGENCE VALUE   =  0.1279E-04  CRITERION=  0.1185E-02 <<< CONVERGED
    EQUIL ITER   1 COMPLETED.  OLD TRIANG MATRIX.  MAX DOF INC=  0.1279E-04
     FORCE CONVERGENCE VALUE  =  0.2344E-05  CRITERION=  0.8244E-04 <<< CONVERGED
    >>> SOLUTION CONVERGED AFTER EQUILIBRIUM ITERATION   1
 *** LOAD STEP     2   SUBSTEP    81  COMPLETED.    CUM ITER =    201
 *** TIME =   9.10000         TIME INC =  0.100000    
 *** MAX VISCOELASTIC STRAIN STEP = 0.1176E-05

     FORCE CONVERGENCE VALUE  =  0.3833E-05  CRITERION=  0.8246E-04
     DISP CONVERGENCE VALUE   =  0.1237E-04  CRITERION=  0.1185E-02 <<< CONVERGED
    EQUIL ITER   1 COMPLETED.  OLD TRIANG MATRIX.  MAX DOF INC=  0.1237E-04
     FORCE CONVERGENCE VALUE  =  0.2268E-05  CRITERION=  0.8244E-04 <<< CONVERGED
    >>> SOLUTION CONVERGED AFTER EQUILIBRIUM ITERATION   1
 *** LOAD STEP     2   SUBSTEP    82  COMPLETED.    CUM ITER =    202
 *** TIME =   9.20000         TIME INC =  0.100000    
 *** MAX VISCOELASTIC STRAIN STEP = 0.1148E-05

     FORCE CONVERGENCE VALUE  =  0.3708E-05  CRITERION=  0.8246E-04
     DISP CONVERGENCE VALUE   =  0.1197E-04  CRITERION=  0.1185E-02 <<< CONVERGED
    EQUIL ITER   1 COMPLETED.  OLD TRIANG MATRIX.  MAX DOF INC=  0.1197E-04
     FORCE CONVERGENCE VALUE  =  0.2194E-05  CRITERION=  0.8244E-04 <<< CONVERGED
    >>> SOLUTION CONVERGED AFTER EQUILIBRIUM ITERATION   1
 *** LOAD STEP     2   SUBSTEP    83  COMPLETED.    CUM ITER =    203
 *** TIME =   9.30000         TIME INC =  0.100000    
 *** MAX VISCOELASTIC STRAIN STEP = 0.1120E-05

     FORCE CONVERGENCE VALUE  =  0.3588E-05  CRITERION=  0.8245E-04
     DISP CONVERGENCE VALUE   =  0.1158E-04  CRITERION=  0.1185E-02 <<< CONVERGED
    EQUIL ITER   1 COMPLETED.  OLD TRIANG MATRIX.  MAX DOF INC=  0.1158E-04
     FORCE CONVERGENCE VALUE  =  0.2123E-05  CRITERION=  0.8244E-04 <<< CONVERGED
    >>> SOLUTION CONVERGED AFTER EQUILIBRIUM ITERATION   1
 *** LOAD STEP     2   SUBSTEP    84  COMPLETED.    CUM ITER =    204
 *** TIME =   9.40000         TIME INC =  0.100000    
 *** MAX VISCOELASTIC STRAIN STEP = 0.1093E-05

     FORCE CONVERGENCE VALUE  =  0.3472E-05  CRITERION=  0.8245E-04
     DISP CONVERGENCE VALUE   =  0.1121E-04  CRITERION=  0.1185E-02 <<< CONVERGED
    EQUIL ITER   1 COMPLETED.  OLD TRIANG MATRIX.  MAX DOF INC=  0.1121E-04
     FORCE CONVERGENCE VALUE  =  0.2054E-05  CRITERION=  0.8243E-04 <<< CONVERGED
    >>> SOLUTION CONVERGED AFTER EQUILIBRIUM ITERATION   1
 *** LOAD STEP     2   SUBSTEP    85  COMPLETED.    CUM ITER =    205
 *** TIME =   9.50000         TIME INC =  0.100000    
 *** MAX VISCOELASTIC STRAIN STEP = 0.1067E-05

     FORCE CONVERGENCE VALUE  =  0.3359E-05  CRITERION=  0.8245E-04
     DISP CONVERGENCE VALUE   =  0.1085E-04  CRITERION=  0.1185E-02 <<< CONVERGED
    EQUIL ITER   1 COMPLETED.  OLD TRIANG MATRIX.  MAX DOF INC=  0.1085E-04
     FORCE CONVERGENCE VALUE  =  0.1987E-05  CRITERION=  0.8243E-04 <<< CONVERGED
    >>> SOLUTION CONVERGED AFTER EQUILIBRIUM ITERATION   1
 *** LOAD STEP     2   SUBSTEP    86  COMPLETED.    CUM ITER =    206
 *** TIME =   9.60000         TIME INC =  0.100000    
 *** MAX VISCOELASTIC STRAIN STEP = 0.1042E-05

     FORCE CONVERGENCE VALUE  =  0.3250E-05  CRITERION=  0.8245E-04
     DISP CONVERGENCE VALUE   =  0.1050E-04  CRITERION=  0.1185E-02 <<< CONVERGED
    EQUIL ITER   1 COMPLETED.  OLD TRIANG MATRIX.  MAX DOF INC=  0.1050E-04
     FORCE CONVERGENCE VALUE  =  0.1922E-05  CRITERION=  0.8243E-04 <<< CONVERGED
    >>> SOLUTION CONVERGED AFTER EQUILIBRIUM ITERATION   1
 *** LOAD STEP     2   SUBSTEP    87  COMPLETED.    CUM ITER =    207
 *** TIME =   9.70000         TIME INC =  0.100000    
 *** MAX VISCOELASTIC STRAIN STEP = 0.1018E-05

     FORCE CONVERGENCE VALUE  =  0.3145E-05  CRITERION=  0.8245E-04
     DISP CONVERGENCE VALUE   =  0.1016E-04  CRITERION=  0.1185E-02 <<< CONVERGED
    EQUIL ITER   1 COMPLETED.  OLD TRIANG MATRIX.  MAX DOF INC=  0.1016E-04
     FORCE CONVERGENCE VALUE  =  0.1860E-05  CRITERION=  0.8243E-04 <<< CONVERGED
    >>> SOLUTION CONVERGED AFTER EQUILIBRIUM ITERATION   1
 *** LOAD STEP     2   SUBSTEP    88  COMPLETED.    CUM ITER =    208
 *** TIME =   9.80000         TIME INC =  0.100000    
 *** MAX VISCOELASTIC STRAIN STEP = 0.1001E-05

     FORCE CONVERGENCE VALUE  =  0.3042E-05  CRITERION=  0.8245E-04
     DISP CONVERGENCE VALUE   =  0.9834E-05  CRITERION=  0.1185E-02 <<< CONVERGED
    EQUIL ITER   1 COMPLETED.  OLD TRIANG MATRIX.  MAX DOF INC=  0.9834E-05
     FORCE CONVERGENCE VALUE  =  0.1799E-05  CRITERION=  0.8243E-04 <<< CONVERGED
    >>> SOLUTION CONVERGED AFTER EQUILIBRIUM ITERATION   1
 *** LOAD STEP     2   SUBSTEP    89  COMPLETED.    CUM ITER =    209
 *** TIME =   9.90000         TIME INC =  0.100000    
 *** MAX VISCOELASTIC STRAIN STEP = 0.9956E-06

     FORCE CONVERGENCE VALUE  =  0.2944E-05  CRITERION=  0.8244E-04
     DISP CONVERGENCE VALUE   =  0.9518E-05  CRITERION=  0.1185E-02 <<< CONVERGED
    EQUIL ITER   1 COMPLETED.  OLD TRIANG MATRIX.  MAX DOF INC=  0.9518E-05
     FORCE CONVERGENCE VALUE  =  0.1740E-05  CRITERION=  0.8243E-04 <<< CONVERGED
    >>> SOLUTION CONVERGED AFTER EQUILIBRIUM ITERATION   1
 *** LOAD STEP     2   SUBSTEP    90  COMPLETED.    CUM ITER =    210
 *** TIME =   10.0000         TIME INC =  0.100000    
 *** MAX VISCOELASTIC STRAIN STEP = 0.9901E-06

     FORCE CONVERGENCE VALUE  =  0.2848E-05  CRITERION=  0.8244E-04
     DISP CONVERGENCE VALUE   =  0.9214E-05  CRITERION=  0.1185E-02 <<< CONVERGED
    EQUIL ITER   1 COMPLETED.  OLD TRIANG MATRIX.  MAX DOF INC=  0.9214E-05
     FORCE CONVERGENCE VALUE  =  0.1684E-05  CRITERION=  0.8243E-04 <<< CONVERGED
    >>> SOLUTION CONVERGED AFTER EQUILIBRIUM ITERATION   1
 *** LOAD STEP     2   SUBSTEP    91  COMPLETED.    CUM ITER =    211
 *** TIME =   10.1000         TIME INC =  0.100000    
 *** MAX VISCOELASTIC STRAIN STEP = 0.9847E-06

     FORCE CONVERGENCE VALUE  =  0.2755E-05  CRITERION=  0.8244E-04
     DISP CONVERGENCE VALUE   =  0.8919E-05  CRITERION=  0.1185E-02 <<< CONVERGED
    EQUIL ITER   1 COMPLETED.  OLD TRIANG MATRIX.  MAX DOF INC=  0.8919E-05
     FORCE CONVERGENCE VALUE  =  0.1629E-05  CRITERION=  0.8243E-04 <<< CONVERGED
    >>> SOLUTION CONVERGED AFTER EQUILIBRIUM ITERATION   1
 *** LOAD STEP     2   SUBSTEP    92  COMPLETED.    CUM ITER =    212
 *** TIME =   10.2000         TIME INC =  0.100000    
 *** MAX VISCOELASTIC STRAIN STEP = 0.9795E-06

     FORCE CONVERGENCE VALUE  =  0.2665E-05  CRITERION=  0.8244E-04
     DISP CONVERGENCE VALUE   =  0.8635E-05  CRITERION=  0.1185E-02 <<< CONVERGED
    EQUIL ITER   1 COMPLETED.  OLD TRIANG MATRIX.  MAX DOF INC=  0.8635E-05
     FORCE CONVERGENCE VALUE  =  0.1575E-05  CRITERION=  0.8243E-04 <<< CONVERGED
    >>> SOLUTION CONVERGED AFTER EQUILIBRIUM ITERATION   1
 *** LOAD STEP     2   SUBSTEP    93  COMPLETED.    CUM ITER =    213
 *** TIME =   10.3000         TIME INC =  0.100000    
 *** MAX VISCOELASTIC STRAIN STEP = 0.9744E-06

     FORCE CONVERGENCE VALUE  =  0.2578E-05  CRITERION=  0.8244E-04
     DISP CONVERGENCE VALUE   =  0.8360E-05  CRITERION=  0.1185E-02 <<< CONVERGED
    EQUIL ITER   1 COMPLETED.  OLD TRIANG MATRIX.  MAX DOF INC=  0.8360E-05
     FORCE CONVERGENCE VALUE  =  0.1524E-05  CRITERION=  0.8243E-04 <<< CONVERGED
    >>> SOLUTION CONVERGED AFTER EQUILIBRIUM ITERATION   1
 *** LOAD STEP     2   SUBSTEP    94  COMPLETED.    CUM ITER =    214
 *** TIME =   10.4000         TIME INC =  0.100000    
 *** MAX VISCOELASTIC STRAIN STEP = 0.9694E-06

     FORCE CONVERGENCE VALUE  =  0.2494E-05  CRITERION=  0.8244E-04
     DISP CONVERGENCE VALUE   =  0.8094E-05  CRITERION=  0.1185E-02 <<< CONVERGED
    EQUIL ITER   1 COMPLETED.  OLD TRIANG MATRIX.  MAX DOF INC=  0.8094E-05
     FORCE CONVERGENCE VALUE  =  0.1474E-05  CRITERION=  0.8242E-04 <<< CONVERGED
    >>> SOLUTION CONVERGED AFTER EQUILIBRIUM ITERATION   1
 *** LOAD STEP     2   SUBSTEP    95  COMPLETED.    CUM ITER =    215
 *** TIME =   10.5000         TIME INC =  0.100000    
 *** MAX VISCOELASTIC STRAIN STEP = 0.9646E-06

     FORCE CONVERGENCE VALUE  =  0.2413E-05  CRITERION=  0.8244E-04
     DISP CONVERGENCE VALUE   =  0.7837E-05  CRITERION=  0.1185E-02 <<< CONVERGED
    EQUIL ITER   1 COMPLETED.  OLD TRIANG MATRIX.  MAX DOF INC=  0.7837E-05
     FORCE CONVERGENCE VALUE  =  0.1426E-05  CRITERION=  0.8242E-04 <<< CONVERGED
    >>> SOLUTION CONVERGED AFTER EQUILIBRIUM ITERATION   1
 *** LOAD STEP     2   SUBSTEP    96  COMPLETED.    CUM ITER =    216
 *** TIME =   10.6000         TIME INC =  0.100000    
 *** MAX VISCOELASTIC STRAIN STEP = 0.9599E-06

     FORCE CONVERGENCE VALUE  =  0.2334E-05  CRITERION=  0.8244E-04
     DISP CONVERGENCE VALUE   =  0.7589E-05  CRITERION=  0.1185E-02 <<< CONVERGED
    EQUIL ITER   1 COMPLETED.  OLD TRIANG MATRIX.  MAX DOF INC=  0.7589E-05
     FORCE CONVERGENCE VALUE  =  0.1379E-05  CRITERION=  0.8242E-04 <<< CONVERGED
    >>> SOLUTION CONVERGED AFTER EQUILIBRIUM ITERATION   1
 *** LOAD STEP     2   SUBSTEP    97  COMPLETED.    CUM ITER =    217
 *** TIME =   10.7000         TIME INC =  0.100000    
 *** MAX VISCOELASTIC STRAIN STEP = 0.9554E-06

     FORCE CONVERGENCE VALUE  =  0.2257E-05  CRITERION=  0.8243E-04
     DISP CONVERGENCE VALUE   =  0.7349E-05  CRITERION=  0.1185E-02 <<< CONVERGED
    EQUIL ITER   1 COMPLETED.  OLD TRIANG MATRIX.  MAX DOF INC=  0.7349E-05
     FORCE CONVERGENCE VALUE  =  0.1334E-05  CRITERION=  0.8242E-04 <<< CONVERGED
    >>> SOLUTION CONVERGED AFTER EQUILIBRIUM ITERATION   1
 *** LOAD STEP     2   SUBSTEP    98  COMPLETED.    CUM ITER =    218
 *** TIME =   10.8000         TIME INC =  0.100000    
 *** MAX VISCOELASTIC STRAIN STEP = 0.9509E-06

     FORCE CONVERGENCE VALUE  =  0.2183E-05  CRITERION=  0.8243E-04
     DISP CONVERGENCE VALUE   =  0.7117E-05  CRITERION=  0.1185E-02 <<< CONVERGED
    EQUIL ITER   1 COMPLETED.  OLD TRIANG MATRIX.  MAX DOF INC=  0.7117E-05
     FORCE CONVERGENCE VALUE  =  0.1290E-05  CRITERION=  0.8242E-04 <<< CONVERGED
    >>> SOLUTION CONVERGED AFTER EQUILIBRIUM ITERATION   1
 *** LOAD STEP     2   SUBSTEP    99  COMPLETED.    CUM ITER =    219
 *** TIME =   10.9000         TIME INC =  0.100000    
 *** MAX VISCOELASTIC STRAIN STEP = 0.9466E-06

     FORCE CONVERGENCE VALUE  =  0.2112E-05  CRITERION=  0.8243E-04
     DISP CONVERGENCE VALUE   =  0.6893E-05  CRITERION=  0.1185E-02 <<< CONVERGED
    EQUIL ITER   1 COMPLETED.  OLD TRIANG MATRIX.  MAX DOF INC=  0.6893E-05
     FORCE CONVERGENCE VALUE  =  0.1247E-05  CRITERION=  0.8242E-04 <<< CONVERGED
    >>> SOLUTION CONVERGED AFTER EQUILIBRIUM ITERATION   1
 *** LOAD STEP     2   SUBSTEP   100  COMPLETED.    CUM ITER =    220
 *** TIME =   11.0000         TIME INC =  0.100000    
 *** MAX VISCOELASTIC STRAIN STEP = 0.9424E-06

     FORCE CONVERGENCE VALUE  =  0.2042E-05  CRITERION=  0.8243E-04
     DISP CONVERGENCE VALUE   =  0.6677E-05  CRITERION=  0.1185E-02 <<< CONVERGED
    EQUIL ITER   1 COMPLETED.  OLD TRIANG MATRIX.  MAX DOF INC=  0.6677E-05
     FORCE CONVERGENCE VALUE  =  0.1206E-05  CRITERION=  0.8242E-04 <<< CONVERGED
    >>> SOLUTION CONVERGED AFTER EQUILIBRIUM ITERATION   1
 *** LOAD STEP     2   SUBSTEP   101  COMPLETED.    CUM ITER =    221
 *** TIME =   11.1000         TIME INC =  0.100000    
 *** MAX VISCOELASTIC STRAIN STEP = 0.9383E-06

     FORCE CONVERGENCE VALUE  =  0.1975E-05  CRITERION=  0.8243E-04
     DISP CONVERGENCE VALUE   =  0.6467E-05  CRITERION=  0.1185E-02 <<< CONVERGED
    EQUIL ITER   1 COMPLETED.  OLD TRIANG MATRIX.  MAX DOF INC=  0.6467E-05
     FORCE CONVERGENCE VALUE  =  0.1166E-05  CRITERION=  0.8242E-04 <<< CONVERGED
    >>> SOLUTION CONVERGED AFTER EQUILIBRIUM ITERATION   1
 *** LOAD STEP     2   SUBSTEP   102  COMPLETED.    CUM ITER =    222
 *** TIME =   11.2000         TIME INC =  0.100000    
 *** MAX VISCOELASTIC STRAIN STEP = 0.9343E-06

     FORCE CONVERGENCE VALUE  =  0.1910E-05  CRITERION=  0.8243E-04
     DISP CONVERGENCE VALUE   =  0.6265E-05  CRITERION=  0.1185E-02 <<< CONVERGED
    EQUIL ITER   1 COMPLETED.  OLD TRIANG MATRIX.  MAX DOF INC=  0.6265E-05
     FORCE CONVERGENCE VALUE  =  0.1128E-05  CRITERION=  0.8242E-04 <<< CONVERGED
    >>> SOLUTION CONVERGED AFTER EQUILIBRIUM ITERATION   1
 *** LOAD STEP     2   SUBSTEP   103  COMPLETED.    CUM ITER =    223
 *** TIME =   11.3000         TIME INC =  0.100000    
 *** MAX VISCOELASTIC STRAIN STEP = 0.9304E-06

     FORCE CONVERGENCE VALUE  =  0.1847E-05  CRITERION=  0.8243E-04
     DISP CONVERGENCE VALUE   =  0.6069E-05  CRITERION=  0.1185E-02 <<< CONVERGED
    EQUIL ITER   1 COMPLETED.  OLD TRIANG MATRIX.  MAX DOF INC=  0.6069E-05
     FORCE CONVERGENCE VALUE  =  0.1091E-05  CRITERION=  0.8242E-04 <<< CONVERGED
    >>> SOLUTION CONVERGED AFTER EQUILIBRIUM ITERATION   1
 *** LOAD STEP     2   SUBSTEP   104  COMPLETED.    CUM ITER =    224
 *** TIME =   11.4000         TIME INC =  0.100000    
 *** MAX VISCOELASTIC STRAIN STEP = 0.9266E-06

     FORCE CONVERGENCE VALUE  =  0.1786E-05  CRITERION=  0.8243E-04
     DISP CONVERGENCE VALUE   =  0.5880E-05  CRITERION=  0.1185E-02 <<< CONVERGED
    EQUIL ITER   1 COMPLETED.  OLD TRIANG MATRIX.  MAX DOF INC=  0.5880E-05
     FORCE CONVERGENCE VALUE  =  0.1054E-05  CRITERION=  0.8242E-04 <<< CONVERGED
    >>> SOLUTION CONVERGED AFTER EQUILIBRIUM ITERATION   1
 *** LOAD STEP     2   SUBSTEP   105  COMPLETED.    CUM ITER =    225
 *** TIME =   11.5000         TIME INC =  0.100000    
 *** MAX VISCOELASTIC STRAIN STEP = 0.9229E-06

     FORCE CONVERGENCE VALUE  =  0.1727E-05  CRITERION=  0.8243E-04
     DISP CONVERGENCE VALUE   =  0.5698E-05  CRITERION=  0.1185E-02 <<< CONVERGED
    EQUIL ITER   1 COMPLETED.  OLD TRIANG MATRIX.  MAX DOF INC=  0.5698E-05
     FORCE CONVERGENCE VALUE  =  0.1020E-05  CRITERION=  0.8242E-04 <<< CONVERGED
    >>> SOLUTION CONVERGED AFTER EQUILIBRIUM ITERATION   1
 *** LOAD STEP     2   SUBSTEP   106  COMPLETED.    CUM ITER =    226
 *** TIME =   11.6000         TIME INC =  0.100000    
 *** MAX VISCOELASTIC STRAIN STEP = 0.9193E-06

     FORCE CONVERGENCE VALUE  =  0.1670E-05  CRITERION=  0.8243E-04
     DISP CONVERGENCE VALUE   =  0.5521E-05  CRITERION=  0.1185E-02 <<< CONVERGED
    EQUIL ITER   1 COMPLETED.  OLD TRIANG MATRIX.  MAX DOF INC=  0.5521E-05
     FORCE CONVERGENCE VALUE  =  0.9857E-06  CRITERION=  0.8242E-04 <<< CONVERGED
    >>> SOLUTION CONVERGED AFTER EQUILIBRIUM ITERATION   1
 *** LOAD STEP     2   SUBSTEP   107  COMPLETED.    CUM ITER =    227
 *** TIME =   11.7000         TIME INC =  0.100000    
 *** MAX VISCOELASTIC STRAIN STEP = 0.9158E-06

     FORCE CONVERGENCE VALUE  =  0.1615E-05  CRITERION=  0.8243E-04
     DISP CONVERGENCE VALUE   =  0.5351E-05  CRITERION=  0.1185E-02 <<< CONVERGED
    EQUIL ITER   1 COMPLETED.  OLD TRIANG MATRIX.  MAX DOF INC=  0.5351E-05
     FORCE CONVERGENCE VALUE  =  0.9529E-06  CRITERION=  0.8242E-04 <<< CONVERGED
    >>> SOLUTION CONVERGED AFTER EQUILIBRIUM ITERATION   1
 *** LOAD STEP     2   SUBSTEP   108  COMPLETED.    CUM ITER =    228
 *** TIME =   11.8000         TIME INC =  0.100000    
 *** MAX VISCOELASTIC STRAIN STEP = 0.9123E-06

     FORCE CONVERGENCE VALUE  =  0.1561E-05  CRITERION=  0.8243E-04
     DISP CONVERGENCE VALUE   =  0.5186E-05  CRITERION=  0.1185E-02 <<< CONVERGED
    EQUIL ITER   1 COMPLETED.  OLD TRIANG MATRIX.  MAX DOF INC=  0.5186E-05
     FORCE CONVERGENCE VALUE  =  0.9212E-06  CRITERION=  0.8242E-04 <<< CONVERGED
    >>> SOLUTION CONVERGED AFTER EQUILIBRIUM ITERATION   1
 *** LOAD STEP     2   SUBSTEP   109  COMPLETED.    CUM ITER =    229
 *** TIME =   11.9000         TIME INC =  0.100000    
 *** MAX VISCOELASTIC STRAIN STEP = 0.9090E-06

     FORCE CONVERGENCE VALUE  =  0.1509E-05  CRITERION=  0.8243E-04
     DISP CONVERGENCE VALUE   =  0.5026E-05  CRITERION=  0.1185E-02 <<< CONVERGED
    EQUIL ITER   1 COMPLETED.  OLD TRIANG MATRIX.  MAX DOF INC=  0.5026E-05
     FORCE CONVERGENCE VALUE  =  0.8904E-06  CRITERION=  0.8242E-04 <<< CONVERGED
    >>> SOLUTION CONVERGED AFTER EQUILIBRIUM ITERATION   1
 *** LOAD STEP     2   SUBSTEP   110  COMPLETED.    CUM ITER =    230
 *** TIME =   12.0000         TIME INC =  0.100000    
 *** MAX VISCOELASTIC STRAIN STEP = 0.9057E-06

     FORCE CONVERGENCE VALUE  =  0.1459E-05  CRITERION=  0.8243E-04
     DISP CONVERGENCE VALUE   =  0.4872E-05  CRITERION=  0.1185E-02 <<< CONVERGED
    EQUIL ITER   1 COMPLETED.  OLD TRIANG MATRIX.  MAX DOF INC=  0.4872E-05
     FORCE CONVERGENCE VALUE  =  0.8607E-06  CRITERION=  0.8242E-04 <<< CONVERGED
    >>> SOLUTION CONVERGED AFTER EQUILIBRIUM ITERATION   1
 *** LOAD STEP     2   SUBSTEP   111  COMPLETED.    CUM ITER =    231
 *** TIME =   12.1000         TIME INC =  0.100000    
 *** MAX VISCOELASTIC STRAIN STEP = 0.9025E-06

     FORCE CONVERGENCE VALUE  =  0.1411E-05  CRITERION=  0.8243E-04
     DISP CONVERGENCE VALUE   =  0.4723E-05  CRITERION=  0.1185E-02 <<< CONVERGED
    EQUIL ITER   1 COMPLETED.  OLD TRIANG MATRIX.  MAX DOF INC=  0.4723E-05
     FORCE CONVERGENCE VALUE  =  0.8319E-06  CRITERION=  0.8242E-04 <<< CONVERGED
    >>> SOLUTION CONVERGED AFTER EQUILIBRIUM ITERATION   1
 *** LOAD STEP     2   SUBSTEP   112  COMPLETED.    CUM ITER =    232
 *** TIME =   12.2000         TIME INC =  0.100000    
 *** MAX VISCOELASTIC STRAIN STEP = 0.8994E-06

     FORCE CONVERGENCE VALUE  =  0.1364E-05  CRITERION=  0.8243E-04
     DISP CONVERGENCE VALUE   =  0.4579E-05  CRITERION=  0.1185E-02 <<< CONVERGED
    EQUIL ITER   1 COMPLETED.  OLD TRIANG MATRIX.  MAX DOF INC=  0.4579E-05
     FORCE CONVERGENCE VALUE  =  0.8040E-06  CRITERION=  0.8242E-04 <<< CONVERGED
    >>> SOLUTION CONVERGED AFTER EQUILIBRIUM ITERATION   1
 *** LOAD STEP     2   SUBSTEP   113  COMPLETED.    CUM ITER =    233
 *** TIME =   12.3000         TIME INC =  0.100000    
 *** MAX VISCOELASTIC STRAIN STEP = 0.8963E-06

     FORCE CONVERGENCE VALUE  =  0.1318E-05  CRITERION=  0.8243E-04
     DISP CONVERGENCE VALUE   =  0.4440E-05  CRITERION=  0.1185E-02 <<< CONVERGED
    EQUIL ITER   1 COMPLETED.  OLD TRIANG MATRIX.  MAX DOF INC=  0.4440E-05
     FORCE CONVERGENCE VALUE  =  0.7770E-06  CRITERION=  0.8242E-04 <<< CONVERGED
    >>> SOLUTION CONVERGED AFTER EQUILIBRIUM ITERATION   1
 *** LOAD STEP     2   SUBSTEP   114  COMPLETED.    CUM ITER =    234
 *** TIME =   12.4000         TIME INC =  0.100000    
 *** MAX VISCOELASTIC STRAIN STEP = 0.8934E-06

     FORCE CONVERGENCE VALUE  =  0.1274E-05  CRITERION=  0.8243E-04
     DISP CONVERGENCE VALUE   =  0.4305E-05  CRITERION=  0.1185E-02 <<< CONVERGED
    EQUIL ITER   1 COMPLETED.  OLD TRIANG MATRIX.  MAX DOF INC=  0.4305E-05
     FORCE CONVERGENCE VALUE  =  0.7509E-06  CRITERION=  0.8242E-04 <<< CONVERGED
    >>> SOLUTION CONVERGED AFTER EQUILIBRIUM ITERATION   1
 *** LOAD STEP     2   SUBSTEP   115  COMPLETED.    CUM ITER =    235
 *** TIME =   12.5000         TIME INC =  0.100000    
 *** MAX VISCOELASTIC STRAIN STEP = 0.8905E-06

     FORCE CONVERGENCE VALUE  =  0.1231E-05  CRITERION=  0.8243E-04
     DISP CONVERGENCE VALUE   =  0.4175E-05  CRITERION=  0.1185E-02 <<< CONVERGED
    EQUIL ITER   1 COMPLETED.  OLD TRIANG MATRIX.  MAX DOF INC=  0.4175E-05
     FORCE CONVERGENCE VALUE  =  0.7256E-06  CRITERION=  0.8242E-04 <<< CONVERGED
    >>> SOLUTION CONVERGED AFTER EQUILIBRIUM ITERATION   1
 *** LOAD STEP     2   SUBSTEP   116  COMPLETED.    CUM ITER =    236
 *** TIME =   12.6000         TIME INC =  0.100000    
 *** MAX VISCOELASTIC STRAIN STEP = 0.8876E-06

     FORCE CONVERGENCE VALUE  =  0.1190E-05  CRITERION=  0.8243E-04
     DISP CONVERGENCE VALUE   =  0.4049E-05  CRITERION=  0.1185E-02 <<< CONVERGED
    EQUIL ITER   1 COMPLETED.  OLD TRIANG MATRIX.  MAX DOF INC=  0.4049E-05
     FORCE CONVERGENCE VALUE  =  0.7011E-06  CRITERION=  0.8242E-04 <<< CONVERGED
    >>> SOLUTION CONVERGED AFTER EQUILIBRIUM ITERATION   1
 *** LOAD STEP     2   SUBSTEP   117  COMPLETED.    CUM ITER =    237
 *** TIME =   12.7000         TIME INC =  0.100000    
 *** MAX VISCOELASTIC STRAIN STEP = 0.8849E-06

     FORCE CONVERGENCE VALUE  =  0.1150E-05  CRITERION=  0.8243E-04
     DISP CONVERGENCE VALUE   =  0.3928E-05  CRITERION=  0.1185E-02 <<< CONVERGED
    EQUIL ITER   1 COMPLETED.  OLD TRIANG MATRIX.  MAX DOF INC=  0.3928E-05
     FORCE CONVERGENCE VALUE  =  0.6774E-06  CRITERION=  0.8242E-04 <<< CONVERGED
    >>> SOLUTION CONVERGED AFTER EQUILIBRIUM ITERATION   1
 *** LOAD STEP     2   SUBSTEP   118  COMPLETED.    CUM ITER =    238
 *** TIME =   12.8000         TIME INC =  0.100000    
 *** MAX VISCOELASTIC STRAIN STEP = 0.8821E-06

     FORCE CONVERGENCE VALUE  =  0.1111E-05  CRITERION=  0.8243E-04
     DISP CONVERGENCE VALUE   =  0.3810E-05  CRITERION=  0.1185E-02 <<< CONVERGED
    EQUIL ITER   1 COMPLETED.  OLD TRIANG MATRIX.  MAX DOF INC=  0.3810E-05
     FORCE CONVERGENCE VALUE  =  0.6545E-06  CRITERION=  0.8242E-04 <<< CONVERGED
    >>> SOLUTION CONVERGED AFTER EQUILIBRIUM ITERATION   1
 *** LOAD STEP     2   SUBSTEP   119  COMPLETED.    CUM ITER =    239
 *** TIME =   12.9000         TIME INC =  0.100000    
 *** MAX VISCOELASTIC STRAIN STEP = 0.8795E-06

     FORCE CONVERGENCE VALUE  =  0.1074E-05  CRITERION=  0.8243E-04
     DISP CONVERGENCE VALUE   =  0.3697E-05  CRITERION=  0.1185E-02 <<< CONVERGED
    EQUIL ITER   1 COMPLETED.  OLD TRIANG MATRIX.  MAX DOF INC=  0.3697E-05
     FORCE CONVERGENCE VALUE  =  0.6323E-06  CRITERION=  0.8242E-04 <<< CONVERGED
    >>> SOLUTION CONVERGED AFTER EQUILIBRIUM ITERATION   1
 *** LOAD STEP     2   SUBSTEP   120  COMPLETED.    CUM ITER =    240
 *** TIME =   13.0000         TIME INC =  0.100000    
 *** MAX VISCOELASTIC STRAIN STEP = 0.8769E-06

     FORCE CONVERGENCE VALUE  =  0.1037E-05  CRITERION=  0.8243E-04
     DISP CONVERGENCE VALUE   =  0.3587E-05  CRITERION=  0.1185E-02 <<< CONVERGED
    EQUIL ITER   1 COMPLETED.  OLD TRIANG MATRIX.  MAX DOF INC=  0.3587E-05
     FORCE CONVERGENCE VALUE  =  0.6108E-06  CRITERION=  0.8242E-04 <<< CONVERGED
    >>> SOLUTION CONVERGED AFTER EQUILIBRIUM ITERATION   1
 *** LOAD STEP     2   SUBSTEP   121  COMPLETED.    CUM ITER =    241
 *** TIME =   13.1000         TIME INC =  0.100000    
 *** MAX VISCOELASTIC STRAIN STEP = 0.8744E-06

     FORCE CONVERGENCE VALUE  =  0.1002E-05  CRITERION=  0.8243E-04
     DISP CONVERGENCE VALUE   =  0.3481E-05  CRITERION=  0.1185E-02 <<< CONVERGED
    EQUIL ITER   1 COMPLETED.  OLD TRIANG MATRIX.  MAX DOF INC=  0.3481E-05
     FORCE CONVERGENCE VALUE  =  0.5900E-06  CRITERION=  0.8242E-04 <<< CONVERGED
    >>> SOLUTION CONVERGED AFTER EQUILIBRIUM ITERATION   1
 *** LOAD STEP     2   SUBSTEP   122  COMPLETED.    CUM ITER =    242
 *** TIME =   13.2000         TIME INC =  0.100000    
 *** MAX VISCOELASTIC STRAIN STEP = 0.8719E-06

     FORCE CONVERGENCE VALUE  =  0.9684E-06  CRITERION=  0.8243E-04
     DISP CONVERGENCE VALUE   =  0.3378E-05  CRITERION=  0.1185E-02 <<< CONVERGED
    EQUIL ITER   1 COMPLETED.  OLD TRIANG MATRIX.  MAX DOF INC=  0.3378E-05
     FORCE CONVERGENCE VALUE  =  0.5698E-06  CRITERION=  0.8242E-04 <<< CONVERGED
    >>> SOLUTION CONVERGED AFTER EQUILIBRIUM ITERATION   1
 *** LOAD STEP     2   SUBSTEP   123  COMPLETED.    CUM ITER =    243
 *** TIME =   13.3000         TIME INC =  0.100000    
 *** MAX VISCOELASTIC STRAIN STEP = 0.8694E-06

     FORCE CONVERGENCE VALUE  =  0.9355E-06  CRITERION=  0.8243E-04
     DISP CONVERGENCE VALUE   =  0.3279E-05  CRITERION=  0.1185E-02 <<< CONVERGED
    EQUIL ITER   1 COMPLETED.  OLD TRIANG MATRIX.  MAX DOF INC=  0.3279E-05
     FORCE CONVERGENCE VALUE  =  0.5503E-06  CRITERION=  0.8242E-04 <<< CONVERGED
    >>> SOLUTION CONVERGED AFTER EQUILIBRIUM ITERATION   1
 *** LOAD STEP     2   SUBSTEP   124  COMPLETED.    CUM ITER =    244
 *** TIME =   13.4000         TIME INC =  0.100000    
 *** MAX VISCOELASTIC STRAIN STEP = 0.8671E-06

     FORCE CONVERGENCE VALUE  =  0.9036E-06  CRITERION=  0.8243E-04
     DISP CONVERGENCE VALUE   =  0.3183E-05  CRITERION=  0.1185E-02 <<< CONVERGED
    EQUIL ITER   1 COMPLETED.  OLD TRIANG MATRIX.  MAX DOF INC=  0.3183E-05
     FORCE CONVERGENCE VALUE  =  0.5315E-06  CRITERION=  0.8242E-04 <<< CONVERGED
    >>> SOLUTION CONVERGED AFTER EQUILIBRIUM ITERATION   1
 *** LOAD STEP     2   SUBSTEP   125  COMPLETED.    CUM ITER =    245
 *** TIME =   13.5000         TIME INC =  0.100000    
 *** MAX VISCOELASTIC STRAIN STEP = 0.8647E-06

     FORCE CONVERGENCE VALUE  =  0.8728E-06  CRITERION=  0.8243E-04
     DISP CONVERGENCE VALUE   =  0.3091E-05  CRITERION=  0.1185E-02 <<< CONVERGED
    EQUIL ITER   1 COMPLETED.  OLD TRIANG MATRIX.  MAX DOF INC=  0.3091E-05
     FORCE CONVERGENCE VALUE  =  0.5132E-06  CRITERION=  0.8243E-04 <<< CONVERGED
    >>> SOLUTION CONVERGED AFTER EQUILIBRIUM ITERATION   1
 *** LOAD STEP     2   SUBSTEP   126  COMPLETED.    CUM ITER =    246
 *** TIME =   13.6000         TIME INC =  0.100000    
 *** MAX VISCOELASTIC STRAIN STEP = 0.8625E-06

     FORCE CONVERGENCE VALUE  =  0.8430E-06  CRITERION=  0.8243E-04
     DISP CONVERGENCE VALUE   =  0.3001E-05  CRITERION=  0.1185E-02 <<< CONVERGED
    EQUIL ITER   1 COMPLETED.  OLD TRIANG MATRIX.  MAX DOF INC=  0.3001E-05
     FORCE CONVERGENCE VALUE  =  0.4955E-06  CRITERION=  0.8243E-04 <<< CONVERGED
    >>> SOLUTION CONVERGED AFTER EQUILIBRIUM ITERATION   1
 *** LOAD STEP     2   SUBSTEP   127  COMPLETED.    CUM ITER =    247
 *** TIME =   13.7000         TIME INC =  0.100000    
 *** MAX VISCOELASTIC STRAIN STEP = 0.8602E-06

     FORCE CONVERGENCE VALUE  =  0.8141E-06  CRITERION=  0.8243E-04
     DISP CONVERGENCE VALUE   =  0.2915E-05  CRITERION=  0.1185E-02 <<< CONVERGED
    EQUIL ITER   1 COMPLETED.  OLD TRIANG MATRIX.  MAX DOF INC=  0.2915E-05
     FORCE CONVERGENCE VALUE  =  0.4784E-06  CRITERION=  0.8243E-04 <<< CONVERGED
    >>> SOLUTION CONVERGED AFTER EQUILIBRIUM ITERATION   1
 *** LOAD STEP     2   SUBSTEP   128  COMPLETED.    CUM ITER =    248
 *** TIME =   13.8000         TIME INC =  0.100000    
 *** MAX VISCOELASTIC STRAIN STEP = 0.8580E-06

     FORCE CONVERGENCE VALUE  =  0.7862E-06  CRITERION=  0.8243E-04
     DISP CONVERGENCE VALUE   =  0.2831E-05  CRITERION=  0.1185E-02 <<< CONVERGED
    EQUIL ITER   1 COMPLETED.  OLD TRIANG MATRIX.  MAX DOF INC=  0.2831E-05
     FORCE CONVERGENCE VALUE  =  0.4618E-06  CRITERION=  0.8243E-04 <<< CONVERGED
    >>> SOLUTION CONVERGED AFTER EQUILIBRIUM ITERATION   1
 *** LOAD STEP     2   SUBSTEP   129  COMPLETED.    CUM ITER =    249
 *** TIME =   13.9000         TIME INC =  0.100000    
 *** MAX VISCOELASTIC STRAIN STEP = 0.8559E-06

     FORCE CONVERGENCE VALUE  =  0.7591E-06  CRITERION=  0.8243E-04
     DISP CONVERGENCE VALUE   =  0.2750E-05  CRITERION=  0.1185E-02 <<< CONVERGED
    EQUIL ITER   1 COMPLETED.  OLD TRIANG MATRIX.  MAX DOF INC=  0.2750E-05
     FORCE CONVERGENCE VALUE  =  0.4458E-06  CRITERION=  0.8243E-04 <<< CONVERGED
    >>> SOLUTION CONVERGED AFTER EQUILIBRIUM ITERATION   1
 *** LOAD STEP     2   SUBSTEP   130  COMPLETED.    CUM ITER =    250
 *** TIME =   14.0000         TIME INC =  0.100000    
 *** MAX VISCOELASTIC STRAIN STEP = 0.8538E-06

     FORCE CONVERGENCE VALUE  =  0.7330E-06  CRITERION=  0.8243E-04
     DISP CONVERGENCE VALUE   =  0.2672E-05  CRITERION=  0.1185E-02 <<< CONVERGED
    EQUIL ITER   1 COMPLETED.  OLD TRIANG MATRIX.  MAX DOF INC=  0.2672E-05
     FORCE CONVERGENCE VALUE  =  0.4303E-06  CRITERION=  0.8243E-04 <<< CONVERGED
    >>> SOLUTION CONVERGED AFTER EQUILIBRIUM ITERATION   1
 *** LOAD STEP     2   SUBSTEP   131  COMPLETED.    CUM ITER =    251
 *** TIME =   14.1000         TIME INC =  0.100000    
 *** MAX VISCOELASTIC STRAIN STEP = 0.8517E-06

     FORCE CONVERGENCE VALUE  =  0.7076E-06  CRITERION=  0.8243E-04
     DISP CONVERGENCE VALUE   =  0.2596E-05  CRITERION=  0.1185E-02 <<< CONVERGED
    EQUIL ITER   1 COMPLETED.  OLD TRIANG MATRIX.  MAX DOF INC=  0.2596E-05
     FORCE CONVERGENCE VALUE  =  0.4153E-06  CRITERION=  0.8243E-04 <<< CONVERGED
    >>> SOLUTION CONVERGED AFTER EQUILIBRIUM ITERATION   1
 *** LOAD STEP     2   SUBSTEP   132  COMPLETED.    CUM ITER =    252
 *** TIME =   14.2000         TIME INC =  0.100000    
 *** MAX VISCOELASTIC STRAIN STEP = 0.8497E-06

     FORCE CONVERGENCE VALUE  =  0.6831E-06  CRITERION=  0.8243E-04
     DISP CONVERGENCE VALUE   =  0.2523E-05  CRITERION=  0.1185E-02 <<< CONVERGED
    EQUIL ITER   1 COMPLETED.  OLD TRIANG MATRIX.  MAX DOF INC=  0.2523E-05
     FORCE CONVERGENCE VALUE  =  0.4007E-06  CRITERION=  0.8243E-04 <<< CONVERGED
    >>> SOLUTION CONVERGED AFTER EQUILIBRIUM ITERATION   1
 *** LOAD STEP     2   SUBSTEP   133  COMPLETED.    CUM ITER =    253
 *** TIME =   14.3000         TIME INC =  0.100000    
 *** MAX VISCOELASTIC STRAIN STEP = 0.8477E-06

     FORCE CONVERGENCE VALUE  =  0.6594E-06  CRITERION=  0.8243E-04
     DISP CONVERGENCE VALUE   =  0.2452E-05  CRITERION=  0.1185E-02 <<< CONVERGED
    EQUIL ITER   1 COMPLETED.  OLD TRIANG MATRIX.  MAX DOF INC=  0.2452E-05
     FORCE CONVERGENCE VALUE  =  0.3867E-06  CRITERION=  0.8243E-04 <<< CONVERGED
    >>> SOLUTION CONVERGED AFTER EQUILIBRIUM ITERATION   1
 *** LOAD STEP     2   SUBSTEP   134  COMPLETED.    CUM ITER =    254
 *** TIME =   14.4000         TIME INC =  0.100000    
 *** MAX VISCOELASTIC STRAIN STEP = 0.8457E-06

     FORCE CONVERGENCE VALUE  =  0.6364E-06  CRITERION=  0.8243E-04
     DISP CONVERGENCE VALUE   =  0.2384E-05  CRITERION=  0.1185E-02 <<< CONVERGED
    EQUIL ITER   1 COMPLETED.  OLD TRIANG MATRIX.  MAX DOF INC=  0.2384E-05
     FORCE CONVERGENCE VALUE  =  0.3731E-06  CRITERION=  0.8243E-04 <<< CONVERGED
    >>> SOLUTION CONVERGED AFTER EQUILIBRIUM ITERATION   1
 *** LOAD STEP     2   SUBSTEP   135  COMPLETED.    CUM ITER =    255
 *** TIME =   14.5000         TIME INC =  0.100000    
 *** MAX VISCOELASTIC STRAIN STEP = 0.8438E-06

     FORCE CONVERGENCE VALUE  =  0.6142E-06  CRITERION=  0.8243E-04
     DISP CONVERGENCE VALUE   =  0.2318E-05  CRITERION=  0.1185E-02 <<< CONVERGED
    EQUIL ITER   1 COMPLETED.  OLD TRIANG MATRIX.  MAX DOF INC=  0.2318E-05
     FORCE CONVERGENCE VALUE  =  0.3599E-06  CRITERION=  0.8243E-04 <<< CONVERGED
    >>> SOLUTION CONVERGED AFTER EQUILIBRIUM ITERATION   1
 *** LOAD STEP     2   SUBSTEP   136  COMPLETED.    CUM ITER =    256
 *** TIME =   14.6000         TIME INC =  0.100000    
 *** MAX VISCOELASTIC STRAIN STEP = 0.8419E-06

     FORCE CONVERGENCE VALUE  =  0.5927E-06  CRITERION=  0.8244E-04
     DISP CONVERGENCE VALUE   =  0.2254E-05  CRITERION=  0.1185E-02 <<< CONVERGED
    EQUIL ITER   1 COMPLETED.  OLD TRIANG MATRIX.  MAX DOF INC=  0.2254E-05
     FORCE CONVERGENCE VALUE  =  0.3471E-06  CRITERION=  0.8243E-04 <<< CONVERGED
    >>> SOLUTION CONVERGED AFTER EQUILIBRIUM ITERATION   1
 *** LOAD STEP     2   SUBSTEP   137  COMPLETED.    CUM ITER =    257
 *** TIME =   14.7000         TIME INC =  0.100000    
 *** MAX VISCOELASTIC STRAIN STEP = 0.8401E-06

     FORCE CONVERGENCE VALUE  =  0.5719E-06  CRITERION=  0.8244E-04
     DISP CONVERGENCE VALUE   =  0.2192E-05  CRITERION=  0.1185E-02 <<< CONVERGED
    EQUIL ITER   1 COMPLETED.  OLD TRIANG MATRIX.  MAX DOF INC=  0.2192E-05
     FORCE CONVERGENCE VALUE  =  0.3348E-06  CRITERION=  0.8243E-04 <<< CONVERGED
    >>> SOLUTION CONVERGED AFTER EQUILIBRIUM ITERATION   1
 *** LOAD STEP     2   SUBSTEP   138  COMPLETED.    CUM ITER =    258
 *** TIME =   14.8000         TIME INC =  0.100000    
 *** MAX VISCOELASTIC STRAIN STEP = 0.8383E-06

     FORCE CONVERGENCE VALUE  =  0.5518E-06  CRITERION=  0.8244E-04
     DISP CONVERGENCE VALUE   =  0.2132E-05  CRITERION=  0.1185E-02 <<< CONVERGED
    EQUIL ITER   1 COMPLETED.  OLD TRIANG MATRIX.  MAX DOF INC=  0.2132E-05
     FORCE CONVERGENCE VALUE  =  0.3229E-06  CRITERION=  0.8243E-04 <<< CONVERGED
    >>> SOLUTION CONVERGED AFTER EQUILIBRIUM ITERATION   1
 *** LOAD STEP     2   SUBSTEP   139  COMPLETED.    CUM ITER =    259
 *** TIME =   14.9000         TIME INC =  0.100000    
 *** MAX VISCOELASTIC STRAIN STEP = 0.8365E-06

     FORCE CONVERGENCE VALUE  =  0.5323E-06  CRITERION=  0.8244E-04
     DISP CONVERGENCE VALUE   =  0.2075E-05  CRITERION=  0.1185E-02 <<< CONVERGED
    EQUIL ITER   1 COMPLETED.  OLD TRIANG MATRIX.  MAX DOF INC=  0.2075E-05
     FORCE CONVERGENCE VALUE  =  0.3113E-06  CRITERION=  0.8243E-04 <<< CONVERGED
    >>> SOLUTION CONVERGED AFTER EQUILIBRIUM ITERATION   1
 *** LOAD STEP     2   SUBSTEP   140  COMPLETED.    CUM ITER =    260
 *** TIME =   15.0000         TIME INC =  0.100000    
 *** MAX VISCOELASTIC STRAIN STEP = 0.8348E-06

     FORCE CONVERGENCE VALUE  =  0.5135E-06  CRITERION=  0.8244E-04
     DISP CONVERGENCE VALUE   =  0.2019E-05  CRITERION=  0.1185E-02 <<< CONVERGED
    EQUIL ITER   1 COMPLETED.  OLD TRIANG MATRIX.  MAX DOF INC=  0.2019E-05
     FORCE CONVERGENCE VALUE  =  0.3001E-06  CRITERION=  0.8244E-04 <<< CONVERGED
    >>> SOLUTION CONVERGED AFTER EQUILIBRIUM ITERATION   1
 *** LOAD STEP     2   SUBSTEP   141  COMPLETED.    CUM ITER =    261
 *** TIME =   15.1000         TIME INC =  0.100000    
 *** MAX VISCOELASTIC STRAIN STEP = 0.8330E-06

     FORCE CONVERGENCE VALUE  =  0.4952E-06  CRITERION=  0.8244E-04
     DISP CONVERGENCE VALUE   =  0.1965E-05  CRITERION=  0.1185E-02 <<< CONVERGED
    EQUIL ITER   1 COMPLETED.  OLD TRIANG MATRIX.  MAX DOF INC=  0.1965E-05
     FORCE CONVERGENCE VALUE  =  0.2893E-06  CRITERION=  0.8244E-04 <<< CONVERGED
    >>> SOLUTION CONVERGED AFTER EQUILIBRIUM ITERATION   1
 *** LOAD STEP     2   SUBSTEP   142  COMPLETED.    CUM ITER =    262
 *** TIME =   15.2000         TIME INC =  0.100000    
 *** MAX VISCOELASTIC STRAIN STEP = 0.8313E-06

     FORCE CONVERGENCE VALUE  =  0.4776E-06  CRITERION=  0.8244E-04
     DISP CONVERGENCE VALUE   =  0.1913E-05  CRITERION=  0.1185E-02 <<< CONVERGED
    EQUIL ITER   1 COMPLETED.  OLD TRIANG MATRIX.  MAX DOF INC=  0.1913E-05
     FORCE CONVERGENCE VALUE  =  0.2789E-06  CRITERION=  0.8244E-04 <<< CONVERGED
    >>> SOLUTION CONVERGED AFTER EQUILIBRIUM ITERATION   1
 *** LOAD STEP     2   SUBSTEP   143  COMPLETED.    CUM ITER =    263
 *** TIME =   15.3000         TIME INC =  0.100000    
 *** MAX VISCOELASTIC STRAIN STEP = 0.8297E-06

     FORCE CONVERGENCE VALUE  =  0.4605E-06  CRITERION=  0.8244E-04
     DISP CONVERGENCE VALUE   =  0.1862E-05  CRITERION=  0.1185E-02 <<< CONVERGED
    EQUIL ITER   1 COMPLETED.  OLD TRIANG MATRIX.  MAX DOF INC=  0.1862E-05
     FORCE CONVERGENCE VALUE  =  0.2687E-06  CRITERION=  0.8244E-04 <<< CONVERGED
    >>> SOLUTION CONVERGED AFTER EQUILIBRIUM ITERATION   1
 *** LOAD STEP     2   SUBSTEP   144  COMPLETED.    CUM ITER =    264
 *** TIME =   15.4000         TIME INC =  0.100000    
 *** MAX VISCOELASTIC STRAIN STEP = 0.8280E-06

     FORCE CONVERGENCE VALUE  =  0.4440E-06  CRITERION=  0.8244E-04
     DISP CONVERGENCE VALUE   =  0.1814E-05  CRITERION=  0.1185E-02 <<< CONVERGED
    EQUIL ITER   1 COMPLETED.  OLD TRIANG MATRIX.  MAX DOF INC=  0.1814E-05
     FORCE CONVERGENCE VALUE  =  0.2589E-06  CRITERION=  0.8244E-04 <<< CONVERGED
    >>> SOLUTION CONVERGED AFTER EQUILIBRIUM ITERATION   1
 *** LOAD STEP     2   SUBSTEP   145  COMPLETED.    CUM ITER =    265
 *** TIME =   15.5000         TIME INC =  0.100000    
 *** MAX VISCOELASTIC STRAIN STEP = 0.8264E-06

     FORCE CONVERGENCE VALUE  =  0.4280E-06  CRITERION=  0.8244E-04
     DISP CONVERGENCE VALUE   =  0.1766E-05  CRITERION=  0.1185E-02 <<< CONVERGED
    EQUIL ITER   1 COMPLETED.  OLD TRIANG MATRIX.  MAX DOF INC=  0.1766E-05
     FORCE CONVERGENCE VALUE  =  0.2495E-06  CRITERION=  0.8244E-04 <<< CONVERGED
    >>> SOLUTION CONVERGED AFTER EQUILIBRIUM ITERATION   1
 *** LOAD STEP     2   SUBSTEP   146  COMPLETED.    CUM ITER =    266
 *** TIME =   15.6000         TIME INC =  0.100000    
 *** MAX VISCOELASTIC STRAIN STEP = 0.8248E-06

     FORCE CONVERGENCE VALUE  =  0.4125E-06  CRITERION=  0.8244E-04
     DISP CONVERGENCE VALUE   =  0.1721E-05  CRITERION=  0.1185E-02 <<< CONVERGED
    EQUIL ITER   1 COMPLETED.  OLD TRIANG MATRIX.  MAX DOF INC=  0.1721E-05
     FORCE CONVERGENCE VALUE  =  0.2403E-06  CRITERION=  0.8244E-04 <<< CONVERGED
    >>> SOLUTION CONVERGED AFTER EQUILIBRIUM ITERATION   1
 *** LOAD STEP     2   SUBSTEP   147  COMPLETED.    CUM ITER =    267
 *** TIME =   15.7000         TIME INC =  0.100000    
 *** MAX VISCOELASTIC STRAIN STEP = 0.8232E-06

     FORCE CONVERGENCE VALUE  =  0.3976E-06  CRITERION=  0.8244E-04
     DISP CONVERGENCE VALUE   =  0.1677E-05  CRITERION=  0.1185E-02 <<< CONVERGED
    EQUIL ITER   1 COMPLETED.  OLD TRIANG MATRIX.  MAX DOF INC=  0.1677E-05
     FORCE CONVERGENCE VALUE  =  0.2314E-06  CRITERION=  0.8244E-04 <<< CONVERGED
    >>> SOLUTION CONVERGED AFTER EQUILIBRIUM ITERATION   1
 *** LOAD STEP     2   SUBSTEP   148  COMPLETED.    CUM ITER =    268
 *** TIME =   15.8000         TIME INC =  0.100000    
 *** MAX VISCOELASTIC STRAIN STEP = 0.8217E-06

     FORCE CONVERGENCE VALUE  =  0.3831E-06  CRITERION=  0.8244E-04
     DISP CONVERGENCE VALUE   =  0.1634E-05  CRITERION=  0.1185E-02 <<< CONVERGED
    EQUIL ITER   1 COMPLETED.  OLD TRIANG MATRIX.  MAX DOF INC=  0.1634E-05
     FORCE CONVERGENCE VALUE  =  0.2228E-06  CRITERION=  0.8244E-04 <<< CONVERGED
    >>> SOLUTION CONVERGED AFTER EQUILIBRIUM ITERATION   1
 *** LOAD STEP     2   SUBSTEP   149  COMPLETED.    CUM ITER =    269
 *** TIME =   15.9000         TIME INC =  0.100000    
 *** MAX VISCOELASTIC STRAIN STEP = 0.8202E-06

     FORCE CONVERGENCE VALUE  =  0.3691E-06  CRITERION=  0.8244E-04
     DISP CONVERGENCE VALUE   =  0.1593E-05  CRITERION=  0.1185E-02 <<< CONVERGED
    EQUIL ITER   1 COMPLETED.  OLD TRIANG MATRIX.  MAX DOF INC=  0.1593E-05
     FORCE CONVERGENCE VALUE  =  0.2145E-06  CRITERION=  0.8244E-04 <<< CONVERGED
    >>> SOLUTION CONVERGED AFTER EQUILIBRIUM ITERATION   1
 *** LOAD STEP     2   SUBSTEP   150  COMPLETED.    CUM ITER =    270
 *** TIME =   16.0000         TIME INC =  0.100000    
 *** MAX VISCOELASTIC STRAIN STEP = 0.8187E-06

     FORCE CONVERGENCE VALUE  =  0.3555E-06  CRITERION=  0.8245E-04
     DISP CONVERGENCE VALUE   =  0.1553E-05  CRITERION=  0.1185E-02 <<< CONVERGED
    EQUIL ITER   1 COMPLETED.  OLD TRIANG MATRIX.  MAX DOF INC=  0.1553E-05
     FORCE CONVERGENCE VALUE  =  0.2065E-06  CRITERION=  0.8244E-04 <<< CONVERGED
    >>> SOLUTION CONVERGED AFTER EQUILIBRIUM ITERATION   1
 *** LOAD STEP     2   SUBSTEP   151  COMPLETED.    CUM ITER =    271
 *** TIME =   16.1000         TIME INC =  0.100000    
 *** MAX VISCOELASTIC STRAIN STEP = 0.8172E-06

     FORCE CONVERGENCE VALUE  =  0.3424E-06  CRITERION=  0.8245E-04
     DISP CONVERGENCE VALUE   =  0.1515E-05  CRITERION=  0.1185E-02 <<< CONVERGED
    EQUIL ITER   1 COMPLETED.  OLD TRIANG MATRIX.  MAX DOF INC=  0.1515E-05
     FORCE CONVERGENCE VALUE  =  0.1987E-06  CRITERION=  0.8244E-04 <<< CONVERGED
    >>> SOLUTION CONVERGED AFTER EQUILIBRIUM ITERATION   1
 *** LOAD STEP     2   SUBSTEP   152  COMPLETED.    CUM ITER =    272
 *** TIME =   16.2000         TIME INC =  0.100000    
 *** MAX VISCOELASTIC STRAIN STEP = 0.8157E-06

     FORCE CONVERGENCE VALUE  =  0.3297E-06  CRITERION=  0.8245E-04
     DISP CONVERGENCE VALUE   =  0.1477E-05  CRITERION=  0.1185E-02 <<< CONVERGED
    EQUIL ITER   1 COMPLETED.  OLD TRIANG MATRIX.  MAX DOF INC=  0.1477E-05
     FORCE CONVERGENCE VALUE  =  0.1912E-06  CRITERION=  0.8245E-04 <<< CONVERGED
    >>> SOLUTION CONVERGED AFTER EQUILIBRIUM ITERATION   1
 *** LOAD STEP     2   SUBSTEP   153  COMPLETED.    CUM ITER =    273
 *** TIME =   16.3000         TIME INC =  0.100000    
 *** MAX VISCOELASTIC STRAIN STEP = 0.8143E-06

     FORCE CONVERGENCE VALUE  =  0.3175E-06  CRITERION=  0.8245E-04
     DISP CONVERGENCE VALUE   =  0.1441E-05  CRITERION=  0.1185E-02 <<< CONVERGED
    EQUIL ITER   1 COMPLETED.  OLD TRIANG MATRIX.  MAX DOF INC=  0.1441E-05
     FORCE CONVERGENCE VALUE  =  0.1839E-06  CRITERION=  0.8245E-04 <<< CONVERGED
    >>> SOLUTION CONVERGED AFTER EQUILIBRIUM ITERATION   1
 *** LOAD STEP     2   SUBSTEP   154  COMPLETED.    CUM ITER =    274
 *** TIME =   16.4000         TIME INC =  0.100000    
 *** MAX VISCOELASTIC STRAIN STEP = 0.8129E-06

     FORCE CONVERGENCE VALUE  =  0.3056E-06  CRITERION=  0.8245E-04
     DISP CONVERGENCE VALUE   =  0.1406E-05  CRITERION=  0.1185E-02 <<< CONVERGED
    EQUIL ITER   1 COMPLETED.  OLD TRIANG MATRIX.  MAX DOF INC=  0.1406E-05
     FORCE CONVERGENCE VALUE  =  0.1769E-06  CRITERION=  0.8245E-04 <<< CONVERGED
    >>> SOLUTION CONVERGED AFTER EQUILIBRIUM ITERATION   1
 *** LOAD STEP     2   SUBSTEP   155  COMPLETED.    CUM ITER =    275
 *** TIME =   16.5000         TIME INC =  0.100000    
 *** MAX VISCOELASTIC STRAIN STEP = 0.8115E-06

     FORCE CONVERGENCE VALUE  =  0.2941E-06  CRITERION=  0.8245E-04
     DISP CONVERGENCE VALUE   =  0.1373E-05  CRITERION=  0.1185E-02 <<< CONVERGED
    EQUIL ITER   1 COMPLETED.  OLD TRIANG MATRIX.  MAX DOF INC=  0.1373E-05
     FORCE CONVERGENCE VALUE  =  0.1701E-06  CRITERION=  0.8245E-04 <<< CONVERGED
    >>> SOLUTION CONVERGED AFTER EQUILIBRIUM ITERATION   1
 *** LOAD STEP     2   SUBSTEP   156  COMPLETED.    CUM ITER =    276
 *** TIME =   16.6000         TIME INC =  0.100000    
 *** MAX VISCOELASTIC STRAIN STEP = 0.8101E-06

     FORCE CONVERGENCE VALUE  =  0.2830E-06  CRITERION=  0.8245E-04
     DISP CONVERGENCE VALUE   =  0.1340E-05  CRITERION=  0.1185E-02 <<< CONVERGED
    EQUIL ITER   1 COMPLETED.  OLD TRIANG MATRIX.  MAX DOF INC=  0.1340E-05
     FORCE CONVERGENCE VALUE  =  0.1635E-06  CRITERION=  0.8245E-04 <<< CONVERGED
    >>> SOLUTION CONVERGED AFTER EQUILIBRIUM ITERATION   1
 *** LOAD STEP     2   SUBSTEP   157  COMPLETED.    CUM ITER =    277
 *** TIME =   16.7000         TIME INC =  0.100000    
 *** MAX VISCOELASTIC STRAIN STEP = 0.8088E-06

     FORCE CONVERGENCE VALUE  =  0.2723E-06  CRITERION=  0.8245E-04
     DISP CONVERGENCE VALUE   =  0.1309E-05  CRITERION=  0.1185E-02 <<< CONVERGED
    EQUIL ITER   1 COMPLETED.  OLD TRIANG MATRIX.  MAX DOF INC=  0.1309E-05
     FORCE CONVERGENCE VALUE  =  0.1571E-06  CRITERION=  0.8245E-04 <<< CONVERGED
    >>> SOLUTION CONVERGED AFTER EQUILIBRIUM ITERATION   1
 *** LOAD STEP     2   SUBSTEP   158  COMPLETED.    CUM ITER =    278
 *** TIME =   16.8000         TIME INC =  0.100000    
 *** MAX VISCOELASTIC STRAIN STEP = 0.8074E-06

     FORCE CONVERGENCE VALUE  =  0.2619E-06  CRITERION=  0.8245E-04
     DISP CONVERGENCE VALUE   =  0.1278E-05  CRITERION=  0.1185E-02 <<< CONVERGED
    EQUIL ITER   1 COMPLETED.  OLD TRIANG MATRIX.  MAX DOF INC=  0.1278E-05
     FORCE CONVERGENCE VALUE  =  0.1510E-06  CRITERION=  0.8245E-04 <<< CONVERGED
    >>> SOLUTION CONVERGED AFTER EQUILIBRIUM ITERATION   1
 *** LOAD STEP     2   SUBSTEP   159  COMPLETED.    CUM ITER =    279
 *** TIME =   16.9000         TIME INC =  0.100000    
 *** MAX VISCOELASTIC STRAIN STEP = 0.8061E-06

     FORCE CONVERGENCE VALUE  =  0.2518E-06  CRITERION=  0.8245E-04
     DISP CONVERGENCE VALUE   =  0.1249E-05  CRITERION=  0.1185E-02 <<< CONVERGED
    EQUIL ITER   1 COMPLETED.  OLD TRIANG MATRIX.  MAX DOF INC=  0.1249E-05
     FORCE CONVERGENCE VALUE  =  0.1450E-06  CRITERION=  0.8245E-04 <<< CONVERGED
    >>> SOLUTION CONVERGED AFTER EQUILIBRIUM ITERATION   1
 *** LOAD STEP     2   SUBSTEP   160  COMPLETED.    CUM ITER =    280
 *** TIME =   17.0000         TIME INC =  0.100000    
 *** MAX VISCOELASTIC STRAIN STEP = 0.8048E-06

     FORCE CONVERGENCE VALUE  =  0.2421E-06  CRITERION=  0.8245E-04
     DISP CONVERGENCE VALUE   =  0.1220E-05  CRITERION=  0.1185E-02 <<< CONVERGED
    EQUIL ITER   1 COMPLETED.  OLD TRIANG MATRIX.  MAX DOF INC=  0.1220E-05
     FORCE CONVERGENCE VALUE  =  0.1392E-06  CRITERION=  0.8245E-04 <<< CONVERGED
    >>> SOLUTION CONVERGED AFTER EQUILIBRIUM ITERATION   1
 *** LOAD STEP     2   SUBSTEP   161  COMPLETED.    CUM ITER =    281
 *** TIME =   17.1000         TIME INC =  0.100000    
 *** MAX VISCOELASTIC STRAIN STEP = 0.8035E-06

     FORCE CONVERGENCE VALUE  =  0.2327E-06  CRITERION=  0.8246E-04
     DISP CONVERGENCE VALUE   =  0.1193E-05  CRITERION=  0.1185E-02 <<< CONVERGED
    EQUIL ITER   1 COMPLETED.  OLD TRIANG MATRIX.  MAX DOF INC=  0.1193E-05
     FORCE CONVERGENCE VALUE  =  0.1337E-06  CRITERION=  0.8245E-04 <<< CONVERGED
    >>> SOLUTION CONVERGED AFTER EQUILIBRIUM ITERATION   1
 *** LOAD STEP     2   SUBSTEP   162  COMPLETED.    CUM ITER =    282
 *** TIME =   17.2000         TIME INC =  0.100000    
 *** MAX VISCOELASTIC STRAIN STEP = 0.8022E-06

     FORCE CONVERGENCE VALUE  =  0.2236E-06  CRITERION=  0.8246E-04
     DISP CONVERGENCE VALUE   =  0.1166E-05  CRITERION=  0.1185E-02 <<< CONVERGED
    EQUIL ITER   1 COMPLETED.  OLD TRIANG MATRIX.  MAX DOF INC=  0.1166E-05
     FORCE CONVERGENCE VALUE  =  0.1283E-06  CRITERION=  0.8246E-04 <<< CONVERGED
    >>> SOLUTION CONVERGED AFTER EQUILIBRIUM ITERATION   1
 *** LOAD STEP     2   SUBSTEP   163  COMPLETED.    CUM ITER =    283
 *** TIME =   17.3000         TIME INC =  0.100000    
 *** MAX VISCOELASTIC STRAIN STEP = 0.8009E-06

     FORCE CONVERGENCE VALUE  =  0.2148E-06  CRITERION=  0.8246E-04
     DISP CONVERGENCE VALUE   =  0.1140E-05  CRITERION=  0.1185E-02 <<< CONVERGED
    EQUIL ITER   1 COMPLETED.  OLD TRIANG MATRIX.  MAX DOF INC=  0.1140E-05
     FORCE CONVERGENCE VALUE  =  0.1230E-06  CRITERION=  0.8246E-04 <<< CONVERGED
    >>> SOLUTION CONVERGED AFTER EQUILIBRIUM ITERATION   1
 *** LOAD STEP     2   SUBSTEP   164  COMPLETED.    CUM ITER =    284
 *** TIME =   17.4000         TIME INC =  0.100000    
 *** MAX VISCOELASTIC STRAIN STEP = 0.7997E-06

     FORCE CONVERGENCE VALUE  =  0.2063E-06  CRITERION=  0.8246E-04
     DISP CONVERGENCE VALUE   =  0.1115E-05  CRITERION=  0.1185E-02 <<< CONVERGED
    EQUIL ITER   1 COMPLETED.  OLD TRIANG MATRIX.  MAX DOF INC=  0.1115E-05
     FORCE CONVERGENCE VALUE  =  0.1180E-06  CRITERION=  0.8246E-04 <<< CONVERGED
    >>> SOLUTION CONVERGED AFTER EQUILIBRIUM ITERATION   1
 *** LOAD STEP     2   SUBSTEP   165  COMPLETED.    CUM ITER =    285
 *** TIME =   17.5000         TIME INC =  0.100000    
 *** MAX VISCOELASTIC STRAIN STEP = 0.7984E-06

     FORCE CONVERGENCE VALUE  =  0.1981E-06  CRITERION=  0.8246E-04
     DISP CONVERGENCE VALUE   =  0.1091E-05  CRITERION=  0.1185E-02 <<< CONVERGED
    EQUIL ITER   1 COMPLETED.  OLD TRIANG MATRIX.  MAX DOF INC=  0.1091E-05
     FORCE CONVERGENCE VALUE  =  0.1131E-06  CRITERION=  0.8246E-04 <<< CONVERGED
    >>> SOLUTION CONVERGED AFTER EQUILIBRIUM ITERATION   1
 *** LOAD STEP     2   SUBSTEP   166  COMPLETED.    CUM ITER =    286
 *** TIME =   17.6000         TIME INC =  0.100000    
 *** MAX VISCOELASTIC STRAIN STEP = 0.7972E-06

     FORCE CONVERGENCE VALUE  =  0.1901E-06  CRITERION=  0.8246E-04
     DISP CONVERGENCE VALUE   =  0.1068E-05  CRITERION=  0.1185E-02 <<< CONVERGED
    EQUIL ITER   1 COMPLETED.  OLD TRIANG MATRIX.  MAX DOF INC=  0.1068E-05
     FORCE CONVERGENCE VALUE  =  0.1084E-06  CRITERION=  0.8246E-04 <<< CONVERGED
    >>> SOLUTION CONVERGED AFTER EQUILIBRIUM ITERATION   1
 *** LOAD STEP     2   SUBSTEP   167  COMPLETED.    CUM ITER =    287
 *** TIME =   17.7000         TIME INC =  0.100000    
 *** MAX VISCOELASTIC STRAIN STEP = 0.7960E-06

     FORCE CONVERGENCE VALUE  =  0.1824E-06  CRITERION=  0.8246E-04
     DISP CONVERGENCE VALUE   =  0.1045E-05  CRITERION=  0.1185E-02 <<< CONVERGED
    EQUIL ITER   1 COMPLETED.  OLD TRIANG MATRIX.  MAX DOF INC=  0.1045E-05
     FORCE CONVERGENCE VALUE  =  0.1038E-06  CRITERION=  0.8246E-04 <<< CONVERGED
    >>> SOLUTION CONVERGED AFTER EQUILIBRIUM ITERATION   1
 *** LOAD STEP     2   SUBSTEP   168  COMPLETED.    CUM ITER =    288
 *** TIME =   17.8000         TIME INC =  0.100000    
 *** MAX VISCOELASTIC STRAIN STEP = 0.7948E-06

     FORCE CONVERGENCE VALUE  =  0.1750E-06  CRITERION=  0.8246E-04
     DISP CONVERGENCE VALUE   =  0.1023E-05  CRITERION=  0.1185E-02 <<< CONVERGED
    EQUIL ITER   1 COMPLETED.  OLD TRIANG MATRIX.  MAX DOF INC=  0.1023E-05
     FORCE CONVERGENCE VALUE  =  0.9943E-07  CRITERION=  0.8246E-04 <<< CONVERGED
    >>> SOLUTION CONVERGED AFTER EQUILIBRIUM ITERATION   1
 *** LOAD STEP     2   SUBSTEP   169  COMPLETED.    CUM ITER =    289
 *** TIME =   17.9000         TIME INC =  0.100000    
 *** MAX VISCOELASTIC STRAIN STEP = 0.7936E-06

     FORCE CONVERGENCE VALUE  =  0.1678E-06  CRITERION=  0.8246E-04
     DISP CONVERGENCE VALUE   =  0.1002E-05  CRITERION=  0.1185E-02 <<< CONVERGED
    EQUIL ITER   1 COMPLETED.  OLD TRIANG MATRIX.  MAX DOF INC=  0.1002E-05
     FORCE CONVERGENCE VALUE  =  0.9517E-07  CRITERION=  0.8246E-04 <<< CONVERGED
    >>> SOLUTION CONVERGED AFTER EQUILIBRIUM ITERATION   1
 *** LOAD STEP     2   SUBSTEP   170  COMPLETED.    CUM ITER =    290
 *** TIME =   18.0000         TIME INC =  0.100000    
 *** MAX VISCOELASTIC STRAIN STEP = 0.7924E-06

     FORCE CONVERGENCE VALUE  =  0.1609E-06  CRITERION=  0.8247E-04
     DISP CONVERGENCE VALUE   =  0.9817E-06  CRITERION=  0.1185E-02 <<< CONVERGED
    EQUIL ITER   1 COMPLETED.  OLD TRIANG MATRIX.  MAX DOF INC=  0.9817E-06
     FORCE CONVERGENCE VALUE  =  0.9104E-07  CRITERION=  0.8246E-04 <<< CONVERGED
    >>> SOLUTION CONVERGED AFTER EQUILIBRIUM ITERATION   1
 *** LOAD STEP     2   SUBSTEP   171  COMPLETED.    CUM ITER =    291
 *** TIME =   18.1000         TIME INC =  0.100000    
 *** MAX VISCOELASTIC STRAIN STEP = 0.7912E-06

     FORCE CONVERGENCE VALUE  =  0.1541E-06  CRITERION=  0.8247E-04
     DISP CONVERGENCE VALUE   =  0.9620E-06  CRITERION=  0.1185E-02 <<< CONVERGED
    EQUIL ITER   1 COMPLETED.  OLD TRIANG MATRIX.  MAX DOF INC=  0.9620E-06
     FORCE CONVERGENCE VALUE  =  0.8705E-07  CRITERION=  0.8246E-04 <<< CONVERGED
    >>> SOLUTION CONVERGED AFTER EQUILIBRIUM ITERATION   1
 *** LOAD STEP     2   SUBSTEP   172  COMPLETED.    CUM ITER =    292
 *** TIME =   18.2000         TIME INC =  0.100000    
 *** MAX VISCOELASTIC STRAIN STEP = 0.7901E-06

     FORCE CONVERGENCE VALUE  =  0.1476E-06  CRITERION=  0.8247E-04
     DISP CONVERGENCE VALUE   =  0.9428E-06  CRITERION=  0.1185E-02 <<< CONVERGED
    EQUIL ITER   1 COMPLETED.  OLD TRIANG MATRIX.  MAX DOF INC=  0.9428E-06
     FORCE CONVERGENCE VALUE  =  0.8320E-07  CRITERION=  0.8247E-04 <<< CONVERGED
    >>> SOLUTION CONVERGED AFTER EQUILIBRIUM ITERATION   1
 *** LOAD STEP     2   SUBSTEP   173  COMPLETED.    CUM ITER =    293
 *** TIME =   18.3000         TIME INC =  0.100000    
 *** MAX VISCOELASTIC STRAIN STEP = 0.7889E-06

     FORCE CONVERGENCE VALUE  =  0.1413E-06  CRITERION=  0.8247E-04
     DISP CONVERGENCE VALUE   =  0.9244E-06  CRITERION=  0.1185E-02 <<< CONVERGED
    EQUIL ITER   1 COMPLETED.  OLD TRIANG MATRIX.  MAX DOF INC=  0.9244E-06
     FORCE CONVERGENCE VALUE  =  0.7947E-07  CRITERION=  0.8247E-04 <<< CONVERGED
    >>> SOLUTION CONVERGED AFTER EQUILIBRIUM ITERATION   1
 *** LOAD STEP     2   SUBSTEP   174  COMPLETED.    CUM ITER =    294
 *** TIME =   18.4000         TIME INC =  0.100000    
 *** MAX VISCOELASTIC STRAIN STEP = 0.7878E-06

     FORCE CONVERGENCE VALUE  =  0.1353E-06  CRITERION=  0.8247E-04
     DISP CONVERGENCE VALUE   =  0.9065E-06  CRITERION=  0.1185E-02 <<< CONVERGED
    EQUIL ITER   1 COMPLETED.  OLD TRIANG MATRIX.  MAX DOF INC=  0.9065E-06
     FORCE CONVERGENCE VALUE  =  0.7586E-07  CRITERION=  0.8247E-04 <<< CONVERGED
    >>> SOLUTION CONVERGED AFTER EQUILIBRIUM ITERATION   1
 *** LOAD STEP     2   SUBSTEP   175  COMPLETED.    CUM ITER =    295
 *** TIME =   18.5000         TIME INC =  0.100000    
 *** MAX VISCOELASTIC STRAIN STEP = 0.7867E-06

     FORCE CONVERGENCE VALUE  =  0.1294E-06  CRITERION=  0.8247E-04
     DISP CONVERGENCE VALUE   =  0.8891E-06  CRITERION=  0.1185E-02 <<< CONVERGED
    EQUIL ITER   1 COMPLETED.  OLD TRIANG MATRIX.  MAX DOF INC=  0.8891E-06
     FORCE CONVERGENCE VALUE  =  0.7238E-07  CRITERION=  0.8247E-04 <<< CONVERGED
    >>> SOLUTION CONVERGED AFTER EQUILIBRIUM ITERATION   1
 *** LOAD STEP     2   SUBSTEP   176  COMPLETED.    CUM ITER =    296
 *** TIME =   18.6000         TIME INC =  0.100000    
 *** MAX VISCOELASTIC STRAIN STEP = 0.7856E-06

     FORCE CONVERGENCE VALUE  =  0.1237E-06  CRITERION=  0.8247E-04
     DISP CONVERGENCE VALUE   =  0.8724E-06  CRITERION=  0.1185E-02 <<< CONVERGED
    EQUIL ITER   1 COMPLETED.  OLD TRIANG MATRIX.  MAX DOF INC=  0.8724E-06
     FORCE CONVERGENCE VALUE  =  0.6901E-07  CRITERION=  0.8247E-04 <<< CONVERGED
    >>> SOLUTION CONVERGED AFTER EQUILIBRIUM ITERATION   1
 *** LOAD STEP     2   SUBSTEP   177  COMPLETED.    CUM ITER =    297
 *** TIME =   18.7000         TIME INC =  0.100000    
 *** MAX VISCOELASTIC STRAIN STEP = 0.7844E-06

     FORCE CONVERGENCE VALUE  =  0.1182E-06  CRITERION=  0.8247E-04
     DISP CONVERGENCE VALUE   =  0.8562E-06  CRITERION=  0.1185E-02 <<< CONVERGED
    EQUIL ITER   1 COMPLETED.  OLD TRIANG MATRIX.  MAX DOF INC=  0.8562E-06
     FORCE CONVERGENCE VALUE  =  0.6575E-07  CRITERION=  0.8247E-04 <<< CONVERGED
    >>> SOLUTION CONVERGED AFTER EQUILIBRIUM ITERATION   1
 *** LOAD STEP     2   SUBSTEP   178  COMPLETED.    CUM ITER =    298
 *** TIME =   18.8000         TIME INC =  0.100000    
 *** MAX VISCOELASTIC STRAIN STEP = 0.7834E-06

     FORCE CONVERGENCE VALUE  =  0.1129E-06  CRITERION=  0.8247E-04
     DISP CONVERGENCE VALUE   =  0.8405E-06  CRITERION=  0.1185E-02 <<< CONVERGED
    EQUIL ITER   1 COMPLETED.  OLD TRIANG MATRIX.  MAX DOF INC=  0.8405E-06
     FORCE CONVERGENCE VALUE  =  0.6260E-07  CRITERION=  0.8247E-04 <<< CONVERGED
    >>> SOLUTION CONVERGED AFTER EQUILIBRIUM ITERATION   1
 *** LOAD STEP     2   SUBSTEP   179  COMPLETED.    CUM ITER =    299
 *** TIME =   18.9000         TIME INC =  0.100000    
 *** MAX VISCOELASTIC STRAIN STEP = 0.7823E-06

     FORCE CONVERGENCE VALUE  =  0.1078E-06  CRITERION=  0.8247E-04
     DISP CONVERGENCE VALUE   =  0.8253E-06  CRITERION=  0.1185E-02 <<< CONVERGED
    EQUIL ITER   1 COMPLETED.  OLD TRIANG MATRIX.  MAX DOF INC=  0.8253E-06
     FORCE CONVERGENCE VALUE  =  0.5956E-07  CRITERION=  0.8247E-04 <<< CONVERGED
    >>> SOLUTION CONVERGED AFTER EQUILIBRIUM ITERATION   1
 *** LOAD STEP     2   SUBSTEP   180  COMPLETED.    CUM ITER =    300
 *** TIME =   19.0000         TIME INC =  0.100000    
 *** MAX VISCOELASTIC STRAIN STEP = 0.7812E-06

     FORCE CONVERGENCE VALUE  =  0.1028E-06  CRITERION=  0.8248E-04
     DISP CONVERGENCE VALUE   =  0.8107E-06  CRITERION=  0.1185E-02 <<< CONVERGED
    EQUIL ITER   1 COMPLETED.  OLD TRIANG MATRIX.  MAX DOF INC=  0.8107E-06
     FORCE CONVERGENCE VALUE  =  0.5662E-07  CRITERION=  0.8248E-04 <<< CONVERGED
    >>> SOLUTION CONVERGED AFTER EQUILIBRIUM ITERATION   1
 *** LOAD STEP     2   SUBSTEP   181  COMPLETED.    CUM ITER =    301
 *** TIME =   19.1000         TIME INC =  0.100000    
 *** MAX VISCOELASTIC STRAIN STEP = 0.7801E-06

     FORCE CONVERGENCE VALUE  =  0.9803E-07  CRITERION=  0.8248E-04
     DISP CONVERGENCE VALUE   =  0.7964E-06  CRITERION=  0.1185E-02 <<< CONVERGED
    EQUIL ITER   1 COMPLETED.  OLD TRIANG MATRIX.  MAX DOF INC=  0.7964E-06
     FORCE CONVERGENCE VALUE  =  0.5378E-07  CRITERION=  0.8248E-04 <<< CONVERGED
    >>> SOLUTION CONVERGED AFTER EQUILIBRIUM ITERATION   1
 *** LOAD STEP     2   SUBSTEP   182  COMPLETED.    CUM ITER =    302
 *** TIME =   19.2000         TIME INC =  0.100000    
 *** MAX VISCOELASTIC STRAIN STEP = 0.7790E-06

     FORCE CONVERGENCE VALUE  =  0.9340E-07  CRITERION=  0.8248E-04
     DISP CONVERGENCE VALUE   =  0.7827E-06  CRITERION=  0.1185E-02 <<< CONVERGED
    EQUIL ITER   1 COMPLETED.  OLD TRIANG MATRIX.  MAX DOF INC=  0.7827E-06
     FORCE CONVERGENCE VALUE  =  0.5103E-07  CRITERION=  0.8248E-04 <<< CONVERGED
    >>> SOLUTION CONVERGED AFTER EQUILIBRIUM ITERATION   1
 *** LOAD STEP     2   SUBSTEP   183  COMPLETED.    CUM ITER =    303
 *** TIME =   19.3000         TIME INC =  0.100000    
 *** MAX VISCOELASTIC STRAIN STEP = 0.7780E-06

     FORCE CONVERGENCE VALUE  =  0.8892E-07  CRITERION=  0.8248E-04
     DISP CONVERGENCE VALUE   =  0.7694E-06  CRITERION=  0.1185E-02 <<< CONVERGED
    EQUIL ITER   1 COMPLETED.  OLD TRIANG MATRIX.  MAX DOF INC=  0.7694E-06
     FORCE CONVERGENCE VALUE  =  0.4838E-07  CRITERION=  0.8248E-04 <<< CONVERGED
    >>> SOLUTION CONVERGED AFTER EQUILIBRIUM ITERATION   1
 *** LOAD STEP     2   SUBSTEP   184  COMPLETED.    CUM ITER =    304
 *** TIME =   19.4000         TIME INC =  0.100000    
 *** MAX VISCOELASTIC STRAIN STEP = 0.7769E-06

     FORCE CONVERGENCE VALUE  =  0.8460E-07  CRITERION=  0.8248E-04
     DISP CONVERGENCE VALUE   =  0.7565E-06  CRITERION=  0.1185E-02 <<< CONVERGED
    EQUIL ITER   1 COMPLETED.  OLD TRIANG MATRIX.  MAX DOF INC=  0.7565E-06
     FORCE CONVERGENCE VALUE  =  0.4581E-07  CRITERION=  0.8248E-04 <<< CONVERGED
    >>> SOLUTION CONVERGED AFTER EQUILIBRIUM ITERATION   1
 *** LOAD STEP     2   SUBSTEP   185  COMPLETED.    CUM ITER =    305
 *** TIME =   19.5000         TIME INC =  0.100000    
 *** MAX VISCOELASTIC STRAIN STEP = 0.7759E-06

     FORCE CONVERGENCE VALUE  =  0.8043E-07  CRITERION=  0.8248E-04
     DISP CONVERGENCE VALUE   =  0.7440E-06  CRITERION=  0.1185E-02 <<< CONVERGED
    EQUIL ITER   1 COMPLETED.  OLD TRIANG MATRIX.  MAX DOF INC=  0.7440E-06
     FORCE CONVERGENCE VALUE  =  0.4334E-07  CRITERION=  0.8248E-04 <<< CONVERGED
    >>> SOLUTION CONVERGED AFTER EQUILIBRIUM ITERATION   1
 *** LOAD STEP     2   SUBSTEP   186  COMPLETED.    CUM ITER =    306
 *** TIME =   19.6000         TIME INC =  0.100000    
 *** MAX VISCOELASTIC STRAIN STEP = 0.7749E-06

     FORCE CONVERGENCE VALUE  =  0.7640E-07  CRITERION=  0.8248E-04
     DISP CONVERGENCE VALUE   =  0.7320E-06  CRITERION=  0.1185E-02 <<< CONVERGED
    EQUIL ITER   1 COMPLETED.  OLD TRIANG MATRIX.  MAX DOF INC=  0.7320E-06
     FORCE CONVERGENCE VALUE  =  0.4094E-07  CRITERION=  0.8248E-04 <<< CONVERGED
    >>> SOLUTION CONVERGED AFTER EQUILIBRIUM ITERATION   1
 *** LOAD STEP     2   SUBSTEP   187  COMPLETED.    CUM ITER =    307
 *** TIME =   19.7000         TIME INC =  0.100000    
 *** MAX VISCOELASTIC STRAIN STEP = 0.7738E-06

     FORCE CONVERGENCE VALUE  =  0.7250E-07  CRITERION=  0.8248E-04
     DISP CONVERGENCE VALUE   =  0.7203E-06  CRITERION=  0.1185E-02 <<< CONVERGED
    EQUIL ITER   1 COMPLETED.  OLD TRIANG MATRIX.  MAX DOF INC=  0.7203E-06
     FORCE CONVERGENCE VALUE  =  0.3863E-07  CRITERION=  0.8248E-04 <<< CONVERGED
    >>> SOLUTION CONVERGED AFTER EQUILIBRIUM ITERATION   1
 *** LOAD STEP     2   SUBSTEP   188  COMPLETED.    CUM ITER =    308
 *** TIME =   19.8000         TIME INC =  0.100000    
 *** MAX VISCOELASTIC STRAIN STEP = 0.7728E-06

     FORCE CONVERGENCE VALUE  =  0.6874E-07  CRITERION=  0.8249E-04
     DISP CONVERGENCE VALUE   =  0.7090E-06  CRITERION=  0.1185E-02 <<< CONVERGED
    EQUIL ITER   1 COMPLETED.  OLD TRIANG MATRIX.  MAX DOF INC=  0.7090E-06
     FORCE CONVERGENCE VALUE  =  0.3640E-07  CRITERION=  0.8248E-04 <<< CONVERGED
    >>> SOLUTION CONVERGED AFTER EQUILIBRIUM ITERATION   1
 *** LOAD STEP     2   SUBSTEP   189  COMPLETED.    CUM ITER =    309
 *** TIME =   19.9000         TIME INC =  0.100000    
 *** MAX VISCOELASTIC STRAIN STEP = 0.7718E-06

     FORCE CONVERGENCE VALUE  =  0.6511E-07  CRITERION=  0.8249E-04
     DISP CONVERGENCE VALUE   =  0.6981E-06  CRITERION=  0.1185E-02 <<< CONVERGED
    EQUIL ITER   1 COMPLETED.  OLD TRIANG MATRIX.  MAX DOF INC=  0.6981E-06
     FORCE CONVERGENCE VALUE  =  0.3425E-07  CRITERION=  0.8249E-04 <<< CONVERGED
    >>> SOLUTION CONVERGED AFTER EQUILIBRIUM ITERATION   1
 *** LOAD STEP     2   SUBSTEP   190  COMPLETED.    CUM ITER =    310
 *** TIME =   20.0000         TIME INC =  0.100000    
 *** MAX VISCOELASTIC STRAIN STEP = 0.7708E-06

     FORCE CONVERGENCE VALUE  =  0.6161E-07  CRITERION=  0.8249E-04
     DISP CONVERGENCE VALUE   =  0.6875E-06  CRITERION=  0.1185E-02 <<< CONVERGED
    EQUIL ITER   1 COMPLETED.  OLD TRIANG MATRIX.  MAX DOF INC=  0.6875E-06
     FORCE CONVERGENCE VALUE  =  0.3217E-07  CRITERION=  0.8249E-04 <<< CONVERGED
    >>> SOLUTION CONVERGED AFTER EQUILIBRIUM ITERATION   1
 *** LOAD STEP     2   SUBSTEP   191  COMPLETED.    CUM ITER =    311
 *** TIME =   20.1000         TIME INC =  0.100000    
 *** MAX VISCOELASTIC STRAIN STEP = 0.7698E-06

     FORCE CONVERGENCE VALUE  =  0.5822E-07  CRITERION=  0.8249E-04
     DISP CONVERGENCE VALUE   =  0.6772E-06  CRITERION=  0.1185E-02 <<< CONVERGED
    EQUIL ITER   1 COMPLETED.  OLD TRIANG MATRIX.  MAX DOF INC=  0.6772E-06
     FORCE CONVERGENCE VALUE  =  0.3016E-07  CRITERION=  0.8249E-04 <<< CONVERGED
    >>> SOLUTION CONVERGED AFTER EQUILIBRIUM ITERATION   1
 *** LOAD STEP     2   SUBSTEP   192  COMPLETED.    CUM ITER =    312
 *** TIME =   20.2000         TIME INC =  0.100000    
 *** MAX VISCOELASTIC STRAIN STEP = 0.7688E-06

     FORCE CONVERGENCE VALUE  =  0.5496E-07  CRITERION=  0.8249E-04
     DISP CONVERGENCE VALUE   =  0.6673E-06  CRITERION=  0.1185E-02 <<< CONVERGED
    EQUIL ITER   1 COMPLETED.  OLD TRIANG MATRIX.  MAX DOF INC=  0.6673E-06
     FORCE CONVERGENCE VALUE  =  0.2823E-07  CRITERION=  0.8249E-04 <<< CONVERGED
    >>> SOLUTION CONVERGED AFTER EQUILIBRIUM ITERATION   1
 *** LOAD STEP     2   SUBSTEP   193  COMPLETED.    CUM ITER =    313
 *** TIME =   20.3000         TIME INC =  0.100000    
 *** MAX VISCOELASTIC STRAIN STEP = 0.7678E-06

     FORCE CONVERGENCE VALUE  =  0.5181E-07  CRITERION=  0.8249E-04
     DISP CONVERGENCE VALUE   =  0.6577E-06  CRITERION=  0.1185E-02 <<< CONVERGED
    EQUIL ITER   1 COMPLETED.  OLD TRIANG MATRIX.  MAX DOF INC=  0.6577E-06
     FORCE CONVERGENCE VALUE  =  0.2636E-07  CRITERION=  0.8249E-04 <<< CONVERGED
    >>> SOLUTION CONVERGED AFTER EQUILIBRIUM ITERATION   1
 *** LOAD STEP     2   SUBSTEP   194  COMPLETED.    CUM ITER =    314
 *** TIME =   20.4000         TIME INC =  0.100000    
 *** MAX VISCOELASTIC STRAIN STEP = 0.7668E-06

     FORCE CONVERGENCE VALUE  =  0.4878E-07  CRITERION=  0.8249E-04
     DISP CONVERGENCE VALUE   =  0.6484E-06  CRITERION=  0.1185E-02 <<< CONVERGED
    EQUIL ITER   1 COMPLETED.  OLD TRIANG MATRIX.  MAX DOF INC=  0.6484E-06
     FORCE CONVERGENCE VALUE  =  0.2457E-07  CRITERION=  0.8249E-04 <<< CONVERGED
    >>> SOLUTION CONVERGED AFTER EQUILIBRIUM ITERATION   1
 *** LOAD STEP     2   SUBSTEP   195  COMPLETED.    CUM ITER =    315
 *** TIME =   20.5000         TIME INC =  0.100000    
 *** MAX VISCOELASTIC STRAIN STEP = 0.7659E-06

     FORCE CONVERGENCE VALUE  =  0.4586E-07  CRITERION=  0.8249E-04
     DISP CONVERGENCE VALUE   =  0.6394E-06  CRITERION=  0.1185E-02 <<< CONVERGED
    EQUIL ITER   1 COMPLETED.  OLD TRIANG MATRIX.  MAX DOF INC=  0.6394E-06
     FORCE CONVERGENCE VALUE  =  0.2283E-07  CRITERION=  0.8249E-04 <<< CONVERGED
    >>> SOLUTION CONVERGED AFTER EQUILIBRIUM ITERATION   1
 *** LOAD STEP     2   SUBSTEP   196  COMPLETED.    CUM ITER =    316
 *** TIME =   20.6000         TIME INC =  0.100000    
 *** MAX VISCOELASTIC STRAIN STEP = 0.7649E-06

     FORCE CONVERGENCE VALUE  =  0.4304E-07  CRITERION=  0.8249E-04
     DISP CONVERGENCE VALUE   =  0.6306E-06  CRITERION=  0.1185E-02 <<< CONVERGED
    EQUIL ITER   1 COMPLETED.  OLD TRIANG MATRIX.  MAX DOF INC=  0.6306E-06
     FORCE CONVERGENCE VALUE  =  0.2117E-07  CRITERION=  0.8249E-04 <<< CONVERGED
    >>> SOLUTION CONVERGED AFTER EQUILIBRIUM ITERATION   1
 *** LOAD STEP     2   SUBSTEP   197  COMPLETED.    CUM ITER =    317
 *** TIME =   20.7000         TIME INC =  0.100000    
 *** MAX VISCOELASTIC STRAIN STEP = 0.7639E-06

     FORCE CONVERGENCE VALUE  =  0.4033E-07  CRITERION=  0.8250E-04
     DISP CONVERGENCE VALUE   =  0.6222E-06  CRITERION=  0.1185E-02 <<< CONVERGED
    EQUIL ITER   1 COMPLETED.  OLD TRIANG MATRIX.  MAX DOF INC=  0.6222E-06
     FORCE CONVERGENCE VALUE  =  0.1957E-07  CRITERION=  0.8250E-04 <<< CONVERGED
    >>> SOLUTION CONVERGED AFTER EQUILIBRIUM ITERATION   1
 *** LOAD STEP     2   SUBSTEP   198  COMPLETED.    CUM ITER =    318
 *** TIME =   20.8000         TIME INC =  0.100000    
 *** MAX VISCOELASTIC STRAIN STEP = 0.7630E-06

     FORCE CONVERGENCE VALUE  =  0.3773E-07  CRITERION=  0.8250E-04
     DISP CONVERGENCE VALUE   =  0.6140E-06  CRITERION=  0.1185E-02 <<< CONVERGED
    EQUIL ITER   1 COMPLETED.  OLD TRIANG MATRIX.  MAX DOF INC=  0.6140E-06
     FORCE CONVERGENCE VALUE  =  0.1803E-07  CRITERION=  0.8250E-04 <<< CONVERGED
    >>> SOLUTION CONVERGED AFTER EQUILIBRIUM ITERATION   1
 *** LOAD STEP     2   SUBSTEP   199  COMPLETED.    CUM ITER =    319
 *** TIME =   20.9000         TIME INC =  0.100000    
 *** MAX VISCOELASTIC STRAIN STEP = 0.7620E-06

     FORCE CONVERGENCE VALUE  =  0.3522E-07  CRITERION=  0.8250E-04
     DISP CONVERGENCE VALUE   =  0.6061E-06  CRITERION=  0.1185E-02 <<< CONVERGED
    EQUIL ITER   1 COMPLETED.  OLD TRIANG MATRIX.  MAX DOF INC=  0.6061E-06
     FORCE CONVERGENCE VALUE  =  0.1655E-07  CRITERION=  0.8250E-04 <<< CONVERGED
    >>> SOLUTION CONVERGED AFTER EQUILIBRIUM ITERATION   1
 *** LOAD STEP     2   SUBSTEP   200  COMPLETED.    CUM ITER =    320
 *** TIME =   21.0000         TIME INC =  0.100000    
 *** MAX VISCOELASTIC STRAIN STEP = 0.7611E-06

     FORCE CONVERGENCE VALUE  =  0.3282E-07  CRITERION=  0.8250E-04
     DISP CONVERGENCE VALUE   =  0.5984E-06  CRITERION=  0.1185E-02 <<< CONVERGED
    EQUIL ITER   1 COMPLETED.  OLD TRIANG MATRIX.  MAX DOF INC=  0.5984E-06
     FORCE CONVERGENCE VALUE  =  0.1514E-07  CRITERION=  0.8250E-04 <<< CONVERGED
    >>> SOLUTION CONVERGED AFTER EQUILIBRIUM ITERATION   1
 *** LOAD STEP     2   SUBSTEP   201  COMPLETED.    CUM ITER =    321
 *** TIME =   21.1000         TIME INC =  0.100000    
 *** MAX VISCOELASTIC STRAIN STEP = 0.7601E-06

     FORCE CONVERGENCE VALUE  =  0.3051E-07  CRITERION=  0.8250E-04
     DISP CONVERGENCE VALUE   =  0.5909E-06  CRITERION=  0.1185E-02 <<< CONVERGED
    EQUIL ITER   1 COMPLETED.  OLD TRIANG MATRIX.  MAX DOF INC=  0.5909E-06
     FORCE CONVERGENCE VALUE  =  0.1379E-07  CRITERION=  0.8250E-04 <<< CONVERGED
    >>> SOLUTION CONVERGED AFTER EQUILIBRIUM ITERATION   1
 *** LOAD STEP     2   SUBSTEP   202  COMPLETED.    CUM ITER =    322
 *** TIME =   21.2000         TIME INC =  0.100000    
 *** MAX VISCOELASTIC STRAIN STEP = 0.7592E-06

     FORCE CONVERGENCE VALUE  =  0.2831E-07  CRITERION=  0.8250E-04
     DISP CONVERGENCE VALUE   =  0.5837E-06  CRITERION=  0.1185E-02 <<< CONVERGED
    EQUIL ITER   1 COMPLETED.  OLD TRIANG MATRIX.  MAX DOF INC=  0.5837E-06
     FORCE CONVERGENCE VALUE  =  0.1251E-07  CRITERION=  0.8250E-04 <<< CONVERGED
    >>> SOLUTION CONVERGED AFTER EQUILIBRIUM ITERATION   1
 *** LOAD STEP     2   SUBSTEP   203  COMPLETED.    CUM ITER =    323
 *** TIME =   21.3000         TIME INC =  0.100000    
 *** MAX VISCOELASTIC STRAIN STEP = 0.7582E-06

     FORCE CONVERGENCE VALUE  =  0.2620E-07  CRITERION=  0.8250E-04
     DISP CONVERGENCE VALUE   =  0.5767E-06  CRITERION=  0.1185E-02 <<< CONVERGED
    EQUIL ITER   1 COMPLETED.  OLD TRIANG MATRIX.  MAX DOF INC=  0.5767E-06
     FORCE CONVERGENCE VALUE  =  0.1130E-07  CRITERION=  0.8250E-04 <<< CONVERGED
    >>> SOLUTION CONVERGED AFTER EQUILIBRIUM ITERATION   1
 *** LOAD STEP     2   SUBSTEP   204  COMPLETED.    CUM ITER =    324
 *** TIME =   21.4000         TIME INC =  0.100000    
 *** MAX VISCOELASTIC STRAIN STEP = 0.7573E-06

     FORCE CONVERGENCE VALUE  =  0.2420E-07  CRITERION=  0.8250E-04
     DISP CONVERGENCE VALUE   =  0.5700E-06  CRITERION=  0.1185E-02 <<< CONVERGED
    EQUIL ITER   1 COMPLETED.  OLD TRIANG MATRIX.  MAX DOF INC=  0.5700E-06
     FORCE CONVERGENCE VALUE  =  0.1017E-07  CRITERION=  0.8250E-04 <<< CONVERGED
    >>> SOLUTION CONVERGED AFTER EQUILIBRIUM ITERATION   1
 *** LOAD STEP     2   SUBSTEP   205  COMPLETED.    CUM ITER =    325
 *** TIME =   21.5000         TIME INC =  0.100000    
 *** MAX VISCOELASTIC STRAIN STEP = 0.7564E-06

     FORCE CONVERGENCE VALUE  =  0.2230E-07  CRITERION=  0.8251E-04
     DISP CONVERGENCE VALUE   =  0.5634E-06  CRITERION=  0.1185E-02 <<< CONVERGED
    EQUIL ITER   1 COMPLETED.  OLD TRIANG MATRIX.  MAX DOF INC=  0.5634E-06
     FORCE CONVERGENCE VALUE  =  0.9110E-08  CRITERION=  0.8251E-04 <<< CONVERGED
    >>> SOLUTION CONVERGED AFTER EQUILIBRIUM ITERATION   1
 *** LOAD STEP     2   SUBSTEP   206  COMPLETED.    CUM ITER =    326
 *** TIME =   21.6000         TIME INC =  0.100000    
 *** MAX VISCOELASTIC STRAIN STEP = 0.7555E-06

     FORCE CONVERGENCE VALUE  =  0.2051E-07  CRITERION=  0.8251E-04
     DISP CONVERGENCE VALUE   =  0.5571E-06  CRITERION=  0.1185E-02 <<< CONVERGED
    EQUIL ITER   1 COMPLETED.  OLD TRIANG MATRIX.  MAX DOF INC=  0.5571E-06
     FORCE CONVERGENCE VALUE  =  0.8146E-08  CRITERION=  0.8251E-04 <<< CONVERGED
    >>> SOLUTION CONVERGED AFTER EQUILIBRIUM ITERATION   1
 *** LOAD STEP     2   SUBSTEP   207  COMPLETED.    CUM ITER =    327
 *** TIME =   21.7000         TIME INC =  0.100000    
 *** MAX VISCOELASTIC STRAIN STEP = 0.7545E-06

     FORCE CONVERGENCE VALUE  =  0.1883E-07  CRITERION=  0.8251E-04
     DISP CONVERGENCE VALUE   =  0.5509E-06  CRITERION=  0.1185E-02 <<< CONVERGED
    EQUIL ITER   1 COMPLETED.  OLD TRIANG MATRIX.  MAX DOF INC=  0.5509E-06
     FORCE CONVERGENCE VALUE  =  0.7287E-08  CRITERION=  0.8251E-04 <<< CONVERGED
    >>> SOLUTION CONVERGED AFTER EQUILIBRIUM ITERATION   1
 *** LOAD STEP     2   SUBSTEP   208  COMPLETED.    CUM ITER =    328
 *** TIME =   21.8000         TIME INC =  0.100000    
 *** MAX VISCOELASTIC STRAIN STEP = 0.7536E-06

     FORCE CONVERGENCE VALUE  =  0.1727E-07  CRITERION=  0.8251E-04
     DISP CONVERGENCE VALUE   =  0.5449E-06  CRITERION=  0.1185E-02 <<< CONVERGED
    EQUIL ITER   1 COMPLETED.  OLD TRIANG MATRIX.  MAX DOF INC=  0.5449E-06
     FORCE CONVERGENCE VALUE  =  0.6551E-08  CRITERION=  0.8251E-04 <<< CONVERGED
    >>> SOLUTION CONVERGED AFTER EQUILIBRIUM ITERATION   1
 *** LOAD STEP     2   SUBSTEP   209  COMPLETED.    CUM ITER =    329
 *** TIME =   21.9000         TIME INC =  0.100000    
 *** MAX VISCOELASTIC STRAIN STEP = 0.7527E-06

     FORCE CONVERGENCE VALUE  =  0.1583E-07  CRITERION=  0.8251E-04
     DISP CONVERGENCE VALUE   =  0.5392E-06  CRITERION=  0.1185E-02 <<< CONVERGED
    EQUIL ITER   1 COMPLETED.  OLD TRIANG MATRIX.  MAX DOF INC=  0.5392E-06
     FORCE CONVERGENCE VALUE  =  0.5960E-08  CRITERION=  0.8251E-04 <<< CONVERGED
    >>> SOLUTION CONVERGED AFTER EQUILIBRIUM ITERATION   1
 *** LOAD STEP     2   SUBSTEP   210  COMPLETED.    CUM ITER =    330
 *** TIME =   22.0000         TIME INC =  0.100000    
 *** MAX VISCOELASTIC STRAIN STEP = 0.7518E-06

     FORCE CONVERGENCE VALUE  =  0.1454E-07  CRITERION=  0.8251E-04
     DISP CONVERGENCE VALUE   =  0.5336E-06  CRITERION=  0.1185E-02 <<< CONVERGED
    EQUIL ITER   1 COMPLETED.  OLD TRIANG MATRIX.  MAX DOF INC=  0.5336E-06
     FORCE CONVERGENCE VALUE  =  0.5539E-08  CRITERION=  0.8251E-04 <<< CONVERGED
    >>> SOLUTION CONVERGED AFTER EQUILIBRIUM ITERATION   1
 *** LOAD STEP     2   SUBSTEP   211  COMPLETED.    CUM ITER =    331
 *** TIME =   22.1000         TIME INC =  0.100000    
 *** MAX VISCOELASTIC STRAIN STEP = 0.7509E-06

     FORCE CONVERGENCE VALUE  =  0.1340E-07  CRITERION=  0.8251E-04
     DISP CONVERGENCE VALUE   =  0.5281E-06  CRITERION=  0.1185E-02 <<< CONVERGED
    EQUIL ITER   1 COMPLETED.  OLD TRIANG MATRIX.  MAX DOF INC=  0.5281E-06
     FORCE CONVERGENCE VALUE  =  0.5304E-08  CRITERION=  0.8251E-04 <<< CONVERGED
    >>> SOLUTION CONVERGED AFTER EQUILIBRIUM ITERATION   1
 *** LOAD STEP     2   SUBSTEP   212  COMPLETED.    CUM ITER =    332
 *** TIME =   22.2000         TIME INC =  0.100000    
 *** MAX VISCOELASTIC STRAIN STEP = 0.7500E-06

     FORCE CONVERGENCE VALUE  =  0.1243E-07  CRITERION=  0.8251E-04
     DISP CONVERGENCE VALUE   =  0.5228E-06  CRITERION=  0.1185E-02 <<< CONVERGED
    EQUIL ITER   1 COMPLETED.  OLD TRIANG MATRIX.  MAX DOF INC=  0.5228E-06
     FORCE CONVERGENCE VALUE  =  0.5259E-08  CRITERION=  0.8251E-04 <<< CONVERGED
    >>> SOLUTION CONVERGED AFTER EQUILIBRIUM ITERATION   1
 *** LOAD STEP     2   SUBSTEP   213  COMPLETED.    CUM ITER =    333
 *** TIME =   22.3000         TIME INC =  0.100000    
 *** MAX VISCOELASTIC STRAIN STEP = 0.7491E-06

     FORCE CONVERGENCE VALUE  =  0.1164E-07  CRITERION=  0.8252E-04
     DISP CONVERGENCE VALUE   =  0.5177E-06  CRITERION=  0.1185E-02 <<< CONVERGED
    EQUIL ITER   1 COMPLETED.  OLD TRIANG MATRIX.  MAX DOF INC=  0.5177E-06
     FORCE CONVERGENCE VALUE  =  0.5390E-08  CRITERION=  0.8252E-04 <<< CONVERGED
    >>> SOLUTION CONVERGED AFTER EQUILIBRIUM ITERATION   1
 *** LOAD STEP     2   SUBSTEP   214  COMPLETED.    CUM ITER =    334
 *** TIME =   22.4000         TIME INC =  0.100000    
 *** MAX VISCOELASTIC STRAIN STEP = 0.7482E-06

     FORCE CONVERGENCE VALUE  =  0.1106E-07  CRITERION=  0.8252E-04
     DISP CONVERGENCE VALUE   =  0.5128E-06  CRITERION=  0.1185E-02 <<< CONVERGED
    EQUIL ITER   1 COMPLETED.  OLD TRIANG MATRIX.  MAX DOF INC=  0.5128E-06
     FORCE CONVERGENCE VALUE  =  0.5669E-08  CRITERION=  0.8252E-04 <<< CONVERGED
    >>> SOLUTION CONVERGED AFTER EQUILIBRIUM ITERATION   1
 *** LOAD STEP     2   SUBSTEP   215  COMPLETED.    CUM ITER =    335
 *** TIME =   22.5000         TIME INC =  0.100000    
 *** MAX VISCOELASTIC STRAIN STEP = 0.7473E-06

     FORCE CONVERGENCE VALUE  =  0.1068E-07  CRITERION=  0.8252E-04
     DISP CONVERGENCE VALUE   =  0.5080E-06  CRITERION=  0.1185E-02 <<< CONVERGED
    EQUIL ITER   1 COMPLETED.  OLD TRIANG MATRIX.  MAX DOF INC=  0.5080E-06
     FORCE CONVERGENCE VALUE  =  0.6060E-08  CRITERION=  0.8252E-04 <<< CONVERGED
    >>> SOLUTION CONVERGED AFTER EQUILIBRIUM ITERATION   1
 *** LOAD STEP     2   SUBSTEP   216  COMPLETED.    CUM ITER =    336
 *** TIME =   22.6000         TIME INC =  0.100000    
 *** MAX VISCOELASTIC STRAIN STEP = 0.7464E-06

     FORCE CONVERGENCE VALUE  =  0.1050E-07  CRITERION=  0.8252E-04
     DISP CONVERGENCE VALUE   =  0.5033E-06  CRITERION=  0.1185E-02 <<< CONVERGED
    EQUIL ITER   1 COMPLETED.  OLD TRIANG MATRIX.  MAX DOF INC=  0.5033E-06
     FORCE CONVERGENCE VALUE  =  0.6532E-08  CRITERION=  0.8252E-04 <<< CONVERGED
    >>> SOLUTION CONVERGED AFTER EQUILIBRIUM ITERATION   1
 *** LOAD STEP     2   SUBSTEP   217  COMPLETED.    CUM ITER =    337
 *** TIME =   22.7000         TIME INC =  0.100000    
 *** MAX VISCOELASTIC STRAIN STEP = 0.7455E-06

     FORCE CONVERGENCE VALUE  =  0.1052E-07  CRITERION=  0.8252E-04
     DISP CONVERGENCE VALUE   =  0.4988E-06  CRITERION=  0.1185E-02 <<< CONVERGED
    EQUIL ITER   1 COMPLETED.  OLD TRIANG MATRIX.  MAX DOF INC=  0.4988E-06
     FORCE CONVERGENCE VALUE  =  0.7057E-08  CRITERION=  0.8252E-04 <<< CONVERGED
    >>> SOLUTION CONVERGED AFTER EQUILIBRIUM ITERATION   1
 *** LOAD STEP     2   SUBSTEP   218  COMPLETED.    CUM ITER =    338
 *** TIME =   22.8000         TIME INC =  0.100000    
 *** MAX VISCOELASTIC STRAIN STEP = 0.7447E-06

     FORCE CONVERGENCE VALUE  =  0.1072E-07  CRITERION=  0.8252E-04
     DISP CONVERGENCE VALUE   =  0.4944E-06  CRITERION=  0.1185E-02 <<< CONVERGED
    EQUIL ITER   1 COMPLETED.  OLD TRIANG MATRIX.  MAX DOF INC=  0.4944E-06
     FORCE CONVERGENCE VALUE  =  0.7615E-08  CRITERION=  0.8252E-04 <<< CONVERGED
    >>> SOLUTION CONVERGED AFTER EQUILIBRIUM ITERATION   1
 *** LOAD STEP     2   SUBSTEP   219  COMPLETED.    CUM ITER =    339
 *** TIME =   22.9000         TIME INC =  0.100000    
 *** MAX VISCOELASTIC STRAIN STEP = 0.7438E-06

     FORCE CONVERGENCE VALUE  =  0.1107E-07  CRITERION=  0.8252E-04
     DISP CONVERGENCE VALUE   =  0.4901E-06  CRITERION=  0.1185E-02 <<< CONVERGED
    EQUIL ITER   1 COMPLETED.  OLD TRIANG MATRIX.  MAX DOF INC=  0.4901E-06
     FORCE CONVERGENCE VALUE  =  0.8193E-08  CRITERION=  0.8252E-04 <<< CONVERGED
    >>> SOLUTION CONVERGED AFTER EQUILIBRIUM ITERATION   1
 *** LOAD STEP     2   SUBSTEP   220  COMPLETED.    CUM ITER =    340
 *** TIME =   23.0000         TIME INC =  0.100000    
 *** MAX VISCOELASTIC STRAIN STEP = 0.7429E-06

     FORCE CONVERGENCE VALUE  =  0.1153E-07  CRITERION=  0.8253E-04
     DISP CONVERGENCE VALUE   =  0.4860E-06  CRITERION=  0.1185E-02 <<< CONVERGED
    EQUIL ITER   1 COMPLETED.  OLD TRIANG MATRIX.  MAX DOF INC=  0.4860E-06
     FORCE CONVERGENCE VALUE  =  0.8779E-08  CRITERION=  0.8252E-04 <<< CONVERGED
    >>> SOLUTION CONVERGED AFTER EQUILIBRIUM ITERATION   1
 *** LOAD STEP     2   SUBSTEP   221  COMPLETED.    CUM ITER =    341
 *** TIME =   23.1000         TIME INC =  0.100000    
 *** MAX VISCOELASTIC STRAIN STEP = 0.7420E-06

     FORCE CONVERGENCE VALUE  =  0.1209E-07  CRITERION=  0.8253E-04
     DISP CONVERGENCE VALUE   =  0.4820E-06  CRITERION=  0.1185E-02 <<< CONVERGED
    EQUIL ITER   1 COMPLETED.  OLD TRIANG MATRIX.  MAX DOF INC=  0.4820E-06
     FORCE CONVERGENCE VALUE  =  0.9367E-08  CRITERION=  0.8253E-04 <<< CONVERGED
    >>> SOLUTION CONVERGED AFTER EQUILIBRIUM ITERATION   1
 *** LOAD STEP     2   SUBSTEP   222  COMPLETED.    CUM ITER =    342
 *** TIME =   23.2000         TIME INC =  0.100000    
 *** MAX VISCOELASTIC STRAIN STEP = 0.7412E-06

     FORCE CONVERGENCE VALUE  =  0.1272E-07  CRITERION=  0.8253E-04
     DISP CONVERGENCE VALUE   =  0.4781E-06  CRITERION=  0.1185E-02 <<< CONVERGED
    EQUIL ITER   1 COMPLETED.  OLD TRIANG MATRIX.  MAX DOF INC=  0.4781E-06
     FORCE CONVERGENCE VALUE  =  0.9951E-08  CRITERION=  0.8253E-04 <<< CONVERGED
    >>> SOLUTION CONVERGED AFTER EQUILIBRIUM ITERATION   1
 *** LOAD STEP     2   SUBSTEP   223  COMPLETED.    CUM ITER =    343
 *** TIME =   23.3000         TIME INC =  0.100000    
 *** MAX VISCOELASTIC STRAIN STEP = 0.7403E-06

     FORCE CONVERGENCE VALUE  =  0.1340E-07  CRITERION=  0.8253E-04
     DISP CONVERGENCE VALUE   =  0.4743E-06  CRITERION=  0.1185E-02 <<< CONVERGED
    EQUIL ITER   1 COMPLETED.  OLD TRIANG MATRIX.  MAX DOF INC=  0.4743E-06
     FORCE CONVERGENCE VALUE  =  0.1053E-07  CRITERION=  0.8253E-04 <<< CONVERGED
    >>> SOLUTION CONVERGED AFTER EQUILIBRIUM ITERATION   1
 *** LOAD STEP     2   SUBSTEP   224  COMPLETED.    CUM ITER =    344
 *** TIME =   23.4000         TIME INC =  0.100000    
 *** MAX VISCOELASTIC STRAIN STEP = 0.7394E-06

     FORCE CONVERGENCE VALUE  =  0.1411E-07  CRITERION=  0.8253E-04
     DISP CONVERGENCE VALUE   =  0.4707E-06  CRITERION=  0.1185E-02 <<< CONVERGED
    EQUIL ITER   1 COMPLETED.  OLD TRIANG MATRIX.  MAX DOF INC=  0.4707E-06
     FORCE CONVERGENCE VALUE  =  0.1109E-07  CRITERION=  0.8253E-04 <<< CONVERGED
    >>> SOLUTION CONVERGED AFTER EQUILIBRIUM ITERATION   1
 *** LOAD STEP     2   SUBSTEP   225  COMPLETED.    CUM ITER =    345
 *** TIME =   23.5000         TIME INC =  0.100000    
 *** MAX VISCOELASTIC STRAIN STEP = 0.7386E-06

     FORCE CONVERGENCE VALUE  =  0.1484E-07  CRITERION=  0.8253E-04
     DISP CONVERGENCE VALUE   =  0.4671E-06  CRITERION=  0.1185E-02 <<< CONVERGED
    EQUIL ITER   1 COMPLETED.  OLD TRIANG MATRIX.  MAX DOF INC=  0.4671E-06
     FORCE CONVERGENCE VALUE  =  0.1165E-07  CRITERION=  0.8253E-04 <<< CONVERGED
    >>> SOLUTION CONVERGED AFTER EQUILIBRIUM ITERATION   1
 *** LOAD STEP     2   SUBSTEP   226  COMPLETED.    CUM ITER =    346
 *** TIME =   23.6000         TIME INC =  0.100000    
 *** MAX VISCOELASTIC STRAIN STEP = 0.7377E-06

     FORCE CONVERGENCE VALUE  =  0.1558E-07  CRITERION=  0.8253E-04
     DISP CONVERGENCE VALUE   =  0.4637E-06  CRITERION=  0.1185E-02 <<< CONVERGED
    EQUIL ITER   1 COMPLETED.  OLD TRIANG MATRIX.  MAX DOF INC=  0.4637E-06
     FORCE CONVERGENCE VALUE  =  0.1219E-07  CRITERION=  0.8253E-04 <<< CONVERGED
    >>> SOLUTION CONVERGED AFTER EQUILIBRIUM ITERATION   1
 *** LOAD STEP     2   SUBSTEP   227  COMPLETED.    CUM ITER =    347
 *** TIME =   23.7000         TIME INC =  0.100000    
 *** MAX VISCOELASTIC STRAIN STEP = 0.7369E-06

     FORCE CONVERGENCE VALUE  =  0.1632E-07  CRITERION=  0.8253E-04
     DISP CONVERGENCE VALUE   =  0.4603E-06  CRITERION=  0.1185E-02 <<< CONVERGED
    EQUIL ITER   1 COMPLETED.  OLD TRIANG MATRIX.  MAX DOF INC=  0.4603E-06
     FORCE CONVERGENCE VALUE  =  0.1272E-07  CRITERION=  0.8253E-04 <<< CONVERGED
    >>> SOLUTION CONVERGED AFTER EQUILIBRIUM ITERATION   1
 *** LOAD STEP     2   SUBSTEP   228  COMPLETED.    CUM ITER =    348
 *** TIME =   23.8000         TIME INC =  0.100000    
 *** MAX VISCOELASTIC STRAIN STEP = 0.7360E-06

     FORCE CONVERGENCE VALUE  =  0.1706E-07  CRITERION=  0.8254E-04
     DISP CONVERGENCE VALUE   =  0.4570E-06  CRITERION=  0.1185E-02 <<< CONVERGED
    EQUIL ITER   1 COMPLETED.  OLD TRIANG MATRIX.  MAX DOF INC=  0.4570E-06
     FORCE CONVERGENCE VALUE  =  0.1323E-07  CRITERION=  0.8254E-04 <<< CONVERGED
    >>> SOLUTION CONVERGED AFTER EQUILIBRIUM ITERATION   1
 *** LOAD STEP     2   SUBSTEP   229  COMPLETED.    CUM ITER =    349
 *** TIME =   23.9000         TIME INC =  0.100000    
 *** MAX VISCOELASTIC STRAIN STEP = 0.7352E-06

     FORCE CONVERGENCE VALUE  =  0.1780E-07  CRITERION=  0.8254E-04
     DISP CONVERGENCE VALUE   =  0.4539E-06  CRITERION=  0.1185E-02 <<< CONVERGED
    EQUIL ITER   1 COMPLETED.  OLD TRIANG MATRIX.  MAX DOF INC=  0.4539E-06
     FORCE CONVERGENCE VALUE  =  0.1373E-07  CRITERION=  0.8254E-04 <<< CONVERGED
    >>> SOLUTION CONVERGED AFTER EQUILIBRIUM ITERATION   1
 *** LOAD STEP     2   SUBSTEP   230  COMPLETED.    CUM ITER =    350
 *** TIME =   24.0000         TIME INC =  0.100000    
 *** MAX VISCOELASTIC STRAIN STEP = 0.7343E-06

     FORCE CONVERGENCE VALUE  =  0.1852E-07  CRITERION=  0.8254E-04
     DISP CONVERGENCE VALUE   =  0.4508E-06  CRITERION=  0.1185E-02 <<< CONVERGED
    EQUIL ITER   1 COMPLETED.  OLD TRIANG MATRIX.  MAX DOF INC=  0.4508E-06
     FORCE CONVERGENCE VALUE  =  0.1422E-07  CRITERION=  0.8254E-04 <<< CONVERGED
    >>> SOLUTION CONVERGED AFTER EQUILIBRIUM ITERATION   1
 *** LOAD STEP     2   SUBSTEP   231  COMPLETED.    CUM ITER =    351
 *** TIME =   24.1000         TIME INC =  0.100000    
 *** MAX VISCOELASTIC STRAIN STEP = 0.7335E-06

     FORCE CONVERGENCE VALUE  =  0.1923E-07  CRITERION=  0.8254E-04
     DISP CONVERGENCE VALUE   =  0.4478E-06  CRITERION=  0.1185E-02 <<< CONVERGED
    EQUIL ITER   1 COMPLETED.  OLD TRIANG MATRIX.  MAX DOF INC=  0.4478E-06
     FORCE CONVERGENCE VALUE  =  0.1469E-07  CRITERION=  0.8254E-04 <<< CONVERGED
    >>> SOLUTION CONVERGED AFTER EQUILIBRIUM ITERATION   1
 *** LOAD STEP     2   SUBSTEP   232  COMPLETED.    CUM ITER =    352
 *** TIME =   24.2000         TIME INC =  0.100000    
 *** MAX VISCOELASTIC STRAIN STEP = 0.7326E-06

     FORCE CONVERGENCE VALUE  =  0.1993E-07  CRITERION=  0.8254E-04
     DISP CONVERGENCE VALUE   =  0.4449E-06  CRITERION=  0.1185E-02 <<< CONVERGED
    EQUIL ITER   1 COMPLETED.  OLD TRIANG MATRIX.  MAX DOF INC=  0.4449E-06
     FORCE CONVERGENCE VALUE  =  0.1514E-07  CRITERION=  0.8254E-04 <<< CONVERGED
    >>> SOLUTION CONVERGED AFTER EQUILIBRIUM ITERATION   1
 *** LOAD STEP     2   SUBSTEP   233  COMPLETED.    CUM ITER =    353
 *** TIME =   24.3000         TIME INC =  0.100000    
 *** MAX VISCOELASTIC STRAIN STEP = 0.7318E-06

     FORCE CONVERGENCE VALUE  =  0.2061E-07  CRITERION=  0.8254E-04
     DISP CONVERGENCE VALUE   =  0.4421E-06  CRITERION=  0.1185E-02 <<< CONVERGED
    EQUIL ITER   1 COMPLETED.  OLD TRIANG MATRIX.  MAX DOF INC=  0.4421E-06
     FORCE CONVERGENCE VALUE  =  0.1558E-07  CRITERION=  0.8254E-04 <<< CONVERGED
    >>> SOLUTION CONVERGED AFTER EQUILIBRIUM ITERATION   1
 *** LOAD STEP     2   SUBSTEP   234  COMPLETED.    CUM ITER =    354
 *** TIME =   24.4000         TIME INC =  0.100000    
 *** MAX VISCOELASTIC STRAIN STEP = 0.7309E-06

     FORCE CONVERGENCE VALUE  =  0.2127E-07  CRITERION=  0.8254E-04
     DISP CONVERGENCE VALUE   =  0.4393E-06  CRITERION=  0.1185E-02 <<< CONVERGED
    EQUIL ITER   1 COMPLETED.  OLD TRIANG MATRIX.  MAX DOF INC=  0.4393E-06
     FORCE CONVERGENCE VALUE  =  0.1601E-07  CRITERION=  0.8254E-04 <<< CONVERGED
    >>> SOLUTION CONVERGED AFTER EQUILIBRIUM ITERATION   1
 *** LOAD STEP     2   SUBSTEP   235  COMPLETED.    CUM ITER =    355
 *** TIME =   24.5000         TIME INC =  0.100000    
 *** MAX VISCOELASTIC STRAIN STEP = 0.7301E-06

     FORCE CONVERGENCE VALUE  =  0.2192E-07  CRITERION=  0.8254E-04
     DISP CONVERGENCE VALUE   =  0.4367E-06  CRITERION=  0.1185E-02 <<< CONVERGED
    EQUIL ITER   1 COMPLETED.  OLD TRIANG MATRIX.  MAX DOF INC=  0.4367E-06
     FORCE CONVERGENCE VALUE  =  0.1642E-07  CRITERION=  0.8254E-04 <<< CONVERGED
    >>> SOLUTION CONVERGED AFTER EQUILIBRIUM ITERATION   1
 *** LOAD STEP     2   SUBSTEP   236  COMPLETED.    CUM ITER =    356
 *** TIME =   24.6000         TIME INC =  0.100000    
 *** MAX VISCOELASTIC STRAIN STEP = 0.7293E-06

     FORCE CONVERGENCE VALUE  =  0.2255E-07  CRITERION=  0.8255E-04
     DISP CONVERGENCE VALUE   =  0.4341E-06  CRITERION=  0.1185E-02 <<< CONVERGED
    EQUIL ITER   1 COMPLETED.  OLD TRIANG MATRIX.  MAX DOF INC=  0.4341E-06
     FORCE CONVERGENCE VALUE  =  0.1682E-07  CRITERION=  0.8255E-04 <<< CONVERGED
    >>> SOLUTION CONVERGED AFTER EQUILIBRIUM ITERATION   1
 *** LOAD STEP     2   SUBSTEP   237  COMPLETED.    CUM ITER =    357
 *** TIME =   24.7000         TIME INC =  0.100000    
 *** MAX VISCOELASTIC STRAIN STEP = 0.7284E-06

     FORCE CONVERGENCE VALUE  =  0.2316E-07  CRITERION=  0.8255E-04
     DISP CONVERGENCE VALUE   =  0.4315E-06  CRITERION=  0.1185E-02 <<< CONVERGED
    EQUIL ITER   1 COMPLETED.  OLD TRIANG MATRIX.  MAX DOF INC=  0.4315E-06
     FORCE CONVERGENCE VALUE  =  0.1721E-07  CRITERION=  0.8255E-04 <<< CONVERGED
    >>> SOLUTION CONVERGED AFTER EQUILIBRIUM ITERATION   1
 *** LOAD STEP     2   SUBSTEP   238  COMPLETED.    CUM ITER =    358
 *** TIME =   24.8000         TIME INC =  0.100000    
 *** MAX VISCOELASTIC STRAIN STEP = 0.7276E-06

     FORCE CONVERGENCE VALUE  =  0.2376E-07  CRITERION=  0.8255E-04
     DISP CONVERGENCE VALUE   =  0.4291E-06  CRITERION=  0.1185E-02 <<< CONVERGED
    EQUIL ITER   1 COMPLETED.  OLD TRIANG MATRIX.  MAX DOF INC=  0.4291E-06
     FORCE CONVERGENCE VALUE  =  0.1758E-07  CRITERION=  0.8255E-04 <<< CONVERGED
    >>> SOLUTION CONVERGED AFTER EQUILIBRIUM ITERATION   1
 *** LOAD STEP     2   SUBSTEP   239  COMPLETED.    CUM ITER =    359
 *** TIME =   24.9000         TIME INC =  0.100000    
 *** MAX VISCOELASTIC STRAIN STEP = 0.7268E-06

     FORCE CONVERGENCE VALUE  =  0.2433E-07  CRITERION=  0.8255E-04
     DISP CONVERGENCE VALUE   =  0.4267E-06  CRITERION=  0.1185E-02 <<< CONVERGED
    EQUIL ITER   1 COMPLETED.  OLD TRIANG MATRIX.  MAX DOF INC=  0.4267E-06
     FORCE CONVERGENCE VALUE  =  0.1794E-07  CRITERION=  0.8255E-04 <<< CONVERGED
    >>> SOLUTION CONVERGED AFTER EQUILIBRIUM ITERATION   1
 *** LOAD STEP     2   SUBSTEP   240  COMPLETED.    CUM ITER =    360
 *** TIME =   25.0000         TIME INC =  0.100000    
 *** MAX VISCOELASTIC STRAIN STEP = 0.7259E-06

     FORCE CONVERGENCE VALUE  =  0.2489E-07  CRITERION=  0.8255E-04
     DISP CONVERGENCE VALUE   =  0.4244E-06  CRITERION=  0.1185E-02 <<< CONVERGED
    EQUIL ITER   1 COMPLETED.  OLD TRIANG MATRIX.  MAX DOF INC=  0.4244E-06
     FORCE CONVERGENCE VALUE  =  0.1829E-07  CRITERION=  0.8255E-04 <<< CONVERGED
    >>> SOLUTION CONVERGED AFTER EQUILIBRIUM ITERATION   1
 *** LOAD STEP     2   SUBSTEP   241  COMPLETED.    CUM ITER =    361
 *** TIME =   25.1000         TIME INC =  0.100000    
 *** MAX VISCOELASTIC STRAIN STEP = 0.7251E-06

     FORCE CONVERGENCE VALUE  =  0.2543E-07  CRITERION=  0.8255E-04
     DISP CONVERGENCE VALUE   =  0.4221E-06  CRITERION=  0.1185E-02 <<< CONVERGED
    EQUIL ITER   1 COMPLETED.  OLD TRIANG MATRIX.  MAX DOF INC=  0.4221E-06
     FORCE CONVERGENCE VALUE  =  0.1862E-07  CRITERION=  0.8255E-04 <<< CONVERGED
    >>> SOLUTION CONVERGED AFTER EQUILIBRIUM ITERATION   1
 *** LOAD STEP     2   SUBSTEP   242  COMPLETED.    CUM ITER =    362
 *** TIME =   25.2000         TIME INC =  0.100000    
 *** MAX VISCOELASTIC STRAIN STEP = 0.7243E-06

     FORCE CONVERGENCE VALUE  =  0.2595E-07  CRITERION=  0.8255E-04
     DISP CONVERGENCE VALUE   =  0.4199E-06  CRITERION=  0.1185E-02 <<< CONVERGED
    EQUIL ITER   1 COMPLETED.  OLD TRIANG MATRIX.  MAX DOF INC=  0.4199E-06
     FORCE CONVERGENCE VALUE  =  0.1895E-07  CRITERION=  0.8255E-04 <<< CONVERGED
    >>> SOLUTION CONVERGED AFTER EQUILIBRIUM ITERATION   1
 *** LOAD STEP     2   SUBSTEP   243  COMPLETED.    CUM ITER =    363
 *** TIME =   25.3000         TIME INC =  0.100000    
 *** MAX VISCOELASTIC STRAIN STEP = 0.7235E-06

     FORCE CONVERGENCE VALUE  =  0.2646E-07  CRITERION=  0.8256E-04
     DISP CONVERGENCE VALUE   =  0.4177E-06  CRITERION=  0.1185E-02 <<< CONVERGED
    EQUIL ITER   1 COMPLETED.  OLD TRIANG MATRIX.  MAX DOF INC=  0.4177E-06
     FORCE CONVERGENCE VALUE  =  0.1926E-07  CRITERION=  0.8256E-04 <<< CONVERGED
    >>> SOLUTION CONVERGED AFTER EQUILIBRIUM ITERATION   1
 *** LOAD STEP     2   SUBSTEP   244  COMPLETED.    CUM ITER =    364
 *** TIME =   25.4000         TIME INC =  0.100000    
 *** MAX VISCOELASTIC STRAIN STEP = 0.7227E-06

     FORCE CONVERGENCE VALUE  =  0.2695E-07  CRITERION=  0.8256E-04
     DISP CONVERGENCE VALUE   =  0.4157E-06  CRITERION=  0.1185E-02 <<< CONVERGED
    EQUIL ITER   1 COMPLETED.  OLD TRIANG MATRIX.  MAX DOF INC=  0.4157E-06
     FORCE CONVERGENCE VALUE  =  0.1956E-07  CRITERION=  0.8256E-04 <<< CONVERGED
    >>> SOLUTION CONVERGED AFTER EQUILIBRIUM ITERATION   1
 *** LOAD STEP     2   SUBSTEP   245  COMPLETED.    CUM ITER =    365
 *** TIME =   25.5000         TIME INC =  0.100000    
 *** MAX VISCOELASTIC STRAIN STEP = 0.7218E-06

     FORCE CONVERGENCE VALUE  =  0.2742E-07  CRITERION=  0.8256E-04
     DISP CONVERGENCE VALUE   =  0.4136E-06  CRITERION=  0.1185E-02 <<< CONVERGED
    EQUIL ITER   1 COMPLETED.  OLD TRIANG MATRIX.  MAX DOF INC=  0.4136E-06
     FORCE CONVERGENCE VALUE  =  0.1985E-07  CRITERION=  0.8256E-04 <<< CONVERGED
    >>> SOLUTION CONVERGED AFTER EQUILIBRIUM ITERATION   1
 *** LOAD STEP     2   SUBSTEP   246  COMPLETED.    CUM ITER =    366
 *** TIME =   25.6000         TIME INC =  0.100000    
 *** MAX VISCOELASTIC STRAIN STEP = 0.7210E-06

     FORCE CONVERGENCE VALUE  =  0.2788E-07  CRITERION=  0.8256E-04
     DISP CONVERGENCE VALUE   =  0.4116E-06  CRITERION=  0.1185E-02 <<< CONVERGED
    EQUIL ITER   1 COMPLETED.  OLD TRIANG MATRIX.  MAX DOF INC=  0.4116E-06
     FORCE CONVERGENCE VALUE  =  0.2013E-07  CRITERION=  0.8256E-04 <<< CONVERGED
    >>> SOLUTION CONVERGED AFTER EQUILIBRIUM ITERATION   1
 *** LOAD STEP     2   SUBSTEP   247  COMPLETED.    CUM ITER =    367
 *** TIME =   25.7000         TIME INC =  0.100000    
 *** MAX VISCOELASTIC STRAIN STEP = 0.7202E-06

     FORCE CONVERGENCE VALUE  =  0.2832E-07  CRITERION=  0.8256E-04
     DISP CONVERGENCE VALUE   =  0.4097E-06  CRITERION=  0.1185E-02 <<< CONVERGED
    EQUIL ITER   1 COMPLETED.  OLD TRIANG MATRIX.  MAX DOF INC=  0.4097E-06
     FORCE CONVERGENCE VALUE  =  0.2040E-07  CRITERION=  0.8256E-04 <<< CONVERGED
    >>> SOLUTION CONVERGED AFTER EQUILIBRIUM ITERATION   1
 *** LOAD STEP     2   SUBSTEP   248  COMPLETED.    CUM ITER =    368
 *** TIME =   25.8000         TIME INC =  0.100000    
 *** MAX VISCOELASTIC STRAIN STEP = 0.7194E-06

     FORCE CONVERGENCE VALUE  =  0.2875E-07  CRITERION=  0.8256E-04
     DISP CONVERGENCE VALUE   =  0.4078E-06  CRITERION=  0.1185E-02 <<< CONVERGED
    EQUIL ITER   1 COMPLETED.  OLD TRIANG MATRIX.  MAX DOF INC=  0.4078E-06
     FORCE CONVERGENCE VALUE  =  0.2066E-07  CRITERION=  0.8256E-04 <<< CONVERGED
    >>> SOLUTION CONVERGED AFTER EQUILIBRIUM ITERATION   1
 *** LOAD STEP     2   SUBSTEP   249  COMPLETED.    CUM ITER =    369
 *** TIME =   25.9000         TIME INC =  0.100000    
 *** MAX VISCOELASTIC STRAIN STEP = 0.7186E-06

     FORCE CONVERGENCE VALUE  =  0.2916E-07  CRITERION=  0.8256E-04
     DISP CONVERGENCE VALUE   =  0.4060E-06  CRITERION=  0.1185E-02 <<< CONVERGED
    EQUIL ITER   1 COMPLETED.  OLD TRIANG MATRIX.  MAX DOF INC=  0.4060E-06
     FORCE CONVERGENCE VALUE  =  0.2091E-07  CRITERION=  0.8256E-04 <<< CONVERGED
    >>> SOLUTION CONVERGED AFTER EQUILIBRIUM ITERATION   1
 *** LOAD STEP     2   SUBSTEP   250  COMPLETED.    CUM ITER =    370
 *** TIME =   26.0000         TIME INC =  0.100000    
 *** MAX VISCOELASTIC STRAIN STEP = 0.7178E-06

     FORCE CONVERGENCE VALUE  =  0.2955E-07  CRITERION=  0.8256E-04
     DISP CONVERGENCE VALUE   =  0.4042E-06  CRITERION=  0.1185E-02 <<< CONVERGED
    EQUIL ITER   1 COMPLETED.  OLD TRIANG MATRIX.  MAX DOF INC=  0.4042E-06
     FORCE CONVERGENCE VALUE  =  0.2115E-07  CRITERION=  0.8256E-04 <<< CONVERGED
    >>> SOLUTION CONVERGED AFTER EQUILIBRIUM ITERATION   1
 *** LOAD STEP     2   SUBSTEP   251  COMPLETED.    CUM ITER =    371
 *** TIME =   26.1000         TIME INC =  0.100000    
 *** MAX VISCOELASTIC STRAIN STEP = 0.7170E-06

     FORCE CONVERGENCE VALUE  =  0.2993E-07  CRITERION=  0.8257E-04
     DISP CONVERGENCE VALUE   =  0.4024E-06  CRITERION=  0.1185E-02 <<< CONVERGED
    EQUIL ITER   1 COMPLETED.  OLD TRIANG MATRIX.  MAX DOF INC=  0.4024E-06
     FORCE CONVERGENCE VALUE  =  0.2138E-07  CRITERION=  0.8257E-04 <<< CONVERGED
    >>> SOLUTION CONVERGED AFTER EQUILIBRIUM ITERATION   1
 *** LOAD STEP     2   SUBSTEP   252  COMPLETED.    CUM ITER =    372
 *** TIME =   26.2000         TIME INC =  0.100000    
 *** MAX VISCOELASTIC STRAIN STEP = 0.7162E-06

     FORCE CONVERGENCE VALUE  =  0.3030E-07  CRITERION=  0.8257E-04
     DISP CONVERGENCE VALUE   =  0.4007E-06  CRITERION=  0.1185E-02 <<< CONVERGED
    EQUIL ITER   1 COMPLETED.  OLD TRIANG MATRIX.  MAX DOF INC=  0.4007E-06
     FORCE CONVERGENCE VALUE  =  0.2161E-07  CRITERION=  0.8257E-04 <<< CONVERGED
    >>> SOLUTION CONVERGED AFTER EQUILIBRIUM ITERATION   1
 *** LOAD STEP     2   SUBSTEP   253  COMPLETED.    CUM ITER =    373
 *** TIME =   26.3000         TIME INC =  0.100000    
 *** MAX VISCOELASTIC STRAIN STEP = 0.7154E-06

     FORCE CONVERGENCE VALUE  =  0.3066E-07  CRITERION=  0.8257E-04
     DISP CONVERGENCE VALUE   =  0.3991E-06  CRITERION=  0.1185E-02 <<< CONVERGED
    EQUIL ITER   1 COMPLETED.  OLD TRIANG MATRIX.  MAX DOF INC=  0.3991E-06
     FORCE CONVERGENCE VALUE  =  0.2182E-07  CRITERION=  0.8257E-04 <<< CONVERGED
    >>> SOLUTION CONVERGED AFTER EQUILIBRIUM ITERATION   1
 *** LOAD STEP     2   SUBSTEP   254  COMPLETED.    CUM ITER =    374
 *** TIME =   26.4000         TIME INC =  0.100000    
 *** MAX VISCOELASTIC STRAIN STEP = 0.7145E-06

     FORCE CONVERGENCE VALUE  =  0.3100E-07  CRITERION=  0.8257E-04
     DISP CONVERGENCE VALUE   =  0.3975E-06  CRITERION=  0.1185E-02 <<< CONVERGED
    EQUIL ITER   1 COMPLETED.  OLD TRIANG MATRIX.  MAX DOF INC=  0.3975E-06
     FORCE CONVERGENCE VALUE  =  0.2203E-07  CRITERION=  0.8257E-04 <<< CONVERGED
    >>> SOLUTION CONVERGED AFTER EQUILIBRIUM ITERATION   1
 *** LOAD STEP     2   SUBSTEP   255  COMPLETED.    CUM ITER =    375
 *** TIME =   26.5000         TIME INC =  0.100000    
 *** MAX VISCOELASTIC STRAIN STEP = 0.7137E-06

     FORCE CONVERGENCE VALUE  =  0.3133E-07  CRITERION=  0.8257E-04
     DISP CONVERGENCE VALUE   =  0.3959E-06  CRITERION=  0.1185E-02 <<< CONVERGED
    EQUIL ITER   1 COMPLETED.  OLD TRIANG MATRIX.  MAX DOF INC=  0.3959E-06
     FORCE CONVERGENCE VALUE  =  0.2223E-07  CRITERION=  0.8257E-04 <<< CONVERGED
    >>> SOLUTION CONVERGED AFTER EQUILIBRIUM ITERATION   1
 *** LOAD STEP     2   SUBSTEP   256  COMPLETED.    CUM ITER =    376
 *** TIME =   26.6000         TIME INC =  0.100000    
 *** MAX VISCOELASTIC STRAIN STEP = 0.7129E-06

     FORCE CONVERGENCE VALUE  =  0.3165E-07  CRITERION=  0.8257E-04
     DISP CONVERGENCE VALUE   =  0.3943E-06  CRITERION=  0.1185E-02 <<< CONVERGED
    EQUIL ITER   1 COMPLETED.  OLD TRIANG MATRIX.  MAX DOF INC=  0.3943E-06
     FORCE CONVERGENCE VALUE  =  0.2242E-07  CRITERION=  0.8257E-04 <<< CONVERGED
    >>> SOLUTION CONVERGED AFTER EQUILIBRIUM ITERATION   1
 *** LOAD STEP     2   SUBSTEP   257  COMPLETED.    CUM ITER =    377
 *** TIME =   26.7000         TIME INC =  0.100000    
 *** MAX VISCOELASTIC STRAIN STEP = 0.7121E-06

     FORCE CONVERGENCE VALUE  =  0.3195E-07  CRITERION=  0.8257E-04
     DISP CONVERGENCE VALUE   =  0.3928E-06  CRITERION=  0.1185E-02 <<< CONVERGED
    EQUIL ITER   1 COMPLETED.  OLD TRIANG MATRIX.  MAX DOF INC=  0.3928E-06
     FORCE CONVERGENCE VALUE  =  0.2260E-07  CRITERION=  0.8257E-04 <<< CONVERGED
    >>> SOLUTION CONVERGED AFTER EQUILIBRIUM ITERATION   1
 *** LOAD STEP     2   SUBSTEP   258  COMPLETED.    CUM ITER =    378
 *** TIME =   26.8000         TIME INC =  0.100000    
 *** MAX VISCOELASTIC STRAIN STEP = 0.7113E-06

     FORCE CONVERGENCE VALUE  =  0.3224E-07  CRITERION=  0.8258E-04
     DISP CONVERGENCE VALUE   =  0.3914E-06  CRITERION=  0.1185E-02 <<< CONVERGED
    EQUIL ITER   1 COMPLETED.  OLD TRIANG MATRIX.  MAX DOF INC=  0.3914E-06
     FORCE CONVERGENCE VALUE  =  0.2278E-07  CRITERION=  0.8258E-04 <<< CONVERGED
    >>> SOLUTION CONVERGED AFTER EQUILIBRIUM ITERATION   1
 *** LOAD STEP     2   SUBSTEP   259  COMPLETED.    CUM ITER =    379
 *** TIME =   26.9000         TIME INC =  0.100000    
 *** MAX VISCOELASTIC STRAIN STEP = 0.7106E-06

     FORCE CONVERGENCE VALUE  =  0.3253E-07  CRITERION=  0.8258E-04
     DISP CONVERGENCE VALUE   =  0.3899E-06  CRITERION=  0.1185E-02 <<< CONVERGED
    EQUIL ITER   1 COMPLETED.  OLD TRIANG MATRIX.  MAX DOF INC=  0.3899E-06
     FORCE CONVERGENCE VALUE  =  0.2295E-07  CRITERION=  0.8258E-04 <<< CONVERGED
    >>> SOLUTION CONVERGED AFTER EQUILIBRIUM ITERATION   1
 *** LOAD STEP     2   SUBSTEP   260  COMPLETED.    CUM ITER =    380
 *** TIME =   27.0000         TIME INC =  0.100000    
 *** MAX VISCOELASTIC STRAIN STEP = 0.7098E-06

     FORCE CONVERGENCE VALUE  =  0.3280E-07  CRITERION=  0.8258E-04
     DISP CONVERGENCE VALUE   =  0.3885E-06  CRITERION=  0.1185E-02 <<< CONVERGED
    EQUIL ITER   1 COMPLETED.  OLD TRIANG MATRIX.  MAX DOF INC=  0.3885E-06
     FORCE CONVERGENCE VALUE  =  0.2311E-07  CRITERION=  0.8258E-04 <<< CONVERGED
    >>> SOLUTION CONVERGED AFTER EQUILIBRIUM ITERATION   1
 *** LOAD STEP     2   SUBSTEP   261  COMPLETED.    CUM ITER =    381
 *** TIME =   27.1000         TIME INC =  0.100000    
 *** MAX VISCOELASTIC STRAIN STEP = 0.7090E-06

     FORCE CONVERGENCE VALUE  =  0.3306E-07  CRITERION=  0.8258E-04
     DISP CONVERGENCE VALUE   =  0.3871E-06  CRITERION=  0.1185E-02 <<< CONVERGED
    EQUIL ITER   1 COMPLETED.  OLD TRIANG MATRIX.  MAX DOF INC=  0.3871E-06
     FORCE CONVERGENCE VALUE  =  0.2327E-07  CRITERION=  0.8258E-04 <<< CONVERGED
    >>> SOLUTION CONVERGED AFTER EQUILIBRIUM ITERATION   1
 *** LOAD STEP     2   SUBSTEP   262  COMPLETED.    CUM ITER =    382
 *** TIME =   27.2000         TIME INC =  0.100000    
 *** MAX VISCOELASTIC STRAIN STEP = 0.7082E-06

     FORCE CONVERGENCE VALUE  =  0.3331E-07  CRITERION=  0.8258E-04
     DISP CONVERGENCE VALUE   =  0.3858E-06  CRITERION=  0.1185E-02 <<< CONVERGED
    EQUIL ITER   1 COMPLETED.  OLD TRIANG MATRIX.  MAX DOF INC=  0.3858E-06
     FORCE CONVERGENCE VALUE  =  0.2342E-07  CRITERION=  0.8258E-04 <<< CONVERGED
    >>> SOLUTION CONVERGED AFTER EQUILIBRIUM ITERATION   1
 *** LOAD STEP     2   SUBSTEP   263  COMPLETED.    CUM ITER =    383
 *** TIME =   27.3000         TIME INC =  0.100000    
 *** MAX VISCOELASTIC STRAIN STEP = 0.7074E-06

     FORCE CONVERGENCE VALUE  =  0.3355E-07  CRITERION=  0.8258E-04
     DISP CONVERGENCE VALUE   =  0.3845E-06  CRITERION=  0.1185E-02 <<< CONVERGED
    EQUIL ITER   1 COMPLETED.  OLD TRIANG MATRIX.  MAX DOF INC=  0.3845E-06
     FORCE CONVERGENCE VALUE  =  0.2356E-07  CRITERION=  0.8258E-04 <<< CONVERGED
    >>> SOLUTION CONVERGED AFTER EQUILIBRIUM ITERATION   1
 *** LOAD STEP     2   SUBSTEP   264  COMPLETED.    CUM ITER =    384
 *** TIME =   27.4000         TIME INC =  0.100000    
 *** MAX VISCOELASTIC STRAIN STEP = 0.7066E-06

     FORCE CONVERGENCE VALUE  =  0.3378E-07  CRITERION=  0.8258E-04
     DISP CONVERGENCE VALUE   =  0.3832E-06  CRITERION=  0.1185E-02 <<< CONVERGED
    EQUIL ITER   1 COMPLETED.  OLD TRIANG MATRIX.  MAX DOF INC=  0.3832E-06
     FORCE CONVERGENCE VALUE  =  0.2370E-07  CRITERION=  0.8258E-04 <<< CONVERGED
    >>> SOLUTION CONVERGED AFTER EQUILIBRIUM ITERATION   1
 *** LOAD STEP     2   SUBSTEP   265  COMPLETED.    CUM ITER =    385
 *** TIME =   27.5000         TIME INC =  0.100000    
 *** MAX VISCOELASTIC STRAIN STEP = 0.7058E-06

     FORCE CONVERGENCE VALUE  =  0.3400E-07  CRITERION=  0.8259E-04
     DISP CONVERGENCE VALUE   =  0.3819E-06  CRITERION=  0.1185E-02 <<< CONVERGED
    EQUIL ITER   1 COMPLETED.  OLD TRIANG MATRIX.  MAX DOF INC=  0.3819E-06
     FORCE CONVERGENCE VALUE  =  0.2383E-07  CRITERION=  0.8258E-04 <<< CONVERGED
    >>> SOLUTION CONVERGED AFTER EQUILIBRIUM ITERATION   1
 *** LOAD STEP     2   SUBSTEP   266  COMPLETED.    CUM ITER =    386
 *** TIME =   27.6000         TIME INC =  0.100000    
 *** MAX VISCOELASTIC STRAIN STEP = 0.7050E-06

     FORCE CONVERGENCE VALUE  =  0.3422E-07  CRITERION=  0.8259E-04
     DISP CONVERGENCE VALUE   =  0.3807E-06  CRITERION=  0.1185E-02 <<< CONVERGED
    EQUIL ITER   1 COMPLETED.  OLD TRIANG MATRIX.  MAX DOF INC=  0.3807E-06
     FORCE CONVERGENCE VALUE  =  0.2396E-07  CRITERION=  0.8259E-04 <<< CONVERGED
    >>> SOLUTION CONVERGED AFTER EQUILIBRIUM ITERATION   1
 *** LOAD STEP     2   SUBSTEP   267  COMPLETED.    CUM ITER =    387
 *** TIME =   27.7000         TIME INC =  0.100000    
 *** MAX VISCOELASTIC STRAIN STEP = 0.7042E-06

     FORCE CONVERGENCE VALUE  =  0.3442E-07  CRITERION=  0.8259E-04
     DISP CONVERGENCE VALUE   =  0.3795E-06  CRITERION=  0.1185E-02 <<< CONVERGED
    EQUIL ITER   1 COMPLETED.  OLD TRIANG MATRIX.  MAX DOF INC=  0.3795E-06
     FORCE CONVERGENCE VALUE  =  0.2408E-07  CRITERION=  0.8259E-04 <<< CONVERGED
    >>> SOLUTION CONVERGED AFTER EQUILIBRIUM ITERATION   1
 *** LOAD STEP     2   SUBSTEP   268  COMPLETED.    CUM ITER =    388
 *** TIME =   27.8000         TIME INC =  0.100000    
 *** MAX VISCOELASTIC STRAIN STEP = 0.7035E-06

     FORCE CONVERGENCE VALUE  =  0.3462E-07  CRITERION=  0.8259E-04
     DISP CONVERGENCE VALUE   =  0.3783E-06  CRITERION=  0.1185E-02 <<< CONVERGED
    EQUIL ITER   1 COMPLETED.  OLD TRIANG MATRIX.  MAX DOF INC=  0.3783E-06
     FORCE CONVERGENCE VALUE  =  0.2420E-07  CRITERION=  0.8259E-04 <<< CONVERGED
    >>> SOLUTION CONVERGED AFTER EQUILIBRIUM ITERATION   1
 *** LOAD STEP     2   SUBSTEP   269  COMPLETED.    CUM ITER =    389
 *** TIME =   27.9000         TIME INC =  0.100000    
 *** MAX VISCOELASTIC STRAIN STEP = 0.7027E-06

     FORCE CONVERGENCE VALUE  =  0.3480E-07  CRITERION=  0.8259E-04
     DISP CONVERGENCE VALUE   =  0.3772E-06  CRITERION=  0.1185E-02 <<< CONVERGED
    EQUIL ITER   1 COMPLETED.  OLD TRIANG MATRIX.  MAX DOF INC=  0.3772E-06
     FORCE CONVERGENCE VALUE  =  0.2431E-07  CRITERION=  0.8259E-04 <<< CONVERGED
    >>> SOLUTION CONVERGED AFTER EQUILIBRIUM ITERATION   1
 *** LOAD STEP     2   SUBSTEP   270  COMPLETED.    CUM ITER =    390
 *** TIME =   28.0000         TIME INC =  0.100000    
 *** MAX VISCOELASTIC STRAIN STEP = 0.7019E-06

     FORCE CONVERGENCE VALUE  =  0.3498E-07  CRITERION=  0.8259E-04
     DISP CONVERGENCE VALUE   =  0.3760E-06  CRITERION=  0.1185E-02 <<< CONVERGED
    EQUIL ITER   1 COMPLETED.  OLD TRIANG MATRIX.  MAX DOF INC=  0.3760E-06
     FORCE CONVERGENCE VALUE  =  0.2442E-07  CRITERION=  0.8259E-04 <<< CONVERGED
    >>> SOLUTION CONVERGED AFTER EQUILIBRIUM ITERATION   1
 *** LOAD STEP     2   SUBSTEP   271  COMPLETED.    CUM ITER =    391
 *** TIME =   28.1000         TIME INC =  0.100000    
 *** MAX VISCOELASTIC STRAIN STEP = 0.7011E-06

     FORCE CONVERGENCE VALUE  =  0.3516E-07  CRITERION=  0.8259E-04
     DISP CONVERGENCE VALUE   =  0.3749E-06  CRITERION=  0.1185E-02 <<< CONVERGED
    EQUIL ITER   1 COMPLETED.  OLD TRIANG MATRIX.  MAX DOF INC=  0.3749E-06
     FORCE CONVERGENCE VALUE  =  0.2452E-07  CRITERION=  0.8259E-04 <<< CONVERGED
    >>> SOLUTION CONVERGED AFTER EQUILIBRIUM ITERATION   1
 *** LOAD STEP     2   SUBSTEP   272  COMPLETED.    CUM ITER =    392
 *** TIME =   28.2000         TIME INC =  0.100000    
 *** MAX VISCOELASTIC STRAIN STEP = 0.7003E-06

     FORCE CONVERGENCE VALUE  =  0.3532E-07  CRITERION=  0.8259E-04
     DISP CONVERGENCE VALUE   =  0.3738E-06  CRITERION=  0.1185E-02 <<< CONVERGED
    EQUIL ITER   1 COMPLETED.  OLD TRIANG MATRIX.  MAX DOF INC=  0.3738E-06
     FORCE CONVERGENCE VALUE  =  0.2461E-07  CRITERION=  0.8259E-04 <<< CONVERGED
    >>> SOLUTION CONVERGED AFTER EQUILIBRIUM ITERATION   1
 *** LOAD STEP     2   SUBSTEP   273  COMPLETED.    CUM ITER =    393
 *** TIME =   28.3000         TIME INC =  0.100000    
 *** MAX VISCOELASTIC STRAIN STEP = 0.6996E-06

     FORCE CONVERGENCE VALUE  =  0.3548E-07  CRITERION=  0.8260E-04
     DISP CONVERGENCE VALUE   =  0.3728E-06  CRITERION=  0.1185E-02 <<< CONVERGED
    EQUIL ITER   1 COMPLETED.  OLD TRIANG MATRIX.  MAX DOF INC=  0.3728E-06
     FORCE CONVERGENCE VALUE  =  0.2471E-07  CRITERION=  0.8260E-04 <<< CONVERGED
    >>> SOLUTION CONVERGED AFTER EQUILIBRIUM ITERATION   1
 *** LOAD STEP     2   SUBSTEP   274  COMPLETED.    CUM ITER =    394
 *** TIME =   28.4000         TIME INC =  0.100000    
 *** MAX VISCOELASTIC STRAIN STEP = 0.6988E-06

     FORCE CONVERGENCE VALUE  =  0.3563E-07  CRITERION=  0.8260E-04
     DISP CONVERGENCE VALUE   =  0.3717E-06  CRITERION=  0.1185E-02 <<< CONVERGED
    EQUIL ITER   1 COMPLETED.  OLD TRIANG MATRIX.  MAX DOF INC=  0.3717E-06
     FORCE CONVERGENCE VALUE  =  0.2480E-07  CRITERION=  0.8260E-04 <<< CONVERGED
    >>> SOLUTION CONVERGED AFTER EQUILIBRIUM ITERATION   1
 *** LOAD STEP     2   SUBSTEP   275  COMPLETED.    CUM ITER =    395
 *** TIME =   28.5000         TIME INC =  0.100000    
 *** MAX VISCOELASTIC STRAIN STEP = 0.6980E-06

     FORCE CONVERGENCE VALUE  =  0.3577E-07  CRITERION=  0.8260E-04
     DISP CONVERGENCE VALUE   =  0.3707E-06  CRITERION=  0.1185E-02 <<< CONVERGED
    EQUIL ITER   1 COMPLETED.  OLD TRIANG MATRIX.  MAX DOF INC=  0.3707E-06
     FORCE CONVERGENCE VALUE  =  0.2488E-07  CRITERION=  0.8260E-04 <<< CONVERGED
    >>> SOLUTION CONVERGED AFTER EQUILIBRIUM ITERATION   1
 *** LOAD STEP     2   SUBSTEP   276  COMPLETED.    CUM ITER =    396
 *** TIME =   28.6000         TIME INC =  0.100000    
 *** MAX VISCOELASTIC STRAIN STEP = 0.6972E-06

     FORCE CONVERGENCE VALUE  =  0.3591E-07  CRITERION=  0.8260E-04
     DISP CONVERGENCE VALUE   =  0.3697E-06  CRITERION=  0.1185E-02 <<< CONVERGED
    EQUIL ITER   1 COMPLETED.  OLD TRIANG MATRIX.  MAX DOF INC=  0.3697E-06
     FORCE CONVERGENCE VALUE  =  0.2496E-07  CRITERION=  0.8260E-04 <<< CONVERGED
    >>> SOLUTION CONVERGED AFTER EQUILIBRIUM ITERATION   1
 *** LOAD STEP     2   SUBSTEP   277  COMPLETED.    CUM ITER =    397
 *** TIME =   28.7000         TIME INC =  0.100000    
 *** MAX VISCOELASTIC STRAIN STEP = 0.6965E-06

     FORCE CONVERGENCE VALUE  =  0.3604E-07  CRITERION=  0.8260E-04
     DISP CONVERGENCE VALUE   =  0.3687E-06  CRITERION=  0.1185E-02 <<< CONVERGED
    EQUIL ITER   1 COMPLETED.  OLD TRIANG MATRIX.  MAX DOF INC=  0.3687E-06
     FORCE CONVERGENCE VALUE  =  0.2504E-07  CRITERION=  0.8260E-04 <<< CONVERGED
    >>> SOLUTION CONVERGED AFTER EQUILIBRIUM ITERATION   1
 *** LOAD STEP     2   SUBSTEP   278  COMPLETED.    CUM ITER =    398
 *** TIME =   28.8000         TIME INC =  0.100000    
 *** MAX VISCOELASTIC STRAIN STEP = 0.6957E-06

     FORCE CONVERGENCE VALUE  =  0.3617E-07  CRITERION=  0.8260E-04
     DISP CONVERGENCE VALUE   =  0.3677E-06  CRITERION=  0.1185E-02 <<< CONVERGED
    EQUIL ITER   1 COMPLETED.  OLD TRIANG MATRIX.  MAX DOF INC=  0.3677E-06
     FORCE CONVERGENCE VALUE  =  0.2511E-07  CRITERION=  0.8260E-04 <<< CONVERGED
    >>> SOLUTION CONVERGED AFTER EQUILIBRIUM ITERATION   1
 *** LOAD STEP     2   SUBSTEP   279  COMPLETED.    CUM ITER =    399
 *** TIME =   28.9000         TIME INC =  0.100000    
 *** MAX VISCOELASTIC STRAIN STEP = 0.6949E-06

     FORCE CONVERGENCE VALUE  =  0.3629E-07  CRITERION=  0.8260E-04
     DISP CONVERGENCE VALUE   =  0.3668E-06  CRITERION=  0.1185E-02 <<< CONVERGED
    EQUIL ITER   1 COMPLETED.  OLD TRIANG MATRIX.  MAX DOF INC=  0.3668E-06
     FORCE CONVERGENCE VALUE  =  0.2518E-07  CRITERION=  0.8260E-04 <<< CONVERGED
    >>> SOLUTION CONVERGED AFTER EQUILIBRIUM ITERATION   1
 *** LOAD STEP     2   SUBSTEP   280  COMPLETED.    CUM ITER =    400
 *** TIME =   29.0000         TIME INC =  0.100000    
 *** MAX VISCOELASTIC STRAIN STEP = 0.6942E-06

     FORCE CONVERGENCE VALUE  =  0.3640E-07  CRITERION=  0.8261E-04
     DISP CONVERGENCE VALUE   =  0.3658E-06  CRITERION=  0.1185E-02 <<< CONVERGED
    EQUIL ITER   1 COMPLETED.  OLD TRIANG MATRIX.  MAX DOF INC=  0.3658E-06
     FORCE CONVERGENCE VALUE  =  0.2525E-07  CRITERION=  0.8261E-04 <<< CONVERGED
    >>> SOLUTION CONVERGED AFTER EQUILIBRIUM ITERATION   1
 *** LOAD STEP     2   SUBSTEP   281  COMPLETED.    CUM ITER =    401
 *** TIME =   29.1000         TIME INC =  0.100000    
 *** MAX VISCOELASTIC STRAIN STEP = 0.6934E-06

     FORCE CONVERGENCE VALUE  =  0.3651E-07  CRITERION=  0.8261E-04
     DISP CONVERGENCE VALUE   =  0.3649E-06  CRITERION=  0.1185E-02 <<< CONVERGED
    EQUIL ITER   1 COMPLETED.  OLD TRIANG MATRIX.  MAX DOF INC=  0.3649E-06
     FORCE CONVERGENCE VALUE  =  0.2531E-07  CRITERION=  0.8261E-04 <<< CONVERGED
    >>> SOLUTION CONVERGED AFTER EQUILIBRIUM ITERATION   1
 *** LOAD STEP     2   SUBSTEP   282  COMPLETED.    CUM ITER =    402
 *** TIME =   29.2000         TIME INC =  0.100000    
 *** MAX VISCOELASTIC STRAIN STEP = 0.6926E-06

     FORCE CONVERGENCE VALUE  =  0.3661E-07  CRITERION=  0.8261E-04
     DISP CONVERGENCE VALUE   =  0.3640E-06  CRITERION=  0.1185E-02 <<< CONVERGED
    EQUIL ITER   1 COMPLETED.  OLD TRIANG MATRIX.  MAX DOF INC=  0.3640E-06
     FORCE CONVERGENCE VALUE  =  0.2537E-07  CRITERION=  0.8261E-04 <<< CONVERGED
    >>> SOLUTION CONVERGED AFTER EQUILIBRIUM ITERATION   1
 *** LOAD STEP     2   SUBSTEP   283  COMPLETED.    CUM ITER =    403
 *** TIME =   29.3000         TIME INC =  0.100000    
 *** MAX VISCOELASTIC STRAIN STEP = 0.6919E-06

     FORCE CONVERGENCE VALUE  =  0.3671E-07  CRITERION=  0.8261E-04
     DISP CONVERGENCE VALUE   =  0.3631E-06  CRITERION=  0.1185E-02 <<< CONVERGED
    EQUIL ITER   1 COMPLETED.  OLD TRIANG MATRIX.  MAX DOF INC=  0.3631E-06
     FORCE CONVERGENCE VALUE  =  0.2543E-07  CRITERION=  0.8261E-04 <<< CONVERGED
    >>> SOLUTION CONVERGED AFTER EQUILIBRIUM ITERATION   1
 *** LOAD STEP     2   SUBSTEP   284  COMPLETED.    CUM ITER =    404
 *** TIME =   29.4000         TIME INC =  0.100000    
 *** MAX VISCOELASTIC STRAIN STEP = 0.6911E-06

     FORCE CONVERGENCE VALUE  =  0.3680E-07  CRITERION=  0.8261E-04
     DISP CONVERGENCE VALUE   =  0.3623E-06  CRITERION=  0.1185E-02 <<< CONVERGED
    EQUIL ITER   1 COMPLETED.  OLD TRIANG MATRIX.  MAX DOF INC=  0.3623E-06
     FORCE CONVERGENCE VALUE  =  0.2548E-07  CRITERION=  0.8261E-04 <<< CONVERGED
    >>> SOLUTION CONVERGED AFTER EQUILIBRIUM ITERATION   1
 *** LOAD STEP     2   SUBSTEP   285  COMPLETED.    CUM ITER =    405
 *** TIME =   29.5000         TIME INC =  0.100000    
 *** MAX VISCOELASTIC STRAIN STEP = 0.6903E-06

     FORCE CONVERGENCE VALUE  =  0.3689E-07  CRITERION=  0.8261E-04
     DISP CONVERGENCE VALUE   =  0.3614E-06  CRITERION=  0.1185E-02 <<< CONVERGED
    EQUIL ITER   1 COMPLETED.  OLD TRIANG MATRIX.  MAX DOF INC=  0.3614E-06
     FORCE CONVERGENCE VALUE  =  0.2554E-07  CRITERION=  0.8261E-04 <<< CONVERGED
    >>> SOLUTION CONVERGED AFTER EQUILIBRIUM ITERATION   1
 *** LOAD STEP     2   SUBSTEP   286  COMPLETED.    CUM ITER =    406
 *** TIME =   29.6000         TIME INC =  0.100000    
 *** MAX VISCOELASTIC STRAIN STEP = 0.6896E-06

     FORCE CONVERGENCE VALUE  =  0.3697E-07  CRITERION=  0.8261E-04
     DISP CONVERGENCE VALUE   =  0.3606E-06  CRITERION=  0.1185E-02 <<< CONVERGED
    EQUIL ITER   1 COMPLETED.  OLD TRIANG MATRIX.  MAX DOF INC=  0.3606E-06
     FORCE CONVERGENCE VALUE  =  0.2558E-07  CRITERION=  0.8261E-04 <<< CONVERGED
    >>> SOLUTION CONVERGED AFTER EQUILIBRIUM ITERATION   1
 *** LOAD STEP     2   SUBSTEP   287  COMPLETED.    CUM ITER =    407
 *** TIME =   29.7000         TIME INC =  0.100000    
 *** MAX VISCOELASTIC STRAIN STEP = 0.6888E-06

     FORCE CONVERGENCE VALUE  =  0.3705E-07  CRITERION=  0.8262E-04
     DISP CONVERGENCE VALUE   =  0.3597E-06  CRITERION=  0.1185E-02 <<< CONVERGED
    EQUIL ITER   1 COMPLETED.  OLD TRIANG MATRIX.  MAX DOF INC=  0.3597E-06
     FORCE CONVERGENCE VALUE  =  0.2563E-07  CRITERION=  0.8262E-04 <<< CONVERGED
    >>> SOLUTION CONVERGED AFTER EQUILIBRIUM ITERATION   1
 *** LOAD STEP     2   SUBSTEP   288  COMPLETED.    CUM ITER =    408
 *** TIME =   29.8000         TIME INC =  0.100000    
 *** MAX VISCOELASTIC STRAIN STEP = 0.6880E-06

     FORCE CONVERGENCE VALUE  =  0.3713E-07  CRITERION=  0.8262E-04
     DISP CONVERGENCE VALUE   =  0.3589E-06  CRITERION=  0.1185E-02 <<< CONVERGED
    EQUIL ITER   1 COMPLETED.  OLD TRIANG MATRIX.  MAX DOF INC=  0.3589E-06
     FORCE CONVERGENCE VALUE  =  0.2567E-07  CRITERION=  0.8262E-04 <<< CONVERGED
    >>> SOLUTION CONVERGED AFTER EQUILIBRIUM ITERATION   1
 *** LOAD STEP     2   SUBSTEP   289  COMPLETED.    CUM ITER =    409
 *** TIME =   29.9000         TIME INC =  0.100000    
 *** MAX VISCOELASTIC STRAIN STEP = 0.6873E-06

     FORCE CONVERGENCE VALUE  =  0.3720E-07  CRITERION=  0.8262E-04
     DISP CONVERGENCE VALUE   =  0.3581E-06  CRITERION=  0.1185E-02 <<< CONVERGED
    EQUIL ITER   1 COMPLETED.  OLD TRIANG MATRIX.  MAX DOF INC=  0.3581E-06
     FORCE CONVERGENCE VALUE  =  0.2571E-07  CRITERION=  0.8262E-04 <<< CONVERGED
    >>> SOLUTION CONVERGED AFTER EQUILIBRIUM ITERATION   1
 *** LOAD STEP     2   SUBSTEP   290  COMPLETED.    CUM ITER =    410
 *** TIME =   30.0000         TIME INC =  0.100000    
 *** MAX VISCOELASTIC STRAIN STEP = 0.6865E-06

     FORCE CONVERGENCE VALUE  =  0.3726E-07  CRITERION=  0.8262E-04
     DISP CONVERGENCE VALUE   =  0.3573E-06  CRITERION=  0.1185E-02 <<< CONVERGED
    EQUIL ITER   1 COMPLETED.  OLD TRIANG MATRIX.  MAX DOF INC=  0.3573E-06
     FORCE CONVERGENCE VALUE  =  0.2575E-07  CRITERION=  0.8262E-04 <<< CONVERGED
    >>> SOLUTION CONVERGED AFTER EQUILIBRIUM ITERATION   1
 *** LOAD STEP     2   SUBSTEP   291  COMPLETED.    CUM ITER =    411
 *** TIME =   30.1000         TIME INC =  0.100000    
 *** MAX VISCOELASTIC STRAIN STEP = 0.6858E-06

     FORCE CONVERGENCE VALUE  =  0.3733E-07  CRITERION=  0.8262E-04
     DISP CONVERGENCE VALUE   =  0.3565E-06  CRITERION=  0.1185E-02 <<< CONVERGED
    EQUIL ITER   1 COMPLETED.  OLD TRIANG MATRIX.  MAX DOF INC=  0.3565E-06
     FORCE CONVERGENCE VALUE  =  0.2579E-07  CRITERION=  0.8262E-04 <<< CONVERGED
    >>> SOLUTION CONVERGED AFTER EQUILIBRIUM ITERATION   1
 *** LOAD STEP     2   SUBSTEP   292  COMPLETED.    CUM ITER =    412
 *** TIME =   30.2000         TIME INC =  0.100000    
 *** MAX VISCOELASTIC STRAIN STEP = 0.6850E-06

     FORCE CONVERGENCE VALUE  =  0.3739E-07  CRITERION=  0.8262E-04
     DISP CONVERGENCE VALUE   =  0.3558E-06  CRITERION=  0.1185E-02 <<< CONVERGED
    EQUIL ITER   1 COMPLETED.  OLD TRIANG MATRIX.  MAX DOF INC=  0.3558E-06
     FORCE CONVERGENCE VALUE  =  0.2582E-07  CRITERION=  0.8262E-04 <<< CONVERGED
    >>> SOLUTION CONVERGED AFTER EQUILIBRIUM ITERATION   1
 *** LOAD STEP     2   SUBSTEP   293  COMPLETED.    CUM ITER =    413
 *** TIME =   30.3000         TIME INC =  0.100000    
 *** MAX VISCOELASTIC STRAIN STEP = 0.6843E-06

     FORCE CONVERGENCE VALUE  =  0.3744E-07  CRITERION=  0.8262E-04
     DISP CONVERGENCE VALUE   =  0.3550E-06  CRITERION=  0.1185E-02 <<< CONVERGED
    EQUIL ITER   1 COMPLETED.  OLD TRIANG MATRIX.  MAX DOF INC=  0.3550E-06
     FORCE CONVERGENCE VALUE  =  0.2585E-07  CRITERION=  0.8262E-04 <<< CONVERGED
    >>> SOLUTION CONVERGED AFTER EQUILIBRIUM ITERATION   1
 *** LOAD STEP     2   SUBSTEP   294  COMPLETED.    CUM ITER =    414
 *** TIME =   30.4000         TIME INC =  0.100000    
 *** MAX VISCOELASTIC STRAIN STEP = 0.6835E-06

     FORCE CONVERGENCE VALUE  =  0.3749E-07  CRITERION=  0.8263E-04
     DISP CONVERGENCE VALUE   =  0.3543E-06  CRITERION=  0.1185E-02 <<< CONVERGED
    EQUIL ITER   1 COMPLETED.  OLD TRIANG MATRIX.  MAX DOF INC=  0.3543E-06
     FORCE CONVERGENCE VALUE  =  0.2588E-07  CRITERION=  0.8262E-04 <<< CONVERGED
    >>> SOLUTION CONVERGED AFTER EQUILIBRIUM ITERATION   1
 *** LOAD STEP     2   SUBSTEP   295  COMPLETED.    CUM ITER =    415
 *** TIME =   30.5000         TIME INC =  0.100000    
 *** MAX VISCOELASTIC STRAIN STEP = 0.6828E-06

     FORCE CONVERGENCE VALUE  =  0.3754E-07  CRITERION=  0.8263E-04
     DISP CONVERGENCE VALUE   =  0.3535E-06  CRITERION=  0.1185E-02 <<< CONVERGED
    EQUIL ITER   1 COMPLETED.  OLD TRIANG MATRIX.  MAX DOF INC=  0.3535E-06
     FORCE CONVERGENCE VALUE  =  0.2591E-07  CRITERION=  0.8263E-04 <<< CONVERGED
    >>> SOLUTION CONVERGED AFTER EQUILIBRIUM ITERATION   1
 *** LOAD STEP     2   SUBSTEP   296  COMPLETED.    CUM ITER =    416
 *** TIME =   30.6000         TIME INC =  0.100000    
 *** MAX VISCOELASTIC STRAIN STEP = 0.6820E-06

     FORCE CONVERGENCE VALUE  =  0.3758E-07  CRITERION=  0.8263E-04
     DISP CONVERGENCE VALUE   =  0.3528E-06  CRITERION=  0.1185E-02 <<< CONVERGED
    EQUIL ITER   1 COMPLETED.  OLD TRIANG MATRIX.  MAX DOF INC=  0.3528E-06
     FORCE CONVERGENCE VALUE  =  0.2593E-07  CRITERION=  0.8263E-04 <<< CONVERGED
    >>> SOLUTION CONVERGED AFTER EQUILIBRIUM ITERATION   1
 *** LOAD STEP     2   SUBSTEP   297  COMPLETED.    CUM ITER =    417
 *** TIME =   30.7000         TIME INC =  0.100000    
 *** MAX VISCOELASTIC STRAIN STEP = 0.6813E-06

     FORCE CONVERGENCE VALUE  =  0.3763E-07  CRITERION=  0.8263E-04
     DISP CONVERGENCE VALUE   =  0.3521E-06  CRITERION=  0.1185E-02 <<< CONVERGED
    EQUIL ITER   1 COMPLETED.  OLD TRIANG MATRIX.  MAX DOF INC=  0.3521E-06
     FORCE CONVERGENCE VALUE  =  0.2595E-07  CRITERION=  0.8263E-04 <<< CONVERGED
    >>> SOLUTION CONVERGED AFTER EQUILIBRIUM ITERATION   1
 *** LOAD STEP     2   SUBSTEP   298  COMPLETED.    CUM ITER =    418
 *** TIME =   30.8000         TIME INC =  0.100000    
 *** MAX VISCOELASTIC STRAIN STEP = 0.6805E-06

     FORCE CONVERGENCE VALUE  =  0.3767E-07  CRITERION=  0.8263E-04
     DISP CONVERGENCE VALUE   =  0.3514E-06  CRITERION=  0.1185E-02 <<< CONVERGED
    EQUIL ITER   1 COMPLETED.  OLD TRIANG MATRIX.  MAX DOF INC=  0.3514E-06
     FORCE CONVERGENCE VALUE  =  0.2598E-07  CRITERION=  0.8263E-04 <<< CONVERGED
    >>> SOLUTION CONVERGED AFTER EQUILIBRIUM ITERATION   1
 *** LOAD STEP     2   SUBSTEP   299  COMPLETED.    CUM ITER =    419
 *** TIME =   30.9000         TIME INC =  0.100000    
 *** MAX VISCOELASTIC STRAIN STEP = 0.6798E-06

     FORCE CONVERGENCE VALUE  =  0.3770E-07  CRITERION=  0.8263E-04
     DISP CONVERGENCE VALUE   =  0.3507E-06  CRITERION=  0.1185E-02 <<< CONVERGED
    EQUIL ITER   1 COMPLETED.  OLD TRIANG MATRIX.  MAX DOF INC=  0.3507E-06
     FORCE CONVERGENCE VALUE  =  0.2599E-07  CRITERION=  0.8263E-04 <<< CONVERGED
    >>> SOLUTION CONVERGED AFTER EQUILIBRIUM ITERATION   1
 *** LOAD STEP     2   SUBSTEP   300  COMPLETED.    CUM ITER =    420
 *** TIME =   31.0000         TIME INC =  0.100000    
 *** MAX VISCOELASTIC STRAIN STEP = 0.6790E-06

 DELETE SPECIFIED NODAL LOAD FY   FOR SELECTED NODES FROM      61 TO      61 BY       1

 NUMBER OF NODAL LOADS DELETED=       1

 DELETE SPECIFIED NODAL LOAD FY   FOR SELECTED NODES FROM     122 TO     122 BY       1

 NUMBER OF NODAL LOADS DELETED=       1

 DELETE SPECIFIED NODAL LOAD FY   FOR SELECTED NODES FROM     183 TO     183 BY       1

 NUMBER OF NODAL LOADS DELETED=       1

 DELETE SPECIFIED NODAL LOAD FY   FOR SELECTED NODES FROM     244 TO     244 BY       1

 NUMBER OF NODAL LOADS DELETED=       1

 DELETE SPECIFIED NODAL LOAD FY   FOR SELECTED NODES FROM     305 TO     305 BY       1

 NUMBER OF NODAL LOADS DELETED=       1

 DELETE SPECIFIED NODAL LOAD FY   FOR SELECTED NODES FROM     366 TO     366 BY       1

 NUMBER OF NODAL LOADS DELETED=       1

 DELETE SPECIFIED NODAL LOAD FY   FOR SELECTED NODES FROM     427 TO     427 BY       1

 NUMBER OF NODAL LOADS DELETED=       1

 DELETE SPECIFIED NODAL LOAD FY   FOR SELECTED NODES FROM     488 TO     488 BY       1

 NUMBER OF NODAL LOADS DELETED=       1

 DELETE SPECIFIED NODAL LOAD FY   FOR SELECTED NODES FROM     549 TO     549 BY       1

 NUMBER OF NODAL LOADS DELETED=       1

 TIME=  32.000    

 USE INITIAL TIME STEP SIZE OF 0.1000000E-01 FOR ALL  DEGREES OF FREEDOM
 FOR AUTOMATIC TIME STEPPING:
   USE 0.1000000E-01 AS THE MINIMUM TIME STEP SIZE
   USE 0.1000000E-01 AS THE MAXIMUM TIME STEP SIZE

 *****  MAPDL SOLVE    COMMAND  *****

 *** NOTE ***                            ELAPSED TIME =      83.084   TIME= 20:28:55
 This nonlinear analysis defaults to using the initial stiffness         
 Newton-Raphson solution procedure.  This can be modified using the      
 NROPT command.                                                          

 *** MAPDL - ENGINEERING ANALYSIS SYSTEM  RELEASE 2026 R1          26.1     ***
 Ansys Mechanical Enterprise Academic Student      
 01055371  VERSION=WINDOWS x64   20:28:56  SEP 14, 2026 Elapsed Time=     83.106

 Stage 10 isothermal discretization verification                               



                      L O A D   S T E P   O P T I O N S

   LOAD STEP NUMBER. . . . . . . . . . . . . . . .     3
   TIME AT END OF THE LOAD STEP. . . . . . . . . .  32.000    
   TIME STEP SIZE. . . . . . . . . . . . . . . . . 0.10000E-01
   MAXIMUM NUMBER OF EQUILIBRIUM ITERATIONS. . . .    15
   STEP CHANGE BOUNDARY CONDITIONS . . . . . . . .    NO
   TERMINATE ANALYSIS IF NOT CONVERGED . . . . . .YES (EXIT)  
   CONVERGENCE CONTROLS. . . . . . . . . . . . . .USE DEFAULTS
   PRINT OUTPUT CONTROLS . . . . . . . . . . . . .NO PRINTOUT
   DATABASE OUTPUT CONTROLS
      ITEM     FREQUENCY   COMPONENT
       ALL       LAST               


 SOLUTION MONITORING INFO IS WRITTEN TO FILE= stage10_structural.mntr                                                                                                                                                                                                                                             

     FORCE CONVERGENCE VALUE  =  0.3422E-03  CRITERION=  0.8258E-04
     DISP CONVERGENCE VALUE   =  0.3265E-01  CRITERION=  0.1633E-02
    EQUIL ITER   1 COMPLETED.  OLD TRIANG MATRIX.  MAX DOF INC=  0.3265E-01
     FORCE CONVERGENCE VALUE  =  0.8253E-12  CRITERION=  0.5000E-04 <<< CONVERGED

 *** WARNING ***                         ELAPSED TIME =      83.244   TIME= 20:28:56
 A reference force value times the tolerance is used by the              
 Newton-Raphson method for checking convergence.  The calculated         
 reference FORCE CONVERGENCE VALUE = 2.570359522E-03 is less than a      
 threshold.  This threshold is internally calculated.  You can           
 overwrite it by specifying MINREF on the CNVTOL command.  Check         
 results carefully.                                                      
     DISP CONVERGENCE VALUE   =  0.1811E-10  CRITERION=  0.1633E-02 <<< CONVERGED
    EQUIL ITER   2 COMPLETED.  OLD TRIANG MATRIX.  MAX DOF INC =  0.1811E-10
    >>> SOLUTION CONVERGED AFTER EQUILIBRIUM ITERATION   2
 *** LOAD STEP     3   SUBSTEP     1  COMPLETED.    CUM ITER =    422
 *** TIME =   31.0100         TIME INC =  0.100000E-01
 *** MAX VISCOELASTIC STRAIN STEP = 0.4882E-04

     FORCE CONVERGENCE VALUE  =  0.3914E-03  CRITERION=  0.5946E-04
     DISP CONVERGENCE VALUE   =  0.2042E-01  CRITERION=  0.1633E-02
    EQUIL ITER   1 COMPLETED.  OLD TRIANG MATRIX.  MAX DOF INC= -0.2042E-01
     FORCE CONVERGENCE VALUE  =  0.5748E-12  CRITERION=  0.5000E-04 <<< CONVERGED
     DISP CONVERGENCE VALUE   =  0.1135E-10  CRITERION=  0.1633E-02 <<< CONVERGED
    EQUIL ITER   2 COMPLETED.  OLD TRIANG MATRIX.  MAX DOF INC = -0.1135E-10
    >>> SOLUTION CONVERGED AFTER EQUILIBRIUM ITERATION   2
 *** LOAD STEP     3   SUBSTEP     2  COMPLETED.    CUM ITER =    424
 *** TIME =   31.0200         TIME INC =  0.100000E-01
 *** MAX VISCOELASTIC STRAIN STEP = 0.2331E-04

     FORCE CONVERGENCE VALUE  =  0.6551E-04  CRITERION=  0.5000E-04
     DISP CONVERGENCE VALUE   =  0.3032E-02  CRITERION=  0.1633E-02
    EQUIL ITER   1 COMPLETED.  OLD TRIANG MATRIX.  MAX DOF INC= -0.3032E-02
     FORCE CONVERGENCE VALUE  =  0.6463E-12  CRITERION=  0.5000E-04 <<< CONVERGED
     DISP CONVERGENCE VALUE   =  0.1678E-11  CRITERION=  0.1633E-02 <<< CONVERGED
    EQUIL ITER   2 COMPLETED.  OLD TRIANG MATRIX.  MAX DOF INC = -0.1678E-11
    >>> SOLUTION CONVERGED AFTER EQUILIBRIUM ITERATION   2
 *** LOAD STEP     3   SUBSTEP     3  COMPLETED.    CUM ITER =    426
 *** TIME =   31.0300         TIME INC =  0.100000E-01
 *** MAX VISCOELASTIC STRAIN STEP = 0.1755E-04

     FORCE CONVERGENCE VALUE  =  0.3059E-04  CRITERION=  0.5000E-04
     DISP CONVERGENCE VALUE   =  0.1423E-02  CRITERION=  0.1633E-02 <<< CONVERGED
    EQUIL ITER   1 COMPLETED.  OLD TRIANG MATRIX.  MAX DOF INC= -0.1423E-02
     FORCE CONVERGENCE VALUE  =  0.6143E-12  CRITERION=  0.5000E-04 <<< CONVERGED
    >>> SOLUTION CONVERGED AFTER EQUILIBRIUM ITERATION   1
 *** LOAD STEP     3   SUBSTEP     4  COMPLETED.    CUM ITER =    427
 *** TIME =   31.0400         TIME INC =  0.100000E-01
 *** MAX VISCOELASTIC STRAIN STEP = 0.1487E-04

     FORCE CONVERGENCE VALUE  =  0.1569E-04  CRITERION=  0.5000E-04
     DISP CONVERGENCE VALUE   =  0.8537E-03  CRITERION=  0.1633E-02 <<< CONVERGED
    EQUIL ITER   1 COMPLETED.  OLD TRIANG MATRIX.  MAX DOF INC= -0.8537E-03
     FORCE CONVERGENCE VALUE  =  0.6813E-12  CRITERION=  0.5000E-04 <<< CONVERGED
    >>> SOLUTION CONVERGED AFTER EQUILIBRIUM ITERATION   1
 *** LOAD STEP     3   SUBSTEP     5  COMPLETED.    CUM ITER =    428
 *** TIME =   31.0500         TIME INC =  0.100000E-01
 *** MAX VISCOELASTIC STRAIN STEP = 0.1328E-04

     FORCE CONVERGENCE VALUE  =  0.8530E-05  CRITERION=  0.5000E-04
     DISP CONVERGENCE VALUE   =  0.5774E-03  CRITERION=  0.1633E-02 <<< CONVERGED
    EQUIL ITER   1 COMPLETED.  OLD TRIANG MATRIX.  MAX DOF INC= -0.5774E-03
     FORCE CONVERGENCE VALUE  =  0.5845E-12  CRITERION=  0.5000E-04 <<< CONVERGED
    >>> SOLUTION CONVERGED AFTER EQUILIBRIUM ITERATION   1
 *** LOAD STEP     3   SUBSTEP     6  COMPLETED.    CUM ITER =    429
 *** TIME =   31.0600         TIME INC =  0.100000E-01
 *** MAX VISCOELASTIC STRAIN STEP = 0.1222E-04

     FORCE CONVERGENCE VALUE  =  0.5622E-05  CRITERION=  0.5000E-04
     DISP CONVERGENCE VALUE   =  0.4262E-03  CRITERION=  0.1633E-02 <<< CONVERGED
    EQUIL ITER   1 COMPLETED.  OLD TRIANG MATRIX.  MAX DOF INC= -0.4262E-03
     FORCE CONVERGENCE VALUE  =  0.6581E-12  CRITERION=  0.5000E-04 <<< CONVERGED
    >>> SOLUTION CONVERGED AFTER EQUILIBRIUM ITERATION   1
 *** LOAD STEP     3   SUBSTEP     7  COMPLETED.    CUM ITER =    430
 *** TIME =   31.0700         TIME INC =  0.100000E-01
 *** MAX VISCOELASTIC STRAIN STEP = 0.1144E-04

     FORCE CONVERGENCE VALUE  =  0.4625E-05  CRITERION=  0.5000E-04
     DISP CONVERGENCE VALUE   =  0.3360E-03  CRITERION=  0.1633E-02 <<< CONVERGED
    EQUIL ITER   1 COMPLETED.  OLD TRIANG MATRIX.  MAX DOF INC= -0.3360E-03
     FORCE CONVERGENCE VALUE  =  0.7566E-12  CRITERION=  0.5000E-04 <<< CONVERGED
    >>> SOLUTION CONVERGED AFTER EQUILIBRIUM ITERATION   1
 *** LOAD STEP     3   SUBSTEP     8  COMPLETED.    CUM ITER =    431
 *** TIME =   31.0800         TIME INC =  0.100000E-01
 *** MAX VISCOELASTIC STRAIN STEP = 0.1083E-04

     FORCE CONVERGENCE VALUE  =  0.4555E-05  CRITERION=  0.5000E-04
     DISP CONVERGENCE VALUE   =  0.2780E-03  CRITERION=  0.1633E-02 <<< CONVERGED
    EQUIL ITER   1 COMPLETED.  OLD TRIANG MATRIX.  MAX DOF INC= -0.2780E-03
     FORCE CONVERGENCE VALUE  =  0.6686E-12  CRITERION=  0.5000E-04 <<< CONVERGED
    >>> SOLUTION CONVERGED AFTER EQUILIBRIUM ITERATION   1
 *** LOAD STEP     3   SUBSTEP     9  COMPLETED.    CUM ITER =    432
 *** TIME =   31.0900         TIME INC =  0.100000E-01
 *** MAX VISCOELASTIC STRAIN STEP = 0.1032E-04

     FORCE CONVERGENCE VALUE  =  0.4971E-05  CRITERION=  0.5000E-04
     DISP CONVERGENCE VALUE   =  0.2384E-03  CRITERION=  0.1633E-02 <<< CONVERGED
    EQUIL ITER   1 COMPLETED.  OLD TRIANG MATRIX.  MAX DOF INC= -0.2384E-03
     FORCE CONVERGENCE VALUE  =  0.6633E-12  CRITERION=  0.5000E-04 <<< CONVERGED
    >>> SOLUTION CONVERGED AFTER EQUILIBRIUM ITERATION   1
 *** LOAD STEP     3   SUBSTEP    10  COMPLETED.    CUM ITER =    433
 *** TIME =   31.1000         TIME INC =  0.100000E-01
 *** MAX VISCOELASTIC STRAIN STEP = 0.9871E-05

     FORCE CONVERGENCE VALUE  =  0.5544E-05  CRITERION=  0.5000E-04
     DISP CONVERGENCE VALUE   =  0.2097E-03  CRITERION=  0.1633E-02 <<< CONVERGED
    EQUIL ITER   1 COMPLETED.  OLD TRIANG MATRIX.  MAX DOF INC= -0.2097E-03
     FORCE CONVERGENCE VALUE  =  0.6303E-12  CRITERION=  0.5000E-04 <<< CONVERGED
    >>> SOLUTION CONVERGED AFTER EQUILIBRIUM ITERATION   1
 *** LOAD STEP     3   SUBSTEP    11  COMPLETED.    CUM ITER =    434
 *** TIME =   31.1100         TIME INC =  0.100000E-01
 *** MAX VISCOELASTIC STRAIN STEP = 0.9473E-05

     FORCE CONVERGENCE VALUE  =  0.6086E-05  CRITERION=  0.5000E-04
     DISP CONVERGENCE VALUE   =  0.1879E-03  CRITERION=  0.1633E-02 <<< CONVERGED
    EQUIL ITER   1 COMPLETED.  OLD TRIANG MATRIX.  MAX DOF INC= -0.1879E-03
     FORCE CONVERGENCE VALUE  =  0.6152E-12  CRITERION=  0.5000E-04 <<< CONVERGED
    >>> SOLUTION CONVERGED AFTER EQUILIBRIUM ITERATION   1
 *** LOAD STEP     3   SUBSTEP    12  COMPLETED.    CUM ITER =    435
 *** TIME =   31.1200         TIME INC =  0.100000E-01
 *** MAX VISCOELASTIC STRAIN STEP = 0.9111E-05

     FORCE CONVERGENCE VALUE  =  0.6523E-05  CRITERION=  0.5000E-04
     DISP CONVERGENCE VALUE   =  0.1709E-03  CRITERION=  0.1633E-02 <<< CONVERGED
    EQUIL ITER   1 COMPLETED.  OLD TRIANG MATRIX.  MAX DOF INC= -0.1709E-03
     FORCE CONVERGENCE VALUE  =  0.5920E-12  CRITERION=  0.5000E-04 <<< CONVERGED
    >>> SOLUTION CONVERGED AFTER EQUILIBRIUM ITERATION   1
 *** LOAD STEP     3   SUBSTEP    13  COMPLETED.    CUM ITER =    436
 *** TIME =   31.1300         TIME INC =  0.100000E-01
 *** MAX VISCOELASTIC STRAIN STEP = 0.8777E-05

     FORCE CONVERGENCE VALUE  =  0.6839E-05  CRITERION=  0.5000E-04
     DISP CONVERGENCE VALUE   =  0.1571E-03  CRITERION=  0.1633E-02 <<< CONVERGED
    EQUIL ITER   1 COMPLETED.  OLD TRIANG MATRIX.  MAX DOF INC= -0.1571E-03
     FORCE CONVERGENCE VALUE  =  0.5888E-12  CRITERION=  0.5000E-04 <<< CONVERGED
    >>> SOLUTION CONVERGED AFTER EQUILIBRIUM ITERATION   1
 *** LOAD STEP     3   SUBSTEP    14  COMPLETED.    CUM ITER =    437
 *** TIME =   31.1400         TIME INC =  0.100000E-01
 *** MAX VISCOELASTIC STRAIN STEP = 0.8467E-05

     FORCE CONVERGENCE VALUE  =  0.7045E-05  CRITERION=  0.5000E-04
     DISP CONVERGENCE VALUE   =  0.1456E-03  CRITERION=  0.1633E-02 <<< CONVERGED
    EQUIL ITER   1 COMPLETED.  OLD TRIANG MATRIX.  MAX DOF INC= -0.1456E-03
     FORCE CONVERGENCE VALUE  =  0.7137E-12  CRITERION=  0.5000E-04 <<< CONVERGED
    >>> SOLUTION CONVERGED AFTER EQUILIBRIUM ITERATION   1
 *** LOAD STEP     3   SUBSTEP    15  COMPLETED.    CUM ITER =    438
 *** TIME =   31.1500         TIME INC =  0.100000E-01
 *** MAX VISCOELASTIC STRAIN STEP = 0.8177E-05

     FORCE CONVERGENCE VALUE  =  0.7160E-05  CRITERION=  0.5000E-04
     DISP CONVERGENCE VALUE   =  0.1358E-03  CRITERION=  0.1633E-02 <<< CONVERGED
    EQUIL ITER   1 COMPLETED.  OLD TRIANG MATRIX.  MAX DOF INC= -0.1358E-03
     FORCE CONVERGENCE VALUE  =  0.5800E-12  CRITERION=  0.5000E-04 <<< CONVERGED
    >>> SOLUTION CONVERGED AFTER EQUILIBRIUM ITERATION   1
 *** LOAD STEP     3   SUBSTEP    16  COMPLETED.    CUM ITER =    439
 *** TIME =   31.1600         TIME INC =  0.100000E-01
 *** MAX VISCOELASTIC STRAIN STEP = 0.7904E-05

     FORCE CONVERGENCE VALUE  =  0.7203E-05  CRITERION=  0.5000E-04
     DISP CONVERGENCE VALUE   =  0.1274E-03  CRITERION=  0.1633E-02 <<< CONVERGED
    EQUIL ITER   1 COMPLETED.  OLD TRIANG MATRIX.  MAX DOF INC= -0.1274E-03
     FORCE CONVERGENCE VALUE  =  0.6092E-12  CRITERION=  0.5000E-04 <<< CONVERGED
    >>> SOLUTION CONVERGED AFTER EQUILIBRIUM ITERATION   1
 *** LOAD STEP     3   SUBSTEP    17  COMPLETED.    CUM ITER =    440
 *** TIME =   31.1700         TIME INC =  0.100000E-01
 *** MAX VISCOELASTIC STRAIN STEP = 0.7646E-05

     FORCE CONVERGENCE VALUE  =  0.7192E-05  CRITERION=  0.5000E-04
     DISP CONVERGENCE VALUE   =  0.1200E-03  CRITERION=  0.1633E-02 <<< CONVERGED
    EQUIL ITER   1 COMPLETED.  OLD TRIANG MATRIX.  MAX DOF INC= -0.1200E-03
     FORCE CONVERGENCE VALUE  =  0.5894E-12  CRITERION=  0.5000E-04 <<< CONVERGED
    >>> SOLUTION CONVERGED AFTER EQUILIBRIUM ITERATION   1
 *** LOAD STEP     3   SUBSTEP    18  COMPLETED.    CUM ITER =    441
 *** TIME =   31.1800         TIME INC =  0.100000E-01
 *** MAX VISCOELASTIC STRAIN STEP = 0.7401E-05

     FORCE CONVERGENCE VALUE  =  0.7139E-05  CRITERION=  0.5000E-04
     DISP CONVERGENCE VALUE   =  0.1134E-03  CRITERION=  0.1633E-02 <<< CONVERGED
    EQUIL ITER   1 COMPLETED.  OLD TRIANG MATRIX.  MAX DOF INC= -0.1134E-03
     FORCE CONVERGENCE VALUE  =  0.5567E-12  CRITERION=  0.5000E-04 <<< CONVERGED
    >>> SOLUTION CONVERGED AFTER EQUILIBRIUM ITERATION   1
 *** LOAD STEP     3   SUBSTEP    19  COMPLETED.    CUM ITER =    442
 *** TIME =   31.1900         TIME INC =  0.100000E-01
 *** MAX VISCOELASTIC STRAIN STEP = 0.7169E-05

     FORCE CONVERGENCE VALUE  =  0.7056E-05  CRITERION=  0.5000E-04
     DISP CONVERGENCE VALUE   =  0.1075E-03  CRITERION=  0.1633E-02 <<< CONVERGED
    EQUIL ITER   1 COMPLETED.  OLD TRIANG MATRIX.  MAX DOF INC= -0.1075E-03
     FORCE CONVERGENCE VALUE  =  0.6261E-12  CRITERION=  0.5000E-04 <<< CONVERGED
    >>> SOLUTION CONVERGED AFTER EQUILIBRIUM ITERATION   1
 *** LOAD STEP     3   SUBSTEP    20  COMPLETED.    CUM ITER =    443
 *** TIME =   31.2000         TIME INC =  0.100000E-01
 *** MAX VISCOELASTIC STRAIN STEP = 0.6948E-05

     FORCE CONVERGENCE VALUE  =  0.6950E-05  CRITERION=  0.5000E-04
     DISP CONVERGENCE VALUE   =  0.1022E-03  CRITERION=  0.1633E-02 <<< CONVERGED
    EQUIL ITER   1 COMPLETED.  OLD TRIANG MATRIX.  MAX DOF INC= -0.1022E-03
     FORCE CONVERGENCE VALUE  =  0.6180E-12  CRITERION=  0.5000E-04 <<< CONVERGED
    >>> SOLUTION CONVERGED AFTER EQUILIBRIUM ITERATION   1
 *** LOAD STEP     3   SUBSTEP    21  COMPLETED.    CUM ITER =    444
 *** TIME =   31.2100         TIME INC =  0.100000E-01
 *** MAX VISCOELASTIC STRAIN STEP = 0.6736E-05

     FORCE CONVERGENCE VALUE  =  0.6828E-05  CRITERION=  0.5000E-04
     DISP CONVERGENCE VALUE   =  0.9730E-04  CRITERION=  0.1633E-02 <<< CONVERGED
    EQUIL ITER   1 COMPLETED.  OLD TRIANG MATRIX.  MAX DOF INC= -0.9730E-04
     FORCE CONVERGENCE VALUE  =  0.5085E-12  CRITERION=  0.5000E-04 <<< CONVERGED
    >>> SOLUTION CONVERGED AFTER EQUILIBRIUM ITERATION   1
 *** LOAD STEP     3   SUBSTEP    22  COMPLETED.    CUM ITER =    445
 *** TIME =   31.2200         TIME INC =  0.100000E-01
 *** MAX VISCOELASTIC STRAIN STEP = 0.6534E-05

     FORCE CONVERGENCE VALUE  =  0.6696E-05  CRITERION=  0.5000E-04
     DISP CONVERGENCE VALUE   =  0.9280E-04  CRITERION=  0.1633E-02 <<< CONVERGED
    EQUIL ITER   1 COMPLETED.  OLD TRIANG MATRIX.  MAX DOF INC= -0.9280E-04
     FORCE CONVERGENCE VALUE  =  0.6294E-12  CRITERION=  0.5000E-04 <<< CONVERGED
    >>> SOLUTION CONVERGED AFTER EQUILIBRIUM ITERATION   1
 *** LOAD STEP     3   SUBSTEP    23  COMPLETED.    CUM ITER =    446
 *** TIME =   31.2300         TIME INC =  0.100000E-01
 *** MAX VISCOELASTIC STRAIN STEP = 0.6341E-05

     FORCE CONVERGENCE VALUE  =  0.6555E-05  CRITERION=  0.5000E-04
     DISP CONVERGENCE VALUE   =  0.8863E-04  CRITERION=  0.1633E-02 <<< CONVERGED
    EQUIL ITER   1 COMPLETED.  OLD TRIANG MATRIX.  MAX DOF INC= -0.8863E-04
     FORCE CONVERGENCE VALUE  =  0.5757E-12  CRITERION=  0.5000E-04 <<< CONVERGED
    >>> SOLUTION CONVERGED AFTER EQUILIBRIUM ITERATION   1
 *** LOAD STEP     3   SUBSTEP    24  COMPLETED.    CUM ITER =    447
 *** TIME =   31.2400         TIME INC =  0.100000E-01
 *** MAX VISCOELASTIC STRAIN STEP = 0.6156E-05

     FORCE CONVERGENCE VALUE  =  0.6409E-05  CRITERION=  0.5000E-04
     DISP CONVERGENCE VALUE   =  0.8476E-04  CRITERION=  0.1633E-02 <<< CONVERGED
    EQUIL ITER   1 COMPLETED.  OLD TRIANG MATRIX.  MAX DOF INC= -0.8476E-04
     FORCE CONVERGENCE VALUE  =  0.5592E-12  CRITERION=  0.5000E-04 <<< CONVERGED
    >>> SOLUTION CONVERGED AFTER EQUILIBRIUM ITERATION   1
 *** LOAD STEP     3   SUBSTEP    25  COMPLETED.    CUM ITER =    448
 *** TIME =   31.2500         TIME INC =  0.100000E-01
 *** MAX VISCOELASTIC STRAIN STEP = 0.5979E-05

     FORCE CONVERGENCE VALUE  =  0.6260E-05  CRITERION=  0.5000E-04
     DISP CONVERGENCE VALUE   =  0.8114E-04  CRITERION=  0.1633E-02 <<< CONVERGED
    EQUIL ITER   1 COMPLETED.  OLD TRIANG MATRIX.  MAX DOF INC= -0.8114E-04
     FORCE CONVERGENCE VALUE  =  0.5744E-12  CRITERION=  0.5000E-04 <<< CONVERGED
    >>> SOLUTION CONVERGED AFTER EQUILIBRIUM ITERATION   1
 *** LOAD STEP     3   SUBSTEP    26  COMPLETED.    CUM ITER =    449
 *** TIME =   31.2600         TIME INC =  0.100000E-01
 *** MAX VISCOELASTIC STRAIN STEP = 0.5808E-05

     FORCE CONVERGENCE VALUE  =  0.6109E-05  CRITERION=  0.5000E-04
     DISP CONVERGENCE VALUE   =  0.7775E-04  CRITERION=  0.1633E-02 <<< CONVERGED
    EQUIL ITER   1 COMPLETED.  OLD TRIANG MATRIX.  MAX DOF INC= -0.7775E-04
     FORCE CONVERGENCE VALUE  =  0.6468E-12  CRITERION=  0.5000E-04 <<< CONVERGED
    >>> SOLUTION CONVERGED AFTER EQUILIBRIUM ITERATION   1
 *** LOAD STEP     3   SUBSTEP    27  COMPLETED.    CUM ITER =    450
 *** TIME =   31.2700         TIME INC =  0.100000E-01
 *** MAX VISCOELASTIC STRAIN STEP = 0.5645E-05

     FORCE CONVERGENCE VALUE  =  0.5957E-05  CRITERION=  0.5000E-04
     DISP CONVERGENCE VALUE   =  0.7457E-04  CRITERION=  0.1633E-02 <<< CONVERGED
    EQUIL ITER   1 COMPLETED.  OLD TRIANG MATRIX.  MAX DOF INC= -0.7457E-04
     FORCE CONVERGENCE VALUE  =  0.7229E-12  CRITERION=  0.5000E-04 <<< CONVERGED
    >>> SOLUTION CONVERGED AFTER EQUILIBRIUM ITERATION   1
 *** LOAD STEP     3   SUBSTEP    28  COMPLETED.    CUM ITER =    451
 *** TIME =   31.2800         TIME INC =  0.100000E-01
 *** MAX VISCOELASTIC STRAIN STEP = 0.5488E-05

     FORCE CONVERGENCE VALUE  =  0.5806E-05  CRITERION=  0.5000E-04
     DISP CONVERGENCE VALUE   =  0.7156E-04  CRITERION=  0.1633E-02 <<< CONVERGED
    EQUIL ITER   1 COMPLETED.  OLD TRIANG MATRIX.  MAX DOF INC= -0.7156E-04
     FORCE CONVERGENCE VALUE  =  0.5309E-12  CRITERION=  0.5000E-04 <<< CONVERGED
    >>> SOLUTION CONVERGED AFTER EQUILIBRIUM ITERATION   1
 *** LOAD STEP     3   SUBSTEP    29  COMPLETED.    CUM ITER =    452
 *** TIME =   31.2900         TIME INC =  0.100000E-01
 *** MAX VISCOELASTIC STRAIN STEP = 0.5336E-05

     FORCE CONVERGENCE VALUE  =  0.5656E-05  CRITERION=  0.5000E-04
     DISP CONVERGENCE VALUE   =  0.6873E-04  CRITERION=  0.1633E-02 <<< CONVERGED
    EQUIL ITER   1 COMPLETED.  OLD TRIANG MATRIX.  MAX DOF INC= -0.6873E-04
     FORCE CONVERGENCE VALUE  =  0.5738E-12  CRITERION=  0.5000E-04 <<< CONVERGED
    >>> SOLUTION CONVERGED AFTER EQUILIBRIUM ITERATION   1
 *** LOAD STEP     3   SUBSTEP    30  COMPLETED.    CUM ITER =    453
 *** TIME =   31.3000         TIME INC =  0.100000E-01
 *** MAX VISCOELASTIC STRAIN STEP = 0.5191E-05

     FORCE CONVERGENCE VALUE  =  0.5506E-05  CRITERION=  0.5000E-04
     DISP CONVERGENCE VALUE   =  0.6604E-04  CRITERION=  0.1633E-02 <<< CONVERGED
    EQUIL ITER   1 COMPLETED.  OLD TRIANG MATRIX.  MAX DOF INC= -0.6604E-04
     FORCE CONVERGENCE VALUE  =  0.5892E-12  CRITERION=  0.5000E-04 <<< CONVERGED
    >>> SOLUTION CONVERGED AFTER EQUILIBRIUM ITERATION   1
 *** LOAD STEP     3   SUBSTEP    31  COMPLETED.    CUM ITER =    454
 *** TIME =   31.3100         TIME INC =  0.100000E-01
 *** MAX VISCOELASTIC STRAIN STEP = 0.5051E-05

     FORCE CONVERGENCE VALUE  =  0.5359E-05  CRITERION=  0.5000E-04
     DISP CONVERGENCE VALUE   =  0.6350E-04  CRITERION=  0.1633E-02 <<< CONVERGED
    EQUIL ITER   1 COMPLETED.  OLD TRIANG MATRIX.  MAX DOF INC= -0.6350E-04
     FORCE CONVERGENCE VALUE  =  0.6411E-12  CRITERION=  0.5000E-04 <<< CONVERGED
    >>> SOLUTION CONVERGED AFTER EQUILIBRIUM ITERATION   1
 *** LOAD STEP     3   SUBSTEP    32  COMPLETED.    CUM ITER =    455
 *** TIME =   31.3200         TIME INC =  0.100000E-01
 *** MAX VISCOELASTIC STRAIN STEP = 0.4916E-05

     FORCE CONVERGENCE VALUE  =  0.5213E-05  CRITERION=  0.5000E-04
     DISP CONVERGENCE VALUE   =  0.6109E-04  CRITERION=  0.1633E-02 <<< CONVERGED
    EQUIL ITER   1 COMPLETED.  OLD TRIANG MATRIX.  MAX DOF INC= -0.6109E-04
     FORCE CONVERGENCE VALUE  =  0.5890E-12  CRITERION=  0.5000E-04 <<< CONVERGED
    >>> SOLUTION CONVERGED AFTER EQUILIBRIUM ITERATION   1
 *** LOAD STEP     3   SUBSTEP    33  COMPLETED.    CUM ITER =    456
 *** TIME =   31.3300         TIME INC =  0.100000E-01
 *** MAX VISCOELASTIC STRAIN STEP = 0.4787E-05

     FORCE CONVERGENCE VALUE  =  0.5070E-05  CRITERION=  0.5000E-04
     DISP CONVERGENCE VALUE   =  0.5879E-04  CRITERION=  0.1633E-02 <<< CONVERGED
    EQUIL ITER   1 COMPLETED.  OLD TRIANG MATRIX.  MAX DOF INC= -0.5879E-04
     FORCE CONVERGENCE VALUE  =  0.6293E-12  CRITERION=  0.5000E-04 <<< CONVERGED
    >>> SOLUTION CONVERGED AFTER EQUILIBRIUM ITERATION   1
 *** LOAD STEP     3   SUBSTEP    34  COMPLETED.    CUM ITER =    457
 *** TIME =   31.3400         TIME INC =  0.100000E-01
 *** MAX VISCOELASTIC STRAIN STEP = 0.4661E-05

     FORCE CONVERGENCE VALUE  =  0.4929E-05  CRITERION=  0.5000E-04
     DISP CONVERGENCE VALUE   =  0.5661E-04  CRITERION=  0.1633E-02 <<< CONVERGED
    EQUIL ITER   1 COMPLETED.  OLD TRIANG MATRIX.  MAX DOF INC= -0.5661E-04
     FORCE CONVERGENCE VALUE  =  0.5273E-12  CRITERION=  0.5000E-04 <<< CONVERGED
    >>> SOLUTION CONVERGED AFTER EQUILIBRIUM ITERATION   1
 *** LOAD STEP     3   SUBSTEP    35  COMPLETED.    CUM ITER =    458
 *** TIME =   31.3500         TIME INC =  0.100000E-01
 *** MAX VISCOELASTIC STRAIN STEP = 0.4541E-05

     FORCE CONVERGENCE VALUE  =  0.4791E-05  CRITERION=  0.5000E-04
     DISP CONVERGENCE VALUE   =  0.5453E-04  CRITERION=  0.1633E-02 <<< CONVERGED
    EQUIL ITER   1 COMPLETED.  OLD TRIANG MATRIX.  MAX DOF INC= -0.5453E-04
     FORCE CONVERGENCE VALUE  =  0.4971E-12  CRITERION=  0.5000E-04 <<< CONVERGED
    >>> SOLUTION CONVERGED AFTER EQUILIBRIUM ITERATION   1
 *** LOAD STEP     3   SUBSTEP    36  COMPLETED.    CUM ITER =    459
 *** TIME =   31.3600         TIME INC =  0.100000E-01
 *** MAX VISCOELASTIC STRAIN STEP = 0.4424E-05

     FORCE CONVERGENCE VALUE  =  0.4655E-05  CRITERION=  0.5000E-04
     DISP CONVERGENCE VALUE   =  0.5255E-04  CRITERION=  0.1633E-02 <<< CONVERGED
    EQUIL ITER   1 COMPLETED.  OLD TRIANG MATRIX.  MAX DOF INC= -0.5255E-04
     FORCE CONVERGENCE VALUE  =  0.6473E-12  CRITERION=  0.5000E-04 <<< CONVERGED
    >>> SOLUTION CONVERGED AFTER EQUILIBRIUM ITERATION   1
 *** LOAD STEP     3   SUBSTEP    37  COMPLETED.    CUM ITER =    460
 *** TIME =   31.3700         TIME INC =  0.100000E-01
 *** MAX VISCOELASTIC STRAIN STEP = 0.4312E-05

     FORCE CONVERGENCE VALUE  =  0.4522E-05  CRITERION=  0.5000E-04
     DISP CONVERGENCE VALUE   =  0.5067E-04  CRITERION=  0.1633E-02 <<< CONVERGED
    EQUIL ITER   1 COMPLETED.  OLD TRIANG MATRIX.  MAX DOF INC= -0.5067E-04
     FORCE CONVERGENCE VALUE  =  0.5155E-12  CRITERION=  0.5000E-04 <<< CONVERGED
    >>> SOLUTION CONVERGED AFTER EQUILIBRIUM ITERATION   1
 *** LOAD STEP     3   SUBSTEP    38  COMPLETED.    CUM ITER =    461
 *** TIME =   31.3800         TIME INC =  0.100000E-01
 *** MAX VISCOELASTIC STRAIN STEP = 0.4204E-05

     FORCE CONVERGENCE VALUE  =  0.4392E-05  CRITERION=  0.5000E-04
     DISP CONVERGENCE VALUE   =  0.4887E-04  CRITERION=  0.1633E-02 <<< CONVERGED
    EQUIL ITER   1 COMPLETED.  OLD TRIANG MATRIX.  MAX DOF INC= -0.4887E-04
     FORCE CONVERGENCE VALUE  =  0.6322E-12  CRITERION=  0.5000E-04 <<< CONVERGED
    >>> SOLUTION CONVERGED AFTER EQUILIBRIUM ITERATION   1
 *** LOAD STEP     3   SUBSTEP    39  COMPLETED.    CUM ITER =    462
 *** TIME =   31.3900         TIME INC =  0.100000E-01
 *** MAX VISCOELASTIC STRAIN STEP = 0.4099E-05

     FORCE CONVERGENCE VALUE  =  0.4265E-05  CRITERION=  0.5000E-04
     DISP CONVERGENCE VALUE   =  0.4715E-04  CRITERION=  0.1633E-02 <<< CONVERGED
    EQUIL ITER   1 COMPLETED.  OLD TRIANG MATRIX.  MAX DOF INC= -0.4715E-04
     FORCE CONVERGENCE VALUE  =  0.5907E-12  CRITERION=  0.5000E-04 <<< CONVERGED
    >>> SOLUTION CONVERGED AFTER EQUILIBRIUM ITERATION   1
 *** LOAD STEP     3   SUBSTEP    40  COMPLETED.    CUM ITER =    463
 *** TIME =   31.4000         TIME INC =  0.100000E-01
 *** MAX VISCOELASTIC STRAIN STEP = 0.3998E-05

     FORCE CONVERGENCE VALUE  =  0.4140E-05  CRITERION=  0.5000E-04
     DISP CONVERGENCE VALUE   =  0.4551E-04  CRITERION=  0.1633E-02 <<< CONVERGED
    EQUIL ITER   1 COMPLETED.  OLD TRIANG MATRIX.  MAX DOF INC= -0.4551E-04
     FORCE CONVERGENCE VALUE  =  0.6294E-12  CRITERION=  0.5000E-04 <<< CONVERGED
    >>> SOLUTION CONVERGED AFTER EQUILIBRIUM ITERATION   1
 *** LOAD STEP     3   SUBSTEP    41  COMPLETED.    CUM ITER =    464
 *** TIME =   31.4100         TIME INC =  0.100000E-01
 *** MAX VISCOELASTIC STRAIN STEP = 0.3901E-05

     FORCE CONVERGENCE VALUE  =  0.4019E-05  CRITERION=  0.5000E-04
     DISP CONVERGENCE VALUE   =  0.4394E-04  CRITERION=  0.1633E-02 <<< CONVERGED
    EQUIL ITER   1 COMPLETED.  OLD TRIANG MATRIX.  MAX DOF INC= -0.4394E-04
     FORCE CONVERGENCE VALUE  =  0.5362E-12  CRITERION=  0.5000E-04 <<< CONVERGED
    >>> SOLUTION CONVERGED AFTER EQUILIBRIUM ITERATION   1
 *** LOAD STEP     3   SUBSTEP    42  COMPLETED.    CUM ITER =    465
 *** TIME =   31.4200         TIME INC =  0.100000E-01
 *** MAX VISCOELASTIC STRAIN STEP = 0.3807E-05

     FORCE CONVERGENCE VALUE  =  0.3900E-05  CRITERION=  0.5000E-04
     DISP CONVERGENCE VALUE   =  0.4244E-04  CRITERION=  0.1633E-02 <<< CONVERGED
    EQUIL ITER   1 COMPLETED.  OLD TRIANG MATRIX.  MAX DOF INC= -0.4244E-04
     FORCE CONVERGENCE VALUE  =  0.5192E-12  CRITERION=  0.5000E-04 <<< CONVERGED
    >>> SOLUTION CONVERGED AFTER EQUILIBRIUM ITERATION   1
 *** LOAD STEP     3   SUBSTEP    43  COMPLETED.    CUM ITER =    466
 *** TIME =   31.4300         TIME INC =  0.100000E-01
 *** MAX VISCOELASTIC STRAIN STEP = 0.3715E-05

     FORCE CONVERGENCE VALUE  =  0.3784E-05  CRITERION=  0.5000E-04
     DISP CONVERGENCE VALUE   =  0.4100E-04  CRITERION=  0.1633E-02 <<< CONVERGED
    EQUIL ITER   1 COMPLETED.  OLD TRIANG MATRIX.  MAX DOF INC= -0.4100E-04
     FORCE CONVERGENCE VALUE  =  0.4965E-12  CRITERION=  0.5000E-04 <<< CONVERGED
    >>> SOLUTION CONVERGED AFTER EQUILIBRIUM ITERATION   1
 *** LOAD STEP     3   SUBSTEP    44  COMPLETED.    CUM ITER =    467
 *** TIME =   31.4400         TIME INC =  0.100000E-01
 *** MAX VISCOELASTIC STRAIN STEP = 0.3627E-05

     FORCE CONVERGENCE VALUE  =  0.3671E-05  CRITERION=  0.5000E-04
     DISP CONVERGENCE VALUE   =  0.3963E-04  CRITERION=  0.1633E-02 <<< CONVERGED
    EQUIL ITER   1 COMPLETED.  OLD TRIANG MATRIX.  MAX DOF INC= -0.3963E-04
     FORCE CONVERGENCE VALUE  =  0.5003E-12  CRITERION=  0.5000E-04 <<< CONVERGED
    >>> SOLUTION CONVERGED AFTER EQUILIBRIUM ITERATION   1
 *** LOAD STEP     3   SUBSTEP    45  COMPLETED.    CUM ITER =    468
 *** TIME =   31.4500         TIME INC =  0.100000E-01
 *** MAX VISCOELASTIC STRAIN STEP = 0.3542E-05

     FORCE CONVERGENCE VALUE  =  0.3561E-05  CRITERION=  0.5000E-04
     DISP CONVERGENCE VALUE   =  0.3831E-04  CRITERION=  0.1633E-02 <<< CONVERGED
    EQUIL ITER   1 COMPLETED.  OLD TRIANG MATRIX.  MAX DOF INC= -0.3831E-04
     FORCE CONVERGENCE VALUE  =  0.5448E-12  CRITERION=  0.5000E-04 <<< CONVERGED
    >>> SOLUTION CONVERGED AFTER EQUILIBRIUM ITERATION   1
 *** LOAD STEP     3   SUBSTEP    46  COMPLETED.    CUM ITER =    469
 *** TIME =   31.4600         TIME INC =  0.100000E-01
 *** MAX VISCOELASTIC STRAIN STEP = 0.3460E-05

     FORCE CONVERGENCE VALUE  =  0.3453E-05  CRITERION=  0.5000E-04
     DISP CONVERGENCE VALUE   =  0.3705E-04  CRITERION=  0.1633E-02 <<< CONVERGED
    EQUIL ITER   1 COMPLETED.  OLD TRIANG MATRIX.  MAX DOF INC= -0.3705E-04
     FORCE CONVERGENCE VALUE  =  0.5438E-12  CRITERION=  0.5000E-04 <<< CONVERGED
    >>> SOLUTION CONVERGED AFTER EQUILIBRIUM ITERATION   1
 *** LOAD STEP     3   SUBSTEP    47  COMPLETED.    CUM ITER =    470
 *** TIME =   31.4700         TIME INC =  0.100000E-01
 *** MAX VISCOELASTIC STRAIN STEP = 0.3380E-05

     FORCE CONVERGENCE VALUE  =  0.3349E-05  CRITERION=  0.5000E-04
     DISP CONVERGENCE VALUE   =  0.3584E-04  CRITERION=  0.1633E-02 <<< CONVERGED
    EQUIL ITER   1 COMPLETED.  OLD TRIANG MATRIX.  MAX DOF INC= -0.3584E-04
     FORCE CONVERGENCE VALUE  =  0.4883E-12  CRITERION=  0.5000E-04 <<< CONVERGED
    >>> SOLUTION CONVERGED AFTER EQUILIBRIUM ITERATION   1
 *** LOAD STEP     3   SUBSTEP    48  COMPLETED.    CUM ITER =    471
 *** TIME =   31.4800         TIME INC =  0.100000E-01
 *** MAX VISCOELASTIC STRAIN STEP = 0.3303E-05

     FORCE CONVERGENCE VALUE  =  0.3247E-05  CRITERION=  0.5000E-04
     DISP CONVERGENCE VALUE   =  0.3469E-04  CRITERION=  0.1633E-02 <<< CONVERGED
    EQUIL ITER   1 COMPLETED.  OLD TRIANG MATRIX.  MAX DOF INC= -0.3469E-04
     FORCE CONVERGENCE VALUE  =  0.5016E-12  CRITERION=  0.5000E-04 <<< CONVERGED
    >>> SOLUTION CONVERGED AFTER EQUILIBRIUM ITERATION   1
 *** LOAD STEP     3   SUBSTEP    49  COMPLETED.    CUM ITER =    472
 *** TIME =   31.4900         TIME INC =  0.100000E-01
 *** MAX VISCOELASTIC STRAIN STEP = 0.3229E-05

     FORCE CONVERGENCE VALUE  =  0.3148E-05  CRITERION=  0.5000E-04
     DISP CONVERGENCE VALUE   =  0.3358E-04  CRITERION=  0.1633E-02 <<< CONVERGED
    EQUIL ITER   1 COMPLETED.  OLD TRIANG MATRIX.  MAX DOF INC= -0.3358E-04
     FORCE CONVERGENCE VALUE  =  0.5835E-12  CRITERION=  0.5000E-04 <<< CONVERGED
    >>> SOLUTION CONVERGED AFTER EQUILIBRIUM ITERATION   1
 *** LOAD STEP     3   SUBSTEP    50  COMPLETED.    CUM ITER =    473
 *** TIME =   31.5000         TIME INC =  0.100000E-01
 *** MAX VISCOELASTIC STRAIN STEP = 0.3156E-05

     FORCE CONVERGENCE VALUE  =  0.3051E-05  CRITERION=  0.5000E-04
     DISP CONVERGENCE VALUE   =  0.3251E-04  CRITERION=  0.1633E-02 <<< CONVERGED
    EQUIL ITER   1 COMPLETED.  OLD TRIANG MATRIX.  MAX DOF INC= -0.3251E-04
     FORCE CONVERGENCE VALUE  =  0.5989E-12  CRITERION=  0.5000E-04 <<< CONVERGED
    >>> SOLUTION CONVERGED AFTER EQUILIBRIUM ITERATION   1
 *** LOAD STEP     3   SUBSTEP    51  COMPLETED.    CUM ITER =    474
 *** TIME =   31.5100         TIME INC =  0.100000E-01
 *** MAX VISCOELASTIC STRAIN STEP = 0.3087E-05

     FORCE CONVERGENCE VALUE  =  0.2957E-05  CRITERION=  0.5000E-04
     DISP CONVERGENCE VALUE   =  0.3149E-04  CRITERION=  0.1633E-02 <<< CONVERGED
    EQUIL ITER   1 COMPLETED.  OLD TRIANG MATRIX.  MAX DOF INC= -0.3149E-04
     FORCE CONVERGENCE VALUE  =  0.5144E-12  CRITERION=  0.5000E-04 <<< CONVERGED
    >>> SOLUTION CONVERGED AFTER EQUILIBRIUM ITERATION   1
 *** LOAD STEP     3   SUBSTEP    52  COMPLETED.    CUM ITER =    475
 *** TIME =   31.5200         TIME INC =  0.100000E-01
 *** MAX VISCOELASTIC STRAIN STEP = 0.3019E-05

     FORCE CONVERGENCE VALUE  =  0.2866E-05  CRITERION=  0.5000E-04
     DISP CONVERGENCE VALUE   =  0.3052E-04  CRITERION=  0.1633E-02 <<< CONVERGED
    EQUIL ITER   1 COMPLETED.  OLD TRIANG MATRIX.  MAX DOF INC= -0.3052E-04
     FORCE CONVERGENCE VALUE  =  0.4964E-12  CRITERION=  0.5000E-04 <<< CONVERGED
    >>> SOLUTION CONVERGED AFTER EQUILIBRIUM ITERATION   1
 *** LOAD STEP     3   SUBSTEP    53  COMPLETED.    CUM ITER =    476
 *** TIME =   31.5300         TIME INC =  0.100000E-01
 *** MAX VISCOELASTIC STRAIN STEP = 0.2953E-05

     FORCE CONVERGENCE VALUE  =  0.2777E-05  CRITERION=  0.5000E-04
     DISP CONVERGENCE VALUE   =  0.2958E-04  CRITERION=  0.1633E-02 <<< CONVERGED
    EQUIL ITER   1 COMPLETED.  OLD TRIANG MATRIX.  MAX DOF INC= -0.2958E-04
     FORCE CONVERGENCE VALUE  =  0.5630E-12  CRITERION=  0.5000E-04 <<< CONVERGED
    >>> SOLUTION CONVERGED AFTER EQUILIBRIUM ITERATION   1
 *** LOAD STEP     3   SUBSTEP    54  COMPLETED.    CUM ITER =    477
 *** TIME =   31.5400         TIME INC =  0.100000E-01
 *** MAX VISCOELASTIC STRAIN STEP = 0.2890E-05

     FORCE CONVERGENCE VALUE  =  0.2691E-05  CRITERION=  0.5000E-04
     DISP CONVERGENCE VALUE   =  0.2867E-04  CRITERION=  0.1633E-02 <<< CONVERGED
    EQUIL ITER   1 COMPLETED.  OLD TRIANG MATRIX.  MAX DOF INC= -0.2867E-04
     FORCE CONVERGENCE VALUE  =  0.4647E-12  CRITERION=  0.5000E-04 <<< CONVERGED
    >>> SOLUTION CONVERGED AFTER EQUILIBRIUM ITERATION   1
 *** LOAD STEP     3   SUBSTEP    55  COMPLETED.    CUM ITER =    478
 *** TIME =   31.5500         TIME INC =  0.100000E-01
 *** MAX VISCOELASTIC STRAIN STEP = 0.2828E-05

     FORCE CONVERGENCE VALUE  =  0.2607E-05  CRITERION=  0.5000E-04
     DISP CONVERGENCE VALUE   =  0.2781E-04  CRITERION=  0.1633E-02 <<< CONVERGED
    EQUIL ITER   1 COMPLETED.  OLD TRIANG MATRIX.  MAX DOF INC= -0.2781E-04
     FORCE CONVERGENCE VALUE  =  0.5098E-12  CRITERION=  0.5000E-04 <<< CONVERGED
    >>> SOLUTION CONVERGED AFTER EQUILIBRIUM ITERATION   1
 *** LOAD STEP     3   SUBSTEP    56  COMPLETED.    CUM ITER =    479
 *** TIME =   31.5600         TIME INC =  0.100000E-01
 *** MAX VISCOELASTIC STRAIN STEP = 0.2768E-05

     FORCE CONVERGENCE VALUE  =  0.2526E-05  CRITERION=  0.5000E-04
     DISP CONVERGENCE VALUE   =  0.2697E-04  CRITERION=  0.1633E-02 <<< CONVERGED
    EQUIL ITER   1 COMPLETED.  OLD TRIANG MATRIX.  MAX DOF INC= -0.2697E-04
     FORCE CONVERGENCE VALUE  =  0.5184E-12  CRITERION=  0.5000E-04 <<< CONVERGED
    >>> SOLUTION CONVERGED AFTER EQUILIBRIUM ITERATION   1
 *** LOAD STEP     3   SUBSTEP    57  COMPLETED.    CUM ITER =    480
 *** TIME =   31.5700         TIME INC =  0.100000E-01
 *** MAX VISCOELASTIC STRAIN STEP = 0.2710E-05

     FORCE CONVERGENCE VALUE  =  0.2446E-05  CRITERION=  0.5000E-04
     DISP CONVERGENCE VALUE   =  0.2617E-04  CRITERION=  0.1633E-02 <<< CONVERGED
    EQUIL ITER   1 COMPLETED.  OLD TRIANG MATRIX.  MAX DOF INC= -0.2617E-04
     FORCE CONVERGENCE VALUE  =  0.5761E-12  CRITERION=  0.5000E-04 <<< CONVERGED
    >>> SOLUTION CONVERGED AFTER EQUILIBRIUM ITERATION   1
 *** LOAD STEP     3   SUBSTEP    58  COMPLETED.    CUM ITER =    481
 *** TIME =   31.5800         TIME INC =  0.100000E-01
 *** MAX VISCOELASTIC STRAIN STEP = 0.2654E-05

     FORCE CONVERGENCE VALUE  =  0.2370E-05  CRITERION=  0.5000E-04
     DISP CONVERGENCE VALUE   =  0.2540E-04  CRITERION=  0.1633E-02 <<< CONVERGED
    EQUIL ITER   1 COMPLETED.  OLD TRIANG MATRIX.  MAX DOF INC= -0.2540E-04
     FORCE CONVERGENCE VALUE  =  0.4498E-12  CRITERION=  0.5000E-04 <<< CONVERGED
    >>> SOLUTION CONVERGED AFTER EQUILIBRIUM ITERATION   1
 *** LOAD STEP     3   SUBSTEP    59  COMPLETED.    CUM ITER =    482
 *** TIME =   31.5900         TIME INC =  0.100000E-01
 *** MAX VISCOELASTIC STRAIN STEP = 0.2600E-05

     FORCE CONVERGENCE VALUE  =  0.2295E-05  CRITERION=  0.5000E-04
     DISP CONVERGENCE VALUE   =  0.2467E-04  CRITERION=  0.1633E-02 <<< CONVERGED
    EQUIL ITER   1 COMPLETED.  OLD TRIANG MATRIX.  MAX DOF INC= -0.2467E-04
     FORCE CONVERGENCE VALUE  =  0.4790E-12  CRITERION=  0.5000E-04 <<< CONVERGED
    >>> SOLUTION CONVERGED AFTER EQUILIBRIUM ITERATION   1
 *** LOAD STEP     3   SUBSTEP    60  COMPLETED.    CUM ITER =    483
 *** TIME =   31.6000         TIME INC =  0.100000E-01
 *** MAX VISCOELASTIC STRAIN STEP = 0.2547E-05

     FORCE CONVERGENCE VALUE  =  0.2222E-05  CRITERION=  0.5000E-04
     DISP CONVERGENCE VALUE   =  0.2395E-04  CRITERION=  0.1633E-02 <<< CONVERGED
    EQUIL ITER   1 COMPLETED.  OLD TRIANG MATRIX.  MAX DOF INC= -0.2395E-04
     FORCE CONVERGENCE VALUE  =  0.4471E-12  CRITERION=  0.5000E-04 <<< CONVERGED
    >>> SOLUTION CONVERGED AFTER EQUILIBRIUM ITERATION   1
 *** LOAD STEP     3   SUBSTEP    61  COMPLETED.    CUM ITER =    484
 *** TIME =   31.6100         TIME INC =  0.100000E-01
 *** MAX VISCOELASTIC STRAIN STEP = 0.2495E-05

     FORCE CONVERGENCE VALUE  =  0.2152E-05  CRITERION=  0.5000E-04
     DISP CONVERGENCE VALUE   =  0.2327E-04  CRITERION=  0.1633E-02 <<< CONVERGED
    EQUIL ITER   1 COMPLETED.  OLD TRIANG MATRIX.  MAX DOF INC= -0.2327E-04
     FORCE CONVERGENCE VALUE  =  0.5085E-12  CRITERION=  0.5000E-04 <<< CONVERGED
    >>> SOLUTION CONVERGED AFTER EQUILIBRIUM ITERATION   1
 *** LOAD STEP     3   SUBSTEP    62  COMPLETED.    CUM ITER =    485
 *** TIME =   31.6200         TIME INC =  0.100000E-01
 *** MAX VISCOELASTIC STRAIN STEP = 0.2445E-05

     FORCE CONVERGENCE VALUE  =  0.2084E-05  CRITERION=  0.5000E-04
     DISP CONVERGENCE VALUE   =  0.2261E-04  CRITERION=  0.1633E-02 <<< CONVERGED
    EQUIL ITER   1 COMPLETED.  OLD TRIANG MATRIX.  MAX DOF INC= -0.2261E-04
     FORCE CONVERGENCE VALUE  =  0.5231E-12  CRITERION=  0.5000E-04 <<< CONVERGED
    >>> SOLUTION CONVERGED AFTER EQUILIBRIUM ITERATION   1
 *** LOAD STEP     3   SUBSTEP    63  COMPLETED.    CUM ITER =    486
 *** TIME =   31.6300         TIME INC =  0.100000E-01
 *** MAX VISCOELASTIC STRAIN STEP = 0.2397E-05

     FORCE CONVERGENCE VALUE  =  0.2017E-05  CRITERION=  0.5000E-04
     DISP CONVERGENCE VALUE   =  0.2198E-04  CRITERION=  0.1633E-02 <<< CONVERGED
    EQUIL ITER   1 COMPLETED.  OLD TRIANG MATRIX.  MAX DOF INC= -0.2198E-04
     FORCE CONVERGENCE VALUE  =  0.4520E-12  CRITERION=  0.5000E-04 <<< CONVERGED
    >>> SOLUTION CONVERGED AFTER EQUILIBRIUM ITERATION   1
 *** LOAD STEP     3   SUBSTEP    64  COMPLETED.    CUM ITER =    487
 *** TIME =   31.6400         TIME INC =  0.100000E-01
 *** MAX VISCOELASTIC STRAIN STEP = 0.2350E-05

     FORCE CONVERGENCE VALUE  =  0.1953E-05  CRITERION=  0.5000E-04
     DISP CONVERGENCE VALUE   =  0.2137E-04  CRITERION=  0.1633E-02 <<< CONVERGED
    EQUIL ITER   1 COMPLETED.  OLD TRIANG MATRIX.  MAX DOF INC= -0.2137E-04
     FORCE CONVERGENCE VALUE  =  0.4571E-12  CRITERION=  0.5000E-04 <<< CONVERGED
    >>> SOLUTION CONVERGED AFTER EQUILIBRIUM ITERATION   1
 *** LOAD STEP     3   SUBSTEP    65  COMPLETED.    CUM ITER =    488
 *** TIME =   31.6500         TIME INC =  0.100000E-01
 *** MAX VISCOELASTIC STRAIN STEP = 0.2304E-05

     FORCE CONVERGENCE VALUE  =  0.1891E-05  CRITERION=  0.5000E-04
     DISP CONVERGENCE VALUE   =  0.2078E-04  CRITERION=  0.1633E-02 <<< CONVERGED
    EQUIL ITER   1 COMPLETED.  OLD TRIANG MATRIX.  MAX DOF INC= -0.2078E-04
     FORCE CONVERGENCE VALUE  =  0.4457E-12  CRITERION=  0.5000E-04 <<< CONVERGED
    >>> SOLUTION CONVERGED AFTER EQUILIBRIUM ITERATION   1
 *** LOAD STEP     3   SUBSTEP    66  COMPLETED.    CUM ITER =    489
 *** TIME =   31.6600         TIME INC =  0.100000E-01
 *** MAX VISCOELASTIC STRAIN STEP = 0.2260E-05

     FORCE CONVERGENCE VALUE  =  0.1830E-05  CRITERION=  0.5000E-04
     DISP CONVERGENCE VALUE   =  0.2022E-04  CRITERION=  0.1633E-02 <<< CONVERGED
    EQUIL ITER   1 COMPLETED.  OLD TRIANG MATRIX.  MAX DOF INC= -0.2022E-04
     FORCE CONVERGENCE VALUE  =  0.5007E-12  CRITERION=  0.5000E-04 <<< CONVERGED
    >>> SOLUTION CONVERGED AFTER EQUILIBRIUM ITERATION   1
 *** LOAD STEP     3   SUBSTEP    67  COMPLETED.    CUM ITER =    490
 *** TIME =   31.6700         TIME INC =  0.100000E-01
 *** MAX VISCOELASTIC STRAIN STEP = 0.2217E-05

     FORCE CONVERGENCE VALUE  =  0.1771E-05  CRITERION=  0.5000E-04
     DISP CONVERGENCE VALUE   =  0.1967E-04  CRITERION=  0.1633E-02 <<< CONVERGED
    EQUIL ITER   1 COMPLETED.  OLD TRIANG MATRIX.  MAX DOF INC= -0.1967E-04
     FORCE CONVERGENCE VALUE  =  0.5570E-12  CRITERION=  0.5000E-04 <<< CONVERGED
    >>> SOLUTION CONVERGED AFTER EQUILIBRIUM ITERATION   1
 *** LOAD STEP     3   SUBSTEP    68  COMPLETED.    CUM ITER =    491
 *** TIME =   31.6800         TIME INC =  0.100000E-01
 *** MAX VISCOELASTIC STRAIN STEP = 0.2175E-05

     FORCE CONVERGENCE VALUE  =  0.1714E-05  CRITERION=  0.5000E-04
     DISP CONVERGENCE VALUE   =  0.1915E-04  CRITERION=  0.1633E-02 <<< CONVERGED
    EQUIL ITER   1 COMPLETED.  OLD TRIANG MATRIX.  MAX DOF INC= -0.1915E-04
     FORCE CONVERGENCE VALUE  =  0.4985E-12  CRITERION=  0.5000E-04 <<< CONVERGED
    >>> SOLUTION CONVERGED AFTER EQUILIBRIUM ITERATION   1
 *** LOAD STEP     3   SUBSTEP    69  COMPLETED.    CUM ITER =    492
 *** TIME =   31.6900         TIME INC =  0.100000E-01
 *** MAX VISCOELASTIC STRAIN STEP = 0.2134E-05

     FORCE CONVERGENCE VALUE  =  0.1659E-05  CRITERION=  0.5000E-04
     DISP CONVERGENCE VALUE   =  0.1864E-04  CRITERION=  0.1633E-02 <<< CONVERGED
    EQUIL ITER   1 COMPLETED.  OLD TRIANG MATRIX.  MAX DOF INC= -0.1864E-04
     FORCE CONVERGENCE VALUE  =  0.4307E-12  CRITERION=  0.5000E-04 <<< CONVERGED
    >>> SOLUTION CONVERGED AFTER EQUILIBRIUM ITERATION   1
 *** LOAD STEP     3   SUBSTEP    70  COMPLETED.    CUM ITER =    493
 *** TIME =   31.7000         TIME INC =  0.100000E-01
 *** MAX VISCOELASTIC STRAIN STEP = 0.2094E-05

     FORCE CONVERGENCE VALUE  =  0.1605E-05  CRITERION=  0.5000E-04
     DISP CONVERGENCE VALUE   =  0.1815E-04  CRITERION=  0.1633E-02 <<< CONVERGED
    EQUIL ITER   1 COMPLETED.  OLD TRIANG MATRIX.  MAX DOF INC= -0.1815E-04
     FORCE CONVERGENCE VALUE  =  0.4148E-12  CRITERION=  0.5000E-04 <<< CONVERGED
    >>> SOLUTION CONVERGED AFTER EQUILIBRIUM ITERATION   1
 *** LOAD STEP     3   SUBSTEP    71  COMPLETED.    CUM ITER =    494
 *** TIME =   31.7100         TIME INC =  0.100000E-01
 *** MAX VISCOELASTIC STRAIN STEP = 0.2056E-05

     FORCE CONVERGENCE VALUE  =  0.1553E-05  CRITERION=  0.5000E-04
     DISP CONVERGENCE VALUE   =  0.1768E-04  CRITERION=  0.1633E-02 <<< CONVERGED
    EQUIL ITER   1 COMPLETED.  OLD TRIANG MATRIX.  MAX DOF INC= -0.1768E-04
     FORCE CONVERGENCE VALUE  =  0.4556E-12  CRITERION=  0.5000E-04 <<< CONVERGED
    >>> SOLUTION CONVERGED AFTER EQUILIBRIUM ITERATION   1
 *** LOAD STEP     3   SUBSTEP    72  COMPLETED.    CUM ITER =    495
 *** TIME =   31.7200         TIME INC =  0.100000E-01
 *** MAX VISCOELASTIC STRAIN STEP = 0.2018E-05

     FORCE CONVERGENCE VALUE  =  0.1503E-05  CRITERION=  0.5000E-04
     DISP CONVERGENCE VALUE   =  0.1723E-04  CRITERION=  0.1633E-02 <<< CONVERGED
    EQUIL ITER   1 COMPLETED.  OLD TRIANG MATRIX.  MAX DOF INC= -0.1723E-04
     FORCE CONVERGENCE VALUE  =  0.4892E-12  CRITERION=  0.5000E-04 <<< CONVERGED
    >>> SOLUTION CONVERGED AFTER EQUILIBRIUM ITERATION   1
 *** LOAD STEP     3   SUBSTEP    73  COMPLETED.    CUM ITER =    496
 *** TIME =   31.7300         TIME INC =  0.100000E-01
 *** MAX VISCOELASTIC STRAIN STEP = 0.1982E-05

     FORCE CONVERGENCE VALUE  =  0.1454E-05  CRITERION=  0.5000E-04
     DISP CONVERGENCE VALUE   =  0.1679E-04  CRITERION=  0.1633E-02 <<< CONVERGED
    EQUIL ITER   1 COMPLETED.  OLD TRIANG MATRIX.  MAX DOF INC= -0.1679E-04
     FORCE CONVERGENCE VALUE  =  0.5115E-12  CRITERION=  0.5000E-04 <<< CONVERGED
    >>> SOLUTION CONVERGED AFTER EQUILIBRIUM ITERATION   1
 *** LOAD STEP     3   SUBSTEP    74  COMPLETED.    CUM ITER =    497
 *** TIME =   31.7400         TIME INC =  0.100000E-01
 *** MAX VISCOELASTIC STRAIN STEP = 0.1946E-05

     FORCE CONVERGENCE VALUE  =  0.1406E-05  CRITERION=  0.5000E-04
     DISP CONVERGENCE VALUE   =  0.1637E-04  CRITERION=  0.1633E-02 <<< CONVERGED
    EQUIL ITER   1 COMPLETED.  OLD TRIANG MATRIX.  MAX DOF INC= -0.1637E-04
     FORCE CONVERGENCE VALUE  =  0.4381E-12  CRITERION=  0.5000E-04 <<< CONVERGED
    >>> SOLUTION CONVERGED AFTER EQUILIBRIUM ITERATION   1
 *** LOAD STEP     3   SUBSTEP    75  COMPLETED.    CUM ITER =    498
 *** TIME =   31.7500         TIME INC =  0.100000E-01
 *** MAX VISCOELASTIC STRAIN STEP = 0.1912E-05

     FORCE CONVERGENCE VALUE  =  0.1360E-05  CRITERION=  0.5000E-04
     DISP CONVERGENCE VALUE   =  0.1596E-04  CRITERION=  0.1633E-02 <<< CONVERGED
    EQUIL ITER   1 COMPLETED.  OLD TRIANG MATRIX.  MAX DOF INC= -0.1596E-04
     FORCE CONVERGENCE VALUE  =  0.4502E-12  CRITERION=  0.5000E-04 <<< CONVERGED
    >>> SOLUTION CONVERGED AFTER EQUILIBRIUM ITERATION   1
 *** LOAD STEP     3   SUBSTEP    76  COMPLETED.    CUM ITER =    499
 *** TIME =   31.7600         TIME INC =  0.100000E-01
 *** MAX VISCOELASTIC STRAIN STEP = 0.1878E-05

     FORCE CONVERGENCE VALUE  =  0.1316E-05  CRITERION=  0.5000E-04
     DISP CONVERGENCE VALUE   =  0.1557E-04  CRITERION=  0.1633E-02 <<< CONVERGED
    EQUIL ITER   1 COMPLETED.  OLD TRIANG MATRIX.  MAX DOF INC= -0.1557E-04
     FORCE CONVERGENCE VALUE  =  0.4326E-12  CRITERION=  0.5000E-04 <<< CONVERGED
    >>> SOLUTION CONVERGED AFTER EQUILIBRIUM ITERATION   1
 *** LOAD STEP     3   SUBSTEP    77  COMPLETED.    CUM ITER =    500
 *** TIME =   31.7700         TIME INC =  0.100000E-01
 *** MAX VISCOELASTIC STRAIN STEP = 0.1845E-05

     FORCE CONVERGENCE VALUE  =  0.1272E-05  CRITERION=  0.5000E-04
     DISP CONVERGENCE VALUE   =  0.1519E-04  CRITERION=  0.1633E-02 <<< CONVERGED
    EQUIL ITER   1 COMPLETED.  OLD TRIANG MATRIX.  MAX DOF INC= -0.1519E-04
     FORCE CONVERGENCE VALUE  =  0.4653E-12  CRITERION=  0.5000E-04 <<< CONVERGED
    >>> SOLUTION CONVERGED AFTER EQUILIBRIUM ITERATION   1
 *** LOAD STEP     3   SUBSTEP    78  COMPLETED.    CUM ITER =    501
 *** TIME =   31.7800         TIME INC =  0.100000E-01
 *** MAX VISCOELASTIC STRAIN STEP = 0.1813E-05

     FORCE CONVERGENCE VALUE  =  0.1230E-05  CRITERION=  0.5000E-04
     DISP CONVERGENCE VALUE   =  0.1482E-04  CRITERION=  0.1633E-02 <<< CONVERGED
    EQUIL ITER   1 COMPLETED.  OLD TRIANG MATRIX.  MAX DOF INC= -0.1482E-04
     FORCE CONVERGENCE VALUE  =  0.4826E-12  CRITERION=  0.5000E-04 <<< CONVERGED
    >>> SOLUTION CONVERGED AFTER EQUILIBRIUM ITERATION   1
 *** LOAD STEP     3   SUBSTEP    79  COMPLETED.    CUM ITER =    502
 *** TIME =   31.7900         TIME INC =  0.100000E-01
 *** MAX VISCOELASTIC STRAIN STEP = 0.1782E-05

     FORCE CONVERGENCE VALUE  =  0.1190E-05  CRITERION=  0.5000E-04
     DISP CONVERGENCE VALUE   =  0.1447E-04  CRITERION=  0.1633E-02 <<< CONVERGED
    EQUIL ITER   1 COMPLETED.  OLD TRIANG MATRIX.  MAX DOF INC= -0.1447E-04
     FORCE CONVERGENCE VALUE  =  0.4167E-12  CRITERION=  0.5000E-04 <<< CONVERGED
    >>> SOLUTION CONVERGED AFTER EQUILIBRIUM ITERATION   1
 *** LOAD STEP     3   SUBSTEP    80  COMPLETED.    CUM ITER =    503
 *** TIME =   31.8000         TIME INC =  0.100000E-01
 *** MAX VISCOELASTIC STRAIN STEP = 0.1751E-05

     FORCE CONVERGENCE VALUE  =  0.1150E-05  CRITERION=  0.5000E-04
     DISP CONVERGENCE VALUE   =  0.1412E-04  CRITERION=  0.1633E-02 <<< CONVERGED
    EQUIL ITER   1 COMPLETED.  OLD TRIANG MATRIX.  MAX DOF INC= -0.1412E-04
     FORCE CONVERGENCE VALUE  =  0.4265E-12  CRITERION=  0.5000E-04 <<< CONVERGED
    >>> SOLUTION CONVERGED AFTER EQUILIBRIUM ITERATION   1
 *** LOAD STEP     3   SUBSTEP    81  COMPLETED.    CUM ITER =    504
 *** TIME =   31.8100         TIME INC =  0.100000E-01
 *** MAX VISCOELASTIC STRAIN STEP = 0.1722E-05

     FORCE CONVERGENCE VALUE  =  0.1112E-05  CRITERION=  0.5000E-04
     DISP CONVERGENCE VALUE   =  0.1379E-04  CRITERION=  0.1633E-02 <<< CONVERGED
    EQUIL ITER   1 COMPLETED.  OLD TRIANG MATRIX.  MAX DOF INC= -0.1379E-04
     FORCE CONVERGENCE VALUE  =  0.4757E-12  CRITERION=  0.5000E-04 <<< CONVERGED
    >>> SOLUTION CONVERGED AFTER EQUILIBRIUM ITERATION   1
 *** LOAD STEP     3   SUBSTEP    82  COMPLETED.    CUM ITER =    505
 *** TIME =   31.8200         TIME INC =  0.100000E-01
 *** MAX VISCOELASTIC STRAIN STEP = 0.1693E-05

     FORCE CONVERGENCE VALUE  =  0.1075E-05  CRITERION=  0.5000E-04
     DISP CONVERGENCE VALUE   =  0.1347E-04  CRITERION=  0.1633E-02 <<< CONVERGED
    EQUIL ITER   1 COMPLETED.  OLD TRIANG MATRIX.  MAX DOF INC= -0.1347E-04
     FORCE CONVERGENCE VALUE  =  0.4451E-12  CRITERION=  0.5000E-04 <<< CONVERGED
    >>> SOLUTION CONVERGED AFTER EQUILIBRIUM ITERATION   1
 *** LOAD STEP     3   SUBSTEP    83  COMPLETED.    CUM ITER =    506
 *** TIME =   31.8300         TIME INC =  0.100000E-01
 *** MAX VISCOELASTIC STRAIN STEP = 0.1665E-05

     FORCE CONVERGENCE VALUE  =  0.1039E-05  CRITERION=  0.5000E-04
     DISP CONVERGENCE VALUE   =  0.1316E-04  CRITERION=  0.1633E-02 <<< CONVERGED
    EQUIL ITER   1 COMPLETED.  OLD TRIANG MATRIX.  MAX DOF INC= -0.1316E-04
     FORCE CONVERGENCE VALUE  =  0.4558E-12  CRITERION=  0.5000E-04 <<< CONVERGED
    >>> SOLUTION CONVERGED AFTER EQUILIBRIUM ITERATION   1
 *** LOAD STEP     3   SUBSTEP    84  COMPLETED.    CUM ITER =    507
 *** TIME =   31.8400         TIME INC =  0.100000E-01
 *** MAX VISCOELASTIC STRAIN STEP = 0.1637E-05

     FORCE CONVERGENCE VALUE  =  0.1004E-05  CRITERION=  0.5000E-04
     DISP CONVERGENCE VALUE   =  0.1286E-04  CRITERION=  0.1633E-02 <<< CONVERGED
    EQUIL ITER   1 COMPLETED.  OLD TRIANG MATRIX.  MAX DOF INC= -0.1286E-04
     FORCE CONVERGENCE VALUE  =  0.4208E-12  CRITERION=  0.5000E-04 <<< CONVERGED
    >>> SOLUTION CONVERGED AFTER EQUILIBRIUM ITERATION   1
 *** LOAD STEP     3   SUBSTEP    85  COMPLETED.    CUM ITER =    508
 *** TIME =   31.8500         TIME INC =  0.100000E-01
 *** MAX VISCOELASTIC STRAIN STEP = 0.1611E-05

     FORCE CONVERGENCE VALUE  =  0.9705E-06  CRITERION=  0.5000E-04
     DISP CONVERGENCE VALUE   =  0.1257E-04  CRITERION=  0.1633E-02 <<< CONVERGED
    EQUIL ITER   1 COMPLETED.  OLD TRIANG MATRIX.  MAX DOF INC= -0.1257E-04
     FORCE CONVERGENCE VALUE  =  0.4061E-12  CRITERION=  0.5000E-04 <<< CONVERGED
    >>> SOLUTION CONVERGED AFTER EQUILIBRIUM ITERATION   1
 *** LOAD STEP     3   SUBSTEP    86  COMPLETED.    CUM ITER =    509
 *** TIME =   31.8600         TIME INC =  0.100000E-01
 *** MAX VISCOELASTIC STRAIN STEP = 0.1584E-05

     FORCE CONVERGENCE VALUE  =  0.9377E-06  CRITERION=  0.5000E-04
     DISP CONVERGENCE VALUE   =  0.1229E-04  CRITERION=  0.1633E-02 <<< CONVERGED
    EQUIL ITER   1 COMPLETED.  OLD TRIANG MATRIX.  MAX DOF INC= -0.1229E-04
     FORCE CONVERGENCE VALUE  =  0.4452E-12  CRITERION=  0.5000E-04 <<< CONVERGED
    >>> SOLUTION CONVERGED AFTER EQUILIBRIUM ITERATION   1
 *** LOAD STEP     3   SUBSTEP    87  COMPLETED.    CUM ITER =    510
 *** TIME =   31.8700         TIME INC =  0.100000E-01
 *** MAX VISCOELASTIC STRAIN STEP = 0.1559E-05

     FORCE CONVERGENCE VALUE  =  0.9060E-06  CRITERION=  0.5000E-04
     DISP CONVERGENCE VALUE   =  0.1202E-04  CRITERION=  0.1633E-02 <<< CONVERGED
    EQUIL ITER   1 COMPLETED.  OLD TRIANG MATRIX.  MAX DOF INC= -0.1202E-04
     FORCE CONVERGENCE VALUE  =  0.3967E-12  CRITERION=  0.5000E-04 <<< CONVERGED
    >>> SOLUTION CONVERGED AFTER EQUILIBRIUM ITERATION   1
 *** LOAD STEP     3   SUBSTEP    88  COMPLETED.    CUM ITER =    511
 *** TIME =   31.8800         TIME INC =  0.100000E-01
 *** MAX VISCOELASTIC STRAIN STEP = 0.1534E-05

     FORCE CONVERGENCE VALUE  =  0.8752E-06  CRITERION=  0.5000E-04
     DISP CONVERGENCE VALUE   =  0.1176E-04  CRITERION=  0.1633E-02 <<< CONVERGED
    EQUIL ITER   1 COMPLETED.  OLD TRIANG MATRIX.  MAX DOF INC= -0.1176E-04
     FORCE CONVERGENCE VALUE  =  0.3849E-12  CRITERION=  0.5000E-04 <<< CONVERGED
    >>> SOLUTION CONVERGED AFTER EQUILIBRIUM ITERATION   1
 *** LOAD STEP     3   SUBSTEP    89  COMPLETED.    CUM ITER =    512
 *** TIME =   31.8900         TIME INC =  0.100000E-01
 *** MAX VISCOELASTIC STRAIN STEP = 0.1510E-05

     FORCE CONVERGENCE VALUE  =  0.8454E-06  CRITERION=  0.5000E-04
     DISP CONVERGENCE VALUE   =  0.1150E-04  CRITERION=  0.1633E-02 <<< CONVERGED
    EQUIL ITER   1 COMPLETED.  OLD TRIANG MATRIX.  MAX DOF INC= -0.1150E-04
     FORCE CONVERGENCE VALUE  =  0.3755E-12  CRITERION=  0.5000E-04 <<< CONVERGED
    >>> SOLUTION CONVERGED AFTER EQUILIBRIUM ITERATION   1
 *** LOAD STEP     3   SUBSTEP    90  COMPLETED.    CUM ITER =    513
 *** TIME =   31.9000         TIME INC =  0.100000E-01
 *** MAX VISCOELASTIC STRAIN STEP = 0.1486E-05

     FORCE CONVERGENCE VALUE  =  0.8165E-06  CRITERION=  0.5000E-04
     DISP CONVERGENCE VALUE   =  0.1126E-04  CRITERION=  0.1633E-02 <<< CONVERGED
    EQUIL ITER   1 COMPLETED.  OLD TRIANG MATRIX.  MAX DOF INC= -0.1126E-04
     FORCE CONVERGENCE VALUE  =  0.4020E-12  CRITERION=  0.5000E-04 <<< CONVERGED
    >>> SOLUTION CONVERGED AFTER EQUILIBRIUM ITERATION   1
 *** LOAD STEP     3   SUBSTEP    91  COMPLETED.    CUM ITER =    514
 *** TIME =   31.9100         TIME INC =  0.100000E-01
 *** MAX VISCOELASTIC STRAIN STEP = 0.1463E-05

     FORCE CONVERGENCE VALUE  =  0.7885E-06  CRITERION=  0.5000E-04
     DISP CONVERGENCE VALUE   =  0.1102E-04  CRITERION=  0.1633E-02 <<< CONVERGED
    EQUIL ITER   1 COMPLETED.  OLD TRIANG MATRIX.  MAX DOF INC= -0.1102E-04
     FORCE CONVERGENCE VALUE  =  0.4175E-12  CRITERION=  0.5000E-04 <<< CONVERGED
    >>> SOLUTION CONVERGED AFTER EQUILIBRIUM ITERATION   1
 *** LOAD STEP     3   SUBSTEP    92  COMPLETED.    CUM ITER =    515
 *** TIME =   31.9200         TIME INC =  0.100000E-01
 *** MAX VISCOELASTIC STRAIN STEP = 0.1440E-05

     FORCE CONVERGENCE VALUE  =  0.7614E-06  CRITERION=  0.5000E-04
     DISP CONVERGENCE VALUE   =  0.1079E-04  CRITERION=  0.1633E-02 <<< CONVERGED
    EQUIL ITER   1 COMPLETED.  OLD TRIANG MATRIX.  MAX DOF INC= -0.1079E-04
     FORCE CONVERGENCE VALUE  =  0.3968E-12  CRITERION=  0.5000E-04 <<< CONVERGED
    >>> SOLUTION CONVERGED AFTER EQUILIBRIUM ITERATION   1
 *** LOAD STEP     3   SUBSTEP    93  COMPLETED.    CUM ITER =    516
 *** TIME =   31.9300         TIME INC =  0.100000E-01
 *** MAX VISCOELASTIC STRAIN STEP = 0.1418E-05

     FORCE CONVERGENCE VALUE  =  0.7351E-06  CRITERION=  0.5000E-04
     DISP CONVERGENCE VALUE   =  0.1056E-04  CRITERION=  0.1633E-02 <<< CONVERGED
    EQUIL ITER   1 COMPLETED.  OLD TRIANG MATRIX.  MAX DOF INC= -0.1056E-04
     FORCE CONVERGENCE VALUE  =  0.4257E-12  CRITERION=  0.5000E-04 <<< CONVERGED
    >>> SOLUTION CONVERGED AFTER EQUILIBRIUM ITERATION   1
 *** LOAD STEP     3   SUBSTEP    94  COMPLETED.    CUM ITER =    517
 *** TIME =   31.9400         TIME INC =  0.100000E-01
 *** MAX VISCOELASTIC STRAIN STEP = 0.1396E-05

     FORCE CONVERGENCE VALUE  =  0.7096E-06  CRITERION=  0.5000E-04
     DISP CONVERGENCE VALUE   =  0.1034E-04  CRITERION=  0.1633E-02 <<< CONVERGED
    EQUIL ITER   1 COMPLETED.  OLD TRIANG MATRIX.  MAX DOF INC= -0.1034E-04
     FORCE CONVERGENCE VALUE  =  0.4040E-12  CRITERION=  0.5000E-04 <<< CONVERGED
    >>> SOLUTION CONVERGED AFTER EQUILIBRIUM ITERATION   1
 *** LOAD STEP     3   SUBSTEP    95  COMPLETED.    CUM ITER =    518
 *** TIME =   31.9500         TIME INC =  0.100000E-01
 *** MAX VISCOELASTIC STRAIN STEP = 0.1375E-05

     FORCE CONVERGENCE VALUE  =  0.6849E-06  CRITERION=  0.5000E-04
     DISP CONVERGENCE VALUE   =  0.1013E-04  CRITERION=  0.1633E-02 <<< CONVERGED
    EQUIL ITER   1 COMPLETED.  OLD TRIANG MATRIX.  MAX DOF INC= -0.1013E-04
     FORCE CONVERGENCE VALUE  =  0.4338E-12  CRITERION=  0.5000E-04 <<< CONVERGED
    >>> SOLUTION CONVERGED AFTER EQUILIBRIUM ITERATION   1
 *** LOAD STEP     3   SUBSTEP    96  COMPLETED.    CUM ITER =    519
 *** TIME =   31.9600         TIME INC =  0.100000E-01
 *** MAX VISCOELASTIC STRAIN STEP = 0.1365E-05

     FORCE CONVERGENCE VALUE  =  0.6609E-06  CRITERION=  0.5000E-04
     DISP CONVERGENCE VALUE   =  0.9929E-05  CRITERION=  0.1633E-02 <<< CONVERGED
    EQUIL ITER   1 COMPLETED.  OLD TRIANG MATRIX.  MAX DOF INC= -0.9929E-05
     FORCE CONVERGENCE VALUE  =  0.4073E-12  CRITERION=  0.5000E-04 <<< CONVERGED
    >>> SOLUTION CONVERGED AFTER EQUILIBRIUM ITERATION   1
 *** LOAD STEP     3   SUBSTEP    97  COMPLETED.    CUM ITER =    520
 *** TIME =   31.9700         TIME INC =  0.100000E-01
 *** MAX VISCOELASTIC STRAIN STEP = 0.1357E-05

     FORCE CONVERGENCE VALUE  =  0.6377E-06  CRITERION=  0.5000E-04
     DISP CONVERGENCE VALUE   =  0.9730E-05  CRITERION=  0.1633E-02 <<< CONVERGED
    EQUIL ITER   1 COMPLETED.  OLD TRIANG MATRIX.  MAX DOF INC= -0.9730E-05
     FORCE CONVERGENCE VALUE  =  0.4541E-12  CRITERION=  0.5000E-04 <<< CONVERGED
    >>> SOLUTION CONVERGED AFTER EQUILIBRIUM ITERATION   1
 *** LOAD STEP     3   SUBSTEP    98  COMPLETED.    CUM ITER =    521
 *** TIME =   31.9800         TIME INC =  0.100000E-01
 *** MAX VISCOELASTIC STRAIN STEP = 0.1348E-05

     FORCE CONVERGENCE VALUE  =  0.6152E-06  CRITERION=  0.5000E-04
     DISP CONVERGENCE VALUE   =  0.9538E-05  CRITERION=  0.1633E-02 <<< CONVERGED
    EQUIL ITER   1 COMPLETED.  OLD TRIANG MATRIX.  MAX DOF INC= -0.9538E-05
     FORCE CONVERGENCE VALUE  =  0.3862E-12  CRITERION=  0.5000E-04 <<< CONVERGED
    >>> SOLUTION CONVERGED AFTER EQUILIBRIUM ITERATION   1
 *** LOAD STEP     3   SUBSTEP    99  COMPLETED.    CUM ITER =    522
 *** TIME =   31.9900         TIME INC =  0.100000E-01
 *** MAX VISCOELASTIC STRAIN STEP = 0.1340E-05

     FORCE CONVERGENCE VALUE  =  0.5935E-06  CRITERION=  0.5000E-04
     DISP CONVERGENCE VALUE   =  0.9350E-05  CRITERION=  0.1633E-02 <<< CONVERGED
    EQUIL ITER   1 COMPLETED.  OLD TRIANG MATRIX.  MAX DOF INC= -0.9350E-05
     FORCE CONVERGENCE VALUE  =  0.4157E-12  CRITERION=  0.5000E-04 <<< CONVERGED
    >>> SOLUTION CONVERGED AFTER EQUILIBRIUM ITERATION   1
 *** LOAD STEP     3   SUBSTEP   100  COMPLETED.    CUM ITER =    523
 *** TIME =   32.0000         TIME INC =  0.100000E-01
 *** MAX VISCOELASTIC STRAIN STEP = 0.1331E-05

 TIME=  62.000    

 USE INITIAL TIME STEP SIZE OF 0.1000000     FOR ALL  DEGREES OF FREEDOM
 FOR AUTOMATIC TIME STEPPING:
   USE 0.1000000     AS THE MINIMUM TIME STEP SIZE
   USE 0.1000000     AS THE MAXIMUM TIME STEP SIZE

 *****  MAPDL SOLVE    COMMAND  *****

 *** NOTE ***                            ELAPSED TIME =     102.137   TIME= 20:29:15
 This nonlinear analysis defaults to using the initial stiffness         
 Newton-Raphson solution procedure.  This can be modified using the      
 NROPT command.                                                          

 *** MAPDL - ENGINEERING ANALYSIS SYSTEM  RELEASE 2026 R1          26.1     ***
 Ansys Mechanical Enterprise Academic Student      
 01055371  VERSION=WINDOWS x64   20:29:15  SEP 14, 2026 Elapsed Time=    102.157

 Stage 10 isothermal discretization verification                               



                      L O A D   S T E P   O P T I O N S

   LOAD STEP NUMBER. . . . . . . . . . . . . . . .     4
   TIME AT END OF THE LOAD STEP. . . . . . . . . .  62.000    
   TIME STEP SIZE. . . . . . . . . . . . . . . . . 0.10000    
   MAXIMUM NUMBER OF EQUILIBRIUM ITERATIONS. . . .    15
   STEP CHANGE BOUNDARY CONDITIONS . . . . . . . .    NO
   TERMINATE ANALYSIS IF NOT CONVERGED . . . . . .YES (EXIT)  
   CONVERGENCE CONTROLS. . . . . . . . . . . . . .USE DEFAULTS
   PRINT OUTPUT CONTROLS . . . . . . . . . . . . .NO PRINTOUT
   DATABASE OUTPUT CONTROLS
      ITEM     FREQUENCY   COMPONENT
       ALL       LAST               


 SOLUTION MONITORING INFO IS WRITTEN TO FILE= stage10_structural.mntr                                                                                                                                                                                                                                             

     FORCE CONVERGENCE VALUE  =  0.4663E-03  CRITERION=  0.5000E-04
     DISP CONVERGENCE VALUE   =  0.3737E-02  CRITERION=  0.1633E-02
    EQUIL ITER   1 COMPLETED.  OLD TRIANG MATRIX.  MAX DOF INC=  0.3737E-02
     FORCE CONVERGENCE VALUE  =  0.2571E-03  CRITERION=  0.5000E-04
     DISP CONVERGENCE VALUE   =  0.2390E-02  CRITERION=  0.1633E-02
    EQUIL ITER   2 COMPLETED.  OLD TRIANG MATRIX.  MAX DOF INC=  0.2390E-02
     FORCE CONVERGENCE VALUE  =  0.1389E-03  CRITERION=  0.5000E-04
     DISP CONVERGENCE VALUE   =  0.1538E-02  CRITERION=  0.1633E-02 <<< CONVERGED
    EQUIL ITER   3 COMPLETED.  OLD TRIANG MATRIX.  MAX DOF INC=  0.1538E-02
     FORCE CONVERGENCE VALUE  =  0.7300E-04  CRITERION=  0.5000E-04
     DISP CONVERGENCE VALUE   =  0.9960E-03  CRITERION=  0.1633E-02 <<< CONVERGED
    EQUIL ITER   4 COMPLETED.  OLD TRIANG MATRIX.  MAX DOF INC=  0.9960E-03
     FORCE CONVERGENCE VALUE  =  0.3698E-04  CRITERION=  0.5000E-04 <<< CONVERGED

 *** WARNING ***                         ELAPSED TIME =     102.491   TIME= 20:29:15
 A reference force value times the tolerance is used by the              
 Newton-Raphson method for checking convergence.  The calculated         
 reference FORCE CONVERGENCE VALUE = 1.717547332E-03 is less than a      
 threshold.  This threshold is internally calculated.  You can           
 overwrite it by specifying MINREF on the CNVTOL command.  Check         
 results carefully.                                                      
    >>> SOLUTION CONVERGED AFTER EQUILIBRIUM ITERATION   4
 *** LOAD STEP     4   SUBSTEP     1  COMPLETED.    CUM ITER =    527
 *** TIME =   32.1000         TIME INC =  0.100000    
 *** MAX VISCOELASTIC STRAIN STEP = 0.1355E-04

     FORCE CONVERGENCE VALUE  =  0.3206E-04  CRITERION=  0.5000E-04
     DISP CONVERGENCE VALUE   =  0.3470E-03  CRITERION=  0.1633E-02 <<< CONVERGED
    EQUIL ITER   1 COMPLETED.  OLD TRIANG MATRIX.  MAX DOF INC=  0.3470E-03
     FORCE CONVERGENCE VALUE  =  0.1743E-04  CRITERION=  0.5000E-04 <<< CONVERGED
    >>> SOLUTION CONVERGED AFTER EQUILIBRIUM ITERATION   1
 *** LOAD STEP     4   SUBSTEP     2  COMPLETED.    CUM ITER =    528
 *** TIME =   32.2000         TIME INC =  0.100000    
 *** MAX VISCOELASTIC STRAIN STEP = 0.1347E-04

     FORCE CONVERGENCE VALUE  =  0.2879E-05  CRITERION=  0.5000E-04
     DISP CONVERGENCE VALUE   =  0.2390E-03  CRITERION=  0.1633E-02 <<< CONVERGED
    EQUIL ITER   1 COMPLETED.  OLD TRIANG MATRIX.  MAX DOF INC= -0.2390E-03
     FORCE CONVERGENCE VALUE  =  0.3263E-05  CRITERION=  0.5000E-04 <<< CONVERGED
    >>> SOLUTION CONVERGED AFTER EQUILIBRIUM ITERATION   1
 *** LOAD STEP     4   SUBSTEP     3  COMPLETED.    CUM ITER =    529
 *** TIME =   32.3000         TIME INC =  0.100000    
 *** MAX VISCOELASTIC STRAIN STEP = 0.1320E-04

     FORCE CONVERGENCE VALUE  =  0.1499E-04  CRITERION=  0.5000E-04
     DISP CONVERGENCE VALUE   =  0.6140E-03  CRITERION=  0.1633E-02 <<< CONVERGED
    EQUIL ITER   1 COMPLETED.  OLD TRIANG MATRIX.  MAX DOF INC= -0.6140E-03
     FORCE CONVERGENCE VALUE  =  0.7528E-05  CRITERION=  0.5000E-04 <<< CONVERGED
    >>> SOLUTION CONVERGED AFTER EQUILIBRIUM ITERATION   1
 *** LOAD STEP     4   SUBSTEP     4  COMPLETED.    CUM ITER =    530
 *** TIME =   32.4000         TIME INC =  0.100000    
 *** MAX VISCOELASTIC STRAIN STEP = 0.1255E-04

     FORCE CONVERGENCE VALUE  =  0.1949E-04  CRITERION=  0.5000E-04
     DISP CONVERGENCE VALUE   =  0.7864E-03  CRITERION=  0.1633E-02 <<< CONVERGED
    EQUIL ITER   1 COMPLETED.  OLD TRIANG MATRIX.  MAX DOF INC= -0.7864E-03
     FORCE CONVERGENCE VALUE  =  0.1291E-04  CRITERION=  0.5000E-04 <<< CONVERGED
    >>> SOLUTION CONVERGED AFTER EQUILIBRIUM ITERATION   1
 *** LOAD STEP     4   SUBSTEP     5  COMPLETED.    CUM ITER =    531
 *** TIME =   32.5000         TIME INC =  0.100000    
 *** MAX VISCOELASTIC STRAIN STEP = 0.1174E-04

     FORCE CONVERGENCE VALUE  =  0.2171E-04  CRITERION=  0.5000E-04
     DISP CONVERGENCE VALUE   =  0.8098E-03  CRITERION=  0.1633E-02 <<< CONVERGED
    EQUIL ITER   1 COMPLETED.  OLD TRIANG MATRIX.  MAX DOF INC= -0.8098E-03
     FORCE CONVERGENCE VALUE  =  0.1728E-04  CRITERION=  0.5000E-04 <<< CONVERGED
    >>> SOLUTION CONVERGED AFTER EQUILIBRIUM ITERATION   1
 *** LOAD STEP     4   SUBSTEP     6  COMPLETED.    CUM ITER =    532
 *** TIME =   32.6000         TIME INC =  0.100000    
 *** MAX VISCOELASTIC STRAIN STEP = 0.1091E-04

     FORCE CONVERGENCE VALUE  =  0.2324E-04  CRITERION=  0.5000E-04
     DISP CONVERGENCE VALUE   =  0.7428E-03  CRITERION=  0.1633E-02 <<< CONVERGED
    EQUIL ITER   1 COMPLETED.  OLD TRIANG MATRIX.  MAX DOF INC= -0.7428E-03
     FORCE CONVERGENCE VALUE  =  0.1942E-04  CRITERION=  0.5000E-04 <<< CONVERGED
    >>> SOLUTION CONVERGED AFTER EQUILIBRIUM ITERATION   1
 *** LOAD STEP     4   SUBSTEP     7  COMPLETED.    CUM ITER =    533
 *** TIME =   32.7000         TIME INC =  0.100000    
 *** MAX VISCOELASTIC STRAIN STEP = 0.1016E-04

     FORCE CONVERGENCE VALUE  =  0.2198E-04  CRITERION=  0.5000E-04
     DISP CONVERGENCE VALUE   =  0.6327E-03  CRITERION=  0.1633E-02 <<< CONVERGED
    EQUIL ITER   1 COMPLETED.  OLD TRIANG MATRIX.  MAX DOF INC= -0.6327E-03
     FORCE CONVERGENCE VALUE  =  0.1834E-04  CRITERION=  0.5000E-04 <<< CONVERGED
    >>> SOLUTION CONVERGED AFTER EQUILIBRIUM ITERATION   1
 *** LOAD STEP     4   SUBSTEP     8  COMPLETED.    CUM ITER =    534
 *** TIME =   32.8000         TIME INC =  0.100000    
 *** MAX VISCOELASTIC STRAIN STEP = 0.9524E-05

     FORCE CONVERGENCE VALUE  =  0.1772E-04  CRITERION=  0.5000E-04
     DISP CONVERGENCE VALUE   =  0.5123E-03  CRITERION=  0.1633E-02 <<< CONVERGED
    EQUIL ITER   1 COMPLETED.  OLD TRIANG MATRIX.  MAX DOF INC= -0.5123E-03
     FORCE CONVERGENCE VALUE  =  0.1450E-04  CRITERION=  0.5000E-04 <<< CONVERGED
    >>> SOLUTION CONVERGED AFTER EQUILIBRIUM ITERATION   1
 *** LOAD STEP     4   SUBSTEP     9  COMPLETED.    CUM ITER =    535
 *** TIME =   32.9000         TIME INC =  0.100000    
 *** MAX VISCOELASTIC STRAIN STEP = 0.8992E-05

     FORCE CONVERGENCE VALUE  =  0.1339E-04  CRITERION=  0.5000E-04
     DISP CONVERGENCE VALUE   =  0.4006E-03  CRITERION=  0.1633E-02 <<< CONVERGED
    EQUIL ITER   1 COMPLETED.  OLD TRIANG MATRIX.  MAX DOF INC= -0.4006E-03
     FORCE CONVERGENCE VALUE  =  0.9764E-05  CRITERION=  0.5000E-04 <<< CONVERGED
    >>> SOLUTION CONVERGED AFTER EQUILIBRIUM ITERATION   1
 *** LOAD STEP     4   SUBSTEP    10  COMPLETED.    CUM ITER =    536
 *** TIME =   33.0000         TIME INC =  0.100000    
 *** MAX VISCOELASTIC STRAIN STEP = 0.8549E-05

     FORCE CONVERGENCE VALUE  =  0.1437E-04  CRITERION=  0.5000E-04
     DISP CONVERGENCE VALUE   =  0.3070E-03  CRITERION=  0.1633E-02 <<< CONVERGED
    EQUIL ITER   1 COMPLETED.  OLD TRIANG MATRIX.  MAX DOF INC= -0.3070E-03
     FORCE CONVERGENCE VALUE  =  0.7973E-05  CRITERION=  0.5000E-04 <<< CONVERGED
    >>> SOLUTION CONVERGED AFTER EQUILIBRIUM ITERATION   1
 *** LOAD STEP     4   SUBSTEP    11  COMPLETED.    CUM ITER =    537
 *** TIME =   33.1000         TIME INC =  0.100000    
 *** MAX VISCOELASTIC STRAIN STEP = 0.8173E-05

     FORCE CONVERGENCE VALUE  =  0.2006E-04  CRITERION=  0.5000E-04
     DISP CONVERGENCE VALUE   =  0.2343E-03  CRITERION=  0.1633E-02 <<< CONVERGED
    EQUIL ITER   1 COMPLETED.  OLD TRIANG MATRIX.  MAX DOF INC= -0.2343E-03
     FORCE CONVERGENCE VALUE  =  0.1102E-04  CRITERION=  0.5000E-04 <<< CONVERGED
    >>> SOLUTION CONVERGED AFTER EQUILIBRIUM ITERATION   1
 *** LOAD STEP     4   SUBSTEP    12  COMPLETED.    CUM ITER =    538
 *** TIME =   33.2000         TIME INC =  0.100000    
 *** MAX VISCOELASTIC STRAIN STEP = 0.7846E-05

     FORCE CONVERGENCE VALUE  =  0.2603E-04  CRITERION=  0.5000E-04
     DISP CONVERGENCE VALUE   =  0.1816E-03  CRITERION=  0.1633E-02 <<< CONVERGED
    EQUIL ITER   1 COMPLETED.  OLD TRIANG MATRIX.  MAX DOF INC= -0.1816E-03
     FORCE CONVERGENCE VALUE  =  0.1508E-04  CRITERION=  0.5000E-04 <<< CONVERGED
    >>> SOLUTION CONVERGED AFTER EQUILIBRIUM ITERATION   1
 *** LOAD STEP     4   SUBSTEP    13  COMPLETED.    CUM ITER =    539
 *** TIME =   33.3000         TIME INC =  0.100000    
 *** MAX VISCOELASTIC STRAIN STEP = 0.7552E-05

     FORCE CONVERGENCE VALUE  =  0.3041E-04  CRITERION=  0.5000E-04
     DISP CONVERGENCE VALUE   =  0.1459E-03  CRITERION=  0.1633E-02 <<< CONVERGED
    EQUIL ITER   1 COMPLETED.  OLD TRIANG MATRIX.  MAX DOF INC= -0.1459E-03
     FORCE CONVERGENCE VALUE  =  0.1815E-04  CRITERION=  0.5000E-04 <<< CONVERGED
    >>> SOLUTION CONVERGED AFTER EQUILIBRIUM ITERATION   1
 *** LOAD STEP     4   SUBSTEP    14  COMPLETED.    CUM ITER =    540
 *** TIME =   33.4000         TIME INC =  0.100000    
 *** MAX VISCOELASTIC STRAIN STEP = 0.7283E-05

     FORCE CONVERGENCE VALUE  =  0.3280E-04  CRITERION=  0.5000E-04
     DISP CONVERGENCE VALUE   =  0.1236E-03  CRITERION=  0.1633E-02 <<< CONVERGED
    EQUIL ITER   1 COMPLETED.  OLD TRIANG MATRIX.  MAX DOF INC= -0.1236E-03
     FORCE CONVERGENCE VALUE  =  0.1988E-04  CRITERION=  0.5000E-04 <<< CONVERGED
    >>> SOLUTION CONVERGED AFTER EQUILIBRIUM ITERATION   1
 *** LOAD STEP     4   SUBSTEP    15  COMPLETED.    CUM ITER =    541
 *** TIME =   33.5000         TIME INC =  0.100000    
 *** MAX VISCOELASTIC STRAIN STEP = 0.7031E-05

     FORCE CONVERGENCE VALUE  =  0.3340E-04  CRITERION=  0.5000E-04
     DISP CONVERGENCE VALUE   =  0.1111E-03  CRITERION=  0.1633E-02 <<< CONVERGED
    EQUIL ITER   1 COMPLETED.  OLD TRIANG MATRIX.  MAX DOF INC= -0.1111E-03
     FORCE CONVERGENCE VALUE  =  0.2037E-04  CRITERION=  0.5000E-04 <<< CONVERGED
    >>> SOLUTION CONVERGED AFTER EQUILIBRIUM ITERATION   1
 *** LOAD STEP     4   SUBSTEP    16  COMPLETED.    CUM ITER =    542
 *** TIME =   33.6000         TIME INC =  0.100000    
 *** MAX VISCOELASTIC STRAIN STEP = 0.6792E-05

     FORCE CONVERGENCE VALUE  =  0.3268E-04  CRITERION=  0.5000E-04
     DISP CONVERGENCE VALUE   =  0.1051E-03  CRITERION=  0.1633E-02 <<< CONVERGED
    EQUIL ITER   1 COMPLETED.  OLD TRIANG MATRIX.  MAX DOF INC= -0.1051E-03
     FORCE CONVERGENCE VALUE  =  0.1996E-04  CRITERION=  0.5000E-04 <<< CONVERGED
    >>> SOLUTION CONVERGED AFTER EQUILIBRIUM ITERATION   1
 *** LOAD STEP     4   SUBSTEP    17  COMPLETED.    CUM ITER =    543
 *** TIME =   33.7000         TIME INC =  0.100000    
 *** MAX VISCOELASTIC STRAIN STEP = 0.6563E-05

     FORCE CONVERGENCE VALUE  =  0.3113E-04  CRITERION=  0.5000E-04
     DISP CONVERGENCE VALUE   =  0.1029E-03  CRITERION=  0.1633E-02 <<< CONVERGED
    EQUIL ITER   1 COMPLETED.  OLD TRIANG MATRIX.  MAX DOF INC= -0.1029E-03
     FORCE CONVERGENCE VALUE  =  0.1897E-04  CRITERION=  0.5000E-04 <<< CONVERGED
    >>> SOLUTION CONVERGED AFTER EQUILIBRIUM ITERATION   1
 *** LOAD STEP     4   SUBSTEP    18  COMPLETED.    CUM ITER =    544
 *** TIME =   33.8000         TIME INC =  0.100000    
 *** MAX VISCOELASTIC STRAIN STEP = 0.6341E-05

     FORCE CONVERGENCE VALUE  =  0.2920E-04  CRITERION=  0.5000E-04
     DISP CONVERGENCE VALUE   =  0.1024E-03  CRITERION=  0.1633E-02 <<< CONVERGED
    EQUIL ITER   1 COMPLETED.  OLD TRIANG MATRIX.  MAX DOF INC= -0.1024E-03
     FORCE CONVERGENCE VALUE  =  0.1772E-04  CRITERION=  0.5000E-04 <<< CONVERGED
    >>> SOLUTION CONVERGED AFTER EQUILIBRIUM ITERATION   1
 *** LOAD STEP     4   SUBSTEP    19  COMPLETED.    CUM ITER =    545
 *** TIME =   33.9000         TIME INC =  0.100000    
 *** MAX VISCOELASTIC STRAIN STEP = 0.6127E-05

     FORCE CONVERGENCE VALUE  =  0.2722E-04  CRITERION=  0.5000E-04
     DISP CONVERGENCE VALUE   =  0.1022E-03  CRITERION=  0.1633E-02 <<< CONVERGED
    EQUIL ITER   1 COMPLETED.  OLD TRIANG MATRIX.  MAX DOF INC= -0.1022E-03
     FORCE CONVERGENCE VALUE  =  0.1643E-04  CRITERION=  0.5000E-04 <<< CONVERGED
    >>> SOLUTION CONVERGED AFTER EQUILIBRIUM ITERATION   1
 *** LOAD STEP     4   SUBSTEP    20  COMPLETED.    CUM ITER =    546
 *** TIME =   34.0000         TIME INC =  0.100000    
 *** MAX VISCOELASTIC STRAIN STEP = 0.5919E-05

     FORCE CONVERGENCE VALUE  =  0.2541E-04  CRITERION=  0.5000E-04
     DISP CONVERGENCE VALUE   =  0.1016E-03  CRITERION=  0.1633E-02 <<< CONVERGED
    EQUIL ITER   1 COMPLETED.  OLD TRIANG MATRIX.  MAX DOF INC= -0.1016E-03
     FORCE CONVERGENCE VALUE  =  0.1525E-04  CRITERION=  0.5000E-04 <<< CONVERGED
    >>> SOLUTION CONVERGED AFTER EQUILIBRIUM ITERATION   1
 *** LOAD STEP     4   SUBSTEP    21  COMPLETED.    CUM ITER =    547
 *** TIME =   34.1000         TIME INC =  0.100000    
 *** MAX VISCOELASTIC STRAIN STEP = 0.5717E-05

     FORCE CONVERGENCE VALUE  =  0.2388E-04  CRITERION=  0.5000E-04
     DISP CONVERGENCE VALUE   =  0.9994E-04  CRITERION=  0.1633E-02 <<< CONVERGED
    EQUIL ITER   1 COMPLETED.  OLD TRIANG MATRIX.  MAX DOF INC= -0.9994E-04
     FORCE CONVERGENCE VALUE  =  0.1426E-04  CRITERION=  0.5000E-04 <<< CONVERGED
    >>> SOLUTION CONVERGED AFTER EQUILIBRIUM ITERATION   1
 *** LOAD STEP     4   SUBSTEP    22  COMPLETED.    CUM ITER =    548
 *** TIME =   34.2000         TIME INC =  0.100000    
 *** MAX VISCOELASTIC STRAIN STEP = 0.5522E-05

     FORCE CONVERGENCE VALUE  =  0.2264E-04  CRITERION=  0.5000E-04
     DISP CONVERGENCE VALUE   =  0.9729E-04  CRITERION=  0.1633E-02 <<< CONVERGED
    EQUIL ITER   1 COMPLETED.  OLD TRIANG MATRIX.  MAX DOF INC= -0.9729E-04
     FORCE CONVERGENCE VALUE  =  0.1348E-04  CRITERION=  0.5000E-04 <<< CONVERGED
    >>> SOLUTION CONVERGED AFTER EQUILIBRIUM ITERATION   1
 *** LOAD STEP     4   SUBSTEP    23  COMPLETED.    CUM ITER =    549
 *** TIME =   34.3000         TIME INC =  0.100000    
 *** MAX VISCOELASTIC STRAIN STEP = 0.5333E-05

     FORCE CONVERGENCE VALUE  =  0.2167E-04  CRITERION=  0.5000E-04
     DISP CONVERGENCE VALUE   =  0.9375E-04  CRITERION=  0.1633E-02 <<< CONVERGED
    EQUIL ITER   1 COMPLETED.  OLD TRIANG MATRIX.  MAX DOF INC= -0.9375E-04
     FORCE CONVERGENCE VALUE  =  0.1287E-04  CRITERION=  0.5000E-04 <<< CONVERGED
    >>> SOLUTION CONVERGED AFTER EQUILIBRIUM ITERATION   1
 *** LOAD STEP     4   SUBSTEP    24  COMPLETED.    CUM ITER =    550
 *** TIME =   34.4000         TIME INC =  0.100000    
 *** MAX VISCOELASTIC STRAIN STEP = 0.5150E-05

     FORCE CONVERGENCE VALUE  =  0.2091E-04  CRITERION=  0.5000E-04
     DISP CONVERGENCE VALUE   =  0.8958E-04  CRITERION=  0.1633E-02 <<< CONVERGED
    EQUIL ITER   1 COMPLETED.  OLD TRIANG MATRIX.  MAX DOF INC= -0.8958E-04
     FORCE CONVERGENCE VALUE  =  0.1241E-04  CRITERION=  0.5000E-04 <<< CONVERGED
    >>> SOLUTION CONVERGED AFTER EQUILIBRIUM ITERATION   1
 *** LOAD STEP     4   SUBSTEP    25  COMPLETED.    CUM ITER =    551
 *** TIME =   34.5000         TIME INC =  0.100000    
 *** MAX VISCOELASTIC STRAIN STEP = 0.4974E-05

     FORCE CONVERGENCE VALUE  =  0.2029E-04  CRITERION=  0.5000E-04
     DISP CONVERGENCE VALUE   =  0.8506E-04  CRITERION=  0.1633E-02 <<< CONVERGED
    EQUIL ITER   1 COMPLETED.  OLD TRIANG MATRIX.  MAX DOF INC= -0.8506E-04
     FORCE CONVERGENCE VALUE  =  0.1205E-04  CRITERION=  0.5000E-04 <<< CONVERGED
    >>> SOLUTION CONVERGED AFTER EQUILIBRIUM ITERATION   1
 *** LOAD STEP     4   SUBSTEP    26  COMPLETED.    CUM ITER =    552
 *** TIME =   34.6000         TIME INC =  0.100000    
 *** MAX VISCOELASTIC STRAIN STEP = 0.4805E-05

     FORCE CONVERGENCE VALUE  =  0.1976E-04  CRITERION=  0.5000E-04
     DISP CONVERGENCE VALUE   =  0.8045E-04  CRITERION=  0.1633E-02 <<< CONVERGED
    EQUIL ITER   1 COMPLETED.  OLD TRIANG MATRIX.  MAX DOF INC= -0.8045E-04
     FORCE CONVERGENCE VALUE  =  0.1175E-04  CRITERION=  0.5000E-04 <<< CONVERGED
    >>> SOLUTION CONVERGED AFTER EQUILIBRIUM ITERATION   1
 *** LOAD STEP     4   SUBSTEP    27  COMPLETED.    CUM ITER =    553
 *** TIME =   34.7000         TIME INC =  0.100000    
 *** MAX VISCOELASTIC STRAIN STEP = 0.4642E-05

     FORCE CONVERGENCE VALUE  =  0.1927E-04  CRITERION=  0.5000E-04
     DISP CONVERGENCE VALUE   =  0.7596E-04  CRITERION=  0.1633E-02 <<< CONVERGED
    EQUIL ITER   1 COMPLETED.  OLD TRIANG MATRIX.  MAX DOF INC= -0.7596E-04
     FORCE CONVERGENCE VALUE  =  0.1147E-04  CRITERION=  0.5000E-04 <<< CONVERGED
    >>> SOLUTION CONVERGED AFTER EQUILIBRIUM ITERATION   1
 *** LOAD STEP     4   SUBSTEP    28  COMPLETED.    CUM ITER =    554
 *** TIME =   34.8000         TIME INC =  0.100000    
 *** MAX VISCOELASTIC STRAIN STEP = 0.4486E-05

     FORCE CONVERGENCE VALUE  =  0.1879E-04  CRITERION=  0.5000E-04
     DISP CONVERGENCE VALUE   =  0.7175E-04  CRITERION=  0.1633E-02 <<< CONVERGED
    EQUIL ITER   1 COMPLETED.  OLD TRIANG MATRIX.  MAX DOF INC= -0.7175E-04
     FORCE CONVERGENCE VALUE  =  0.1120E-04  CRITERION=  0.5000E-04 <<< CONVERGED
    >>> SOLUTION CONVERGED AFTER EQUILIBRIUM ITERATION   1
 *** LOAD STEP     4   SUBSTEP    29  COMPLETED.    CUM ITER =    555
 *** TIME =   34.9000         TIME INC =  0.100000    
 *** MAX VISCOELASTIC STRAIN STEP = 0.4335E-05

     FORCE CONVERGENCE VALUE  =  0.1830E-04  CRITERION=  0.5000E-04
     DISP CONVERGENCE VALUE   =  0.6789E-04  CRITERION=  0.1633E-02 <<< CONVERGED
    EQUIL ITER   1 COMPLETED.  OLD TRIANG MATRIX.  MAX DOF INC= -0.6789E-04
     FORCE CONVERGENCE VALUE  =  0.1092E-04  CRITERION=  0.5000E-04 <<< CONVERGED
    >>> SOLUTION CONVERGED AFTER EQUILIBRIUM ITERATION   1
 *** LOAD STEP     4   SUBSTEP    30  COMPLETED.    CUM ITER =    556
 *** TIME =   35.0000         TIME INC =  0.100000    
 *** MAX VISCOELASTIC STRAIN STEP = 0.4191E-05

     FORCE CONVERGENCE VALUE  =  0.1779E-04  CRITERION=  0.5000E-04
     DISP CONVERGENCE VALUE   =  0.6441E-04  CRITERION=  0.1633E-02 <<< CONVERGED
    EQUIL ITER   1 COMPLETED.  OLD TRIANG MATRIX.  MAX DOF INC= -0.6441E-04
     FORCE CONVERGENCE VALUE  =  0.1063E-04  CRITERION=  0.5000E-04 <<< CONVERGED
    >>> SOLUTION CONVERGED AFTER EQUILIBRIUM ITERATION   1
 *** LOAD STEP     4   SUBSTEP    31  COMPLETED.    CUM ITER =    557
 *** TIME =   35.1000         TIME INC =  0.100000    
 *** MAX VISCOELASTIC STRAIN STEP = 0.4051E-05

     FORCE CONVERGENCE VALUE  =  0.1727E-04  CRITERION=  0.5000E-04
     DISP CONVERGENCE VALUE   =  0.6129E-04  CRITERION=  0.1633E-02 <<< CONVERGED
    EQUIL ITER   1 COMPLETED.  OLD TRIANG MATRIX.  MAX DOF INC= -0.6129E-04
     FORCE CONVERGENCE VALUE  =  0.1032E-04  CRITERION=  0.5000E-04 <<< CONVERGED
    >>> SOLUTION CONVERGED AFTER EQUILIBRIUM ITERATION   1
 *** LOAD STEP     4   SUBSTEP    32  COMPLETED.    CUM ITER =    558
 *** TIME =   35.2000         TIME INC =  0.100000    
 *** MAX VISCOELASTIC STRAIN STEP = 0.3917E-05

     FORCE CONVERGENCE VALUE  =  0.1674E-04  CRITERION=  0.5000E-04
     DISP CONVERGENCE VALUE   =  0.5851E-04  CRITERION=  0.1633E-02 <<< CONVERGED
    EQUIL ITER   1 COMPLETED.  OLD TRIANG MATRIX.  MAX DOF INC= -0.5851E-04
     FORCE CONVERGENCE VALUE  =  0.1001E-04  CRITERION=  0.5000E-04 <<< CONVERGED
    >>> SOLUTION CONVERGED AFTER EQUILIBRIUM ITERATION   1
 *** LOAD STEP     4   SUBSTEP    33  COMPLETED.    CUM ITER =    559
 *** TIME =   35.3000         TIME INC =  0.100000    
 *** MAX VISCOELASTIC STRAIN STEP = 0.3788E-05

     FORCE CONVERGENCE VALUE  =  0.1620E-04  CRITERION=  0.5000E-04
     DISP CONVERGENCE VALUE   =  0.5601E-04  CRITERION=  0.1633E-02 <<< CONVERGED
    EQUIL ITER   1 COMPLETED.  OLD TRIANG MATRIX.  MAX DOF INC= -0.5601E-04
     FORCE CONVERGENCE VALUE  =  0.9687E-05  CRITERION=  0.5000E-04 <<< CONVERGED
    >>> SOLUTION CONVERGED AFTER EQUILIBRIUM ITERATION   1
 *** LOAD STEP     4   SUBSTEP    34  COMPLETED.    CUM ITER =    560
 *** TIME =   35.4000         TIME INC =  0.100000    
 *** MAX VISCOELASTIC STRAIN STEP = 0.3664E-05

     FORCE CONVERGENCE VALUE  =  0.1567E-04  CRITERION=  0.5000E-04
     DISP CONVERGENCE VALUE   =  0.5374E-04  CRITERION=  0.1633E-02 <<< CONVERGED
    EQUIL ITER   1 COMPLETED.  OLD TRIANG MATRIX.  MAX DOF INC= -0.5374E-04
     FORCE CONVERGENCE VALUE  =  0.9365E-05  CRITERION=  0.5000E-04 <<< CONVERGED
    >>> SOLUTION CONVERGED AFTER EQUILIBRIUM ITERATION   1
 *** LOAD STEP     4   SUBSTEP    35  COMPLETED.    CUM ITER =    561
 *** TIME =   35.5000         TIME INC =  0.100000    
 *** MAX VISCOELASTIC STRAIN STEP = 0.3543E-05

     FORCE CONVERGENCE VALUE  =  0.1514E-04  CRITERION=  0.5000E-04
     DISP CONVERGENCE VALUE   =  0.5165E-04  CRITERION=  0.1633E-02 <<< CONVERGED
    EQUIL ITER   1 COMPLETED.  OLD TRIANG MATRIX.  MAX DOF INC= -0.5165E-04
     FORCE CONVERGENCE VALUE  =  0.9048E-05  CRITERION=  0.5000E-04 <<< CONVERGED
    >>> SOLUTION CONVERGED AFTER EQUILIBRIUM ITERATION   1
 *** LOAD STEP     4   SUBSTEP    36  COMPLETED.    CUM ITER =    562
 *** TIME =   35.6000         TIME INC =  0.100000    
 *** MAX VISCOELASTIC STRAIN STEP = 0.3427E-05

     FORCE CONVERGENCE VALUE  =  0.1463E-04  CRITERION=  0.5000E-04
     DISP CONVERGENCE VALUE   =  0.4970E-04  CRITERION=  0.1633E-02 <<< CONVERGED
    EQUIL ITER   1 COMPLETED.  OLD TRIANG MATRIX.  MAX DOF INC= -0.4970E-04
     FORCE CONVERGENCE VALUE  =  0.8738E-05  CRITERION=  0.5000E-04 <<< CONVERGED
    >>> SOLUTION CONVERGED AFTER EQUILIBRIUM ITERATION   1
 *** LOAD STEP     4   SUBSTEP    37  COMPLETED.    CUM ITER =    563
 *** TIME =   35.7000         TIME INC =  0.100000    
 *** MAX VISCOELASTIC STRAIN STEP = 0.3315E-05

     FORCE CONVERGENCE VALUE  =  0.1414E-04  CRITERION=  0.5000E-04
     DISP CONVERGENCE VALUE   =  0.4787E-04  CRITERION=  0.1633E-02 <<< CONVERGED
    EQUIL ITER   1 COMPLETED.  OLD TRIANG MATRIX.  MAX DOF INC= -0.4787E-04
     FORCE CONVERGENCE VALUE  =  0.8437E-05  CRITERION=  0.5000E-04 <<< CONVERGED
    >>> SOLUTION CONVERGED AFTER EQUILIBRIUM ITERATION   1
 *** LOAD STEP     4   SUBSTEP    38  COMPLETED.    CUM ITER =    564
 *** TIME =   35.8000         TIME INC =  0.100000    
 *** MAX VISCOELASTIC STRAIN STEP = 0.3207E-05

     FORCE CONVERGENCE VALUE  =  0.1366E-04  CRITERION=  0.5000E-04
     DISP CONVERGENCE VALUE   =  0.4611E-04  CRITERION=  0.1633E-02 <<< CONVERGED
    EQUIL ITER   1 COMPLETED.  OLD TRIANG MATRIX.  MAX DOF INC= -0.4611E-04
     FORCE CONVERGENCE VALUE  =  0.8147E-05  CRITERION=  0.5000E-04 <<< CONVERGED
    >>> SOLUTION CONVERGED AFTER EQUILIBRIUM ITERATION   1
 *** LOAD STEP     4   SUBSTEP    39  COMPLETED.    CUM ITER =    565
 *** TIME =   35.9000         TIME INC =  0.100000    
 *** MAX VISCOELASTIC STRAIN STEP = 0.3102E-05

     FORCE CONVERGENCE VALUE  =  0.1320E-04  CRITERION=  0.5000E-04
     DISP CONVERGENCE VALUE   =  0.4443E-04  CRITERION=  0.1633E-02 <<< CONVERGED
    EQUIL ITER   1 COMPLETED.  OLD TRIANG MATRIX.  MAX DOF INC= -0.4443E-04
     FORCE CONVERGENCE VALUE  =  0.7869E-05  CRITERION=  0.5000E-04 <<< CONVERGED
    >>> SOLUTION CONVERGED AFTER EQUILIBRIUM ITERATION   1
 *** LOAD STEP     4   SUBSTEP    40  COMPLETED.    CUM ITER =    566
 *** TIME =   36.0000         TIME INC =  0.100000    
 *** MAX VISCOELASTIC STRAIN STEP = 0.3001E-05

     FORCE CONVERGENCE VALUE  =  0.1275E-04  CRITERION=  0.5000E-04
     DISP CONVERGENCE VALUE   =  0.4282E-04  CRITERION=  0.1633E-02 <<< CONVERGED
    EQUIL ITER   1 COMPLETED.  OLD TRIANG MATRIX.  MAX DOF INC= -0.4282E-04
     FORCE CONVERGENCE VALUE  =  0.7602E-05  CRITERION=  0.5000E-04 <<< CONVERGED
    >>> SOLUTION CONVERGED AFTER EQUILIBRIUM ITERATION   1
 *** LOAD STEP     4   SUBSTEP    41  COMPLETED.    CUM ITER =    567
 *** TIME =   36.1000         TIME INC =  0.100000    
 *** MAX VISCOELASTIC STRAIN STEP = 0.2904E-05

     FORCE CONVERGENCE VALUE  =  0.1233E-04  CRITERION=  0.5000E-04
     DISP CONVERGENCE VALUE   =  0.4126E-04  CRITERION=  0.1633E-02 <<< CONVERGED
    EQUIL ITER   1 COMPLETED.  OLD TRIANG MATRIX.  MAX DOF INC= -0.4126E-04
     FORCE CONVERGENCE VALUE  =  0.7347E-05  CRITERION=  0.5000E-04 <<< CONVERGED
    >>> SOLUTION CONVERGED AFTER EQUILIBRIUM ITERATION   1
 *** LOAD STEP     4   SUBSTEP    42  COMPLETED.    CUM ITER =    568
 *** TIME =   36.2000         TIME INC =  0.100000    
 *** MAX VISCOELASTIC STRAIN STEP = 0.2809E-05

     FORCE CONVERGENCE VALUE  =  0.1192E-04  CRITERION=  0.5000E-04
     DISP CONVERGENCE VALUE   =  0.3976E-04  CRITERION=  0.1633E-02 <<< CONVERGED
    EQUIL ITER   1 COMPLETED.  OLD TRIANG MATRIX.  MAX DOF INC= -0.3976E-04
     FORCE CONVERGENCE VALUE  =  0.7102E-05  CRITERION=  0.5000E-04 <<< CONVERGED
    >>> SOLUTION CONVERGED AFTER EQUILIBRIUM ITERATION   1
 *** LOAD STEP     4   SUBSTEP    43  COMPLETED.    CUM ITER =    569
 *** TIME =   36.3000         TIME INC =  0.100000    
 *** MAX VISCOELASTIC STRAIN STEP = 0.2718E-05

     FORCE CONVERGENCE VALUE  =  0.1153E-04  CRITERION=  0.5000E-04
     DISP CONVERGENCE VALUE   =  0.3831E-04  CRITERION=  0.1633E-02 <<< CONVERGED
    EQUIL ITER   1 COMPLETED.  OLD TRIANG MATRIX.  MAX DOF INC= -0.3831E-04
     FORCE CONVERGENCE VALUE  =  0.6866E-05  CRITERION=  0.5000E-04 <<< CONVERGED
    >>> SOLUTION CONVERGED AFTER EQUILIBRIUM ITERATION   1
 *** LOAD STEP     4   SUBSTEP    44  COMPLETED.    CUM ITER =    570
 *** TIME =   36.4000         TIME INC =  0.100000    
 *** MAX VISCOELASTIC STRAIN STEP = 0.2630E-05

     FORCE CONVERGENCE VALUE  =  0.1115E-04  CRITERION=  0.5000E-04
     DISP CONVERGENCE VALUE   =  0.3693E-04  CRITERION=  0.1633E-02 <<< CONVERGED
    EQUIL ITER   1 COMPLETED.  OLD TRIANG MATRIX.  MAX DOF INC= -0.3693E-04
     FORCE CONVERGENCE VALUE  =  0.6639E-05  CRITERION=  0.5000E-04 <<< CONVERGED
    >>> SOLUTION CONVERGED AFTER EQUILIBRIUM ITERATION   1
 *** LOAD STEP     4   SUBSTEP    45  COMPLETED.    CUM ITER =    571
 *** TIME =   36.5000         TIME INC =  0.100000    
 *** MAX VISCOELASTIC STRAIN STEP = 0.2545E-05

     FORCE CONVERGENCE VALUE  =  0.1079E-04  CRITERION=  0.5000E-04
     DISP CONVERGENCE VALUE   =  0.3560E-04  CRITERION=  0.1633E-02 <<< CONVERGED
    EQUIL ITER   1 COMPLETED.  OLD TRIANG MATRIX.  MAX DOF INC= -0.3560E-04
     FORCE CONVERGENCE VALUE  =  0.6420E-05  CRITERION=  0.5000E-04 <<< CONVERGED
    >>> SOLUTION CONVERGED AFTER EQUILIBRIUM ITERATION   1
 *** LOAD STEP     4   SUBSTEP    46  COMPLETED.    CUM ITER =    572
 *** TIME =   36.6000         TIME INC =  0.100000    
 *** MAX VISCOELASTIC STRAIN STEP = 0.2463E-05

     FORCE CONVERGENCE VALUE  =  0.1043E-04  CRITERION=  0.5000E-04
     DISP CONVERGENCE VALUE   =  0.3432E-04  CRITERION=  0.1633E-02 <<< CONVERGED
    EQUIL ITER   1 COMPLETED.  OLD TRIANG MATRIX.  MAX DOF INC= -0.3432E-04
     FORCE CONVERGENCE VALUE  =  0.6209E-05  CRITERION=  0.5000E-04 <<< CONVERGED
    >>> SOLUTION CONVERGED AFTER EQUILIBRIUM ITERATION   1
 *** LOAD STEP     4   SUBSTEP    47  COMPLETED.    CUM ITER =    573
 *** TIME =   36.7000         TIME INC =  0.100000    
 *** MAX VISCOELASTIC STRAIN STEP = 0.2383E-05

     FORCE CONVERGENCE VALUE  =  0.1009E-04  CRITERION=  0.5000E-04
     DISP CONVERGENCE VALUE   =  0.3310E-04  CRITERION=  0.1633E-02 <<< CONVERGED
    EQUIL ITER   1 COMPLETED.  OLD TRIANG MATRIX.  MAX DOF INC= -0.3310E-04
     FORCE CONVERGENCE VALUE  =  0.6006E-05  CRITERION=  0.5000E-04 <<< CONVERGED
    >>> SOLUTION CONVERGED AFTER EQUILIBRIUM ITERATION   1
 *** LOAD STEP     4   SUBSTEP    48  COMPLETED.    CUM ITER =    574
 *** TIME =   36.8000         TIME INC =  0.100000    
 *** MAX VISCOELASTIC STRAIN STEP = 0.2306E-05

     FORCE CONVERGENCE VALUE  =  0.9766E-05  CRITERION=  0.5000E-04
     DISP CONVERGENCE VALUE   =  0.3193E-04  CRITERION=  0.1633E-02 <<< CONVERGED
    EQUIL ITER   1 COMPLETED.  OLD TRIANG MATRIX.  MAX DOF INC= -0.3193E-04
     FORCE CONVERGENCE VALUE  =  0.5809E-05  CRITERION=  0.5000E-04 <<< CONVERGED
    >>> SOLUTION CONVERGED AFTER EQUILIBRIUM ITERATION   1
 *** LOAD STEP     4   SUBSTEP    49  COMPLETED.    CUM ITER =    575
 *** TIME =   36.9000         TIME INC =  0.100000    
 *** MAX VISCOELASTIC STRAIN STEP = 0.2232E-05

     FORCE CONVERGENCE VALUE  =  0.9448E-05  CRITERION=  0.5000E-04
     DISP CONVERGENCE VALUE   =  0.3080E-04  CRITERION=  0.1633E-02 <<< CONVERGED
    EQUIL ITER   1 COMPLETED.  OLD TRIANG MATRIX.  MAX DOF INC= -0.3080E-04
     FORCE CONVERGENCE VALUE  =  0.5618E-05  CRITERION=  0.5000E-04 <<< CONVERGED
    >>> SOLUTION CONVERGED AFTER EQUILIBRIUM ITERATION   1
 *** LOAD STEP     4   SUBSTEP    50  COMPLETED.    CUM ITER =    576
 *** TIME =   37.0000         TIME INC =  0.100000    
 *** MAX VISCOELASTIC STRAIN STEP = 0.2160E-05

     FORCE CONVERGENCE VALUE  =  0.9140E-05  CRITERION=  0.5000E-04
     DISP CONVERGENCE VALUE   =  0.2973E-04  CRITERION=  0.1633E-02 <<< CONVERGED
    EQUIL ITER   1 COMPLETED.  OLD TRIANG MATRIX.  MAX DOF INC= -0.2973E-04
     FORCE CONVERGENCE VALUE  =  0.5434E-05  CRITERION=  0.5000E-04 <<< CONVERGED
    >>> SOLUTION CONVERGED AFTER EQUILIBRIUM ITERATION   1
 *** LOAD STEP     4   SUBSTEP    51  COMPLETED.    CUM ITER =    577
 *** TIME =   37.1000         TIME INC =  0.100000    
 *** MAX VISCOELASTIC STRAIN STEP = 0.2091E-05

     FORCE CONVERGENCE VALUE  =  0.8843E-05  CRITERION=  0.5000E-04
     DISP CONVERGENCE VALUE   =  0.2869E-04  CRITERION=  0.1633E-02 <<< CONVERGED
    EQUIL ITER   1 COMPLETED.  OLD TRIANG MATRIX.  MAX DOF INC= -0.2869E-04
     FORCE CONVERGENCE VALUE  =  0.5256E-05  CRITERION=  0.5000E-04 <<< CONVERGED
    >>> SOLUTION CONVERGED AFTER EQUILIBRIUM ITERATION   1
 *** LOAD STEP     4   SUBSTEP    52  COMPLETED.    CUM ITER =    578
 *** TIME =   37.2000         TIME INC =  0.100000    
 *** MAX VISCOELASTIC STRAIN STEP = 0.2024E-05

     FORCE CONVERGENCE VALUE  =  0.8556E-05  CRITERION=  0.5000E-04
     DISP CONVERGENCE VALUE   =  0.2770E-04  CRITERION=  0.1633E-02 <<< CONVERGED
    EQUIL ITER   1 COMPLETED.  OLD TRIANG MATRIX.  MAX DOF INC= -0.2770E-04
     FORCE CONVERGENCE VALUE  =  0.5084E-05  CRITERION=  0.5000E-04 <<< CONVERGED
    >>> SOLUTION CONVERGED AFTER EQUILIBRIUM ITERATION   1
 *** LOAD STEP     4   SUBSTEP    53  COMPLETED.    CUM ITER =    579
 *** TIME =   37.3000         TIME INC =  0.100000    
 *** MAX VISCOELASTIC STRAIN STEP = 0.1959E-05

     FORCE CONVERGENCE VALUE  =  0.8278E-05  CRITERION=  0.5000E-04
     DISP CONVERGENCE VALUE   =  0.2675E-04  CRITERION=  0.1633E-02 <<< CONVERGED
    EQUIL ITER   1 COMPLETED.  OLD TRIANG MATRIX.  MAX DOF INC= -0.2675E-04
     FORCE CONVERGENCE VALUE  =  0.4918E-05  CRITERION=  0.5000E-04 <<< CONVERGED
    >>> SOLUTION CONVERGED AFTER EQUILIBRIUM ITERATION   1
 *** LOAD STEP     4   SUBSTEP    54  COMPLETED.    CUM ITER =    580
 *** TIME =   37.4000         TIME INC =  0.100000    
 *** MAX VISCOELASTIC STRAIN STEP = 0.1897E-05

     FORCE CONVERGENCE VALUE  =  0.8009E-05  CRITERION=  0.5000E-04
     DISP CONVERGENCE VALUE   =  0.2583E-04  CRITERION=  0.1633E-02 <<< CONVERGED
    EQUIL ITER   1 COMPLETED.  OLD TRIANG MATRIX.  MAX DOF INC= -0.2583E-04
     FORCE CONVERGENCE VALUE  =  0.4758E-05  CRITERION=  0.5000E-04 <<< CONVERGED
    >>> SOLUTION CONVERGED AFTER EQUILIBRIUM ITERATION   1
 *** LOAD STEP     4   SUBSTEP    55  COMPLETED.    CUM ITER =    581
 *** TIME =   37.5000         TIME INC =  0.100000    
 *** MAX VISCOELASTIC STRAIN STEP = 0.1836E-05

     FORCE CONVERGENCE VALUE  =  0.7750E-05  CRITERION=  0.5000E-04
     DISP CONVERGENCE VALUE   =  0.2495E-04  CRITERION=  0.1633E-02 <<< CONVERGED
    EQUIL ITER   1 COMPLETED.  OLD TRIANG MATRIX.  MAX DOF INC= -0.2495E-04
     FORCE CONVERGENCE VALUE  =  0.4603E-05  CRITERION=  0.5000E-04 <<< CONVERGED
    >>> SOLUTION CONVERGED AFTER EQUILIBRIUM ITERATION   1
 *** LOAD STEP     4   SUBSTEP    56  COMPLETED.    CUM ITER =    582
 *** TIME =   37.6000         TIME INC =  0.100000    
 *** MAX VISCOELASTIC STRAIN STEP = 0.1777E-05

     FORCE CONVERGENCE VALUE  =  0.7499E-05  CRITERION=  0.5000E-04
     DISP CONVERGENCE VALUE   =  0.2410E-04  CRITERION=  0.1633E-02 <<< CONVERGED
    EQUIL ITER   1 COMPLETED.  OLD TRIANG MATRIX.  MAX DOF INC= -0.2410E-04
     FORCE CONVERGENCE VALUE  =  0.4453E-05  CRITERION=  0.5000E-04 <<< CONVERGED
    >>> SOLUTION CONVERGED AFTER EQUILIBRIUM ITERATION   1
 *** LOAD STEP     4   SUBSTEP    57  COMPLETED.    CUM ITER =    583
 *** TIME =   37.7000         TIME INC =  0.100000    
 *** MAX VISCOELASTIC STRAIN STEP = 0.1721E-05

     FORCE CONVERGENCE VALUE  =  0.7256E-05  CRITERION=  0.5000E-04
     DISP CONVERGENCE VALUE   =  0.2328E-04  CRITERION=  0.1633E-02 <<< CONVERGED
    EQUIL ITER   1 COMPLETED.  OLD TRIANG MATRIX.  MAX DOF INC= -0.2328E-04
     FORCE CONVERGENCE VALUE  =  0.4308E-05  CRITERION=  0.5000E-04 <<< CONVERGED
    >>> SOLUTION CONVERGED AFTER EQUILIBRIUM ITERATION   1
 *** LOAD STEP     4   SUBSTEP    58  COMPLETED.    CUM ITER =    584
 *** TIME =   37.8000         TIME INC =  0.100000    
 *** MAX VISCOELASTIC STRAIN STEP = 0.1666E-05

     FORCE CONVERGENCE VALUE  =  0.7022E-05  CRITERION=  0.5000E-04
     DISP CONVERGENCE VALUE   =  0.2249E-04  CRITERION=  0.1633E-02 <<< CONVERGED
    EQUIL ITER   1 COMPLETED.  OLD TRIANG MATRIX.  MAX DOF INC= -0.2249E-04
     FORCE CONVERGENCE VALUE  =  0.4168E-05  CRITERION=  0.5000E-04 <<< CONVERGED
    >>> SOLUTION CONVERGED AFTER EQUILIBRIUM ITERATION   1
 *** LOAD STEP     4   SUBSTEP    59  COMPLETED.    CUM ITER =    585
 *** TIME =   37.9000         TIME INC =  0.100000    
 *** MAX VISCOELASTIC STRAIN STEP = 0.1613E-05

     FORCE CONVERGENCE VALUE  =  0.6795E-05  CRITERION=  0.5000E-04
     DISP CONVERGENCE VALUE   =  0.2172E-04  CRITERION=  0.1633E-02 <<< CONVERGED
    EQUIL ITER   1 COMPLETED.  OLD TRIANG MATRIX.  MAX DOF INC= -0.2172E-04
     FORCE CONVERGENCE VALUE  =  0.4033E-05  CRITERION=  0.5000E-04 <<< CONVERGED
    >>> SOLUTION CONVERGED AFTER EQUILIBRIUM ITERATION   1
 *** LOAD STEP     4   SUBSTEP    60  COMPLETED.    CUM ITER =    586
 *** TIME =   38.0000         TIME INC =  0.100000    
 *** MAX VISCOELASTIC STRAIN STEP = 0.1562E-05

     FORCE CONVERGENCE VALUE  =  0.6576E-05  CRITERION=  0.5000E-04
     DISP CONVERGENCE VALUE   =  0.2099E-04  CRITERION=  0.1633E-02 <<< CONVERGED
    EQUIL ITER   1 COMPLETED.  OLD TRIANG MATRIX.  MAX DOF INC= -0.2099E-04
     FORCE CONVERGENCE VALUE  =  0.3903E-05  CRITERION=  0.5000E-04 <<< CONVERGED
    >>> SOLUTION CONVERGED AFTER EQUILIBRIUM ITERATION   1
 *** LOAD STEP     4   SUBSTEP    61  COMPLETED.    CUM ITER =    587
 *** TIME =   38.1000         TIME INC =  0.100000    
 *** MAX VISCOELASTIC STRAIN STEP = 0.1513E-05

     FORCE CONVERGENCE VALUE  =  0.6364E-05  CRITERION=  0.5000E-04
     DISP CONVERGENCE VALUE   =  0.2028E-04  CRITERION=  0.1633E-02 <<< CONVERGED
    EQUIL ITER   1 COMPLETED.  OLD TRIANG MATRIX.  MAX DOF INC= -0.2028E-04
     FORCE CONVERGENCE VALUE  =  0.3777E-05  CRITERION=  0.5000E-04 <<< CONVERGED
    >>> SOLUTION CONVERGED AFTER EQUILIBRIUM ITERATION   1
 *** LOAD STEP     4   SUBSTEP    62  COMPLETED.    CUM ITER =    588
 *** TIME =   38.2000         TIME INC =  0.100000    
 *** MAX VISCOELASTIC STRAIN STEP = 0.1465E-05

     FORCE CONVERGENCE VALUE  =  0.6159E-05  CRITERION=  0.5000E-04
     DISP CONVERGENCE VALUE   =  0.1960E-04  CRITERION=  0.1633E-02 <<< CONVERGED
    EQUIL ITER   1 COMPLETED.  OLD TRIANG MATRIX.  MAX DOF INC= -0.1960E-04
     FORCE CONVERGENCE VALUE  =  0.3655E-05  CRITERION=  0.5000E-04 <<< CONVERGED
    >>> SOLUTION CONVERGED AFTER EQUILIBRIUM ITERATION   1
 *** LOAD STEP     4   SUBSTEP    63  COMPLETED.    CUM ITER =    589
 *** TIME =   38.3000         TIME INC =  0.100000    
 *** MAX VISCOELASTIC STRAIN STEP = 0.1419E-05

     FORCE CONVERGENCE VALUE  =  0.5961E-05  CRITERION=  0.5000E-04
     DISP CONVERGENCE VALUE   =  0.1894E-04  CRITERION=  0.1633E-02 <<< CONVERGED
    EQUIL ITER   1 COMPLETED.  OLD TRIANG MATRIX.  MAX DOF INC= -0.1894E-04
     FORCE CONVERGENCE VALUE  =  0.3537E-05  CRITERION=  0.5000E-04 <<< CONVERGED
    >>> SOLUTION CONVERGED AFTER EQUILIBRIUM ITERATION   1
 *** LOAD STEP     4   SUBSTEP    64  COMPLETED.    CUM ITER =    590
 *** TIME =   38.4000         TIME INC =  0.100000    
 *** MAX VISCOELASTIC STRAIN STEP = 0.1374E-05

     FORCE CONVERGENCE VALUE  =  0.5770E-05  CRITERION=  0.5000E-04
     DISP CONVERGENCE VALUE   =  0.1830E-04  CRITERION=  0.1633E-02 <<< CONVERGED
    EQUIL ITER   1 COMPLETED.  OLD TRIANG MATRIX.  MAX DOF INC= -0.1830E-04
     FORCE CONVERGENCE VALUE  =  0.3422E-05  CRITERION=  0.5000E-04 <<< CONVERGED
    >>> SOLUTION CONVERGED AFTER EQUILIBRIUM ITERATION   1
 *** LOAD STEP     4   SUBSTEP    65  COMPLETED.    CUM ITER =    591
 *** TIME =   38.5000         TIME INC =  0.100000    
 *** MAX VISCOELASTIC STRAIN STEP = 0.1331E-05

     FORCE CONVERGENCE VALUE  =  0.5584E-05  CRITERION=  0.5000E-04
     DISP CONVERGENCE VALUE   =  0.1768E-04  CRITERION=  0.1633E-02 <<< CONVERGED
    EQUIL ITER   1 COMPLETED.  OLD TRIANG MATRIX.  MAX DOF INC= -0.1768E-04
     FORCE CONVERGENCE VALUE  =  0.3312E-05  CRITERION=  0.5000E-04 <<< CONVERGED
    >>> SOLUTION CONVERGED AFTER EQUILIBRIUM ITERATION   1
 *** LOAD STEP     4   SUBSTEP    66  COMPLETED.    CUM ITER =    592
 *** TIME =   38.6000         TIME INC =  0.100000    
 *** MAX VISCOELASTIC STRAIN STEP = 0.1289E-05

     FORCE CONVERGENCE VALUE  =  0.5405E-05  CRITERION=  0.5000E-04
     DISP CONVERGENCE VALUE   =  0.1709E-04  CRITERION=  0.1633E-02 <<< CONVERGED
    EQUIL ITER   1 COMPLETED.  OLD TRIANG MATRIX.  MAX DOF INC= -0.1709E-04
     FORCE CONVERGENCE VALUE  =  0.3205E-05  CRITERION=  0.5000E-04 <<< CONVERGED
    >>> SOLUTION CONVERGED AFTER EQUILIBRIUM ITERATION   1
 *** LOAD STEP     4   SUBSTEP    67  COMPLETED.    CUM ITER =    593
 *** TIME =   38.7000         TIME INC =  0.100000    
 *** MAX VISCOELASTIC STRAIN STEP = 0.1249E-05

     FORCE CONVERGENCE VALUE  =  0.5231E-05  CRITERION=  0.5000E-04
     DISP CONVERGENCE VALUE   =  0.1652E-04  CRITERION=  0.1633E-02 <<< CONVERGED
    EQUIL ITER   1 COMPLETED.  OLD TRIANG MATRIX.  MAX DOF INC= -0.1652E-04
     FORCE CONVERGENCE VALUE  =  0.3102E-05  CRITERION=  0.5000E-04 <<< CONVERGED
    >>> SOLUTION CONVERGED AFTER EQUILIBRIUM ITERATION   1
 *** LOAD STEP     4   SUBSTEP    68  COMPLETED.    CUM ITER =    594
 *** TIME =   38.8000         TIME INC =  0.100000    
 *** MAX VISCOELASTIC STRAIN STEP = 0.1210E-05

     FORCE CONVERGENCE VALUE  =  0.5063E-05  CRITERION=  0.5000E-04
     DISP CONVERGENCE VALUE   =  0.1597E-04  CRITERION=  0.1633E-02 <<< CONVERGED
    EQUIL ITER   1 COMPLETED.  OLD TRIANG MATRIX.  MAX DOF INC= -0.1597E-04
     FORCE CONVERGENCE VALUE  =  0.3002E-05  CRITERION=  0.5000E-04 <<< CONVERGED
    >>> SOLUTION CONVERGED AFTER EQUILIBRIUM ITERATION   1
 *** LOAD STEP     4   SUBSTEP    69  COMPLETED.    CUM ITER =    595
 *** TIME =   38.9000         TIME INC =  0.100000    
 *** MAX VISCOELASTIC STRAIN STEP = 0.1172E-05

     FORCE CONVERGENCE VALUE  =  0.4901E-05  CRITERION=  0.5000E-04
     DISP CONVERGENCE VALUE   =  0.1543E-04  CRITERION=  0.1633E-02 <<< CONVERGED
    EQUIL ITER   1 COMPLETED.  OLD TRIANG MATRIX.  MAX DOF INC= -0.1543E-04
     FORCE CONVERGENCE VALUE  =  0.2906E-05  CRITERION=  0.5000E-04 <<< CONVERGED
    >>> SOLUTION CONVERGED AFTER EQUILIBRIUM ITERATION   1
 *** LOAD STEP     4   SUBSTEP    70  COMPLETED.    CUM ITER =    596
 *** TIME =   39.0000         TIME INC =  0.100000    
 *** MAX VISCOELASTIC STRAIN STEP = 0.1136E-05

     FORCE CONVERGENCE VALUE  =  0.4743E-05  CRITERION=  0.5000E-04
     DISP CONVERGENCE VALUE   =  0.1492E-04  CRITERION=  0.1633E-02 <<< CONVERGED
    EQUIL ITER   1 COMPLETED.  OLD TRIANG MATRIX.  MAX DOF INC= -0.1492E-04
     FORCE CONVERGENCE VALUE  =  0.2812E-05  CRITERION=  0.5000E-04 <<< CONVERGED
    >>> SOLUTION CONVERGED AFTER EQUILIBRIUM ITERATION   1
 *** LOAD STEP     4   SUBSTEP    71  COMPLETED.    CUM ITER =    597
 *** TIME =   39.1000         TIME INC =  0.100000    
 *** MAX VISCOELASTIC STRAIN STEP = 0.1100E-05

     FORCE CONVERGENCE VALUE  =  0.4591E-05  CRITERION=  0.5000E-04
     DISP CONVERGENCE VALUE   =  0.1442E-04  CRITERION=  0.1633E-02 <<< CONVERGED
    EQUIL ITER   1 COMPLETED.  OLD TRIANG MATRIX.  MAX DOF INC= -0.1442E-04
     FORCE CONVERGENCE VALUE  =  0.2722E-05  CRITERION=  0.5000E-04 <<< CONVERGED
    >>> SOLUTION CONVERGED AFTER EQUILIBRIUM ITERATION   1
 *** LOAD STEP     4   SUBSTEP    72  COMPLETED.    CUM ITER =    598
 *** TIME =   39.2000         TIME INC =  0.100000    
 *** MAX VISCOELASTIC STRAIN STEP = 0.1066E-05

     FORCE CONVERGENCE VALUE  =  0.4444E-05  CRITERION=  0.5000E-04
     DISP CONVERGENCE VALUE   =  0.1394E-04  CRITERION=  0.1633E-02 <<< CONVERGED
    EQUIL ITER   1 COMPLETED.  OLD TRIANG MATRIX.  MAX DOF INC= -0.1394E-04
     FORCE CONVERGENCE VALUE  =  0.2634E-05  CRITERION=  0.5000E-04 <<< CONVERGED
    >>> SOLUTION CONVERGED AFTER EQUILIBRIUM ITERATION   1
 *** LOAD STEP     4   SUBSTEP    73  COMPLETED.    CUM ITER =    599
 *** TIME =   39.3000         TIME INC =  0.100000    
 *** MAX VISCOELASTIC STRAIN STEP = 0.1033E-05

     FORCE CONVERGENCE VALUE  =  0.4301E-05  CRITERION=  0.5000E-04
     DISP CONVERGENCE VALUE   =  0.1347E-04  CRITERION=  0.1633E-02 <<< CONVERGED
    EQUIL ITER   1 COMPLETED.  OLD TRIANG MATRIX.  MAX DOF INC= -0.1347E-04
     FORCE CONVERGENCE VALUE  =  0.2550E-05  CRITERION=  0.5000E-04 <<< CONVERGED
    >>> SOLUTION CONVERGED AFTER EQUILIBRIUM ITERATION   1
 *** LOAD STEP     4   SUBSTEP    74  COMPLETED.    CUM ITER =    600
 *** TIME =   39.4000         TIME INC =  0.100000    
 *** MAX VISCOELASTIC STRAIN STEP = 0.1002E-05

     FORCE CONVERGENCE VALUE  =  0.4163E-05  CRITERION=  0.5000E-04
     DISP CONVERGENCE VALUE   =  0.1303E-04  CRITERION=  0.1633E-02 <<< CONVERGED
    EQUIL ITER   1 COMPLETED.  OLD TRIANG MATRIX.  MAX DOF INC= -0.1303E-04
     FORCE CONVERGENCE VALUE  =  0.2468E-05  CRITERION=  0.5000E-04 <<< CONVERGED
    >>> SOLUTION CONVERGED AFTER EQUILIBRIUM ITERATION   1
 *** LOAD STEP     4   SUBSTEP    75  COMPLETED.    CUM ITER =    601
 *** TIME =   39.5000         TIME INC =  0.100000    
 *** MAX VISCOELASTIC STRAIN STEP = 0.9708E-06

     FORCE CONVERGENCE VALUE  =  0.4030E-05  CRITERION=  0.5000E-04
     DISP CONVERGENCE VALUE   =  0.1259E-04  CRITERION=  0.1633E-02 <<< CONVERGED
    EQUIL ITER   1 COMPLETED.  OLD TRIANG MATRIX.  MAX DOF INC= -0.1259E-04
     FORCE CONVERGENCE VALUE  =  0.2389E-05  CRITERION=  0.5000E-04 <<< CONVERGED
    >>> SOLUTION CONVERGED AFTER EQUILIBRIUM ITERATION   1
 *** LOAD STEP     4   SUBSTEP    76  COMPLETED.    CUM ITER =    602
 *** TIME =   39.6000         TIME INC =  0.100000    
 *** MAX VISCOELASTIC STRAIN STEP = 0.9410E-06

     FORCE CONVERGENCE VALUE  =  0.3900E-05  CRITERION=  0.5000E-04
     DISP CONVERGENCE VALUE   =  0.1217E-04  CRITERION=  0.1633E-02 <<< CONVERGED
    EQUIL ITER   1 COMPLETED.  OLD TRIANG MATRIX.  MAX DOF INC= -0.1217E-04
     FORCE CONVERGENCE VALUE  =  0.2312E-05  CRITERION=  0.5000E-04 <<< CONVERGED
    >>> SOLUTION CONVERGED AFTER EQUILIBRIUM ITERATION   1
 *** LOAD STEP     4   SUBSTEP    77  COMPLETED.    CUM ITER =    603
 *** TIME =   39.7000         TIME INC =  0.100000    
 *** MAX VISCOELASTIC STRAIN STEP = 0.9123E-06

     FORCE CONVERGENCE VALUE  =  0.3775E-05  CRITERION=  0.5000E-04
     DISP CONVERGENCE VALUE   =  0.1177E-04  CRITERION=  0.1633E-02 <<< CONVERGED
    EQUIL ITER   1 COMPLETED.  OLD TRIANG MATRIX.  MAX DOF INC= -0.1177E-04
     FORCE CONVERGENCE VALUE  =  0.2237E-05  CRITERION=  0.5000E-04 <<< CONVERGED
    >>> SOLUTION CONVERGED AFTER EQUILIBRIUM ITERATION   1
 *** LOAD STEP     4   SUBSTEP    78  COMPLETED.    CUM ITER =    604
 *** TIME =   39.8000         TIME INC =  0.100000    
 *** MAX VISCOELASTIC STRAIN STEP = 0.8844E-06

     FORCE CONVERGENCE VALUE  =  0.3654E-05  CRITERION=  0.5000E-04
     DISP CONVERGENCE VALUE   =  0.1138E-04  CRITERION=  0.1633E-02 <<< CONVERGED
    EQUIL ITER   1 COMPLETED.  OLD TRIANG MATRIX.  MAX DOF INC= -0.1138E-04
     FORCE CONVERGENCE VALUE  =  0.2166E-05  CRITERION=  0.5000E-04 <<< CONVERGED
    >>> SOLUTION CONVERGED AFTER EQUILIBRIUM ITERATION   1
 *** LOAD STEP     4   SUBSTEP    79  COMPLETED.    CUM ITER =    605
 *** TIME =   39.9000         TIME INC =  0.100000    
 *** MAX VISCOELASTIC STRAIN STEP = 0.8575E-06

     FORCE CONVERGENCE VALUE  =  0.3537E-05  CRITERION=  0.5000E-04
     DISP CONVERGENCE VALUE   =  0.1100E-04  CRITERION=  0.1633E-02 <<< CONVERGED
    EQUIL ITER   1 COMPLETED.  OLD TRIANG MATRIX.  MAX DOF INC= -0.1100E-04
     FORCE CONVERGENCE VALUE  =  0.2096E-05  CRITERION=  0.5000E-04 <<< CONVERGED
    >>> SOLUTION CONVERGED AFTER EQUILIBRIUM ITERATION   1
 *** LOAD STEP     4   SUBSTEP    80  COMPLETED.    CUM ITER =    606
 *** TIME =   40.0000         TIME INC =  0.100000    
 *** MAX VISCOELASTIC STRAIN STEP = 0.8315E-06

     FORCE CONVERGENCE VALUE  =  0.3423E-05  CRITERION=  0.5000E-04
     DISP CONVERGENCE VALUE   =  0.1064E-04  CRITERION=  0.1633E-02 <<< CONVERGED
    EQUIL ITER   1 COMPLETED.  OLD TRIANG MATRIX.  MAX DOF INC= -0.1064E-04
     FORCE CONVERGENCE VALUE  =  0.2029E-05  CRITERION=  0.5000E-04 <<< CONVERGED
    >>> SOLUTION CONVERGED AFTER EQUILIBRIUM ITERATION   1
 *** LOAD STEP     4   SUBSTEP    81  COMPLETED.    CUM ITER =    607
 *** TIME =   40.1000         TIME INC =  0.100000    
 *** MAX VISCOELASTIC STRAIN STEP = 0.8064E-06

     FORCE CONVERGENCE VALUE  =  0.3313E-05  CRITERION=  0.5000E-04
     DISP CONVERGENCE VALUE   =  0.1029E-04  CRITERION=  0.1633E-02 <<< CONVERGED
    EQUIL ITER   1 COMPLETED.  OLD TRIANG MATRIX.  MAX DOF INC= -0.1029E-04
     FORCE CONVERGENCE VALUE  =  0.1963E-05  CRITERION=  0.5000E-04 <<< CONVERGED
    >>> SOLUTION CONVERGED AFTER EQUILIBRIUM ITERATION   1
 *** LOAD STEP     4   SUBSTEP    82  COMPLETED.    CUM ITER =    608
 *** TIME =   40.2000         TIME INC =  0.100000    
 *** MAX VISCOELASTIC STRAIN STEP = 0.7820E-06

     FORCE CONVERGENCE VALUE  =  0.3207E-05  CRITERION=  0.5000E-04
     DISP CONVERGENCE VALUE   =  0.9945E-05  CRITERION=  0.1633E-02 <<< CONVERGED
    EQUIL ITER   1 COMPLETED.  OLD TRIANG MATRIX.  MAX DOF INC= -0.9945E-05
     FORCE CONVERGENCE VALUE  =  0.1900E-05  CRITERION=  0.5000E-04 <<< CONVERGED
    >>> SOLUTION CONVERGED AFTER EQUILIBRIUM ITERATION   1
 *** LOAD STEP     4   SUBSTEP    83  COMPLETED.    CUM ITER =    609
 *** TIME =   40.3000         TIME INC =  0.100000    
 *** MAX VISCOELASTIC STRAIN STEP = 0.7585E-06

     FORCE CONVERGENCE VALUE  =  0.3104E-05  CRITERION=  0.5000E-04
     DISP CONVERGENCE VALUE   =  0.9616E-05  CRITERION=  0.1633E-02 <<< CONVERGED
    EQUIL ITER   1 COMPLETED.  OLD TRIANG MATRIX.  MAX DOF INC= -0.9616E-05
     FORCE CONVERGENCE VALUE  =  0.1839E-05  CRITERION=  0.5000E-04 <<< CONVERGED
    >>> SOLUTION CONVERGED AFTER EQUILIBRIUM ITERATION   1
 *** LOAD STEP     4   SUBSTEP    84  COMPLETED.    CUM ITER =    610
 *** TIME =   40.4000         TIME INC =  0.100000    
 *** MAX VISCOELASTIC STRAIN STEP = 0.7358E-06

     FORCE CONVERGENCE VALUE  =  0.3004E-05  CRITERION=  0.5000E-04
     DISP CONVERGENCE VALUE   =  0.9298E-05  CRITERION=  0.1633E-02 <<< CONVERGED
    EQUIL ITER   1 COMPLETED.  OLD TRIANG MATRIX.  MAX DOF INC= -0.9298E-05
     FORCE CONVERGENCE VALUE  =  0.1780E-05  CRITERION=  0.5000E-04 <<< CONVERGED
    >>> SOLUTION CONVERGED AFTER EQUILIBRIUM ITERATION   1
 *** LOAD STEP     4   SUBSTEP    85  COMPLETED.    CUM ITER =    611
 *** TIME =   40.5000         TIME INC =  0.100000    
 *** MAX VISCOELASTIC STRAIN STEP = 0.7138E-06

     FORCE CONVERGENCE VALUE  =  0.2907E-05  CRITERION=  0.5000E-04
     DISP CONVERGENCE VALUE   =  0.8991E-05  CRITERION=  0.1633E-02 <<< CONVERGED
    EQUIL ITER   1 COMPLETED.  OLD TRIANG MATRIX.  MAX DOF INC= -0.8991E-05
     FORCE CONVERGENCE VALUE  =  0.1723E-05  CRITERION=  0.5000E-04 <<< CONVERGED
    >>> SOLUTION CONVERGED AFTER EQUILIBRIUM ITERATION   1
 *** LOAD STEP     4   SUBSTEP    86  COMPLETED.    CUM ITER =    612
 *** TIME =   40.6000         TIME INC =  0.100000    
 *** MAX VISCOELASTIC STRAIN STEP = 0.6926E-06

     FORCE CONVERGENCE VALUE  =  0.2814E-05  CRITERION=  0.5000E-04
     DISP CONVERGENCE VALUE   =  0.8695E-05  CRITERION=  0.1633E-02 <<< CONVERGED
    EQUIL ITER   1 COMPLETED.  OLD TRIANG MATRIX.  MAX DOF INC= -0.8695E-05
     FORCE CONVERGENCE VALUE  =  0.1667E-05  CRITERION=  0.5000E-04 <<< CONVERGED
    >>> SOLUTION CONVERGED AFTER EQUILIBRIUM ITERATION   1
 *** LOAD STEP     4   SUBSTEP    87  COMPLETED.    CUM ITER =    613
 *** TIME =   40.7000         TIME INC =  0.100000    
 *** MAX VISCOELASTIC STRAIN STEP = 0.6720E-06

     FORCE CONVERGENCE VALUE  =  0.2723E-05  CRITERION=  0.5000E-04
     DISP CONVERGENCE VALUE   =  0.8408E-05  CRITERION=  0.1633E-02 <<< CONVERGED
    EQUIL ITER   1 COMPLETED.  OLD TRIANG MATRIX.  MAX DOF INC= -0.8408E-05
     FORCE CONVERGENCE VALUE  =  0.1613E-05  CRITERION=  0.5000E-04 <<< CONVERGED
    >>> SOLUTION CONVERGED AFTER EQUILIBRIUM ITERATION   1
 *** LOAD STEP     4   SUBSTEP    88  COMPLETED.    CUM ITER =    614
 *** TIME =   40.8000         TIME INC =  0.100000    
 *** MAX VISCOELASTIC STRAIN STEP = 0.6521E-06

     FORCE CONVERGENCE VALUE  =  0.2635E-05  CRITERION=  0.5000E-04
     DISP CONVERGENCE VALUE   =  0.8131E-05  CRITERION=  0.1633E-02 <<< CONVERGED
    EQUIL ITER   1 COMPLETED.  OLD TRIANG MATRIX.  MAX DOF INC= -0.8131E-05
     FORCE CONVERGENCE VALUE  =  0.1562E-05  CRITERION=  0.5000E-04 <<< CONVERGED
    >>> SOLUTION CONVERGED AFTER EQUILIBRIUM ITERATION   1
 *** LOAD STEP     4   SUBSTEP    89  COMPLETED.    CUM ITER =    615
 *** TIME =   40.9000         TIME INC =  0.100000    
 *** MAX VISCOELASTIC STRAIN STEP = 0.6329E-06

     FORCE CONVERGENCE VALUE  =  0.2550E-05  CRITERION=  0.5000E-04
     DISP CONVERGENCE VALUE   =  0.7863E-05  CRITERION=  0.1633E-02 <<< CONVERGED
    EQUIL ITER   1 COMPLETED.  OLD TRIANG MATRIX.  MAX DOF INC= -0.7863E-05
     FORCE CONVERGENCE VALUE  =  0.1511E-05  CRITERION=  0.5000E-04 <<< CONVERGED
    >>> SOLUTION CONVERGED AFTER EQUILIBRIUM ITERATION   1
 *** LOAD STEP     4   SUBSTEP    90  COMPLETED.    CUM ITER =    616
 *** TIME =   41.0000         TIME INC =  0.100000    
 *** MAX VISCOELASTIC STRAIN STEP = 0.6144E-06

     FORCE CONVERGENCE VALUE  =  0.2468E-05  CRITERION=  0.5000E-04
     DISP CONVERGENCE VALUE   =  0.7604E-05  CRITERION=  0.1633E-02 <<< CONVERGED
    EQUIL ITER   1 COMPLETED.  OLD TRIANG MATRIX.  MAX DOF INC= -0.7604E-05
     FORCE CONVERGENCE VALUE  =  0.1462E-05  CRITERION=  0.5000E-04 <<< CONVERGED
    >>> SOLUTION CONVERGED AFTER EQUILIBRIUM ITERATION   1
 *** LOAD STEP     4   SUBSTEP    91  COMPLETED.    CUM ITER =    617
 *** TIME =   41.1000         TIME INC =  0.100000    
 *** MAX VISCOELASTIC STRAIN STEP = 0.5964E-06

     FORCE CONVERGENCE VALUE  =  0.2389E-05  CRITERION=  0.5000E-04
     DISP CONVERGENCE VALUE   =  0.7354E-05  CRITERION=  0.1633E-02 <<< CONVERGED
    EQUIL ITER   1 COMPLETED.  OLD TRIANG MATRIX.  MAX DOF INC= -0.7354E-05
     FORCE CONVERGENCE VALUE  =  0.1415E-05  CRITERION=  0.5000E-04 <<< CONVERGED
    >>> SOLUTION CONVERGED AFTER EQUILIBRIUM ITERATION   1
 *** LOAD STEP     4   SUBSTEP    92  COMPLETED.    CUM ITER =    618
 *** TIME =   41.2000         TIME INC =  0.100000    
 *** MAX VISCOELASTIC STRAIN STEP = 0.5791E-06

     FORCE CONVERGENCE VALUE  =  0.2312E-05  CRITERION=  0.5000E-04
     DISP CONVERGENCE VALUE   =  0.7112E-05  CRITERION=  0.1633E-02 <<< CONVERGED
    EQUIL ITER   1 COMPLETED.  OLD TRIANG MATRIX.  MAX DOF INC= -0.7112E-05
     FORCE CONVERGENCE VALUE  =  0.1370E-05  CRITERION=  0.5000E-04 <<< CONVERGED
    >>> SOLUTION CONVERGED AFTER EQUILIBRIUM ITERATION   1
 *** LOAD STEP     4   SUBSTEP    93  COMPLETED.    CUM ITER =    619
 *** TIME =   41.3000         TIME INC =  0.100000    
 *** MAX VISCOELASTIC STRAIN STEP = 0.5623E-06

     FORCE CONVERGENCE VALUE  =  0.2237E-05  CRITERION=  0.5000E-04
     DISP CONVERGENCE VALUE   =  0.6879E-05  CRITERION=  0.1633E-02 <<< CONVERGED
    EQUIL ITER   1 COMPLETED.  OLD TRIANG MATRIX.  MAX DOF INC= -0.6879E-05
     FORCE CONVERGENCE VALUE  =  0.1325E-05  CRITERION=  0.5000E-04 <<< CONVERGED
    >>> SOLUTION CONVERGED AFTER EQUILIBRIUM ITERATION   1
 *** LOAD STEP     4   SUBSTEP    94  COMPLETED.    CUM ITER =    620
 *** TIME =   41.4000         TIME INC =  0.100000    
 *** MAX VISCOELASTIC STRAIN STEP = 0.5460E-06

     FORCE CONVERGENCE VALUE  =  0.2165E-05  CRITERION=  0.5000E-04
     DISP CONVERGENCE VALUE   =  0.6653E-05  CRITERION=  0.1633E-02 <<< CONVERGED
    EQUIL ITER   1 COMPLETED.  OLD TRIANG MATRIX.  MAX DOF INC= -0.6653E-05
     FORCE CONVERGENCE VALUE  =  0.1282E-05  CRITERION=  0.5000E-04 <<< CONVERGED
    >>> SOLUTION CONVERGED AFTER EQUILIBRIUM ITERATION   1
 *** LOAD STEP     4   SUBSTEP    95  COMPLETED.    CUM ITER =    621
 *** TIME =   41.5000         TIME INC =  0.100000    
 *** MAX VISCOELASTIC STRAIN STEP = 0.5303E-06

     FORCE CONVERGENCE VALUE  =  0.2095E-05  CRITERION=  0.5000E-04
     DISP CONVERGENCE VALUE   =  0.6435E-05  CRITERION=  0.1633E-02 <<< CONVERGED
    EQUIL ITER   1 COMPLETED.  OLD TRIANG MATRIX.  MAX DOF INC= -0.6435E-05
     FORCE CONVERGENCE VALUE  =  0.1241E-05  CRITERION=  0.5000E-04 <<< CONVERGED
    >>> SOLUTION CONVERGED AFTER EQUILIBRIUM ITERATION   1
 *** LOAD STEP     4   SUBSTEP    96  COMPLETED.    CUM ITER =    622
 *** TIME =   41.6000         TIME INC =  0.100000    
 *** MAX VISCOELASTIC STRAIN STEP = 0.5152E-06

     FORCE CONVERGENCE VALUE  =  0.2027E-05  CRITERION=  0.5000E-04
     DISP CONVERGENCE VALUE   =  0.6224E-05  CRITERION=  0.1633E-02 <<< CONVERGED
    EQUIL ITER   1 COMPLETED.  OLD TRIANG MATRIX.  MAX DOF INC= -0.6224E-05
     FORCE CONVERGENCE VALUE  =  0.1201E-05  CRITERION=  0.5000E-04 <<< CONVERGED
    >>> SOLUTION CONVERGED AFTER EQUILIBRIUM ITERATION   1
 *** LOAD STEP     4   SUBSTEP    97  COMPLETED.    CUM ITER =    623
 *** TIME =   41.7000         TIME INC =  0.100000    
 *** MAX VISCOELASTIC STRAIN STEP = 0.5005E-06

     FORCE CONVERGENCE VALUE  =  0.1961E-05  CRITERION=  0.5000E-04
     DISP CONVERGENCE VALUE   =  0.6020E-05  CRITERION=  0.1633E-02 <<< CONVERGED
    EQUIL ITER   1 COMPLETED.  OLD TRIANG MATRIX.  MAX DOF INC= -0.6020E-05
     FORCE CONVERGENCE VALUE  =  0.1162E-05  CRITERION=  0.5000E-04 <<< CONVERGED
    >>> SOLUTION CONVERGED AFTER EQUILIBRIUM ITERATION   1
 *** LOAD STEP     4   SUBSTEP    98  COMPLETED.    CUM ITER =    624
 *** TIME =   41.8000         TIME INC =  0.100000    
 *** MAX VISCOELASTIC STRAIN STEP = 0.4863E-06

     FORCE CONVERGENCE VALUE  =  0.1898E-05  CRITERION=  0.5000E-04
     DISP CONVERGENCE VALUE   =  0.5823E-05  CRITERION=  0.1633E-02 <<< CONVERGED
    EQUIL ITER   1 COMPLETED.  OLD TRIANG MATRIX.  MAX DOF INC= -0.5823E-05
     FORCE CONVERGENCE VALUE  =  0.1124E-05  CRITERION=  0.5000E-04 <<< CONVERGED
    >>> SOLUTION CONVERGED AFTER EQUILIBRIUM ITERATION   1
 *** LOAD STEP     4   SUBSTEP    99  COMPLETED.    CUM ITER =    625
 *** TIME =   41.9000         TIME INC =  0.100000    
 *** MAX VISCOELASTIC STRAIN STEP = 0.4726E-06

     FORCE CONVERGENCE VALUE  =  0.1836E-05  CRITERION=  0.5000E-04
     DISP CONVERGENCE VALUE   =  0.5633E-05  CRITERION=  0.1633E-02 <<< CONVERGED
    EQUIL ITER   1 COMPLETED.  OLD TRIANG MATRIX.  MAX DOF INC= -0.5633E-05
     FORCE CONVERGENCE VALUE  =  0.1088E-05  CRITERION=  0.5000E-04 <<< CONVERGED
    >>> SOLUTION CONVERGED AFTER EQUILIBRIUM ITERATION   1
 *** LOAD STEP     4   SUBSTEP   100  COMPLETED.    CUM ITER =    626
 *** TIME =   42.0000         TIME INC =  0.100000    
 *** MAX VISCOELASTIC STRAIN STEP = 0.4593E-06

     FORCE CONVERGENCE VALUE  =  0.1777E-05  CRITERION=  0.5000E-04
     DISP CONVERGENCE VALUE   =  0.5449E-05  CRITERION=  0.1633E-02 <<< CONVERGED
    EQUIL ITER   1 COMPLETED.  OLD TRIANG MATRIX.  MAX DOF INC= -0.5449E-05
     FORCE CONVERGENCE VALUE  =  0.1053E-05  CRITERION=  0.5000E-04 <<< CONVERGED
    >>> SOLUTION CONVERGED AFTER EQUILIBRIUM ITERATION   1
 *** LOAD STEP     4   SUBSTEP   101  COMPLETED.    CUM ITER =    627
 *** TIME =   42.1000         TIME INC =  0.100000    
 *** MAX VISCOELASTIC STRAIN STEP = 0.4465E-06

     FORCE CONVERGENCE VALUE  =  0.1719E-05  CRITERION=  0.5000E-04
     DISP CONVERGENCE VALUE   =  0.5271E-05  CRITERION=  0.1633E-02 <<< CONVERGED
    EQUIL ITER   1 COMPLETED.  OLD TRIANG MATRIX.  MAX DOF INC= -0.5271E-05
     FORCE CONVERGENCE VALUE  =  0.1018E-05  CRITERION=  0.5000E-04 <<< CONVERGED
    >>> SOLUTION CONVERGED AFTER EQUILIBRIUM ITERATION   1
 *** LOAD STEP     4   SUBSTEP   102  COMPLETED.    CUM ITER =    628
 *** TIME =   42.2000         TIME INC =  0.100000    
 *** MAX VISCOELASTIC STRAIN STEP = 0.4341E-06

     FORCE CONVERGENCE VALUE  =  0.1663E-05  CRITERION=  0.5000E-04
     DISP CONVERGENCE VALUE   =  0.5099E-05  CRITERION=  0.1633E-02 <<< CONVERGED
    EQUIL ITER   1 COMPLETED.  OLD TRIANG MATRIX.  MAX DOF INC= -0.5099E-05
     FORCE CONVERGENCE VALUE  =  0.9853E-06  CRITERION=  0.5000E-04 <<< CONVERGED
    >>> SOLUTION CONVERGED AFTER EQUILIBRIUM ITERATION   1
 *** LOAD STEP     4   SUBSTEP   103  COMPLETED.    CUM ITER =    629
 *** TIME =   42.3000         TIME INC =  0.100000    
 *** MAX VISCOELASTIC STRAIN STEP = 0.4221E-06

     FORCE CONVERGENCE VALUE  =  0.1609E-05  CRITERION=  0.5000E-04
     DISP CONVERGENCE VALUE   =  0.4933E-05  CRITERION=  0.1633E-02 <<< CONVERGED
    EQUIL ITER   1 COMPLETED.  OLD TRIANG MATRIX.  MAX DOF INC= -0.4933E-05
     FORCE CONVERGENCE VALUE  =  0.9533E-06  CRITERION=  0.5000E-04 <<< CONVERGED
    >>> SOLUTION CONVERGED AFTER EQUILIBRIUM ITERATION   1
 *** LOAD STEP     4   SUBSTEP   104  COMPLETED.    CUM ITER =    630
 *** TIME =   42.4000         TIME INC =  0.100000    
 *** MAX VISCOELASTIC STRAIN STEP = 0.4105E-06

     FORCE CONVERGENCE VALUE  =  0.1557E-05  CRITERION=  0.5000E-04
     DISP CONVERGENCE VALUE   =  0.4773E-05  CRITERION=  0.1633E-02 <<< CONVERGED
    EQUIL ITER   1 COMPLETED.  OLD TRIANG MATRIX.  MAX DOF INC= -0.4773E-05
     FORCE CONVERGENCE VALUE  =  0.9223E-06  CRITERION=  0.5000E-04 <<< CONVERGED
    >>> SOLUTION CONVERGED AFTER EQUILIBRIUM ITERATION   1
 *** LOAD STEP     4   SUBSTEP   105  COMPLETED.    CUM ITER =    631
 *** TIME =   42.5000         TIME INC =  0.100000    
 *** MAX VISCOELASTIC STRAIN STEP = 0.3993E-06

     FORCE CONVERGENCE VALUE  =  0.1506E-05  CRITERION=  0.5000E-04
     DISP CONVERGENCE VALUE   =  0.4617E-05  CRITERION=  0.1633E-02 <<< CONVERGED
    EQUIL ITER   1 COMPLETED.  OLD TRIANG MATRIX.  MAX DOF INC= -0.4617E-05
     FORCE CONVERGENCE VALUE  =  0.8923E-06  CRITERION=  0.5000E-04 <<< CONVERGED
    >>> SOLUTION CONVERGED AFTER EQUILIBRIUM ITERATION   1
 *** LOAD STEP     4   SUBSTEP   106  COMPLETED.    CUM ITER =    632
 *** TIME =   42.6000         TIME INC =  0.100000    
 *** MAX VISCOELASTIC STRAIN STEP = 0.3885E-06

     FORCE CONVERGENCE VALUE  =  0.1457E-05  CRITERION=  0.5000E-04
     DISP CONVERGENCE VALUE   =  0.4467E-05  CRITERION=  0.1633E-02 <<< CONVERGED
    EQUIL ITER   1 COMPLETED.  OLD TRIANG MATRIX.  MAX DOF INC= -0.4467E-05
     FORCE CONVERGENCE VALUE  =  0.8632E-06  CRITERION=  0.5000E-04 <<< CONVERGED
    >>> SOLUTION CONVERGED AFTER EQUILIBRIUM ITERATION   1
 *** LOAD STEP     4   SUBSTEP   107  COMPLETED.    CUM ITER =    633
 *** TIME =   42.7000         TIME INC =  0.100000    
 *** MAX VISCOELASTIC STRAIN STEP = 0.3780E-06

     FORCE CONVERGENCE VALUE  =  0.1410E-05  CRITERION=  0.5000E-04
     DISP CONVERGENCE VALUE   =  0.4323E-05  CRITERION=  0.1633E-02 <<< CONVERGED
    EQUIL ITER   1 COMPLETED.  OLD TRIANG MATRIX.  MAX DOF INC= -0.4323E-05
     FORCE CONVERGENCE VALUE  =  0.8350E-06  CRITERION=  0.5000E-04 <<< CONVERGED
    >>> SOLUTION CONVERGED AFTER EQUILIBRIUM ITERATION   1
 *** LOAD STEP     4   SUBSTEP   108  COMPLETED.    CUM ITER =    634
 *** TIME =   42.8000         TIME INC =  0.100000    
 *** MAX VISCOELASTIC STRAIN STEP = 0.3678E-06

     FORCE CONVERGENCE VALUE  =  0.1364E-05  CRITERION=  0.5000E-04
     DISP CONVERGENCE VALUE   =  0.4182E-05  CRITERION=  0.1633E-02 <<< CONVERGED
    EQUIL ITER   1 COMPLETED.  OLD TRIANG MATRIX.  MAX DOF INC= -0.4182E-05
     FORCE CONVERGENCE VALUE  =  0.8078E-06  CRITERION=  0.5000E-04 <<< CONVERGED
    >>> SOLUTION CONVERGED AFTER EQUILIBRIUM ITERATION   1
 *** LOAD STEP     4   SUBSTEP   109  COMPLETED.    CUM ITER =    635
 *** TIME =   42.9000         TIME INC =  0.100000    
 *** MAX VISCOELASTIC STRAIN STEP = 0.3580E-06

     FORCE CONVERGENCE VALUE  =  0.1319E-05  CRITERION=  0.5000E-04
     DISP CONVERGENCE VALUE   =  0.4047E-05  CRITERION=  0.1633E-02 <<< CONVERGED
    EQUIL ITER   1 COMPLETED.  OLD TRIANG MATRIX.  MAX DOF INC= -0.4047E-05
     FORCE CONVERGENCE VALUE  =  0.7814E-06  CRITERION=  0.5000E-04 <<< CONVERGED
    >>> SOLUTION CONVERGED AFTER EQUILIBRIUM ITERATION   1
 *** LOAD STEP     4   SUBSTEP   110  COMPLETED.    CUM ITER =    636
 *** TIME =   43.0000         TIME INC =  0.100000    
 *** MAX VISCOELASTIC STRAIN STEP = 0.3485E-06

     FORCE CONVERGENCE VALUE  =  0.1276E-05  CRITERION=  0.5000E-04
     DISP CONVERGENCE VALUE   =  0.3916E-05  CRITERION=  0.1633E-02 <<< CONVERGED
    EQUIL ITER   1 COMPLETED.  OLD TRIANG MATRIX.  MAX DOF INC= -0.3916E-05
     FORCE CONVERGENCE VALUE  =  0.7559E-06  CRITERION=  0.5000E-04 <<< CONVERGED
    >>> SOLUTION CONVERGED AFTER EQUILIBRIUM ITERATION   1
 *** LOAD STEP     4   SUBSTEP   111  COMPLETED.    CUM ITER =    637
 *** TIME =   43.1000         TIME INC =  0.100000    
 *** MAX VISCOELASTIC STRAIN STEP = 0.3394E-06

     FORCE CONVERGENCE VALUE  =  0.1235E-05  CRITERION=  0.5000E-04
     DISP CONVERGENCE VALUE   =  0.3790E-05  CRITERION=  0.1633E-02 <<< CONVERGED
    EQUIL ITER   1 COMPLETED.  OLD TRIANG MATRIX.  MAX DOF INC= -0.3790E-05
     FORCE CONVERGENCE VALUE  =  0.7312E-06  CRITERION=  0.5000E-04 <<< CONVERGED
    >>> SOLUTION CONVERGED AFTER EQUILIBRIUM ITERATION   1
 *** LOAD STEP     4   SUBSTEP   112  COMPLETED.    CUM ITER =    638
 *** TIME =   43.2000         TIME INC =  0.100000    
 *** MAX VISCOELASTIC STRAIN STEP = 0.3305E-06

     FORCE CONVERGENCE VALUE  =  0.1194E-05  CRITERION=  0.5000E-04
     DISP CONVERGENCE VALUE   =  0.3667E-05  CRITERION=  0.1633E-02 <<< CONVERGED
    EQUIL ITER   1 COMPLETED.  OLD TRIANG MATRIX.  MAX DOF INC= -0.3667E-05
     FORCE CONVERGENCE VALUE  =  0.7072E-06  CRITERION=  0.5000E-04 <<< CONVERGED
    >>> SOLUTION CONVERGED AFTER EQUILIBRIUM ITERATION   1
 *** LOAD STEP     4   SUBSTEP   113  COMPLETED.    CUM ITER =    639
 *** TIME =   43.3000         TIME INC =  0.100000    
 *** MAX VISCOELASTIC STRAIN STEP = 0.3219E-06

     FORCE CONVERGENCE VALUE  =  0.1155E-05  CRITERION=  0.5000E-04
     DISP CONVERGENCE VALUE   =  0.3549E-05  CRITERION=  0.1633E-02 <<< CONVERGED
    EQUIL ITER   1 COMPLETED.  OLD TRIANG MATRIX.  MAX DOF INC= -0.3549E-05
     FORCE CONVERGENCE VALUE  =  0.6841E-06  CRITERION=  0.5000E-04 <<< CONVERGED
    >>> SOLUTION CONVERGED AFTER EQUILIBRIUM ITERATION   1
 *** LOAD STEP     4   SUBSTEP   114  COMPLETED.    CUM ITER =    640
 *** TIME =   43.4000         TIME INC =  0.100000    
 *** MAX VISCOELASTIC STRAIN STEP = 0.3136E-06

     FORCE CONVERGENCE VALUE  =  0.1117E-05  CRITERION=  0.5000E-04
     DISP CONVERGENCE VALUE   =  0.3435E-05  CRITERION=  0.1633E-02 <<< CONVERGED
    EQUIL ITER   1 COMPLETED.  OLD TRIANG MATRIX.  MAX DOF INC= -0.3435E-05
     FORCE CONVERGENCE VALUE  =  0.6616E-06  CRITERION=  0.5000E-04 <<< CONVERGED
    >>> SOLUTION CONVERGED AFTER EQUILIBRIUM ITERATION   1
 *** LOAD STEP     4   SUBSTEP   115  COMPLETED.    CUM ITER =    641
 *** TIME =   43.5000         TIME INC =  0.100000    
 *** MAX VISCOELASTIC STRAIN STEP = 0.3056E-06

     FORCE CONVERGENCE VALUE  =  0.1081E-05  CRITERION=  0.5000E-04
     DISP CONVERGENCE VALUE   =  0.3325E-05  CRITERION=  0.1633E-02 <<< CONVERGED
    EQUIL ITER   1 COMPLETED.  OLD TRIANG MATRIX.  MAX DOF INC= -0.3325E-05
     FORCE CONVERGENCE VALUE  =  0.6399E-06  CRITERION=  0.5000E-04 <<< CONVERGED
    >>> SOLUTION CONVERGED AFTER EQUILIBRIUM ITERATION   1
 *** LOAD STEP     4   SUBSTEP   116  COMPLETED.    CUM ITER =    642
 *** TIME =   43.6000         TIME INC =  0.100000    
 *** MAX VISCOELASTIC STRAIN STEP = 0.2979E-06

     FORCE CONVERGENCE VALUE  =  0.1045E-05  CRITERION=  0.5000E-04
     DISP CONVERGENCE VALUE   =  0.3218E-05  CRITERION=  0.1633E-02 <<< CONVERGED
    EQUIL ITER   1 COMPLETED.  OLD TRIANG MATRIX.  MAX DOF INC= -0.3218E-05
     FORCE CONVERGENCE VALUE  =  0.6189E-06  CRITERION=  0.5000E-04 <<< CONVERGED
    >>> SOLUTION CONVERGED AFTER EQUILIBRIUM ITERATION   1
 *** LOAD STEP     4   SUBSTEP   117  COMPLETED.    CUM ITER =    643
 *** TIME =   43.7000         TIME INC =  0.100000    
 *** MAX VISCOELASTIC STRAIN STEP = 0.2904E-06

     FORCE CONVERGENCE VALUE  =  0.1011E-05  CRITERION=  0.5000E-04
     DISP CONVERGENCE VALUE   =  0.3115E-05  CRITERION=  0.1633E-02 <<< CONVERGED
    EQUIL ITER   1 COMPLETED.  OLD TRIANG MATRIX.  MAX DOF INC= -0.3115E-05
     FORCE CONVERGENCE VALUE  =  0.5985E-06  CRITERION=  0.5000E-04 <<< CONVERGED
    >>> SOLUTION CONVERGED AFTER EQUILIBRIUM ITERATION   1
 *** LOAD STEP     4   SUBSTEP   118  COMPLETED.    CUM ITER =    644
 *** TIME =   43.8000         TIME INC =  0.100000    
 *** MAX VISCOELASTIC STRAIN STEP = 0.2831E-06

     FORCE CONVERGENCE VALUE  =  0.9778E-06  CRITERION=  0.5000E-04
     DISP CONVERGENCE VALUE   =  0.3015E-05  CRITERION=  0.1633E-02 <<< CONVERGED
    EQUIL ITER   1 COMPLETED.  OLD TRIANG MATRIX.  MAX DOF INC= -0.3015E-05
     FORCE CONVERGENCE VALUE  =  0.5788E-06  CRITERION=  0.5000E-04 <<< CONVERGED
    >>> SOLUTION CONVERGED AFTER EQUILIBRIUM ITERATION   1
 *** LOAD STEP     4   SUBSTEP   119  COMPLETED.    CUM ITER =    645
 *** TIME =   43.9000         TIME INC =  0.100000    
 *** MAX VISCOELASTIC STRAIN STEP = 0.2777E-06

     FORCE CONVERGENCE VALUE  =  0.9456E-06  CRITERION=  0.5000E-04
     DISP CONVERGENCE VALUE   =  0.2919E-05  CRITERION=  0.1633E-02 <<< CONVERGED
    EQUIL ITER   1 COMPLETED.  OLD TRIANG MATRIX.  MAX DOF INC= -0.2919E-05
     FORCE CONVERGENCE VALUE  =  0.5598E-06  CRITERION=  0.5000E-04 <<< CONVERGED
    >>> SOLUTION CONVERGED AFTER EQUILIBRIUM ITERATION   1
 *** LOAD STEP     4   SUBSTEP   120  COMPLETED.    CUM ITER =    646
 *** TIME =   44.0000         TIME INC =  0.100000    
 *** MAX VISCOELASTIC STRAIN STEP = 0.2760E-06

     FORCE CONVERGENCE VALUE  =  0.9145E-06  CRITERION=  0.5000E-04
     DISP CONVERGENCE VALUE   =  0.2826E-05  CRITERION=  0.1633E-02 <<< CONVERGED
    EQUIL ITER   1 COMPLETED.  OLD TRIANG MATRIX.  MAX DOF INC= -0.2826E-05
     FORCE CONVERGENCE VALUE  =  0.5413E-06  CRITERION=  0.5000E-04 <<< CONVERGED
    >>> SOLUTION CONVERGED AFTER EQUILIBRIUM ITERATION   1
 *** LOAD STEP     4   SUBSTEP   121  COMPLETED.    CUM ITER =    647
 *** TIME =   44.1000         TIME INC =  0.100000    
 *** MAX VISCOELASTIC STRAIN STEP = 0.2743E-06

     FORCE CONVERGENCE VALUE  =  0.8844E-06  CRITERION=  0.5000E-04
     DISP CONVERGENCE VALUE   =  0.2735E-05  CRITERION=  0.1633E-02 <<< CONVERGED
    EQUIL ITER   1 COMPLETED.  OLD TRIANG MATRIX.  MAX DOF INC= -0.2735E-05
     FORCE CONVERGENCE VALUE  =  0.5235E-06  CRITERION=  0.5000E-04 <<< CONVERGED
    >>> SOLUTION CONVERGED AFTER EQUILIBRIUM ITERATION   1
 *** LOAD STEP     4   SUBSTEP   122  COMPLETED.    CUM ITER =    648
 *** TIME =   44.2000         TIME INC =  0.100000    
 *** MAX VISCOELASTIC STRAIN STEP = 0.2727E-06

     FORCE CONVERGENCE VALUE  =  0.8552E-06  CRITERION=  0.5000E-04
     DISP CONVERGENCE VALUE   =  0.2648E-05  CRITERION=  0.1633E-02 <<< CONVERGED
    EQUIL ITER   1 COMPLETED.  OLD TRIANG MATRIX.  MAX DOF INC= -0.2648E-05
     FORCE CONVERGENCE VALUE  =  0.5062E-06  CRITERION=  0.5000E-04 <<< CONVERGED
    >>> SOLUTION CONVERGED AFTER EQUILIBRIUM ITERATION   1
 *** LOAD STEP     4   SUBSTEP   123  COMPLETED.    CUM ITER =    649
 *** TIME =   44.3000         TIME INC =  0.100000    
 *** MAX VISCOELASTIC STRAIN STEP = 0.2711E-06

     FORCE CONVERGENCE VALUE  =  0.8270E-06  CRITERION=  0.5000E-04
     DISP CONVERGENCE VALUE   =  0.2564E-05  CRITERION=  0.1633E-02 <<< CONVERGED
    EQUIL ITER   1 COMPLETED.  OLD TRIANG MATRIX.  MAX DOF INC= -0.2564E-05
     FORCE CONVERGENCE VALUE  =  0.4894E-06  CRITERION=  0.5000E-04 <<< CONVERGED
    >>> SOLUTION CONVERGED AFTER EQUILIBRIUM ITERATION   1
 *** LOAD STEP     4   SUBSTEP   124  COMPLETED.    CUM ITER =    650
 *** TIME =   44.4000         TIME INC =  0.100000    
 *** MAX VISCOELASTIC STRAIN STEP = 0.2696E-06

     FORCE CONVERGENCE VALUE  =  0.7997E-06  CRITERION=  0.5000E-04
     DISP CONVERGENCE VALUE   =  0.2483E-05  CRITERION=  0.1633E-02 <<< CONVERGED
    EQUIL ITER   1 COMPLETED.  OLD TRIANG MATRIX.  MAX DOF INC= -0.2483E-05
     FORCE CONVERGENCE VALUE  =  0.4732E-06  CRITERION=  0.5000E-04 <<< CONVERGED
    >>> SOLUTION CONVERGED AFTER EQUILIBRIUM ITERATION   1
 *** LOAD STEP     4   SUBSTEP   125  COMPLETED.    CUM ITER =    651
 *** TIME =   44.5000         TIME INC =  0.100000    
 *** MAX VISCOELASTIC STRAIN STEP = 0.2681E-06

     FORCE CONVERGENCE VALUE  =  0.7732E-06  CRITERION=  0.5000E-04
     DISP CONVERGENCE VALUE   =  0.2404E-05  CRITERION=  0.1633E-02 <<< CONVERGED
    EQUIL ITER   1 COMPLETED.  OLD TRIANG MATRIX.  MAX DOF INC= -0.2404E-05
     FORCE CONVERGENCE VALUE  =  0.4575E-06  CRITERION=  0.5000E-04 <<< CONVERGED
    >>> SOLUTION CONVERGED AFTER EQUILIBRIUM ITERATION   1
 *** LOAD STEP     4   SUBSTEP   126  COMPLETED.    CUM ITER =    652
 *** TIME =   44.6000         TIME INC =  0.100000    
 *** MAX VISCOELASTIC STRAIN STEP = 0.2667E-06

     FORCE CONVERGENCE VALUE  =  0.7476E-06  CRITERION=  0.5000E-04
     DISP CONVERGENCE VALUE   =  0.2329E-05  CRITERION=  0.1633E-02 <<< CONVERGED
    EQUIL ITER   1 COMPLETED.  OLD TRIANG MATRIX.  MAX DOF INC= -0.2329E-05
     FORCE CONVERGENCE VALUE  =  0.4424E-06  CRITERION=  0.5000E-04 <<< CONVERGED
    >>> SOLUTION CONVERGED AFTER EQUILIBRIUM ITERATION   1
 *** LOAD STEP     4   SUBSTEP   127  COMPLETED.    CUM ITER =    653
 *** TIME =   44.7000         TIME INC =  0.100000    
 *** MAX VISCOELASTIC STRAIN STEP = 0.2653E-06

     FORCE CONVERGENCE VALUE  =  0.7229E-06  CRITERION=  0.5000E-04
     DISP CONVERGENCE VALUE   =  0.2255E-05  CRITERION=  0.1633E-02 <<< CONVERGED
    EQUIL ITER   1 COMPLETED.  OLD TRIANG MATRIX.  MAX DOF INC= -0.2255E-05
     FORCE CONVERGENCE VALUE  =  0.4277E-06  CRITERION=  0.5000E-04 <<< CONVERGED
    >>> SOLUTION CONVERGED AFTER EQUILIBRIUM ITERATION   1
 *** LOAD STEP     4   SUBSTEP   128  COMPLETED.    CUM ITER =    654
 *** TIME =   44.8000         TIME INC =  0.100000    
 *** MAX VISCOELASTIC STRAIN STEP = 0.2639E-06

     FORCE CONVERGENCE VALUE  =  0.6989E-06  CRITERION=  0.5000E-04
     DISP CONVERGENCE VALUE   =  0.2184E-05  CRITERION=  0.1633E-02 <<< CONVERGED
    EQUIL ITER   1 COMPLETED.  OLD TRIANG MATRIX.  MAX DOF INC= -0.2184E-05
     FORCE CONVERGENCE VALUE  =  0.4134E-06  CRITERION=  0.5000E-04 <<< CONVERGED
    >>> SOLUTION CONVERGED AFTER EQUILIBRIUM ITERATION   1
 *** LOAD STEP     4   SUBSTEP   129  COMPLETED.    CUM ITER =    655
 *** TIME =   44.9000         TIME INC =  0.100000    
 *** MAX VISCOELASTIC STRAIN STEP = 0.2626E-06

     FORCE CONVERGENCE VALUE  =  0.6757E-06  CRITERION=  0.5000E-04
     DISP CONVERGENCE VALUE   =  0.2116E-05  CRITERION=  0.1633E-02 <<< CONVERGED
    EQUIL ITER   1 COMPLETED.  OLD TRIANG MATRIX.  MAX DOF INC= -0.2116E-05
     FORCE CONVERGENCE VALUE  =  0.3997E-06  CRITERION=  0.5000E-04 <<< CONVERGED
    >>> SOLUTION CONVERGED AFTER EQUILIBRIUM ITERATION   1
 *** LOAD STEP     4   SUBSTEP   130  COMPLETED.    CUM ITER =    656
 *** TIME =   45.0000         TIME INC =  0.100000    
 *** MAX VISCOELASTIC STRAIN STEP = 0.2613E-06

     FORCE CONVERGENCE VALUE  =  0.6532E-06  CRITERION=  0.5000E-04
     DISP CONVERGENCE VALUE   =  0.2049E-05  CRITERION=  0.1633E-02 <<< CONVERGED
    EQUIL ITER   1 COMPLETED.  OLD TRIANG MATRIX.  MAX DOF INC= -0.2049E-05
     FORCE CONVERGENCE VALUE  =  0.3864E-06  CRITERION=  0.5000E-04 <<< CONVERGED
    >>> SOLUTION CONVERGED AFTER EQUILIBRIUM ITERATION   1
 *** LOAD STEP     4   SUBSTEP   131  COMPLETED.    CUM ITER =    657
 *** TIME =   45.1000         TIME INC =  0.100000    
 *** MAX VISCOELASTIC STRAIN STEP = 0.2600E-06

     FORCE CONVERGENCE VALUE  =  0.6315E-06  CRITERION=  0.5000E-04
     DISP CONVERGENCE VALUE   =  0.1985E-05  CRITERION=  0.1633E-02 <<< CONVERGED
    EQUIL ITER   1 COMPLETED.  OLD TRIANG MATRIX.  MAX DOF INC= -0.1985E-05
     FORCE CONVERGENCE VALUE  =  0.3735E-06  CRITERION=  0.5000E-04 <<< CONVERGED
    >>> SOLUTION CONVERGED AFTER EQUILIBRIUM ITERATION   1
 *** LOAD STEP     4   SUBSTEP   132  COMPLETED.    CUM ITER =    658
 *** TIME =   45.2000         TIME INC =  0.100000    
 *** MAX VISCOELASTIC STRAIN STEP = 0.2588E-06

     FORCE CONVERGENCE VALUE  =  0.6105E-06  CRITERION=  0.5000E-04
     DISP CONVERGENCE VALUE   =  0.1923E-05  CRITERION=  0.1633E-02 <<< CONVERGED
    EQUIL ITER   1 COMPLETED.  OLD TRIANG MATRIX.  MAX DOF INC= -0.1923E-05
     FORCE CONVERGENCE VALUE  =  0.3610E-06  CRITERION=  0.5000E-04 <<< CONVERGED
    >>> SOLUTION CONVERGED AFTER EQUILIBRIUM ITERATION   1
 *** LOAD STEP     4   SUBSTEP   133  COMPLETED.    CUM ITER =    659
 *** TIME =   45.3000         TIME INC =  0.100000    
 *** MAX VISCOELASTIC STRAIN STEP = 0.2576E-06

     FORCE CONVERGENCE VALUE  =  0.5901E-06  CRITERION=  0.5000E-04
     DISP CONVERGENCE VALUE   =  0.1863E-05  CRITERION=  0.1633E-02 <<< CONVERGED
    EQUIL ITER   1 COMPLETED.  OLD TRIANG MATRIX.  MAX DOF INC= -0.1863E-05
     FORCE CONVERGENCE VALUE  =  0.3489E-06  CRITERION=  0.5000E-04 <<< CONVERGED
    >>> SOLUTION CONVERGED AFTER EQUILIBRIUM ITERATION   1
 *** LOAD STEP     4   SUBSTEP   134  COMPLETED.    CUM ITER =    660
 *** TIME =   45.4000         TIME INC =  0.100000    
 *** MAX VISCOELASTIC STRAIN STEP = 0.2564E-06

     FORCE CONVERGENCE VALUE  =  0.5704E-06  CRITERION=  0.5000E-04
     DISP CONVERGENCE VALUE   =  0.1805E-05  CRITERION=  0.1633E-02 <<< CONVERGED
    EQUIL ITER   1 COMPLETED.  OLD TRIANG MATRIX.  MAX DOF INC= -0.1805E-05
     FORCE CONVERGENCE VALUE  =  0.3372E-06  CRITERION=  0.5000E-04 <<< CONVERGED
    >>> SOLUTION CONVERGED AFTER EQUILIBRIUM ITERATION   1
 *** LOAD STEP     4   SUBSTEP   135  COMPLETED.    CUM ITER =    661
 *** TIME =   45.5000         TIME INC =  0.100000    
 *** MAX VISCOELASTIC STRAIN STEP = 0.2553E-06

     FORCE CONVERGENCE VALUE  =  0.5514E-06  CRITERION=  0.5000E-04
     DISP CONVERGENCE VALUE   =  0.1749E-05  CRITERION=  0.1633E-02 <<< CONVERGED
    EQUIL ITER   1 COMPLETED.  OLD TRIANG MATRIX.  MAX DOF INC= -0.1749E-05
     FORCE CONVERGENCE VALUE  =  0.3259E-06  CRITERION=  0.5000E-04 <<< CONVERGED
    >>> SOLUTION CONVERGED AFTER EQUILIBRIUM ITERATION   1
 *** LOAD STEP     4   SUBSTEP   136  COMPLETED.    CUM ITER =    662
 *** TIME =   45.6000         TIME INC =  0.100000    
 *** MAX VISCOELASTIC STRAIN STEP = 0.2542E-06

     FORCE CONVERGENCE VALUE  =  0.5329E-06  CRITERION=  0.5000E-04
     DISP CONVERGENCE VALUE   =  0.1695E-05  CRITERION=  0.1633E-02 <<< CONVERGED
    EQUIL ITER   1 COMPLETED.  OLD TRIANG MATRIX.  MAX DOF INC= -0.1695E-05
     FORCE CONVERGENCE VALUE  =  0.3150E-06  CRITERION=  0.5000E-04 <<< CONVERGED
    >>> SOLUTION CONVERGED AFTER EQUILIBRIUM ITERATION   1
 *** LOAD STEP     4   SUBSTEP   137  COMPLETED.    CUM ITER =    663
 *** TIME =   45.7000         TIME INC =  0.100000    
 *** MAX VISCOELASTIC STRAIN STEP = 0.2531E-06

     FORCE CONVERGENCE VALUE  =  0.5151E-06  CRITERION=  0.5000E-04
     DISP CONVERGENCE VALUE   =  0.1643E-05  CRITERION=  0.1633E-02 <<< CONVERGED
    EQUIL ITER   1 COMPLETED.  OLD TRIANG MATRIX.  MAX DOF INC= -0.1643E-05
     FORCE CONVERGENCE VALUE  =  0.3044E-06  CRITERION=  0.5000E-04 <<< CONVERGED
    >>> SOLUTION CONVERGED AFTER EQUILIBRIUM ITERATION   1
 *** LOAD STEP     4   SUBSTEP   138  COMPLETED.    CUM ITER =    664
 *** TIME =   45.8000         TIME INC =  0.100000    
 *** MAX VISCOELASTIC STRAIN STEP = 0.2520E-06

     FORCE CONVERGENCE VALUE  =  0.4978E-06  CRITERION=  0.5000E-04
     DISP CONVERGENCE VALUE   =  0.1593E-05  CRITERION=  0.1633E-02 <<< CONVERGED
    EQUIL ITER   1 COMPLETED.  OLD TRIANG MATRIX.  MAX DOF INC= -0.1593E-05
     FORCE CONVERGENCE VALUE  =  0.2942E-06  CRITERION=  0.5000E-04 <<< CONVERGED
    >>> SOLUTION CONVERGED AFTER EQUILIBRIUM ITERATION   1
 *** LOAD STEP     4   SUBSTEP   139  COMPLETED.    CUM ITER =    665
 *** TIME =   45.9000         TIME INC =  0.100000    
 *** MAX VISCOELASTIC STRAIN STEP = 0.2510E-06

     FORCE CONVERGENCE VALUE  =  0.4811E-06  CRITERION=  0.5000E-04
     DISP CONVERGENCE VALUE   =  0.1544E-05  CRITERION=  0.1633E-02 <<< CONVERGED
    EQUIL ITER   1 COMPLETED.  OLD TRIANG MATRIX.  MAX DOF INC= -0.1544E-05
     FORCE CONVERGENCE VALUE  =  0.2842E-06  CRITERION=  0.5000E-04 <<< CONVERGED
    >>> SOLUTION CONVERGED AFTER EQUILIBRIUM ITERATION   1
 *** LOAD STEP     4   SUBSTEP   140  COMPLETED.    CUM ITER =    666
 *** TIME =   46.0000         TIME INC =  0.100000    
 *** MAX VISCOELASTIC STRAIN STEP = 0.2500E-06

     FORCE CONVERGENCE VALUE  =  0.4649E-06  CRITERION=  0.5000E-04
     DISP CONVERGENCE VALUE   =  0.1497E-05  CRITERION=  0.1633E-02 <<< CONVERGED
    EQUIL ITER   1 COMPLETED.  OLD TRIANG MATRIX.  MAX DOF INC= -0.1497E-05
     FORCE CONVERGENCE VALUE  =  0.2746E-06  CRITERION=  0.5000E-04 <<< CONVERGED
    >>> SOLUTION CONVERGED AFTER EQUILIBRIUM ITERATION   1
 *** LOAD STEP     4   SUBSTEP   141  COMPLETED.    CUM ITER =    667
 *** TIME =   46.1000         TIME INC =  0.100000    
 *** MAX VISCOELASTIC STRAIN STEP = 0.2490E-06

     FORCE CONVERGENCE VALUE  =  0.4493E-06  CRITERION=  0.5000E-04
     DISP CONVERGENCE VALUE   =  0.1451E-05  CRITERION=  0.1633E-02 <<< CONVERGED
    EQUIL ITER   1 COMPLETED.  OLD TRIANG MATRIX.  MAX DOF INC= -0.1451E-05
     FORCE CONVERGENCE VALUE  =  0.2654E-06  CRITERION=  0.5000E-04 <<< CONVERGED
    >>> SOLUTION CONVERGED AFTER EQUILIBRIUM ITERATION   1
 *** LOAD STEP     4   SUBSTEP   142  COMPLETED.    CUM ITER =    668
 *** TIME =   46.2000         TIME INC =  0.100000    
 *** MAX VISCOELASTIC STRAIN STEP = 0.2481E-06

     FORCE CONVERGENCE VALUE  =  0.4342E-06  CRITERION=  0.5000E-04
     DISP CONVERGENCE VALUE   =  0.1407E-05  CRITERION=  0.1633E-02 <<< CONVERGED
    EQUIL ITER   1 COMPLETED.  OLD TRIANG MATRIX.  MAX DOF INC= -0.1407E-05
     FORCE CONVERGENCE VALUE  =  0.2564E-06  CRITERION=  0.5000E-04 <<< CONVERGED
    >>> SOLUTION CONVERGED AFTER EQUILIBRIUM ITERATION   1
 *** LOAD STEP     4   SUBSTEP   143  COMPLETED.    CUM ITER =    669
 *** TIME =   46.3000         TIME INC =  0.100000    
 *** MAX VISCOELASTIC STRAIN STEP = 0.2472E-06

     FORCE CONVERGENCE VALUE  =  0.4195E-06  CRITERION=  0.5000E-04
     DISP CONVERGENCE VALUE   =  0.1364E-05  CRITERION=  0.1633E-02 <<< CONVERGED
    EQUIL ITER   1 COMPLETED.  OLD TRIANG MATRIX.  MAX DOF INC= -0.1364E-05
     FORCE CONVERGENCE VALUE  =  0.2477E-06  CRITERION=  0.5000E-04 <<< CONVERGED
    >>> SOLUTION CONVERGED AFTER EQUILIBRIUM ITERATION   1
 *** LOAD STEP     4   SUBSTEP   144  COMPLETED.    CUM ITER =    670
 *** TIME =   46.4000         TIME INC =  0.100000    
 *** MAX VISCOELASTIC STRAIN STEP = 0.2462E-06

     FORCE CONVERGENCE VALUE  =  0.4053E-06  CRITERION=  0.5000E-04
     DISP CONVERGENCE VALUE   =  0.1323E-05  CRITERION=  0.1633E-02 <<< CONVERGED
    EQUIL ITER   1 COMPLETED.  OLD TRIANG MATRIX.  MAX DOF INC= -0.1323E-05
     FORCE CONVERGENCE VALUE  =  0.2393E-06  CRITERION=  0.5000E-04 <<< CONVERGED
    >>> SOLUTION CONVERGED AFTER EQUILIBRIUM ITERATION   1
 *** LOAD STEP     4   SUBSTEP   145  COMPLETED.    CUM ITER =    671
 *** TIME =   46.5000         TIME INC =  0.100000    
 *** MAX VISCOELASTIC STRAIN STEP = 0.2454E-06

     FORCE CONVERGENCE VALUE  =  0.3916E-06  CRITERION=  0.5000E-04
     DISP CONVERGENCE VALUE   =  0.1283E-05  CRITERION=  0.1633E-02 <<< CONVERGED
    EQUIL ITER   1 COMPLETED.  OLD TRIANG MATRIX.  MAX DOF INC= -0.1283E-05
     FORCE CONVERGENCE VALUE  =  0.2311E-06  CRITERION=  0.5000E-04 <<< CONVERGED
    >>> SOLUTION CONVERGED AFTER EQUILIBRIUM ITERATION   1
 *** LOAD STEP     4   SUBSTEP   146  COMPLETED.    CUM ITER =    672
 *** TIME =   46.6000         TIME INC =  0.100000    
 *** MAX VISCOELASTIC STRAIN STEP = 0.2445E-06

     FORCE CONVERGENCE VALUE  =  0.3783E-06  CRITERION=  0.5000E-04
     DISP CONVERGENCE VALUE   =  0.1244E-05  CRITERION=  0.1633E-02 <<< CONVERGED
    EQUIL ITER   1 COMPLETED.  OLD TRIANG MATRIX.  MAX DOF INC= -0.1244E-05
     FORCE CONVERGENCE VALUE  =  0.2232E-06  CRITERION=  0.5000E-04 <<< CONVERGED
    >>> SOLUTION CONVERGED AFTER EQUILIBRIUM ITERATION   1
 *** LOAD STEP     4   SUBSTEP   147  COMPLETED.    CUM ITER =    673
 *** TIME =   46.7000         TIME INC =  0.100000    
 *** MAX VISCOELASTIC STRAIN STEP = 0.2436E-06

     FORCE CONVERGENCE VALUE  =  0.3655E-06  CRITERION=  0.5000E-04
     DISP CONVERGENCE VALUE   =  0.1207E-05  CRITERION=  0.1633E-02 <<< CONVERGED
    EQUIL ITER   1 COMPLETED.  OLD TRIANG MATRIX.  MAX DOF INC= -0.1207E-05
     FORCE CONVERGENCE VALUE  =  0.2156E-06  CRITERION=  0.5000E-04 <<< CONVERGED
    >>> SOLUTION CONVERGED AFTER EQUILIBRIUM ITERATION   1
 *** LOAD STEP     4   SUBSTEP   148  COMPLETED.    CUM ITER =    674
 *** TIME =   46.8000         TIME INC =  0.100000    
 *** MAX VISCOELASTIC STRAIN STEP = 0.2428E-06

     FORCE CONVERGENCE VALUE  =  0.3531E-06  CRITERION=  0.5000E-04
     DISP CONVERGENCE VALUE   =  0.1171E-05  CRITERION=  0.1633E-02 <<< CONVERGED
    EQUIL ITER   1 COMPLETED.  OLD TRIANG MATRIX.  MAX DOF INC= -0.1171E-05
     FORCE CONVERGENCE VALUE  =  0.2082E-06  CRITERION=  0.5000E-04 <<< CONVERGED
    >>> SOLUTION CONVERGED AFTER EQUILIBRIUM ITERATION   1
 *** LOAD STEP     4   SUBSTEP   149  COMPLETED.    CUM ITER =    675
 *** TIME =   46.9000         TIME INC =  0.100000    
 *** MAX VISCOELASTIC STRAIN STEP = 0.2420E-06

     FORCE CONVERGENCE VALUE  =  0.3411E-06  CRITERION=  0.5000E-04
     DISP CONVERGENCE VALUE   =  0.1136E-05  CRITERION=  0.1633E-02 <<< CONVERGED
    EQUIL ITER   1 COMPLETED.  OLD TRIANG MATRIX.  MAX DOF INC= -0.1136E-05
     FORCE CONVERGENCE VALUE  =  0.2011E-06  CRITERION=  0.5000E-04 <<< CONVERGED
    >>> SOLUTION CONVERGED AFTER EQUILIBRIUM ITERATION   1
 *** LOAD STEP     4   SUBSTEP   150  COMPLETED.    CUM ITER =    676
 *** TIME =   47.0000         TIME INC =  0.100000    
 *** MAX VISCOELASTIC STRAIN STEP = 0.2412E-06

     FORCE CONVERGENCE VALUE  =  0.3294E-06  CRITERION=  0.5000E-04
     DISP CONVERGENCE VALUE   =  0.1103E-05  CRITERION=  0.1633E-02 <<< CONVERGED
    EQUIL ITER   1 COMPLETED.  OLD TRIANG MATRIX.  MAX DOF INC= -0.1103E-05
     FORCE CONVERGENCE VALUE  =  0.1942E-06  CRITERION=  0.5000E-04 <<< CONVERGED
    >>> SOLUTION CONVERGED AFTER EQUILIBRIUM ITERATION   1
 *** LOAD STEP     4   SUBSTEP   151  COMPLETED.    CUM ITER =    677
 *** TIME =   47.1000         TIME INC =  0.100000    
 *** MAX VISCOELASTIC STRAIN STEP = 0.2404E-06

     FORCE CONVERGENCE VALUE  =  0.3182E-06  CRITERION=  0.5000E-04
     DISP CONVERGENCE VALUE   =  0.1070E-05  CRITERION=  0.1633E-02 <<< CONVERGED
    EQUIL ITER   1 COMPLETED.  OLD TRIANG MATRIX.  MAX DOF INC= -0.1070E-05
     FORCE CONVERGENCE VALUE  =  0.1875E-06  CRITERION=  0.5000E-04 <<< CONVERGED
    >>> SOLUTION CONVERGED AFTER EQUILIBRIUM ITERATION   1
 *** LOAD STEP     4   SUBSTEP   152  COMPLETED.    CUM ITER =    678
 *** TIME =   47.2000         TIME INC =  0.100000    
 *** MAX VISCOELASTIC STRAIN STEP = 0.2397E-06

     FORCE CONVERGENCE VALUE  =  0.3073E-06  CRITERION=  0.5000E-04
     DISP CONVERGENCE VALUE   =  0.1039E-05  CRITERION=  0.1633E-02 <<< CONVERGED
    EQUIL ITER   1 COMPLETED.  OLD TRIANG MATRIX.  MAX DOF INC= -0.1039E-05
     FORCE CONVERGENCE VALUE  =  0.1811E-06  CRITERION=  0.5000E-04 <<< CONVERGED
    >>> SOLUTION CONVERGED AFTER EQUILIBRIUM ITERATION   1
 *** LOAD STEP     4   SUBSTEP   153  COMPLETED.    CUM ITER =    679
 *** TIME =   47.3000         TIME INC =  0.100000    
 *** MAX VISCOELASTIC STRAIN STEP = 0.2390E-06

     FORCE CONVERGENCE VALUE  =  0.2968E-06  CRITERION=  0.5000E-04
     DISP CONVERGENCE VALUE   =  0.1008E-05  CRITERION=  0.1633E-02 <<< CONVERGED
    EQUIL ITER   1 COMPLETED.  OLD TRIANG MATRIX.  MAX DOF INC= -0.1008E-05
     FORCE CONVERGENCE VALUE  =  0.1748E-06  CRITERION=  0.5000E-04 <<< CONVERGED
    >>> SOLUTION CONVERGED AFTER EQUILIBRIUM ITERATION   1
 *** LOAD STEP     4   SUBSTEP   154  COMPLETED.    CUM ITER =    680
 *** TIME =   47.4000         TIME INC =  0.100000    
 *** MAX VISCOELASTIC STRAIN STEP = 0.2382E-06

     FORCE CONVERGENCE VALUE  =  0.2866E-06  CRITERION=  0.5000E-04
     DISP CONVERGENCE VALUE   =  0.9790E-06  CRITERION=  0.1633E-02 <<< CONVERGED
    EQUIL ITER   1 COMPLETED.  OLD TRIANG MATRIX.  MAX DOF INC= -0.9790E-06
     FORCE CONVERGENCE VALUE  =  0.1688E-06  CRITERION=  0.5000E-04 <<< CONVERGED
    >>> SOLUTION CONVERGED AFTER EQUILIBRIUM ITERATION   1
 *** LOAD STEP     4   SUBSTEP   155  COMPLETED.    CUM ITER =    681
 *** TIME =   47.5000         TIME INC =  0.100000    
 *** MAX VISCOELASTIC STRAIN STEP = 0.2375E-06

     FORCE CONVERGENCE VALUE  =  0.2767E-06  CRITERION=  0.5000E-04
     DISP CONVERGENCE VALUE   =  0.9506E-06  CRITERION=  0.1633E-02 <<< CONVERGED
    EQUIL ITER   1 COMPLETED.  OLD TRIANG MATRIX.  MAX DOF INC= -0.9506E-06
     FORCE CONVERGENCE VALUE  =  0.1629E-06  CRITERION=  0.5000E-04 <<< CONVERGED
    >>> SOLUTION CONVERGED AFTER EQUILIBRIUM ITERATION   1
 *** LOAD STEP     4   SUBSTEP   156  COMPLETED.    CUM ITER =    682
 *** TIME =   47.6000         TIME INC =  0.100000    
 *** MAX VISCOELASTIC STRAIN STEP = 0.2368E-06

     FORCE CONVERGENCE VALUE  =  0.2672E-06  CRITERION=  0.5000E-04
     DISP CONVERGENCE VALUE   =  0.9231E-06  CRITERION=  0.1633E-02 <<< CONVERGED
    EQUIL ITER   1 COMPLETED.  OLD TRIANG MATRIX.  MAX DOF INC= -0.9231E-06
     FORCE CONVERGENCE VALUE  =  0.1573E-06  CRITERION=  0.5000E-04 <<< CONVERGED
    >>> SOLUTION CONVERGED AFTER EQUILIBRIUM ITERATION   1
 *** LOAD STEP     4   SUBSTEP   157  COMPLETED.    CUM ITER =    683
 *** TIME =   47.7000         TIME INC =  0.100000    
 *** MAX VISCOELASTIC STRAIN STEP = 0.2362E-06

     FORCE CONVERGENCE VALUE  =  0.2580E-06  CRITERION=  0.5000E-04
     DISP CONVERGENCE VALUE   =  0.8966E-06  CRITERION=  0.1633E-02 <<< CONVERGED
    EQUIL ITER   1 COMPLETED.  OLD TRIANG MATRIX.  MAX DOF INC= -0.8966E-06
     FORCE CONVERGENCE VALUE  =  0.1518E-06  CRITERION=  0.5000E-04 <<< CONVERGED
    >>> SOLUTION CONVERGED AFTER EQUILIBRIUM ITERATION   1
 *** LOAD STEP     4   SUBSTEP   158  COMPLETED.    CUM ITER =    684
 *** TIME =   47.8000         TIME INC =  0.100000    
 *** MAX VISCOELASTIC STRAIN STEP = 0.2355E-06

     FORCE CONVERGENCE VALUE  =  0.2491E-06  CRITERION=  0.5000E-04
     DISP CONVERGENCE VALUE   =  0.8709E-06  CRITERION=  0.1633E-02 <<< CONVERGED
    EQUIL ITER   1 COMPLETED.  OLD TRIANG MATRIX.  MAX DOF INC= -0.8709E-06
     FORCE CONVERGENCE VALUE  =  0.1465E-06  CRITERION=  0.5000E-04 <<< CONVERGED
    >>> SOLUTION CONVERGED AFTER EQUILIBRIUM ITERATION   1
 *** LOAD STEP     4   SUBSTEP   159  COMPLETED.    CUM ITER =    685
 *** TIME =   47.9000         TIME INC =  0.100000    
 *** MAX VISCOELASTIC STRAIN STEP = 0.2348E-06

     FORCE CONVERGENCE VALUE  =  0.2404E-06  CRITERION=  0.5000E-04
     DISP CONVERGENCE VALUE   =  0.8461E-06  CRITERION=  0.1633E-02 <<< CONVERGED
    EQUIL ITER   1 COMPLETED.  OLD TRIANG MATRIX.  MAX DOF INC= -0.8461E-06
     FORCE CONVERGENCE VALUE  =  0.1414E-06  CRITERION=  0.5000E-04 <<< CONVERGED
    >>> SOLUTION CONVERGED AFTER EQUILIBRIUM ITERATION   1
 *** LOAD STEP     4   SUBSTEP   160  COMPLETED.    CUM ITER =    686
 *** TIME =   48.0000         TIME INC =  0.100000    
 *** MAX VISCOELASTIC STRAIN STEP = 0.2342E-06

     FORCE CONVERGENCE VALUE  =  0.2321E-06  CRITERION=  0.5000E-04
     DISP CONVERGENCE VALUE   =  0.8221E-06  CRITERION=  0.1633E-02 <<< CONVERGED
    EQUIL ITER   1 COMPLETED.  OLD TRIANG MATRIX.  MAX DOF INC= -0.8221E-06
     FORCE CONVERGENCE VALUE  =  0.1364E-06  CRITERION=  0.5000E-04 <<< CONVERGED
    >>> SOLUTION CONVERGED AFTER EQUILIBRIUM ITERATION   1
 *** LOAD STEP     4   SUBSTEP   161  COMPLETED.    CUM ITER =    687
 *** TIME =   48.1000         TIME INC =  0.100000    
 *** MAX VISCOELASTIC STRAIN STEP = 0.2336E-06

     FORCE CONVERGENCE VALUE  =  0.2240E-06  CRITERION=  0.5000E-04
     DISP CONVERGENCE VALUE   =  0.7989E-06  CRITERION=  0.1633E-02 <<< CONVERGED
    EQUIL ITER   1 COMPLETED.  OLD TRIANG MATRIX.  MAX DOF INC= -0.7989E-06
     FORCE CONVERGENCE VALUE  =  0.1316E-06  CRITERION=  0.5000E-04 <<< CONVERGED
    >>> SOLUTION CONVERGED AFTER EQUILIBRIUM ITERATION   1
 *** LOAD STEP     4   SUBSTEP   162  COMPLETED.    CUM ITER =    688
 *** TIME =   48.2000         TIME INC =  0.100000    
 *** MAX VISCOELASTIC STRAIN STEP = 0.2330E-06

     FORCE CONVERGENCE VALUE  =  0.2162E-06  CRITERION=  0.5000E-04
     DISP CONVERGENCE VALUE   =  0.7765E-06  CRITERION=  0.1633E-02 <<< CONVERGED
    EQUIL ITER   1 COMPLETED.  OLD TRIANG MATRIX.  MAX DOF INC= -0.7765E-06
     FORCE CONVERGENCE VALUE  =  0.1270E-06  CRITERION=  0.5000E-04 <<< CONVERGED
    >>> SOLUTION CONVERGED AFTER EQUILIBRIUM ITERATION   1
 *** LOAD STEP     4   SUBSTEP   163  COMPLETED.    CUM ITER =    689
 *** TIME =   48.3000         TIME INC =  0.100000    
 *** MAX VISCOELASTIC STRAIN STEP = 0.2324E-06

     FORCE CONVERGENCE VALUE  =  0.2086E-06  CRITERION=  0.5000E-04
     DISP CONVERGENCE VALUE   =  0.7548E-06  CRITERION=  0.1633E-02 <<< CONVERGED
    EQUIL ITER   1 COMPLETED.  OLD TRIANG MATRIX.  MAX DOF INC= -0.7548E-06
     FORCE CONVERGENCE VALUE  =  0.1225E-06  CRITERION=  0.5000E-04 <<< CONVERGED
    >>> SOLUTION CONVERGED AFTER EQUILIBRIUM ITERATION   1
 *** LOAD STEP     4   SUBSTEP   164  COMPLETED.    CUM ITER =    690
 *** TIME =   48.4000         TIME INC =  0.100000    
 *** MAX VISCOELASTIC STRAIN STEP = 0.2318E-06

     FORCE CONVERGENCE VALUE  =  0.2013E-06  CRITERION=  0.5000E-04
     DISP CONVERGENCE VALUE   =  0.7339E-06  CRITERION=  0.1633E-02 <<< CONVERGED
    EQUIL ITER   1 COMPLETED.  OLD TRIANG MATRIX.  MAX DOF INC= -0.7339E-06
     FORCE CONVERGENCE VALUE  =  0.1182E-06  CRITERION=  0.5000E-04 <<< CONVERGED
    >>> SOLUTION CONVERGED AFTER EQUILIBRIUM ITERATION   1
 *** LOAD STEP     4   SUBSTEP   165  COMPLETED.    CUM ITER =    691
 *** TIME =   48.5000         TIME INC =  0.100000    
 *** MAX VISCOELASTIC STRAIN STEP = 0.2312E-06

     FORCE CONVERGENCE VALUE  =  0.1943E-06  CRITERION=  0.5000E-04
     DISP CONVERGENCE VALUE   =  0.7136E-06  CRITERION=  0.1633E-02 <<< CONVERGED
    EQUIL ITER   1 COMPLETED.  OLD TRIANG MATRIX.  MAX DOF INC= -0.7136E-06
     FORCE CONVERGENCE VALUE  =  0.1140E-06  CRITERION=  0.5000E-04 <<< CONVERGED
    >>> SOLUTION CONVERGED AFTER EQUILIBRIUM ITERATION   1
 *** LOAD STEP     4   SUBSTEP   166  COMPLETED.    CUM ITER =    692
 *** TIME =   48.6000         TIME INC =  0.100000    
 *** MAX VISCOELASTIC STRAIN STEP = 0.2306E-06

     FORCE CONVERGENCE VALUE  =  0.1874E-06  CRITERION=  0.5000E-04
     DISP CONVERGENCE VALUE   =  0.6940E-06  CRITERION=  0.1633E-02 <<< CONVERGED
    EQUIL ITER   1 COMPLETED.  OLD TRIANG MATRIX.  MAX DOF INC= -0.6940E-06
     FORCE CONVERGENCE VALUE  =  0.1099E-06  CRITERION=  0.5000E-04 <<< CONVERGED
    >>> SOLUTION CONVERGED AFTER EQUILIBRIUM ITERATION   1
 *** LOAD STEP     4   SUBSTEP   167  COMPLETED.    CUM ITER =    693
 *** TIME =   48.7000         TIME INC =  0.100000    
 *** MAX VISCOELASTIC STRAIN STEP = 0.2301E-06

     FORCE CONVERGENCE VALUE  =  0.1808E-06  CRITERION=  0.5000E-04
     DISP CONVERGENCE VALUE   =  0.6751E-06  CRITERION=  0.1633E-02 <<< CONVERGED
    EQUIL ITER   1 COMPLETED.  OLD TRIANG MATRIX.  MAX DOF INC= -0.6751E-06
     FORCE CONVERGENCE VALUE  =  0.1060E-06  CRITERION=  0.5000E-04 <<< CONVERGED
    >>> SOLUTION CONVERGED AFTER EQUILIBRIUM ITERATION   1
 *** LOAD STEP     4   SUBSTEP   168  COMPLETED.    CUM ITER =    694
 *** TIME =   48.8000         TIME INC =  0.100000    
 *** MAX VISCOELASTIC STRAIN STEP = 0.2295E-06

     FORCE CONVERGENCE VALUE  =  0.1744E-06  CRITERION=  0.5000E-04
     DISP CONVERGENCE VALUE   =  0.6568E-06  CRITERION=  0.1633E-02 <<< CONVERGED
    EQUIL ITER   1 COMPLETED.  OLD TRIANG MATRIX.  MAX DOF INC= -0.6568E-06
     FORCE CONVERGENCE VALUE  =  0.1022E-06  CRITERION=  0.5000E-04 <<< CONVERGED
    >>> SOLUTION CONVERGED AFTER EQUILIBRIUM ITERATION   1
 *** LOAD STEP     4   SUBSTEP   169  COMPLETED.    CUM ITER =    695
 *** TIME =   48.9000         TIME INC =  0.100000    
 *** MAX VISCOELASTIC STRAIN STEP = 0.2290E-06

     FORCE CONVERGENCE VALUE  =  0.1682E-06  CRITERION=  0.5000E-04
     DISP CONVERGENCE VALUE   =  0.6390E-06  CRITERION=  0.1633E-02 <<< CONVERGED
    EQUIL ITER   1 COMPLETED.  OLD TRIANG MATRIX.  MAX DOF INC= -0.6390E-06
     FORCE CONVERGENCE VALUE  =  0.9851E-07  CRITERION=  0.5000E-04 <<< CONVERGED
    >>> SOLUTION CONVERGED AFTER EQUILIBRIUM ITERATION   1
 *** LOAD STEP     4   SUBSTEP   170  COMPLETED.    CUM ITER =    696
 *** TIME =   49.0000         TIME INC =  0.100000    
 *** MAX VISCOELASTIC STRAIN STEP = 0.2284E-06

     FORCE CONVERGENCE VALUE  =  0.1622E-06  CRITERION=  0.5000E-04
     DISP CONVERGENCE VALUE   =  0.6219E-06  CRITERION=  0.1633E-02 <<< CONVERGED
    EQUIL ITER   1 COMPLETED.  OLD TRIANG MATRIX.  MAX DOF INC= -0.6219E-06
     FORCE CONVERGENCE VALUE  =  0.9495E-07  CRITERION=  0.5000E-04 <<< CONVERGED
    >>> SOLUTION CONVERGED AFTER EQUILIBRIUM ITERATION   1
 *** LOAD STEP     4   SUBSTEP   171  COMPLETED.    CUM ITER =    697
 *** TIME =   49.1000         TIME INC =  0.100000    
 *** MAX VISCOELASTIC STRAIN STEP = 0.2279E-06

     FORCE CONVERGENCE VALUE  =  0.1565E-06  CRITERION=  0.5000E-04
     DISP CONVERGENCE VALUE   =  0.6054E-06  CRITERION=  0.1633E-02 <<< CONVERGED
    EQUIL ITER   1 COMPLETED.  OLD TRIANG MATRIX.  MAX DOF INC= -0.6054E-06
     FORCE CONVERGENCE VALUE  =  0.9152E-07  CRITERION=  0.5000E-04 <<< CONVERGED
    >>> SOLUTION CONVERGED AFTER EQUILIBRIUM ITERATION   1
 *** LOAD STEP     4   SUBSTEP   172  COMPLETED.    CUM ITER =    698
 *** TIME =   49.2000         TIME INC =  0.100000    
 *** MAX VISCOELASTIC STRAIN STEP = 0.2274E-06

     FORCE CONVERGENCE VALUE  =  0.1509E-06  CRITERION=  0.5000E-04
     DISP CONVERGENCE VALUE   =  0.5894E-06  CRITERION=  0.1633E-02 <<< CONVERGED
    EQUIL ITER   1 COMPLETED.  OLD TRIANG MATRIX.  MAX DOF INC= -0.5894E-06
     FORCE CONVERGENCE VALUE  =  0.8820E-07  CRITERION=  0.5000E-04 <<< CONVERGED
    >>> SOLUTION CONVERGED AFTER EQUILIBRIUM ITERATION   1
 *** LOAD STEP     4   SUBSTEP   173  COMPLETED.    CUM ITER =    699
 *** TIME =   49.3000         TIME INC =  0.100000    
 *** MAX VISCOELASTIC STRAIN STEP = 0.2269E-06

     FORCE CONVERGENCE VALUE  =  0.1455E-06  CRITERION=  0.5000E-04
     DISP CONVERGENCE VALUE   =  0.5739E-06  CRITERION=  0.1633E-02 <<< CONVERGED
    EQUIL ITER   1 COMPLETED.  OLD TRIANG MATRIX.  MAX DOF INC= -0.5739E-06
     FORCE CONVERGENCE VALUE  =  0.8498E-07  CRITERION=  0.5000E-04 <<< CONVERGED
    >>> SOLUTION CONVERGED AFTER EQUILIBRIUM ITERATION   1
 *** LOAD STEP     4   SUBSTEP   174  COMPLETED.    CUM ITER =    700
 *** TIME =   49.4000         TIME INC =  0.100000    
 *** MAX VISCOELASTIC STRAIN STEP = 0.2264E-06

     FORCE CONVERGENCE VALUE  =  0.1402E-06  CRITERION=  0.5000E-04
     DISP CONVERGENCE VALUE   =  0.5589E-06  CRITERION=  0.1633E-02 <<< CONVERGED
    EQUIL ITER   1 COMPLETED.  OLD TRIANG MATRIX.  MAX DOF INC= -0.5589E-06
     FORCE CONVERGENCE VALUE  =  0.8188E-07  CRITERION=  0.5000E-04 <<< CONVERGED
    >>> SOLUTION CONVERGED AFTER EQUILIBRIUM ITERATION   1
 *** LOAD STEP     4   SUBSTEP   175  COMPLETED.    CUM ITER =    701
 *** TIME =   49.5000         TIME INC =  0.100000    
 *** MAX VISCOELASTIC STRAIN STEP = 0.2259E-06

     FORCE CONVERGENCE VALUE  =  0.1352E-06  CRITERION=  0.5000E-04
     DISP CONVERGENCE VALUE   =  0.5445E-06  CRITERION=  0.1633E-02 <<< CONVERGED
    EQUIL ITER   1 COMPLETED.  OLD TRIANG MATRIX.  MAX DOF INC= -0.5445E-06
     FORCE CONVERGENCE VALUE  =  0.7887E-07  CRITERION=  0.5000E-04 <<< CONVERGED
    >>> SOLUTION CONVERGED AFTER EQUILIBRIUM ITERATION   1
 *** LOAD STEP     4   SUBSTEP   176  COMPLETED.    CUM ITER =    702
 *** TIME =   49.6000         TIME INC =  0.100000    
 *** MAX VISCOELASTIC STRAIN STEP = 0.2255E-06

     FORCE CONVERGENCE VALUE  =  0.1303E-06  CRITERION=  0.5000E-04
     DISP CONVERGENCE VALUE   =  0.5305E-06  CRITERION=  0.1633E-02 <<< CONVERGED
    EQUIL ITER   1 COMPLETED.  OLD TRIANG MATRIX.  MAX DOF INC= -0.5305E-06
     FORCE CONVERGENCE VALUE  =  0.7596E-07  CRITERION=  0.5000E-04 <<< CONVERGED
    >>> SOLUTION CONVERGED AFTER EQUILIBRIUM ITERATION   1
 *** LOAD STEP     4   SUBSTEP   177  COMPLETED.    CUM ITER =    703
 *** TIME =   49.7000         TIME INC =  0.100000    
 *** MAX VISCOELASTIC STRAIN STEP = 0.2250E-06

     FORCE CONVERGENCE VALUE  =  0.1255E-06  CRITERION=  0.5000E-04
     DISP CONVERGENCE VALUE   =  0.5169E-06  CRITERION=  0.1633E-02 <<< CONVERGED
    EQUIL ITER   1 COMPLETED.  OLD TRIANG MATRIX.  MAX DOF INC= -0.5169E-06
     FORCE CONVERGENCE VALUE  =  0.7315E-07  CRITERION=  0.5000E-04 <<< CONVERGED
    >>> SOLUTION CONVERGED AFTER EQUILIBRIUM ITERATION   1
 *** LOAD STEP     4   SUBSTEP   178  COMPLETED.    CUM ITER =    704
 *** TIME =   49.8000         TIME INC =  0.100000    
 *** MAX VISCOELASTIC STRAIN STEP = 0.2245E-06

     FORCE CONVERGENCE VALUE  =  0.1210E-06  CRITERION=  0.5000E-04
     DISP CONVERGENCE VALUE   =  0.5039E-06  CRITERION=  0.1633E-02 <<< CONVERGED
    EQUIL ITER   1 COMPLETED.  OLD TRIANG MATRIX.  MAX DOF INC= -0.5039E-06
     FORCE CONVERGENCE VALUE  =  0.7044E-07  CRITERION=  0.5000E-04 <<< CONVERGED
    >>> SOLUTION CONVERGED AFTER EQUILIBRIUM ITERATION   1
 *** LOAD STEP     4   SUBSTEP   179  COMPLETED.    CUM ITER =    705
 *** TIME =   49.9000         TIME INC =  0.100000    
 *** MAX VISCOELASTIC STRAIN STEP = 0.2241E-06

     FORCE CONVERGENCE VALUE  =  0.1166E-06  CRITERION=  0.5000E-04
     DISP CONVERGENCE VALUE   =  0.4912E-06  CRITERION=  0.1633E-02 <<< CONVERGED
    EQUIL ITER   1 COMPLETED.  OLD TRIANG MATRIX.  MAX DOF INC= -0.4912E-06
     FORCE CONVERGENCE VALUE  =  0.6781E-07  CRITERION=  0.5000E-04 <<< CONVERGED
    >>> SOLUTION CONVERGED AFTER EQUILIBRIUM ITERATION   1
 *** LOAD STEP     4   SUBSTEP   180  COMPLETED.    CUM ITER =    706
 *** TIME =   50.0000         TIME INC =  0.100000    
 *** MAX VISCOELASTIC STRAIN STEP = 0.2236E-06

     FORCE CONVERGENCE VALUE  =  0.1123E-06  CRITERION=  0.5000E-04
     DISP CONVERGENCE VALUE   =  0.4790E-06  CRITERION=  0.1633E-02 <<< CONVERGED
    EQUIL ITER   1 COMPLETED.  OLD TRIANG MATRIX.  MAX DOF INC= -0.4790E-06
     FORCE CONVERGENCE VALUE  =  0.6527E-07  CRITERION=  0.5000E-04 <<< CONVERGED
    >>> SOLUTION CONVERGED AFTER EQUILIBRIUM ITERATION   1
 *** LOAD STEP     4   SUBSTEP   181  COMPLETED.    CUM ITER =    707
 *** TIME =   50.1000         TIME INC =  0.100000    
 *** MAX VISCOELASTIC STRAIN STEP = 0.2232E-06

     FORCE CONVERGENCE VALUE  =  0.1081E-06  CRITERION=  0.5000E-04
     DISP CONVERGENCE VALUE   =  0.4671E-06  CRITERION=  0.1633E-02 <<< CONVERGED
    EQUIL ITER   1 COMPLETED.  OLD TRIANG MATRIX.  MAX DOF INC= -0.4671E-06
     FORCE CONVERGENCE VALUE  =  0.6281E-07  CRITERION=  0.5000E-04 <<< CONVERGED
    >>> SOLUTION CONVERGED AFTER EQUILIBRIUM ITERATION   1
 *** LOAD STEP     4   SUBSTEP   182  COMPLETED.    CUM ITER =    708
 *** TIME =   50.2000         TIME INC =  0.100000    
 *** MAX VISCOELASTIC STRAIN STEP = 0.2227E-06

     FORCE CONVERGENCE VALUE  =  0.1041E-06  CRITERION=  0.5000E-04
     DISP CONVERGENCE VALUE   =  0.4557E-06  CRITERION=  0.1633E-02 <<< CONVERGED
    EQUIL ITER   1 COMPLETED.  OLD TRIANG MATRIX.  MAX DOF INC= -0.4557E-06
     FORCE CONVERGENCE VALUE  =  0.6044E-07  CRITERION=  0.5000E-04 <<< CONVERGED
    >>> SOLUTION CONVERGED AFTER EQUILIBRIUM ITERATION   1
 *** LOAD STEP     4   SUBSTEP   183  COMPLETED.    CUM ITER =    709
 *** TIME =   50.3000         TIME INC =  0.100000    
 *** MAX VISCOELASTIC STRAIN STEP = 0.2223E-06

     FORCE CONVERGENCE VALUE  =  0.1003E-06  CRITERION=  0.5000E-04
     DISP CONVERGENCE VALUE   =  0.4446E-06  CRITERION=  0.1633E-02 <<< CONVERGED
    EQUIL ITER   1 COMPLETED.  OLD TRIANG MATRIX.  MAX DOF INC= -0.4446E-06
     FORCE CONVERGENCE VALUE  =  0.5814E-07  CRITERION=  0.5000E-04 <<< CONVERGED
    >>> SOLUTION CONVERGED AFTER EQUILIBRIUM ITERATION   1
 *** LOAD STEP     4   SUBSTEP   184  COMPLETED.    CUM ITER =    710
 *** TIME =   50.4000         TIME INC =  0.100000    
 *** MAX VISCOELASTIC STRAIN STEP = 0.2219E-06

     FORCE CONVERGENCE VALUE  =  0.9654E-07  CRITERION=  0.5000E-04
     DISP CONVERGENCE VALUE   =  0.4339E-06  CRITERION=  0.1633E-02 <<< CONVERGED
    EQUIL ITER   1 COMPLETED.  OLD TRIANG MATRIX.  MAX DOF INC= -0.4339E-06
     FORCE CONVERGENCE VALUE  =  0.5593E-07  CRITERION=  0.5000E-04 <<< CONVERGED
    >>> SOLUTION CONVERGED AFTER EQUILIBRIUM ITERATION   1
 *** LOAD STEP     4   SUBSTEP   185  COMPLETED.    CUM ITER =    711
 *** TIME =   50.5000         TIME INC =  0.100000    
 *** MAX VISCOELASTIC STRAIN STEP = 0.2215E-06

     FORCE CONVERGENCE VALUE  =  0.9293E-07  CRITERION=  0.5000E-04
     DISP CONVERGENCE VALUE   =  0.4236E-06  CRITERION=  0.1633E-02 <<< CONVERGED
    EQUIL ITER   1 COMPLETED.  OLD TRIANG MATRIX.  MAX DOF INC= -0.4236E-06
     FORCE CONVERGENCE VALUE  =  0.5378E-07  CRITERION=  0.5000E-04 <<< CONVERGED
    >>> SOLUTION CONVERGED AFTER EQUILIBRIUM ITERATION   1
 *** LOAD STEP     4   SUBSTEP   186  COMPLETED.    CUM ITER =    712
 *** TIME =   50.6000         TIME INC =  0.100000    
 *** MAX VISCOELASTIC STRAIN STEP = 0.2211E-06

     FORCE CONVERGENCE VALUE  =  0.8944E-07  CRITERION=  0.5000E-04
     DISP CONVERGENCE VALUE   =  0.4136E-06  CRITERION=  0.1633E-02 <<< CONVERGED
    EQUIL ITER   1 COMPLETED.  OLD TRIANG MATRIX.  MAX DOF INC= -0.4136E-06
     FORCE CONVERGENCE VALUE  =  0.5171E-07  CRITERION=  0.5000E-04 <<< CONVERGED
    >>> SOLUTION CONVERGED AFTER EQUILIBRIUM ITERATION   1
 *** LOAD STEP     4   SUBSTEP   187  COMPLETED.    CUM ITER =    713
 *** TIME =   50.7000         TIME INC =  0.100000    
 *** MAX VISCOELASTIC STRAIN STEP = 0.2206E-06

     FORCE CONVERGENCE VALUE  =  0.8607E-07  CRITERION=  0.5000E-04
     DISP CONVERGENCE VALUE   =  0.4039E-06  CRITERION=  0.1633E-02 <<< CONVERGED
    EQUIL ITER   1 COMPLETED.  OLD TRIANG MATRIX.  MAX DOF INC= -0.4039E-06
     FORCE CONVERGENCE VALUE  =  0.4970E-07  CRITERION=  0.5000E-04 <<< CONVERGED
    >>> SOLUTION CONVERGED AFTER EQUILIBRIUM ITERATION   1
 *** LOAD STEP     4   SUBSTEP   188  COMPLETED.    CUM ITER =    714
 *** TIME =   50.8000         TIME INC =  0.100000    
 *** MAX VISCOELASTIC STRAIN STEP = 0.2202E-06

     FORCE CONVERGENCE VALUE  =  0.8281E-07  CRITERION=  0.5000E-04
     DISP CONVERGENCE VALUE   =  0.3946E-06  CRITERION=  0.1633E-02 <<< CONVERGED
    EQUIL ITER   1 COMPLETED.  OLD TRIANG MATRIX.  MAX DOF INC= -0.3946E-06
     FORCE CONVERGENCE VALUE  =  0.4776E-07  CRITERION=  0.5000E-04 <<< CONVERGED
    >>> SOLUTION CONVERGED AFTER EQUILIBRIUM ITERATION   1
 *** LOAD STEP     4   SUBSTEP   189  COMPLETED.    CUM ITER =    715
 *** TIME =   50.9000         TIME INC =  0.100000    
 *** MAX VISCOELASTIC STRAIN STEP = 0.2198E-06

     FORCE CONVERGENCE VALUE  =  0.7966E-07  CRITERION=  0.5000E-04
     DISP CONVERGENCE VALUE   =  0.3855E-06  CRITERION=  0.1633E-02 <<< CONVERGED
    EQUIL ITER   1 COMPLETED.  OLD TRIANG MATRIX.  MAX DOF INC= -0.3855E-06
     FORCE CONVERGENCE VALUE  =  0.4589E-07  CRITERION=  0.5000E-04 <<< CONVERGED
    >>> SOLUTION CONVERGED AFTER EQUILIBRIUM ITERATION   1
 *** LOAD STEP     4   SUBSTEP   190  COMPLETED.    CUM ITER =    716
 *** TIME =   51.0000         TIME INC =  0.100000    
 *** MAX VISCOELASTIC STRAIN STEP = 0.2195E-06

     FORCE CONVERGENCE VALUE  =  0.7661E-07  CRITERION=  0.5000E-04
     DISP CONVERGENCE VALUE   =  0.3767E-06  CRITERION=  0.1633E-02 <<< CONVERGED
    EQUIL ITER   1 COMPLETED.  OLD TRIANG MATRIX.  MAX DOF INC= -0.3767E-06
     FORCE CONVERGENCE VALUE  =  0.4408E-07  CRITERION=  0.5000E-04 <<< CONVERGED
    >>> SOLUTION CONVERGED AFTER EQUILIBRIUM ITERATION   1
 *** LOAD STEP     4   SUBSTEP   191  COMPLETED.    CUM ITER =    717
 *** TIME =   51.1000         TIME INC =  0.100000    
 *** MAX VISCOELASTIC STRAIN STEP = 0.2191E-06

     FORCE CONVERGENCE VALUE  =  0.7367E-07  CRITERION=  0.5000E-04
     DISP CONVERGENCE VALUE   =  0.3683E-06  CRITERION=  0.1633E-02 <<< CONVERGED
    EQUIL ITER   1 COMPLETED.  OLD TRIANG MATRIX.  MAX DOF INC= -0.3683E-06
     FORCE CONVERGENCE VALUE  =  0.4233E-07  CRITERION=  0.5000E-04 <<< CONVERGED
    >>> SOLUTION CONVERGED AFTER EQUILIBRIUM ITERATION   1
 *** LOAD STEP     4   SUBSTEP   192  COMPLETED.    CUM ITER =    718
 *** TIME =   51.2000         TIME INC =  0.100000    
 *** MAX VISCOELASTIC STRAIN STEP = 0.2187E-06

     FORCE CONVERGENCE VALUE  =  0.7083E-07  CRITERION=  0.5000E-04
     DISP CONVERGENCE VALUE   =  0.3601E-06  CRITERION=  0.1633E-02 <<< CONVERGED
    EQUIL ITER   1 COMPLETED.  OLD TRIANG MATRIX.  MAX DOF INC= -0.3601E-06
     FORCE CONVERGENCE VALUE  =  0.4064E-07  CRITERION=  0.5000E-04 <<< CONVERGED
    >>> SOLUTION CONVERGED AFTER EQUILIBRIUM ITERATION   1
 *** LOAD STEP     4   SUBSTEP   193  COMPLETED.    CUM ITER =    719
 *** TIME =   51.3000         TIME INC =  0.100000    
 *** MAX VISCOELASTIC STRAIN STEP = 0.2183E-06

     FORCE CONVERGENCE VALUE  =  0.6808E-07  CRITERION=  0.5000E-04
     DISP CONVERGENCE VALUE   =  0.3522E-06  CRITERION=  0.1633E-02 <<< CONVERGED
    EQUIL ITER   1 COMPLETED.  OLD TRIANG MATRIX.  MAX DOF INC= -0.3522E-06
     FORCE CONVERGENCE VALUE  =  0.3901E-07  CRITERION=  0.5000E-04 <<< CONVERGED
    >>> SOLUTION CONVERGED AFTER EQUILIBRIUM ITERATION   1
 *** LOAD STEP     4   SUBSTEP   194  COMPLETED.    CUM ITER =    720
 *** TIME =   51.4000         TIME INC =  0.100000    
 *** MAX VISCOELASTIC STRAIN STEP = 0.2179E-06

     FORCE CONVERGENCE VALUE  =  0.6542E-07  CRITERION=  0.5000E-04
     DISP CONVERGENCE VALUE   =  0.3445E-06  CRITERION=  0.1633E-02 <<< CONVERGED
    EQUIL ITER   1 COMPLETED.  OLD TRIANG MATRIX.  MAX DOF INC= -0.3445E-06
     FORCE CONVERGENCE VALUE  =  0.3743E-07  CRITERION=  0.5000E-04 <<< CONVERGED
    >>> SOLUTION CONVERGED AFTER EQUILIBRIUM ITERATION   1
 *** LOAD STEP     4   SUBSTEP   195  COMPLETED.    CUM ITER =    721
 *** TIME =   51.5000         TIME INC =  0.100000    
 *** MAX VISCOELASTIC STRAIN STEP = 0.2176E-06

     FORCE CONVERGENCE VALUE  =  0.6286E-07  CRITERION=  0.5000E-04
     DISP CONVERGENCE VALUE   =  0.3371E-06  CRITERION=  0.1633E-02 <<< CONVERGED
    EQUIL ITER   1 COMPLETED.  OLD TRIANG MATRIX.  MAX DOF INC= -0.3371E-06
     FORCE CONVERGENCE VALUE  =  0.3591E-07  CRITERION=  0.5000E-04 <<< CONVERGED
    >>> SOLUTION CONVERGED AFTER EQUILIBRIUM ITERATION   1
 *** LOAD STEP     4   SUBSTEP   196  COMPLETED.    CUM ITER =    722
 *** TIME =   51.6000         TIME INC =  0.100000    
 *** MAX VISCOELASTIC STRAIN STEP = 0.2172E-06

     FORCE CONVERGENCE VALUE  =  0.6038E-07  CRITERION=  0.5000E-04
     DISP CONVERGENCE VALUE   =  0.3299E-06  CRITERION=  0.1633E-02 <<< CONVERGED
    EQUIL ITER   1 COMPLETED.  OLD TRIANG MATRIX.  MAX DOF INC= -0.3299E-06
     FORCE CONVERGENCE VALUE  =  0.3443E-07  CRITERION=  0.5000E-04 <<< CONVERGED
    >>> SOLUTION CONVERGED AFTER EQUILIBRIUM ITERATION   1
 *** LOAD STEP     4   SUBSTEP   197  COMPLETED.    CUM ITER =    723
 *** TIME =   51.7000         TIME INC =  0.100000    
 *** MAX VISCOELASTIC STRAIN STEP = 0.2168E-06

     FORCE CONVERGENCE VALUE  =  0.5799E-07  CRITERION=  0.5000E-04
     DISP CONVERGENCE VALUE   =  0.3230E-06  CRITERION=  0.1633E-02 <<< CONVERGED
    EQUIL ITER   1 COMPLETED.  OLD TRIANG MATRIX.  MAX DOF INC= -0.3230E-06
     FORCE CONVERGENCE VALUE  =  0.3301E-07  CRITERION=  0.5000E-04 <<< CONVERGED
    >>> SOLUTION CONVERGED AFTER EQUILIBRIUM ITERATION   1
 *** LOAD STEP     4   SUBSTEP   198  COMPLETED.    CUM ITER =    724
 *** TIME =   51.8000         TIME INC =  0.100000    
 *** MAX VISCOELASTIC STRAIN STEP = 0.2165E-06

     FORCE CONVERGENCE VALUE  =  0.5568E-07  CRITERION=  0.5000E-04
     DISP CONVERGENCE VALUE   =  0.3163E-06  CRITERION=  0.1633E-02 <<< CONVERGED
    EQUIL ITER   1 COMPLETED.  OLD TRIANG MATRIX.  MAX DOF INC= -0.3163E-06
     FORCE CONVERGENCE VALUE  =  0.3164E-07  CRITERION=  0.5000E-04 <<< CONVERGED
    >>> SOLUTION CONVERGED AFTER EQUILIBRIUM ITERATION   1
 *** LOAD STEP     4   SUBSTEP   199  COMPLETED.    CUM ITER =    725
 *** TIME =   51.9000         TIME INC =  0.100000    
 *** MAX VISCOELASTIC STRAIN STEP = 0.2161E-06

     FORCE CONVERGENCE VALUE  =  0.5345E-07  CRITERION=  0.5000E-04
     DISP CONVERGENCE VALUE   =  0.3098E-06  CRITERION=  0.1633E-02 <<< CONVERGED
    EQUIL ITER   1 COMPLETED.  OLD TRIANG MATRIX.  MAX DOF INC= -0.3098E-06
     FORCE CONVERGENCE VALUE  =  0.3031E-07  CRITERION=  0.5000E-04 <<< CONVERGED
    >>> SOLUTION CONVERGED AFTER EQUILIBRIUM ITERATION   1
 *** LOAD STEP     4   SUBSTEP   200  COMPLETED.    CUM ITER =    726
 *** TIME =   52.0000         TIME INC =  0.100000    
 *** MAX VISCOELASTIC STRAIN STEP = 0.2158E-06

     FORCE CONVERGENCE VALUE  =  0.5130E-07  CRITERION=  0.5000E-04
     DISP CONVERGENCE VALUE   =  0.3035E-06  CRITERION=  0.1633E-02 <<< CONVERGED
    EQUIL ITER   1 COMPLETED.  OLD TRIANG MATRIX.  MAX DOF INC= -0.3035E-06
     FORCE CONVERGENCE VALUE  =  0.2903E-07  CRITERION=  0.5000E-04 <<< CONVERGED
    >>> SOLUTION CONVERGED AFTER EQUILIBRIUM ITERATION   1
 *** LOAD STEP     4   SUBSTEP   201  COMPLETED.    CUM ITER =    727
 *** TIME =   52.1000         TIME INC =  0.100000    
 *** MAX VISCOELASTIC STRAIN STEP = 0.2154E-06

     FORCE CONVERGENCE VALUE  =  0.4922E-07  CRITERION=  0.5000E-04
     DISP CONVERGENCE VALUE   =  0.2974E-06  CRITERION=  0.1633E-02 <<< CONVERGED
    EQUIL ITER   1 COMPLETED.  OLD TRIANG MATRIX.  MAX DOF INC= -0.2974E-06
     FORCE CONVERGENCE VALUE  =  0.2779E-07  CRITERION=  0.5000E-04 <<< CONVERGED
    >>> SOLUTION CONVERGED AFTER EQUILIBRIUM ITERATION   1
 *** LOAD STEP     4   SUBSTEP   202  COMPLETED.    CUM ITER =    728
 *** TIME =   52.2000         TIME INC =  0.100000    
 *** MAX VISCOELASTIC STRAIN STEP = 0.2151E-06

     FORCE CONVERGENCE VALUE  =  0.4721E-07  CRITERION=  0.5000E-04
     DISP CONVERGENCE VALUE   =  0.2915E-06  CRITERION=  0.1633E-02 <<< CONVERGED
    EQUIL ITER   1 COMPLETED.  OLD TRIANG MATRIX.  MAX DOF INC= -0.2915E-06
     FORCE CONVERGENCE VALUE  =  0.2660E-07  CRITERION=  0.5000E-04 <<< CONVERGED
    >>> SOLUTION CONVERGED AFTER EQUILIBRIUM ITERATION   1
 *** LOAD STEP     4   SUBSTEP   203  COMPLETED.    CUM ITER =    729
 *** TIME =   52.3000         TIME INC =  0.100000    
 *** MAX VISCOELASTIC STRAIN STEP = 0.2147E-06

     FORCE CONVERGENCE VALUE  =  0.4527E-07  CRITERION=  0.5000E-04
     DISP CONVERGENCE VALUE   =  0.2859E-06  CRITERION=  0.1633E-02 <<< CONVERGED
    EQUIL ITER   1 COMPLETED.  OLD TRIANG MATRIX.  MAX DOF INC= -0.2859E-06
     FORCE CONVERGENCE VALUE  =  0.2545E-07  CRITERION=  0.5000E-04 <<< CONVERGED
    >>> SOLUTION CONVERGED AFTER EQUILIBRIUM ITERATION   1
 *** LOAD STEP     4   SUBSTEP   204  COMPLETED.    CUM ITER =    730
 *** TIME =   52.4000         TIME INC =  0.100000    
 *** MAX VISCOELASTIC STRAIN STEP = 0.2144E-06

     FORCE CONVERGENCE VALUE  =  0.4340E-07  CRITERION=  0.5000E-04
     DISP CONVERGENCE VALUE   =  0.2804E-06  CRITERION=  0.1633E-02 <<< CONVERGED
    EQUIL ITER   1 COMPLETED.  OLD TRIANG MATRIX.  MAX DOF INC= -0.2804E-06
     FORCE CONVERGENCE VALUE  =  0.2434E-07  CRITERION=  0.5000E-04 <<< CONVERGED
    >>> SOLUTION CONVERGED AFTER EQUILIBRIUM ITERATION   1
 *** LOAD STEP     4   SUBSTEP   205  COMPLETED.    CUM ITER =    731
 *** TIME =   52.5000         TIME INC =  0.100000    
 *** MAX VISCOELASTIC STRAIN STEP = 0.2141E-06

     FORCE CONVERGENCE VALUE  =  0.4160E-07  CRITERION=  0.5000E-04
     DISP CONVERGENCE VALUE   =  0.2750E-06  CRITERION=  0.1633E-02 <<< CONVERGED
    EQUIL ITER   1 COMPLETED.  OLD TRIANG MATRIX.  MAX DOF INC= -0.2750E-06
     FORCE CONVERGENCE VALUE  =  0.2326E-07  CRITERION=  0.5000E-04 <<< CONVERGED
    >>> SOLUTION CONVERGED AFTER EQUILIBRIUM ITERATION   1
 *** LOAD STEP     4   SUBSTEP   206  COMPLETED.    CUM ITER =    732
 *** TIME =   52.6000         TIME INC =  0.100000    
 *** MAX VISCOELASTIC STRAIN STEP = 0.2137E-06

     FORCE CONVERGENCE VALUE  =  0.3986E-07  CRITERION=  0.5000E-04
     DISP CONVERGENCE VALUE   =  0.2699E-06  CRITERION=  0.1633E-02 <<< CONVERGED
    EQUIL ITER   1 COMPLETED.  OLD TRIANG MATRIX.  MAX DOF INC= -0.2699E-06
     FORCE CONVERGENCE VALUE  =  0.2223E-07  CRITERION=  0.5000E-04 <<< CONVERGED
    >>> SOLUTION CONVERGED AFTER EQUILIBRIUM ITERATION   1
 *** LOAD STEP     4   SUBSTEP   207  COMPLETED.    CUM ITER =    733
 *** TIME =   52.7000         TIME INC =  0.100000    
 *** MAX VISCOELASTIC STRAIN STEP = 0.2134E-06

     FORCE CONVERGENCE VALUE  =  0.3819E-07  CRITERION=  0.5000E-04
     DISP CONVERGENCE VALUE   =  0.2649E-06  CRITERION=  0.1633E-02 <<< CONVERGED
    EQUIL ITER   1 COMPLETED.  OLD TRIANG MATRIX.  MAX DOF INC= -0.2649E-06
     FORCE CONVERGENCE VALUE  =  0.2123E-07  CRITERION=  0.5000E-04 <<< CONVERGED
    >>> SOLUTION CONVERGED AFTER EQUILIBRIUM ITERATION   1
 *** LOAD STEP     4   SUBSTEP   208  COMPLETED.    CUM ITER =    734
 *** TIME =   52.8000         TIME INC =  0.100000    
 *** MAX VISCOELASTIC STRAIN STEP = 0.2131E-06

     FORCE CONVERGENCE VALUE  =  0.3657E-07  CRITERION=  0.5000E-04
     DISP CONVERGENCE VALUE   =  0.2601E-06  CRITERION=  0.1633E-02 <<< CONVERGED
    EQUIL ITER   1 COMPLETED.  OLD TRIANG MATRIX.  MAX DOF INC= -0.2601E-06
     FORCE CONVERGENCE VALUE  =  0.2027E-07  CRITERION=  0.5000E-04 <<< CONVERGED
    >>> SOLUTION CONVERGED AFTER EQUILIBRIUM ITERATION   1
 *** LOAD STEP     4   SUBSTEP   209  COMPLETED.    CUM ITER =    735
 *** TIME =   52.9000         TIME INC =  0.100000    
 *** MAX VISCOELASTIC STRAIN STEP = 0.2128E-06

     FORCE CONVERGENCE VALUE  =  0.3501E-07  CRITERION=  0.5000E-04
     DISP CONVERGENCE VALUE   =  0.2554E-06  CRITERION=  0.1633E-02 <<< CONVERGED
    EQUIL ITER   1 COMPLETED.  OLD TRIANG MATRIX.  MAX DOF INC= -0.2554E-06
     FORCE CONVERGENCE VALUE  =  0.1934E-07  CRITERION=  0.5000E-04 <<< CONVERGED
    >>> SOLUTION CONVERGED AFTER EQUILIBRIUM ITERATION   1
 *** LOAD STEP     4   SUBSTEP   210  COMPLETED.    CUM ITER =    736
 *** TIME =   53.0000         TIME INC =  0.100000    
 *** MAX VISCOELASTIC STRAIN STEP = 0.2124E-06

     FORCE CONVERGENCE VALUE  =  0.3351E-07  CRITERION=  0.5000E-04
     DISP CONVERGENCE VALUE   =  0.2509E-06  CRITERION=  0.1633E-02 <<< CONVERGED
    EQUIL ITER   1 COMPLETED.  OLD TRIANG MATRIX.  MAX DOF INC= -0.2509E-06
     FORCE CONVERGENCE VALUE  =  0.1845E-07  CRITERION=  0.5000E-04 <<< CONVERGED
    >>> SOLUTION CONVERGED AFTER EQUILIBRIUM ITERATION   1
 *** LOAD STEP     4   SUBSTEP   211  COMPLETED.    CUM ITER =    737
 *** TIME =   53.1000         TIME INC =  0.100000    
 *** MAX VISCOELASTIC STRAIN STEP = 0.2121E-06

     FORCE CONVERGENCE VALUE  =  0.3207E-07  CRITERION=  0.5000E-04
     DISP CONVERGENCE VALUE   =  0.2465E-06  CRITERION=  0.1633E-02 <<< CONVERGED
    EQUIL ITER   1 COMPLETED.  OLD TRIANG MATRIX.  MAX DOF INC= -0.2465E-06
     FORCE CONVERGENCE VALUE  =  0.1759E-07  CRITERION=  0.5000E-04 <<< CONVERGED
    >>> SOLUTION CONVERGED AFTER EQUILIBRIUM ITERATION   1
 *** LOAD STEP     4   SUBSTEP   212  COMPLETED.    CUM ITER =    738
 *** TIME =   53.2000         TIME INC =  0.100000    
 *** MAX VISCOELASTIC STRAIN STEP = 0.2118E-06

     FORCE CONVERGENCE VALUE  =  0.3068E-07  CRITERION=  0.5000E-04
     DISP CONVERGENCE VALUE   =  0.2423E-06  CRITERION=  0.1633E-02 <<< CONVERGED
    EQUIL ITER   1 COMPLETED.  OLD TRIANG MATRIX.  MAX DOF INC= -0.2423E-06
     FORCE CONVERGENCE VALUE  =  0.1677E-07  CRITERION=  0.5000E-04 <<< CONVERGED
    >>> SOLUTION CONVERGED AFTER EQUILIBRIUM ITERATION   1
 *** LOAD STEP     4   SUBSTEP   213  COMPLETED.    CUM ITER =    739
 *** TIME =   53.3000         TIME INC =  0.100000    
 *** MAX VISCOELASTIC STRAIN STEP = 0.2115E-06

     FORCE CONVERGENCE VALUE  =  0.2934E-07  CRITERION=  0.5000E-04
     DISP CONVERGENCE VALUE   =  0.2382E-06  CRITERION=  0.1633E-02 <<< CONVERGED
    EQUIL ITER   1 COMPLETED.  OLD TRIANG MATRIX.  MAX DOF INC= -0.2382E-06
     FORCE CONVERGENCE VALUE  =  0.1597E-07  CRITERION=  0.5000E-04 <<< CONVERGED
    >>> SOLUTION CONVERGED AFTER EQUILIBRIUM ITERATION   1
 *** LOAD STEP     4   SUBSTEP   214  COMPLETED.    CUM ITER =    740
 *** TIME =   53.4000         TIME INC =  0.100000    
 *** MAX VISCOELASTIC STRAIN STEP = 0.2112E-06

     FORCE CONVERGENCE VALUE  =  0.2806E-07  CRITERION=  0.5000E-04
     DISP CONVERGENCE VALUE   =  0.2342E-06  CRITERION=  0.1633E-02 <<< CONVERGED
    EQUIL ITER   1 COMPLETED.  OLD TRIANG MATRIX.  MAX DOF INC= -0.2342E-06
     FORCE CONVERGENCE VALUE  =  0.1521E-07  CRITERION=  0.5000E-04 <<< CONVERGED
    >>> SOLUTION CONVERGED AFTER EQUILIBRIUM ITERATION   1
 *** LOAD STEP     4   SUBSTEP   215  COMPLETED.    CUM ITER =    741
 *** TIME =   53.5000         TIME INC =  0.100000    
 *** MAX VISCOELASTIC STRAIN STEP = 0.2109E-06

     FORCE CONVERGENCE VALUE  =  0.2682E-07  CRITERION=  0.5000E-04
     DISP CONVERGENCE VALUE   =  0.2304E-06  CRITERION=  0.1633E-02 <<< CONVERGED
    EQUIL ITER   1 COMPLETED.  OLD TRIANG MATRIX.  MAX DOF INC= -0.2304E-06
     FORCE CONVERGENCE VALUE  =  0.1447E-07  CRITERION=  0.5000E-04 <<< CONVERGED
    >>> SOLUTION CONVERGED AFTER EQUILIBRIUM ITERATION   1
 *** LOAD STEP     4   SUBSTEP   216  COMPLETED.    CUM ITER =    742
 *** TIME =   53.6000         TIME INC =  0.100000    
 *** MAX VISCOELASTIC STRAIN STEP = 0.2106E-06

     FORCE CONVERGENCE VALUE  =  0.2564E-07  CRITERION=  0.5000E-04
     DISP CONVERGENCE VALUE   =  0.2266E-06  CRITERION=  0.1633E-02 <<< CONVERGED
    EQUIL ITER   1 COMPLETED.  OLD TRIANG MATRIX.  MAX DOF INC= -0.2266E-06
     FORCE CONVERGENCE VALUE  =  0.1377E-07  CRITERION=  0.5000E-04 <<< CONVERGED
    >>> SOLUTION CONVERGED AFTER EQUILIBRIUM ITERATION   1
 *** LOAD STEP     4   SUBSTEP   217  COMPLETED.    CUM ITER =    743
 *** TIME =   53.7000         TIME INC =  0.100000    
 *** MAX VISCOELASTIC STRAIN STEP = 0.2103E-06

     FORCE CONVERGENCE VALUE  =  0.2450E-07  CRITERION=  0.5000E-04
     DISP CONVERGENCE VALUE   =  0.2230E-06  CRITERION=  0.1633E-02 <<< CONVERGED
    EQUIL ITER   1 COMPLETED.  OLD TRIANG MATRIX.  MAX DOF INC= -0.2230E-06
     FORCE CONVERGENCE VALUE  =  0.1310E-07  CRITERION=  0.5000E-04 <<< CONVERGED
    >>> SOLUTION CONVERGED AFTER EQUILIBRIUM ITERATION   1
 *** LOAD STEP     4   SUBSTEP   218  COMPLETED.    CUM ITER =    744
 *** TIME =   53.8000         TIME INC =  0.100000    
 *** MAX VISCOELASTIC STRAIN STEP = 0.2100E-06

     FORCE CONVERGENCE VALUE  =  0.2341E-07  CRITERION=  0.5000E-04
     DISP CONVERGENCE VALUE   =  0.2196E-06  CRITERION=  0.1633E-02 <<< CONVERGED
    EQUIL ITER   1 COMPLETED.  OLD TRIANG MATRIX.  MAX DOF INC= -0.2196E-06
     FORCE CONVERGENCE VALUE  =  0.1245E-07  CRITERION=  0.5000E-04 <<< CONVERGED
    >>> SOLUTION CONVERGED AFTER EQUILIBRIUM ITERATION   1
 *** LOAD STEP     4   SUBSTEP   219  COMPLETED.    CUM ITER =    745
 *** TIME =   53.9000         TIME INC =  0.100000    
 *** MAX VISCOELASTIC STRAIN STEP = 0.2097E-06

     FORCE CONVERGENCE VALUE  =  0.2236E-07  CRITERION=  0.5000E-04
     DISP CONVERGENCE VALUE   =  0.2162E-06  CRITERION=  0.1633E-02 <<< CONVERGED
    EQUIL ITER   1 COMPLETED.  OLD TRIANG MATRIX.  MAX DOF INC= -0.2162E-06
     FORCE CONVERGENCE VALUE  =  0.1183E-07  CRITERION=  0.5000E-04 <<< CONVERGED
    >>> SOLUTION CONVERGED AFTER EQUILIBRIUM ITERATION   1
 *** LOAD STEP     4   SUBSTEP   220  COMPLETED.    CUM ITER =    746
 *** TIME =   54.0000         TIME INC =  0.100000    
 *** MAX VISCOELASTIC STRAIN STEP = 0.2094E-06

     FORCE CONVERGENCE VALUE  =  0.2136E-07  CRITERION=  0.5000E-04
     DISP CONVERGENCE VALUE   =  0.2129E-06  CRITERION=  0.1633E-02 <<< CONVERGED
    EQUIL ITER   1 COMPLETED.  OLD TRIANG MATRIX.  MAX DOF INC= -0.2129E-06
     FORCE CONVERGENCE VALUE  =  0.1124E-07  CRITERION=  0.5000E-04 <<< CONVERGED
    >>> SOLUTION CONVERGED AFTER EQUILIBRIUM ITERATION   1
 *** LOAD STEP     4   SUBSTEP   221  COMPLETED.    CUM ITER =    747
 *** TIME =   54.1000         TIME INC =  0.100000    
 *** MAX VISCOELASTIC STRAIN STEP = 0.2091E-06

     FORCE CONVERGENCE VALUE  =  0.2041E-07  CRITERION=  0.5000E-04
     DISP CONVERGENCE VALUE   =  0.2098E-06  CRITERION=  0.1633E-02 <<< CONVERGED
    EQUIL ITER   1 COMPLETED.  OLD TRIANG MATRIX.  MAX DOF INC= -0.2098E-06
     FORCE CONVERGENCE VALUE  =  0.1068E-07  CRITERION=  0.5000E-04 <<< CONVERGED
    >>> SOLUTION CONVERGED AFTER EQUILIBRIUM ITERATION   1
 *** LOAD STEP     4   SUBSTEP   222  COMPLETED.    CUM ITER =    748
 *** TIME =   54.2000         TIME INC =  0.100000    
 *** MAX VISCOELASTIC STRAIN STEP = 0.2088E-06

     FORCE CONVERGENCE VALUE  =  0.1950E-07  CRITERION=  0.5000E-04
     DISP CONVERGENCE VALUE   =  0.2067E-06  CRITERION=  0.1633E-02 <<< CONVERGED
    EQUIL ITER   1 COMPLETED.  OLD TRIANG MATRIX.  MAX DOF INC= -0.2067E-06
     FORCE CONVERGENCE VALUE  =  0.1014E-07  CRITERION=  0.5000E-04 <<< CONVERGED
    >>> SOLUTION CONVERGED AFTER EQUILIBRIUM ITERATION   1
 *** LOAD STEP     4   SUBSTEP   223  COMPLETED.    CUM ITER =    749
 *** TIME =   54.3000         TIME INC =  0.100000    
 *** MAX VISCOELASTIC STRAIN STEP = 0.2085E-06

     FORCE CONVERGENCE VALUE  =  0.1863E-07  CRITERION=  0.5000E-04
     DISP CONVERGENCE VALUE   =  0.2037E-06  CRITERION=  0.1633E-02 <<< CONVERGED
    EQUIL ITER   1 COMPLETED.  OLD TRIANG MATRIX.  MAX DOF INC= -0.2037E-06
     FORCE CONVERGENCE VALUE  =  0.9630E-08  CRITERION=  0.5000E-04 <<< CONVERGED
    >>> SOLUTION CONVERGED AFTER EQUILIBRIUM ITERATION   1
 *** LOAD STEP     4   SUBSTEP   224  COMPLETED.    CUM ITER =    750
 *** TIME =   54.4000         TIME INC =  0.100000    
 *** MAX VISCOELASTIC STRAIN STEP = 0.2082E-06

     FORCE CONVERGENCE VALUE  =  0.1780E-07  CRITERION=  0.5000E-04
     DISP CONVERGENCE VALUE   =  0.2009E-06  CRITERION=  0.1633E-02 <<< CONVERGED
    EQUIL ITER   1 COMPLETED.  OLD TRIANG MATRIX.  MAX DOF INC= -0.2009E-06
     FORCE CONVERGENCE VALUE  =  0.9148E-08  CRITERION=  0.5000E-04 <<< CONVERGED
    >>> SOLUTION CONVERGED AFTER EQUILIBRIUM ITERATION   1
 *** LOAD STEP     4   SUBSTEP   225  COMPLETED.    CUM ITER =    751
 *** TIME =   54.5000         TIME INC =  0.100000    
 *** MAX VISCOELASTIC STRAIN STEP = 0.2079E-06

     FORCE CONVERGENCE VALUE  =  0.1702E-07  CRITERION=  0.5000E-04
     DISP CONVERGENCE VALUE   =  0.1981E-06  CRITERION=  0.1633E-02 <<< CONVERGED
    EQUIL ITER   1 COMPLETED.  OLD TRIANG MATRIX.  MAX DOF INC= -0.1981E-06
     FORCE CONVERGENCE VALUE  =  0.8692E-08  CRITERION=  0.5000E-04 <<< CONVERGED
    >>> SOLUTION CONVERGED AFTER EQUILIBRIUM ITERATION   1
 *** LOAD STEP     4   SUBSTEP   226  COMPLETED.    CUM ITER =    752
 *** TIME =   54.6000         TIME INC =  0.100000    
 *** MAX VISCOELASTIC STRAIN STEP = 0.2076E-06

     FORCE CONVERGENCE VALUE  =  0.1628E-07  CRITERION=  0.5000E-04
     DISP CONVERGENCE VALUE   =  0.1954E-06  CRITERION=  0.1633E-02 <<< CONVERGED
    EQUIL ITER   1 COMPLETED.  OLD TRIANG MATRIX.  MAX DOF INC= -0.1954E-06
     FORCE CONVERGENCE VALUE  =  0.8263E-08  CRITERION=  0.5000E-04 <<< CONVERGED
    >>> SOLUTION CONVERGED AFTER EQUILIBRIUM ITERATION   1
 *** LOAD STEP     4   SUBSTEP   227  COMPLETED.    CUM ITER =    753
 *** TIME =   54.7000         TIME INC =  0.100000    
 *** MAX VISCOELASTIC STRAIN STEP = 0.2074E-06

     FORCE CONVERGENCE VALUE  =  0.1558E-07  CRITERION=  0.5000E-04
     DISP CONVERGENCE VALUE   =  0.1928E-06  CRITERION=  0.1633E-02 <<< CONVERGED
    EQUIL ITER   1 COMPLETED.  OLD TRIANG MATRIX.  MAX DOF INC= -0.1928E-06
     FORCE CONVERGENCE VALUE  =  0.7862E-08  CRITERION=  0.5000E-04 <<< CONVERGED
    >>> SOLUTION CONVERGED AFTER EQUILIBRIUM ITERATION   1
 *** LOAD STEP     4   SUBSTEP   228  COMPLETED.    CUM ITER =    754
 *** TIME =   54.8000         TIME INC =  0.100000    
 *** MAX VISCOELASTIC STRAIN STEP = 0.2071E-06

     FORCE CONVERGENCE VALUE  =  0.1492E-07  CRITERION=  0.5000E-04
     DISP CONVERGENCE VALUE   =  0.1902E-06  CRITERION=  0.1633E-02 <<< CONVERGED
    EQUIL ITER   1 COMPLETED.  OLD TRIANG MATRIX.  MAX DOF INC= -0.1902E-06
     FORCE CONVERGENCE VALUE  =  0.7487E-08  CRITERION=  0.5000E-04 <<< CONVERGED
    >>> SOLUTION CONVERGED AFTER EQUILIBRIUM ITERATION   1
 *** LOAD STEP     4   SUBSTEP   229  COMPLETED.    CUM ITER =    755
 *** TIME =   54.9000         TIME INC =  0.100000    
 *** MAX VISCOELASTIC STRAIN STEP = 0.2068E-06

     FORCE CONVERGENCE VALUE  =  0.1430E-07  CRITERION=  0.5000E-04
     DISP CONVERGENCE VALUE   =  0.1878E-06  CRITERION=  0.1633E-02 <<< CONVERGED
    EQUIL ITER   1 COMPLETED.  OLD TRIANG MATRIX.  MAX DOF INC= -0.1878E-06
     FORCE CONVERGENCE VALUE  =  0.7140E-08  CRITERION=  0.5000E-04 <<< CONVERGED
    >>> SOLUTION CONVERGED AFTER EQUILIBRIUM ITERATION   1
 *** LOAD STEP     4   SUBSTEP   230  COMPLETED.    CUM ITER =    756
 *** TIME =   55.0000         TIME INC =  0.100000    
 *** MAX VISCOELASTIC STRAIN STEP = 0.2065E-06

     FORCE CONVERGENCE VALUE  =  0.1372E-07  CRITERION=  0.5000E-04
     DISP CONVERGENCE VALUE   =  0.1854E-06  CRITERION=  0.1633E-02 <<< CONVERGED
    EQUIL ITER   1 COMPLETED.  OLD TRIANG MATRIX.  MAX DOF INC= -0.1854E-06
     FORCE CONVERGENCE VALUE  =  0.6820E-08  CRITERION=  0.5000E-04 <<< CONVERGED
    >>> SOLUTION CONVERGED AFTER EQUILIBRIUM ITERATION   1
 *** LOAD STEP     4   SUBSTEP   231  COMPLETED.    CUM ITER =    757
 *** TIME =   55.1000         TIME INC =  0.100000    
 *** MAX VISCOELASTIC STRAIN STEP = 0.2062E-06

     FORCE CONVERGENCE VALUE  =  0.1318E-07  CRITERION=  0.5000E-04
     DISP CONVERGENCE VALUE   =  0.1831E-06  CRITERION=  0.1633E-02 <<< CONVERGED
    EQUIL ITER   1 COMPLETED.  OLD TRIANG MATRIX.  MAX DOF INC= -0.1831E-06
     FORCE CONVERGENCE VALUE  =  0.6527E-08  CRITERION=  0.5000E-04 <<< CONVERGED
    >>> SOLUTION CONVERGED AFTER EQUILIBRIUM ITERATION   1
 *** LOAD STEP     4   SUBSTEP   232  COMPLETED.    CUM ITER =    758
 *** TIME =   55.2000         TIME INC =  0.100000    
 *** MAX VISCOELASTIC STRAIN STEP = 0.2060E-06

     FORCE CONVERGENCE VALUE  =  0.1268E-07  CRITERION=  0.5000E-04
     DISP CONVERGENCE VALUE   =  0.1809E-06  CRITERION=  0.1633E-02 <<< CONVERGED
    EQUIL ITER   1 COMPLETED.  OLD TRIANG MATRIX.  MAX DOF INC= -0.1809E-06
     FORCE CONVERGENCE VALUE  =  0.6263E-08  CRITERION=  0.5000E-04 <<< CONVERGED
    >>> SOLUTION CONVERGED AFTER EQUILIBRIUM ITERATION   1
 *** LOAD STEP     4   SUBSTEP   233  COMPLETED.    CUM ITER =    759
 *** TIME =   55.3000         TIME INC =  0.100000    
 *** MAX VISCOELASTIC STRAIN STEP = 0.2057E-06

     FORCE CONVERGENCE VALUE  =  0.1222E-07  CRITERION=  0.5000E-04
     DISP CONVERGENCE VALUE   =  0.1787E-06  CRITERION=  0.1633E-02 <<< CONVERGED
    EQUIL ITER   1 COMPLETED.  OLD TRIANG MATRIX.  MAX DOF INC= -0.1787E-06
     FORCE CONVERGENCE VALUE  =  0.6026E-08  CRITERION=  0.5000E-04 <<< CONVERGED
    >>> SOLUTION CONVERGED AFTER EQUILIBRIUM ITERATION   1
 *** LOAD STEP     4   SUBSTEP   234  COMPLETED.    CUM ITER =    760
 *** TIME =   55.4000         TIME INC =  0.100000    
 *** MAX VISCOELASTIC STRAIN STEP = 0.2054E-06

     FORCE CONVERGENCE VALUE  =  0.1179E-07  CRITERION=  0.5000E-04
     DISP CONVERGENCE VALUE   =  0.1766E-06  CRITERION=  0.1633E-02 <<< CONVERGED
    EQUIL ITER   1 COMPLETED.  OLD TRIANG MATRIX.  MAX DOF INC= -0.1766E-06
     FORCE CONVERGENCE VALUE  =  0.5817E-08  CRITERION=  0.5000E-04 <<< CONVERGED
    >>> SOLUTION CONVERGED AFTER EQUILIBRIUM ITERATION   1
 *** LOAD STEP     4   SUBSTEP   235  COMPLETED.    CUM ITER =    761
 *** TIME =   55.5000         TIME INC =  0.100000    
 *** MAX VISCOELASTIC STRAIN STEP = 0.2051E-06

     FORCE CONVERGENCE VALUE  =  0.1141E-07  CRITERION=  0.5000E-04
     DISP CONVERGENCE VALUE   =  0.1746E-06  CRITERION=  0.1633E-02 <<< CONVERGED
    EQUIL ITER   1 COMPLETED.  OLD TRIANG MATRIX.  MAX DOF INC= -0.1746E-06
     FORCE CONVERGENCE VALUE  =  0.5635E-08  CRITERION=  0.5000E-04 <<< CONVERGED
    >>> SOLUTION CONVERGED AFTER EQUILIBRIUM ITERATION   1
 *** LOAD STEP     4   SUBSTEP   236  COMPLETED.    CUM ITER =    762
 *** TIME =   55.6000         TIME INC =  0.100000    
 *** MAX VISCOELASTIC STRAIN STEP = 0.2049E-06

     FORCE CONVERGENCE VALUE  =  0.1107E-07  CRITERION=  0.5000E-04
     DISP CONVERGENCE VALUE   =  0.1727E-06  CRITERION=  0.1633E-02 <<< CONVERGED
    EQUIL ITER   1 COMPLETED.  OLD TRIANG MATRIX.  MAX DOF INC= -0.1727E-06
     FORCE CONVERGENCE VALUE  =  0.5481E-08  CRITERION=  0.5000E-04 <<< CONVERGED
    >>> SOLUTION CONVERGED AFTER EQUILIBRIUM ITERATION   1
 *** LOAD STEP     4   SUBSTEP   237  COMPLETED.    CUM ITER =    763
 *** TIME =   55.7000         TIME INC =  0.100000    
 *** MAX VISCOELASTIC STRAIN STEP = 0.2046E-06

     FORCE CONVERGENCE VALUE  =  0.1076E-07  CRITERION=  0.5000E-04
     DISP CONVERGENCE VALUE   =  0.1707E-06  CRITERION=  0.1633E-02 <<< CONVERGED
    EQUIL ITER   1 COMPLETED.  OLD TRIANG MATRIX.  MAX DOF INC= -0.1707E-06
     FORCE CONVERGENCE VALUE  =  0.5353E-08  CRITERION=  0.5000E-04 <<< CONVERGED
    >>> SOLUTION CONVERGED AFTER EQUILIBRIUM ITERATION   1
 *** LOAD STEP     4   SUBSTEP   238  COMPLETED.    CUM ITER =    764
 *** TIME =   55.8000         TIME INC =  0.100000    
 *** MAX VISCOELASTIC STRAIN STEP = 0.2043E-06

     FORCE CONVERGENCE VALUE  =  0.1049E-07  CRITERION=  0.5000E-04
     DISP CONVERGENCE VALUE   =  0.1689E-06  CRITERION=  0.1633E-02 <<< CONVERGED
    EQUIL ITER   1 COMPLETED.  OLD TRIANG MATRIX.  MAX DOF INC= -0.1689E-06
     FORCE CONVERGENCE VALUE  =  0.5250E-08  CRITERION=  0.5000E-04 <<< CONVERGED
    >>> SOLUTION CONVERGED AFTER EQUILIBRIUM ITERATION   1
 *** LOAD STEP     4   SUBSTEP   239  COMPLETED.    CUM ITER =    765
 *** TIME =   55.9000         TIME INC =  0.100000    
 *** MAX VISCOELASTIC STRAIN STEP = 0.2041E-06

     FORCE CONVERGENCE VALUE  =  0.1025E-07  CRITERION=  0.5000E-04
     DISP CONVERGENCE VALUE   =  0.1671E-06  CRITERION=  0.1633E-02 <<< CONVERGED
    EQUIL ITER   1 COMPLETED.  OLD TRIANG MATRIX.  MAX DOF INC= -0.1671E-06
     FORCE CONVERGENCE VALUE  =  0.5172E-08  CRITERION=  0.5000E-04 <<< CONVERGED
    >>> SOLUTION CONVERGED AFTER EQUILIBRIUM ITERATION   1
 *** LOAD STEP     4   SUBSTEP   240  COMPLETED.    CUM ITER =    766
 *** TIME =   56.0000         TIME INC =  0.100000    
 *** MAX VISCOELASTIC STRAIN STEP = 0.2038E-06

     FORCE CONVERGENCE VALUE  =  0.1005E-07  CRITERION=  0.5000E-04
     DISP CONVERGENCE VALUE   =  0.1654E-06  CRITERION=  0.1633E-02 <<< CONVERGED
    EQUIL ITER   1 COMPLETED.  OLD TRIANG MATRIX.  MAX DOF INC= -0.1654E-06
     FORCE CONVERGENCE VALUE  =  0.5117E-08  CRITERION=  0.5000E-04 <<< CONVERGED
    >>> SOLUTION CONVERGED AFTER EQUILIBRIUM ITERATION   1
 *** LOAD STEP     4   SUBSTEP   241  COMPLETED.    CUM ITER =    767
 *** TIME =   56.1000         TIME INC =  0.100000    
 *** MAX VISCOELASTIC STRAIN STEP = 0.2035E-06

     FORCE CONVERGENCE VALUE  =  0.9879E-08  CRITERION=  0.5000E-04
     DISP CONVERGENCE VALUE   =  0.1637E-06  CRITERION=  0.1633E-02 <<< CONVERGED
    EQUIL ITER   1 COMPLETED.  OLD TRIANG MATRIX.  MAX DOF INC= -0.1637E-06
     FORCE CONVERGENCE VALUE  =  0.5083E-08  CRITERION=  0.5000E-04 <<< CONVERGED
    >>> SOLUTION CONVERGED AFTER EQUILIBRIUM ITERATION   1
 *** LOAD STEP     4   SUBSTEP   242  COMPLETED.    CUM ITER =    768
 *** TIME =   56.2000         TIME INC =  0.100000    
 *** MAX VISCOELASTIC STRAIN STEP = 0.2033E-06

     FORCE CONVERGENCE VALUE  =  0.9740E-08  CRITERION=  0.5000E-04
     DISP CONVERGENCE VALUE   =  0.1621E-06  CRITERION=  0.1633E-02 <<< CONVERGED
    EQUIL ITER   1 COMPLETED.  OLD TRIANG MATRIX.  MAX DOF INC= -0.1621E-06
     FORCE CONVERGENCE VALUE  =  0.5069E-08  CRITERION=  0.5000E-04 <<< CONVERGED
    >>> SOLUTION CONVERGED AFTER EQUILIBRIUM ITERATION   1
 *** LOAD STEP     4   SUBSTEP   243  COMPLETED.    CUM ITER =    769
 *** TIME =   56.3000         TIME INC =  0.100000    
 *** MAX VISCOELASTIC STRAIN STEP = 0.2030E-06

     FORCE CONVERGENCE VALUE  =  0.9630E-08  CRITERION=  0.5000E-04
     DISP CONVERGENCE VALUE   =  0.1605E-06  CRITERION=  0.1633E-02 <<< CONVERGED
    EQUIL ITER   1 COMPLETED.  OLD TRIANG MATRIX.  MAX DOF INC= -0.1605E-06
     FORCE CONVERGENCE VALUE  =  0.5073E-08  CRITERION=  0.5000E-04 <<< CONVERGED
    >>> SOLUTION CONVERGED AFTER EQUILIBRIUM ITERATION   1
 *** LOAD STEP     4   SUBSTEP   244  COMPLETED.    CUM ITER =    770
 *** TIME =   56.4000         TIME INC =  0.100000    
 *** MAX VISCOELASTIC STRAIN STEP = 0.2027E-06

     FORCE CONVERGENCE VALUE  =  0.9548E-08  CRITERION=  0.5000E-04
     DISP CONVERGENCE VALUE   =  0.1589E-06  CRITERION=  0.1633E-02 <<< CONVERGED
    EQUIL ITER   1 COMPLETED.  OLD TRIANG MATRIX.  MAX DOF INC= -0.1589E-06
     FORCE CONVERGENCE VALUE  =  0.5093E-08  CRITERION=  0.5000E-04 <<< CONVERGED
    >>> SOLUTION CONVERGED AFTER EQUILIBRIUM ITERATION   1
 *** LOAD STEP     4   SUBSTEP   245  COMPLETED.    CUM ITER =    771
 *** TIME =   56.5000         TIME INC =  0.100000    
 *** MAX VISCOELASTIC STRAIN STEP = 0.2025E-06

     FORCE CONVERGENCE VALUE  =  0.9490E-08  CRITERION=  0.5000E-04
     DISP CONVERGENCE VALUE   =  0.1574E-06  CRITERION=  0.1633E-02 <<< CONVERGED
    EQUIL ITER   1 COMPLETED.  OLD TRIANG MATRIX.  MAX DOF INC= -0.1574E-06
     FORCE CONVERGENCE VALUE  =  0.5128E-08  CRITERION=  0.5000E-04 <<< CONVERGED
    >>> SOLUTION CONVERGED AFTER EQUILIBRIUM ITERATION   1
 *** LOAD STEP     4   SUBSTEP   246  COMPLETED.    CUM ITER =    772
 *** TIME =   56.6000         TIME INC =  0.100000    
 *** MAX VISCOELASTIC STRAIN STEP = 0.2022E-06

     FORCE CONVERGENCE VALUE  =  0.9456E-08  CRITERION=  0.5000E-04
     DISP CONVERGENCE VALUE   =  0.1560E-06  CRITERION=  0.1633E-02 <<< CONVERGED
    EQUIL ITER   1 COMPLETED.  OLD TRIANG MATRIX.  MAX DOF INC= -0.1560E-06
     FORCE CONVERGENCE VALUE  =  0.5174E-08  CRITERION=  0.5000E-04 <<< CONVERGED
    >>> SOLUTION CONVERGED AFTER EQUILIBRIUM ITERATION   1
 *** LOAD STEP     4   SUBSTEP   247  COMPLETED.    CUM ITER =    773
 *** TIME =   56.7000         TIME INC =  0.100000    
 *** MAX VISCOELASTIC STRAIN STEP = 0.2019E-06

     FORCE CONVERGENCE VALUE  =  0.9443E-08  CRITERION=  0.5000E-04
     DISP CONVERGENCE VALUE   =  0.1546E-06  CRITERION=  0.1633E-02 <<< CONVERGED
    EQUIL ITER   1 COMPLETED.  OLD TRIANG MATRIX.  MAX DOF INC= -0.1546E-06
     FORCE CONVERGENCE VALUE  =  0.5232E-08  CRITERION=  0.5000E-04 <<< CONVERGED
    >>> SOLUTION CONVERGED AFTER EQUILIBRIUM ITERATION   1
 *** LOAD STEP     4   SUBSTEP   248  COMPLETED.    CUM ITER =    774
 *** TIME =   56.8000         TIME INC =  0.100000    
 *** MAX VISCOELASTIC STRAIN STEP = 0.2017E-06

     FORCE CONVERGENCE VALUE  =  0.9449E-08  CRITERION=  0.5000E-04
     DISP CONVERGENCE VALUE   =  0.1532E-06  CRITERION=  0.1633E-02 <<< CONVERGED
    EQUIL ITER   1 COMPLETED.  OLD TRIANG MATRIX.  MAX DOF INC= -0.1532E-06
     FORCE CONVERGENCE VALUE  =  0.5298E-08  CRITERION=  0.5000E-04 <<< CONVERGED
    >>> SOLUTION CONVERGED AFTER EQUILIBRIUM ITERATION   1
 *** LOAD STEP     4   SUBSTEP   249  COMPLETED.    CUM ITER =    775
 *** TIME =   56.9000         TIME INC =  0.100000    
 *** MAX VISCOELASTIC STRAIN STEP = 0.2014E-06

     FORCE CONVERGENCE VALUE  =  0.9472E-08  CRITERION=  0.5000E-04
     DISP CONVERGENCE VALUE   =  0.1519E-06  CRITERION=  0.1633E-02 <<< CONVERGED
    EQUIL ITER   1 COMPLETED.  OLD TRIANG MATRIX.  MAX DOF INC= -0.1519E-06
     FORCE CONVERGENCE VALUE  =  0.5372E-08  CRITERION=  0.5000E-04 <<< CONVERGED
    >>> SOLUTION CONVERGED AFTER EQUILIBRIUM ITERATION   1
 *** LOAD STEP     4   SUBSTEP   250  COMPLETED.    CUM ITER =    776
 *** TIME =   57.0000         TIME INC =  0.100000    
 *** MAX VISCOELASTIC STRAIN STEP = 0.2012E-06

     FORCE CONVERGENCE VALUE  =  0.9511E-08  CRITERION=  0.5000E-04
     DISP CONVERGENCE VALUE   =  0.1506E-06  CRITERION=  0.1633E-02 <<< CONVERGED
    EQUIL ITER   1 COMPLETED.  OLD TRIANG MATRIX.  MAX DOF INC= -0.1506E-06
     FORCE CONVERGENCE VALUE  =  0.5453E-08  CRITERION=  0.5000E-04 <<< CONVERGED
    >>> SOLUTION CONVERGED AFTER EQUILIBRIUM ITERATION   1
 *** LOAD STEP     4   SUBSTEP   251  COMPLETED.    CUM ITER =    777
 *** TIME =   57.1000         TIME INC =  0.100000    
 *** MAX VISCOELASTIC STRAIN STEP = 0.2009E-06

     FORCE CONVERGENCE VALUE  =  0.9562E-08  CRITERION=  0.5000E-04
     DISP CONVERGENCE VALUE   =  0.1494E-06  CRITERION=  0.1633E-02 <<< CONVERGED
    EQUIL ITER   1 COMPLETED.  OLD TRIANG MATRIX.  MAX DOF INC= -0.1494E-06
     FORCE CONVERGENCE VALUE  =  0.5538E-08  CRITERION=  0.5000E-04 <<< CONVERGED
    >>> SOLUTION CONVERGED AFTER EQUILIBRIUM ITERATION   1
 *** LOAD STEP     4   SUBSTEP   252  COMPLETED.    CUM ITER =    778
 *** TIME =   57.2000         TIME INC =  0.100000    
 *** MAX VISCOELASTIC STRAIN STEP = 0.2007E-06

     FORCE CONVERGENCE VALUE  =  0.9626E-08  CRITERION=  0.5000E-04
     DISP CONVERGENCE VALUE   =  0.1482E-06  CRITERION=  0.1633E-02 <<< CONVERGED
    EQUIL ITER   1 COMPLETED.  OLD TRIANG MATRIX.  MAX DOF INC= -0.1482E-06
     FORCE CONVERGENCE VALUE  =  0.5628E-08  CRITERION=  0.5000E-04 <<< CONVERGED
    >>> SOLUTION CONVERGED AFTER EQUILIBRIUM ITERATION   1
 *** LOAD STEP     4   SUBSTEP   253  COMPLETED.    CUM ITER =    779
 *** TIME =   57.3000         TIME INC =  0.100000    
 *** MAX VISCOELASTIC STRAIN STEP = 0.2004E-06

     FORCE CONVERGENCE VALUE  =  0.9699E-08  CRITERION=  0.5000E-04
     DISP CONVERGENCE VALUE   =  0.1470E-06  CRITERION=  0.1633E-02 <<< CONVERGED
    EQUIL ITER   1 COMPLETED.  OLD TRIANG MATRIX.  MAX DOF INC= -0.1470E-06
     FORCE CONVERGENCE VALUE  =  0.5720E-08  CRITERION=  0.5000E-04 <<< CONVERGED
    >>> SOLUTION CONVERGED AFTER EQUILIBRIUM ITERATION   1
 *** LOAD STEP     4   SUBSTEP   254  COMPLETED.    CUM ITER =    780
 *** TIME =   57.4000         TIME INC =  0.100000    
 *** MAX VISCOELASTIC STRAIN STEP = 0.2002E-06

     FORCE CONVERGENCE VALUE  =  0.9781E-08  CRITERION=  0.5000E-04
     DISP CONVERGENCE VALUE   =  0.1458E-06  CRITERION=  0.1633E-02 <<< CONVERGED
    EQUIL ITER   1 COMPLETED.  OLD TRIANG MATRIX.  MAX DOF INC= -0.1458E-06
     FORCE CONVERGENCE VALUE  =  0.5815E-08  CRITERION=  0.5000E-04 <<< CONVERGED
    >>> SOLUTION CONVERGED AFTER EQUILIBRIUM ITERATION   1
 *** LOAD STEP     4   SUBSTEP   255  COMPLETED.    CUM ITER =    781
 *** TIME =   57.5000         TIME INC =  0.100000    
 *** MAX VISCOELASTIC STRAIN STEP = 0.1999E-06

     FORCE CONVERGENCE VALUE  =  0.9870E-08  CRITERION=  0.5000E-04
     DISP CONVERGENCE VALUE   =  0.1447E-06  CRITERION=  0.1633E-02 <<< CONVERGED
    EQUIL ITER   1 COMPLETED.  OLD TRIANG MATRIX.  MAX DOF INC= -0.1447E-06
     FORCE CONVERGENCE VALUE  =  0.5911E-08  CRITERION=  0.5000E-04 <<< CONVERGED
    >>> SOLUTION CONVERGED AFTER EQUILIBRIUM ITERATION   1
 *** LOAD STEP     4   SUBSTEP   256  COMPLETED.    CUM ITER =    782
 *** TIME =   57.6000         TIME INC =  0.100000    
 *** MAX VISCOELASTIC STRAIN STEP = 0.1997E-06

     FORCE CONVERGENCE VALUE  =  0.9965E-08  CRITERION=  0.5000E-04
     DISP CONVERGENCE VALUE   =  0.1437E-06  CRITERION=  0.1633E-02 <<< CONVERGED
    EQUIL ITER   1 COMPLETED.  OLD TRIANG MATRIX.  MAX DOF INC= -0.1437E-06
     FORCE CONVERGENCE VALUE  =  0.6008E-08  CRITERION=  0.5000E-04 <<< CONVERGED
    >>> SOLUTION CONVERGED AFTER EQUILIBRIUM ITERATION   1
 *** LOAD STEP     4   SUBSTEP   257  COMPLETED.    CUM ITER =    783
 *** TIME =   57.7000         TIME INC =  0.100000    
 *** MAX VISCOELASTIC STRAIN STEP = 0.1994E-06

     FORCE CONVERGENCE VALUE  =  0.1006E-07  CRITERION=  0.5000E-04
     DISP CONVERGENCE VALUE   =  0.1426E-06  CRITERION=  0.1633E-02 <<< CONVERGED
    EQUIL ITER   1 COMPLETED.  OLD TRIANG MATRIX.  MAX DOF INC= -0.1426E-06
     FORCE CONVERGENCE VALUE  =  0.6106E-08  CRITERION=  0.5000E-04 <<< CONVERGED
    >>> SOLUTION CONVERGED AFTER EQUILIBRIUM ITERATION   1
 *** LOAD STEP     4   SUBSTEP   258  COMPLETED.    CUM ITER =    784
 *** TIME =   57.8000         TIME INC =  0.100000    
 *** MAX VISCOELASTIC STRAIN STEP = 0.1992E-06

     FORCE CONVERGENCE VALUE  =  0.1017E-07  CRITERION=  0.5000E-04
     DISP CONVERGENCE VALUE   =  0.1416E-06  CRITERION=  0.1633E-02 <<< CONVERGED
    EQUIL ITER   1 COMPLETED.  OLD TRIANG MATRIX.  MAX DOF INC= -0.1416E-06
     FORCE CONVERGENCE VALUE  =  0.6203E-08  CRITERION=  0.5000E-04 <<< CONVERGED
    >>> SOLUTION CONVERGED AFTER EQUILIBRIUM ITERATION   1
 *** LOAD STEP     4   SUBSTEP   259  COMPLETED.    CUM ITER =    785
 *** TIME =   57.9000         TIME INC =  0.100000    
 *** MAX VISCOELASTIC STRAIN STEP = 0.1989E-06

     FORCE CONVERGENCE VALUE  =  0.1027E-07  CRITERION=  0.5000E-04
     DISP CONVERGENCE VALUE   =  0.1406E-06  CRITERION=  0.1633E-02 <<< CONVERGED
    EQUIL ITER   1 COMPLETED.  OLD TRIANG MATRIX.  MAX DOF INC= -0.1406E-06
     FORCE CONVERGENCE VALUE  =  0.6300E-08  CRITERION=  0.5000E-04 <<< CONVERGED
    >>> SOLUTION CONVERGED AFTER EQUILIBRIUM ITERATION   1
 *** LOAD STEP     4   SUBSTEP   260  COMPLETED.    CUM ITER =    786
 *** TIME =   58.0000         TIME INC =  0.100000    
 *** MAX VISCOELASTIC STRAIN STEP = 0.1987E-06

     FORCE CONVERGENCE VALUE  =  0.1038E-07  CRITERION=  0.5000E-04
     DISP CONVERGENCE VALUE   =  0.1396E-06  CRITERION=  0.1633E-02 <<< CONVERGED
    EQUIL ITER   1 COMPLETED.  OLD TRIANG MATRIX.  MAX DOF INC= -0.1396E-06
     FORCE CONVERGENCE VALUE  =  0.6395E-08  CRITERION=  0.5000E-04 <<< CONVERGED
    >>> SOLUTION CONVERGED AFTER EQUILIBRIUM ITERATION   1
 *** LOAD STEP     4   SUBSTEP   261  COMPLETED.    CUM ITER =    787
 *** TIME =   58.1000         TIME INC =  0.100000    
 *** MAX VISCOELASTIC STRAIN STEP = 0.1984E-06

     FORCE CONVERGENCE VALUE  =  0.1049E-07  CRITERION=  0.5000E-04
     DISP CONVERGENCE VALUE   =  0.1387E-06  CRITERION=  0.1633E-02 <<< CONVERGED
    EQUIL ITER   1 COMPLETED.  OLD TRIANG MATRIX.  MAX DOF INC= -0.1387E-06
     FORCE CONVERGENCE VALUE  =  0.6490E-08  CRITERION=  0.5000E-04 <<< CONVERGED
    >>> SOLUTION CONVERGED AFTER EQUILIBRIUM ITERATION   1
 *** LOAD STEP     4   SUBSTEP   262  COMPLETED.    CUM ITER =    788
 *** TIME =   58.2000         TIME INC =  0.100000    
 *** MAX VISCOELASTIC STRAIN STEP = 0.1982E-06

     FORCE CONVERGENCE VALUE  =  0.1060E-07  CRITERION=  0.5000E-04
     DISP CONVERGENCE VALUE   =  0.1378E-06  CRITERION=  0.1633E-02 <<< CONVERGED
    EQUIL ITER   1 COMPLETED.  OLD TRIANG MATRIX.  MAX DOF INC= -0.1378E-06
     FORCE CONVERGENCE VALUE  =  0.6583E-08  CRITERION=  0.5000E-04 <<< CONVERGED
    >>> SOLUTION CONVERGED AFTER EQUILIBRIUM ITERATION   1
 *** LOAD STEP     4   SUBSTEP   263  COMPLETED.    CUM ITER =    789
 *** TIME =   58.3000         TIME INC =  0.100000    
 *** MAX VISCOELASTIC STRAIN STEP = 0.1979E-06

     FORCE CONVERGENCE VALUE  =  0.1072E-07  CRITERION=  0.5000E-04
     DISP CONVERGENCE VALUE   =  0.1369E-06  CRITERION=  0.1633E-02 <<< CONVERGED
    EQUIL ITER   1 COMPLETED.  OLD TRIANG MATRIX.  MAX DOF INC= -0.1369E-06
     FORCE CONVERGENCE VALUE  =  0.6675E-08  CRITERION=  0.5000E-04 <<< CONVERGED
    >>> SOLUTION CONVERGED AFTER EQUILIBRIUM ITERATION   1
 *** LOAD STEP     4   SUBSTEP   264  COMPLETED.    CUM ITER =    790
 *** TIME =   58.4000         TIME INC =  0.100000    
 *** MAX VISCOELASTIC STRAIN STEP = 0.1977E-06

     FORCE CONVERGENCE VALUE  =  0.1083E-07  CRITERION=  0.5000E-04
     DISP CONVERGENCE VALUE   =  0.1361E-06  CRITERION=  0.1633E-02 <<< CONVERGED
    EQUIL ITER   1 COMPLETED.  OLD TRIANG MATRIX.  MAX DOF INC= -0.1361E-06
     FORCE CONVERGENCE VALUE  =  0.6765E-08  CRITERION=  0.5000E-04 <<< CONVERGED
    >>> SOLUTION CONVERGED AFTER EQUILIBRIUM ITERATION   1
 *** LOAD STEP     4   SUBSTEP   265  COMPLETED.    CUM ITER =    791
 *** TIME =   58.5000         TIME INC =  0.100000    
 *** MAX VISCOELASTIC STRAIN STEP = 0.1974E-06

     FORCE CONVERGENCE VALUE  =  0.1094E-07  CRITERION=  0.5000E-04
     DISP CONVERGENCE VALUE   =  0.1352E-06  CRITERION=  0.1633E-02 <<< CONVERGED
    EQUIL ITER   1 COMPLETED.  OLD TRIANG MATRIX.  MAX DOF INC= -0.1352E-06
     FORCE CONVERGENCE VALUE  =  0.6853E-08  CRITERION=  0.5000E-04 <<< CONVERGED
    >>> SOLUTION CONVERGED AFTER EQUILIBRIUM ITERATION   1
 *** LOAD STEP     4   SUBSTEP   266  COMPLETED.    CUM ITER =    792
 *** TIME =   58.6000         TIME INC =  0.100000    
 *** MAX VISCOELASTIC STRAIN STEP = 0.1972E-06

     FORCE CONVERGENCE VALUE  =  0.1105E-07  CRITERION=  0.5000E-04
     DISP CONVERGENCE VALUE   =  0.1344E-06  CRITERION=  0.1633E-02 <<< CONVERGED
    EQUIL ITER   1 COMPLETED.  OLD TRIANG MATRIX.  MAX DOF INC= -0.1344E-06
     FORCE CONVERGENCE VALUE  =  0.6939E-08  CRITERION=  0.5000E-04 <<< CONVERGED
    >>> SOLUTION CONVERGED AFTER EQUILIBRIUM ITERATION   1
 *** LOAD STEP     4   SUBSTEP   267  COMPLETED.    CUM ITER =    793
 *** TIME =   58.7000         TIME INC =  0.100000    
 *** MAX VISCOELASTIC STRAIN STEP = 0.1969E-06

     FORCE CONVERGENCE VALUE  =  0.1115E-07  CRITERION=  0.5000E-04
     DISP CONVERGENCE VALUE   =  0.1336E-06  CRITERION=  0.1633E-02 <<< CONVERGED
    EQUIL ITER   1 COMPLETED.  OLD TRIANG MATRIX.  MAX DOF INC= -0.1336E-06
     FORCE CONVERGENCE VALUE  =  0.7023E-08  CRITERION=  0.5000E-04 <<< CONVERGED
    >>> SOLUTION CONVERGED AFTER EQUILIBRIUM ITERATION   1
 *** LOAD STEP     4   SUBSTEP   268  COMPLETED.    CUM ITER =    794
 *** TIME =   58.8000         TIME INC =  0.100000    
 *** MAX VISCOELASTIC STRAIN STEP = 0.1967E-06

     FORCE CONVERGENCE VALUE  =  0.1126E-07  CRITERION=  0.5000E-04
     DISP CONVERGENCE VALUE   =  0.1328E-06  CRITERION=  0.1633E-02 <<< CONVERGED
    EQUIL ITER   1 COMPLETED.  OLD TRIANG MATRIX.  MAX DOF INC= -0.1328E-06
     FORCE CONVERGENCE VALUE  =  0.7105E-08  CRITERION=  0.5000E-04 <<< CONVERGED
    >>> SOLUTION CONVERGED AFTER EQUILIBRIUM ITERATION   1
 *** LOAD STEP     4   SUBSTEP   269  COMPLETED.    CUM ITER =    795
 *** TIME =   58.9000         TIME INC =  0.100000    
 *** MAX VISCOELASTIC STRAIN STEP = 0.1964E-06

     FORCE CONVERGENCE VALUE  =  0.1137E-07  CRITERION=  0.5000E-04
     DISP CONVERGENCE VALUE   =  0.1321E-06  CRITERION=  0.1633E-02 <<< CONVERGED
    EQUIL ITER   1 COMPLETED.  OLD TRIANG MATRIX.  MAX DOF INC= -0.1321E-06
     FORCE CONVERGENCE VALUE  =  0.7185E-08  CRITERION=  0.5000E-04 <<< CONVERGED
    >>> SOLUTION CONVERGED AFTER EQUILIBRIUM ITERATION   1
 *** LOAD STEP     4   SUBSTEP   270  COMPLETED.    CUM ITER =    796
 *** TIME =   59.0000         TIME INC =  0.100000    
 *** MAX VISCOELASTIC STRAIN STEP = 0.1962E-06

     FORCE CONVERGENCE VALUE  =  0.1147E-07  CRITERION=  0.5000E-04
     DISP CONVERGENCE VALUE   =  0.1314E-06  CRITERION=  0.1633E-02 <<< CONVERGED
    EQUIL ITER   1 COMPLETED.  OLD TRIANG MATRIX.  MAX DOF INC= -0.1314E-06
     FORCE CONVERGENCE VALUE  =  0.7262E-08  CRITERION=  0.5000E-04 <<< CONVERGED
    >>> SOLUTION CONVERGED AFTER EQUILIBRIUM ITERATION   1
 *** LOAD STEP     4   SUBSTEP   271  COMPLETED.    CUM ITER =    797
 *** TIME =   59.1000         TIME INC =  0.100000    
 *** MAX VISCOELASTIC STRAIN STEP = 0.1960E-06

     FORCE CONVERGENCE VALUE  =  0.1157E-07  CRITERION=  0.5000E-04
     DISP CONVERGENCE VALUE   =  0.1307E-06  CRITERION=  0.1633E-02 <<< CONVERGED
    EQUIL ITER   1 COMPLETED.  OLD TRIANG MATRIX.  MAX DOF INC= -0.1307E-06
     FORCE CONVERGENCE VALUE  =  0.7338E-08  CRITERION=  0.5000E-04 <<< CONVERGED
    >>> SOLUTION CONVERGED AFTER EQUILIBRIUM ITERATION   1
 *** LOAD STEP     4   SUBSTEP   272  COMPLETED.    CUM ITER =    798
 *** TIME =   59.2000         TIME INC =  0.100000    
 *** MAX VISCOELASTIC STRAIN STEP = 0.1957E-06

     FORCE CONVERGENCE VALUE  =  0.1167E-07  CRITERION=  0.5000E-04
     DISP CONVERGENCE VALUE   =  0.1300E-06  CRITERION=  0.1633E-02 <<< CONVERGED
    EQUIL ITER   1 COMPLETED.  OLD TRIANG MATRIX.  MAX DOF INC= -0.1300E-06
     FORCE CONVERGENCE VALUE  =  0.7411E-08  CRITERION=  0.5000E-04 <<< CONVERGED
    >>> SOLUTION CONVERGED AFTER EQUILIBRIUM ITERATION   1
 *** LOAD STEP     4   SUBSTEP   273  COMPLETED.    CUM ITER =    799
 *** TIME =   59.3000         TIME INC =  0.100000    
 *** MAX VISCOELASTIC STRAIN STEP = 0.1955E-06

     FORCE CONVERGENCE VALUE  =  0.1177E-07  CRITERION=  0.5000E-04
     DISP CONVERGENCE VALUE   =  0.1293E-06  CRITERION=  0.1633E-02 <<< CONVERGED
    EQUIL ITER   1 COMPLETED.  OLD TRIANG MATRIX.  MAX DOF INC= -0.1293E-06
     FORCE CONVERGENCE VALUE  =  0.7481E-08  CRITERION=  0.5000E-04 <<< CONVERGED
    >>> SOLUTION CONVERGED AFTER EQUILIBRIUM ITERATION   1
 *** LOAD STEP     4   SUBSTEP   274  COMPLETED.    CUM ITER =    800
 *** TIME =   59.4000         TIME INC =  0.100000    
 *** MAX VISCOELASTIC STRAIN STEP = 0.1952E-06

     FORCE CONVERGENCE VALUE  =  0.1186E-07  CRITERION=  0.5000E-04
     DISP CONVERGENCE VALUE   =  0.1286E-06  CRITERION=  0.1633E-02 <<< CONVERGED
    EQUIL ITER   1 COMPLETED.  OLD TRIANG MATRIX.  MAX DOF INC= -0.1286E-06
     FORCE CONVERGENCE VALUE  =  0.7550E-08  CRITERION=  0.5000E-04 <<< CONVERGED
    >>> SOLUTION CONVERGED AFTER EQUILIBRIUM ITERATION   1
 *** LOAD STEP     4   SUBSTEP   275  COMPLETED.    CUM ITER =    801
 *** TIME =   59.5000         TIME INC =  0.100000    
 *** MAX VISCOELASTIC STRAIN STEP = 0.1950E-06

     FORCE CONVERGENCE VALUE  =  0.1195E-07  CRITERION=  0.5000E-04
     DISP CONVERGENCE VALUE   =  0.1280E-06  CRITERION=  0.1633E-02 <<< CONVERGED
    EQUIL ITER   1 COMPLETED.  OLD TRIANG MATRIX.  MAX DOF INC= -0.1280E-06
     FORCE CONVERGENCE VALUE  =  0.7617E-08  CRITERION=  0.5000E-04 <<< CONVERGED
    >>> SOLUTION CONVERGED AFTER EQUILIBRIUM ITERATION   1
 *** LOAD STEP     4   SUBSTEP   276  COMPLETED.    CUM ITER =    802
 *** TIME =   59.6000         TIME INC =  0.100000    
 *** MAX VISCOELASTIC STRAIN STEP = 0.1948E-06

     FORCE CONVERGENCE VALUE  =  0.1204E-07  CRITERION=  0.5000E-04
     DISP CONVERGENCE VALUE   =  0.1274E-06  CRITERION=  0.1633E-02 <<< CONVERGED
    EQUIL ITER   1 COMPLETED.  OLD TRIANG MATRIX.  MAX DOF INC= -0.1274E-06
     FORCE CONVERGENCE VALUE  =  0.7681E-08  CRITERION=  0.5000E-04 <<< CONVERGED
    >>> SOLUTION CONVERGED AFTER EQUILIBRIUM ITERATION   1
 *** LOAD STEP     4   SUBSTEP   277  COMPLETED.    CUM ITER =    803
 *** TIME =   59.7000         TIME INC =  0.100000    
 *** MAX VISCOELASTIC STRAIN STEP = 0.1945E-06

     FORCE CONVERGENCE VALUE  =  0.1213E-07  CRITERION=  0.5000E-04
     DISP CONVERGENCE VALUE   =  0.1268E-06  CRITERION=  0.1633E-02 <<< CONVERGED
    EQUIL ITER   1 COMPLETED.  OLD TRIANG MATRIX.  MAX DOF INC= -0.1268E-06
     FORCE CONVERGENCE VALUE  =  0.7743E-08  CRITERION=  0.5000E-04 <<< CONVERGED
    >>> SOLUTION CONVERGED AFTER EQUILIBRIUM ITERATION   1
 *** LOAD STEP     4   SUBSTEP   278  COMPLETED.    CUM ITER =    804
 *** TIME =   59.8000         TIME INC =  0.100000    
 *** MAX VISCOELASTIC STRAIN STEP = 0.1943E-06

     FORCE CONVERGENCE VALUE  =  0.1221E-07  CRITERION=  0.5000E-04
     DISP CONVERGENCE VALUE   =  0.1262E-06  CRITERION=  0.1633E-02 <<< CONVERGED
    EQUIL ITER   1 COMPLETED.  OLD TRIANG MATRIX.  MAX DOF INC= -0.1262E-06
     FORCE CONVERGENCE VALUE  =  0.7803E-08  CRITERION=  0.5000E-04 <<< CONVERGED
    >>> SOLUTION CONVERGED AFTER EQUILIBRIUM ITERATION   1
 *** LOAD STEP     4   SUBSTEP   279  COMPLETED.    CUM ITER =    805
 *** TIME =   59.9000         TIME INC =  0.100000    
 *** MAX VISCOELASTIC STRAIN STEP = 0.1940E-06

     FORCE CONVERGENCE VALUE  =  0.1229E-07  CRITERION=  0.5000E-04
     DISP CONVERGENCE VALUE   =  0.1256E-06  CRITERION=  0.1633E-02 <<< CONVERGED
    EQUIL ITER   1 COMPLETED.  OLD TRIANG MATRIX.  MAX DOF INC= -0.1256E-06
     FORCE CONVERGENCE VALUE  =  0.7861E-08  CRITERION=  0.5000E-04 <<< CONVERGED
    >>> SOLUTION CONVERGED AFTER EQUILIBRIUM ITERATION   1
 *** LOAD STEP     4   SUBSTEP   280  COMPLETED.    CUM ITER =    806
 *** TIME =   60.0000         TIME INC =  0.100000    
 *** MAX VISCOELASTIC STRAIN STEP = 0.1938E-06

     FORCE CONVERGENCE VALUE  =  0.1237E-07  CRITERION=  0.5000E-04
     DISP CONVERGENCE VALUE   =  0.1250E-06  CRITERION=  0.1633E-02 <<< CONVERGED
    EQUIL ITER   1 COMPLETED.  OLD TRIANG MATRIX.  MAX DOF INC= -0.1250E-06
     FORCE CONVERGENCE VALUE  =  0.7916E-08  CRITERION=  0.5000E-04 <<< CONVERGED
    >>> SOLUTION CONVERGED AFTER EQUILIBRIUM ITERATION   1
 *** LOAD STEP     4   SUBSTEP   281  COMPLETED.    CUM ITER =    807
 *** TIME =   60.1000         TIME INC =  0.100000    
 *** MAX VISCOELASTIC STRAIN STEP = 0.1936E-06

     FORCE CONVERGENCE VALUE  =  0.1245E-07  CRITERION=  0.5000E-04
     DISP CONVERGENCE VALUE   =  0.1245E-06  CRITERION=  0.1633E-02 <<< CONVERGED
    EQUIL ITER   1 COMPLETED.  OLD TRIANG MATRIX.  MAX DOF INC= -0.1245E-06
     FORCE CONVERGENCE VALUE  =  0.7970E-08  CRITERION=  0.5000E-04 <<< CONVERGED
    >>> SOLUTION CONVERGED AFTER EQUILIBRIUM ITERATION   1
 *** LOAD STEP     4   SUBSTEP   282  COMPLETED.    CUM ITER =    808
 *** TIME =   60.2000         TIME INC =  0.100000    
 *** MAX VISCOELASTIC STRAIN STEP = 0.1933E-06

     FORCE CONVERGENCE VALUE  =  0.1252E-07  CRITERION=  0.5000E-04
     DISP CONVERGENCE VALUE   =  0.1239E-06  CRITERION=  0.1633E-02 <<< CONVERGED
    EQUIL ITER   1 COMPLETED.  OLD TRIANG MATRIX.  MAX DOF INC= -0.1239E-06
     FORCE CONVERGENCE VALUE  =  0.8022E-08  CRITERION=  0.5000E-04 <<< CONVERGED
    >>> SOLUTION CONVERGED AFTER EQUILIBRIUM ITERATION   1
 *** LOAD STEP     4   SUBSTEP   283  COMPLETED.    CUM ITER =    809
 *** TIME =   60.3000         TIME INC =  0.100000    
 *** MAX VISCOELASTIC STRAIN STEP = 0.1931E-06

     FORCE CONVERGENCE VALUE  =  0.1259E-07  CRITERION=  0.5000E-04
     DISP CONVERGENCE VALUE   =  0.1234E-06  CRITERION=  0.1633E-02 <<< CONVERGED
    EQUIL ITER   1 COMPLETED.  OLD TRIANG MATRIX.  MAX DOF INC= -0.1234E-06
     FORCE CONVERGENCE VALUE  =  0.8072E-08  CRITERION=  0.5000E-04 <<< CONVERGED
    >>> SOLUTION CONVERGED AFTER EQUILIBRIUM ITERATION   1
 *** LOAD STEP     4   SUBSTEP   284  COMPLETED.    CUM ITER =    810
 *** TIME =   60.4000         TIME INC =  0.100000    
 *** MAX VISCOELASTIC STRAIN STEP = 0.1929E-06

     FORCE CONVERGENCE VALUE  =  0.1266E-07  CRITERION=  0.5000E-04
     DISP CONVERGENCE VALUE   =  0.1229E-06  CRITERION=  0.1633E-02 <<< CONVERGED
    EQUIL ITER   1 COMPLETED.  OLD TRIANG MATRIX.  MAX DOF INC= -0.1229E-06
     FORCE CONVERGENCE VALUE  =  0.8120E-08  CRITERION=  0.5000E-04 <<< CONVERGED
    >>> SOLUTION CONVERGED AFTER EQUILIBRIUM ITERATION   1
 *** LOAD STEP     4   SUBSTEP   285  COMPLETED.    CUM ITER =    811
 *** TIME =   60.5000         TIME INC =  0.100000    
 *** MAX VISCOELASTIC STRAIN STEP = 0.1926E-06

     FORCE CONVERGENCE VALUE  =  0.1272E-07  CRITERION=  0.5000E-04
     DISP CONVERGENCE VALUE   =  0.1224E-06  CRITERION=  0.1633E-02 <<< CONVERGED
    EQUIL ITER   1 COMPLETED.  OLD TRIANG MATRIX.  MAX DOF INC= -0.1224E-06
     FORCE CONVERGENCE VALUE  =  0.8166E-08  CRITERION=  0.5000E-04 <<< CONVERGED
    >>> SOLUTION CONVERGED AFTER EQUILIBRIUM ITERATION   1
 *** LOAD STEP     4   SUBSTEP   286  COMPLETED.    CUM ITER =    812
 *** TIME =   60.6000         TIME INC =  0.100000    
 *** MAX VISCOELASTIC STRAIN STEP = 0.1924E-06

     FORCE CONVERGENCE VALUE  =  0.1279E-07  CRITERION=  0.5000E-04
     DISP CONVERGENCE VALUE   =  0.1219E-06  CRITERION=  0.1633E-02 <<< CONVERGED
    EQUIL ITER   1 COMPLETED.  OLD TRIANG MATRIX.  MAX DOF INC= -0.1219E-06
     FORCE CONVERGENCE VALUE  =  0.8210E-08  CRITERION=  0.5000E-04 <<< CONVERGED
    >>> SOLUTION CONVERGED AFTER EQUILIBRIUM ITERATION   1
 *** LOAD STEP     4   SUBSTEP   287  COMPLETED.    CUM ITER =    813
 *** TIME =   60.7000         TIME INC =  0.100000    
 *** MAX VISCOELASTIC STRAIN STEP = 0.1922E-06

     FORCE CONVERGENCE VALUE  =  0.1285E-07  CRITERION=  0.5000E-04
     DISP CONVERGENCE VALUE   =  0.1214E-06  CRITERION=  0.1633E-02 <<< CONVERGED
    EQUIL ITER   1 COMPLETED.  OLD TRIANG MATRIX.  MAX DOF INC= -0.1214E-06
     FORCE CONVERGENCE VALUE  =  0.8253E-08  CRITERION=  0.5000E-04 <<< CONVERGED
    >>> SOLUTION CONVERGED AFTER EQUILIBRIUM ITERATION   1
 *** LOAD STEP     4   SUBSTEP   288  COMPLETED.    CUM ITER =    814
 *** TIME =   60.8000         TIME INC =  0.100000    
 *** MAX VISCOELASTIC STRAIN STEP = 0.1919E-06

     FORCE CONVERGENCE VALUE  =  0.1291E-07  CRITERION=  0.5000E-04
     DISP CONVERGENCE VALUE   =  0.1210E-06  CRITERION=  0.1633E-02 <<< CONVERGED
    EQUIL ITER   1 COMPLETED.  OLD TRIANG MATRIX.  MAX DOF INC= -0.1210E-06
     FORCE CONVERGENCE VALUE  =  0.8293E-08  CRITERION=  0.5000E-04 <<< CONVERGED
    >>> SOLUTION CONVERGED AFTER EQUILIBRIUM ITERATION   1
 *** LOAD STEP     4   SUBSTEP   289  COMPLETED.    CUM ITER =    815
 *** TIME =   60.9000         TIME INC =  0.100000    
 *** MAX VISCOELASTIC STRAIN STEP = 0.1917E-06

     FORCE CONVERGENCE VALUE  =  0.1296E-07  CRITERION=  0.5000E-04
     DISP CONVERGENCE VALUE   =  0.1205E-06  CRITERION=  0.1633E-02 <<< CONVERGED
    EQUIL ITER   1 COMPLETED.  OLD TRIANG MATRIX.  MAX DOF INC= -0.1205E-06
     FORCE CONVERGENCE VALUE  =  0.8332E-08  CRITERION=  0.5000E-04 <<< CONVERGED
    >>> SOLUTION CONVERGED AFTER EQUILIBRIUM ITERATION   1
 *** LOAD STEP     4   SUBSTEP   290  COMPLETED.    CUM ITER =    816
 *** TIME =   61.0000         TIME INC =  0.100000    
 *** MAX VISCOELASTIC STRAIN STEP = 0.1915E-06

     FORCE CONVERGENCE VALUE  =  0.1302E-07  CRITERION=  0.5000E-04
     DISP CONVERGENCE VALUE   =  0.1200E-06  CRITERION=  0.1633E-02 <<< CONVERGED
    EQUIL ITER   1 COMPLETED.  OLD TRIANG MATRIX.  MAX DOF INC= -0.1200E-06
     FORCE CONVERGENCE VALUE  =  0.8370E-08  CRITERION=  0.5000E-04 <<< CONVERGED
    >>> SOLUTION CONVERGED AFTER EQUILIBRIUM ITERATION   1
 *** LOAD STEP     4   SUBSTEP   291  COMPLETED.    CUM ITER =    817
 *** TIME =   61.1000         TIME INC =  0.100000    
 *** MAX VISCOELASTIC STRAIN STEP = 0.1912E-06

     FORCE CONVERGENCE VALUE  =  0.1307E-07  CRITERION=  0.5000E-04
     DISP CONVERGENCE VALUE   =  0.1196E-06  CRITERION=  0.1633E-02 <<< CONVERGED
    EQUIL ITER   1 COMPLETED.  OLD TRIANG MATRIX.  MAX DOF INC= -0.1196E-06
     FORCE CONVERGENCE VALUE  =  0.8406E-08  CRITERION=  0.5000E-04 <<< CONVERGED
    >>> SOLUTION CONVERGED AFTER EQUILIBRIUM ITERATION   1
 *** LOAD STEP     4   SUBSTEP   292  COMPLETED.    CUM ITER =    818
 *** TIME =   61.2000         TIME INC =  0.100000    
 *** MAX VISCOELASTIC STRAIN STEP = 0.1910E-06

     FORCE CONVERGENCE VALUE  =  0.1312E-07  CRITERION=  0.5000E-04
     DISP CONVERGENCE VALUE   =  0.1192E-06  CRITERION=  0.1633E-02 <<< CONVERGED
    EQUIL ITER   1 COMPLETED.  OLD TRIANG MATRIX.  MAX DOF INC= -0.1192E-06
     FORCE CONVERGENCE VALUE  =  0.8440E-08  CRITERION=  0.5000E-04 <<< CONVERGED
    >>> SOLUTION CONVERGED AFTER EQUILIBRIUM ITERATION   1
 *** LOAD STEP     4   SUBSTEP   293  COMPLETED.    CUM ITER =    819
 *** TIME =   61.3000         TIME INC =  0.100000    
 *** MAX VISCOELASTIC STRAIN STEP = 0.1908E-06

     FORCE CONVERGENCE VALUE  =  0.1317E-07  CRITERION=  0.5000E-04
     DISP CONVERGENCE VALUE   =  0.1188E-06  CRITERION=  0.1633E-02 <<< CONVERGED
    EQUIL ITER   1 COMPLETED.  OLD TRIANG MATRIX.  MAX DOF INC= -0.1188E-06
     FORCE CONVERGENCE VALUE  =  0.8473E-08  CRITERION=  0.5000E-04 <<< CONVERGED
    >>> SOLUTION CONVERGED AFTER EQUILIBRIUM ITERATION   1
 *** LOAD STEP     4   SUBSTEP   294  COMPLETED.    CUM ITER =    820
 *** TIME =   61.4000         TIME INC =  0.100000    
 *** MAX VISCOELASTIC STRAIN STEP = 0.1905E-06

     FORCE CONVERGENCE VALUE  =  0.1321E-07  CRITERION=  0.5000E-04
     DISP CONVERGENCE VALUE   =  0.1184E-06  CRITERION=  0.1633E-02 <<< CONVERGED
    EQUIL ITER   1 COMPLETED.  OLD TRIANG MATRIX.  MAX DOF INC= -0.1184E-06
     FORCE CONVERGENCE VALUE  =  0.8504E-08  CRITERION=  0.5000E-04 <<< CONVERGED
    >>> SOLUTION CONVERGED AFTER EQUILIBRIUM ITERATION   1
 *** LOAD STEP     4   SUBSTEP   295  COMPLETED.    CUM ITER =    821
 *** TIME =   61.5000         TIME INC =  0.100000    
 *** MAX VISCOELASTIC STRAIN STEP = 0.1903E-06

     FORCE CONVERGENCE VALUE  =  0.1326E-07  CRITERION=  0.5000E-04
     DISP CONVERGENCE VALUE   =  0.1180E-06  CRITERION=  0.1633E-02 <<< CONVERGED
    EQUIL ITER   1 COMPLETED.  OLD TRIANG MATRIX.  MAX DOF INC= -0.1180E-06
     FORCE CONVERGENCE VALUE  =  0.8534E-08  CRITERION=  0.5000E-04 <<< CONVERGED
    >>> SOLUTION CONVERGED AFTER EQUILIBRIUM ITERATION   1
 *** LOAD STEP     4   SUBSTEP   296  COMPLETED.    CUM ITER =    822
 *** TIME =   61.6000         TIME INC =  0.100000    
 *** MAX VISCOELASTIC STRAIN STEP = 0.1901E-06

     FORCE CONVERGENCE VALUE  =  0.1330E-07  CRITERION=  0.5000E-04
     DISP CONVERGENCE VALUE   =  0.1176E-06  CRITERION=  0.1633E-02 <<< CONVERGED
    EQUIL ITER   1 COMPLETED.  OLD TRIANG MATRIX.  MAX DOF INC= -0.1176E-06
     FORCE CONVERGENCE VALUE  =  0.8562E-08  CRITERION=  0.5000E-04 <<< CONVERGED
    >>> SOLUTION CONVERGED AFTER EQUILIBRIUM ITERATION   1
 *** LOAD STEP     4   SUBSTEP   297  COMPLETED.    CUM ITER =    823
 *** TIME =   61.7000         TIME INC =  0.100000    
 *** MAX VISCOELASTIC STRAIN STEP = 0.1899E-06

     FORCE CONVERGENCE VALUE  =  0.1334E-07  CRITERION=  0.5000E-04
     DISP CONVERGENCE VALUE   =  0.1172E-06  CRITERION=  0.1633E-02 <<< CONVERGED
    EQUIL ITER   1 COMPLETED.  OLD TRIANG MATRIX.  MAX DOF INC= -0.1172E-06
     FORCE CONVERGENCE VALUE  =  0.8589E-08  CRITERION=  0.5000E-04 <<< CONVERGED
    >>> SOLUTION CONVERGED AFTER EQUILIBRIUM ITERATION   1
 *** LOAD STEP     4   SUBSTEP   298  COMPLETED.    CUM ITER =    824
 *** TIME =   61.8000         TIME INC =  0.100000    
 *** MAX VISCOELASTIC STRAIN STEP = 0.1896E-06

     FORCE CONVERGENCE VALUE  =  0.1337E-07  CRITERION=  0.5000E-04
     DISP CONVERGENCE VALUE   =  0.1168E-06  CRITERION=  0.1633E-02 <<< CONVERGED
    EQUIL ITER   1 COMPLETED.  OLD TRIANG MATRIX.  MAX DOF INC= -0.1168E-06
     FORCE CONVERGENCE VALUE  =  0.8615E-08  CRITERION=  0.5000E-04 <<< CONVERGED
    >>> SOLUTION CONVERGED AFTER EQUILIBRIUM ITERATION   1
 *** LOAD STEP     4   SUBSTEP   299  COMPLETED.    CUM ITER =    825
 *** TIME =   61.9000         TIME INC =  0.100000    
 *** MAX VISCOELASTIC STRAIN STEP = 0.1894E-06

     FORCE CONVERGENCE VALUE  =  0.1341E-07  CRITERION=  0.5000E-04
     DISP CONVERGENCE VALUE   =  0.1164E-06  CRITERION=  0.1633E-02 <<< CONVERGED
    EQUIL ITER   1 COMPLETED.  OLD TRIANG MATRIX.  MAX DOF INC= -0.1164E-06
     FORCE CONVERGENCE VALUE  =  0.8640E-08  CRITERION=  0.5000E-04 <<< CONVERGED
    >>> SOLUTION CONVERGED AFTER EQUILIBRIUM ITERATION   1
 *** LOAD STEP     4   SUBSTEP   300  COMPLETED.    CUM ITER =    826
 *** TIME =   62.0000         TIME INC =  0.100000    
 *** MAX VISCOELASTIC STRAIN STEP = 0.1892E-06

 FINISH SOLUTION PROCESSING


 ***** ROUTINE COMPLETED *****  ELAPSED TIME =       160.214



 *** MAPDL - ENGINEERING ANALYSIS SYSTEM  RELEASE 2026 R1          26.1     ***
 Ansys Mechanical Enterprise Academic Student      
 01055371  VERSION=WINDOWS x64   20:30:13  SEP 14, 2026 Elapsed Time=    160.229

 Stage 10 isothermal discretization verification                               



          ***** MAPDL RESULTS INTERPRETATION (POST1) *****

 *** NOTE ***                            ELAPSED TIME =     160.229   TIME= 20:30:13
 Reading results into the database (SET command) will update the current 
 displacement and force boundary conditions in the database with the     
 values from the results file for that load set.  Note that any          
 subsequent solutions will use these values unless action is taken to    
 either SAVE the current values or not overwrite them (/EXIT,NOSAVE).    


 USE LOAD STEP     0  SUBSTEP  LAST    FOR LOAD CASE 0 
 USE DATA SET FOR TIME OR FREQUENCY=  62.000    

 SET COMMAND GOT LOAD STEP=     4  SUBSTEP=   300  CUMULATIVE ITERATION=   826
   TIME/FREQUENCY=  62.000    
 TITLE= Stage 10 isothermal discretization verification                         

 STORE SEQV     FROM ITEM=S    COMP=EQV   FOR ALL SELECTED ELEMENTS

 OPENED FILE= top_nodes.csv FOR COMMAND FILE DATA 


 PARAMETER NIDV =     489.0000000    

 *GET  XV        FROM  NODE       489  ITEM=LOC  X     VALUE=  0.00000000     

 *GET  YV        FROM  NODE       489  ITEM=LOC  Y     VALUE=  4.00000000     

 *GET  UXV       FROM  NODE    489  ITEM=U    X     VALUE=  0.00000000    

 *GET  UYV       FROM  NODE    489  ITEM=U    Y     VALUE=  0.00000000    

 PARAMETER NIDV =     490.0000000    

 *GET  XV        FROM  NODE       490  ITEM=LOC  X     VALUE=  1.00000000     

 *GET  YV        FROM  NODE       490  ITEM=LOC  Y     VALUE=  4.00000000     

 *GET  UXV       FROM  NODE    490  ITEM=U    X     VALUE= 0.831429393E-04

 *GET  UYV       FROM  NODE    490  ITEM=U    Y     VALUE=-0.446773995E-04

 PARAMETER NIDV =     491.0000000    

 *GET  XV        FROM  NODE       491  ITEM=LOC  X     VALUE=  2.00000000     

 *GET  YV        FROM  NODE       491  ITEM=LOC  Y     VALUE=  4.00000000     

 *GET  UXV       FROM  NODE    491  ITEM=U    X     VALUE= 0.169806286E-03

 *GET  UYV       FROM  NODE    491  ITEM=U    Y     VALUE=-0.144668862E-03

 PARAMETER NIDV =     492.0000000    

 *GET  XV        FROM  NODE       492  ITEM=LOC  X     VALUE=  3.00000000     

 *GET  YV        FROM  NODE       492  ITEM=LOC  Y     VALUE=  4.00000000     

 *GET  UXV       FROM  NODE    492  ITEM=U    X     VALUE= 0.255809043E-03

 *GET  UYV       FROM  NODE    492  ITEM=U    Y     VALUE=-0.318478263E-03

 PARAMETER NIDV =     493.0000000    

 *GET  XV        FROM  NODE       493  ITEM=LOC  X     VALUE=  4.00000000     

 *GET  YV        FROM  NODE       493  ITEM=LOC  Y     VALUE=  4.00000000     

 *GET  UXV       FROM  NODE    493  ITEM=U    X     VALUE= 0.339288873E-03

 *GET  UYV       FROM  NODE    493  ITEM=U    Y     VALUE=-0.560894567E-03

 PARAMETER NIDV =     494.0000000    

 *GET  XV        FROM  NODE       494  ITEM=LOC  X     VALUE=  5.00000000     

 *GET  YV        FROM  NODE       494  ITEM=LOC  Y     VALUE=  4.00000000     

 *GET  UXV       FROM  NODE    494  ITEM=U    X     VALUE= 0.420704386E-03

 *GET  UYV       FROM  NODE    494  ITEM=U    Y     VALUE=-0.869800382E-03

 PARAMETER NIDV =     495.0000000    

 *GET  XV        FROM  NODE       495  ITEM=LOC  X     VALUE=  6.00000000     

 *GET  YV        FROM  NODE       495  ITEM=LOC  Y     VALUE=  4.00000000     

 *GET  UXV       FROM  NODE    495  ITEM=U    X     VALUE= 0.500497386E-03

 *GET  UYV       FROM  NODE    495  ITEM=U    Y     VALUE=-0.124370794E-02

 PARAMETER NIDV =     496.0000000    

 *GET  XV        FROM  NODE       496  ITEM=LOC  X     VALUE=  7.00000000     

 *GET  YV        FROM  NODE       496  ITEM=LOC  Y     VALUE=  4.00000000     

 *GET  UXV       FROM  NODE    496  ITEM=U    X     VALUE= 0.578810758E-03

 *GET  UYV       FROM  NODE    496  ITEM=U    Y     VALUE=-0.168148037E-02

 PARAMETER NIDV =     497.0000000    

 *GET  XV        FROM  NODE       497  ITEM=LOC  X     VALUE=  8.00000000     

 *GET  YV        FROM  NODE       497  ITEM=LOC  Y     VALUE=  4.00000000     

 *GET  UXV       FROM  NODE    497  ITEM=U    X     VALUE= 0.655670841E-03

 *GET  UYV       FROM  NODE    497  ITEM=U    Y     VALUE=-0.218197267E-02

 PARAMETER NIDV =     498.0000000    

 *GET  XV        FROM  NODE       498  ITEM=LOC  X     VALUE=  9.00000000     

 *GET  YV        FROM  NODE       498  ITEM=LOC  Y     VALUE=  4.00000000     

 *GET  UXV       FROM  NODE    498  ITEM=U    X     VALUE= 0.731074667E-03

 *GET  UYV       FROM  NODE    498  ITEM=U    Y     VALUE=-0.274402027E-02

 PARAMETER NIDV =     499.0000000    

 *GET  XV        FROM  NODE       499  ITEM=LOC  X     VALUE=  10.0000000     

 *GET  YV        FROM  NODE       499  ITEM=LOC  Y     VALUE=  4.00000000     

 *GET  UXV       FROM  NODE    499  ITEM=U    X     VALUE= 0.805017618E-03

 *GET  UYV       FROM  NODE    499  ITEM=U    Y     VALUE=-0.336644483E-02

 PARAMETER NIDV =     500.0000000    

 *GET  XV        FROM  NODE       500  ITEM=LOC  X     VALUE=  11.0000000     

 *GET  YV        FROM  NODE       500  ITEM=LOC  Y     VALUE=  4.00000000     

 *GET  UXV       FROM  NODE    500  ITEM=U    X     VALUE= 0.877497250E-03

 *GET  UYV       FROM  NODE    500  ITEM=U    Y     VALUE=-0.404806349E-02

 PARAMETER NIDV =     501.0000000    

 *GET  XV        FROM  NODE       501  ITEM=LOC  X     VALUE=  12.0000000     

 *GET  YV        FROM  NODE       501  ITEM=LOC  Y     VALUE=  4.00000000     

 *GET  UXV       FROM  NODE    501  ITEM=U    X     VALUE= 0.948512747E-03

 *GET  UYV       FROM  NODE    501  ITEM=U    Y     VALUE=-0.478769217E-02

 PARAMETER NIDV =     502.0000000    

 *GET  XV        FROM  NODE       502  ITEM=LOC  X     VALUE=  13.0000000     

 *GET  YV        FROM  NODE       502  ITEM=LOC  Y     VALUE=  4.00000000     

 *GET  UXV       FROM  NODE    502  ITEM=U    X     VALUE= 0.101806395E-02

 *GET  UYV       FROM  NODE    502  ITEM=U    Y     VALUE=-0.558414678E-02

 PARAMETER NIDV =     503.0000000    

 *GET  XV        FROM  NODE       503  ITEM=LOC  X     VALUE=  14.0000000     

 *GET  YV        FROM  NODE       503  ITEM=LOC  Y     VALUE=  4.00000000     

 *GET  UXV       FROM  NODE    503  ITEM=U    X     VALUE= 0.108615086E-02

 *GET  UYV       FROM  NODE    503  ITEM=U    Y     VALUE=-0.643624333E-02

 PARAMETER NIDV =     504.0000000    

 *GET  XV        FROM  NODE       504  ITEM=LOC  X     VALUE=  15.0000000     

 *GET  YV        FROM  NODE       504  ITEM=LOC  Y     VALUE=  4.00000000     

 *GET  UXV       FROM  NODE    504  ITEM=U    X     VALUE= 0.115277352E-02

 *GET  UYV       FROM  NODE    504  ITEM=U    Y     VALUE=-0.734279790E-02

 PARAMETER NIDV =     505.0000000    

 *GET  XV        FROM  NODE       505  ITEM=LOC  X     VALUE=  16.0000000     

 *GET  YV        FROM  NODE       505  ITEM=LOC  Y     VALUE=  4.00000000     

 *GET  UXV       FROM  NODE    505  ITEM=U    X     VALUE= 0.121793194E-02

 *GET  UYV       FROM  NODE    505  ITEM=U    Y     VALUE=-0.830262663E-02

 PARAMETER NIDV =     506.0000000    

 *GET  XV        FROM  NODE       506  ITEM=LOC  X     VALUE=  17.0000000     

 *GET  YV        FROM  NODE       506  ITEM=LOC  Y     VALUE=  4.00000000     

 *GET  UXV       FROM  NODE    506  ITEM=U    X     VALUE= 0.128162613E-02

 *GET  UYV       FROM  NODE    506  ITEM=U    Y     VALUE=-0.931454565E-02

 PARAMETER NIDV =     507.0000000    

 *GET  XV        FROM  NODE       507  ITEM=LOC  X     VALUE=  18.0000000     

 *GET  YV        FROM  NODE       507  ITEM=LOC  Y     VALUE=  4.00000000     

 *GET  UXV       FROM  NODE    507  ITEM=U    X     VALUE= 0.134385608E-02

 *GET  UYV       FROM  NODE    507  ITEM=U    Y     VALUE=-0.103773711E-01

 PARAMETER NIDV =     508.0000000    

 *GET  XV        FROM  NODE       508  ITEM=LOC  X     VALUE=  19.0000000     

 *GET  YV        FROM  NODE       508  ITEM=LOC  Y     VALUE=  4.00000000     

 *GET  UXV       FROM  NODE    508  ITEM=U    X     VALUE= 0.140462180E-02

 *GET  UYV       FROM  NODE    508  ITEM=U    Y     VALUE=-0.114899191E-01

 PARAMETER NIDV =     509.0000000    

 *GET  XV        FROM  NODE       509  ITEM=LOC  X     VALUE=  20.0000000     

 *GET  YV        FROM  NODE       509  ITEM=LOC  Y     VALUE=  4.00000000     

 *GET  UXV       FROM  NODE    509  ITEM=U    X     VALUE= 0.146392328E-02

 *GET  UYV       FROM  NODE    509  ITEM=U    Y     VALUE=-0.126510057E-01

 PARAMETER NIDV =     510.0000000    

 *GET  XV        FROM  NODE       510  ITEM=LOC  X     VALUE=  21.0000000     

 *GET  YV        FROM  NODE       510  ITEM=LOC  Y     VALUE=  4.00000000     

 *GET  UXV       FROM  NODE    510  ITEM=U    X     VALUE= 0.152176053E-02

 *GET  UYV       FROM  NODE    510  ITEM=U    Y     VALUE=-0.138594472E-01

 PARAMETER NIDV =     511.0000000    

 *GET  XV        FROM  NODE       511  ITEM=LOC  X     VALUE=  22.0000000     

 *GET  YV        FROM  NODE       511  ITEM=LOC  Y     VALUE=  4.00000000     

 *GET  UXV       FROM  NODE    511  ITEM=U    X     VALUE= 0.157813355E-02

 *GET  UYV       FROM  NODE    511  ITEM=U    Y     VALUE=-0.151140596E-01

 PARAMETER NIDV =     512.0000000    

 *GET  XV        FROM  NODE       512  ITEM=LOC  X     VALUE=  23.0000000     

 *GET  YV        FROM  NODE       512  ITEM=LOC  Y     VALUE=  4.00000000     

 *GET  UXV       FROM  NODE    512  ITEM=U    X     VALUE= 0.163304233E-02

 *GET  UYV       FROM  NODE    512  ITEM=U    Y     VALUE=-0.164136590E-01

 PARAMETER NIDV =     513.0000000    

 *GET  XV        FROM  NODE       513  ITEM=LOC  X     VALUE=  24.0000000     

 *GET  YV        FROM  NODE       513  ITEM=LOC  Y     VALUE=  4.00000000     

 *GET  UXV       FROM  NODE    513  ITEM=U    X     VALUE= 0.168648688E-02

 *GET  UYV       FROM  NODE    513  ITEM=U    Y     VALUE=-0.177570617E-01

 PARAMETER NIDV =     514.0000000    

 *GET  XV        FROM  NODE       514  ITEM=LOC  X     VALUE=  25.0000000     

 *GET  YV        FROM  NODE       514  ITEM=LOC  Y     VALUE=  4.00000000     

 *GET  UXV       FROM  NODE    514  ITEM=U    X     VALUE= 0.173846719E-02

 *GET  UYV       FROM  NODE    514  ITEM=U    Y     VALUE=-0.191430837E-01

 PARAMETER NIDV =     515.0000000    

 *GET  XV        FROM  NODE       515  ITEM=LOC  X     VALUE=  26.0000000     

 *GET  YV        FROM  NODE       515  ITEM=LOC  Y     VALUE=  4.00000000     

 *GET  UXV       FROM  NODE    515  ITEM=U    X     VALUE= 0.178898327E-02

 *GET  UYV       FROM  NODE    515  ITEM=U    Y     VALUE=-0.205705411E-01

 PARAMETER NIDV =     516.0000000    

 *GET  XV        FROM  NODE       516  ITEM=LOC  X     VALUE=  27.0000000     

 *GET  YV        FROM  NODE       516  ITEM=LOC  Y     VALUE=  4.00000000     

 *GET  UXV       FROM  NODE    516  ITEM=U    X     VALUE= 0.183803512E-02

 *GET  UYV       FROM  NODE    516  ITEM=U    Y     VALUE=-0.220382502E-01

 PARAMETER NIDV =     517.0000000    

 *GET  XV        FROM  NODE       517  ITEM=LOC  X     VALUE=  28.0000000     

 *GET  YV        FROM  NODE       517  ITEM=LOC  Y     VALUE=  4.00000000     

 *GET  UXV       FROM  NODE    517  ITEM=U    X     VALUE= 0.188562273E-02

 *GET  UYV       FROM  NODE    517  ITEM=U    Y     VALUE=-0.235450269E-01

 PARAMETER NIDV =     518.0000000    

 *GET  XV        FROM  NODE       518  ITEM=LOC  X     VALUE=  29.0000000     

 *GET  YV        FROM  NODE       518  ITEM=LOC  Y     VALUE=  4.00000000     

 *GET  UXV       FROM  NODE    518  ITEM=U    X     VALUE= 0.193174610E-02

 *GET  UYV       FROM  NODE    518  ITEM=U    Y     VALUE=-0.250896875E-01

 PARAMETER NIDV =     519.0000000    

 *GET  XV        FROM  NODE       519  ITEM=LOC  X     VALUE=  30.0000000     

 *GET  YV        FROM  NODE       519  ITEM=LOC  Y     VALUE=  4.00000000     

 *GET  UXV       FROM  NODE    519  ITEM=U    X     VALUE= 0.197640524E-02

 *GET  UYV       FROM  NODE    519  ITEM=U    Y     VALUE=-0.266710481E-01

 PARAMETER NIDV =     520.0000000    

 *GET  XV        FROM  NODE       520  ITEM=LOC  X     VALUE=  31.0000000     

 *GET  YV        FROM  NODE       520  ITEM=LOC  Y     VALUE=  4.00000000     

 *GET  UXV       FROM  NODE    520  ITEM=U    X     VALUE= 0.201960015E-02

 *GET  UYV       FROM  NODE    520  ITEM=U    Y     VALUE=-0.282879248E-01

 PARAMETER NIDV =     521.0000000    

 *GET  XV        FROM  NODE       521  ITEM=LOC  X     VALUE=  32.0000000     

 *GET  YV        FROM  NODE       521  ITEM=LOC  Y     VALUE=  4.00000000     

 *GET  UXV       FROM  NODE    521  ITEM=U    X     VALUE= 0.206133083E-02

 *GET  UYV       FROM  NODE    521  ITEM=U    Y     VALUE=-0.299391337E-01

 PARAMETER NIDV =     522.0000000    

 *GET  XV        FROM  NODE       522  ITEM=LOC  X     VALUE=  33.0000000     

 *GET  YV        FROM  NODE       522  ITEM=LOC  Y     VALUE=  4.00000000     

 *GET  UXV       FROM  NODE    522  ITEM=U    X     VALUE= 0.210159727E-02

 *GET  UYV       FROM  NODE    522  ITEM=U    Y     VALUE=-0.316234909E-01

 PARAMETER NIDV =     523.0000000    

 *GET  XV        FROM  NODE       523  ITEM=LOC  X     VALUE=  34.0000000     

 *GET  YV        FROM  NODE       523  ITEM=LOC  Y     VALUE=  4.00000000     

 *GET  UXV       FROM  NODE    523  ITEM=U    X     VALUE= 0.214039947E-02

 *GET  UYV       FROM  NODE    523  ITEM=U    Y     VALUE=-0.333398127E-01

 PARAMETER NIDV =     524.0000000    

 *GET  XV        FROM  NODE       524  ITEM=LOC  X     VALUE=  35.0000000     

 *GET  YV        FROM  NODE       524  ITEM=LOC  Y     VALUE=  4.00000000     

 *GET  UXV       FROM  NODE    524  ITEM=U    X     VALUE= 0.217773744E-02

 *GET  UYV       FROM  NODE    524  ITEM=U    Y     VALUE=-0.350869151E-01

 PARAMETER NIDV =     525.0000000    

 *GET  XV        FROM  NODE       525  ITEM=LOC  X     VALUE=  36.0000000     

 *GET  YV        FROM  NODE       525  ITEM=LOC  Y     VALUE=  4.00000000     

 *GET  UXV       FROM  NODE    525  ITEM=U    X     VALUE= 0.221361118E-02

 *GET  UYV       FROM  NODE    525  ITEM=U    Y     VALUE=-0.368636143E-01

 PARAMETER NIDV =     526.0000000    

 *GET  XV        FROM  NODE       526  ITEM=LOC  X     VALUE=  37.0000000     

 *GET  YV        FROM  NODE       526  ITEM=LOC  Y     VALUE=  4.00000000     

 *GET  UXV       FROM  NODE    526  ITEM=U    X     VALUE= 0.224802068E-02

 *GET  UYV       FROM  NODE    526  ITEM=U    Y     VALUE=-0.386687263E-01

 PARAMETER NIDV =     527.0000000    

 *GET  XV        FROM  NODE       527  ITEM=LOC  X     VALUE=  38.0000000     

 *GET  YV        FROM  NODE       527  ITEM=LOC  Y     VALUE=  4.00000000     

 *GET  UXV       FROM  NODE    527  ITEM=U    X     VALUE= 0.228096595E-02

 *GET  UYV       FROM  NODE    527  ITEM=U    Y     VALUE=-0.405010673E-01

 PARAMETER NIDV =     528.0000000    

 *GET  XV        FROM  NODE       528  ITEM=LOC  X     VALUE=  39.0000000     

 *GET  YV        FROM  NODE       528  ITEM=LOC  Y     VALUE=  4.00000000     

 *GET  UXV       FROM  NODE    528  ITEM=U    X     VALUE= 0.231244699E-02

 *GET  UYV       FROM  NODE    528  ITEM=U    Y     VALUE=-0.423594535E-01

 PARAMETER NIDV =     529.0000000    

 *GET  XV        FROM  NODE       529  ITEM=LOC  X     VALUE=  40.0000000     

 *GET  YV        FROM  NODE       529  ITEM=LOC  Y     VALUE=  4.00000000     

 *GET  UXV       FROM  NODE    529  ITEM=U    X     VALUE= 0.234246379E-02

 *GET  UYV       FROM  NODE    529  ITEM=U    Y     VALUE=-0.442427010E-01

 PARAMETER NIDV =     530.0000000    

 *GET  XV        FROM  NODE       530  ITEM=LOC  X     VALUE=  41.0000000     

 *GET  YV        FROM  NODE       530  ITEM=LOC  Y     VALUE=  4.00000000     

 *GET  UXV       FROM  NODE    530  ITEM=U    X     VALUE= 0.237101636E-02

 *GET  UYV       FROM  NODE    530  ITEM=U    Y     VALUE=-0.461496259E-01

 PARAMETER NIDV =     531.0000000    

 *GET  XV        FROM  NODE       531  ITEM=LOC  X     VALUE=  42.0000000     

 *GET  YV        FROM  NODE       531  ITEM=LOC  Y     VALUE=  4.00000000     

 *GET  UXV       FROM  NODE    531  ITEM=U    X     VALUE= 0.239810469E-02

 *GET  UYV       FROM  NODE    531  ITEM=U    Y     VALUE=-0.480790443E-01

 PARAMETER NIDV =     532.0000000    

 *GET  XV        FROM  NODE       532  ITEM=LOC  X     VALUE=  43.0000000     

 *GET  YV        FROM  NODE       532  ITEM=LOC  Y     VALUE=  4.00000000     

 *GET  UXV       FROM  NODE    532  ITEM=U    X     VALUE= 0.242372879E-02

 *GET  UYV       FROM  NODE    532  ITEM=U    Y     VALUE=-0.500297723E-01

 PARAMETER NIDV =     533.0000000    

 *GET  XV        FROM  NODE       533  ITEM=LOC  X     VALUE=  44.0000000     

 *GET  YV        FROM  NODE       533  ITEM=LOC  Y     VALUE=  4.00000000     

 *GET  UXV       FROM  NODE    533  ITEM=U    X     VALUE= 0.244788865E-02

 *GET  UYV       FROM  NODE    533  ITEM=U    Y     VALUE=-0.520006262E-01

 PARAMETER NIDV =     534.0000000    

 *GET  XV        FROM  NODE       534  ITEM=LOC  X     VALUE=  45.0000000     

 *GET  YV        FROM  NODE       534  ITEM=LOC  Y     VALUE=  4.00000000     

 *GET  UXV       FROM  NODE    534  ITEM=U    X     VALUE= 0.247058428E-02

 *GET  UYV       FROM  NODE    534  ITEM=U    Y     VALUE=-0.539904220E-01

 PARAMETER NIDV =     535.0000000    

 *GET  XV        FROM  NODE       535  ITEM=LOC  X     VALUE=  46.0000000     

 *GET  YV        FROM  NODE       535  ITEM=LOC  Y     VALUE=  4.00000000     

 *GET  UXV       FROM  NODE    535  ITEM=U    X     VALUE= 0.249181567E-02

 *GET  UYV       FROM  NODE    535  ITEM=U    Y     VALUE=-0.559979758E-01

 PARAMETER NIDV =     536.0000000    

 *GET  XV        FROM  NODE       536  ITEM=LOC  X     VALUE=  47.0000000     

 *GET  YV        FROM  NODE       536  ITEM=LOC  Y     VALUE=  4.00000000     

 *GET  UXV       FROM  NODE    536  ITEM=U    X     VALUE= 0.251158283E-02

 *GET  UYV       FROM  NODE    536  ITEM=U    Y     VALUE=-0.580221038E-01

 PARAMETER NIDV =     537.0000000    

 *GET  XV        FROM  NODE       537  ITEM=LOC  X     VALUE=  48.0000000     

 *GET  YV        FROM  NODE       537  ITEM=LOC  Y     VALUE=  4.00000000     

 *GET  UXV       FROM  NODE    537  ITEM=U    X     VALUE= 0.252988576E-02

 *GET  UYV       FROM  NODE    537  ITEM=U    Y     VALUE=-0.600616221E-01

 PARAMETER NIDV =     538.0000000    

 *GET  XV        FROM  NODE       538  ITEM=LOC  X     VALUE=  49.0000000     

 *GET  YV        FROM  NODE       538  ITEM=LOC  Y     VALUE=  4.00000000     

 *GET  UXV       FROM  NODE    538  ITEM=U    X     VALUE= 0.254672443E-02

 *GET  UYV       FROM  NODE    538  ITEM=U    Y     VALUE=-0.621153469E-01

 PARAMETER NIDV =     539.0000000    

 *GET  XV        FROM  NODE       539  ITEM=LOC  X     VALUE=  50.0000000     

 *GET  YV        FROM  NODE       539  ITEM=LOC  Y     VALUE=  4.00000000     

 *GET  UXV       FROM  NODE    539  ITEM=U    X     VALUE= 0.256209887E-02

 *GET  UYV       FROM  NODE    539  ITEM=U    Y     VALUE=-0.641820942E-01

 PARAMETER NIDV =     540.0000000    

 *GET  XV        FROM  NODE       540  ITEM=LOC  X     VALUE=  51.0000000     

 *GET  YV        FROM  NODE       540  ITEM=LOC  Y     VALUE=  4.00000000     

 *GET  UXV       FROM  NODE    540  ITEM=U    X     VALUE= 0.257600912E-02

 *GET  UYV       FROM  NODE    540  ITEM=U    Y     VALUE=-0.662606801E-01

 PARAMETER NIDV =     541.0000000    

 *GET  XV        FROM  NODE       541  ITEM=LOC  X     VALUE=  52.0000000     

 *GET  YV        FROM  NODE       541  ITEM=LOC  Y     VALUE=  4.00000000     

 *GET  UXV       FROM  NODE    541  ITEM=U    X     VALUE= 0.258845538E-02

 *GET  UYV       FROM  NODE    541  ITEM=U    Y     VALUE=-0.683499208E-01

 PARAMETER NIDV =     542.0000000    

 *GET  XV        FROM  NODE       542  ITEM=LOC  X     VALUE=  53.0000000     

 *GET  YV        FROM  NODE       542  ITEM=LOC  Y     VALUE=  4.00000000     

 *GET  UXV       FROM  NODE    542  ITEM=U    X     VALUE= 0.259943813E-02

 *GET  UYV       FROM  NODE    542  ITEM=U    Y     VALUE=-0.704486327E-01

 PARAMETER NIDV =     543.0000000    

 *GET  XV        FROM  NODE       543  ITEM=LOC  X     VALUE=  54.0000000     

 *GET  YV        FROM  NODE       543  ITEM=LOC  Y     VALUE=  4.00000000     

 *GET  UXV       FROM  NODE    543  ITEM=U    X     VALUE= 0.260895807E-02

 *GET  UYV       FROM  NODE    543  ITEM=U    Y     VALUE=-0.725556334E-01

 PARAMETER NIDV =     544.0000000    

 *GET  XV        FROM  NODE       544  ITEM=LOC  X     VALUE=  55.0000000     

 *GET  YV        FROM  NODE       544  ITEM=LOC  Y     VALUE=  4.00000000     

 *GET  UXV       FROM  NODE    544  ITEM=U    X     VALUE= 0.261701464E-02

 *GET  UYV       FROM  NODE    544  ITEM=U    Y     VALUE=-0.746697430E-01

 PARAMETER NIDV =     545.0000000    

 *GET  XV        FROM  NODE       545  ITEM=LOC  X     VALUE=  56.0000000     

 *GET  YV        FROM  NODE       545  ITEM=LOC  Y     VALUE=  4.00000000     

 *GET  UXV       FROM  NODE    545  ITEM=U    X     VALUE= 0.262359889E-02

 *GET  UYV       FROM  NODE    545  ITEM=U    Y     VALUE=-0.767897842E-01

 PARAMETER NIDV =     546.0000000    

 *GET  XV        FROM  NODE       546  ITEM=LOC  X     VALUE=  57.0000000     

 *GET  YV        FROM  NODE       546  ITEM=LOC  Y     VALUE=  4.00000000     

 *GET  UXV       FROM  NODE    546  ITEM=U    X     VALUE= 0.262867653E-02

 *GET  UYV       FROM  NODE    546  ITEM=U    Y     VALUE=-0.789145665E-01

 PARAMETER NIDV =     547.0000000    

 *GET  XV        FROM  NODE       547  ITEM=LOC  X     VALUE=  58.0000000     

 *GET  YV        FROM  NODE       547  ITEM=LOC  Y     VALUE=  4.00000000     

 *GET  UXV       FROM  NODE    547  ITEM=U    X     VALUE= 0.263218265E-02

 *GET  UYV       FROM  NODE    547  ITEM=U    Y     VALUE=-0.810428306E-01

 PARAMETER NIDV =     548.0000000    

 *GET  XV        FROM  NODE       548  ITEM=LOC  X     VALUE=  59.0000000     

 *GET  YV        FROM  NODE       548  ITEM=LOC  Y     VALUE=  4.00000000     

 *GET  UXV       FROM  NODE    548  ITEM=U    X     VALUE= 0.263413521E-02

 *GET  UYV       FROM  NODE    548  ITEM=U    Y     VALUE=-0.831731685E-01

 PARAMETER NIDV =     549.0000000    

 *GET  XV        FROM  NODE       549  ITEM=LOC  X     VALUE=  60.0000000     

 *GET  YV        FROM  NODE       549  ITEM=LOC  Y     VALUE=  4.00000000     

 *GET  UXV       FROM  NODE    549  ITEM=U    X     VALUE= 0.263477845E-02

 *GET  UYV       FROM  NODE    549  ITEM=U    Y     VALUE=-0.853044902E-01

  COMMAND FILE CLOSED 


 OPENED FILE= element_stress.csv FOR COMMAND FILE DATA 


 PARAMETER EIDV =     1.000000000    

 *GET  XV        FROM  ELEM         1  ITEM=CENT X         VALUE= 0.500000000    

 *GET  YV        FROM  ELEM         1  ITEM=CENT Y         VALUE= 0.250000000    

 *GET  SV        FROM  ELEM         1  ITEM=ETAB SEQV      VALUE= 0.636010991E-03

 PARAMETER EIDV =     2.000000000    

 *GET  XV        FROM  ELEM         2  ITEM=CENT X         VALUE=  1.50000000    

 *GET  YV        FROM  ELEM         2  ITEM=CENT Y         VALUE= 0.250000000    

 *GET  SV        FROM  ELEM         2  ITEM=ETAB SEQV      VALUE= 0.722203975E-03

 PARAMETER EIDV =     3.000000000    

 *GET  XV        FROM  ELEM         3  ITEM=CENT X         VALUE=  2.50000000    

 *GET  YV        FROM  ELEM         3  ITEM=CENT Y         VALUE= 0.250000000    

 *GET  SV        FROM  ELEM         3  ITEM=ETAB SEQV      VALUE= 0.696352158E-03

 PARAMETER EIDV =     4.000000000    

 *GET  XV        FROM  ELEM         4  ITEM=CENT X         VALUE=  3.50000000    

 *GET  YV        FROM  ELEM         4  ITEM=CENT Y         VALUE= 0.250000000    

 *GET  SV        FROM  ELEM         4  ITEM=ETAB SEQV      VALUE= 0.668075470E-03

 PARAMETER EIDV =     5.000000000    

 *GET  XV        FROM  ELEM         5  ITEM=CENT X         VALUE=  4.50000000    

 *GET  YV        FROM  ELEM         5  ITEM=CENT Y         VALUE= 0.250000000    

 *GET  SV        FROM  ELEM         5  ITEM=ETAB SEQV      VALUE= 0.647545432E-03

 PARAMETER EIDV =     6.000000000    

 *GET  XV        FROM  ELEM         6  ITEM=CENT X         VALUE=  5.50000000    

 *GET  YV        FROM  ELEM         6  ITEM=CENT Y         VALUE= 0.250000000    

 *GET  SV        FROM  ELEM         6  ITEM=ETAB SEQV      VALUE= 0.633879958E-03

 PARAMETER EIDV =     7.000000000    

 *GET  XV        FROM  ELEM         7  ITEM=CENT X         VALUE=  6.50000000    

 *GET  YV        FROM  ELEM         7  ITEM=CENT Y         VALUE= 0.250000000    

 *GET  SV        FROM  ELEM         7  ITEM=ETAB SEQV      VALUE= 0.622165712E-03

 PARAMETER EIDV =     8.000000000    

 *GET  XV        FROM  ELEM         8  ITEM=CENT X         VALUE=  7.50000000    

 *GET  YV        FROM  ELEM         8  ITEM=CENT Y         VALUE= 0.250000000    

 *GET  SV        FROM  ELEM         8  ITEM=ETAB SEQV      VALUE= 0.610745700E-03

 PARAMETER EIDV =     9.000000000    

 *GET  XV        FROM  ELEM         9  ITEM=CENT X         VALUE=  8.50000000    

 *GET  YV        FROM  ELEM         9  ITEM=CENT Y         VALUE= 0.250000000    

 *GET  SV        FROM  ELEM         9  ITEM=ETAB SEQV      VALUE= 0.599239075E-03

 PARAMETER EIDV =     10.00000000    

 *GET  XV        FROM  ELEM        10  ITEM=CENT X         VALUE=  9.50000000    

 *GET  YV        FROM  ELEM        10  ITEM=CENT Y         VALUE= 0.250000000    

 *GET  SV        FROM  ELEM        10  ITEM=ETAB SEQV      VALUE= 0.587651184E-03

 PARAMETER EIDV =     11.00000000    

 *GET  XV        FROM  ELEM        11  ITEM=CENT X         VALUE=  10.5000000    

 *GET  YV        FROM  ELEM        11  ITEM=CENT Y         VALUE= 0.250000000    

 *GET  SV        FROM  ELEM        11  ITEM=ETAB SEQV      VALUE= 0.576026786E-03

 PARAMETER EIDV =     12.00000000    

 *GET  XV        FROM  ELEM        12  ITEM=CENT X         VALUE=  11.5000000    

 *GET  YV        FROM  ELEM        12  ITEM=CENT Y         VALUE= 0.250000000    

 *GET  SV        FROM  ELEM        12  ITEM=ETAB SEQV      VALUE= 0.564391694E-03

 PARAMETER EIDV =     13.00000000    

 *GET  XV        FROM  ELEM        13  ITEM=CENT X         VALUE=  12.5000000    

 *GET  YV        FROM  ELEM        13  ITEM=CENT Y         VALUE= 0.250000000    

 *GET  SV        FROM  ELEM        13  ITEM=ETAB SEQV      VALUE= 0.552755066E-03

 PARAMETER EIDV =     14.00000000    

 *GET  XV        FROM  ELEM        14  ITEM=CENT X         VALUE=  13.5000000    

 *GET  YV        FROM  ELEM        14  ITEM=CENT Y         VALUE= 0.250000000    

 *GET  SV        FROM  ELEM        14  ITEM=ETAB SEQV      VALUE= 0.541118926E-03

 PARAMETER EIDV =     15.00000000    

 *GET  XV        FROM  ELEM        15  ITEM=CENT X         VALUE=  14.5000000    

 *GET  YV        FROM  ELEM        15  ITEM=CENT Y         VALUE= 0.250000000    

 *GET  SV        FROM  ELEM        15  ITEM=ETAB SEQV      VALUE= 0.529483278E-03

 PARAMETER EIDV =     16.00000000    

 *GET  XV        FROM  ELEM        16  ITEM=CENT X         VALUE=  15.5000000    

 *GET  YV        FROM  ELEM        16  ITEM=CENT Y         VALUE= 0.250000000    

 *GET  SV        FROM  ELEM        16  ITEM=ETAB SEQV      VALUE= 0.517847888E-03

 PARAMETER EIDV =     17.00000000    

 *GET  XV        FROM  ELEM        17  ITEM=CENT X         VALUE=  16.5000000    

 *GET  YV        FROM  ELEM        17  ITEM=CENT Y         VALUE= 0.250000000    

 *GET  SV        FROM  ELEM        17  ITEM=ETAB SEQV      VALUE= 0.506212621E-03

 PARAMETER EIDV =     18.00000000    

 *GET  XV        FROM  ELEM        18  ITEM=CENT X         VALUE=  17.5000000    

 *GET  YV        FROM  ELEM        18  ITEM=CENT Y         VALUE= 0.250000000    

 *GET  SV        FROM  ELEM        18  ITEM=ETAB SEQV      VALUE= 0.494577396E-03

 PARAMETER EIDV =     19.00000000    

 *GET  XV        FROM  ELEM        19  ITEM=CENT X         VALUE=  18.5000000    

 *GET  YV        FROM  ELEM        19  ITEM=CENT Y         VALUE= 0.250000000    

 *GET  SV        FROM  ELEM        19  ITEM=ETAB SEQV      VALUE= 0.482942201E-03

 PARAMETER EIDV =     20.00000000    

 *GET  XV        FROM  ELEM        20  ITEM=CENT X         VALUE=  19.5000000    

 *GET  YV        FROM  ELEM        20  ITEM=CENT Y         VALUE= 0.250000000    

 *GET  SV        FROM  ELEM        20  ITEM=ETAB SEQV      VALUE= 0.471307062E-03

 PARAMETER EIDV =     21.00000000    

 *GET  XV        FROM  ELEM        21  ITEM=CENT X         VALUE=  20.5000000    

 *GET  YV        FROM  ELEM        21  ITEM=CENT Y         VALUE= 0.250000000    

 *GET  SV        FROM  ELEM        21  ITEM=ETAB SEQV      VALUE= 0.459671989E-03

 PARAMETER EIDV =     22.00000000    

 *GET  XV        FROM  ELEM        22  ITEM=CENT X         VALUE=  21.5000000    

 *GET  YV        FROM  ELEM        22  ITEM=CENT Y         VALUE= 0.250000000    

 *GET  SV        FROM  ELEM        22  ITEM=ETAB SEQV      VALUE= 0.448036950E-03

 PARAMETER EIDV =     23.00000000    

 *GET  XV        FROM  ELEM        23  ITEM=CENT X         VALUE=  22.5000000    

 *GET  YV        FROM  ELEM        23  ITEM=CENT Y         VALUE= 0.250000000    

 *GET  SV        FROM  ELEM        23  ITEM=ETAB SEQV      VALUE= 0.436401971E-03

 PARAMETER EIDV =     24.00000000    

 *GET  XV        FROM  ELEM        24  ITEM=CENT X         VALUE=  23.5000000    

 *GET  YV        FROM  ELEM        24  ITEM=CENT Y         VALUE= 0.250000000    

 *GET  SV        FROM  ELEM        24  ITEM=ETAB SEQV      VALUE= 0.424767079E-03

 PARAMETER EIDV =     25.00000000    

 *GET  XV        FROM  ELEM        25  ITEM=CENT X         VALUE=  24.5000000    

 *GET  YV        FROM  ELEM        25  ITEM=CENT Y         VALUE= 0.250000000    

 *GET  SV        FROM  ELEM        25  ITEM=ETAB SEQV      VALUE= 0.413132244E-03

 PARAMETER EIDV =     26.00000000    

 *GET  XV        FROM  ELEM        26  ITEM=CENT X         VALUE=  25.5000000    

 *GET  YV        FROM  ELEM        26  ITEM=CENT Y         VALUE= 0.250000000    

 *GET  SV        FROM  ELEM        26  ITEM=ETAB SEQV      VALUE= 0.401497478E-03

 PARAMETER EIDV =     27.00000000    

 *GET  XV        FROM  ELEM        27  ITEM=CENT X         VALUE=  26.5000000    

 *GET  YV        FROM  ELEM        27  ITEM=CENT Y         VALUE= 0.250000000    

 *GET  SV        FROM  ELEM        27  ITEM=ETAB SEQV      VALUE= 0.389862796E-03

 PARAMETER EIDV =     28.00000000    

 *GET  XV        FROM  ELEM        28  ITEM=CENT X         VALUE=  27.5000000    

 *GET  YV        FROM  ELEM        28  ITEM=CENT Y         VALUE= 0.250000000    

 *GET  SV        FROM  ELEM        28  ITEM=ETAB SEQV      VALUE= 0.378228213E-03

 PARAMETER EIDV =     29.00000000    

 *GET  XV        FROM  ELEM        29  ITEM=CENT X         VALUE=  28.5000000    

 *GET  YV        FROM  ELEM        29  ITEM=CENT Y         VALUE= 0.250000000    

 *GET  SV        FROM  ELEM        29  ITEM=ETAB SEQV      VALUE= 0.366593719E-03

 PARAMETER EIDV =     30.00000000    

 *GET  XV        FROM  ELEM        30  ITEM=CENT X         VALUE=  29.5000000    

 *GET  YV        FROM  ELEM        30  ITEM=CENT Y         VALUE= 0.250000000    

 *GET  SV        FROM  ELEM        30  ITEM=ETAB SEQV      VALUE= 0.354959354E-03

 PARAMETER EIDV =     31.00000000    

 *GET  XV        FROM  ELEM        31  ITEM=CENT X         VALUE=  30.5000000    

 *GET  YV        FROM  ELEM        31  ITEM=CENT Y         VALUE= 0.250000000    

 *GET  SV        FROM  ELEM        31  ITEM=ETAB SEQV      VALUE= 0.343325106E-03

 PARAMETER EIDV =     32.00000000    

 *GET  XV        FROM  ELEM        32  ITEM=CENT X         VALUE=  31.5000000    

 *GET  YV        FROM  ELEM        32  ITEM=CENT Y         VALUE= 0.250000000    

 *GET  SV        FROM  ELEM        32  ITEM=ETAB SEQV      VALUE= 0.331690992E-03

 PARAMETER EIDV =     33.00000000    

 *GET  XV        FROM  ELEM        33  ITEM=CENT X         VALUE=  32.5000000    

 *GET  YV        FROM  ELEM        33  ITEM=CENT Y         VALUE= 0.250000000    

 *GET  SV        FROM  ELEM        33  ITEM=ETAB SEQV      VALUE= 0.320057020E-03

 PARAMETER EIDV =     34.00000000    

 *GET  XV        FROM  ELEM        34  ITEM=CENT X         VALUE=  33.5000000    

 *GET  YV        FROM  ELEM        34  ITEM=CENT Y         VALUE= 0.250000000    

 *GET  SV        FROM  ELEM        34  ITEM=ETAB SEQV      VALUE= 0.308423213E-03

 PARAMETER EIDV =     35.00000000    

 *GET  XV        FROM  ELEM        35  ITEM=CENT X         VALUE=  34.5000000    

 *GET  YV        FROM  ELEM        35  ITEM=CENT Y         VALUE= 0.250000000    

 *GET  SV        FROM  ELEM        35  ITEM=ETAB SEQV      VALUE= 0.296789598E-03

 PARAMETER EIDV =     36.00000000    

 *GET  XV        FROM  ELEM        36  ITEM=CENT X         VALUE=  35.5000000    

 *GET  YV        FROM  ELEM        36  ITEM=CENT Y         VALUE= 0.250000000    

 *GET  SV        FROM  ELEM        36  ITEM=ETAB SEQV      VALUE= 0.285156192E-03

 PARAMETER EIDV =     37.00000000    

 *GET  XV        FROM  ELEM        37  ITEM=CENT X         VALUE=  36.5000000    

 *GET  YV        FROM  ELEM        37  ITEM=CENT Y         VALUE= 0.250000000    

 *GET  SV        FROM  ELEM        37  ITEM=ETAB SEQV      VALUE= 0.273523011E-03

 PARAMETER EIDV =     38.00000000    

 *GET  XV        FROM  ELEM        38  ITEM=CENT X         VALUE=  37.5000000    

 *GET  YV        FROM  ELEM        38  ITEM=CENT Y         VALUE= 0.250000000    

 *GET  SV        FROM  ELEM        38  ITEM=ETAB SEQV      VALUE= 0.261890097E-03

 PARAMETER EIDV =     39.00000000    

 *GET  XV        FROM  ELEM        39  ITEM=CENT X         VALUE=  38.5000000    

 *GET  YV        FROM  ELEM        39  ITEM=CENT Y         VALUE= 0.250000000    

 *GET  SV        FROM  ELEM        39  ITEM=ETAB SEQV      VALUE= 0.250257488E-03

 PARAMETER EIDV =     40.00000000    

 *GET  XV        FROM  ELEM        40  ITEM=CENT X         VALUE=  39.5000000    

 *GET  YV        FROM  ELEM        40  ITEM=CENT Y         VALUE= 0.250000000    

 *GET  SV        FROM  ELEM        40  ITEM=ETAB SEQV      VALUE= 0.238625229E-03

 PARAMETER EIDV =     41.00000000    

 *GET  XV        FROM  ELEM        41  ITEM=CENT X         VALUE=  40.5000000    

 *GET  YV        FROM  ELEM        41  ITEM=CENT Y         VALUE= 0.250000000    

 *GET  SV        FROM  ELEM        41  ITEM=ETAB SEQV      VALUE= 0.226993363E-03

 PARAMETER EIDV =     42.00000000    

 *GET  XV        FROM  ELEM        42  ITEM=CENT X         VALUE=  41.5000000    

 *GET  YV        FROM  ELEM        42  ITEM=CENT Y         VALUE= 0.250000000    

 *GET  SV        FROM  ELEM        42  ITEM=ETAB SEQV      VALUE= 0.215361962E-03

 PARAMETER EIDV =     43.00000000    

 *GET  XV        FROM  ELEM        43  ITEM=CENT X         VALUE=  42.5000000    

 *GET  YV        FROM  ELEM        43  ITEM=CENT Y         VALUE= 0.250000000    

 *GET  SV        FROM  ELEM        43  ITEM=ETAB SEQV      VALUE= 0.203731112E-03

 PARAMETER EIDV =     44.00000000    

 *GET  XV        FROM  ELEM        44  ITEM=CENT X         VALUE=  43.5000000    

 *GET  YV        FROM  ELEM        44  ITEM=CENT Y         VALUE= 0.250000000    

 *GET  SV        FROM  ELEM        44  ITEM=ETAB SEQV      VALUE= 0.192100904E-03

 PARAMETER EIDV =     45.00000000    

 *GET  XV        FROM  ELEM        45  ITEM=CENT X         VALUE=  44.5000000    

 *GET  YV        FROM  ELEM        45  ITEM=CENT Y         VALUE= 0.250000000    

 *GET  SV        FROM  ELEM        45  ITEM=ETAB SEQV      VALUE= 0.180471457E-03

 PARAMETER EIDV =     46.00000000    

 *GET  XV        FROM  ELEM        46  ITEM=CENT X         VALUE=  45.5000000    

 *GET  YV        FROM  ELEM        46  ITEM=CENT Y         VALUE= 0.250000000    

 *GET  SV        FROM  ELEM        46  ITEM=ETAB SEQV      VALUE= 0.168842938E-03

 PARAMETER EIDV =     47.00000000    

 *GET  XV        FROM  ELEM        47  ITEM=CENT X         VALUE=  46.5000000    

 *GET  YV        FROM  ELEM        47  ITEM=CENT Y         VALUE= 0.250000000    

 *GET  SV        FROM  ELEM        47  ITEM=ETAB SEQV      VALUE= 0.157215530E-03

 PARAMETER EIDV =     48.00000000    

 *GET  XV        FROM  ELEM        48  ITEM=CENT X         VALUE=  47.5000000    

 *GET  YV        FROM  ELEM        48  ITEM=CENT Y         VALUE= 0.250000000    

 *GET  SV        FROM  ELEM        48  ITEM=ETAB SEQV      VALUE= 0.145589482E-03

 PARAMETER EIDV =     49.00000000    

 *GET  XV        FROM  ELEM        49  ITEM=CENT X         VALUE=  48.5000000    

 *GET  YV        FROM  ELEM        49  ITEM=CENT Y         VALUE= 0.250000000    

 *GET  SV        FROM  ELEM        49  ITEM=ETAB SEQV      VALUE= 0.133965129E-03

 PARAMETER EIDV =     50.00000000    

 *GET  XV        FROM  ELEM        50  ITEM=CENT X         VALUE=  49.5000000    

 *GET  YV        FROM  ELEM        50  ITEM=CENT Y         VALUE= 0.250000000    

 *GET  SV        FROM  ELEM        50  ITEM=ETAB SEQV      VALUE= 0.122343037E-03

 PARAMETER EIDV =     51.00000000    

 *GET  XV        FROM  ELEM        51  ITEM=CENT X         VALUE=  50.5000000    

 *GET  YV        FROM  ELEM        51  ITEM=CENT Y         VALUE= 0.250000000    

 *GET  SV        FROM  ELEM        51  ITEM=ETAB SEQV      VALUE= 0.110724495E-03

 PARAMETER EIDV =     52.00000000    

 *GET  XV        FROM  ELEM        52  ITEM=CENT X         VALUE=  51.5000000    

 *GET  YV        FROM  ELEM        52  ITEM=CENT Y         VALUE= 0.250000000    

 *GET  SV        FROM  ELEM        52  ITEM=ETAB SEQV      VALUE= 0.991125805E-04

 PARAMETER EIDV =     53.00000000    

 *GET  XV        FROM  ELEM        53  ITEM=CENT X         VALUE=  52.5000000    

 *GET  YV        FROM  ELEM        53  ITEM=CENT Y         VALUE= 0.250000000    

 *GET  SV        FROM  ELEM        53  ITEM=ETAB SEQV      VALUE= 0.875136393E-04

 PARAMETER EIDV =     54.00000000    

 *GET  XV        FROM  ELEM        54  ITEM=CENT X         VALUE=  53.5000000    

 *GET  YV        FROM  ELEM        54  ITEM=CENT Y         VALUE= 0.250000000    

 *GET  SV        FROM  ELEM        54  ITEM=ETAB SEQV      VALUE= 0.759359415E-04

 PARAMETER EIDV =     55.00000000    

 *GET  XV        FROM  ELEM        55  ITEM=CENT X         VALUE=  54.5000000    

 *GET  YV        FROM  ELEM        55  ITEM=CENT Y         VALUE= 0.250000000    

 *GET  SV        FROM  ELEM        55  ITEM=ETAB SEQV      VALUE= 0.643721126E-04

 PARAMETER EIDV =     56.00000000    

 *GET  XV        FROM  ELEM        56  ITEM=CENT X         VALUE=  55.5000000    

 *GET  YV        FROM  ELEM        56  ITEM=CENT Y         VALUE= 0.250000000    

 *GET  SV        FROM  ELEM        56  ITEM=ETAB SEQV      VALUE= 0.527315605E-04

 PARAMETER EIDV =     57.00000000    

 *GET  XV        FROM  ELEM        57  ITEM=CENT X         VALUE=  56.5000000    

 *GET  YV        FROM  ELEM        57  ITEM=CENT Y         VALUE= 0.250000000    

 *GET  SV        FROM  ELEM        57  ITEM=ETAB SEQV      VALUE= 0.406997351E-04

 PARAMETER EIDV =     58.00000000    

 *GET  XV        FROM  ELEM        58  ITEM=CENT X         VALUE=  57.5000000    

 *GET  YV        FROM  ELEM        58  ITEM=CENT Y         VALUE= 0.250000000    

 *GET  SV        FROM  ELEM        58  ITEM=ETAB SEQV      VALUE= 0.278655320E-04

 PARAMETER EIDV =     59.00000000    

 *GET  XV        FROM  ELEM        59  ITEM=CENT X         VALUE=  58.5000000    

 *GET  YV        FROM  ELEM        59  ITEM=CENT Y         VALUE= 0.250000000    

 *GET  SV        FROM  ELEM        59  ITEM=ETAB SEQV      VALUE= 0.148344350E-04

 PARAMETER EIDV =     60.00000000    

 *GET  XV        FROM  ELEM        60  ITEM=CENT X         VALUE=  59.5000000    

 *GET  YV        FROM  ELEM        60  ITEM=CENT Y         VALUE= 0.250000000    

 *GET  SV        FROM  ELEM        60  ITEM=ETAB SEQV      VALUE= 0.401813542E-05

 PARAMETER EIDV =     61.00000000    

 *GET  XV        FROM  ELEM        61  ITEM=CENT X         VALUE= 0.500000000    

 *GET  YV        FROM  ELEM        61  ITEM=CENT Y         VALUE= 0.750000000    

 *GET  SV        FROM  ELEM        61  ITEM=ETAB SEQV      VALUE= 0.287987166E-03

 PARAMETER EIDV =     62.00000000    

 *GET  XV        FROM  ELEM        62  ITEM=CENT X         VALUE=  1.50000000    

 *GET  YV        FROM  ELEM        62  ITEM=CENT Y         VALUE= 0.750000000    

 *GET  SV        FROM  ELEM        62  ITEM=ETAB SEQV      VALUE= 0.313685491E-03

 PARAMETER EIDV =     63.00000000    

 *GET  XV        FROM  ELEM        63  ITEM=CENT X         VALUE=  2.50000000    

 *GET  YV        FROM  ELEM        63  ITEM=CENT Y         VALUE= 0.750000000    

 *GET  SV        FROM  ELEM        63  ITEM=ETAB SEQV      VALUE= 0.287453050E-03

 PARAMETER EIDV =     64.00000000    

 *GET  XV        FROM  ELEM        64  ITEM=CENT X         VALUE=  3.50000000    

 *GET  YV        FROM  ELEM        64  ITEM=CENT Y         VALUE= 0.750000000    

 *GET  SV        FROM  ELEM        64  ITEM=ETAB SEQV      VALUE= 0.275553316E-03

 PARAMETER EIDV =     65.00000000    

 *GET  XV        FROM  ELEM        65  ITEM=CENT X         VALUE=  4.50000000    

 *GET  YV        FROM  ELEM        65  ITEM=CENT Y         VALUE= 0.750000000    

 *GET  SV        FROM  ELEM        65  ITEM=ETAB SEQV      VALUE= 0.268904488E-03

 PARAMETER EIDV =     66.00000000    

 *GET  XV        FROM  ELEM        66  ITEM=CENT X         VALUE=  5.50000000    

 *GET  YV        FROM  ELEM        66  ITEM=CENT Y         VALUE= 0.750000000    

 *GET  SV        FROM  ELEM        66  ITEM=ETAB SEQV      VALUE= 0.263544939E-03

 PARAMETER EIDV =     67.00000000    

 *GET  XV        FROM  ELEM        67  ITEM=CENT X         VALUE=  6.50000000    

 *GET  YV        FROM  ELEM        67  ITEM=CENT Y         VALUE= 0.750000000    

 *GET  SV        FROM  ELEM        67  ITEM=ETAB SEQV      VALUE= 0.258575516E-03

 PARAMETER EIDV =     68.00000000    

 *GET  XV        FROM  ELEM        68  ITEM=CENT X         VALUE=  7.50000000    

 *GET  YV        FROM  ELEM        68  ITEM=CENT Y         VALUE= 0.750000000    

 *GET  SV        FROM  ELEM        68  ITEM=ETAB SEQV      VALUE= 0.253741331E-03

 PARAMETER EIDV =     69.00000000    

 *GET  XV        FROM  ELEM        69  ITEM=CENT X         VALUE=  8.50000000    

 *GET  YV        FROM  ELEM        69  ITEM=CENT Y         VALUE= 0.750000000    

 *GET  SV        FROM  ELEM        69  ITEM=ETAB SEQV      VALUE= 0.248938779E-03

 PARAMETER EIDV =     70.00000000    

 *GET  XV        FROM  ELEM        70  ITEM=CENT X         VALUE=  9.50000000    

 *GET  YV        FROM  ELEM        70  ITEM=CENT Y         VALUE= 0.750000000    

 *GET  SV        FROM  ELEM        70  ITEM=ETAB SEQV      VALUE= 0.244131062E-03

 PARAMETER EIDV =     71.00000000    

 *GET  XV        FROM  ELEM        71  ITEM=CENT X         VALUE=  10.5000000    

 *GET  YV        FROM  ELEM        71  ITEM=CENT Y         VALUE= 0.750000000    

 *GET  SV        FROM  ELEM        71  ITEM=ETAB SEQV      VALUE= 0.239316303E-03

 PARAMETER EIDV =     72.00000000    

 *GET  XV        FROM  ELEM        72  ITEM=CENT X         VALUE=  11.5000000    

 *GET  YV        FROM  ELEM        72  ITEM=CENT Y         VALUE= 0.750000000    

 *GET  SV        FROM  ELEM        72  ITEM=ETAB SEQV      VALUE= 0.234498245E-03

 PARAMETER EIDV =     73.00000000    

 *GET  XV        FROM  ELEM        73  ITEM=CENT X         VALUE=  12.5000000    

 *GET  YV        FROM  ELEM        73  ITEM=CENT Y         VALUE= 0.750000000    

 *GET  SV        FROM  ELEM        73  ITEM=ETAB SEQV      VALUE= 0.229679390E-03

 PARAMETER EIDV =     74.00000000    

 *GET  XV        FROM  ELEM        74  ITEM=CENT X         VALUE=  13.5000000    

 *GET  YV        FROM  ELEM        74  ITEM=CENT Y         VALUE= 0.750000000    

 *GET  SV        FROM  ELEM        74  ITEM=ETAB SEQV      VALUE= 0.224860693E-03

 PARAMETER EIDV =     75.00000000    

 *GET  XV        FROM  ELEM        75  ITEM=CENT X         VALUE=  14.5000000    

 *GET  YV        FROM  ELEM        75  ITEM=CENT Y         VALUE= 0.750000000    

 *GET  SV        FROM  ELEM        75  ITEM=ETAB SEQV      VALUE= 0.220042413E-03

 PARAMETER EIDV =     76.00000000    

 *GET  XV        FROM  ELEM        76  ITEM=CENT X         VALUE=  15.5000000    

 *GET  YV        FROM  ELEM        76  ITEM=CENT Y         VALUE= 0.750000000    

 *GET  SV        FROM  ELEM        76  ITEM=ETAB SEQV      VALUE= 0.215224568E-03

 PARAMETER EIDV =     77.00000000    

 *GET  XV        FROM  ELEM        77  ITEM=CENT X         VALUE=  16.5000000    

 *GET  YV        FROM  ELEM        77  ITEM=CENT Y         VALUE= 0.750000000    

 *GET  SV        FROM  ELEM        77  ITEM=ETAB SEQV      VALUE= 0.210407172E-03

 PARAMETER EIDV =     78.00000000    

 *GET  XV        FROM  ELEM        78  ITEM=CENT X         VALUE=  17.5000000    

 *GET  YV        FROM  ELEM        78  ITEM=CENT Y         VALUE= 0.750000000    

 *GET  SV        FROM  ELEM        78  ITEM=ETAB SEQV      VALUE= 0.205590239E-03

 PARAMETER EIDV =     79.00000000    

 *GET  XV        FROM  ELEM        79  ITEM=CENT X         VALUE=  18.5000000    

 *GET  YV        FROM  ELEM        79  ITEM=CENT Y         VALUE= 0.750000000    

 *GET  SV        FROM  ELEM        79  ITEM=ETAB SEQV      VALUE= 0.200773795E-03

 PARAMETER EIDV =     80.00000000    

 *GET  XV        FROM  ELEM        80  ITEM=CENT X         VALUE=  19.5000000    

 *GET  YV        FROM  ELEM        80  ITEM=CENT Y         VALUE= 0.750000000    

 *GET  SV        FROM  ELEM        80  ITEM=ETAB SEQV      VALUE= 0.195957865E-03

 PARAMETER EIDV =     81.00000000    

 *GET  XV        FROM  ELEM        81  ITEM=CENT X         VALUE=  20.5000000    

 *GET  YV        FROM  ELEM        81  ITEM=CENT Y         VALUE= 0.750000000    

 *GET  SV        FROM  ELEM        81  ITEM=ETAB SEQV      VALUE= 0.191142496E-03

 PARAMETER EIDV =     82.00000000    

 *GET  XV        FROM  ELEM        82  ITEM=CENT X         VALUE=  21.5000000    

 *GET  YV        FROM  ELEM        82  ITEM=CENT Y         VALUE= 0.750000000    

 *GET  SV        FROM  ELEM        82  ITEM=ETAB SEQV      VALUE= 0.186327739E-03

 PARAMETER EIDV =     83.00000000    

 *GET  XV        FROM  ELEM        83  ITEM=CENT X         VALUE=  22.5000000    

 *GET  YV        FROM  ELEM        83  ITEM=CENT Y         VALUE= 0.750000000    

 *GET  SV        FROM  ELEM        83  ITEM=ETAB SEQV      VALUE= 0.181513627E-03

 PARAMETER EIDV =     84.00000000    

 *GET  XV        FROM  ELEM        84  ITEM=CENT X         VALUE=  23.5000000    

 *GET  YV        FROM  ELEM        84  ITEM=CENT Y         VALUE= 0.750000000    

 *GET  SV        FROM  ELEM        84  ITEM=ETAB SEQV      VALUE= 0.176700220E-03

 PARAMETER EIDV =     85.00000000    

 *GET  XV        FROM  ELEM        85  ITEM=CENT X         VALUE=  24.5000000    

 *GET  YV        FROM  ELEM        85  ITEM=CENT Y         VALUE= 0.750000000    

 *GET  SV        FROM  ELEM        85  ITEM=ETAB SEQV      VALUE= 0.171887587E-03

 PARAMETER EIDV =     86.00000000    

 *GET  XV        FROM  ELEM        86  ITEM=CENT X         VALUE=  25.5000000    

 *GET  YV        FROM  ELEM        86  ITEM=CENT Y         VALUE= 0.750000000    

 *GET  SV        FROM  ELEM        86  ITEM=ETAB SEQV      VALUE= 0.167075785E-03

 PARAMETER EIDV =     87.00000000    

 *GET  XV        FROM  ELEM        87  ITEM=CENT X         VALUE=  26.5000000    

 *GET  YV        FROM  ELEM        87  ITEM=CENT Y         VALUE= 0.750000000    

 *GET  SV        FROM  ELEM        87  ITEM=ETAB SEQV      VALUE= 0.162264880E-03

 PARAMETER EIDV =     88.00000000    

 *GET  XV        FROM  ELEM        88  ITEM=CENT X         VALUE=  27.5000000    

 *GET  YV        FROM  ELEM        88  ITEM=CENT Y         VALUE= 0.750000000    

 *GET  SV        FROM  ELEM        88  ITEM=ETAB SEQV      VALUE= 0.157454965E-03

 PARAMETER EIDV =     89.00000000    

 *GET  XV        FROM  ELEM        89  ITEM=CENT X         VALUE=  28.5000000    

 *GET  YV        FROM  ELEM        89  ITEM=CENT Y         VALUE= 0.750000000    

 *GET  SV        FROM  ELEM        89  ITEM=ETAB SEQV      VALUE= 0.152646138E-03

 PARAMETER EIDV =     90.00000000    

 *GET  XV        FROM  ELEM        90  ITEM=CENT X         VALUE=  29.5000000    

 *GET  YV        FROM  ELEM        90  ITEM=CENT Y         VALUE= 0.750000000    

 *GET  SV        FROM  ELEM        90  ITEM=ETAB SEQV      VALUE= 0.147838490E-03

 PARAMETER EIDV =     91.00000000    

 *GET  XV        FROM  ELEM        91  ITEM=CENT X         VALUE=  30.5000000    

 *GET  YV        FROM  ELEM        91  ITEM=CENT Y         VALUE= 0.750000000    

 *GET  SV        FROM  ELEM        91  ITEM=ETAB SEQV      VALUE= 0.143032157E-03

 PARAMETER EIDV =     92.00000000    

 *GET  XV        FROM  ELEM        92  ITEM=CENT X         VALUE=  31.5000000    

 *GET  YV        FROM  ELEM        92  ITEM=CENT Y         VALUE= 0.750000000    

 *GET  SV        FROM  ELEM        92  ITEM=ETAB SEQV      VALUE= 0.138227260E-03

 PARAMETER EIDV =     93.00000000    

 *GET  XV        FROM  ELEM        93  ITEM=CENT X         VALUE=  32.5000000    

 *GET  YV        FROM  ELEM        93  ITEM=CENT Y         VALUE= 0.750000000    

 *GET  SV        FROM  ELEM        93  ITEM=ETAB SEQV      VALUE= 0.133423966E-03

 PARAMETER EIDV =     94.00000000    

 *GET  XV        FROM  ELEM        94  ITEM=CENT X         VALUE=  33.5000000    

 *GET  YV        FROM  ELEM        94  ITEM=CENT Y         VALUE= 0.750000000    

 *GET  SV        FROM  ELEM        94  ITEM=ETAB SEQV      VALUE= 0.128622450E-03

 PARAMETER EIDV =     95.00000000    

 *GET  XV        FROM  ELEM        95  ITEM=CENT X         VALUE=  34.5000000    

 *GET  YV        FROM  ELEM        95  ITEM=CENT Y         VALUE= 0.750000000    

 *GET  SV        FROM  ELEM        95  ITEM=ETAB SEQV      VALUE= 0.123822920E-03

 PARAMETER EIDV =     96.00000000    

 *GET  XV        FROM  ELEM        96  ITEM=CENT X         VALUE=  35.5000000    

 *GET  YV        FROM  ELEM        96  ITEM=CENT Y         VALUE= 0.750000000    

 *GET  SV        FROM  ELEM        96  ITEM=ETAB SEQV      VALUE= 0.119025615E-03

 PARAMETER EIDV =     97.00000000    

 *GET  XV        FROM  ELEM        97  ITEM=CENT X         VALUE=  36.5000000    

 *GET  YV        FROM  ELEM        97  ITEM=CENT Y         VALUE= 0.750000000    

 *GET  SV        FROM  ELEM        97  ITEM=ETAB SEQV      VALUE= 0.114230815E-03

 PARAMETER EIDV =     98.00000000    

 *GET  XV        FROM  ELEM        98  ITEM=CENT X         VALUE=  37.5000000    

 *GET  YV        FROM  ELEM        98  ITEM=CENT Y         VALUE= 0.750000000    

 *GET  SV        FROM  ELEM        98  ITEM=ETAB SEQV      VALUE= 0.109438847E-03

 PARAMETER EIDV =     99.00000000    

 *GET  XV        FROM  ELEM        99  ITEM=CENT X         VALUE=  38.5000000    

 *GET  YV        FROM  ELEM        99  ITEM=CENT Y         VALUE= 0.750000000    

 *GET  SV        FROM  ELEM        99  ITEM=ETAB SEQV      VALUE= 0.104650107E-03

 PARAMETER EIDV =     100.0000000    

 *GET  XV        FROM  ELEM       100  ITEM=CENT X         VALUE=  39.5000000    

 *GET  YV        FROM  ELEM       100  ITEM=CENT Y         VALUE= 0.750000000    

 *GET  SV        FROM  ELEM       100  ITEM=ETAB SEQV      VALUE= 0.998650558E-04

 PARAMETER EIDV =     101.0000000    

 *GET  XV        FROM  ELEM       101  ITEM=CENT X         VALUE=  40.5000000    

 *GET  YV        FROM  ELEM       101  ITEM=CENT Y         VALUE= 0.750000000    

 *GET  SV        FROM  ELEM       101  ITEM=ETAB SEQV      VALUE= 0.950842499E-04

 PARAMETER EIDV =     102.0000000    

 *GET  XV        FROM  ELEM       102  ITEM=CENT X         VALUE=  41.5000000    

 *GET  YV        FROM  ELEM       102  ITEM=CENT Y         VALUE= 0.750000000    

 *GET  SV        FROM  ELEM       102  ITEM=ETAB SEQV      VALUE= 0.903083635E-04

 PARAMETER EIDV =     103.0000000    

 *GET  XV        FROM  ELEM       103  ITEM=CENT X         VALUE=  42.5000000    

 *GET  YV        FROM  ELEM       103  ITEM=CENT Y         VALUE= 0.750000000    

 *GET  SV        FROM  ELEM       103  ITEM=ETAB SEQV      VALUE= 0.855382200E-04

 PARAMETER EIDV =     104.0000000    

 *GET  XV        FROM  ELEM       104  ITEM=CENT X         VALUE=  43.5000000    

 *GET  YV        FROM  ELEM       104  ITEM=CENT Y         VALUE= 0.750000000    

 *GET  SV        FROM  ELEM       104  ITEM=ETAB SEQV      VALUE= 0.807748380E-04

 PARAMETER EIDV =     105.0000000    

 *GET  XV        FROM  ELEM       105  ITEM=CENT X         VALUE=  44.5000000    

 *GET  YV        FROM  ELEM       105  ITEM=CENT Y         VALUE= 0.750000000    

 *GET  SV        FROM  ELEM       105  ITEM=ETAB SEQV      VALUE= 0.760194848E-04

 PARAMETER EIDV =     106.0000000    

 *GET  XV        FROM  ELEM       106  ITEM=CENT X         VALUE=  45.5000000    

 *GET  YV        FROM  ELEM       106  ITEM=CENT Y         VALUE= 0.750000000    

 *GET  SV        FROM  ELEM       106  ITEM=ETAB SEQV      VALUE= 0.712737742E-04

 PARAMETER EIDV =     107.0000000    

 *GET  XV        FROM  ELEM       107  ITEM=CENT X         VALUE=  46.5000000    

 *GET  YV        FROM  ELEM       107  ITEM=CENT Y         VALUE= 0.750000000    

 *GET  SV        FROM  ELEM       107  ITEM=ETAB SEQV      VALUE= 0.665397709E-04

 PARAMETER EIDV =     108.0000000    

 *GET  XV        FROM  ELEM       108  ITEM=CENT X         VALUE=  47.5000000    

 *GET  YV        FROM  ELEM       108  ITEM=CENT Y         VALUE= 0.750000000    

 *GET  SV        FROM  ELEM       108  ITEM=ETAB SEQV      VALUE= 0.618201595E-04

 PARAMETER EIDV =     109.0000000    

 *GET  XV        FROM  ELEM       109  ITEM=CENT X         VALUE=  48.5000000    

 *GET  YV        FROM  ELEM       109  ITEM=CENT Y         VALUE= 0.750000000    

 *GET  SV        FROM  ELEM       109  ITEM=ETAB SEQV      VALUE= 0.571185092E-04

 PARAMETER EIDV =     110.0000000    

 *GET  XV        FROM  ELEM       110  ITEM=CENT X         VALUE=  49.5000000    

 *GET  YV        FROM  ELEM       110  ITEM=CENT Y         VALUE= 0.750000000    

 *GET  SV        FROM  ELEM       110  ITEM=ETAB SEQV      VALUE= 0.524396288E-04

 PARAMETER EIDV =     111.0000000    

 *GET  XV        FROM  ELEM       111  ITEM=CENT X         VALUE=  50.5000000    

 *GET  YV        FROM  ELEM       111  ITEM=CENT Y         VALUE= 0.750000000    

 *GET  SV        FROM  ELEM       111  ITEM=ETAB SEQV      VALUE= 0.477900537E-04

 PARAMETER EIDV =     112.0000000    

 *GET  XV        FROM  ELEM       112  ITEM=CENT X         VALUE=  51.5000000    

 *GET  YV        FROM  ELEM       112  ITEM=CENT Y         VALUE= 0.750000000    

 *GET  SV        FROM  ELEM       112  ITEM=ETAB SEQV      VALUE= 0.431787349E-04

 PARAMETER EIDV =     113.0000000    

 *GET  XV        FROM  ELEM       113  ITEM=CENT X         VALUE=  52.5000000    

 *GET  YV        FROM  ELEM       113  ITEM=CENT Y         VALUE= 0.750000000    

 *GET  SV        FROM  ELEM       113  ITEM=ETAB SEQV      VALUE= 0.386183619E-04

 PARAMETER EIDV =     114.0000000    

 *GET  XV        FROM  ELEM       114  ITEM=CENT X         VALUE=  53.5000000    

 *GET  YV        FROM  ELEM       114  ITEM=CENT Y         VALUE= 0.750000000    

 *GET  SV        FROM  ELEM       114  ITEM=ETAB SEQV      VALUE= 0.341300556E-04

 PARAMETER EIDV =     115.0000000    

 *GET  XV        FROM  ELEM       115  ITEM=CENT X         VALUE=  54.5000000    

 *GET  YV        FROM  ELEM       115  ITEM=CENT Y         VALUE= 0.750000000    

 *GET  SV        FROM  ELEM       115  ITEM=ETAB SEQV      VALUE= 0.297653352E-04

 PARAMETER EIDV =     116.0000000    

 *GET  XV        FROM  ELEM       116  ITEM=CENT X         VALUE=  55.5000000    

 *GET  YV        FROM  ELEM       116  ITEM=CENT Y         VALUE= 0.750000000    

 *GET  SV        FROM  ELEM       116  ITEM=ETAB SEQV      VALUE= 0.256836435E-04

 PARAMETER EIDV =     117.0000000    

 *GET  XV        FROM  ELEM       117  ITEM=CENT X         VALUE=  56.5000000    

 *GET  YV        FROM  ELEM       117  ITEM=CENT Y         VALUE= 0.750000000    

 *GET  SV        FROM  ELEM       117  ITEM=ETAB SEQV      VALUE= 0.222840263E-04

 PARAMETER EIDV =     118.0000000    

 *GET  XV        FROM  ELEM       118  ITEM=CENT X         VALUE=  57.5000000    

 *GET  YV        FROM  ELEM       118  ITEM=CENT Y         VALUE= 0.750000000    

 *GET  SV        FROM  ELEM       118  ITEM=ETAB SEQV      VALUE= 0.197824469E-04

 PARAMETER EIDV =     119.0000000    

 *GET  XV        FROM  ELEM       119  ITEM=CENT X         VALUE=  58.5000000    

 *GET  YV        FROM  ELEM       119  ITEM=CENT Y         VALUE= 0.750000000    

 *GET  SV        FROM  ELEM       119  ITEM=ETAB SEQV      VALUE= 0.162717060E-04

 PARAMETER EIDV =     120.0000000    

 *GET  XV        FROM  ELEM       120  ITEM=CENT X         VALUE=  59.5000000    

 *GET  YV        FROM  ELEM       120  ITEM=CENT Y         VALUE= 0.750000000    

 *GET  SV        FROM  ELEM       120  ITEM=ETAB SEQV      VALUE= 0.812924325E-05

 PARAMETER EIDV =     121.0000000    

 *GET  XV        FROM  ELEM       121  ITEM=CENT X         VALUE= 0.500000000    

 *GET  YV        FROM  ELEM       121  ITEM=CENT Y         VALUE=  1.25000000    

 *GET  SV        FROM  ELEM       121  ITEM=ETAB SEQV      VALUE= 0.166247958E-03

 PARAMETER EIDV =     122.0000000    

 *GET  XV        FROM  ELEM       122  ITEM=CENT X         VALUE=  1.50000000    

 *GET  YV        FROM  ELEM       122  ITEM=CENT Y         VALUE=  1.25000000    

 *GET  SV        FROM  ELEM       122  ITEM=ETAB SEQV      VALUE= 0.105428661E-03

 PARAMETER EIDV =     123.0000000    

 *GET  XV        FROM  ELEM       123  ITEM=CENT X         VALUE=  2.50000000    

 *GET  YV        FROM  ELEM       123  ITEM=CENT Y         VALUE=  1.25000000    

 *GET  SV        FROM  ELEM       123  ITEM=ETAB SEQV      VALUE= 0.126676282E-03

 PARAMETER EIDV =     124.0000000    

 *GET  XV        FROM  ELEM       124  ITEM=CENT X         VALUE=  3.50000000    

 *GET  YV        FROM  ELEM       124  ITEM=CENT Y         VALUE=  1.25000000    

 *GET  SV        FROM  ELEM       124  ITEM=ETAB SEQV      VALUE= 0.122331216E-03

 PARAMETER EIDV =     125.0000000    

 *GET  XV        FROM  ELEM       125  ITEM=CENT X         VALUE=  4.50000000    

 *GET  YV        FROM  ELEM       125  ITEM=CENT Y         VALUE=  1.25000000    

 *GET  SV        FROM  ELEM       125  ITEM=ETAB SEQV      VALUE= 0.113870379E-03

 PARAMETER EIDV =     126.0000000    

 *GET  XV        FROM  ELEM       126  ITEM=CENT X         VALUE=  5.50000000    

 *GET  YV        FROM  ELEM       126  ITEM=CENT Y         VALUE=  1.25000000    

 *GET  SV        FROM  ELEM       126  ITEM=ETAB SEQV      VALUE= 0.109367738E-03

 PARAMETER EIDV =     127.0000000    

 *GET  XV        FROM  ELEM       127  ITEM=CENT X         VALUE=  6.50000000    

 *GET  YV        FROM  ELEM       127  ITEM=CENT Y         VALUE=  1.25000000    

 *GET  SV        FROM  ELEM       127  ITEM=ETAB SEQV      VALUE= 0.106908078E-03

 PARAMETER EIDV =     128.0000000    

 *GET  XV        FROM  ELEM       128  ITEM=CENT X         VALUE=  7.50000000    

 *GET  YV        FROM  ELEM       128  ITEM=CENT Y         VALUE=  1.25000000    

 *GET  SV        FROM  ELEM       128  ITEM=ETAB SEQV      VALUE= 0.104969558E-03

 PARAMETER EIDV =     129.0000000    

 *GET  XV        FROM  ELEM       129  ITEM=CENT X         VALUE=  8.50000000    

 *GET  YV        FROM  ELEM       129  ITEM=CENT Y         VALUE=  1.25000000    

 *GET  SV        FROM  ELEM       129  ITEM=ETAB SEQV      VALUE= 0.103077358E-03

 PARAMETER EIDV =     130.0000000    

 *GET  XV        FROM  ELEM       130  ITEM=CENT X         VALUE=  9.50000000    

 *GET  YV        FROM  ELEM       130  ITEM=CENT Y         VALUE=  1.25000000    

 *GET  SV        FROM  ELEM       130  ITEM=ETAB SEQV      VALUE= 0.101152462E-03

 PARAMETER EIDV =     131.0000000    

 *GET  XV        FROM  ELEM       131  ITEM=CENT X         VALUE=  10.5000000    

 *GET  YV        FROM  ELEM       131  ITEM=CENT Y         VALUE=  1.25000000    

 *GET  SV        FROM  ELEM       131  ITEM=ETAB SEQV      VALUE= 0.992040657E-04

 PARAMETER EIDV =     132.0000000    

 *GET  XV        FROM  ELEM       132  ITEM=CENT X         VALUE=  11.5000000    

 *GET  YV        FROM  ELEM       132  ITEM=CENT Y         VALUE=  1.25000000    

 *GET  SV        FROM  ELEM       132  ITEM=ETAB SEQV      VALUE= 0.972467857E-04

 PARAMETER EIDV =     133.0000000    

 *GET  XV        FROM  ELEM       133  ITEM=CENT X         VALUE=  12.5000000    

 *GET  YV        FROM  ELEM       133  ITEM=CENT Y         VALUE=  1.25000000    

 *GET  SV        FROM  ELEM       133  ITEM=ETAB SEQV      VALUE= 0.952878078E-04

 PARAMETER EIDV =     134.0000000    

 *GET  XV        FROM  ELEM       134  ITEM=CENT X         VALUE=  13.5000000    

 *GET  YV        FROM  ELEM       134  ITEM=CENT Y         VALUE=  1.25000000    

 *GET  SV        FROM  ELEM       134  ITEM=ETAB SEQV      VALUE= 0.933295368E-04

 PARAMETER EIDV =     135.0000000    

 *GET  XV        FROM  ELEM       135  ITEM=CENT X         VALUE=  14.5000000    

 *GET  YV        FROM  ELEM       135  ITEM=CENT Y         VALUE=  1.25000000    

 *GET  SV        FROM  ELEM       135  ITEM=ETAB SEQV      VALUE= 0.913724801E-04

 PARAMETER EIDV =     136.0000000    

 *GET  XV        FROM  ELEM       136  ITEM=CENT X         VALUE=  15.5000000    

 *GET  YV        FROM  ELEM       136  ITEM=CENT Y         VALUE=  1.25000000    

 *GET  SV        FROM  ELEM       136  ITEM=ETAB SEQV      VALUE= 0.894166690E-04

 PARAMETER EIDV =     137.0000000    

 *GET  XV        FROM  ELEM       137  ITEM=CENT X         VALUE=  16.5000000    

 *GET  YV        FROM  ELEM       137  ITEM=CENT Y         VALUE=  1.25000000    

 *GET  SV        FROM  ELEM       137  ITEM=ETAB SEQV      VALUE= 0.874621079E-04

 PARAMETER EIDV =     138.0000000    

 *GET  XV        FROM  ELEM       138  ITEM=CENT X         VALUE=  17.5000000    

 *GET  YV        FROM  ELEM       138  ITEM=CENT Y         VALUE=  1.25000000    

 *GET  SV        FROM  ELEM       138  ITEM=ETAB SEQV      VALUE= 0.855088310E-04

 PARAMETER EIDV =     139.0000000    

 *GET  XV        FROM  ELEM       139  ITEM=CENT X         VALUE=  18.5000000    

 *GET  YV        FROM  ELEM       139  ITEM=CENT Y         VALUE=  1.25000000    

 *GET  SV        FROM  ELEM       139  ITEM=ETAB SEQV      VALUE= 0.835569144E-04

 PARAMETER EIDV =     140.0000000    

 *GET  XV        FROM  ELEM       140  ITEM=CENT X         VALUE=  19.5000000    

 *GET  YV        FROM  ELEM       140  ITEM=CENT Y         VALUE=  1.25000000    

 *GET  SV        FROM  ELEM       140  ITEM=ETAB SEQV      VALUE= 0.816064522E-04

 PARAMETER EIDV =     141.0000000    

 *GET  XV        FROM  ELEM       141  ITEM=CENT X         VALUE=  20.5000000    

 *GET  YV        FROM  ELEM       141  ITEM=CENT Y         VALUE=  1.25000000    

 *GET  SV        FROM  ELEM       141  ITEM=ETAB SEQV      VALUE= 0.796575446E-04

 PARAMETER EIDV =     142.0000000    

 *GET  XV        FROM  ELEM       142  ITEM=CENT X         VALUE=  21.5000000    

 *GET  YV        FROM  ELEM       142  ITEM=CENT Y         VALUE=  1.25000000    

 *GET  SV        FROM  ELEM       142  ITEM=ETAB SEQV      VALUE= 0.777103140E-04

 PARAMETER EIDV =     143.0000000    

 *GET  XV        FROM  ELEM       143  ITEM=CENT X         VALUE=  22.5000000    

 *GET  YV        FROM  ELEM       143  ITEM=CENT Y         VALUE=  1.25000000    

 *GET  SV        FROM  ELEM       143  ITEM=ETAB SEQV      VALUE= 0.757648899E-04

 PARAMETER EIDV =     144.0000000    

 *GET  XV        FROM  ELEM       144  ITEM=CENT X         VALUE=  23.5000000    

 *GET  YV        FROM  ELEM       144  ITEM=CENT Y         VALUE=  1.25000000    

 *GET  SV        FROM  ELEM       144  ITEM=ETAB SEQV      VALUE= 0.738214221E-04

 PARAMETER EIDV =     145.0000000    

 *GET  XV        FROM  ELEM       145  ITEM=CENT X         VALUE=  24.5000000    

 *GET  YV        FROM  ELEM       145  ITEM=CENT Y         VALUE=  1.25000000    

 *GET  SV        FROM  ELEM       145  ITEM=ETAB SEQV      VALUE= 0.718800564E-04

 PARAMETER EIDV =     146.0000000    

 *GET  XV        FROM  ELEM       146  ITEM=CENT X         VALUE=  25.5000000    

 *GET  YV        FROM  ELEM       146  ITEM=CENT Y         VALUE=  1.25000000    

 *GET  SV        FROM  ELEM       146  ITEM=ETAB SEQV      VALUE= 0.699409754E-04

 PARAMETER EIDV =     147.0000000    

 *GET  XV        FROM  ELEM       147  ITEM=CENT X         VALUE=  26.5000000    

 *GET  YV        FROM  ELEM       147  ITEM=CENT Y         VALUE=  1.25000000    

 *GET  SV        FROM  ELEM       147  ITEM=ETAB SEQV      VALUE= 0.680043764E-04

 PARAMETER EIDV =     148.0000000    

 *GET  XV        FROM  ELEM       148  ITEM=CENT X         VALUE=  27.5000000    

 *GET  YV        FROM  ELEM       148  ITEM=CENT Y         VALUE=  1.25000000    

 *GET  SV        FROM  ELEM       148  ITEM=ETAB SEQV      VALUE= 0.660704700E-04

 PARAMETER EIDV =     149.0000000    

 *GET  XV        FROM  ELEM       149  ITEM=CENT X         VALUE=  28.5000000    

 *GET  YV        FROM  ELEM       149  ITEM=CENT Y         VALUE=  1.25000000    

 *GET  SV        FROM  ELEM       149  ITEM=ETAB SEQV      VALUE= 0.641395062E-04

 PARAMETER EIDV =     150.0000000    

 *GET  XV        FROM  ELEM       150  ITEM=CENT X         VALUE=  29.5000000    

 *GET  YV        FROM  ELEM       150  ITEM=CENT Y         VALUE=  1.25000000    

 *GET  SV        FROM  ELEM       150  ITEM=ETAB SEQV      VALUE= 0.622117555E-04

 PARAMETER EIDV =     151.0000000    

 *GET  XV        FROM  ELEM       151  ITEM=CENT X         VALUE=  30.5000000    

 *GET  YV        FROM  ELEM       151  ITEM=CENT Y         VALUE=  1.25000000    

 *GET  SV        FROM  ELEM       151  ITEM=ETAB SEQV      VALUE= 0.602875283E-04

 PARAMETER EIDV =     152.0000000    

 *GET  XV        FROM  ELEM       152  ITEM=CENT X         VALUE=  31.5000000    

 *GET  YV        FROM  ELEM       152  ITEM=CENT Y         VALUE=  1.25000000    

 *GET  SV        FROM  ELEM       152  ITEM=ETAB SEQV      VALUE= 0.583671763E-04

 PARAMETER EIDV =     153.0000000    

 *GET  XV        FROM  ELEM       153  ITEM=CENT X         VALUE=  32.5000000    

 *GET  YV        FROM  ELEM       153  ITEM=CENT Y         VALUE=  1.25000000    

 *GET  SV        FROM  ELEM       153  ITEM=ETAB SEQV      VALUE= 0.564510878E-04

 PARAMETER EIDV =     154.0000000    

 *GET  XV        FROM  ELEM       154  ITEM=CENT X         VALUE=  33.5000000    

 *GET  YV        FROM  ELEM       154  ITEM=CENT Y         VALUE=  1.25000000    

 *GET  SV        FROM  ELEM       154  ITEM=ETAB SEQV      VALUE= 0.545397142E-04

 PARAMETER EIDV =     155.0000000    

 *GET  XV        FROM  ELEM       155  ITEM=CENT X         VALUE=  34.5000000    

 *GET  YV        FROM  ELEM       155  ITEM=CENT Y         VALUE=  1.25000000    

 *GET  SV        FROM  ELEM       155  ITEM=ETAB SEQV      VALUE= 0.526335716E-04

 PARAMETER EIDV =     156.0000000    

 *GET  XV        FROM  ELEM       156  ITEM=CENT X         VALUE=  35.5000000    

 *GET  YV        FROM  ELEM       156  ITEM=CENT Y         VALUE=  1.25000000    

 *GET  SV        FROM  ELEM       156  ITEM=ETAB SEQV      VALUE= 0.507332494E-04

 PARAMETER EIDV =     157.0000000    

 *GET  XV        FROM  ELEM       157  ITEM=CENT X         VALUE=  36.5000000    

 *GET  YV        FROM  ELEM       157  ITEM=CENT Y         VALUE=  1.25000000    

 *GET  SV        FROM  ELEM       157  ITEM=ETAB SEQV      VALUE= 0.488394278E-04

 PARAMETER EIDV =     158.0000000    

 *GET  XV        FROM  ELEM       158  ITEM=CENT X         VALUE=  37.5000000    

 *GET  YV        FROM  ELEM       158  ITEM=CENT Y         VALUE=  1.25000000    

 *GET  SV        FROM  ELEM       158  ITEM=ETAB SEQV      VALUE= 0.469528880E-04

 PARAMETER EIDV =     159.0000000    

 *GET  XV        FROM  ELEM       159  ITEM=CENT X         VALUE=  38.5000000    

 *GET  YV        FROM  ELEM       159  ITEM=CENT Y         VALUE=  1.25000000    

 *GET  SV        FROM  ELEM       159  ITEM=ETAB SEQV      VALUE= 0.450745491E-04

 PARAMETER EIDV =     160.0000000    

 *GET  XV        FROM  ELEM       160  ITEM=CENT X         VALUE=  39.5000000    

 *GET  YV        FROM  ELEM       160  ITEM=CENT Y         VALUE=  1.25000000    

 *GET  SV        FROM  ELEM       160  ITEM=ETAB SEQV      VALUE= 0.432054820E-04

 PARAMETER EIDV =     161.0000000    

 *GET  XV        FROM  ELEM       161  ITEM=CENT X         VALUE=  40.5000000    

 *GET  YV        FROM  ELEM       161  ITEM=CENT Y         VALUE=  1.25000000    

 *GET  SV        FROM  ELEM       161  ITEM=ETAB SEQV      VALUE= 0.413469392E-04

 PARAMETER EIDV =     162.0000000    

 *GET  XV        FROM  ELEM       162  ITEM=CENT X         VALUE=  41.5000000    

 *GET  YV        FROM  ELEM       162  ITEM=CENT Y         VALUE=  1.25000000    

 *GET  SV        FROM  ELEM       162  ITEM=ETAB SEQV      VALUE= 0.395004104E-04

 PARAMETER EIDV =     163.0000000    

 *GET  XV        FROM  ELEM       163  ITEM=CENT X         VALUE=  42.5000000    

 *GET  YV        FROM  ELEM       163  ITEM=CENT Y         VALUE=  1.25000000    

 *GET  SV        FROM  ELEM       163  ITEM=ETAB SEQV      VALUE= 0.376676593E-04

 PARAMETER EIDV =     164.0000000    

 *GET  XV        FROM  ELEM       164  ITEM=CENT X         VALUE=  43.5000000    

 *GET  YV        FROM  ELEM       164  ITEM=CENT Y         VALUE=  1.25000000    

 *GET  SV        FROM  ELEM       164  ITEM=ETAB SEQV      VALUE= 0.358508031E-04

 PARAMETER EIDV =     165.0000000    

 *GET  XV        FROM  ELEM       165  ITEM=CENT X         VALUE=  44.5000000    

 *GET  YV        FROM  ELEM       165  ITEM=CENT Y         VALUE=  1.25000000    

 *GET  SV        FROM  ELEM       165  ITEM=ETAB SEQV      VALUE= 0.340523814E-04

 PARAMETER EIDV =     166.0000000    

 *GET  XV        FROM  ELEM       166  ITEM=CENT X         VALUE=  45.5000000    

 *GET  YV        FROM  ELEM       166  ITEM=CENT Y         VALUE=  1.25000000    

 *GET  SV        FROM  ELEM       166  ITEM=ETAB SEQV      VALUE= 0.322754812E-04

 PARAMETER EIDV =     167.0000000    

 *GET  XV        FROM  ELEM       167  ITEM=CENT X         VALUE=  46.5000000    

 *GET  YV        FROM  ELEM       167  ITEM=CENT Y         VALUE=  1.25000000    

 *GET  SV        FROM  ELEM       167  ITEM=ETAB SEQV      VALUE= 0.305238574E-04

 PARAMETER EIDV =     168.0000000    

 *GET  XV        FROM  ELEM       168  ITEM=CENT X         VALUE=  47.5000000    

 *GET  YV        FROM  ELEM       168  ITEM=CENT Y         VALUE=  1.25000000    

 *GET  SV        FROM  ELEM       168  ITEM=ETAB SEQV      VALUE= 0.288021193E-04

 PARAMETER EIDV =     169.0000000    

 *GET  XV        FROM  ELEM       169  ITEM=CENT X         VALUE=  48.5000000    

 *GET  YV        FROM  ELEM       169  ITEM=CENT Y         VALUE=  1.25000000    

 *GET  SV        FROM  ELEM       169  ITEM=ETAB SEQV      VALUE= 0.271159308E-04

 PARAMETER EIDV =     170.0000000    

 *GET  XV        FROM  ELEM       170  ITEM=CENT X         VALUE=  49.5000000    

 *GET  YV        FROM  ELEM       170  ITEM=CENT Y         VALUE=  1.25000000    

 *GET  SV        FROM  ELEM       170  ITEM=ETAB SEQV      VALUE= 0.254722459E-04

 PARAMETER EIDV =     171.0000000    

 *GET  XV        FROM  ELEM       171  ITEM=CENT X         VALUE=  50.5000000    

 *GET  YV        FROM  ELEM       171  ITEM=CENT Y         VALUE=  1.25000000    

 *GET  SV        FROM  ELEM       171  ITEM=ETAB SEQV      VALUE= 0.238795601E-04

 PARAMETER EIDV =     172.0000000    

 *GET  XV        FROM  ELEM       172  ITEM=CENT X         VALUE=  51.5000000    

 *GET  YV        FROM  ELEM       172  ITEM=CENT Y         VALUE=  1.25000000    

 *GET  SV        FROM  ELEM       172  ITEM=ETAB SEQV      VALUE= 0.223483029E-04

 PARAMETER EIDV =     173.0000000    

 *GET  XV        FROM  ELEM       173  ITEM=CENT X         VALUE=  52.5000000    

 *GET  YV        FROM  ELEM       173  ITEM=CENT Y         VALUE=  1.25000000    

 *GET  SV        FROM  ELEM       173  ITEM=ETAB SEQV      VALUE= 0.208923773E-04

 PARAMETER EIDV =     174.0000000    

 *GET  XV        FROM  ELEM       174  ITEM=CENT X         VALUE=  53.5000000    

 *GET  YV        FROM  ELEM       174  ITEM=CENT Y         VALUE=  1.25000000    

 *GET  SV        FROM  ELEM       174  ITEM=ETAB SEQV      VALUE= 0.195355166E-04

 PARAMETER EIDV =     175.0000000    

 *GET  XV        FROM  ELEM       175  ITEM=CENT X         VALUE=  54.5000000    

 *GET  YV        FROM  ELEM       175  ITEM=CENT Y         VALUE=  1.25000000    

 *GET  SV        FROM  ELEM       175  ITEM=ETAB SEQV      VALUE= 0.183295591E-04

 PARAMETER EIDV =     176.0000000    

 *GET  XV        FROM  ELEM       176  ITEM=CENT X         VALUE=  55.5000000    

 *GET  YV        FROM  ELEM       176  ITEM=CENT Y         VALUE=  1.25000000    

 *GET  SV        FROM  ELEM       176  ITEM=ETAB SEQV      VALUE= 0.173972305E-04

 PARAMETER EIDV =     177.0000000    

 *GET  XV        FROM  ELEM       177  ITEM=CENT X         VALUE=  56.5000000    

 *GET  YV        FROM  ELEM       177  ITEM=CENT Y         VALUE=  1.25000000    

 *GET  SV        FROM  ELEM       177  ITEM=ETAB SEQV      VALUE= 0.170051221E-04

 PARAMETER EIDV =     178.0000000    

 *GET  XV        FROM  ELEM       178  ITEM=CENT X         VALUE=  57.5000000    

 *GET  YV        FROM  ELEM       178  ITEM=CENT Y         VALUE=  1.25000000    

 *GET  SV        FROM  ELEM       178  ITEM=ETAB SEQV      VALUE= 0.175262245E-04

 PARAMETER EIDV =     179.0000000    

 *GET  XV        FROM  ELEM       179  ITEM=CENT X         VALUE=  58.5000000    

 *GET  YV        FROM  ELEM       179  ITEM=CENT Y         VALUE=  1.25000000    

 *GET  SV        FROM  ELEM       179  ITEM=ETAB SEQV      VALUE= 0.172734982E-04

 PARAMETER EIDV =     180.0000000    

 *GET  XV        FROM  ELEM       180  ITEM=CENT X         VALUE=  59.5000000    

 *GET  YV        FROM  ELEM       180  ITEM=CENT Y         VALUE=  1.25000000    

 *GET  SV        FROM  ELEM       180  ITEM=ETAB SEQV      VALUE= 0.116319876E-04

 PARAMETER EIDV =     181.0000000    

 *GET  XV        FROM  ELEM       181  ITEM=CENT X         VALUE= 0.500000000    

 *GET  YV        FROM  ELEM       181  ITEM=CENT Y         VALUE=  1.75000000    

 *GET  SV        FROM  ELEM       181  ITEM=ETAB SEQV      VALUE= 0.479634737E-03

 PARAMETER EIDV =     182.0000000    

 *GET  XV        FROM  ELEM       182  ITEM=CENT X         VALUE=  1.50000000    

 *GET  YV        FROM  ELEM       182  ITEM=CENT Y         VALUE=  1.75000000    

 *GET  SV        FROM  ELEM       182  ITEM=ETAB SEQV      VALUE= 0.521048467E-03

 PARAMETER EIDV =     183.0000000    

 *GET  XV        FROM  ELEM       183  ITEM=CENT X         VALUE=  2.50000000    

 *GET  YV        FROM  ELEM       183  ITEM=CENT Y         VALUE=  1.75000000    

 *GET  SV        FROM  ELEM       183  ITEM=ETAB SEQV      VALUE= 0.523255476E-03

 PARAMETER EIDV =     184.0000000    

 *GET  XV        FROM  ELEM       184  ITEM=CENT X         VALUE=  3.50000000    

 *GET  YV        FROM  ELEM       184  ITEM=CENT Y         VALUE=  1.75000000    

 *GET  SV        FROM  ELEM       184  ITEM=ETAB SEQV      VALUE= 0.507350600E-03

 PARAMETER EIDV =     185.0000000    

 *GET  XV        FROM  ELEM       185  ITEM=CENT X         VALUE=  4.50000000    

 *GET  YV        FROM  ELEM       185  ITEM=CENT Y         VALUE=  1.75000000    

 *GET  SV        FROM  ELEM       185  ITEM=ETAB SEQV      VALUE= 0.491946859E-03

 PARAMETER EIDV =     186.0000000    

 *GET  XV        FROM  ELEM       186  ITEM=CENT X         VALUE=  5.50000000    

 *GET  YV        FROM  ELEM       186  ITEM=CENT Y         VALUE=  1.75000000    

 *GET  SV        FROM  ELEM       186  ITEM=ETAB SEQV      VALUE= 0.479975664E-03

 PARAMETER EIDV =     187.0000000    

 *GET  XV        FROM  ELEM       187  ITEM=CENT X         VALUE=  6.50000000    

 *GET  YV        FROM  ELEM       187  ITEM=CENT Y         VALUE=  1.75000000    

 *GET  SV        FROM  ELEM       187  ITEM=ETAB SEQV      VALUE= 0.470355164E-03

 PARAMETER EIDV =     188.0000000    

 *GET  XV        FROM  ELEM       188  ITEM=CENT X         VALUE=  7.50000000    

 *GET  YV        FROM  ELEM       188  ITEM=CENT Y         VALUE=  1.75000000    

 *GET  SV        FROM  ELEM       188  ITEM=ETAB SEQV      VALUE= 0.461504848E-03

 PARAMETER EIDV =     189.0000000    

 *GET  XV        FROM  ELEM       189  ITEM=CENT X         VALUE=  8.50000000    

 *GET  YV        FROM  ELEM       189  ITEM=CENT Y         VALUE=  1.75000000    

 *GET  SV        FROM  ELEM       189  ITEM=ETAB SEQV      VALUE= 0.452786372E-03

 PARAMETER EIDV =     190.0000000    

 *GET  XV        FROM  ELEM       190  ITEM=CENT X         VALUE=  9.50000000    

 *GET  YV        FROM  ELEM       190  ITEM=CENT Y         VALUE=  1.75000000    

 *GET  SV        FROM  ELEM       190  ITEM=ETAB SEQV      VALUE= 0.444045202E-03

 PARAMETER EIDV =     191.0000000    

 *GET  XV        FROM  ELEM       191  ITEM=CENT X         VALUE=  10.5000000    

 *GET  YV        FROM  ELEM       191  ITEM=CENT Y         VALUE=  1.75000000    

 *GET  SV        FROM  ELEM       191  ITEM=ETAB SEQV      VALUE= 0.435274911E-03

 PARAMETER EIDV =     192.0000000    

 *GET  XV        FROM  ELEM       192  ITEM=CENT X         VALUE=  11.5000000    

 *GET  YV        FROM  ELEM       192  ITEM=CENT Y         VALUE=  1.75000000    

 *GET  SV        FROM  ELEM       192  ITEM=ETAB SEQV      VALUE= 0.426490836E-03

 PARAMETER EIDV =     193.0000000    

 *GET  XV        FROM  ELEM       193  ITEM=CENT X         VALUE=  12.5000000    

 *GET  YV        FROM  ELEM       193  ITEM=CENT Y         VALUE=  1.75000000    

 *GET  SV        FROM  ELEM       193  ITEM=ETAB SEQV      VALUE= 0.417702501E-03

 PARAMETER EIDV =     194.0000000    

 *GET  XV        FROM  ELEM       194  ITEM=CENT X         VALUE=  13.5000000    

 *GET  YV        FROM  ELEM       194  ITEM=CENT Y         VALUE=  1.75000000    

 *GET  SV        FROM  ELEM       194  ITEM=ETAB SEQV      VALUE= 0.408913512E-03

 PARAMETER EIDV =     195.0000000    

 *GET  XV        FROM  ELEM       195  ITEM=CENT X         VALUE=  14.5000000    

 *GET  YV        FROM  ELEM       195  ITEM=CENT Y         VALUE=  1.75000000    

 *GET  SV        FROM  ELEM       195  ITEM=ETAB SEQV      VALUE= 0.400124742E-03

 PARAMETER EIDV =     196.0000000    

 *GET  XV        FROM  ELEM       196  ITEM=CENT X         VALUE=  15.5000000    

 *GET  YV        FROM  ELEM       196  ITEM=CENT Y         VALUE=  1.75000000    

 *GET  SV        FROM  ELEM       196  ITEM=ETAB SEQV      VALUE= 0.391336270E-03

 PARAMETER EIDV =     197.0000000    

 *GET  XV        FROM  ELEM       197  ITEM=CENT X         VALUE=  16.5000000    

 *GET  YV        FROM  ELEM       197  ITEM=CENT Y         VALUE=  1.75000000    

 *GET  SV        FROM  ELEM       197  ITEM=ETAB SEQV      VALUE= 0.382547997E-03

 PARAMETER EIDV =     198.0000000    

 *GET  XV        FROM  ELEM       198  ITEM=CENT X         VALUE=  17.5000000    

 *GET  YV        FROM  ELEM       198  ITEM=CENT Y         VALUE=  1.75000000    

 *GET  SV        FROM  ELEM       198  ITEM=ETAB SEQV      VALUE= 0.373759897E-03

 PARAMETER EIDV =     199.0000000    

 *GET  XV        FROM  ELEM       199  ITEM=CENT X         VALUE=  18.5000000    

 *GET  YV        FROM  ELEM       199  ITEM=CENT Y         VALUE=  1.75000000    

 *GET  SV        FROM  ELEM       199  ITEM=ETAB SEQV      VALUE= 0.364971937E-03

 PARAMETER EIDV =     200.0000000    

 *GET  XV        FROM  ELEM       200  ITEM=CENT X         VALUE=  19.5000000    

 *GET  YV        FROM  ELEM       200  ITEM=CENT Y         VALUE=  1.75000000    

 *GET  SV        FROM  ELEM       200  ITEM=ETAB SEQV      VALUE= 0.356184162E-03

 PARAMETER EIDV =     201.0000000    

 *GET  XV        FROM  ELEM       201  ITEM=CENT X         VALUE=  20.5000000    

 *GET  YV        FROM  ELEM       201  ITEM=CENT Y         VALUE=  1.75000000    

 *GET  SV        FROM  ELEM       201  ITEM=ETAB SEQV      VALUE= 0.347396529E-03

 PARAMETER EIDV =     202.0000000    

 *GET  XV        FROM  ELEM       202  ITEM=CENT X         VALUE=  21.5000000    

 *GET  YV        FROM  ELEM       202  ITEM=CENT Y         VALUE=  1.75000000    

 *GET  SV        FROM  ELEM       202  ITEM=ETAB SEQV      VALUE= 0.338609108E-03

 PARAMETER EIDV =     203.0000000    

 *GET  XV        FROM  ELEM       203  ITEM=CENT X         VALUE=  22.5000000    

 *GET  YV        FROM  ELEM       203  ITEM=CENT Y         VALUE=  1.75000000    

 *GET  SV        FROM  ELEM       203  ITEM=ETAB SEQV      VALUE= 0.329821868E-03

 PARAMETER EIDV =     204.0000000    

 *GET  XV        FROM  ELEM       204  ITEM=CENT X         VALUE=  23.5000000    

 *GET  YV        FROM  ELEM       204  ITEM=CENT Y         VALUE=  1.75000000    

 *GET  SV        FROM  ELEM       204  ITEM=ETAB SEQV      VALUE= 0.321034852E-03

 PARAMETER EIDV =     205.0000000    

 *GET  XV        FROM  ELEM       205  ITEM=CENT X         VALUE=  24.5000000    

 *GET  YV        FROM  ELEM       205  ITEM=CENT Y         VALUE=  1.75000000    

 *GET  SV        FROM  ELEM       205  ITEM=ETAB SEQV      VALUE= 0.312248068E-03

 PARAMETER EIDV =     206.0000000    

 *GET  XV        FROM  ELEM       206  ITEM=CENT X         VALUE=  25.5000000    

 *GET  YV        FROM  ELEM       206  ITEM=CENT Y         VALUE=  1.75000000    

 *GET  SV        FROM  ELEM       206  ITEM=ETAB SEQV      VALUE= 0.303461542E-03

 PARAMETER EIDV =     207.0000000    

 *GET  XV        FROM  ELEM       207  ITEM=CENT X         VALUE=  26.5000000    

 *GET  YV        FROM  ELEM       207  ITEM=CENT Y         VALUE=  1.75000000    

 *GET  SV        FROM  ELEM       207  ITEM=ETAB SEQV      VALUE= 0.294675287E-03

 PARAMETER EIDV =     208.0000000    

 *GET  XV        FROM  ELEM       208  ITEM=CENT X         VALUE=  27.5000000    

 *GET  YV        FROM  ELEM       208  ITEM=CENT Y         VALUE=  1.75000000    

 *GET  SV        FROM  ELEM       208  ITEM=ETAB SEQV      VALUE= 0.285889343E-03

 PARAMETER EIDV =     209.0000000    

 *GET  XV        FROM  ELEM       209  ITEM=CENT X         VALUE=  28.5000000    

 *GET  YV        FROM  ELEM       209  ITEM=CENT Y         VALUE=  1.75000000    

 *GET  SV        FROM  ELEM       209  ITEM=ETAB SEQV      VALUE= 0.277103731E-03

 PARAMETER EIDV =     210.0000000    

 *GET  XV        FROM  ELEM       210  ITEM=CENT X         VALUE=  29.5000000    

 *GET  YV        FROM  ELEM       210  ITEM=CENT Y         VALUE=  1.75000000    

 *GET  SV        FROM  ELEM       210  ITEM=ETAB SEQV      VALUE= 0.268318489E-03

 PARAMETER EIDV =     211.0000000    

 *GET  XV        FROM  ELEM       211  ITEM=CENT X         VALUE=  30.5000000    

 *GET  YV        FROM  ELEM       211  ITEM=CENT Y         VALUE=  1.75000000    

 *GET  SV        FROM  ELEM       211  ITEM=ETAB SEQV      VALUE= 0.259533637E-03

 PARAMETER EIDV =     212.0000000    

 *GET  XV        FROM  ELEM       212  ITEM=CENT X         VALUE=  31.5000000    

 *GET  YV        FROM  ELEM       212  ITEM=CENT Y         VALUE=  1.75000000    

 *GET  SV        FROM  ELEM       212  ITEM=ETAB SEQV      VALUE= 0.250749238E-03

 PARAMETER EIDV =     213.0000000    

 *GET  XV        FROM  ELEM       213  ITEM=CENT X         VALUE=  32.5000000    

 *GET  YV        FROM  ELEM       213  ITEM=CENT Y         VALUE=  1.75000000    

 *GET  SV        FROM  ELEM       213  ITEM=ETAB SEQV      VALUE= 0.241965328E-03

 PARAMETER EIDV =     214.0000000    

 *GET  XV        FROM  ELEM       214  ITEM=CENT X         VALUE=  33.5000000    

 *GET  YV        FROM  ELEM       214  ITEM=CENT Y         VALUE=  1.75000000    

 *GET  SV        FROM  ELEM       214  ITEM=ETAB SEQV      VALUE= 0.233181970E-03

 PARAMETER EIDV =     215.0000000    

 *GET  XV        FROM  ELEM       215  ITEM=CENT X         VALUE=  34.5000000    

 *GET  YV        FROM  ELEM       215  ITEM=CENT Y         VALUE=  1.75000000    

 *GET  SV        FROM  ELEM       215  ITEM=ETAB SEQV      VALUE= 0.224399225E-03

 PARAMETER EIDV =     216.0000000    

 *GET  XV        FROM  ELEM       216  ITEM=CENT X         VALUE=  35.5000000    

 *GET  YV        FROM  ELEM       216  ITEM=CENT Y         VALUE=  1.75000000    

 *GET  SV        FROM  ELEM       216  ITEM=ETAB SEQV      VALUE= 0.215617170E-03

 PARAMETER EIDV =     217.0000000    

 *GET  XV        FROM  ELEM       217  ITEM=CENT X         VALUE=  36.5000000    

 *GET  YV        FROM  ELEM       217  ITEM=CENT Y         VALUE=  1.75000000    

 *GET  SV        FROM  ELEM       217  ITEM=ETAB SEQV      VALUE= 0.206835884E-03

 PARAMETER EIDV =     218.0000000    

 *GET  XV        FROM  ELEM       218  ITEM=CENT X         VALUE=  37.5000000    

 *GET  YV        FROM  ELEM       218  ITEM=CENT Y         VALUE=  1.75000000    

 *GET  SV        FROM  ELEM       218  ITEM=ETAB SEQV      VALUE= 0.198055482E-03

 PARAMETER EIDV =     219.0000000    

 *GET  XV        FROM  ELEM       219  ITEM=CENT X         VALUE=  38.5000000    

 *GET  YV        FROM  ELEM       219  ITEM=CENT Y         VALUE=  1.75000000    

 *GET  SV        FROM  ELEM       219  ITEM=ETAB SEQV      VALUE= 0.189276076E-03

 PARAMETER EIDV =     220.0000000    

 *GET  XV        FROM  ELEM       220  ITEM=CENT X         VALUE=  39.5000000    

 *GET  YV        FROM  ELEM       220  ITEM=CENT Y         VALUE=  1.75000000    

 *GET  SV        FROM  ELEM       220  ITEM=ETAB SEQV      VALUE= 0.180497823E-03

 PARAMETER EIDV =     221.0000000    

 *GET  XV        FROM  ELEM       221  ITEM=CENT X         VALUE=  40.5000000    

 *GET  YV        FROM  ELEM       221  ITEM=CENT Y         VALUE=  1.75000000    

 *GET  SV        FROM  ELEM       221  ITEM=ETAB SEQV      VALUE= 0.171720894E-03

 PARAMETER EIDV =     222.0000000    

 *GET  XV        FROM  ELEM       222  ITEM=CENT X         VALUE=  41.5000000    

 *GET  YV        FROM  ELEM       222  ITEM=CENT Y         VALUE=  1.75000000    

 *GET  SV        FROM  ELEM       222  ITEM=ETAB SEQV      VALUE= 0.162945500E-03

 PARAMETER EIDV =     223.0000000    

 *GET  XV        FROM  ELEM       223  ITEM=CENT X         VALUE=  42.5000000    

 *GET  YV        FROM  ELEM       223  ITEM=CENT Y         VALUE=  1.75000000    

 *GET  SV        FROM  ELEM       223  ITEM=ETAB SEQV      VALUE= 0.154171902E-03

 PARAMETER EIDV =     224.0000000    

 *GET  XV        FROM  ELEM       224  ITEM=CENT X         VALUE=  43.5000000    

 *GET  YV        FROM  ELEM       224  ITEM=CENT Y         VALUE=  1.75000000    

 *GET  SV        FROM  ELEM       224  ITEM=ETAB SEQV      VALUE= 0.145400432E-03

 PARAMETER EIDV =     225.0000000    

 *GET  XV        FROM  ELEM       225  ITEM=CENT X         VALUE=  44.5000000    

 *GET  YV        FROM  ELEM       225  ITEM=CENT Y         VALUE=  1.75000000    

 *GET  SV        FROM  ELEM       225  ITEM=ETAB SEQV      VALUE= 0.136631499E-03

 PARAMETER EIDV =     226.0000000    

 *GET  XV        FROM  ELEM       226  ITEM=CENT X         VALUE=  45.5000000    

 *GET  YV        FROM  ELEM       226  ITEM=CENT Y         VALUE=  1.75000000    

 *GET  SV        FROM  ELEM       226  ITEM=ETAB SEQV      VALUE= 0.127865610E-03

 PARAMETER EIDV =     227.0000000    

 *GET  XV        FROM  ELEM       227  ITEM=CENT X         VALUE=  46.5000000    

 *GET  YV        FROM  ELEM       227  ITEM=CENT Y         VALUE=  1.75000000    

 *GET  SV        FROM  ELEM       227  ITEM=ETAB SEQV      VALUE= 0.119103438E-03

 PARAMETER EIDV =     228.0000000    

 *GET  XV        FROM  ELEM       228  ITEM=CENT X         VALUE=  47.5000000    

 *GET  YV        FROM  ELEM       228  ITEM=CENT Y         VALUE=  1.75000000    

 *GET  SV        FROM  ELEM       228  ITEM=ETAB SEQV      VALUE= 0.110345862E-03

 PARAMETER EIDV =     229.0000000    

 *GET  XV        FROM  ELEM       229  ITEM=CENT X         VALUE=  48.5000000    

 *GET  YV        FROM  ELEM       229  ITEM=CENT Y         VALUE=  1.75000000    

 *GET  SV        FROM  ELEM       229  ITEM=ETAB SEQV      VALUE= 0.101594109E-03

 PARAMETER EIDV =     230.0000000    

 *GET  XV        FROM  ELEM       230  ITEM=CENT X         VALUE=  49.5000000    

 *GET  YV        FROM  ELEM       230  ITEM=CENT Y         VALUE=  1.75000000    

 *GET  SV        FROM  ELEM       230  ITEM=ETAB SEQV      VALUE= 0.928500299E-04

 PARAMETER EIDV =     231.0000000    

 *GET  XV        FROM  ELEM       231  ITEM=CENT X         VALUE=  50.5000000    

 *GET  YV        FROM  ELEM       231  ITEM=CENT Y         VALUE=  1.75000000    

 *GET  SV        FROM  ELEM       231  ITEM=ETAB SEQV      VALUE= 0.841166843E-04

 PARAMETER EIDV =     232.0000000    

 *GET  XV        FROM  ELEM       232  ITEM=CENT X         VALUE=  51.5000000    

 *GET  YV        FROM  ELEM       232  ITEM=CENT Y         VALUE=  1.75000000    

 *GET  SV        FROM  ELEM       232  ITEM=ETAB SEQV      VALUE= 0.753991235E-04

 PARAMETER EIDV =     233.0000000    

 *GET  XV        FROM  ELEM       233  ITEM=CENT X         VALUE=  52.5000000    

 *GET  YV        FROM  ELEM       233  ITEM=CENT Y         VALUE=  1.75000000    

 *GET  SV        FROM  ELEM       233  ITEM=ETAB SEQV      VALUE= 0.667043586E-04

 PARAMETER EIDV =     234.0000000    

 *GET  XV        FROM  ELEM       234  ITEM=CENT X         VALUE=  53.5000000    

 *GET  YV        FROM  ELEM       234  ITEM=CENT Y         VALUE=  1.75000000    

 *GET  SV        FROM  ELEM       234  ITEM=ETAB SEQV      VALUE= 0.580360218E-04

 PARAMETER EIDV =     235.0000000    

 *GET  XV        FROM  ELEM       235  ITEM=CENT X         VALUE=  54.5000000    

 *GET  YV        FROM  ELEM       235  ITEM=CENT Y         VALUE=  1.75000000    

 *GET  SV        FROM  ELEM       235  ITEM=ETAB SEQV      VALUE= 0.493737309E-04

 PARAMETER EIDV =     236.0000000    

 *GET  XV        FROM  ELEM       236  ITEM=CENT X         VALUE=  55.5000000    

 *GET  YV        FROM  ELEM       236  ITEM=CENT Y         VALUE=  1.75000000    

 *GET  SV        FROM  ELEM       236  ITEM=ETAB SEQV      VALUE= 0.406352482E-04

 PARAMETER EIDV =     237.0000000    

 *GET  XV        FROM  ELEM       237  ITEM=CENT X         VALUE=  56.5000000    

 *GET  YV        FROM  ELEM       237  ITEM=CENT Y         VALUE=  1.75000000    

 *GET  SV        FROM  ELEM       237  ITEM=ETAB SEQV      VALUE= 0.317188596E-04

 PARAMETER EIDV =     238.0000000    

 *GET  XV        FROM  ELEM       238  ITEM=CENT X         VALUE=  57.5000000    

 *GET  YV        FROM  ELEM       238  ITEM=CENT Y         VALUE=  1.75000000    

 *GET  SV        FROM  ELEM       238  ITEM=ETAB SEQV      VALUE= 0.229512388E-04

 PARAMETER EIDV =     239.0000000    

 *GET  XV        FROM  ELEM       239  ITEM=CENT X         VALUE=  58.5000000    

 *GET  YV        FROM  ELEM       239  ITEM=CENT Y         VALUE=  1.75000000    

 *GET  SV        FROM  ELEM       239  ITEM=ETAB SEQV      VALUE= 0.167498173E-04

 PARAMETER EIDV =     240.0000000    

 *GET  XV        FROM  ELEM       240  ITEM=CENT X         VALUE=  59.5000000    

 *GET  YV        FROM  ELEM       240  ITEM=CENT Y         VALUE=  1.75000000    

 *GET  SV        FROM  ELEM       240  ITEM=ETAB SEQV      VALUE= 0.136531140E-04

 PARAMETER EIDV =     241.0000000    

 *GET  XV        FROM  ELEM       241  ITEM=CENT X         VALUE= 0.500000000    

 *GET  YV        FROM  ELEM       241  ITEM=CENT Y         VALUE=  2.25000000    

 *GET  SV        FROM  ELEM       241  ITEM=ETAB SEQV      VALUE= 0.921328423E-03

 PARAMETER EIDV =     242.0000000    

 *GET  XV        FROM  ELEM       242  ITEM=CENT X         VALUE=  1.50000000    

 *GET  YV        FROM  ELEM       242  ITEM=CENT Y         VALUE=  2.25000000    

 *GET  SV        FROM  ELEM       242  ITEM=ETAB SEQV      VALUE= 0.104593639E-02

 PARAMETER EIDV =     243.0000000    

 *GET  XV        FROM  ELEM       243  ITEM=CENT X         VALUE=  2.50000000    

 *GET  YV        FROM  ELEM       243  ITEM=CENT Y         VALUE=  2.25000000    

 *GET  SV        FROM  ELEM       243  ITEM=ETAB SEQV      VALUE= 0.103294221E-02

 PARAMETER EIDV =     244.0000000    

 *GET  XV        FROM  ELEM       244  ITEM=CENT X         VALUE=  3.50000000    

 *GET  YV        FROM  ELEM       244  ITEM=CENT Y         VALUE=  2.25000000    

 *GET  SV        FROM  ELEM       244  ITEM=ETAB SEQV      VALUE= 0.100324842E-02

 PARAMETER EIDV =     245.0000000    

 *GET  XV        FROM  ELEM       245  ITEM=CENT X         VALUE=  4.50000000    

 *GET  YV        FROM  ELEM       245  ITEM=CENT Y         VALUE=  2.25000000    

 *GET  SV        FROM  ELEM       245  ITEM=ETAB SEQV      VALUE= 0.974956023E-03

 PARAMETER EIDV =     246.0000000    

 *GET  XV        FROM  ELEM       246  ITEM=CENT X         VALUE=  5.50000000    

 *GET  YV        FROM  ELEM       246  ITEM=CENT Y         VALUE=  2.25000000    

 *GET  SV        FROM  ELEM       246  ITEM=ETAB SEQV      VALUE= 0.952279054E-03

 PARAMETER EIDV =     247.0000000    

 *GET  XV        FROM  ELEM       247  ITEM=CENT X         VALUE=  6.50000000    

 *GET  YV        FROM  ELEM       247  ITEM=CENT Y         VALUE=  2.25000000    

 *GET  SV        FROM  ELEM       247  ITEM=ETAB SEQV      VALUE= 0.933297990E-03

 PARAMETER EIDV =     248.0000000    

 *GET  XV        FROM  ELEM       248  ITEM=CENT X         VALUE=  7.50000000    

 *GET  YV        FROM  ELEM       248  ITEM=CENT Y         VALUE=  2.25000000    

 *GET  SV        FROM  ELEM       248  ITEM=ETAB SEQV      VALUE= 0.915673009E-03

 PARAMETER EIDV =     249.0000000    

 *GET  XV        FROM  ELEM       249  ITEM=CENT X         VALUE=  8.50000000    

 *GET  YV        FROM  ELEM       249  ITEM=CENT Y         VALUE=  2.25000000    

 *GET  SV        FROM  ELEM       249  ITEM=ETAB SEQV      VALUE= 0.898325354E-03

 PARAMETER EIDV =     250.0000000    

 *GET  XV        FROM  ELEM       250  ITEM=CENT X         VALUE=  9.50000000    

 *GET  YV        FROM  ELEM       250  ITEM=CENT Y         VALUE=  2.25000000    

 *GET  SV        FROM  ELEM       250  ITEM=ETAB SEQV      VALUE= 0.880960115E-03

 PARAMETER EIDV =     251.0000000    

 *GET  XV        FROM  ELEM       251  ITEM=CENT X         VALUE=  10.5000000    

 *GET  YV        FROM  ELEM       251  ITEM=CENT Y         VALUE=  2.25000000    

 *GET  SV        FROM  ELEM       251  ITEM=ETAB SEQV      VALUE= 0.863548705E-03

 PARAMETER EIDV =     252.0000000    

 *GET  XV        FROM  ELEM       252  ITEM=CENT X         VALUE=  11.5000000    

 *GET  YV        FROM  ELEM       252  ITEM=CENT Y         VALUE=  2.25000000    

 *GET  SV        FROM  ELEM       252  ITEM=ETAB SEQV      VALUE= 0.846112997E-03

 PARAMETER EIDV =     253.0000000    

 *GET  XV        FROM  ELEM       253  ITEM=CENT X         VALUE=  12.5000000    

 *GET  YV        FROM  ELEM       253  ITEM=CENT Y         VALUE=  2.25000000    

 *GET  SV        FROM  ELEM       253  ITEM=ETAB SEQV      VALUE= 0.828668949E-03

 PARAMETER EIDV =     254.0000000    

 *GET  XV        FROM  ELEM       254  ITEM=CENT X         VALUE=  13.5000000    

 *GET  YV        FROM  ELEM       254  ITEM=CENT Y         VALUE=  2.25000000    

 *GET  SV        FROM  ELEM       254  ITEM=ETAB SEQV      VALUE= 0.811223269E-03

 PARAMETER EIDV =     255.0000000    

 *GET  XV        FROM  ELEM       255  ITEM=CENT X         VALUE=  14.5000000    

 *GET  YV        FROM  ELEM       255  ITEM=CENT Y         VALUE=  2.25000000    

 *GET  SV        FROM  ELEM       255  ITEM=ETAB SEQV      VALUE= 0.793777758E-03

 PARAMETER EIDV =     256.0000000    

 *GET  XV        FROM  ELEM       256  ITEM=CENT X         VALUE=  15.5000000    

 *GET  YV        FROM  ELEM       256  ITEM=CENT Y         VALUE=  2.25000000    

 *GET  SV        FROM  ELEM       256  ITEM=ETAB SEQV      VALUE= 0.776332477E-03

 PARAMETER EIDV =     257.0000000    

 *GET  XV        FROM  ELEM       257  ITEM=CENT X         VALUE=  16.5000000    

 *GET  YV        FROM  ELEM       257  ITEM=CENT Y         VALUE=  2.25000000    

 *GET  SV        FROM  ELEM       257  ITEM=ETAB SEQV      VALUE= 0.758887366E-03

 PARAMETER EIDV =     258.0000000    

 *GET  XV        FROM  ELEM       258  ITEM=CENT X         VALUE=  17.5000000    

 *GET  YV        FROM  ELEM       258  ITEM=CENT Y         VALUE=  2.25000000    

 *GET  SV        FROM  ELEM       258  ITEM=ETAB SEQV      VALUE= 0.741442370E-03

 PARAMETER EIDV =     259.0000000    

 *GET  XV        FROM  ELEM       259  ITEM=CENT X         VALUE=  18.5000000    

 *GET  YV        FROM  ELEM       259  ITEM=CENT Y         VALUE=  2.25000000    

 *GET  SV        FROM  ELEM       259  ITEM=ETAB SEQV      VALUE= 0.723997347E-03

 PARAMETER EIDV =     260.0000000    

 *GET  XV        FROM  ELEM       260  ITEM=CENT X         VALUE=  19.5000000    

 *GET  YV        FROM  ELEM       260  ITEM=CENT Y         VALUE=  2.25000000    

 *GET  SV        FROM  ELEM       260  ITEM=ETAB SEQV      VALUE= 0.706552363E-03

 PARAMETER EIDV =     261.0000000    

 *GET  XV        FROM  ELEM       261  ITEM=CENT X         VALUE=  20.5000000    

 *GET  YV        FROM  ELEM       261  ITEM=CENT Y         VALUE=  2.25000000    

 *GET  SV        FROM  ELEM       261  ITEM=ETAB SEQV      VALUE= 0.689107383E-03

 PARAMETER EIDV =     262.0000000    

 *GET  XV        FROM  ELEM       262  ITEM=CENT X         VALUE=  21.5000000    

 *GET  YV        FROM  ELEM       262  ITEM=CENT Y         VALUE=  2.25000000    

 *GET  SV        FROM  ELEM       262  ITEM=ETAB SEQV      VALUE= 0.671662423E-03

 PARAMETER EIDV =     263.0000000    

 *GET  XV        FROM  ELEM       263  ITEM=CENT X         VALUE=  22.5000000    

 *GET  YV        FROM  ELEM       263  ITEM=CENT Y         VALUE=  2.25000000    

 *GET  SV        FROM  ELEM       263  ITEM=ETAB SEQV      VALUE= 0.654217499E-03

 PARAMETER EIDV =     264.0000000    

 *GET  XV        FROM  ELEM       264  ITEM=CENT X         VALUE=  23.5000000    

 *GET  YV        FROM  ELEM       264  ITEM=CENT Y         VALUE=  2.25000000    

 *GET  SV        FROM  ELEM       264  ITEM=ETAB SEQV      VALUE= 0.636772599E-03

 PARAMETER EIDV =     265.0000000    

 *GET  XV        FROM  ELEM       265  ITEM=CENT X         VALUE=  24.5000000    

 *GET  YV        FROM  ELEM       265  ITEM=CENT Y         VALUE=  2.25000000    

 *GET  SV        FROM  ELEM       265  ITEM=ETAB SEQV      VALUE= 0.619327709E-03

 PARAMETER EIDV =     266.0000000    

 *GET  XV        FROM  ELEM       266  ITEM=CENT X         VALUE=  25.5000000    

 *GET  YV        FROM  ELEM       266  ITEM=CENT Y         VALUE=  2.25000000    

 *GET  SV        FROM  ELEM       266  ITEM=ETAB SEQV      VALUE= 0.601882848E-03

 PARAMETER EIDV =     267.0000000    

 *GET  XV        FROM  ELEM       267  ITEM=CENT X         VALUE=  26.5000000    

 *GET  YV        FROM  ELEM       267  ITEM=CENT Y         VALUE=  2.25000000    

 *GET  SV        FROM  ELEM       267  ITEM=ETAB SEQV      VALUE= 0.584438031E-03

 PARAMETER EIDV =     268.0000000    

 *GET  XV        FROM  ELEM       268  ITEM=CENT X         VALUE=  27.5000000    

 *GET  YV        FROM  ELEM       268  ITEM=CENT Y         VALUE=  2.25000000    

 *GET  SV        FROM  ELEM       268  ITEM=ETAB SEQV      VALUE= 0.566993247E-03

 PARAMETER EIDV =     269.0000000    

 *GET  XV        FROM  ELEM       269  ITEM=CENT X         VALUE=  28.5000000    

 *GET  YV        FROM  ELEM       269  ITEM=CENT Y         VALUE=  2.25000000    

 *GET  SV        FROM  ELEM       269  ITEM=ETAB SEQV      VALUE= 0.549548485E-03

 PARAMETER EIDV =     270.0000000    

 *GET  XV        FROM  ELEM       270  ITEM=CENT X         VALUE=  29.5000000    

 *GET  YV        FROM  ELEM       270  ITEM=CENT Y         VALUE=  2.25000000    

 *GET  SV        FROM  ELEM       270  ITEM=ETAB SEQV      VALUE= 0.532103762E-03

 PARAMETER EIDV =     271.0000000    

 *GET  XV        FROM  ELEM       271  ITEM=CENT X         VALUE=  30.5000000    

 *GET  YV        FROM  ELEM       271  ITEM=CENT Y         VALUE=  2.25000000    

 *GET  SV        FROM  ELEM       271  ITEM=ETAB SEQV      VALUE= 0.514659098E-03

 PARAMETER EIDV =     272.0000000    

 *GET  XV        FROM  ELEM       272  ITEM=CENT X         VALUE=  31.5000000    

 *GET  YV        FROM  ELEM       272  ITEM=CENT Y         VALUE=  2.25000000    

 *GET  SV        FROM  ELEM       272  ITEM=ETAB SEQV      VALUE= 0.497214482E-03

 PARAMETER EIDV =     273.0000000    

 *GET  XV        FROM  ELEM       273  ITEM=CENT X         VALUE=  32.5000000    

 *GET  YV        FROM  ELEM       273  ITEM=CENT Y         VALUE=  2.25000000    

 *GET  SV        FROM  ELEM       273  ITEM=ETAB SEQV      VALUE= 0.479769905E-03

 PARAMETER EIDV =     274.0000000    

 *GET  XV        FROM  ELEM       274  ITEM=CENT X         VALUE=  33.5000000    

 *GET  YV        FROM  ELEM       274  ITEM=CENT Y         VALUE=  2.25000000    

 *GET  SV        FROM  ELEM       274  ITEM=ETAB SEQV      VALUE= 0.462325394E-03

 PARAMETER EIDV =     275.0000000    

 *GET  XV        FROM  ELEM       275  ITEM=CENT X         VALUE=  34.5000000    

 *GET  YV        FROM  ELEM       275  ITEM=CENT Y         VALUE=  2.25000000    

 *GET  SV        FROM  ELEM       275  ITEM=ETAB SEQV      VALUE= 0.444880951E-03

 PARAMETER EIDV =     276.0000000    

 *GET  XV        FROM  ELEM       276  ITEM=CENT X         VALUE=  35.5000000    

 *GET  YV        FROM  ELEM       276  ITEM=CENT Y         VALUE=  2.25000000    

 *GET  SV        FROM  ELEM       276  ITEM=ETAB SEQV      VALUE= 0.427436597E-03

 PARAMETER EIDV =     277.0000000    

 *GET  XV        FROM  ELEM       277  ITEM=CENT X         VALUE=  36.5000000    

 *GET  YV        FROM  ELEM       277  ITEM=CENT Y         VALUE=  2.25000000    

 *GET  SV        FROM  ELEM       277  ITEM=ETAB SEQV      VALUE= 0.409992305E-03

 PARAMETER EIDV =     278.0000000    

 *GET  XV        FROM  ELEM       278  ITEM=CENT X         VALUE=  37.5000000    

 *GET  YV        FROM  ELEM       278  ITEM=CENT Y         VALUE=  2.25000000    

 *GET  SV        FROM  ELEM       278  ITEM=ETAB SEQV      VALUE= 0.392548109E-03

 PARAMETER EIDV =     279.0000000    

 *GET  XV        FROM  ELEM       279  ITEM=CENT X         VALUE=  38.5000000    

 *GET  YV        FROM  ELEM       279  ITEM=CENT Y         VALUE=  2.25000000    

 *GET  SV        FROM  ELEM       279  ITEM=ETAB SEQV      VALUE= 0.375104036E-03

 PARAMETER EIDV =     280.0000000    

 *GET  XV        FROM  ELEM       280  ITEM=CENT X         VALUE=  39.5000000    

 *GET  YV        FROM  ELEM       280  ITEM=CENT Y         VALUE=  2.25000000    

 *GET  SV        FROM  ELEM       280  ITEM=ETAB SEQV      VALUE= 0.357660077E-03

 PARAMETER EIDV =     281.0000000    

 *GET  XV        FROM  ELEM       281  ITEM=CENT X         VALUE=  40.5000000    

 *GET  YV        FROM  ELEM       281  ITEM=CENT Y         VALUE=  2.25000000    

 *GET  SV        FROM  ELEM       281  ITEM=ETAB SEQV      VALUE= 0.340216266E-03

 PARAMETER EIDV =     282.0000000    

 *GET  XV        FROM  ELEM       282  ITEM=CENT X         VALUE=  41.5000000    

 *GET  YV        FROM  ELEM       282  ITEM=CENT Y         VALUE=  2.25000000    

 *GET  SV        FROM  ELEM       282  ITEM=ETAB SEQV      VALUE= 0.322772622E-03

 PARAMETER EIDV =     283.0000000    

 *GET  XV        FROM  ELEM       283  ITEM=CENT X         VALUE=  42.5000000    

 *GET  YV        FROM  ELEM       283  ITEM=CENT Y         VALUE=  2.25000000    

 *GET  SV        FROM  ELEM       283  ITEM=ETAB SEQV      VALUE= 0.305329175E-03

 PARAMETER EIDV =     284.0000000    

 *GET  XV        FROM  ELEM       284  ITEM=CENT X         VALUE=  43.5000000    

 *GET  YV        FROM  ELEM       284  ITEM=CENT Y         VALUE=  2.25000000    

 *GET  SV        FROM  ELEM       284  ITEM=ETAB SEQV      VALUE= 0.287885959E-03

 PARAMETER EIDV =     285.0000000    

 *GET  XV        FROM  ELEM       285  ITEM=CENT X         VALUE=  44.5000000    

 *GET  YV        FROM  ELEM       285  ITEM=CENT Y         VALUE=  2.25000000    

 *GET  SV        FROM  ELEM       285  ITEM=ETAB SEQV      VALUE= 0.270443018E-03

 PARAMETER EIDV =     286.0000000    

 *GET  XV        FROM  ELEM       286  ITEM=CENT X         VALUE=  45.5000000    

 *GET  YV        FROM  ELEM       286  ITEM=CENT Y         VALUE=  2.25000000    

 *GET  SV        FROM  ELEM       286  ITEM=ETAB SEQV      VALUE= 0.253000399E-03

 PARAMETER EIDV =     287.0000000    

 *GET  XV        FROM  ELEM       287  ITEM=CENT X         VALUE=  46.5000000    

 *GET  YV        FROM  ELEM       287  ITEM=CENT Y         VALUE=  2.25000000    

 *GET  SV        FROM  ELEM       287  ITEM=ETAB SEQV      VALUE= 0.235558156E-03

 PARAMETER EIDV =     288.0000000    

 *GET  XV        FROM  ELEM       288  ITEM=CENT X         VALUE=  47.5000000    

 *GET  YV        FROM  ELEM       288  ITEM=CENT Y         VALUE=  2.25000000    

 *GET  SV        FROM  ELEM       288  ITEM=ETAB SEQV      VALUE= 0.218116391E-03

 PARAMETER EIDV =     289.0000000    

 *GET  XV        FROM  ELEM       289  ITEM=CENT X         VALUE=  48.5000000    

 *GET  YV        FROM  ELEM       289  ITEM=CENT Y         VALUE=  2.25000000    

 *GET  SV        FROM  ELEM       289  ITEM=ETAB SEQV      VALUE= 0.200675292E-03

 PARAMETER EIDV =     290.0000000    

 *GET  XV        FROM  ELEM       290  ITEM=CENT X         VALUE=  49.5000000    

 *GET  YV        FROM  ELEM       290  ITEM=CENT Y         VALUE=  2.25000000    

 *GET  SV        FROM  ELEM       290  ITEM=ETAB SEQV      VALUE= 0.183235536E-03

 PARAMETER EIDV =     291.0000000    

 *GET  XV        FROM  ELEM       291  ITEM=CENT X         VALUE=  50.5000000    

 *GET  YV        FROM  ELEM       291  ITEM=CENT Y         VALUE=  2.25000000    

 *GET  SV        FROM  ELEM       291  ITEM=ETAB SEQV      VALUE= 0.165798817E-03

 PARAMETER EIDV =     292.0000000    

 *GET  XV        FROM  ELEM       292  ITEM=CENT X         VALUE=  51.5000000    

 *GET  YV        FROM  ELEM       292  ITEM=CENT Y         VALUE=  2.25000000    

 *GET  SV        FROM  ELEM       292  ITEM=ETAB SEQV      VALUE= 0.148368364E-03

 PARAMETER EIDV =     293.0000000    

 *GET  XV        FROM  ELEM       293  ITEM=CENT X         VALUE=  52.5000000    

 *GET  YV        FROM  ELEM       293  ITEM=CENT Y         VALUE=  2.25000000    

 *GET  SV        FROM  ELEM       293  ITEM=ETAB SEQV      VALUE= 0.130946433E-03

 PARAMETER EIDV =     294.0000000    

 *GET  XV        FROM  ELEM       294  ITEM=CENT X         VALUE=  53.5000000    

 *GET  YV        FROM  ELEM       294  ITEM=CENT Y         VALUE=  2.25000000    

 *GET  SV        FROM  ELEM       294  ITEM=ETAB SEQV      VALUE= 0.113519227E-03

 PARAMETER EIDV =     295.0000000    

 *GET  XV        FROM  ELEM       295  ITEM=CENT X         VALUE=  54.5000000    

 *GET  YV        FROM  ELEM       295  ITEM=CENT Y         VALUE=  2.25000000    

 *GET  SV        FROM  ELEM       295  ITEM=ETAB SEQV      VALUE= 0.960117808E-04

 PARAMETER EIDV =     296.0000000    

 *GET  XV        FROM  ELEM       296  ITEM=CENT X         VALUE=  55.5000000    

 *GET  YV        FROM  ELEM       296  ITEM=CENT Y         VALUE=  2.25000000    

 *GET  SV        FROM  ELEM       296  ITEM=ETAB SEQV      VALUE= 0.782112189E-04

 PARAMETER EIDV =     297.0000000    

 *GET  XV        FROM  ELEM       297  ITEM=CENT X         VALUE=  56.5000000    

 *GET  YV        FROM  ELEM       297  ITEM=CENT Y         VALUE=  2.25000000    

 *GET  SV        FROM  ELEM       297  ITEM=ETAB SEQV      VALUE= 0.597836829E-04

 PARAMETER EIDV =     298.0000000    

 *GET  XV        FROM  ELEM       298  ITEM=CENT X         VALUE=  57.5000000    

 *GET  YV        FROM  ELEM       298  ITEM=CENT Y         VALUE=  2.25000000    

 *GET  SV        FROM  ELEM       298  ITEM=ETAB SEQV      VALUE= 0.407035437E-04

 PARAMETER EIDV =     299.0000000    

 *GET  XV        FROM  ELEM       299  ITEM=CENT X         VALUE=  58.5000000    

 *GET  YV        FROM  ELEM       299  ITEM=CENT Y         VALUE=  2.25000000    

 *GET  SV        FROM  ELEM       299  ITEM=ETAB SEQV      VALUE= 0.233205880E-04

 PARAMETER EIDV =     300.0000000    

 *GET  XV        FROM  ELEM       300  ITEM=CENT X         VALUE=  59.5000000    

 *GET  YV        FROM  ELEM       300  ITEM=CENT Y         VALUE=  2.25000000    

 *GET  SV        FROM  ELEM       300  ITEM=ETAB SEQV      VALUE= 0.160344665E-04

 PARAMETER EIDV =     301.0000000    

 *GET  XV        FROM  ELEM       301  ITEM=CENT X         VALUE= 0.500000000    

 *GET  YV        FROM  ELEM       301  ITEM=CENT Y         VALUE=  2.75000000    

 *GET  SV        FROM  ELEM       301  ITEM=ETAB SEQV      VALUE= 0.375064016E-03

 PARAMETER EIDV =     302.0000000    

 *GET  XV        FROM  ELEM       302  ITEM=CENT X         VALUE=  1.50000000    

 *GET  YV        FROM  ELEM       302  ITEM=CENT Y         VALUE=  2.75000000    

 *GET  SV        FROM  ELEM       302  ITEM=ETAB SEQV      VALUE= 0.386147209E-03

 PARAMETER EIDV =     303.0000000    

 *GET  XV        FROM  ELEM       303  ITEM=CENT X         VALUE=  2.50000000    

 *GET  YV        FROM  ELEM       303  ITEM=CENT Y         VALUE=  2.75000000    

 *GET  SV        FROM  ELEM       303  ITEM=ETAB SEQV      VALUE= 0.404066702E-03

 PARAMETER EIDV =     304.0000000    

 *GET  XV        FROM  ELEM       304  ITEM=CENT X         VALUE=  3.50000000    

 *GET  YV        FROM  ELEM       304  ITEM=CENT Y         VALUE=  2.75000000    

 *GET  SV        FROM  ELEM       304  ITEM=ETAB SEQV      VALUE= 0.394832573E-03

 PARAMETER EIDV =     305.0000000    

 *GET  XV        FROM  ELEM       305  ITEM=CENT X         VALUE=  4.50000000    

 *GET  YV        FROM  ELEM       305  ITEM=CENT Y         VALUE=  2.75000000    

 *GET  SV        FROM  ELEM       305  ITEM=ETAB SEQV      VALUE= 0.380149409E-03

 PARAMETER EIDV =     306.0000000    

 *GET  XV        FROM  ELEM       306  ITEM=CENT X         VALUE=  5.50000000    

 *GET  YV        FROM  ELEM       306  ITEM=CENT Y         VALUE=  2.75000000    

 *GET  SV        FROM  ELEM       306  ITEM=ETAB SEQV      VALUE= 0.369894490E-03

 PARAMETER EIDV =     307.0000000    

 *GET  XV        FROM  ELEM       307  ITEM=CENT X         VALUE=  6.50000000    

 *GET  YV        FROM  ELEM       307  ITEM=CENT Y         VALUE=  2.75000000    

 *GET  SV        FROM  ELEM       307  ITEM=ETAB SEQV      VALUE= 0.362160656E-03

 PARAMETER EIDV =     308.0000000    

 *GET  XV        FROM  ELEM       308  ITEM=CENT X         VALUE=  7.50000000    

 *GET  YV        FROM  ELEM       308  ITEM=CENT Y         VALUE=  2.75000000    

 *GET  SV        FROM  ELEM       308  ITEM=ETAB SEQV      VALUE= 0.355270296E-03

 PARAMETER EIDV =     309.0000000    

 *GET  XV        FROM  ELEM       309  ITEM=CENT X         VALUE=  8.50000000    

 *GET  YV        FROM  ELEM       309  ITEM=CENT Y         VALUE=  2.75000000    

 *GET  SV        FROM  ELEM       309  ITEM=ETAB SEQV      VALUE= 0.348561809E-03

 PARAMETER EIDV =     310.0000000    

 *GET  XV        FROM  ELEM       310  ITEM=CENT X         VALUE=  9.50000000    

 *GET  YV        FROM  ELEM       310  ITEM=CENT Y         VALUE=  2.75000000    

 *GET  SV        FROM  ELEM       310  ITEM=ETAB SEQV      VALUE= 0.341851564E-03

 PARAMETER EIDV =     311.0000000    

 *GET  XV        FROM  ELEM       311  ITEM=CENT X         VALUE=  10.5000000    

 *GET  YV        FROM  ELEM       311  ITEM=CENT Y         VALUE=  2.75000000    

 *GET  SV        FROM  ELEM       311  ITEM=ETAB SEQV      VALUE= 0.335116103E-03

 PARAMETER EIDV =     312.0000000    

 *GET  XV        FROM  ELEM       312  ITEM=CENT X         VALUE=  11.5000000    

 *GET  YV        FROM  ELEM       312  ITEM=CENT Y         VALUE=  2.75000000    

 *GET  SV        FROM  ELEM       312  ITEM=ETAB SEQV      VALUE= 0.328366142E-03

 PARAMETER EIDV =     313.0000000    

 *GET  XV        FROM  ELEM       313  ITEM=CENT X         VALUE=  12.5000000    

 *GET  YV        FROM  ELEM       313  ITEM=CENT Y         VALUE=  2.75000000    

 *GET  SV        FROM  ELEM       313  ITEM=ETAB SEQV      VALUE= 0.321611131E-03

 PARAMETER EIDV =     314.0000000    

 *GET  XV        FROM  ELEM       314  ITEM=CENT X         VALUE=  13.5000000    

 *GET  YV        FROM  ELEM       314  ITEM=CENT Y         VALUE=  2.75000000    

 *GET  SV        FROM  ELEM       314  ITEM=ETAB SEQV      VALUE= 0.314855230E-03

 PARAMETER EIDV =     315.0000000    

 *GET  XV        FROM  ELEM       315  ITEM=CENT X         VALUE=  14.5000000    

 *GET  YV        FROM  ELEM       315  ITEM=CENT Y         VALUE=  2.75000000    

 *GET  SV        FROM  ELEM       315  ITEM=ETAB SEQV      VALUE= 0.308099681E-03

 PARAMETER EIDV =     316.0000000    

 *GET  XV        FROM  ELEM       316  ITEM=CENT X         VALUE=  15.5000000    

 *GET  YV        FROM  ELEM       316  ITEM=CENT Y         VALUE=  2.75000000    

 *GET  SV        FROM  ELEM       316  ITEM=ETAB SEQV      VALUE= 0.301344642E-03

 PARAMETER EIDV =     317.0000000    

 *GET  XV        FROM  ELEM       317  ITEM=CENT X         VALUE=  16.5000000    

 *GET  YV        FROM  ELEM       317  ITEM=CENT Y         VALUE=  2.75000000    

 *GET  SV        FROM  ELEM       317  ITEM=ETAB SEQV      VALUE= 0.294590098E-03

 PARAMETER EIDV =     318.0000000    

 *GET  XV        FROM  ELEM       318  ITEM=CENT X         VALUE=  17.5000000    

 *GET  YV        FROM  ELEM       318  ITEM=CENT Y         VALUE=  2.75000000    

 *GET  SV        FROM  ELEM       318  ITEM=ETAB SEQV      VALUE= 0.287835981E-03

 PARAMETER EIDV =     319.0000000    

 *GET  XV        FROM  ELEM       319  ITEM=CENT X         VALUE=  18.5000000    

 *GET  YV        FROM  ELEM       319  ITEM=CENT Y         VALUE=  2.75000000    

 *GET  SV        FROM  ELEM       319  ITEM=ETAB SEQV      VALUE= 0.281082306E-03

 PARAMETER EIDV =     320.0000000    

 *GET  XV        FROM  ELEM       320  ITEM=CENT X         VALUE=  19.5000000    

 *GET  YV        FROM  ELEM       320  ITEM=CENT Y         VALUE=  2.75000000    

 *GET  SV        FROM  ELEM       320  ITEM=ETAB SEQV      VALUE= 0.274329108E-03

 PARAMETER EIDV =     321.0000000    

 *GET  XV        FROM  ELEM       321  ITEM=CENT X         VALUE=  20.5000000    

 *GET  YV        FROM  ELEM       321  ITEM=CENT Y         VALUE=  2.75000000    

 *GET  SV        FROM  ELEM       321  ITEM=ETAB SEQV      VALUE= 0.267576414E-03

 PARAMETER EIDV =     322.0000000    

 *GET  XV        FROM  ELEM       322  ITEM=CENT X         VALUE=  21.5000000    

 *GET  YV        FROM  ELEM       322  ITEM=CENT Y         VALUE=  2.75000000    

 *GET  SV        FROM  ELEM       322  ITEM=ETAB SEQV      VALUE= 0.260824269E-03

 PARAMETER EIDV =     323.0000000    

 *GET  XV        FROM  ELEM       323  ITEM=CENT X         VALUE=  22.5000000    

 *GET  YV        FROM  ELEM       323  ITEM=CENT Y         VALUE=  2.75000000    

 *GET  SV        FROM  ELEM       323  ITEM=ETAB SEQV      VALUE= 0.254072719E-03

 PARAMETER EIDV =     324.0000000    

 *GET  XV        FROM  ELEM       324  ITEM=CENT X         VALUE=  23.5000000    

 *GET  YV        FROM  ELEM       324  ITEM=CENT Y         VALUE=  2.75000000    

 *GET  SV        FROM  ELEM       324  ITEM=ETAB SEQV      VALUE= 0.247321803E-03

 PARAMETER EIDV =     325.0000000    

 *GET  XV        FROM  ELEM       325  ITEM=CENT X         VALUE=  24.5000000    

 *GET  YV        FROM  ELEM       325  ITEM=CENT Y         VALUE=  2.75000000    

 *GET  SV        FROM  ELEM       325  ITEM=ETAB SEQV      VALUE= 0.240571578E-03

 PARAMETER EIDV =     326.0000000    

 *GET  XV        FROM  ELEM       326  ITEM=CENT X         VALUE=  25.5000000    

 *GET  YV        FROM  ELEM       326  ITEM=CENT Y         VALUE=  2.75000000    

 *GET  SV        FROM  ELEM       326  ITEM=ETAB SEQV      VALUE= 0.233822107E-03

 PARAMETER EIDV =     327.0000000    

 *GET  XV        FROM  ELEM       327  ITEM=CENT X         VALUE=  26.5000000    

 *GET  YV        FROM  ELEM       327  ITEM=CENT Y         VALUE=  2.75000000    

 *GET  SV        FROM  ELEM       327  ITEM=ETAB SEQV      VALUE= 0.227073456E-03

 PARAMETER EIDV =     328.0000000    

 *GET  XV        FROM  ELEM       328  ITEM=CENT X         VALUE=  27.5000000    

 *GET  YV        FROM  ELEM       328  ITEM=CENT Y         VALUE=  2.75000000    

 *GET  SV        FROM  ELEM       328  ITEM=ETAB SEQV      VALUE= 0.220325700E-03

 PARAMETER EIDV =     329.0000000    

 *GET  XV        FROM  ELEM       329  ITEM=CENT X         VALUE=  28.5000000    

 *GET  YV        FROM  ELEM       329  ITEM=CENT Y         VALUE=  2.75000000    

 *GET  SV        FROM  ELEM       329  ITEM=ETAB SEQV      VALUE= 0.213578923E-03

 PARAMETER EIDV =     330.0000000    

 *GET  XV        FROM  ELEM       330  ITEM=CENT X         VALUE=  29.5000000    

 *GET  YV        FROM  ELEM       330  ITEM=CENT Y         VALUE=  2.75000000    

 *GET  SV        FROM  ELEM       330  ITEM=ETAB SEQV      VALUE= 0.206833223E-03

 PARAMETER EIDV =     331.0000000    

 *GET  XV        FROM  ELEM       331  ITEM=CENT X         VALUE=  30.5000000    

 *GET  YV        FROM  ELEM       331  ITEM=CENT Y         VALUE=  2.75000000    

 *GET  SV        FROM  ELEM       331  ITEM=ETAB SEQV      VALUE= 0.200088707E-03

 PARAMETER EIDV =     332.0000000    

 *GET  XV        FROM  ELEM       332  ITEM=CENT X         VALUE=  31.5000000    

 *GET  YV        FROM  ELEM       332  ITEM=CENT Y         VALUE=  2.75000000    

 *GET  SV        FROM  ELEM       332  ITEM=ETAB SEQV      VALUE= 0.193345500E-03

 PARAMETER EIDV =     333.0000000    

 *GET  XV        FROM  ELEM       333  ITEM=CENT X         VALUE=  32.5000000    

 *GET  YV        FROM  ELEM       333  ITEM=CENT Y         VALUE=  2.75000000    

 *GET  SV        FROM  ELEM       333  ITEM=ETAB SEQV      VALUE= 0.186603744E-03

 PARAMETER EIDV =     334.0000000    

 *GET  XV        FROM  ELEM       334  ITEM=CENT X         VALUE=  33.5000000    

 *GET  YV        FROM  ELEM       334  ITEM=CENT Y         VALUE=  2.75000000    

 *GET  SV        FROM  ELEM       334  ITEM=ETAB SEQV      VALUE= 0.179863616E-03

 PARAMETER EIDV =     335.0000000    

 *GET  XV        FROM  ELEM       335  ITEM=CENT X         VALUE=  34.5000000    

 *GET  YV        FROM  ELEM       335  ITEM=CENT Y         VALUE=  2.75000000    

 *GET  SV        FROM  ELEM       335  ITEM=ETAB SEQV      VALUE= 0.173125275E-03

 PARAMETER EIDV =     336.0000000    

 *GET  XV        FROM  ELEM       336  ITEM=CENT X         VALUE=  35.5000000    

 *GET  YV        FROM  ELEM       336  ITEM=CENT Y         VALUE=  2.75000000    

 *GET  SV        FROM  ELEM       336  ITEM=ETAB SEQV      VALUE= 0.166388956E-03

 PARAMETER EIDV =     337.0000000    

 *GET  XV        FROM  ELEM       337  ITEM=CENT X         VALUE=  36.5000000    

 *GET  YV        FROM  ELEM       337  ITEM=CENT Y         VALUE=  2.75000000    

 *GET  SV        FROM  ELEM       337  ITEM=ETAB SEQV      VALUE= 0.159654914E-03

 PARAMETER EIDV =     338.0000000    

 *GET  XV        FROM  ELEM       338  ITEM=CENT X         VALUE=  37.5000000    

 *GET  YV        FROM  ELEM       338  ITEM=CENT Y         VALUE=  2.75000000    

 *GET  SV        FROM  ELEM       338  ITEM=ETAB SEQV      VALUE= 0.152923450E-03

 PARAMETER EIDV =     339.0000000    

 *GET  XV        FROM  ELEM       339  ITEM=CENT X         VALUE=  38.5000000    

 *GET  YV        FROM  ELEM       339  ITEM=CENT Y         VALUE=  2.75000000    

 *GET  SV        FROM  ELEM       339  ITEM=ETAB SEQV      VALUE= 0.146194919E-03

 PARAMETER EIDV =     340.0000000    

 *GET  XV        FROM  ELEM       340  ITEM=CENT X         VALUE=  39.5000000    

 *GET  YV        FROM  ELEM       340  ITEM=CENT Y         VALUE=  2.75000000    

 *GET  SV        FROM  ELEM       340  ITEM=ETAB SEQV      VALUE= 0.139469747E-03

 PARAMETER EIDV =     341.0000000    

 *GET  XV        FROM  ELEM       341  ITEM=CENT X         VALUE=  40.5000000    

 *GET  YV        FROM  ELEM       341  ITEM=CENT Y         VALUE=  2.75000000    

 *GET  SV        FROM  ELEM       341  ITEM=ETAB SEQV      VALUE= 0.132748444E-03

 PARAMETER EIDV =     342.0000000    

 *GET  XV        FROM  ELEM       342  ITEM=CENT X         VALUE=  41.5000000    

 *GET  YV        FROM  ELEM       342  ITEM=CENT Y         VALUE=  2.75000000    

 *GET  SV        FROM  ELEM       342  ITEM=ETAB SEQV      VALUE= 0.126031630E-03

 PARAMETER EIDV =     343.0000000    

 *GET  XV        FROM  ELEM       343  ITEM=CENT X         VALUE=  42.5000000    

 *GET  YV        FROM  ELEM       343  ITEM=CENT Y         VALUE=  2.75000000    

 *GET  SV        FROM  ELEM       343  ITEM=ETAB SEQV      VALUE= 0.119320061E-03

 PARAMETER EIDV =     344.0000000    

 *GET  XV        FROM  ELEM       344  ITEM=CENT X         VALUE=  43.5000000    

 *GET  YV        FROM  ELEM       344  ITEM=CENT Y         VALUE=  2.75000000    

 *GET  SV        FROM  ELEM       344  ITEM=ETAB SEQV      VALUE= 0.112614683E-03

 PARAMETER EIDV =     345.0000000    

 *GET  XV        FROM  ELEM       345  ITEM=CENT X         VALUE=  44.5000000    

 *GET  YV        FROM  ELEM       345  ITEM=CENT Y         VALUE=  2.75000000    

 *GET  SV        FROM  ELEM       345  ITEM=ETAB SEQV      VALUE= 0.105916655E-03

 PARAMETER EIDV =     346.0000000    

 *GET  XV        FROM  ELEM       346  ITEM=CENT X         VALUE=  45.5000000    

 *GET  YV        FROM  ELEM       346  ITEM=CENT Y         VALUE=  2.75000000    

 *GET  SV        FROM  ELEM       346  ITEM=ETAB SEQV      VALUE= 0.992274672E-04

 PARAMETER EIDV =     347.0000000    

 *GET  XV        FROM  ELEM       347  ITEM=CENT X         VALUE=  46.5000000    

 *GET  YV        FROM  ELEM       347  ITEM=CENT Y         VALUE=  2.75000000    

 *GET  SV        FROM  ELEM       347  ITEM=ETAB SEQV      VALUE= 0.925490394E-04

 PARAMETER EIDV =     348.0000000    

 *GET  XV        FROM  ELEM       348  ITEM=CENT X         VALUE=  47.5000000    

 *GET  YV        FROM  ELEM       348  ITEM=CENT Y         VALUE=  2.75000000    

 *GET  SV        FROM  ELEM       348  ITEM=ETAB SEQV      VALUE= 0.858838732E-04

 PARAMETER EIDV =     349.0000000    

 *GET  XV        FROM  ELEM       349  ITEM=CENT X         VALUE=  48.5000000    

 *GET  YV        FROM  ELEM       349  ITEM=CENT Y         VALUE=  2.75000000    

 *GET  SV        FROM  ELEM       349  ITEM=ETAB SEQV      VALUE= 0.792353695E-04

 PARAMETER EIDV =     350.0000000    

 *GET  XV        FROM  ELEM       350  ITEM=CENT X         VALUE=  49.5000000    

 *GET  YV        FROM  ELEM       350  ITEM=CENT Y         VALUE=  2.75000000    

 *GET  SV        FROM  ELEM       350  ITEM=ETAB SEQV      VALUE= 0.726083107E-04

 PARAMETER EIDV =     351.0000000    

 *GET  XV        FROM  ELEM       351  ITEM=CENT X         VALUE=  50.5000000    

 *GET  YV        FROM  ELEM       351  ITEM=CENT Y         VALUE=  2.75000000    

 *GET  SV        FROM  ELEM       351  ITEM=ETAB SEQV      VALUE= 0.660096400E-04

 PARAMETER EIDV =     352.0000000    

 *GET  XV        FROM  ELEM       352  ITEM=CENT X         VALUE=  51.5000000    

 *GET  YV        FROM  ELEM       352  ITEM=CENT Y         VALUE=  2.75000000    

 *GET  SV        FROM  ELEM       352  ITEM=ETAB SEQV      VALUE= 0.594493856E-04

 PARAMETER EIDV =     353.0000000    

 *GET  XV        FROM  ELEM       353  ITEM=CENT X         VALUE=  52.5000000    

 *GET  YV        FROM  ELEM       353  ITEM=CENT Y         VALUE=  2.75000000    

 *GET  SV        FROM  ELEM       353  ITEM=ETAB SEQV      VALUE= 0.529409819E-04

 PARAMETER EIDV =     354.0000000    

 *GET  XV        FROM  ELEM       354  ITEM=CENT X         VALUE=  53.5000000    

 *GET  YV        FROM  ELEM       354  ITEM=CENT Y         VALUE=  2.75000000    

 *GET  SV        FROM  ELEM       354  ITEM=ETAB SEQV      VALUE= 0.464998376E-04

 PARAMETER EIDV =     355.0000000    

 *GET  XV        FROM  ELEM       355  ITEM=CENT X         VALUE=  54.5000000    

 *GET  YV        FROM  ELEM       355  ITEM=CENT Y         VALUE=  2.75000000    

 *GET  SV        FROM  ELEM       355  ITEM=ETAB SEQV      VALUE= 0.401399140E-04

 PARAMETER EIDV =     356.0000000    

 *GET  XV        FROM  ELEM       356  ITEM=CENT X         VALUE=  55.5000000    

 *GET  YV        FROM  ELEM       356  ITEM=CENT Y         VALUE=  2.75000000    

 *GET  SV        FROM  ELEM       356  ITEM=ETAB SEQV      VALUE= 0.338872205E-04

 PARAMETER EIDV =     357.0000000    

 *GET  XV        FROM  ELEM       357  ITEM=CENT X         VALUE=  56.5000000    

 *GET  YV        FROM  ELEM       357  ITEM=CENT Y         VALUE=  2.75000000    

 *GET  SV        FROM  ELEM       357  ITEM=ETAB SEQV      VALUE= 0.279196831E-04

 PARAMETER EIDV =     358.0000000    

 *GET  XV        FROM  ELEM       358  ITEM=CENT X         VALUE=  57.5000000    

 *GET  YV        FROM  ELEM       358  ITEM=CENT Y         VALUE=  2.75000000    

 *GET  SV        FROM  ELEM       358  ITEM=ETAB SEQV      VALUE= 0.231584692E-04

 PARAMETER EIDV =     359.0000000    

 *GET  XV        FROM  ELEM       359  ITEM=CENT X         VALUE=  58.5000000    

 *GET  YV        FROM  ELEM       359  ITEM=CENT Y         VALUE=  2.75000000    

 *GET  SV        FROM  ELEM       359  ITEM=ETAB SEQV      VALUE= 0.195675142E-04

 PARAMETER EIDV =     360.0000000    

 *GET  XV        FROM  ELEM       360  ITEM=CENT X         VALUE=  59.5000000    

 *GET  YV        FROM  ELEM       360  ITEM=CENT Y         VALUE=  2.75000000    

 *GET  SV        FROM  ELEM       360  ITEM=ETAB SEQV      VALUE= 0.139306274E-04

 PARAMETER EIDV =     361.0000000    

 *GET  XV        FROM  ELEM       361  ITEM=CENT X         VALUE= 0.500000000    

 *GET  YV        FROM  ELEM       361  ITEM=CENT Y         VALUE=  3.25000000    

 *GET  SV        FROM  ELEM       361  ITEM=ETAB SEQV      VALUE= 0.256788879E-03

 PARAMETER EIDV =     362.0000000    

 *GET  XV        FROM  ELEM       362  ITEM=CENT X         VALUE=  1.50000000    

 *GET  YV        FROM  ELEM       362  ITEM=CENT Y         VALUE=  3.25000000    

 *GET  SV        FROM  ELEM       362  ITEM=ETAB SEQV      VALUE= 0.262337488E-03

 PARAMETER EIDV =     363.0000000    

 *GET  XV        FROM  ELEM       363  ITEM=CENT X         VALUE=  2.50000000    

 *GET  YV        FROM  ELEM       363  ITEM=CENT Y         VALUE=  3.25000000    

 *GET  SV        FROM  ELEM       363  ITEM=ETAB SEQV      VALUE= 0.234685878E-03

 PARAMETER EIDV =     364.0000000    

 *GET  XV        FROM  ELEM       364  ITEM=CENT X         VALUE=  3.50000000    

 *GET  YV        FROM  ELEM       364  ITEM=CENT Y         VALUE=  3.25000000    

 *GET  SV        FROM  ELEM       364  ITEM=ETAB SEQV      VALUE= 0.224355166E-03

 PARAMETER EIDV =     365.0000000    

 *GET  XV        FROM  ELEM       365  ITEM=CENT X         VALUE=  4.50000000    

 *GET  YV        FROM  ELEM       365  ITEM=CENT Y         VALUE=  3.25000000    

 *GET  SV        FROM  ELEM       365  ITEM=ETAB SEQV      VALUE= 0.218461904E-03

 PARAMETER EIDV =     366.0000000    

 *GET  XV        FROM  ELEM       366  ITEM=CENT X         VALUE=  5.50000000    

 *GET  YV        FROM  ELEM       366  ITEM=CENT Y         VALUE=  3.25000000    

 *GET  SV        FROM  ELEM       366  ITEM=ETAB SEQV      VALUE= 0.214156141E-03

 PARAMETER EIDV =     367.0000000    

 *GET  XV        FROM  ELEM       367  ITEM=CENT X         VALUE=  6.50000000    

 *GET  YV        FROM  ELEM       367  ITEM=CENT Y         VALUE=  3.25000000    

 *GET  SV        FROM  ELEM       367  ITEM=ETAB SEQV      VALUE= 0.210212660E-03

 PARAMETER EIDV =     368.0000000    

 *GET  XV        FROM  ELEM       368  ITEM=CENT X         VALUE=  7.50000000    

 *GET  YV        FROM  ELEM       368  ITEM=CENT Y         VALUE=  3.25000000    

 *GET  SV        FROM  ELEM       368  ITEM=ETAB SEQV      VALUE= 0.206343353E-03

 PARAMETER EIDV =     369.0000000    

 *GET  XV        FROM  ELEM       369  ITEM=CENT X         VALUE=  8.50000000    

 *GET  YV        FROM  ELEM       369  ITEM=CENT Y         VALUE=  3.25000000    

 *GET  SV        FROM  ELEM       369  ITEM=ETAB SEQV      VALUE= 0.202468764E-03

 PARAMETER EIDV =     370.0000000    

 *GET  XV        FROM  ELEM       370  ITEM=CENT X         VALUE=  9.50000000    

 *GET  YV        FROM  ELEM       370  ITEM=CENT Y         VALUE=  3.25000000    

 *GET  SV        FROM  ELEM       370  ITEM=ETAB SEQV      VALUE= 0.198575294E-03

 PARAMETER EIDV =     371.0000000    

 *GET  XV        FROM  ELEM       371  ITEM=CENT X         VALUE=  10.5000000    

 *GET  YV        FROM  ELEM       371  ITEM=CENT Y         VALUE=  3.25000000    

 *GET  SV        FROM  ELEM       371  ITEM=ETAB SEQV      VALUE= 0.194673048E-03

 PARAMETER EIDV =     372.0000000    

 *GET  XV        FROM  ELEM       372  ITEM=CENT X         VALUE=  11.5000000    

 *GET  YV        FROM  ELEM       372  ITEM=CENT Y         VALUE=  3.25000000    

 *GET  SV        FROM  ELEM       372  ITEM=ETAB SEQV      VALUE= 0.190768508E-03

 PARAMETER EIDV =     373.0000000    

 *GET  XV        FROM  ELEM       373  ITEM=CENT X         VALUE=  12.5000000    

 *GET  YV        FROM  ELEM       373  ITEM=CENT Y         VALUE=  3.25000000    

 *GET  SV        FROM  ELEM       373  ITEM=ETAB SEQV      VALUE= 0.186864113E-03

 PARAMETER EIDV =     374.0000000    

 *GET  XV        FROM  ELEM       374  ITEM=CENT X         VALUE=  13.5000000    

 *GET  YV        FROM  ELEM       374  ITEM=CENT Y         VALUE=  3.25000000    

 *GET  SV        FROM  ELEM       374  ITEM=ETAB SEQV      VALUE= 0.182960431E-03

 PARAMETER EIDV =     375.0000000    

 *GET  XV        FROM  ELEM       375  ITEM=CENT X         VALUE=  14.5000000    

 *GET  YV        FROM  ELEM       375  ITEM=CENT Y         VALUE=  3.25000000    

 *GET  SV        FROM  ELEM       375  ITEM=ETAB SEQV      VALUE= 0.179057537E-03

 PARAMETER EIDV =     376.0000000    

 *GET  XV        FROM  ELEM       376  ITEM=CENT X         VALUE=  15.5000000    

 *GET  YV        FROM  ELEM       376  ITEM=CENT Y         VALUE=  3.25000000    

 *GET  SV        FROM  ELEM       376  ITEM=ETAB SEQV      VALUE= 0.175155413E-03

 PARAMETER EIDV =     377.0000000    

 *GET  XV        FROM  ELEM       377  ITEM=CENT X         VALUE=  16.5000000    

 *GET  YV        FROM  ELEM       377  ITEM=CENT Y         VALUE=  3.25000000    

 *GET  SV        FROM  ELEM       377  ITEM=ETAB SEQV      VALUE= 0.171254080E-03

 PARAMETER EIDV =     378.0000000    

 *GET  XV        FROM  ELEM       378  ITEM=CENT X         VALUE=  17.5000000    

 *GET  YV        FROM  ELEM       378  ITEM=CENT Y         VALUE=  3.25000000    

 *GET  SV        FROM  ELEM       378  ITEM=ETAB SEQV      VALUE= 0.167353561E-03

 PARAMETER EIDV =     379.0000000    

 *GET  XV        FROM  ELEM       379  ITEM=CENT X         VALUE=  18.5000000    

 *GET  YV        FROM  ELEM       379  ITEM=CENT Y         VALUE=  3.25000000    

 *GET  SV        FROM  ELEM       379  ITEM=ETAB SEQV      VALUE= 0.163453923E-03

 PARAMETER EIDV =     380.0000000    

 *GET  XV        FROM  ELEM       380  ITEM=CENT X         VALUE=  19.5000000    

 *GET  YV        FROM  ELEM       380  ITEM=CENT Y         VALUE=  3.25000000    

 *GET  SV        FROM  ELEM       380  ITEM=ETAB SEQV      VALUE= 0.159555225E-03

 PARAMETER EIDV =     381.0000000    

 *GET  XV        FROM  ELEM       381  ITEM=CENT X         VALUE=  20.5000000    

 *GET  YV        FROM  ELEM       381  ITEM=CENT Y         VALUE=  3.25000000    

 *GET  SV        FROM  ELEM       381  ITEM=ETAB SEQV      VALUE= 0.155657538E-03

 PARAMETER EIDV =     382.0000000    

 *GET  XV        FROM  ELEM       382  ITEM=CENT X         VALUE=  21.5000000    

 *GET  YV        FROM  ELEM       382  ITEM=CENT Y         VALUE=  3.25000000    

 *GET  SV        FROM  ELEM       382  ITEM=ETAB SEQV      VALUE= 0.151760944E-03

 PARAMETER EIDV =     383.0000000    

 *GET  XV        FROM  ELEM       383  ITEM=CENT X         VALUE=  22.5000000    

 *GET  YV        FROM  ELEM       383  ITEM=CENT Y         VALUE=  3.25000000    

 *GET  SV        FROM  ELEM       383  ITEM=ETAB SEQV      VALUE= 0.147865524E-03

 PARAMETER EIDV =     384.0000000    

 *GET  XV        FROM  ELEM       384  ITEM=CENT X         VALUE=  23.5000000    

 *GET  YV        FROM  ELEM       384  ITEM=CENT Y         VALUE=  3.25000000    

 *GET  SV        FROM  ELEM       384  ITEM=ETAB SEQV      VALUE= 0.143971382E-03

 PARAMETER EIDV =     385.0000000    

 *GET  XV        FROM  ELEM       385  ITEM=CENT X         VALUE=  24.5000000    

 *GET  YV        FROM  ELEM       385  ITEM=CENT Y         VALUE=  3.25000000    

 *GET  SV        FROM  ELEM       385  ITEM=ETAB SEQV      VALUE= 0.140078618E-03

 PARAMETER EIDV =     386.0000000    

 *GET  XV        FROM  ELEM       386  ITEM=CENT X         VALUE=  25.5000000    

 *GET  YV        FROM  ELEM       386  ITEM=CENT Y         VALUE=  3.25000000    

 *GET  SV        FROM  ELEM       386  ITEM=ETAB SEQV      VALUE= 0.136187346E-03

 PARAMETER EIDV =     387.0000000    

 *GET  XV        FROM  ELEM       387  ITEM=CENT X         VALUE=  26.5000000    

 *GET  YV        FROM  ELEM       387  ITEM=CENT Y         VALUE=  3.25000000    

 *GET  SV        FROM  ELEM       387  ITEM=ETAB SEQV      VALUE= 0.132297709E-03

 PARAMETER EIDV =     388.0000000    

 *GET  XV        FROM  ELEM       388  ITEM=CENT X         VALUE=  27.5000000    

 *GET  YV        FROM  ELEM       388  ITEM=CENT Y         VALUE=  3.25000000    

 *GET  SV        FROM  ELEM       388  ITEM=ETAB SEQV      VALUE= 0.128409847E-03

 PARAMETER EIDV =     389.0000000    

 *GET  XV        FROM  ELEM       389  ITEM=CENT X         VALUE=  28.5000000    

 *GET  YV        FROM  ELEM       389  ITEM=CENT Y         VALUE=  3.25000000    

 *GET  SV        FROM  ELEM       389  ITEM=ETAB SEQV      VALUE= 0.124523925E-03

 PARAMETER EIDV =     390.0000000    

 *GET  XV        FROM  ELEM       390  ITEM=CENT X         VALUE=  29.5000000    

 *GET  YV        FROM  ELEM       390  ITEM=CENT Y         VALUE=  3.25000000    

 *GET  SV        FROM  ELEM       390  ITEM=ETAB SEQV      VALUE= 0.120640140E-03

 PARAMETER EIDV =     391.0000000    

 *GET  XV        FROM  ELEM       391  ITEM=CENT X         VALUE=  30.5000000    

 *GET  YV        FROM  ELEM       391  ITEM=CENT Y         VALUE=  3.25000000    

 *GET  SV        FROM  ELEM       391  ITEM=ETAB SEQV      VALUE= 0.116758692E-03

 PARAMETER EIDV =     392.0000000    

 *GET  XV        FROM  ELEM       392  ITEM=CENT X         VALUE=  31.5000000    

 *GET  YV        FROM  ELEM       392  ITEM=CENT Y         VALUE=  3.25000000    

 *GET  SV        FROM  ELEM       392  ITEM=ETAB SEQV      VALUE= 0.112879839E-03

 PARAMETER EIDV =     393.0000000    

 *GET  XV        FROM  ELEM       393  ITEM=CENT X         VALUE=  32.5000000    

 *GET  YV        FROM  ELEM       393  ITEM=CENT Y         VALUE=  3.25000000    

 *GET  SV        FROM  ELEM       393  ITEM=ETAB SEQV      VALUE= 0.109003845E-03

 PARAMETER EIDV =     394.0000000    

 *GET  XV        FROM  ELEM       394  ITEM=CENT X         VALUE=  33.5000000    

 *GET  YV        FROM  ELEM       394  ITEM=CENT Y         VALUE=  3.25000000    

 *GET  SV        FROM  ELEM       394  ITEM=ETAB SEQV      VALUE= 0.105131024E-03

 PARAMETER EIDV =     395.0000000    

 *GET  XV        FROM  ELEM       395  ITEM=CENT X         VALUE=  34.5000000    

 *GET  YV        FROM  ELEM       395  ITEM=CENT Y         VALUE=  3.25000000    

 *GET  SV        FROM  ELEM       395  ITEM=ETAB SEQV      VALUE= 0.101261753E-03

 PARAMETER EIDV =     396.0000000    

 *GET  XV        FROM  ELEM       396  ITEM=CENT X         VALUE=  35.5000000    

 *GET  YV        FROM  ELEM       396  ITEM=CENT Y         VALUE=  3.25000000    

 *GET  SV        FROM  ELEM       396  ITEM=ETAB SEQV      VALUE= 0.973964481E-04

 PARAMETER EIDV =     397.0000000    

 *GET  XV        FROM  ELEM       397  ITEM=CENT X         VALUE=  36.5000000    

 *GET  YV        FROM  ELEM       397  ITEM=CENT Y         VALUE=  3.25000000    

 *GET  SV        FROM  ELEM       397  ITEM=ETAB SEQV      VALUE= 0.935355960E-04

 PARAMETER EIDV =     398.0000000    

 *GET  XV        FROM  ELEM       398  ITEM=CENT X         VALUE=  37.5000000    

 *GET  YV        FROM  ELEM       398  ITEM=CENT Y         VALUE=  3.25000000    

 *GET  SV        FROM  ELEM       398  ITEM=ETAB SEQV      VALUE= 0.896797739E-04

 PARAMETER EIDV =     399.0000000    

 *GET  XV        FROM  ELEM       399  ITEM=CENT X         VALUE=  38.5000000    

 *GET  YV        FROM  ELEM       399  ITEM=CENT Y         VALUE=  3.25000000    

 *GET  SV        FROM  ELEM       399  ITEM=ETAB SEQV      VALUE= 0.858296704E-04

 PARAMETER EIDV =     400.0000000    

 *GET  XV        FROM  ELEM       400  ITEM=CENT X         VALUE=  39.5000000    

 *GET  YV        FROM  ELEM       400  ITEM=CENT Y         VALUE=  3.25000000    

 *GET  SV        FROM  ELEM       400  ITEM=ETAB SEQV      VALUE= 0.819860827E-04

 PARAMETER EIDV =     401.0000000    

 *GET  XV        FROM  ELEM       401  ITEM=CENT X         VALUE=  40.5000000    

 *GET  YV        FROM  ELEM       401  ITEM=CENT Y         VALUE=  3.25000000    

 *GET  SV        FROM  ELEM       401  ITEM=ETAB SEQV      VALUE= 0.781499641E-04

 PARAMETER EIDV =     402.0000000    

 *GET  XV        FROM  ELEM       402  ITEM=CENT X         VALUE=  41.5000000    

 *GET  YV        FROM  ELEM       402  ITEM=CENT Y         VALUE=  3.25000000    

 *GET  SV        FROM  ELEM       402  ITEM=ETAB SEQV      VALUE= 0.743224876E-04

 PARAMETER EIDV =     403.0000000    

 *GET  XV        FROM  ELEM       403  ITEM=CENT X         VALUE=  42.5000000    

 *GET  YV        FROM  ELEM       403  ITEM=CENT Y         VALUE=  3.25000000    

 *GET  SV        FROM  ELEM       403  ITEM=ETAB SEQV      VALUE= 0.705050493E-04

 PARAMETER EIDV =     404.0000000    

 *GET  XV        FROM  ELEM       404  ITEM=CENT X         VALUE=  43.5000000    

 *GET  YV        FROM  ELEM       404  ITEM=CENT Y         VALUE=  3.25000000    

 *GET  SV        FROM  ELEM       404  ITEM=ETAB SEQV      VALUE= 0.666993759E-04

 PARAMETER EIDV =     405.0000000    

 *GET  XV        FROM  ELEM       405  ITEM=CENT X         VALUE=  44.5000000    

 *GET  YV        FROM  ELEM       405  ITEM=CENT Y         VALUE=  3.25000000    

 *GET  SV        FROM  ELEM       405  ITEM=ETAB SEQV      VALUE= 0.629076087E-04

 PARAMETER EIDV =     406.0000000    

 *GET  XV        FROM  ELEM       406  ITEM=CENT X         VALUE=  45.5000000    

 *GET  YV        FROM  ELEM       406  ITEM=CENT Y         VALUE=  3.25000000    

 *GET  SV        FROM  ELEM       406  ITEM=ETAB SEQV      VALUE= 0.591324145E-04

 PARAMETER EIDV =     407.0000000    

 *GET  XV        FROM  ELEM       407  ITEM=CENT X         VALUE=  46.5000000    

 *GET  YV        FROM  ELEM       407  ITEM=CENT Y         VALUE=  3.25000000    

 *GET  SV        FROM  ELEM       407  ITEM=ETAB SEQV      VALUE= 0.553771921E-04

 PARAMETER EIDV =     408.0000000    

 *GET  XV        FROM  ELEM       408  ITEM=CENT X         VALUE=  47.5000000    

 *GET  YV        FROM  ELEM       408  ITEM=CENT Y         VALUE=  3.25000000    

 *GET  SV        FROM  ELEM       408  ITEM=ETAB SEQV      VALUE= 0.516462921E-04

 PARAMETER EIDV =     409.0000000    

 *GET  XV        FROM  ELEM       409  ITEM=CENT X         VALUE=  48.5000000    

 *GET  YV        FROM  ELEM       409  ITEM=CENT Y         VALUE=  3.25000000    

 *GET  SV        FROM  ELEM       409  ITEM=ETAB SEQV      VALUE= 0.479453560E-04

 PARAMETER EIDV =     410.0000000    

 *GET  XV        FROM  ELEM       410  ITEM=CENT X         VALUE=  49.5000000    

 *GET  YV        FROM  ELEM       410  ITEM=CENT Y         VALUE=  3.25000000    

 *GET  SV        FROM  ELEM       410  ITEM=ETAB SEQV      VALUE= 0.442817517E-04

 PARAMETER EIDV =     411.0000000    

 *GET  XV        FROM  ELEM       411  ITEM=CENT X         VALUE=  50.5000000    

 *GET  YV        FROM  ELEM       411  ITEM=CENT Y         VALUE=  3.25000000    

 *GET  SV        FROM  ELEM       411  ITEM=ETAB SEQV      VALUE= 0.406651513E-04

 PARAMETER EIDV =     412.0000000    

 *GET  XV        FROM  ELEM       412  ITEM=CENT X         VALUE=  51.5000000    

 *GET  YV        FROM  ELEM       412  ITEM=CENT Y         VALUE=  3.25000000    

 *GET  SV        FROM  ELEM       412  ITEM=ETAB SEQV      VALUE= 0.371086085E-04

 PARAMETER EIDV =     413.0000000    

 *GET  XV        FROM  ELEM       413  ITEM=CENT X         VALUE=  52.5000000    

 *GET  YV        FROM  ELEM       413  ITEM=CENT Y         VALUE=  3.25000000    

 *GET  SV        FROM  ELEM       413  ITEM=ETAB SEQV      VALUE= 0.336313501E-04

 PARAMETER EIDV =     414.0000000    

 *GET  XV        FROM  ELEM       414  ITEM=CENT X         VALUE=  53.5000000    

 *GET  YV        FROM  ELEM       414  ITEM=CENT Y         VALUE=  3.25000000    

 *GET  SV        FROM  ELEM       414  ITEM=ETAB SEQV      VALUE= 0.302679296E-04

 PARAMETER EIDV =     415.0000000    

 *GET  XV        FROM  ELEM       415  ITEM=CENT X         VALUE=  54.5000000    

 *GET  YV        FROM  ELEM       415  ITEM=CENT Y         VALUE=  3.25000000    

 *GET  SV        FROM  ELEM       415  ITEM=ETAB SEQV      VALUE= 0.270992409E-04

 PARAMETER EIDV =     416.0000000    

 *GET  XV        FROM  ELEM       416  ITEM=CENT X         VALUE=  55.5000000    

 *GET  YV        FROM  ELEM       416  ITEM=CENT Y         VALUE=  3.25000000    

 *GET  SV        FROM  ELEM       416  ITEM=ETAB SEQV      VALUE= 0.243376495E-04

 PARAMETER EIDV =     417.0000000    

 *GET  XV        FROM  ELEM       417  ITEM=CENT X         VALUE=  56.5000000    

 *GET  YV        FROM  ELEM       417  ITEM=CENT Y         VALUE=  3.25000000    

 *GET  SV        FROM  ELEM       417  ITEM=ETAB SEQV      VALUE= 0.224214214E-04

 PARAMETER EIDV =     418.0000000    

 *GET  XV        FROM  ELEM       418  ITEM=CENT X         VALUE=  57.5000000    

 *GET  YV        FROM  ELEM       418  ITEM=CENT Y         VALUE=  3.25000000    

 *GET  SV        FROM  ELEM       418  ITEM=ETAB SEQV      VALUE= 0.213811944E-04

 PARAMETER EIDV =     419.0000000    

 *GET  XV        FROM  ELEM       419  ITEM=CENT X         VALUE=  58.5000000    

 *GET  YV        FROM  ELEM       419  ITEM=CENT Y         VALUE=  3.25000000    

 *GET  SV        FROM  ELEM       419  ITEM=ETAB SEQV      VALUE= 0.188851377E-04

 PARAMETER EIDV =     420.0000000    

 *GET  XV        FROM  ELEM       420  ITEM=CENT X         VALUE=  59.5000000    

 *GET  YV        FROM  ELEM       420  ITEM=CENT Y         VALUE=  3.25000000    

 *GET  SV        FROM  ELEM       420  ITEM=ETAB SEQV      VALUE= 0.105650423E-04

 PARAMETER EIDV =     421.0000000    

 *GET  XV        FROM  ELEM       421  ITEM=CENT X         VALUE= 0.500000000    

 *GET  YV        FROM  ELEM       421  ITEM=CENT Y         VALUE=  3.75000000    

 *GET  SV        FROM  ELEM       421  ITEM=ETAB SEQV      VALUE= 0.796768607E-03

 PARAMETER EIDV =     422.0000000    

 *GET  XV        FROM  ELEM       422  ITEM=CENT X         VALUE=  1.50000000    

 *GET  YV        FROM  ELEM       422  ITEM=CENT Y         VALUE=  3.75000000    

 *GET  SV        FROM  ELEM       422  ITEM=ETAB SEQV      VALUE= 0.902897933E-03

 PARAMETER EIDV =     423.0000000    

 *GET  XV        FROM  ELEM       423  ITEM=CENT X         VALUE=  2.50000000    

 *GET  YV        FROM  ELEM       423  ITEM=CENT Y         VALUE=  3.75000000    

 *GET  SV        FROM  ELEM       423  ITEM=ETAB SEQV      VALUE= 0.870898156E-03

 PARAMETER EIDV =     424.0000000    

 *GET  XV        FROM  ELEM       424  ITEM=CENT X         VALUE=  3.50000000    

 *GET  YV        FROM  ELEM       424  ITEM=CENT Y         VALUE=  3.75000000    

 *GET  SV        FROM  ELEM       424  ITEM=ETAB SEQV      VALUE= 0.838347679E-03

 PARAMETER EIDV =     425.0000000    

 *GET  XV        FROM  ELEM       425  ITEM=CENT X         VALUE=  4.50000000    

 *GET  YV        FROM  ELEM       425  ITEM=CENT Y         VALUE=  3.75000000    

 *GET  SV        FROM  ELEM       425  ITEM=ETAB SEQV      VALUE= 0.813284405E-03

 PARAMETER EIDV =     426.0000000    

 *GET  XV        FROM  ELEM       426  ITEM=CENT X         VALUE=  5.50000000    

 *GET  YV        FROM  ELEM       426  ITEM=CENT Y         VALUE=  3.75000000    

 *GET  SV        FROM  ELEM       426  ITEM=ETAB SEQV      VALUE= 0.795848605E-03

 PARAMETER EIDV =     427.0000000    

 *GET  XV        FROM  ELEM       427  ITEM=CENT X         VALUE=  6.50000000    

 *GET  YV        FROM  ELEM       427  ITEM=CENT Y         VALUE=  3.75000000    

 *GET  SV        FROM  ELEM       427  ITEM=ETAB SEQV      VALUE= 0.780850287E-03

 PARAMETER EIDV =     428.0000000    

 *GET  XV        FROM  ELEM       428  ITEM=CENT X         VALUE=  7.50000000    

 *GET  YV        FROM  ELEM       428  ITEM=CENT Y         VALUE=  3.75000000    

 *GET  SV        FROM  ELEM       428  ITEM=ETAB SEQV      VALUE= 0.766389109E-03

 PARAMETER EIDV =     429.0000000    

 *GET  XV        FROM  ELEM       429  ITEM=CENT X         VALUE=  8.50000000    

 *GET  YV        FROM  ELEM       429  ITEM=CENT Y         VALUE=  3.75000000    

 *GET  SV        FROM  ELEM       429  ITEM=ETAB SEQV      VALUE= 0.751918959E-03

 PARAMETER EIDV =     430.0000000    

 *GET  XV        FROM  ELEM       430  ITEM=CENT X         VALUE=  9.50000000    

 *GET  YV        FROM  ELEM       430  ITEM=CENT Y         VALUE=  3.75000000    

 *GET  SV        FROM  ELEM       430  ITEM=ETAB SEQV      VALUE= 0.737378257E-03

 PARAMETER EIDV =     431.0000000    

 *GET  XV        FROM  ELEM       431  ITEM=CENT X         VALUE=  10.5000000    

 *GET  YV        FROM  ELEM       431  ITEM=CENT Y         VALUE=  3.75000000    

 *GET  SV        FROM  ELEM       431  ITEM=ETAB SEQV      VALUE= 0.722795916E-03

 PARAMETER EIDV =     432.0000000    

 *GET  XV        FROM  ELEM       432  ITEM=CENT X         VALUE=  11.5000000    

 *GET  YV        FROM  ELEM       432  ITEM=CENT Y         VALUE=  3.75000000    

 *GET  SV        FROM  ELEM       432  ITEM=ETAB SEQV      VALUE= 0.708198553E-03

 PARAMETER EIDV =     433.0000000    

 *GET  XV        FROM  ELEM       433  ITEM=CENT X         VALUE=  12.5000000    

 *GET  YV        FROM  ELEM       433  ITEM=CENT Y         VALUE=  3.75000000    

 *GET  SV        FROM  ELEM       433  ITEM=ETAB SEQV      VALUE= 0.693597880E-03

 PARAMETER EIDV =     434.0000000    

 *GET  XV        FROM  ELEM       434  ITEM=CENT X         VALUE=  13.5000000    

 *GET  YV        FROM  ELEM       434  ITEM=CENT Y         VALUE=  3.75000000    

 *GET  SV        FROM  ELEM       434  ITEM=ETAB SEQV      VALUE= 0.678997179E-03

 PARAMETER EIDV =     435.0000000    

 *GET  XV        FROM  ELEM       435  ITEM=CENT X         VALUE=  14.5000000    

 *GET  YV        FROM  ELEM       435  ITEM=CENT Y         VALUE=  3.75000000    

 *GET  SV        FROM  ELEM       435  ITEM=ETAB SEQV      VALUE= 0.664396954E-03

 PARAMETER EIDV =     436.0000000    

 *GET  XV        FROM  ELEM       436  ITEM=CENT X         VALUE=  15.5000000    

 *GET  YV        FROM  ELEM       436  ITEM=CENT Y         VALUE=  3.75000000    

 *GET  SV        FROM  ELEM       436  ITEM=ETAB SEQV      VALUE= 0.649797058E-03

 PARAMETER EIDV =     437.0000000    

 *GET  XV        FROM  ELEM       437  ITEM=CENT X         VALUE=  16.5000000    

 *GET  YV        FROM  ELEM       437  ITEM=CENT Y         VALUE=  3.75000000    

 *GET  SV        FROM  ELEM       437  ITEM=ETAB SEQV      VALUE= 0.635197290E-03

 PARAMETER EIDV =     438.0000000    

 *GET  XV        FROM  ELEM       438  ITEM=CENT X         VALUE=  17.5000000    

 *GET  YV        FROM  ELEM       438  ITEM=CENT Y         VALUE=  3.75000000    

 *GET  SV        FROM  ELEM       438  ITEM=ETAB SEQV      VALUE= 0.620597602E-03

 PARAMETER EIDV =     439.0000000    

 *GET  XV        FROM  ELEM       439  ITEM=CENT X         VALUE=  18.5000000    

 *GET  YV        FROM  ELEM       439  ITEM=CENT Y         VALUE=  3.75000000    

 *GET  SV        FROM  ELEM       439  ITEM=ETAB SEQV      VALUE= 0.605997976E-03

 PARAMETER EIDV =     440.0000000    

 *GET  XV        FROM  ELEM       440  ITEM=CENT X         VALUE=  19.5000000    

 *GET  YV        FROM  ELEM       440  ITEM=CENT Y         VALUE=  3.75000000    

 *GET  SV        FROM  ELEM       440  ITEM=ETAB SEQV      VALUE= 0.591398424E-03

 PARAMETER EIDV =     441.0000000    

 *GET  XV        FROM  ELEM       441  ITEM=CENT X         VALUE=  20.5000000    

 *GET  YV        FROM  ELEM       441  ITEM=CENT Y         VALUE=  3.75000000    

 *GET  SV        FROM  ELEM       441  ITEM=ETAB SEQV      VALUE= 0.576798944E-03

 PARAMETER EIDV =     442.0000000    

 *GET  XV        FROM  ELEM       442  ITEM=CENT X         VALUE=  21.5000000    

 *GET  YV        FROM  ELEM       442  ITEM=CENT Y         VALUE=  3.75000000    

 *GET  SV        FROM  ELEM       442  ITEM=ETAB SEQV      VALUE= 0.562199542E-03

 PARAMETER EIDV =     443.0000000    

 *GET  XV        FROM  ELEM       443  ITEM=CENT X         VALUE=  22.5000000    

 *GET  YV        FROM  ELEM       443  ITEM=CENT Y         VALUE=  3.75000000    

 *GET  SV        FROM  ELEM       443  ITEM=ETAB SEQV      VALUE= 0.547600216E-03

 PARAMETER EIDV =     444.0000000    

 *GET  XV        FROM  ELEM       444  ITEM=CENT X         VALUE=  23.5000000    

 *GET  YV        FROM  ELEM       444  ITEM=CENT Y         VALUE=  3.75000000    

 *GET  SV        FROM  ELEM       444  ITEM=ETAB SEQV      VALUE= 0.533000951E-03

 PARAMETER EIDV =     445.0000000    

 *GET  XV        FROM  ELEM       445  ITEM=CENT X         VALUE=  24.5000000    

 *GET  YV        FROM  ELEM       445  ITEM=CENT Y         VALUE=  3.75000000    

 *GET  SV        FROM  ELEM       445  ITEM=ETAB SEQV      VALUE= 0.518401820E-03

 PARAMETER EIDV =     446.0000000    

 *GET  XV        FROM  ELEM       446  ITEM=CENT X         VALUE=  25.5000000    

 *GET  YV        FROM  ELEM       446  ITEM=CENT Y         VALUE=  3.75000000    

 *GET  SV        FROM  ELEM       446  ITEM=ETAB SEQV      VALUE= 0.503802796E-03

 PARAMETER EIDV =     447.0000000    

 *GET  XV        FROM  ELEM       447  ITEM=CENT X         VALUE=  26.5000000    

 *GET  YV        FROM  ELEM       447  ITEM=CENT Y         VALUE=  3.75000000    

 *GET  SV        FROM  ELEM       447  ITEM=ETAB SEQV      VALUE= 0.489203881E-03

 PARAMETER EIDV =     448.0000000    

 *GET  XV        FROM  ELEM       448  ITEM=CENT X         VALUE=  27.5000000    

 *GET  YV        FROM  ELEM       448  ITEM=CENT Y         VALUE=  3.75000000    

 *GET  SV        FROM  ELEM       448  ITEM=ETAB SEQV      VALUE= 0.474605093E-03

 PARAMETER EIDV =     449.0000000    

 *GET  XV        FROM  ELEM       449  ITEM=CENT X         VALUE=  28.5000000    

 *GET  YV        FROM  ELEM       449  ITEM=CENT Y         VALUE=  3.75000000    

 *GET  SV        FROM  ELEM       449  ITEM=ETAB SEQV      VALUE= 0.460006451E-03

 PARAMETER EIDV =     450.0000000    

 *GET  XV        FROM  ELEM       450  ITEM=CENT X         VALUE=  29.5000000    

 *GET  YV        FROM  ELEM       450  ITEM=CENT Y         VALUE=  3.75000000    

 *GET  SV        FROM  ELEM       450  ITEM=ETAB SEQV      VALUE= 0.445407962E-03

 PARAMETER EIDV =     451.0000000    

 *GET  XV        FROM  ELEM       451  ITEM=CENT X         VALUE=  30.5000000    

 *GET  YV        FROM  ELEM       451  ITEM=CENT Y         VALUE=  3.75000000    

 *GET  SV        FROM  ELEM       451  ITEM=ETAB SEQV      VALUE= 0.430809611E-03

 PARAMETER EIDV =     452.0000000    

 *GET  XV        FROM  ELEM       452  ITEM=CENT X         VALUE=  31.5000000    

 *GET  YV        FROM  ELEM       452  ITEM=CENT Y         VALUE=  3.75000000    

 *GET  SV        FROM  ELEM       452  ITEM=ETAB SEQV      VALUE= 0.416211469E-03

 PARAMETER EIDV =     453.0000000    

 *GET  XV        FROM  ELEM       453  ITEM=CENT X         VALUE=  32.5000000    

 *GET  YV        FROM  ELEM       453  ITEM=CENT Y         VALUE=  3.75000000    

 *GET  SV        FROM  ELEM       453  ITEM=ETAB SEQV      VALUE= 0.401613532E-03

 PARAMETER EIDV =     454.0000000    

 *GET  XV        FROM  ELEM       454  ITEM=CENT X         VALUE=  33.5000000    

 *GET  YV        FROM  ELEM       454  ITEM=CENT Y         VALUE=  3.75000000    

 *GET  SV        FROM  ELEM       454  ITEM=ETAB SEQV      VALUE= 0.387015832E-03

 PARAMETER EIDV =     455.0000000    

 *GET  XV        FROM  ELEM       455  ITEM=CENT X         VALUE=  34.5000000    

 *GET  YV        FROM  ELEM       455  ITEM=CENT Y         VALUE=  3.75000000    

 *GET  SV        FROM  ELEM       455  ITEM=ETAB SEQV      VALUE= 0.372418381E-03

 PARAMETER EIDV =     456.0000000    

 *GET  XV        FROM  ELEM       456  ITEM=CENT X         VALUE=  35.5000000    

 *GET  YV        FROM  ELEM       456  ITEM=CENT Y         VALUE=  3.75000000    

 *GET  SV        FROM  ELEM       456  ITEM=ETAB SEQV      VALUE= 0.357821225E-03

 PARAMETER EIDV =     457.0000000    

 *GET  XV        FROM  ELEM       457  ITEM=CENT X         VALUE=  36.5000000    

 *GET  YV        FROM  ELEM       457  ITEM=CENT Y         VALUE=  3.75000000    

 *GET  SV        FROM  ELEM       457  ITEM=ETAB SEQV      VALUE= 0.343224372E-03

 PARAMETER EIDV =     458.0000000    

 *GET  XV        FROM  ELEM       458  ITEM=CENT X         VALUE=  37.5000000    

 *GET  YV        FROM  ELEM       458  ITEM=CENT Y         VALUE=  3.75000000    

 *GET  SV        FROM  ELEM       458  ITEM=ETAB SEQV      VALUE= 0.328627908E-03

 PARAMETER EIDV =     459.0000000    

 *GET  XV        FROM  ELEM       459  ITEM=CENT X         VALUE=  38.5000000    

 *GET  YV        FROM  ELEM       459  ITEM=CENT Y         VALUE=  3.75000000    

 *GET  SV        FROM  ELEM       459  ITEM=ETAB SEQV      VALUE= 0.314031856E-03

 PARAMETER EIDV =     460.0000000    

 *GET  XV        FROM  ELEM       460  ITEM=CENT X         VALUE=  39.5000000    

 *GET  YV        FROM  ELEM       460  ITEM=CENT Y         VALUE=  3.75000000    

 *GET  SV        FROM  ELEM       460  ITEM=ETAB SEQV      VALUE= 0.299436284E-03

 PARAMETER EIDV =     461.0000000    

 *GET  XV        FROM  ELEM       461  ITEM=CENT X         VALUE=  40.5000000    

 *GET  YV        FROM  ELEM       461  ITEM=CENT Y         VALUE=  3.75000000    

 *GET  SV        FROM  ELEM       461  ITEM=ETAB SEQV      VALUE= 0.284841259E-03

 PARAMETER EIDV =     462.0000000    

 *GET  XV        FROM  ELEM       462  ITEM=CENT X         VALUE=  41.5000000    

 *GET  YV        FROM  ELEM       462  ITEM=CENT Y         VALUE=  3.75000000    

 *GET  SV        FROM  ELEM       462  ITEM=ETAB SEQV      VALUE= 0.270246892E-03

 PARAMETER EIDV =     463.0000000    

 *GET  XV        FROM  ELEM       463  ITEM=CENT X         VALUE=  42.5000000    

 *GET  YV        FROM  ELEM       463  ITEM=CENT Y         VALUE=  3.75000000    

 *GET  SV        FROM  ELEM       463  ITEM=ETAB SEQV      VALUE= 0.255653275E-03

 PARAMETER EIDV =     464.0000000    

 *GET  XV        FROM  ELEM       464  ITEM=CENT X         VALUE=  43.5000000    

 *GET  YV        FROM  ELEM       464  ITEM=CENT Y         VALUE=  3.75000000    

 *GET  SV        FROM  ELEM       464  ITEM=ETAB SEQV      VALUE= 0.241060543E-03

 PARAMETER EIDV =     465.0000000    

 *GET  XV        FROM  ELEM       465  ITEM=CENT X         VALUE=  44.5000000    

 *GET  YV        FROM  ELEM       465  ITEM=CENT Y         VALUE=  3.75000000    

 *GET  SV        FROM  ELEM       465  ITEM=ETAB SEQV      VALUE= 0.226468873E-03

 PARAMETER EIDV =     466.0000000    

 *GET  XV        FROM  ELEM       466  ITEM=CENT X         VALUE=  45.5000000    

 *GET  YV        FROM  ELEM       466  ITEM=CENT Y         VALUE=  3.75000000    

 *GET  SV        FROM  ELEM       466  ITEM=ETAB SEQV      VALUE= 0.211878494E-03

 PARAMETER EIDV =     467.0000000    

 *GET  XV        FROM  ELEM       467  ITEM=CENT X         VALUE=  46.5000000    

 *GET  YV        FROM  ELEM       467  ITEM=CENT Y         VALUE=  3.75000000    

 *GET  SV        FROM  ELEM       467  ITEM=ETAB SEQV      VALUE= 0.197289644E-03

 PARAMETER EIDV =     468.0000000    

 *GET  XV        FROM  ELEM       468  ITEM=CENT X         VALUE=  47.5000000    

 *GET  YV        FROM  ELEM       468  ITEM=CENT Y         VALUE=  3.75000000    

 *GET  SV        FROM  ELEM       468  ITEM=ETAB SEQV      VALUE= 0.182702701E-03

 PARAMETER EIDV =     469.0000000    

 *GET  XV        FROM  ELEM       469  ITEM=CENT X         VALUE=  48.5000000    

 *GET  YV        FROM  ELEM       469  ITEM=CENT Y         VALUE=  3.75000000    

 *GET  SV        FROM  ELEM       469  ITEM=ETAB SEQV      VALUE= 0.168118146E-03

 PARAMETER EIDV =     470.0000000    

 *GET  XV        FROM  ELEM       470  ITEM=CENT X         VALUE=  49.5000000    

 *GET  YV        FROM  ELEM       470  ITEM=CENT Y         VALUE=  3.75000000    

 *GET  SV        FROM  ELEM       470  ITEM=ETAB SEQV      VALUE= 0.153536851E-03

 PARAMETER EIDV =     471.0000000    

 *GET  XV        FROM  ELEM       471  ITEM=CENT X         VALUE=  50.5000000    

 *GET  YV        FROM  ELEM       471  ITEM=CENT Y         VALUE=  3.75000000    

 *GET  SV        FROM  ELEM       471  ITEM=ETAB SEQV      VALUE= 0.138960630E-03

 PARAMETER EIDV =     472.0000000    

 *GET  XV        FROM  ELEM       472  ITEM=CENT X         VALUE=  51.5000000    

 *GET  YV        FROM  ELEM       472  ITEM=CENT Y         VALUE=  3.75000000    

 *GET  SV        FROM  ELEM       472  ITEM=ETAB SEQV      VALUE= 0.124393280E-03

 PARAMETER EIDV =     473.0000000    

 *GET  XV        FROM  ELEM       473  ITEM=CENT X         VALUE=  52.5000000    

 *GET  YV        FROM  ELEM       473  ITEM=CENT Y         VALUE=  3.75000000    

 *GET  SV        FROM  ELEM       473  ITEM=ETAB SEQV      VALUE= 0.109841387E-03

 PARAMETER EIDV =     474.0000000    

 *GET  XV        FROM  ELEM       474  ITEM=CENT X         VALUE=  53.5000000    

 *GET  YV        FROM  ELEM       474  ITEM=CENT Y         VALUE=  3.75000000    

 *GET  SV        FROM  ELEM       474  ITEM=ETAB SEQV      VALUE= 0.953102243E-04

 PARAMETER EIDV =     475.0000000    

 *GET  XV        FROM  ELEM       475  ITEM=CENT X         VALUE=  54.5000000    

 *GET  YV        FROM  ELEM       475  ITEM=CENT Y         VALUE=  3.75000000    

 *GET  SV        FROM  ELEM       475  ITEM=ETAB SEQV      VALUE= 0.807813869E-04

 PARAMETER EIDV =     476.0000000    

 *GET  XV        FROM  ELEM       476  ITEM=CENT X         VALUE=  55.5000000    

 *GET  YV        FROM  ELEM       476  ITEM=CENT Y         VALUE=  3.75000000    

 *GET  SV        FROM  ELEM       476  ITEM=ETAB SEQV      VALUE= 0.661422981E-04

 PARAMETER EIDV =     477.0000000    

 *GET  XV        FROM  ELEM       477  ITEM=CENT X         VALUE=  56.5000000    

 *GET  YV        FROM  ELEM       477  ITEM=CENT Y         VALUE=  3.75000000    

 *GET  SV        FROM  ELEM       477  ITEM=ETAB SEQV      VALUE= 0.510574857E-04

 PARAMETER EIDV =     478.0000000    

 *GET  XV        FROM  ELEM       478  ITEM=CENT X         VALUE=  57.5000000    

 *GET  YV        FROM  ELEM       478  ITEM=CENT Y         VALUE=  3.75000000    

 *GET  SV        FROM  ELEM       478  ITEM=ETAB SEQV      VALUE= 0.351610867E-04

 PARAMETER EIDV =     479.0000000    

 *GET  XV        FROM  ELEM       479  ITEM=CENT X         VALUE=  58.5000000    

 *GET  YV        FROM  ELEM       479  ITEM=CENT Y         VALUE=  3.75000000    

 *GET  SV        FROM  ELEM       479  ITEM=ETAB SEQV      VALUE= 0.191982840E-04

 PARAMETER EIDV =     480.0000000    

 *GET  XV        FROM  ELEM       480  ITEM=CENT X         VALUE=  59.5000000    

 *GET  YV        FROM  ELEM       480  ITEM=CENT Y         VALUE=  3.75000000    

 *GET  SV        FROM  ELEM       480  ITEM=ETAB SEQV      VALUE= 0.570575236E-05

  COMMAND FILE CLOSED 


 EXIT THE MAPDL POST1 DATABASE PROCESSOR


 ***** ROUTINE COMPLETED *****  ELAPSED TIME =       160.365



 EXIT MAPDL WITHOUT SAVING DATABASE


 NUMBER OF WARNING MESSAGES ENCOUNTERED=          3
 NUMBER OF ERROR   MESSAGES ENCOUNTERED=          0

+--------------------- M A P D L   S T A T I S T I C S ------------------------+

Release: 2026 R1            Build: 26.1       Update: UP20260202   Platform: WINDOWS x64 
Date Run: 09/14/2026   Time: 20:30     Process ID: 17792
Operating System: Windows 11  (Build: 26200)

Processor Model: AMD Ryzen 7 7435HS

Compiler: Intel(R) Fortran Compiler Classic Version 2021.9  (Build: 20230302)
          Intel(R) C/C++ Compiler Classic Version 2021.9  (Build: 20230302)
          AOCL-BLAS 5.1.1 Build 20251008
          Intel(R) oneAPI Math Kernel Library Version 2024.2.3-Product Build 20250403

Number of machines requested            :    1
Total number of cores available         :   16
Number of physical cores available      :    8
Number of processes requested           :    1
Number of threads per process requested :    1
Total number of cores requested         :    1 (Shared Memory Parallel)                    

GPU Acceleration: Not Requested

Job Name: stage10_structural
Input File: C:\Users\asus\AppData\Local\Temp\FDM_stage10_structural_mesh_fine_qw5i7f9u\input.dat
Working Directory: C:\Users\asus\AppData\Local\Temp\FDM_stage10_structural_mesh_fine_qw5i7f9u

Total CPU time for main thread                    :      150.5 seconds
Total CPU time summed for all threads             :      150.3 seconds

Elapsed time spent obtaining a license            :        1.8 seconds
Elapsed time spent pre-processing model (/PREP7)  :        0.1 seconds
Elapsed time spent solution - preprocessing       :        0.0 seconds
Elapsed time spent computing solution             :      153.6 seconds
   Elapsed time in element formation & assembly   :       96.6 seconds
   Elapsed time in equation solver                :        2.0 seconds
   Elapsed time in element result calculations    :       47.4 seconds
Elapsed time spent solution - postprocessing      :        0.0 seconds
Elapsed time spent post-processing model (/POST1) :        0.1 seconds
 
Equation solver used                              :            Sparse (symmetric)

Sum of disk space used on all processes           :        8.0 MB

Sum of memory used on all processes               :       44.0 MB
Sum of memory allocated on all processes          :     2304.0 MB
Physical memory available                         :         16 GB
Total amount of I/O written to disk               :        8.0 GB
Total amount of I/O read from disk                :       10.3 GB

+------------------ E N D   M A P D L   S T A T I S T I C S -------------------+


 *-----------------------------------------------------------------------------*
 |                                                                             |
 |                               RUN COMPLETED                                 |
 |                                                                             |
 |-----------------------------------------------------------------------------|
 |                                                                             |
 |  Ansys MAPDL 2026 R1         Build 26.1         UP20260202    WINDOWS x64   |
 |                                                                             |
 |-----------------------------------------------------------------------------|
 |                                                                             |
 |  Database Requested(-db)     1024 MB     Scratch Memory Requested   1024 MB |
 |  Max Database Used(Master)      2 MB     Max Scratch Used(Master)     42 MB |
 |  Max Database Used(Workers)     0 MB     Max Scratch Used(Workers)     0 MB |
 |  Sum Database Used(All)         2 MB     Sum Scratch Used(All)        42 MB |
 |                                                                             |
 |-----------------------------------------------------------------------------|
 |                                                                             |
 |        CP Time      (sec) =        150.344       Time  =  20:30:24          |
 |        Elapsed Time (sec) =        171.266       Date  =  09/14/2026        |
 |                                                                             |
 *-----------------------------------------------------------------------------*
